cod_ibge,municipio,tributo,modelo,target_year,pred_annual,real_annual
2900306,Acajutiba,ISSQN,Naive,2021,519219.42708497524,1017023.0459527738
2900306,Acajutiba,ISSQN,ETS,2021,532697.3557362368,1017023.0459527738
2900306,Acajutiba,ISSQN,SARIMA,2021,551657.9505992464,1017023.0459527738
2900306,Acajutiba,ISSQN,Theta,2021,612940.0834483149,1017023.0459527738
2900306,Acajutiba,ISSQN,Prophet,2021,774677.3860382842,1017023.0459527738
2900306,Acajutiba,ISSQN,Ensemble,2021,617993.1939555206,1017023.0459527738
2900306,Acajutiba,ISSQN,Naive,2022,1017023.0459527738,1186533.5750210516
2900306,Acajutiba,ISSQN,ETS,2022,1032608.659610443,1186533.5750210516
2900306,Acajutiba,ISSQN,SARIMA,2022,1355979.8627336263,1186533.5750210516
2900306,Acajutiba,ISSQN,Theta,2022,1140294.417516747,1186533.5750210516
2900306,Acajutiba,ISSQN,Prophet,2022,979660.839676628,1186533.5750210516
2900306,Acajutiba,ISSQN,Ensemble,2022,1127135.944884361,1186533.5750210516
2900306,Acajutiba,ISSQN,Naive,2023,1186533.5750210516,1424033.3398689455
2900306,Acajutiba,ISSQN,ETS,2023,1403371.111739356,1424033.3398689455
2900306,Acajutiba,ISSQN,SARIMA,2023,1786510.4907293587,1424033.3398689455
2900306,Acajutiba,ISSQN,Theta,2023,1519243.554640702,1424033.3398689455
2900306,Acajutiba,ISSQN,Prophet,2023,1177836.861457461,1424033.3398689455
2900306,Acajutiba,ISSQN,Ensemble,2023,1471740.5046417196,1424033.3398689455
2900306,Acajutiba,ISSQN,Naive,2024,1424033.3398689455,1384662.1289922972
2900306,Acajutiba,ISSQN,ETS,2024,1357954.6239833722,1384662.1289922972
2900306,Acajutiba,ISSQN,SARIMA,2024,1557805.219541957,1384662.1289922972
2900306,Acajutiba,ISSQN,Theta,2024,1479866.3806961211,1384662.1289922972
2900306,Acajutiba,ISSQN,Prophet,2024,1416710.942580927,1384662.1289922972
2900306,Acajutiba,ISSQN,Ensemble,2024,1453084.2917005944,1384662.1289922972
2900306,Acajutiba,ISSQN,Naive,2025,1384662.1289922972,959385.126356113
2900306,Acajutiba,ISSQN,ETS,2025,1566203.218529277,959385.126356113
2900306,Acajutiba,ISSQN,SARIMA,2025,1666998.3087871596,959385.126356113
2900306,Acajutiba,ISSQN,Theta,2025,1526416.2928980002,959385.126356113
2900306,Acajutiba,ISSQN,Prophet,2025,1521930.0430465152,959385.126356113
2900306,Acajutiba,ISSQN,Ensemble,2025,1570386.9658152382,959385.126356113
2900801,Alcobaça,ISSQN,Naive,2021,6342973.088721653,5581281.095537614
2900801,Alcobaça,ISSQN,ETS,2021,5477907.518085148,5581281.095537614
2900801,Alcobaça,ISSQN,SARIMA,2021,3818052.2631322416,5581281.095537614
2900801,Alcobaça,ISSQN,Theta,2021,5794474.014733648,5581281.095537614
2900801,Alcobaça,ISSQN,Prophet,2021,5739049.525119277,5581281.095537614
2900801,Alcobaça,ISSQN,Ensemble,2021,5207370.830267579,5581281.095537614
2900801,Alcobaça,ISSQN,Naive,2022,5581281.095537614,6004363.823649836
2900801,Alcobaça,ISSQN,ETS,2022,5503548.28558273,6004363.823649836
2900801,Alcobaça,ISSQN,SARIMA,2022,5594747.956854716,6004363.823649836
2900801,Alcobaça,ISSQN,Theta,2022,5746160.581616256,6004363.823649836
2900801,Alcobaça,ISSQN,Prophet,2022,5981529.600695141,6004363.823649836
2900801,Alcobaça,ISSQN,Ensemble,2022,5706496.606187211,6004363.823649836
2900801,Alcobaça,ISSQN,Naive,2023,6004363.823649836,6226967.205803036
2900801,Alcobaça,ISSQN,ETS,2023,5793990.184044258,6226967.205803036
2900801,Alcobaça,ISSQN,SARIMA,2023,5426719.014197355,6226967.205803036
2900801,Alcobaça,ISSQN,Theta,2023,6044896.000385389,6226967.205803036
2900801,Alcobaça,ISSQN,Prophet,2023,6432325.612206649,6226967.205803036
2900801,Alcobaça,ISSQN,Ensemble,2023,5924482.702708413,6226967.205803036
2900801,Alcobaça,ISSQN,Naive,2024,6226967.205803036,7737627.420614442
2900801,Alcobaça,ISSQN,ETS,2024,6262111.636113145,7737627.420614442
2900801,Alcobaça,ISSQN,SARIMA,2024,6673716.927960941,7737627.420614442
2900801,Alcobaça,ISSQN,Theta,2024,6630556.099364782,7737627.420614442
2900801,Alcobaça,ISSQN,Prophet,2024,6829252.672760718,7737627.420614442
2900801,Alcobaça,ISSQN,Ensemble,2024,6598909.334049896,7737627.420614442
2900801,Alcobaça,ISSQN,Naive,2025,7737627.420614442,7455838.0025365725
2900801,Alcobaça,ISSQN,ETS,2025,7335075.321024635,7455838.0025365725
2900801,Alcobaça,ISSQN,SARIMA,2025,7453953.523684633,7455838.0025365725
2900801,Alcobaça,ISSQN,Theta,2025,7680800.365537413,7455838.0025365725
2900801,Alcobaça,ISSQN,Prophet,2025,7441393.04409685,7455838.0025365725
2900801,Alcobaça,ISSQN,Ensemble,2025,7477805.563585883,7455838.0025365725
2900207,Abaré,ISSQN,Naive,2021,1201519.7031091594,1216539.7301000026
2900207,Abaré,ISSQN,ETS,2021,1099343.9054426253,1216539.7301000026
2900207,Abaré,ISSQN,SARIMA,2021,805916.4018953964,1216539.7301000026
2900207,Abaré,ISSQN,Theta,2021,1295817.9546560678,1216539.7301000026
2900207,Abaré,ISSQN,Prophet,2021,1050526.5099632328,1216539.7301000026
2900207,Abaré,ISSQN,Ensemble,2021,1062901.1929893307,1216539.7301000026
2900207,Abaré,ISSQN,Naive,2022,1216539.7301000026,1231559.757090846
2900207,Abaré,ISSQN,ETS,2022,1121397.5048461931,1231559.757090846
2900207,Abaré,ISSQN,SARIMA,2022,851842.7152009328,1231559.757090846
2900207,Abaré,ISSQN,Theta,2022,1482073.220430371,1231559.757090846
2900207,Abaré,ISSQN,Prophet,2022,1182591.8308426721,1231559.757090846
2900207,Abaré,ISSQN,Ensemble,2022,1159476.3178300422,1231559.757090846
2900207,Abaré,ISSQN,Naive,2023,1231559.757090846,2719288.875063114
2900207,Abaré,ISSQN,ETS,2023,1157766.5710955076,2719288.875063114
2900207,Abaré,ISSQN,SARIMA,2023,845540.3437172745,2719288.875063114
2900207,Abaré,ISSQN,Theta,2023,1240882.6728019754,2719288.875063114
2900207,Abaré,ISSQN,Prophet,2023,1372341.639344634,2719288.875063114
2900207,Abaré,ISSQN,Ensemble,2023,1154132.806739848,2719288.875063114
2900207,Abaré,ISSQN,Naive,2024,2719288.875063114,2645832.687951806
2900207,Abaré,ISSQN,ETS,2024,2414585.5485003423,2645832.687951806
2900207,Abaré,ISSQN,SARIMA,2024,969350.0755032129,2645832.687951806
2900207,Abaré,ISSQN,Theta,2024,2824440.884048285,2645832.687951806
2900207,Abaré,ISSQN,Prophet,2024,3139436.4238556004,2645832.687951806
2900207,Abaré,ISSQN,Ensemble,2024,2336953.2329768604,2645832.687951806
2900207,Abaré,ISSQN,Naive,2025,2645832.687951806,1953252.3103166106
2900207,Abaré,ISSQN,ETS,2025,2543985.6115465225,1953252.3103166106
2900207,Abaré,ISSQN,SARIMA,2025,2186471.233351879,1953252.3103166106
2900207,Abaré,ISSQN,Theta,2025,2660320.275246586,1953252.3103166106
2900207,Abaré,ISSQN,Prophet,2025,3139658.797586834,1953252.3103166106
2900207,Abaré,ISSQN,Ensemble,2025,2632608.9794329554,1953252.3103166106
2901106,Amélia Rodrigues,ISSQN,Naive,2021,3288044.0840805625,3523453.564182164
2901106,Amélia Rodrigues,ISSQN,ETS,2021,3551521.528374474,3523453.564182164
2901106,Amélia Rodrigues,ISSQN,SARIMA,2021,3683322.367607024,3523453.564182164
2901106,Amélia Rodrigues,ISSQN,Theta,2021,3344232.511300184,3523453.564182164
2901106,Amélia Rodrigues,ISSQN,Prophet,2021,3257008.0389697016,3523453.564182164
2901106,Amélia Rodrigues,ISSQN,Ensemble,2021,3459021.1115628453,3523453.564182164
2901106,Amélia Rodrigues,ISSQN,Naive,2022,3523453.564182164,4630513.531746458
2901106,Amélia Rodrigues,ISSQN,ETS,2022,3805426.885835162,4630513.531746458
2901106,Amélia Rodrigues,ISSQN,SARIMA,2022,3580760.9797782507,4630513.531746458
2901106,Amélia Rodrigues,ISSQN,Theta,2022,3596341.1053431416,4630513.531746458
2901106,Amélia Rodrigues,ISSQN,Prophet,2022,3498526.3436095696,4630513.531746458
2901106,Amélia Rodrigues,ISSQN,Ensemble,2022,3620263.82864153,4630513.531746458
2901106,Amélia Rodrigues,ISSQN,Naive,2023,4630513.531746458,4576613.991105708
2901106,Amélia Rodrigues,ISSQN,ETS,2023,4885837.497819095,4576613.991105708
2901106,Amélia Rodrigues,ISSQN,SARIMA,2023,4345326.332410901,4576613.991105708
2901106,Amélia Rodrigues,ISSQN,Theta,2023,4831996.0482846005,4576613.991105708
2901106,Amélia Rodrigues,ISSQN,Prophet,2023,4083408.032072772,4576613.991105708
2901106,Amélia Rodrigues,ISSQN,Ensemble,2023,4536641.977646842,4576613.991105708
2901106,Amélia Rodrigues,ISSQN,Naive,2024,4576613.991105708,4434174.221215322
2901106,Amélia Rodrigues,ISSQN,ETS,2024,5588076.339730779,4434174.221215322
2901106,Amélia Rodrigues,ISSQN,SARIMA,2024,5256247.8043490965,4434174.221215322
2901106,Amélia Rodrigues,ISSQN,Theta,2024,5462192.697811469,4434174.221215322
2901106,Amélia Rodrigues,ISSQN,Prophet,2024,4617333.736197031,4434174.221215322
2901106,Amélia Rodrigues,ISSQN,Ensemble,2024,5230962.644522094,4434174.221215322
2901106,Amélia Rodrigues,ISSQN,Naive,2025,4434174.221215322,4348821.48974022
2901106,Amélia Rodrigues,ISSQN,ETS,2025,4588346.12186417,4348821.48974022
2901106,Amélia Rodrigues,ISSQN,SARIMA,2025,4534846.480110474,4348821.48974022
2901106,Amélia Rodrigues,ISSQN,Theta,2025,4591094.387946903,4348821.48974022
2901106,Amélia Rodrigues,ISSQN,Prophet,2025,4640707.829030785,4348821.48974022
2901106,Amélia Rodrigues,ISSQN,Ensemble,2025,4588748.704738083,4348821.48974022
2900801,Alcobaça,IPTU,Naive,2021,1380963.3442616488,1196290.9697750127
2900801,Alcobaça,IPTU,ETS,2021,1594647.1548100784,1196290.9697750127
2900801,Alcobaça,IPTU,SARIMA,2021,1223290.325704121,1196290.9697750127
2900801,Alcobaça,IPTU,Theta,2021,1665080.4993325605,1196290.9697750127
2900801,Alcobaça,IPTU,Prophet,2021,2084852.5742000036,1196290.9697750127
2900801,Alcobaça,IPTU,Ensemble,2021,1641967.638511691,1196290.9697750127
2900801,Alcobaça,IPTU,Naive,2022,1196290.9697750127,2120501.050628107
2900801,Alcobaça,IPTU,ETS,2022,2111453.618887509,2120501.050628107
2900801,Alcobaça,IPTU,SARIMA,2022,1531367.5343511407,2120501.050628107
2900801,Alcobaça,IPTU,Theta,2022,2121712.6147650704,2120501.050628107
2900801,Alcobaça,IPTU,Prophet,2022,1585951.9721902555,2120501.050628107
2900801,Alcobaça,IPTU,Ensemble,2022,1837621.4350484938,2120501.050628107
2900801,Alcobaça,IPTU,Naive,2023,2120501.050628107,2309420.9946320658
2900801,Alcobaça,IPTU,ETS,2023,2184232.181231594,2309420.9946320658
2900801,Alcobaça,IPTU,SARIMA,2023,1387049.1911766734,2309420.9946320658
2900801,Alcobaça,IPTU,Theta,2023,2029161.8933925885,2309420.9946320658
2900801,Alcobaça,IPTU,Prophet,2023,2089998.1862129006,2309420.9946320658
2900801,Alcobaça,IPTU,Ensemble,2023,1922610.363003439,2309420.9946320658
2900801,Alcobaça,IPTU,Naive,2024,2309420.9946320658,2019294.8475244946
2900801,Alcobaça,IPTU,ETS,2024,2216493.1002700035,2019294.8475244946
2900801,Alcobaça,IPTU,SARIMA,2024,1407818.8370715342,2019294.8475244946
2900801,Alcobaça,IPTU,Theta,2024,2478349.3826432754,2019294.8475244946
2900801,Alcobaça,IPTU,Prophet,2024,2402910.5132017136,2019294.8475244946
2900801,Alcobaça,IPTU,Ensemble,2024,2126392.958296632,2019294.8475244946
2900801,Alcobaça,IPTU,Naive,2025,2019294.8475244946,2682670.2027500076
2900801,Alcobaça,IPTU,ETS,2025,2120345.4637740892,2682670.2027500076
2900801,Alcobaça,IPTU,SARIMA,2025,1579616.4013856652,2682670.2027500076
2900801,Alcobaça,IPTU,Theta,2025,2216667.675023262,2682670.2027500076
2900801,Alcobaça,IPTU,Prophet,2025,2540607.0977212857,2682670.2027500076
2900801,Alcobaça,IPTU,Ensemble,2025,2114309.1594760753,2682670.2027500076
2901155,América Dourada,ISSQN,Naive,2021,845388.9815095385,1249815.7490204487
2901155,América Dourada,ISSQN,ETS,2021,1077902.2715118325,1249815.7490204487
2901155,América Dourada,ISSQN,SARIMA,2021,923602.744101622,1249815.7490204487
2901155,América Dourada,ISSQN,Theta,2021,1032399.2497234172,1249815.7490204487
2901155,América Dourada,ISSQN,Prophet,2021,1283722.8554083747,1249815.7490204487
2901155,América Dourada,ISSQN,Ensemble,2021,1079406.7801863116,1249815.7490204487
2901155,América Dourada,ISSQN,Naive,2022,1249815.7490204487,1707757.9468308934
2901155,América Dourada,ISSQN,ETS,2022,1593616.3285353023,1707757.9468308934
2901155,América Dourada,ISSQN,SARIMA,2022,1228563.816683523,1707757.9468308934
2901155,América Dourada,ISSQN,Theta,2022,1711602.476963892,1707757.9468308934
2901155,América Dourada,ISSQN,Prophet,2022,1326482.1233130337,1707757.9468308934
2901155,América Dourada,ISSQN,Ensemble,2022,1465066.1863739374,1707757.9468308934
2901155,América Dourada,ISSQN,Naive,2023,1707757.9468308934,2171101.185026787
2901155,América Dourada,ISSQN,ETS,2023,2032994.8289074767,2171101.185026787
2901155,América Dourada,ISSQN,SARIMA,2023,1315838.418587688,2171101.185026787
2901155,América Dourada,ISSQN,Theta,2023,1810228.425591581,2171101.185026787
2901155,América Dourada,ISSQN,Prophet,2023,1537440.447395138,2171101.185026787
2901155,América Dourada,ISSQN,Ensemble,2023,1674125.530120471,2171101.185026787
2901155,América Dourada,ISSQN,Naive,2024,2171101.185026787,1643238.3652895517
2901155,América Dourada,ISSQN,ETS,2024,2343422.7655159077,1643238.3652895517
2901155,América Dourada,ISSQN,SARIMA,2024,2666836.327391152,1643238.3652895517
2901155,América Dourada,ISSQN,Theta,2024,2300701.12806489,1643238.3652895517
2901155,América Dourada,ISSQN,Prophet,2024,1874586.5857530679,1643238.3652895517
2901155,América Dourada,ISSQN,Ensemble,2024,2296386.701681254,1643238.3652895517
2901155,América Dourada,ISSQN,Naive,2025,1643238.3652895517,1139053.2194131892
2901155,América Dourada,ISSQN,ETS,2025,1606698.141909479,1139053.2194131892
2901155,América Dourada,ISSQN,SARIMA,2025,1413401.9931551572,1139053.2194131892
2901155,América Dourada,ISSQN,Theta,2025,1597987.800943964,1139053.2194131892
2901155,América Dourada,ISSQN,Prophet,2025,1920509.066421455,1139053.2194131892
2901155,América Dourada,ISSQN,Ensemble,2025,1634649.2506075138,1139053.2194131892
2900702,Alagoinhas,ISSQN,Naive,2021,36306524.27338842,43204559.1068897
2900702,Alagoinhas,ISSQN,ETS,2021,39160304.459081024,43204559.1068897
2900702,Alagoinhas,ISSQN,SARIMA,2021,37793620.20313536,43204559.1068897
2900702,Alagoinhas,ISSQN,Theta,2021,38801572.2392147,43204559.1068897
2900702,Alagoinhas,ISSQN,Prophet,2021,37347907.87387233,43204559.1068897
2900702,Alagoinhas,ISSQN,Ensemble,2021,38275851.19382585,43204559.1068897
2900702,Alagoinhas,ISSQN,Naive,2022,43204559.1068897,50742214.95259937
2900702,Alagoinhas,ISSQN,ETS,2022,46953427.49074726,50742214.95259937
2900702,Alagoinhas,ISSQN,SARIMA,2022,43006059.91703543,50742214.95259937
2900702,Alagoinhas,ISSQN,Theta,2022,47143327.164536364,50742214.95259937
2900702,Alagoinhas,ISSQN,Prophet,2022,40999858.18502653,50742214.95259937
2900702,Alagoinhas,ISSQN,Ensemble,2022,44525668.189336404,50742214.95259937
2900702,Alagoinhas,ISSQN,Naive,2023,50742214.95259937,54346817.275048666
2900702,Alagoinhas,ISSQN,ETS,2023,60086840.91160994,54346817.275048666
2900702,Alagoinhas,ISSQN,SARIMA,2023,60167160.40931055,54346817.275048666
2900702,Alagoinhas,ISSQN,Theta,2023,60789576.50131651,54346817.275048666
2900702,Alagoinhas,ISSQN,Prophet,2023,53030062.769154966,54346817.275048666
2900702,Alagoinhas,ISSQN,Ensemble,2023,58518410.147847995,54346817.275048666
2900702,Alagoinhas,ISSQN,Naive,2024,54346817.275048666,63142206.773328714
2900702,Alagoinhas,ISSQN,ETS,2024,57707395.43741014,63142206.773328714
2900702,Alagoinhas,ISSQN,SARIMA,2024,56173592.738053955,63142206.773328714
2900702,Alagoinhas,ISSQN,Theta,2024,58783693.59053023,63142206.773328714
2900702,Alagoinhas,ISSQN,Prophet,2024,58194525.44716348,63142206.773328714
2900702,Alagoinhas,ISSQN,Ensemble,2024,57714801.80328944,63142206.773328714
2900702,Alagoinhas,ISSQN,Naive,2025,63142206.773328714,64800979.95002378
2900702,Alagoinhas,ISSQN,ETS,2025,64939330.551563606,64800979.95002378
2900702,Alagoinhas,ISSQN,SARIMA,2025,68290411.97735868,64800979.95002378
2900702,Alagoinhas,ISSQN,Theta,2025,64461640.329557255,64800979.95002378
2900702,Alagoinhas,ISSQN,Prophet,2025,67217908.26023713,64800979.95002378
2900702,Alagoinhas,ISSQN,Ensemble,2025,66227322.77967917,64800979.95002378
2900702,Alagoinhas,IPTU,Naive,2021,12061617.202904448,11130953.319018237
2900702,Alagoinhas,IPTU,ETS,2021,11372324.702972626,11130953.319018237
2900702,Alagoinhas,IPTU,SARIMA,2021,11867861.224050473,11130953.319018237
2900702,Alagoinhas,IPTU,Theta,2021,15874312.082917148,11130953.319018237
2900702,Alagoinhas,IPTU,Prophet,2021,15649015.694155486,11130953.319018237
2900702,Alagoinhas,IPTU,Ensemble,2021,13690878.426023934,11130953.319018237
2900702,Alagoinhas,IPTU,Naive,2022,11130953.319018237,11334964.125892807
2900702,Alagoinhas,IPTU,ETS,2022,15525854.625332285,11334964.125892807
2900702,Alagoinhas,IPTU,SARIMA,2022,25891599.246328518,11334964.125892807
2900702,Alagoinhas,IPTU,Theta,2022,45949072.646293536,11334964.125892807
2900702,Alagoinhas,IPTU,Prophet,2022,14477701.581834825,11334964.125892807
2900702,Alagoinhas,IPTU,Ensemble,2022,25461057.02494729,11334964.125892807
2900702,Alagoinhas,IPTU,Naive,2023,11334964.125892807,15253596.175924031
2900702,Alagoinhas,IPTU,ETS,2023,14715217.75971362,15253596.175924031
2900702,Alagoinhas,IPTU,SARIMA,2023,17607789.271214467,15253596.175924031
2900702,Alagoinhas,IPTU,Theta,2023,52712479.979620345,15253596.175924031
2900702,Alagoinhas,IPTU,Prophet,2023,14197060.89004526,15253596.175924031
2900702,Alagoinhas,IPTU,Ensemble,2023,24808136.97514842,15253596.175924031
2900702,Alagoinhas,IPTU,Naive,2024,15253596.175924031,16540841.093057055
2900702,Alagoinhas,IPTU,ETS,2024,15254648.142990196,16540841.093057055
2900702,Alagoinhas,IPTU,SARIMA,2024,14336654.15470054,16540841.093057055
2900702,Alagoinhas,IPTU,Theta,2024,43978730.041543886,16540841.093057055
2900702,Alagoinhas,IPTU,Prophet,2024,17922735.376015913,16540841.093057055
2900702,Alagoinhas,IPTU,Ensemble,2024,22873191.928812634,16540841.093057055
2900702,Alagoinhas,IPTU,Naive,2025,16540841.093057055,16152477.810723564
2900702,Alagoinhas,IPTU,ETS,2025,13976644.82123549,16152477.810723564
2900702,Alagoinhas,IPTU,SARIMA,2025,17082739.04853748,16152477.810723564
2900702,Alagoinhas,IPTU,Theta,2025,14058479.7812907,16152477.810723564
2900702,Alagoinhas,IPTU,Prophet,2025,17373904.036567837,16152477.810723564
2900702,Alagoinhas,IPTU,Ensemble,2025,15622941.92190788,16152477.810723564
2900355,Adustina,ISSQN,Naive,2021,385921.4584300502,444174.01373018103
2900355,Adustina,ISSQN,ETS,2021,359664.210658517,444174.01373018103
2900355,Adustina,ISSQN,SARIMA,2021,320804.99499485653,444174.01373018103
2900355,Adustina,ISSQN,Theta,2021,323119.3908224568,444174.01373018103
2900355,Adustina,ISSQN,Prophet,2021,274252.29627627134,444174.01373018103
2900355,Adustina,ISSQN,Ensemble,2021,319460.2231880254,444174.01373018103
2900355,Adustina,ISSQN,Naive,2022,444174.01373018103,497698.02452435554
2900355,Adustina,ISSQN,ETS,2022,533184.8746239331,497698.02452435554
2900355,Adustina,ISSQN,SARIMA,2022,442735.11518107424,497698.02452435554
2900355,Adustina,ISSQN,Theta,2022,375930.45320417307,497698.02452435554
2900355,Adustina,ISSQN,Prophet,2022,309584.1916893435,497698.02452435554
2900355,Adustina,ISSQN,Ensemble,2022,415358.6586746309,497698.02452435554
2900355,Adustina,ISSQN,Naive,2023,497698.02452435554,968691.1403151436
2900355,Adustina,ISSQN,ETS,2023,565525.4212630229,968691.1403151436
2900355,Adustina,ISSQN,SARIMA,2023,500305.39165453275,968691.1403151436
2900355,Adustina,ISSQN,Theta,2023,431333.34601863363,968691.1403151436
2900355,Adustina,ISSQN,Prophet,2023,327365.2959205266,968691.1403151436
2900355,Adustina,ISSQN,Ensemble,2023,456132.363714179,968691.1403151436
2900355,Adustina,ISSQN,Naive,2024,968691.1403151436,1077689.6668137363
2900355,Adustina,ISSQN,ETS,2024,974985.6240848437,1077689.6668137363
2900355,Adustina,ISSQN,SARIMA,2024,1070622.6965177313,1077689.6668137363
2900355,Adustina,ISSQN,Theta,2024,908922.9366153053,1077689.6668137363
2900355,Adustina,ISSQN,Prophet,2024,547323.4877332386,1077689.6668137363
2900355,Adustina,ISSQN,Ensemble,2024,875463.6862377797,1077689.6668137363
2900355,Adustina,ISSQN,Naive,2025,1077689.6668137363,936361.4580644078
2900355,Adustina,ISSQN,ETS,2025,1150776.737003957,936361.4580644078
2900355,Adustina,ISSQN,SARIMA,2025,1131562.5350089339,936361.4580644078
2900355,Adustina,ISSQN,Theta,2025,1074009.9095592147,936361.4580644078
2900355,Adustina,ISSQN,Prophet,2025,987323.3824828507,936361.4580644078
2900355,Adustina,ISSQN,Ensemble,2025,1085918.141013739,936361.4580644078
2901007,Amargosa,ISSQN,Naive,2021,3645924.869599444,3699882.3059259467
2901007,Amargosa,ISSQN,ETS,2021,3589472.3886575876,3699882.3059259467
2901007,Amargosa,ISSQN,SARIMA,2021,3380912.5855586454,3699882.3059259467
2901007,Amargosa,ISSQN,Theta,2021,3560698.1169890417,3699882.3059259467
2901007,Amargosa,ISSQN,Prophet,2021,4288429.690194708,3699882.3059259467
2901007,Amargosa,ISSQN,Ensemble,2021,3704878.195349995,3699882.3059259467
2901007,Amargosa,ISSQN,Naive,2022,3699882.3059259467,5463749.683201265
2901007,Amargosa,ISSQN,ETS,2022,3790719.913489326,5463749.683201265
2901007,Amargosa,ISSQN,SARIMA,2022,4076750.309621956,5463749.683201265
2901007,Amargosa,ISSQN,Theta,2022,4010528.636211676,5463749.683201265
2901007,Amargosa,ISSQN,Prophet,2022,4164495.669170716,5463749.683201265
2901007,Amargosa,ISSQN,Ensemble,2022,4010623.632123419,5463749.683201265
2901007,Amargosa,ISSQN,Naive,2023,5463749.683201265,6473977.518275465
2901007,Amargosa,ISSQN,ETS,2023,5672360.126022128,6473977.518275465
2901007,Amargosa,ISSQN,SARIMA,2023,6178507.34964379,6473977.518275465
2901007,Amargosa,ISSQN,Theta,2023,6157645.004883875,6473977.518275465
2901007,Amargosa,ISSQN,Prophet,2023,4997809.288552623,6473977.518275465
2901007,Amargosa,ISSQN,Ensemble,2023,5751580.442275604,6473977.518275465
2901007,Amargosa,ISSQN,Naive,2024,6473977.518275465,6867864.934899838
2901007,Amargosa,ISSQN,ETS,2024,7307953.323984346,6867864.934899838
2901007,Amargosa,ISSQN,SARIMA,2024,8351275.00894139,6867864.934899838
2901007,Amargosa,ISSQN,Theta,2024,7430891.7211722545,6867864.934899838
2901007,Amargosa,ISSQN,Prophet,2024,7165890.547866364,6867864.934899838
2901007,Amargosa,ISSQN,Ensemble,2024,7564002.650491089,6867864.934899838
2901007,Amargosa,ISSQN,Naive,2025,6867864.934899838,8280207.5031048795
2901007,Amargosa,ISSQN,ETS,2025,7228727.198762136,8280207.5031048795
2901007,Amargosa,ISSQN,SARIMA,2025,7927613.612601517,8280207.5031048795
2901007,Amargosa,ISSQN,Theta,2025,7640995.036060486,8280207.5031048795
2901007,Amargosa,ISSQN,Prophet,2025,7827056.250666469,8280207.5031048795
2901007,Amargosa,ISSQN,Ensemble,2025,7656098.024522652,8280207.5031048795
2901304,Andaraí,ISSQN,Naive,2021,584722.2754639478,887348.5984348851
2901304,Andaraí,ISSQN,ETS,2021,738152.1375237852,887348.5984348851
2901304,Andaraí,ISSQN,SARIMA,2021,519728.0095931511,887348.5984348851
2901304,Andaraí,ISSQN,Theta,2021,526001.779091613,887348.5984348851
2901304,Andaraí,ISSQN,Prophet,2021,346375.89833781176,887348.5984348851
2901304,Andaraí,ISSQN,Ensemble,2021,532564.4561365903,887348.5984348851
2901304,Andaraí,ISSQN,Naive,2022,887348.5984348851,1715777.4597058713
2901304,Andaraí,ISSQN,ETS,2022,671467.9225029803,1715777.4597058713
2901304,Andaraí,ISSQN,SARIMA,2022,546345.9216644152,1715777.4597058713
2901304,Andaraí,ISSQN,Theta,2022,700124.7773923393,1715777.4597058713
2901304,Andaraí,ISSQN,Prophet,2022,607494.033904736,1715777.4597058713
2901304,Andaraí,ISSQN,Ensemble,2022,631358.1638661177,1715777.4597058713
2901304,Andaraí,ISSQN,Naive,2023,1715777.4597058713,1570736.3202540877
2901304,Andaraí,ISSQN,ETS,2023,1949737.5240129954,1570736.3202540877
2901304,Andaraí,ISSQN,SARIMA,2023,2015273.8474226529,1570736.3202540877
2901304,Andaraí,ISSQN,Theta,2023,2296157.1936623505,1570736.3202540877
2901304,Andaraí,ISSQN,Prophet,2023,1196387.6213171878,1570736.3202540877
2901304,Andaraí,ISSQN,Ensemble,2023,1864389.046603797,1570736.3202540877
2901304,Andaraí,ISSQN,Naive,2024,1570736.3202540877,985857.3667692109
2901304,Andaraí,ISSQN,ETS,2024,1381336.5628407467,985857.3667692109
2901304,Andaraí,ISSQN,SARIMA,2024,1369192.859320194,985857.3667692109
2901304,Andaraí,ISSQN,Theta,2024,1400153.8000139315,985857.3667692109
2901304,Andaraí,ISSQN,Prophet,2024,1425201.1717982288,985857.3667692109
2901304,Andaraí,ISSQN,Ensemble,2024,1393971.0984932752,985857.3667692109
2901304,Andaraí,ISSQN,Naive,2025,985857.3667692109,1152837.0801348938
2901304,Andaraí,ISSQN,ETS,2025,989099.7409417533,1152837.0801348938
2901304,Andaraí,ISSQN,SARIMA,2025,971942.1548089326,1152837.0801348938
2901304,Andaraí,ISSQN,Theta,2025,1022479.7108690662,1152837.0801348938
2901304,Andaraí,ISSQN,Prophet,2025,1368569.4520682525,1152837.0801348938
2901304,Andaraí,ISSQN,Ensemble,2025,1088022.764672001,1152837.0801348938
2901353,Andorinha,ISSQN,Naive,2021,1377578.4551631582,1324521.5837215714
2901353,Andorinha,ISSQN,ETS,2021,1308331.5345872692,1324521.5837215714
2901353,Andorinha,ISSQN,SARIMA,2021,958388.9195496087,1324521.5837215714
2901353,Andorinha,ISSQN,Theta,2021,1307090.5442371632,1324521.5837215714
2901353,Andorinha,ISSQN,Prophet,2021,1589855.657193889,1324521.5837215714
2901353,Andorinha,ISSQN,Ensemble,2021,1290916.6638919825,1324521.5837215714
2901353,Andorinha,ISSQN,Naive,2022,1324521.5837215714,2511966.619098066
2901353,Andorinha,ISSQN,ETS,2022,1410291.956841916,2511966.619098066
2901353,Andorinha,ISSQN,SARIMA,2022,1294412.8349482412,2511966.619098066
2901353,Andorinha,ISSQN,Theta,2022,1472639.1437466652,2511966.619098066
2901353,Andorinha,ISSQN,Prophet,2022,1241697.9225237465,2511966.619098066
2901353,Andorinha,ISSQN,Ensemble,2022,1354760.4645151421,2511966.619098066
2901353,Andorinha,ISSQN,Naive,2023,2511966.619098066,4136099.6547633787
2901353,Andorinha,ISSQN,ETS,2023,2247304.4837696343,4136099.6547633787
2901353,Andorinha,ISSQN,SARIMA,2023,1885208.0392830954,4136099.6547633787
2901353,Andorinha,ISSQN,Theta,2023,2290464.7078574765,4136099.6547633787
2901353,Andorinha,ISSQN,Prophet,2023,2288619.632603093,4136099.6547633787
2901353,Andorinha,ISSQN,Ensemble,2023,2177899.215878325,4136099.6547633787
2901353,Andorinha,ISSQN,Naive,2024,4136099.6547633787,4170733.3600510336
2901353,Andorinha,ISSQN,ETS,2024,4917698.874038441,4170733.3600510336
2901353,Andorinha,ISSQN,SARIMA,2024,4820101.11767319,4170733.3600510336
2901353,Andorinha,ISSQN,Theta,2024,5319151.148250744,4170733.3600510336
2901353,Andorinha,ISSQN,Prophet,2024,3300506.9249808453,4170733.3600510336
2901353,Andorinha,ISSQN,Ensemble,2024,4589364.516235806,4170733.3600510336
2901353,Andorinha,ISSQN,Naive,2025,4170733.3600510336,4161563.273781021
2901353,Andorinha,ISSQN,ETS,2025,4300734.016427553,4161563.273781021
2901353,Andorinha,ISSQN,SARIMA,2025,4118082.2113971957,4161563.273781021
2901353,Andorinha,ISSQN,Theta,2025,4477980.563987977,4161563.273781021
2901353,Andorinha,ISSQN,Prophet,2025,4140070.4682963435,4161563.273781021
2901353,Andorinha,ISSQN,Ensemble,2025,4259216.815027267,4161563.273781021
2901304,Andaraí,IPTU,Naive,2021,304667.92726718116,778617.6909494299
2901304,Andaraí,IPTU,ETS,2021,625583.5935419194,778617.6909494299
2901304,Andaraí,IPTU,SARIMA,2021,228499.9830381103,778617.6909494299
2901304,Andaraí,IPTU,Theta,2021,885454.4791417803,778617.6909494299
2901304,Andaraí,IPTU,Prophet,2021,380035.88280592364,778617.6909494299
2901304,Andaraí,IPTU,Ensemble,2021,529893.4846319335,778617.6909494299
2901304,Andaraí,IPTU,Naive,2022,778617.6909494299,1252567.4546316785
2901304,Andaraí,IPTU,ETS,2022,1135927.6408401774,1252567.4546316785
2901304,Andaraí,IPTU,SARIMA,2022,1134365.1832225313,1252567.4546316785
2901304,Andaraí,IPTU,Theta,2022,1565463.3748690558,1252567.4546316785
2901304,Andaraí,IPTU,Prophet,2022,683842.7769967007,1252567.4546316785
2901304,Andaraí,IPTU,Ensemble,2022,1129899.7439821162,1252567.4546316785
2901304,Andaraí,IPTU,Naive,2023,1252567.4546316785,859693.8806376224
2901304,Andaraí,IPTU,ETS,2023,1638117.9063827067,859693.8806376224
2901304,Andaraí,IPTU,SARIMA,2023,1232989.4549962054,859693.8806376224
2901304,Andaraí,IPTU,Theta,2023,1625655.3103443452,859693.8806376224
2901304,Andaraí,IPTU,Prophet,2023,1732499.094566359,859693.8806376224
2901304,Andaraí,IPTU,Ensemble,2023,1557315.441572404,859693.8806376224
2901304,Andaraí,IPTU,Naive,2024,859693.8806376224,466820.3066435663
2901304,Andaraí,IPTU,ETS,2024,1327303.6514147297,466820.3066435663
2901304,Andaraí,IPTU,SARIMA,2024,793596.6306089421,466820.3066435663
2901304,Andaraí,IPTU,Theta,2024,1158507.603584288,466820.3066435663
2901304,Andaraí,IPTU,Prophet,2024,1342055.3087694794,466820.3066435663
2901304,Andaraí,IPTU,Ensemble,2024,1155365.7985943598,466820.3066435663
2901304,Andaraí,IPTU,Naive,2025,466820.3066435663,501673.44670577213
2901304,Andaraí,IPTU,ETS,2025,663302.8125599248,501673.44670577213
2901304,Andaraí,IPTU,SARIMA,2025,247542.31403208993,501673.44670577213
2901304,Andaraí,IPTU,Theta,2025,613869.2016152758,501673.44670577213
2901304,Andaraí,IPTU,Prophet,2025,796854.3392502066,501673.44670577213
2901304,Andaraí,IPTU,Ensemble,2025,580392.1668643743,501673.44670577213
2901908,Aporá,ISSQN,Naive,2021,549660.012434239,1407618.2660937784
2901908,Aporá,ISSQN,ETS,2021,471066.6371728245,1407618.2660937784
2901908,Aporá,ISSQN,SARIMA,2021,559837.5197532206,1407618.2660937784
2901908,Aporá,ISSQN,Theta,2021,471291.5825210815,1407618.2660937784
2901908,Aporá,ISSQN,Prophet,2021,760406.0204304161,1407618.2660937784
2901908,Aporá,ISSQN,Ensemble,2021,565650.4399693856,1407618.2660937784
2901908,Aporá,ISSQN,Naive,2022,1407618.2660937784,2265576.5197533173
2901908,Aporá,ISSQN,ETS,2022,1298571.5928103945,2265576.5197533173
2901908,Aporá,ISSQN,SARIMA,2022,1248902.812036841,2265576.5197533173
2901908,Aporá,ISSQN,Theta,2022,1357155.3449709746,2265576.5197533173
2901908,Aporá,ISSQN,Prophet,2022,1163874.3630024388,2265576.5197533173
2901908,Aporá,ISSQN,Ensemble,2022,1267126.0282051621,2265576.5197533173
2901908,Aporá,ISSQN,Naive,2023,2265576.5197533173,1003505.2171858457
2901908,Aporá,ISSQN,ETS,2023,2246239.864405299,1003505.2171858457
2901908,Aporá,ISSQN,SARIMA,2023,2148979.7855120585,1003505.2171858457
2901908,Aporá,ISSQN,Theta,2023,2271151.2180335904,1003505.2171858457
2901908,Aporá,ISSQN,Prophet,2023,2670384.6000073073,1003505.2171858457
2901908,Aporá,ISSQN,Ensemble,2023,2334188.8669895637,1003505.2171858457
2901908,Aporá,ISSQN,Naive,2024,1003505.2171858457,1472906.638901002
2901908,Aporá,ISSQN,ETS,2024,706341.1226642685,1472906.638901002
2901908,Aporá,ISSQN,SARIMA,2024,656039.8095332889,1472906.638901002
2901908,Aporá,ISSQN,Theta,2024,663878.7600833662,1472906.638901002
2901908,Aporá,ISSQN,Prophet,2024,1618437.286360161,1472906.638901002
2901908,Aporá,ISSQN,Ensemble,2024,911174.2446602711,1472906.638901002
2901908,Aporá,ISSQN,Naive,2025,1472906.638901002,1942308.0606161586
2901908,Aporá,ISSQN,ETS,2025,1976078.325118188,1942308.0606161586
2901908,Aporá,ISSQN,SARIMA,2025,1888014.9325204068,1942308.0606161586
2901908,Aporá,ISSQN,Theta,2025,2170527.8187577836,1942308.0606161586
2901908,Aporá,ISSQN,Prophet,2025,1764010.2482942129,1942308.0606161586
2901908,Aporá,ISSQN,Ensemble,2025,1949657.831172648,1942308.0606161586
2902203,Aramari,ISSQN,Naive,2021,1614775.816940677,1567484.5764175835
2902203,Aramari,ISSQN,ETS,2021,1867168.243659293,1567484.5764175835
2902203,Aramari,ISSQN,SARIMA,2021,1762947.6551236084,1567484.5764175835
2902203,Aramari,ISSQN,Theta,2021,1914556.871888158,1567484.5764175835
2902203,Aramari,ISSQN,Prophet,2021,1757655.574112667,1567484.5764175835
2902203,Aramari,ISSQN,Ensemble,2021,1825582.0861959318,1567484.5764175835
2902203,Aramari,ISSQN,Naive,2022,1567484.5764175835,1783461.2834053745
2902203,Aramari,ISSQN,ETS,2022,1630011.5215511334,1783461.2834053745
2902203,Aramari,ISSQN,SARIMA,2022,1530110.5596809457,1783461.2834053745
2902203,Aramari,ISSQN,Theta,2022,1751883.935436677,1783461.2834053745
2902203,Aramari,ISSQN,Prophet,2022,1792470.0394333077,1783461.2834053745
2902203,Aramari,ISSQN,Ensemble,2022,1676119.0140255159,1783461.2834053745
2902203,Aramari,ISSQN,Naive,2023,1783461.2834053745,1614681.667694678
2902203,Aramari,ISSQN,ETS,2023,1704415.0548218386,1614681.667694678
2902203,Aramari,ISSQN,SARIMA,2023,1789238.5546742477,1614681.667694678
2902203,Aramari,ISSQN,Theta,2023,2019679.1172137745,1614681.667694678
2902203,Aramari,ISSQN,Prophet,2023,1888724.3301341848,1614681.667694678
2902203,Aramari,ISSQN,Ensemble,2023,1850514.2642110111,1614681.667694678
2902203,Aramari,ISSQN,Naive,2024,1614681.667694678,2481660.077940521
2902203,Aramari,ISSQN,ETS,2024,1810197.102430534,2481660.077940521
2902203,Aramari,ISSQN,SARIMA,2024,1951888.9826289318,2481660.077940521
2902203,Aramari,ISSQN,Theta,2024,2340827.739043044,2481660.077940521
2902203,Aramari,ISSQN,Prophet,2024,1868737.2714030498,2481660.077940521
2902203,Aramari,ISSQN,Ensemble,2024,1992912.7738763897,2481660.077940521
2902203,Aramari,ISSQN,Naive,2025,2481660.077940521,2577088.5778950094
2902203,Aramari,ISSQN,ETS,2025,2526971.7167379144,2577088.5778950094
2902203,Aramari,ISSQN,SARIMA,2025,2666452.19919205,2577088.5778950094
2902203,Aramari,ISSQN,Theta,2025,3024510.3245798005,2577088.5778950094
2902203,Aramari,ISSQN,Prophet,2025,2265314.791061683,2577088.5778950094
2902203,Aramari,ISSQN,Ensemble,2025,2620812.257892862,2577088.5778950094
2901403,Angical,ISSQN,Naive,2021,751050.9564816358,898180.5314081288
2901403,Angical,ISSQN,ETS,2021,744953.2074712303,898180.5314081288
2901403,Angical,ISSQN,SARIMA,2021,544225.2331254113,898180.5314081288
2901403,Angical,ISSQN,Theta,2021,768340.4493198523,898180.5314081288
2901403,Angical,ISSQN,Prophet,2021,664071.8490927491,898180.5314081288
2901403,Angical,ISSQN,Ensemble,2021,680397.6847523106,898180.5314081288
2901403,Angical,ISSQN,Naive,2022,898180.5314081288,905599.5742180969
2901403,Angical,ISSQN,ETS,2022,774447.6662027466,905599.5742180969
2901403,Angical,ISSQN,SARIMA,2022,571680.5499323935,905599.5742180969
2901403,Angical,ISSQN,Theta,2022,693540.7936773618,905599.5742180969
2901403,Angical,ISSQN,Prophet,2022,911126.8378595195,905599.5742180969
2901403,Angical,ISSQN,Ensemble,2022,737698.9619180053,905599.5742180969
2901403,Angical,ISSQN,Naive,2023,905599.5742180969,1053334.7969205352
2901403,Angical,ISSQN,ETS,2023,907871.0229315587,1053334.7969205352
2901403,Angical,ISSQN,SARIMA,2023,624110.8458882162,1053334.7969205352
2901403,Angical,ISSQN,Theta,2023,1036426.2988373843,1053334.7969205352
2901403,Angical,ISSQN,Prophet,2023,996220.528654197,1053334.7969205352
2901403,Angical,ISSQN,Ensemble,2023,891157.174077839,1053334.7969205352
2901403,Angical,ISSQN,Naive,2024,1053334.7969205352,976555.7384347699
2901403,Angical,ISSQN,ETS,2024,989129.0984987124,976555.7384347699
2901403,Angical,ISSQN,SARIMA,2024,737238.8740029616,976555.7384347699
2901403,Angical,ISSQN,Theta,2024,1049364.9792545969,976555.7384347699
2901403,Angical,ISSQN,Prophet,2024,1073164.5005930995,976555.7384347699
2901403,Angical,ISSQN,Ensemble,2024,962224.3630873425,976555.7384347699
2901403,Angical,ISSQN,Naive,2025,976555.7384347699,675804.7783252049
2901403,Angical,ISSQN,ETS,2025,1026826.9541501405,675804.7783252049
2901403,Angical,ISSQN,SARIMA,2025,1136391.9415611369,675804.7783252049
2901403,Angical,ISSQN,Theta,2025,1074566.4337220557,675804.7783252049
2901403,Angical,ISSQN,Prophet,2025,1091694.9690487585,675804.7783252049
2901403,Angical,ISSQN,Ensemble,2025,1082370.074620523,675804.7783252049
2901403,Angical,IPTU,Naive,2021,231056.0517646086,236617.8700106002
2901403,Angical,IPTU,ETS,2021,269069.56604001427,236617.8700106002
2901403,Angical,IPTU,SARIMA,2021,184520.26088553882,236617.8700106002
2901403,Angical,IPTU,Theta,2021,331746.11426715914,236617.8700106002
2901403,Angical,IPTU,Prophet,2021,300801.1006582557,236617.8700106002
2901403,Angical,IPTU,Ensemble,2021,271534.26046274195,236617.8700106002
2901403,Angical,IPTU,Naive,2022,236617.8700106002,220661.95916757238
2901403,Angical,IPTU,ETS,2022,270036.8596139165,220661.95916757238
2901403,Angical,IPTU,SARIMA,2022,195383.36704234453,220661.95916757238
2901403,Angical,IPTU,Theta,2022,343161.35101230495,220661.95916757238
2901403,Angical,IPTU,Prophet,2022,313627.2740929667,220661.95916757238
2901403,Angical,IPTU,Ensemble,2022,280552.2129403832,220661.95916757238
2901403,Angical,IPTU,Naive,2023,220661.95916757238,178147.60012242277
2901403,Angical,IPTU,ETS,2023,249827.92957613844,178147.60012242277
2901403,Angical,IPTU,SARIMA,2023,307567.54237029987,178147.60012242277
2901403,Angical,IPTU,Theta,2023,276416.1022210164,178147.60012242277
2901403,Angical,IPTU,Prophet,2023,315795.2726702828,178147.60012242277
2901403,Angical,IPTU,Ensemble,2023,287401.7117094344,178147.60012242277
2901403,Angical,IPTU,Naive,2024,178147.60012242277,162785.19145344946
2901403,Angical,IPTU,ETS,2024,315280.79388674855,162785.19145344946
2901403,Angical,IPTU,SARIMA,2024,161187.3860787322,162785.19145344946
2901403,Angical,IPTU,Theta,2024,276040.92181200697,162785.19145344946
2901403,Angical,IPTU,Prophet,2024,275556.5735102849,162785.19145344946
2901403,Angical,IPTU,Ensemble,2024,257016.41882194317,162785.19145344946
2901403,Angical,IPTU,Naive,2025,162785.19145344946,205839.88588181316
2901403,Angical,IPTU,ETS,2025,202314.1464437348,205839.88588181316
2901403,Angical,IPTU,SARIMA,2025,123103.3106422818,205839.88588181316
2901403,Angical,IPTU,Theta,2025,219929.19718885087,205839.88588181316
2901403,Angical,IPTU,Prophet,2025,220916.86219661747,205839.88588181316
2901403,Angical,IPTU,Ensemble,2025,191565.87911787126,205839.88588181316
2902500,Baianópolis,ISSQN,Naive,2021,905010.5573274811,1131127.227734917
2902500,Baianópolis,ISSQN,ETS,2021,954234.1019900271,1131127.227734917
2902500,Baianópolis,ISSQN,SARIMA,2021,822315.3405602326,1131127.227734917
2902500,Baianópolis,ISSQN,Theta,2021,953228.8904614593,1131127.227734917
2902500,Baianópolis,ISSQN,Prophet,2021,813268.0565641841,1131127.227734917
2902500,Baianópolis,ISSQN,Ensemble,2021,885761.5973939758,1131127.227734917
2902500,Baianópolis,ISSQN,Naive,2022,1131127.227734917,1223118.4021566312
2902500,Baianópolis,ISSQN,ETS,2022,1351280.8535277587,1223118.4021566312
2902500,Baianópolis,ISSQN,SARIMA,2022,1393928.9836076933,1223118.4021566312
2902500,Baianópolis,ISSQN,Theta,2022,1330194.4539319288,1223118.4021566312
2902500,Baianópolis,ISSQN,Prophet,2022,1078918.5725907276,1223118.4021566312
2902500,Baianópolis,ISSQN,Ensemble,2022,1288580.715914527,1223118.4021566312
2902500,Baianópolis,ISSQN,Naive,2023,1223118.4021566312,1624996.3543568642
2902500,Baianópolis,ISSQN,ETS,2023,1310373.528288384,1624996.3543568642
2902500,Baianópolis,ISSQN,SARIMA,2023,1234798.7094500912,1624996.3543568642
2902500,Baianópolis,ISSQN,Theta,2023,1337464.6664624452,1624996.3543568642
2902500,Baianópolis,ISSQN,Prophet,2023,1238802.967359813,1624996.3543568642
2902500,Baianópolis,ISSQN,Ensemble,2023,1280359.9678901834,1624996.3543568642
2902500,Baianópolis,ISSQN,Naive,2024,1624996.3543568642,1642666.4794033172
2902500,Baianópolis,ISSQN,ETS,2024,1816425.7639848075,1642666.4794033172
2902500,Baianópolis,ISSQN,SARIMA,2024,1931047.7833122436,1642666.4794033172
2902500,Baianópolis,ISSQN,Theta,2024,1899028.020585082,1642666.4794033172
2902500,Baianópolis,ISSQN,Prophet,2024,1697600.8951170167,1642666.4794033172
2902500,Baianópolis,ISSQN,Ensemble,2024,1836025.6157497875,1642666.4794033172
2902500,Baianópolis,ISSQN,Naive,2025,1642666.4794033172,1851540.113954801
2902500,Baianópolis,ISSQN,ETS,2025,1867374.5711181522,1851540.113954801
2902500,Baianópolis,ISSQN,SARIMA,2025,1988368.3665323488,1851540.113954801
2902500,Baianópolis,ISSQN,Theta,2025,1861335.6409554747,1851540.113954801
2902500,Baianópolis,ISSQN,Prophet,2025,1836268.6550943488,1851540.113954801
2902500,Baianópolis,ISSQN,Ensemble,2025,1888336.808425081,1851540.113954801
2902104,Araci,IPTU,Naive,2021,207796.96916469425,199066.54752183545
2902104,Araci,IPTU,ETS,2021,231020.65336061158,199066.54752183545
2902104,Araci,IPTU,SARIMA,2021,150246.72698275856,199066.54752183545
2902104,Araci,IPTU,Theta,2021,275749.38583552936,199066.54752183545
2902104,Araci,IPTU,Prophet,2021,287820.4627363764,199066.54752183545
2902104,Araci,IPTU,Ensemble,2021,236209.30722881897,199066.54752183545
2902104,Araci,IPTU,Naive,2022,199066.54752183545,318552.53911838244
2902104,Araci,IPTU,ETS,2022,141763.59481639383,318552.53911838244
2902104,Araci,IPTU,SARIMA,2022,130978.31099249414,318552.53911838244
2902104,Araci,IPTU,Theta,2022,273240.85398264043,318552.53911838244
2902104,Araci,IPTU,Prophet,2022,277468.0985564712,318552.53911838244
2902104,Araci,IPTU,Ensemble,2022,205862.71458699988,318552.53911838244
2902104,Araci,IPTU,Naive,2023,318552.53911838244,313754.0244676746
2902104,Araci,IPTU,ETS,2023,261028.95100027623,313754.0244676746
2902104,Araci,IPTU,SARIMA,2023,166688.8852785653,313754.0244676746
2902104,Araci,IPTU,Theta,2023,343190.78291956946,313754.0244676746
2902104,Araci,IPTU,Prophet,2023,327443.9485782698,313754.0244676746
2902104,Araci,IPTU,Ensemble,2023,274588.14194417023,313754.0244676746
2902104,Araci,IPTU,Naive,2024,313754.0244676746,375636.9522942997
2902104,Araci,IPTU,ETS,2024,278792.60053184436,375636.9522942997
2902104,Araci,IPTU,SARIMA,2024,165671.96216443888,375636.9522942997
2902104,Araci,IPTU,Theta,2024,329010.60733374674,375636.9522942997
2902104,Araci,IPTU,Prophet,2024,337729.1152669604,375636.9522942997
2902104,Araci,IPTU,Ensemble,2024,277801.0713242476,375636.9522942997
2902104,Araci,IPTU,Naive,2025,375636.9522942997,350529.72905831726
2902104,Araci,IPTU,ETS,2025,353811.4314004002,350529.72905831726
2902104,Araci,IPTU,SARIMA,2025,275394.2783777999,350529.72905831726
2902104,Araci,IPTU,Theta,2025,395813.82384094544,350529.72905831726
2902104,Araci,IPTU,Prophet,2025,380378.1619109206,350529.72905831726
2902104,Araci,IPTU,Ensemble,2025,351349.4238825165,350529.72905831726
2902054,Araças,ISSQN,Naive,2021,3617323.8639800632,4397079.071847806
2902054,Araças,ISSQN,ETS,2021,4455257.911145807,4397079.071847806
2902054,Araças,ISSQN,SARIMA,2021,3686172.5946680005,4397079.071847806
2902054,Araças,ISSQN,Theta,2021,4297003.136375963,4397079.071847806
2902054,Araças,ISSQN,Prophet,2021,2983047.082019445,4397079.071847806
2902054,Araças,ISSQN,Ensemble,2021,3855370.181052304,4397079.071847806
2902054,Araças,ISSQN,Naive,2022,4397079.071847806,4899335.290549891
2902054,Araças,ISSQN,ETS,2022,4271133.831266787,4899335.290549891
2902054,Araças,ISSQN,SARIMA,2022,3757156.3158290177,4899335.290549891
2902054,Araças,ISSQN,Theta,2022,4401630.254070586,4899335.290549891
2902054,Araças,ISSQN,Prophet,2022,3321164.8325920845,4899335.290549891
2902054,Araças,ISSQN,Ensemble,2022,3937771.3084396184,4899335.290549891
2902054,Araças,ISSQN,Naive,2023,4899335.290549891,6184294.982921178
2902054,Araças,ISSQN,ETS,2023,4510173.570424619,6184294.982921178
2902054,Araças,ISSQN,SARIMA,2023,3879952.7963243225,6184294.982921178
2902054,Araças,ISSQN,Theta,2023,4703426.131291583,6184294.982921178
2902054,Araças,ISSQN,Prophet,2023,3729373.5202884,6184294.982921178
2902054,Araças,ISSQN,Ensemble,2023,4205731.504582231,6184294.982921178
2902054,Araças,ISSQN,Naive,2024,6184294.982921178,6815542.273634937
2902054,Araças,ISSQN,ETS,2024,5494230.730947564,6815542.273634937
2902054,Araças,ISSQN,SARIMA,2024,4069721.693252877,6815542.273634937
2902054,Araças,ISSQN,Theta,2024,5641822.6430491535,6815542.273634937
2902054,Araças,ISSQN,Prophet,2024,4784774.4414650155,6815542.273634937
2902054,Araças,ISSQN,Ensemble,2024,4997637.377178652,6815542.273634937
2902054,Araças,ISSQN,Naive,2025,6815542.273634937,7738202.61161437
2902054,Araças,ISSQN,ETS,2025,5933498.2206253,7738202.61161437
2902054,Araças,ISSQN,SARIMA,2025,6087703.052342503,7738202.61161437
2902054,Araças,ISSQN,Theta,2025,6115998.341544038,7738202.61161437
2902054,Araças,ISSQN,Prophet,2025,6123727.367931027,7738202.61161437
2902054,Araças,ISSQN,Ensemble,2025,6065231.745610717,7738202.61161437
2902104,Araci,ISSQN,Naive,2021,1469432.407574331,2321860.290134144
2902104,Araci,ISSQN,ETS,2021,1493792.9369107943,2321860.290134144
2902104,Araci,ISSQN,SARIMA,2021,1347372.9401749992,2321860.290134144
2902104,Araci,ISSQN,Theta,2021,1509730.5121500818,2321860.290134144
2902104,Araci,ISSQN,Prophet,2021,2073856.5035770282,2321860.290134144
2902104,Araci,ISSQN,Ensemble,2021,1606188.2232032258,2321860.290134144
2902104,Araci,ISSQN,Naive,2022,2321860.290134144,3174288.1726939566
2902104,Araci,ISSQN,ETS,2022,2724704.278754655,3174288.1726939566
2902104,Araci,ISSQN,SARIMA,2022,3117657.3324781596,3174288.1726939566
2902104,Araci,ISSQN,Theta,2022,2806002.6149201547,3174288.1726939566
2902104,Araci,ISSQN,Prophet,2022,2328394.9287622506,3174288.1726939566
2902104,Araci,ISSQN,Ensemble,2022,2744189.788728805,3174288.1726939566
2902104,Araci,ISSQN,Naive,2023,3174288.1726939566,4710465.802920406
2902104,Araci,ISSQN,ETS,2023,3936499.360270523,4710465.802920406
2902104,Araci,ISSQN,SARIMA,2023,3952830.645332086,4710465.802920406
2902104,Araci,ISSQN,Theta,2023,4046528.402959743,4710465.802920406
2902104,Araci,ISSQN,Prophet,2023,2900204.103444027,4710465.802920406
2902104,Araci,ISSQN,Ensemble,2023,3709015.6280015954,4710465.802920406
2902104,Araci,ISSQN,Naive,2024,4710465.802920406,5014562.899450131
2902104,Araci,ISSQN,ETS,2024,6111949.225703213,5014562.899450131
2902104,Araci,ISSQN,SARIMA,2024,7005698.264245188,5014562.899450131
2902104,Araci,ISSQN,Theta,2024,6294788.781987733,5014562.899450131
2902104,Araci,ISSQN,Prophet,2024,5393004.787910797,5014562.899450131
2902104,Araci,ISSQN,Ensemble,2024,6201360.264961733,5014562.899450131
2902104,Araci,ISSQN,Naive,2025,5014562.899450131,4167771.985007172
2902104,Araci,ISSQN,ETS,2025,4862670.5364954155,4167771.985007172
2902104,Araci,ISSQN,SARIMA,2025,4047270.4014424696,4167771.985007172
2902104,Araci,ISSQN,Theta,2025,4755904.244944863,4167771.985007172
2902104,Araci,ISSQN,Prophet,2025,5716453.013582116,4167771.985007172
2902104,Araci,ISSQN,Ensemble,2025,4845574.549116217,4167771.985007172
2902609,Baixa Grande,ISSQN,Naive,2021,1073779.6021437598,1623429.756858654
2902609,Baixa Grande,ISSQN,ETS,2021,2218235.0728850467,1623429.756858654
2902609,Baixa Grande,ISSQN,SARIMA,2021,1958456.0172924898,1623429.756858654
2902609,Baixa Grande,ISSQN,Theta,2021,1902442.1807227093,1623429.756858654
2902609,Baixa Grande,ISSQN,Prophet,2021,-192616.3663838181,1623429.756858654
2902609,Baixa Grande,ISSQN,Ensemble,2021,1471629.2261291072,1623429.756858654
2902609,Baixa Grande,ISSQN,Naive,2022,1623429.756858654,1851985.999811947
2902609,Baixa Grande,ISSQN,ETS,2022,3723168.4236691394,1851985.999811947
2902609,Baixa Grande,ISSQN,SARIMA,2022,1286013.8820545117,1851985.999811947
2902609,Baixa Grande,ISSQN,Theta,2022,3176772.3220635355,1851985.999811947
2902609,Baixa Grande,ISSQN,Prophet,2022,1007033.8842737916,1851985.999811947
2902609,Baixa Grande,ISSQN,Ensemble,2022,2298247.1280152444,1851985.999811947
2902609,Baixa Grande,ISSQN,Naive,2023,1851985.999811947,2384668.186006636
2902609,Baixa Grande,ISSQN,ETS,2023,2716346.736496821,2384668.186006636
2902609,Baixa Grande,ISSQN,SARIMA,2023,1291174.470905271,2384668.186006636
2902609,Baixa Grande,ISSQN,Theta,2023,1639254.5487931224,2384668.186006636
2902609,Baixa Grande,ISSQN,Prophet,2023,1341340.7805511008,2384668.186006636
2902609,Baixa Grande,ISSQN,Ensemble,2023,1747029.1341865787,2384668.186006636
2902609,Baixa Grande,ISSQN,Naive,2024,2384668.186006636,2095120.350417306
2902609,Baixa Grande,ISSQN,ETS,2024,2859908.229430079,2095120.350417306
2902609,Baixa Grande,ISSQN,SARIMA,2024,2385200.0187306856,2095120.350417306
2902609,Baixa Grande,ISSQN,Theta,2024,2031287.6215943652,2095120.350417306
2902609,Baixa Grande,ISSQN,Prophet,2024,1772420.521467117,2095120.350417306
2902609,Baixa Grande,ISSQN,Ensemble,2024,2262204.0978055615,2095120.350417306
2902609,Baixa Grande,ISSQN,Naive,2025,2095120.350417306,1829840.8170480735
2902609,Baixa Grande,ISSQN,ETS,2025,2713935.974061286,1829840.8170480735
2902609,Baixa Grande,ISSQN,SARIMA,2025,1989229.3979346522,1829840.8170480735
2902609,Baixa Grande,ISSQN,Theta,2025,1973705.3296517774,1829840.8170480735
2902609,Baixa Grande,ISSQN,Prophet,2025,2009101.2789416434,1829840.8170480735
2902609,Baixa Grande,ISSQN,Ensemble,2025,2171492.99514734,1829840.8170480735
2902807,Barra da Estiva,ISSQN,Naive,2021,1627773.6853355952,1420504.185674021
2902807,Barra da Estiva,ISSQN,ETS,2021,1203351.6097670696,1420504.185674021
2902807,Barra da Estiva,ISSQN,SARIMA,2021,442709.1458239453,1420504.185674021
2902807,Barra da Estiva,ISSQN,Theta,2021,1434507.2941486605,1420504.185674021
2902807,Barra da Estiva,ISSQN,Prophet,2021,2520437.0234469487,1420504.185674021
2902807,Barra da Estiva,ISSQN,Ensemble,2021,1400251.2682966562,1420504.185674021
2902807,Barra da Estiva,ISSQN,Naive,2022,1420504.185674021,2426340.6235310505
2902807,Barra da Estiva,ISSQN,ETS,2022,1490869.151756199,2426340.6235310505
2902807,Barra da Estiva,ISSQN,SARIMA,2022,2039270.131049472,2426340.6235310505
2902807,Barra da Estiva,ISSQN,Theta,2022,1803788.5590397706,2426340.6235310505
2902807,Barra da Estiva,ISSQN,Prophet,2022,2096540.325812337,2426340.6235310505
2902807,Barra da Estiva,ISSQN,Ensemble,2022,1857617.0419144446,2426340.6235310505
2902807,Barra da Estiva,ISSQN,Naive,2023,2426340.6235310505,3370683.4196935026
2902807,Barra da Estiva,ISSQN,ETS,2023,2659254.592134517,3370683.4196935026
2902807,Barra da Estiva,ISSQN,SARIMA,2023,3401170.5115187354,3370683.4196935026
2902807,Barra da Estiva,ISSQN,Theta,2023,3343019.3635173333,3370683.4196935026
2902807,Barra da Estiva,ISSQN,Prophet,2023,2395371.521386803,3370683.4196935026
2902807,Barra da Estiva,ISSQN,Ensemble,2023,2949703.997139347,3370683.4196935026
2902807,Barra da Estiva,ISSQN,Naive,2024,3370683.4196935026,3279682.4510955918
2902807,Barra da Estiva,ISSQN,ETS,2024,3584689.9358129646,3279682.4510955918
2902807,Barra da Estiva,ISSQN,SARIMA,2024,3999061.9319639076,3279682.4510955918
2902807,Barra da Estiva,ISSQN,Theta,2024,4083811.2390272217,3279682.4510955918
2902807,Barra da Estiva,ISSQN,Prophet,2024,3068103.886481301,3279682.4510955918
2902807,Barra da Estiva,ISSQN,Ensemble,2024,3683916.748321349,3279682.4510955918
2902807,Barra da Estiva,ISSQN,Naive,2025,3279682.4510955918,2639244.79688477
2902807,Barra da Estiva,ISSQN,ETS,2025,3240231.129690909,2639244.79688477
2902807,Barra da Estiva,ISSQN,SARIMA,2025,3239986.781485804,2639244.79688477
2902807,Barra da Estiva,ISSQN,Theta,2025,3242100.211198281,2639244.79688477
2902807,Barra da Estiva,ISSQN,Prophet,2025,3347868.282334468,2639244.79688477
2902807,Barra da Estiva,ISSQN,Ensemble,2025,3267546.6011773655,2639244.79688477
2902807,Barra da Estiva,IPTU,Naive,2021,260467.72652763457,355217.73711746436
2902807,Barra da Estiva,IPTU,ETS,2021,285361.8200318251,355217.73711746436
2902807,Barra da Estiva,IPTU,SARIMA,2021,574052.7023249115,355217.73711746436
2902807,Barra da Estiva,IPTU,Theta,2021,301554.5228666186,355217.73711746436
2902807,Barra da Estiva,IPTU,Prophet,2021,324930.15925672895,355217.73711746436
2902807,Barra da Estiva,IPTU,Ensemble,2021,371474.80112002103,355217.73711746436
2902807,Barra da Estiva,IPTU,Naive,2022,355217.73711746436,384167.59138205147
2902807,Barra da Estiva,IPTU,ETS,2022,327003.30515039864,384167.59138205147
2902807,Barra da Estiva,IPTU,SARIMA,2022,496996.2404809166,384167.59138205147
2902807,Barra da Estiva,IPTU,Theta,2022,480844.1691131739,384167.59138205147
2902807,Barra da Estiva,IPTU,Prophet,2022,373140.7813802642,384167.59138205147
2902807,Barra da Estiva,IPTU,Ensemble,2022,419496.1240311884,384167.59138205147
2902807,Barra da Estiva,IPTU,Naive,2023,384167.59138205147,302979.2794912405
2902807,Barra da Estiva,IPTU,ETS,2023,349445.7827691165,302979.2794912405
2902807,Barra da Estiva,IPTU,SARIMA,2023,502802.35228834156,302979.2794912405
2902807,Barra da Estiva,IPTU,Theta,2023,486012.8095137081,302979.2794912405
2902807,Barra da Estiva,IPTU,Prophet,2023,425512.01447664166,302979.2794912405
2902807,Barra da Estiva,IPTU,Ensemble,2023,440943.23976195196,302979.2794912405
2902807,Barra da Estiva,IPTU,Naive,2024,302979.2794912405,402840.6668603459
2902807,Barra da Estiva,IPTU,ETS,2024,330160.4406993756,402840.6668603459
2902807,Barra da Estiva,IPTU,SARIMA,2024,266298.9701214581,402840.6668603459
2902807,Barra da Estiva,IPTU,Theta,2024,341368.4517294454,402840.6668603459
2902807,Barra da Estiva,IPTU,Prophet,2024,418139.84183477884,402840.6668603459
2902807,Barra da Estiva,IPTU,Ensemble,2024,338991.92609626456,402840.6668603459
2902807,Barra da Estiva,IPTU,Naive,2025,402840.6668603459,267085.0702191181
2902807,Barra da Estiva,IPTU,ETS,2025,365441.31362500926,267085.0702191181
2902807,Barra da Estiva,IPTU,SARIMA,2025,400427.85552305204,267085.0702191181
2902807,Barra da Estiva,IPTU,Theta,2025,428080.5344936155,267085.0702191181
2902807,Barra da Estiva,IPTU,Prophet,2025,436309.61692509335,267085.0702191181
2902807,Barra da Estiva,IPTU,Ensemble,2025,407564.8301416926,267085.0702191181
2902708,Barra,IPTU,Naive,2021,649167.8288641246,1127637.0409684733
2902708,Barra,IPTU,ETS,2021,755900.7984243176,1127637.0409684733
2902708,Barra,IPTU,SARIMA,2021,590015.8043944186,1127637.0409684733
2902708,Barra,IPTU,Theta,2021,3566903.485444016,1127637.0409684733
2902708,Barra,IPTU,Prophet,2021,852489.3810083417,1127637.0409684733
2902708,Barra,IPTU,Ensemble,2021,1441327.3673177734,1127637.0409684733
2902708,Barra,IPTU,Naive,2022,1127637.0409684733,959561.9823306465
2902708,Barra,IPTU,ETS,2022,1072166.6032076385,959561.9823306465
2902708,Barra,IPTU,SARIMA,2022,587263.6415436477,959561.9823306465
2902708,Barra,IPTU,Theta,2022,2241954.14316179,959561.9823306465
2902708,Barra,IPTU,Prophet,2022,1070882.4391031237,959561.9823306465
2902708,Barra,IPTU,Ensemble,2022,1243066.70675405,959561.9823306465
2902708,Barra,IPTU,Naive,2023,959561.9823306465,1381017.438277234
2902708,Barra,IPTU,ETS,2023,845995.5588353226,1381017.438277234
2902708,Barra,IPTU,SARIMA,2023,595223.171879618,1381017.438277234
2902708,Barra,IPTU,Theta,2023,1266488.3593126275,1381017.438277234
2902708,Barra,IPTU,Prophet,2023,1048808.98817164,1381017.438277234
2902708,Barra,IPTU,Ensemble,2023,939129.019549802,1381017.438277234
2902708,Barra,IPTU,Naive,2024,1381017.438277234,1492558.8323536355
2902708,Barra,IPTU,ETS,2024,936654.2193791845,1492558.8323536355
2902708,Barra,IPTU,SARIMA,2024,666587.0423169216,1492558.8323536355
2902708,Barra,IPTU,Theta,2024,1188260.9533765144,1492558.8323536355
2902708,Barra,IPTU,Prophet,2024,1384996.8568256265,1492558.8323536355
2902708,Barra,IPTU,Ensemble,2024,1044124.7679745618,1492558.8323536355
2902708,Barra,IPTU,Naive,2025,1492558.8323536355,1604100.2264300366
2902708,Barra,IPTU,ETS,2025,1167131.6282707045,1604100.2264300366
2902708,Barra,IPTU,SARIMA,2025,859660.1326971105,1604100.2264300366
2902708,Barra,IPTU,Theta,2025,1411193.642606699,1604100.2264300366
2902708,Barra,IPTU,Prophet,2025,1624510.6258747876,1604100.2264300366
2902708,Barra,IPTU,Ensemble,2025,1265624.0073623254,1604100.2264300366
2903201,Barreiras,IPTU,Naive,2021,13510567.2772122,16062522.864613622
2903201,Barreiras,IPTU,ETS,2021,10673099.831437493,16062522.864613622
2903201,Barreiras,IPTU,SARIMA,2021,9177751.69926595,16062522.864613622
2903201,Barreiras,IPTU,Theta,2021,15751492.491456466,16062522.864613622
2903201,Barreiras,IPTU,Prophet,2021,18547795.77930544,16062522.864613622
2903201,Barreiras,IPTU,Ensemble,2021,13537534.950366337,16062522.864613622
2903201,Barreiras,IPTU,Naive,2022,16062522.864613622,14170615.095561322
2903201,Barreiras,IPTU,ETS,2022,15368336.171825172,14170615.095561322
2903201,Barreiras,IPTU,SARIMA,2022,4704047.543249426,14170615.095561322
2903201,Barreiras,IPTU,Theta,2022,15705621.267932976,14170615.095561322
2903201,Barreiras,IPTU,Prophet,2022,19245232.002815865,14170615.095561322
2903201,Barreiras,IPTU,Ensemble,2022,13755809.24645586,14170615.095561322
2903201,Barreiras,IPTU,Naive,2023,14170615.095561322,17136772.26581452
2903201,Barreiras,IPTU,ETS,2023,18401821.98131486,17136772.26581452
2903201,Barreiras,IPTU,SARIMA,2023,9560278.820301702,17136772.26581452
2903201,Barreiras,IPTU,Theta,2023,14477874.045431484,17136772.26581452
2903201,Barreiras,IPTU,Prophet,2023,18971706.12403893,17136772.26581452
2903201,Barreiras,IPTU,Ensemble,2023,15352920.242771745,17136772.26581452
2903201,Barreiras,IPTU,Naive,2024,17136772.26581452,19012905.29901355
2903201,Barreiras,IPTU,ETS,2024,15219669.153091675,19012905.29901355
2903201,Barreiras,IPTU,SARIMA,2024,14007511.868394213,19012905.29901355
2903201,Barreiras,IPTU,Theta,2024,18965685.836207278,19012905.29901355
2903201,Barreiras,IPTU,Prophet,2024,20162956.82617887,19012905.29901355
2903201,Barreiras,IPTU,Ensemble,2024,17088955.920968007,19012905.29901355
2903201,Barreiras,IPTU,Naive,2025,19012905.29901355,19602843.115960658
2903201,Barreiras,IPTU,ETS,2025,16098241.457473699,19602843.115960658
2903201,Barreiras,IPTU,SARIMA,2025,23381364.50334251,19602843.115960658
2903201,Barreiras,IPTU,Theta,2025,19419113.17708258,19602843.115960658
2903201,Barreiras,IPTU,Prophet,2025,21325523.245926276,19602843.115960658
2903201,Barreiras,IPTU,Ensemble,2025,20056060.595956266,19602843.115960658
2903276,Barrocas,ISSQN,Naive,2021,1899011.6416383246,2448935.4024652336
2903276,Barrocas,ISSQN,ETS,2021,1889414.5220004946,2448935.4024652336
2903276,Barrocas,ISSQN,SARIMA,2021,1720493.2976537936,2448935.4024652336
2903276,Barrocas,ISSQN,Theta,2021,1737384.404241886,2448935.4024652336
2903276,Barrocas,ISSQN,Prophet,2021,1595455.4019228544,2448935.4024652336
2903276,Barrocas,ISSQN,Ensemble,2021,1735686.906454757,2448935.4024652336
2903276,Barrocas,ISSQN,Naive,2022,2448935.4024652336,2675867.555832906
2903276,Barrocas,ISSQN,ETS,2022,2247480.918851669,2675867.555832906
2903276,Barrocas,ISSQN,SARIMA,2022,1618311.9794211106,2675867.555832906
2903276,Barrocas,ISSQN,Theta,2022,2104793.709075465,2675867.555832906
2903276,Barrocas,ISSQN,Prophet,2022,1887088.6435368722,2675867.555832906
2903276,Barrocas,ISSQN,Ensemble,2022,1964418.8127212792,2675867.555832906
2903276,Barrocas,ISSQN,Naive,2023,2675867.555832906,5604715.291548223
2903276,Barrocas,ISSQN,ETS,2023,2846829.4463301846,5604715.291548223
2903276,Barrocas,ISSQN,SARIMA,2023,2165875.3522059773,5604715.291548223
2903276,Barrocas,ISSQN,Theta,2023,2853945.3637361904,5604715.291548223
2903276,Barrocas,ISSQN,Prophet,2023,2200378.7162893247,5604715.291548223
2903276,Barrocas,ISSQN,Ensemble,2023,2516757.2196404194,5604715.291548223
2903276,Barrocas,ISSQN,Naive,2024,5604715.291548223,6625272.181984777
2903276,Barrocas,ISSQN,ETS,2024,5585987.406525902,6625272.181984777
2903276,Barrocas,ISSQN,SARIMA,2024,3783922.1472772746,6625272.181984777
2903276,Barrocas,ISSQN,Theta,2024,5699849.068409276,6625272.181984777
2903276,Barrocas,ISSQN,Prophet,2024,4033698.3725857614,6625272.181984777
2903276,Barrocas,ISSQN,Ensemble,2024,4775864.248699553,6625272.181984777
2903276,Barrocas,ISSQN,Naive,2025,6625272.181984777,14293775.281120451
2903276,Barrocas,ISSQN,ETS,2025,8993332.476658568,14293775.281120451
2903276,Barrocas,ISSQN,SARIMA,2025,6765422.423949603,14293775.281120451
2903276,Barrocas,ISSQN,Theta,2025,7357725.118387284,14293775.281120451
2903276,Barrocas,ISSQN,Prophet,2025,7527720.855833889,14293775.281120451
2903276,Barrocas,ISSQN,Ensemble,2025,7661050.218707338,14293775.281120451
2903201,Barreiras,ISSQN,Naive,2021,45285246.1578065,50948499.124429755
2903201,Barreiras,ISSQN,ETS,2021,50951298.141781464,50948499.124429755
2903201,Barreiras,ISSQN,SARIMA,2021,45221590.68428876,50948499.124429755
2903201,Barreiras,ISSQN,Theta,2021,46179018.33901223,50948499.124429755
2903201,Barreiras,ISSQN,Prophet,2021,52015408.71071123,50948499.124429755
2903201,Barreiras,ISSQN,Ensemble,2021,48591828.96894841,50948499.124429755
2903201,Barreiras,ISSQN,Naive,2022,50948499.124429755,63543223.65397745
2903201,Barreiras,ISSQN,ETS,2022,59895590.665791,63543223.65397745
2903201,Barreiras,ISSQN,SARIMA,2022,63725015.58768822,63543223.65397745
2903201,Barreiras,ISSQN,Theta,2022,59880264.77529929,63543223.65397745
2903201,Barreiras,ISSQN,Prophet,2022,55250469.3680882,63543223.65397745
2903201,Barreiras,ISSQN,Ensemble,2022,59687835.09921667,63543223.65397745
2903201,Barreiras,ISSQN,Naive,2023,63543223.65397745,65316927.4114095
2903201,Barreiras,ISSQN,ETS,2023,62889154.17354071,65316927.4114095
2903201,Barreiras,ISSQN,SARIMA,2023,67597657.62359707,65316927.4114095
2903201,Barreiras,ISSQN,Theta,2023,62035714.370945856,65316927.4114095
2903201,Barreiras,ISSQN,Prophet,2023,64634352.8920691,65316927.4114095
2903201,Barreiras,ISSQN,Ensemble,2023,64289219.765038185,65316927.4114095
2903201,Barreiras,ISSQN,Naive,2024,65316927.4114095,73025809.13908337
2903201,Barreiras,ISSQN,ETS,2024,65795621.48555358,73025809.13908337
2903201,Barreiras,ISSQN,SARIMA,2024,71932206.3580685,73025809.13908337
2903201,Barreiras,ISSQN,Theta,2024,68545673.34628072,73025809.13908337
2903201,Barreiras,ISSQN,Prophet,2024,69852712.36034344,73025809.13908337
2903201,Barreiras,ISSQN,Ensemble,2024,69031553.38756154,73025809.13908337
2903201,Barreiras,ISSQN,Naive,2025,73025809.13908337,71801129.32921511
2903201,Barreiras,ISSQN,ETS,2025,69955642.92376184,71801129.32921511
2903201,Barreiras,ISSQN,SARIMA,2025,75542890.94060011,71801129.32921511
2903201,Barreiras,ISSQN,Theta,2025,71116704.06269248,71801129.32921511
2903201,Barreiras,ISSQN,Prophet,2025,76465729.1973444,71801129.32921511
2903201,Barreiras,ISSQN,Ensemble,2025,73270241.7810997,71801129.32921511
2903409,Belmonte,ISSQN,Naive,2021,4258616.87836559,3704260.0560518405
2903409,Belmonte,ISSQN,ETS,2021,4602461.727670075,3704260.0560518405
2903409,Belmonte,ISSQN,SARIMA,2021,4051959.887629256,3704260.0560518405
2903409,Belmonte,ISSQN,Theta,2021,4594682.437753816,3704260.0560518405
2903409,Belmonte,ISSQN,Prophet,2021,5019642.735726135,3704260.0560518405
2903409,Belmonte,ISSQN,Ensemble,2021,4567186.69719482,3704260.0560518405
2903409,Belmonte,ISSQN,Naive,2022,3704260.0560518405,3520894.189684221
2903409,Belmonte,ISSQN,ETS,2022,3021372.0954726776,3520894.189684221
2903409,Belmonte,ISSQN,SARIMA,2022,4080658.4158355077,3520894.189684221
2903409,Belmonte,ISSQN,Theta,2022,4000008.787636228,3520894.189684221
2903409,Belmonte,ISSQN,Prophet,2022,4367920.954132192,3520894.189684221
2903409,Belmonte,ISSQN,Ensemble,2022,3867490.0632691514,3520894.189684221
2903409,Belmonte,ISSQN,Naive,2023,3520894.189684221,4563808.47831101
2903409,Belmonte,ISSQN,ETS,2023,2759721.5692883264,4563808.47831101
2903409,Belmonte,ISSQN,SARIMA,2023,3707445.0066435235,4563808.47831101
2903409,Belmonte,ISSQN,Theta,2023,3427546.4447789295,4563808.47831101
2903409,Belmonte,ISSQN,Prophet,2023,3912822.7968064942,4563808.47831101
2903409,Belmonte,ISSQN,Ensemble,2023,3451883.954379319,4563808.47831101
2903409,Belmonte,ISSQN,Naive,2024,4563808.47831101,3536193.641635603
2903409,Belmonte,ISSQN,ETS,2024,4348103.915892949,3536193.641635603
2903409,Belmonte,ISSQN,SARIMA,2024,4376082.117172312,3536193.641635603
2903409,Belmonte,ISSQN,Theta,2024,4358666.056424484,3536193.641635603
2903409,Belmonte,ISSQN,Prophet,2024,4125394.8909198004,3536193.641635603
2903409,Belmonte,ISSQN,Ensemble,2024,4302061.745102387,3536193.641635603
2903409,Belmonte,ISSQN,Naive,2025,3536193.641635603,4221434.936542917
2903409,Belmonte,ISSQN,ETS,2025,3785089.6632502996,4221434.936542917
2903409,Belmonte,ISSQN,SARIMA,2025,3822486.926979685,4221434.936542917
2903409,Belmonte,ISSQN,Theta,2025,3710274.1774591794,4221434.936542917
2903409,Belmonte,ISSQN,Prophet,2025,3802234.529700663,4221434.936542917
2903409,Belmonte,ISSQN,Ensemble,2025,3780021.324347457,4221434.936542917
2902708,Barra,ISSQN,Naive,2021,4762382.145544977,4143090.576984548
2902708,Barra,ISSQN,ETS,2021,4681303.807434747,4143090.576984548
2902708,Barra,ISSQN,SARIMA,2021,4761777.898517746,4143090.576984548
2902708,Barra,ISSQN,Theta,2021,5542502.97687817,4143090.576984548
2902708,Barra,ISSQN,Prophet,2021,5555111.194990633,4143090.576984548
2902708,Barra,ISSQN,Ensemble,2021,5135173.969455324,4143090.576984548
2902708,Barra,ISSQN,Naive,2022,4143090.576984548,5174801.4434571015
2902708,Barra,ISSQN,ETS,2022,4320929.279296433,5174801.4434571015
2902708,Barra,ISSQN,SARIMA,2022,4331587.194452779,5174801.4434571015
2902708,Barra,ISSQN,Theta,2022,4892972.974397745,5174801.4434571015
2902708,Barra,ISSQN,Prophet,2022,5159565.46904822,5174801.4434571015
2902708,Barra,ISSQN,Ensemble,2022,4676263.729298794,5174801.4434571015
2902708,Barra,ISSQN,Naive,2023,5174801.4434571015,3569846.170052824
2902708,Barra,ISSQN,ETS,2023,4982106.931028388,3569846.170052824
2902708,Barra,ISSQN,SARIMA,2023,5083300.474253059,3569846.170052824
2902708,Barra,ISSQN,Theta,2023,5589401.026841663,3569846.170052824
2902708,Barra,ISSQN,Prophet,2023,5491553.709521079,3569846.170052824
2902708,Barra,ISSQN,Ensemble,2023,5286590.535411047,3569846.170052824
2902708,Barra,ISSQN,Naive,2024,3569846.170052824,6101635.586592307
2902708,Barra,ISSQN,ETS,2024,3625672.9091338236,6101635.586592307
2902708,Barra,ISSQN,SARIMA,2024,3147117.5689623062,6101635.586592307
2902708,Barra,ISSQN,Theta,2024,4197005.908009763,6101635.586592307
2902708,Barra,ISSQN,Prophet,2024,4728818.935030986,6101635.586592307
2902708,Barra,ISSQN,Ensemble,2024,3924653.8302842192,6101635.586592307
2902708,Barra,ISSQN,Naive,2025,6101635.586592307,5826719.664066179
2902708,Barra,ISSQN,ETS,2025,5285474.864748929,5826719.664066179
2902708,Barra,ISSQN,SARIMA,2025,5997078.242969264,5826719.664066179
2902708,Barra,ISSQN,Theta,2025,6138483.361262248,5826719.664066179
2902708,Barra,ISSQN,Prophet,2025,5707830.567735521,5826719.664066179
2902708,Barra,ISSQN,Ensemble,2025,5782216.7591789905,5826719.664066179
2903003,Barra do Mendes,ISSQN,Naive,2021,1056025.9021568047,901225.3756810189
2903003,Barra do Mendes,ISSQN,ETS,2021,1149945.5407603488,901225.3756810189
2903003,Barra do Mendes,ISSQN,SARIMA,2021,805740.829366484,901225.3756810189
2903003,Barra do Mendes,ISSQN,Theta,2021,1149744.4180809914,901225.3756810189
2903003,Barra do Mendes,ISSQN,Prophet,2021,1076625.0949331685,901225.3756810189
2903003,Barra do Mendes,ISSQN,Ensemble,2021,1045513.9707852482,901225.3756810189
2903003,Barra do Mendes,ISSQN,Naive,2022,901225.3756810189,1639459.6950851753
2903003,Barra do Mendes,ISSQN,ETS,2022,1097042.2040923145,1639459.6950851753
2903003,Barra do Mendes,ISSQN,SARIMA,2022,652667.2702006369,1639459.6950851753
2903003,Barra do Mendes,ISSQN,Theta,2022,813438.8089851171,1639459.6950851753
2903003,Barra do Mendes,ISSQN,Prophet,2022,1188914.8766535367,1639459.6950851753
2903003,Barra do Mendes,ISSQN,Ensemble,2022,938015.7899829012,1639459.6950851753
2903003,Barra do Mendes,ISSQN,Naive,2023,1639459.6950851753,1143415.7263617106
2903003,Barra do Mendes,ISSQN,ETS,2023,1229811.3716425146,1143415.7263617106
2903003,Barra do Mendes,ISSQN,SARIMA,2023,767932.4159635764,1143415.7263617106
2903003,Barra do Mendes,ISSQN,Theta,2023,1494002.2529385362,1143415.7263617106
2903003,Barra do Mendes,ISSQN,Prophet,2023,1433368.2781757433,1143415.7263617106
2903003,Barra do Mendes,ISSQN,Ensemble,2023,1231278.5796800926,1143415.7263617106
2903003,Barra do Mendes,ISSQN,Naive,2024,1143415.7263617106,1654053.6662413082
2903003,Barra do Mendes,ISSQN,ETS,2024,1200554.747136128,1654053.6662413082
2903003,Barra do Mendes,ISSQN,SARIMA,2024,936445.3668180767,1654053.6662413082
2903003,Barra do Mendes,ISSQN,Theta,2024,1327932.7114799146,1654053.6662413082
2903003,Barra do Mendes,ISSQN,Prophet,2024,1366289.5701752368,1654053.6662413082
2903003,Barra do Mendes,ISSQN,Ensemble,2024,1207805.5989023389,1654053.6662413082
2903003,Barra do Mendes,ISSQN,Naive,2025,1654053.6662413082,2115858.7915751487
2903003,Barra do Mendes,ISSQN,ETS,2025,1367508.4381958894,2115858.7915751487
2903003,Barra do Mendes,ISSQN,SARIMA,2025,1072408.0193666308,2115858.7915751487
2903003,Barra do Mendes,ISSQN,Theta,2025,1589697.5161404465,2115858.7915751487
2903003,Barra do Mendes,ISSQN,Prophet,2025,1494340.729559865,2115858.7915751487
2903003,Barra do Mendes,ISSQN,Ensemble,2025,1380988.6758157082,2115858.7915751487
2903607,Biritinga,ISSQN,Naive,2021,596652.6056505762,967002.1151373183
2903607,Biritinga,ISSQN,ETS,2021,611894.3292597573,967002.1151373183
2903607,Biritinga,ISSQN,SARIMA,2021,485267.3713393208,967002.1151373183
2903607,Biritinga,ISSQN,Theta,2021,621557.9217353766,967002.1151373183
2903607,Biritinga,ISSQN,Prophet,2021,680814.5959966669,967002.1151373183
2903607,Biritinga,ISSQN,Ensemble,2021,599883.5545827805,967002.1151373183
2903607,Biritinga,ISSQN,Naive,2022,967002.1151373183,1183511.1889335553
2903607,Biritinga,ISSQN,ETS,2022,1301253.1734366303,1183511.1889335553
2903607,Biritinga,ISSQN,SARIMA,2022,1096688.0193175278,1183511.1889335553
2903607,Biritinga,ISSQN,Theta,2022,1049981.7547014314,1183511.1889335553
2903607,Biritinga,ISSQN,Prophet,2022,908009.9967904558,1183511.1889335553
2903607,Biritinga,ISSQN,Ensemble,2022,1088983.2360615116,1183511.1889335553
2903607,Biritinga,ISSQN,Naive,2023,1183511.1889335553,1400020.2627297924
2903607,Biritinga,ISSQN,ETS,2023,1412290.6328457366,1400020.2627297924
2903607,Biritinga,ISSQN,SARIMA,2023,1427152.536780175,1400020.2627297924
2903607,Biritinga,ISSQN,Theta,2023,1322245.3691104238,1400020.2627297924
2903607,Biritinga,ISSQN,Prophet,2023,1149618.3320973725,1400020.2627297924
2903607,Biritinga,ISSQN,Ensemble,2023,1327826.717708427,1400020.2627297924
2903607,Biritinga,ISSQN,Naive,2024,1400020.2627297924,1217789.434724485
2903607,Biritinga,ISSQN,ETS,2024,1569420.1100011568,1217789.434724485
2903607,Biritinga,ISSQN,SARIMA,2024,1547398.7277604556,1217789.434724485
2903607,Biritinga,ISSQN,Theta,2024,1530670.9106252207,1217789.434724485
2903607,Biritinga,ISSQN,Prophet,2024,1449890.332323134,1217789.434724485
2903607,Biritinga,ISSQN,Ensemble,2024,1524345.0201774917,1217789.434724485
2903607,Biritinga,ISSQN,Naive,2025,1217789.434724485,1662108.7681381053
2903607,Biritinga,ISSQN,ETS,2025,1291959.8764433265,1662108.7681381053
2903607,Biritinga,ISSQN,SARIMA,2025,1567416.1356286118,1662108.7681381053
2903607,Biritinga,ISSQN,Theta,2025,1295277.270225676,1662108.7681381053
2903607,Biritinga,ISSQN,Prophet,2025,1446358.0004100776,1662108.7681381053
2903607,Biritinga,ISSQN,Ensemble,2025,1400252.8206769228,1662108.7681381053
2904100,Boquira,ISSQN,Naive,2021,1212747.4559213016,678073.5083336007
2904100,Boquira,ISSQN,ETS,2021,1062481.8806009134,678073.5083336007
2904100,Boquira,ISSQN,SARIMA,2021,1011864.8197528996,678073.5083336007
2904100,Boquira,ISSQN,Theta,2021,1161426.1913752328,678073.5083336007
2904100,Boquira,ISSQN,Prophet,2021,1023649.185699705,678073.5083336007
2904100,Boquira,ISSQN,Ensemble,2021,1064855.5193571877,678073.5083336007
2904100,Boquira,ISSQN,Naive,2022,678073.5083336007,1054947.0031789264
2904100,Boquira,ISSQN,ETS,2022,744011.4143331741,1054947.0031789264
2904100,Boquira,ISSQN,SARIMA,2022,811548.3132153667,1054947.0031789264
2904100,Boquira,ISSQN,Theta,2022,708152.9870421257,1054947.0031789264
2904100,Boquira,ISSQN,Prophet,2022,804450.1093257146,1054947.0031789264
2904100,Boquira,ISSQN,Ensemble,2022,767040.7059790953,1054947.0031789264
2904100,Boquira,ISSQN,Naive,2023,1054947.0031789264,1252317.0892795278
2904100,Boquira,ISSQN,ETS,2023,1084906.2931124775,1252317.0892795278
2904100,Boquira,ISSQN,SARIMA,2023,995082.2140880196,1252317.0892795278
2904100,Boquira,ISSQN,Theta,2023,1267114.8010686897,1252317.0892795278
2904100,Boquira,ISSQN,Prophet,2023,891775.1322798149,1252317.0892795278
2904100,Boquira,ISSQN,Ensemble,2023,1059719.6101372505,1252317.0892795278
2904100,Boquira,ISSQN,Naive,2024,1252317.0892795278,1315873.2966180146
2904100,Boquira,ISSQN,ETS,2024,1130167.4205484088,1315873.2966180146
2904100,Boquira,ISSQN,SARIMA,2024,990722.9091804669,1315873.2966180146
2904100,Boquira,ISSQN,Theta,2024,1666563.3151265674,1315873.2966180146
2904100,Boquira,ISSQN,Prophet,2024,1051582.616130016,1315873.2966180146
2904100,Boquira,ISSQN,Ensemble,2024,1209759.0652463646,1315873.2966180146
2904100,Boquira,ISSQN,Naive,2025,1315873.2966180146,1098686.3107729903
2904100,Boquira,ISSQN,ETS,2025,1365616.696951122,1098686.3107729903
2904100,Boquira,ISSQN,SARIMA,2025,1093779.7114228094,1098686.3107729903
2904100,Boquira,ISSQN,Theta,2025,1403837.3369812297,1098686.3107729903
2904100,Boquira,ISSQN,Prophet,2025,1153946.351312516,1098686.3107729903
2904100,Boquira,ISSQN,Ensemble,2025,1254295.0241669193,1098686.3107729903
2904209,Botuporã,ISSQN,Naive,2021,599003.1599621833,558565.0695853103
2904209,Botuporã,ISSQN,ETS,2021,727713.1271330833,558565.0695853103
2904209,Botuporã,ISSQN,SARIMA,2021,670534.9187019479,558565.0695853103
2904209,Botuporã,ISSQN,Theta,2021,551865.8737166931,558565.0695853103
2904209,Botuporã,ISSQN,Prophet,2021,212331.06798236113,558565.0695853103
2904209,Botuporã,ISSQN,Ensemble,2021,540611.2468835214,558565.0695853103
2904209,Botuporã,ISSQN,Naive,2022,558565.0695853103,570752.4875595137
2904209,Botuporã,ISSQN,ETS,2022,623924.3215891127,570752.4875595137
2904209,Botuporã,ISSQN,SARIMA,2022,637587.6553815446,570752.4875595137
2904209,Botuporã,ISSQN,Theta,2022,503495.14772190934,570752.4875595137
2904209,Botuporã,ISSQN,Prophet,2022,185224.77521622268,570752.4875595137
2904209,Botuporã,ISSQN,Ensemble,2022,487557.9749771974,570752.4875595137
2904209,Botuporã,ISSQN,Naive,2023,570752.4875595137,568610.5294680484
2904209,Botuporã,ISSQN,ETS,2023,611111.4815089398,568610.5294680484
2904209,Botuporã,ISSQN,SARIMA,2023,583779.1032084229,568610.5294680484
2904209,Botuporã,ISSQN,Theta,2023,506215.72659762716,568610.5294680484
2904209,Botuporã,ISSQN,Prophet,2023,229417.23480889839,568610.5294680484
2904209,Botuporã,ISSQN,Ensemble,2023,482630.88653097197,568610.5294680484
2904209,Botuporã,ISSQN,Naive,2024,568610.5294680484,1330218.1721577756
2904209,Botuporã,ISSQN,ETS,2024,582684.8613019859,1330218.1721577756
2904209,Botuporã,ISSQN,SARIMA,2024,563128.5966843776,1330218.1721577756
2904209,Botuporã,ISSQN,Theta,2024,502822.31839941005,1330218.1721577756
2904209,Botuporã,ISSQN,Prophet,2024,239770.31483782665,1330218.1721577756
2904209,Botuporã,ISSQN,Ensemble,2024,472101.5228059001,1330218.1721577756
2904209,Botuporã,ISSQN,Naive,2025,1330218.1721577756,1177685.8520373052
2904209,Botuporã,ISSQN,ETS,2025,1195001.2817024316,1177685.8520373052
2904209,Botuporã,ISSQN,SARIMA,2025,812898.5408206627,1177685.8520373052
2904209,Botuporã,ISSQN,Theta,2025,1170185.7595478466,1177685.8520373052
2904209,Botuporã,ISSQN,Prophet,2025,708574.43501507,1177685.8520373052
2904209,Botuporã,ISSQN,Ensemble,2025,971665.0042715025,1177685.8520373052
2903904,Bom Jesus da Lapa,IPTU,Naive,2021,1657569.420918673,1770370.4583788007
2903904,Bom Jesus da Lapa,IPTU,ETS,2021,2768785.588744968,1770370.4583788007
2903904,Bom Jesus da Lapa,IPTU,SARIMA,2021,2242371.5026508938,1770370.4583788007
2903904,Bom Jesus da Lapa,IPTU,Theta,2021,2600695.868210612,1770370.4583788007
2903904,Bom Jesus da Lapa,IPTU,Prophet,2021,2305431.107435529,1770370.4583788007
2903904,Bom Jesus da Lapa,IPTU,Ensemble,2021,2479321.0167605,1770370.4583788007
2903904,Bom Jesus da Lapa,IPTU,Naive,2022,1770370.4583788007,1381596.663359737
2903904,Bom Jesus da Lapa,IPTU,ETS,2022,2174998.5592660485,1381596.663359737
2903904,Bom Jesus da Lapa,IPTU,SARIMA,2022,2454792.6235793373,1381596.663359737
2903904,Bom Jesus da Lapa,IPTU,Theta,2022,1992769.046543772,1381596.663359737
2903904,Bom Jesus da Lapa,IPTU,Prophet,2022,2305545.8456416647,1381596.663359737
2903904,Bom Jesus da Lapa,IPTU,Ensemble,2022,2232026.518757706,1381596.663359737
2903904,Bom Jesus da Lapa,IPTU,Naive,2023,1381596.663359737,1052149.4853560429
2903904,Bom Jesus da Lapa,IPTU,ETS,2023,1580694.6920440414,1052149.4853560429
2903904,Bom Jesus da Lapa,IPTU,SARIMA,2023,1278174.49832531,1052149.4853560429
2903904,Bom Jesus da Lapa,IPTU,Theta,2023,1486613.1003013041,1052149.4853560429
2903904,Bom Jesus da Lapa,IPTU,Prophet,2023,2153920.484051121,1052149.4853560429
2903904,Bom Jesus da Lapa,IPTU,Ensemble,2023,1624850.693680444,1052149.4853560429
2903904,Bom Jesus da Lapa,IPTU,Naive,2024,1052149.4853560429,1249502.8185143871
2903904,Bom Jesus da Lapa,IPTU,ETS,2024,1765699.4820200056,1249502.8185143871
2903904,Bom Jesus da Lapa,IPTU,SARIMA,2024,1111255.6116003229,1249502.8185143871
2903904,Bom Jesus da Lapa,IPTU,Theta,2024,1983357.9555101204,1249502.8185143871
2903904,Bom Jesus da Lapa,IPTU,Prophet,2024,1632417.7458788967,1249502.8185143871
2903904,Bom Jesus da Lapa,IPTU,Ensemble,2024,1623182.6987523364,1249502.8185143871
2903904,Bom Jesus da Lapa,IPTU,Naive,2025,1249502.8185143871,1115069.5766228668
2903904,Bom Jesus da Lapa,IPTU,ETS,2025,1708007.0456333715,1115069.5766228668
2903904,Bom Jesus da Lapa,IPTU,SARIMA,2025,1186500.5443848427,1115069.5766228668
2903904,Bom Jesus da Lapa,IPTU,Theta,2025,1654969.032228784,1115069.5766228668
2903904,Bom Jesus da Lapa,IPTU,Prophet,2025,1330800.1427676564,1115069.5766228668
2903904,Bom Jesus da Lapa,IPTU,Ensemble,2025,1470069.1912536637,1115069.5766228668
2904605,Brumado,ISSQN,Naive,2021,14286870.045930523,14345985.717871554
2904605,Brumado,ISSQN,ETS,2021,15548949.049317159,14345985.717871554
2904605,Brumado,ISSQN,SARIMA,2021,15767092.715845335,14345985.717871554
2904605,Brumado,ISSQN,Theta,2021,14689808.140127003,14345985.717871554
2904605,Brumado,ISSQN,Prophet,2021,14482307.138826618,14345985.717871554
2904605,Brumado,ISSQN,Ensemble,2021,15122039.26102903,14345985.717871554
2904605,Brumado,ISSQN,Naive,2022,14345985.717871554,20741640.81018262
2904605,Brumado,ISSQN,ETS,2022,13117423.818504496,20741640.81018262
2904605,Brumado,ISSQN,SARIMA,2022,15918555.83547726,20741640.81018262
2904605,Brumado,ISSQN,Theta,2022,15222168.266054861,20741640.81018262
2904605,Brumado,ISSQN,Prophet,2022,13929846.867432399,20741640.81018262
2904605,Brumado,ISSQN,Ensemble,2022,14546998.696867254,20741640.81018262
2904605,Brumado,ISSQN,Naive,2023,20741640.81018262,26251747.651338
2904605,Brumado,ISSQN,ETS,2023,21522847.079709977,26251747.651338
2904605,Brumado,ISSQN,SARIMA,2023,17049019.710066166,26251747.651338
2904605,Brumado,ISSQN,Theta,2023,23697948.65197414,26251747.651338
2904605,Brumado,ISSQN,Prophet,2023,16831420.685166154,26251747.651338
2904605,Brumado,ISSQN,Ensemble,2023,19775309.03172911,26251747.651338
2904605,Brumado,ISSQN,Naive,2024,26251747.651338,30310683.330279358
2904605,Brumado,ISSQN,ETS,2024,27121231.13060672,30310683.330279358
2904605,Brumado,ISSQN,SARIMA,2024,30345052.471277684,30310683.330279358
2904605,Brumado,ISSQN,Theta,2024,31749596.423009742,30310683.330279358
2904605,Brumado,ISSQN,Prophet,2024,24890025.027509954,30310683.330279358
2904605,Brumado,ISSQN,Ensemble,2024,28526476.263101023,30310683.330279358
2904605,Brumado,ISSQN,Naive,2025,30310683.330279358,28985182.55266598
2904605,Brumado,ISSQN,ETS,2025,29135962.94787139,28985182.55266598
2904605,Brumado,ISSQN,SARIMA,2025,31346427.64585341,28985182.55266598
2904605,Brumado,ISSQN,Theta,2025,30171159.43631942,28985182.55266598
2904605,Brumado,ISSQN,Prophet,2025,32961155.879990507,28985182.55266598
2904605,Brumado,ISSQN,Ensemble,2025,30903676.47750868,28985182.55266598
2904605,Brumado,IPTU,Naive,2021,5173799.816266394,4860700.968030853
2904605,Brumado,IPTU,ETS,2021,7173356.712980366,4860700.968030853
2904605,Brumado,IPTU,SARIMA,2021,7372394.54023389,4860700.968030853
2904605,Brumado,IPTU,Theta,2021,5676755.470569368,4860700.968030853
2904605,Brumado,IPTU,Prophet,2021,6264201.150532489,4860700.968030853
2904605,Brumado,IPTU,Ensemble,2021,6621676.968579028,4860700.968030853
2904605,Brumado,IPTU,Naive,2022,4860700.968030853,4902636.513993883
2904605,Brumado,IPTU,ETS,2022,9048163.822989242,4902636.513993883
2904605,Brumado,IPTU,SARIMA,2022,3684097.712416262,4902636.513993883
2904605,Brumado,IPTU,Theta,2022,6041352.005222966,4902636.513993883
2904605,Brumado,IPTU,Prophet,2022,6392202.965281448,4902636.513993883
2904605,Brumado,IPTU,Ensemble,2022,6291454.126477481,4902636.513993883
2904605,Brumado,IPTU,Naive,2023,4902636.513993883,5064070.969138411
2904605,Brumado,IPTU,ETS,2023,7217522.321314911,5064070.969138411
2904605,Brumado,IPTU,SARIMA,2023,3732483.122305156,5064070.969138411
2904605,Brumado,IPTU,Theta,2023,6296248.348682879,5064070.969138411
2904605,Brumado,IPTU,Prophet,2023,6700571.4452443225,5064070.969138411
2904605,Brumado,IPTU,Ensemble,2023,5986706.309386818,5064070.969138411
2904605,Brumado,IPTU,Naive,2024,5064070.969138411,4960155.49658848
2904605,Brumado,IPTU,ETS,2024,6417750.151167148,4960155.49658848
2904605,Brumado,IPTU,SARIMA,2024,3092428.248304623,4960155.49658848
2904605,Brumado,IPTU,Theta,2024,5289029.389067341,4960155.49658848
2904605,Brumado,IPTU,Prophet,2024,6735543.867355438,4960155.49658848
2904605,Brumado,IPTU,Ensemble,2024,5383687.913973637,4960155.49658848
2904605,Brumado,IPTU,Naive,2025,4960155.49658848,4796031.888457096
2904605,Brumado,IPTU,ETS,2025,6754618.618974014,4796031.888457096
2904605,Brumado,IPTU,SARIMA,2025,3709062.2001901856,4796031.888457096
2904605,Brumado,IPTU,Theta,2025,5519878.201412452,4796031.888457096
2904605,Brumado,IPTU,Prophet,2025,6097633.898234942,4796031.888457096
2904605,Brumado,IPTU,Ensemble,2025,5520298.229702898,4796031.888457096
2904050,Bonito,ISSQN,Naive,2021,1412974.4931514517,1136410.9922772376
2904050,Bonito,ISSQN,ETS,2021,2340393.6934194076,1136410.9922772376
2904050,Bonito,ISSQN,SARIMA,2021,2057865.7675904147,1136410.9922772376
2904050,Bonito,ISSQN,Theta,2021,1876550.7698777355,1136410.9922772376
2904050,Bonito,ISSQN,Prophet,2021,-618171.2552470872,1136410.9922772376
2904050,Bonito,ISSQN,Ensemble,2021,1414159.7439101175,1136410.9922772376
2904050,Bonito,ISSQN,Naive,2022,1136410.9922772376,2079165.9705843707
2904050,Bonito,ISSQN,ETS,2022,1089921.1237043687,2079165.9705843707
2904050,Bonito,ISSQN,SARIMA,2022,790524.3515478713,2079165.9705843707
2904050,Bonito,ISSQN,Theta,2022,1038739.4167874163,2079165.9705843707
2904050,Bonito,ISSQN,Prophet,2022,-52969.32870897617,2079165.9705843707
2904050,Bonito,ISSQN,Ensemble,2022,716553.89083267,2079165.9705843707
2904050,Bonito,ISSQN,Naive,2023,2079165.9705843707,2195093.6510769264
2904050,Bonito,ISSQN,ETS,2023,2605865.663718081,2195093.6510769264
2904050,Bonito,ISSQN,SARIMA,2023,1632052.8739301446,2195093.6510769264
2904050,Bonito,ISSQN,Theta,2023,2349915.939698442,2195093.6510769264
2904050,Bonito,ISSQN,Prophet,2023,115651.14246920843,2195093.6510769264
2904050,Bonito,ISSQN,Ensemble,2023,1675871.404953969,2195093.6510769264
2904050,Bonito,ISSQN,Naive,2024,2195093.6510769264,2326419.058934252
2904050,Bonito,ISSQN,ETS,2024,3326585.36077173,2326419.058934252
2904050,Bonito,ISSQN,SARIMA,2024,2048046.8548644516,2326419.058934252
2904050,Bonito,ISSQN,Theta,2024,2362020.9579551276,2326419.058934252
2904050,Bonito,ISSQN,Prophet,2024,1285438.791200511,2326419.058934252
2904050,Bonito,ISSQN,Ensemble,2024,2255522.991197955,2326419.058934252
2904050,Bonito,ISSQN,Naive,2025,2326419.058934252,2123678.5528839766
2904050,Bonito,ISSQN,ETS,2025,2699673.1676821397,2123678.5528839766
2904050,Bonito,ISSQN,SARIMA,2025,1939155.8630896988,2123678.5528839766
2904050,Bonito,ISSQN,Theta,2025,2377058.11118646,2123678.5528839766
2904050,Bonito,ISSQN,Prophet,2025,1726068.2351075478,2123678.5528839766
2904050,Bonito,ISSQN,Ensemble,2025,2185488.8442664617,2123678.5528839766
2904407,Brejolândia,ISSQN,Naive,2021,326707.78051754204,250890.12664425105
2904407,Brejolândia,ISSQN,ETS,2021,745655.7861574322,250890.12664425105
2904407,Brejolândia,ISSQN,SARIMA,2021,321383.5060247807,250890.12664425105
2904407,Brejolândia,ISSQN,Theta,2021,601258.420099717,250890.12664425105
2904407,Brejolândia,ISSQN,Prophet,2021,-125048.03180873477,250890.12664425105
2904407,Brejolândia,ISSQN,Ensemble,2021,385812.4201182988,250890.12664425105
2904407,Brejolândia,ISSQN,Naive,2022,250890.12664425105,175072.4727709601
2904407,Brejolândia,ISSQN,ETS,2022,476218.3417224984,175072.4727709601
2904407,Brejolândia,ISSQN,SARIMA,2022,314953.21308172424,175072.4727709601
2904407,Brejolândia,ISSQN,Theta,2022,353070.6986536301,175072.4727709601
2904407,Brejolândia,ISSQN,Prophet,2022,-194035.4157397252,175072.4727709601
2904407,Brejolândia,ISSQN,Ensemble,2022,237551.70942953188,175072.4727709601
2904407,Brejolândia,ISSQN,Naive,2023,175072.4727709601,239453.5205327896
2904407,Brejolândia,ISSQN,ETS,2023,345838.8494343447,239453.5205327896
2904407,Brejolândia,ISSQN,SARIMA,2023,157268.32135538023,239453.5205327896
2904407,Brejolândia,ISSQN,Theta,2023,224571.3219856379,239453.5205327896
2904407,Brejolândia,ISSQN,Prophet,2023,-216862.00035095852,239453.5205327896
2904407,Brejolândia,ISSQN,Ensemble,2023,127704.12310610108,239453.5205327896
2904407,Brejolândia,ISSQN,Naive,2024,239453.5205327896,160246.6060056431
2904407,Brejolândia,ISSQN,ETS,2024,358710.4707158701,160246.6060056431
2904407,Brejolândia,ISSQN,SARIMA,2024,253122.1889010262,160246.6060056431
2904407,Brejolândia,ISSQN,Theta,2024,275948.2406441463,160246.6060056431
2904407,Brejolândia,ISSQN,Prophet,2024,-173052.2176634672,160246.6060056431
2904407,Brejolândia,ISSQN,Ensemble,2024,178682.17064939387,160246.6060056431
2904407,Brejolândia,ISSQN,Naive,2025,160246.6060056431,170784.9913413246
2904407,Brejolândia,ISSQN,ETS,2025,194940.03239786188,170784.9913413246
2904407,Brejolândia,ISSQN,SARIMA,2025,112416.39518892704,170784.9913413246
2904407,Brejolândia,ISSQN,Theta,2025,147644.73595870953,170784.9913413246
2904407,Brejolândia,ISSQN,Prophet,2025,-148507.90483400994,170784.9913413246
2904407,Brejolândia,ISSQN,Ensemble,2025,76623.31467787214,170784.9913413246
2903904,Bom Jesus da Lapa,ISSQN,Naive,2021,10915509.68160729,8554076.081209509
2903904,Bom Jesus da Lapa,ISSQN,ETS,2021,9933208.053935813,8554076.081209509
2903904,Bom Jesus da Lapa,ISSQN,SARIMA,2021,12801529.01091684,8554076.081209509
2903904,Bom Jesus da Lapa,ISSQN,Theta,2021,12908899.920318529,8554076.081209509
2903904,Bom Jesus da Lapa,ISSQN,Prophet,2021,11655858.505386995,8554076.081209509
2903904,Bom Jesus da Lapa,ISSQN,Ensemble,2021,11824873.872639546,8554076.081209509
2903904,Bom Jesus da Lapa,ISSQN,Naive,2022,8554076.081209509,6266633.73779494
2903904,Bom Jesus da Lapa,ISSQN,ETS,2022,9921827.820203308,6266633.73779494
2903904,Bom Jesus da Lapa,ISSQN,SARIMA,2022,9368868.54656487,6266633.73779494
2903904,Bom Jesus da Lapa,ISSQN,Theta,2022,10602939.241633685,6266633.73779494
2903904,Bom Jesus da Lapa,ISSQN,Prophet,2022,10286715.95650884,6266633.73779494
2903904,Bom Jesus da Lapa,ISSQN,Ensemble,2022,10045087.891227676,6266633.73779494
2903904,Bom Jesus da Lapa,ISSQN,Naive,2023,6266633.73779494,6744097.644154476
2903904,Bom Jesus da Lapa,ISSQN,ETS,2023,9493621.922533263,6744097.644154476
2903904,Bom Jesus da Lapa,ISSQN,SARIMA,2023,6722893.552868359,6744097.644154476
2903904,Bom Jesus da Lapa,ISSQN,Theta,2023,7267698.868460756,6744097.644154476
2903904,Bom Jesus da Lapa,ISSQN,Prophet,2023,8236855.112460726,6744097.644154476
2903904,Bom Jesus da Lapa,ISSQN,Ensemble,2023,7930267.3640807755,6744097.644154476
2903904,Bom Jesus da Lapa,ISSQN,Naive,2024,6744097.644154476,6842912.155857331
2903904,Bom Jesus da Lapa,ISSQN,ETS,2024,6849071.044683467,6842912.155857331
2903904,Bom Jesus da Lapa,ISSQN,SARIMA,2024,6949140.819962514,6842912.155857331
2903904,Bom Jesus da Lapa,ISSQN,Theta,2024,7120096.057748092,6842912.155857331
2903904,Bom Jesus da Lapa,ISSQN,Prophet,2024,6772075.253952515,6842912.155857331
2903904,Bom Jesus da Lapa,ISSQN,Ensemble,2024,6922595.794086648,6842912.155857331
2903904,Bom Jesus da Lapa,ISSQN,Naive,2025,6842912.155857331,6107284.623459026
2903904,Bom Jesus da Lapa,ISSQN,ETS,2025,6750932.943750458,6107284.623459026
2903904,Bom Jesus da Lapa,ISSQN,SARIMA,2025,7191537.230018609,6107284.623459026
2903904,Bom Jesus da Lapa,ISSQN,Theta,2025,7034095.3507761555,6107284.623459026
2903904,Bom Jesus da Lapa,ISSQN,Prophet,2025,6234867.1412290335,6107284.623459026
2903904,Bom Jesus da Lapa,ISSQN,Ensemble,2025,6802858.166443564,6107284.623459026
2905008,Caculé,IPTU,Naive,2021,271454.08450529363,348631.0471138437
2905008,Caculé,IPTU,ETS,2021,731735.1269074721,348631.0471138437
2905008,Caculé,IPTU,SARIMA,2021,130036.50894238526,348631.0471138437
2905008,Caculé,IPTU,Theta,2021,520942.3775961313,348631.0471138437
2905008,Caculé,IPTU,Prophet,2021,230774.57347108383,348631.0471138437
2905008,Caculé,IPTU,Ensemble,2021,403372.1467292681,348631.0471138437
2905008,Caculé,IPTU,Naive,2022,348631.0471138437,760723.507709074
2905008,Caculé,IPTU,ETS,2022,315696.90087182884,760723.507709074
2905008,Caculé,IPTU,SARIMA,2022,159251.8223510541,760723.507709074
2905008,Caculé,IPTU,Theta,2022,416793.39062205283,760723.507709074
2905008,Caculé,IPTU,Prophet,2022,260463.63004004245,760723.507709074
2905008,Caculé,IPTU,Ensemble,2022,288051.43597124453,760723.507709074
2905008,Caculé,IPTU,Naive,2023,760723.507709074,693722.8740061107
2905008,Caculé,IPTU,ETS,2023,1077846.432778868,693722.8740061107
2905008,Caculé,IPTU,SARIMA,2023,456989.51467648055,693722.8740061107
2905008,Caculé,IPTU,Theta,2023,1625887.7471709505,693722.8740061107
2905008,Caculé,IPTU,Prophet,2023,467248.2901740837,693722.8740061107
2905008,Caculé,IPTU,Ensemble,2023,906992.9962000957,693722.8740061107
2905008,Caculé,IPTU,Naive,2024,693722.8740061107,684035.424265755
2905008,Caculé,IPTU,ETS,2024,1136554.193634695,684035.424265755
2905008,Caculé,IPTU,SARIMA,2024,416974.9920251043,684035.424265755
2905008,Caculé,IPTU,Theta,2024,556059.3016213829,684035.424265755
2905008,Caculé,IPTU,Prophet,2024,739147.7655855147,684035.424265755
2905008,Caculé,IPTU,Ensemble,2024,712184.0632166744,684035.424265755
2905008,Caculé,IPTU,Naive,2025,684035.424265755,616042.2976355306
2905008,Caculé,IPTU,ETS,2025,855421.2418981915,616042.2976355306
2905008,Caculé,IPTU,SARIMA,2025,376294.5519659081,616042.2976355306
2905008,Caculé,IPTU,Theta,2025,190823.30730329934,616042.2976355306
2905008,Caculé,IPTU,Prophet,2025,699042.0079405784,616042.2976355306
2905008,Caculé,IPTU,Ensemble,2025,530395.2772769942,616042.2976355306
2904506,Brotas de Macaúbas,ISSQN,Naive,2021,2099356.6616338063,2426021.3465119
2904506,Brotas de Macaúbas,ISSQN,ETS,2021,1732933.6621696597,2426021.3465119
2904506,Brotas de Macaúbas,ISSQN,SARIMA,2021,1057393.450858389,2426021.3465119
2904506,Brotas de Macaúbas,ISSQN,Theta,2021,2518366.3351049637,2426021.3465119
2904506,Brotas de Macaúbas,ISSQN,Prophet,2021,2627526.818451874,2426021.3465119
2904506,Brotas de Macaúbas,ISSQN,Ensemble,2021,1984055.0666462218,2426021.3465119
2904506,Brotas de Macaúbas,ISSQN,Naive,2022,2426021.3465119,2752686.031389994
2904506,Brotas de Macaúbas,ISSQN,ETS,2022,1928264.1854829867,2752686.031389994
2904506,Brotas de Macaúbas,ISSQN,SARIMA,2022,2475345.840514686,2752686.031389994
2904506,Brotas de Macaúbas,ISSQN,Theta,2022,2559823.525950695,2752686.031389994
2904506,Brotas de Macaúbas,ISSQN,Prophet,2022,2878501.5734641305,2752686.031389994
2904506,Brotas de Macaúbas,ISSQN,Ensemble,2022,2460483.7813531244,2752686.031389994
2904506,Brotas de Macaúbas,ISSQN,Naive,2023,2752686.031389994,4533617.2167715
2904506,Brotas de Macaúbas,ISSQN,ETS,2023,2446560.418715561,4533617.2167715
2904506,Brotas de Macaúbas,ISSQN,SARIMA,2023,2178772.4198458856,4533617.2167715
2904506,Brotas de Macaúbas,ISSQN,Theta,2023,3061581.4404248605,4533617.2167715
2904506,Brotas de Macaúbas,ISSQN,Prophet,2023,3035188.164439008,4533617.2167715
2904506,Brotas de Macaúbas,ISSQN,Ensemble,2023,2680525.610856329,4533617.2167715
2904506,Brotas de Macaúbas,ISSQN,Naive,2024,4533617.2167715,6048762.283047125
2904506,Brotas de Macaúbas,ISSQN,ETS,2024,3306372.767097181,6048762.283047125
2904506,Brotas de Macaúbas,ISSQN,SARIMA,2024,4729900.6415725695,6048762.283047125
2904506,Brotas de Macaúbas,ISSQN,Theta,2024,4967382.703023329,6048762.283047125
2904506,Brotas de Macaúbas,ISSQN,Prophet,2024,4020927.7236016695,6048762.283047125
2904506,Brotas de Macaúbas,ISSQN,Ensemble,2024,4256145.958823687,6048762.283047125
2904506,Brotas de Macaúbas,ISSQN,Naive,2025,6048762.283047125,6703201.497697535
2904506,Brotas de Macaúbas,ISSQN,ETS,2025,7923820.807172945,6703201.497697535
2904506,Brotas de Macaúbas,ISSQN,SARIMA,2025,5616044.042740324,6703201.497697535
2904506,Brotas de Macaúbas,ISSQN,Theta,2025,7109197.350112945,6703201.497697535
2904506,Brotas de Macaúbas,ISSQN,Prophet,2025,5279683.560897593,6703201.497697535
2904506,Brotas de Macaúbas,ISSQN,Ensemble,2025,6482186.440230952,6703201.497697535
2905156,Caetanos,ISSQN,Naive,2021,403712.2092434048,433488.16791756824
2905156,Caetanos,ISSQN,ETS,2021,542567.9175141338,433488.16791756824
2905156,Caetanos,ISSQN,SARIMA,2021,421267.19123235135,433488.16791756824
2905156,Caetanos,ISSQN,Theta,2021,508311.83881873236,433488.16791756824
2905156,Caetanos,ISSQN,Prophet,2021,-79835.2719356051,433488.16791756824
2905156,Caetanos,ISSQN,Ensemble,2021,348077.91890740313,433488.16791756824
2905156,Caetanos,ISSQN,Naive,2022,433488.16791756824,1154960.6353467454
2905156,Caetanos,ISSQN,ETS,2022,614165.4451677519,1154960.6353467454
2905156,Caetanos,ISSQN,SARIMA,2022,454663.78516334394,1154960.6353467454
2905156,Caetanos,ISSQN,Theta,2022,577557.7422592705,1154960.6353467454
2905156,Caetanos,ISSQN,Prophet,2022,-18269.049583602653,1154960.6353467454
2905156,Caetanos,ISSQN,Ensemble,2022,407029.48075169086,1154960.6353467454
2905156,Caetanos,ISSQN,Naive,2023,1154960.6353467454,1071972.3677278492
2905156,Caetanos,ISSQN,ETS,2023,2028873.2514545983,1071972.3677278492
2905156,Caetanos,ISSQN,SARIMA,2023,2377204.8325733934,1071972.3677278492
2905156,Caetanos,ISSQN,Theta,2023,1922691.2818092215,1071972.3677278492
2905156,Caetanos,ISSQN,Prophet,2023,857348.9892081772,1071972.3677278492
2905156,Caetanos,ISSQN,Ensemble,2023,1796529.5887613476,1071972.3677278492
2905156,Caetanos,ISSQN,Naive,2024,1071972.3677278492,1403767.037075524
2905156,Caetanos,ISSQN,ETS,2024,1019003.3669843043,1403767.037075524
2905156,Caetanos,ISSQN,SARIMA,2024,427724.3314846983,1403767.037075524
2905156,Caetanos,ISSQN,Theta,2024,848560.3208151319,1403767.037075524
2905156,Caetanos,ISSQN,Prophet,2024,1116649.3908685776,1403767.037075524
2905156,Caetanos,ISSQN,Ensemble,2024,852984.3525381781,1403767.037075524
2905156,Caetanos,ISSQN,Naive,2025,1403767.037075524,847746.9247663392
2905156,Caetanos,ISSQN,ETS,2025,1562816.302085015,847746.9247663392
2905156,Caetanos,ISSQN,SARIMA,2025,1980272.597661316,847746.9247663392
2905156,Caetanos,ISSQN,Theta,2025,1816591.330722614,847746.9247663392
2905156,Caetanos,ISSQN,Prophet,2025,1703558.0998924877,847746.9247663392
2905156,Caetanos,ISSQN,Ensemble,2025,1765809.5825903583,847746.9247663392
2905008,Caculé,ISSQN,Naive,2021,1645131.1188273074,1441206.339172877
2905008,Caculé,ISSQN,ETS,2021,1752326.4176111575,1441206.339172877
2905008,Caculé,ISSQN,SARIMA,2021,1653998.4936490362,1441206.339172877
2905008,Caculé,ISSQN,Theta,2021,1745035.9456669213,1441206.339172877
2905008,Caculé,ISSQN,Prophet,2021,1805045.230695704,1441206.339172877
2905008,Caculé,ISSQN,Ensemble,2021,1739101.521905705,1441206.339172877
2905008,Caculé,ISSQN,Naive,2022,1441206.339172877,3129330.046534881
2905008,Caculé,ISSQN,ETS,2022,1614078.072384558,3129330.046534881
2905008,Caculé,ISSQN,SARIMA,2022,1539929.6650839709,3129330.046534881
2905008,Caculé,ISSQN,Theta,2022,1512174.6231086007,3129330.046534881
2905008,Caculé,ISSQN,Prophet,2022,1621970.5578619426,3129330.046534881
2905008,Caculé,ISSQN,Ensemble,2022,1572038.229609768,3129330.046534881
2905008,Caculé,ISSQN,Naive,2023,3129330.046534881,2371174.3206796385
2905008,Caculé,ISSQN,ETS,2023,3288591.978433003,2371174.3206796385
2905008,Caculé,ISSQN,SARIMA,2023,2113979.5972956577,2371174.3206796385
2905008,Caculé,ISSQN,Theta,2023,3472924.398405479,2371174.3206796385
2905008,Caculé,ISSQN,Prophet,2023,2905029.1679537427,2371174.3206796385
2905008,Caculé,ISSQN,Ensemble,2023,2945131.2855219706,2371174.3206796385
2905008,Caculé,ISSQN,Naive,2024,2371174.3206796385,2850619.672597512
2905008,Caculé,ISSQN,ETS,2024,2431941.0713319182,2850619.672597512
2905008,Caculé,ISSQN,SARIMA,2024,2257647.051086301,2850619.672597512
2905008,Caculé,ISSQN,Theta,2024,2517802.1088797357,2850619.672597512
2905008,Caculé,ISSQN,Prophet,2024,2494605.1502153096,2850619.672597512
2905008,Caculé,ISSQN,Ensemble,2024,2425498.845378316,2850619.672597512
2905008,Caculé,ISSQN,Naive,2025,2850619.672597512,3085792.3500653496
2905008,Caculé,ISSQN,ETS,2025,2538523.4716583607,3085792.3500653496
2905008,Caculé,ISSQN,SARIMA,2025,2132719.103713272,3085792.3500653496
2905008,Caculé,ISSQN,Theta,2025,2675761.4583213013,3085792.3500653496
2905008,Caculé,ISSQN,Prophet,2025,2778691.9748000754,3085792.3500653496
2905008,Caculé,ISSQN,Ensemble,2025,2531424.0021232525,3085792.3500653496
2905503,Caldeirão Grande,ISSQN,Naive,2021,257628.6551615328,300962.008505165
2905503,Caldeirão Grande,ISSQN,ETS,2021,100481.83949531097,300962.008505165
2905503,Caldeirão Grande,ISSQN,SARIMA,2021,261153.66803025745,300962.008505165
2905503,Caldeirão Grande,ISSQN,Theta,2021,204868.56006543798,300962.008505165
2905503,Caldeirão Grande,ISSQN,Prophet,2021,128709.48519003244,300962.008505165
2905503,Caldeirão Grande,ISSQN,Ensemble,2021,173803.3881952597,300962.008505165
2905503,Caldeirão Grande,ISSQN,Naive,2022,300962.008505165,433738.7180899704
2905503,Caldeirão Grande,ISSQN,ETS,2022,355670.78601299715,433738.7180899704
2905503,Caldeirão Grande,ISSQN,SARIMA,2022,257608.70034906678,433738.7180899704
2905503,Caldeirão Grande,ISSQN,Theta,2022,212415.2928586517,433738.7180899704
2905503,Caldeirão Grande,ISSQN,Prophet,2022,102073.82293683084,433738.7180899704
2905503,Caldeirão Grande,ISSQN,Ensemble,2022,231942.1505393866,433738.7180899704
2905503,Caldeirão Grande,ISSQN,Naive,2023,433738.7180899704,709864.88454057
2905503,Caldeirão Grande,ISSQN,ETS,2023,408622.2241132947,709864.88454057
2905503,Caldeirão Grande,ISSQN,SARIMA,2023,339890.7910857584,709864.88454057
2905503,Caldeirão Grande,ISSQN,Theta,2023,405694.27540359093,709864.88454057
2905503,Caldeirão Grande,ISSQN,Prophet,2023,191137.23487837912,709864.88454057
2905503,Caldeirão Grande,ISSQN,Ensemble,2023,336336.13137025584,709864.88454057
2905503,Caldeirão Grande,ISSQN,Naive,2024,709864.88454057,804125.9799204057
2905503,Caldeirão Grande,ISSQN,ETS,2024,861275.1313036236,804125.9799204057
2905503,Caldeirão Grande,ISSQN,SARIMA,2024,384450.21251470386,804125.9799204057
2905503,Caldeirão Grande,ISSQN,Theta,2024,694654.8589973598,804125.9799204057
2905503,Caldeirão Grande,ISSQN,Prophet,2024,400680.73086527403,804125.9799204057
2905503,Caldeirão Grande,ISSQN,Ensemble,2024,585265.2334202402,804125.9799204057
2905503,Caldeirão Grande,ISSQN,Naive,2025,804125.9799204057,1032146.445075983
2905503,Caldeirão Grande,ISSQN,ETS,2025,1011567.1615499114,1032146.445075983
2905503,Caldeirão Grande,ISSQN,SARIMA,2025,684163.9197149135,1032146.445075983
2905503,Caldeirão Grande,ISSQN,Theta,2025,776752.7982915257,1032146.445075983
2905503,Caldeirão Grande,ISSQN,Prophet,2025,541006.0635851598,1032146.445075983
2905503,Caldeirão Grande,ISSQN,Ensemble,2025,753372.4857853777,1032146.445075983
2905602,Camacan,ISSQN,Naive,2021,1650066.1576140295,1472615.3724568603
2905602,Camacan,ISSQN,ETS,2021,1601532.1165064005,1472615.3724568603
2905602,Camacan,ISSQN,SARIMA,2021,1787684.376508212,1472615.3724568603
2905602,Camacan,ISSQN,Theta,2021,1709029.3483834197,1472615.3724568603
2905602,Camacan,ISSQN,Prophet,2021,1643044.6309080247,1472615.3724568603
2905602,Camacan,ISSQN,Ensemble,2021,1685322.6180765145,1472615.3724568603
2905602,Camacan,ISSQN,Naive,2022,1472615.3724568603,1595174.5161708225
2905602,Camacan,ISSQN,ETS,2022,1446456.0900349403,1595174.5161708225
2905602,Camacan,ISSQN,SARIMA,2022,1497858.0997747309,1595174.5161708225
2905602,Camacan,ISSQN,Theta,2022,1470478.3759838024,1595174.5161708225
2905602,Camacan,ISSQN,Prophet,2022,1481290.8186398123,1595174.5161708225
2905602,Camacan,ISSQN,Ensemble,2022,1474020.8461083213,1595174.5161708225
2905602,Camacan,ISSQN,Naive,2023,1595174.5161708225,1672213.1818680204
2905602,Camacan,ISSQN,ETS,2023,1653774.0628009795,1672213.1818680204
2905602,Camacan,ISSQN,SARIMA,2023,1935804.6638540002,1672213.1818680204
2905602,Camacan,ISSQN,Theta,2023,1562130.3747766998,1672213.1818680204
2905602,Camacan,ISSQN,Prophet,2023,1462941.7203418764,1672213.1818680204
2905602,Camacan,ISSQN,Ensemble,2023,1653662.705443389,1672213.1818680204
2905602,Camacan,ISSQN,Naive,2024,1672213.1818680204,1822979.4612439277
2905602,Camacan,ISSQN,ETS,2024,1580791.856895877,1822979.4612439277
2905602,Camacan,ISSQN,SARIMA,2024,1659452.4759886689,1822979.4612439277
2905602,Camacan,ISSQN,Theta,2024,1608057.977282615,1822979.4612439277
2905602,Camacan,ISSQN,Prophet,2024,1478303.0848220494,1822979.4612439277
2905602,Camacan,ISSQN,Ensemble,2024,1581651.3487473025,1822979.4612439277
2905602,Camacan,ISSQN,Naive,2025,1822979.4612439277,1764764.8757042778
2905602,Camacan,ISSQN,ETS,2025,1803012.6681208883,1764764.8757042778
2905602,Camacan,ISSQN,SARIMA,2025,1892445.039153479,1764764.8757042778
2905602,Camacan,ISSQN,Theta,2025,1833047.1380415005,1764764.8757042778
2905602,Camacan,ISSQN,Prophet,2025,1553393.99836721,1764764.8757042778
2905602,Camacan,ISSQN,Ensemble,2025,1770474.7109207695,1764764.8757042778
2905404,Cairu,ISSQN,Naive,2021,7554425.246063059,7752807.839515872
2905404,Cairu,ISSQN,ETS,2021,8044225.524864056,7752807.839515872
2905404,Cairu,ISSQN,SARIMA,2021,8633277.23335895,7752807.839515872
2905404,Cairu,ISSQN,Theta,2021,8876066.502265772,7752807.839515872
2905404,Cairu,ISSQN,Prophet,2021,7518828.596411095,7752807.839515872
2905404,Cairu,ISSQN,Ensemble,2021,8268099.464224969,7752807.839515872
2905404,Cairu,ISSQN,Naive,2022,7752807.839515872,11090098.299508195
2905404,Cairu,ISSQN,ETS,2022,8455092.741024548,11090098.299508195
2905404,Cairu,ISSQN,SARIMA,2022,8747031.617016982,11090098.299508195
2905404,Cairu,ISSQN,Theta,2022,9538933.949298045,11090098.299508195
2905404,Cairu,ISSQN,Prophet,2022,7896171.994724663,11090098.299508195
2905404,Cairu,ISSQN,Ensemble,2022,8659307.575516058,11090098.299508195
2905404,Cairu,ISSQN,Naive,2023,11090098.299508195,11272424.185380656
2905404,Cairu,ISSQN,ETS,2023,10754215.331796318,11272424.185380656
2905404,Cairu,ISSQN,SARIMA,2023,11109456.8818454,11272424.185380656
2905404,Cairu,ISSQN,Theta,2023,12185566.131435156,11272424.185380656
2905404,Cairu,ISSQN,Prophet,2023,9819470.533679193,11272424.185380656
2905404,Cairu,ISSQN,Ensemble,2023,10967177.219689017,11272424.185380656
2905404,Cairu,ISSQN,Naive,2024,11272424.185380656,12414220.300674414
2905404,Cairu,ISSQN,ETS,2024,11386554.727930753,12414220.300674414
2905404,Cairu,ISSQN,SARIMA,2024,12609271.879041418,12414220.300674414
2905404,Cairu,ISSQN,Theta,2024,12313589.588483691,12414220.300674414
2905404,Cairu,ISSQN,Prophet,2024,11041476.141090557,12414220.300674414
2905404,Cairu,ISSQN,Ensemble,2024,11837723.084136603,12414220.300674414
2905404,Cairu,ISSQN,Naive,2025,12414220.300674414,13755380.814041033
2905404,Cairu,ISSQN,ETS,2025,13694998.076494426,13755380.814041033
2905404,Cairu,ISSQN,SARIMA,2025,14047323.629809465,13755380.814041033
2905404,Cairu,ISSQN,Theta,2025,14047398.496921346,13755380.814041033
2905404,Cairu,ISSQN,Prophet,2025,12292601.513354039,13755380.814041033
2905404,Cairu,ISSQN,Ensemble,2025,13520580.429144818,13755380.814041033
2905602,Camacan,IPTU,Naive,2021,522450.79155044694,916273.8693410561
2905602,Camacan,IPTU,ETS,2021,685411.7218436857,916273.8693410561
2905602,Camacan,IPTU,SARIMA,2021,573107.0158133366,916273.8693410561
2905602,Camacan,IPTU,Theta,2021,816923.2677819334,916273.8693410561
2905602,Camacan,IPTU,Prophet,2021,719271.7378921898,916273.8693410561
2905602,Camacan,IPTU,Ensemble,2021,698678.4358327864,916273.8693410561
2905602,Camacan,IPTU,Naive,2022,916273.8693410561,1089084.9633898726
2905602,Camacan,IPTU,ETS,2022,879311.5590544327,1089084.9633898726
2905602,Camacan,IPTU,SARIMA,2022,684886.2024059913,1089084.9633898726
2905602,Camacan,IPTU,Theta,2022,793557.687712699,1089084.9633898726
2905602,Camacan,IPTU,Prophet,2022,907177.7300616818,1089084.9633898726
2905602,Camacan,IPTU,Ensemble,2022,816233.2948087011,1089084.9633898726
2905602,Camacan,IPTU,Naive,2023,1089084.9633898726,907321.1920286727
2905602,Camacan,IPTU,ETS,2023,1205357.6201397434,907321.1920286727
2905602,Camacan,IPTU,SARIMA,2023,1187222.3130814275,907321.1920286727
2905602,Camacan,IPTU,Theta,2023,1172708.6923420085,907321.1920286727
2905602,Camacan,IPTU,Prophet,2023,1099933.0502484592,907321.1920286727
2905602,Camacan,IPTU,Ensemble,2023,1166305.4189529098,907321.1920286727
2905602,Camacan,IPTU,Naive,2024,907321.1920286727,890126.2394438008
2905602,Camacan,IPTU,ETS,2024,897734.8837235263,890126.2394438008
2905602,Camacan,IPTU,SARIMA,2024,839970.7091053127,890126.2394438008
2905602,Camacan,IPTU,Theta,2024,878405.8001952702,890126.2394438008
2905602,Camacan,IPTU,Prophet,2024,1123189.1197419965,890126.2394438008
2905602,Camacan,IPTU,Ensemble,2024,934825.1281915265,890126.2394438008
2905602,Camacan,IPTU,Naive,2025,890126.2394438008,927255.713951504
2905602,Camacan,IPTU,ETS,2025,716800.512617737,927255.713951504
2905602,Camacan,IPTU,SARIMA,2025,658514.5463107518,927255.713951504
2905602,Camacan,IPTU,Theta,2025,753001.4180868682,927255.713951504
2905602,Camacan,IPTU,Prophet,2025,1124247.827940071,927255.713951504
2905602,Camacan,IPTU,Ensemble,2025,813141.0762388568,927255.713951504
2905305,Cafarnaum,ISSQN,Naive,2021,1503843.025995748,1718275.9969343517
2905305,Cafarnaum,ISSQN,ETS,2021,2977692.7121527847,1718275.9969343517
2905305,Cafarnaum,ISSQN,SARIMA,2021,1481905.6185946395,1718275.9969343517
2905305,Cafarnaum,ISSQN,Theta,2021,1284382.297584348,1718275.9969343517
2905305,Cafarnaum,ISSQN,Prophet,2021,-431913.77179266256,1718275.9969343517
2905305,Cafarnaum,ISSQN,Ensemble,2021,1328016.7141347774,1718275.9969343517
2905305,Cafarnaum,ISSQN,Naive,2022,1718275.9969343517,2160504.3224156667
2905305,Cafarnaum,ISSQN,ETS,2022,3022697.9723858465,2160504.3224156667
2905305,Cafarnaum,ISSQN,SARIMA,2022,1690349.1178971285,2160504.3224156667
2905305,Cafarnaum,ISSQN,Theta,2022,859750.6405507682,2160504.3224156667
2905305,Cafarnaum,ISSQN,Prophet,2022,149929.69568894815,2160504.3224156667
2905305,Cafarnaum,ISSQN,Ensemble,2022,1430681.856630673,2160504.3224156667
2905305,Cafarnaum,ISSQN,Naive,2023,2160504.3224156667,5591742.084819486
2905305,Cafarnaum,ISSQN,ETS,2023,2950263.706579468,5591742.084819486
2905305,Cafarnaum,ISSQN,SARIMA,2023,2502326.225526124,5591742.084819486
2905305,Cafarnaum,ISSQN,Theta,2023,1281216.8476327644,5591742.084819486
2905305,Cafarnaum,ISSQN,Prophet,2023,872901.3301438431,5591742.084819486
2905305,Cafarnaum,ISSQN,Ensemble,2023,1901677.0274705498,5591742.084819486
2905305,Cafarnaum,ISSQN,Naive,2024,5591742.084819486,3807905.427766763
2905305,Cafarnaum,ISSQN,ETS,2024,7718376.109942395,3807905.427766763
2905305,Cafarnaum,ISSQN,SARIMA,2024,7016851.147898091,3807905.427766763
2905305,Cafarnaum,ISSQN,Theta,2024,4783654.496231304,3807905.427766763
2905305,Cafarnaum,ISSQN,Prophet,2024,1930570.1150069605,3807905.427766763
2905305,Cafarnaum,ISSQN,Ensemble,2024,5362362.967269687,3807905.427766763
2905305,Cafarnaum,ISSQN,Naive,2025,3807905.427766763,4026975.639908729
2905305,Cafarnaum,ISSQN,ETS,2025,4363943.546136063,4026975.639908729
2905305,Cafarnaum,ISSQN,SARIMA,2025,2434169.3931555813,4026975.639908729
2905305,Cafarnaum,ISSQN,Theta,2025,3787640.299565126,4026975.639908729
2905305,Cafarnaum,ISSQN,Prophet,2025,1856405.4513085948,4026975.639908729
2905305,Cafarnaum,ISSQN,Ensemble,2025,3110539.672541341,4026975.639908729
2905701,Camaçari,ISSQN,Naive,2021,180405719.14907628,200528616.07928592
2905701,Camaçari,ISSQN,ETS,2021,178097729.82341415,200528616.07928592
2905701,Camaçari,ISSQN,SARIMA,2021,172778646.0269429,200528616.07928592
2905701,Camaçari,ISSQN,Theta,2021,175859646.30301255,200528616.07928592
2905701,Camaçari,ISSQN,Prophet,2021,181870430.84323195,200528616.07928592
2905701,Camaçari,ISSQN,Ensemble,2021,177151613.2491504,200528616.07928592
2905701,Camaçari,ISSQN,Naive,2022,200528616.07928592,236682257.3391595
2905701,Camaçari,ISSQN,ETS,2022,212822209.13295996,236682257.3391595
2905701,Camaçari,ISSQN,SARIMA,2022,225652622.78068662,236682257.3391595
2905701,Camaçari,ISSQN,Theta,2022,213868073.76123977,236682257.3391595
2905701,Camaçari,ISSQN,Prophet,2022,196914224.23976594,236682257.3391595
2905701,Camaçari,ISSQN,Ensemble,2022,212314282.4786631,236682257.3391595
2905701,Camaçari,ISSQN,Naive,2023,236682257.3391595,261057197.9670556
2905701,Camaçari,ISSQN,ETS,2023,261356256.54318798,261057197.9670556
2905701,Camaçari,ISSQN,SARIMA,2023,279697297.95099,261057197.9670556
2905701,Camaçari,ISSQN,Theta,2023,260205746.11935896,261057197.9670556
2905701,Camaçari,ISSQN,Prophet,2023,261479466.39295378,261057197.9670556
2905701,Camaçari,ISSQN,Ensemble,2023,265684691.75162268,261057197.9670556
2905701,Camaçari,ISSQN,Naive,2024,261057197.9670556,251726198.44502148
2905701,Camaçari,ISSQN,ETS,2024,265958042.3216979,251726198.44502148
2905701,Camaçari,ISSQN,SARIMA,2024,275349003.5731205,251726198.44502148
2905701,Camaçari,ISSQN,Theta,2024,267466445.71157277,251726198.44502148
2905701,Camaçari,ISSQN,Prophet,2024,286957359.4141032,251726198.44502148
2905701,Camaçari,ISSQN,Ensemble,2024,273932712.7551236,251726198.44502148
2905701,Camaçari,ISSQN,Naive,2025,251726198.44502148,281655114.9316145
2905701,Camaçari,ISSQN,ETS,2025,254999774.63922065,281655114.9316145
2905701,Camaçari,ISSQN,SARIMA,2025,254104202.32068843,281655114.9316145
2905701,Camaçari,ISSQN,Theta,2025,255993660.89472055,281655114.9316145
2905701,Camaçari,ISSQN,Prophet,2025,280612637.33821696,281655114.9316145
2905701,Camaçari,ISSQN,Ensemble,2025,261427568.7982117,281655114.9316145
2905800,Camamu,IPTU,Naive,2021,205774.04535792104,300955.9893677266
2905800,Camamu,IPTU,ETS,2021,296267.44365136465,300955.9893677266
2905800,Camamu,IPTU,SARIMA,2021,345278.07602753094,300955.9893677266
2905800,Camamu,IPTU,Theta,2021,385448.95196652523,300955.9893677266
2905800,Camamu,IPTU,Prophet,2021,230594.63129095006,300955.9893677266
2905800,Camamu,IPTU,Ensemble,2021,314397.2757340927,300955.9893677266
2905800,Camamu,IPTU,Naive,2022,300955.9893677266,219169.49840914155
2905800,Camamu,IPTU,ETS,2022,324093.2341061172,219169.49840914155
2905800,Camamu,IPTU,SARIMA,2022,450742.92408242123,219169.49840914155
2905800,Camamu,IPTU,Theta,2022,520025.00491881784,219169.49840914155
2905800,Camamu,IPTU,Prophet,2022,291855.66972074885,219169.49840914155
2905800,Camamu,IPTU,Ensemble,2022,396679.2082070263,219169.49840914155
2905800,Camamu,IPTU,Naive,2023,219169.49840914155,249630.43075088543
2905800,Camamu,IPTU,ETS,2023,304906.4477934839,249630.43075088543
2905800,Camamu,IPTU,SARIMA,2023,491150.18540305644,249630.43075088543
2905800,Camamu,IPTU,Theta,2023,373596.94187956996,249630.43075088543
2905800,Camamu,IPTU,Prophet,2023,288490.78639857663,249630.43075088543
2905800,Camamu,IPTU,Ensemble,2023,364536.0903686717,249630.43075088543
2905800,Camamu,IPTU,Naive,2024,249630.43075088543,238945.9566018273
2905800,Camamu,IPTU,ETS,2024,308352.47295738437,238945.9566018273
2905800,Camamu,IPTU,SARIMA,2024,446326.844753006,238945.9566018273
2905800,Camamu,IPTU,Theta,2024,381483.34650387417,238945.9566018273
2905800,Camamu,IPTU,Prophet,2024,293793.67477564036,238945.9566018273
2905800,Camamu,IPTU,Ensemble,2024,357489.0847474762,238945.9566018273
2905800,Camamu,IPTU,Naive,2025,238945.9566018273,271248.5834580245
2905800,Camamu,IPTU,ETS,2025,315926.32050560944,271248.5834580245
2905800,Camamu,IPTU,SARIMA,2025,366422.5445518287,271248.5834580245
2905800,Camamu,IPTU,Theta,2025,319961.4880405793,271248.5834580245
2905800,Camamu,IPTU,Prophet,2025,270982.90734468034,271248.5834580245
2905800,Camamu,IPTU,Ensemble,2025,318323.3151106745,271248.5834580245
2905800,Camamu,ISSQN,Naive,2021,1064452.3113986163,1187689.233895521
2905800,Camamu,ISSQN,ETS,2021,1049378.9846670856,1187689.233895521
2905800,Camamu,ISSQN,SARIMA,2021,1337659.1241280304,1187689.233895521
2905800,Camamu,ISSQN,Theta,2021,1235429.6922619562,1187689.233895521
2905800,Camamu,ISSQN,Prophet,2021,894312.2610047103,1187689.233895521
2905800,Camamu,ISSQN,Ensemble,2021,1129195.0155154455,1187689.233895521
2905800,Camamu,ISSQN,Naive,2022,1187689.233895521,2775428.548070952
2905800,Camamu,ISSQN,ETS,2022,1099981.6447149408,2775428.548070952
2905800,Camamu,ISSQN,SARIMA,2022,1151493.6958132104,2775428.548070952
2905800,Camamu,ISSQN,Theta,2022,1074799.6309067414,2775428.548070952
2905800,Camamu,ISSQN,Prophet,2022,835838.0089397301,2775428.548070952
2905800,Camamu,ISSQN,Ensemble,2022,1040528.245093656,2775428.548070952
2905800,Camamu,ISSQN,Naive,2023,2775428.548070952,1545430.0238248562
2905800,Camamu,ISSQN,ETS,2023,1757573.9464758493,1545430.0238248562
2905800,Camamu,ISSQN,SARIMA,2023,2441499.08038344,1545430.0238248562
2905800,Camamu,ISSQN,Theta,2023,2895551.2282838076,1545430.0238248562
2905800,Camamu,ISSQN,Prophet,2023,1887698.2717196313,1545430.0238248562
2905800,Camamu,ISSQN,Ensemble,2023,2245580.631715682,1545430.0238248562
2905800,Camamu,ISSQN,Naive,2024,1545430.0238248562,1902131.8479909634
2905800,Camamu,ISSQN,ETS,2024,1741947.6596141045,1902131.8479909634
2905800,Camamu,ISSQN,SARIMA,2024,1460805.9039632343,1902131.8479909634
2905800,Camamu,ISSQN,Theta,2024,1799856.9650510862,1902131.8479909634
2905800,Camamu,ISSQN,Prophet,2024,1737500.2516573798,1902131.8479909634
2905800,Camamu,ISSQN,Ensemble,2024,1685027.695071451,1902131.8479909634
2905800,Camamu,ISSQN,Naive,2025,1902131.8479909634,2144996.355412759
2905800,Camamu,ISSQN,ETS,2025,1763185.2325846518,2144996.355412759
2905800,Camamu,ISSQN,SARIMA,2025,1561617.3679903648,2144996.355412759
2905800,Camamu,ISSQN,Theta,2025,1887271.0472234173,2144996.355412759
2905800,Camamu,ISSQN,Prophet,2025,1804897.5141987675,2144996.355412759
2905800,Camamu,ISSQN,Ensemble,2025,1754242.7904993005,2144996.355412759
2905701,Camaçari,IPTU,Naive,2021,184156975.3890423,224825705.66790903
2905701,Camaçari,IPTU,ETS,2021,217310506.83979434,224825705.66790903
2905701,Camaçari,IPTU,SARIMA,2021,124788712.51833563,224825705.66790903
2905701,Camaçari,IPTU,Theta,2021,241066994.05304798,224825705.66790903
2905701,Camaçari,IPTU,Prophet,2021,237886930.7959522,224825705.66790903
2905701,Camaçari,IPTU,Ensemble,2021,205263286.05178252,224825705.66790903
2905701,Camaçari,IPTU,Naive,2022,224825705.66790903,302397065.3371818
2905701,Camaçari,IPTU,ETS,2022,296868392.0479016,302397065.3371818
2905701,Camaçari,IPTU,SARIMA,2022,156333074.82870585,302397065.3371818
2905701,Camaçari,IPTU,Theta,2022,228094537.7397982,302397065.3371818
2905701,Camaçari,IPTU,Prophet,2022,248878949.1987474,302397065.3371818
2905701,Camaçari,IPTU,Ensemble,2022,232543738.45378825,302397065.3371818
2905701,Camaçari,IPTU,Naive,2023,302397065.3371818,299089552.4893737
2905701,Camaçari,IPTU,ETS,2023,375173074.7008395,299089552.4893737
2905701,Camaçari,IPTU,SARIMA,2023,251040069.5496793,299089552.4893737
2905701,Camaçari,IPTU,Theta,2023,312318794.6640345,299089552.4893737
2905701,Camaçari,IPTU,Prophet,2023,301507396.09471244,299089552.4893737
2905701,Camaçari,IPTU,Ensemble,2023,310009833.7523165,299089552.4893737
2905701,Camaçari,IPTU,Naive,2024,299089552.4893737,245447923.64499906
2905701,Camaçari,IPTU,ETS,2024,379612664.5522767,245447923.64499906
2905701,Camaçari,IPTU,SARIMA,2024,294451525.2660219,245447923.64499906
2905701,Camaçari,IPTU,Theta,2024,389367148.97198284,245447923.64499906
2905701,Camaçari,IPTU,Prophet,2024,333319725.6180091,245447923.64499906
2905701,Camaçari,IPTU,Ensemble,2024,349187766.1020727,245447923.64499906
2905701,Camaçari,IPTU,Naive,2025,245447923.64499906,281382892.4622737
2905701,Camaçari,IPTU,ETS,2025,381691638.4094622,281382892.4622737
2905701,Camaçari,IPTU,SARIMA,2025,206967996.8504439,281382892.4622737
2905701,Camaçari,IPTU,Theta,2025,298589905.00974745,281382892.4622737
2905701,Camaçari,IPTU,Prophet,2025,335969477.767956,281382892.4622737
2905701,Camaçari,IPTU,Ensemble,2025,305804754.5094024,281382892.4622737
2906006,Campo Formoso,IPTU,Naive,2021,2077790.9386087419,2427879.1621581786
2906006,Campo Formoso,IPTU,ETS,2021,3395905.3369419756,2427879.1621581786
2906006,Campo Formoso,IPTU,SARIMA,2021,3406542.944042338,2427879.1621581786
2906006,Campo Formoso,IPTU,Theta,2021,2197726.7258689813,2427879.1621581786
2906006,Campo Formoso,IPTU,Prophet,2021,2498568.508071619,2427879.1621581786
2906006,Campo Formoso,IPTU,Ensemble,2021,2874685.8787312284,2427879.1621581786
2906006,Campo Formoso,IPTU,Naive,2022,2427879.1621581786,1758998.431603514
2906006,Campo Formoso,IPTU,ETS,2022,2092700.8666996008,1758998.431603514
2906006,Campo Formoso,IPTU,SARIMA,2022,3570423.5729660913,1758998.431603514
2906006,Campo Formoso,IPTU,Theta,2022,2624766.080460914,1758998.431603514
2906006,Campo Formoso,IPTU,Prophet,2022,2751886.835278351,1758998.431603514
2906006,Campo Formoso,IPTU,Ensemble,2022,2759944.338851239,1758998.431603514
2906006,Campo Formoso,IPTU,Naive,2023,1758998.431603514,1691051.561934672
2906006,Campo Formoso,IPTU,ETS,2023,1794712.0831652335,1691051.561934672
2906006,Campo Formoso,IPTU,SARIMA,2023,1212613.3961721275,1691051.561934672
2906006,Campo Formoso,IPTU,Theta,2023,1976378.6429938797,1691051.561934672
2906006,Campo Formoso,IPTU,Prophet,2023,2634244.458302646,1691051.561934672
2906006,Campo Formoso,IPTU,Ensemble,2023,1904487.1451584718,1691051.561934672
2906006,Campo Formoso,IPTU,Naive,2024,1691051.561934672,1768486.2324328674
2906006,Campo Formoso,IPTU,ETS,2024,1755522.8923492546,1768486.2324328674
2906006,Campo Formoso,IPTU,SARIMA,2024,1178292.3934999555,1768486.2324328674
2906006,Campo Formoso,IPTU,Theta,2024,1682300.142080772,1768486.2324328674
2906006,Campo Formoso,IPTU,Prophet,2024,2615279.9114156514,1768486.2324328674
2906006,Campo Formoso,IPTU,Ensemble,2024,1807848.8348364087,1768486.2324328674
2906006,Campo Formoso,IPTU,Naive,2025,1768486.2324328674,3158081.502742392
2906006,Campo Formoso,IPTU,ETS,2025,1692649.1397857936,3158081.502742392
2906006,Campo Formoso,IPTU,SARIMA,2025,1255977.3168730382,3158081.502742392
2906006,Campo Formoso,IPTU,Theta,2025,1657813.9559835158,3158081.502742392
2906006,Campo Formoso,IPTU,Prophet,2025,2597491.871465967,3158081.502742392
2906006,Campo Formoso,IPTU,Ensemble,2025,1800983.0710270787,3158081.502742392
2906808,Cansanção,ISSQN,Naive,2021,1378735.2440212008,2070477.1104474338
2906808,Cansanção,ISSQN,ETS,2021,1605963.6979756553,2070477.1104474338
2906808,Cansanção,ISSQN,SARIMA,2021,1823899.2834575435,2070477.1104474338
2906808,Cansanção,ISSQN,Theta,2021,1672604.0946691078,2070477.1104474338
2906808,Cansanção,ISSQN,Prophet,2021,1846362.9776229402,2070477.1104474338
2906808,Cansanção,ISSQN,Ensemble,2021,1737207.5134313118,2070477.1104474338
2906808,Cansanção,ISSQN,Naive,2022,2070477.1104474338,2635494.8689016793
2906808,Cansanção,ISSQN,ETS,2022,2294270.259525441,2635494.8689016793
2906808,Cansanção,ISSQN,SARIMA,2022,1945552.990991493,2635494.8689016793
2906808,Cansanção,ISSQN,Theta,2022,2383248.2340921974,2635494.8689016793
2906808,Cansanção,ISSQN,Prophet,2022,1952803.2691145116,2635494.8689016793
2906808,Cansanção,ISSQN,Ensemble,2022,2143968.6884309105,2635494.8689016793
2906808,Cansanção,ISSQN,Naive,2023,2635494.8689016793,2220640.2260589893
2906808,Cansanção,ISSQN,ETS,2023,2742952.48036856,2220640.2260589893
2906808,Cansanção,ISSQN,SARIMA,2023,2025501.184270781,2220640.2260589893
2906808,Cansanção,ISSQN,Theta,2023,2841193.3780871253,2220640.2260589893
2906808,Cansanção,ISSQN,Prophet,2023,2304072.21967802,2220640.2260589893
2906808,Cansanção,ISSQN,Ensemble,2023,2478429.815601122,2220640.2260589893
2906808,Cansanção,ISSQN,Naive,2024,2220640.2260589893,3188873.8104010783
2906808,Cansanção,ISSQN,ETS,2024,1553851.84241053,3188873.8104010783
2906808,Cansanção,ISSQN,SARIMA,2024,1639514.0141318564,3188873.8104010783
2906808,Cansanção,ISSQN,Theta,2024,1561283.3580994515,3188873.8104010783
2906808,Cansanção,ISSQN,Prophet,2024,2275755.6252330947,3188873.8104010783
2906808,Cansanção,ISSQN,Ensemble,2024,1757601.2099687334,3188873.8104010783
2906808,Cansanção,ISSQN,Naive,2025,3188873.8104010783,2063796.107235317
2906808,Cansanção,ISSQN,ETS,2025,3437994.8180642384,2063796.107235317
2906808,Cansanção,ISSQN,SARIMA,2025,3408096.919298871,2063796.107235317
2906808,Cansanção,ISSQN,Theta,2025,3509752.6735029137,2063796.107235317
2906808,Cansanção,ISSQN,Prophet,2025,2765158.118255307,2063796.107235317
2906808,Cansanção,ISSQN,Ensemble,2025,3280250.632280333,2063796.107235317
2906501,Candeias,IPTU,Naive,2021,21439640.868207745,27184067.332030755
2906501,Candeias,IPTU,ETS,2021,40948376.16075551,27184067.332030755
2906501,Candeias,IPTU,SARIMA,2021,13818278.870845187,27184067.332030755
2906501,Candeias,IPTU,Theta,2021,42200453.7279532,27184067.332030755
2906501,Candeias,IPTU,Prophet,2021,-5863008.5990956575,27184067.332030755
2906501,Candeias,IPTU,Ensemble,2021,22776025.04011456,27184067.332030755
2906501,Candeias,IPTU,Naive,2022,27184067.332030755,24482877.416877843
2906501,Candeias,IPTU,ETS,2022,36745564.655718096,24482877.416877843
2906501,Candeias,IPTU,SARIMA,2022,14150968.856199794,24482877.416877843
2906501,Candeias,IPTU,Theta,2022,46786566.689895526,24482877.416877843
2906501,Candeias,IPTU,Prophet,2022,10103150.46803514,24482877.416877843
2906501,Candeias,IPTU,Ensemble,2022,26946562.66746214,24482877.416877843
2906501,Candeias,IPTU,Naive,2023,24482877.416877843,25732765.47426438
2906501,Candeias,IPTU,ETS,2023,36430258.59977657,25732765.47426438
2906501,Candeias,IPTU,SARIMA,2023,12446008.503336614,25732765.47426438
2906501,Candeias,IPTU,Theta,2023,30169217.896604702,25732765.47426438
2906501,Candeias,IPTU,Prophet,2023,33316830.193487257,25732765.47426438
2906501,Candeias,IPTU,Ensemble,2023,28090578.79830129,25732765.47426438
2906501,Candeias,IPTU,Naive,2024,25732765.47426438,22706784.892803416
2906501,Candeias,IPTU,ETS,2024,33448722.9329345,22706784.892803416
2906501,Candeias,IPTU,SARIMA,2024,13461115.83629936,22706784.892803416
2906501,Candeias,IPTU,Theta,2024,28309765.420844056,22706784.892803416
2906501,Candeias,IPTU,Prophet,2024,35290344.194623865,22706784.892803416
2906501,Candeias,IPTU,Ensemble,2024,27627487.096175447,22706784.892803416
2906501,Candeias,IPTU,Naive,2025,22706784.892803416,23431097.163247798
2906501,Candeias,IPTU,ETS,2025,19827729.948218677,23431097.163247798
2906501,Candeias,IPTU,SARIMA,2025,13377704.31192643,23431097.163247798
2906501,Candeias,IPTU,Theta,2025,21743230.008036107,23431097.163247798
2906501,Candeias,IPTU,Prophet,2025,36865169.66212976,23431097.163247798
2906501,Candeias,IPTU,Ensemble,2025,22953458.48257774,23431097.163247798
2906501,Candeias,ISSQN,Naive,2021,76630470.04217002,85141935.23916909
2906501,Candeias,ISSQN,ETS,2021,79113600.95448971,85141935.23916909
2906501,Candeias,ISSQN,SARIMA,2021,76446002.7876303,85141935.23916909
2906501,Candeias,ISSQN,Theta,2021,81152975.41684613,85141935.23916909
2906501,Candeias,ISSQN,Prophet,2021,79737408.79593909,85141935.23916909
2906501,Candeias,ISSQN,Ensemble,2021,79112496.9887263,85141935.23916909
2906501,Candeias,ISSQN,Naive,2022,85141935.23916909,86972319.23318285
2906501,Candeias,ISSQN,ETS,2022,79882812.98959322,86972319.23318285
2906501,Candeias,ISSQN,SARIMA,2022,78873976.0713433,86972319.23318285
2906501,Candeias,ISSQN,Theta,2022,87000791.36009951,86972319.23318285
2906501,Candeias,ISSQN,Prophet,2022,83064085.98335987,86972319.23318285
2906501,Candeias,ISSQN,Ensemble,2022,82205416.60109897,86972319.23318285
2906501,Candeias,ISSQN,Naive,2023,86972319.23318285,101502245.02493276
2906501,Candeias,ISSQN,ETS,2023,87131887.66632019,101502245.02493276
2906501,Candeias,ISSQN,SARIMA,2023,87076279.83124322,101502245.02493276
2906501,Candeias,ISSQN,Theta,2023,89859798.16416629,101502245.02493276
2906501,Candeias,ISSQN,Prophet,2023,86108160.45256464,101502245.02493276
2906501,Candeias,ISSQN,Ensemble,2023,87544031.52857357,101502245.02493276
2906501,Candeias,ISSQN,Naive,2024,101502245.02493276,103526025.96405748
2906501,Candeias,ISSQN,ETS,2024,97595524.33272399,103526025.96405748
2906501,Candeias,ISSQN,SARIMA,2024,97683329.892794,103526025.96405748
2906501,Candeias,ISSQN,Theta,2024,102972615.9667669,103526025.96405748
2906501,Candeias,ISSQN,Prophet,2024,95129763.49986078,103526025.96405748
2906501,Candeias,ISSQN,Ensemble,2024,98345308.42303643,103526025.96405748
2906501,Candeias,ISSQN,Naive,2025,103526025.96405748,100309260.01805031
2906501,Candeias,ISSQN,ETS,2025,101156051.63856475,100309260.01805031
2906501,Candeias,ISSQN,SARIMA,2025,104297507.71315308,100309260.01805031
2906501,Candeias,ISSQN,Theta,2025,104925613.8876987,100309260.01805031
2906501,Candeias,ISSQN,Prophet,2025,103430387.30125491,100309260.01805031
2906501,Candeias,ISSQN,Ensemble,2025,103452390.13516787,100309260.01805031
2906907,Caravelas,ISSQN,Naive,2021,5595971.849378949,3532510.5804216745
2906907,Caravelas,ISSQN,ETS,2021,5388061.818829668,3532510.5804216745
2906907,Caravelas,ISSQN,SARIMA,2021,4289282.877256576,3532510.5804216745
2906907,Caravelas,ISSQN,Theta,2021,4927766.670361337,3532510.5804216745
2906907,Caravelas,ISSQN,Prophet,2021,5430587.292406611,3532510.5804216745
2906907,Caravelas,ISSQN,Ensemble,2021,5008924.6647135485,3532510.5804216745
2906907,Caravelas,ISSQN,Naive,2022,3532510.5804216745,4843346.825202771
2906907,Caravelas,ISSQN,ETS,2022,2428003.003720067,4843346.825202771
2906907,Caravelas,ISSQN,SARIMA,2022,2750160.2494671857,4843346.825202771
2906907,Caravelas,ISSQN,Theta,2022,2710623.9684115406,4843346.825202771
2906907,Caravelas,ISSQN,Prophet,2022,3643365.4535991093,4843346.825202771
2906907,Caravelas,ISSQN,Ensemble,2022,2883038.1687994758,4843346.825202771
2906907,Caravelas,ISSQN,Naive,2023,4843346.825202771,6411654.660869614
2906907,Caravelas,ISSQN,ETS,2023,6228339.375596847,6411654.660869614
2906907,Caravelas,ISSQN,SARIMA,2023,6062837.462493875,6411654.660869614
2906907,Caravelas,ISSQN,Theta,2023,5356443.106095114,6411654.660869614
2906907,Caravelas,ISSQN,Prophet,2023,3315654.520518313,6411654.660869614
2906907,Caravelas,ISSQN,Ensemble,2023,5240818.616176036,6411654.660869614
2906907,Caravelas,ISSQN,Naive,2024,6411654.660869614,4688200.993163978
2906907,Caravelas,ISSQN,ETS,2024,7355922.554721245,4688200.993163978
2906907,Caravelas,ISSQN,SARIMA,2024,6398245.765455675,4688200.993163978
2906907,Caravelas,ISSQN,Theta,2024,6803686.441884198,4688200.993163978
2906907,Caravelas,ISSQN,Prophet,2024,3933970.122404348,4688200.993163978
2906907,Caravelas,ISSQN,Ensemble,2024,6122956.221116366,4688200.993163978
2906907,Caravelas,ISSQN,Naive,2025,4688200.993163978,6134835.503676829
2906907,Caravelas,ISSQN,ETS,2025,4535824.365789306,6134835.503676829
2906907,Caravelas,ISSQN,SARIMA,2025,4217848.471135521,6134835.503676829
2906907,Caravelas,ISSQN,Theta,2025,4217588.487910631,6134835.503676829
2906907,Caravelas,ISSQN,Prophet,2025,3983183.4683207422,6134835.503676829
2906907,Caravelas,ISSQN,Ensemble,2025,4238611.19828905,6134835.503676829
2906907,Caravelas,IPTU,Naive,2021,616456.9988903374,1010164.7454767164
2906907,Caravelas,IPTU,ETS,2021,1203691.9665731175,1010164.7454767164
2906907,Caravelas,IPTU,SARIMA,2021,430331.60849596246,1010164.7454767164
2906907,Caravelas,IPTU,Theta,2021,672873.7643657606,1010164.7454767164
2906907,Caravelas,IPTU,Prophet,2021,811891.1126404481,1010164.7454767164
2906907,Caravelas,IPTU,Ensemble,2021,779697.1130188222,1010164.7454767164
2906907,Caravelas,IPTU,Naive,2022,1010164.7454767164,943730.0515884516
2906907,Caravelas,IPTU,ETS,2022,1260616.3783157165,943730.0515884516
2906907,Caravelas,IPTU,SARIMA,2022,1259180.961166263,943730.0515884516
2906907,Caravelas,IPTU,Theta,2022,988263.2569905214,943730.0515884516
2906907,Caravelas,IPTU,Prophet,2022,1020782.306340561,943730.0515884516
2906907,Caravelas,IPTU,Ensemble,2022,1132210.7257032658,943730.0515884516
2906907,Caravelas,IPTU,Naive,2023,943730.0515884516,1290334.1793613567
2906907,Caravelas,IPTU,ETS,2023,1231136.6913567125,1290334.1793613567
2906907,Caravelas,IPTU,SARIMA,2023,526210.7305490501,1290334.1793613567
2906907,Caravelas,IPTU,Theta,2023,922322.2130819972,1290334.1793613567
2906907,Caravelas,IPTU,Prophet,2023,1159560.1075825223,1290334.1793613567
2906907,Caravelas,IPTU,Ensemble,2023,959807.4356425706,1290334.1793613567
2906907,Caravelas,IPTU,Naive,2024,1290334.1793613567,1300009.878118134
2906907,Caravelas,IPTU,ETS,2024,1061391.5634621582,1300009.878118134
2906907,Caravelas,IPTU,SARIMA,2024,1264803.3921280608,1300009.878118134
2906907,Caravelas,IPTU,Theta,2024,1276689.6654311179,1300009.878118134
2906907,Caravelas,IPTU,Prophet,2024,1323984.0755259374,1300009.878118134
2906907,Caravelas,IPTU,Ensemble,2024,1231717.1741368186,1300009.878118134
2906907,Caravelas,IPTU,Naive,2025,1300009.878118134,1247690.282127143
2906907,Caravelas,IPTU,ETS,2025,1185388.2544751246,1247690.282127143
2906907,Caravelas,IPTU,SARIMA,2025,1380415.096521489,1247690.282127143
2906907,Caravelas,IPTU,Theta,2025,1539821.5951402907,1247690.282127143
2906907,Caravelas,IPTU,Prophet,2025,1433123.215608264,1247690.282127143
2906907,Caravelas,IPTU,Ensemble,2025,1384687.040436292,1247690.282127143
2907004,Cardeal da Silva,ISSQN,Naive,2021,1509349.9815601748,1279390.2924074996
2907004,Cardeal da Silva,ISSQN,ETS,2021,1109236.9825588097,1279390.2924074996
2907004,Cardeal da Silva,ISSQN,SARIMA,2021,1222471.4666050929,1279390.2924074996
2907004,Cardeal da Silva,ISSQN,Theta,2021,1116098.1196372935,1279390.2924074996
2907004,Cardeal da Silva,ISSQN,Prophet,2021,1554233.630423749,1279390.2924074996
2907004,Cardeal da Silva,ISSQN,Ensemble,2021,1250510.0498062363,1279390.2924074996
2907004,Cardeal da Silva,ISSQN,Naive,2022,1279390.2924074996,1945642.8064297605
2907004,Cardeal da Silva,ISSQN,ETS,2022,1867900.675675517,1945642.8064297605
2907004,Cardeal da Silva,ISSQN,SARIMA,2022,1328502.4649969183,1945642.8064297605
2907004,Cardeal da Silva,ISSQN,Theta,2022,1626340.3185362776,1945642.8064297605
2907004,Cardeal da Silva,ISSQN,Prophet,2022,1423984.2736009827,1945642.8064297605
2907004,Cardeal da Silva,ISSQN,Ensemble,2022,1561681.933202424,1945642.8064297605
2907004,Cardeal da Silva,ISSQN,Naive,2023,1945642.8064297605,2334752.6043425254
2907004,Cardeal da Silva,ISSQN,ETS,2023,2706595.5755154295,2334752.6043425254
2907004,Cardeal da Silva,ISSQN,SARIMA,2023,1456062.8360742233,2334752.6043425254
2907004,Cardeal da Silva,ISSQN,Theta,2023,2516164.812704784,2334752.6043425254
2907004,Cardeal da Silva,ISSQN,Prophet,2023,1698969.6001759714,2334752.6043425254
2907004,Cardeal da Silva,ISSQN,Ensemble,2023,2094448.2061176023,2334752.6043425254
2907004,Cardeal da Silva,ISSQN,Naive,2024,2334752.6043425254,2554783.4170093653
2907004,Cardeal da Silva,ISSQN,ETS,2024,3081452.8233135864,2554783.4170093653
2907004,Cardeal da Silva,ISSQN,SARIMA,2024,2778562.066139336,2554783.4170093653
2907004,Cardeal da Silva,ISSQN,Theta,2024,2871561.415839483,2554783.4170093653
2907004,Cardeal da Silva,ISSQN,Prophet,2024,2063412.136989319,2554783.4170093653
2907004,Cardeal da Silva,ISSQN,Ensemble,2024,2698747.1105704308,2554783.4170093653
2907004,Cardeal da Silva,ISSQN,Naive,2025,2554783.4170093653,2995677.430948012
2907004,Cardeal da Silva,ISSQN,ETS,2025,2766134.9457235914,2995677.430948012
2907004,Cardeal da Silva,ISSQN,SARIMA,2025,2716009.7607701644,2995677.430948012
2907004,Cardeal da Silva,ISSQN,Theta,2025,2582608.0094701047,2995677.430948012
2907004,Cardeal da Silva,ISSQN,Prophet,2025,2358469.097839043,2995677.430948012
2907004,Cardeal da Silva,ISSQN,Ensemble,2025,2605805.4534507254,2995677.430948012
2906808,Cansanção,IPTU,Naive,2021,175929.13050952498,270618.34523699235
2906808,Cansanção,IPTU,ETS,2021,279623.6420156453,270618.34523699235
2906808,Cansanção,IPTU,SARIMA,2021,105327.58620227035,270618.34523699235
2906808,Cansanção,IPTU,Theta,2021,73246.11638149073,270618.34523699235
2906808,Cansanção,IPTU,Prophet,2021,243081.7208137418,270618.34523699235
2906808,Cansanção,IPTU,Ensemble,2021,175319.76635328704,270618.34523699235
2906808,Cansanção,IPTU,Naive,2022,270618.34523699235,325296.1489829684
2906808,Cansanção,IPTU,ETS,2022,450847.14433015324,325296.1489829684
2906808,Cansanção,IPTU,SARIMA,2022,199181.06675013737,325296.1489829684
2906808,Cansanção,IPTU,Theta,2022,148196.23897455158,325296.1489829684
2906808,Cansanção,IPTU,Prophet,2022,285461.13230622123,325296.1489829684
2906808,Cansanção,IPTU,Ensemble,2022,270921.39559026586,325296.1489829684
2906808,Cansanção,IPTU,Naive,2023,325296.1489829684,281551.95564055874
2906808,Cansanção,IPTU,ETS,2023,437054.819625401,281551.95564055874
2906808,Cansanção,IPTU,SARIMA,2023,219358.30687553453,281551.95564055874
2906808,Cansanção,IPTU,Theta,2023,125029.38573306658,281551.95564055874
2906808,Cansanção,IPTU,Prophet,2023,332435.17311750643,281551.95564055874
2906808,Cansanção,IPTU,Ensemble,2023,278469.42133787717,281551.95564055874
2906808,Cansanção,IPTU,Naive,2024,281551.95564055874,272533.4584192374
2906808,Cansanção,IPTU,ETS,2024,316022.50010387716,272533.4584192374
2906808,Cansanção,IPTU,SARIMA,2024,187203.79102711965,272533.4584192374
2906808,Cansanção,IPTU,Theta,2024,301984.1855723814,272533.4584192374
2906808,Cansanção,IPTU,Prophet,2024,352239.4179421002,272533.4584192374
2906808,Cansanção,IPTU,Ensemble,2024,289362.4736613695,272533.4584192374
2906808,Cansanção,IPTU,Naive,2025,272533.4584192374,267024.2542054737
2906808,Cansanção,IPTU,ETS,2025,272768.24048881914,267024.2542054737
2906808,Cansanção,IPTU,SARIMA,2025,204744.8365832855,267024.2542054737
2906808,Cansanção,IPTU,Theta,2025,324879.00350443606,267024.2542054737
2906808,Cansanção,IPTU,Prophet,2025,368657.87827156874,267024.2542054737
2906808,Cansanção,IPTU,Ensemble,2025,292762.4897120274,267024.2542054737
2906824,Canudos,ISSQN,Naive,2021,2134830.1580685317,3218330.418285308
2906824,Canudos,ISSQN,ETS,2021,2398543.873919316,3218330.418285308
2906824,Canudos,ISSQN,SARIMA,2021,6395985.515319056,3218330.418285308
2906824,Canudos,ISSQN,Theta,2021,2893941.465610646,3218330.418285308
2906824,Canudos,ISSQN,Prophet,2021,2212924.3284078343,3218330.418285308
2906824,Canudos,ISSQN,Ensemble,2021,3475348.795814213,3218330.418285308
2906824,Canudos,ISSQN,Naive,2022,3218330.418285308,4195682.013446145
2906824,Canudos,ISSQN,ETS,2022,3955868.4951041853,4195682.013446145
2906824,Canudos,ISSQN,SARIMA,2022,2435656.5001387456,4195682.013446145
2906824,Canudos,ISSQN,Theta,2022,4568160.082121263,4195682.013446145
2906824,Canudos,ISSQN,Prophet,2022,3075861.7945341235,4195682.013446145
2906824,Canudos,ISSQN,Ensemble,2022,3508886.717974579,4195682.013446145
2906824,Canudos,ISSQN,Naive,2023,4195682.013446145,2239794.671231016
2906824,Canudos,ISSQN,ETS,2023,3415213.3587857676,2239794.671231016
2906824,Canudos,ISSQN,SARIMA,2023,3945186.88910421,2239794.671231016
2906824,Canudos,ISSQN,Theta,2023,1861647.5851946073,2239794.671231016
2906824,Canudos,ISSQN,Prophet,2023,3929590.6053311992,2239794.671231016
2906824,Canudos,ISSQN,Ensemble,2023,3287909.6096039456,2239794.671231016
2906824,Canudos,ISSQN,Naive,2024,2239794.671231016,3274122.6120179463
2906824,Canudos,ISSQN,ETS,2024,2528284.2788342903,3274122.6120179463
2906824,Canudos,ISSQN,SARIMA,2024,2049308.3626473611,3274122.6120179463
2906824,Canudos,ISSQN,Theta,2024,2276473.2262304327,3274122.6120179463
2906824,Canudos,ISSQN,Prophet,2024,3633533.709373044,3274122.6120179463
2906824,Canudos,ISSQN,Ensemble,2024,2621899.8942712825,3274122.6120179463
2906824,Canudos,ISSQN,Naive,2025,3274122.6120179463,3360435.4831593465
2906824,Canudos,ISSQN,ETS,2025,3068318.6890653027,3360435.4831593465
2906824,Canudos,ISSQN,SARIMA,2025,2471074.625730072,3360435.4831593465
2906824,Canudos,ISSQN,Theta,2025,2250923.4120868,3360435.4831593465
2906824,Canudos,ISSQN,Prophet,2025,4003828.409467956,3360435.4831593465
2906824,Canudos,ISSQN,Ensemble,2025,2948536.284087533,3360435.4831593465
2906873,Capim Grosso,ISSQN,Naive,2021,2667798.882340659,2553655.5881129643
2906873,Capim Grosso,ISSQN,ETS,2021,3586203.1393585345,2553655.5881129643
2906873,Capim Grosso,ISSQN,SARIMA,2021,2923868.0073381853,2553655.5881129643
2906873,Capim Grosso,ISSQN,Theta,2021,2852930.981201539,2553655.5881129643
2906873,Capim Grosso,ISSQN,Prophet,2021,2448695.3826690475,2553655.5881129643
2906873,Capim Grosso,ISSQN,Ensemble,2021,2952924.377641827,2553655.5881129643
2906873,Capim Grosso,ISSQN,Naive,2022,2553655.5881129643,5650700.038718099
2906873,Capim Grosso,ISSQN,ETS,2022,2691290.282340496,5650700.038718099
2906873,Capim Grosso,ISSQN,SARIMA,2022,2595665.750865744,5650700.038718099
2906873,Capim Grosso,ISSQN,Theta,2022,2785319.2781097293,5650700.038718099
2906873,Capim Grosso,ISSQN,Prophet,2022,2562383.7008242467,5650700.038718099
2906873,Capim Grosso,ISSQN,Ensemble,2022,2658664.7530350536,5650700.038718099
2906873,Capim Grosso,ISSQN,Naive,2023,5650700.038718099,6223453.683601086
2906873,Capim Grosso,ISSQN,ETS,2023,7720853.99352923,6223453.683601086
2906873,Capim Grosso,ISSQN,SARIMA,2023,6280025.4729427025,6223453.683601086
2906873,Capim Grosso,ISSQN,Theta,2023,6695848.073264722,6223453.683601086
2906873,Capim Grosso,ISSQN,Prophet,2023,4844797.873556653,6223453.683601086
2906873,Capim Grosso,ISSQN,Ensemble,2023,6385381.353323327,6223453.683601086
2906873,Capim Grosso,ISSQN,Naive,2024,6223453.683601086,6237001.394067235
2906873,Capim Grosso,ISSQN,ETS,2024,7564249.695292224,6237001.394067235
2906873,Capim Grosso,ISSQN,SARIMA,2024,6378947.236669196,6237001.394067235
2906873,Capim Grosso,ISSQN,Theta,2024,6701866.562429958,6237001.394067235
2906873,Capim Grosso,ISSQN,Prophet,2024,6438374.9233773695,6237001.394067235
2906873,Capim Grosso,ISSQN,Ensemble,2024,6770859.604442187,6237001.394067235
2906873,Capim Grosso,ISSQN,Naive,2025,6237001.394067235,6142841.863584548
2906873,Capim Grosso,ISSQN,ETS,2025,4178869.73255435,6142841.863584548
2906873,Capim Grosso,ISSQN,SARIMA,2025,5073872.659963337,6142841.863584548
2906873,Capim Grosso,ISSQN,Theta,2025,5338515.806370369,6142841.863584548
2906873,Capim Grosso,ISSQN,Prophet,2025,7167799.350377662,6142841.863584548
2906873,Capim Grosso,ISSQN,Ensemble,2025,5439764.387316429,6142841.863584548
2907509,Catu,ISSQN,Naive,2021,15877301.50078554,29826976.55995843
2907509,Catu,ISSQN,ETS,2021,12783453.043594854,29826976.55995843
2907509,Catu,ISSQN,SARIMA,2021,17628712.306322612,29826976.55995843
2907509,Catu,ISSQN,Theta,2021,12098568.881653277,29826976.55995843
2907509,Catu,ISSQN,Prophet,2021,16844386.46689665,29826976.55995843
2907509,Catu,ISSQN,Ensemble,2021,14838780.174616845,29826976.55995843
2907509,Catu,ISSQN,Naive,2022,29826976.55995843,35377988.52384839
2907509,Catu,ISSQN,ETS,2022,56304356.58792125,35377988.52384839
2907509,Catu,ISSQN,SARIMA,2022,26946091.119602464,35377988.52384839
2907509,Catu,ISSQN,Theta,2022,72250520.49081242,35377988.52384839
2907509,Catu,ISSQN,Prophet,2022,24331010.345723122,35377988.52384839
2907509,Catu,ISSQN,Ensemble,2022,44957994.63601481,35377988.52384839
2907509,Catu,ISSQN,Naive,2023,35377988.52384839,37992275.53311389
2907509,Catu,ISSQN,ETS,2023,26665784.290174924,37992275.53311389
2907509,Catu,ISSQN,SARIMA,2023,22611319.973135974,37992275.53311389
2907509,Catu,ISSQN,Theta,2023,27928409.797912195,37992275.53311389
2907509,Catu,ISSQN,Prophet,2023,33239702.477620073,37992275.53311389
2907509,Catu,ISSQN,Ensemble,2023,27611304.13471079,37992275.53311389
2907509,Catu,ISSQN,Naive,2024,37992275.53311389,46374470.38449597
2907509,Catu,ISSQN,ETS,2024,35049730.80278252,46374470.38449597
2907509,Catu,ISSQN,SARIMA,2024,36255132.60538057,46374470.38449597
2907509,Catu,ISSQN,Theta,2024,36679137.380540945,46374470.38449597
2907509,Catu,ISSQN,Prophet,2024,38743176.27025174,46374470.38449597
2907509,Catu,ISSQN,Ensemble,2024,36681794.26473895,46374470.38449597
2907509,Catu,ISSQN,Naive,2025,46374470.38449597,51193141.520206414
2907509,Catu,ISSQN,ETS,2025,60522812.22096944,51193141.520206414
2907509,Catu,ISSQN,SARIMA,2025,59863101.18415474,51193141.520206414
2907509,Catu,ISSQN,Theta,2025,67465964.50039107,51193141.520206414
2907509,Catu,ISSQN,Prophet,2025,47481198.4392309,51193141.520206414
2907509,Catu,ISSQN,Ensemble,2025,58833269.086186536,51193141.520206414
2907400,Catolândia,ISSQN,Naive,2021,234177.61885459413,290554.47900240927
2907400,Catolândia,ISSQN,ETS,2021,282206.31229776307,290554.47900240927
2907400,Catolândia,ISSQN,SARIMA,2021,182242.9596065203,290554.47900240927
2907400,Catolândia,ISSQN,Theta,2021,266036.4297420054,290554.47900240927
2907400,Catolândia,ISSQN,Prophet,2021,279940.0181667395,290554.47900240927
2907400,Catolândia,ISSQN,Ensemble,2021,252606.42995325706,290554.47900240927
2907400,Catolândia,ISSQN,Naive,2022,290554.47900240927,445697.8463962732
2907400,Catolândia,ISSQN,ETS,2022,343575.0089473307,445697.8463962732
2907400,Catolândia,ISSQN,SARIMA,2022,195707.0928244887,445697.8463962732
2907400,Catolândia,ISSQN,Theta,2022,313193.1394608432,445697.8463962732
2907400,Catolândia,ISSQN,Prophet,2022,290522.2064212179,445697.8463962732
2907400,Catolândia,ISSQN,Ensemble,2022,285749.36191347014,445697.8463962732
2907400,Catolândia,ISSQN,Naive,2023,445697.8463962732,603575.4005833163
2907400,Catolândia,ISSQN,ETS,2023,536135.4214154804,603575.4005833163
2907400,Catolândia,ISSQN,SARIMA,2023,409177.10483574966,603575.4005833163
2907400,Catolândia,ISSQN,Theta,2023,462169.5557333004,603575.4005833163
2907400,Catolândia,ISSQN,Prophet,2023,374521.51164965157,603575.4005833163
2907400,Catolândia,ISSQN,Ensemble,2023,445500.8984085455,603575.4005833163
2907400,Catolândia,ISSQN,Naive,2024,603575.4005833163,651401.8081008558
2907400,Catolândia,ISSQN,ETS,2024,695734.2145087753,651401.8081008558
2907400,Catolândia,ISSQN,SARIMA,2024,528107.4602820666,651401.8081008558
2907400,Catolândia,ISSQN,Theta,2024,694746.6728401242,651401.8081008558
2907400,Catolândia,ISSQN,Prophet,2024,620116.8399033425,651401.8081008558
2907400,Catolândia,ISSQN,Ensemble,2024,634676.2968835771,651401.8081008558
2907400,Catolândia,ISSQN,Naive,2025,651401.8081008558,527611.9406182374
2907400,Catolândia,ISSQN,ETS,2025,827901.8796908058,527611.9406182374
2907400,Catolândia,ISSQN,SARIMA,2025,626618.3651501806,527611.9406182374
2907400,Catolândia,ISSQN,Theta,2025,707596.8044603454,527611.9406182374
2907400,Catolândia,ISSQN,Prophet,2025,628018.895956321,527611.9406182374
2907400,Catolândia,ISSQN,Ensemble,2025,697533.9863144133,527611.9406182374
2906006,Campo Formoso,ISSQN,Naive,2021,23332385.34345613,12068842.904144505
2906006,Campo Formoso,ISSQN,ETS,2021,18956364.442962565,12068842.904144505
2906006,Campo Formoso,ISSQN,SARIMA,2021,17589552.095827483,12068842.904144505
2906006,Campo Formoso,ISSQN,Theta,2021,19473049.8795387,12068842.904144505
2906006,Campo Formoso,ISSQN,Prophet,2021,21546063.486479796,12068842.904144505
2906006,Campo Formoso,ISSQN,Ensemble,2021,19391257.476202138,12068842.904144505
2906006,Campo Formoso,ISSQN,Naive,2022,12068842.904144505,17641727.458413225
2906006,Campo Formoso,ISSQN,ETS,2022,14562212.772677429,17641727.458413225
2906006,Campo Formoso,ISSQN,SARIMA,2022,14559554.528181996,17641727.458413225
2906006,Campo Formoso,ISSQN,Theta,2022,15158402.349894907,17641727.458413225
2906006,Campo Formoso,ISSQN,Prophet,2022,16757691.786757862,17641727.458413225
2906006,Campo Formoso,ISSQN,Ensemble,2022,15259465.359378047,17641727.458413225
2906006,Campo Formoso,ISSQN,Naive,2023,17641727.458413225,16336778.854373276
2906006,Campo Formoso,ISSQN,ETS,2023,19670015.33394322,16336778.854373276
2906006,Campo Formoso,ISSQN,SARIMA,2023,16070209.1263577,16336778.854373276
2906006,Campo Formoso,ISSQN,Theta,2023,20728136.77255047,16336778.854373276
2906006,Campo Formoso,ISSQN,Prophet,2023,17008257.628574263,16336778.854373276
2906006,Campo Formoso,ISSQN,Ensemble,2023,18369154.715356413,16336778.854373276
2906006,Campo Formoso,ISSQN,Naive,2024,16336778.854373276,18123946.984887518
2906006,Campo Formoso,ISSQN,ETS,2024,19832701.780419376,18123946.984887518
2906006,Campo Formoso,ISSQN,SARIMA,2024,15946001.006394705,18123946.984887518
2906006,Campo Formoso,ISSQN,Theta,2024,21269636.0420264,18123946.984887518
2906006,Campo Formoso,ISSQN,Prophet,2024,16919001.69661526,18123946.984887518
2906006,Campo Formoso,ISSQN,Ensemble,2024,18491835.13136394,18123946.984887518
2906006,Campo Formoso,ISSQN,Naive,2025,18123946.984887518,17472472.733963583
2906006,Campo Formoso,ISSQN,ETS,2025,14077503.749315206,17472472.733963583
2906006,Campo Formoso,ISSQN,SARIMA,2025,14153325.81221107,17472472.733963583
2906006,Campo Formoso,ISSQN,Theta,2025,14797444.859055432,17472472.733963583
2906006,Campo Formoso,ISSQN,Prophet,2025,16845159.659107015,17472472.733963583
2906006,Campo Formoso,ISSQN,Ensemble,2025,14968358.519922178,17472472.733963583
2905107,Caém,ISSQN,Naive,2021,509859.6962956576,792791.3865816612
2905107,Caém,ISSQN,ETS,2021,651799.0348298838,792791.3865816612
2905107,Caém,ISSQN,SARIMA,2021,545016.4883138285,792791.3865816612
2905107,Caém,ISSQN,Theta,2021,610211.0845984682,792791.3865816612
2905107,Caém,ISSQN,Prophet,2021,829519.4994519516,792791.3865816612
2905107,Caém,ISSQN,Ensemble,2021,659136.526798533,792791.3865816612
2905107,Caém,ISSQN,Naive,2022,792791.3865816612,983646.7638529548
2905107,Caém,ISSQN,ETS,2022,808634.1331310946,983646.7638529548
2905107,Caém,ISSQN,SARIMA,2022,868898.4253874626,983646.7638529548
2905107,Caém,ISSQN,Theta,2022,944341.6416918784,983646.7638529548
2905107,Caém,ISSQN,Prophet,2022,909577.2006653782,983646.7638529548
2905107,Caém,ISSQN,Ensemble,2022,882862.8502189534,983646.7638529548
2905107,Caém,ISSQN,Naive,2023,983646.7638529548,1998680.9298365884
2905107,Caém,ISSQN,ETS,2023,1148964.1326763947,1998680.9298365884
2905107,Caém,ISSQN,SARIMA,2023,1306434.1034730594,1998680.9298365884
2905107,Caém,ISSQN,Theta,2023,1315308.9555875289,1998680.9298365884
2905107,Caém,ISSQN,Prophet,2023,1051541.877601961,1998680.9298365884
2905107,Caém,ISSQN,Ensemble,2023,1205562.267334736,1998680.9298365884
2905107,Caém,ISSQN,Naive,2024,1998680.9298365884,1665000.1704578768
2905107,Caém,ISSQN,ETS,2024,3114493.5505848173,1665000.1704578768
2905107,Caém,ISSQN,SARIMA,2024,4235746.783656605,1665000.1704578768
2905107,Caém,ISSQN,Theta,2024,4638794.6027153265,1665000.1704578768
2905107,Caém,ISSQN,Prophet,2024,2377206.1936463164,1665000.1704578768
2905107,Caém,ISSQN,Ensemble,2024,3591560.282650766,1665000.1704578768
2905107,Caém,ISSQN,Naive,2025,1665000.1704578768,1415114.9843887975
2905107,Caém,ISSQN,ETS,2025,1372017.9421420416,1415114.9843887975
2905107,Caém,ISSQN,SARIMA,2025,1013585.9675741384,1415114.9843887975
2905107,Caém,ISSQN,Theta,2025,1431008.77901115,1415114.9843887975
2905107,Caém,ISSQN,Prophet,2025,1907334.8746108264,1415114.9843887975
2905107,Caém,ISSQN,Ensemble,2025,1430986.8908345394,1415114.9843887975
2907608,Central,ISSQN,Naive,2021,583544.9872272917,1080221.2280365932
2907608,Central,ISSQN,ETS,2021,653003.7427672822,1080221.2280365932
2907608,Central,ISSQN,SARIMA,2021,564701.9623162261,1080221.2280365932
2907608,Central,ISSQN,Theta,2021,493345.66914549033,1080221.2280365932
2907608,Central,ISSQN,Prophet,2021,588136.6824592609,1080221.2280365932
2907608,Central,ISSQN,Ensemble,2021,574797.014172065,1080221.2280365932
2907608,Central,ISSQN,Naive,2022,1080221.2280365932,1769907.8619353927
2907608,Central,ISSQN,ETS,2022,1272661.2240184997,1769907.8619353927
2907608,Central,ISSQN,SARIMA,2022,978963.8122645909,1769907.8619353927
2907608,Central,ISSQN,Theta,2022,1278207.5330853704,1769907.8619353927
2907608,Central,ISSQN,Prophet,2022,771399.2396252396,1769907.8619353927
2907608,Central,ISSQN,Ensemble,2022,1075307.952248425,1769907.8619353927
2907608,Central,ISSQN,Naive,2023,1769907.8619353927,1765111.3302577084
2907608,Central,ISSQN,ETS,2023,1987245.8859608034,1765111.3302577084
2907608,Central,ISSQN,SARIMA,2023,1283468.7082877546,1765111.3302577084
2907608,Central,ISSQN,Theta,2023,1906248.1128139226,1765111.3302577084
2907608,Central,ISSQN,Prophet,2023,1183523.8825748388,1765111.3302577084
2907608,Central,ISSQN,Ensemble,2023,1590121.6474093301,1765111.3302577084
2907608,Central,ISSQN,Naive,2024,1765111.3302577084,1471571.4495747564
2907608,Central,ISSQN,ETS,2024,1903716.9768703203,1471571.4495747564
2907608,Central,ISSQN,SARIMA,2024,1730910.6320055162,1471571.4495747564
2907608,Central,ISSQN,Theta,2024,1871403.4714532134,1471571.4495747564
2907608,Central,ISSQN,Prophet,2024,1419329.8453350887,1471571.4495747564
2907608,Central,ISSQN,Ensemble,2024,1731340.2314160347,1471571.4495747564
2907608,Central,ISSQN,Naive,2025,1471571.4495747564,1084506.6043666475
2907608,Central,ISSQN,ETS,2025,1538111.0659358078,1084506.6043666475
2907608,Central,ISSQN,SARIMA,2025,1377767.2144555699,1084506.6043666475
2907608,Central,ISSQN,Theta,2025,1519238.766884048,1084506.6043666475
2907608,Central,ISSQN,Prophet,2025,1458578.8936454265,1084506.6043666475
2907608,Central,ISSQN,Ensemble,2025,1473423.985230213,1084506.6043666475
2908200,Conceição da Feira,ISSQN,Naive,2021,995735.5028992034,1249289.8364123518
2908200,Conceição da Feira,ISSQN,ETS,2021,906372.0769193387,1249289.8364123518
2908200,Conceição da Feira,ISSQN,SARIMA,2021,817733.0261369572,1249289.8364123518
2908200,Conceição da Feira,ISSQN,Theta,2021,967940.3448561674,1249289.8364123518
2908200,Conceição da Feira,ISSQN,Prophet,2021,958228.5638430723,1249289.8364123518
2908200,Conceição da Feira,ISSQN,Ensemble,2021,912568.502938884,1249289.8364123518
2908200,Conceição da Feira,ISSQN,Naive,2022,1249289.8364123518,2325493.394170214
2908200,Conceição da Feira,ISSQN,ETS,2022,1013951.9293717679,2325493.394170214
2908200,Conceição da Feira,ISSQN,SARIMA,2022,828497.5874329691,2325493.394170214
2908200,Conceição da Feira,ISSQN,Theta,2022,1274459.0122861818,2325493.394170214
2908200,Conceição da Feira,ISSQN,Prophet,2022,1237797.9098064823,2325493.394170214
2908200,Conceição da Feira,ISSQN,Ensemble,2022,1088676.6097243503,2325493.394170214
2908200,Conceição da Feira,ISSQN,Naive,2023,2325493.394170214,2116276.8499549143
2908200,Conceição da Feira,ISSQN,ETS,2023,2333632.442089974,2116276.8499549143
2908200,Conceição da Feira,ISSQN,SARIMA,2023,2316432.7504334534,2116276.8499549143
2908200,Conceição da Feira,ISSQN,Theta,2023,2490018.984308342,2116276.8499549143
2908200,Conceição da Feira,ISSQN,Prophet,2023,1816078.243763444,2116276.8499549143
2908200,Conceição da Feira,ISSQN,Ensemble,2023,2239040.605148803,2116276.8499549143
2908200,Conceição da Feira,ISSQN,Naive,2024,2116276.8499549143,2894694.5126245255
2908200,Conceição da Feira,ISSQN,ETS,2024,2317141.952687632,2894694.5126245255
2908200,Conceição da Feira,ISSQN,SARIMA,2024,2334874.3515736223,2894694.5126245255
2908200,Conceição da Feira,ISSQN,Theta,2024,2476604.7116747736,2894694.5126245255
2908200,Conceição da Feira,ISSQN,Prophet,2024,2132034.393951957,2894694.5126245255
2908200,Conceição da Feira,ISSQN,Ensemble,2024,2315163.8524719966,2894694.5126245255
2908200,Conceição da Feira,ISSQN,Naive,2025,2894694.5126245255,2958470.251521839
2908200,Conceição da Feira,ISSQN,ETS,2025,2970978.7620894024,2958470.251521839
2908200,Conceição da Feira,ISSQN,SARIMA,2025,3045796.814015693,2958470.251521839
2908200,Conceição da Feira,ISSQN,Theta,2025,3265724.938986238,2958470.251521839
2908200,Conceição da Feira,ISSQN,Prophet,2025,2827249.9436900113,2958470.251521839
2908200,Conceição da Feira,ISSQN,Ensemble,2025,3027437.6146953367,2958470.251521839
2907905,Cipó,ISSQN,Naive,2021,947745.4098706953,899258.021347045
2907905,Cipó,ISSQN,ETS,2021,1031979.1662782802,899258.021347045
2907905,Cipó,ISSQN,SARIMA,2021,934753.2794683008,899258.021347045
2907905,Cipó,ISSQN,Theta,2021,974331.7078978237,899258.021347045
2907905,Cipó,ISSQN,Prophet,2021,422055.7043511285,899258.021347045
2907905,Cipó,ISSQN,Ensemble,2021,840779.9644988832,899258.021347045
2907905,Cipó,ISSQN,Naive,2022,899258.021347045,2108032.8036985938
2907905,Cipó,ISSQN,ETS,2022,1010719.586318913,2108032.8036985938
2907905,Cipó,ISSQN,SARIMA,2022,841570.0922255353,2108032.8036985938
2907905,Cipó,ISSQN,Theta,2022,959518.1054695509,2108032.8036985938
2907905,Cipó,ISSQN,Prophet,2022,547856.3641822812,2108032.8036985938
2907905,Cipó,ISSQN,Ensemble,2022,839916.0370490701,2108032.8036985938
2907905,Cipó,ISSQN,Naive,2023,2108032.8036985938,1857743.2096609925
2907905,Cipó,ISSQN,ETS,2023,2248418.771045487,1857743.2096609925
2907905,Cipó,ISSQN,SARIMA,2023,3669957.8167455015,1857743.2096609925
2907905,Cipó,ISSQN,Theta,2023,2980818.2719072322,1857743.2096609925
2907905,Cipó,ISSQN,Prophet,2023,1766152.4237851615,1857743.2096609925
2907905,Cipó,ISSQN,Ensemble,2023,2666336.8208708456,1857743.2096609925
2907905,Cipó,ISSQN,Naive,2024,1857743.2096609925,2136518.848595728
2907905,Cipó,ISSQN,ETS,2024,1838386.867904717,2136518.848595728
2907905,Cipó,ISSQN,SARIMA,2024,1423072.4482061616,2136518.848595728
2907905,Cipó,ISSQN,Theta,2024,1449507.028259535,2136518.848595728
2907905,Cipó,ISSQN,Prophet,2024,1808239.4369871109,2136518.848595728
2907905,Cipó,ISSQN,Ensemble,2024,1629801.4453393812,2136518.848595728
2907905,Cipó,ISSQN,Naive,2025,2136518.848595728,1634816.7110341024
2907905,Cipó,ISSQN,ETS,2025,1902346.509440813,1634816.7110341024
2907905,Cipó,ISSQN,SARIMA,2025,1789497.6307025843,1634816.7110341024
2907905,Cipó,ISSQN,Theta,2025,2053838.765380691,1634816.7110341024
2907905,Cipó,ISSQN,Prophet,2025,2028960.0927461814,1634816.7110341024
2907905,Cipó,ISSQN,Ensemble,2025,1943660.7495675674,1634816.7110341024
2907707,Chorrochó,ISSQN,Naive,2021,793629.4502858571,789902.5514124003
2907707,Chorrochó,ISSQN,ETS,2021,794508.9037556758,789902.5514124003
2907707,Chorrochó,ISSQN,SARIMA,2021,458841.58400771656,789902.5514124003
2907707,Chorrochó,ISSQN,Theta,2021,823878.5211241704,789902.5514124003
2907707,Chorrochó,ISSQN,Prophet,2021,275404.6338187215,789902.5514124003
2907707,Chorrochó,ISSQN,Ensemble,2021,588158.4106765711,789902.5514124003
2907707,Chorrochó,ISSQN,Naive,2022,789902.5514124003,1641511.9809891745
2907707,Chorrochó,ISSQN,ETS,2022,985410.5197278315,1641511.9809891745
2907707,Chorrochó,ISSQN,SARIMA,2022,649893.0557986997,1641511.9809891745
2907707,Chorrochó,ISSQN,Theta,2022,1168668.6297093905,1641511.9809891745
2907707,Chorrochó,ISSQN,Prophet,2022,396063.5175695131,1641511.9809891745
2907707,Chorrochó,ISSQN,Ensemble,2022,800008.9307013587,1641511.9809891745
2907707,Chorrochó,ISSQN,Naive,2023,1641511.9809891745,1954423.8747737932
2907707,Chorrochó,ISSQN,ETS,2023,2062193.9487990083,1954423.8747737932
2907707,Chorrochó,ISSQN,SARIMA,2023,1550232.9293723523,1954423.8747737932
2907707,Chorrochó,ISSQN,Theta,2023,2919825.058067983,1954423.8747737932
2907707,Chorrochó,ISSQN,Prophet,2023,1038172.8290026884,1954423.8747737932
2907707,Chorrochó,ISSQN,Ensemble,2023,1892606.1913105082,1954423.8747737932
2907707,Chorrochó,ISSQN,Naive,2024,1954423.8747737932,3246890.5265575573
2907707,Chorrochó,ISSQN,ETS,2024,2349244.14414561,3246890.5265575573
2907707,Chorrochó,ISSQN,SARIMA,2024,1579507.499836061,3246890.5265575573
2907707,Chorrochó,ISSQN,Theta,2024,1584428.7819422088,3246890.5265575573
2907707,Chorrochó,ISSQN,Prophet,2024,1806639.3574408726,3246890.5265575573
2907707,Chorrochó,ISSQN,Ensemble,2024,1829954.9458411878,3246890.5265575573
2907707,Chorrochó,ISSQN,Naive,2025,3246890.5265575573,2613679.7788205626
2907707,Chorrochó,ISSQN,ETS,2025,3120162.7526741894,2613679.7788205626
2907707,Chorrochó,ISSQN,SARIMA,2025,2942850.7678864514,2613679.7788205626
2907707,Chorrochó,ISSQN,Theta,2025,3964072.671692221,2613679.7788205626
2907707,Chorrochó,ISSQN,Prophet,2025,2895731.5170761887,2613679.7788205626
2907707,Chorrochó,ISSQN,Ensemble,2025,3230704.4273322625,2613679.7788205626
2908408,Conceição do Coité,ISSQN,Naive,2021,3232834.09384348,3083943.261160754
2908408,Conceição do Coité,ISSQN,ETS,2021,3449121.01791175,3083943.261160754
2908408,Conceição do Coité,ISSQN,SARIMA,2021,3867480.9465076285,3083943.261160754
2908408,Conceição do Coité,ISSQN,Theta,2021,3775314.846287417,3083943.261160754
2908408,Conceição do Coité,ISSQN,Prophet,2021,3535072.733988392,3083943.261160754
2908408,Conceição do Coité,ISSQN,Ensemble,2021,3656747.3861737973,3083943.261160754
2908408,Conceição do Coité,ISSQN,Naive,2022,3083943.261160754,4584211.698838729
2908408,Conceição do Coité,ISSQN,ETS,2022,3211503.59562839,4584211.698838729
2908408,Conceição do Coité,ISSQN,SARIMA,2022,3103896.7774986676,4584211.698838729
2908408,Conceição do Coité,ISSQN,Theta,2022,3285080.5385524966,4584211.698838729
2908408,Conceição do Coité,ISSQN,Prophet,2022,3220934.7006493,4584211.698838729
2908408,Conceição do Coité,ISSQN,Ensemble,2022,3205353.9030822134,4584211.698838729
2908408,Conceição do Coité,ISSQN,Naive,2023,4584211.698838729,5335415.690813825
2908408,Conceição do Coité,ISSQN,ETS,2023,5032342.554572212,5335415.690813825
2908408,Conceição do Coité,ISSQN,SARIMA,2023,5898998.267163779,5335415.690813825
2908408,Conceição do Coité,ISSQN,Theta,2023,5056483.877889822,5335415.690813825
2908408,Conceição do Coité,ISSQN,Prophet,2023,4568067.549237589,5335415.690813825
2908408,Conceição do Coité,ISSQN,Ensemble,2023,5138973.062215851,5335415.690813825
2908408,Conceição do Coité,ISSQN,Naive,2024,5335415.690813825,3231156.263224113
2908408,Conceição do Coité,ISSQN,ETS,2024,4900722.272337582,3231156.263224113
2908408,Conceição do Coité,ISSQN,SARIMA,2024,5129365.46800617,3231156.263224113
2908408,Conceição do Coité,ISSQN,Theta,2024,5349654.38410653,3231156.263224113
2908408,Conceição do Coité,ISSQN,Prophet,2024,5320629.992702642,3231156.263224113
2908408,Conceição do Coité,ISSQN,Ensemble,2024,5175093.029288231,3231156.263224113
2908408,Conceição do Coité,ISSQN,Naive,2025,3231156.263224113,4917191.661185011
2908408,Conceição do Coité,ISSQN,ETS,2025,3462315.3420600183,4917191.661185011
2908408,Conceição do Coité,ISSQN,SARIMA,2025,3383506.685182133,4917191.661185011
2908408,Conceição do Coité,ISSQN,Theta,2025,3923982.3319835206,4917191.661185011
2908408,Conceição do Coité,ISSQN,Prophet,2025,4378898.635731981,4917191.661185011
2908408,Conceição do Coité,ISSQN,Ensemble,2025,3787175.748739413,4917191.661185011
2908101,Cocos,ISSQN,Naive,2021,1644133.8798389018,2390686.1613485175
2908101,Cocos,ISSQN,ETS,2021,1655705.824196036,2390686.1613485175
2908101,Cocos,ISSQN,SARIMA,2021,1509464.4791436864,2390686.1613485175
2908101,Cocos,ISSQN,Theta,2021,1466263.1477777585,2390686.1613485175
2908101,Cocos,ISSQN,Prophet,2021,1948486.102686307,2390686.1613485175
2908101,Cocos,ISSQN,Ensemble,2021,1644979.8884509471,2390686.1613485175
2908101,Cocos,ISSQN,Naive,2022,2390686.1613485175,5442805.9341188725
2908101,Cocos,ISSQN,ETS,2022,2414310.0427887407,5442805.9341188725
2908101,Cocos,ISSQN,SARIMA,2022,2358492.429863754,5442805.9341188725
2908101,Cocos,ISSQN,Theta,2022,2358525.7657356905,5442805.9341188725
2908101,Cocos,ISSQN,Prophet,2022,2003976.299953173,5442805.9341188725
2908101,Cocos,ISSQN,Ensemble,2022,2283826.1345853396,5442805.9341188725
2908101,Cocos,ISSQN,Naive,2023,5442805.9341188725,6643402.7507072
2908101,Cocos,ISSQN,ETS,2023,6081871.112838602,6643402.7507072
2908101,Cocos,ISSQN,SARIMA,2023,4764902.165655936,6643402.7507072
2908101,Cocos,ISSQN,Theta,2023,8069042.498253974,6643402.7507072
2908101,Cocos,ISSQN,Prophet,2023,4305451.683827979,6643402.7507072
2908101,Cocos,ISSQN,Ensemble,2023,5805316.865144122,6643402.7507072
2908101,Cocos,ISSQN,Naive,2024,6643402.7507072,5718715.98338673
2908101,Cocos,ISSQN,ETS,2024,5891822.358314143,5718715.98338673
2908101,Cocos,ISSQN,SARIMA,2024,6337142.98475751,5718715.98338673
2908101,Cocos,ISSQN,Theta,2024,6864805.808723985,5718715.98338673
2908101,Cocos,ISSQN,Prophet,2024,6073538.925951915,5718715.98338673
2908101,Cocos,ISSQN,Ensemble,2024,6291827.519436888,5718715.98338673
2908101,Cocos,ISSQN,Naive,2025,5718715.98338673,6258115.009342094
2908101,Cocos,ISSQN,ETS,2025,4993753.984614465,6258115.009342094
2908101,Cocos,ISSQN,SARIMA,2025,5280438.734732304,6258115.009342094
2908101,Cocos,ISSQN,Theta,2025,4796618.451751562,6258115.009342094
2908101,Cocos,ISSQN,Prophet,2025,6275075.298968034,6258115.009342094
2908101,Cocos,ISSQN,Ensemble,2025,5336471.617516591,6258115.009342094
2908606,Conde,IPTU,Naive,2021,527866.6120426371,603345.8202230652
2908606,Conde,IPTU,ETS,2021,621788.9098970336,603345.8202230652
2908606,Conde,IPTU,SARIMA,2021,351221.6537199888,603345.8202230652
2908606,Conde,IPTU,Theta,2021,577746.1986233982,603345.8202230652
2908606,Conde,IPTU,Prophet,2021,380224.37668563233,603345.8202230652
2908606,Conde,IPTU,Ensemble,2021,482745.28473151324,603345.8202230652
2908606,Conde,IPTU,Naive,2022,603345.8202230652,967924.4726639058
2908606,Conde,IPTU,ETS,2022,677023.1006697301,967924.4726639058
2908606,Conde,IPTU,SARIMA,2022,330566.5084511132,967924.4726639058
2908606,Conde,IPTU,Theta,2022,583048.0887131895,967924.4726639058
2908606,Conde,IPTU,Prophet,2022,472746.62353189714,967924.4726639058
2908606,Conde,IPTU,Ensemble,2022,515846.0803414825,967924.4726639058
2908606,Conde,IPTU,Naive,2023,967924.4726639058,1039810.4694988069
2908606,Conde,IPTU,ETS,2023,881940.2249087694,1039810.4694988069
2908606,Conde,IPTU,SARIMA,2023,599119.9879748981,1039810.4694988069
2908606,Conde,IPTU,Theta,2023,846796.1645463939,1039810.4694988069
2908606,Conde,IPTU,Prophet,2023,739031.0915156659,1039810.4694988069
2908606,Conde,IPTU,Ensemble,2023,766721.8672364319,1039810.4694988069
2908606,Conde,IPTU,Naive,2024,1039810.4694988069,1210855.1257155468
2908606,Conde,IPTU,ETS,2024,1356088.2333757011,1210855.1257155468
2908606,Conde,IPTU,SARIMA,2024,902256.8440088099,1210855.1257155468
2908606,Conde,IPTU,Theta,2024,993690.829397317,1210855.1257155468
2908606,Conde,IPTU,Prophet,2024,945740.6814383521,1210855.1257155468
2908606,Conde,IPTU,Ensemble,2024,1049444.147055045,1210855.1257155468
2908606,Conde,IPTU,Naive,2025,1210855.1257155468,1438930.7250523597
2908606,Conde,IPTU,ETS,2025,1429702.3946167838,1438930.7250523597
2908606,Conde,IPTU,SARIMA,2025,1015084.1994471864,1438930.7250523597
2908606,Conde,IPTU,Theta,2025,1189475.9479985267,1438930.7250523597
2908606,Conde,IPTU,Prophet,2025,1185414.7234866754,1438930.7250523597
2908606,Conde,IPTU,Ensemble,2025,1204919.3163872932,1438930.7250523597
2908101,Cocos,IPTU,Naive,2021,121669.60626441057,1103516.6521980867
2908101,Cocos,IPTU,ETS,2021,181890.85937325362,1103516.6521980867
2908101,Cocos,IPTU,SARIMA,2021,120714.44549177465,1103516.6521980867
2908101,Cocos,IPTU,Theta,2021,322064.47221133055,1103516.6521980867
2908101,Cocos,IPTU,Prophet,2021,94780.20419005037,1103516.6521980867
2908101,Cocos,IPTU,Ensemble,2021,179862.4953166023,1103516.6521980867
2908101,Cocos,IPTU,Naive,2022,1103516.6521980867,2085363.698131763
2908101,Cocos,IPTU,ETS,2022,5205638.175881921,2085363.698131763
2908101,Cocos,IPTU,SARIMA,2022,1987937.4886057687,2085363.698131763
2908101,Cocos,IPTU,Theta,2022,1607593.258154339,2085363.698131763
2908101,Cocos,IPTU,Prophet,2022,1316709.1293528802,2085363.698131763
2908101,Cocos,IPTU,Ensemble,2022,2529469.512998727,2085363.698131763
2908101,Cocos,IPTU,Naive,2023,2085363.698131763,1110077.1144227567
2908101,Cocos,IPTU,ETS,2023,6936468.102507526,1110077.1144227567
2908101,Cocos,IPTU,SARIMA,2023,2469846.238969253,1110077.1144227567
2908101,Cocos,IPTU,Theta,2023,2956162.6771899485,1110077.1144227567
2908101,Cocos,IPTU,Prophet,2023,3108229.930406352,1110077.1144227567
2908101,Cocos,IPTU,Ensemble,2023,3867676.73726827,1110077.1144227567
2908101,Cocos,IPTU,Naive,2024,1110077.1144227567,134790.53071375017
2908101,Cocos,IPTU,ETS,2024,4139616.859505934,134790.53071375017
2908101,Cocos,IPTU,SARIMA,2024,2868435.4069684763,134790.53071375017
2908101,Cocos,IPTU,Theta,2024,2445652.4355455013,134790.53071375017
2908101,Cocos,IPTU,Prophet,2024,1873604.5824230465,134790.53071375017
2908101,Cocos,IPTU,Ensemble,2024,2831827.32111074,134790.53071375017
2908101,Cocos,IPTU,Naive,2025,134790.53071375017,148256.37574398998
2908101,Cocos,IPTU,ETS,2025,282994.9046780435,148256.37574398998
2908101,Cocos,IPTU,SARIMA,2025,22498.877653338946,148256.37574398998
2908101,Cocos,IPTU,Theta,2025,73191.36080024789,148256.37574398998
2908101,Cocos,IPTU,Prophet,2025,1088564.8453537573,148256.37574398998
2908101,Cocos,IPTU,Ensemble,2025,366812.4971213469,148256.37574398998
2908606,Conde,ISSQN,Naive,2021,4024227.896277538,4480461.305612619
2908606,Conde,ISSQN,ETS,2021,3571947.1686375043,4480461.305612619
2908606,Conde,ISSQN,SARIMA,2021,4004758.279021856,4480461.305612619
2908606,Conde,ISSQN,Theta,2021,4186421.434448325,4480461.305612619
2908606,Conde,ISSQN,Prophet,2021,4332757.114161456,4480461.305612619
2908606,Conde,ISSQN,Ensemble,2021,4023970.999067285,4480461.305612619
2908606,Conde,ISSQN,Naive,2022,4480461.305612619,4393084.30953433
2908606,Conde,ISSQN,ETS,2022,4342077.469697912,4393084.30953433
2908606,Conde,ISSQN,SARIMA,2022,4054348.3649313143,4393084.30953433
2908606,Conde,ISSQN,Theta,2022,4578350.796842989,4393084.30953433
2908606,Conde,ISSQN,Prophet,2022,4482818.370163857,4393084.30953433
2908606,Conde,ISSQN,Ensemble,2022,4364398.750409018,4393084.30953433
2908606,Conde,ISSQN,Naive,2023,4393084.30953433,4471757.365583306
2908606,Conde,ISSQN,ETS,2023,4342734.205233353,4471757.365583306
2908606,Conde,ISSQN,SARIMA,2023,4093268.5232227803,4471757.365583306
2908606,Conde,ISSQN,Theta,2023,4482897.141758433,4471757.365583306
2908606,Conde,ISSQN,Prophet,2023,4505691.101721555,4471757.365583306
2908606,Conde,ISSQN,Ensemble,2023,4356147.742984029,4471757.365583306
2908606,Conde,ISSQN,Naive,2024,4471757.365583306,5044296.494384976
2908606,Conde,ISSQN,ETS,2024,4356780.442099814,5044296.494384976
2908606,Conde,ISSQN,SARIMA,2024,4435456.079557413,5044296.494384976
2908606,Conde,ISSQN,Theta,2024,4539706.438199801,5044296.494384976
2908606,Conde,ISSQN,Prophet,2024,4588175.526256482,5044296.494384976
2908606,Conde,ISSQN,Ensemble,2024,4480029.621528378,5044296.494384976
2908606,Conde,ISSQN,Naive,2025,5044296.494384976,5329332.790337087
2908606,Conde,ISSQN,ETS,2025,4837944.641130013,5329332.790337087
2908606,Conde,ISSQN,SARIMA,2025,4813855.811095401,5329332.790337087
2908606,Conde,ISSQN,Theta,2025,4996553.017892643,5329332.790337087
2908606,Conde,ISSQN,Prophet,2025,4849651.699130028,5329332.790337087
2908606,Conde,ISSQN,Ensemble,2025,4874501.29231202,5329332.790337087
2908804,Contendas do Sincorá,ISSQN,Naive,2021,362435.0601453191,274243.4058490487
2908804,Contendas do Sincorá,ISSQN,ETS,2021,557087.1472762445,274243.4058490487
2908804,Contendas do Sincorá,ISSQN,SARIMA,2021,377554.068649494,274243.4058490487
2908804,Contendas do Sincorá,ISSQN,Theta,2021,480934.4093401177,274243.4058490487
2908804,Contendas do Sincorá,ISSQN,Prophet,2021,641644.6219693947,274243.4058490487
2908804,Contendas do Sincorá,ISSQN,Ensemble,2021,514305.0618088128,274243.4058490487
2908804,Contendas do Sincorá,ISSQN,Naive,2022,274243.4058490487,440729.60609780194
2908804,Contendas do Sincorá,ISSQN,ETS,2022,349994.11932201684,440729.60609780194
2908804,Contendas do Sincorá,ISSQN,SARIMA,2022,348406.7676276355,440729.60609780194
2908804,Contendas do Sincorá,ISSQN,Theta,2022,333991.4341272061,440729.60609780194
2908804,Contendas do Sincorá,ISSQN,Prophet,2022,452524.56081180397,440729.60609780194
2908804,Contendas do Sincorá,ISSQN,Ensemble,2022,371229.22047216556,440729.60609780194
2908804,Contendas do Sincorá,ISSQN,Naive,2023,440729.60609780194,1017228.739151205
2908804,Contendas do Sincorá,ISSQN,ETS,2023,479673.3699972358,1017228.739151205
2908804,Contendas do Sincorá,ISSQN,SARIMA,2023,394493.8124612137,1017228.739151205
2908804,Contendas do Sincorá,ISSQN,Theta,2023,494059.5754045819,1017228.739151205
2908804,Contendas do Sincorá,ISSQN,Prophet,2023,437554.6809078627,1017228.739151205
2908804,Contendas do Sincorá,ISSQN,Ensemble,2023,451445.35969272343,1017228.739151205
2908804,Contendas do Sincorá,ISSQN,Naive,2024,1017228.739151205,1175666.063668824
2908804,Contendas do Sincorá,ISSQN,ETS,2024,1491889.0557904935,1175666.063668824
2908804,Contendas do Sincorá,ISSQN,SARIMA,2024,562804.3484240238,1175666.063668824
2908804,Contendas do Sincorá,ISSQN,Theta,2024,1513005.3601585145,1175666.063668824
2908804,Contendas do Sincorá,ISSQN,Prophet,2024,742011.779205575,1175666.063668824
2908804,Contendas do Sincorá,ISSQN,Ensemble,2024,1077427.6358946518,1175666.063668824
2908804,Contendas do Sincorá,ISSQN,Naive,2025,1175666.063668824,886262.1887389359
2908804,Contendas do Sincorá,ISSQN,ETS,2025,1084185.9592232222,886262.1887389359
2908804,Contendas do Sincorá,ISSQN,SARIMA,2025,919930.5124442988,886262.1887389359
2908804,Contendas do Sincorá,ISSQN,Theta,2025,1170065.4641493454,886262.1887389359
2908804,Contendas do Sincorá,ISSQN,Prophet,2025,977626.83068897,886262.1887389359
2908804,Contendas do Sincorá,ISSQN,Ensemble,2025,1037952.1916264591,886262.1887389359
2908200,Conceição da Feira,IPTU,Naive,2021,256694.2008017688,408197.365779221
2908200,Conceição da Feira,IPTU,ETS,2021,527628.4393688864,408197.365779221
2908200,Conceição da Feira,IPTU,SARIMA,2021,204151.12567826718,408197.365779221
2908200,Conceição da Feira,IPTU,Theta,2021,380947.2556697599,408197.365779221
2908200,Conceição da Feira,IPTU,Prophet,2021,307743.32308328385,408197.365779221
2908200,Conceição da Feira,IPTU,Ensemble,2021,355117.5359500494,408197.365779221
2908200,Conceição da Feira,IPTU,Naive,2022,408197.365779221,217110.88353783567
2908200,Conceição da Feira,IPTU,ETS,2022,468501.38911304984,217110.88353783567
2908200,Conceição da Feira,IPTU,SARIMA,2022,240339.34597041365,217110.88353783567
2908200,Conceição da Feira,IPTU,Theta,2022,722740.449803185,217110.88353783567
2908200,Conceição da Feira,IPTU,Prophet,2022,316563.4823380219,217110.88353783567
2908200,Conceição da Feira,IPTU,Ensemble,2022,437036.16680616746,217110.88353783567
2908200,Conceição da Feira,IPTU,Naive,2023,217110.88353783567,294996.14475554705
2908200,Conceição da Feira,IPTU,ETS,2023,110555.70369617567,294996.14475554705
2908200,Conceição da Feira,IPTU,SARIMA,2023,131987.03792579356,294996.14475554705
2908200,Conceição da Feira,IPTU,Theta,2023,352030.45806786814,294996.14475554705
2908200,Conceição da Feira,IPTU,Prophet,2023,293891.94832600147,294996.14475554705
2908200,Conceição da Feira,IPTU,Ensemble,2023,222116.28700395965,294996.14475554705
2908200,Conceição da Feira,IPTU,Naive,2024,294996.14475554705,258772.32069057316
2908200,Conceição da Feira,IPTU,ETS,2024,309823.6579575109,258772.32069057316
2908200,Conceição da Feira,IPTU,SARIMA,2024,158256.67635316015,258772.32069057316
2908200,Conceição da Feira,IPTU,Theta,2024,315615.45457726775,258772.32069057316
2908200,Conceição da Feira,IPTU,Prophet,2024,367256.6251371489,258772.32069057316
2908200,Conceição da Feira,IPTU,Ensemble,2024,287738.1035062719,258772.32069057316
2908200,Conceição da Feira,IPTU,Naive,2025,258772.32069057316,427834.8952621299
2908200,Conceição da Feira,IPTU,ETS,2025,212765.8744939778,427834.8952621299
2908200,Conceição da Feira,IPTU,SARIMA,2025,162533.56065083147,427834.8952621299
2908200,Conceição da Feira,IPTU,Theta,2025,263658.6332319468,427834.8952621299
2908200,Conceição da Feira,IPTU,Prophet,2025,367236.99908706977,427834.8952621299
2908200,Conceição da Feira,IPTU,Ensemble,2025,251548.76686595648,427834.8952621299
2908903,Coração de Maria,ISSQN,Naive,2021,1154297.1912716234,2247281.3480236386
2908903,Coração de Maria,ISSQN,ETS,2021,1173563.602105527,2247281.3480236386
2908903,Coração de Maria,ISSQN,SARIMA,2021,1268699.9909694793,2247281.3480236386
2908903,Coração de Maria,ISSQN,Theta,2021,1193761.4627175953,2247281.3480236386
2908903,Coração de Maria,ISSQN,Prophet,2021,1315279.6092944846,2247281.3480236386
2908903,Coração de Maria,ISSQN,Ensemble,2021,1237826.1662717715,2247281.3480236386
2908903,Coração de Maria,ISSQN,Naive,2022,2247281.3480236386,3163731.23978348
2908903,Coração de Maria,ISSQN,ETS,2022,2396613.0801162897,3163731.23978348
2908903,Coração de Maria,ISSQN,SARIMA,2022,1385144.7763589532,3163731.23978348
2908903,Coração de Maria,ISSQN,Theta,2022,2104022.5669209473,3163731.23978348
2908903,Coração de Maria,ISSQN,Prophet,2022,1860593.633579645,3163731.23978348
2908903,Coração de Maria,ISSQN,Ensemble,2022,1936593.514243959,3163731.23978348
2908903,Coração de Maria,ISSQN,Naive,2023,3163731.23978348,3189413.5031696837
2908903,Coração de Maria,ISSQN,ETS,2023,3153311.056765839,3189413.5031696837
2908903,Coração de Maria,ISSQN,SARIMA,2023,3009556.9874246516,3189413.5031696837
2908903,Coração de Maria,ISSQN,Theta,2023,3189081.4178801784,3189413.5031696837
2908903,Coração de Maria,ISSQN,Prophet,2023,2601372.4748380077,3189413.5031696837
2908903,Coração de Maria,ISSQN,Ensemble,2023,2988330.4842271693,3189413.5031696837
2908903,Coração de Maria,ISSQN,Naive,2024,3189413.5031696837,3922132.4663742124
2908903,Coração de Maria,ISSQN,ETS,2024,3487139.7696838197,3922132.4663742124
2908903,Coração de Maria,ISSQN,SARIMA,2024,3217122.5605742303,3922132.4663742124
2908903,Coração de Maria,ISSQN,Theta,2024,3525604.2626202563,3922132.4663742124
2908903,Coração de Maria,ISSQN,Prophet,2024,3126808.72235661,3922132.4663742124
2908903,Coração de Maria,ISSQN,Ensemble,2024,3339168.8288087295,3922132.4663742124
2908903,Coração de Maria,ISSQN,Naive,2025,3922132.4663742124,3908938.148075542
2908903,Coração de Maria,ISSQN,ETS,2025,6093825.042897062,3908938.148075542
2908903,Coração de Maria,ISSQN,SARIMA,2025,4688695.2731541395,3908938.148075542
2908903,Coração de Maria,ISSQN,Theta,2025,4656148.258488258,3908938.148075542
2908903,Coração de Maria,ISSQN,Prophet,2025,3881678.9101295816,3908938.148075542
2908903,Coração de Maria,ISSQN,Ensemble,2025,4830086.87116726,3908938.148075542
2909406,Cotegipe,IPTU,Naive,2021,109102.89663449046,128926.45817413268
2909406,Cotegipe,IPTU,ETS,2021,146419.45460522856,128926.45817413268
2909406,Cotegipe,IPTU,SARIMA,2021,44931.2034171439,128926.45817413268
2909406,Cotegipe,IPTU,Theta,2021,199620.11277160054,128926.45817413268
2909406,Cotegipe,IPTU,Prophet,2021,148043.8940690964,128926.45817413268
2909406,Cotegipe,IPTU,Ensemble,2021,134753.66621576736,128926.45817413268
2909406,Cotegipe,IPTU,Naive,2022,128926.45817413268,154921.4222883077
2909406,Cotegipe,IPTU,ETS,2022,150685.0675249241,154921.4222883077
2909406,Cotegipe,IPTU,SARIMA,2022,119389.41782304045,154921.4222883077
2909406,Cotegipe,IPTU,Theta,2022,86030.32463170431,154921.4222883077
2909406,Cotegipe,IPTU,Prophet,2022,161932.08253832744,154921.4222883077
2909406,Cotegipe,IPTU,Ensemble,2022,129509.22312949906,154921.4222883077
2909406,Cotegipe,IPTU,Naive,2023,154921.4222883077,236245.9535508168
2909406,Cotegipe,IPTU,ETS,2023,161746.35372022848,236245.9535508168
2909406,Cotegipe,IPTU,SARIMA,2023,94549.24139820113,236245.9535508168
2909406,Cotegipe,IPTU,Theta,2023,96331.40411033697,236245.9535508168
2909406,Cotegipe,IPTU,Prophet,2023,184355.9803379087,236245.9535508168
2909406,Cotegipe,IPTU,Ensemble,2023,134245.7448916688,236245.9535508168
2909406,Cotegipe,IPTU,Naive,2024,236245.9535508168,92589.6449978704
2909406,Cotegipe,IPTU,ETS,2024,205968.85213616313,92589.6449978704
2909406,Cotegipe,IPTU,SARIMA,2024,102064.31616523038,92589.6449978704
2909406,Cotegipe,IPTU,Theta,2024,92418.97635729273,92589.6449978704
2909406,Cotegipe,IPTU,Prophet,2024,232314.14728145284,92589.6449978704
2909406,Cotegipe,IPTU,Ensemble,2024,158191.57298503476,92589.6449978704
2909406,Cotegipe,IPTU,Naive,2025,92589.6449978704,99939.27025998775
2909406,Cotegipe,IPTU,ETS,2025,201014.19932914813,99939.27025998775
2909406,Cotegipe,IPTU,SARIMA,2025,59269.38748464073,99939.27025998775
2909406,Cotegipe,IPTU,Theta,2025,72650.62059607204,99939.27025998775
2909406,Cotegipe,IPTU,Prophet,2025,203648.86382178674,99939.27025998775
2909406,Cotegipe,IPTU,Ensemble,2025,134145.76780791188,99939.27025998775
2908903,Coração de Maria,IPTU,Naive,2021,86248.28674247769,467896.3854270549
2908903,Coração de Maria,IPTU,ETS,2021,168826.05059340404,467896.3854270549
2908903,Coração de Maria,IPTU,SARIMA,2021,93963.64432693015,467896.3854270549
2908903,Coração de Maria,IPTU,Theta,2021,126157.56926029114,467896.3854270549
2908903,Coração de Maria,IPTU,Prophet,2021,51516.01034915649,467896.3854270549
2908903,Coração de Maria,IPTU,Ensemble,2021,110115.81863244544,467896.3854270549
2908903,Coração de Maria,IPTU,Naive,2022,467896.3854270549,849544.4841116321
2908903,Coração de Maria,IPTU,ETS,2022,326168.31635956676,849544.4841116321
2908903,Coração de Maria,IPTU,SARIMA,2022,213050.03473284678,849544.4841116321
2908903,Coração de Maria,IPTU,Theta,2022,497181.389025974,849544.4841116321
2908903,Coração de Maria,IPTU,Prophet,2022,781197.5911986612,849544.4841116321
2908903,Coração de Maria,IPTU,Ensemble,2022,454399.3328292622,849544.4841116321
2908903,Coração de Maria,IPTU,Naive,2023,849544.4841116321,610802.1753174027
2908903,Coração de Maria,IPTU,ETS,2023,574398.6958188204,610802.1753174027
2908903,Coração de Maria,IPTU,SARIMA,2023,222653.05197699944,610802.1753174027
2908903,Coração de Maria,IPTU,Theta,2023,679770.7904690849,610802.1753174027
2908903,Coração de Maria,IPTU,Prophet,2023,1316482.968366491,610802.1753174027
2908903,Coração de Maria,IPTU,Ensemble,2023,698326.3766578488,610802.1753174027
2908903,Coração de Maria,IPTU,Naive,2024,610802.1753174027,582916.6383025348
2908903,Coração de Maria,IPTU,ETS,2024,764216.1003045419,582916.6383025348
2908903,Coração de Maria,IPTU,SARIMA,2024,570728.4436962119,582916.6383025348
2908903,Coração de Maria,IPTU,Theta,2024,567257.8206277165,582916.6383025348
2908903,Coração de Maria,IPTU,Prophet,2024,188286.6334782119,582916.6383025348
2908903,Coração de Maria,IPTU,Ensemble,2024,522622.2495266706,582916.6383025348
2908903,Coração de Maria,IPTU,Naive,2025,582916.6383025348,1124074.500061711
2908903,Coração de Maria,IPTU,ETS,2025,753648.6864102887,1124074.500061711
2908903,Coração de Maria,IPTU,SARIMA,2025,305101.19995751354,1124074.500061711
2908903,Coração de Maria,IPTU,Theta,2025,551583.6078822848,1124074.500061711
2908903,Coração de Maria,IPTU,Prophet,2025,-255530.0750240964,1124074.500061711
2908903,Coração de Maria,IPTU,Ensemble,2025,338700.85480649763,1124074.500061711
2909406,Cotegipe,ISSQN,Naive,2021,824465.0960410744,939786.8580397955
2909406,Cotegipe,ISSQN,ETS,2021,992311.7600671558,939786.8580397955
2909406,Cotegipe,ISSQN,SARIMA,2021,787384.4591640661,939786.8580397955
2909406,Cotegipe,ISSQN,Theta,2021,869984.080740169,939786.8580397955
2909406,Cotegipe,ISSQN,Prophet,2021,983047.1544676279,939786.8580397955
2909406,Cotegipe,ISSQN,Ensemble,2021,908181.8636097547,939786.8580397955
2909406,Cotegipe,ISSQN,Naive,2022,939786.8580397955,1080432.6056818333
2909406,Cotegipe,ISSQN,ETS,2022,987720.3307324551,1080432.6056818333
2909406,Cotegipe,ISSQN,SARIMA,2022,808055.1942760522,1080432.6056818333
2909406,Cotegipe,ISSQN,Theta,2022,953153.1819147848,1080432.6056818333
2909406,Cotegipe,ISSQN,Prophet,2022,966628.9948133585,1080432.6056818333
2909406,Cotegipe,ISSQN,Ensemble,2022,928889.4254341627,1080432.6056818333
2909406,Cotegipe,ISSQN,Naive,2023,1080432.6056818333,1363437.17929283
2909406,Cotegipe,ISSQN,ETS,2023,993229.2692986629,1363437.17929283
2909406,Cotegipe,ISSQN,SARIMA,2023,828478.0236634591,1363437.17929283
2909406,Cotegipe,ISSQN,Theta,2023,1110248.3696917568,1363437.17929283
2909406,Cotegipe,ISSQN,Prophet,2023,1015876.0585388902,1363437.17929283
2909406,Cotegipe,ISSQN,Ensemble,2023,986957.9302981922,1363437.17929283
2909406,Cotegipe,ISSQN,Naive,2024,1363437.17929283,1335781.9738828728
2909406,Cotegipe,ISSQN,ETS,2024,1495587.5766082285,1335781.9738828728
2909406,Cotegipe,ISSQN,SARIMA,2024,1374348.1299243122,1335781.9738828728
2909406,Cotegipe,ISSQN,Theta,2024,1373553.2220949684,1335781.9738828728
2909406,Cotegipe,ISSQN,Prophet,2024,1173182.1532751084,1335781.9738828728
2909406,Cotegipe,ISSQN,Ensemble,2024,1354167.7704756544,1335781.9738828728
2909406,Cotegipe,ISSQN,Naive,2025,1335781.9738828728,1879824.6173211061
2909406,Cotegipe,ISSQN,ETS,2025,1531665.2903884829,1879824.6173211061
2909406,Cotegipe,ISSQN,SARIMA,2025,1222247.1009525931,1879824.6173211061
2909406,Cotegipe,ISSQN,Theta,2025,1523992.468228759,1879824.6173211061
2909406,Cotegipe,ISSQN,Prophet,2025,1317258.4677241177,1879824.6173211061
2909406,Cotegipe,ISSQN,Ensemble,2025,1398790.831823488,1879824.6173211061
2909604,Crisópolis,ISSQN,Naive,2021,457036.5977366316,605485.2147594392
2909604,Crisópolis,ISSQN,ETS,2021,399980.8463932842,605485.2147594392
2909604,Crisópolis,ISSQN,SARIMA,2021,341031.00483596895,605485.2147594392
2909604,Crisópolis,ISSQN,Theta,2021,316695.6299317878,605485.2147594392
2909604,Crisópolis,ISSQN,Prophet,2021,284311.96958973736,605485.2147594392
2909604,Crisópolis,ISSQN,Ensemble,2021,335504.8626876946,605485.2147594392
2909604,Crisópolis,ISSQN,Naive,2022,605485.2147594392,1712094.5104998176
2909604,Crisópolis,ISSQN,ETS,2022,823025.7027307246,1712094.5104998176
2909604,Crisópolis,ISSQN,SARIMA,2022,408688.2919605055,1712094.5104998176
2909604,Crisópolis,ISSQN,Theta,2022,621648.2914384727,1712094.5104998176
2909604,Crisópolis,ISSQN,Prophet,2022,439664.22276000556,1712094.5104998176
2909604,Crisópolis,ISSQN,Ensemble,2022,573256.627222427,1712094.5104998176
2909604,Crisópolis,ISSQN,Naive,2023,1712094.5104998176,1967684.7897123205
2909604,Crisópolis,ISSQN,ETS,2023,2483405.774416955,1967684.7897123205
2909604,Crisópolis,ISSQN,SARIMA,2023,2075430.2488638961,1967684.7897123205
2909604,Crisópolis,ISSQN,Theta,2023,2607537.3035389297,1967684.7897123205
2909604,Crisópolis,ISSQN,Prophet,2023,2389867.159395918,1967684.7897123205
2909604,Crisópolis,ISSQN,Ensemble,2023,2389060.121553925,1967684.7897123205
2909604,Crisópolis,ISSQN,Naive,2024,1967684.7897123205,2546955.8150643758
2909604,Crisópolis,ISSQN,ETS,2024,2328483.6522979247,2546955.8150643758
2909604,Crisópolis,ISSQN,SARIMA,2024,1879121.6674260278,2546955.8150643758
2909604,Crisópolis,ISSQN,Theta,2024,2192508.6286494746,2546955.8150643758
2909604,Crisópolis,ISSQN,Prophet,2024,2562204.7618394666,2546955.8150643758
2909604,Crisópolis,ISSQN,Ensemble,2024,2240579.677553224,2546955.8150643758
2909604,Crisópolis,ISSQN,Naive,2025,2546955.8150643758,3342447.879220704
2909604,Crisópolis,ISSQN,ETS,2025,2831521.428888645,3342447.879220704
2909604,Crisópolis,ISSQN,SARIMA,2025,2882623.1277377675,3342447.879220704
2909604,Crisópolis,ISSQN,Theta,2025,2923546.7947612363,3342447.879220704
2909604,Crisópolis,ISSQN,Prophet,2025,2957345.568005035,3342447.879220704
2909604,Crisópolis,ISSQN,Ensemble,2025,2898759.229848171,3342447.879220704
2909802,Cruz das Almas,ISSQN,Naive,2021,8836553.55599272,9260153.729561293
2909802,Cruz das Almas,ISSQN,ETS,2021,9202887.901411546,9260153.729561293
2909802,Cruz das Almas,ISSQN,SARIMA,2021,9107648.884498946,9260153.729561293
2909802,Cruz das Almas,ISSQN,Theta,2021,9230537.093598416,9260153.729561293
2909802,Cruz das Almas,ISSQN,Prophet,2021,8605262.739335692,9260153.729561293
2909802,Cruz das Almas,ISSQN,Ensemble,2021,9036584.15471115,9260153.729561293
2909802,Cruz das Almas,ISSQN,Naive,2022,9260153.729561293,10841459.042670384
2909802,Cruz das Almas,ISSQN,ETS,2022,9844839.008512741,10841459.042670384
2909802,Cruz das Almas,ISSQN,SARIMA,2022,9411400.478032041,10841459.042670384
2909802,Cruz das Almas,ISSQN,Theta,2022,10068811.542163974,10841459.042670384
2909802,Cruz das Almas,ISSQN,Prophet,2022,9711097.735700341,10841459.042670384
2909802,Cruz das Almas,ISSQN,Ensemble,2022,9759037.191102274,10841459.042670384
2909802,Cruz das Almas,ISSQN,Naive,2023,10841459.042670384,12075644.673416477
2909802,Cruz das Almas,ISSQN,ETS,2023,10720105.38394314,12075644.673416477
2909802,Cruz das Almas,ISSQN,SARIMA,2023,11037971.233876234,12075644.673416477
2909802,Cruz das Almas,ISSQN,Theta,2023,10715809.895296255,12075644.673416477
2909802,Cruz das Almas,ISSQN,Prophet,2023,11106641.083957192,12075644.673416477
2909802,Cruz das Almas,ISSQN,Ensemble,2023,10895131.899268206,12075644.673416477
2909802,Cruz das Almas,ISSQN,Naive,2024,12075644.673416477,11794955.171446819
2909802,Cruz das Almas,ISSQN,ETS,2024,13459784.934286276,11794955.171446819
2909802,Cruz das Almas,ISSQN,SARIMA,2024,12216631.250376442,11794955.171446819
2909802,Cruz das Almas,ISSQN,Theta,2024,11958951.851493381,11794955.171446819
2909802,Cruz das Almas,ISSQN,Prophet,2024,12638632.939508155,11794955.171446819
2909802,Cruz das Almas,ISSQN,Ensemble,2024,12568500.243916063,11794955.171446819
2909802,Cruz das Almas,ISSQN,Naive,2025,11794955.171446819,14721224.55658015
2909802,Cruz das Almas,ISSQN,ETS,2025,11910809.657946741,14721224.55658015
2909802,Cruz das Almas,ISSQN,SARIMA,2025,12088918.982758839,14721224.55658015
2909802,Cruz das Almas,ISSQN,Theta,2025,12094472.159043163,14721224.55658015
2909802,Cruz das Almas,ISSQN,Prophet,2025,12956361.736842943,14721224.55658015
2909802,Cruz das Almas,ISSQN,Ensemble,2025,12262640.634147922,14721224.55658015
2907806,Cícero Dantas,ISSQN,Naive,2021,2024565.2426246584,2158287.974894074
2907806,Cícero Dantas,ISSQN,ETS,2021,1976328.5497414721,2158287.974894074
2907806,Cícero Dantas,ISSQN,SARIMA,2021,2024169.0422667642,2158287.974894074
2907806,Cícero Dantas,ISSQN,Theta,2021,2070229.722433782,2158287.974894074
2907806,Cícero Dantas,ISSQN,Prophet,2021,2289934.7746384344,2158287.974894074
2907806,Cícero Dantas,ISSQN,Ensemble,2021,2090165.5222701132,2158287.974894074
2907806,Cícero Dantas,ISSQN,Naive,2022,2158287.974894074,3750533.6916094115
2907806,Cícero Dantas,ISSQN,ETS,2022,2182410.9423767277,3750533.6916094115
2907806,Cícero Dantas,ISSQN,SARIMA,2022,2033190.2240466434,3750533.6916094115
2907806,Cícero Dantas,ISSQN,Theta,2022,2279594.00760258,3750533.6916094115
2907806,Cícero Dantas,ISSQN,Prophet,2022,2403982.859208023,3750533.6916094115
2907806,Cícero Dantas,ISSQN,Ensemble,2022,2224794.5083084935,3750533.6916094115
2907806,Cícero Dantas,ISSQN,Naive,2023,3750533.6916094115,3160340.6641452555
2907806,Cícero Dantas,ISSQN,ETS,2023,3122793.2798410365,3160340.6641452555
2907806,Cícero Dantas,ISSQN,SARIMA,2023,4989291.291609425,3160340.6641452555
2907806,Cícero Dantas,ISSQN,Theta,2023,4610414.034264836,3160340.6641452555
2907806,Cícero Dantas,ISSQN,Prophet,2023,3198572.6507313508,3160340.6641452555
2907806,Cícero Dantas,ISSQN,Ensemble,2023,3980267.814111662,3160340.6641452555
2907806,Cícero Dantas,ISSQN,Naive,2024,3160340.6641452555,3846102.1865038243
2907806,Cícero Dantas,ISSQN,ETS,2024,3330519.9437911897,3846102.1865038243
2907806,Cícero Dantas,ISSQN,SARIMA,2024,3816787.026945436,3846102.1865038243
2907806,Cícero Dantas,ISSQN,Theta,2024,3718854.231477247,3846102.1865038243
2907806,Cícero Dantas,ISSQN,Prophet,2024,3456142.817202769,3846102.1865038243
2907806,Cícero Dantas,ISSQN,Ensemble,2024,3580576.004854161,3846102.1865038243
2907806,Cícero Dantas,ISSQN,Naive,2025,3846102.1865038243,5236801.601493815
2907806,Cícero Dantas,ISSQN,ETS,2025,3738343.4326654784,5236801.601493815
2907806,Cícero Dantas,ISSQN,SARIMA,2025,3990242.301983447,5236801.601493815
2907806,Cícero Dantas,ISSQN,Theta,2025,3913509.3605954507,5236801.601493815
2907806,Cícero Dantas,ISSQN,Prophet,2025,3913853.0450768634,5236801.601493815
2907806,Cícero Dantas,ISSQN,Ensemble,2025,3888987.03508031,5236801.601493815
2909505,Cravolândia,ISSQN,Naive,2021,418994.152692302,371428.41491253977
2909505,Cravolândia,ISSQN,ETS,2021,474396.79222372506,371428.41491253977
2909505,Cravolândia,ISSQN,SARIMA,2021,299460.097544099,371428.41491253977
2909505,Cravolândia,ISSQN,Theta,2021,533520.2483432422,371428.41491253977
2909505,Cravolândia,ISSQN,Prophet,2021,266678.4093066129,371428.41491253977
2909505,Cravolândia,ISSQN,Ensemble,2021,393513.8868544198,371428.41491253977
2909505,Cravolândia,ISSQN,Naive,2022,371428.41491253977,434991.31050272094
2909505,Cravolândia,ISSQN,ETS,2022,510679.98981212213,434991.31050272094
2909505,Cravolândia,ISSQN,SARIMA,2022,388904.621980523,434991.31050272094
2909505,Cravolândia,ISSQN,Theta,2022,484460.05208015104,434991.31050272094
2909505,Cravolândia,ISSQN,Prophet,2022,206623.5002910219,434991.31050272094
2909505,Cravolândia,ISSQN,Ensemble,2022,397667.0410409544,434991.31050272094
2909505,Cravolândia,ISSQN,Naive,2023,434991.31050272094,632802.210431014
2909505,Cravolândia,ISSQN,ETS,2023,563450.9681581043,632802.210431014
2909505,Cravolândia,ISSQN,SARIMA,2023,465398.74017657695,632802.210431014
2909505,Cravolândia,ISSQN,Theta,2023,574020.6659754717,632802.210431014
2909505,Cravolândia,ISSQN,Prophet,2023,234544.27077135985,632802.210431014
2909505,Cravolândia,ISSQN,Ensemble,2023,459353.6612703783,632802.210431014
2909505,Cravolândia,ISSQN,Naive,2024,632802.210431014,651165.1939693332
2909505,Cravolândia,ISSQN,ETS,2024,647905.7815405282,651165.1939693332
2909505,Cravolândia,ISSQN,SARIMA,2024,748657.2508798334,651165.1939693332
2909505,Cravolândia,ISSQN,Theta,2024,774066.602095165,651165.1939693332
2909505,Cravolândia,ISSQN,Prophet,2024,499475.8830475085,651165.1939693332
2909505,Cravolândia,ISSQN,Ensemble,2024,667526.3793907588,651165.1939693332
2909505,Cravolândia,ISSQN,Naive,2025,651165.1939693332,752122.678978497
2909505,Cravolândia,ISSQN,ETS,2025,715258.6090350269,752122.678978497
2909505,Cravolândia,ISSQN,SARIMA,2025,627118.5106833967,752122.678978497
2909505,Cravolândia,ISSQN,Theta,2025,770995.7251720675,752122.678978497
2909505,Cravolândia,ISSQN,Prophet,2025,573914.1800373525,752122.678978497
2909505,Cravolândia,ISSQN,Ensemble,2025,671821.756231961,752122.678978497
2909604,Crisópolis,IPTU,Naive,2021,191672.68842505026,261885.52045695673
2909604,Crisópolis,IPTU,ETS,2021,283349.86281406914,261885.52045695673
2909604,Crisópolis,IPTU,SARIMA,2021,103538.35439300345,261885.52045695673
2909604,Crisópolis,IPTU,Theta,2021,234658.38091244898,261885.52045695673
2909604,Crisópolis,IPTU,Prophet,2021,277801.5285870938,261885.52045695673
2909604,Crisópolis,IPTU,Ensemble,2021,224837.03167665383,261885.52045695673
2909604,Crisópolis,IPTU,Naive,2022,261885.52045695673,229382.30945085658
2909604,Crisópolis,IPTU,ETS,2022,413626.70469871094,229382.30945085658
2909604,Crisópolis,IPTU,SARIMA,2022,116504.2132916353,229382.30945085658
2909604,Crisópolis,IPTU,Theta,2022,438956.12234952813,229382.30945085658
2909604,Crisópolis,IPTU,Prophet,2022,265901.52193986066,229382.30945085658
2909604,Crisópolis,IPTU,Ensemble,2022,308747.14056993375,229382.30945085658
2909604,Crisópolis,IPTU,Naive,2023,229382.30945085658,157475.50055927818
2909604,Crisópolis,IPTU,ETS,2023,275624.20829326403,157475.50055927818
2909604,Crisópolis,IPTU,SARIMA,2023,163800.37944504453,157475.50055927818
2909604,Crisópolis,IPTU,Theta,2023,340015.22347853874,157475.50055927818
2909604,Crisópolis,IPTU,Prophet,2023,275662.61382264807,157475.50055927818
2909604,Crisópolis,IPTU,Ensemble,2023,263775.60625987384,157475.50055927818
2909604,Crisópolis,IPTU,Naive,2024,157475.50055927818,322583.9427243199
2909604,Crisópolis,IPTU,ETS,2024,329091.92563841725,322583.9427243199
2909604,Crisópolis,IPTU,SARIMA,2024,245699.50210735667,322583.9427243199
2909604,Crisópolis,IPTU,Theta,2024,179284.44051823101,322583.9427243199
2909604,Crisópolis,IPTU,Prophet,2024,262165.66346765746,322583.9427243199
2909604,Crisópolis,IPTU,Ensemble,2024,254060.38293291559,322583.9427243199
2909604,Crisópolis,IPTU,Naive,2025,322583.9427243199,298528.7559256185
2909604,Crisópolis,IPTU,ETS,2025,265262.928672311,298528.7559256185
2909604,Crisópolis,IPTU,SARIMA,2025,307896.5175421688,298528.7559256185
2909604,Crisópolis,IPTU,Theta,2025,310941.0127840902,298528.7559256185
2909604,Crisópolis,IPTU,Prophet,2025,305370.4240998307,298528.7559256185
2909604,Crisópolis,IPTU,Ensemble,2025,297367.72077460017,298528.7559256185
2909703,Cristópolis,ISSQN,Naive,2021,608026.2118911073,935193.9736641012
2909703,Cristópolis,ISSQN,ETS,2021,806421.3483311019,935193.9736641012
2909703,Cristópolis,ISSQN,SARIMA,2021,623695.3727564713,935193.9736641012
2909703,Cristópolis,ISSQN,Theta,2021,645423.554659962,935193.9736641012
2909703,Cristópolis,ISSQN,Prophet,2021,439487.86209741473,935193.9736641012
2909703,Cristópolis,ISSQN,Ensemble,2021,628757.0344612375,935193.9736641012
2909703,Cristópolis,ISSQN,Naive,2022,935193.9736641012,1269337.9446125315
2909703,Cristópolis,ISSQN,ETS,2022,852506.0425372896,1269337.9446125315
2909703,Cristópolis,ISSQN,SARIMA,2022,746340.5808997193,1269337.9446125315
2909703,Cristópolis,ISSQN,Theta,2022,899368.7324258368,1269337.9446125315
2909703,Cristópolis,ISSQN,Prophet,2022,753171.2909805039,1269337.9446125315
2909703,Cristópolis,ISSQN,Ensemble,2022,812846.6617108373,1269337.9446125315
2909703,Cristópolis,ISSQN,Naive,2023,1269337.9446125315,1353324.8521131144
2909703,Cristópolis,ISSQN,ETS,2023,1275520.4616671281,1353324.8521131144
2909703,Cristópolis,ISSQN,SARIMA,2023,1473247.6205556819,1353324.8521131144
2909703,Cristópolis,ISSQN,Theta,2023,1335718.0355871124,1353324.8521131144
2909703,Cristópolis,ISSQN,Prophet,2023,991265.2557192997,1353324.8521131144
2909703,Cristópolis,ISSQN,Ensemble,2023,1268937.8433823055,1353324.8521131144
2909703,Cristópolis,ISSQN,Naive,2024,1353324.8521131144,1311519.7233379586
2909703,Cristópolis,ISSQN,ETS,2024,1376933.9254449527,1311519.7233379586
2909703,Cristópolis,ISSQN,SARIMA,2024,1368826.9137413101,1311519.7233379586
2909703,Cristópolis,ISSQN,Theta,2024,1375289.992342874,1311519.7233379586
2909703,Cristópolis,ISSQN,Prophet,2024,1222140.8461964238,1311519.7233379586
2909703,Cristópolis,ISSQN,Ensemble,2024,1335797.91943139,1311519.7233379586
2909703,Cristópolis,ISSQN,Naive,2025,1311519.7233379586,1631001.3290783209
2909703,Cristópolis,ISSQN,ETS,2025,1380094.2119351975,1631001.3290783209
2909703,Cristópolis,ISSQN,SARIMA,2025,1466273.7368835332,1631001.3290783209
2909703,Cristópolis,ISSQN,Theta,2025,1409307.1441085723,1631001.3290783209
2909703,Cristópolis,ISSQN,Prophet,2025,1293931.294076871,1631001.3290783209
2909703,Cristópolis,ISSQN,Ensemble,2025,1387401.5967510433,1631001.3290783209
2910057,Dias d'Ávila,ISSQN,Naive,2021,21604821.745829612,21557922.149941094
2910057,Dias d'Ávila,ISSQN,ETS,2021,20978423.08190466,21557922.149941094
2910057,Dias d'Ávila,ISSQN,SARIMA,2021,22413626.512841962,21557922.149941094
2910057,Dias d'Ávila,ISSQN,Theta,2021,20712089.649215236,21557922.149941094
2910057,Dias d'Ávila,ISSQN,Prophet,2021,21569718.385026537,21557922.149941094
2910057,Dias d'Ávila,ISSQN,Ensemble,2021,21418464.4072471,21557922.149941094
2910057,Dias d'Ávila,ISSQN,Naive,2022,21557922.149941094,22701467.5110266
2910057,Dias d'Ávila,ISSQN,ETS,2022,29474073.326150008,22701467.5110266
2910057,Dias d'Ávila,ISSQN,SARIMA,2022,23070434.941773698,22701467.5110266
2910057,Dias d'Ávila,ISSQN,Theta,2022,28514055.02900345,22701467.5110266
2910057,Dias d'Ávila,ISSQN,Prophet,2022,21269856.747242905,22701467.5110266
2910057,Dias d'Ávila,ISSQN,Ensemble,2022,25582105.011042513,22701467.5110266
2910057,Dias d'Ávila,ISSQN,Naive,2023,22701467.5110266,21608646.728030123
2910057,Dias d'Ávila,ISSQN,ETS,2023,23079705.50192793,21608646.728030123
2910057,Dias d'Ávila,ISSQN,SARIMA,2023,22389698.942803524,21608646.728030123
2910057,Dias d'Ávila,ISSQN,Theta,2023,23230643.761579826,21608646.728030123
2910057,Dias d'Ávila,ISSQN,Prophet,2023,21632940.14013031,21608646.728030123
2910057,Dias d'Ávila,ISSQN,Ensemble,2023,22583247.0866104,21608646.728030123
2910057,Dias d'Ávila,ISSQN,Naive,2024,21608646.728030123,18254048.28419018
2910057,Dias d'Ávila,ISSQN,ETS,2024,29885600.72933373,18254048.28419018
2910057,Dias d'Ávila,ISSQN,SARIMA,2024,22741190.624628484,18254048.28419018
2910057,Dias d'Ávila,ISSQN,Theta,2024,25515555.822713826,18254048.28419018
2910057,Dias d'Ávila,ISSQN,Prophet,2024,21584337.923198238,18254048.28419018
2910057,Dias d'Ávila,ISSQN,Ensemble,2024,24931671.27496857,18254048.28419018
2910057,Dias d'Ávila,ISSQN,Naive,2025,18254048.28419018,19889707.77943036
2910057,Dias d'Ávila,ISSQN,ETS,2025,18968765.337233756,19889707.77943036
2910057,Dias d'Ávila,ISSQN,SARIMA,2025,19404435.6505646,19889707.77943036
2910057,Dias d'Ávila,ISSQN,Theta,2025,17970662.16340291,19889707.77943036
2910057,Dias d'Ávila,ISSQN,Prophet,2025,19693396.71497036,19889707.77943036
2910057,Dias d'Ávila,ISSQN,Ensemble,2025,19009314.966542907,19889707.77943036
2910057,Dias d'Ávila,IPTU,Naive,2021,6286116.656817284,9147357.923664099
2910057,Dias d'Ávila,IPTU,ETS,2021,6494297.5378892515,9147357.923664099
2910057,Dias d'Ávila,IPTU,SARIMA,2021,9032827.958455082,9147357.923664099
2910057,Dias d'Ávila,IPTU,Theta,2021,9260820.722871497,9147357.923664099
2910057,Dias d'Ávila,IPTU,Prophet,2021,6897416.770109557,9147357.923664099
2910057,Dias d'Ávila,IPTU,Ensemble,2021,7921340.747331347,9147357.923664099
2910057,Dias d'Ávila,IPTU,Naive,2022,9147357.923664099,25541003.71463397
2910057,Dias d'Ávila,IPTU,ETS,2022,9473480.260757007,25541003.71463397
2910057,Dias d'Ávila,IPTU,SARIMA,2022,11404617.2978711,25541003.71463397
2910057,Dias d'Ávila,IPTU,Theta,2022,17253209.797036577,25541003.71463397
2910057,Dias d'Ávila,IPTU,Prophet,2022,7620767.227776519,25541003.71463397
2910057,Dias d'Ávila,IPTU,Ensemble,2022,11438018.645860301,25541003.71463397
2910057,Dias d'Ávila,IPTU,Naive,2023,25541003.71463397,41934649.50560385
2910057,Dias d'Ávila,IPTU,ETS,2023,23313308.34407349,41934649.50560385
2910057,Dias d'Ávila,IPTU,SARIMA,2023,37981632.66548807,41934649.50560385
2910057,Dias d'Ávila,IPTU,Theta,2023,147635184.5131902,41934649.50560385
2910057,Dias d'Ávila,IPTU,Prophet,2023,35021621.21347397,41934649.50560385
2910057,Dias d'Ávila,IPTU,Ensemble,2023,60987936.684056446,41934649.50560385
2910057,Dias d'Ávila,IPTU,Naive,2024,41934649.50560385,24913002.48832965
2910057,Dias d'Ávila,IPTU,ETS,2024,30436982.776820533,24913002.48832965
2910057,Dias d'Ávila,IPTU,SARIMA,2024,44546890.28092942,24913002.48832965
2910057,Dias d'Ávila,IPTU,Theta,2024,306713824.18710303,24913002.48832965
2910057,Dias d'Ávila,IPTU,Prophet,2024,68359224.71105085,24913002.48832965
2910057,Dias d'Ávila,IPTU,Ensemble,2024,112514230.48897597,24913002.48832965
2910057,Dias d'Ávila,IPTU,Naive,2025,24913002.48832965,7891355.471055449
2910057,Dias d'Ávila,IPTU,ETS,2025,23360711.722010687,7891355.471055449
2910057,Dias d'Ávila,IPTU,SARIMA,2025,33081433.130293414,7891355.471055449
2910057,Dias d'Ávila,IPTU,Theta,2025,81884010.18608186,7891355.471055449
2910057,Dias d'Ávila,IPTU,Prophet,2025,43289295.96885376,7891355.471055449
2910057,Dias d'Ávila,IPTU,Ensemble,2025,45403862.751809925,7891355.471055449
2909802,Cruz das Almas,IPTU,Naive,2021,3601794.944760825,3500697.913056108
2909802,Cruz das Almas,IPTU,ETS,2021,8515550.974451073,3500697.913056108
2909802,Cruz das Almas,IPTU,SARIMA,2021,4280684.914579487,3500697.913056108
2909802,Cruz das Almas,IPTU,Theta,2021,6596646.019279283,3500697.913056108
2909802,Cruz das Almas,IPTU,Prophet,2021,3499300.1783583313,3500697.913056108
2909802,Cruz das Almas,IPTU,Ensemble,2021,5723045.521667045,3500697.913056108
2909802,Cruz das Almas,IPTU,Naive,2022,3500697.913056108,5015451.43397321
2909802,Cruz das Almas,IPTU,ETS,2022,3373816.092526963,5015451.43397321
2909802,Cruz das Almas,IPTU,SARIMA,2022,2798508.2272699317,5015451.43397321
2909802,Cruz das Almas,IPTU,Theta,2022,9001953.718598064,5015451.43397321
2909802,Cruz das Almas,IPTU,Prophet,2022,3815179.593662384,5015451.43397321
2909802,Cruz das Almas,IPTU,Ensemble,2022,4747364.408014336,5015451.43397321
2909802,Cruz das Almas,IPTU,Naive,2023,5015451.43397321,6041022.8992403075
2909802,Cruz das Almas,IPTU,ETS,2023,3942215.190168822,6041022.8992403075
2909802,Cruz das Almas,IPTU,SARIMA,2023,6141368.662381331,6041022.8992403075
2909802,Cruz das Almas,IPTU,Theta,2023,13948857.019728981,6041022.8992403075
2909802,Cruz das Almas,IPTU,Prophet,2023,4300441.030752825,6041022.8992403075
2909802,Cruz das Almas,IPTU,Ensemble,2023,7083220.475757989,6041022.8992403075
2909802,Cruz das Almas,IPTU,Naive,2024,6041022.8992403075,5143376.100626126
2909802,Cruz das Almas,IPTU,ETS,2024,5631085.830961861,5143376.100626126
2909802,Cruz das Almas,IPTU,SARIMA,2024,4713754.447340538,5143376.100626126
2909802,Cruz das Almas,IPTU,Theta,2024,11678154.674261278,5143376.100626126
2909802,Cruz das Almas,IPTU,Prophet,2024,5318235.848451156,5143376.100626126
2909802,Cruz das Almas,IPTU,Ensemble,2024,6835307.700253707,5143376.100626126
2909802,Cruz das Almas,IPTU,Naive,2025,5143376.100626126,4340935.891372679
2909802,Cruz das Almas,IPTU,ETS,2025,5142031.871896741,4340935.891372679
2909802,Cruz das Almas,IPTU,SARIMA,2025,4629749.965472182,4340935.891372679
2909802,Cruz das Almas,IPTU,Theta,2025,7256530.175414961,4340935.891372679
2909802,Cruz das Almas,IPTU,Prophet,2025,5720718.035301828,4340935.891372679
2909802,Cruz das Almas,IPTU,Ensemble,2025,5687257.512021428,4340935.891372679
2910305,Elísio Medrado,ISSQN,Naive,2021,694201.1131937923,561544.0068086216
2910305,Elísio Medrado,ISSQN,ETS,2021,815740.2546697045,561544.0068086216
2910305,Elísio Medrado,ISSQN,SARIMA,2021,652648.9386746017,561544.0068086216
2910305,Elísio Medrado,ISSQN,Theta,2021,852097.3314956058,561544.0068086216
2910305,Elísio Medrado,ISSQN,Prophet,2021,795774.9107738585,561544.0068086216
2910305,Elísio Medrado,ISSQN,Ensemble,2021,779065.3589034426,561544.0068086216
2910305,Elísio Medrado,ISSQN,Naive,2022,561544.0068086216,578540.5858606243
2910305,Elísio Medrado,ISSQN,ETS,2022,648229.3990925889,578540.5858606243
2910305,Elísio Medrado,ISSQN,SARIMA,2022,599042.6301736189,578540.5858606243
2910305,Elísio Medrado,ISSQN,Theta,2022,700446.6840127307,578540.5858606243
2910305,Elísio Medrado,ISSQN,Prophet,2022,547978.4900054428,578540.5858606243
2910305,Elísio Medrado,ISSQN,Ensemble,2022,623924.3008210954,578540.5858606243
2910305,Elísio Medrado,ISSQN,Naive,2023,578540.5858606243,762624.4659672076
2910305,Elísio Medrado,ISSQN,ETS,2023,469096.47534027055,762624.4659672076
2910305,Elísio Medrado,ISSQN,SARIMA,2023,391368.27781848534,762624.4659672076
2910305,Elísio Medrado,ISSQN,Theta,2023,582087.5266581874,762624.4659672076
2910305,Elísio Medrado,ISSQN,Prophet,2023,495262.9520886994,762624.4659672076
2910305,Elísio Medrado,ISSQN,Ensemble,2023,484453.8079764106,762624.4659672076
2910305,Elísio Medrado,ISSQN,Naive,2024,762624.4659672076,946708.3460737906
2910305,Elísio Medrado,ISSQN,ETS,2024,746110.2543704496,946708.3460737906
2910305,Elísio Medrado,ISSQN,SARIMA,2024,636063.6610616619,946708.3460737906
2910305,Elísio Medrado,ISSQN,Theta,2024,739423.8301113052,946708.3460737906
2910305,Elísio Medrado,ISSQN,Prophet,2024,710011.6242795171,946708.3460737906
2910305,Elísio Medrado,ISSQN,Ensemble,2024,707902.3424557333,946708.3460737906
2910305,Elísio Medrado,ISSQN,Naive,2025,946708.3460737906,777242.3624494779
2910305,Elísio Medrado,ISSQN,ETS,2025,973304.2930186207,777242.3624494779
2910305,Elísio Medrado,ISSQN,SARIMA,2025,898268.1401366894,777242.3624494779
2910305,Elísio Medrado,ISSQN,Theta,2025,970077.6328832385,777242.3624494779
2910305,Elísio Medrado,ISSQN,Prophet,2025,886262.5669095286,777242.3624494779
2910305,Elísio Medrado,ISSQN,Ensemble,2025,931978.1582370193,777242.3624494779
2910727,Eunápolis,ISSQN,Naive,2021,35868643.96054924,34337896.59094282
2910727,Eunápolis,ISSQN,ETS,2021,35734939.70179443,34337896.59094282
2910727,Eunápolis,ISSQN,SARIMA,2021,35218633.58574006,34337896.59094282
2910727,Eunápolis,ISSQN,Theta,2021,36168482.72787157,34337896.59094282
2910727,Eunápolis,ISSQN,Prophet,2021,36735696.899513386,34337896.59094282
2910727,Eunápolis,ISSQN,Ensemble,2021,35964438.22872986,34337896.59094282
2910727,Eunápolis,ISSQN,Naive,2022,34337896.59094282,41464211.08487403
2910727,Eunápolis,ISSQN,ETS,2022,35532887.079124786,41464211.08487403
2910727,Eunápolis,ISSQN,SARIMA,2022,33960957.69160884,41464211.08487403
2910727,Eunápolis,ISSQN,Theta,2022,34935745.94533877,41464211.08487403
2910727,Eunápolis,ISSQN,Prophet,2022,35851526.305212714,41464211.08487403
2910727,Eunápolis,ISSQN,Ensemble,2022,35070279.25532128,41464211.08487403
2910727,Eunápolis,ISSQN,Naive,2023,41464211.08487403,51250559.6341951
2910727,Eunápolis,ISSQN,ETS,2023,39916171.21391679,51250559.6341951
2910727,Eunápolis,ISSQN,SARIMA,2023,34870740.012156986,51250559.6341951
2910727,Eunápolis,ISSQN,Theta,2023,40847921.26600635,51250559.6341951
2910727,Eunápolis,ISSQN,Prophet,2023,38667430.61678858,51250559.6341951
2910727,Eunápolis,ISSQN,Ensemble,2023,38575565.77721718,51250559.6341951
2910727,Eunápolis,ISSQN,Naive,2024,51250559.6341951,56925150.26709148
2910727,Eunápolis,ISSQN,ETS,2024,45214454.91692838,56925150.26709148
2910727,Eunápolis,ISSQN,SARIMA,2024,36308981.325675674,56925150.26709148
2910727,Eunápolis,ISSQN,Theta,2024,48411600.34052573,56925150.26709148
2910727,Eunápolis,ISSQN,Prophet,2024,45581440.35223515,56925150.26709148
2910727,Eunápolis,ISSQN,Ensemble,2024,43879119.23384123,56925150.26709148
2910727,Eunápolis,ISSQN,Naive,2025,56925150.26709148,51698733.616618015
2910727,Eunápolis,ISSQN,ETS,2025,58207859.30760506,51698733.616618015
2910727,Eunápolis,ISSQN,SARIMA,2025,58476876.69964558,51698733.616618015
2910727,Eunápolis,ISSQN,Theta,2025,60936554.5421578,51698733.616618015
2910727,Eunápolis,ISSQN,Prophet,2025,58129269.25838792,51698733.616618015
2910727,Eunápolis,ISSQN,Ensemble,2025,58937639.951949105,51698733.616618015
2910800,Feira de Santana,ISSQN,Naive,2021,185053742.3126894,163198903.4237531
2910800,Feira de Santana,ISSQN,ETS,2021,211185146.02693963,163198903.4237531
2910800,Feira de Santana,ISSQN,SARIMA,2021,203732831.70667976,163198903.4237531
2910800,Feira de Santana,ISSQN,Theta,2021,227454637.75097433,163198903.4237531
2910800,Feira de Santana,ISSQN,Prophet,2021,232606500.23779142,163198903.4237531
2910800,Feira de Santana,ISSQN,Ensemble,2021,218744778.9305963,163198903.4237531
2910800,Feira de Santana,ISSQN,Naive,2022,163198903.4237531,219650208.7031737
2910800,Feira de Santana,ISSQN,ETS,2022,186564291.68031415,219650208.7031737
2910800,Feira de Santana,ISSQN,SARIMA,2022,169257086.86206758,219650208.7031737
2910800,Feira de Santana,ISSQN,Theta,2022,198150124.08117026,219650208.7031737
2910800,Feira de Santana,ISSQN,Prophet,2022,184125842.24373573,219650208.7031737
2910800,Feira de Santana,ISSQN,Ensemble,2022,184524336.2168219,219650208.7031737
2910800,Feira de Santana,ISSQN,Naive,2023,219650208.7031737,241131365.32374102
2910800,Feira de Santana,ISSQN,ETS,2023,238403896.01122105,241131365.32374102
2910800,Feira de Santana,ISSQN,SARIMA,2023,277678835.19406664,241131365.32374102
2910800,Feira de Santana,ISSQN,Theta,2023,254243782.28030583,241131365.32374102
2910800,Feira de Santana,ISSQN,Prophet,2023,217380772.0336061,241131365.32374102
2910800,Feira de Santana,ISSQN,Ensemble,2023,246926821.3797999,241131365.32374102
2910800,Feira de Santana,ISSQN,Naive,2024,241131365.32374102,268100637.4547796
2910800,Feira de Santana,ISSQN,ETS,2024,325060467.2288963,268100637.4547796
2910800,Feira de Santana,ISSQN,SARIMA,2024,333024954.6877635,268100637.4547796
2910800,Feira de Santana,ISSQN,Theta,2024,313866766.19557345,268100637.4547796
2910800,Feira de Santana,ISSQN,Prophet,2024,246887431.578161,268100637.4547796
2910800,Feira de Santana,ISSQN,Ensemble,2024,304709904.9225985,268100637.4547796
2910800,Feira de Santana,ISSQN,Naive,2025,268100637.4547796,279052541.5732738
2910800,Feira de Santana,ISSQN,ETS,2025,302151466.07820624,279052541.5732738
2910800,Feira de Santana,ISSQN,SARIMA,2025,295512233.1691013,279052541.5732738
2910800,Feira de Santana,ISSQN,Theta,2025,298844311.0496547,279052541.5732738
2910800,Feira de Santana,ISSQN,Prophet,2025,273930282.6931511,279052541.5732738
2910800,Feira de Santana,ISSQN,Ensemble,2025,292609573.2475284,279052541.5732738
2910701,Euclides da Cunha,ISSQN,Naive,2021,4069895.649825272,4475536.262901781
2910701,Euclides da Cunha,ISSQN,ETS,2021,4727876.190659408,4475536.262901781
2910701,Euclides da Cunha,ISSQN,SARIMA,2021,4146906.1380639533,4475536.262901781
2910701,Euclides da Cunha,ISSQN,Theta,2021,4331379.651127998,4475536.262901781
2910701,Euclides da Cunha,ISSQN,Prophet,2021,3165647.137002938,4475536.262901781
2910701,Euclides da Cunha,ISSQN,Ensemble,2021,4092952.279213574,4475536.262901781
2910701,Euclides da Cunha,ISSQN,Naive,2022,4475536.262901781,6752813.070518708
2910701,Euclides da Cunha,ISSQN,ETS,2022,4703962.625055634,6752813.070518708
2910701,Euclides da Cunha,ISSQN,SARIMA,2022,4203664.190057871,6752813.070518708
2910701,Euclides da Cunha,ISSQN,Theta,2022,4478424.274632011,6752813.070518708
2910701,Euclides da Cunha,ISSQN,Prophet,2022,3512383.220576272,6752813.070518708
2910701,Euclides da Cunha,ISSQN,Ensemble,2022,4224608.577580446,6752813.070518708
2910701,Euclides da Cunha,ISSQN,Naive,2023,6752813.070518708,7281901.317581613
2910701,Euclides da Cunha,ISSQN,ETS,2023,6610153.678624212,7281901.317581613
2910701,Euclides da Cunha,ISSQN,SARIMA,2023,7906015.78545897,7281901.317581613
2910701,Euclides da Cunha,ISSQN,Theta,2023,6620191.61891346,7281901.317581613
2910701,Euclides da Cunha,ISSQN,Prophet,2023,5124071.656378547,7281901.317581613
2910701,Euclides da Cunha,ISSQN,Ensemble,2023,6565108.184843797,7281901.317581613
2910701,Euclides da Cunha,ISSQN,Naive,2024,7281901.317581613,10721364.569303991
2910701,Euclides da Cunha,ISSQN,ETS,2024,7945400.4702112675,10721364.569303991
2910701,Euclides da Cunha,ISSQN,SARIMA,2024,8026326.387152528,10721364.569303991
2910701,Euclides da Cunha,ISSQN,Theta,2024,7618251.26805325,10721364.569303991
2910701,Euclides da Cunha,ISSQN,Prophet,2024,6864145.877588868,10721364.569303991
2910701,Euclides da Cunha,ISSQN,Ensemble,2024,7613531.0007514795,10721364.569303991
2910701,Euclides da Cunha,ISSQN,Naive,2025,10721364.569303991,12405950.926065221
2910701,Euclides da Cunha,ISSQN,ETS,2025,10559181.672768299,12405950.926065221
2910701,Euclides da Cunha,ISSQN,SARIMA,2025,12018239.65355162,12405950.926065221
2910701,Euclides da Cunha,ISSQN,Theta,2025,11061512.126623508,12405950.926065221
2910701,Euclides da Cunha,ISSQN,Prophet,2025,10574624.611329421,12405950.926065221
2910701,Euclides da Cunha,ISSQN,Ensemble,2025,11053389.51606821,12405950.926065221
2910602,Esplanada,IPTU,Naive,2021,689387.9655321914,751345.0264336559
2910602,Esplanada,IPTU,ETS,2021,670468.8352331789,751345.0264336559
2910602,Esplanada,IPTU,SARIMA,2021,518947.6237331765,751345.0264336559
2910602,Esplanada,IPTU,Theta,2021,671929.0577326643,751345.0264336559
2910602,Esplanada,IPTU,Prophet,2021,725391.3689462786,751345.0264336559
2910602,Esplanada,IPTU,Ensemble,2021,646684.2214113246,751345.0264336559
2910602,Esplanada,IPTU,Naive,2022,751345.0264336559,465330.43321264826
2910602,Esplanada,IPTU,ETS,2022,757522.1225021246,465330.43321264826
2910602,Esplanada,IPTU,SARIMA,2022,576776.8349701894,465330.43321264826
2910602,Esplanada,IPTU,Theta,2022,770506.1221059139,465330.43321264826
2910602,Esplanada,IPTU,Prophet,2022,807921.8652169993,465330.43321264826
2910602,Esplanada,IPTU,Ensemble,2022,728181.7361988069,465330.43321264826
2910602,Esplanada,IPTU,Naive,2023,465330.43321264826,468161.4702338746
2910602,Esplanada,IPTU,ETS,2023,532305.0872414197,468161.4702338746
2910602,Esplanada,IPTU,SARIMA,2023,337353.6575977909,468161.4702338746
2910602,Esplanada,IPTU,Theta,2023,516248.91048019833,468161.4702338746
2910602,Esplanada,IPTU,Prophet,2023,720157.2873677016,468161.4702338746
2910602,Esplanada,IPTU,Ensemble,2023,526516.2356717776,468161.4702338746
2910602,Esplanada,IPTU,Naive,2024,468161.4702338746,606126.2372557416
2910602,Esplanada,IPTU,ETS,2024,524145.3019430268,606126.2372557416
2910602,Esplanada,IPTU,SARIMA,2024,434804.3681677194,606126.2372557416
2910602,Esplanada,IPTU,Theta,2024,539900.7163677174,606126.2372557416
2910602,Esplanada,IPTU,Prophet,2024,660629.4685836764,606126.2372557416
2910602,Esplanada,IPTU,Ensemble,2024,539869.963765535,606126.2372557416
2910602,Esplanada,IPTU,Naive,2025,606126.2372557416,593415.6411799998
2910602,Esplanada,IPTU,ETS,2025,542137.7043238735,593415.6411799998
2910602,Esplanada,IPTU,SARIMA,2025,469573.26180434704,593415.6411799998
2910602,Esplanada,IPTU,Theta,2025,578837.873779177,593415.6411799998
2910602,Esplanada,IPTU,Prophet,2025,679687.7721949061,593415.6411799998
2910602,Esplanada,IPTU,Ensemble,2025,567559.1530255759,593415.6411799998
2910206,Dom Macedo Costa,ISSQN,Naive,2021,182961.26196743504,146953.75533502488
2910206,Dom Macedo Costa,ISSQN,ETS,2021,397669.0279598219,146953.75533502488
2910206,Dom Macedo Costa,ISSQN,SARIMA,2021,149027.89350245075,146953.75533502488
2910206,Dom Macedo Costa,ISSQN,Theta,2021,287081.3232928823,146953.75533502488
2910206,Dom Macedo Costa,ISSQN,Prophet,2021,-22248.428823894916,146953.75533502488
2910206,Dom Macedo Costa,ISSQN,Ensemble,2021,202882.45398281503,146953.75533502488
2910206,Dom Macedo Costa,ISSQN,Naive,2022,146953.75533502488,262945.2729307075
2910206,Dom Macedo Costa,ISSQN,ETS,2022,332520.82369113195,262945.2729307075
2910206,Dom Macedo Costa,ISSQN,SARIMA,2022,163467.2460997492,262945.2729307075
2910206,Dom Macedo Costa,ISSQN,Theta,2022,202421.54307230108,262945.2729307075
2910206,Dom Macedo Costa,ISSQN,Prophet,2022,-3325.9512430313807,262945.2729307075
2910206,Dom Macedo Costa,ISSQN,Ensemble,2022,173770.91540503773,262945.2729307075
2910206,Dom Macedo Costa,ISSQN,Naive,2023,262945.2729307075,245977.11840830115
2910206,Dom Macedo Costa,ISSQN,ETS,2023,413736.17756374856,245977.11840830115
2910206,Dom Macedo Costa,ISSQN,SARIMA,2023,226180.77146535378,245977.11840830115
2910206,Dom Macedo Costa,ISSQN,Theta,2023,303055.39546104823,245977.11840830115
2910206,Dom Macedo Costa,ISSQN,Prophet,2023,-877.5725749977097,245977.11840830115
2910206,Dom Macedo Costa,ISSQN,Ensemble,2023,235523.6929787882,245977.11840830115
2910206,Dom Macedo Costa,ISSQN,Naive,2024,245977.11840830115,311652.6645186729
2910206,Dom Macedo Costa,ISSQN,ETS,2024,401090.0740069475,311652.6645186729
2910206,Dom Macedo Costa,ISSQN,SARIMA,2024,190760.24414461778,311652.6645186729
2910206,Dom Macedo Costa,ISSQN,Theta,2024,272905.59037437156,311652.6645186729
2910206,Dom Macedo Costa,ISSQN,Prophet,2024,70653.0205267762,311652.6645186729
2910206,Dom Macedo Costa,ISSQN,Ensemble,2024,233852.23226317827,311652.6645186729
2910206,Dom Macedo Costa,ISSQN,Naive,2025,311652.6645186729,358563.61006626056
2910206,Dom Macedo Costa,ISSQN,ETS,2025,506161.008141548,358563.61006626056
2910206,Dom Macedo Costa,ISSQN,SARIMA,2025,237661.83742964192,358563.61006626056
2910206,Dom Macedo Costa,ISSQN,Theta,2025,348769.04539908934,358563.61006626056
2910206,Dom Macedo Costa,ISSQN,Prophet,2025,105687.85211291275,358563.61006626056
2910206,Dom Macedo Costa,ISSQN,Ensemble,2025,299569.93577079807,358563.61006626056
2911105,Formosa do Rio Preto,IPTU,Naive,2021,387386.2730876081,598062.2883633364
2911105,Formosa do Rio Preto,IPTU,ETS,2021,779280.8675629176,598062.2883633364
2911105,Formosa do Rio Preto,IPTU,SARIMA,2021,576974.3372301447,598062.2883633364
2911105,Formosa do Rio Preto,IPTU,Theta,2021,515479.02894000453,598062.2883633364
2911105,Formosa do Rio Preto,IPTU,Prophet,2021,652526.4822925306,598062.2883633364
2911105,Formosa do Rio Preto,IPTU,Ensemble,2021,631065.1790063994,598062.2883633364
2911105,Formosa do Rio Preto,IPTU,Naive,2022,598062.2883633364,466340.7603407429
2911105,Formosa do Rio Preto,IPTU,ETS,2022,916651.1478192421,466340.7603407429
2911105,Formosa do Rio Preto,IPTU,SARIMA,2022,433095.2337889138,466340.7603407429
2911105,Formosa do Rio Preto,IPTU,Theta,2022,644234.1192551514,466340.7603407429
2911105,Formosa do Rio Preto,IPTU,Prophet,2022,712743.0611084419,466340.7603407429
2911105,Formosa do Rio Preto,IPTU,Ensemble,2022,676680.8904929374,466340.7603407429
2911105,Formosa do Rio Preto,IPTU,Naive,2023,466340.7603407429,640759.4543938314
2911105,Formosa do Rio Preto,IPTU,ETS,2023,861073.0255963085,640759.4543938314
2911105,Formosa do Rio Preto,IPTU,SARIMA,2023,375468.11318409187,640759.4543938314
2911105,Formosa do Rio Preto,IPTU,Theta,2023,593973.1539023658,640759.4543938314
2911105,Formosa do Rio Preto,IPTU,Prophet,2023,654093.0367635416,640759.4543938314
2911105,Formosa do Rio Preto,IPTU,Ensemble,2023,621151.8323615768,640759.4543938314
2911105,Formosa do Rio Preto,IPTU,Naive,2024,640759.4543938314,776358.1332733299
2911105,Formosa do Rio Preto,IPTU,ETS,2024,811338.7758551977,776358.1332733299
2911105,Formosa do Rio Preto,IPTU,SARIMA,2024,500418.9709346309,776358.1332733299
2911105,Formosa do Rio Preto,IPTU,Theta,2024,699702.0438016267,776358.1332733299
2911105,Formosa do Rio Preto,IPTU,Prophet,2024,735768.1357321106,776358.1332733299
2911105,Formosa do Rio Preto,IPTU,Ensemble,2024,686806.9815808914,776358.1332733299
2911105,Formosa do Rio Preto,IPTU,Naive,2025,776358.1332733299,1006351.6165427425
2911105,Formosa do Rio Preto,IPTU,ETS,2025,881381.4051319736,1006351.6165427425
2911105,Formosa do Rio Preto,IPTU,SARIMA,2025,748318.2057130405,1006351.6165427425
2911105,Formosa do Rio Preto,IPTU,Theta,2025,835008.1115306831,1006351.6165427425
2911105,Formosa do Rio Preto,IPTU,Prophet,2025,803265.8638681524,1006351.6165427425
2911105,Formosa do Rio Preto,IPTU,Ensemble,2025,816993.3965609624,1006351.6165427425
2910727,Eunápolis,IPTU,Naive,2021,5581442.827715508,7985617.671576283
2910727,Eunápolis,IPTU,ETS,2021,8401286.832945174,7985617.671576283
2910727,Eunápolis,IPTU,SARIMA,2021,4705769.579595567,7985617.671576283
2910727,Eunápolis,IPTU,Theta,2021,6254179.462968471,7985617.671576283
2910727,Eunápolis,IPTU,Prophet,2021,6448524.279906672,7985617.671576283
2910727,Eunápolis,IPTU,Ensemble,2021,6452440.038853971,7985617.671576283
2910727,Eunápolis,IPTU,Naive,2022,7985617.671576283,14403679.778883262
2910727,Eunápolis,IPTU,ETS,2022,8099690.231453797,14403679.778883262
2910727,Eunápolis,IPTU,SARIMA,2022,8960350.794176802,14403679.778883262
2910727,Eunápolis,IPTU,Theta,2022,8946923.082795646,14403679.778883262
2910727,Eunápolis,IPTU,Prophet,2022,7925623.128921749,14403679.778883262
2910727,Eunápolis,IPTU,Ensemble,2022,8483146.809337,14403679.778883262
2910727,Eunápolis,IPTU,Naive,2023,14403679.778883262,9679558.417574393
2910727,Eunápolis,IPTU,ETS,2023,14059184.26322454,9679558.417574393
2910727,Eunápolis,IPTU,SARIMA,2023,14559795.363871798,9679558.417574393
2910727,Eunápolis,IPTU,Theta,2023,19061884.433864906,9679558.417574393
2910727,Eunápolis,IPTU,Prophet,2023,14792576.694898771,9679558.417574393
2910727,Eunápolis,IPTU,Ensemble,2023,15618360.188965004,9679558.417574393
2910727,Eunápolis,IPTU,Naive,2024,9679558.417574393,10282376.224769594
2910727,Eunápolis,IPTU,ETS,2024,16940508.12602712,10282376.224769594
2910727,Eunápolis,IPTU,SARIMA,2024,13008139.407789523,10282376.224769594
2910727,Eunápolis,IPTU,Theta,2024,13861252.170043211,10282376.224769594
2910727,Eunápolis,IPTU,Prophet,2024,12093674.601323146,10282376.224769594
2910727,Eunápolis,IPTU,Ensemble,2024,13975893.576295752,10282376.224769594
2910727,Eunápolis,IPTU,Naive,2025,10282376.224769594,12968034.994972654
2910727,Eunápolis,IPTU,ETS,2025,14410071.589728864,12968034.994972654
2910727,Eunápolis,IPTU,SARIMA,2025,14390234.296075715,12968034.994972654
2910727,Eunápolis,IPTU,Theta,2025,8392151.933827283,12968034.994972654
2910727,Eunápolis,IPTU,Prophet,2025,12780398.714452952,12968034.994972654
2910727,Eunápolis,IPTU,Ensemble,2025,12493214.133521203,12968034.994972654
2910602,Esplanada,ISSQN,Naive,2021,14274932.555270223,12475443.283402247
2910602,Esplanada,ISSQN,ETS,2021,13844900.44104317,12475443.283402247
2910602,Esplanada,ISSQN,SARIMA,2021,14843303.445149587,12475443.283402247
2910602,Esplanada,ISSQN,Theta,2021,13623111.80915443,12475443.283402247
2910602,Esplanada,ISSQN,Prophet,2021,14845441.283081116,12475443.283402247
2910602,Esplanada,ISSQN,Ensemble,2021,14289189.244607078,12475443.283402247
2910602,Esplanada,ISSQN,Naive,2022,12475443.283402247,11826285.03724209
2910602,Esplanada,ISSQN,ETS,2022,17493112.527674627,11826285.03724209
2910602,Esplanada,ISSQN,SARIMA,2022,15094772.951922588,11826285.03724209
2910602,Esplanada,ISSQN,Theta,2022,15191793.145915968,11826285.03724209
2910602,Esplanada,ISSQN,Prophet,2022,13396458.792113494,11826285.03724209
2910602,Esplanada,ISSQN,Ensemble,2022,15294034.35440667,11826285.03724209
2910602,Esplanada,ISSQN,Naive,2023,11826285.03724209,14015852.730152695
2910602,Esplanada,ISSQN,ETS,2023,12405352.62109797,14015852.730152695
2910602,Esplanada,ISSQN,SARIMA,2023,13120056.436560657,14015852.730152695
2910602,Esplanada,ISSQN,Theta,2023,12748841.757232793,14015852.730152695
2910602,Esplanada,ISSQN,Prophet,2023,12307001.052130278,14015852.730152695
2910602,Esplanada,ISSQN,Ensemble,2023,12645312.966755427,14015852.730152695
2910602,Esplanada,ISSQN,Naive,2024,14015852.730152695,19238267.72987196
2910602,Esplanada,ISSQN,ETS,2024,13664922.148092005,19238267.72987196
2910602,Esplanada,ISSQN,SARIMA,2024,13678615.93428402,19238267.72987196
2910602,Esplanada,ISSQN,Theta,2024,13693064.15233744,19238267.72987196
2910602,Esplanada,ISSQN,Prophet,2024,12440506.343416605,19238267.72987196
2910602,Esplanada,ISSQN,Ensemble,2024,13369277.144532518,19238267.72987196
2910602,Esplanada,ISSQN,Naive,2025,19238267.72987196,16553349.088965248
2910602,Esplanada,ISSQN,ETS,2025,20955599.04126414,16553349.088965248
2910602,Esplanada,ISSQN,SARIMA,2025,17766477.95680412,16553349.088965248
2910602,Esplanada,ISSQN,Theta,2025,21475047.96853392,16553349.088965248
2910602,Esplanada,ISSQN,Prophet,2025,15409519.7997862,16553349.088965248
2910602,Esplanada,ISSQN,Ensemble,2025,18901661.191597097,16553349.088965248
2911303,Gentio do Ouro,ISSQN,Naive,2021,6353368.514118956,10476922.64952238
2911303,Gentio do Ouro,ISSQN,ETS,2021,5755607.405303436,10476922.64952238
2911303,Gentio do Ouro,ISSQN,SARIMA,2021,7080709.243992675,10476922.64952238
2911303,Gentio do Ouro,ISSQN,Theta,2021,8173244.692921981,10476922.64952238
2911303,Gentio do Ouro,ISSQN,Prophet,2021,8805479.763936566,10476922.64952238
2911303,Gentio do Ouro,ISSQN,Ensemble,2021,7453760.2765386645,10476922.64952238
2911303,Gentio do Ouro,ISSQN,Naive,2022,10476922.64952238,14600476.784925807
2911303,Gentio do Ouro,ISSQN,ETS,2022,9814755.695787298,14600476.784925807
2911303,Gentio do Ouro,ISSQN,SARIMA,2022,10187231.515392555,14600476.784925807
2911303,Gentio do Ouro,ISSQN,Theta,2022,11457045.21380469,14600476.784925807
2911303,Gentio do Ouro,ISSQN,Prophet,2022,10651033.846303906,14600476.784925807
2911303,Gentio do Ouro,ISSQN,Ensemble,2022,10527516.56782211,14600476.784925807
2911303,Gentio do Ouro,ISSQN,Naive,2023,14600476.784925807,27840062.20317412
2911303,Gentio do Ouro,ISSQN,ETS,2023,13489103.68027198,27840062.20317412
2911303,Gentio do Ouro,ISSQN,SARIMA,2023,13855822.757084481,27840062.20317412
2911303,Gentio do Ouro,ISSQN,Theta,2023,15140235.877184035,27840062.20317412
2911303,Gentio do Ouro,ISSQN,Prophet,2023,13997157.568673642,27840062.20317412
2911303,Gentio do Ouro,ISSQN,Ensemble,2023,14120579.970803535,27840062.20317412
2911303,Gentio do Ouro,ISSQN,Naive,2024,27840062.20317412,38440896.66309417
2911303,Gentio do Ouro,ISSQN,ETS,2024,31608838.061560348,38440896.66309417
2911303,Gentio do Ouro,ISSQN,SARIMA,2024,39022623.68814433,38440896.66309417
2911303,Gentio do Ouro,ISSQN,Theta,2024,37942897.63957482,38440896.66309417
2911303,Gentio do Ouro,ISSQN,Prophet,2024,26163866.15947489,38440896.66309417
2911303,Gentio do Ouro,ISSQN,Ensemble,2024,33684556.3871886,38440896.66309417
2911303,Gentio do Ouro,ISSQN,Naive,2025,38440896.66309417,21967116.05628455
2911303,Gentio do Ouro,ISSQN,ETS,2025,37543089.263807125,21967116.05628455
2911303,Gentio do Ouro,ISSQN,SARIMA,2025,19815486.68231845,21967116.05628455
2911303,Gentio do Ouro,ISSQN,Theta,2025,31784948.226440176,21967116.05628455
2911303,Gentio do Ouro,ISSQN,Prophet,2025,39229236.89608751,21967116.05628455
2911303,Gentio do Ouro,ISSQN,Ensemble,2025,32093190.267163318,21967116.05628455
2911600,Governador Mangabeira,ISSQN,Naive,2021,1279478.7844562149,1457678.4050439824
2911600,Governador Mangabeira,ISSQN,ETS,2021,1333157.6245171207,1457678.4050439824
2911600,Governador Mangabeira,ISSQN,SARIMA,2021,1212454.0009674274,1457678.4050439824
2911600,Governador Mangabeira,ISSQN,Theta,2021,1271772.528871265,1457678.4050439824
2911600,Governador Mangabeira,ISSQN,Prophet,2021,1093776.5627845516,1457678.4050439824
2911600,Governador Mangabeira,ISSQN,Ensemble,2021,1227790.1792850909,1457678.4050439824
2911600,Governador Mangabeira,ISSQN,Naive,2022,1457678.4050439824,1331481.0699335034
2911600,Governador Mangabeira,ISSQN,ETS,2022,1412868.2426816768,1331481.0699335034
2911600,Governador Mangabeira,ISSQN,SARIMA,2022,1186517.1783815727,1331481.0699335034
2911600,Governador Mangabeira,ISSQN,Theta,2022,1564857.381788557,1331481.0699335034
2911600,Governador Mangabeira,ISSQN,Prophet,2022,1370386.3932718546,1331481.0699335034
2911600,Governador Mangabeira,ISSQN,Ensemble,2022,1383657.2990309156,1331481.0699335034
2911600,Governador Mangabeira,ISSQN,Naive,2023,1331481.0699335034,2100057.429332949
2911600,Governador Mangabeira,ISSQN,ETS,2023,1411120.4991884548,2100057.429332949
2911600,Governador Mangabeira,ISSQN,SARIMA,2023,1181346.9522092775,2100057.429332949
2911600,Governador Mangabeira,ISSQN,Theta,2023,1577857.2756727627,2100057.429332949
2911600,Governador Mangabeira,ISSQN,Prophet,2023,1371114.5220815295,2100057.429332949
2911600,Governador Mangabeira,ISSQN,Ensemble,2023,1385359.812288006,2100057.429332949
2911600,Governador Mangabeira,ISSQN,Naive,2024,2100057.429332949,2290110.6231732173
2911600,Governador Mangabeira,ISSQN,ETS,2024,2338553.5124130934,2290110.6231732173
2911600,Governador Mangabeira,ISSQN,SARIMA,2024,1397534.8540485632,2290110.6231732173
2911600,Governador Mangabeira,ISSQN,Theta,2024,2126455.9619406355,2290110.6231732173
2911600,Governador Mangabeira,ISSQN,Prophet,2024,1723475.5304299039,2290110.6231732173
2911600,Governador Mangabeira,ISSQN,Ensemble,2024,1896504.9647080489,2290110.6231732173
2911600,Governador Mangabeira,ISSQN,Naive,2025,2290110.6231732173,2310653.950142336
2911600,Governador Mangabeira,ISSQN,ETS,2025,2328279.041392912,2310653.950142336
2911600,Governador Mangabeira,ISSQN,SARIMA,2025,2202468.7018838525,2310653.950142336
2911600,Governador Mangabeira,ISSQN,Theta,2025,2324792.8888036343,2310653.950142336
2911600,Governador Mangabeira,ISSQN,Prophet,2025,2068137.2484893901,2310653.950142336
2911600,Governador Mangabeira,ISSQN,Ensemble,2025,2230919.4701424474,2310653.950142336
2911709,Guanambi,IPTU,Naive,2021,6228057.930551505,8082363.964803696
2911709,Guanambi,IPTU,ETS,2021,6330706.354586024,8082363.964803696
2911709,Guanambi,IPTU,SARIMA,2021,6046543.013430563,8082363.964803696
2911709,Guanambi,IPTU,Theta,2021,6925603.991843142,8082363.964803696
2911709,Guanambi,IPTU,Prophet,2021,7037446.60109848,8082363.964803696
2911709,Guanambi,IPTU,Ensemble,2021,6585074.990239552,8082363.964803696
2911709,Guanambi,IPTU,Naive,2022,8082363.964803696,16484482.427214291
2911709,Guanambi,IPTU,ETS,2022,9459083.274667732,16484482.427214291
2911709,Guanambi,IPTU,SARIMA,2022,6239752.878778911,16484482.427214291
2911709,Guanambi,IPTU,Theta,2022,9520035.539245741,16484482.427214291
2911709,Guanambi,IPTU,Prophet,2022,8572574.66601768,16484482.427214291
2911709,Guanambi,IPTU,Ensemble,2022,8447861.589677516,16484482.427214291
2911709,Guanambi,IPTU,Naive,2023,16484482.427214291,13811136.00662359
2911709,Guanambi,IPTU,ETS,2023,12736284.256971223,13811136.00662359
2911709,Guanambi,IPTU,SARIMA,2023,13172101.851920567,13811136.00662359
2911709,Guanambi,IPTU,Theta,2023,16526480.334283773,13811136.00662359
2911709,Guanambi,IPTU,Prophet,2023,13383440.152202103,13811136.00662359
2911709,Guanambi,IPTU,Ensemble,2023,13954576.648844413,13811136.00662359
2911709,Guanambi,IPTU,Naive,2024,13811136.00662359,13930539.597824523
2911709,Guanambi,IPTU,ETS,2024,17862252.463108927,13930539.597824523
2911709,Guanambi,IPTU,SARIMA,2024,14838342.783314748,13930539.597824523
2911709,Guanambi,IPTU,Theta,2024,15232328.532573769,13930539.597824523
2911709,Guanambi,IPTU,Prophet,2024,14837083.466734843,13930539.597824523
2911709,Guanambi,IPTU,Ensemble,2024,15692501.811433071,13930539.597824523
2911709,Guanambi,IPTU,Naive,2025,13930539.597824523,10550781.41716872
2911709,Guanambi,IPTU,ETS,2025,17710647.279163916,10550781.41716872
2911709,Guanambi,IPTU,SARIMA,2025,15573339.507791262,10550781.41716872
2911709,Guanambi,IPTU,Theta,2025,16926925.90116098,10550781.41716872
2911709,Guanambi,IPTU,Prophet,2025,16549569.004778728,10550781.41716872
2911709,Guanambi,IPTU,Ensemble,2025,16690120.423223723,10550781.41716872
2911204,Gandu,ISSQN,Naive,2021,2228987.2806377118,2303907.5829220195
2911204,Gandu,ISSQN,ETS,2021,2462577.411613712,2303907.5829220195
2911204,Gandu,ISSQN,SARIMA,2021,2199439.33398767,2303907.5829220195
2911204,Gandu,ISSQN,Theta,2021,2491735.1692839675,2303907.5829220195
2911204,Gandu,ISSQN,Prophet,2021,2620343.347209474,2303907.5829220195
2911204,Gandu,ISSQN,Ensemble,2021,2443523.815523706,2303907.5829220195
2911204,Gandu,ISSQN,Naive,2022,2303907.5829220195,2971769.570588723
2911204,Gandu,ISSQN,ETS,2022,2446931.2274488397,2971769.570588723
2911204,Gandu,ISSQN,SARIMA,2022,2311410.8839881276,2971769.570588723
2911204,Gandu,ISSQN,Theta,2022,2459975.4007263943,2971769.570588723
2911204,Gandu,ISSQN,Prophet,2022,2475328.813552496,2971769.570588723
2911204,Gandu,ISSQN,Ensemble,2022,2423411.5814289646,2971769.570588723
2911204,Gandu,ISSQN,Naive,2023,2971769.570588723,2725196.654947186
2911204,Gandu,ISSQN,ETS,2023,2825803.620785975,2725196.654947186
2911204,Gandu,ISSQN,SARIMA,2023,3256061.0732901646,2725196.654947186
2911204,Gandu,ISSQN,Theta,2023,3012287.4694685675,2725196.654947186
2911204,Gandu,ISSQN,Prophet,2023,2703969.2316297153,2725196.654947186
2911204,Gandu,ISSQN,Ensemble,2023,2949530.348793606,2725196.654947186
2911204,Gandu,ISSQN,Naive,2024,2725196.654947186,4763078.768262525
2911204,Gandu,ISSQN,ETS,2024,2854036.1832591677,4763078.768262525
2911204,Gandu,ISSQN,SARIMA,2024,2764812.9917994794,4763078.768262525
2911204,Gandu,ISSQN,Theta,2024,2866375.968816932,4763078.768262525
2911204,Gandu,ISSQN,Prophet,2024,2734832.882754697,4763078.768262525
2911204,Gandu,ISSQN,Ensemble,2024,2805014.506657569,4763078.768262525
2911204,Gandu,ISSQN,Naive,2025,4763078.768262525,5449173.665548924
2911204,Gandu,ISSQN,ETS,2025,4718076.706813522,5449173.665548924
2911204,Gandu,ISSQN,SARIMA,2025,5928189.780319683,5449173.665548924
2911204,Gandu,ISSQN,Theta,2025,5458261.658499568,5449173.665548924
2911204,Gandu,ISSQN,Prophet,2025,3746600.076610629,5449173.665548924
2911204,Gandu,ISSQN,Ensemble,2025,4962782.055560851,5449173.665548924
2911105,Formosa do Rio Preto,ISSQN,Naive,2021,6064362.252891818,5945866.82435703
2911105,Formosa do Rio Preto,ISSQN,ETS,2021,6464272.668926136,5945866.82435703
2911105,Formosa do Rio Preto,ISSQN,SARIMA,2021,6060670.731931506,5945866.82435703
2911105,Formosa do Rio Preto,ISSQN,Theta,2021,6126376.462158844,5945866.82435703
2911105,Formosa do Rio Preto,ISSQN,Prophet,2021,5503731.305830076,5945866.82435703
2911105,Formosa do Rio Preto,ISSQN,Ensemble,2021,6038762.79221164,5945866.82435703
2911105,Formosa do Rio Preto,ISSQN,Naive,2022,5945866.82435703,8549549.821010841
2911105,Formosa do Rio Preto,ISSQN,ETS,2022,7305826.940691708,8549549.821010841
2911105,Formosa do Rio Preto,ISSQN,SARIMA,2022,6438098.725412939,8549549.821010841
2911105,Formosa do Rio Preto,ISSQN,Theta,2022,6431052.666309261,8549549.821010841
2911105,Formosa do Rio Preto,ISSQN,Prophet,2022,6082141.987829747,8549549.821010841
2911105,Formosa do Rio Preto,ISSQN,Ensemble,2022,6564280.080060913,8549549.821010841
2911105,Formosa do Rio Preto,ISSQN,Naive,2023,8549549.821010841,7706080.612772078
2911105,Formosa do Rio Preto,ISSQN,ETS,2023,10201664.39835847,7706080.612772078
2911105,Formosa do Rio Preto,ISSQN,SARIMA,2023,8314224.349209594,7706080.612772078
2911105,Formosa do Rio Preto,ISSQN,Theta,2023,8631243.203309946,7706080.612772078
2911105,Formosa do Rio Preto,ISSQN,Prophet,2023,8167901.5825662,7706080.612772078
2911105,Formosa do Rio Preto,ISSQN,Ensemble,2023,8828758.38336105,7706080.612772078
2911105,Formosa do Rio Preto,ISSQN,Naive,2024,7706080.612772078,8124959.996684259
2911105,Formosa do Rio Preto,ISSQN,ETS,2024,8252252.119181866,8124959.996684259
2911105,Formosa do Rio Preto,ISSQN,SARIMA,2024,8241700.39894261,8124959.996684259
2911105,Formosa do Rio Preto,ISSQN,Theta,2024,8483622.43436491,8124959.996684259
2911105,Formosa do Rio Preto,ISSQN,Prophet,2024,8534494.888119264,8124959.996684259
2911105,Formosa do Rio Preto,ISSQN,Ensemble,2024,8378017.460152161,8124959.996684259
2911105,Formosa do Rio Preto,ISSQN,Naive,2025,8124959.996684259,10386463.935894258
2911105,Formosa do Rio Preto,ISSQN,ETS,2025,8969245.55946964,10386463.935894258
2911105,Formosa do Rio Preto,ISSQN,SARIMA,2025,8421375.520871507,10386463.935894258
2911105,Formosa do Rio Preto,ISSQN,Theta,2025,9185569.443533372,10386463.935894258
2911105,Formosa do Rio Preto,ISSQN,Prophet,2025,8896912.532955652,10386463.935894258
2911105,Formosa do Rio Preto,ISSQN,Ensemble,2025,8868275.764207542,10386463.935894258
2910750,Fátima,IPTU,Naive,2021,92610.01381438583,109042.89000545727
2910750,Fátima,IPTU,ETS,2021,80714.12256577515,109042.89000545727
2910750,Fátima,IPTU,SARIMA,2021,48890.64541817585,109042.89000545727
2910750,Fátima,IPTU,Theta,2021,218478.491562905,109042.89000545727
2910750,Fátima,IPTU,Prophet,2021,103139.76783849532,109042.89000545727
2910750,Fátima,IPTU,Ensemble,2021,112805.75684633783,109042.89000545727
2910750,Fátima,IPTU,Naive,2022,109042.89000545727,70718.24686698958
2910750,Fátima,IPTU,ETS,2022,93609.18208628776,70718.24686698958
2910750,Fátima,IPTU,SARIMA,2022,59754.62402715018,70718.24686698958
2910750,Fátima,IPTU,Theta,2022,292370.9254781638,70718.24686698958
2910750,Fátima,IPTU,Prophet,2022,120512.53909082401,70718.24686698958
2910750,Fátima,IPTU,Ensemble,2022,141561.81767060643,70718.24686698958
2910750,Fátima,IPTU,Naive,2023,70718.24686698958,144168.67658127862
2910750,Fátima,IPTU,ETS,2023,90320.83459627564,144168.67658127862
2910750,Fátima,IPTU,SARIMA,2023,67743.47973803974,144168.67658127862
2910750,Fátima,IPTU,Theta,2023,248028.06773563297,144168.67658127862
2910750,Fátima,IPTU,Prophet,2023,113017.54978430444,144168.67658127862
2910750,Fátima,IPTU,Ensemble,2023,129777.4829635632,144168.67658127862
2910750,Fátima,IPTU,Naive,2024,144168.67658127862,96489.67477119825
2910750,Fátima,IPTU,ETS,2024,114203.13851917646,96489.67477119825
2910750,Fátima,IPTU,SARIMA,2024,45456.441256062026,96489.67477119825
2910750,Fátima,IPTU,Theta,2024,208996.66730394363,96489.67477119825
2910750,Fátima,IPTU,Prophet,2024,140259.29542884007,96489.67477119825
2910750,Fátima,IPTU,Ensemble,2024,127228.88562700554,96489.67477119825
2910750,Fátima,IPTU,Naive,2025,96489.67477119825,140651.60072620347
2910750,Fátima,IPTU,ETS,2025,101958.47698244761,140651.60072620347
2910750,Fátima,IPTU,SARIMA,2025,58237.409961341575,140651.60072620347
2910750,Fátima,IPTU,Theta,2025,311848.41719145334,140651.60072620347
2910750,Fátima,IPTU,Prophet,2025,145934.52052172227,140651.60072620347
2910750,Fátima,IPTU,Ensemble,2025,154494.7061642412,140651.60072620347
2912202,Ibicoara,ISSQN,Naive,2021,1341214.7036144084,1942370.8133479261
2912202,Ibicoara,ISSQN,ETS,2021,1080502.347679817,1942370.8133479261
2912202,Ibicoara,ISSQN,SARIMA,2021,1314284.6398781969,1942370.8133479261
2912202,Ibicoara,ISSQN,Theta,2021,1080977.8271216876,1942370.8133479261
2912202,Ibicoara,ISSQN,Prophet,2021,1579344.4893326536,1942370.8133479261
2912202,Ibicoara,ISSQN,Ensemble,2021,1263777.3260030888,1942370.8133479261
2912202,Ibicoara,ISSQN,Naive,2022,1942370.8133479261,1858090.0645481253
2912202,Ibicoara,ISSQN,ETS,2022,2121304.7552260607,1858090.0645481253
2912202,Ibicoara,ISSQN,SARIMA,2022,1467651.8314379558,1858090.0645481253
2912202,Ibicoara,ISSQN,Theta,2022,2171806.1914627184,1858090.0645481253
2912202,Ibicoara,ISSQN,Prophet,2022,1826542.5228926681,1858090.0645481253
2912202,Ibicoara,ISSQN,Ensemble,2022,1896826.3252548508,1858090.0645481253
2912202,Ibicoara,ISSQN,Naive,2023,1858090.0645481253,1698077.8765957751
2912202,Ibicoara,ISSQN,ETS,2023,2602389.5744600026,1698077.8765957751
2912202,Ibicoara,ISSQN,SARIMA,2023,1558799.6001571408,1698077.8765957751
2912202,Ibicoara,ISSQN,Theta,2023,2643382.212258963,1698077.8765957751
2912202,Ibicoara,ISSQN,Prophet,2023,1924590.214855546,1698077.8765957751
2912202,Ibicoara,ISSQN,Ensemble,2023,2182290.400432913,1698077.8765957751
2912202,Ibicoara,ISSQN,Naive,2024,1698077.8765957751,2837274.1968965344
2912202,Ibicoara,ISSQN,ETS,2024,1574739.5433344813,2837274.1968965344
2912202,Ibicoara,ISSQN,SARIMA,2024,1402570.5189273176,2837274.1968965344
2912202,Ibicoara,ISSQN,Theta,2024,1573213.3458843315,2837274.1968965344
2912202,Ibicoara,ISSQN,Prophet,2024,1888957.7782090395,2837274.1968965344
2912202,Ibicoara,ISSQN,Ensemble,2024,1609870.296588792,2837274.1968965344
2912202,Ibicoara,ISSQN,Naive,2025,2837274.1968965344,3049558.6528100395
2912202,Ibicoara,ISSQN,ETS,2025,2620310.4182129405,3049558.6528100395
2912202,Ibicoara,ISSQN,SARIMA,2025,2125648.056957259,3049558.6528100395
2912202,Ibicoara,ISSQN,Theta,2025,2691487.066006985,3049558.6528100395
2912202,Ibicoara,ISSQN,Prophet,2025,2386427.5267961076,3049558.6528100395
2912202,Ibicoara,ISSQN,Ensemble,2025,2455968.2669933224,3049558.6528100395
2911857,Heliópolis,IPTU,Naive,2021,44483.38558280938,72971.68103223167
2911857,Heliópolis,IPTU,ETS,2021,36864.706784230824,72971.68103223167
2911857,Heliópolis,IPTU,SARIMA,2021,21870.05320700405,72971.68103223167
2911857,Heliópolis,IPTU,Theta,2021,49202.09484124589,72971.68103223167
2911857,Heliópolis,IPTU,Prophet,2021,57232.53431113495,72971.68103223167
2911857,Heliópolis,IPTU,Ensemble,2021,41292.347285903925,72971.68103223167
2911857,Heliópolis,IPTU,Naive,2022,72971.68103223167,37725.520979179826
2911857,Heliópolis,IPTU,ETS,2022,83778.81100365354,37725.520979179826
2911857,Heliópolis,IPTU,SARIMA,2022,22755.84203413184,37725.520979179826
2911857,Heliópolis,IPTU,Theta,2022,97546.7445648757,37725.520979179826
2911857,Heliópolis,IPTU,Prophet,2022,67813.65809388613,37725.520979179826
2911857,Heliópolis,IPTU,Ensemble,2022,67973.7639241368,37725.520979179826
2911857,Heliópolis,IPTU,Naive,2023,37725.520979179826,48167.766734989505
2911857,Heliópolis,IPTU,ETS,2023,63704.789460358224,48167.766734989505
2911857,Heliópolis,IPTU,SARIMA,2023,19918.049556082547,48167.766734989505
2911857,Heliópolis,IPTU,Theta,2023,39755.34505229063,48167.766734989505
2911857,Heliópolis,IPTU,Prophet,2023,59051.58505559185,48167.766734989505
2911857,Heliópolis,IPTU,Ensemble,2023,45607.44228108082,48167.766734989505
2911857,Heliópolis,IPTU,Naive,2024,48167.766734989505,52588.23433074492
2911857,Heliópolis,IPTU,ETS,2024,82393.13674619506,52588.23433074492
2911857,Heliópolis,IPTU,SARIMA,2024,28583.23406142036,52588.23433074492
2911857,Heliópolis,IPTU,Theta,2024,68087.73800279856,52588.23433074492
2911857,Heliópolis,IPTU,Prophet,2024,60702.16437287445,52588.23433074492
2911857,Heliópolis,IPTU,Ensemble,2024,59941.568295822115,52588.23433074492
2911857,Heliópolis,IPTU,Naive,2025,52588.23433074492,54481.4288702839
2911857,Heliópolis,IPTU,ETS,2025,58640.60376287217,54481.4288702839
2911857,Heliópolis,IPTU,SARIMA,2025,29015.735425713447,54481.4288702839
2911857,Heliópolis,IPTU,Theta,2025,59630.35551942025,54481.4288702839
2911857,Heliópolis,IPTU,Prophet,2025,65940.25829045296,54481.4288702839
2911857,Heliópolis,IPTU,Ensemble,2025,53306.738249614704,54481.4288702839
2912400,Ibipeba,ISSQN,Naive,2021,3318250.472706801,5476966.43638564
2912400,Ibipeba,ISSQN,ETS,2021,3815825.5115813017,5476966.43638564
2912400,Ibipeba,ISSQN,SARIMA,2021,5283299.541014623,5476966.43638564
2912400,Ibipeba,ISSQN,Theta,2021,6656338.158077515,5476966.43638564
2912400,Ibipeba,ISSQN,Prophet,2021,5097984.486888574,5476966.43638564
2912400,Ibipeba,ISSQN,Ensemble,2021,5213361.924390503,5476966.43638564
2912400,Ibipeba,ISSQN,Naive,2022,5476966.43638564,6261530.985989971
2912400,Ibipeba,ISSQN,ETS,2022,6606662.800597006,6261530.985989971
2912400,Ibipeba,ISSQN,SARIMA,2022,6813097.3954599155,6261530.985989971
2912400,Ibipeba,ISSQN,Theta,2022,7272143.082243784,6261530.985989971
2912400,Ibipeba,ISSQN,Prophet,2022,8038797.960514642,6261530.985989971
2912400,Ibipeba,ISSQN,Ensemble,2022,7182675.309703838,6261530.985989971
2912400,Ibipeba,ISSQN,Naive,2023,6261530.985989971,4777541.917981578
2912400,Ibipeba,ISSQN,ETS,2023,5574414.189486974,4777541.917981578
2912400,Ibipeba,ISSQN,SARIMA,2023,7171298.292151989,4777541.917981578
2912400,Ibipeba,ISSQN,Theta,2023,5910904.6242766045,4777541.917981578
2912400,Ibipeba,ISSQN,Prophet,2023,6906274.493054698,4777541.917981578
2912400,Ibipeba,ISSQN,Ensemble,2023,6390722.899742567,4777541.917981578
2912400,Ibipeba,ISSQN,Naive,2024,4777541.917981578,3293552.849973186
2912400,Ibipeba,ISSQN,ETS,2024,4329075.949546773,3293552.849973186
2912400,Ibipeba,ISSQN,SARIMA,2024,4378216.431997459,3293552.849973186
2912400,Ibipeba,ISSQN,Theta,2024,4361758.536693086,3293552.849973186
2912400,Ibipeba,ISSQN,Prophet,2024,6359956.970787639,3293552.849973186
2912400,Ibipeba,ISSQN,Ensemble,2024,4857251.9722562395,3293552.849973186
2912400,Ibipeba,ISSQN,Naive,2025,3293552.849973186,4487754.246591093
2912400,Ibipeba,ISSQN,ETS,2025,3078220.738329209,4487754.246591093
2912400,Ibipeba,ISSQN,SARIMA,2025,2680601.4109585006,4487754.246591093
2912400,Ibipeba,ISSQN,Theta,2025,3157155.1330800047,4487754.246591093
2912400,Ibipeba,ISSQN,Prophet,2025,5683063.515224973,4487754.246591093
2912400,Ibipeba,ISSQN,Ensemble,2025,3649760.199398171,4487754.246591093
2912004,Ibiassucê,IPTU,Naive,2021,55417.35399660196,60986.39562251669
2912004,Ibiassucê,IPTU,ETS,2021,63963.01480285673,60986.39562251669
2912004,Ibiassucê,IPTU,SARIMA,2021,34092.41607522094,60986.39562251669
2912004,Ibiassucê,IPTU,Theta,2021,55560.521182993325,60986.39562251669
2912004,Ibiassucê,IPTU,Prophet,2021,15784.386456930439,60986.39562251669
2912004,Ibiassucê,IPTU,Ensemble,2021,42350.08462950036,60986.39562251669
2912004,Ibiassucê,IPTU,Naive,2022,60986.39562251669,78315.93844736298
2912004,Ibiassucê,IPTU,ETS,2022,65308.281643302216,78315.93844736298
2912004,Ibiassucê,IPTU,SARIMA,2022,36135.02691889094,78315.93844736298
2912004,Ibiassucê,IPTU,Theta,2022,57218.78357938045,78315.93844736298
2912004,Ibiassucê,IPTU,Prophet,2022,26290.317482890703,78315.93844736298
2912004,Ibiassucê,IPTU,Ensemble,2022,46238.10240611608,78315.93844736298
2912004,Ibiassucê,IPTU,Naive,2023,78315.93844736298,67731.80276280535
2912004,Ibiassucê,IPTU,ETS,2023,79416.99835593185,67731.80276280535
2912004,Ibiassucê,IPTU,SARIMA,2023,38626.31886923819,67731.80276280535
2912004,Ibiassucê,IPTU,Theta,2023,105042.75715270701,67731.80276280535
2912004,Ibiassucê,IPTU,Prophet,2023,41704.7568500449,67731.80276280535
2912004,Ibiassucê,IPTU,Ensemble,2023,66197.7078069805,67731.80276280535
2912004,Ibiassucê,IPTU,Naive,2024,67731.80276280535,56342.775681077386
2912004,Ibiassucê,IPTU,ETS,2024,69206.22273356433,56342.775681077386
2912004,Ibiassucê,IPTU,SARIMA,2024,42004.12522868953,56342.775681077386
2912004,Ibiassucê,IPTU,Theta,2024,61335.0234818371,56342.775681077386
2912004,Ibiassucê,IPTU,Prophet,2024,45764.727496569125,56342.775681077386
2912004,Ibiassucê,IPTU,Ensemble,2024,54577.52473516502,56342.775681077386
2912004,Ibiassucê,IPTU,Naive,2025,56342.775681077386,62383.72821462184
2912004,Ibiassucê,IPTU,ETS,2025,58421.133912020705,62383.72821462184
2912004,Ibiassucê,IPTU,SARIMA,2025,33306.64987682054,62383.72821462184
2912004,Ibiassucê,IPTU,Theta,2025,18897.872633920204,62383.72821462184
2912004,Ibiassucê,IPTU,Prophet,2025,49201.6008689128,62383.72821462184
2912004,Ibiassucê,IPTU,Ensemble,2025,39956.814322918566,62383.72821462184
2911857,Heliópolis,ISSQN,Naive,2021,818254.371811709,922762.41523595
2911857,Heliópolis,ISSQN,ETS,2021,677304.3699576299,922762.41523595
2911857,Heliópolis,ISSQN,SARIMA,2021,578790.6993795634,922762.41523595
2911857,Heliópolis,ISSQN,Theta,2021,853175.0319972154,922762.41523595
2911857,Heliópolis,ISSQN,Prophet,2021,744754.7964032419,922762.41523595
2911857,Heliópolis,ISSQN,Ensemble,2021,713506.2244344127,922762.41523595
2911857,Heliópolis,ISSQN,Naive,2022,922762.41523595,1027270.4586601909
2911857,Heliópolis,ISSQN,ETS,2022,868875.9612526933,1027270.4586601909
2911857,Heliópolis,ISSQN,SARIMA,2022,844943.6371891047,1027270.4586601909
2911857,Heliópolis,ISSQN,Theta,2022,991607.0872455102,1027270.4586601909
2911857,Heliópolis,ISSQN,Prophet,2022,876600.6768020036,1027270.4586601909
2911857,Heliópolis,ISSQN,Ensemble,2022,895506.840622328,1027270.4586601909
2911857,Heliópolis,ISSQN,Naive,2023,1027270.4586601909,1153624.4409077785
2911857,Heliópolis,ISSQN,ETS,2023,976997.425268995,1153624.4409077785
2911857,Heliópolis,ISSQN,SARIMA,2023,956368.5729678334,1153624.4409077785
2911857,Heliópolis,ISSQN,Theta,2023,1025238.7293985016,1153624.4409077785
2911857,Heliópolis,ISSQN,Prophet,2023,1004672.279338523,1153624.4409077785
2911857,Heliópolis,ISSQN,Ensemble,2023,990819.2517434632,1153624.4409077785
2911857,Heliópolis,ISSQN,Naive,2024,1153624.4409077785,1330982.8349861694
2911857,Heliópolis,ISSQN,ETS,2024,1341107.1532573868,1330982.8349861694
2911857,Heliópolis,ISSQN,SARIMA,2024,1088994.5196764232,1330982.8349861694
2911857,Heliópolis,ISSQN,Theta,2024,1256971.9237112387,1330982.8349861694
2911857,Heliópolis,ISSQN,Prophet,2024,1137380.955520438,1330982.8349861694
2911857,Heliópolis,ISSQN,Ensemble,2024,1206113.6380413717,1330982.8349861694
2911857,Heliópolis,ISSQN,Naive,2025,1330982.8349861694,1687650.1886879606
2911857,Heliópolis,ISSQN,ETS,2025,1458724.5964948274,1687650.1886879606
2911857,Heliópolis,ISSQN,SARIMA,2025,1319458.2229506394,1687650.1886879606
2911857,Heliópolis,ISSQN,Theta,2025,1434542.5058474448,1687650.1886879606
2911857,Heliópolis,ISSQN,Prophet,2025,1292981.5871498948,1687650.1886879606
2911857,Heliópolis,ISSQN,Ensemble,2025,1376426.7281107015,1687650.1886879606
2912509,Ibipitanga,ISSQN,Naive,2021,693376.5154652979,714475.2173534073
2912509,Ibipitanga,ISSQN,ETS,2021,852467.0128770717,714475.2173534073
2912509,Ibipitanga,ISSQN,SARIMA,2021,672059.5017089983,714475.2173534073
2912509,Ibipitanga,ISSQN,Theta,2021,760069.9883867421,714475.2173534073
2912509,Ibipitanga,ISSQN,Prophet,2021,579605.574578476,714475.2173534073
2912509,Ibipitanga,ISSQN,Ensemble,2021,716050.5193878219,714475.2173534073
2912509,Ibipitanga,ISSQN,Naive,2022,714475.2173534073,1161827.8898116837
2912509,Ibipitanga,ISSQN,ETS,2022,849537.4369357196,1161827.8898116837
2912509,Ibipitanga,ISSQN,SARIMA,2022,690156.458184139,1161827.8898116837
2912509,Ibipitanga,ISSQN,Theta,2022,739089.3766624457,1161827.8898116837
2912509,Ibipitanga,ISSQN,Prophet,2022,534084.4497486915,1161827.8898116837
2912509,Ibipitanga,ISSQN,Ensemble,2022,703216.9303827488,1161827.8898116837
2912509,Ibipitanga,ISSQN,Naive,2023,1161827.8898116837,2480360.6376342806
2912509,Ibipitanga,ISSQN,ETS,2023,1274693.7320040637,2480360.6376342806
2912509,Ibipitanga,ISSQN,SARIMA,2023,834807.4777625202,2480360.6376342806
2912509,Ibipitanga,ISSQN,Theta,2023,1376669.2373658293,2480360.6376342806
2912509,Ibipitanga,ISSQN,Prophet,2023,957675.2721657861,2480360.6376342806
2912509,Ibipitanga,ISSQN,Ensemble,2023,1110961.4298245497,2480360.6376342806
2912509,Ibipitanga,ISSQN,Naive,2024,2480360.6376342806,3073076.2850061357
2912509,Ibipitanga,ISSQN,ETS,2024,2749165.815632259,3073076.2850061357
2912509,Ibipitanga,ISSQN,SARIMA,2024,2646077.5170045216,3073076.2850061357
2912509,Ibipitanga,ISSQN,Theta,2024,2622387.779775553,3073076.2850061357
2912509,Ibipitanga,ISSQN,Prophet,2024,1811681.516651497,3073076.2850061357
2912509,Ibipitanga,ISSQN,Ensemble,2024,2457328.157265958,3073076.2850061357
2912509,Ibipitanga,ISSQN,Naive,2025,3073076.2850061357,3665791.9323779913
2912509,Ibipitanga,ISSQN,ETS,2025,3853905.948750416,3665791.9323779913
2912509,Ibipitanga,ISSQN,SARIMA,2025,3035885.151602658,3665791.9323779913
2912509,Ibipitanga,ISSQN,Theta,2025,3981633.1951620113,3665791.9323779913
2912509,Ibipitanga,ISSQN,Prophet,2025,4009250.714780684,3665791.9323779913
2912509,Ibipitanga,ISSQN,Ensemble,2025,3720168.752573942,3665791.9323779913
2912004,Ibiassucê,ISSQN,Naive,2021,891490.2378010505,506271.02142616286
2912004,Ibiassucê,ISSQN,ETS,2021,848075.3157157326,506271.02142616286
2912004,Ibiassucê,ISSQN,SARIMA,2021,700644.0478584606,506271.02142616286
2912004,Ibiassucê,ISSQN,Theta,2021,704873.9538571,506271.02142616286
2912004,Ibiassucê,ISSQN,Prophet,2021,855620.8622173471,506271.02142616286
2912004,Ibiassucê,ISSQN,Ensemble,2021,777303.54491216,506271.02142616286
2912004,Ibiassucê,ISSQN,Naive,2022,506271.02142616286,571903.6415897555
2912004,Ibiassucê,ISSQN,ETS,2022,679417.9444632586,571903.6415897555
2912004,Ibiassucê,ISSQN,SARIMA,2022,500933.7422882498,571903.6415897555
2912004,Ibiassucê,ISSQN,Theta,2022,496543.88981865434,571903.6415897555
2912004,Ibiassucê,ISSQN,Prophet,2022,473888.4120349343,571903.6415897555
2912004,Ibiassucê,ISSQN,Ensemble,2022,537695.9971512742,571903.6415897555
2912004,Ibiassucê,ISSQN,Naive,2023,571903.6415897555,1101017.1083474187
2912004,Ibiassucê,ISSQN,ETS,2023,629875.0769837352,1101017.1083474187
2912004,Ibiassucê,ISSQN,SARIMA,2023,474657.18259296485,1101017.1083474187
2912004,Ibiassucê,ISSQN,Theta,2023,552980.4008895449,1101017.1083474187
2912004,Ibiassucê,ISSQN,Prophet,2023,176295.80868238374,1101017.1083474187
2912004,Ibiassucê,ISSQN,Ensemble,2023,458452.1172871571,1101017.1083474187
2912004,Ibiassucê,ISSQN,Naive,2024,1101017.1083474187,725869.2020558887
2912004,Ibiassucê,ISSQN,ETS,2024,939628.2621364438,725869.2020558887
2912004,Ibiassucê,ISSQN,SARIMA,2024,773409.7556738299,725869.2020558887
2912004,Ibiassucê,ISSQN,Theta,2024,1019793.0172850313,725869.2020558887
2912004,Ibiassucê,ISSQN,Prophet,2024,297993.8181427518,725869.2020558887
2912004,Ibiassucê,ISSQN,Ensemble,2024,757706.2133095141,725869.2020558887
2912004,Ibiassucê,ISSQN,Naive,2025,725869.2020558887,540365.7539231391
2912004,Ibiassucê,ISSQN,ETS,2025,896780.5758604406,540365.7539231391
2912004,Ibiassucê,ISSQN,SARIMA,2025,557841.7229151893,540365.7539231391
2912004,Ibiassucê,ISSQN,Theta,2025,787734.9103107845,540365.7539231391
2912004,Ibiassucê,ISSQN,Prophet,2025,376803.0404567561,540365.7539231391
2912004,Ibiassucê,ISSQN,Ensemble,2025,654790.0623857926,540365.7539231391
2911709,Guanambi,ISSQN,Naive,2021,25446387.7089802,26475181.06138916
2911709,Guanambi,ISSQN,ETS,2021,26971987.64608104,26475181.06138916
2911709,Guanambi,ISSQN,SARIMA,2021,37420322.40756109,26475181.06138916
2911709,Guanambi,ISSQN,Theta,2021,33157442.160313495,26475181.06138916
2911709,Guanambi,ISSQN,Prophet,2021,29041046.141481727,26475181.06138916
2911709,Guanambi,ISSQN,Ensemble,2021,31647699.588859335,26475181.06138916
2911709,Guanambi,ISSQN,Naive,2022,26475181.06138916,28670557.52361542
2911709,Guanambi,ISSQN,ETS,2022,27159756.13832929,28670557.52361542
2911709,Guanambi,ISSQN,SARIMA,2022,28362475.546136554,28670557.52361542
2911709,Guanambi,ISSQN,Theta,2022,28864604.56814776,28670557.52361542
2911709,Guanambi,ISSQN,Prophet,2022,29638060.629316203,28670557.52361542
2911709,Guanambi,ISSQN,Ensemble,2022,28506224.22048245,28670557.52361542
2911709,Guanambi,ISSQN,Naive,2023,28670557.52361542,27234897.98720428
2911709,Guanambi,ISSQN,ETS,2023,27778213.99098178,27234897.98720428
2911709,Guanambi,ISSQN,SARIMA,2023,27998588.250499476,27234897.98720428
2911709,Guanambi,ISSQN,Theta,2023,29567965.721426606,27234897.98720428
2911709,Guanambi,ISSQN,Prophet,2023,31171031.699441154,27234897.98720428
2911709,Guanambi,ISSQN,Ensemble,2023,29128949.915587254,27234897.98720428
2911709,Guanambi,ISSQN,Naive,2024,27234897.98720428,26423367.914948247
2911709,Guanambi,ISSQN,ETS,2024,26780136.32310286,26423367.914948247
2911709,Guanambi,ISSQN,SARIMA,2024,27140448.588620376,26423367.914948247
2911709,Guanambi,ISSQN,Theta,2024,28434493.437131416,26423367.914948247
2911709,Guanambi,ISSQN,Prophet,2024,31264095.72418587,26423367.914948247
2911709,Guanambi,ISSQN,Ensemble,2024,28404793.518260133,26423367.914948247
2911709,Guanambi,ISSQN,Naive,2025,26423367.914948247,34914404.04444395
2911709,Guanambi,ISSQN,ETS,2025,26309844.382267766,34914404.04444395
2911709,Guanambi,ISSQN,SARIMA,2025,26666390.611071702,34914404.04444395
2911709,Guanambi,ISSQN,Theta,2025,27482100.93842675,34914404.04444395
2911709,Guanambi,ISSQN,Prophet,2025,29012611.57838223,34914404.04444395
2911709,Guanambi,ISSQN,Ensemble,2025,27367736.877537113,34914404.04444395
2912806,Ibirapuã,ISSQN,Naive,2021,1655081.5443684831,1705078.8424206572
2912806,Ibirapuã,ISSQN,ETS,2021,1871666.0556985121,1705078.8424206572
2912806,Ibirapuã,ISSQN,SARIMA,2021,2083788.1606654895,1705078.8424206572
2912806,Ibirapuã,ISSQN,Theta,2021,1984307.681805428,1705078.8424206572
2912806,Ibirapuã,ISSQN,Prophet,2021,2061807.4702969305,1705078.8424206572
2912806,Ibirapuã,ISSQN,Ensemble,2021,2000392.34211659,1705078.8424206572
2912806,Ibirapuã,ISSQN,Naive,2022,1705078.8424206572,2787465.8890464148
2912806,Ibirapuã,ISSQN,ETS,2022,2131388.1980046756,2787465.8890464148
2912806,Ibirapuã,ISSQN,SARIMA,2022,2039057.662159337,2787465.8890464148
2912806,Ibirapuã,ISSQN,Theta,2022,1968769.230452487,2787465.8890464148
2912806,Ibirapuã,ISSQN,Prophet,2022,1993675.1346660177,2787465.8890464148
2912806,Ibirapuã,ISSQN,Ensemble,2022,2033222.556320629,2787465.8890464148
2912806,Ibirapuã,ISSQN,Naive,2023,2787465.8890464148,2350406.533353415
2912806,Ibirapuã,ISSQN,ETS,2023,2946258.774103484,2350406.533353415
2912806,Ibirapuã,ISSQN,SARIMA,2023,2890514.0017650663,2350406.533353415
2912806,Ibirapuã,ISSQN,Theta,2023,2948024.680572033,2350406.533353415
2912806,Ibirapuã,ISSQN,Prophet,2023,2514968.6171002476,2350406.533353415
2912806,Ibirapuã,ISSQN,Ensemble,2023,2824941.5183852077,2350406.533353415
2912806,Ibirapuã,ISSQN,Naive,2024,2350406.533353415,2574688.009716206
2912806,Ibirapuã,ISSQN,ETS,2024,2446714.3583928016,2574688.009716206
2912806,Ibirapuã,ISSQN,SARIMA,2024,2798672.880467875,2574688.009716206
2912806,Ibirapuã,ISSQN,Theta,2024,2673544.962842323,2574688.009716206
2912806,Ibirapuã,ISSQN,Prophet,2024,2616910.798143689,2574688.009716206
2912806,Ibirapuã,ISSQN,Ensemble,2024,2633960.749961672,2574688.009716206
2912806,Ibirapuã,ISSQN,Naive,2025,2574688.009716206,2349215.13666245
2912806,Ibirapuã,ISSQN,ETS,2025,2635553.700211124,2349215.13666245
2912806,Ibirapuã,ISSQN,SARIMA,2025,2888673.5492772106,2349215.13666245
2912806,Ibirapuã,ISSQN,Theta,2025,2749148.3637021435,2349215.13666245
2912806,Ibirapuã,ISSQN,Prophet,2025,2818478.54295014,2349215.13666245
2912806,Ibirapuã,ISSQN,Ensemble,2025,2772963.539035155,2349215.13666245
2912905,Ibirataia,IPTU,Naive,2021,144598.75249869216,168853.22845563368
2912905,Ibirataia,IPTU,ETS,2021,381271.99227726273,168853.22845563368
2912905,Ibirataia,IPTU,SARIMA,2021,118990.27729735736,168853.22845563368
2912905,Ibirataia,IPTU,Theta,2021,173688.8611201907,168853.22845563368
2912905,Ibirataia,IPTU,Prophet,2021,131566.1840973182,168853.22845563368
2912905,Ibirataia,IPTU,Ensemble,2021,201379.32869803227,168853.22845563368
2912905,Ibirataia,IPTU,Naive,2022,168853.22845563368,199237.12620002174
2912905,Ibirataia,IPTU,ETS,2022,281581.00780329865,199237.12620002174
2912905,Ibirataia,IPTU,SARIMA,2022,46702.01447672698,199237.12620002174
2912905,Ibirataia,IPTU,Theta,2022,176976.1551771265,199237.12620002174
2912905,Ibirataia,IPTU,Prophet,2022,152780.82441341633,199237.12620002174
2912905,Ibirataia,IPTU,Ensemble,2022,164510.0004676421,199237.12620002174
2912905,Ibirataia,IPTU,Naive,2023,199237.12620002174,179418.09982752198
2912905,Ibirataia,IPTU,ETS,2023,183810.90640169344,179418.09982752198
2912905,Ibirataia,IPTU,SARIMA,2023,133060.82299912782,179418.09982752198
2912905,Ibirataia,IPTU,Theta,2023,208367.18915406885,179418.09982752198
2912905,Ibirataia,IPTU,Prophet,2023,175533.744526774,179418.09982752198
2912905,Ibirataia,IPTU,Ensemble,2023,175193.165770416,179418.09982752198
2912905,Ibirataia,IPTU,Naive,2024,179418.09982752198,230577.60148113378
2912905,Ibirataia,IPTU,ETS,2024,202075.01252364166,230577.60148113378
2912905,Ibirataia,IPTU,SARIMA,2024,149207.46705169432,230577.60148113378
2912905,Ibirataia,IPTU,Theta,2024,247053.32074852244,230577.60148113378
2912905,Ibirataia,IPTU,Prophet,2024,184163.6925129061,230577.60148113378
2912905,Ibirataia,IPTU,Ensemble,2024,195624.87320919114,230577.60148113378
2912905,Ibirataia,IPTU,Naive,2025,230577.60148113378,307749.3910437548
2912905,Ibirataia,IPTU,ETS,2025,218745.27145807582,307749.3910437548
2912905,Ibirataia,IPTU,SARIMA,2025,249422.01193959103,307749.3910437548
2912905,Ibirataia,IPTU,Theta,2025,302100.42765684664,307749.3910437548
2912905,Ibirataia,IPTU,Prophet,2025,197102.14854334306,307749.3910437548
2912905,Ibirataia,IPTU,Ensemble,2025,241842.46489946413,307749.3910437548
2912608,Ibiquera,ISSQN,Naive,2021,240977.40509821213,156788.49943507873
2912608,Ibiquera,ISSQN,ETS,2021,482289.3475611285,156788.49943507873
2912608,Ibiquera,ISSQN,SARIMA,2021,187935.9924093927,156788.49943507873
2912608,Ibiquera,ISSQN,Theta,2021,436848.7905301259,156788.49943507873
2912608,Ibiquera,ISSQN,Prophet,2021,-10149.329544789456,156788.49943507873
2912608,Ibiquera,ISSQN,Ensemble,2021,274231.2002389644,156788.49943507873
2912608,Ibiquera,ISSQN,Naive,2022,156788.49943507873,415557.81864466384
2912608,Ibiquera,ISSQN,ETS,2022,395270.6540077148,415557.81864466384
2912608,Ibiquera,ISSQN,SARIMA,2022,137300.91859894013,415557.81864466384
2912608,Ibiquera,ISSQN,Theta,2022,269012.27606559754,415557.81864466384
2912608,Ibiquera,ISSQN,Prophet,2022,-3647.623251326074,415557.81864466384
2912608,Ibiquera,ISSQN,Ensemble,2022,199484.0563552316,415557.81864466384
2912608,Ibiquera,ISSQN,Naive,2023,415557.81864466384,674327.1378542488
2912608,Ibiquera,ISSQN,ETS,2023,867576.9654664451,674327.1378542488
2912608,Ibiquera,ISSQN,SARIMA,2023,502938.0976383746,674327.1378542488
2912608,Ibiquera,ISSQN,Theta,2023,521090.2271158619,674327.1378542488
2912608,Ibiquera,ISSQN,Prophet,2023,-3469.0192288619673,674327.1378542488
2912608,Ibiquera,ISSQN,Ensemble,2023,472034.0677479549,674327.1378542488
2912608,Ibiquera,ISSQN,Naive,2024,674327.1378542488,554830.862390724
2912608,Ibiquera,ISSQN,ETS,2024,1273830.2083123943,554830.862390724
2912608,Ibiquera,ISSQN,SARIMA,2024,748548.829164023,554830.862390724
2912608,Ibiquera,ISSQN,Theta,2024,869122.0522607637,554830.862390724
2912608,Ibiquera,ISSQN,Prophet,2024,468672.50036785775,554830.862390724
2912608,Ibiquera,ISSQN,Ensemble,2024,840043.3975262597,554830.862390724
2912608,Ibiquera,ISSQN,Naive,2025,554830.862390724,763147.5832169894
2912608,Ibiquera,ISSQN,ETS,2025,1109057.8479309618,763147.5832169894
2912608,Ibiquera,ISSQN,SARIMA,2025,387647.7514498616,763147.5832169894
2912608,Ibiquera,ISSQN,Theta,2025,724146.6665883187,763147.5832169894
2912608,Ibiquera,ISSQN,Prophet,2025,548818.9398596823,763147.5832169894
2912608,Ibiquera,ISSQN,Ensemble,2025,692417.8014572059,763147.5832169894
2912707,Ibirapitanga,ISSQN,Naive,2021,1199696.183993812,681674.2037437964
2912707,Ibirapitanga,ISSQN,ETS,2021,1184177.4899911934,681674.2037437964
2912707,Ibirapitanga,ISSQN,SARIMA,2021,934564.1039164625,681674.2037437964
2912707,Ibirapitanga,ISSQN,Theta,2021,1217124.9077054232,681674.2037437964
2912707,Ibirapitanga,ISSQN,Prophet,2021,1043296.5588916127,681674.2037437964
2912707,Ibirapitanga,ISSQN,Ensemble,2021,1094790.7651261732,681674.2037437964
2912707,Ibirapitanga,ISSQN,Naive,2022,681674.2037437964,1220051.4436085182
2912707,Ibirapitanga,ISSQN,ETS,2022,702041.0479814257,1220051.4436085182
2912707,Ibirapitanga,ISSQN,SARIMA,2022,873268.4985045932,1220051.4436085182
2912707,Ibirapitanga,ISSQN,Theta,2022,848496.3852084657,1220051.4436085182
2912707,Ibirapitanga,ISSQN,Prophet,2022,833598.5893266648,1220051.4436085182
2912707,Ibirapitanga,ISSQN,Ensemble,2022,814351.1302552874,1220051.4436085182
2912707,Ibirapitanga,ISSQN,Naive,2023,1220051.4436085182,1191388.3293903158
2912707,Ibirapitanga,ISSQN,ETS,2023,1361374.000838065,1191388.3293903158
2912707,Ibirapitanga,ISSQN,SARIMA,2023,1015055.5811442223,1191388.3293903158
2912707,Ibirapitanga,ISSQN,Theta,2023,1521852.1051631882,1191388.3293903158
2912707,Ibirapitanga,ISSQN,Prophet,2023,1020916.1508364961,1191388.3293903158
2912707,Ibirapitanga,ISSQN,Ensemble,2023,1229799.4594954925,1191388.3293903158
2912707,Ibirapitanga,ISSQN,Naive,2024,1191388.3293903158,1365670.6921616313
2912707,Ibirapitanga,ISSQN,ETS,2024,1298739.9908078196,1365670.6921616313
2912707,Ibirapitanga,ISSQN,SARIMA,2024,1015239.1734187348,1365670.6921616313
2912707,Ibirapitanga,ISSQN,Theta,2024,1318251.1151011742,1365670.6921616313
2912707,Ibirapitanga,ISSQN,Prophet,2024,1153515.4884565123,1365670.6921616313
2912707,Ibirapitanga,ISSQN,Ensemble,2024,1196436.4419460602,1365670.6921616313
2912707,Ibirapitanga,ISSQN,Naive,2025,1365670.6921616313,1242894.2602551554
2912707,Ibirapitanga,ISSQN,ETS,2025,1396922.3315727054,1242894.2602551554
2912707,Ibirapitanga,ISSQN,SARIMA,2025,1142810.1775006137,1242894.2602551554
2912707,Ibirapitanga,ISSQN,Theta,2025,1451024.7396983379,1242894.2602551554
2912707,Ibirapitanga,ISSQN,Prophet,2025,1284473.9174164915,1242894.2602551554
2912707,Ibirapitanga,ISSQN,Ensemble,2025,1318807.7915470372,1242894.2602551554
2913200,Ibotirama,ISSQN,Naive,2021,3404737.8843119107,3045711.0623666393
2913200,Ibotirama,ISSQN,ETS,2021,3246644.8939351253,3045711.0623666393
2913200,Ibotirama,ISSQN,SARIMA,2021,3677047.2221794836,3045711.0623666393
2913200,Ibotirama,ISSQN,Theta,2021,3493241.215456301,3045711.0623666393
2913200,Ibotirama,ISSQN,Prophet,2021,3227407.880481891,3045711.0623666393
2913200,Ibotirama,ISSQN,Ensemble,2021,3411085.3030132004,3045711.0623666393
2913200,Ibotirama,ISSQN,Naive,2022,3045711.0623666393,3707587.938271478
2913200,Ibotirama,ISSQN,ETS,2022,2920845.8214927223,3707587.938271478
2913200,Ibotirama,ISSQN,SARIMA,2022,3138024.0962473736,3707587.938271478
2913200,Ibotirama,ISSQN,Theta,2022,3062780.2075123633,3707587.938271478
2913200,Ibotirama,ISSQN,Prophet,2022,2949139.9955659285,3707587.938271478
2913200,Ibotirama,ISSQN,Ensemble,2022,3017697.530204598,3707587.938271478
2913200,Ibotirama,ISSQN,Naive,2023,3707587.938271478,6144699.131008296
2913200,Ibotirama,ISSQN,ETS,2023,3331744.781322765,6144699.131008296
2913200,Ibotirama,ISSQN,SARIMA,2023,3491014.629298952,6144699.131008296
2913200,Ibotirama,ISSQN,Theta,2023,3627298.4220478353,6144699.131008296
2913200,Ibotirama,ISSQN,Prophet,2023,3124528.1012181146,6144699.131008296
2913200,Ibotirama,ISSQN,Ensemble,2023,3393646.483471917,6144699.131008296
2913200,Ibotirama,ISSQN,Naive,2024,6144699.131008296,6326405.785480151
2913200,Ibotirama,ISSQN,ETS,2024,8864621.295751851,6326405.785480151
2913200,Ibotirama,ISSQN,SARIMA,2024,6695937.741665195,6326405.785480151
2913200,Ibotirama,ISSQN,Theta,2024,7227725.598050547,6326405.785480151
2913200,Ibotirama,ISSQN,Prophet,2024,5801374.34390771,6326405.785480151
2913200,Ibotirama,ISSQN,Ensemble,2024,7147414.744843827,6326405.785480151
2913200,Ibotirama,ISSQN,Naive,2025,6326405.785480151,4182601.2811938208
2913200,Ibotirama,ISSQN,ETS,2025,5920146.384890609,4182601.2811938208
2913200,Ibotirama,ISSQN,SARIMA,2025,5712273.30448417,4182601.2811938208
2913200,Ibotirama,ISSQN,Theta,2025,5880451.2347984575,4182601.2811938208
2913200,Ibotirama,ISSQN,Prophet,2025,6944949.062810856,4182601.2811938208
2913200,Ibotirama,ISSQN,Ensemble,2025,6114454.996746024,4182601.2811938208
2912707,Ibirapitanga,IPTU,Naive,2021,35169.48499399198,37724.860375429285
2912707,Ibirapitanga,IPTU,ETS,2021,39732.56655848568,37724.860375429285
2912707,Ibirapitanga,IPTU,SARIMA,2021,28090.25482475798,37724.860375429285
2912707,Ibirapitanga,IPTU,Theta,2021,43288.82225656582,37724.860375429285
2912707,Ibirapitanga,IPTU,Prophet,2021,38585.93250580072,37724.860375429285
2912707,Ibirapitanga,IPTU,Ensemble,2021,37424.394036402555,37724.860375429285
2912707,Ibirapitanga,IPTU,Naive,2022,37724.860375429285,43786.96539238425
2912707,Ibirapitanga,IPTU,ETS,2022,39008.37637114613,43786.96539238425
2912707,Ibirapitanga,IPTU,SARIMA,2022,29964.061860968333,43786.96539238425
2912707,Ibirapitanga,IPTU,Theta,2022,38542.475284742104,43786.96539238425
2912707,Ibirapitanga,IPTU,Prophet,2022,38349.5206532925,43786.96539238425
2912707,Ibirapitanga,IPTU,Ensemble,2022,36466.108542537266,43786.96539238425
2912707,Ibirapitanga,IPTU,Naive,2023,43786.96539238425,52959.412847853004
2912707,Ibirapitanga,IPTU,ETS,2023,44034.1284768413,52959.412847853004
2912707,Ibirapitanga,IPTU,SARIMA,2023,30604.39495372073,52959.412847853004
2912707,Ibirapitanga,IPTU,Theta,2023,21861.29657953612,52959.412847853004
2912707,Ibirapitanga,IPTU,Prophet,2023,42720.474518925854,52959.412847853004
2912707,Ibirapitanga,IPTU,Ensemble,2023,34805.073632256004,52959.412847853004
2912707,Ibirapitanga,IPTU,Naive,2024,52959.412847853004,58536.397934539964
2912707,Ibirapitanga,IPTU,ETS,2024,40884.19225778003,58536.397934539964
2912707,Ibirapitanga,IPTU,SARIMA,2024,36410.08220541722,58536.397934539964
2912707,Ibirapitanga,IPTU,Theta,2024,48392.14184145558,58536.397934539964
2912707,Ibirapitanga,IPTU,Prophet,2024,52054.02140874497,58536.397934539964
2912707,Ibirapitanga,IPTU,Ensemble,2024,44435.109428349446,58536.397934539964
2912707,Ibirapitanga,IPTU,Naive,2025,58536.397934539964,104641.98368990887
2912707,Ibirapitanga,IPTU,ETS,2025,46056.2549569239,104641.98368990887
2912707,Ibirapitanga,IPTU,SARIMA,2025,29362.730779353435,104641.98368990887
2912707,Ibirapitanga,IPTU,Theta,2025,54202.32323281709,104641.98368990887
2912707,Ibirapitanga,IPTU,Prophet,2025,73087.46212543787,104641.98368990887
2912707,Ibirapitanga,IPTU,Ensemble,2025,50677.19277363307,104641.98368990887
2912905,Ibirataia,ISSQN,Naive,2021,761110.7262486704,880374.584003154
2912905,Ibirataia,ISSQN,ETS,2021,821699.0839734743,880374.584003154
2912905,Ibirataia,ISSQN,SARIMA,2021,817141.5890637983,880374.584003154
2912905,Ibirataia,ISSQN,Theta,2021,851186.9602707712,880374.584003154
2912905,Ibirataia,ISSQN,Prophet,2021,890504.3175096067,880374.584003154
2912905,Ibirataia,ISSQN,Ensemble,2021,845132.9877044125,880374.584003154
2912905,Ibirataia,ISSQN,Naive,2022,880374.584003154,1567762.585532089
2912905,Ibirataia,ISSQN,ETS,2022,1441943.0693558932,1567762.585532089
2912905,Ibirataia,ISSQN,SARIMA,2022,1294388.2270712482,1567762.585532089
2912905,Ibirataia,ISSQN,Theta,2022,1556285.1311602308,1567762.585532089
2912905,Ibirataia,ISSQN,Prophet,2022,961248.1069689658,1567762.585532089
2912905,Ibirataia,ISSQN,Ensemble,2022,1313466.1336390846,1567762.585532089
2912905,Ibirataia,ISSQN,Naive,2023,1567762.585532089,1092126.7810878716
2912905,Ibirataia,ISSQN,ETS,2023,1576266.1520057796,1092126.7810878716
2912905,Ibirataia,ISSQN,SARIMA,2023,1801029.23702854,1092126.7810878716
2912905,Ibirataia,ISSQN,Theta,2023,1779089.9274992838,1092126.7810878716
2912905,Ibirataia,ISSQN,Prophet,2023,1630574.4446820172,1092126.7810878716
2912905,Ibirataia,ISSQN,Ensemble,2023,1696739.9403039054,1092126.7810878716
2912905,Ibirataia,ISSQN,Naive,2024,1092126.7810878716,1494253.013170159
2912905,Ibirataia,ISSQN,ETS,2024,1068226.7287379128,1494253.013170159
2912905,Ibirataia,ISSQN,SARIMA,2024,1049752.472603268,1494253.013170159
2912905,Ibirataia,ISSQN,Theta,2024,1280144.672424731,1494253.013170159
2912905,Ibirataia,ISSQN,Prophet,2024,1391344.5559219283,1494253.013170159
2912905,Ibirataia,ISSQN,Ensemble,2024,1197367.10742196,1494253.013170159
2912905,Ibirataia,ISSQN,Naive,2025,1494253.013170159,1370167.4861399177
2912905,Ibirataia,ISSQN,ETS,2025,1533744.6729474454,1370167.4861399177
2912905,Ibirataia,ISSQN,SARIMA,2025,1627610.9339438172,1370167.4861399177
2912905,Ibirataia,ISSQN,Theta,2025,1765643.7249643137,1370167.4861399177
2912905,Ibirataia,ISSQN,Prophet,2025,1541399.704772304,1370167.4861399177
2912905,Ibirataia,ISSQN,Ensemble,2025,1617099.75915697,1370167.4861399177
2914000,Ipirá,IPTU,Naive,2021,1159292.7841090385,1442198.3108985429
2914000,Ipirá,IPTU,ETS,2021,806104.5901960465,1442198.3108985429
2914000,Ipirá,IPTU,SARIMA,2021,805590.529123836,1442198.3108985429
2914000,Ipirá,IPTU,Theta,2021,1799777.69325659,1442198.3108985429
2914000,Ipirá,IPTU,Prophet,2021,1789683.304913895,1442198.3108985429
2914000,Ipirá,IPTU,Ensemble,2021,1300289.029372592,1442198.3108985429
2914000,Ipirá,IPTU,Naive,2022,1442198.3108985429,1350545.2364996956
2914000,Ipirá,IPTU,ETS,2022,548224.7517679968,1350545.2364996956
2914000,Ipirá,IPTU,SARIMA,2022,605126.7366552873,1350545.2364996956
2914000,Ipirá,IPTU,Theta,2022,1778369.5472856134,1350545.2364996956
2914000,Ipirá,IPTU,Prophet,2022,1744800.5047334032,1350545.2364996956
2914000,Ipirá,IPTU,Ensemble,2022,1169130.385110575,1350545.2364996956
2914000,Ipirá,IPTU,Naive,2023,1350545.2364996956,1511455.9298615248
2914000,Ipirá,IPTU,ETS,2023,921982.3722049377,1511455.9298615248
2914000,Ipirá,IPTU,SARIMA,2023,922115.5775412008,1511455.9298615248
2914000,Ipirá,IPTU,Theta,2023,1653975.9310069215,1511455.9298615248
2914000,Ipirá,IPTU,Prophet,2023,1733559.5721815724,1511455.9298615248
2914000,Ipirá,IPTU,Ensemble,2023,1307908.363233658,1511455.9298615248
2914000,Ipirá,IPTU,Naive,2024,1511455.9298615248,1482466.8203511555
2914000,Ipirá,IPTU,ETS,2024,681728.4447272015,1482466.8203511555
2914000,Ipirá,IPTU,SARIMA,2024,683333.4763432806,1482466.8203511555
2914000,Ipirá,IPTU,Theta,2024,1656827.6651949405,1482466.8203511555
2914000,Ipirá,IPTU,Prophet,2024,1877854.0506585832,1482466.8203511555
2914000,Ipirá,IPTU,Ensemble,2024,1224935.9092310015,1482466.8203511555
2914000,Ipirá,IPTU,Naive,2025,1482466.8203511555,1900945.850475462
2914000,Ipirá,IPTU,ETS,2025,1061778.2096615618,1900945.850475462
2914000,Ipirá,IPTU,SARIMA,2025,774746.4786752055,1900945.850475462
2914000,Ipirá,IPTU,Theta,2025,1541915.2861743292,1900945.850475462
2914000,Ipirá,IPTU,Prophet,2025,1798690.1427371695,1900945.850475462
2914000,Ipirá,IPTU,Ensemble,2025,1294282.5293120665,1900945.850475462
2913309,Ichu,IPTU,Naive,2021,22182.908931177964,26597.17555217526
2913309,Ichu,IPTU,ETS,2021,21573.939202661964,26597.17555217526
2913309,Ichu,IPTU,SARIMA,2021,10771.151348755568,26597.17555217526
2913309,Ichu,IPTU,Theta,2021,22050.514485662614,26597.17555217526
2913309,Ichu,IPTU,Prophet,2021,26742.355727708054,26597.17555217526
2913309,Ichu,IPTU,Ensemble,2021,20284.490191197052,26597.17555217526
2913309,Ichu,IPTU,Naive,2022,26597.17555217526,27089.115685989644
2913309,Ichu,IPTU,ETS,2022,31201.980562197128,27089.115685989644
2913309,Ichu,IPTU,SARIMA,2022,12070.101890368374,27089.115685989644
2913309,Ichu,IPTU,Theta,2022,27488.815539711617,27089.115685989644
2913309,Ichu,IPTU,Prophet,2022,27493.204094257235,27089.115685989644
2913309,Ichu,IPTU,Ensemble,2022,24563.525521633583,27089.115685989644
2913309,Ichu,IPTU,Naive,2023,27089.115685989644,29443.038571327175
2913309,Ichu,IPTU,ETS,2023,33735.36717266538,29443.038571327175
2913309,Ichu,IPTU,SARIMA,2023,14343.355316735237,29443.038571327175
2913309,Ichu,IPTU,Theta,2023,62694.960149375125,29443.038571327175
2913309,Ichu,IPTU,Prophet,2023,28025.244017390163,29443.038571327175
2913309,Ichu,IPTU,Ensemble,2023,34699.73166404148,29443.038571327175
2913309,Ichu,IPTU,Naive,2024,29443.038571327175,24180.933823842526
2913309,Ichu,IPTU,ETS,2024,31457.43724352393,24180.933823842526
2913309,Ichu,IPTU,SARIMA,2024,36044.38330592899,24180.933823842526
2913309,Ichu,IPTU,Theta,2024,61284.591485666606,24180.933823842526
2913309,Ichu,IPTU,Prophet,2024,33253.11027937347,24180.933823842526
2913309,Ichu,IPTU,Ensemble,2024,40509.880578623255,24180.933823842526
2913309,Ichu,IPTU,Naive,2025,24180.933823842526,38174.33585818313
2913309,Ichu,IPTU,ETS,2025,30298.51668888948,38174.33585818313
2913309,Ichu,IPTU,SARIMA,2025,15898.837494564008,38174.33585818313
2913309,Ichu,IPTU,Theta,2025,15902.797141929717,38174.33585818313
2913309,Ichu,IPTU,Prophet,2025,32920.85948883976,38174.33585818313
2913309,Ichu,IPTU,Ensemble,2025,23755.252703555736,38174.33585818313
2912806,Ibirapuã,IPTU,Naive,2021,59094.092512848205,65967.56129229296
2912806,Ibirapuã,IPTU,ETS,2021,77388.42517238123,65967.56129229296
2912806,Ibirapuã,IPTU,SARIMA,2021,33351.73142943476,65967.56129229296
2912806,Ibirapuã,IPTU,Theta,2021,67604.84450353785,65967.56129229296
2912806,Ibirapuã,IPTU,Prophet,2021,77135.7142224179,65967.56129229296
2912806,Ibirapuã,IPTU,Ensemble,2021,63870.17883194294,65967.56129229296
2912806,Ibirapuã,IPTU,Naive,2022,65967.56129229296,51666.492887146225
2912806,Ibirapuã,IPTU,ETS,2022,127340.58641104627,51666.492887146225
2912806,Ibirapuã,IPTU,SARIMA,2022,59130.27535854666,51666.492887146225
2912806,Ibirapuã,IPTU,Theta,2022,123956.24889609907,51666.492887146225
2912806,Ibirapuã,IPTU,Prophet,2022,80749.5329862857,51666.492887146225
2912806,Ibirapuã,IPTU,Ensemble,2022,97794.16091299443,51666.492887146225
2912806,Ibirapuã,IPTU,Naive,2023,51666.492887146225,69672.35454773967
2912806,Ibirapuã,IPTU,ETS,2023,77580.30643332632,69672.35454773967
2912806,Ibirapuã,IPTU,SARIMA,2023,47092.130197846695,69672.35454773967
2912806,Ibirapuã,IPTU,Theta,2023,62085.48784412921,69672.35454773967
2912806,Ibirapuã,IPTU,Prophet,2023,77868.25159532446,69672.35454773967
2912806,Ibirapuã,IPTU,Ensemble,2023,66156.54401765666,69672.35454773967
2912806,Ibirapuã,IPTU,Naive,2024,69672.35454773967,87678.2162083331
2912806,Ibirapuã,IPTU,ETS,2024,82720.83763042603,87678.2162083331
2912806,Ibirapuã,IPTU,SARIMA,2024,49765.41241540905,87678.2162083331
2912806,Ibirapuã,IPTU,Theta,2024,106522.48396423733,87678.2162083331
2912806,Ibirapuã,IPTU,Prophet,2024,83455.94990258747,87678.2162083331
2912806,Ibirapuã,IPTU,Ensemble,2024,80616.17097816497,87678.2162083331
2912806,Ibirapuã,IPTU,Naive,2025,87678.2162083331,97997.99966986774
2912806,Ibirapuã,IPTU,ETS,2025,95334.18346101578,97997.99966986774
2912806,Ibirapuã,IPTU,SARIMA,2025,59034.95574554037,97997.99966986774
2912806,Ibirapuã,IPTU,Theta,2025,120257.26697911884,97997.99966986774
2912806,Ibirapuã,IPTU,Prophet,2025,96271.73374326731,97997.99966986774
2912806,Ibirapuã,IPTU,Ensemble,2025,92724.53498223558,97997.99966986774
2913606,Ilhéus,IPTU,Naive,2021,24956959.05441262,32502004.68039275
2913606,Ilhéus,IPTU,ETS,2021,32007176.819321327,32502004.68039275
2913606,Ilhéus,IPTU,SARIMA,2021,21654045.34715332,32502004.68039275
2913606,Ilhéus,IPTU,Theta,2021,32579254.033668987,32502004.68039275
2913606,Ilhéus,IPTU,Prophet,2021,28373962.21475799,32502004.68039275
2913606,Ilhéus,IPTU,Ensemble,2021,28653609.60372541,32502004.68039275
2913606,Ilhéus,IPTU,Naive,2022,32502004.68039275,34102688.10970111
2913606,Ilhéus,IPTU,ETS,2022,29830840.260207,34102688.10970111
2913606,Ilhéus,IPTU,SARIMA,2022,12870844.818826357,34102688.10970111
2913606,Ilhéus,IPTU,Theta,2022,32875698.097694457,34102688.10970111
2913606,Ilhéus,IPTU,Prophet,2022,32525597.427865732,34102688.10970111
2913606,Ilhéus,IPTU,Ensemble,2022,27025745.151148383,34102688.10970111
2913606,Ilhéus,IPTU,Naive,2023,34102688.10970111,33809048.56835647
2913606,Ilhéus,IPTU,ETS,2023,35148683.87125838,33809048.56835647
2913606,Ilhéus,IPTU,SARIMA,2023,20329098.23204859,33809048.56835647
2913606,Ilhéus,IPTU,Theta,2023,36057218.66878279,33809048.56835647
2913606,Ilhéus,IPTU,Prophet,2023,35843560.478503756,33809048.56835647
2913606,Ilhéus,IPTU,Ensemble,2023,31844640.31264838,33809048.56835647
2913606,Ilhéus,IPTU,Naive,2024,33809048.56835647,34857866.270242944
2913606,Ilhéus,IPTU,ETS,2024,35070261.482689366,34857866.270242944
2913606,Ilhéus,IPTU,SARIMA,2024,18464240.58471613,34857866.270242944
2913606,Ilhéus,IPTU,Theta,2024,34030671.46678909,34857866.270242944
2913606,Ilhéus,IPTU,Prophet,2024,38197471.672580145,34857866.270242944
2913606,Ilhéus,IPTU,Ensemble,2024,31440661.30169368,34857866.270242944
2913606,Ilhéus,IPTU,Naive,2025,34857866.270242944,46345535.18780514
2913606,Ilhéus,IPTU,ETS,2025,35395424.69005542,46345535.18780514
2913606,Ilhéus,IPTU,SARIMA,2025,30882469.887588978,46345535.18780514
2913606,Ilhéus,IPTU,Theta,2025,36415691.793315716,46345535.18780514
2913606,Ilhéus,IPTU,Prophet,2025,39156842.37925977,46345535.18780514
2913606,Ilhéus,IPTU,Ensemble,2025,35462607.18755497,46345535.18780514
2913200,Ibotirama,IPTU,Naive,2021,1506809.5186958588,1549566.3960761463
2913200,Ibotirama,IPTU,ETS,2021,1294815.2909917023,1549566.3960761463
2913200,Ibotirama,IPTU,SARIMA,2021,9179313.181322766,1549566.3960761463
2913200,Ibotirama,IPTU,Theta,2021,24052642.543216854,1549566.3960761463
2913200,Ibotirama,IPTU,Prophet,2021,1505289.793302601,1549566.3960761463
2913200,Ibotirama,IPTU,Ensemble,2021,9008015.20220848,1549566.3960761463
2913200,Ibotirama,IPTU,Naive,2022,1549566.3960761463,1438762.263786613
2913200,Ibotirama,IPTU,ETS,2022,1535837.9860838468,1438762.263786613
2913200,Ibotirama,IPTU,SARIMA,2022,821007.1474482518,1438762.263786613
2913200,Ibotirama,IPTU,Theta,2022,2901878.4285063506,1438762.263786613
2913200,Ibotirama,IPTU,Prophet,2022,1407506.968088313,1438762.263786613
2913200,Ibotirama,IPTU,Ensemble,2022,1666557.6325316904,1438762.263786613
2913200,Ibotirama,IPTU,Naive,2023,1438762.263786613,1681729.3594110426
2913200,Ibotirama,IPTU,ETS,2023,1440178.3727277769,1681729.3594110426
2913200,Ibotirama,IPTU,SARIMA,2023,982105.3190126648,1681729.3594110426
2913200,Ibotirama,IPTU,Theta,2023,1819809.0201636031,1681729.3594110426
2913200,Ibotirama,IPTU,Prophet,2023,1359376.3811348884,1681729.3594110426
2913200,Ibotirama,IPTU,Ensemble,2023,1400367.273259733,1681729.3594110426
2913200,Ibotirama,IPTU,Naive,2024,1681729.3594110426,1701912.419671266
2913200,Ibotirama,IPTU,ETS,2024,1578448.3957572775,1701912.419671266
2913200,Ibotirama,IPTU,SARIMA,2024,1039696.5839152025,1701912.419671266
2913200,Ibotirama,IPTU,Theta,2024,1709254.0027084416,1701912.419671266
2913200,Ibotirama,IPTU,Prophet,2024,1622750.0428627734,1701912.419671266
2913200,Ibotirama,IPTU,Ensemble,2024,1487537.2563109237,1701912.419671266
2913200,Ibotirama,IPTU,Naive,2025,1701912.419671266,1387630.524743444
2913200,Ibotirama,IPTU,ETS,2025,1978832.202564726,1387630.524743444
2913200,Ibotirama,IPTU,SARIMA,2025,1156667.5615919833,1387630.524743444
2913200,Ibotirama,IPTU,Theta,2025,1808809.6714155115,1387630.524743444
2913200,Ibotirama,IPTU,Prophet,2025,1714612.7166246846,1387630.524743444
2913200,Ibotirama,IPTU,Ensemble,2025,1664730.5380492262,1387630.524743444
2913457,Igrapiúna,ISSQN,Naive,2021,207701.71443680287,274072.35334075015
2913457,Igrapiúna,ISSQN,ETS,2021,427221.8493818398,274072.35334075015
2913457,Igrapiúna,ISSQN,SARIMA,2021,227607.27900604697,274072.35334075015
2913457,Igrapiúna,ISSQN,Theta,2021,273346.9436795795,274072.35334075015
2913457,Igrapiúna,ISSQN,Prophet,2021,-4822.229599187949,274072.35334075015
2913457,Igrapiúna,ISSQN,Ensemble,2021,230838.46061706956,274072.35334075015
2913457,Igrapiúna,ISSQN,Naive,2022,274072.35334075015,281057.0324236007
2913457,Igrapiúna,ISSQN,ETS,2022,414554.4807206801,281057.0324236007
2913457,Igrapiúna,ISSQN,SARIMA,2022,300274.33191086096,281057.0324236007
2913457,Igrapiúna,ISSQN,Theta,2022,304012.0562514664,281057.0324236007
2913457,Igrapiúna,ISSQN,Prophet,2022,106877.68096813127,281057.0324236007
2913457,Igrapiúna,ISSQN,Ensemble,2022,281429.63746278465,281057.0324236007
2913457,Igrapiúna,ISSQN,Naive,2023,281057.0324236007,488025.72963951307
2913457,Igrapiúna,ISSQN,ETS,2023,403783.7223162039,488025.72963951307
2913457,Igrapiúna,ISSQN,SARIMA,2023,274069.8420997367,488025.72963951307
2913457,Igrapiúna,ISSQN,Theta,2023,321171.46546122845,488025.72963951307
2913457,Igrapiúna,ISSQN,Prophet,2023,107219.11177593208,488025.72963951307
2913457,Igrapiúna,ISSQN,Ensemble,2023,276561.0354132753,488025.72963951307
2913457,Igrapiúna,ISSQN,Naive,2024,488025.72963951307,374982.677098846
2913457,Igrapiúna,ISSQN,ETS,2024,683130.6394117345,374982.677098846
2913457,Igrapiúna,ISSQN,SARIMA,2024,386850.3741280704,374982.677098846
2913457,Igrapiúna,ISSQN,Theta,2024,543043.7589595956,374982.677098846
2913457,Igrapiúna,ISSQN,Prophet,2024,147711.55361625474,374982.677098846
2913457,Igrapiúna,ISSQN,Ensemble,2024,440184.0815289138,374982.677098846
2913457,Igrapiúna,ISSQN,Naive,2025,374982.677098846,535941.294609255
2913457,Igrapiúna,ISSQN,ETS,2025,552103.1241282221,535941.294609255
2913457,Igrapiúna,ISSQN,SARIMA,2025,308625.1705940516,535941.294609255
2913457,Igrapiúna,ISSQN,Theta,2025,434947.9780935852,535941.294609255
2913457,Igrapiúna,ISSQN,Prophet,2025,190021.72490900097,535941.294609255
2913457,Igrapiúna,ISSQN,Ensemble,2025,371424.49943121494,535941.294609255
2913804,Ipecaetá,ISSQN,Naive,2021,336222.1883860125,776028.6249717859
2913804,Ipecaetá,ISSQN,ETS,2021,456260.25153959665,776028.6249717859
2913804,Ipecaetá,ISSQN,SARIMA,2021,275477.33084877476,776028.6249717859
2913804,Ipecaetá,ISSQN,Theta,2021,392388.89286147454,776028.6249717859
2913804,Ipecaetá,ISSQN,Prophet,2021,212585.79635468093,776028.6249717859
2913804,Ipecaetá,ISSQN,Ensemble,2021,334178.06790113164,776028.6249717859
2913804,Ipecaetá,ISSQN,Naive,2022,776028.6249717859,1215835.0615575593
2913804,Ipecaetá,ISSQN,ETS,2022,753819.0612931142,1215835.0615575593
2913804,Ipecaetá,ISSQN,SARIMA,2022,715237.5978450192,1215835.0615575593
2913804,Ipecaetá,ISSQN,Theta,2022,751809.8225807734,1215835.0615575593
2913804,Ipecaetá,ISSQN,Prophet,2022,629601.0413605289,1215835.0615575593
2913804,Ipecaetá,ISSQN,Ensemble,2022,712616.8807698588,1215835.0615575593
2913804,Ipecaetá,ISSQN,Naive,2023,1215835.0615575593,539861.8791705479
2913804,Ipecaetá,ISSQN,ETS,2023,1245895.7581685693,539861.8791705479
2913804,Ipecaetá,ISSQN,SARIMA,2023,951696.3241961207,539861.8791705479
2913804,Ipecaetá,ISSQN,Theta,2023,804567.895701923,539861.8791705479
2913804,Ipecaetá,ISSQN,Prophet,2023,1012949.9513100206,539861.8791705479
2913804,Ipecaetá,ISSQN,Ensemble,2023,1003777.4823441585,539861.8791705479
2913804,Ipecaetá,ISSQN,Naive,2024,539861.8791705479,638366.5699298776
2913804,Ipecaetá,ISSQN,ETS,2024,521566.1091073011,638366.5699298776
2913804,Ipecaetá,ISSQN,SARIMA,2024,409244.3888230171,638366.5699298776
2913804,Ipecaetá,ISSQN,Theta,2024,463900.37092370173,638366.5699298776
2913804,Ipecaetá,ISSQN,Prophet,2024,890804.0904958926,638366.5699298776
2913804,Ipecaetá,ISSQN,Ensemble,2024,571378.7398374781,638366.5699298776
2913804,Ipecaetá,ISSQN,Naive,2025,638366.5699298776,613903.606762208
2913804,Ipecaetá,ISSQN,ETS,2025,653439.9177753566,613903.606762208
2913804,Ipecaetá,ISSQN,SARIMA,2025,954493.2015295904,613903.606762208
2913804,Ipecaetá,ISSQN,Theta,2025,661306.200493172,613903.606762208
2913804,Ipecaetá,ISSQN,Prophet,2025,827468.4684457547,613903.606762208
2913804,Ipecaetá,ISSQN,Ensemble,2025,774176.9470609685,613903.606762208
2914109,Ipupiara,ISSQN,Naive,2021,2280216.2559642764,834524.8130293211
2914109,Ipupiara,ISSQN,ETS,2021,2389552.8154802187,834524.8130293211
2914109,Ipupiara,ISSQN,SARIMA,2021,4181725.965143579,834524.8130293211
2914109,Ipupiara,ISSQN,Theta,2021,2668755.789958885,834524.8130293211
2914109,Ipupiara,ISSQN,Prophet,2021,2851549.8547741035,834524.8130293211
2914109,Ipupiara,ISSQN,Ensemble,2021,3022896.1063391967,834524.8130293211
2914109,Ipupiara,ISSQN,Naive,2022,834524.8130293211,750919.1692601735
2914109,Ipupiara,ISSQN,ETS,2022,1832648.5316754992,750919.1692601735
2914109,Ipupiara,ISSQN,SARIMA,2022,781612.4464264914,750919.1692601735
2914109,Ipupiara,ISSQN,Theta,2022,677279.6546993814,750919.1692601735
2914109,Ipupiara,ISSQN,Prophet,2022,664547.8217103442,750919.1692601735
2914109,Ipupiara,ISSQN,Ensemble,2022,989022.1136279291,750919.1692601735
2914109,Ipupiara,ISSQN,Naive,2023,750919.1692601735,917761.3114579627
2914109,Ipupiara,ISSQN,ETS,2023,723574.2846090473,917761.3114579627
2914109,Ipupiara,ISSQN,SARIMA,2023,785323.2063084904,917761.3114579627
2914109,Ipupiara,ISSQN,Theta,2023,705268.4429539273,917761.3114579627
2914109,Ipupiara,ISSQN,Prophet,2023,146765.2862825449,917761.3114579627
2914109,Ipupiara,ISSQN,Ensemble,2023,590232.8050385023,917761.3114579627
2914109,Ipupiara,ISSQN,Naive,2024,917761.3114579627,868583.9357979181
2914109,Ipupiara,ISSQN,ETS,2024,1503381.4376348536,868583.9357979181
2914109,Ipupiara,ISSQN,SARIMA,2024,848531.6866858376,868583.9357979181
2914109,Ipupiara,ISSQN,Theta,2024,804746.9432329739,868583.9357979181
2914109,Ipupiara,ISSQN,Prophet,2024,209451.16662425332,868583.9357979181
2914109,Ipupiara,ISSQN,Ensemble,2024,841527.8085444795,868583.9357979181
2914109,Ipupiara,ISSQN,Naive,2025,868583.9357979181,1307987.9547729627
2914109,Ipupiara,ISSQN,ETS,2025,1679650.3882932474,1307987.9547729627
2914109,Ipupiara,ISSQN,SARIMA,2025,759134.9590603173,1307987.9547729627
2914109,Ipupiara,ISSQN,Theta,2025,734058.410788419,1307987.9547729627
2914109,Ipupiara,ISSQN,Prophet,2025,224409.32866423915,1307987.9547729627
2914109,Ipupiara,ISSQN,Ensemble,2025,849313.2717015558,1307987.9547729627
2914000,Ipirá,ISSQN,Naive,2021,4268289.032757276,4785914.515753949
2914000,Ipirá,ISSQN,ETS,2021,5640747.367711775,4785914.515753949
2914000,Ipirá,ISSQN,SARIMA,2021,4553060.277428053,4785914.515753949
2914000,Ipirá,ISSQN,Theta,2021,4987284.672381955,4785914.515753949
2914000,Ipirá,ISSQN,Prophet,2021,4245211.978103922,4785914.515753949
2914000,Ipirá,ISSQN,Ensemble,2021,4856576.073906425,4785914.515753949
2914000,Ipirá,ISSQN,Naive,2022,4785914.515753949,5727341.275699195
2914000,Ipirá,ISSQN,ETS,2022,8353456.584306683,5727341.275699195
2914000,Ipirá,ISSQN,SARIMA,2022,4613650.989465473,5727341.275699195
2914000,Ipirá,ISSQN,Theta,2022,6483744.884181585,5727341.275699195
2914000,Ipirá,ISSQN,Prophet,2022,4545436.131016603,5727341.275699195
2914000,Ipirá,ISSQN,Ensemble,2022,5999072.147242586,5727341.275699195
2914000,Ipirá,ISSQN,Naive,2023,5727341.275699195,6370940.621427739
2914000,Ipirá,ISSQN,ETS,2023,6407573.224567294,6370940.621427739
2914000,Ipirá,ISSQN,SARIMA,2023,4727343.283764777,6370940.621427739
2914000,Ipirá,ISSQN,Theta,2023,6173900.814641419,6370940.621427739
2914000,Ipirá,ISSQN,Prophet,2023,5089006.197473578,6370940.621427739
2914000,Ipirá,ISSQN,Ensemble,2023,5599455.880111767,6370940.621427739
2914000,Ipirá,ISSQN,Naive,2024,6370940.621427739,6555172.512081491
2914000,Ipirá,ISSQN,ETS,2024,7637467.428048413,6555172.512081491
2914000,Ipirá,ISSQN,SARIMA,2024,7077063.069524699,6555172.512081491
2914000,Ipirá,ISSQN,Theta,2024,6998702.946685539,6555172.512081491
2914000,Ipirá,ISSQN,Prophet,2024,5801391.85795809,6555172.512081491
2914000,Ipirá,ISSQN,Ensemble,2024,6878656.325554186,6555172.512081491
2914000,Ipirá,ISSQN,Naive,2025,6555172.512081491,6563407.758203274
2914000,Ipirá,ISSQN,ETS,2025,6791053.694833253,6563407.758203274
2914000,Ipirá,ISSQN,SARIMA,2025,6002725.804462109,6563407.758203274
2914000,Ipirá,ISSQN,Theta,2025,6876593.67075479,6563407.758203274
2914000,Ipirá,ISSQN,Prophet,2025,6237692.611112751,6563407.758203274
2914000,Ipirá,ISSQN,Ensemble,2025,6477016.445290727,6563407.758203274
2914307,Iramaia,ISSQN,Naive,2022,491586.38104485825,1356166.8206313043
2914307,Iramaia,ISSQN,ETS,2022,489339.05496229546,1356166.8206313043
2914307,Iramaia,ISSQN,SARIMA,2022,527736.8894253947,1356166.8206313043
2914307,Iramaia,ISSQN,Theta,2022,525716.1634339693,1356166.8206313043
2914307,Iramaia,ISSQN,Prophet,2022,461499.8012655072,1356166.8206313043
2914307,Iramaia,ISSQN,Ensemble,2022,501072.9772717917,1356166.8206313043
2914307,Iramaia,ISSQN,Naive,2023,1356166.8206313043,2220747.2602177504
2914307,Iramaia,ISSQN,ETS,2023,1681936.9175439926,2220747.2602177504
2914307,Iramaia,ISSQN,SARIMA,2023,1377409.3384315164,2220747.2602177504
2914307,Iramaia,ISSQN,Theta,2023,1418252.8724923139,2220747.2602177504
2914307,Iramaia,ISSQN,Prophet,2023,925524.8386447616,2220747.2602177504
2914307,Iramaia,ISSQN,Ensemble,2023,1350780.9917781462,2220747.2602177504
2914307,Iramaia,ISSQN,Naive,2024,2220747.2602177504,1961272.9082425274
2914307,Iramaia,ISSQN,ETS,2024,2644103.9081369145,1961272.9082425274
2914307,Iramaia,ISSQN,SARIMA,2024,2187817.7159337993,1961272.9082425274
2914307,Iramaia,ISSQN,Theta,2024,2323268.6368771796,1961272.9082425274
2914307,Iramaia,ISSQN,Prophet,2024,2027590.5413918998,1961272.9082425274
2914307,Iramaia,ISSQN,Ensemble,2024,2295695.2005849485,1961272.9082425274
2914307,Iramaia,ISSQN,Naive,2025,1961272.9082425274,2891104.498981968
2914307,Iramaia,ISSQN,ETS,2025,2813776.575473934,2891104.498981968
2914307,Iramaia,ISSQN,SARIMA,2025,2284807.504889366,2891104.498981968
2914307,Iramaia,ISSQN,Theta,2025,2447242.7968321517,2891104.498981968
2914307,Iramaia,ISSQN,Prophet,2025,2010277.4204992743,2891104.498981968
2914307,Iramaia,ISSQN,Ensemble,2025,2389026.074423682,2891104.498981968
2913606,Ilhéus,ISSQN,Naive,2021,41197796.04624565,40595406.23383322
2913606,Ilhéus,ISSQN,ETS,2021,39426645.96603415,40595406.23383322
2913606,Ilhéus,ISSQN,SARIMA,2021,37962453.681533076,40595406.23383322
2913606,Ilhéus,ISSQN,Theta,2021,37624706.62853955,40595406.23383322
2913606,Ilhéus,ISSQN,Prophet,2021,34596934.169536,40595406.23383322
2913606,Ilhéus,ISSQN,Ensemble,2021,37402685.11141069,40595406.23383322
2913606,Ilhéus,ISSQN,Naive,2022,40595406.23383322,52323873.03134268
2913606,Ilhéus,ISSQN,ETS,2022,40744264.915652305,52323873.03134268
2913606,Ilhéus,ISSQN,SARIMA,2022,38931675.36362423,52323873.03134268
2913606,Ilhéus,ISSQN,Theta,2022,37936995.993884936,52323873.03134268
2913606,Ilhéus,ISSQN,Prophet,2022,36697396.13188164,52323873.03134268
2913606,Ilhéus,ISSQN,Ensemble,2022,38577583.10126078,52323873.03134268
2913606,Ilhéus,ISSQN,Naive,2023,52323873.03134268,62485774.4414209
2913606,Ilhéus,ISSQN,ETS,2023,47848322.98225127,62485774.4414209
2913606,Ilhéus,ISSQN,SARIMA,2023,43393433.42646338,62485774.4414209
2913606,Ilhéus,ISSQN,Theta,2023,48739313.63844625,62485774.4414209
2913606,Ilhéus,ISSQN,Prophet,2023,43725541.77993665,62485774.4414209
2913606,Ilhéus,ISSQN,Ensemble,2023,45926652.956774384,62485774.4414209
2913606,Ilhéus,ISSQN,Naive,2024,62485774.4414209,60118355.21505459
2913606,Ilhéus,ISSQN,ETS,2024,57051066.42632891,60118355.21505459
2913606,Ilhéus,ISSQN,SARIMA,2024,60022114.045194894,60118355.21505459
2913606,Ilhéus,ISSQN,Theta,2024,58769978.80490984,60118355.21505459
2913606,Ilhéus,ISSQN,Prophet,2024,55406957.33546021,60118355.21505459
2913606,Ilhéus,ISSQN,Ensemble,2024,57812529.152973466,60118355.21505459
2913606,Ilhéus,ISSQN,Naive,2025,60118355.21505459,78689504.77995464
2913606,Ilhéus,ISSQN,ETS,2025,54218269.945026204,78689504.77995464
2913606,Ilhéus,ISSQN,SARIMA,2025,57903528.66076993,78689504.77995464
2913606,Ilhéus,ISSQN,Theta,2025,54267935.955980614,78689504.77995464
2913606,Ilhéus,ISSQN,Prophet,2025,59785749.04991865,78689504.77995464
2913606,Ilhéus,ISSQN,Ensemble,2025,56543870.90292385,78689504.77995464
2914406,Iraquara,ISSQN,Naive,2021,1738198.7689847788,1766525.1247280948
2914406,Iraquara,ISSQN,ETS,2021,3606560.821744727,1766525.1247280948
2914406,Iraquara,ISSQN,SARIMA,2021,2198476.4975035726,1766525.1247280948
2914406,Iraquara,ISSQN,Theta,2021,2139832.82976418,1766525.1247280948
2914406,Iraquara,ISSQN,Prophet,2021,1643169.236359715,1766525.1247280948
2914406,Iraquara,ISSQN,Ensemble,2021,2397009.846343049,1766525.1247280948
2914406,Iraquara,ISSQN,Naive,2022,1766525.1247280948,3567759.5780076296
2914406,Iraquara,ISSQN,ETS,2022,1808199.9773436757,3567759.5780076296
2914406,Iraquara,ISSQN,SARIMA,2022,1737841.1075462373,3567759.5780076296
2914406,Iraquara,ISSQN,Theta,2022,1938297.0655122986,3567759.5780076296
2914406,Iraquara,ISSQN,Prophet,2022,1804219.938144327,3567759.5780076296
2914406,Iraquara,ISSQN,Ensemble,2022,1822139.5221366344,3567759.5780076296
2914406,Iraquara,ISSQN,Naive,2023,3567759.5780076296,3206307.811433438
2914406,Iraquara,ISSQN,ETS,2023,4296322.003410952,3206307.811433438
2914406,Iraquara,ISSQN,SARIMA,2023,4202036.552755353,3206307.811433438
2914406,Iraquara,ISSQN,Theta,2023,4473009.736111814,3206307.811433438
2914406,Iraquara,ISSQN,Prophet,2023,2979014.1015354632,3206307.811433438
2914406,Iraquara,ISSQN,Ensemble,2023,3987595.5984533955,3206307.811433438
2914406,Iraquara,ISSQN,Naive,2024,3206307.811433438,2269001.984319631
2914406,Iraquara,ISSQN,ETS,2024,2972164.4646767136,2269001.984319631
2914406,Iraquara,ISSQN,SARIMA,2024,2984800.6312004062,2269001.984319631
2914406,Iraquara,ISSQN,Theta,2024,3256275.193867725,2269001.984319631
2914406,Iraquara,ISSQN,Prophet,2024,3434769.1411051946,2269001.984319631
2914406,Iraquara,ISSQN,Ensemble,2024,3162002.3577125096,2269001.984319631
2914406,Iraquara,ISSQN,Naive,2025,2269001.984319631,3747471.4847700438
2914406,Iraquara,ISSQN,ETS,2025,1864937.2256908633,3747471.4847700438
2914406,Iraquara,ISSQN,SARIMA,2025,1807500.095472428,3747471.4847700438
2914406,Iraquara,ISSQN,Theta,2025,2293722.2640449554,3747471.4847700438
2914406,Iraquara,ISSQN,Prophet,2025,3170725.57612652,3747471.4847700438
2914406,Iraquara,ISSQN,Ensemble,2025,2284221.2903336915,3747471.4847700438
2914604,Irecê,ISSQN,Naive,2021,15218136.13738979,16082265.994679192
2914604,Irecê,ISSQN,ETS,2021,14984138.982147167,16082265.994679192
2914604,Irecê,ISSQN,SARIMA,2021,14725400.010355024,16082265.994679192
2914604,Irecê,ISSQN,Theta,2021,16288804.035644554,16082265.994679192
2914604,Irecê,ISSQN,Prophet,2021,15736703.650211435,16082265.994679192
2914604,Irecê,ISSQN,Ensemble,2021,15433761.669589544,16082265.994679192
2914604,Irecê,ISSQN,Naive,2022,16082265.994679192,20429771.385340415
2914604,Irecê,ISSQN,ETS,2022,16541363.070889656,20429771.385340415
2914604,Irecê,ISSQN,SARIMA,2022,15150120.45731992,20429771.385340415
2914604,Irecê,ISSQN,Theta,2022,17158610.519811586,20429771.385340415
2914604,Irecê,ISSQN,Prophet,2022,16209513.002700586,20429771.385340415
2914604,Irecê,ISSQN,Ensemble,2022,16264901.762680437,20429771.385340415
2914604,Irecê,ISSQN,Naive,2023,20429771.385340415,25809780.485169936
2914604,Irecê,ISSQN,ETS,2023,23302548.136852648,25809780.485169936
2914604,Irecê,ISSQN,SARIMA,2023,20752544.372642986,25809780.485169936
2914604,Irecê,ISSQN,Theta,2023,23522548.28965113,25809780.485169936
2914604,Irecê,ISSQN,Prophet,2023,18904876.071090195,25809780.485169936
2914604,Irecê,ISSQN,Ensemble,2023,21620629.217559237,25809780.485169936
2914604,Irecê,ISSQN,Naive,2024,25809780.485169936,34421621.17783434
2914604,Irecê,ISSQN,ETS,2024,30732211.38218281,34421621.17783434
2914604,Irecê,ISSQN,SARIMA,2024,29353341.119812943,34421621.17783434
2914604,Irecê,ISSQN,Theta,2024,31136502.227863964,34421621.17783434
2914604,Irecê,ISSQN,Prophet,2024,27797818.91060013,34421621.17783434
2914604,Irecê,ISSQN,Ensemble,2024,29754968.410114963,34421621.17783434
2914604,Irecê,ISSQN,Naive,2025,34421621.17783434,36018938.282203674
2914604,Irecê,ISSQN,ETS,2025,36538442.303614154,36018938.282203674
2914604,Irecê,ISSQN,SARIMA,2025,38276063.62708761,36018938.282203674
2914604,Irecê,ISSQN,Theta,2025,35214486.675656974,36018938.282203674
2914604,Irecê,ISSQN,Prophet,2025,38241146.840962686,36018938.282203674
2914604,Irecê,ISSQN,Ensemble,2025,37067534.861830354,36018938.282203674
2914505,Irará,IPTU,Naive,2021,628355.1324933799,976470.4934716811
2914505,Irará,IPTU,ETS,2021,654415.9838519773,976470.4934716811
2914505,Irará,IPTU,SARIMA,2021,869431.5612581007,976470.4934716811
2914505,Irará,IPTU,Theta,2021,1049781.4313604038,976470.4934716811
2914505,Irará,IPTU,Prophet,2021,545121.1226289814,976470.4934716811
2914505,Irará,IPTU,Ensemble,2021,779687.5247748657,976470.4934716811
2914505,Irará,IPTU,Naive,2022,976470.4934716811,1018836.5520119458
2914505,Irará,IPTU,ETS,2022,1030335.7147115859,1018836.5520119458
2914505,Irará,IPTU,SARIMA,2022,1099432.949336109,1018836.5520119458
2914505,Irará,IPTU,Theta,2022,1782244.9669442486,1018836.5520119458
2914505,Irará,IPTU,Prophet,2022,659577.3615271748,1018836.5520119458
2914505,Irará,IPTU,Ensemble,2022,1142897.7481297797,1018836.5520119458
2914505,Irará,IPTU,Naive,2023,1018836.5520119458,1007446.9694154419
2914505,Irará,IPTU,ETS,2023,2382488.7893409124,1007446.9694154419
2914505,Irará,IPTU,SARIMA,2023,1239769.1264594675,1007446.9694154419
2914505,Irará,IPTU,Theta,2023,1482012.4904113004,1007446.9694154419
2914505,Irará,IPTU,Prophet,2023,847716.7945419999,1007446.9694154419
2914505,Irará,IPTU,Ensemble,2023,1487996.80018842,1007446.9694154419
2914505,Irará,IPTU,Naive,2024,1007446.9694154419,1139165.4183853548
2914505,Irará,IPTU,ETS,2024,1480620.0751903642,1139165.4183853548
2914505,Irará,IPTU,SARIMA,2024,1292158.6492822743,1139165.4183853548
2914505,Irará,IPTU,Theta,2024,1287520.268764638,1139165.4183853548
2914505,Irará,IPTU,Prophet,2024,1002456.3081691568,1139165.4183853548
2914505,Irará,IPTU,Ensemble,2024,1265688.8253516087,1139165.4183853548
2914505,Irará,IPTU,Naive,2025,1139165.4183853548,1828838.961736057
2914505,Irará,IPTU,ETS,2025,1495973.723382229,1828838.961736057
2914505,Irará,IPTU,SARIMA,2025,1459818.6886143885,1828838.961736057
2914505,Irará,IPTU,Theta,2025,1332592.5226897076,1828838.961736057
2914505,Irará,IPTU,Prophet,2025,1061955.2348771507,1828838.961736057
2914505,Irará,IPTU,Ensemble,2025,1337585.042390869,1828838.961736057
2914604,Irecê,IPTU,Naive,2021,2660211.2371690054,4505530.806217272
2914604,Irecê,IPTU,ETS,2021,3932609.9741105125,4505530.806217272
2914604,Irecê,IPTU,SARIMA,2021,3239104.2859964888,4505530.806217272
2914604,Irecê,IPTU,Theta,2021,4895765.569774672,4505530.806217272
2914604,Irecê,IPTU,Prophet,2021,3855356.595421896,4505530.806217272
2914604,Irecê,IPTU,Ensemble,2021,3980709.1063258923,4505530.806217272
2914604,Irecê,IPTU,Naive,2022,4505530.806217272,5402572.300587206
2914604,Irecê,IPTU,ETS,2022,6051558.597071395,5402572.300587206
2914604,Irecê,IPTU,SARIMA,2022,5690713.080302765,5402572.300587206
2914604,Irecê,IPTU,Theta,2022,4955145.437961268,5402572.300587206
2914604,Irecê,IPTU,Prophet,2022,4625330.443731844,5402572.300587206
2914604,Irecê,IPTU,Ensemble,2022,5330686.889766819,5402572.300587206
2914604,Irecê,IPTU,Naive,2023,5402572.300587206,6282596.041361311
2914604,Irecê,IPTU,ETS,2023,6879642.556417974,6282596.041361311
2914604,Irecê,IPTU,SARIMA,2023,5657449.091535182,6282596.041361311
2914604,Irecê,IPTU,Theta,2023,3150521.894743285,6282596.041361311
2914604,Irecê,IPTU,Prophet,2023,5638700.465627108,6282596.041361311
2914604,Irecê,IPTU,Ensemble,2023,5331578.502080888,6282596.041361311
2914604,Irecê,IPTU,Naive,2024,6282596.041361311,6880186.966811274
2914604,Irecê,IPTU,ETS,2024,8469562.836625116,6880186.966811274
2914604,Irecê,IPTU,SARIMA,2024,6825472.412368752,6880186.966811274
2914604,Irecê,IPTU,Theta,2024,3700559.469410943,6880186.966811274
2914604,Irecê,IPTU,Prophet,2024,6531007.675294312,6880186.966811274
2914604,Irecê,IPTU,Ensemble,2024,6381650.598424781,6880186.966811274
2914604,Irecê,IPTU,Naive,2025,6880186.966811274,7161493.197503231
2914604,Irecê,IPTU,ETS,2025,9644506.469783891,7161493.197503231
2914604,Irecê,IPTU,SARIMA,2025,7075277.015635012,7161493.197503231
2914604,Irecê,IPTU,Theta,2025,3691726.2642308157,7161493.197503231
2914604,Irecê,IPTU,Prophet,2025,7535849.080653807,7161493.197503231
2914604,Irecê,IPTU,Ensemble,2025,6986839.707575882,7161493.197503231
2914703,Itaberaba,IPTU,Naive,2021,1964273.2658575852,2447598.287056096
2914703,Itaberaba,IPTU,ETS,2021,2685390.4093427947,2447598.287056096
2914703,Itaberaba,IPTU,SARIMA,2021,2530094.4598178044,2447598.287056096
2914703,Itaberaba,IPTU,Theta,2021,2219190.267562606,2447598.287056096
2914703,Itaberaba,IPTU,Prophet,2021,2459861.46245146,2447598.287056096
2914703,Itaberaba,IPTU,Ensemble,2021,2473634.1497936663,2447598.287056096
2914703,Itaberaba,IPTU,Naive,2022,2447598.287056096,3593392.296858184
2914703,Itaberaba,IPTU,ETS,2022,2871938.735901671,3593392.296858184
2914703,Itaberaba,IPTU,SARIMA,2022,3122033.377262266,3593392.296858184
2914703,Itaberaba,IPTU,Theta,2022,3122227.6360683283,3593392.296858184
2914703,Itaberaba,IPTU,Prophet,2022,2397506.462326726,3593392.296858184
2914703,Itaberaba,IPTU,Ensemble,2022,2878426.5528897475,3593392.296858184
2914703,Itaberaba,IPTU,Naive,2023,3593392.296858184,2400814.8410804193
2914703,Itaberaba,IPTU,ETS,2023,5984544.404221939,2400814.8410804193
2914703,Itaberaba,IPTU,SARIMA,2023,3599315.2707247185,2400814.8410804193
2914703,Itaberaba,IPTU,Theta,2023,4269145.987697694,2400814.8410804193
2914703,Itaberaba,IPTU,Prophet,2023,2985143.583254501,2400814.8410804193
2914703,Itaberaba,IPTU,Ensemble,2023,4209537.3114747135,2400814.8410804193
2914703,Itaberaba,IPTU,Naive,2024,2400814.8410804193,2268333.2447894816
2914703,Itaberaba,IPTU,ETS,2024,4032443.3789419755,2268333.2447894816
2914703,Itaberaba,IPTU,SARIMA,2024,3335262.1228101477,2268333.2447894816
2914703,Itaberaba,IPTU,Theta,2024,3229853.929581326,2268333.2447894816
2914703,Itaberaba,IPTU,Prophet,2024,3020149.4187444868,2268333.2447894816
2914703,Itaberaba,IPTU,Ensemble,2024,3404427.2125194836,2268333.2447894816
2914703,Itaberaba,IPTU,Naive,2025,2268333.2447894816,2714107.6921235365
2914703,Itaberaba,IPTU,ETS,2025,3035245.6597136594,2714107.6921235365
2914703,Itaberaba,IPTU,SARIMA,2025,3083136.186955659,2714107.6921235365
2914703,Itaberaba,IPTU,Theta,2025,2497176.2088111555,2714107.6921235365
2914703,Itaberaba,IPTU,Prophet,2025,2773835.3531596838,2714107.6921235365
2914703,Itaberaba,IPTU,Ensemble,2025,2847348.3521600394,2714107.6921235365
2914703,Itaberaba,ISSQN,Naive,2021,7734988.291678368,8569789.86853635
2914703,Itaberaba,ISSQN,ETS,2021,8044211.06581878,8569789.86853635
2914703,Itaberaba,ISSQN,SARIMA,2021,7287018.614147334,8569789.86853635
2914703,Itaberaba,ISSQN,Theta,2021,8429945.953579742,8569789.86853635
2914703,Itaberaba,ISSQN,Prophet,2021,7990723.196768106,8569789.86853635
2914703,Itaberaba,ISSQN,Ensemble,2021,7937974.707578491,8569789.86853635
2914703,Itaberaba,ISSQN,Naive,2022,8569789.86853635,10781681.676161267
2914703,Itaberaba,ISSQN,ETS,2022,8118909.1797021115,10781681.676161267
2914703,Itaberaba,ISSQN,SARIMA,2022,7700683.650721414,10781681.676161267
2914703,Itaberaba,ISSQN,Theta,2022,9406081.906025914,10781681.676161267
2914703,Itaberaba,ISSQN,Prophet,2022,8432707.759491876,10781681.676161267
2914703,Itaberaba,ISSQN,Ensemble,2022,8414595.623985328,10781681.676161267
2914703,Itaberaba,ISSQN,Naive,2023,10781681.676161267,14503229.267827176
2914703,Itaberaba,ISSQN,ETS,2023,10728932.856246725,14503229.267827176
2914703,Itaberaba,ISSQN,SARIMA,2023,11083668.155190464,14503229.267827176
2914703,Itaberaba,ISSQN,Theta,2023,10825700.237103363,14503229.267827176
2914703,Itaberaba,ISSQN,Prophet,2023,9842055.50921845,14503229.267827176
2914703,Itaberaba,ISSQN,Ensemble,2023,10620089.189439753,14503229.267827176
2914703,Itaberaba,ISSQN,Naive,2024,14503229.267827176,15347878.538780766
2914703,Itaberaba,ISSQN,ETS,2024,14056166.975089747,15347878.538780766
2914703,Itaberaba,ISSQN,SARIMA,2024,15669166.533194674,15347878.538780766
2914703,Itaberaba,ISSQN,Theta,2024,14431954.011178987,15347878.538780766
2914703,Itaberaba,ISSQN,Prophet,2024,12883668.12892701,15347878.538780766
2914703,Itaberaba,ISSQN,Ensemble,2024,14260238.912097605,15347878.538780766
2914703,Itaberaba,ISSQN,Naive,2025,15347878.538780766,17245310.340676304
2914703,Itaberaba,ISSQN,ETS,2025,16752824.95346161,17245310.340676304
2914703,Itaberaba,ISSQN,SARIMA,2025,16367448.746417481,17245310.340676304
2914703,Itaberaba,ISSQN,Theta,2025,16307444.332919212,17245310.340676304
2914703,Itaberaba,ISSQN,Prophet,2025,15766400.568675768,17245310.340676304
2914703,Itaberaba,ISSQN,Ensemble,2025,16298529.65036852,17245310.340676304
2915106,Itagi,ISSQN,Naive,2021,997520.8199720156,796014.3342860744
2915106,Itagi,ISSQN,ETS,2021,1061935.921682742,796014.3342860744
2915106,Itagi,ISSQN,SARIMA,2021,608892.9595268539,796014.3342860744
2915106,Itagi,ISSQN,Theta,2021,977716.1306688755,796014.3342860744
2915106,Itagi,ISSQN,Prophet,2021,715380.938218947,796014.3342860744
2915106,Itagi,ISSQN,Ensemble,2021,840981.4875243546,796014.3342860744
2915106,Itagi,ISSQN,Naive,2022,796014.3342860744,744477.8639940346
2915106,Itagi,ISSQN,ETS,2022,1006517.5063745151,744477.8639940346
2915106,Itagi,ISSQN,SARIMA,2022,616004.7630528382,744477.8639940346
2915106,Itagi,ISSQN,Theta,2022,885148.2217073931,744477.8639940346
2915106,Itagi,ISSQN,Prophet,2022,799295.4753547889,744477.8639940346
2915106,Itagi,ISSQN,Ensemble,2022,826741.4916223838,744477.8639940346
2915106,Itagi,ISSQN,Naive,2023,744477.8639940346,867929.7491979589
2915106,Itagi,ISSQN,ETS,2023,749016.9665596485,867929.7491979589
2915106,Itagi,ISSQN,SARIMA,2023,623347.1758228559,867929.7491979589
2915106,Itagi,ISSQN,Theta,2023,780924.641594433,867929.7491979589
2915106,Itagi,ISSQN,Prophet,2023,792180.5299346128,867929.7491979589
2915106,Itagi,ISSQN,Ensemble,2023,736367.3284778877,867929.7491979589
2915106,Itagi,ISSQN,Naive,2024,867929.7491979589,1338480.1038250322
2915106,Itagi,ISSQN,ETS,2024,854278.9553539557,1338480.1038250322
2915106,Itagi,ISSQN,SARIMA,2024,814642.0674679283,1338480.1038250322
2915106,Itagi,ISSQN,Theta,2024,916314.6064798405,1338480.1038250322
2915106,Itagi,ISSQN,Prophet,2024,853309.6140105436,1338480.1038250322
2915106,Itagi,ISSQN,Ensemble,2024,859636.3108280669,1338480.1038250322
2915106,Itagi,ISSQN,Naive,2025,1338480.1038250322,1411879.5794013906
2915106,Itagi,ISSQN,ETS,2025,1437604.7307018165,1411879.5794013906
2915106,Itagi,ISSQN,SARIMA,2025,1347625.8013573466,1411879.5794013906
2915106,Itagi,ISSQN,Theta,2025,1434983.4948018407,1411879.5794013906
2915106,Itagi,ISSQN,Prophet,2025,1071657.3805097574,1411879.5794013906
2915106,Itagi,ISSQN,Ensemble,2025,1322967.8518426903,1411879.5794013906
2915601,Itamaraju,ISSQN,Naive,2022,4281937.0962969335,6216610.935053237
2915601,Itamaraju,ISSQN,ETS,2022,4569351.799799129,6216610.935053237
2915601,Itamaraju,ISSQN,SARIMA,2022,4386241.574512521,6216610.935053237
2915601,Itamaraju,ISSQN,Theta,2022,4579356.343894919,6216610.935053237
2915601,Itamaraju,ISSQN,Prophet,2022,4517052.865490581,6216610.935053237
2915601,Itamaraju,ISSQN,Ensemble,2022,4513000.645924287,6216610.935053237
2915601,Itamaraju,ISSQN,Naive,2023,6216610.935053237,7575800.710019086
2915601,Itamaraju,ISSQN,ETS,2023,6804816.556464996,7575800.710019086
2915601,Itamaraju,ISSQN,SARIMA,2023,6504313.4653628385,7575800.710019086
2915601,Itamaraju,ISSQN,Theta,2023,7024237.813012881,7575800.710019086
2915601,Itamaraju,ISSQN,Prophet,2023,5484732.114622134,7575800.710019086
2915601,Itamaraju,ISSQN,Ensemble,2023,6454524.987365713,7575800.710019086
2915601,Itamaraju,ISSQN,Naive,2024,7575800.710019086,8019409.661348375
2915601,Itamaraju,ISSQN,ETS,2024,5851871.137321852,8019409.661348375
2915601,Itamaraju,ISSQN,SARIMA,2024,5990791.859248786,8019409.661348375
2915601,Itamaraju,ISSQN,Theta,2024,6774677.03503072,8019409.661348375
2915601,Itamaraju,ISSQN,Prophet,2024,7099410.663854911,8019409.661348375
2915601,Itamaraju,ISSQN,Ensemble,2024,6429187.6738640675,8019409.661348375
2915601,Itamaraju,ISSQN,Naive,2025,8019409.661348375,7539600.827528745
2915601,Itamaraju,ISSQN,ETS,2025,8246087.089222563,7539600.827528745
2915601,Itamaraju,ISSQN,SARIMA,2025,8195576.614843993,7539600.827528745
2915601,Itamaraju,ISSQN,Theta,2025,8966878.270575175,7539600.827528745
2915601,Itamaraju,ISSQN,Prophet,2025,8009745.18817352,7539600.827528745
2915601,Itamaraju,ISSQN,Ensemble,2025,8354571.790703814,7539600.827528745
2914802,Itabuna,ISSQN,Naive,2021,46269435.92936419,48445062.89491479
2914802,Itabuna,ISSQN,ETS,2021,52156861.32738562,48445062.89491479
2914802,Itabuna,ISSQN,SARIMA,2021,49334881.94563488,48445062.89491479
2914802,Itabuna,ISSQN,Theta,2021,53830659.90528421,48445062.89491479
2914802,Itabuna,ISSQN,Prophet,2021,49634373.877675615,48445062.89491479
2914802,Itabuna,ISSQN,Ensemble,2021,51239194.26399507,48445062.89491479
2914802,Itabuna,ISSQN,Naive,2022,48445062.89491479,69365249.71979816
2914802,Itabuna,ISSQN,ETS,2022,51300130.937823795,69365249.71979816
2914802,Itabuna,ISSQN,SARIMA,2022,50296154.27532363,69365249.71979816
2914802,Itabuna,ISSQN,Theta,2022,53037445.53133385,69365249.71979816
2914802,Itabuna,ISSQN,Prophet,2022,48593974.87993756,69365249.71979816
2914802,Itabuna,ISSQN,Ensemble,2022,50806926.406104706,69365249.71979816
2914802,Itabuna,ISSQN,Naive,2023,69365249.71979816,70998615.7893845
2914802,Itabuna,ISSQN,ETS,2023,74120568.3304462,70998615.7893845
2914802,Itabuna,ISSQN,SARIMA,2023,80037277.39194119,70998615.7893845
2914802,Itabuna,ISSQN,Theta,2023,76142240.81900772,70998615.7893845
2914802,Itabuna,ISSQN,Prophet,2023,68947485.05964027,70998615.7893845
2914802,Itabuna,ISSQN,Ensemble,2023,74811892.90025885,70998615.7893845
2914802,Itabuna,ISSQN,Naive,2024,70998615.7893845,82119156.43149184
2914802,Itabuna,ISSQN,ETS,2024,81268144.28612083,82119156.43149184
2914802,Itabuna,ISSQN,SARIMA,2024,79507780.66758095,82119156.43149184
2914802,Itabuna,ISSQN,Theta,2024,83727390.94030283,82119156.43149184
2914802,Itabuna,ISSQN,Prophet,2024,78186579.83606438,82119156.43149184
2914802,Itabuna,ISSQN,Ensemble,2024,80672473.93251726,82119156.43149184
2914802,Itabuna,ISSQN,Naive,2025,82119156.43149184,75853752.06926526
2914802,Itabuna,ISSQN,ETS,2025,91427241.76395272,75853752.06926526
2914802,Itabuna,ISSQN,SARIMA,2025,92530928.72936435,75853752.06926526
2914802,Itabuna,ISSQN,Theta,2025,89670384.46809117,75853752.06926526
2914802,Itabuna,ISSQN,Prophet,2025,89268886.95492743,75853752.06926526
2914802,Itabuna,ISSQN,Ensemble,2025,90724360.47908393,75853752.06926526
2916005,Itanhém,ISSQN,Naive,2021,1485777.5318675188,1950041.7006081971
2916005,Itanhém,ISSQN,ETS,2021,1039107.8694867006,1950041.7006081971
2916005,Itanhém,ISSQN,SARIMA,2021,817841.3371243696,1950041.7006081971
2916005,Itanhém,ISSQN,Theta,2021,1441544.580278248,1950041.7006081971
2916005,Itanhém,ISSQN,Prophet,2021,1221360.2658896141,1950041.7006081971
2916005,Itanhém,ISSQN,Ensemble,2021,1129963.513194733,1950041.7006081971
2916005,Itanhém,ISSQN,Naive,2022,1950041.7006081971,2414305.8693488752
2916005,Itanhém,ISSQN,ETS,2022,1667527.2111930335,2414305.8693488752
2916005,Itanhém,ISSQN,SARIMA,2022,1932436.824136715,2414305.8693488752
2916005,Itanhém,ISSQN,Theta,2022,2016774.3857942387,2414305.8693488752
2916005,Itanhém,ISSQN,Prophet,2022,1700000.541284947,2414305.8693488752
2916005,Itanhém,ISSQN,Ensemble,2022,1829184.7406022337,2414305.8693488752
2916005,Itanhém,ISSQN,Naive,2023,2414305.8693488752,1295371.0852366686
2916005,Itanhém,ISSQN,ETS,2023,2230199.865069052,1295371.0852366686
2916005,Itanhém,ISSQN,SARIMA,2023,2044545.4837241035,1295371.0852366686
2916005,Itanhém,ISSQN,Theta,2023,2552420.1522186724,1295371.0852366686
2916005,Itanhém,ISSQN,Prophet,2023,2583792.1884089448,1295371.0852366686
2916005,Itanhém,ISSQN,Ensemble,2023,2352739.422355193,1295371.0852366686
2916005,Itanhém,ISSQN,Naive,2024,1295371.0852366686,2256290.3151514707
2916005,Itanhém,ISSQN,ETS,2024,1759219.8539292286,2256290.3151514707
2916005,Itanhém,ISSQN,SARIMA,2024,1255374.7716567437,2256290.3151514707
2916005,Itanhém,ISSQN,Theta,2024,1850581.3189913074,2256290.3151514707
2916005,Itanhém,ISSQN,Prophet,2024,2001047.070221555,2256290.3151514707
2916005,Itanhém,ISSQN,Ensemble,2024,1716555.7536997087,2256290.3151514707
2916005,Itanhém,ISSQN,Naive,2025,2256290.3151514707,1575040.5182643111
2916005,Itanhém,ISSQN,ETS,2025,1998033.8721189366,1575040.5182643111
2916005,Itanhém,ISSQN,SARIMA,2025,2210527.3046486084,1575040.5182643111
2916005,Itanhém,ISSQN,Theta,2025,2577930.290636556,1575040.5182643111
2916005,Itanhém,ISSQN,Prophet,2025,2216721.8865834493,1575040.5182643111
2916005,Itanhém,ISSQN,Ensemble,2025,2250803.3384968876,1575040.5182643111
2915106,Itagi,IPTU,Naive,2021,187949.14644533827,183937.06913681552
2915106,Itagi,IPTU,ETS,2021,188134.24014307608,183937.06913681552
2915106,Itagi,IPTU,SARIMA,2021,153974.20094763747,183937.06913681552
2915106,Itagi,IPTU,Theta,2021,143034.45597032428,183937.06913681552
2915106,Itagi,IPTU,Prophet,2021,226443.1821963215,183937.06913681552
2915106,Itagi,IPTU,Ensemble,2021,177896.51981433987,183937.06913681552
2915106,Itagi,IPTU,Naive,2022,183937.06913681552,453968.15638660913
2915106,Itagi,IPTU,ETS,2022,218763.26477410033,453968.15638660913
2915106,Itagi,IPTU,SARIMA,2022,164712.6442873873,453968.15638660913
2915106,Itagi,IPTU,Theta,2022,253141.18833663306,453968.15638660913
2915106,Itagi,IPTU,Prophet,2022,238340.00534424296,453968.15638660913
2915106,Itagi,IPTU,Ensemble,2022,218739.2756855909,453968.15638660913
2915106,Itagi,IPTU,Naive,2023,453968.15638660913,307382.3463617478
2915106,Itagi,IPTU,ETS,2023,334744.5798506348,307382.3463617478
2915106,Itagi,IPTU,SARIMA,2023,268515.61890065105,307382.3463617478
2915106,Itagi,IPTU,Theta,2023,389340.81711291004,307382.3463617478
2915106,Itagi,IPTU,Prophet,2023,744834.009978265,307382.3463617478
2915106,Itagi,IPTU,Ensemble,2023,434358.7564606153,307382.3463617478
2915106,Itagi,IPTU,Naive,2024,307382.3463617478,186377.1601027102
2915106,Itagi,IPTU,ETS,2024,336796.69781258644,186377.1601027102
2915106,Itagi,IPTU,SARIMA,2024,189335.9963555177,186377.1601027102
2915106,Itagi,IPTU,Theta,2024,338787.4764126296,186377.1601027102
2915106,Itagi,IPTU,Prophet,2024,418126.5018411419,186377.1601027102
2915106,Itagi,IPTU,Ensemble,2024,320761.6681054689,186377.1601027102
2915106,Itagi,IPTU,Naive,2025,186377.1601027102,270693.1613781265
2915106,Itagi,IPTU,ETS,2025,337012.4431683024,270693.1613781265
2915106,Itagi,IPTU,SARIMA,2025,102962.41253020342,270693.1613781265
2915106,Itagi,IPTU,Theta,2025,168063.62529585074,270693.1613781265
2915106,Itagi,IPTU,Prophet,2025,253843.14176983578,270693.1613781265
2915106,Itagi,IPTU,Ensemble,2025,215470.4056910481,270693.1613781265
2914802,Itabuna,IPTU,Naive,2021,20447282.748854887,23913260.449816722
2914802,Itabuna,IPTU,ETS,2021,19557198.490054578,23913260.449816722
2914802,Itabuna,IPTU,SARIMA,2021,20279037.3569836,23913260.449816722
2914802,Itabuna,IPTU,Theta,2021,22824973.00337367,23913260.449816722
2914802,Itabuna,IPTU,Prophet,2021,20684085.383272115,23913260.449816722
2914802,Itabuna,IPTU,Ensemble,2021,20836323.55842099,23913260.449816722
2914802,Itabuna,IPTU,Naive,2022,23913260.449816722,23190844.639760587
2914802,Itabuna,IPTU,ETS,2022,24563538.334203076,23190844.639760587
2914802,Itabuna,IPTU,SARIMA,2022,27092598.956697993,23190844.639760587
2914802,Itabuna,IPTU,Theta,2022,30156941.96726565,23190844.639760587
2914802,Itabuna,IPTU,Prophet,2022,24341273.40999587,23190844.639760587
2914802,Itabuna,IPTU,Ensemble,2022,26538588.167040646,23190844.639760587
2914802,Itabuna,IPTU,Naive,2023,23190844.639760587,26425283.44679374
2914802,Itabuna,IPTU,ETS,2023,33793097.59980381,26425283.44679374
2914802,Itabuna,IPTU,SARIMA,2023,17873897.501469396,26425283.44679374
2914802,Itabuna,IPTU,Theta,2023,28817264.301617492,26425283.44679374
2914802,Itabuna,IPTU,Prophet,2023,24314894.369321473,26425283.44679374
2914802,Itabuna,IPTU,Ensemble,2023,26199788.443053048,26425283.44679374
2914802,Itabuna,IPTU,Naive,2024,26425283.44679374,33660946.220666215
2914802,Itabuna,IPTU,ETS,2024,33121301.443288114,33660946.220666215
2914802,Itabuna,IPTU,SARIMA,2024,22168275.22242769,33660946.220666215
2914802,Itabuna,IPTU,Theta,2024,28120813.28229057,33660946.220666215
2914802,Itabuna,IPTU,Prophet,2024,24287780.293962058,33660946.220666215
2914802,Itabuna,IPTU,Ensemble,2024,26924542.560492106,33660946.220666215
2914802,Itabuna,IPTU,Naive,2025,33660946.220666215,30587537.161999445
2914802,Itabuna,IPTU,ETS,2025,39504399.377896406,30587537.161999445
2914802,Itabuna,IPTU,SARIMA,2025,29049468.33490683,30587537.161999445
2914802,Itabuna,IPTU,Theta,2025,33880884.95819918,30587537.161999445
2914802,Itabuna,IPTU,Prophet,2025,30272701.325492457,30587537.161999445
2914802,Itabuna,IPTU,Ensemble,2025,33176863.499123722,30587537.161999445
2915205,Itagibá,IPTU,Naive,2021,491475.55720594584,688254.499657782
2915205,Itagibá,IPTU,ETS,2021,723548.5021387625,688254.499657782
2915205,Itagibá,IPTU,SARIMA,2021,445972.6616563493,688254.499657782
2915205,Itagibá,IPTU,Theta,2021,612342.8579484414,688254.499657782
2915205,Itagibá,IPTU,Prophet,2021,581311.0622349326,688254.499657782
2915205,Itagibá,IPTU,Ensemble,2021,590793.7709946214,688254.499657782
2915205,Itagibá,IPTU,Naive,2022,688254.499657782,320767.25964199717
2915205,Itagibá,IPTU,ETS,2022,941867.3754755361,320767.25964199717
2915205,Itagibá,IPTU,SARIMA,2022,463372.8601458792,320767.25964199717
2915205,Itagibá,IPTU,Theta,2022,851252.9604509452,320767.25964199717
2915205,Itagibá,IPTU,Prophet,2022,1022986.5815644342,320767.25964199717
2915205,Itagibá,IPTU,Ensemble,2022,819869.9444091987,320767.25964199717
2915205,Itagibá,IPTU,Naive,2023,320767.25964199717,291584.7202557996
2915205,Itagibá,IPTU,ETS,2023,530778.50487644,291584.7202557996
2915205,Itagibá,IPTU,SARIMA,2023,308505.73897818744,291584.7202557996
2915205,Itagibá,IPTU,Theta,2023,543686.1248737811,291584.7202557996
2915205,Itagibá,IPTU,Prophet,2023,630891.3615254633,291584.7202557996
2915205,Itagibá,IPTU,Ensemble,2023,503465.432563468,291584.7202557996
2915205,Itagibá,IPTU,Naive,2024,291584.7202557996,283622.3750793535
2915205,Itagibá,IPTU,ETS,2024,506841.1411504645,283622.3750793535
2915205,Itagibá,IPTU,SARIMA,2024,246120.9037909385,283622.3750793535
2915205,Itagibá,IPTU,Theta,2024,403296.9015031873,283622.3750793535
2915205,Itagibá,IPTU,Prophet,2024,47531.82913263714,283622.3750793535
2915205,Itagibá,IPTU,Ensemble,2024,300947.6938943069,283622.3750793535
2915205,Itagibá,IPTU,Naive,2025,283622.3750793535,311200.6676877829
2915205,Itagibá,IPTU,ETS,2025,472223.4803191564,311200.6676877829
2915205,Itagibá,IPTU,SARIMA,2025,249026.06111243175,311200.6676877829
2915205,Itagibá,IPTU,Theta,2025,344527.65311090613,311200.6676877829
2915205,Itagibá,IPTU,Prophet,2025,24844.63446818829,311200.6676877829
2915205,Itagibá,IPTU,Ensemble,2025,272655.45725267066,311200.6676877829
2916500,Itapicuru,ISSQN,Naive,2021,998986.2480722768,847208.149993435
2916500,Itapicuru,ISSQN,ETS,2021,1306795.0336579485,847208.149993435
2916500,Itapicuru,ISSQN,SARIMA,2021,812773.2887131223,847208.149993435
2916500,Itapicuru,ISSQN,Theta,2021,1092611.2262473833,847208.149993435
2916500,Itapicuru,ISSQN,Prophet,2021,953632.0817883334,847208.149993435
2916500,Itapicuru,ISSQN,Ensemble,2021,1041452.9076016968,847208.149993435
2916500,Itapicuru,ISSQN,Naive,2022,847208.149993435,1775319.9255580867
2916500,Itapicuru,ISSQN,ETS,2022,884224.6250708952,1775319.9255580867
2916500,Itapicuru,ISSQN,SARIMA,2022,800870.4045282104,1775319.9255580867
2916500,Itapicuru,ISSQN,Theta,2022,861263.2304453198,1775319.9255580867
2916500,Itapicuru,ISSQN,Prophet,2022,906457.1152987235,1775319.9255580867
2916500,Itapicuru,ISSQN,Ensemble,2022,863203.8438357874,1775319.9255580867
2916500,Itapicuru,ISSQN,Naive,2023,1775319.9255580867,3274521.666282186
2916500,Itapicuru,ISSQN,ETS,2023,1637565.0201138388,3274521.666282186
2916500,Itapicuru,ISSQN,SARIMA,2023,2150530.7275005123,3274521.666282186
2916500,Itapicuru,ISSQN,Theta,2023,2796576.3655874087,3274521.666282186
2916500,Itapicuru,ISSQN,Prophet,2023,1896476.0424302863,3274521.666282186
2916500,Itapicuru,ISSQN,Ensemble,2023,2120287.0389080113,3274521.666282186
2916500,Itapicuru,ISSQN,Naive,2024,3274521.666282186,3266557.160789635
2916500,Itapicuru,ISSQN,ETS,2024,3214370.835455548,3266557.160789635
2916500,Itapicuru,ISSQN,SARIMA,2024,3492874.6668266654,3266557.160789635
2916500,Itapicuru,ISSQN,Theta,2024,3680196.295671268,3266557.160789635
2916500,Itapicuru,ISSQN,Prophet,2024,3882082.309665681,3266557.160789635
2916500,Itapicuru,ISSQN,Ensemble,2024,3567381.02690479,3266557.160789635
2916500,Itapicuru,ISSQN,Naive,2025,3266557.160789635,4939934.604167937
2916500,Itapicuru,ISSQN,ETS,2025,3056102.9430068303,4939934.604167937
2916500,Itapicuru,ISSQN,SARIMA,2025,3066627.7512674537,4939934.604167937
2916500,Itapicuru,ISSQN,Theta,2025,3203299.4166920716,4939934.604167937
2916500,Itapicuru,ISSQN,Prophet,2025,3892927.797655161,4939934.604167937
2916500,Itapicuru,ISSQN,Ensemble,2025,3304739.4771553786,4939934.604167937
2916906,Itiruçu,ISSQN,Naive,2021,730786.2810782051,773506.1392146691
2916906,Itiruçu,ISSQN,ETS,2021,807247.7946700971,773506.1392146691
2916906,Itiruçu,ISSQN,SARIMA,2021,781728.3455485157,773506.1392146691
2916906,Itiruçu,ISSQN,Theta,2021,840550.3904250695,773506.1392146691
2916906,Itiruçu,ISSQN,Prophet,2021,675437.5403995395,773506.1392146691
2916906,Itiruçu,ISSQN,Ensemble,2021,776241.0177608054,773506.1392146691
2916906,Itiruçu,ISSQN,Naive,2022,773506.1392146691,999916.0726372127
2916906,Itiruçu,ISSQN,ETS,2022,897870.7572114961,999916.0726372127
2916906,Itiruçu,ISSQN,SARIMA,2022,840248.3036038016,999916.0726372127
2916906,Itiruçu,ISSQN,Theta,2022,933902.1421131328,999916.0726372127
2916906,Itiruçu,ISSQN,Prophet,2022,820927.5806106649,999916.0726372127
2916906,Itiruçu,ISSQN,Ensemble,2022,873237.1958847739,999916.0726372127
2916906,Itiruçu,ISSQN,Naive,2023,999916.0726372127,958176.6888912345
2916906,Itiruçu,ISSQN,ETS,2023,1022535.3555408624,958176.6888912345
2916906,Itiruçu,ISSQN,SARIMA,2023,977946.6171280346,958176.6888912345
2916906,Itiruçu,ISSQN,Theta,2023,1071434.313605873,958176.6888912345
2916906,Itiruçu,ISSQN,Prophet,2023,1053974.1855191272,958176.6888912345
2916906,Itiruçu,ISSQN,Ensemble,2023,1031472.6179484742,958176.6888912345
2916906,Itiruçu,ISSQN,Naive,2024,958176.6888912345,1319120.53008122
2916906,Itiruçu,ISSQN,ETS,2024,946904.9128322988,1319120.53008122
2916906,Itiruçu,ISSQN,SARIMA,2024,920567.0588006651,1319120.53008122
2916906,Itiruçu,ISSQN,Theta,2024,1021528.3520837333,1319120.53008122
2916906,Itiruçu,ISSQN,Prophet,2024,1065589.9498065813,1319120.53008122
2916906,Itiruçu,ISSQN,Ensemble,2024,988647.5683808198,1319120.53008122
2916906,Itiruçu,ISSQN,Naive,2025,1319120.53008122,1278141.0797682211
2916906,Itiruçu,ISSQN,ETS,2025,1402722.1331059071,1278141.0797682211
2916906,Itiruçu,ISSQN,SARIMA,2025,1411668.282099677,1278141.0797682211
2916906,Itiruçu,ISSQN,Theta,2025,1677527.9457737373,1278141.0797682211
2916906,Itiruçu,ISSQN,Prophet,2025,1361701.0623819202,1278141.0797682211
2916906,Itiruçu,ISSQN,Ensemble,2025,1463404.8558403105,1278141.0797682211
2916856,Itatim,ISSQN,Naive,2021,2003151.9197103577,2155647.05907733
2916856,Itatim,ISSQN,ETS,2021,2126912.429433196,2155647.05907733
2916856,Itatim,ISSQN,SARIMA,2021,2153502.165647419,2155647.05907733
2916856,Itatim,ISSQN,Theta,2021,2099727.5564466906,2155647.05907733
2916856,Itatim,ISSQN,Prophet,2021,2081959.9641149372,2155647.05907733
2916856,Itatim,ISSQN,Ensemble,2021,2115525.5289105605,2155647.05907733
2916856,Itatim,ISSQN,Naive,2022,2155647.05907733,2584919.8594267243
2916856,Itatim,ISSQN,ETS,2022,2077136.4038352699,2584919.8594267243
2916856,Itatim,ISSQN,SARIMA,2022,1987660.2019766865,2584919.8594267243
2916856,Itatim,ISSQN,Theta,2022,2101811.1581267607,2584919.8594267243
2916856,Itatim,ISSQN,Prophet,2022,2038802.9355111201,2584919.8594267243
2916856,Itatim,ISSQN,Ensemble,2022,2051352.674862459,2584919.8594267243
2916856,Itatim,ISSQN,Naive,2023,2584919.8594267243,3436921.6898124292
2916856,Itatim,ISSQN,ETS,2023,2576682.648512984,3436921.6898124292
2916856,Itatim,ISSQN,SARIMA,2023,2394606.8471445697,3436921.6898124292
2916856,Itatim,ISSQN,Theta,2023,2595349.276167802,3436921.6898124292
2916856,Itatim,ISSQN,Prophet,2023,2239285.6067515546,3436921.6898124292
2916856,Itatim,ISSQN,Ensemble,2023,2451481.0946442275,3436921.6898124292
2916856,Itatim,ISSQN,Naive,2024,3436921.6898124292,3432056.6017292594
2916856,Itatim,ISSQN,ETS,2024,3817219.853331617,3432056.6017292594
2916856,Itatim,ISSQN,SARIMA,2024,4179409.537134698,3432056.6017292594
2916856,Itatim,ISSQN,Theta,2024,3980505.1717271977,3432056.6017292594
2916856,Itatim,ISSQN,Prophet,2024,3567731.1191209424,3432056.6017292594
2916856,Itatim,ISSQN,Ensemble,2024,3886216.4203286143,3432056.6017292594
2916856,Itatim,ISSQN,Naive,2025,3432056.6017292594,2944296.3173358445
2916856,Itatim,ISSQN,ETS,2025,3408570.231122249,2944296.3173358445
2916856,Itatim,ISSQN,SARIMA,2025,3628285.4603373073,2944296.3173358445
2916856,Itatim,ISSQN,Theta,2025,3404889.8997949944,2944296.3173358445
2916856,Itatim,ISSQN,Prophet,2025,3770827.5127370995,2944296.3173358445
2916856,Itatim,ISSQN,Ensemble,2025,3553143.2759979125,2944296.3173358445
2916500,Itapicuru,IPTU,Naive,2021,108971.25416595214,99475.50452475292
2916500,Itapicuru,IPTU,ETS,2021,304062.56665584183,99475.50452475292
2916500,Itapicuru,IPTU,SARIMA,2021,122108.84913798151,99475.50452475292
2916500,Itapicuru,IPTU,Theta,2021,261348.49094253645,99475.50452475292
2916500,Itapicuru,IPTU,Prophet,2021,111165.75947350632,99475.50452475292
2916500,Itapicuru,IPTU,Ensemble,2021,199671.41655246654,99475.50452475292
2916500,Itapicuru,IPTU,Naive,2022,99475.50452475292,154233.59867583605
2916500,Itapicuru,IPTU,ETS,2022,115048.90856461294,154233.59867583605
2916500,Itapicuru,IPTU,SARIMA,2022,97506.7228942506,154233.59867583605
2916500,Itapicuru,IPTU,Theta,2022,289056.2143938369,154233.59867583605
2916500,Itapicuru,IPTU,Prophet,2022,81899.4425336548,154233.59867583605
2916500,Itapicuru,IPTU,Ensemble,2022,145877.82209658882,154233.59867583605
2916500,Itapicuru,IPTU,Naive,2023,154233.59867583605,179380.16592835696
2916500,Itapicuru,IPTU,ETS,2023,119405.19525087504,179380.16592835696
2916500,Itapicuru,IPTU,SARIMA,2023,80260.38748729957,179380.16592835696
2916500,Itapicuru,IPTU,Theta,2023,84508.86044975779,179380.16592835696
2916500,Itapicuru,IPTU,Prophet,2023,162884.2882356746,179380.16592835696
2916500,Itapicuru,IPTU,Ensemble,2023,111764.68285590174,179380.16592835696
2916500,Itapicuru,IPTU,Naive,2024,179380.16592835696,215644.6533632695
2916500,Itapicuru,IPTU,ETS,2024,135581.24714140026,215644.6533632695
2916500,Itapicuru,IPTU,SARIMA,2024,154721.16504450998,215644.6533632695
2916500,Itapicuru,IPTU,Theta,2024,472857.85540736356,215644.6533632695
2916500,Itapicuru,IPTU,Prophet,2024,188187.13271741796,215644.6533632695
2916500,Itapicuru,IPTU,Ensemble,2024,237836.85007767298,215644.6533632695
2916500,Itapicuru,IPTU,Naive,2025,215644.6533632695,147182.64180811212
2916500,Itapicuru,IPTU,ETS,2025,186774.04662867528,147182.64180811212
2916500,Itapicuru,IPTU,SARIMA,2025,138548.82029174693,147182.64180811212
2916500,Itapicuru,IPTU,Theta,2025,232936.0244643988,147182.64180811212
2916500,Itapicuru,IPTU,Prophet,2025,198272.59722447937,147182.64180811212
2916500,Itapicuru,IPTU,Ensemble,2025,189132.8721523251,147182.64180811212
2917359,Jaborandi,ISSQN,Naive,2021,1991269.0802213552,3599354.758053658
2917359,Jaborandi,ISSQN,ETS,2021,2234002.175710202,3599354.758053658
2917359,Jaborandi,ISSQN,SARIMA,2021,1866637.2623930809,3599354.758053658
2917359,Jaborandi,ISSQN,Theta,2021,2215563.7456863327,3599354.758053658
2917359,Jaborandi,ISSQN,Prophet,2021,2188415.707195962,3599354.758053658
2917359,Jaborandi,ISSQN,Ensemble,2021,2126154.7227463946,3599354.758053658
2917359,Jaborandi,ISSQN,Naive,2022,3599354.758053658,6553906.317954059
2917359,Jaborandi,ISSQN,ETS,2022,4122945.537499906,6553906.317954059
2917359,Jaborandi,ISSQN,SARIMA,2022,4450676.99288329,6553906.317954059
2917359,Jaborandi,ISSQN,Theta,2022,4523622.634815688,6553906.317954059
2917359,Jaborandi,ISSQN,Prophet,2022,3031464.954925007,6553906.317954059
2917359,Jaborandi,ISSQN,Ensemble,2022,4032177.5300309733,6553906.317954059
2917359,Jaborandi,ISSQN,Naive,2023,6553906.317954059,6295667.017106488
2917359,Jaborandi,ISSQN,ETS,2023,6714418.9044834105,6295667.017106488
2917359,Jaborandi,ISSQN,SARIMA,2023,6821192.776700068,6295667.017106488
2917359,Jaborandi,ISSQN,Theta,2023,7417359.68803266,6295667.017106488
2917359,Jaborandi,ISSQN,Prophet,2023,5840321.65598076,6295667.017106488
2917359,Jaborandi,ISSQN,Ensemble,2023,6698323.256299227,6295667.017106488
2917359,Jaborandi,ISSQN,Naive,2024,6295667.017106488,8895729.969499778
2917359,Jaborandi,ISSQN,ETS,2024,6303146.618807112,8895729.969499778
2917359,Jaborandi,ISSQN,SARIMA,2024,6159324.856007347,8895729.969499778
2917359,Jaborandi,ISSQN,Theta,2024,6956490.9880740065,8895729.969499778
2917359,Jaborandi,ISSQN,Prophet,2024,6792495.7640029155,8895729.969499778
2917359,Jaborandi,ISSQN,Ensemble,2024,6552864.556722846,8895729.969499778
2917359,Jaborandi,ISSQN,Naive,2025,8895729.969499778,11580250.426487628
2917359,Jaborandi,ISSQN,ETS,2025,9756974.592745608,11580250.426487628
2917359,Jaborandi,ISSQN,SARIMA,2025,10365961.883002238,11580250.426487628
2917359,Jaborandi,ISSQN,Theta,2025,10139571.124898057,11580250.426487628
2917359,Jaborandi,ISSQN,Prophet,2025,9290936.474690132,11580250.426487628
2917359,Jaborandi,ISSQN,Ensemble,2025,9888361.01883401,11580250.426487628
2917334,Iuiú,ISSQN,Naive,2021,527713.8784207443,1057441.7108296126
2917334,Iuiú,ISSQN,ETS,2021,517735.2545366934,1057441.7108296126
2917334,Iuiú,ISSQN,SARIMA,2021,649266.3578937616,1057441.7108296126
2917334,Iuiú,ISSQN,Theta,2021,623196.7459488058,1057441.7108296126
2917334,Iuiú,ISSQN,Prophet,2021,629799.790760941,1057441.7108296126
2917334,Iuiú,ISSQN,Ensemble,2021,604999.5372850504,1057441.7108296126
2917334,Iuiú,ISSQN,Naive,2022,1057441.7108296126,1302563.3522629319
2917334,Iuiú,ISSQN,ETS,2022,844100.2268084884,1302563.3522629319
2917334,Iuiú,ISSQN,SARIMA,2022,861622.781428785,1302563.3522629319
2917334,Iuiú,ISSQN,Theta,2022,1229990.1963314363,1302563.3522629319
2917334,Iuiú,ISSQN,Prophet,2022,1774149.9960166197,1302563.3522629319
2917334,Iuiú,ISSQN,Ensemble,2022,1177465.8001463322,1302563.3522629319
2917334,Iuiú,ISSQN,Naive,2023,1302563.3522629319,912457.8478322629
2917334,Iuiú,ISSQN,ETS,2023,1203060.7173709138,912457.8478322629
2917334,Iuiú,ISSQN,SARIMA,2023,1333883.050002443,912457.8478322629
2917334,Iuiú,ISSQN,Theta,2023,1507680.8233753804,912457.8478322629
2917334,Iuiú,ISSQN,Prophet,2023,1366331.2155354505,912457.8478322629
2917334,Iuiú,ISSQN,Ensemble,2023,1352738.9515710468,912457.8478322629
2917334,Iuiú,ISSQN,Naive,2024,912457.8478322629,1155328.4785107402
2917334,Iuiú,ISSQN,ETS,2024,1247940.361454735,1155328.4785107402
2917334,Iuiú,ISSQN,SARIMA,2024,1132909.8723361734,1155328.4785107402
2917334,Iuiú,ISSQN,Theta,2024,1203090.3409900877,1155328.4785107402
2917334,Iuiú,ISSQN,Prophet,2024,1225086.102055195,1155328.4785107402
2917334,Iuiú,ISSQN,Ensemble,2024,1202256.6692090477,1155328.4785107402
2917334,Iuiú,ISSQN,Naive,2025,1155328.4785107402,918558.8696285192
2917334,Iuiú,ISSQN,ETS,2025,1346970.1566203316,918558.8696285192
2917334,Iuiú,ISSQN,SARIMA,2025,1282587.5166107428,918558.8696285192
2917334,Iuiú,ISSQN,Theta,2025,1331459.133017936,918558.8696285192
2917334,Iuiú,ISSQN,Prophet,2025,1308777.0453555223,918558.8696285192
2917334,Iuiú,ISSQN,Ensemble,2025,1317448.462901133,918558.8696285192
2917003,Itiúba,ISSQN,Naive,2021,1227255.1695051098,1135114.329655178
2917003,Itiúba,ISSQN,ETS,2021,1218874.3083332265,1135114.329655178
2917003,Itiúba,ISSQN,SARIMA,2021,1225970.5614620228,1135114.329655178
2917003,Itiúba,ISSQN,Theta,2021,1232365.0318602438,1135114.329655178
2917003,Itiúba,ISSQN,Prophet,2021,1349903.7092940197,1135114.329655178
2917003,Itiúba,ISSQN,Ensemble,2021,1256778.4027373781,1135114.329655178
2917003,Itiúba,ISSQN,Naive,2022,1135114.329655178,2380548.3210389866
2917003,Itiúba,ISSQN,ETS,2022,1730569.649042845,2380548.3210389866
2917003,Itiúba,ISSQN,SARIMA,2022,1377888.3376923588,2380548.3210389866
2917003,Itiúba,ISSQN,Theta,2022,1716573.3248212181,2380548.3210389866
2917003,Itiúba,ISSQN,Prophet,2022,1209066.4926031346,2380548.3210389866
2917003,Itiúba,ISSQN,Ensemble,2022,1508524.4510398891,2380548.3210389866
2917003,Itiúba,ISSQN,Naive,2023,2380548.3210389866,1758575.8793852506
2917003,Itiúba,ISSQN,ETS,2023,2725694.1296970868,1758575.8793852506
2917003,Itiúba,ISSQN,SARIMA,2023,3011578.491041919,1758575.8793852506
2917003,Itiúba,ISSQN,Theta,2023,2692524.5041216784,1758575.8793852506
2917003,Itiúba,ISSQN,Prophet,2023,1914362.8854974029,1758575.8793852506
2917003,Itiúba,ISSQN,Ensemble,2023,2586040.002589522,1758575.8793852506
2917003,Itiúba,ISSQN,Naive,2024,1758575.8793852506,1766344.264729338
2917003,Itiúba,ISSQN,ETS,2024,1814656.1401530164,1766344.264729338
2917003,Itiúba,ISSQN,SARIMA,2024,1457648.313093272,1766344.264729338
2917003,Itiúba,ISSQN,Theta,2024,1841568.569306795,1766344.264729338
2917003,Itiúba,ISSQN,Prophet,2024,1952251.0408607102,1766344.264729338
2917003,Itiúba,ISSQN,Ensemble,2024,1766531.0158534483,1766344.264729338
2917003,Itiúba,ISSQN,Naive,2025,1766344.264729338,1548421.3115432018
2917003,Itiúba,ISSQN,ETS,2025,1639975.2585205892,1548421.3115432018
2917003,Itiúba,ISSQN,SARIMA,2025,1628626.6930653949,1548421.3115432018
2917003,Itiúba,ISSQN,Theta,2025,1709619.0362258214,1548421.3115432018
2917003,Itiúba,ISSQN,Prophet,2025,1967751.5759347312,1548421.3115432018
2917003,Itiúba,ISSQN,Ensemble,2025,1736493.140936634,1548421.3115432018
2917409,Jacaraci,ISSQN,Naive,2021,1186952.8464337992,716416.1596850078
2917409,Jacaraci,ISSQN,ETS,2021,1254809.1833493498,716416.1596850078
2917409,Jacaraci,ISSQN,SARIMA,2021,1230908.5283445143,716416.1596850078
2917409,Jacaraci,ISSQN,Theta,2021,1492877.5715766742,716416.1596850078
2917409,Jacaraci,ISSQN,Prophet,2021,1427536.0951975402,716416.1596850078
2917409,Jacaraci,ISSQN,Ensemble,2021,1351532.8446170196,716416.1596850078
2917409,Jacaraci,ISSQN,Naive,2022,716416.1596850078,1245198.2068463534
2917409,Jacaraci,ISSQN,ETS,2022,905176.4889928242,1245198.2068463534
2917409,Jacaraci,ISSQN,SARIMA,2022,811644.2373729137,1245198.2068463534
2917409,Jacaraci,ISSQN,Theta,2022,1009534.8416316691,1245198.2068463534
2917409,Jacaraci,ISSQN,Prophet,2022,1159752.768028735,1245198.2068463534
2917409,Jacaraci,ISSQN,Ensemble,2022,971527.0840065356,1245198.2068463534
2917409,Jacaraci,ISSQN,Naive,2023,1245198.2068463534,1880212.1100885125
2917409,Jacaraci,ISSQN,ETS,2023,1211058.6697449002,1880212.1100885125
2917409,Jacaraci,ISSQN,SARIMA,2023,1243476.7211371018,1880212.1100885125
2917409,Jacaraci,ISSQN,Theta,2023,1431191.7741688595,1880212.1100885125
2917409,Jacaraci,ISSQN,Prophet,2023,1316525.27752379,1880212.1100885125
2917409,Jacaraci,ISSQN,Ensemble,2023,1300563.1106436627,1880212.1100885125
2917409,Jacaraci,ISSQN,Naive,2024,1880212.1100885125,2515226.0133306724
2917409,Jacaraci,ISSQN,ETS,2024,1832827.4428498498,2515226.0133306724
2917409,Jacaraci,ISSQN,SARIMA,2024,2115623.234128793,2515226.0133306724
2917409,Jacaraci,ISSQN,Theta,2024,1927925.5768902404,2515226.0133306724
2917409,Jacaraci,ISSQN,Prophet,2024,1650968.8504434072,2515226.0133306724
2917409,Jacaraci,ISSQN,Ensemble,2024,1881836.2760780726,2515226.0133306724
2917409,Jacaraci,ISSQN,Naive,2025,2515226.0133306724,2515226.0133306724
2917409,Jacaraci,ISSQN,ETS,2025,2367211.0859623477,2515226.0133306724
2917409,Jacaraci,ISSQN,SARIMA,2025,2131772.1260283487,2515226.0133306724
2917409,Jacaraci,ISSQN,Theta,2025,2350332.312627116,2515226.0133306724
2917409,Jacaraci,ISSQN,Prophet,2025,2250510.1327157435,2515226.0133306724
2917409,Jacaraci,ISSQN,Ensemble,2025,2274956.414333389,2515226.0133306724
2917607,Jaguaquara,IPTU,Naive,2021,322975.42274830956,316251.9569094194
2917607,Jaguaquara,IPTU,ETS,2021,507756.3294825903,316251.9569094194
2917607,Jaguaquara,IPTU,SARIMA,2021,467701.2017589288,316251.9569094194
2917607,Jaguaquara,IPTU,Theta,2021,1000453.0768120444,316251.9569094194
2917607,Jaguaquara,IPTU,Prophet,2021,389725.4378853656,316251.9569094194
2917607,Jaguaquara,IPTU,Ensemble,2021,591409.0114847322,316251.9569094194
2917607,Jaguaquara,IPTU,Naive,2022,316251.9569094194,547958.2656545483
2917607,Jaguaquara,IPTU,ETS,2022,318070.6508704746,547958.2656545483
2917607,Jaguaquara,IPTU,SARIMA,2022,872144.9691437349,547958.2656545483
2917607,Jaguaquara,IPTU,Theta,2022,1342753.9475297462,547958.2656545483
2917607,Jaguaquara,IPTU,Prophet,2022,394842.0754629814,547958.2656545483
2917607,Jaguaquara,IPTU,Ensemble,2022,731952.9107517343,547958.2656545483
2917607,Jaguaquara,IPTU,Naive,2023,547958.2656545483,1144331.014905692
2917607,Jaguaquara,IPTU,ETS,2023,461584.624185029,1144331.014905692
2917607,Jaguaquara,IPTU,SARIMA,2023,1367392.5593897125,1144331.014905692
2917607,Jaguaquara,IPTU,Theta,2023,1647206.7709258772,1144331.014905692
2917607,Jaguaquara,IPTU,Prophet,2023,536290.0191199166,1144331.014905692
2917607,Jaguaquara,IPTU,Ensemble,2023,1003118.4934051338,1144331.014905692
2917607,Jaguaquara,IPTU,Naive,2024,1144331.014905692,967375.3667145146
2917607,Jaguaquara,IPTU,ETS,2024,1070309.9690885567,967375.3667145146
2917607,Jaguaquara,IPTU,SARIMA,2024,1132261.9892889962,967375.3667145146
2917607,Jaguaquara,IPTU,Theta,2024,1289181.791225686,967375.3667145146
2917607,Jaguaquara,IPTU,Prophet,2024,1156945.3182501171,967375.3667145146
2917607,Jaguaquara,IPTU,Ensemble,2024,1162174.7669633392,967375.3667145146
2917607,Jaguaquara,IPTU,Naive,2025,967375.3667145146,1041593.392738827
2917607,Jaguaquara,IPTU,ETS,2025,1045424.1390447245,1041593.392738827
2917607,Jaguaquara,IPTU,SARIMA,2025,734796.5529132041,1041593.392738827
2917607,Jaguaquara,IPTU,Theta,2025,1910594.6415355909,1041593.392738827
2917607,Jaguaquara,IPTU,Prophet,2025,1091018.2917482497,1041593.392738827
2917607,Jaguaquara,IPTU,Ensemble,2025,1195458.4063104421,1041593.392738827
2917508,Jacobina,ISSQN,Naive,2021,22107174.82762157,23407287.109244253
2917508,Jacobina,ISSQN,ETS,2021,23236414.49854953,23407287.109244253
2917508,Jacobina,ISSQN,SARIMA,2021,24270417.151208244,23407287.109244253
2917508,Jacobina,ISSQN,Theta,2021,22877203.821922574,23407287.109244253
2917508,Jacobina,ISSQN,Prophet,2021,23609770.81488257,23407287.109244253
2917508,Jacobina,ISSQN,Ensemble,2021,23498451.571640726,23407287.109244253
2917508,Jacobina,ISSQN,Naive,2022,23407287.109244253,28497715.51357899
2917508,Jacobina,ISSQN,ETS,2022,24554153.668739647,28497715.51357899
2917508,Jacobina,ISSQN,SARIMA,2022,25069388.07371578,28497715.51357899
2917508,Jacobina,ISSQN,Theta,2022,24577463.94141954,28497715.51357899
2917508,Jacobina,ISSQN,Prophet,2022,24747464.897280112,28497715.51357899
2917508,Jacobina,ISSQN,Ensemble,2022,24737117.645288765,28497715.51357899
2917508,Jacobina,ISSQN,Naive,2023,28497715.51357899,32023943.59883062
2917508,Jacobina,ISSQN,ETS,2023,31232156.425021976,32023943.59883062
2917508,Jacobina,ISSQN,SARIMA,2023,33894859.89881589,32023943.59883062
2917508,Jacobina,ISSQN,Theta,2023,30953162.575353775,32023943.59883062
2917508,Jacobina,ISSQN,Prophet,2023,30083044.438757487,32023943.59883062
2917508,Jacobina,ISSQN,Ensemble,2023,31540805.83448728,32023943.59883062
2917508,Jacobina,ISSQN,Naive,2024,32023943.59883062,31408526.649383467
2917508,Jacobina,ISSQN,ETS,2024,33760954.406629644,31408526.649383467
2917508,Jacobina,ISSQN,SARIMA,2024,35159675.48251665,31408526.649383467
2917508,Jacobina,ISSQN,Theta,2024,35234463.72884543,31408526.649383467
2917508,Jacobina,ISSQN,Prophet,2024,35837153.810480915,31408526.649383467
2917508,Jacobina,ISSQN,Ensemble,2024,34998061.85711816,31408526.649383467
2917508,Jacobina,ISSQN,Naive,2025,31408526.649383467,39268333.37616717
2917508,Jacobina,ISSQN,ETS,2025,31749238.643238854,39268333.37616717
2917508,Jacobina,ISSQN,SARIMA,2025,31511050.352465414,39268333.37616717
2917508,Jacobina,ISSQN,Theta,2025,33353674.121261496,39268333.37616717
2917508,Jacobina,ISSQN,Prophet,2025,35192406.37372216,39268333.37616717
2917508,Jacobina,ISSQN,Ensemble,2025,32951592.372671984,39268333.37616717
2917102,Itororó,ISSQN,Naive,2021,935336.7545428511,1219189.3102462192
2917102,Itororó,ISSQN,ETS,2021,970059.5541076494,1219189.3102462192
2917102,Itororó,ISSQN,SARIMA,2021,882263.4513316655,1219189.3102462192
2917102,Itororó,ISSQN,Theta,2021,1066279.5405602686,1219189.3102462192
2917102,Itororó,ISSQN,Prophet,2021,1133903.4522481116,1219189.3102462192
2917102,Itororó,ISSQN,Ensemble,2021,1013126.4995619238,1219189.3102462192
2917102,Itororó,ISSQN,Naive,2022,1219189.3102462192,1535294.0751367216
2917102,Itororó,ISSQN,ETS,2022,1322074.835524436,1535294.0751367216
2917102,Itororó,ISSQN,SARIMA,2022,980414.049727804,1535294.0751367216
2917102,Itororó,ISSQN,Theta,2022,1201119.2371087582,1535294.0751367216
2917102,Itororó,ISSQN,Prophet,2022,1287072.9043335742,1535294.0751367216
2917102,Itororó,ISSQN,Ensemble,2022,1197670.2566736434,1535294.0751367216
2917102,Itororó,ISSQN,Naive,2023,1535294.0751367216,1865097.067265775
2917102,Itororó,ISSQN,ETS,2023,1347449.6472182847,1865097.067265775
2917102,Itororó,ISSQN,SARIMA,2023,1342594.0258501011,1865097.067265775
2917102,Itororó,ISSQN,Theta,2023,1525916.4496944402,1865097.067265775
2917102,Itororó,ISSQN,Prophet,2023,1555074.6908141035,1865097.067265775
2917102,Itororó,ISSQN,Ensemble,2023,1442758.7033942323,1865097.067265775
2917102,Itororó,ISSQN,Naive,2024,1865097.067265775,1842251.4540994884
2917102,Itororó,ISSQN,ETS,2024,1871520.201952376,1842251.4540994884
2917102,Itororó,ISSQN,SARIMA,2024,2111792.6472514756,1842251.4540994884
2917102,Itororó,ISSQN,Theta,2024,1903074.7434468484,1842251.4540994884
2917102,Itororó,ISSQN,Prophet,2024,1818886.2462783533,1842251.4540994884
2917102,Itororó,ISSQN,Ensemble,2024,1926318.4597322633,1842251.4540994884
2917102,Itororó,ISSQN,Naive,2025,1842251.4540994884,1129337.6880742607
2917102,Itororó,ISSQN,ETS,2025,2148343.3853232996,1129337.6880742607
2917102,Itororó,ISSQN,SARIMA,2025,1924911.924154406,1129337.6880742607
2917102,Itororó,ISSQN,Theta,2025,1931746.487090456,1129337.6880742607
2917102,Itororó,ISSQN,Prophet,2025,1965035.4056981655,1129337.6880742607
2917102,Itororó,ISSQN,Ensemble,2025,1992509.3005665815,1129337.6880742607
2917409,Jacaraci,IPTU,Naive,2021,171622.75752722437,183173.62007145974
2917409,Jacaraci,IPTU,ETS,2021,259393.73817708425,183173.62007145974
2917409,Jacaraci,IPTU,SARIMA,2021,36037.59670643489,183173.62007145974
2917409,Jacaraci,IPTU,Theta,2021,116279.83583307413,183173.62007145974
2917409,Jacaraci,IPTU,Prophet,2021,253787.76040054503,183173.62007145974
2917409,Jacaraci,IPTU,Ensemble,2021,166374.73277928456,183173.62007145974
2917409,Jacaraci,IPTU,Naive,2022,183173.62007145974,225950.6414911886
2917409,Jacaraci,IPTU,ETS,2022,251433.8131764044,225950.6414911886
2917409,Jacaraci,IPTU,SARIMA,2022,36282.35141824157,225950.6414911886
2917409,Jacaraci,IPTU,Theta,2022,207784.0559097313,225950.6414911886
2917409,Jacaraci,IPTU,Prophet,2022,266472.8847979188,225950.6414911886
2917409,Jacaraci,IPTU,Ensemble,2022,190493.276325574,225950.6414911886
2917409,Jacaraci,IPTU,Naive,2023,225950.6414911886,235094.82999343274
2917409,Jacaraci,IPTU,ETS,2023,221495.2903060148,235094.82999343274
2917409,Jacaraci,IPTU,SARIMA,2023,39835.863382771,235094.82999343274
2917409,Jacaraci,IPTU,Theta,2023,208949.56112138464,235094.82999343274
2917409,Jacaraci,IPTU,Prophet,2023,303254.0982399023,235094.82999343274
2917409,Jacaraci,IPTU,Ensemble,2023,193383.7032625182,235094.82999343274
2917409,Jacaraci,IPTU,Naive,2024,235094.82999343274,215428.88699903188
2917409,Jacaraci,IPTU,ETS,2024,228580.9594166767,215428.88699903188
2917409,Jacaraci,IPTU,SARIMA,2024,68310.53579222602,215428.88699903188
2917409,Jacaraci,IPTU,Theta,2024,338661.42712564114,215428.88699903188
2917409,Jacaraci,IPTU,Prophet,2024,332353.1781076135,215428.88699903188
2917409,Jacaraci,IPTU,Ensemble,2024,241976.52511053937,215428.88699903188
2917409,Jacaraci,IPTU,Naive,2025,215428.88699903188,126811.50097489836
2917409,Jacaraci,IPTU,ETS,2025,310864.9483546808,126811.50097489836
2917409,Jacaraci,IPTU,SARIMA,2025,79755.64607481271,126811.50097489836
2917409,Jacaraci,IPTU,Theta,2025,333417.3076545967,126811.50097489836
2917409,Jacaraci,IPTU,Prophet,2025,310902.71294095455,126811.50097489836
2917409,Jacaraci,IPTU,Ensemble,2025,258735.15375626122,126811.50097489836
2917607,Jaguaquara,ISSQN,Naive,2021,4302523.898558249,4707502.546888616
2917607,Jaguaquara,ISSQN,ETS,2021,4135497.8552379254,4707502.546888616
2917607,Jaguaquara,ISSQN,SARIMA,2021,4143543.032250731,4707502.546888616
2917607,Jaguaquara,ISSQN,Theta,2021,4349914.156377834,4707502.546888616
2917607,Jaguaquara,ISSQN,Prophet,2021,4219074.644356223,4707502.546888616
2917607,Jaguaquara,ISSQN,Ensemble,2021,4212007.422055678,4707502.546888616
2917607,Jaguaquara,ISSQN,Naive,2022,4707502.546888616,5223089.104890013
2917607,Jaguaquara,ISSQN,ETS,2022,4575509.839258769,5223089.104890013
2917607,Jaguaquara,ISSQN,SARIMA,2022,4661108.929141809,5223089.104890013
2917607,Jaguaquara,ISSQN,Theta,2022,4612768.727644129,5223089.104890013
2917607,Jaguaquara,ISSQN,Prophet,2022,4530820.6376784835,5223089.104890013
2917607,Jaguaquara,ISSQN,Ensemble,2022,4595052.033430798,5223089.104890013
2917607,Jaguaquara,ISSQN,Naive,2023,5223089.104890013,5520286.97023051
2917607,Jaguaquara,ISSQN,ETS,2023,5653455.029463537,5520286.97023051
2917607,Jaguaquara,ISSQN,SARIMA,2023,5572580.353839729,5520286.97023051
2917607,Jaguaquara,ISSQN,Theta,2023,5336722.7132099345,5520286.97023051
2917607,Jaguaquara,ISSQN,Prophet,2023,5194771.204211961,5520286.97023051
2917607,Jaguaquara,ISSQN,Ensemble,2023,5439382.3251812905,5520286.97023051
2917607,Jaguaquara,ISSQN,Naive,2024,5520286.97023051,6067781.9982369505
2917607,Jaguaquara,ISSQN,ETS,2024,6137070.855921433,6067781.9982369505
2917607,Jaguaquara,ISSQN,SARIMA,2024,5528632.971918487,6067781.9982369505
2917607,Jaguaquara,ISSQN,Theta,2024,5585042.126788192,6067781.9982369505
2917607,Jaguaquara,ISSQN,Prophet,2024,5665816.380295466,6067781.9982369505
2917607,Jaguaquara,ISSQN,Ensemble,2024,5729140.583730894,6067781.9982369505
2917607,Jaguaquara,ISSQN,Naive,2025,6067781.9982369505,5502359.94943936
2917607,Jaguaquara,ISSQN,ETS,2025,6562293.65715469,5502359.94943936
2917607,Jaguaquara,ISSQN,SARIMA,2025,6176193.070044193,5502359.94943936
2917607,Jaguaquara,ISSQN,Theta,2025,6104710.040287424,5502359.94943936
2917607,Jaguaquara,ISSQN,Prophet,2025,6216198.08437717,5502359.94943936
2917607,Jaguaquara,ISSQN,Ensemble,2025,6264848.712965869,5502359.94943936
2917300,Ituberá,ISSQN,Naive,2021,1056762.5124149765,1208877.4948739323
2917300,Ituberá,ISSQN,ETS,2021,1317827.3762586014,1208877.4948739323
2917300,Ituberá,ISSQN,SARIMA,2021,1554194.9314018341,1208877.4948739323
2917300,Ituberá,ISSQN,Theta,2021,1327729.1811663397,1208877.4948739323
2917300,Ituberá,ISSQN,Prophet,2021,1314831.2070416107,1208877.4948739323
2917300,Ituberá,ISSQN,Ensemble,2021,1378645.6739670965,1208877.4948739323
2917300,Ituberá,ISSQN,Naive,2022,1208877.4948739323,2681312.97292973
2917300,Ituberá,ISSQN,ETS,2022,1241803.0626113988,2681312.97292973
2917300,Ituberá,ISSQN,SARIMA,2022,1081623.9506588434,2681312.97292973
2917300,Ituberá,ISSQN,Theta,2022,1154910.6501358938,2681312.97292973
2917300,Ituberá,ISSQN,Prophet,2022,1077165.9916464505,2681312.97292973
2917300,Ituberá,ISSQN,Ensemble,2022,1138875.9137631466,2681312.97292973
2917300,Ituberá,ISSQN,Naive,2023,2681312.97292973,1862293.5629973914
2917300,Ituberá,ISSQN,ETS,2023,3014658.559131566,1862293.5629973914
2917300,Ituberá,ISSQN,SARIMA,2023,1640049.5020599365,1862293.5629973914
2917300,Ituberá,ISSQN,Theta,2023,5521291.248915806,1862293.5629973914
2917300,Ituberá,ISSQN,Prophet,2023,1990545.461618364,1862293.5629973914
2917300,Ituberá,ISSQN,Ensemble,2023,3041636.1929314183,1862293.5629973914
2917300,Ituberá,ISSQN,Naive,2024,1862293.5629973914,3232867.6183847743
2917300,Ituberá,ISSQN,ETS,2024,1895053.303015759,3232867.6183847743
2917300,Ituberá,ISSQN,SARIMA,2024,2036280.1001281734,3232867.6183847743
2917300,Ituberá,ISSQN,Theta,2024,2364105.7122896896,3232867.6183847743
2917300,Ituberá,ISSQN,Prophet,2024,2070266.3402501123,3232867.6183847743
2917300,Ituberá,ISSQN,Ensemble,2024,2091426.3639209333,3232867.6183847743
2917300,Ituberá,ISSQN,Naive,2025,3232867.6183847743,2005405.3878154545
2917300,Ituberá,ISSQN,ETS,2025,3254144.6936320225,2005405.3878154545
2917300,Ituberá,ISSQN,SARIMA,2025,2669844.5761107197,2005405.3878154545
2917300,Ituberá,ISSQN,Theta,2025,3228698.7194578205,2005405.3878154545
2917300,Ituberá,ISSQN,Prophet,2025,2743225.6726366645,2005405.3878154545
2917300,Ituberá,ISSQN,Ensemble,2025,2973978.4154593064,2005405.3878154545
2917706,Jaguarari,IPTU,Naive,2021,257110.87177349586,428725.1290481122
2917706,Jaguarari,IPTU,ETS,2021,376303.1977411932,428725.1290481122
2917706,Jaguarari,IPTU,SARIMA,2021,63132.203997697296,428725.1290481122
2917706,Jaguarari,IPTU,Theta,2021,350192.4834715102,428725.1290481122
2917706,Jaguarari,IPTU,Prophet,2021,418336.45270594885,428725.1290481122
2917706,Jaguarari,IPTU,Ensemble,2021,301991.0844790874,428725.1290481122
2917706,Jaguarari,IPTU,Naive,2022,428725.1290481122,592962.6667831551
2917706,Jaguarari,IPTU,ETS,2022,446123.3479280801,592962.6667831551
2917706,Jaguarari,IPTU,SARIMA,2022,193212.45527735408,592962.6667831551
2917706,Jaguarari,IPTU,Theta,2022,509999.44232921605,592962.6667831551
2917706,Jaguarari,IPTU,Prophet,2022,459630.9479302374,592962.6667831551
2917706,Jaguarari,IPTU,Ensemble,2022,402241.5483662219,592962.6667831551
2917706,Jaguarari,IPTU,Naive,2023,592962.6667831551,757200.2045181979
2917706,Jaguarari,IPTU,ETS,2023,577517.2352413206,757200.2045181979
2917706,Jaguarari,IPTU,SARIMA,2023,630685.8593705248,757200.2045181979
2917706,Jaguarari,IPTU,Theta,2023,671815.7938040933,757200.2045181979
2917706,Jaguarari,IPTU,Prophet,2023,570073.3064510329,757200.2045181979
2917706,Jaguarari,IPTU,Ensemble,2023,612523.0487167429,757200.2045181979
2917706,Jaguarari,IPTU,Naive,2024,757200.2045181979,426240.41435917135
2917706,Jaguarari,IPTU,ETS,2024,720920.4193783685,426240.41435917135
2917706,Jaguarari,IPTU,SARIMA,2024,695828.0721971267,426240.41435917135
2917706,Jaguarari,IPTU,Theta,2024,770101.5331817886,426240.41435917135
2917706,Jaguarari,IPTU,Prophet,2024,723268.073827223,426240.41435917135
2917706,Jaguarari,IPTU,Ensemble,2024,727529.5246461267,426240.41435917135
2917706,Jaguarari,IPTU,Naive,2025,426240.41435917135,655546.8221580153
2917706,Jaguarari,IPTU,ETS,2025,559105.6338164588,655546.8221580153
2917706,Jaguarari,IPTU,SARIMA,2025,562897.9135357911,655546.8221580153
2917706,Jaguarari,IPTU,Theta,2025,497622.5225857488,655546.8221580153
2917706,Jaguarari,IPTU,Prophet,2025,674193.0390024883,655546.8221580153
2917706,Jaguarari,IPTU,Ensemble,2025,573454.7772351217,655546.8221580153
2917508,Jacobina,IPTU,Naive,2021,3273483.7522188947,3710910.847579276
2917508,Jacobina,IPTU,ETS,2021,4839693.1326723555,3710910.847579276
2917508,Jacobina,IPTU,SARIMA,2021,3206260.729053307,3710910.847579276
2917508,Jacobina,IPTU,Theta,2021,5951155.333991876,3710910.847579276
2917508,Jacobina,IPTU,Prophet,2021,3908491.54247405,3710910.847579276
2917508,Jacobina,IPTU,Ensemble,2021,4476400.184547897,3710910.847579276
2917508,Jacobina,IPTU,Naive,2022,3710910.847579276,4373620.485859321
2917508,Jacobina,IPTU,ETS,2022,5310067.402083102,4373620.485859321
2917508,Jacobina,IPTU,SARIMA,2022,2132769.9087004694,4373620.485859321
2917508,Jacobina,IPTU,Theta,2022,5579894.032048887,4373620.485859321
2917508,Jacobina,IPTU,Prophet,2022,3625369.2367338412,4373620.485859321
2917508,Jacobina,IPTU,Ensemble,2022,4162025.1448915745,4373620.485859321
2917508,Jacobina,IPTU,Naive,2023,4373620.485859321,3674177.488487331
2917508,Jacobina,IPTU,ETS,2023,4439720.4904356,3674177.488487331
2917508,Jacobina,IPTU,SARIMA,2023,5317552.632303167,3674177.488487331
2917508,Jacobina,IPTU,Theta,2023,5308365.279200711,3674177.488487331
2917508,Jacobina,IPTU,Prophet,2023,4136545.3128699693,3674177.488487331
2917508,Jacobina,IPTU,Ensemble,2023,4800545.928702362,3674177.488487331
2917508,Jacobina,IPTU,Naive,2024,3674177.488487331,3681769.0418576393
2917508,Jacobina,IPTU,ETS,2024,4834316.265369556,3681769.0418576393
2917508,Jacobina,IPTU,SARIMA,2024,4968513.813837556,3681769.0418576393
2917508,Jacobina,IPTU,Theta,2024,2548926.112274805,3681769.0418576393
2917508,Jacobina,IPTU,Prophet,2024,4168875.042395126,3681769.0418576393
2917508,Jacobina,IPTU,Ensemble,2024,4130157.80846926,3681769.0418576393
2917508,Jacobina,IPTU,Naive,2025,3681769.0418576393,3694556.2723127827
2917508,Jacobina,IPTU,ETS,2025,4480519.142464329,3694556.2723127827
2917508,Jacobina,IPTU,SARIMA,2025,2345594.8201977294,3694556.2723127827
2917508,Jacobina,IPTU,Theta,2025,2089522.1691094683,3694556.2723127827
2917508,Jacobina,IPTU,Prophet,2025,4464045.329549579,3694556.2723127827
2917508,Jacobina,IPTU,Ensemble,2025,3344920.365330276,3694556.2723127827
2917706,Jaguarari,ISSQN,Naive,2021,6213619.423471192,13538228.13047328
2917706,Jaguarari,ISSQN,ETS,2021,6115670.185357174,13538228.13047328
2917706,Jaguarari,ISSQN,SARIMA,2021,4528135.776398135,13538228.13047328
2917706,Jaguarari,ISSQN,Theta,2021,7232482.179129735,13538228.13047328
2917706,Jaguarari,ISSQN,Prophet,2021,7964297.77305868,13538228.13047328
2917706,Jaguarari,ISSQN,Ensemble,2021,6460146.478485931,13538228.13047328
2917706,Jaguarari,ISSQN,Naive,2022,13538228.13047328,18629031.896790296
2917706,Jaguarari,ISSQN,ETS,2022,14052135.182397377,18629031.896790296
2917706,Jaguarari,ISSQN,SARIMA,2022,20140358.988751214,18629031.896790296
2917706,Jaguarari,ISSQN,Theta,2022,17836216.367178157,18629031.896790296
2917706,Jaguarari,ISSQN,Prophet,2022,11867537.419951448,18629031.896790296
2917706,Jaguarari,ISSQN,Ensemble,2022,15974061.98956955,18629031.896790296
2917706,Jaguarari,ISSQN,Naive,2023,18629031.896790296,22876983.378358144
2917706,Jaguarari,ISSQN,ETS,2023,17735343.074233748,22876983.378358144
2917706,Jaguarari,ISSQN,SARIMA,2023,23501391.293973546,22876983.378358144
2917706,Jaguarari,ISSQN,Theta,2023,19730095.35098312,22876983.378358144
2917706,Jaguarari,ISSQN,Prophet,2023,19606715.738426737,22876983.378358144
2917706,Jaguarari,ISSQN,Ensemble,2023,20143386.364404287,22876983.378358144
2917706,Jaguarari,ISSQN,Naive,2024,22876983.378358144,22340547.555150017
2917706,Jaguarari,ISSQN,ETS,2024,25742526.564481717,22340547.555150017
2917706,Jaguarari,ISSQN,SARIMA,2024,33553393.232476294,22340547.555150017
2917706,Jaguarari,ISSQN,Theta,2024,26511079.6367333,22340547.555150017
2917706,Jaguarari,ISSQN,Prophet,2024,26224218.829867087,22340547.555150017
2917706,Jaguarari,ISSQN,Ensemble,2024,28007804.565889604,22340547.555150017
2917706,Jaguarari,ISSQN,Naive,2025,22340547.555150017,25548150.323340528
2917706,Jaguarari,ISSQN,ETS,2025,25187228.363073755,25548150.323340528
2917706,Jaguarari,ISSQN,SARIMA,2025,29438108.114077557,25548150.323340528
2917706,Jaguarari,ISSQN,Theta,2025,25750059.313117035,25548150.323340528
2917706,Jaguarari,ISSQN,Prophet,2025,26741280.706639063,25548150.323340528
2917706,Jaguarari,ISSQN,Ensemble,2025,26779169.124226853,25548150.323340528
2917805,Jaguaripe,ISSQN,Naive,2021,7718639.973585656,11233126.298831644
2917805,Jaguaripe,ISSQN,ETS,2021,7302661.673163275,11233126.298831644
2917805,Jaguaripe,ISSQN,SARIMA,2021,7379839.21551515,11233126.298831644
2917805,Jaguaripe,ISSQN,Theta,2021,6940991.722769191,11233126.298831644
2917805,Jaguaripe,ISSQN,Prophet,2021,5348763.286685048,11233126.298831644
2917805,Jaguaripe,ISSQN,Ensemble,2021,6743063.974533166,11233126.298831644
2917805,Jaguaripe,ISSQN,Naive,2022,11233126.298831644,9102708.950915938
2917805,Jaguaripe,ISSQN,ETS,2022,11052389.178290393,9102708.950915938
2917805,Jaguaripe,ISSQN,SARIMA,2022,9147871.45809815,9102708.950915938
2917805,Jaguaripe,ISSQN,Theta,2022,10667538.743013,9102708.950915938
2917805,Jaguaripe,ISSQN,Prophet,2022,7929208.469853143,9102708.950915938
2917805,Jaguaripe,ISSQN,Ensemble,2022,9699251.962313673,9102708.950915938
2917805,Jaguaripe,ISSQN,Naive,2023,9102708.950915938,7534901.058008811
2917805,Jaguaripe,ISSQN,ETS,2023,8154224.90744429,7534901.058008811
2917805,Jaguaripe,ISSQN,SARIMA,2023,8401758.804884218,7534901.058008811
2917805,Jaguaripe,ISSQN,Theta,2023,8723817.061511485,7534901.058008811
2917805,Jaguaripe,ISSQN,Prophet,2023,8348641.642542999,7534901.058008811
2917805,Jaguaripe,ISSQN,Ensemble,2023,8407110.604095748,7534901.058008811
2917805,Jaguaripe,ISSQN,Naive,2024,7534901.058008811,7493524.049322978
2917805,Jaguaripe,ISSQN,ETS,2024,7146501.074290413,7493524.049322978
2917805,Jaguaripe,ISSQN,SARIMA,2024,7848759.084203608,7493524.049322978
2917805,Jaguaripe,ISSQN,Theta,2024,7352175.278447631,7493524.049322978
2917805,Jaguaripe,ISSQN,Prophet,2024,8323709.46634057,7493524.049322978
2917805,Jaguaripe,ISSQN,Ensemble,2024,7667786.225820555,7493524.049322978
2917805,Jaguaripe,ISSQN,Naive,2025,7493524.049322978,6391578.309850732
2917805,Jaguaripe,ISSQN,ETS,2025,7425830.219313884,6391578.309850732
2917805,Jaguaripe,ISSQN,SARIMA,2025,7825263.365783023,6391578.309850732
2917805,Jaguaripe,ISSQN,Theta,2025,7322995.0746981315,6391578.309850732
2917805,Jaguaripe,ISSQN,Prophet,2025,7782822.583136533,6391578.309850732
2917805,Jaguaripe,ISSQN,Ensemble,2025,7589227.810732894,6391578.309850732
2917904,Jandaíra,IPTU,Naive,2021,62911.03280384375,46467.700330434294
2917904,Jandaíra,IPTU,ETS,2021,79832.09121632778,46467.700330434294
2917904,Jandaíra,IPTU,SARIMA,2021,36153.13841620128,46467.700330434294
2917904,Jandaíra,IPTU,Theta,2021,31904.738960543516,46467.700330434294
2917904,Jandaíra,IPTU,Prophet,2021,-21739.48298535604,46467.700330434294
2917904,Jandaíra,IPTU,Ensemble,2021,31537.621401929136,46467.700330434294
2917904,Jandaíra,IPTU,Naive,2022,46467.700330434294,40232.73027612761
2917904,Jandaíra,IPTU,ETS,2022,52351.07029316842,40232.73027612761
2917904,Jandaíra,IPTU,SARIMA,2022,25580.201057013615,40232.73027612761
2917904,Jandaíra,IPTU,Theta,2022,31205.47945278407,40232.73027612761
2917904,Jandaíra,IPTU,Prophet,2022,-9108.12074154854,40232.73027612761
2917904,Jandaíra,IPTU,Ensemble,2022,25007.157515354396,40232.73027612761
2917904,Jandaíra,IPTU,Naive,2023,40232.73027612761,57410.95644397188
2917904,Jandaíra,IPTU,ETS,2023,56982.722589333345,57410.95644397188
2917904,Jandaíra,IPTU,SARIMA,2023,26724.070340226972,57410.95644397188
2917904,Jandaíra,IPTU,Theta,2023,30047.73929743821,57410.95644397188
2917904,Jandaíra,IPTU,Prophet,2023,-7381.950545274191,57410.95644397188
2917904,Jandaíra,IPTU,Ensemble,2023,26593.145420431083,57410.95644397188
2917904,Jandaíra,IPTU,Naive,2024,57410.95644397188,70440.2217898927
2917904,Jandaíra,IPTU,ETS,2024,55918.23562250062,70440.2217898927
2917904,Jandaíra,IPTU,SARIMA,2024,27174.984805469347,70440.2217898927
2917904,Jandaíra,IPTU,Theta,2024,41161.9901106433,70440.2217898927
2917904,Jandaíra,IPTU,Prophet,2024,5481.081478922303,70440.2217898927
2917904,Jandaíra,IPTU,Ensemble,2024,32434.073004383892,70440.2217898927
2917904,Jandaíra,IPTU,Naive,2025,70440.2217898927,83469.48713581357
2917904,Jandaíra,IPTU,ETS,2025,61794.56067825395,83469.48713581357
2917904,Jandaíra,IPTU,SARIMA,2025,29469.960716945814,83469.48713581357
2917904,Jandaíra,IPTU,Theta,2025,58972.60252025581,83469.48713581357
2917904,Jandaíra,IPTU,Prophet,2025,20699.643239977653,83469.48713581357
2917904,Jandaíra,IPTU,Ensemble,2025,42734.191788858305,83469.48713581357
2918456,Jucuruçu,ISSQN,Naive,2021,813374.5299670632,483744.2453497035
2918456,Jucuruçu,ISSQN,ETS,2021,989663.22786038,483744.2453497035
2918456,Jucuruçu,ISSQN,SARIMA,2021,531575.9243323322,483744.2453497035
2918456,Jucuruçu,ISSQN,Theta,2021,807968.5297251979,483744.2453497035
2918456,Jucuruçu,ISSQN,Prophet,2021,301475.8233522173,483744.2453497035
2918456,Jucuruçu,ISSQN,Ensemble,2021,657670.8763175319,483744.2453497035
2918456,Jucuruçu,ISSQN,Naive,2022,483744.2453497035,304112.8254565851
2918456,Jucuruçu,ISSQN,ETS,2022,927472.3160979102,304112.8254565851
2918456,Jucuruçu,ISSQN,SARIMA,2022,511996.6690231423,304112.8254565851
2918456,Jucuruçu,ISSQN,Theta,2022,593217.5293397616,304112.8254565851
2918456,Jucuruçu,ISSQN,Prophet,2022,192521.34169359333,304112.8254565851
2918456,Jucuruçu,ISSQN,Ensemble,2022,556301.9640386018,304112.8254565851
2918456,Jucuruçu,ISSQN,Naive,2023,304112.8254565851,474985.71844501357
2918456,Jucuruçu,ISSQN,ETS,2023,174020.40115524107,474985.71844501357
2918456,Jucuruçu,ISSQN,SARIMA,2023,459162.71254029125,474985.71844501357
2918456,Jucuruçu,ISSQN,Theta,2023,315960.99212076387,474985.71844501357
2918456,Jucuruçu,ISSQN,Prophet,2023,77577.72619332596,474985.71844501357
2918456,Jucuruçu,ISSQN,Ensemble,2023,256680.45800240553,474985.71844501357
2918456,Jucuruçu,ISSQN,Naive,2024,474985.71844501357,512702.81286143715
2918456,Jucuruçu,ISSQN,ETS,2024,246406.50505657395,512702.81286143715
2918456,Jucuruçu,ISSQN,SARIMA,2024,467481.74336606445,512702.81286143715
2918456,Jucuruçu,ISSQN,Theta,2024,407381.4718035659,512702.81286143715
2918456,Jucuruçu,ISSQN,Prophet,2024,123665.19416436639,512702.81286143715
2918456,Jucuruçu,ISSQN,Ensemble,2024,311233.7285976427,512702.81286143715
2918100,Jeremoabo,IPTU,Naive,2021,472243.7729363965,641267.251944057
2918100,Jeremoabo,IPTU,ETS,2021,565049.6290741116,641267.251944057
2918100,Jeremoabo,IPTU,SARIMA,2021,320533.41640408634,641267.251944057
2918100,Jeremoabo,IPTU,Theta,2021,468752.1963584539,641267.251944057
2918100,Jeremoabo,IPTU,Prophet,2021,504920.8030890265,641267.251944057
2918100,Jeremoabo,IPTU,Ensemble,2021,464814.01123141963,641267.251944057
2918100,Jeremoabo,IPTU,Naive,2022,641267.251944057,639080.9227616822
2918100,Jeremoabo,IPTU,ETS,2022,599793.3306048646,639080.9227616822
2918100,Jeremoabo,IPTU,SARIMA,2022,312595.1012846104,639080.9227616822
2918100,Jeremoabo,IPTU,Theta,2022,553140.9811449661,639080.9227616822
2918100,Jeremoabo,IPTU,Prophet,2022,644550.8242692437,639080.9227616822
2918100,Jeremoabo,IPTU,Ensemble,2022,527520.0593259212,639080.9227616822
2918100,Jeremoabo,IPTU,Naive,2023,639080.9227616822,677806.5203072748
2918100,Jeremoabo,IPTU,ETS,2023,608937.2768339051,677806.5203072748
2918100,Jeremoabo,IPTU,SARIMA,2023,313689.5325361886,677806.5203072748
2918100,Jeremoabo,IPTU,Theta,2023,536240.1063331765,677806.5203072748
2918100,Jeremoabo,IPTU,Prophet,2023,748418.4301868663,677806.5203072748
2918100,Jeremoabo,IPTU,Ensemble,2023,551821.336472534,677806.5203072748
2918100,Jeremoabo,IPTU,Naive,2024,677806.5203072748,847939.1464417455
2918100,Jeremoabo,IPTU,ETS,2024,650518.534896652,847939.1464417455
2918100,Jeremoabo,IPTU,SARIMA,2024,345560.35969184764,847939.1464417455
2918100,Jeremoabo,IPTU,Theta,2024,618093.1009143469,847939.1464417455
2918100,Jeremoabo,IPTU,Prophet,2024,785024.1975717646,847939.1464417455
2918100,Jeremoabo,IPTU,Ensemble,2024,599799.0482686528,847939.1464417455
2918100,Jeremoabo,IPTU,Naive,2025,847939.1464417455,799470.6221540697
2918100,Jeremoabo,IPTU,ETS,2025,666996.1623926408,799470.6221540697
2918100,Jeremoabo,IPTU,SARIMA,2025,417505.93505737465,799470.6221540697
2918100,Jeremoabo,IPTU,Theta,2025,1074170.4799089592,799470.6221540697
2918100,Jeremoabo,IPTU,Prophet,2025,867318.8367218041,799470.6221540697
2918100,Jeremoabo,IPTU,Ensemble,2025,756497.8535201948,799470.6221540697
2918001,Jequié,ISSQN,Naive,2021,35843452.5566017,29819959.752160016
2918001,Jequié,ISSQN,ETS,2021,37512014.4311298,29819959.752160016
2918001,Jequié,ISSQN,SARIMA,2021,41124301.79202643,29819959.752160016
2918001,Jequié,ISSQN,Theta,2021,113898108.0702322,29819959.752160016
2918001,Jequié,ISSQN,Prophet,2021,40662474.46114233,29819959.752160016
2918001,Jequié,ISSQN,Ensemble,2021,58299224.68863269,29819959.752160016
2918001,Jequié,ISSQN,Naive,2022,29819959.752160016,43922370.82593183
2918001,Jequié,ISSQN,ETS,2022,31489509.147738826,43922370.82593183
2918001,Jequié,ISSQN,SARIMA,2022,30306710.172446914,43922370.82593183
2918001,Jequié,ISSQN,Theta,2022,34710240.802174695,43922370.82593183
2918001,Jequié,ISSQN,Prophet,2022,38172664.51996337,43922370.82593183
2918001,Jequié,ISSQN,Ensemble,2022,33669781.16058095,43922370.82593183
2918001,Jequié,ISSQN,Naive,2023,43922370.82593183,43255104.681485
2918001,Jequié,ISSQN,ETS,2023,43731277.09444003,43255104.681485
2918001,Jequié,ISSQN,SARIMA,2023,47963884.464986525,43255104.681485
2918001,Jequié,ISSQN,Theta,2023,46264011.442720175,43255104.681485
2918001,Jequié,ISSQN,Prophet,2023,43943998.33667422,43255104.681485
2918001,Jequié,ISSQN,Ensemble,2023,45475792.83470523,43255104.681485
2918001,Jequié,ISSQN,Naive,2024,43255104.681485,47397244.0565052
2918001,Jequié,ISSQN,ETS,2024,42600787.16316227,47397244.0565052
2918001,Jequié,ISSQN,SARIMA,2024,47840946.94454782,47397244.0565052
2918001,Jequié,ISSQN,Theta,2024,46913648.2713415,47397244.0565052
2918001,Jequié,ISSQN,Prophet,2024,47448483.82988273,47397244.0565052
2918001,Jequié,ISSQN,Ensemble,2024,46200966.552233584,47397244.0565052
2918001,Jequié,ISSQN,Naive,2025,47397244.0565052,49252326.97299837
2918001,Jequié,ISSQN,ETS,2025,45819299.52841995,49252326.97299837
2918001,Jequié,ISSQN,SARIMA,2025,52750838.83449695,49252326.97299837
2918001,Jequié,ISSQN,Theta,2025,50061723.21416709,49252326.97299837
2918001,Jequié,ISSQN,Prophet,2025,50652844.73309662,49252326.97299837
2918001,Jequié,ISSQN,Ensemble,2025,49821176.57754515,49252326.97299837
2918357,João Dourado,ISSQN,Naive,2021,919506.8088202594,1062597.1479096739
2918357,João Dourado,ISSQN,ETS,2021,1064140.929181485,1062597.1479096739
2918357,João Dourado,ISSQN,SARIMA,2021,1023664.5179358502,1062597.1479096739
2918357,João Dourado,ISSQN,Theta,2021,1152224.3290029764,1062597.1479096739
2918357,João Dourado,ISSQN,Prophet,2021,1315644.0929504305,1062597.1479096739
2918357,João Dourado,ISSQN,Ensemble,2021,1138918.4672676853,1062597.1479096739
2918357,João Dourado,ISSQN,Naive,2022,1062597.1479096739,1614581.348899054
2918357,João Dourado,ISSQN,ETS,2022,1307094.738020714,1614581.348899054
2918357,João Dourado,ISSQN,SARIMA,2022,1356415.6891930574,1614581.348899054
2918357,João Dourado,ISSQN,Theta,2022,1527731.1010615455,1614581.348899054
2918357,João Dourado,ISSQN,Prophet,2022,1252464.7884877913,1614581.348899054
2918357,João Dourado,ISSQN,Ensemble,2022,1360926.579190777,1614581.348899054
2918357,João Dourado,ISSQN,Naive,2023,1614581.348899054,1973935.3856911424
2918357,João Dourado,ISSQN,ETS,2023,1805809.8273418404,1973935.3856911424
2918357,João Dourado,ISSQN,SARIMA,2023,1922650.5368666395,1973935.3856911424
2918357,João Dourado,ISSQN,Theta,2023,2087060.5657456089,1973935.3856911424
2918357,João Dourado,ISSQN,Prophet,2023,1497971.8595271558,1973935.3856911424
2918357,João Dourado,ISSQN,Ensemble,2023,1828373.1973703115,1973935.3856911424
2918357,João Dourado,ISSQN,Naive,2024,1973935.3856911424,4319821.056017094
2918357,João Dourado,ISSQN,ETS,2024,1746464.8644094323,4319821.056017094
2918357,João Dourado,ISSQN,SARIMA,2024,1648711.7972857852,4319821.056017094
2918357,João Dourado,ISSQN,Theta,2024,1986019.2088453646,4319821.056017094
2918357,João Dourado,ISSQN,Prophet,2024,1792084.573241941,4319821.056017094
2918357,João Dourado,ISSQN,Ensemble,2024,1793320.1109456308,4319821.056017094
2918357,João Dourado,ISSQN,Naive,2025,4319821.056017094,7374356.259266097
2918357,João Dourado,ISSQN,ETS,2025,5331956.0922970325,7374356.259266097
2918357,João Dourado,ISSQN,SARIMA,2025,6352933.563077142,7374356.259266097
2918357,João Dourado,ISSQN,Theta,2025,7154743.425496999,7374356.259266097
2918357,João Dourado,ISSQN,Prophet,2025,5254684.296856966,7374356.259266097
2918357,João Dourado,ISSQN,Ensemble,2025,6023579.3444320345,7374356.259266097
2917904,Jandaíra,ISSQN,Naive,2021,1723519.8113277364,1724257.4111728063
2917904,Jandaíra,ISSQN,ETS,2021,1714062.0736223056,1724257.4111728063
2917904,Jandaíra,ISSQN,SARIMA,2021,1270799.4460025185,1724257.4111728063
2917904,Jandaíra,ISSQN,Theta,2021,1676807.9175528705,1724257.4111728063
2917904,Jandaíra,ISSQN,Prophet,2021,1518382.9077370628,1724257.4111728063
2917904,Jandaíra,ISSQN,Ensemble,2021,1545013.0862286894,1724257.4111728063
2917904,Jandaíra,ISSQN,Naive,2022,1724257.4111728063,1465948.667132874
2917904,Jandaíra,ISSQN,ETS,2022,1799315.674656603,1465948.667132874
2917904,Jandaíra,ISSQN,SARIMA,2022,1592419.0557217486,1465948.667132874
2917904,Jandaíra,ISSQN,Theta,2022,1759296.6168375495,1465948.667132874
2917904,Jandaíra,ISSQN,Prophet,2022,1672214.0597329196,1465948.667132874
2917904,Jandaíra,ISSQN,Ensemble,2022,1705811.3517372054,1465948.667132874
2917904,Jandaíra,ISSQN,Naive,2023,1465948.667132874,1575523.5330456703
2917904,Jandaíra,ISSQN,ETS,2023,1585678.9855155963,1575523.5330456703
2917904,Jandaíra,ISSQN,SARIMA,2023,1427099.0562881038,1575523.5330456703
2917904,Jandaíra,ISSQN,Theta,2023,1513122.532362822,1575523.5330456703
2917904,Jandaíra,ISSQN,Prophet,2023,1629480.8713255904,1575523.5330456703
2917904,Jandaíra,ISSQN,Ensemble,2023,1538845.361373028,1575523.5330456703
2917904,Jandaíra,ISSQN,Naive,2024,1575523.5330456703,1730887.744735136
2917904,Jandaíra,ISSQN,ETS,2024,1680474.5194126752,1730887.744735136
2917904,Jandaíra,ISSQN,SARIMA,2024,1518554.0591447267,1730887.744735136
2917904,Jandaíra,ISSQN,Theta,2024,1628367.1593284544,1730887.744735136
2917904,Jandaíra,ISSQN,Prophet,2024,1645042.9302257858,1730887.744735136
2917904,Jandaíra,ISSQN,Ensemble,2024,1618109.6670279107,1730887.744735136
2917904,Jandaíra,ISSQN,Naive,2025,1730887.744735136,2576429.570761427
2917904,Jandaíra,ISSQN,ETS,2025,1827257.362351491,2576429.570761427
2917904,Jandaíra,ISSQN,SARIMA,2025,1615877.2037295569,2576429.570761427
2917904,Jandaíra,ISSQN,Theta,2025,1809318.2523474165,2576429.570761427
2917904,Jandaíra,ISSQN,Prophet,2025,1739458.8709543895,2576429.570761427
2917904,Jandaíra,ISSQN,Ensemble,2025,1747977.9223457135,2576429.570761427
2918506,Jussara,ISSQN,Naive,2021,524925.9685735245,568656.4076659589
2918506,Jussara,ISSQN,ETS,2021,533497.8760944079,568656.4076659589
2918506,Jussara,ISSQN,SARIMA,2021,598966.5068533134,568656.4076659589
2918506,Jussara,ISSQN,Theta,2021,686715.0736057636,568656.4076659589
2918506,Jussara,ISSQN,Prophet,2021,922786.7560418363,568656.4076659589
2918506,Jussara,ISSQN,Ensemble,2021,685491.5531488302,568656.4076659589
2918506,Jussara,ISSQN,Naive,2022,568656.4076659589,866880.350232034
2918506,Jussara,ISSQN,ETS,2022,619788.2541670783,866880.350232034
2918506,Jussara,ISSQN,SARIMA,2022,590994.488739109,866880.350232034
2918506,Jussara,ISSQN,Theta,2022,669313.0003805935,866880.350232034
2918506,Jussara,ISSQN,Prophet,2022,732429.7738404663,866880.350232034
2918506,Jussara,ISSQN,Ensemble,2022,653131.3792818118,866880.350232034
2918506,Jussara,ISSQN,Naive,2023,866880.350232034,1773183.5513658966
2918506,Jussara,ISSQN,ETS,2023,1110965.5196210013,1773183.5513658966
2918506,Jussara,ISSQN,SARIMA,2023,656051.9005511384,1773183.5513658966
2918506,Jussara,ISSQN,Theta,2023,1033419.0318270889,1773183.5513658966
2918506,Jussara,ISSQN,Prophet,2023,788043.2658911713,1773183.5513658966
2918506,Jussara,ISSQN,Ensemble,2023,897119.9294726,1773183.5513658966
2918506,Jussara,ISSQN,Naive,2024,1773183.5513658966,1277954.6239081593
2918506,Jussara,ISSQN,ETS,2024,1738486.8401313308,1277954.6239081593
2918506,Jussara,ISSQN,SARIMA,2024,2031355.8973160868,1277954.6239081593
2918506,Jussara,ISSQN,Theta,2024,2156653.3115355675,1277954.6239081593
2918506,Jussara,ISSQN,Prophet,2024,1278888.0462625558,1277954.6239081593
2918506,Jussara,ISSQN,Ensemble,2024,1801346.0238113853,1277954.6239081593
2918506,Jussara,ISSQN,Naive,2025,1277954.6239081593,1032919.6035834205
2918506,Jussara,ISSQN,ETS,2025,1429030.0358384494,1032919.6035834205
2918506,Jussara,ISSQN,SARIMA,2025,1229839.6474779863,1032919.6035834205
2918506,Jussara,ISSQN,Theta,2025,1369293.638042217,1032919.6035834205
2918506,Jussara,ISSQN,Prophet,2025,1324367.1491167333,1032919.6035834205
2918506,Jussara,ISSQN,Ensemble,2025,1338132.6176188465,1032919.6035834205
2918407,Juazeiro,ISSQN,Naive,2021,40698445.88858698,50908952.41432814
2918407,Juazeiro,ISSQN,ETS,2021,52714944.0462346,50908952.41432814
2918407,Juazeiro,ISSQN,SARIMA,2021,44462502.317635,50908952.41432814
2918407,Juazeiro,ISSQN,Theta,2021,54221394.79161084,50908952.41432814
2918407,Juazeiro,ISSQN,Prophet,2021,45879652.07341309,50908952.41432814
2918407,Juazeiro,ISSQN,Ensemble,2021,49319623.307223395,50908952.41432814
2918407,Juazeiro,ISSQN,Naive,2022,50908952.41432814,62709609.67455642
2918407,Juazeiro,ISSQN,ETS,2022,55458050.16613367,62709609.67455642
2918407,Juazeiro,ISSQN,SARIMA,2022,53103766.082581595,62709609.67455642
2918407,Juazeiro,ISSQN,Theta,2022,57599702.1493568,62709609.67455642
2918407,Juazeiro,ISSQN,Prophet,2022,51275483.18045268,62709609.67455642
2918407,Juazeiro,ISSQN,Ensemble,2022,54359250.39463118,62709609.67455642
2918407,Juazeiro,ISSQN,Naive,2023,62709609.67455642,43023950.625020586
2918407,Juazeiro,ISSQN,ETS,2023,70380575.55548093,43023950.625020586
2918407,Juazeiro,ISSQN,SARIMA,2023,67574538.16878314,43023950.625020586
2918407,Juazeiro,ISSQN,Theta,2023,72918782.2835319,43023950.625020586
2918407,Juazeiro,ISSQN,Prophet,2023,62316037.501948774,43023950.625020586
2918407,Juazeiro,ISSQN,Ensemble,2023,68297483.3774362,43023950.625020586
2918407,Juazeiro,ISSQN,Naive,2024,43023950.625020586,53854671.65183884
2918407,Juazeiro,ISSQN,ETS,2024,65980216.21944161,53854671.65183884
2918407,Juazeiro,ISSQN,SARIMA,2024,51703949.33580294,53854671.65183884
2918407,Juazeiro,ISSQN,Theta,2024,70706620.14699711,53854671.65183884
2918407,Juazeiro,ISSQN,Prophet,2024,57207994.7026069,53854671.65183884
2918407,Juazeiro,ISSQN,Ensemble,2024,61399695.10121215,53854671.65183884
2918407,Juazeiro,ISSQN,Naive,2025,53854671.65183884,66229871.473798186
2918407,Juazeiro,ISSQN,ETS,2025,45938131.81974794,66229871.473798186
2918407,Juazeiro,ISSQN,SARIMA,2025,48729267.91412653,66229871.473798186
2918407,Juazeiro,ISSQN,Theta,2025,46716577.54757962,66229871.473798186
2918407,Juazeiro,ISSQN,Prophet,2025,57535460.7219163,66229871.473798186
2918407,Juazeiro,ISSQN,Ensemble,2025,49729859.5008426,66229871.473798186
2918407,Juazeiro,IPTU,Naive,2021,16150993.255496712,18985638.350931127
2918407,Juazeiro,IPTU,ETS,2021,27093745.576665882,18985638.350931127
2918407,Juazeiro,IPTU,SARIMA,2021,14916625.73806759,18985638.350931127
2918407,Juazeiro,IPTU,Theta,2021,24952114.016804505,18985638.350931127
2918407,Juazeiro,IPTU,Prophet,2021,21831803.43419128,18985638.350931127
2918407,Juazeiro,IPTU,Ensemble,2021,22198572.191432316,18985638.350931127
2918407,Juazeiro,IPTU,Naive,2022,18985638.350931127,16664603.751485668
2918407,Juazeiro,IPTU,ETS,2022,29069662.80146957,16664603.751485668
2918407,Juazeiro,IPTU,SARIMA,2022,16408365.635149572,16664603.751485668
2918407,Juazeiro,IPTU,Theta,2022,23154420.762884576,16664603.751485668
2918407,Juazeiro,IPTU,Prophet,2022,22621514.622762028,16664603.751485668
2918407,Juazeiro,IPTU,Ensemble,2022,22813490.955566436,16664603.751485668
2918407,Juazeiro,IPTU,Naive,2023,16664603.751485668,14853881.407102123
2918407,Juazeiro,IPTU,ETS,2023,28696485.441873446,14853881.407102123
2918407,Juazeiro,IPTU,SARIMA,2023,15033468.05627209,14853881.407102123
2918407,Juazeiro,IPTU,Theta,2023,20033374.337019954,14853881.407102123
2918407,Juazeiro,IPTU,Prophet,2023,22403325.071132,14853881.407102123
2918407,Juazeiro,IPTU,Ensemble,2023,21541663.226574373,14853881.407102123
2918407,Juazeiro,IPTU,Naive,2024,14853881.407102123,20777607.437397365
2918407,Juazeiro,IPTU,ETS,2024,21739073.172029782,20777607.437397365
2918407,Juazeiro,IPTU,SARIMA,2024,35739338.56675626,20777607.437397365
2918407,Juazeiro,IPTU,Theta,2024,18859264.173582938,20777607.437397365
2918407,Juazeiro,IPTU,Prophet,2024,21473704.8380351,20777607.437397365
2918407,Juazeiro,IPTU,Ensemble,2024,24452845.187601022,20777607.437397365
2918407,Juazeiro,IPTU,Naive,2025,20777607.437397365,22830833.76701284
2918407,Juazeiro,IPTU,ETS,2025,23477499.556950156,22830833.76701284
2918407,Juazeiro,IPTU,SARIMA,2025,32582143.850595098,22830833.76701284
2918407,Juazeiro,IPTU,Theta,2025,24613209.50471401,22830833.76701284
2918407,Juazeiro,IPTU,Prophet,2025,22460266.26314458,22830833.76701284
2918407,Juazeiro,IPTU,Ensemble,2025,25783279.793850962,22830833.76701284
2918704,Lafaiete Coutinho,ISSQN,Naive,2021,236542.7210886366,290792.54330649634
2918704,Lafaiete Coutinho,ISSQN,ETS,2021,357549.5716484167,290792.54330649634
2918704,Lafaiete Coutinho,ISSQN,SARIMA,2021,231365.91136414176,290792.54330649634
2918704,Lafaiete Coutinho,ISSQN,Theta,2021,308003.2068929229,290792.54330649634
2918704,Lafaiete Coutinho,ISSQN,Prophet,2021,73052.07855033824,290792.54330649634
2918704,Lafaiete Coutinho,ISSQN,Ensemble,2021,242492.6921139549,290792.54330649634
2918704,Lafaiete Coutinho,ISSQN,Naive,2022,290792.54330649634,571625.1064176393
2918704,Lafaiete Coutinho,ISSQN,ETS,2022,373041.4861739206,571625.1064176393
2918704,Lafaiete Coutinho,ISSQN,SARIMA,2022,321886.34738785145,571625.1064176393
2918704,Lafaiete Coutinho,ISSQN,Theta,2022,342986.7621018628,571625.1064176393
2918704,Lafaiete Coutinho,ISSQN,Prophet,2022,161328.1755141813,571625.1064176393
2918704,Lafaiete Coutinho,ISSQN,Ensemble,2022,299810.692794454,571625.1064176393
2918704,Lafaiete Coutinho,ISSQN,Naive,2023,571625.1064176393,762708.5556077075
2918704,Lafaiete Coutinho,ISSQN,ETS,2023,633907.8432119758,762708.5556077075
2918704,Lafaiete Coutinho,ISSQN,SARIMA,2023,808578.3572001355,762708.5556077075
2918704,Lafaiete Coutinho,ISSQN,Theta,2023,667428.9929919613,762708.5556077075
2918704,Lafaiete Coutinho,ISSQN,Prophet,2023,438959.6954026301,762708.5556077075
2918704,Lafaiete Coutinho,ISSQN,Ensemble,2023,637218.7222016756,762708.5556077075
2918704,Lafaiete Coutinho,ISSQN,Naive,2024,762708.5556077075,442667.05928558006
2918704,Lafaiete Coutinho,ISSQN,ETS,2024,744629.069823781,442667.05928558006
2918704,Lafaiete Coutinho,ISSQN,SARIMA,2024,667989.2396945909,442667.05928558006
2918704,Lafaiete Coutinho,ISSQN,Theta,2024,667333.505941384,442667.05928558006
2918704,Lafaiete Coutinho,ISSQN,Prophet,2024,648947.6303369947,442667.05928558006
2918704,Lafaiete Coutinho,ISSQN,Ensemble,2024,682224.8614491876,442667.05928558006
2918704,Lafaiete Coutinho,ISSQN,Naive,2025,442667.05928558006,425052.40745517437
2918704,Lafaiete Coutinho,ISSQN,ETS,2025,578453.0335944818,425052.40745517437
2918704,Lafaiete Coutinho,ISSQN,SARIMA,2025,420198.5013260725,425052.40745517437
2918704,Lafaiete Coutinho,ISSQN,Theta,2025,583883.758026781,425052.40745517437
2918704,Lafaiete Coutinho,ISSQN,Prophet,2025,584795.0121879294,425052.40745517437
2918704,Lafaiete Coutinho,ISSQN,Ensemble,2025,541832.5762838161,425052.40745517437
2918001,Jequié,IPTU,Naive,2021,6757476.021260359,8684019.552604703
2918001,Jequié,IPTU,ETS,2021,9861823.474545086,8684019.552604703
2918001,Jequié,IPTU,SARIMA,2021,5891887.46781798,8684019.552604703
2918001,Jequié,IPTU,Theta,2021,8437953.350307487,8684019.552604703
2918001,Jequié,IPTU,Prophet,2021,9499448.731166214,8684019.552604703
2918001,Jequié,IPTU,Ensemble,2021,8422778.25595919,8684019.552604703
2918001,Jequié,IPTU,Naive,2022,8684019.552604703,9965925.535354747
2918001,Jequié,IPTU,ETS,2022,9357256.811648149,9965925.535354747
2918001,Jequié,IPTU,SARIMA,2022,8074782.499818387,9965925.535354747
2918001,Jequié,IPTU,Theta,2022,9334278.649516946,9965925.535354747
2918001,Jequié,IPTU,Prophet,2022,10683888.784786172,9965925.535354747
2918001,Jequié,IPTU,Ensemble,2022,9362551.686442412,9965925.535354747
2918001,Jequié,IPTU,Naive,2023,9965925.535354747,11818911.961466556
2918001,Jequié,IPTU,ETS,2023,11735500.760518363,11818911.961466556
2918001,Jequié,IPTU,SARIMA,2023,8457938.029255476,11818911.961466556
2918001,Jequié,IPTU,Theta,2023,10840365.348046694,11818911.961466556
2918001,Jequié,IPTU,Prophet,2023,11277769.213252518,11818911.961466556
2918001,Jequié,IPTU,Ensemble,2023,10577893.337768264,11818911.961466556
2918001,Jequié,IPTU,Naive,2024,11818911.961466556,12214606.327047847
2918001,Jequié,IPTU,ETS,2024,13189734.279523801,12214606.327047847
2918001,Jequié,IPTU,SARIMA,2024,9329133.738771284,12214606.327047847
2918001,Jequié,IPTU,Theta,2024,12742899.272659283,12214606.327047847
2918001,Jequié,IPTU,Prophet,2024,12609488.82526081,12214606.327047847
2918001,Jequié,IPTU,Ensemble,2024,11967814.029053794,12214606.327047847
2918001,Jequié,IPTU,Naive,2025,12214606.327047847,15014102.855025047
2918001,Jequié,IPTU,ETS,2025,14095533.030797524,15014102.855025047
2918001,Jequié,IPTU,SARIMA,2025,9432039.119407404,15014102.855025047
2918001,Jequié,IPTU,Theta,2025,12542622.770182705,15014102.855025047
2918001,Jequié,IPTU,Prophet,2025,14050153.19097503,15014102.855025047
2918001,Jequié,IPTU,Ensemble,2025,12530087.027840668,15014102.855025047
2919504,Livramento de Nossa Senhora,IPTU,Naive,2021,305564.58223712136,524674.531678627
2919504,Livramento de Nossa Senhora,IPTU,ETS,2021,302835.9902722164,524674.531678627
2919504,Livramento de Nossa Senhora,IPTU,SARIMA,2021,267961.9416081166,524674.531678627
2919504,Livramento de Nossa Senhora,IPTU,Theta,2021,264990.49181341176,524674.531678627
2919504,Livramento de Nossa Senhora,IPTU,Prophet,2021,368950.6551012775,524674.531678627
2919504,Livramento de Nossa Senhora,IPTU,Ensemble,2021,301184.76969875564,524674.531678627
2919504,Livramento de Nossa Senhora,IPTU,Naive,2022,524674.531678627,435448.8451235134
2919504,Livramento de Nossa Senhora,IPTU,ETS,2022,667512.5703415066,435448.8451235134
2919504,Livramento de Nossa Senhora,IPTU,SARIMA,2022,449729.83892738353,435448.8451235134
2919504,Livramento de Nossa Senhora,IPTU,Theta,2022,477471.53448725253,435448.8451235134
2919504,Livramento de Nossa Senhora,IPTU,Prophet,2022,511379.46604455344,435448.8451235134
2919504,Livramento de Nossa Senhora,IPTU,Ensemble,2022,526523.352450174,435448.8451235134
2919504,Livramento de Nossa Senhora,IPTU,Naive,2023,435448.8451235134,691378.8261082306
2919504,Livramento de Nossa Senhora,IPTU,ETS,2023,478375.5334237911,691378.8261082306
2919504,Livramento de Nossa Senhora,IPTU,SARIMA,2023,210973.41988284627,691378.8261082306
2919504,Livramento de Nossa Senhora,IPTU,Theta,2023,470467.2793235689,691378.8261082306
2919504,Livramento de Nossa Senhora,IPTU,Prophet,2023,532867.849884116,691378.8261082306
2919504,Livramento de Nossa Senhora,IPTU,Ensemble,2023,423171.0206285805,691378.8261082306
2919504,Livramento de Nossa Senhora,IPTU,Naive,2024,691378.8261082306,813006.0461265402
2919504,Livramento de Nossa Senhora,IPTU,ETS,2024,583951.7444275644,813006.0461265402
2919504,Livramento de Nossa Senhora,IPTU,SARIMA,2024,639739.5360422651,813006.0461265402
2919504,Livramento de Nossa Senhora,IPTU,Theta,2024,734814.2952980174,813006.0461265402
2919504,Livramento de Nossa Senhora,IPTU,Prophet,2024,656510.2250344027,813006.0461265402
2919504,Livramento de Nossa Senhora,IPTU,Ensemble,2024,653753.9502005625,813006.0461265402
2919504,Livramento de Nossa Senhora,IPTU,Naive,2025,813006.0461265402,907525.4430633968
2919504,Livramento de Nossa Senhora,IPTU,ETS,2025,576569.2815276339,907525.4430633968
2919504,Livramento de Nossa Senhora,IPTU,SARIMA,2025,402421.6554321761,907525.4430633968
2919504,Livramento de Nossa Senhora,IPTU,Theta,2025,794972.0765330903,907525.4430633968
2919504,Livramento de Nossa Senhora,IPTU,Prophet,2025,778084.7306110587,907525.4430633968
2919504,Livramento de Nossa Senhora,IPTU,Ensemble,2025,638011.9360259897,907525.4430633968
2919207,Lauro de Freitas,IPTU,Naive,2021,69920548.817135,85515471.43270767
2919207,Lauro de Freitas,IPTU,ETS,2021,69880757.38988401,85515471.43270767
2919207,Lauro de Freitas,IPTU,SARIMA,2021,58290037.996989146,85515471.43270767
2919207,Lauro de Freitas,IPTU,Theta,2021,72329907.1043596,85515471.43270767
2919207,Lauro de Freitas,IPTU,Prophet,2021,92937712.31456538,85515471.43270767
2919207,Lauro de Freitas,IPTU,Ensemble,2021,73359603.70144953,85515471.43270767
2919207,Lauro de Freitas,IPTU,Naive,2022,85515471.43270767,89048160.3228467
2919207,Lauro de Freitas,IPTU,ETS,2022,76987676.2924398,89048160.3228467
2919207,Lauro de Freitas,IPTU,SARIMA,2022,101018136.08901466,89048160.3228467
2919207,Lauro de Freitas,IPTU,Theta,2022,86613583.13909984,89048160.3228467
2919207,Lauro de Freitas,IPTU,Prophet,2022,99780389.9374277,89048160.3228467
2919207,Lauro de Freitas,IPTU,Ensemble,2022,91099946.3644955,89048160.3228467
2919207,Lauro de Freitas,IPTU,Naive,2023,89048160.3228467,92499057.24565172
2919207,Lauro de Freitas,IPTU,ETS,2023,82357096.74547674,92499057.24565172
2919207,Lauro de Freitas,IPTU,SARIMA,2023,97298393.58778563,92499057.24565172
2919207,Lauro de Freitas,IPTU,Theta,2023,92954168.9955173,92499057.24565172
2919207,Lauro de Freitas,IPTU,Prophet,2023,104429721.21956775,92499057.24565172
2919207,Lauro de Freitas,IPTU,Ensemble,2023,94259845.13708684,92499057.24565172
2919207,Lauro de Freitas,IPTU,Naive,2024,92499057.24565172,107586613.4320002
2919207,Lauro de Freitas,IPTU,ETS,2024,89011808.61724909,107586613.4320002
2919207,Lauro de Freitas,IPTU,SARIMA,2024,91110796.79607035,107586613.4320002
2919207,Lauro de Freitas,IPTU,Theta,2024,95131428.38660751,107586613.4320002
2919207,Lauro de Freitas,IPTU,Prophet,2024,105286078.52684622,107586613.4320002
2919207,Lauro de Freitas,IPTU,Ensemble,2024,95135028.0816933,107586613.4320002
2919207,Lauro de Freitas,IPTU,Naive,2025,107586613.4320002,95635705.44610451
2919207,Lauro de Freitas,IPTU,ETS,2025,109959365.42230459,95635705.44610451
2919207,Lauro de Freitas,IPTU,SARIMA,2025,123312143.13246392,95635705.44610451
2919207,Lauro de Freitas,IPTU,Theta,2025,108674840.42103279,95635705.44610451
2919207,Lauro de Freitas,IPTU,Prophet,2025,115927780.33876453,95635705.44610451
2919207,Lauro de Freitas,IPTU,Ensemble,2025,114468532.32864146,95635705.44610451
2919306,Lençóis,ISSQN,Naive,2021,1503928.4804728532,1868909.9338643607
2919306,Lençóis,ISSQN,ETS,2021,2302544.689367193,1868909.9338643607
2919306,Lençóis,ISSQN,SARIMA,2021,1744298.5934732417,1868909.9338643607
2919306,Lençóis,ISSQN,Theta,2021,2058130.436252383,1868909.9338643607
2919306,Lençóis,ISSQN,Prophet,2021,2316382.743297429,1868909.9338643607
2919306,Lençóis,ISSQN,Ensemble,2021,2105339.1155975615,1868909.9338643607
2919306,Lençóis,ISSQN,Naive,2022,1868909.9338643607,2316164.705269832
2919306,Lençóis,ISSQN,ETS,2022,2253740.9139848324,2316164.705269832
2919306,Lençóis,ISSQN,SARIMA,2022,1743002.3545757204,2316164.705269832
2919306,Lençóis,ISSQN,Theta,2022,2001035.789448708,2316164.705269832
2919306,Lençóis,ISSQN,Prophet,2022,2005617.2809871237,2316164.705269832
2919306,Lençóis,ISSQN,Ensemble,2022,2000849.0847490963,2316164.705269832
2919306,Lençóis,ISSQN,Naive,2023,2316164.705269832,2816062.7601165003
2919306,Lençóis,ISSQN,ETS,2023,2223423.822776424,2816062.7601165003
2919306,Lençóis,ISSQN,SARIMA,2023,1793047.4460889837,2816062.7601165003
2919306,Lençóis,ISSQN,Theta,2023,2374412.0240204153,2816062.7601165003
2919306,Lençóis,ISSQN,Prophet,2023,2022747.8715678228,2816062.7601165003
2919306,Lençóis,ISSQN,Ensemble,2023,2103407.791113411,2816062.7601165003
2919306,Lençóis,ISSQN,Naive,2024,2816062.7601165003,2972602.2642747858
2919306,Lençóis,ISSQN,ETS,2024,2758155.905110416,2972602.2642747858
2919306,Lençóis,ISSQN,SARIMA,2024,2056972.1459801388,2972602.2642747858
2919306,Lençóis,ISSQN,Theta,2024,2807873.0421672184,2972602.2642747858
2919306,Lençóis,ISSQN,Prophet,2024,2293512.6093511623,2972602.2642747858
2919306,Lençóis,ISSQN,Ensemble,2024,2479128.425652234,2972602.2642747858
2919306,Lençóis,ISSQN,Naive,2025,2972602.2642747858,2569871.752578774
2919306,Lençóis,ISSQN,ETS,2025,3160540.447593991,2569871.752578774
2919306,Lençóis,ISSQN,SARIMA,2025,2802624.0860468973,2569871.752578774
2919306,Lençóis,ISSQN,Theta,2025,2986007.2786881886,2569871.752578774
2919306,Lençóis,ISSQN,Prophet,2025,2463303.8641246385,2569871.752578774
2919306,Lençóis,ISSQN,Ensemble,2025,2853118.919113429,2569871.752578774
2919504,Livramento de Nossa Senhora,ISSQN,Naive,2021,2133909.918841555,2533799.904102212
2919504,Livramento de Nossa Senhora,ISSQN,ETS,2021,1632308.143834778,2533799.904102212
2919504,Livramento de Nossa Senhora,ISSQN,SARIMA,2021,1815857.7563203804,2533799.904102212
2919504,Livramento de Nossa Senhora,ISSQN,Theta,2021,2191258.125161983,2533799.904102212
2919504,Livramento de Nossa Senhora,ISSQN,Prophet,2021,2662487.391778049,2533799.904102212
2919504,Livramento de Nossa Senhora,ISSQN,Ensemble,2021,2075477.8542737977,2533799.904102212
2919504,Livramento de Nossa Senhora,ISSQN,Naive,2022,2533799.904102212,3215282.977466342
2919504,Livramento de Nossa Senhora,ISSQN,ETS,2022,2680760.65235143,3215282.977466342
2919504,Livramento de Nossa Senhora,ISSQN,SARIMA,2022,3283628.2348594572,3215282.977466342
2919504,Livramento de Nossa Senhora,ISSQN,Theta,2022,3125630.0157327754,3215282.977466342
2919504,Livramento de Nossa Senhora,ISSQN,Prophet,2022,2708151.694887418,3215282.977466342
2919504,Livramento de Nossa Senhora,ISSQN,Ensemble,2022,2949542.649457771,3215282.977466342
2919504,Livramento de Nossa Senhora,ISSQN,Naive,2023,3215282.977466342,3160780.0938335354
2919504,Livramento de Nossa Senhora,ISSQN,ETS,2023,3266394.5840711817,3160780.0938335354
2919504,Livramento de Nossa Senhora,ISSQN,SARIMA,2023,3960037.2116427757,3160780.0938335354
2919504,Livramento de Nossa Senhora,ISSQN,Theta,2023,4178875.0705387816,3160780.0938335354
2919504,Livramento de Nossa Senhora,ISSQN,Prophet,2023,3099301.90435691,3160780.0938335354
2919504,Livramento de Nossa Senhora,ISSQN,Ensemble,2023,3626152.192652412,3160780.0938335354
2919504,Livramento de Nossa Senhora,ISSQN,Naive,2024,3160780.0938335354,3775204.1881083804
2919504,Livramento de Nossa Senhora,ISSQN,ETS,2024,3066133.9711138178,3775204.1881083804
2919504,Livramento de Nossa Senhora,ISSQN,SARIMA,2024,3196973.4120721356,3775204.1881083804
2919504,Livramento de Nossa Senhora,ISSQN,Theta,2024,3096174.3116016574,3775204.1881083804
2919504,Livramento de Nossa Senhora,ISSQN,Prophet,2024,3240914.804891212,3775204.1881083804
2919504,Livramento de Nossa Senhora,ISSQN,Ensemble,2024,3150049.124919705,3775204.1881083804
2919504,Livramento de Nossa Senhora,ISSQN,Naive,2025,3775204.1881083804,3985983.2874613875
2919504,Livramento de Nossa Senhora,ISSQN,ETS,2025,3728109.640722754,3985983.2874613875
2919504,Livramento de Nossa Senhora,ISSQN,SARIMA,2025,4307272.774730769,3985983.2874613875
2919504,Livramento de Nossa Senhora,ISSQN,Theta,2025,3902479.361435374,3985983.2874613875
2919504,Livramento de Nossa Senhora,ISSQN,Prophet,2025,3615478.453117939,3985983.2874613875
2919504,Livramento de Nossa Senhora,ISSQN,Ensemble,2025,3888335.0575017096,3985983.2874613875
2919553,Luís Eduardo Magalhães,IPTU,Naive,2021,31423476.113807704,41803845.86457117
2919553,Luís Eduardo Magalhães,IPTU,ETS,2021,60357608.99547701,41803845.86457117
2919553,Luís Eduardo Magalhães,IPTU,SARIMA,2021,20057820.313168384,41803845.86457117
2919553,Luís Eduardo Magalhães,IPTU,Theta,2021,32500808.93338148,41803845.86457117
2919553,Luís Eduardo Magalhães,IPTU,Prophet,2021,38838107.39631155,41803845.86457117
2919553,Luís Eduardo Magalhães,IPTU,Ensemble,2021,37938586.40958461,41803845.86457117
2919553,Luís Eduardo Magalhães,IPTU,Naive,2022,41803845.86457117,41638004.96182273
2919553,Luís Eduardo Magalhães,IPTU,ETS,2022,26816888.312136102,41638004.96182273
2919553,Luís Eduardo Magalhães,IPTU,SARIMA,2022,27755510.69543652,41638004.96182273
2919553,Luís Eduardo Magalhães,IPTU,Theta,2022,44285121.52291933,41638004.96182273
2919553,Luís Eduardo Magalhães,IPTU,Prophet,2022,45533339.55073123,41638004.96182273
2919553,Luís Eduardo Magalhães,IPTU,Ensemble,2022,36097715.0203058,41638004.96182273
2919553,Luís Eduardo Magalhães,IPTU,Naive,2023,41638004.96182273,47431816.12151128
2919553,Luís Eduardo Magalhães,IPTU,ETS,2023,39149186.24809086,47431816.12151128
2919553,Luís Eduardo Magalhães,IPTU,SARIMA,2023,36466511.51351205,47431816.12151128
2919553,Luís Eduardo Magalhães,IPTU,Theta,2023,48152060.85290773,47431816.12151128
2919553,Luís Eduardo Magalhães,IPTU,Prophet,2023,47917274.24470937,47431816.12151128
2919553,Luís Eduardo Magalhães,IPTU,Ensemble,2023,42921258.214805,47431816.12151128
2919553,Luís Eduardo Magalhães,IPTU,Naive,2024,47431816.12151128,49968051.4881874
2919553,Luís Eduardo Magalhães,IPTU,ETS,2024,50077486.22576602,49968051.4881874
2919553,Luís Eduardo Magalhães,IPTU,SARIMA,2024,61703666.10242057,49968051.4881874
2919553,Luís Eduardo Magalhães,IPTU,Theta,2024,53457796.208465554,49968051.4881874
2919553,Luís Eduardo Magalhães,IPTU,Prophet,2024,53049953.59643647,49968051.4881874
2919553,Luís Eduardo Magalhães,IPTU,Ensemble,2024,54572225.533272155,49968051.4881874
2919553,Luís Eduardo Magalhães,IPTU,Naive,2025,49968051.4881874,51949848.4050356
2919553,Luís Eduardo Magalhães,IPTU,ETS,2025,54115296.798823886,51949848.4050356
2919553,Luís Eduardo Magalhães,IPTU,SARIMA,2025,20670531.72316268,51949848.4050356
2919553,Luís Eduardo Magalhães,IPTU,Theta,2025,50217600.760969006,51949848.4050356
2919553,Luís Eduardo Magalhães,IPTU,Prophet,2025,56208216.51522823,51949848.4050356
2919553,Luís Eduardo Magalhães,IPTU,Ensemble,2025,45302911.44954595,51949848.4050356
2919157,Lapão,IPTU,Naive,2021,264641.1653177973,292838.2083237663
2919157,Lapão,IPTU,ETS,2021,368170.1524417991,292838.2083237663
2919157,Lapão,IPTU,SARIMA,2021,168877.70949659543,292838.2083237663
2919157,Lapão,IPTU,Theta,2021,379954.258891291,292838.2083237663
2919157,Lapão,IPTU,Prophet,2021,317885.7202162169,292838.2083237663
2919157,Lapão,IPTU,Ensemble,2021,308721.9602614755,292838.2083237663
2919157,Lapão,IPTU,Naive,2022,292838.2083237663,626382.866994345
2919157,Lapão,IPTU,ETS,2022,321005.05356828077,626382.866994345
2919157,Lapão,IPTU,SARIMA,2022,185970.94945210085,626382.866994345
2919157,Lapão,IPTU,Theta,2022,321881.6574393748,626382.866994345
2919157,Lapão,IPTU,Prophet,2022,323151.3401839023,626382.866994345
2919157,Lapão,IPTU,Ensemble,2022,288002.2501609146,626382.866994345
2919157,Lapão,IPTU,Naive,2023,626382.866994345,303910.38455220533
2919157,Lapão,IPTU,ETS,2023,491464.5994080531,303910.38455220533
2919157,Lapão,IPTU,SARIMA,2023,312285.37836674263,303910.38455220533
2919157,Lapão,IPTU,Theta,2023,471794.8902814206,303910.38455220533
2919157,Lapão,IPTU,Prophet,2023,872192.8901816487,303910.38455220533
2919157,Lapão,IPTU,Ensemble,2023,536934.4395594664,303910.38455220533
2919157,Lapão,IPTU,Naive,2024,303910.38455220533,311496.5510943156
2919157,Lapão,IPTU,ETS,2024,419688.59647226,311496.5510943156
2919157,Lapão,IPTU,SARIMA,2024,290147.274210783,311496.5510943156
2919157,Lapão,IPTU,Theta,2024,381527.4973064926,311496.5510943156
2919157,Lapão,IPTU,Prophet,2024,502414.74401604926,311496.5510943156
2919157,Lapão,IPTU,Ensemble,2024,398444.5280013962,311496.5510943156
2919157,Lapão,IPTU,Naive,2025,311496.5510943156,362592.0650915969
2919157,Lapão,IPTU,ETS,2025,388669.9397195586,362592.0650915969
2919157,Lapão,IPTU,SARIMA,2025,412657.9262633781,362592.0650915969
2919157,Lapão,IPTU,Theta,2025,357457.88205163414,362592.0650915969
2919157,Lapão,IPTU,Prophet,2025,323503.8605036683,362592.0650915969
2919157,Lapão,IPTU,Ensemble,2025,370572.40213455976,362592.0650915969
2919207,Lauro de Freitas,ISSQN,Naive,2021,119833062.08378366,141220802.28178406
2919207,Lauro de Freitas,ISSQN,ETS,2021,129490801.43109126,141220802.28178406
2919207,Lauro de Freitas,ISSQN,SARIMA,2021,118377379.31895787,141220802.28178406
2919207,Lauro de Freitas,ISSQN,Theta,2021,132717347.96290107,141220802.28178406
2919207,Lauro de Freitas,ISSQN,Prophet,2021,122529943.34830564,141220802.28178406
2919207,Lauro de Freitas,ISSQN,Ensemble,2021,125778868.01531395,141220802.28178406
2919207,Lauro de Freitas,ISSQN,Naive,2022,141220802.28178406,164710950.25274923
2919207,Lauro de Freitas,ISSQN,ETS,2022,155184766.67653945,164710950.25274923
2919207,Lauro de Freitas,ISSQN,SARIMA,2022,160682008.52516773,164710950.25274923
2919207,Lauro de Freitas,ISSQN,Theta,2022,152827329.55628538,164710950.25274923
2919207,Lauro de Freitas,ISSQN,Prophet,2022,149260711.50532022,164710950.25274923
2919207,Lauro de Freitas,ISSQN,Ensemble,2022,154488704.0658282,164710950.25274923
2919207,Lauro de Freitas,ISSQN,Naive,2023,164710950.25274923,163020657.9960405
2919207,Lauro de Freitas,ISSQN,ETS,2023,174574439.96536812,163020657.9960405
2919207,Lauro de Freitas,ISSQN,SARIMA,2023,179718044.6631229,163020657.9960405
2919207,Lauro de Freitas,ISSQN,Theta,2023,178163164.87444192,163020657.9960405
2919207,Lauro de Freitas,ISSQN,Prophet,2023,182130780.72595268,163020657.9960405
2919207,Lauro de Freitas,ISSQN,Ensemble,2023,178646607.5572214,163020657.9960405
2919207,Lauro de Freitas,ISSQN,Naive,2024,163020657.9960405,160035437.64864498
2919207,Lauro de Freitas,ISSQN,ETS,2024,158640655.28951415,160035437.64864498
2919207,Lauro de Freitas,ISSQN,SARIMA,2024,159948481.03378454,160035437.64864498
2919207,Lauro de Freitas,ISSQN,Theta,2024,160479633.17529356,160035437.64864498
2919207,Lauro de Freitas,ISSQN,Prophet,2024,179993023.14533788,160035437.64864498
2919207,Lauro de Freitas,ISSQN,Ensemble,2024,164765448.16098252,160035437.64864498
2919207,Lauro de Freitas,ISSQN,Naive,2025,160035437.64864498,157097663.33595785
2919207,Lauro de Freitas,ISSQN,ETS,2025,158436157.79942903,157097663.33595785
2919207,Lauro de Freitas,ISSQN,SARIMA,2025,161280708.819026,157097663.33595785
2919207,Lauro de Freitas,ISSQN,Theta,2025,160342757.26430118,157097663.33595785
2919207,Lauro de Freitas,ISSQN,Prophet,2025,177772970.55981475,157097663.33595785
2919207,Lauro de Freitas,ISSQN,Ensemble,2025,164458148.61064276,157097663.33595785
2919306,Lençóis,IPTU,Naive,2021,604723.6980725641,700066.1788319903
2919306,Lençóis,IPTU,ETS,2021,876789.2048773755,700066.1788319903
2919306,Lençóis,IPTU,SARIMA,2021,575525.9908738936,700066.1788319903
2919306,Lençóis,IPTU,Theta,2021,693356.8383485626,700066.1788319903
2919306,Lençóis,IPTU,Prophet,2021,777662.7750321865,700066.1788319903
2919306,Lençóis,IPTU,Ensemble,2021,730833.7022830044,700066.1788319903
2919306,Lençóis,IPTU,Naive,2022,700066.1788319903,573677.0247676055
2919306,Lençóis,IPTU,ETS,2022,792556.2728198102,573677.0247676055
2919306,Lençóis,IPTU,SARIMA,2022,870956.0234390899,573677.0247676055
2919306,Lençóis,IPTU,Theta,2022,771627.608756585,573677.0247676055
2919306,Lençóis,IPTU,Prophet,2022,874083.9740288397,573677.0247676055
2919306,Lençóis,IPTU,Ensemble,2022,827305.9697610814,573677.0247676055
2919306,Lençóis,IPTU,Naive,2023,573677.0247676055,568109.0728631653
2919306,Lençóis,IPTU,ETS,2023,661708.9243573705,568109.0728631653
2919306,Lençóis,IPTU,SARIMA,2023,292414.0976663376,568109.0728631653
2919306,Lençóis,IPTU,Theta,2023,347458.94484114635,568109.0728631653
2919306,Lençóis,IPTU,Prophet,2023,794443.0096608131,568109.0728631653
2919306,Lençóis,IPTU,Ensemble,2023,524006.24413141684,568109.0728631653
2919306,Lençóis,IPTU,Naive,2024,568109.0728631653,525670.7578453075
2919306,Lençóis,IPTU,ETS,2024,716686.0893892616,525670.7578453075
2919306,Lençóis,IPTU,SARIMA,2024,344416.28593835427,525670.7578453075
2919306,Lençóis,IPTU,Theta,2024,483955.0225735294,525670.7578453075
2919306,Lençóis,IPTU,Prophet,2024,681305.6744101798,525670.7578453075
2919306,Lençóis,IPTU,Ensemble,2024,556590.7680778311,525670.7578453075
2919306,Lençóis,IPTU,Naive,2025,525670.7578453075,545091.9391254303
2919306,Lençóis,IPTU,ETS,2025,726349.4577238079,545091.9391254303
2919306,Lençóis,IPTU,SARIMA,2025,337411.116802333,545091.9391254303
2919306,Lençóis,IPTU,Theta,2025,583426.625484224,545091.9391254303
2919306,Lençóis,IPTU,Prophet,2025,632075.120486124,545091.9391254303
2919306,Lençóis,IPTU,Ensemble,2025,569815.5801241222,545091.9391254303
2918902,Lajedão,IPTU,Naive,2021,70718.57335251528,77582.1227557628
2918902,Lajedão,IPTU,ETS,2021,67349.6947852985,77582.1227557628
2918902,Lajedão,IPTU,SARIMA,2021,102098.51847935794,77582.1227557628
2918902,Lajedão,IPTU,Theta,2021,42754.00371109111,77582.1227557628
2918902,Lajedão,IPTU,Prophet,2021,49400.943707531245,77582.1227557628
2918902,Lajedão,IPTU,Ensemble,2021,65400.7901708197,77582.1227557628
2918902,Lajedão,IPTU,Naive,2022,77582.1227557628,51914.43949736765
2918902,Lajedão,IPTU,ETS,2022,68592.23649472739,51914.43949736765
2918902,Lajedão,IPTU,SARIMA,2022,75357.3874828693,51914.43949736765
2918902,Lajedão,IPTU,Theta,2022,33947.26402561921,51914.43949736765
2918902,Lajedão,IPTU,Prophet,2022,51054.0760406042,51914.43949736765
2918902,Lajedão,IPTU,Ensemble,2022,57237.741010955026,51914.43949736765
2918902,Lajedão,IPTU,Naive,2023,51914.43949736765,72015.90766581093
2918902,Lajedão,IPTU,ETS,2023,61652.084779842706,72015.90766581093
2918902,Lajedão,IPTU,SARIMA,2023,46501.75550309749,72015.90766581093
2918902,Lajedão,IPTU,Theta,2023,38592.75781880223,72015.90766581093
2918902,Lajedão,IPTU,Prophet,2023,45121.610226554316,72015.90766581093
2918902,Lajedão,IPTU,Ensemble,2023,47967.05208207419,72015.90766581093
2918902,Lajedão,IPTU,Naive,2024,72015.90766581093,44880.42175370886
2918902,Lajedão,IPTU,ETS,2024,72393.39544298823,44880.42175370886
2918902,Lajedão,IPTU,SARIMA,2024,59630.678167345446,44880.42175370886
2918902,Lajedão,IPTU,Theta,2024,36599.86165231887,44880.42175370886
2918902,Lajedão,IPTU,Prophet,2024,50659.360279650755,44880.42175370886
2918902,Lajedão,IPTU,Ensemble,2024,54820.82388557582,44880.42175370886
2918902,Lajedão,IPTU,Naive,2025,44880.42175370886,70796.33646165866
2918902,Lajedão,IPTU,ETS,2025,57052.73202939305,70796.33646165866
2918902,Lajedão,IPTU,SARIMA,2025,34689.49368670022,70796.33646165866
2918902,Lajedão,IPTU,Theta,2025,32275.296431052804,70796.33646165866
2918902,Lajedão,IPTU,Prophet,2025,39475.58873876276,70796.33646165866
2918902,Lajedão,IPTU,Ensemble,2025,40873.27772147721,70796.33646165866
2919553,Luís Eduardo Magalhães,ISSQN,Naive,2021,46512185.86282566,56761005.36245033
2919553,Luís Eduardo Magalhães,ISSQN,ETS,2021,46903007.32670545,56761005.36245033
2919553,Luís Eduardo Magalhães,ISSQN,SARIMA,2021,47589773.84129014,56761005.36245033
2919553,Luís Eduardo Magalhães,ISSQN,Theta,2021,48825808.808720015,56761005.36245033
2919553,Luís Eduardo Magalhães,ISSQN,Prophet,2021,46729604.07877755,56761005.36245033
2919553,Luís Eduardo Magalhães,ISSQN,Ensemble,2021,47512048.51387328,56761005.36245033
2919553,Luís Eduardo Magalhães,ISSQN,Naive,2022,56761005.36245033,72653973.46077904
2919553,Luís Eduardo Magalhães,ISSQN,ETS,2022,58414180.44191245,72653973.46077904
2919553,Luís Eduardo Magalhães,ISSQN,SARIMA,2022,62139240.05003823,72653973.46077904
2919553,Luís Eduardo Magalhães,ISSQN,Theta,2022,60760559.79092121,72653973.46077904
2919553,Luís Eduardo Magalhães,ISSQN,Prophet,2022,58857716.84341323,72653973.46077904
2919553,Luís Eduardo Magalhães,ISSQN,Ensemble,2022,60042924.281571284,72653973.46077904
2919553,Luís Eduardo Magalhães,ISSQN,Naive,2023,72653973.46077904,84646768.45409659
2919553,Luís Eduardo Magalhães,ISSQN,ETS,2023,75418057.61451669,84646768.45409659
2919553,Luís Eduardo Magalhães,ISSQN,SARIMA,2023,86049444.26439273,84646768.45409659
2919553,Luís Eduardo Magalhães,ISSQN,Theta,2023,76928766.97528988,84646768.45409659
2919553,Luís Eduardo Magalhães,ISSQN,Prophet,2023,78883780.86368987,84646768.45409659
2919553,Luís Eduardo Magalhães,ISSQN,Ensemble,2023,79320012.4294723,84646768.45409659
2919553,Luís Eduardo Magalhães,ISSQN,Naive,2024,84646768.45409659,92314466.73329192
2919553,Luís Eduardo Magalhães,ISSQN,ETS,2024,102911942.26591113,92314466.73329192
2919553,Luís Eduardo Magalhães,ISSQN,SARIMA,2024,97992065.92492229,92314466.73329192
2919553,Luís Eduardo Magalhães,ISSQN,Theta,2024,88803535.15644711,92314466.73329192
2919553,Luís Eduardo Magalhães,ISSQN,Prophet,2024,94186273.42578043,92314466.73329192
2919553,Luís Eduardo Magalhães,ISSQN,Ensemble,2024,95973454.19326526,92314466.73329192
2919553,Luís Eduardo Magalhães,ISSQN,Naive,2025,92314466.73329192,102176275.11830424
2919553,Luís Eduardo Magalhães,ISSQN,ETS,2025,93987397.82853273,102176275.11830424
2919553,Luís Eduardo Magalhães,ISSQN,SARIMA,2025,106021374.48074529,102176275.11830424
2919553,Luís Eduardo Magalhães,ISSQN,Theta,2025,95567612.01748598,102176275.11830424
2919553,Luís Eduardo Magalhães,ISSQN,Prophet,2025,104102671.22909734,102176275.11830424
2919553,Luís Eduardo Magalhães,ISSQN,Ensemble,2025,99919763.88896534,102176275.11830424
2919603,Macajuba,ISSQN,Naive,2021,648474.3108814122,1241525.0390203116
2919603,Macajuba,ISSQN,ETS,2021,691664.0614706844,1241525.0390203116
2919603,Macajuba,ISSQN,SARIMA,2021,648203.3963468592,1241525.0390203116
2919603,Macajuba,ISSQN,Theta,2021,711644.9474720547,1241525.0390203116
2919603,Macajuba,ISSQN,Prophet,2021,706551.8261284323,1241525.0390203116
2919603,Macajuba,ISSQN,Ensemble,2021,689516.0578545077,1241525.0390203116
2919603,Macajuba,ISSQN,Naive,2022,1241525.0390203116,1834575.7671592105
2919603,Macajuba,ISSQN,ETS,2022,1316688.7113790927,1834575.7671592105
2919603,Macajuba,ISSQN,SARIMA,2022,1285903.0186984031,1834575.7671592105
2919603,Macajuba,ISSQN,Theta,2022,1359203.2243155572,1834575.7671592105
2919603,Macajuba,ISSQN,Prophet,2022,1019270.2652149585,1834575.7671592105
2919603,Macajuba,ISSQN,Ensemble,2022,1245266.3049020027,1834575.7671592105
2919603,Macajuba,ISSQN,Naive,2023,1834575.7671592105,1209559.951101198
2919603,Macajuba,ISSQN,ETS,2023,1889121.7262005156,1209559.951101198
2919603,Macajuba,ISSQN,SARIMA,2023,2161942.0342402067,1209559.951101198
2919603,Macajuba,ISSQN,Theta,2023,2033572.024164657,1209559.951101198
2919603,Macajuba,ISSQN,Prophet,2023,2119818.247155623,1209559.951101198
2919603,Macajuba,ISSQN,Ensemble,2023,2051113.507940251,1209559.951101198
2919603,Macajuba,ISSQN,Naive,2024,1209559.951101198,1243416.6449043439
2919603,Macajuba,ISSQN,ETS,2024,1322064.4050302946,1243416.6449043439
2919603,Macajuba,ISSQN,SARIMA,2024,1096449.0448315681,1243416.6449043439
2919603,Macajuba,ISSQN,Theta,2024,1277076.4318396784,1243416.6449043439
2919603,Macajuba,ISSQN,Prophet,2024,1532480.3650827683,1243416.6449043439
2919603,Macajuba,ISSQN,Ensemble,2024,1307017.5616960775,1243416.6449043439
2919603,Macajuba,ISSQN,Naive,2025,1243416.6449043439,1188276.0620304476
2919603,Macajuba,ISSQN,ETS,2025,1297422.2110763188,1188276.0620304476
2919603,Macajuba,ISSQN,SARIMA,2025,965589.2449617715,1188276.0620304476
2919603,Macajuba,ISSQN,Theta,2025,1280014.306937947,1188276.0620304476
2919603,Macajuba,ISSQN,Prophet,2025,1541703.8282032493,1188276.0620304476
2919603,Macajuba,ISSQN,Ensemble,2025,1271182.3977948215,1188276.0620304476
2919801,Macaúbas,IPTU,Naive,2021,463600.13338552916,513162.7169331824
2919801,Macaúbas,IPTU,ETS,2021,609889.4934737966,513162.7169331824
2919801,Macaúbas,IPTU,SARIMA,2021,841044.1449521912,513162.7169331824
2919801,Macaúbas,IPTU,Theta,2021,385360.9108123168,513162.7169331824
2919801,Macaúbas,IPTU,Prophet,2021,456303.65721512405,513162.7169331824
2919801,Macaúbas,IPTU,Ensemble,2021,573149.5516133572,513162.7169331824
2919801,Macaúbas,IPTU,Naive,2022,513162.7169331824,409343.02779372426
2919801,Macaúbas,IPTU,ETS,2022,597607.8324806136,409343.02779372426
2919801,Macaúbas,IPTU,SARIMA,2022,743976.1054517372,409343.02779372426
2919801,Macaúbas,IPTU,Theta,2022,326985.80617446464,409343.02779372426
2919801,Macaúbas,IPTU,Prophet,2022,539908.3612710156,409343.02779372426
2919801,Macaúbas,IPTU,Ensemble,2022,552119.5263444576,409343.02779372426
2919801,Macaúbas,IPTU,Naive,2023,409343.02779372426,374081.058019107
2919801,Macaúbas,IPTU,ETS,2023,515558.9360061729,374081.058019107
2919801,Macaúbas,IPTU,SARIMA,2023,308319.4368524325,374081.058019107
2919801,Macaúbas,IPTU,Theta,2023,462649.9844047779,374081.058019107
2919801,Macaúbas,IPTU,Prophet,2023,521591.41229184985,374081.058019107
2919801,Macaúbas,IPTU,Ensemble,2023,452029.9423888083,374081.058019107
2919801,Macaúbas,IPTU,Naive,2024,374081.058019107,394022.182507775
2919801,Macaúbas,IPTU,ETS,2024,484566.3912186806,394022.182507775
2919801,Macaúbas,IPTU,SARIMA,2024,319573.733213675,394022.182507775
2919801,Macaúbas,IPTU,Theta,2024,436467.34797829844,394022.182507775
2919801,Macaúbas,IPTU,Prophet,2024,519471.496394766,394022.182507775
2919801,Macaúbas,IPTU,Ensemble,2024,440019.74220135505,394022.182507775
2919801,Macaúbas,IPTU,Naive,2025,394022.182507775,449637.5224162898
2919801,Macaúbas,IPTU,ETS,2025,482943.29788155353,449637.5224162898
2919801,Macaúbas,IPTU,SARIMA,2025,331629.64408036333,449637.5224162898
2919801,Macaúbas,IPTU,Theta,2025,578620.8461503875,449637.5224162898
2919801,Macaúbas,IPTU,Prophet,2025,467841.40678337036,449637.5224162898
2919801,Macaúbas,IPTU,Ensemble,2025,465258.7987239187,449637.5224162898
2919801,Macaúbas,ISSQN,Naive,2021,2152903.035008917,1944793.2289002798
2919801,Macaúbas,ISSQN,ETS,2021,2759394.5847203154,1944793.2289002798
2919801,Macaúbas,ISSQN,SARIMA,2021,2214945.7978286003,1944793.2289002798
2919801,Macaúbas,ISSQN,Theta,2021,2149192.88806331,1944793.2289002798
2919801,Macaúbas,ISSQN,Prophet,2021,2511368.0484226523,1944793.2289002798
2919801,Macaúbas,ISSQN,Ensemble,2021,2408725.3297587195,1944793.2289002798
2919801,Macaúbas,ISSQN,Naive,2022,1944793.2289002798,3493908.545060163
2919801,Macaúbas,ISSQN,ETS,2022,2102910.7014905545,3493908.545060163
2919801,Macaúbas,ISSQN,SARIMA,2022,2128354.897117153,3493908.545060163
2919801,Macaúbas,ISSQN,Theta,2022,2078981.6251173473,3493908.545060163
2919801,Macaúbas,ISSQN,Prophet,2022,2268691.978744896,3493908.545060163
2919801,Macaúbas,ISSQN,Ensemble,2022,2144734.8006174876,3493908.545060163
2919801,Macaúbas,ISSQN,Naive,2023,3493908.545060163,2659431.367969404
2919801,Macaúbas,ISSQN,ETS,2023,4309062.454123088,2659431.367969404
2919801,Macaúbas,ISSQN,SARIMA,2023,4536359.530192286,2659431.367969404
2919801,Macaúbas,ISSQN,Theta,2023,4405526.753852899,2659431.367969404
2919801,Macaúbas,ISSQN,Prophet,2023,2926819.2849981617,2659431.367969404
2919801,Macaúbas,ISSQN,Ensemble,2023,4044442.0057916087,2659431.367969404
2919801,Macaúbas,ISSQN,Naive,2024,2659431.367969404,2933685.562454404
2919801,Macaúbas,ISSQN,ETS,2024,2563193.2122863587,2933685.562454404
2919801,Macaúbas,ISSQN,SARIMA,2024,2546532.522455661,2933685.562454404
2919801,Macaúbas,ISSQN,Theta,2024,2986726.637205345,2933685.562454404
2919801,Macaúbas,ISSQN,Prophet,2024,2909097.8746255217,2933685.562454404
2919801,Macaúbas,ISSQN,Ensemble,2024,2751387.5616432214,2933685.562454404
2919801,Macaúbas,ISSQN,Naive,2025,2933685.562454404,3223689.9916193946
2919801,Macaúbas,ISSQN,ETS,2025,3095750.2527037705,3223689.9916193946
2919801,Macaúbas,ISSQN,SARIMA,2025,3339750.4299379475,3223689.9916193946
2919801,Macaúbas,ISSQN,Theta,2025,3129090.878037732,3223689.9916193946
2919801,Macaúbas,ISSQN,Prophet,2025,3096204.690051661,3223689.9916193946
2919801,Macaúbas,ISSQN,Ensemble,2025,3165199.062682777,3223689.9916193946
2919959,Maetinga,IPTU,Naive,2022,216728.13460586133,199747.33044093451
2919959,Maetinga,IPTU,ETS,2022,325826.8438682654,199747.33044093451
2919959,Maetinga,IPTU,SARIMA,2022,261013.94246800803,199747.33044093451
2919959,Maetinga,IPTU,Theta,2022,405902.59954642446,199747.33044093451
2919959,Maetinga,IPTU,Prophet,2022,156838.20384121922,199747.33044093451
2919959,Maetinga,IPTU,Ensemble,2022,287395.3974309793,199747.33044093451
2919959,Maetinga,IPTU,Naive,2023,199747.33044093451,182859.19075188375
2919959,Maetinga,IPTU,ETS,2023,393920.5322957997,182859.19075188375
2919959,Maetinga,IPTU,SARIMA,2023,335624.16556101304,182859.19075188375
2919959,Maetinga,IPTU,Theta,2023,161381.2861810049,182859.19075188375
2919959,Maetinga,IPTU,Prophet,2023,175940.4239056721,182859.19075188375
2919959,Maetinga,IPTU,Ensemble,2023,266716.60198587243,182859.19075188375
2919959,Maetinga,IPTU,Naive,2024,182859.19075188375,97038.89575676795
2919959,Maetinga,IPTU,ETS,2024,340214.4895120566,97038.89575676795
2919959,Maetinga,IPTU,SARIMA,2024,307374.2766775428,97038.89575676795
2919959,Maetinga,IPTU,Theta,2024,258394.00073712532,97038.89575676795
2919959,Maetinga,IPTU,Prophet,2024,184746.42843285645,97038.89575676795
2919959,Maetinga,IPTU,Ensemble,2024,272682.2988398953,97038.89575676795
2919959,Maetinga,IPTU,Naive,2025,97038.89575676795,118355.06194948165
2919959,Maetinga,IPTU,ETS,2025,251760.7657670832,118355.06194948165
2919959,Maetinga,IPTU,SARIMA,2025,74913.25694003352,118355.06194948165
2919959,Maetinga,IPTU,Theta,2025,103289.11889252134,118355.06194948165
2919959,Maetinga,IPTU,Prophet,2025,158652.04188594333,118355.06194948165
2919959,Maetinga,IPTU,Ensemble,2025,147153.79587139536,118355.06194948165
2919900,Macururé,ISSQN,Naive,2021,832669.2795624252,866693.6562699054
2919900,Macururé,ISSQN,ETS,2021,672156.5653633449,866693.6562699054
2919900,Macururé,ISSQN,SARIMA,2021,614133.9207341834,866693.6562699054
2919900,Macururé,ISSQN,Theta,2021,989859.6515782133,866693.6562699054
2919900,Macururé,ISSQN,Prophet,2021,872372.7498172234,866693.6562699054
2919900,Macururé,ISSQN,Ensemble,2021,787130.7218732411,866693.6562699054
2919900,Macururé,ISSQN,Naive,2022,866693.6562699054,900718.0329773856
2919900,Macururé,ISSQN,ETS,2022,1079595.5755355314,900718.0329773856
2919900,Macururé,ISSQN,SARIMA,2022,948775.1028747994,900718.0329773856
2919900,Macururé,ISSQN,Theta,2022,1067740.106154681,900718.0329773856
2919900,Macururé,ISSQN,Prophet,2022,1006451.923193789,900718.0329773856
2919900,Macururé,ISSQN,Ensemble,2022,1025640.6769397001,900718.0329773856
2919900,Macururé,ISSQN,Naive,2023,900718.0329773856,1273880.2750782364
2919900,Macururé,ISSQN,ETS,2023,1161578.520347654,1273880.2750782364
2919900,Macururé,ISSQN,SARIMA,2023,670074.8026335558,1273880.2750782364
2919900,Macururé,ISSQN,Theta,2023,1168395.4038750327,1273880.2750782364
2919900,Macururé,ISSQN,Prophet,2023,1119145.6368719784,1273880.2750782364
2919900,Macururé,ISSQN,Ensemble,2023,1029798.5909320551,1273880.2750782364
2919900,Macururé,ISSQN,Naive,2024,1273880.2750782364,633487.3981935596
2919900,Macururé,ISSQN,ETS,2024,1742993.1357824015,633487.3981935596
2919900,Macururé,ISSQN,SARIMA,2024,1211872.2032034576,633487.3981935596
2919900,Macururé,ISSQN,Theta,2024,1163498.995524267,633487.3981935596
2919900,Macururé,ISSQN,Prophet,2024,1317943.7890087583,633487.3981935596
2919900,Macururé,ISSQN,Ensemble,2024,1359077.0308797213,633487.3981935596
2919900,Macururé,ISSQN,Naive,2025,633487.3981935596,491525.6385275019
2919900,Macururé,ISSQN,ETS,2025,735962.0173991602,491525.6385275019
2919900,Macururé,ISSQN,SARIMA,2025,496077.04525906366,491525.6385275019
2919900,Macururé,ISSQN,Theta,2025,529417.8465442895,491525.6385275019
2919900,Macururé,ISSQN,Prophet,2025,1160638.6654805886,491525.6385275019
2919900,Macururé,ISSQN,Ensemble,2025,730523.8936707755,491525.6385275019
2920106,Mairi,ISSQN,Naive,2021,1111694.3880519886,1193502.6988783658
2920106,Mairi,ISSQN,ETS,2021,1147947.634007824,1193502.6988783658
2920106,Mairi,ISSQN,SARIMA,2021,1033961.2346862183,1193502.6988783658
2920106,Mairi,ISSQN,Theta,2021,1230129.510586242,1193502.6988783658
2920106,Mairi,ISSQN,Prophet,2021,1104696.5870565795,1193502.6988783658
2920106,Mairi,ISSQN,Ensemble,2021,1129183.7415842158,1193502.6988783658
2920106,Mairi,ISSQN,Naive,2022,1193502.6988783658,1726116.2499443446
2920106,Mairi,ISSQN,ETS,2022,1153430.1392905586,1726116.2499443446
2920106,Mairi,ISSQN,SARIMA,2022,1186872.6482996535,1726116.2499443446
2920106,Mairi,ISSQN,Theta,2022,1223485.6891170864,1726116.2499443446
2920106,Mairi,ISSQN,Prophet,2022,1166718.9061657223,1726116.2499443446
2920106,Mairi,ISSQN,Ensemble,2022,1182626.845718255,1726116.2499443446
2920106,Mairi,ISSQN,Naive,2023,1726116.2499443446,1735784.218734629
2920106,Mairi,ISSQN,ETS,2023,1763741.1357284335,1735784.218734629
2920106,Mairi,ISSQN,SARIMA,2023,1807863.8518086686,1735784.218734629
2920106,Mairi,ISSQN,Theta,2023,1906698.4219361395,1735784.218734629
2920106,Mairi,ISSQN,Prophet,2023,1482999.807648506,1735784.218734629
2920106,Mairi,ISSQN,Ensemble,2023,1740325.8042804366,1735784.218734629
2920106,Mairi,ISSQN,Naive,2024,1735784.218734629,2359024.0827834127
2920106,Mairi,ISSQN,ETS,2024,1724692.2479694409,2359024.0827834127
2920106,Mairi,ISSQN,SARIMA,2024,1935807.1453998364,2359024.0827834127
2920106,Mairi,ISSQN,Theta,2024,1783134.0661861137,2359024.0827834127
2920106,Mairi,ISSQN,Prophet,2024,1685577.5403714834,2359024.0827834127
2920106,Mairi,ISSQN,Ensemble,2024,1782302.7499817186,2359024.0827834127
2920106,Mairi,ISSQN,Naive,2025,2359024.0827834127,2001280.044849904
2920106,Mairi,ISSQN,ETS,2025,2571125.973742872,2001280.044849904
2920106,Mairi,ISSQN,SARIMA,2025,2318190.382718572,2001280.044849904
2920106,Mairi,ISSQN,Theta,2025,2516248.919131472,2001280.044849904
2920106,Mairi,ISSQN,Prophet,2025,2369237.493202611,2001280.044849904
2920106,Mairi,ISSQN,Ensemble,2025,2443700.6921988814,2001280.044849904
2920403,Manoel Vitorino,ISSQN,Naive,2021,1609223.207829878,1547935.8764683246
2920403,Manoel Vitorino,ISSQN,ETS,2021,1630147.006743388,1547935.8764683246
2920403,Manoel Vitorino,ISSQN,SARIMA,2021,2182976.1002027304,1547935.8764683246
2920403,Manoel Vitorino,ISSQN,Theta,2021,1575239.1673575253,1547935.8764683246
2920403,Manoel Vitorino,ISSQN,Prophet,2021,1365623.7654350766,1547935.8764683246
2920403,Manoel Vitorino,ISSQN,Ensemble,2021,1688496.5099346798,1547935.8764683246
2920403,Manoel Vitorino,ISSQN,Naive,2022,1547935.8764683246,1307003.968149451
2920403,Manoel Vitorino,ISSQN,ETS,2022,1590645.711103552,1307003.968149451
2920403,Manoel Vitorino,ISSQN,SARIMA,2022,1570121.0054670013,1307003.968149451
2920403,Manoel Vitorino,ISSQN,Theta,2022,1347777.8816927553,1307003.968149451
2920403,Manoel Vitorino,ISSQN,Prophet,2022,1118114.1228213704,1307003.968149451
2920403,Manoel Vitorino,ISSQN,Ensemble,2022,1406664.6802711696,1307003.968149451
2920403,Manoel Vitorino,ISSQN,Naive,2023,1307003.968149451,2019267.8540039812
2920403,Manoel Vitorino,ISSQN,ETS,2023,1356418.363010889,2019267.8540039812
2920403,Manoel Vitorino,ISSQN,SARIMA,2023,1384038.2674459217,2019267.8540039812
2920403,Manoel Vitorino,ISSQN,Theta,2023,1091498.0244456935,2019267.8540039812
2920403,Manoel Vitorino,ISSQN,Prophet,2023,914623.4526268598,2019267.8540039812
2920403,Manoel Vitorino,ISSQN,Ensemble,2023,1186644.5268823411,2019267.8540039812
2920403,Manoel Vitorino,ISSQN,Naive,2024,2019267.8540039812,1575764.8034272185
2920403,Manoel Vitorino,ISSQN,ETS,2024,1949148.7180620988,1575764.8034272185
2920403,Manoel Vitorino,ISSQN,SARIMA,2024,1917593.3778277105,1575764.8034272185
2920403,Manoel Vitorino,ISSQN,Theta,2024,1767254.199984514,1575764.8034272185
2920403,Manoel Vitorino,ISSQN,Prophet,2024,1079198.832277138,1575764.8034272185
2920403,Manoel Vitorino,ISSQN,Ensemble,2024,1678298.7820378651,1575764.8034272185
2920403,Manoel Vitorino,ISSQN,Naive,2025,1575764.8034272185,1969939.7043811523
2920403,Manoel Vitorino,ISSQN,ETS,2025,1624645.921360832,1969939.7043811523
2920403,Manoel Vitorino,ISSQN,SARIMA,2025,1603388.402317366,1969939.7043811523
2920403,Manoel Vitorino,ISSQN,Theta,2025,1455445.2287178116,1969939.7043811523
2920403,Manoel Vitorino,ISSQN,Prophet,2025,1050686.701861812,1969939.7043811523
2920403,Manoel Vitorino,ISSQN,Ensemble,2025,1433541.5635644551,1969939.7043811523
2919926,Madre de Deus,ISSQN,Naive,2021,16504671.480239796,16564553.26644066
2919926,Madre de Deus,ISSQN,ETS,2021,16433188.624781566,16564553.26644066
2919926,Madre de Deus,ISSQN,SARIMA,2021,16873536.26734541,16564553.26644066
2919926,Madre de Deus,ISSQN,Theta,2021,16587649.523582496,16564553.26644066
2919926,Madre de Deus,ISSQN,Prophet,2021,17392820.325503908,16564553.26644066
2919926,Madre de Deus,ISSQN,Ensemble,2021,16821798.68530334,16564553.26644066
2919926,Madre de Deus,ISSQN,Naive,2022,16564553.26644066,37808758.39032898
2919926,Madre de Deus,ISSQN,ETS,2022,17310117.56428278,37808758.39032898
2919926,Madre de Deus,ISSQN,SARIMA,2022,16994983.552146558,37808758.39032898
2919926,Madre de Deus,ISSQN,Theta,2022,17170453.585667092,37808758.39032898
2919926,Madre de Deus,ISSQN,Prophet,2022,16966321.752901893,37808758.39032898
2919926,Madre de Deus,ISSQN,Ensemble,2022,17110469.11374958,37808758.39032898
2919926,Madre de Deus,ISSQN,Naive,2023,37808758.39032898,47109545.39399425
2919926,Madre de Deus,ISSQN,ETS,2023,46463230.50449033,47109545.39399425
2919926,Madre de Deus,ISSQN,SARIMA,2023,23748324.745240875,47109545.39399425
2919926,Madre de Deus,ISSQN,Theta,2023,41216926.59752872,47109545.39399425
2919926,Madre de Deus,ISSQN,Prophet,2023,47593842.483232714,47109545.39399425
2919926,Madre de Deus,ISSQN,Ensemble,2023,39755581.08262316,47109545.39399425
2919926,Madre de Deus,ISSQN,Naive,2024,47109545.39399425,49080087.74201144
2919926,Madre de Deus,ISSQN,ETS,2024,62546176.5975744,49080087.74201144
2919926,Madre de Deus,ISSQN,SARIMA,2024,47083996.30117433,49080087.74201144
2919926,Madre de Deus,ISSQN,Theta,2024,50711175.644748546,49080087.74201144
2919926,Madre de Deus,ISSQN,Prophet,2024,52688328.89398015,49080087.74201144
2919926,Madre de Deus,ISSQN,Ensemble,2024,53257419.35936936,49080087.74201144
2919926,Madre de Deus,ISSQN,Naive,2025,49080087.74201144,34937209.891782515
2919926,Madre de Deus,ISSQN,ETS,2025,52116958.66965526,34937209.891782515
2919926,Madre de Deus,ISSQN,SARIMA,2025,44487952.62839015,34937209.891782515
2919926,Madre de Deus,ISSQN,Theta,2025,48654598.56044811,34937209.891782515
2919926,Madre de Deus,ISSQN,Prophet,2025,54522863.95342689,34937209.891782515
2919926,Madre de Deus,ISSQN,Ensemble,2025,49945593.4529801,34937209.891782515
2920908,Mascote,ISSQN,Naive,2021,871410.272846218,1287654.7673571797
2920908,Mascote,ISSQN,ETS,2021,2007871.988732723,1287654.7673571797
2920908,Mascote,ISSQN,SARIMA,2021,1012241.6482257002,1287654.7673571797
2920908,Mascote,ISSQN,Theta,2021,936338.4263221271,1287654.7673571797
2920908,Mascote,ISSQN,Prophet,2021,661874.5701076399,1287654.7673571797
2920908,Mascote,ISSQN,Ensemble,2021,1154581.6583470476,1287654.7673571797
2920908,Mascote,ISSQN,Naive,2022,1287654.7673571797,808606.928645646
2920908,Mascote,ISSQN,ETS,2022,1049871.8486689636,808606.928645646
2920908,Mascote,ISSQN,SARIMA,2022,958945.69413413,808606.928645646
2920908,Mascote,ISSQN,Theta,2022,1099037.1016891613,808606.928645646
2920908,Mascote,ISSQN,Prophet,2022,848946.0057803604,808606.928645646
2920908,Mascote,ISSQN,Ensemble,2022,989200.1625681538,808606.928645646
2920908,Mascote,ISSQN,Naive,2023,808606.928645646,1073886.8785460824
2920908,Mascote,ISSQN,ETS,2023,1407828.2444546698,1073886.8785460824
2920908,Mascote,ISSQN,SARIMA,2023,979253.5265706875,1073886.8785460824
2920908,Mascote,ISSQN,Theta,2023,949919.9270753164,1073886.8785460824
2920908,Mascote,ISSQN,Prophet,2023,728187.907948887,1073886.8785460824
2920908,Mascote,ISSQN,Ensemble,2023,1016297.4015123901,1073886.8785460824
2920908,Mascote,ISSQN,Naive,2024,1073886.8785460824,641084.6834854266
2920908,Mascote,ISSQN,ETS,2024,1050362.4708104178,641084.6834854266
2920908,Mascote,ISSQN,SARIMA,2024,949843.0321829664,641084.6834854266
2920908,Mascote,ISSQN,Theta,2024,839293.3288053322,641084.6834854266
2920908,Mascote,ISSQN,Prophet,2024,767746.7897771297,641084.6834854266
2920908,Mascote,ISSQN,Ensemble,2024,901811.4053939615,641084.6834854266
2920908,Mascote,ISSQN,Naive,2025,641084.6834854266,642928.811535104
2920908,Mascote,ISSQN,ETS,2025,1086809.299552909,642928.811535104
2920908,Mascote,ISSQN,SARIMA,2025,952888.6488407337,642928.811535104
2920908,Mascote,ISSQN,Theta,2025,854121.6429955079,642928.811535104
2920908,Mascote,ISSQN,Prophet,2025,679465.3101082921,642928.811535104
2920908,Mascote,ISSQN,Ensemble,2025,893321.2253743608,642928.811535104
2920106,Mairi,IPTU,Naive,2021,199461.34866962334,267845.26606152864
2920106,Mairi,IPTU,ETS,2021,152681.24721966602,267845.26606152864
2920106,Mairi,IPTU,SARIMA,2021,137676.84764918877,267845.26606152864
2920106,Mairi,IPTU,Theta,2021,263094.24923265586,267845.26606152864
2920106,Mairi,IPTU,Prophet,2021,183487.03844759543,267845.26606152864
2920106,Mairi,IPTU,Ensemble,2021,184234.84563727654,267845.26606152864
2920106,Mairi,IPTU,Naive,2022,267845.26606152864,190274.85810116096
2920106,Mairi,IPTU,ETS,2022,330954.81635326357,190274.85810116096
2920106,Mairi,IPTU,SARIMA,2022,158722.2567798102,190274.85810116096
2920106,Mairi,IPTU,Theta,2022,287055.1843634561,190274.85810116096
2920106,Mairi,IPTU,Prophet,2022,311615.7264873305,190274.85810116096
2920106,Mairi,IPTU,Ensemble,2022,272086.99599596503,190274.85810116096
2920106,Mairi,IPTU,Naive,2023,190274.85810116096,136616.120749008
2920106,Mairi,IPTU,ETS,2023,345817.8083060358,136616.120749008
2920106,Mairi,IPTU,SARIMA,2023,286646.29559436353,136616.120749008
2920106,Mairi,IPTU,Theta,2023,352024.9856028057,136616.120749008
2920106,Mairi,IPTU,Prophet,2023,250933.7112379851,136616.120749008
2920106,Mairi,IPTU,Ensemble,2023,308855.7001852975,136616.120749008
2920106,Mairi,IPTU,Naive,2024,136616.120749008,138782.8920155337
2920106,Mairi,IPTU,ETS,2024,265758.68817481323,138782.8920155337
2920106,Mairi,IPTU,SARIMA,2024,77018.12227979855,138782.8920155337
2920106,Mairi,IPTU,Theta,2024,163009.2227395566,138782.8920155337
2920106,Mairi,IPTU,Prophet,2024,216734.33959107962,138782.8920155337
2920106,Mairi,IPTU,Ensemble,2024,180630.09319631202,138782.8920155337
2920106,Mairi,IPTU,Naive,2025,138782.8920155337,166526.16011248992
2920106,Mairi,IPTU,ETS,2025,221991.55771595993,166526.16011248992
2920106,Mairi,IPTU,SARIMA,2025,99639.48157027319,166526.16011248992
2920106,Mairi,IPTU,Theta,2025,157540.46034218938,166526.16011248992
2920106,Mairi,IPTU,Prophet,2025,168198.50434158757,166526.16011248992
2920106,Mairi,IPTU,Ensemble,2025,161842.50099250252,166526.16011248992
2921104,Medeiros Neto,ISSQN,Naive,2021,1336779.9865653792,2011251.5968376691
2921104,Medeiros Neto,ISSQN,ETS,2021,1312863.6541825251,2011251.5968376691
2921104,Medeiros Neto,ISSQN,SARIMA,2021,1319089.525036581,2011251.5968376691
2921104,Medeiros Neto,ISSQN,Theta,2021,1417465.0237991149,2011251.5968376691
2921104,Medeiros Neto,ISSQN,Prophet,2021,1353364.0095177668,2011251.5968376691
2921104,Medeiros Neto,ISSQN,Ensemble,2021,1350695.5531339967,2011251.5968376691
2921104,Medeiros Neto,ISSQN,Naive,2022,2011251.5968376691,2553133.472120494
2921104,Medeiros Neto,ISSQN,ETS,2022,1763482.8831125195,2553133.472120494
2921104,Medeiros Neto,ISSQN,SARIMA,2022,2068885.7857711073,2553133.472120494
2921104,Medeiros Neto,ISSQN,Theta,2022,2025319.4946054188,2553133.472120494
2921104,Medeiros Neto,ISSQN,Prophet,2022,1764456.1167396759,2553133.472120494
2921104,Medeiros Neto,ISSQN,Ensemble,2022,1905536.0700571805,2553133.472120494
2921104,Medeiros Neto,ISSQN,Naive,2023,2553133.472120494,6111796.450939651
2921104,Medeiros Neto,ISSQN,ETS,2023,2759778.7582238056,6111796.450939651
2921104,Medeiros Neto,ISSQN,SARIMA,2023,2891815.216120238,6111796.450939651
2921104,Medeiros Neto,ISSQN,Theta,2023,3504033.616880957,6111796.450939651
2921104,Medeiros Neto,ISSQN,Prophet,2023,2573990.5594435334,6111796.450939651
2921104,Medeiros Neto,ISSQN,Ensemble,2023,2932404.5376671334,6111796.450939651
2921104,Medeiros Neto,ISSQN,Naive,2024,6111796.450939651,4745885.346939137
2921104,Medeiros Neto,ISSQN,ETS,2024,7939871.925766248,4745885.346939137
2921104,Medeiros Neto,ISSQN,SARIMA,2024,7866500.726380743,4745885.346939137
2921104,Medeiros Neto,ISSQN,Theta,2024,8915632.276204994,4745885.346939137
2921104,Medeiros Neto,ISSQN,Prophet,2024,7259060.611709492,4745885.346939137
2921104,Medeiros Neto,ISSQN,Ensemble,2024,7995266.385015368,4745885.346939137
2921104,Medeiros Neto,ISSQN,Naive,2025,4745885.346939137,3750373.9951072605
2921104,Medeiros Neto,ISSQN,ETS,2025,5040991.47471658,3750373.9951072605
2921104,Medeiros Neto,ISSQN,SARIMA,2025,5940708.859384283,3750373.9951072605
2921104,Medeiros Neto,ISSQN,Theta,2025,5438778.696154092,3750373.9951072605
2921104,Medeiros Neto,ISSQN,Prophet,2025,6158876.53541345,3750373.9951072605
2921104,Medeiros Neto,ISSQN,Ensemble,2025,5644838.8914171,3750373.9951072605
2921500,Monte Santo,ISSQN,Naive,2021,2354569.141307438,2263633.7058345033
2921500,Monte Santo,ISSQN,ETS,2021,2640652.5046327626,2263633.7058345033
2921500,Monte Santo,ISSQN,SARIMA,2021,3028563.725169809,2263633.7058345033
2921500,Monte Santo,ISSQN,Theta,2021,3423652.4552545324,2263633.7058345033
2921500,Monte Santo,ISSQN,Prophet,2021,3123049.241288782,2263633.7058345033
2921500,Monte Santo,ISSQN,Ensemble,2021,3053979.481586472,2263633.7058345033
2921500,Monte Santo,ISSQN,Naive,2022,2263633.7058345033,4579405.584438136
2921500,Monte Santo,ISSQN,ETS,2022,2447054.5031447564,4579405.584438136
2921500,Monte Santo,ISSQN,SARIMA,2022,2401231.3720864695,4579405.584438136
2921500,Monte Santo,ISSQN,Theta,2022,2997540.55818392,4579405.584438136
2921500,Monte Santo,ISSQN,Prophet,2022,2891719.542548063,4579405.584438136
2921500,Monte Santo,ISSQN,Ensemble,2022,2684386.4939908027,4579405.584438136
2921500,Monte Santo,ISSQN,Naive,2023,4579405.584438136,3301855.088538785
2921500,Monte Santo,ISSQN,ETS,2023,4736271.249484429,3301855.088538785
2921500,Monte Santo,ISSQN,SARIMA,2023,4974409.857487912,3301855.088538785
2921500,Monte Santo,ISSQN,Theta,2023,5800186.48479898,3301855.088538785
2921500,Monte Santo,ISSQN,Prophet,2023,3891435.227510672,3301855.088538785
2921500,Monte Santo,ISSQN,Ensemble,2023,4850575.704820498,3301855.088538785
2921500,Monte Santo,ISSQN,Naive,2024,3301855.088538785,3334938.981414774
2921500,Monte Santo,ISSQN,ETS,2024,2583474.091855758,3334938.981414774
2921500,Monte Santo,ISSQN,SARIMA,2024,2919044.896395876,3334938.981414774
2921500,Monte Santo,ISSQN,Theta,2024,3289056.204121673,3334938.981414774
2921500,Monte Santo,ISSQN,Prophet,2024,3887922.2586656394,3334938.981414774
2921500,Monte Santo,ISSQN,Ensemble,2024,3169874.3627597364,3334938.981414774
2921500,Monte Santo,ISSQN,Naive,2025,3334938.981414774,2846008.105037459
2921500,Monte Santo,ISSQN,ETS,2025,3046541.383553872,2846008.105037459
2921500,Monte Santo,ISSQN,SARIMA,2025,3188657.923810186,2846008.105037459
2921500,Monte Santo,ISSQN,Theta,2025,3451408.7032638323,2846008.105037459
2921500,Monte Santo,ISSQN,Prophet,2025,3980301.6033634515,2846008.105037459
2921500,Monte Santo,ISSQN,Ensemble,2025,3416727.4034978347,2846008.105037459
2920809,Marcionílio Souza,ISSQN,Naive,2021,2077775.6674871757,1572671.4119777028
2920809,Marcionílio Souza,ISSQN,ETS,2021,2137730.1157994666,1572671.4119777028
2920809,Marcionílio Souza,ISSQN,SARIMA,2021,2502915.44487541,1572671.4119777028
2920809,Marcionílio Souza,ISSQN,Theta,2021,2408189.339975277,1572671.4119777028
2920809,Marcionílio Souza,ISSQN,Prophet,2021,2384285.3333816063,1572671.4119777028
2920809,Marcionílio Souza,ISSQN,Ensemble,2021,2358280.05850794,1572671.4119777028
2920809,Marcionílio Souza,ISSQN,Naive,2022,1572671.4119777028,1067567.1564682296
2920809,Marcionílio Souza,ISSQN,ETS,2022,2123577.7782424246,1067567.1564682296
2920809,Marcionílio Souza,ISSQN,SARIMA,2022,1564029.6254379733,1067567.1564682296
2920809,Marcionílio Souza,ISSQN,Theta,2022,1979785.910549575,1067567.1564682296
2920809,Marcionílio Souza,ISSQN,Prophet,2022,2290314.908092987,1067567.1564682296
2920809,Marcionílio Souza,ISSQN,Ensemble,2022,1989427.05558074,1067567.1564682296
2920809,Marcionílio Souza,ISSQN,Naive,2023,1067567.1564682296,2607249.1958323517
2920809,Marcionílio Souza,ISSQN,ETS,2023,1245364.426907774,2607249.1958323517
2920809,Marcionílio Souza,ISSQN,SARIMA,2023,1000373.8712662933,2607249.1958323517
2920809,Marcionílio Souza,ISSQN,Theta,2023,1248023.5219113375,2607249.1958323517
2920809,Marcionílio Souza,ISSQN,Prophet,2023,1157465.8304063843,2607249.1958323517
2920809,Marcionílio Souza,ISSQN,Ensemble,2023,1162806.9126229475,2607249.1958323517
2920809,Marcionílio Souza,ISSQN,Naive,2024,2607249.1958323517,1816822.999255919
2920809,Marcionílio Souza,ISSQN,ETS,2024,2740654.6265250035,1816822.999255919
2920809,Marcionílio Souza,ISSQN,SARIMA,2024,3235416.836090278,1816822.999255919
2920809,Marcionílio Souza,ISSQN,Theta,2024,2736145.460926408,1816822.999255919
2920809,Marcionílio Souza,ISSQN,Prophet,2024,2359697.251732203,1816822.999255919
2920809,Marcionílio Souza,ISSQN,Ensemble,2024,2767978.543818473,1816822.999255919
2920809,Marcionílio Souza,ISSQN,Naive,2025,1816822.999255919,2250455.3378142477
2920809,Marcionílio Souza,ISSQN,ETS,2025,1719397.7382247387,2250455.3378142477
2920809,Marcionílio Souza,ISSQN,SARIMA,2025,1775768.9897009134,2250455.3378142477
2920809,Marcionílio Souza,ISSQN,Theta,2025,1686710.9093061213,2250455.3378142477
2920809,Marcionílio Souza,ISSQN,Prophet,2025,2284726.2657900574,2250455.3378142477
2920809,Marcionílio Souza,ISSQN,Ensemble,2025,1866650.9757554578,2250455.3378142477
2921005,Mata de São João,IPTU,Naive,2021,43380546.268964395,48882358.07862077
2921005,Mata de São João,IPTU,ETS,2021,40072938.099288695,48882358.07862077
2921005,Mata de São João,IPTU,SARIMA,2021,34499630.71946553,48882358.07862077
2921005,Mata de São João,IPTU,Theta,2021,40647911.72566321,48882358.07862077
2921005,Mata de São João,IPTU,Prophet,2021,44092074.12978735,48882358.07862077
2921005,Mata de São João,IPTU,Ensemble,2021,39828138.6685512,48882358.07862077
2921005,Mata de São João,IPTU,Naive,2022,48882358.07862077,46146233.32762606
2921005,Mata de São João,IPTU,ETS,2022,47417603.35522188,46146233.32762606
2921005,Mata de São João,IPTU,SARIMA,2022,41034738.90788741,46146233.32762606
2921005,Mata de São João,IPTU,Theta,2022,47118292.48001794,46146233.32762606
2921005,Mata de São João,IPTU,Prophet,2022,48470663.243660934,46146233.32762606
2921005,Mata de São João,IPTU,Ensemble,2022,46010324.49669704,46146233.32762606
2921005,Mata de São João,IPTU,Naive,2023,46146233.32762606,54095095.01794361
2921005,Mata de São João,IPTU,ETS,2023,48036831.92036116,54095095.01794361
2921005,Mata de São João,IPTU,SARIMA,2023,47473903.82763721,54095095.01794361
2921005,Mata de São João,IPTU,Theta,2023,50118783.441467255,54095095.01794361
2921005,Mata de São João,IPTU,Prophet,2023,46702522.69682714,54095095.01794361
2921005,Mata de São João,IPTU,Ensemble,2023,48083010.471573204,54095095.01794361
2921005,Mata de São João,IPTU,Naive,2024,54095095.01794361,55567477.37885069
2921005,Mata de São João,IPTU,ETS,2024,54792417.90548195,55567477.37885069
2921005,Mata de São João,IPTU,SARIMA,2024,56746069.138683036,55567477.37885069
2921005,Mata de São João,IPTU,Theta,2024,61712410.55018583,55567477.37885069
2921005,Mata de São João,IPTU,Prophet,2024,52048199.856481515,55567477.37885069
2921005,Mata de São João,IPTU,Ensemble,2024,56324774.36270808,55567477.37885069
2921005,Mata de São João,IPTU,Naive,2025,55567477.37885069,54725460.39913923
2921005,Mata de São João,IPTU,ETS,2025,56272949.113384075,54725460.39913923
2921005,Mata de São João,IPTU,SARIMA,2025,53472085.3215575,54725460.39913923
2921005,Mata de São João,IPTU,Theta,2025,57507929.49639131,54725460.39913923
2921005,Mata de São João,IPTU,Prophet,2025,56807318.36557861,54725460.39913923
2921005,Mata de São João,IPTU,Ensemble,2025,56015070.57422787,54725460.39913923
2921005,Mata de São João,ISSQN,Naive,2021,53779287.131861694,73653149.83017042
2921005,Mata de São João,ISSQN,ETS,2021,59737706.523744166,73653149.83017042
2921005,Mata de São João,ISSQN,SARIMA,2021,60011117.5738214,73653149.83017042
2921005,Mata de São João,ISSQN,Theta,2021,67109429.90744989,73653149.83017042
2921005,Mata de São João,ISSQN,Prophet,2021,66379904.45729645,73653149.83017042
2921005,Mata de São João,ISSQN,Ensemble,2021,63309539.61557797,73653149.83017042
2921005,Mata de São João,ISSQN,Naive,2022,73653149.83017042,99761903.74766749
2921005,Mata de São João,ISSQN,ETS,2022,94359624.66744441,99761903.74766749
2921005,Mata de São João,ISSQN,SARIMA,2022,75771807.14713563,99761903.74766749
2921005,Mata de São João,ISSQN,Theta,2022,98250479.0738577,99761903.74766749
2921005,Mata de São João,ISSQN,Prophet,2022,70606062.17844835,99761903.74766749
2921005,Mata de São João,ISSQN,Ensemble,2022,84746993.26672155,99761903.74766749
2921005,Mata de São João,ISSQN,Naive,2023,99761903.74766749,102326464.19503868
2921005,Mata de São João,ISSQN,ETS,2023,108727115.83079793,102326464.19503868
2921005,Mata de São João,ISSQN,SARIMA,2023,78880631.16836679,102326464.19503868
2921005,Mata de São João,ISSQN,Theta,2023,90888798.15214598,102326464.19503868
2921005,Mata de São João,ISSQN,Prophet,2023,104917682.97359784,102326464.19503868
2921005,Mata de São João,ISSQN,Ensemble,2023,95853557.03122714,102326464.19503868
2921005,Mata de São João,ISSQN,Naive,2024,102326464.19503868,106631825.2825239
2921005,Mata de São João,ISSQN,ETS,2024,95874912.60802126,106631825.2825239
2921005,Mata de São João,ISSQN,SARIMA,2024,80095020.82593668,106631825.2825239
2921005,Mata de São João,ISSQN,Theta,2024,87966865.71050994,106631825.2825239
2921005,Mata de São João,ISSQN,Prophet,2024,110563364.6874287,106631825.2825239
2921005,Mata de São João,ISSQN,Ensemble,2024,93625040.95797417,106631825.2825239
2921005,Mata de São João,ISSQN,Naive,2025,106631825.2825239,119492585.32331486
2921005,Mata de São João,ISSQN,ETS,2025,117848909.89338882,119492585.32331486
2921005,Mata de São João,ISSQN,SARIMA,2025,105941200.11466026,119492585.32331486
2921005,Mata de São João,ISSQN,Theta,2025,110882723.98159982,119492585.32331486
2921005,Mata de São João,ISSQN,Prophet,2025,118078302.93635406,119492585.32331486
2921005,Mata de São João,ISSQN,Ensemble,2025,113187784.23150074,119492585.32331486
2921906,Mucugê,ISSQN,Naive,2021,1183868.5342958893,1348290.5651864768
2921906,Mucugê,ISSQN,ETS,2021,1283459.9376031924,1348290.5651864768
2921906,Mucugê,ISSQN,SARIMA,2021,1303180.8897799875,1348290.5651864768
2921906,Mucugê,ISSQN,Theta,2021,1287728.5930484445,1348290.5651864768
2921906,Mucugê,ISSQN,Prophet,2021,1307778.749371246,1348290.5651864768
2921906,Mucugê,ISSQN,Ensemble,2021,1295537.0424507172,1348290.5651864768
2921906,Mucugê,ISSQN,Naive,2022,1348290.5651864768,2243781.7829269795
2921906,Mucugê,ISSQN,ETS,2022,1442933.0036346598,2243781.7829269795
2921906,Mucugê,ISSQN,SARIMA,2022,1464565.6140390853,2243781.7829269795
2921906,Mucugê,ISSQN,Theta,2022,1427971.6642577127,2243781.7829269795
2921906,Mucugê,ISSQN,Prophet,2022,1413224.322679543,2243781.7829269795
2921906,Mucugê,ISSQN,Ensemble,2022,1437173.6511527502,2243781.7829269795
2921906,Mucugê,ISSQN,Naive,2023,2243781.7829269795,2853817.8169332882
2921906,Mucugê,ISSQN,ETS,2023,2948525.7146981163,2853817.8169332882
2921906,Mucugê,ISSQN,SARIMA,2023,2616750.2736337297,2853817.8169332882
2921906,Mucugê,ISSQN,Theta,2023,2964519.7446491155,2853817.8169332882
2921906,Mucugê,ISSQN,Prophet,2023,2167761.941002445,2853817.8169332882
2921906,Mucugê,ISSQN,Ensemble,2023,2674389.4184958516,2853817.8169332882
2921906,Mucugê,ISSQN,Naive,2024,2853817.8169332882,3239296.8273635576
2921906,Mucugê,ISSQN,ETS,2024,3684586.002676203,3239296.8273635576
2921906,Mucugê,ISSQN,SARIMA,2024,3681280.236054245,3239296.8273635576
2921906,Mucugê,ISSQN,Theta,2024,3508405.7411163566,3239296.8273635576
2921906,Mucugê,ISSQN,Prophet,2024,3302250.983453457,3239296.8273635576
2921906,Mucugê,ISSQN,Ensemble,2024,3544130.7408250654,3239296.8273635576
2921906,Mucugê,ISSQN,Naive,2025,3239296.8273635576,3526759.699740178
2921906,Mucugê,ISSQN,ETS,2025,3832844.044819377,3526759.699740178
2921906,Mucugê,ISSQN,SARIMA,2025,3658479.8247995223,3526759.699740178
2921906,Mucugê,ISSQN,Theta,2025,3638902.302946903,3526759.699740178
2921906,Mucugê,ISSQN,Prophet,2025,3741982.8481776617,3526759.699740178
2921906,Mucugê,ISSQN,Ensemble,2025,3718052.2551858663,3526759.699740178
2921609,Morpará,ISSQN,Naive,2021,568968.5080073227,647188.5947356554
2921609,Morpará,ISSQN,ETS,2021,594817.0140425629,647188.5947356554
2921609,Morpará,ISSQN,SARIMA,2021,582676.8219927915,647188.5947356554
2921609,Morpará,ISSQN,Theta,2021,616732.7231435631,647188.5947356554
2921609,Morpará,ISSQN,Prophet,2021,627493.9589897643,647188.5947356554
2921609,Morpará,ISSQN,Ensemble,2021,605430.1295421706,647188.5947356554
2921609,Morpará,ISSQN,Naive,2022,647188.5947356554,295988.62006761396
2921609,Morpará,ISSQN,ETS,2022,623472.1424607297,295988.62006761396
2921609,Morpará,ISSQN,SARIMA,2022,597532.6010624802,295988.62006761396
2921609,Morpará,ISSQN,Theta,2022,696774.3220715222,295988.62006761396
2921609,Morpará,ISSQN,Prophet,2022,730752.1809236801,295988.62006761396
2921609,Morpará,ISSQN,Ensemble,2022,662132.8116296029,295988.62006761396
2921609,Morpará,ISSQN,Naive,2023,295988.62006761396,380358.1681734315
2921609,Morpará,ISSQN,ETS,2023,353724.782998907,380358.1681734315
2921609,Morpará,ISSQN,SARIMA,2023,302293.0180599004,380358.1681734315
2921609,Morpará,ISSQN,Theta,2023,353367.7247775327,380358.1681734315
2921609,Morpará,ISSQN,Prophet,2023,595097.5157592428,380358.1681734315
2921609,Morpará,ISSQN,Ensemble,2023,401120.76039889565,380358.1681734315
2921609,Morpará,ISSQN,Naive,2024,380358.1681734315,497101.59913307364
2921609,Morpará,ISSQN,ETS,2024,375123.7796332026,497101.59913307364
2921609,Morpará,ISSQN,SARIMA,2024,378444.0529516757,497101.59913307364
2921609,Morpará,ISSQN,Theta,2024,377271.35661950253,497101.59913307364
2921609,Morpará,ISSQN,Prophet,2024,491313.32929332135,497101.59913307364
2921609,Morpará,ISSQN,Ensemble,2024,405538.12962442555,497101.59913307364
2921609,Morpará,ISSQN,Naive,2025,497101.59913307364,461842.8996740369
2921609,Morpará,ISSQN,ETS,2025,467802.9984602798,461842.8996740369
2921609,Morpará,ISSQN,SARIMA,2025,421052.21931129735,461842.8996740369
2921609,Morpará,ISSQN,Theta,2025,487018.12615563767,461842.8996740369
2921609,Morpará,ISSQN,Prophet,2025,511433.1610937563,461842.8996740369
2921609,Morpará,ISSQN,Ensemble,2025,471826.6262552428,461842.8996740369
2921609,Morpará,IPTU,Naive,2021,133493.71993560475,238157.61494281143
2921609,Morpará,IPTU,ETS,2021,161736.24052898856,238157.61494281143
2921609,Morpará,IPTU,SARIMA,2021,112096.19311961925,238157.61494281143
2921609,Morpará,IPTU,Theta,2021,236587.2812584862,238157.61494281143
2921609,Morpará,IPTU,Prophet,2021,165888.93190039368,238157.61494281143
2921609,Morpará,IPTU,Ensemble,2021,169077.16170187193,238157.61494281143
2921609,Morpará,IPTU,Naive,2022,238157.61494281143,273141.95852245134
2921609,Morpará,IPTU,ETS,2022,299881.3993686676,273141.95852245134
2921609,Morpará,IPTU,SARIMA,2022,194583.87327249654,273141.95852245134
2921609,Morpará,IPTU,Theta,2022,269955.89082761516,273141.95852245134
2921609,Morpará,IPTU,Prophet,2022,230718.138085597,273141.95852245134
2921609,Morpará,IPTU,Ensemble,2022,248784.8253885941,273141.95852245134
2921609,Morpará,IPTU,Naive,2023,273141.95852245134,198302.0543540643
2921609,Morpará,IPTU,ETS,2023,240351.431889256,198302.0543540643
2921609,Morpará,IPTU,SARIMA,2023,268329.7332333252,198302.0543540643
2921609,Morpará,IPTU,Theta,2023,309632.4059275874,198302.0543540643
2921609,Morpará,IPTU,Prophet,2023,281062.4204932235,198302.0543540643
2921609,Morpará,IPTU,Ensemble,2023,274843.997885848,198302.0543540643
2921609,Morpará,IPTU,Naive,2024,198302.0543540643,183481.71880454328
2921609,Morpará,IPTU,ETS,2024,256666.88222250473,183481.71880454328
2921609,Morpará,IPTU,SARIMA,2024,288655.17499102664,183481.71880454328
2921609,Morpará,IPTU,Theta,2024,250003.81548621514,183481.71880454328
2921609,Morpará,IPTU,Prophet,2024,271135.291357104,183481.71880454328
2921609,Morpará,IPTU,Ensemble,2024,266615.2910142126,183481.71880454328
2921609,Morpará,IPTU,Naive,2025,183481.71880454328,174088.52319099414
2921609,Morpará,IPTU,ETS,2025,176976.1885261986,174088.52319099414
2921609,Morpará,IPTU,SARIMA,2025,247449.93267819844,174088.52319099414
2921609,Morpará,IPTU,Theta,2025,218422.12131651066,174088.52319099414
2921609,Morpará,IPTU,Prophet,2025,267873.2476683384,174088.52319099414
2921609,Morpará,IPTU,Ensemble,2025,227680.3725473115,174088.52319099414
2922003,Mucuri,ISSQN,Naive,2021,18007727.23608467,16545653.79763393
2922003,Mucuri,ISSQN,ETS,2021,21360797.817898158,16545653.79763393
2922003,Mucuri,ISSQN,SARIMA,2021,19376157.459068947,16545653.79763393
2922003,Mucuri,ISSQN,Theta,2021,21344802.469050493,16545653.79763393
2922003,Mucuri,ISSQN,Prophet,2021,17351668.093303796,16545653.79763393
2922003,Mucuri,ISSQN,Ensemble,2021,19858356.45983035,16545653.79763393
2922003,Mucuri,ISSQN,Naive,2022,16545653.79763393,18975301.585738763
2922003,Mucuri,ISSQN,ETS,2022,17193414.41292532,18975301.585738763
2922003,Mucuri,ISSQN,SARIMA,2022,16566617.379084768,18975301.585738763
2922003,Mucuri,ISSQN,Theta,2022,16643073.820172679,18975301.585738763
2922003,Mucuri,ISSQN,Prophet,2022,16312332.599117653,18975301.585738763
2922003,Mucuri,ISSQN,Ensemble,2022,16678859.552825104,18975301.585738763
2922003,Mucuri,ISSQN,Naive,2023,18975301.585738763,22316896.945030097
2922003,Mucuri,ISSQN,ETS,2023,18892837.17329119,22316896.945030097
2922003,Mucuri,ISSQN,SARIMA,2023,18482887.579812728,22316896.945030097
2922003,Mucuri,ISSQN,Theta,2023,18247406.87360078,22316896.945030097
2922003,Mucuri,ISSQN,Prophet,2023,16957471.06011542,22316896.945030097
2922003,Mucuri,ISSQN,Ensemble,2023,18145150.67170503,22316896.945030097
2922003,Mucuri,ISSQN,Naive,2024,22316896.945030097,17253158.92442968
2922003,Mucuri,ISSQN,ETS,2024,27494080.04357747,17253158.92442968
2922003,Mucuri,ISSQN,SARIMA,2024,19587549.007265102,17253158.92442968
2922003,Mucuri,ISSQN,Theta,2024,27830756.722849973,17253158.92442968
2922003,Mucuri,ISSQN,Prophet,2024,19412192.21682534,17253158.92442968
2922003,Mucuri,ISSQN,Ensemble,2024,23581144.49762947,17253158.92442968
2922003,Mucuri,ISSQN,Naive,2025,17253158.92442968,24960624.739060923
2922003,Mucuri,ISSQN,ETS,2025,18879137.853392035,24960624.739060923
2922003,Mucuri,ISSQN,SARIMA,2025,18242525.53407634,24960624.739060923
2922003,Mucuri,ISSQN,Theta,2025,18632363.452859454,24960624.739060923
2922003,Mucuri,ISSQN,Prophet,2025,18358489.961715456,24960624.739060923
2922003,Mucuri,ISSQN,Ensemble,2025,18528129.20051082,24960624.739060923
2922102,Mundo Novo,ISSQN,Naive,2021,1466150.2742573773,2048951.5705556986
2922102,Mundo Novo,ISSQN,ETS,2021,1552637.8916783785,2048951.5705556986
2922102,Mundo Novo,ISSQN,SARIMA,2021,1148848.8208314453,2048951.5705556986
2922102,Mundo Novo,ISSQN,Theta,2021,1604876.2474703197,2048951.5705556986
2922102,Mundo Novo,ISSQN,Prophet,2021,1211604.8753639208,2048951.5705556986
2922102,Mundo Novo,ISSQN,Ensemble,2021,1379491.958836016,2048951.5705556986
2922102,Mundo Novo,ISSQN,Naive,2022,2048951.5705556986,2359459.089659456
2922102,Mundo Novo,ISSQN,ETS,2022,1896482.5947020836,2359459.089659456
2922102,Mundo Novo,ISSQN,SARIMA,2022,1234892.341523802,2359459.089659456
2922102,Mundo Novo,ISSQN,Theta,2022,1781575.953240609,2359459.089659456
2922102,Mundo Novo,ISSQN,Prophet,2022,2348255.5154754603,2359459.089659456
2922102,Mundo Novo,ISSQN,Ensemble,2022,1815301.601235489,2359459.089659456
2922102,Mundo Novo,ISSQN,Naive,2023,2359459.089659456,2979716.1382614616
2922102,Mundo Novo,ISSQN,ETS,2023,2819405.5342311524,2979716.1382614616
2922102,Mundo Novo,ISSQN,SARIMA,2023,1664824.4760715829,2979716.1382614616
2922102,Mundo Novo,ISSQN,Theta,2023,2471310.7733337227,2979716.1382614616
2922102,Mundo Novo,ISSQN,Prophet,2023,2309408.188289771,2979716.1382614616
2922102,Mundo Novo,ISSQN,Ensemble,2023,2316237.2429815573,2979716.1382614616
2922102,Mundo Novo,ISSQN,Naive,2024,2979716.1382614616,2762987.486926891
2922102,Mundo Novo,ISSQN,ETS,2024,4043544.4198994786,2762987.486926891
2922102,Mundo Novo,ISSQN,SARIMA,2024,3371602.5133629567,2762987.486926891
2922102,Mundo Novo,ISSQN,Theta,2024,3490996.979235226,2762987.486926891
2922102,Mundo Novo,ISSQN,Prophet,2024,2724075.3646136103,2762987.486926891
2922102,Mundo Novo,ISSQN,Ensemble,2024,3407554.819277818,2762987.486926891
2922102,Mundo Novo,ISSQN,Naive,2025,2762987.486926891,2813215.3014308345
2922102,Mundo Novo,ISSQN,ETS,2025,3475796.5634480887,2813215.3014308345
2922102,Mundo Novo,ISSQN,SARIMA,2025,2829212.5810579495,2813215.3014308345
2922102,Mundo Novo,ISSQN,Theta,2025,3110096.678635683,2813215.3014308345
2922102,Mundo Novo,ISSQN,Prophet,2025,2885157.875451166,2813215.3014308345
2922102,Mundo Novo,ISSQN,Ensemble,2025,3075065.9246482216,2813215.3014308345
2921708,Morro do Chapéu,IPTU,Naive,2021,442251.83820408105,1137748.6174140892
2921708,Morro do Chapéu,IPTU,ETS,2021,7628002.62540489,1137748.6174140892
2921708,Morro do Chapéu,IPTU,SARIMA,2021,1123867.0395147374,1137748.6174140892
2921708,Morro do Chapéu,IPTU,Theta,2021,748616.4155359046,1137748.6174140892
2921708,Morro do Chapéu,IPTU,Prophet,2021,-9313433.314449847,1137748.6174140892
2921708,Morro do Chapéu,IPTU,Ensemble,2021,46763.19150142094,1137748.6174140892
2921708,Morro do Chapéu,IPTU,Naive,2022,1137748.6174140892,696069.2487004499
2921708,Morro do Chapéu,IPTU,ETS,2022,10880242.019275839,696069.2487004499
2921708,Morro do Chapéu,IPTU,SARIMA,2022,850233.9919537933,696069.2487004499
2921708,Morro do Chapéu,IPTU,Theta,2022,828925.373777205,696069.2487004499
2921708,Morro do Chapéu,IPTU,Prophet,2022,-994020.0325219885,696069.2487004499
2921708,Morro do Chapéu,IPTU,Ensemble,2022,2891345.3381212116,696069.2487004499
2921708,Morro do Chapéu,IPTU,Naive,2023,696069.2487004499,1043323.6540280766
2921708,Morro do Chapéu,IPTU,ETS,2023,2659979.8551032864,1043323.6540280766
2921708,Morro do Chapéu,IPTU,SARIMA,2023,833810.2787352281,1043323.6540280766
2921708,Morro do Chapéu,IPTU,Theta,2023,2206688.865154009,1043323.6540280766
2921708,Morro do Chapéu,IPTU,Prophet,2023,-685051.2467228225,1043323.6540280766
2921708,Morro do Chapéu,IPTU,Ensemble,2023,1253856.9380674253,1043323.6540280766
2921708,Morro do Chapéu,IPTU,Naive,2024,1043323.6540280766,1790791.6276870933
2921708,Morro do Chapéu,IPTU,ETS,2024,8976726.386624591,1790791.6276870933
2921708,Morro do Chapéu,IPTU,SARIMA,2024,941064.0798923414,1790791.6276870933
2921708,Morro do Chapéu,IPTU,Theta,2024,748761.1038264985,1790791.6276870933
2921708,Morro do Chapéu,IPTU,Prophet,2024,70788.57540545141,1790791.6276870933
2921708,Morro do Chapéu,IPTU,Ensemble,2024,2684335.036437221,1790791.6276870933
2921708,Morro do Chapéu,IPTU,Naive,2025,1790791.6276870933,1728161.745186894
2921708,Morro do Chapéu,IPTU,ETS,2025,6752326.841641244,1728161.745186894
2921708,Morro do Chapéu,IPTU,SARIMA,2025,2229257.652584668,1728161.745186894
2921708,Morro do Chapéu,IPTU,Theta,2025,4568126.70589038,1728161.745186894
2921708,Morro do Chapéu,IPTU,Prophet,2025,120877.16451498325,1728161.745186894
2921708,Morro do Chapéu,IPTU,Ensemble,2025,3417647.091157818,1728161.745186894
2922508,Nazaré,ISSQN,Naive,2021,2234544.2282313816,2393100.4923521266
2922508,Nazaré,ISSQN,ETS,2021,2752965.99462354,2393100.4923521266
2922508,Nazaré,ISSQN,SARIMA,2021,2991863.6677739583,2393100.4923521266
2922508,Nazaré,ISSQN,Theta,2021,2707166.4107180396,2393100.4923521266
2922508,Nazaré,ISSQN,Prophet,2021,2740670.8260699846,2393100.4923521266
2922508,Nazaré,ISSQN,Ensemble,2021,2798166.724796381,2393100.4923521266
2922508,Nazaré,ISSQN,Naive,2022,2393100.4923521266,3020948.119505605
2922508,Nazaré,ISSQN,ETS,2022,2965561.434042551,3020948.119505605
2922508,Nazaré,ISSQN,SARIMA,2022,2735013.507449431,3020948.119505605
2922508,Nazaré,ISSQN,Theta,2022,2731660.0852135066,3020948.119505605
2922508,Nazaré,ISSQN,Prophet,2022,2859309.0725989332,3020948.119505605
2922508,Nazaré,ISSQN,Ensemble,2022,2822886.024826105,3020948.119505605
2922508,Nazaré,ISSQN,Naive,2023,3020948.119505605,3113476.402109739
2922508,Nazaré,ISSQN,ETS,2023,3268865.510751664,3113476.402109739
2922508,Nazaré,ISSQN,SARIMA,2023,3725370.46593757,3113476.402109739
2922508,Nazaré,ISSQN,Theta,2023,3291189.9629079513,3113476.402109739
2922508,Nazaré,ISSQN,Prophet,2023,3219125.585871666,3113476.402109739
2922508,Nazaré,ISSQN,Ensemble,2023,3376137.881367213,3113476.402109739
2922508,Nazaré,ISSQN,Naive,2024,3113476.402109739,3061563.000213836
2922508,Nazaré,ISSQN,ETS,2024,3545198.397027663,3061563.000213836
2922508,Nazaré,ISSQN,SARIMA,2024,2962473.6855884492,3061563.000213836
2922508,Nazaré,ISSQN,Theta,2024,2972644.0881977277,3061563.000213836
2922508,Nazaré,ISSQN,Prophet,2024,3479970.4456092007,3061563.000213836
2922508,Nazaré,ISSQN,Ensemble,2024,3240071.6541057606,3061563.000213836
2922508,Nazaré,ISSQN,Naive,2025,3061563.000213836,3441873.934744548
2922508,Nazaré,ISSQN,ETS,2025,3749460.713635214,3441873.934744548
2922508,Nazaré,ISSQN,SARIMA,2025,3552496.048156376,3441873.934744548
2922508,Nazaré,ISSQN,Theta,2025,3487455.773746695,3441873.934744548
2922508,Nazaré,ISSQN,Prophet,2025,3585022.7671364713,3441873.934744548
2922508,Nazaré,ISSQN,Ensemble,2025,3593608.8256686893,3441873.934744548
2922300,Muritiba,ISSQN,Naive,2021,938974.619603661,1485221.6369695656
2922300,Muritiba,ISSQN,ETS,2021,815876.2760360166,1485221.6369695656
2922300,Muritiba,ISSQN,SARIMA,2021,650794.6184771617,1485221.6369695656
2922300,Muritiba,ISSQN,Theta,2021,760484.0976918979,1485221.6369695656
2922300,Muritiba,ISSQN,Prophet,2021,647297.1331490794,1485221.6369695656
2922300,Muritiba,ISSQN,Ensemble,2021,718613.031338539,1485221.6369695656
2922300,Muritiba,ISSQN,Naive,2022,1485221.6369695656,1760781.3268501563
2922300,Muritiba,ISSQN,ETS,2022,1774118.8004075754,1760781.3268501563
2922300,Muritiba,ISSQN,SARIMA,2022,1757165.03536981,1760781.3268501563
2922300,Muritiba,ISSQN,Theta,2022,1776972.7823380744,1760781.3268501563
2922300,Muritiba,ISSQN,Prophet,2022,1290334.7969635974,1760781.3268501563
2922300,Muritiba,ISSQN,Ensemble,2022,1649647.8537697643,1760781.3268501563
2922300,Muritiba,ISSQN,Naive,2023,1760781.3268501563,2451876.1771506444
2922300,Muritiba,ISSQN,ETS,2023,1829075.19722264,2451876.1771506444
2922300,Muritiba,ISSQN,SARIMA,2023,1866603.6171339808,2451876.1771506444
2922300,Muritiba,ISSQN,Theta,2023,1876063.9383363412,2451876.1771506444
2922300,Muritiba,ISSQN,Prophet,2023,1764633.2797275456,2451876.1771506444
2922300,Muritiba,ISSQN,Ensemble,2023,1834094.008105127,2451876.1771506444
2922300,Muritiba,ISSQN,Naive,2024,2451876.1771506444,2487759.401353846
2922300,Muritiba,ISSQN,ETS,2024,2327795.6010878677,2487759.401353846
2922300,Muritiba,ISSQN,SARIMA,2024,2294048.085895615,2487759.401353846
2922300,Muritiba,ISSQN,Theta,2024,2410598.063818492,2487759.401353846
2922300,Muritiba,ISSQN,Prophet,2024,2604320.337917034,2487759.401353846
2922300,Muritiba,ISSQN,Ensemble,2024,2409190.522179752,2487759.401353846
2922300,Muritiba,ISSQN,Naive,2025,2487759.401353846,2265180.9803662873
2922300,Muritiba,ISSQN,ETS,2025,2750201.280608605,2265180.9803662873
2922300,Muritiba,ISSQN,SARIMA,2025,2857726.9787901826,2265180.9803662873
2922300,Muritiba,ISSQN,Theta,2025,2839277.5913558216,2265180.9803662873
2922300,Muritiba,ISSQN,Prophet,2025,2894026.9371241173,2265180.9803662873
2922300,Muritiba,ISSQN,Ensemble,2025,2835308.1969696824,2265180.9803662873
2922003,Mucuri,IPTU,Naive,2021,1442402.702344872,1426111.6915948724
2922003,Mucuri,IPTU,ETS,2021,3609996.6363881263,1426111.6915948724
2922003,Mucuri,IPTU,SARIMA,2021,1135561.624363256,1426111.6915948724
2922003,Mucuri,IPTU,Theta,2021,3127225.2642072598,1426111.6915948724
2922003,Mucuri,IPTU,Prophet,2021,1163147.2626339777,1426111.6915948724
2922003,Mucuri,IPTU,Ensemble,2021,2258982.696898155,1426111.6915948724
2922003,Mucuri,IPTU,Naive,2022,1426111.6915948724,1591221.6915190513
2922003,Mucuri,IPTU,ETS,2022,2511946.6420347122,1591221.6915190513
2922003,Mucuri,IPTU,SARIMA,2022,1032686.0911899501,1591221.6915190513
2922003,Mucuri,IPTU,Theta,2022,2009149.4159162787,1591221.6915190513
2922003,Mucuri,IPTU,Prophet,2022,1393223.7665695585,1591221.6915190513
2922003,Mucuri,IPTU,Ensemble,2022,1736751.4789276244,1591221.6915190513
2922003,Mucuri,IPTU,Naive,2023,1591221.6915190513,1792677.955168674
2922003,Mucuri,IPTU,ETS,2023,1391282.5665887,1792677.955168674
2922003,Mucuri,IPTU,SARIMA,2023,1306968.1727972622,1792677.955168674
2922003,Mucuri,IPTU,Theta,2023,2190549.8396632867,1792677.955168674
2922003,Mucuri,IPTU,Prophet,2023,1553166.2225786783,1792677.955168674
2922003,Mucuri,IPTU,Ensemble,2023,1610491.7004069816,1792677.955168674
2922003,Mucuri,IPTU,Naive,2024,1792677.955168674,1364227.2156175624
2922003,Mucuri,IPTU,ETS,2024,1586242.0672356975,1364227.2156175624
2922003,Mucuri,IPTU,SARIMA,2024,1333309.3486038286,1364227.2156175624
2922003,Mucuri,IPTU,Theta,2024,2214444.646191708,1364227.2156175624
2922003,Mucuri,IPTU,Prophet,2024,1735996.3779540912,1364227.2156175624
2922003,Mucuri,IPTU,Ensemble,2024,1717498.1099963314,1364227.2156175624
2922003,Mucuri,IPTU,Naive,2025,1364227.2156175624,1223810.5257805723
2922003,Mucuri,IPTU,ETS,2025,1448292.766354773,1223810.5257805723
2922003,Mucuri,IPTU,SARIMA,2025,985981.7043865328,1223810.5257805723
2922003,Mucuri,IPTU,Theta,2025,1636498.7341977481,1223810.5257805723
2922003,Mucuri,IPTU,Prophet,2025,1797632.3538100577,1223810.5257805723
2922003,Mucuri,IPTU,Ensemble,2025,1467101.3896872783,1223810.5257805723
2922409,Mutuípe,ISSQN,Naive,2021,1536586.447978742,1584232.5867007398
2922409,Mutuípe,ISSQN,ETS,2021,1298238.340435362,1584232.5867007398
2922409,Mutuípe,ISSQN,SARIMA,2021,1508067.073813062,1584232.5867007398
2922409,Mutuípe,ISSQN,Theta,2021,1681495.1778924735,1584232.5867007398
2922409,Mutuípe,ISSQN,Prophet,2021,1650939.3469128355,1584232.5867007398
2922409,Mutuípe,ISSQN,Ensemble,2021,1534684.9847634335,1584232.5867007398
2922409,Mutuípe,ISSQN,Naive,2022,1584232.5867007398,2158215.4633457405
2922409,Mutuípe,ISSQN,ETS,2022,1595798.4554126223,2158215.4633457405
2922409,Mutuípe,ISSQN,SARIMA,2022,1628407.4877517063,2158215.4633457405
2922409,Mutuípe,ISSQN,Theta,2022,1803685.749266752,2158215.4633457405
2922409,Mutuípe,ISSQN,Prophet,2022,1766455.0432018156,2158215.4633457405
2922409,Mutuípe,ISSQN,Ensemble,2022,1698586.6839082239,2158215.4633457405
2922409,Mutuípe,ISSQN,Naive,2023,2158215.4633457405,2072614.9009623884
2922409,Mutuípe,ISSQN,ETS,2023,1815984.2262131055,2072614.9009623884
2922409,Mutuípe,ISSQN,SARIMA,2023,1819479.1335791526,2072614.9009623884
2922409,Mutuípe,ISSQN,Theta,2023,2125965.409865674,2072614.9009623884
2922409,Mutuípe,ISSQN,Prophet,2023,2198075.4242126006,2072614.9009623884
2922409,Mutuípe,ISSQN,Ensemble,2023,1989876.0484676333,2072614.9009623884
2922409,Mutuípe,ISSQN,Naive,2024,2072614.9009623884,2134843.7433445984
2922409,Mutuípe,ISSQN,ETS,2024,1802097.4050357507,2134843.7433445984
2922409,Mutuípe,ISSQN,SARIMA,2024,2052995.3998235809,2134843.7433445984
2922409,Mutuípe,ISSQN,Theta,2024,2196951.798847794,2134843.7433445984
2922409,Mutuípe,ISSQN,Prophet,2024,2367445.709307285,2134843.7433445984
2922409,Mutuípe,ISSQN,Ensemble,2024,2104872.5782536026,2134843.7433445984
2922409,Mutuípe,ISSQN,Naive,2025,2134843.7433445984,1912065.6892571917
2922409,Mutuípe,ISSQN,ETS,2025,2402066.731771743,1912065.6892571917
2922409,Mutuípe,ISSQN,SARIMA,2025,2420940.4593056696,1912065.6892571917
2922409,Mutuípe,ISSQN,Theta,2025,2434249.217929835,1912065.6892571917
2922409,Mutuípe,ISSQN,Prophet,2025,2480502.1694831434,1912065.6892571917
2922409,Mutuípe,ISSQN,Ensemble,2025,2434439.6446225974,1912065.6892571917
2922201,Muniz Ferreira,ISSQN,Naive,2021,259661.61449230905,254021.50004798156
2922201,Muniz Ferreira,ISSQN,ETS,2021,503726.11002150073,254021.50004798156
2922201,Muniz Ferreira,ISSQN,SARIMA,2021,282247.97872568096,254021.50004798156
2922201,Muniz Ferreira,ISSQN,Theta,2021,431358.0636337146,254021.50004798156
2922201,Muniz Ferreira,ISSQN,Prophet,2021,333078.9809359993,254021.50004798156
2922201,Muniz Ferreira,ISSQN,Ensemble,2021,387602.783329224,254021.50004798156
2922201,Muniz Ferreira,ISSQN,Naive,2022,254021.50004798156,477230.0648432353
2922201,Muniz Ferreira,ISSQN,ETS,2022,345225.4161120325,477230.0648432353
2922201,Muniz Ferreira,ISSQN,SARIMA,2022,234379.1226399117,477230.0648432353
2922201,Muniz Ferreira,ISSQN,Theta,2022,274082.7313922285,477230.0648432353
2922201,Muniz Ferreira,ISSQN,Prophet,2022,304787.23558770586,477230.0648432353
2922201,Muniz Ferreira,ISSQN,Ensemble,2022,289618.6264329696,477230.0648432353
2922201,Muniz Ferreira,ISSQN,Naive,2023,477230.0648432353,622763.579661402
2922201,Muniz Ferreira,ISSQN,ETS,2023,779798.4211514941,622763.579661402
2922201,Muniz Ferreira,ISSQN,SARIMA,2023,572866.2853329438,622763.579661402
2922201,Muniz Ferreira,ISSQN,Theta,2023,710332.3484304545,622763.579661402
2922201,Muniz Ferreira,ISSQN,Prophet,2023,404359.7196366637,622763.579661402
2922201,Muniz Ferreira,ISSQN,Ensemble,2023,616839.193637889,622763.579661402
2922201,Muniz Ferreira,ISSQN,Naive,2024,622763.579661402,654444.6172445391
2922201,Muniz Ferreira,ISSQN,ETS,2024,667893.1117888801,654444.6172445391
2922201,Muniz Ferreira,ISSQN,SARIMA,2024,538502.3349391355,654444.6172445391
2922201,Muniz Ferreira,ISSQN,Theta,2024,643886.6204319552,654444.6172445391
2922201,Muniz Ferreira,ISSQN,Prophet,2024,558332.373348436,654444.6172445391
2922201,Muniz Ferreira,ISSQN,Ensemble,2024,602153.6101271018,654444.6172445391
2922201,Muniz Ferreira,ISSQN,Naive,2025,654444.6172445391,762504.4498872246
2922201,Muniz Ferreira,ISSQN,ETS,2025,810889.1676074355,762504.4498872246
2922201,Muniz Ferreira,ISSQN,SARIMA,2025,702808.7765932325,762504.4498872246
2922201,Muniz Ferreira,ISSQN,Theta,2025,615433.4184845263,762504.4498872246
2922201,Muniz Ferreira,ISSQN,Prophet,2025,651379.2382696227,762504.4498872246
2922201,Muniz Ferreira,ISSQN,Ensemble,2025,695127.6502387044,762504.4498872246
2922508,Nazaré,IPTU,Naive,2021,186692.64479109802,291720.61648963834
2922508,Nazaré,IPTU,ETS,2021,203857.78990972368,291720.61648963834
2922508,Nazaré,IPTU,SARIMA,2021,143945.82344330396,291720.61648963834
2922508,Nazaré,IPTU,Theta,2021,345814.02241916326,291720.61648963834
2922508,Nazaré,IPTU,Prophet,2021,192953.28197700475,291720.61648963834
2922508,Nazaré,IPTU,Ensemble,2021,221642.72943729893,291720.61648963834
2922508,Nazaré,IPTU,Naive,2022,291720.61648963834,199344.99305404094
2922508,Nazaré,IPTU,ETS,2022,216830.32746861555,199344.99305404094
2922508,Nazaré,IPTU,SARIMA,2022,200089.3252884802,199344.99305404094
2922508,Nazaré,IPTU,Theta,2022,297948.2574369375,199344.99305404094
2922508,Nazaré,IPTU,Prophet,2022,234545.34805258224,199344.99305404094
2922508,Nazaré,IPTU,Ensemble,2022,237353.31456165388,199344.99305404094
2922508,Nazaré,IPTU,Naive,2023,199344.99305404094,141536.6088225336
2922508,Nazaré,IPTU,ETS,2023,213235.30463388134,141536.6088225336
2922508,Nazaré,IPTU,SARIMA,2023,99810.59057818551,141536.6088225336
2922508,Nazaré,IPTU,Theta,2023,211982.53997828063,141536.6088225336
2922508,Nazaré,IPTU,Prophet,2023,212846.7821132785,141536.6088225336
2922508,Nazaré,IPTU,Ensemble,2023,184468.8043259065,141536.6088225336
2922508,Nazaré,IPTU,Naive,2024,141536.6088225336,156821.87924759527
2922508,Nazaré,IPTU,ETS,2024,207430.75855996436,156821.87924759527
2922508,Nazaré,IPTU,SARIMA,2024,133664.9100937539,156821.87924759527
2922508,Nazaré,IPTU,Theta,2024,257349.41564643837,156821.87924759527
2922508,Nazaré,IPTU,Prophet,2024,182753.0232481243,156821.87924759527
2922508,Nazaré,IPTU,Ensemble,2024,195299.52688707024,156821.87924759527
2922508,Nazaré,IPTU,Naive,2025,156821.87924759527,172636.04338589506
2922508,Nazaré,IPTU,ETS,2025,204696.08685300886,172636.04338589506
2922508,Nazaré,IPTU,SARIMA,2025,119962.75495956533,172636.04338589506
2922508,Nazaré,IPTU,Theta,2025,234990.28040407776,172636.04338589506
2922508,Nazaré,IPTU,Prophet,2025,154856.24444893905,172636.04338589506
2922508,Nazaré,IPTU,Ensemble,2025,178626.34166639773,172636.04338589506
2922607,Nilo Peçanha,ISSQN,Naive,2021,274846.3773327104,459132.7311736236
2922607,Nilo Peçanha,ISSQN,ETS,2021,284074.8304362911,459132.7311736236
2922607,Nilo Peçanha,ISSQN,SARIMA,2021,276247.1391147681,459132.7311736236
2922607,Nilo Peçanha,ISSQN,Theta,2021,269588.2895145554,459132.7311736236
2922607,Nilo Peçanha,ISSQN,Prophet,2021,268927.5914866107,459132.7311736236
2922607,Nilo Peçanha,ISSQN,Ensemble,2021,274709.4626380564,459132.7311736236
2922607,Nilo Peçanha,ISSQN,Naive,2022,459132.7311736236,611142.2529996786
2922607,Nilo Peçanha,ISSQN,ETS,2022,1225695.5059059218,611142.2529996786
2922607,Nilo Peçanha,ISSQN,SARIMA,2022,323398.86426271044,611142.2529996786
2922607,Nilo Peçanha,ISSQN,Theta,2022,921658.0970424281,611142.2529996786
2922607,Nilo Peçanha,ISSQN,Prophet,2022,364825.32469989377,611142.2529996786
2922607,Nilo Peçanha,ISSQN,Ensemble,2022,708894.4479777385,611142.2529996786
2922607,Nilo Peçanha,ISSQN,Naive,2023,611142.2529996786,627340.061710765
2922607,Nilo Peçanha,ISSQN,ETS,2023,1344847.1297770275,627340.061710765
2922607,Nilo Peçanha,ISSQN,SARIMA,2023,648527.075731464,627340.061710765
2922607,Nilo Peçanha,ISSQN,Theta,2023,947703.4620776451,627340.061710765
2922607,Nilo Peçanha,ISSQN,Prophet,2023,504070.55563287763,627340.061710765
2922607,Nilo Peçanha,ISSQN,Ensemble,2023,861287.0558047534,627340.061710765
2922607,Nilo Peçanha,ISSQN,Naive,2024,627340.061710765,751970.4253540594
2922607,Nilo Peçanha,ISSQN,ETS,2024,629856.5802082754,751970.4253540594
2922607,Nilo Peçanha,ISSQN,SARIMA,2024,575461.6632051555,751970.4253540594
2922607,Nilo Peçanha,ISSQN,Theta,2024,656298.2618513681,751970.4253540594
2922607,Nilo Peçanha,ISSQN,Prophet,2024,587770.0316285513,751970.4253540594
2922607,Nilo Peçanha,ISSQN,Ensemble,2024,612346.6342233376,751970.4253540594
2922607,Nilo Peçanha,ISSQN,Naive,2025,751970.4253540594,745910.6327417492
2922607,Nilo Peçanha,ISSQN,ETS,2025,856340.3263986906,745910.6327417492
2922607,Nilo Peçanha,ISSQN,SARIMA,2025,711630.5031713261,745910.6327417492
2922607,Nilo Peçanha,ISSQN,Theta,2025,791090.1750970399,745910.6327417492
2922607,Nilo Peçanha,ISSQN,Prophet,2025,691512.4674956014,745910.6327417492
2922607,Nilo Peçanha,ISSQN,Ensemble,2025,762643.3680406645,745910.6327417492
2922656,Nordestina,ISSQN,Naive,2021,797196.9842942118,1032043.6543512929
2922656,Nordestina,ISSQN,ETS,2021,782331.5652706386,1032043.6543512929
2922656,Nordestina,ISSQN,SARIMA,2021,791749.0930775485,1032043.6543512929
2922656,Nordestina,ISSQN,Theta,2021,575003.9910991117,1032043.6543512929
2922656,Nordestina,ISSQN,Prophet,2021,97183.13363818204,1032043.6543512929
2922656,Nordestina,ISSQN,Ensemble,2021,561566.9457713702,1032043.6543512929
2922656,Nordestina,ISSQN,Naive,2022,1032043.6543512929,1107425.9316800965
2922656,Nordestina,ISSQN,ETS,2022,1106438.7429361725,1107425.9316800965
2922656,Nordestina,ISSQN,SARIMA,2022,1178001.595092264,1107425.9316800965
2922656,Nordestina,ISSQN,Theta,2022,942097.634942527,1107425.9316800965
2922656,Nordestina,ISSQN,Prophet,2022,217491.21659845,1107425.9316800965
2922656,Nordestina,ISSQN,Ensemble,2022,861007.2973923532,1107425.9316800965
2922656,Nordestina,ISSQN,Naive,2023,1107425.9316800965,1448627.3549453707
2922656,Nordestina,ISSQN,ETS,2023,1769111.7352378836,1448627.3549453707
2922656,Nordestina,ISSQN,SARIMA,2023,1811810.1417793762,1448627.3549453707
2922656,Nordestina,ISSQN,Theta,2023,1701353.106162026,1448627.3549453707
2922656,Nordestina,ISSQN,Prophet,2023,533377.0508743332,1448627.3549453707
2922656,Nordestina,ISSQN,Ensemble,2023,1453913.0085134048,1448627.3549453707
2922656,Nordestina,ISSQN,Naive,2024,1448627.3549453707,3069039.992901615
2922656,Nordestina,ISSQN,ETS,2024,1468990.0588801547,3069039.992901615
2922656,Nordestina,ISSQN,SARIMA,2024,1438962.5696747159,3069039.992901615
2922656,Nordestina,ISSQN,Theta,2024,1457555.974973875,3069039.992901615
2922656,Nordestina,ISSQN,Prophet,2024,910658.25495607,3069039.992901615
2922656,Nordestina,ISSQN,Ensemble,2024,1319041.7146212037,3069039.992901615
2922656,Nordestina,ISSQN,Naive,2025,3069039.992901615,3164218.7063511447
2922656,Nordestina,ISSQN,ETS,2025,4786726.5066495845,3164218.7063511447
2922656,Nordestina,ISSQN,SARIMA,2025,2911291.63618006,3164218.7063511447
2922656,Nordestina,ISSQN,Theta,2025,5410736.210306101,3164218.7063511447
2922656,Nordestina,ISSQN,Prophet,2025,2962285.430349051,3164218.7063511447
2922656,Nordestina,ISSQN,Ensemble,2025,4017759.945871198,3164218.7063511447
2923035,Novo Horizonte,ISSQN,Naive,2021,962317.8374010962,1785302.128402473
2923035,Novo Horizonte,ISSQN,ETS,2021,1538306.5130890522,1785302.128402473
2923035,Novo Horizonte,ISSQN,SARIMA,2021,1159142.8022855232,1785302.128402473
2923035,Novo Horizonte,ISSQN,Theta,2021,1209282.0311771259,1785302.128402473
2923035,Novo Horizonte,ISSQN,Prophet,2021,1182060.3584997242,1785302.128402473
2923035,Novo Horizonte,ISSQN,Ensemble,2021,1272197.9262628562,1785302.128402473
2923035,Novo Horizonte,ISSQN,Naive,2022,1785302.128402473,5917961.069891272
2923035,Novo Horizonte,ISSQN,ETS,2022,1792210.0876129693,5917961.069891272
2923035,Novo Horizonte,ISSQN,SARIMA,2022,1535028.541839599,5917961.069891272
2923035,Novo Horizonte,ISSQN,Theta,2022,3367118.996755797,5917961.069891272
2923035,Novo Horizonte,ISSQN,Prophet,2022,1788703.1774672256,5917961.069891272
2923035,Novo Horizonte,ISSQN,Ensemble,2022,2120765.200918898,5917961.069891272
2923035,Novo Horizonte,ISSQN,Naive,2023,5917961.069891272,10050620.011380073
2923035,Novo Horizonte,ISSQN,ETS,2023,8020689.698071295,10050620.011380073
2923035,Novo Horizonte,ISSQN,SARIMA,2023,6587865.011021502,10050620.011380073
2923035,Novo Horizonte,ISSQN,Theta,2023,6320154.789066748,10050620.011380073
2923035,Novo Horizonte,ISSQN,Prophet,2023,6422960.904654814,10050620.011380073
2923035,Novo Horizonte,ISSQN,Ensemble,2023,6837917.60070359,10050620.011380073
2923035,Novo Horizonte,ISSQN,Naive,2024,10050620.011380073,5705560.754018654
2923035,Novo Horizonte,ISSQN,ETS,2024,10592053.003278788,5705560.754018654
2923035,Novo Horizonte,ISSQN,SARIMA,2024,8682971.98967491,5705560.754018654
2923035,Novo Horizonte,ISSQN,Theta,2024,9350226.859519469,5705560.754018654
2923035,Novo Horizonte,ISSQN,Prophet,2024,13317866.991932122,5705560.754018654
2923035,Novo Horizonte,ISSQN,Ensemble,2024,10485779.711101322,5705560.754018654
2923035,Novo Horizonte,ISSQN,Naive,2025,5705560.754018654,3189421.9027273087
2923035,Novo Horizonte,ISSQN,ETS,2025,7029403.452981205,3189421.9027273087
2923035,Novo Horizonte,ISSQN,SARIMA,2025,4547408.947504217,3189421.9027273087
2923035,Novo Horizonte,ISSQN,Theta,2025,6334381.829037871,3189421.9027273087
2923035,Novo Horizonte,ISSQN,Prophet,2025,8664052.279369835,3189421.9027273087
2923035,Novo Horizonte,ISSQN,Ensemble,2025,6643811.627223282,3189421.9027273087
2922805,Nova Itarana,ISSQN,Naive,2021,1406367.8949532984,1619918.04314661
2922805,Nova Itarana,ISSQN,ETS,2021,1249619.7681049707,1619918.04314661
2922805,Nova Itarana,ISSQN,SARIMA,2021,1431111.4110869532,1619918.04314661
2922805,Nova Itarana,ISSQN,Theta,2021,1546665.230012517,1619918.04314661
2922805,Nova Itarana,ISSQN,Prophet,2021,1508833.4294370967,1619918.04314661
2922805,Nova Itarana,ISSQN,Ensemble,2021,1434057.4596603843,1619918.04314661
2922805,Nova Itarana,ISSQN,Naive,2022,1619918.04314661,1453914.7867838251
2922805,Nova Itarana,ISSQN,ETS,2022,1571996.7470120778,1453914.7867838251
2922805,Nova Itarana,ISSQN,SARIMA,2022,1771358.2394545686,1453914.7867838251
2922805,Nova Itarana,ISSQN,Theta,2022,1708093.9651630106,1453914.7867838251
2922805,Nova Itarana,ISSQN,Prophet,2022,1694824.3136740047,1453914.7867838251
2922805,Nova Itarana,ISSQN,Ensemble,2022,1686568.3163259155,1453914.7867838251
2922805,Nova Itarana,ISSQN,Naive,2023,1453914.7867838251,1808063.4129176084
2922805,Nova Itarana,ISSQN,ETS,2023,1519167.8677928655,1808063.4129176084
2922805,Nova Itarana,ISSQN,SARIMA,2023,1397080.6239781913,1808063.4129176084
2922805,Nova Itarana,ISSQN,Theta,2023,1557650.3442749558,1808063.4129176084
2922805,Nova Itarana,ISSQN,Prophet,2023,1596388.5202225072,1808063.4129176084
2922805,Nova Itarana,ISSQN,Ensemble,2023,1517571.8390671301,1808063.4129176084
2922805,Nova Itarana,ISSQN,Naive,2024,1808063.4129176084,2139567.4807205778
2922805,Nova Itarana,ISSQN,ETS,2024,2002074.5950152038,2139567.4807205778
2922805,Nova Itarana,ISSQN,SARIMA,2024,2271852.4164808923,2139567.4807205778
2922805,Nova Itarana,ISSQN,Theta,2024,2089157.899940829,2139567.4807205778
2922805,Nova Itarana,ISSQN,Prophet,2024,1773237.889437945,2139567.4807205778
2922805,Nova Itarana,ISSQN,Ensemble,2024,2034080.7002187178,2139567.4807205778
2922805,Nova Itarana,ISSQN,Naive,2025,2139567.4807205778,2033297.973121888
2922805,Nova Itarana,ISSQN,ETS,2025,2291236.8898094217,2033297.973121888
2922805,Nova Itarana,ISSQN,SARIMA,2025,2360359.1076288405,2033297.973121888
2922805,Nova Itarana,ISSQN,Theta,2025,2283201.8811362153,2033297.973121888
2922805,Nova Itarana,ISSQN,Prophet,2025,2038162.3466193408,2033297.973121888
2922805,Nova Itarana,ISSQN,Ensemble,2025,2243240.0562984548,2033297.973121888
2923100,Olindina,ISSQN,Naive,2021,961903.6713680457,1981331.6181373019
2923100,Olindina,ISSQN,ETS,2021,953382.0161318323,1981331.6181373019
2923100,Olindina,ISSQN,SARIMA,2021,876220.4251741348,1981331.6181373019
2923100,Olindina,ISSQN,Theta,2021,933816.954024446,1981331.6181373019
2923100,Olindina,ISSQN,Prophet,2021,941411.7981091742,1981331.6181373019
2923100,Olindina,ISSQN,Ensemble,2021,926207.7983598968,1981331.6181373019
2923100,Olindina,ISSQN,Naive,2022,1981331.6181373019,2311825.292081837
2923100,Olindina,ISSQN,ETS,2022,2347507.0656537744,2311825.292081837
2923100,Olindina,ISSQN,SARIMA,2022,2633866.51873044,2311825.292081837
2923100,Olindina,ISSQN,Theta,2022,2267340.6192595386,2311825.292081837
2923100,Olindina,ISSQN,Prophet,2022,2202539.6532158614,2311825.292081837
2923100,Olindina,ISSQN,Ensemble,2022,2362813.4642149033,2311825.292081837
2923100,Olindina,ISSQN,Naive,2023,2311825.292081837,5046469.690473842
2923100,Olindina,ISSQN,ETS,2023,2227544.086517228,5046469.690473842
2923100,Olindina,ISSQN,SARIMA,2023,2257148.5145408944,5046469.690473842
2923100,Olindina,ISSQN,Theta,2023,2178411.1702547288,5046469.690473842
2923100,Olindina,ISSQN,Prophet,2023,2513928.4588900423,5046469.690473842
2923100,Olindina,ISSQN,Ensemble,2023,2294258.0575507237,5046469.690473842
2923100,Olindina,ISSQN,Naive,2024,5046469.690473842,3606809.0521778497
2923100,Olindina,ISSQN,ETS,2024,6578430.649804536,3606809.0521778497
2923100,Olindina,ISSQN,SARIMA,2024,7805953.88183235,3606809.0521778497
2923100,Olindina,ISSQN,Theta,2024,6415898.817203082,3606809.0521778497
2923100,Olindina,ISSQN,Prophet,2024,5262048.863158005,3606809.0521778497
2923100,Olindina,ISSQN,Ensemble,2024,6515583.052999493,3606809.0521778497
2923100,Olindina,ISSQN,Naive,2025,3606809.0521778497,3085913.532905985
2923100,Olindina,ISSQN,ETS,2025,3558209.6664971206,3085913.532905985
2923100,Olindina,ISSQN,SARIMA,2025,2893453.6581382607,3085913.532905985
2923100,Olindina,ISSQN,Theta,2025,3320305.73703478,3085913.532905985
2923100,Olindina,ISSQN,Prophet,2025,4726151.292687089,3085913.532905985
2923100,Olindina,ISSQN,Ensemble,2025,3624530.0885893125,3085913.532905985
2923506,Palmeiras,ISSQN,Naive,2021,721176.1507049314,780575.1112995588
2923506,Palmeiras,ISSQN,ETS,2021,786286.6084608148,780575.1112995588
2923506,Palmeiras,ISSQN,SARIMA,2021,631744.7848015099,780575.1112995588
2923506,Palmeiras,ISSQN,Theta,2021,830813.7114164457,780575.1112995588
2923506,Palmeiras,ISSQN,Prophet,2021,872203.0529941123,780575.1112995588
2923506,Palmeiras,ISSQN,Ensemble,2021,780262.0394182206,780575.1112995588
2923506,Palmeiras,ISSQN,Naive,2022,780575.1112995588,1071167.7624449776
2923506,Palmeiras,ISSQN,ETS,2022,799119.2092587852,1071167.7624449776
2923506,Palmeiras,ISSQN,SARIMA,2022,845912.9250947305,1071167.7624449776
2923506,Palmeiras,ISSQN,Theta,2022,851258.8518221892,1071167.7624449776
2923506,Palmeiras,ISSQN,Prophet,2022,878803.9010853079,1071167.7624449776
2923506,Palmeiras,ISSQN,Ensemble,2022,843773.7218152533,1071167.7624449776
2923506,Palmeiras,ISSQN,Naive,2023,1071167.7624449776,1221863.3367849917
2923506,Palmeiras,ISSQN,ETS,2023,1165556.6865703205,1221863.3367849917
2923506,Palmeiras,ISSQN,SARIMA,2023,1433238.3459127627,1221863.3367849917
2923506,Palmeiras,ISSQN,Theta,2023,1241655.9607363448,1221863.3367849917
2923506,Palmeiras,ISSQN,Prophet,2023,1029099.7174187714,1221863.3367849917
2923506,Palmeiras,ISSQN,Ensemble,2023,1217387.67765955,1221863.3367849917
2923506,Palmeiras,ISSQN,Naive,2024,1221863.3367849917,1597479.863126487
2923506,Palmeiras,ISSQN,ETS,2024,1189250.2318788243,1597479.863126487
2923506,Palmeiras,ISSQN,SARIMA,2024,1297121.1868706623,1597479.863126487
2923506,Palmeiras,ISSQN,Theta,2024,1244006.6857582505,1597479.863126487
2923506,Palmeiras,ISSQN,Prophet,2024,1180836.473981557,1597479.863126487
2923506,Palmeiras,ISSQN,Ensemble,2024,1227803.6446223233,1597479.863126487
2923506,Palmeiras,ISSQN,Naive,2025,1597479.863126487,2389575.6454690094
2923506,Palmeiras,ISSQN,ETS,2025,1817671.1094940284,2389575.6454690094
2923506,Palmeiras,ISSQN,SARIMA,2025,1886573.787309095,2389575.6454690094
2923506,Palmeiras,ISSQN,Theta,2025,1919217.2036268718,2389575.6454690094
2923506,Palmeiras,ISSQN,Prophet,2025,1622390.4256715397,2389575.6454690094
2923506,Palmeiras,ISSQN,Ensemble,2025,1811463.1315253836,2389575.6454690094
2923605,Paramirim,ISSQN,Naive,2021,2173413.573602376,2645541.017088048
2923605,Paramirim,ISSQN,ETS,2021,2828035.454416328,2645541.017088048
2923605,Paramirim,ISSQN,SARIMA,2021,2037146.1715408338,2645541.017088048
2923605,Paramirim,ISSQN,Theta,2021,2840415.5762322573,2645541.017088048
2923605,Paramirim,ISSQN,Prophet,2021,2169124.436106973,2645541.017088048
2923605,Paramirim,ISSQN,Ensemble,2021,2468680.409574098,2645541.017088048
2923605,Paramirim,ISSQN,Naive,2022,2645541.017088048,3535515.839923677
2923605,Paramirim,ISSQN,ETS,2022,2687913.1220660084,3535515.839923677
2923605,Paramirim,ISSQN,SARIMA,2022,2471339.9132628473,3535515.839923677
2923605,Paramirim,ISSQN,Theta,2022,2759634.57055835,3535515.839923677
2923605,Paramirim,ISSQN,Prophet,2022,2448932.855163088,3535515.839923677
2923605,Paramirim,ISSQN,Ensemble,2022,2591955.1152625736,3535515.839923677
2923605,Paramirim,ISSQN,Naive,2023,3535515.839923677,5221443.767771684
2923605,Paramirim,ISSQN,ETS,2023,3962731.4253894496,5221443.767771684
2923605,Paramirim,ISSQN,SARIMA,2023,3935361.999954263,5221443.767771684
2923605,Paramirim,ISSQN,Theta,2023,3877824.980139908,5221443.767771684
2923605,Paramirim,ISSQN,Prophet,2023,3072308.3038849654,5221443.767771684
2923605,Paramirim,ISSQN,Ensemble,2023,3712056.6773421466,5221443.767771684
2923605,Paramirim,ISSQN,Naive,2024,5221443.767771684,4018153.132495353
2923605,Paramirim,ISSQN,ETS,2024,10104960.733041879,4018153.132495353
2923605,Paramirim,ISSQN,SARIMA,2024,6907249.866093126,4018153.132495353
2923605,Paramirim,ISSQN,Theta,2024,9966556.510800896,4018153.132495353
2923605,Paramirim,ISSQN,Prophet,2024,5699497.538603824,4018153.132495353
2923605,Paramirim,ISSQN,Ensemble,2024,8169566.1621349305,4018153.132495353
2923605,Paramirim,ISSQN,Naive,2025,4018153.132495353,3747696.752384457
2923605,Paramirim,ISSQN,ETS,2025,3765759.0018877685,3747696.752384457
2923605,Paramirim,ISSQN,SARIMA,2025,4932422.4931971375,3747696.752384457
2923605,Paramirim,ISSQN,Theta,2025,3514608.0973920547,3747696.752384457
2923605,Paramirim,ISSQN,Prophet,2025,4842035.373771092,3747696.752384457
2923605,Paramirim,ISSQN,Ensemble,2025,4263706.2415620135,3747696.752384457
2924108,Pedrão,ISSQN,Naive,2021,120258.82398377666,262603.02899350284
2924108,Pedrão,ISSQN,ETS,2021,94967.50238888421,262603.02899350284
2924108,Pedrão,ISSQN,SARIMA,2021,113241.95027807554,262603.02899350284
2924108,Pedrão,ISSQN,Theta,2021,17702.618089053558,262603.02899350284
2924108,Pedrão,ISSQN,Prophet,2021,-30483.186082714263,262603.02899350284
2924108,Pedrão,ISSQN,Ensemble,2021,48857.221168324766,262603.02899350284
2924108,Pedrão,ISSQN,Naive,2022,262603.02899350284,404947.23400322907
2924108,Pedrão,ISSQN,ETS,2022,272072.6489507174,404947.23400322907
2924108,Pedrão,ISSQN,SARIMA,2022,255735.79912207264,404947.23400322907
2924108,Pedrão,ISSQN,Theta,2022,292886.11800504633,404947.23400322907
2924108,Pedrão,ISSQN,Prophet,2022,18295.14194721118,404947.23400322907
2924108,Pedrão,ISSQN,Ensemble,2022,209747.4270062619,404947.23400322907
2924108,Pedrão,ISSQN,Naive,2023,404947.23400322907,394395.9517412812
2924108,Pedrão,ISSQN,ETS,2023,401203.3434165606,394395.9517412812
2924108,Pedrão,ISSQN,SARIMA,2023,348084.4448952593,394395.9517412812
2924108,Pedrão,ISSQN,Theta,2023,547551.2863123438,394395.9517412812
2924108,Pedrão,ISSQN,Prophet,2023,260848.7386483344,394395.9517412812
2924108,Pedrão,ISSQN,Ensemble,2023,389421.95331812446,394395.9517412812
2924108,Pedrão,ISSQN,Naive,2024,394395.9517412812,450038.04396834696
2924108,Pedrão,ISSQN,ETS,2024,429885.95166586677,450038.04396834696
2924108,Pedrão,ISSQN,SARIMA,2024,430513.63323621807,450038.04396834696
2924108,Pedrão,ISSQN,Theta,2024,413514.5329413419,450038.04396834696
2924108,Pedrão,ISSQN,Prophet,2024,349205.24269423244,450038.04396834696
2924108,Pedrão,ISSQN,Ensemble,2024,405779.84013441484,450038.04396834696
2924108,Pedrão,ISSQN,Naive,2025,450038.04396834696,700400.3558934147
2924108,Pedrão,ISSQN,ETS,2025,425755.2894583071,700400.3558934147
2924108,Pedrão,ISSQN,SARIMA,2025,405796.9338801197,700400.3558934147
2924108,Pedrão,ISSQN,Theta,2025,385591.57853040344,700400.3558934147
2924108,Pedrão,ISSQN,Prophet,2025,417758.21857374656,700400.3558934147
2924108,Pedrão,ISSQN,Ensemble,2025,408725.5051106442,700400.3558934147
2922656,Nordestina,IPTU,Naive,2021,368669.1873500996,243737.77603387533
2922656,Nordestina,IPTU,ETS,2021,241637.5191190479,243737.77603387533
2922656,Nordestina,IPTU,SARIMA,2021,91294.80679027425,243737.77603387533
2922656,Nordestina,IPTU,Theta,2021,287829.5895317523,243737.77603387533
2922656,Nordestina,IPTU,Prophet,2021,387893.9013538879,243737.77603387533
2922656,Nordestina,IPTU,Ensemble,2021,252163.9541987406,243737.77603387533
2922656,Nordestina,IPTU,Naive,2022,243737.77603387533,228831.52601200526
2922656,Nordestina,IPTU,ETS,2022,240010.0438135253,228831.52601200526
2922656,Nordestina,IPTU,SARIMA,2022,88398.25328351858,228831.52601200526
2922656,Nordestina,IPTU,Theta,2022,300410.92365307023,228831.52601200526
2922656,Nordestina,IPTU,Prophet,2022,367815.88625815295,228831.52601200526
2922656,Nordestina,IPTU,Ensemble,2022,249158.77675206674,228831.52601200526
2922656,Nordestina,IPTU,Naive,2023,228831.52601200526,219704.5995963806
2922656,Nordestina,IPTU,ETS,2023,230355.5785647396,219704.5995963806
2922656,Nordestina,IPTU,SARIMA,2023,98334.97904549999,219704.5995963806
2922656,Nordestina,IPTU,Theta,2023,343001.05494953704,219704.5995963806
2922656,Nordestina,IPTU,Prophet,2023,351939.61204735015,219704.5995963806
2922656,Nordestina,IPTU,Ensemble,2023,255907.80615178173,219704.5995963806
2922656,Nordestina,IPTU,Naive,2024,219704.5995963806,173147.54735753193
2922656,Nordestina,IPTU,ETS,2024,237307.23347549135,173147.54735753193
2922656,Nordestina,IPTU,SARIMA,2024,121584.1825935815,173147.54735753193
2922656,Nordestina,IPTU,Theta,2024,223766.61640713358,173147.54735753193
2922656,Nordestina,IPTU,Prophet,2024,268983.94461453095,173147.54735753193
2922656,Nordestina,IPTU,Ensemble,2024,212910.4942726844,173147.54735753193
2922656,Nordestina,IPTU,Naive,2025,173147.54735753193,197921.97619862473
2922656,Nordestina,IPTU,ETS,2025,225282.31748923776,197921.97619862473
2922656,Nordestina,IPTU,SARIMA,2025,113677.489257494,197921.97619862473
2922656,Nordestina,IPTU,Theta,2025,207583.51862163012,197921.97619862473
2922656,Nordestina,IPTU,Prophet,2025,239157.18631932855,197921.97619862473
2922656,Nordestina,IPTU,Ensemble,2025,196425.1279219226,197921.97619862473
2923803,Paripiranga,IPTU,Naive,2021,172429.28837678334,201228.23767722404
2923803,Paripiranga,IPTU,ETS,2021,165605.1190966318,201228.23767722404
2923803,Paripiranga,IPTU,SARIMA,2021,65633.28169478779,201228.23767722404
2923803,Paripiranga,IPTU,Theta,2021,193485.62902678366,201228.23767722404
2923803,Paripiranga,IPTU,Prophet,2021,50121.01409113102,201228.23767722404
2923803,Paripiranga,IPTU,Ensemble,2021,118711.26097733356,201228.23767722404
2923803,Paripiranga,IPTU,Naive,2022,201228.23767722404,250055.94349951379
2923803,Paripiranga,IPTU,ETS,2022,184816.88570329937,250055.94349951379
2923803,Paripiranga,IPTU,SARIMA,2022,73296.87843976059,250055.94349951379
2923803,Paripiranga,IPTU,Theta,2022,192105.86231815128,250055.94349951379
2923803,Paripiranga,IPTU,Prophet,2022,221652.9132904706,250055.94349951379
2923803,Paripiranga,IPTU,Ensemble,2022,167968.13493792046,250055.94349951379
2923803,Paripiranga,IPTU,Naive,2023,250055.94349951379,353969.0436892622
2923803,Paripiranga,IPTU,ETS,2023,188881.0710508468,353969.0436892622
2923803,Paripiranga,IPTU,SARIMA,2023,80925.02508521365,353969.0436892622
2923803,Paripiranga,IPTU,Theta,2023,287487.3257698344,353969.0436892622
2923803,Paripiranga,IPTU,Prophet,2023,226375.18024823762,353969.0436892622
2923803,Paripiranga,IPTU,Ensemble,2023,195917.1505385331,353969.0436892622
2923803,Paripiranga,IPTU,Naive,2024,353969.0436892622,274041.3239520654
2923803,Paripiranga,IPTU,ETS,2024,260624.42012357642,274041.3239520654
2923803,Paripiranga,IPTU,SARIMA,2024,191588.09792976506,274041.3239520654
2923803,Paripiranga,IPTU,Theta,2024,382497.0584524481,274041.3239520654
2923803,Paripiranga,IPTU,Prophet,2024,302456.38172298175,274041.3239520654
2923803,Paripiranga,IPTU,Ensemble,2024,284291.48955719284,274041.3239520654
2923803,Paripiranga,IPTU,Naive,2025,274041.3239520654,432197.568602762
2923803,Paripiranga,IPTU,ETS,2025,268184.3913696036,432197.568602762
2923803,Paripiranga,IPTU,SARIMA,2025,162599.74811376477,432197.568602762
2923803,Paripiranga,IPTU,Theta,2025,319358.2932417627,432197.568602762
2923803,Paripiranga,IPTU,Prophet,2025,342434.86515356955,432197.568602762
2923803,Paripiranga,IPTU,Ensemble,2025,273144.32446967514,432197.568602762
2924009,Paulo Afonso,ISSQN,Naive,2021,16186688.815179545,17274553.668674454
2924009,Paulo Afonso,ISSQN,ETS,2021,16944707.76679351,17274553.668674454
2924009,Paulo Afonso,ISSQN,SARIMA,2021,16548100.751303598,17274553.668674454
2924009,Paulo Afonso,ISSQN,Theta,2021,16652978.252747893,17274553.668674454
2924009,Paulo Afonso,ISSQN,Prophet,2021,17030337.164849125,17274553.668674454
2924009,Paulo Afonso,ISSQN,Ensemble,2021,16794030.983923532,17274553.668674454
2924009,Paulo Afonso,ISSQN,Naive,2022,17274553.668674454,21614980.88180795
2924009,Paulo Afonso,ISSQN,ETS,2022,16981949.22465482,21614980.88180795
2924009,Paulo Afonso,ISSQN,SARIMA,2022,16585178.985428827,21614980.88180795
2924009,Paulo Afonso,ISSQN,Theta,2022,17119095.399215236,21614980.88180795
2924009,Paulo Afonso,ISSQN,Prophet,2022,17232642.306327958,21614980.88180795
2924009,Paulo Afonso,ISSQN,Ensemble,2022,16979716.47890671,21614980.88180795
2924009,Paulo Afonso,ISSQN,Naive,2023,21614980.88180795,26248361.36222494
2924009,Paulo Afonso,ISSQN,ETS,2023,21794188.961581767,26248361.36222494
2924009,Paulo Afonso,ISSQN,SARIMA,2023,22908175.766339365,26248361.36222494
2924009,Paulo Afonso,ISSQN,Theta,2023,21610088.425635546,26248361.36222494
2924009,Paulo Afonso,ISSQN,Prophet,2023,19490938.43968555,26248361.36222494
2924009,Paulo Afonso,ISSQN,Ensemble,2023,21450847.898310557,26248361.36222494
2924009,Paulo Afonso,ISSQN,Naive,2024,26248361.36222494,31023005.402738832
2924009,Paulo Afonso,ISSQN,ETS,2024,24843424.91294033,31023005.402738832
2924009,Paulo Afonso,ISSQN,SARIMA,2024,27322540.395368025,31023005.402738832
2924009,Paulo Afonso,ISSQN,Theta,2024,25242149.040704373,31023005.402738832
2924009,Paulo Afonso,ISSQN,Prophet,2024,26300306.78815202,31023005.402738832
2924009,Paulo Afonso,ISSQN,Ensemble,2024,25927105.284291185,31023005.402738832
2924009,Paulo Afonso,ISSQN,Naive,2025,31023005.402738832,25639502.619334236
2924009,Paulo Afonso,ISSQN,ETS,2025,35332635.26149592,25639502.619334236
2924009,Paulo Afonso,ISSQN,SARIMA,2025,34740636.095886976,25639502.619334236
2924009,Paulo Afonso,ISSQN,Theta,2025,31544136.38817206,25639502.619334236
2924009,Paulo Afonso,ISSQN,Prophet,2025,33386411.305672087,25639502.619334236
2924009,Paulo Afonso,ISSQN,Ensemble,2025,33750954.76280676,25639502.619334236
2924504,Pindaí,ISSQN,Naive,2021,6493076.139569619,3911877.2367779464
2924504,Pindaí,ISSQN,ETS,2021,6813058.134218243,3911877.2367779464
2924504,Pindaí,ISSQN,SARIMA,2021,5136501.181594664,3911877.2367779464
2924504,Pindaí,ISSQN,Theta,2021,8450522.689613415,3911877.2367779464
2924504,Pindaí,ISSQN,Prophet,2021,6026915.332257214,3911877.2367779464
2924504,Pindaí,ISSQN,Ensemble,2021,6606749.334420883,3911877.2367779464
2924504,Pindaí,ISSQN,Naive,2022,3911877.2367779464,3393314.2289148266
2924504,Pindaí,ISSQN,ETS,2022,2917748.0902156555,3393314.2289148266
2924504,Pindaí,ISSQN,SARIMA,2022,4493318.079850148,3393314.2289148266
2924504,Pindaí,ISSQN,Theta,2022,3107244.414349555,3393314.2289148266
2924504,Pindaí,ISSQN,Prophet,2022,4741446.536325818,3393314.2289148266
2924504,Pindaí,ISSQN,Ensemble,2022,3814939.2801852943,3393314.2289148266
2924504,Pindaí,ISSQN,Naive,2023,3393314.2289148266,3438258.3347375044
2924504,Pindaí,ISSQN,ETS,2023,3595938.3258638405,3438258.3347375044
2924504,Pindaí,ISSQN,SARIMA,2023,4603725.962044045,3438258.3347375044
2924504,Pindaí,ISSQN,Theta,2023,4437068.41799534,3438258.3347375044
2924504,Pindaí,ISSQN,Prophet,2023,3883947.342016113,3438258.3347375044
2924504,Pindaí,ISSQN,Ensemble,2023,4130170.0119798346,3438258.3347375044
2924504,Pindaí,ISSQN,Naive,2024,3438258.3347375044,3187045.9975168137
2924504,Pindaí,ISSQN,ETS,2024,2891367.768079129,3187045.9975168137
2924504,Pindaí,ISSQN,SARIMA,2024,4046177.7290436774,3187045.9975168137
2924504,Pindaí,ISSQN,Theta,2024,2735883.111190754,3187045.9975168137
2924504,Pindaí,ISSQN,Prophet,2024,3344640.315427753,3187045.9975168137
2924504,Pindaí,ISSQN,Ensemble,2024,3254517.230935328,3187045.9975168137
2924504,Pindaí,ISSQN,Naive,2025,3187045.9975168137,1961196.033102869
2924504,Pindaí,ISSQN,ETS,2025,2800871.766593778,1961196.033102869
2924504,Pindaí,ISSQN,SARIMA,2025,2282535.4445521114,1961196.033102869
2924504,Pindaí,ISSQN,Theta,2025,2189322.747385616,1961196.033102869
2924504,Pindaí,ISSQN,Prophet,2025,2649514.1740329033,1961196.033102869
2924504,Pindaí,ISSQN,Ensemble,2025,2480561.033141103,1961196.033102869
2923605,Paramirim,IPTU,Naive,2021,102933.44325782062,86352.87409005364
2923605,Paramirim,IPTU,ETS,2021,255388.82733861895,86352.87409005364
2923605,Paramirim,IPTU,SARIMA,2021,30676.328147765053,86352.87409005364
2923605,Paramirim,IPTU,Theta,2021,65464.40341753824,86352.87409005364
2923605,Paramirim,IPTU,Prophet,2021,125345.80165238799,86352.87409005364
2923605,Paramirim,IPTU,Ensemble,2021,119218.84013907758,86352.87409005364
2923605,Paramirim,IPTU,Naive,2022,86352.87409005364,104936.1270725113
2923605,Paramirim,IPTU,ETS,2022,98540.66883439236,104936.1270725113
2923605,Paramirim,IPTU,SARIMA,2022,40717.47330336219,104936.1270725113
2923605,Paramirim,IPTU,Theta,2022,624952.1088527885,104936.1270725113
2923605,Paramirim,IPTU,Prophet,2022,112651.42132587617,104936.1270725113
2923605,Paramirim,IPTU,Ensemble,2022,219215.4180791048,104936.1270725113
2923605,Paramirim,IPTU,Naive,2023,104936.1270725113,128359.9052175315
2923605,Paramirim,IPTU,ETS,2023,101581.48108342366,128359.9052175315
2923605,Paramirim,IPTU,SARIMA,2023,32080.749934562,128359.9052175315
2923605,Paramirim,IPTU,Theta,2023,388225.80615823215,128359.9052175315
2923605,Paramirim,IPTU,Prophet,2023,138680.97693757422,128359.9052175315
2923605,Paramirim,IPTU,Ensemble,2023,165142.25352844803,128359.9052175315
2923605,Paramirim,IPTU,Naive,2024,128359.9052175315,162570.36233055446
2923605,Paramirim,IPTU,ETS,2024,119415.19185608132,162570.36233055446
2923605,Paramirim,IPTU,SARIMA,2024,30889.77268789263,162570.36233055446
2923605,Paramirim,IPTU,Theta,2024,25443.031026138888,162570.36233055446
2923605,Paramirim,IPTU,Prophet,2024,153155.61715948657,162570.36233055446
2923605,Paramirim,IPTU,Ensemble,2024,82225.90318239987,162570.36233055446
2923605,Paramirim,IPTU,Naive,2025,162570.36233055446,155928.8614853202
2923605,Paramirim,IPTU,ETS,2025,136219.19766578896,155928.8614853202
2923605,Paramirim,IPTU,SARIMA,2025,90166.55057877794,155928.8614853202
2923605,Paramirim,IPTU,Theta,2025,28957.553733155895,155928.8614853202
2923605,Paramirim,IPTU,Prophet,2025,171005.65255807835,155928.8614853202
2923605,Paramirim,IPTU,Ensemble,2025,106587.2386339503,155928.8614853202
2925204,Pojuca,ISSQN,Naive,2021,21663066.222210262,25944322.388165265
2925204,Pojuca,ISSQN,ETS,2021,21825752.966889385,25944322.388165265
2925204,Pojuca,ISSQN,SARIMA,2021,19242124.571446285,25944322.388165265
2925204,Pojuca,ISSQN,Theta,2021,21907357.976739246,25944322.388165265
2925204,Pojuca,ISSQN,Prophet,2021,21846304.4419811,25944322.388165265
2925204,Pojuca,ISSQN,Ensemble,2021,21205384.989264004,25944322.388165265
2925204,Pojuca,ISSQN,Naive,2022,25944322.388165265,35440211.57885748
2925204,Pojuca,ISSQN,ETS,2022,27120735.811048046,35440211.57885748
2925204,Pojuca,ISSQN,SARIMA,2022,26546730.47741443,35440211.57885748
2925204,Pojuca,ISSQN,Theta,2022,27806934.79498317,35440211.57885748
2925204,Pojuca,ISSQN,Prophet,2022,27171285.18735827,35440211.57885748
2925204,Pojuca,ISSQN,Ensemble,2022,27161421.56770098,35440211.57885748
2925204,Pojuca,ISSQN,Naive,2023,35440211.57885748,29294387.83465597
2925204,Pojuca,ISSQN,ETS,2023,36321295.63827628,29294387.83465597
2925204,Pojuca,ISSQN,SARIMA,2023,36008235.62888623,29294387.83465597
2925204,Pojuca,ISSQN,Theta,2023,37996302.03959371,29294387.83465597
2925204,Pojuca,ISSQN,Prophet,2023,38098594.01199645,29294387.83465597
2925204,Pojuca,ISSQN,Ensemble,2023,37106106.82968817,29294387.83465597
2925204,Pojuca,ISSQN,Naive,2024,29294387.83465597,33699510.55189123
2925204,Pojuca,ISSQN,ETS,2024,29069728.402386818,33699510.55189123
2925204,Pojuca,ISSQN,SARIMA,2024,29040787.368954647,33699510.55189123
2925204,Pojuca,ISSQN,Theta,2024,28287070.87044734,33699510.55189123
2925204,Pojuca,ISSQN,Prophet,2024,36026077.017938666,33699510.55189123
2925204,Pojuca,ISSQN,Ensemble,2024,30605915.914931867,33699510.55189123
2925204,Pojuca,ISSQN,Naive,2025,33699510.55189123,44037089.258040704
2925204,Pojuca,ISSQN,ETS,2025,39759971.125148974,44037089.258040704
2925204,Pojuca,ISSQN,SARIMA,2025,38597204.24516102,44037089.258040704
2925204,Pojuca,ISSQN,Theta,2025,40999781.39488728,44037089.258040704
2925204,Pojuca,ISSQN,Prophet,2025,37943165.82694784,44037089.258040704
2925204,Pojuca,ISSQN,Ensemble,2025,39325030.64803628,44037089.258040704
2924652,Pintadas,ISSQN,Naive,2021,511189.57425355614,530704.2723440664
2924652,Pintadas,ISSQN,ETS,2021,562922.0516570958,530704.2723440664
2924652,Pintadas,ISSQN,SARIMA,2021,499830.3309026223,530704.2723440664
2924652,Pintadas,ISSQN,Theta,2021,557796.1255473967,530704.2723440664
2924652,Pintadas,ISSQN,Prophet,2021,303167.8958023036,530704.2723440664
2924652,Pintadas,ISSQN,Ensemble,2021,480929.1009773547,530704.2723440664
2924652,Pintadas,ISSQN,Naive,2022,530704.2723440664,1152471.5706592174
2924652,Pintadas,ISSQN,ETS,2022,549236.3229666345,1152471.5706592174
2924652,Pintadas,ISSQN,SARIMA,2022,501379.54410445364,1152471.5706592174
2924652,Pintadas,ISSQN,Theta,2022,560491.0374985177,1152471.5706592174
2924652,Pintadas,ISSQN,Prophet,2022,310715.57460541674,1152471.5706592174
2924652,Pintadas,ISSQN,Ensemble,2022,480455.61979375564,1152471.5706592174
2924652,Pintadas,ISSQN,Naive,2023,1152471.5706592174,1477425.044560247
2924652,Pintadas,ISSQN,ETS,2023,1407706.1497669548,1477425.044560247
2924652,Pintadas,ISSQN,SARIMA,2023,1572580.981995435,1477425.044560247
2924652,Pintadas,ISSQN,Theta,2023,1239120.4201926396,1477425.044560247
2924652,Pintadas,ISSQN,Prophet,2023,639196.0422964962,1477425.044560247
2924652,Pintadas,ISSQN,Ensemble,2023,1214650.8985628816,1477425.044560247
2924652,Pintadas,ISSQN,Naive,2024,1477425.044560247,1285633.4955793251
2924652,Pintadas,ISSQN,ETS,2024,1535738.9050141817,1285633.4955793251
2924652,Pintadas,ISSQN,SARIMA,2024,1590291.549365693,1285633.4955793251
2924652,Pintadas,ISSQN,Theta,2024,1500108.1966485379,1285633.4955793251
2924652,Pintadas,ISSQN,Prophet,2024,1309521.0856064947,1285633.4955793251
2924652,Pintadas,ISSQN,Ensemble,2024,1483914.934158727,1285633.4955793251
2924652,Pintadas,ISSQN,Naive,2025,1285633.4955793251,1160244.6738753575
2924652,Pintadas,ISSQN,ETS,2025,1458947.415967632,1160244.6738753575
2924652,Pintadas,ISSQN,SARIMA,2025,1084845.1154558966,1160244.6738753575
2924652,Pintadas,ISSQN,Theta,2025,1446122.7951366953,1160244.6738753575
2924652,Pintadas,ISSQN,Prophet,2025,1215784.6322947445,1160244.6738753575
2924652,Pintadas,ISSQN,Ensemble,2025,1301424.9897137422,1160244.6738753575
2924306,Piatã,ISSQN,Naive,2021,1888382.7188871177,4413808.442425392
2924306,Piatã,ISSQN,ETS,2021,2121631.3247876987,4413808.442425392
2924306,Piatã,ISSQN,SARIMA,2021,2147071.615867335,4413808.442425392
2924306,Piatã,ISSQN,Theta,2021,2004711.16645033,4413808.442425392
2924306,Piatã,ISSQN,Prophet,2021,1935404.662566674,4413808.442425392
2924306,Piatã,ISSQN,Ensemble,2021,2052204.6924180095,4413808.442425392
2924306,Piatã,ISSQN,Naive,2022,4413808.442425392,3257009.4715336473
2924306,Piatã,ISSQN,ETS,2022,6952433.931802665,3257009.4715336473
2924306,Piatã,ISSQN,SARIMA,2022,6123667.6764296,3257009.4715336473
2924306,Piatã,ISSQN,Theta,2022,8531949.102279644,3257009.4715336473
2924306,Piatã,ISSQN,Prophet,2022,6397227.118379611,3257009.4715336473
2924306,Piatã,ISSQN,Ensemble,2022,7001319.457222879,3257009.4715336473
2924306,Piatã,ISSQN,Naive,2023,3257009.4715336473,4347501.115516641
2924306,Piatã,ISSQN,ETS,2023,3317863.440408414,4347501.115516641
2924306,Piatã,ISSQN,SARIMA,2023,3844511.6801785,4347501.115516641
2924306,Piatã,ISSQN,Theta,2023,3936378.903169173,4347501.115516641
2924306,Piatã,ISSQN,Prophet,2023,4130870.857043365,4347501.115516641
2924306,Piatã,ISSQN,Ensemble,2023,3807406.220199863,4347501.115516641
2924306,Piatã,ISSQN,Naive,2024,4347501.115516641,3414848.6482033115
2924306,Piatã,ISSQN,ETS,2024,5142183.68600031,3414848.6482033115
2924306,Piatã,ISSQN,SARIMA,2024,3505142.7079997407,3414848.6482033115
2924306,Piatã,ISSQN,Theta,2024,5050151.472050592,3414848.6482033115
2924306,Piatã,ISSQN,Prophet,2024,4749900.877195708,3414848.6482033115
2924306,Piatã,ISSQN,Ensemble,2024,4611844.685811588,3414848.6482033115
2924306,Piatã,ISSQN,Naive,2025,3414848.6482033115,2846712.973313441
2924306,Piatã,ISSQN,ETS,2025,3217084.2649423224,2846712.973313441
2924306,Piatã,ISSQN,SARIMA,2025,2828706.782509729,2846712.973313441
2924306,Piatã,ISSQN,Theta,2025,3524700.75712946,2846712.973313441
2924306,Piatã,ISSQN,Prophet,2025,4596509.705470643,2846712.973313441
2924306,Piatã,ISSQN,Ensemble,2025,3541750.3775130385,2846712.973313441
2925006,Planalto,ISSQN,Naive,2022,1485881.3597428238,1526164.4349695968
2925006,Planalto,ISSQN,ETS,2022,1225001.628060278,1526164.4349695968
2925006,Planalto,ISSQN,SARIMA,2022,1611472.4046822705,1526164.4349695968
2925006,Planalto,ISSQN,Theta,2022,1185936.634870647,1526164.4349695968
2925006,Planalto,ISSQN,Prophet,2022,2009055.9052542772,1526164.4349695968
2925006,Planalto,ISSQN,Ensemble,2022,1507866.643216868,1526164.4349695968
2925006,Planalto,ISSQN,Naive,2023,1526164.4349695968,1531718.7732263529
2925006,Planalto,ISSQN,ETS,2023,2399699.1695553726,1531718.7732263529
2925006,Planalto,ISSQN,SARIMA,2023,3202483.946747657,1531718.7732263529
2925006,Planalto,ISSQN,Theta,2023,3621020.4099645433,1531718.7732263529
2925006,Planalto,ISSQN,Prophet,2023,1918951.0630862159,1531718.7732263529
2925006,Planalto,ISSQN,Ensemble,2023,2785538.647338447,1531718.7732263529
2925006,Planalto,ISSQN,Naive,2024,1531718.7732263529,1926989.0470978173
2925006,Planalto,ISSQN,ETS,2024,1630353.1497234784,1926989.0470978173
2925006,Planalto,ISSQN,SARIMA,2024,1614636.559737789,1926989.0470978173
2925006,Planalto,ISSQN,Theta,2024,1905586.493783875,1926989.0470978173
2925006,Planalto,ISSQN,Prophet,2024,1769774.5980551892,1926989.0470978173
2925006,Planalto,ISSQN,Ensemble,2024,1730087.700325083,1926989.0470978173
2925006,Planalto,ISSQN,Naive,2025,1926989.0470978173,2252757.554906314
2925006,Planalto,ISSQN,ETS,2025,2042833.6468514204,2252757.554906314
2925006,Planalto,ISSQN,SARIMA,2025,1813101.4892978729,2252757.554906314
2925006,Planalto,ISSQN,Theta,2025,2479305.6012981096,2252757.554906314
2925006,Planalto,ISSQN,Prophet,2025,1942496.6970887599,2252757.554906314
2925006,Planalto,ISSQN,Ensemble,2025,2069434.3586340407,2252757.554906314
2925253,Ponto Novo,IPTU,Naive,2021,68029.45170047894,94850.87246217216
2925253,Ponto Novo,IPTU,ETS,2021,78727.40037295294,94850.87246217216
2925253,Ponto Novo,IPTU,SARIMA,2021,35500.30276903169,94850.87246217216
2925253,Ponto Novo,IPTU,Theta,2021,48620.12839793231,94850.87246217216
2925253,Ponto Novo,IPTU,Prophet,2021,41124.01283810603,94850.87246217216
2925253,Ponto Novo,IPTU,Ensemble,2021,50992.961094505736,94850.87246217216
2925253,Ponto Novo,IPTU,Naive,2022,94850.87246217216,82196.35427686058
2925253,Ponto Novo,IPTU,ETS,2022,109490.76614628342,82196.35427686058
2925253,Ponto Novo,IPTU,SARIMA,2022,50475.113795273355,82196.35427686058
2925253,Ponto Novo,IPTU,Theta,2022,38478.6328236345,82196.35427686058
2925253,Ponto Novo,IPTU,Prophet,2022,63461.4457224808,82196.35427686058
2925253,Ponto Novo,IPTU,Ensemble,2022,65476.48962191802,82196.35427686058
2925253,Ponto Novo,IPTU,Naive,2023,82196.35427686058,66934.85645983207
2925253,Ponto Novo,IPTU,ETS,2023,103400.59709562681,66934.85645983207
2925253,Ponto Novo,IPTU,SARIMA,2023,58593.3604864338,66934.85645983207
2925253,Ponto Novo,IPTU,Theta,2023,160574.34154482046,66934.85645983207
2925253,Ponto Novo,IPTU,Prophet,2023,68193.49841094213,66934.85645983207
2925253,Ponto Novo,IPTU,Ensemble,2023,97690.44938445582,66934.85645983207
2925253,Ponto Novo,IPTU,Naive,2024,66934.85645983207,45660.58917770127
2925253,Ponto Novo,IPTU,ETS,2024,76878.58895533357,45660.58917770127
2925253,Ponto Novo,IPTU,SARIMA,2024,41820.68614711613,45660.58917770127
2925253,Ponto Novo,IPTU,Theta,2024,96163.07360641673,45660.58917770127
2925253,Ponto Novo,IPTU,Prophet,2024,79764.24927133752,45660.58917770127
2925253,Ponto Novo,IPTU,Ensemble,2024,73656.64949505098,45660.58917770127
2925253,Ponto Novo,IPTU,Naive,2025,45660.58917770127,89700.37971863178
2925253,Ponto Novo,IPTU,ETS,2025,48479.57582726047,89700.37971863178
2925253,Ponto Novo,IPTU,SARIMA,2025,38330.06604957644,89700.37971863178
2925253,Ponto Novo,IPTU,Theta,2025,57332.683843661864,89700.37971863178
2925253,Ponto Novo,IPTU,Prophet,2025,67680.09171486905,89700.37971863178
2925253,Ponto Novo,IPTU,Ensemble,2025,52955.60435884195,89700.37971863178
2924801,Piritiba,ISSQN,Naive,2021,1891255.304504125,1626752.191119555
2924801,Piritiba,ISSQN,ETS,2021,3023806.84705855,1626752.191119555
2924801,Piritiba,ISSQN,SARIMA,2021,1504641.1399900704,1626752.191119555
2924801,Piritiba,ISSQN,Theta,2021,2577435.674134902,1626752.191119555
2924801,Piritiba,ISSQN,Prophet,2021,1027653.1798881798,1626752.191119555
2924801,Piritiba,ISSQN,Ensemble,2021,2033384.2102679254,1626752.191119555
2924801,Piritiba,ISSQN,Naive,2022,1626752.191119555,1495681.622073374
2924801,Piritiba,ISSQN,ETS,2022,3493697.280523719,1495681.622073374
2924801,Piritiba,ISSQN,SARIMA,2022,1311331.8108755392,1495681.622073374
2924801,Piritiba,ISSQN,Theta,2022,2322105.023751835,1495681.622073374
2924801,Piritiba,ISSQN,Prophet,2022,1124450.568174529,1495681.622073374
2924801,Piritiba,ISSQN,Ensemble,2022,2062896.1708314056,1495681.622073374
2924801,Piritiba,ISSQN,Naive,2023,1495681.622073374,1283217.186858741
2924801,Piritiba,ISSQN,ETS,2023,3179526.9199837046,1283217.186858741
2924801,Piritiba,ISSQN,SARIMA,2023,1358345.0289291039,1283217.186858741
2924801,Piritiba,ISSQN,Theta,2023,1873211.947113381,1283217.186858741
2924801,Piritiba,ISSQN,Prophet,2023,1153216.3152258636,1283217.186858741
2924801,Piritiba,ISSQN,Ensemble,2023,1891075.052813013,1283217.186858741
2924801,Piritiba,ISSQN,Naive,2024,1283217.186858741,2827977.0176763944
2924801,Piritiba,ISSQN,ETS,2024,2040530.3765958883,2827977.0176763944
2924801,Piritiba,ISSQN,SARIMA,2024,1231733.0160923817,2827977.0176763944
2924801,Piritiba,ISSQN,Theta,2024,1581342.3560073224,2827977.0176763944
2924801,Piritiba,ISSQN,Prophet,2024,1191585.253607212,2827977.0176763944
2924801,Piritiba,ISSQN,Ensemble,2024,1511297.7505757012,2827977.0176763944
2924801,Piritiba,ISSQN,Naive,2025,2827977.0176763944,2015249.2290207804
2924801,Piritiba,ISSQN,ETS,2025,3192284.0728213987,2015249.2290207804
2924801,Piritiba,ISSQN,SARIMA,2025,1952144.1756728776,2015249.2290207804
2924801,Piritiba,ISSQN,Theta,2025,2727621.720697376,2015249.2290207804
2924801,Piritiba,ISSQN,Prophet,2025,1974431.5168450912,2015249.2290207804
2924801,Piritiba,ISSQN,Ensemble,2025,2461620.371509186,2015249.2290207804
2925600,Presidente Dutra,ISSQN,Naive,2021,1067971.9595707043,928659.1580309366
2925600,Presidente Dutra,ISSQN,ETS,2021,1071553.2784071565,928659.1580309366
2925600,Presidente Dutra,ISSQN,SARIMA,2021,647427.1368848382,928659.1580309366
2925600,Presidente Dutra,ISSQN,Theta,2021,933243.5842301827,928659.1580309366
2925600,Presidente Dutra,ISSQN,Prophet,2021,1659260.5965229576,928659.1580309366
2925600,Presidente Dutra,ISSQN,Ensemble,2021,1077871.1490112836,928659.1580309366
2925600,Presidente Dutra,ISSQN,Naive,2022,928659.1580309366,1388753.5602357103
2925600,Presidente Dutra,ISSQN,ETS,2022,1223577.9005895467,1388753.5602357103
2925600,Presidente Dutra,ISSQN,SARIMA,2022,743414.760525945,1388753.5602357103
2925600,Presidente Dutra,ISSQN,Theta,2022,1175176.7346404467,1388753.5602357103
2925600,Presidente Dutra,ISSQN,Prophet,2022,1109300.1955432906,1388753.5602357103
2925600,Presidente Dutra,ISSQN,Ensemble,2022,1062867.3978248076,1388753.5602357103
2925600,Presidente Dutra,ISSQN,Naive,2023,1388753.5602357103,1560751.6393743397
2925600,Presidente Dutra,ISSQN,ETS,2023,1857385.0697809695,1560751.6393743397
2925600,Presidente Dutra,ISSQN,SARIMA,2023,1582472.092166644,1560751.6393743397
2925600,Presidente Dutra,ISSQN,Theta,2023,1732423.2008490348,1560751.6393743397
2925600,Presidente Dutra,ISSQN,Prophet,2023,1138152.1757498605,1560751.6393743397
2925600,Presidente Dutra,ISSQN,Ensemble,2023,1577608.134636627,1560751.6393743397
2925600,Presidente Dutra,ISSQN,Naive,2024,1560751.6393743397,1913621.8453108827
2925600,Presidente Dutra,ISSQN,ETS,2024,1822603.8629198787,1913621.8453108827
2925600,Presidente Dutra,ISSQN,SARIMA,2024,1583551.1007090914,1913621.8453108827
2925600,Presidente Dutra,ISSQN,Theta,2024,1787763.4875710683,1913621.8453108827
2925600,Presidente Dutra,ISSQN,Prophet,2024,1376153.6580220282,1913621.8453108827
2925600,Presidente Dutra,ISSQN,Ensemble,2024,1642518.0273055166,1913621.8453108827
2925600,Presidente Dutra,ISSQN,Naive,2025,1913621.8453108827,1628908.747995446
2925600,Presidente Dutra,ISSQN,ETS,2025,1886335.8231793623,1628908.747995446
2925600,Presidente Dutra,ISSQN,SARIMA,2025,1908729.8325641712,1628908.747995446
2925600,Presidente Dutra,ISSQN,Theta,2025,1876792.840354614,1628908.747995446
2925600,Presidente Dutra,ISSQN,Prophet,2025,1671436.289339404,1628908.747995446
2925600,Presidente Dutra,ISSQN,Ensemble,2025,1835823.696359388,1628908.747995446
2924058,Pé de Serra,ISSQN,Naive,2021,418430.9019417654,827803.7119907163
2924058,Pé de Serra,ISSQN,ETS,2021,628274.0330328882,827803.7119907163
2924058,Pé de Serra,ISSQN,SARIMA,2021,364955.1443037678,827803.7119907163
2924058,Pé de Serra,ISSQN,Theta,2021,490388.1903665518,827803.7119907163
2924058,Pé de Serra,ISSQN,Prophet,2021,507970.5611891014,827803.7119907163
2924058,Pé de Serra,ISSQN,Ensemble,2021,497896.9822230774,827803.7119907163
2924058,Pé de Serra,ISSQN,Naive,2022,827803.7119907163,1237176.5220396675
2924058,Pé de Serra,ISSQN,ETS,2022,883997.9163681716,1237176.5220396675
2924058,Pé de Serra,ISSQN,SARIMA,2022,780094.0444053789,1237176.5220396675
2924058,Pé de Serra,ISSQN,Theta,2022,860790.6600596628,1237176.5220396675
2924058,Pé de Serra,ISSQN,Prophet,2022,743434.5033948901,1237176.5220396675
2924058,Pé de Serra,ISSQN,Ensemble,2022,817079.2810570257,1237176.5220396675
2924058,Pé de Serra,ISSQN,Naive,2023,1237176.5220396675,1157327.6712016773
2924058,Pé de Serra,ISSQN,ETS,2023,1521275.5786287852,1157327.6712016773
2924058,Pé de Serra,ISSQN,SARIMA,2023,1424628.8639101798,1157327.6712016773
2924058,Pé de Serra,ISSQN,Theta,2023,1316086.1270181956,1157327.6712016773
2924058,Pé de Serra,ISSQN,Prophet,2023,1083869.5400619076,1157327.6712016773
2924058,Pé de Serra,ISSQN,Ensemble,2023,1336465.027404767,1157327.6712016773
2924058,Pé de Serra,ISSQN,Naive,2024,1157327.6712016773,1259300.0062897578
2924058,Pé de Serra,ISSQN,ETS,2024,1781273.2104121647,1259300.0062897578
2924058,Pé de Serra,ISSQN,SARIMA,2024,1408087.1858739709,1259300.0062897578
2924058,Pé de Serra,ISSQN,Theta,2024,1356031.5512839868,1259300.0062897578
2924058,Pé de Serra,ISSQN,Prophet,2024,1256618.8031804347,1259300.0062897578
2924058,Pé de Serra,ISSQN,Ensemble,2024,1450502.6876876391,1259300.0062897578
2924058,Pé de Serra,ISSQN,Naive,2025,1259300.0062897578,835893.945757569
2924058,Pé de Serra,ISSQN,ETS,2025,1921578.8783315571,835893.945757569
2924058,Pé de Serra,ISSQN,SARIMA,2025,1496607.7860424942,835893.945757569
2924058,Pé de Serra,ISSQN,Theta,2025,1391980.9925286423,835893.945757569
2924058,Pé de Serra,ISSQN,Prophet,2025,1373127.866561232,835893.945757569
2924058,Pé de Serra,ISSQN,Ensemble,2025,1545823.8808659813,835893.945757569
2925758,Presidente Tancredo Neves,ISSQN,Naive,2021,985868.3625399278,1015009.8772257129
2925758,Presidente Tancredo Neves,ISSQN,ETS,2021,962587.2016631019,1015009.8772257129
2925758,Presidente Tancredo Neves,ISSQN,SARIMA,2021,991723.5008863938,1015009.8772257129
2925758,Presidente Tancredo Neves,ISSQN,Theta,2021,957470.494374367,1015009.8772257129
2925758,Presidente Tancredo Neves,ISSQN,Prophet,2021,681353.4367741811,1015009.8772257129
2925758,Presidente Tancredo Neves,ISSQN,Ensemble,2021,898283.6584245109,1015009.8772257129
2925758,Presidente Tancredo Neves,ISSQN,Naive,2022,1015009.8772257129,1718028.142527404
2925758,Presidente Tancredo Neves,ISSQN,ETS,2022,1549584.0043458873,1718028.142527404
2925758,Presidente Tancredo Neves,ISSQN,SARIMA,2022,1049627.8965424795,1718028.142527404
2925758,Presidente Tancredo Neves,ISSQN,Theta,2022,1570504.4243281223,1718028.142527404
2925758,Presidente Tancredo Neves,ISSQN,Prophet,2022,763450.4116175106,1718028.142527404
2925758,Presidente Tancredo Neves,ISSQN,Ensemble,2022,1233291.6842084997,1718028.142527404
2925758,Presidente Tancredo Neves,ISSQN,Naive,2023,1718028.142527404,1545265.7327692572
2925758,Presidente Tancredo Neves,ISSQN,ETS,2023,1853752.7986507663,1545265.7327692572
2925758,Presidente Tancredo Neves,ISSQN,SARIMA,2023,1277014.410597048,1545265.7327692572
2925758,Presidente Tancredo Neves,ISSQN,Theta,2023,1870183.4881213894,1545265.7327692572
2925758,Presidente Tancredo Neves,ISSQN,Prophet,2023,1163795.7671785438,1545265.7327692572
2925758,Presidente Tancredo Neves,ISSQN,Ensemble,2023,1541186.616136937,1545265.7327692572
2925758,Presidente Tancredo Neves,ISSQN,Naive,2024,1545265.7327692572,1773893.9704003741
2925758,Presidente Tancredo Neves,ISSQN,ETS,2024,1541155.5782589545,1773893.9704003741
2925758,Presidente Tancredo Neves,ISSQN,SARIMA,2024,1398005.674836387,1773893.9704003741
2925758,Presidente Tancredo Neves,ISSQN,Theta,2024,1551447.7813778117,1773893.9704003741
2925758,Presidente Tancredo Neves,ISSQN,Prophet,2024,1406268.181286057,1773893.9704003741
2925758,Presidente Tancredo Neves,ISSQN,Ensemble,2024,1474219.3039398028,1773893.9704003741
2925758,Presidente Tancredo Neves,ISSQN,Naive,2025,1773893.9704003741,2013556.0147709828
2925758,Presidente Tancredo Neves,ISSQN,ETS,2025,1631596.9623335688,2013556.0147709828
2925758,Presidente Tancredo Neves,ISSQN,SARIMA,2025,1527066.3854014887,2013556.0147709828
2925758,Presidente Tancredo Neves,ISSQN,Theta,2025,1664907.7993447313,2013556.0147709828
2925758,Presidente Tancredo Neves,ISSQN,Prophet,2025,1722128.6508644307,2013556.0147709828
2925758,Presidente Tancredo Neves,ISSQN,Ensemble,2025,1636424.9494860547,2013556.0147709828
2925253,Ponto Novo,ISSQN,Naive,2021,1115612.4217449713,1422614.89622572
2925253,Ponto Novo,ISSQN,ETS,2021,1087918.0805908942,1422614.89622572
2925253,Ponto Novo,ISSQN,SARIMA,2021,950496.6989592741,1422614.89622572
2925253,Ponto Novo,ISSQN,Theta,2021,1181952.846893999,1422614.89622572
2925253,Ponto Novo,ISSQN,Prophet,2021,1115181.8937792615,1422614.89622572
2925253,Ponto Novo,ISSQN,Ensemble,2021,1083887.3800558574,1422614.89622572
2925253,Ponto Novo,ISSQN,Naive,2022,1422614.89622572,1729617.3707064684
2925253,Ponto Novo,ISSQN,ETS,2022,1172029.6203229623,1729617.3707064684
2925253,Ponto Novo,ISSQN,SARIMA,2022,1065175.6422609915,1729617.3707064684
2925253,Ponto Novo,ISSQN,Theta,2022,1436568.349872508,1729617.3707064684
2925253,Ponto Novo,ISSQN,Prophet,2022,1344743.5488429193,1729617.3707064684
2925253,Ponto Novo,ISSQN,Ensemble,2022,1254629.2903248451,1729617.3707064684
2925253,Ponto Novo,ISSQN,Naive,2023,1729617.3707064684,3235972.2706153635
2925253,Ponto Novo,ISSQN,ETS,2023,1329989.4837745726,3235972.2706153635
2925253,Ponto Novo,ISSQN,SARIMA,2023,1095645.2080788445,3235972.2706153635
2925253,Ponto Novo,ISSQN,Theta,2023,1602480.0380189186,3235972.2706153635
2925253,Ponto Novo,ISSQN,Prophet,2023,2202397.540849238,3235972.2706153635
2925253,Ponto Novo,ISSQN,Ensemble,2023,1557628.0676803936,3235972.2706153635
2925253,Ponto Novo,ISSQN,Naive,2024,3235972.2706153635,1462113.5494503323
2925253,Ponto Novo,ISSQN,ETS,2024,4222118.1302915765,1462113.5494503323
2925253,Ponto Novo,ISSQN,SARIMA,2024,3594467.037310884,1462113.5494503323
2925253,Ponto Novo,ISSQN,Theta,2024,4588929.778387796,1462113.5494503323
2925253,Ponto Novo,ISSQN,Prophet,2024,3126049.4167726226,1462113.5494503323
2925253,Ponto Novo,ISSQN,Ensemble,2024,3882891.090690719,1462113.5494503323
2925253,Ponto Novo,ISSQN,Naive,2025,1462113.5494503323,1077584.0226344177
2925253,Ponto Novo,ISSQN,ETS,2025,1862255.7119838423,1077584.0226344177
2925253,Ponto Novo,ISSQN,SARIMA,2025,612266.2772575448,1077584.0226344177
2925253,Ponto Novo,ISSQN,Theta,2025,1937416.6393100421,1077584.0226344177
2925253,Ponto Novo,ISSQN,Prophet,2025,2330044.7098400015,1077584.0226344177
2925253,Ponto Novo,ISSQN,Ensemble,2025,1685495.8345978574,1077584.0226344177
2925303,Porto Seguro,ISSQN,Naive,2021,43397404.32034875,57873496.15258492
2925303,Porto Seguro,ISSQN,ETS,2021,47623092.65777682,57873496.15258492
2925303,Porto Seguro,ISSQN,SARIMA,2021,42683549.158699185,57873496.15258492
2925303,Porto Seguro,ISSQN,Theta,2021,51954024.537859604,57873496.15258492
2925303,Porto Seguro,ISSQN,Prophet,2021,53344801.48718566,57873496.15258492
2925303,Porto Seguro,ISSQN,Ensemble,2021,48901366.960380316,57873496.15258492
2925303,Porto Seguro,ISSQN,Naive,2022,57873496.15258492,94802142.00663951
2925303,Porto Seguro,ISSQN,ETS,2022,86850920.8684037,94802142.00663951
2925303,Porto Seguro,ISSQN,SARIMA,2022,57260157.61767779,94802142.00663951
2925303,Porto Seguro,ISSQN,Theta,2022,96788655.77184965,94802142.00663951
2925303,Porto Seguro,ISSQN,Prophet,2022,58172008.35618121,94802142.00663951
2925303,Porto Seguro,ISSQN,Ensemble,2022,74767935.65352808,94802142.00663951
2925303,Porto Seguro,ISSQN,Naive,2023,94802142.00663951,105068734.83755444
2925303,Porto Seguro,ISSQN,ETS,2023,105454271.4234193,105068734.83755444
2925303,Porto Seguro,ISSQN,SARIMA,2023,104968513.60729067,105068734.83755444
2925303,Porto Seguro,ISSQN,Theta,2023,108624751.32018064,105068734.83755444
2925303,Porto Seguro,ISSQN,Prophet,2023,93149807.37621021,105068734.83755444
2925303,Porto Seguro,ISSQN,Ensemble,2023,103049335.93177521,105068734.83755444
2925303,Porto Seguro,ISSQN,Naive,2024,105068734.83755444,120143537.93237256
2925303,Porto Seguro,ISSQN,ETS,2024,112364968.23974028,120143537.93237256
2925303,Porto Seguro,ISSQN,SARIMA,2024,104205782.2659213,120143537.93237256
2925303,Porto Seguro,ISSQN,Theta,2024,119412448.38842763,120143537.93237256
2925303,Porto Seguro,ISSQN,Prophet,2024,120290601.06712689,120143537.93237256
2925303,Porto Seguro,ISSQN,Ensemble,2024,114068449.99030402,120143537.93237256
2925303,Porto Seguro,ISSQN,Naive,2025,120143537.93237256,139788482.39428136
2925303,Porto Seguro,ISSQN,ETS,2025,122517446.47107318,139788482.39428136
2925303,Porto Seguro,ISSQN,SARIMA,2025,123546212.7504158,139788482.39428136
2925303,Porto Seguro,ISSQN,Theta,2025,128927495.38357209,139788482.39428136
2925303,Porto Seguro,ISSQN,Prophet,2025,137191857.33341283,139788482.39428136
2925303,Porto Seguro,ISSQN,Ensemble,2025,128045752.98461848,139788482.39428136
2925501,Prado,IPTU,Naive,2021,2624918.8480735235,3705879.824264125
2925501,Prado,IPTU,ETS,2021,2735816.193727359,3705879.824264125
2925501,Prado,IPTU,SARIMA,2021,3252227.263979825,3705879.824264125
2925501,Prado,IPTU,Theta,2021,5092263.348417515,3705879.824264125
2925501,Prado,IPTU,Prophet,2021,2803749.9098235103,3705879.824264125
2925501,Prado,IPTU,Ensemble,2021,3471014.178987053,3705879.824264125
2925501,Prado,IPTU,Naive,2022,3705879.824264125,3212047.7733075134
2925501,Prado,IPTU,ETS,2022,3671375.56975299,3212047.7733075134
2925501,Prado,IPTU,SARIMA,2022,3721319.733949,3212047.7733075134
2925501,Prado,IPTU,Theta,2022,7345314.71042657,3212047.7733075134
2925501,Prado,IPTU,Prophet,2022,3589168.650336387,3212047.7733075134
2925501,Prado,IPTU,Ensemble,2022,4581794.666116236,3212047.7733075134
2925501,Prado,IPTU,Naive,2023,3212047.7733075134,3380789.7667383114
2925501,Prado,IPTU,ETS,2023,3086857.731267289,3380789.7667383114
2925501,Prado,IPTU,SARIMA,2023,4059719.1784862718,3380789.7667383114
2925501,Prado,IPTU,Theta,2023,3412411.8404938304,3380789.7667383114
2925501,Prado,IPTU,Prophet,2023,3792731.2186546763,3380789.7667383114
2925501,Prado,IPTU,Ensemble,2023,3587929.992225517,3380789.7667383114
2925501,Prado,IPTU,Naive,2024,3380789.7667383114,4176812.2198495534
2925501,Prado,IPTU,ETS,2024,3264970.6815485577,4176812.2198495534
2925501,Prado,IPTU,SARIMA,2024,3103578.8255793727,4176812.2198495534
2925501,Prado,IPTU,Theta,2024,4089006.9866988785,4176812.2198495534
2925501,Prado,IPTU,Prophet,2024,3904639.590382842,4176812.2198495534
2925501,Prado,IPTU,Ensemble,2024,3590549.0210524127,4176812.2198495534
2925501,Prado,IPTU,Naive,2025,4176812.2198495534,4398585.560179539
2925501,Prado,IPTU,ETS,2025,3939783.4298082157,4398585.560179539
2925501,Prado,IPTU,SARIMA,2025,3306865.1033355603,4398585.560179539
2925501,Prado,IPTU,Theta,2025,4366524.663487976,4398585.560179539
2925501,Prado,IPTU,Prophet,2025,4394562.919248438,4398585.560179539
2925501,Prado,IPTU,Ensemble,2025,4001934.028970048,4398585.560179539
2925501,Prado,ISSQN,Naive,2021,3555572.1742563993,3271298.02803182
2925501,Prado,ISSQN,ETS,2021,3744235.627194296,3271298.02803182
2925501,Prado,ISSQN,SARIMA,2021,3946728.1187823517,3271298.02803182
2925501,Prado,ISSQN,Theta,2021,4343214.239594951,3271298.02803182
2925501,Prado,ISSQN,Prophet,2021,3920278.338501865,3271298.02803182
2925501,Prado,ISSQN,Ensemble,2021,3988614.081018366,3271298.02803182
2925501,Prado,ISSQN,Naive,2022,3271298.02803182,3752889.368507001
2925501,Prado,ISSQN,ETS,2022,2717153.9331589974,3752889.368507001
2925501,Prado,ISSQN,SARIMA,2022,2770184.8745583487,3752889.368507001
2925501,Prado,ISSQN,Theta,2022,2586039.378222042,3752889.368507001
2925501,Prado,ISSQN,Prophet,2022,3623381.882259397,3752889.368507001
2925501,Prado,ISSQN,Ensemble,2022,2924190.0170496968,3752889.368507001
2925501,Prado,ISSQN,Naive,2023,3752889.368507001,4890426.419705066
2925501,Prado,ISSQN,ETS,2023,4037361.88523389,4890426.419705066
2925501,Prado,ISSQN,SARIMA,2023,3930503.0315311775,4890426.419705066
2925501,Prado,ISSQN,Theta,2023,4478956.997527505,4890426.419705066
2925501,Prado,ISSQN,Prophet,2023,3907112.994857384,4890426.419705066
2925501,Prado,ISSQN,Ensemble,2023,4088483.727287489,4890426.419705066
2925501,Prado,ISSQN,Naive,2024,4890426.419705066,4815740.645849109
2925501,Prado,ISSQN,ETS,2024,5153842.207440788,4815740.645849109
2925501,Prado,ISSQN,SARIMA,2024,5494458.418403733,4815740.645849109
2925501,Prado,ISSQN,Theta,2024,5518534.774197638,4815740.645849109
2925501,Prado,ISSQN,Prophet,2024,4602657.506716392,4815740.645849109
2925501,Prado,ISSQN,Ensemble,2024,5192373.226689638,4815740.645849109
2925501,Prado,ISSQN,Naive,2025,4815740.645849109,5371196.652671301
2925501,Prado,ISSQN,ETS,2025,4732968.235309286,5371196.652671301
2925501,Prado,ISSQN,SARIMA,2025,4740053.656439814,5371196.652671301
2925501,Prado,ISSQN,Theta,2025,5214948.53433366,5371196.652671301
2925501,Prado,ISSQN,Prophet,2025,5066389.659518383,5371196.652671301
2925501,Prado,ISSQN,Ensemble,2025,4938590.021400286,5371196.652671301
2926202,Riachão das Neves,IPTU,Naive,2021,36639.92335034423,106014.13459466699
2926202,Riachão das Neves,IPTU,ETS,2021,29959.91311455794,106014.13459466699
2926202,Riachão das Neves,IPTU,SARIMA,2021,11494.916320361934,106014.13459466699
2926202,Riachão das Neves,IPTU,Theta,2021,36076.05136247098,106014.13459466699
2926202,Riachão das Neves,IPTU,Prophet,2021,41482.65715782527,106014.13459466699
2926202,Riachão das Neves,IPTU,Ensemble,2021,29753.38448880403,106014.13459466699
2926202,Riachão das Neves,IPTU,Naive,2022,106014.13459466699,149169.49657076644
2926202,Riachão das Neves,IPTU,ETS,2022,111856.13231908623,149169.49657076644
2926202,Riachão das Neves,IPTU,SARIMA,2022,67453.69116189278,149169.49657076644
2926202,Riachão das Neves,IPTU,Theta,2022,105940.39904302201,149169.49657076644
2926202,Riachão das Neves,IPTU,Prophet,2022,94760.71014423954,149169.49657076644
2926202,Riachão das Neves,IPTU,Ensemble,2022,95002.73316706014,149169.49657076644
2926202,Riachão das Neves,IPTU,Naive,2023,149169.49657076644,111734.05404040319
2926202,Riachão das Neves,IPTU,ETS,2023,193104.27028931424,111734.05404040319
2926202,Riachão das Neves,IPTU,SARIMA,2023,99520.36545163329,111734.05404040319
2926202,Riachão das Neves,IPTU,Theta,2023,152950.83244171867,111734.05404040319
2926202,Riachão das Neves,IPTU,Prophet,2023,182663.68297179157,111734.05404040319
2926202,Riachão das Neves,IPTU,Ensemble,2023,157059.78778861443,111734.05404040319
2926202,Riachão das Neves,IPTU,Naive,2024,111734.05404040319,74298.61151004
2926202,Riachão das Neves,IPTU,ETS,2024,151226.5297682752,74298.61151004
2926202,Riachão das Neves,IPTU,SARIMA,2024,118925.05708497736,74298.61151004
2926202,Riachão das Neves,IPTU,Theta,2024,127746.65286805585,74298.61151004
2926202,Riachão das Neves,IPTU,Prophet,2024,149476.73175651053,74298.61151004
2926202,Riachão das Neves,IPTU,Ensemble,2024,136843.74286945473,74298.61151004
2926202,Riachão das Neves,IPTU,Naive,2025,74298.61151004,115491.05148156229
2926202,Riachão das Neves,IPTU,ETS,2025,88554.3793970137,115491.05148156229
2926202,Riachão das Neves,IPTU,SARIMA,2025,65845.27084178777,115491.05148156229
2926202,Riachão das Neves,IPTU,Theta,2025,78815.07683449927,115491.05148156229
2926202,Riachão das Neves,IPTU,Prophet,2025,134212.67864846543,115491.05148156229
2926202,Riachão das Neves,IPTU,Ensemble,2025,91856.85143044156,115491.05148156229
2925931,Quixabeira,ISSQN,Naive,2021,610792.2509981123,510921.5570407951
2925931,Quixabeira,ISSQN,ETS,2021,420085.8601080976,510921.5570407951
2925931,Quixabeira,ISSQN,SARIMA,2021,552533.539510517,510921.5570407951
2925931,Quixabeira,ISSQN,Theta,2021,645041.5781025206,510921.5570407951
2925931,Quixabeira,ISSQN,Prophet,2021,615035.9193843608,510921.5570407951
2925931,Quixabeira,ISSQN,Ensemble,2021,558174.224276374,510921.5570407951
2925931,Quixabeira,ISSQN,Naive,2022,510921.5570407951,644294.9361486427
2925931,Quixabeira,ISSQN,ETS,2022,387625.5886853394,644294.9361486427
2925931,Quixabeira,ISSQN,SARIMA,2022,531420.5493473674,644294.9361486427
2925931,Quixabeira,ISSQN,Theta,2022,524489.7526902646,644294.9361486427
2925931,Quixabeira,ISSQN,Prophet,2022,582831.8817625038,644294.9361486427
2925931,Quixabeira,ISSQN,Ensemble,2022,506591.94312136876,644294.9361486427
2925931,Quixabeira,ISSQN,Naive,2023,644294.9361486427,748842.6693186817
2925931,Quixabeira,ISSQN,ETS,2023,624653.4996069839,748842.6693186817
2925931,Quixabeira,ISSQN,SARIMA,2023,796359.8726627791,748842.6693186817
2925931,Quixabeira,ISSQN,Theta,2023,685015.4594426376,748842.6693186817
2925931,Quixabeira,ISSQN,Prophet,2023,639989.3059225829,748842.6693186817
2925931,Quixabeira,ISSQN,Ensemble,2023,686504.534408746,748842.6693186817
2925931,Quixabeira,ISSQN,Naive,2024,748842.6693186817,942129.4203399385
2925931,Quixabeira,ISSQN,ETS,2024,566747.9882357254,942129.4203399385
2925931,Quixabeira,ISSQN,SARIMA,2024,785367.729293635,942129.4203399385
2925931,Quixabeira,ISSQN,Theta,2024,759651.9246908969,942129.4203399385
2925931,Quixabeira,ISSQN,Prophet,2024,706692.8603723267,942129.4203399385
2925931,Quixabeira,ISSQN,Ensemble,2024,704615.1256481461,942129.4203399385
2925931,Quixabeira,ISSQN,Naive,2025,942129.4203399385,919823.5226074578
2925931,Quixabeira,ISSQN,ETS,2025,883356.3556495648,919823.5226074578
2925931,Quixabeira,ISSQN,SARIMA,2025,1119019.7410057848,919823.5226074578
2925931,Quixabeira,ISSQN,Theta,2025,988410.8461827472,919823.5226074578
2925931,Quixabeira,ISSQN,Prophet,2025,842210.9348383053,919823.5226074578
2925931,Quixabeira,ISSQN,Ensemble,2025,958249.4694191004,919823.5226074578
2926202,Riachão das Neves,ISSQN,Naive,2021,3690232.743886694,3511765.1617341554
2926202,Riachão das Neves,ISSQN,ETS,2021,4184313.03718229,3511765.1617341554
2926202,Riachão das Neves,ISSQN,SARIMA,2021,4525533.21758434,3511765.1617341554
2926202,Riachão das Neves,ISSQN,Theta,2021,4673488.244137967,3511765.1617341554
2926202,Riachão das Neves,ISSQN,Prophet,2021,4311929.435908897,3511765.1617341554
2926202,Riachão das Neves,ISSQN,Ensemble,2021,4423815.983703373,3511765.1617341554
2926202,Riachão das Neves,ISSQN,Naive,2022,3511765.1617341554,4007270.965607791
2926202,Riachão das Neves,ISSQN,ETS,2022,3526913.2295771507,4007270.965607791
2926202,Riachão das Neves,ISSQN,SARIMA,2022,2608496.516618796,4007270.965607791
2926202,Riachão das Neves,ISSQN,Theta,2022,3998704.213413754,4007270.965607791
2926202,Riachão das Neves,ISSQN,Prophet,2022,4433993.6561508775,4007270.965607791
2926202,Riachão das Neves,ISSQN,Ensemble,2022,3642026.9039401454,4007270.965607791
2926202,Riachão das Neves,ISSQN,Naive,2023,4007270.965607791,4267292.422187524
2926202,Riachão das Neves,ISSQN,ETS,2023,4298802.69804714,4267292.422187524
2926202,Riachão das Neves,ISSQN,SARIMA,2023,4723695.644434927,4267292.422187524
2926202,Riachão das Neves,ISSQN,Theta,2023,4850566.422298114,4267292.422187524
2926202,Riachão das Neves,ISSQN,Prophet,2023,4790285.358995428,4267292.422187524
2926202,Riachão das Neves,ISSQN,Ensemble,2023,4665837.530943902,4267292.422187524
2926202,Riachão das Neves,ISSQN,Naive,2024,4267292.422187524,5740053.782466102
2926202,Riachão das Neves,ISSQN,ETS,2024,4700816.520423656,5740053.782466102
2926202,Riachão das Neves,ISSQN,SARIMA,2024,4355678.613186,5740053.782466102
2926202,Riachão das Neves,ISSQN,Theta,2024,4885942.211459957,5740053.782466102
2926202,Riachão das Neves,ISSQN,Prophet,2024,5113402.139710534,5740053.782466102
2926202,Riachão das Neves,ISSQN,Ensemble,2024,4763959.871195038,5740053.782466102
2926202,Riachão das Neves,ISSQN,Naive,2025,5740053.782466102,4617754.705164701
2926202,Riachão das Neves,ISSQN,ETS,2025,6184150.3160536215,4617754.705164701
2926202,Riachão das Neves,ISSQN,SARIMA,2025,6687939.470602033,4617754.705164701
2926202,Riachão das Neves,ISSQN,Theta,2025,6922699.183079466,4617754.705164701
2926202,Riachão das Neves,ISSQN,Prophet,2025,5822075.461561672,4617754.705164701
2926202,Riachão das Neves,ISSQN,Ensemble,2025,6404216.107824198,4617754.705164701
2925808,Queimadas,ISSQN,Naive,2021,780189.9290230308,599999.945186299
2925808,Queimadas,ISSQN,ETS,2021,955326.4196299845,599999.945186299
2925808,Queimadas,ISSQN,SARIMA,2021,787158.595402751,599999.945186299
2925808,Queimadas,ISSQN,Theta,2021,810108.732218794,599999.945186299
2925808,Queimadas,ISSQN,Prophet,2021,563167.2217924256,599999.945186299
2925808,Queimadas,ISSQN,Ensemble,2021,778940.2422609887,599999.945186299
2925808,Queimadas,ISSQN,Naive,2022,599999.945186299,1194963.2515503552
2925808,Queimadas,ISSQN,ETS,2022,749545.8701033443,1194963.2515503552
2925808,Queimadas,ISSQN,SARIMA,2022,801680.6159884982,1194963.2515503552
2925808,Queimadas,ISSQN,Theta,2022,643583.3961739419,1194963.2515503552
2925808,Queimadas,ISSQN,Prophet,2022,464656.7590871932,1194963.2515503552
2925808,Queimadas,ISSQN,Ensemble,2022,664866.6603382444,1194963.2515503552
2925808,Queimadas,ISSQN,Naive,2023,1194963.2515503552,931789.4897668253
2925808,Queimadas,ISSQN,ETS,2023,937963.591884032,931789.4897668253
2925808,Queimadas,ISSQN,SARIMA,2023,757190.457275605,931789.4897668253
2925808,Queimadas,ISSQN,Theta,2023,1097769.5868809037,931789.4897668253
2925808,Queimadas,ISSQN,Prophet,2023,710181.5048323524,931789.4897668253
2925808,Queimadas,ISSQN,Ensemble,2023,875776.2852182235,931789.4897668253
2925808,Queimadas,ISSQN,Naive,2024,931789.4897668253,1218404.1230312963
2925808,Queimadas,ISSQN,ETS,2024,937563.298689815,1218404.1230312963
2925808,Queimadas,ISSQN,SARIMA,2024,792374.2751652352,1218404.1230312963
2925808,Queimadas,ISSQN,Theta,2024,1003630.7032598974,1218404.1230312963
2925808,Queimadas,ISSQN,Prophet,2024,766302.0936224179,1218404.1230312963
2925808,Queimadas,ISSQN,Ensemble,2024,874967.5926843412,1218404.1230312963
2925808,Queimadas,ISSQN,Naive,2025,1218404.1230312963,1579117.7606285815
2925808,Queimadas,ISSQN,ETS,2025,964478.8892247825,1579117.7606285815
2925808,Queimadas,ISSQN,SARIMA,2025,1156803.6140253525,1579117.7606285815
2925808,Queimadas,ISSQN,Theta,2025,1177230.0528846583,1579117.7606285815
2925808,Queimadas,ISSQN,Prophet,2025,954213.4695181119,1579117.7606285815
2925808,Queimadas,ISSQN,Ensemble,2025,1063181.5064132262,1579117.7606285815
2926509,Ribeira do Amparo,ISSQN,Naive,2021,726730.2727163286,580139.0335863305
2926509,Ribeira do Amparo,ISSQN,ETS,2021,909390.3124259228,580139.0335863305
2926509,Ribeira do Amparo,ISSQN,SARIMA,2021,899072.962421765,580139.0335863305
2926509,Ribeira do Amparo,ISSQN,Theta,2021,921293.8406869244,580139.0335863305
2926509,Ribeira do Amparo,ISSQN,Prophet,2021,731294.0327820752,580139.0335863305
2926509,Ribeira do Amparo,ISSQN,Ensemble,2021,865262.787079172,580139.0335863305
2926509,Ribeira do Amparo,ISSQN,Naive,2022,580139.0335863305,664773.3435215334
2926509,Ribeira do Amparo,ISSQN,ETS,2022,536935.376367805,664773.3435215334
2926509,Ribeira do Amparo,ISSQN,SARIMA,2022,508960.9349814219,664773.3435215334
2926509,Ribeira do Amparo,ISSQN,Theta,2022,602900.8585555918,664773.3435215334
2926509,Ribeira do Amparo,ISSQN,Prophet,2022,726717.0564555792,664773.3435215334
2926509,Ribeira do Amparo,ISSQN,Ensemble,2022,593878.5565900995,664773.3435215334
2926509,Ribeira do Amparo,ISSQN,Naive,2023,664773.3435215334,749407.6534567362
2926509,Ribeira do Amparo,ISSQN,ETS,2023,605473.725271802,749407.6534567362
2926509,Ribeira do Amparo,ISSQN,SARIMA,2023,580708.848173673,749407.6534567362
2926509,Ribeira do Amparo,ISSQN,Theta,2023,672317.8465487382,749407.6534567362
2926509,Ribeira do Amparo,ISSQN,Prophet,2023,766124.0959135734,749407.6534567362
2926509,Ribeira do Amparo,ISSQN,Ensemble,2023,656156.1289769467,749407.6534567362
2926509,Ribeira do Amparo,ISSQN,Naive,2024,749407.6534567362,1300767.5821616503
2926509,Ribeira do Amparo,ISSQN,ETS,2024,692528.5047664562,1300767.5821616503
2926509,Ribeira do Amparo,ISSQN,SARIMA,2024,668079.5791052477,1300767.5821616503
2926509,Ribeira do Amparo,ISSQN,Theta,2024,758995.0223163984,1300767.5821616503
2926509,Ribeira do Amparo,ISSQN,Prophet,2024,814550.3788286998,1300767.5821616503
2926509,Ribeira do Amparo,ISSQN,Ensemble,2024,733538.3712542006,1300767.5821616503
2926509,Ribeira do Amparo,ISSQN,Naive,2025,1300767.5821616503,1339572.4898249526
2926509,Ribeira do Amparo,ISSQN,ETS,2025,1017325.6085101657,1339572.4898249526
2926509,Ribeira do Amparo,ISSQN,SARIMA,2025,852792.6996093757,1339572.4898249526
2926509,Ribeira do Amparo,ISSQN,Theta,2025,1177981.9701181299,1339572.4898249526
2926509,Ribeira do Amparo,ISSQN,Prophet,2025,1557039.0928278642,1339572.4898249526
2926509,Ribeira do Amparo,ISSQN,Ensemble,2025,1151284.842766384,1339572.4898249526
2926400,Riacho de Santana,ISSQN,Naive,2021,3619627.3513002554,3653472.4629687592
2926400,Riacho de Santana,ISSQN,ETS,2021,4082937.4215784543,3653472.4629687592
2926400,Riacho de Santana,ISSQN,SARIMA,2021,3883887.941119809,3653472.4629687592
2926400,Riacho de Santana,ISSQN,Theta,2021,4266642.2807418415,3653472.4629687592
2926400,Riacho de Santana,ISSQN,Prophet,2021,3523754.38261032,3653472.4629687592
2926400,Riacho de Santana,ISSQN,Ensemble,2021,3939305.5065126065,3653472.4629687592
2926400,Riacho de Santana,ISSQN,Naive,2022,3653472.4629687592,2727587.88295272
2926400,Riacho de Santana,ISSQN,ETS,2022,3909279.154438241,2727587.88295272
2926400,Riacho de Santana,ISSQN,SARIMA,2022,3598254.8533944795,2727587.88295272
2926400,Riacho de Santana,ISSQN,Theta,2022,3586026.2121885377,2727587.88295272
2926400,Riacho de Santana,ISSQN,Prophet,2022,3848850.09078477,2727587.88295272
2926400,Riacho de Santana,ISSQN,Ensemble,2022,3735602.577701507,2727587.88295272
2926400,Riacho de Santana,ISSQN,Naive,2023,2727587.88295272,1734564.8456775718
2926400,Riacho de Santana,ISSQN,ETS,2023,3012469.0936757615,1734564.8456775718
2926400,Riacho de Santana,ISSQN,SARIMA,2023,2674212.16228726,1734564.8456775718
2926400,Riacho de Santana,ISSQN,Theta,2023,2757047.237351349,1734564.8456775718
2926400,Riacho de Santana,ISSQN,Prophet,2023,3513727.482134734,1734564.8456775718
2926400,Riacho de Santana,ISSQN,Ensemble,2023,2989363.993862276,1734564.8456775718
2926400,Riacho de Santana,ISSQN,Naive,2024,1734564.8456775718,2233908.9580541775
2926400,Riacho de Santana,ISSQN,ETS,2024,1687600.2734742758,2233908.9580541775
2926400,Riacho de Santana,ISSQN,SARIMA,2024,1809441.8521616785,2233908.9580541775
2926400,Riacho de Santana,ISSQN,Theta,2024,1690033.612592484,2233908.9580541775
2926400,Riacho de Santana,ISSQN,Prophet,2024,2879220.172914825,2233908.9580541775
2926400,Riacho de Santana,ISSQN,Ensemble,2024,2016573.977785816,2233908.9580541775
2926400,Riacho de Santana,ISSQN,Naive,2025,2233908.9580541775,1876398.5045698017
2926400,Riacho de Santana,ISSQN,ETS,2025,2115921.7458854634,1876398.5045698017
2926400,Riacho de Santana,ISSQN,SARIMA,2025,2244301.5883589103,1876398.5045698017
2926400,Riacho de Santana,ISSQN,Theta,2025,1956883.059847117,1876398.5045698017
2926400,Riacho de Santana,ISSQN,Prophet,2025,2606581.0209782403,1876398.5045698017
2926400,Riacho de Santana,ISSQN,Ensemble,2025,2230921.853767433,1876398.5045698017
2927002,Rio Real,ISSQN,Naive,2021,3436980.4509920296,2528516.5072432784
2927002,Rio Real,ISSQN,ETS,2021,3510358.0561355497,2528516.5072432784
2927002,Rio Real,ISSQN,SARIMA,2021,3223040.5993881137,2528516.5072432784
2927002,Rio Real,ISSQN,Theta,2021,3668645.2877849108,2528516.5072432784
2927002,Rio Real,ISSQN,Prophet,2021,4260816.820429149,2528516.5072432784
2927002,Rio Real,ISSQN,Ensemble,2021,3665715.190934431,2528516.5072432784
2927002,Rio Real,ISSQN,Naive,2022,2528516.5072432784,3443274.8026565015
2927002,Rio Real,ISSQN,ETS,2022,2078873.5951525378,3443274.8026565015
2927002,Rio Real,ISSQN,SARIMA,2022,1770629.332776647,3443274.8026565015
2927002,Rio Real,ISSQN,Theta,2022,2293127.901366045,3443274.8026565015
2927002,Rio Real,ISSQN,Prophet,2022,2324536.893293219,3443274.8026565015
2927002,Rio Real,ISSQN,Ensemble,2022,2116791.9306471124,3443274.8026565015
2927002,Rio Real,ISSQN,Naive,2023,3443274.8026565015,4471901.535421117
2927002,Rio Real,ISSQN,ETS,2023,4953051.699051812,4471901.535421117
2927002,Rio Real,ISSQN,SARIMA,2023,5592534.805317022,4471901.535421117
2927002,Rio Real,ISSQN,Theta,2023,4949679.76998711,4471901.535421117
2927002,Rio Real,ISSQN,Prophet,2023,2783253.7138691507,4471901.535421117
2927002,Rio Real,ISSQN,Ensemble,2023,4569629.997056274,4471901.535421117
2927002,Rio Real,ISSQN,Naive,2024,4471901.535421117,3719682.3265739577
2927002,Rio Real,ISSQN,ETS,2024,4035611.824756896,3719682.3265739577
2927002,Rio Real,ISSQN,SARIMA,2024,4112714.2121419474,3719682.3265739577
2927002,Rio Real,ISSQN,Theta,2024,4462241.385584165,3719682.3265739577
2927002,Rio Real,ISSQN,Prophet,2024,4176879.2711419594,3719682.3265739577
2927002,Rio Real,ISSQN,Ensemble,2024,4196861.673406242,3719682.3265739577
2927002,Rio Real,ISSQN,Naive,2025,3719682.3265739577,3952515.4034727043
2927002,Rio Real,ISSQN,ETS,2025,4236788.754830412,3952515.4034727043
2927002,Rio Real,ISSQN,SARIMA,2025,4217552.811837271,3952515.4034727043
2927002,Rio Real,ISSQN,Theta,2025,4356477.625838902,3952515.4034727043
2927002,Rio Real,ISSQN,Prophet,2025,3976731.937839742,3952515.4034727043
2927002,Rio Real,ISSQN,Ensemble,2025,4196887.782586582,3952515.4034727043
2926608,Ribeira do Pombal,IPTU,Naive,2021,691144.8288058311,895498.7939319472
2926608,Ribeira do Pombal,IPTU,ETS,2021,752866.1654678534,895498.7939319472
2926608,Ribeira do Pombal,IPTU,SARIMA,2021,884228.2635791776,895498.7939319472
2926608,Ribeira do Pombal,IPTU,Theta,2021,874870.2265104372,895498.7939319472
2926608,Ribeira do Pombal,IPTU,Prophet,2021,929607.009582338,895498.7939319472
2926608,Ribeira do Pombal,IPTU,Ensemble,2021,860392.9162849516,895498.7939319472
2926608,Ribeira do Pombal,IPTU,Naive,2022,895498.7939319472,927909.4425240101
2926608,Ribeira do Pombal,IPTU,ETS,2022,927963.6941992122,927909.4425240101
2926608,Ribeira do Pombal,IPTU,SARIMA,2022,1052713.973338816,927909.4425240101
2926608,Ribeira do Pombal,IPTU,Theta,2022,929474.0603496911,927909.4425240101
2926608,Ribeira do Pombal,IPTU,Prophet,2022,1029944.6755885213,927909.4425240101
2926608,Ribeira do Pombal,IPTU,Ensemble,2022,985024.1008690603,927909.4425240101
2926608,Ribeira do Pombal,IPTU,Naive,2023,927909.4425240101,1155845.6721276902
2926608,Ribeira do Pombal,IPTU,ETS,2023,949524.8890623254,1155845.6721276902
2926608,Ribeira do Pombal,IPTU,SARIMA,2023,1032260.5048979475,1155845.6721276902
2926608,Ribeira do Pombal,IPTU,Theta,2023,963348.2501142755,1155845.6721276902
2926608,Ribeira do Pombal,IPTU,Prophet,2023,1107432.1051422907,1155845.6721276902
2926608,Ribeira do Pombal,IPTU,Ensemble,2023,1013141.4373042097,1155845.6721276902
2926608,Ribeira do Pombal,IPTU,Naive,2024,1155845.6721276902,1334076.1952404217
2926608,Ribeira do Pombal,IPTU,ETS,2024,1004609.5095146418,1334076.1952404217
2926608,Ribeira do Pombal,IPTU,SARIMA,2024,1338426.2843582253,1334076.1952404217
2926608,Ribeira do Pombal,IPTU,Theta,2024,1229692.4518630195,1334076.1952404217
2926608,Ribeira do Pombal,IPTU,Prophet,2024,1187342.4803645061,1334076.1952404217
2926608,Ribeira do Pombal,IPTU,Ensemble,2024,1190017.6815250982,1334076.1952404217
2926608,Ribeira do Pombal,IPTU,Naive,2025,1334076.1952404217,1314819.2677807838
2926608,Ribeira do Pombal,IPTU,ETS,2025,1455694.694799279,1314819.2677807838
2926608,Ribeira do Pombal,IPTU,SARIMA,2025,1758786.9023862686,1314819.2677807838
2926608,Ribeira do Pombal,IPTU,Theta,2025,1679682.9063744086,1314819.2677807838
2926608,Ribeira do Pombal,IPTU,Prophet,2025,1357898.3065495167,1314819.2677807838
2926608,Ribeira do Pombal,IPTU,Ensemble,2025,1563015.7025273682,1314819.2677807838
2926301,Riachão do Jacuípe,ISSQN,Naive,2021,1956147.3515161278,2138300.2826882824
2926301,Riachão do Jacuípe,ISSQN,ETS,2021,1791992.3531808197,2138300.2826882824
2926301,Riachão do Jacuípe,ISSQN,SARIMA,2021,1518165.80566163,2138300.2826882824
2926301,Riachão do Jacuípe,ISSQN,Theta,2021,1979126.7997152703,2138300.2826882824
2926301,Riachão do Jacuípe,ISSQN,Prophet,2021,2454882.475016794,2138300.2826882824
2926301,Riachão do Jacuípe,ISSQN,Ensemble,2021,1936041.8583936284,2138300.2826882824
2926301,Riachão do Jacuípe,ISSQN,Naive,2022,2138300.2826882824,3523272.3220000197
2926301,Riachão do Jacuípe,ISSQN,ETS,2022,6208564.6596617345,3523272.3220000197
2926301,Riachão do Jacuípe,ISSQN,SARIMA,2022,5985352.926220663,3523272.3220000197
2926301,Riachão do Jacuípe,ISSQN,Theta,2022,4754879.818225115,3523272.3220000197
2926301,Riachão do Jacuípe,ISSQN,Prophet,2022,2586310.136923262,3523272.3220000197
2926301,Riachão do Jacuípe,ISSQN,Ensemble,2022,4883776.885257694,3523272.3220000197
2926301,Riachão do Jacuípe,ISSQN,Naive,2023,3523272.3220000197,3535604.4898809353
2926301,Riachão do Jacuípe,ISSQN,ETS,2023,4604469.050019806,3535604.4898809353
2926301,Riachão do Jacuípe,ISSQN,SARIMA,2023,5095104.155900606,3535604.4898809353
2926301,Riachão do Jacuípe,ISSQN,Theta,2023,5614357.263231203,3535604.4898809353
2926301,Riachão do Jacuípe,ISSQN,Prophet,2023,3559432.876824934,3535604.4898809353
2926301,Riachão do Jacuípe,ISSQN,Ensemble,2023,4718340.8364941375,3535604.4898809353
2926301,Riachão do Jacuípe,ISSQN,Naive,2024,3535604.4898809353,4289875.140477181
2926301,Riachão do Jacuípe,ISSQN,ETS,2024,3478237.7595118973,4289875.140477181
2926301,Riachão do Jacuípe,ISSQN,SARIMA,2024,3323579.535999402,4289875.140477181
2926301,Riachão do Jacuípe,ISSQN,Theta,2024,3850574.9409465822,4289875.140477181
2926301,Riachão do Jacuípe,ISSQN,Prophet,2024,3756856.116983954,4289875.140477181
2926301,Riachão do Jacuípe,ISSQN,Ensemble,2024,3602312.088360458,4289875.140477181
2926301,Riachão do Jacuípe,ISSQN,Naive,2025,4289875.140477181,4638934.159422745
2926301,Riachão do Jacuípe,ISSQN,ETS,2025,3788369.774925539,4638934.159422745
2926301,Riachão do Jacuípe,ISSQN,SARIMA,2025,3511945.430387022,4638934.159422745
2926301,Riachão do Jacuípe,ISSQN,Theta,2025,4288906.681413092,4638934.159422745
2926301,Riachão do Jacuípe,ISSQN,Prophet,2025,4462083.528208187,4638934.159422745
2926301,Riachão do Jacuípe,ISSQN,Ensemble,2025,4012826.3537334604,4638934.159422745
2927200,Ruy Barbosa,ISSQN,Naive,2021,1335384.0042459837,1640131.9797813895
2927200,Ruy Barbosa,ISSQN,ETS,2021,1598349.5864439898,1640131.9797813895
2927200,Ruy Barbosa,ISSQN,SARIMA,2021,1410230.731887238,1640131.9797813895
2927200,Ruy Barbosa,ISSQN,Theta,2021,1594512.4889147414,1640131.9797813895
2927200,Ruy Barbosa,ISSQN,Prophet,2021,1243959.973005277,1640131.9797813895
2927200,Ruy Barbosa,ISSQN,Ensemble,2021,1461763.1950628115,1640131.9797813895
2927200,Ruy Barbosa,ISSQN,Naive,2022,1640131.9797813895,3843364.0833748356
2927200,Ruy Barbosa,ISSQN,ETS,2022,2662573.4287458262,3843364.0833748356
2927200,Ruy Barbosa,ISSQN,SARIMA,2022,1776158.0494314446,3843364.0833748356
2927200,Ruy Barbosa,ISSQN,Theta,2022,2818345.755018364,3843364.0833748356
2927200,Ruy Barbosa,ISSQN,Prophet,2022,1466906.1159695787,3843364.0833748356
2927200,Ruy Barbosa,ISSQN,Ensemble,2022,2180995.8372913036,3843364.0833748356
2927200,Ruy Barbosa,ISSQN,Naive,2023,3843364.0833748356,3198327.434622518
2927200,Ruy Barbosa,ISSQN,ETS,2023,4123784.5485519473,3198327.434622518
2927200,Ruy Barbosa,ISSQN,SARIMA,2023,4060564.275946887,3198327.434622518
2927200,Ruy Barbosa,ISSQN,Theta,2023,4234161.640471129,3198327.434622518
2927200,Ruy Barbosa,ISSQN,Prophet,2023,4315340.338699874,3198327.434622518
2927200,Ruy Barbosa,ISSQN,Ensemble,2023,4183462.7009174586,3198327.434622518
2927200,Ruy Barbosa,ISSQN,Naive,2024,3198327.434622518,3030963.5904485723
2927200,Ruy Barbosa,ISSQN,ETS,2024,3389202.4201242262,3030963.5904485723
2927200,Ruy Barbosa,ISSQN,SARIMA,2024,3335043.2811885537,3030963.5904485723
2927200,Ruy Barbosa,ISSQN,Theta,2024,3548608.464716786,3030963.5904485723
2927200,Ruy Barbosa,ISSQN,Prophet,2024,3829650.526177908,3030963.5904485723
2927200,Ruy Barbosa,ISSQN,Ensemble,2024,3525626.173051869,3030963.5904485723
2927200,Ruy Barbosa,ISSQN,Naive,2025,3030963.5904485723,3282278.361625934
2927200,Ruy Barbosa,ISSQN,ETS,2025,2600554.337951644,3282278.361625934
2927200,Ruy Barbosa,ISSQN,SARIMA,2025,2834347.583084346,3282278.361625934
2927200,Ruy Barbosa,ISSQN,Theta,2025,2926795.386387429,3282278.361625934
2927200,Ruy Barbosa,ISSQN,Prophet,2025,3631030.195526641,3282278.361625934
2927200,Ruy Barbosa,ISSQN,Ensemble,2025,2998181.8757375153,3282278.361625934
2927200,Ruy Barbosa,IPTU,Naive,2021,223190.32917034067,287135.58480607584
2927200,Ruy Barbosa,IPTU,ETS,2021,263861.2227542216,287135.58480607584
2927200,Ruy Barbosa,IPTU,SARIMA,2021,195558.91263343813,287135.58480607584
2927200,Ruy Barbosa,IPTU,Theta,2021,203907.16430446837,287135.58480607584
2927200,Ruy Barbosa,IPTU,Prophet,2021,273284.8424673573,287135.58480607584
2927200,Ruy Barbosa,IPTU,Ensemble,2021,234153.03553987137,287135.58480607584
2927200,Ruy Barbosa,IPTU,Naive,2022,287135.58480607584,318250.84311767656
2927200,Ruy Barbosa,IPTU,ETS,2022,704150.3119867131,318250.84311767656
2927200,Ruy Barbosa,IPTU,SARIMA,2022,568699.0335145986,318250.84311767656
2927200,Ruy Barbosa,IPTU,Theta,2022,588647.6348027814,318250.84311767656
2927200,Ruy Barbosa,IPTU,Prophet,2022,300818.06258121383,318250.84311767656
2927200,Ruy Barbosa,IPTU,Ensemble,2022,540578.7607213267,318250.84311767656
2927200,Ruy Barbosa,IPTU,Naive,2023,318250.84311767656,556713.8855430714
2927200,Ruy Barbosa,IPTU,ETS,2023,397282.6751615955,556713.8855430714
2927200,Ruy Barbosa,IPTU,SARIMA,2023,331800.2657631283,556713.8855430714
2927200,Ruy Barbosa,IPTU,Theta,2023,333475.67413827335,556713.8855430714
2927200,Ruy Barbosa,IPTU,Prophet,2023,337982.1375776272,556713.8855430714
2927200,Ruy Barbosa,IPTU,Ensemble,2023,350135.188160156,556713.8855430714
2927200,Ruy Barbosa,IPTU,Naive,2024,556713.8855430714,518293.57117609674
2927200,Ruy Barbosa,IPTU,ETS,2024,358404.5390456634,518293.57117609674
2927200,Ruy Barbosa,IPTU,SARIMA,2024,231106.2944472555,518293.57117609674
2927200,Ruy Barbosa,IPTU,Theta,2024,270692.6979769824,518293.57117609674
2927200,Ruy Barbosa,IPTU,Prophet,2024,594717.4961053125,518293.57117609674
2927200,Ruy Barbosa,IPTU,Ensemble,2024,363730.25689380337,518293.57117609674
2927200,Ruy Barbosa,IPTU,Naive,2025,518293.57117609674,379410.0819440041
2927200,Ruy Barbosa,IPTU,ETS,2025,230436.06554760895,379410.0819440041
2927200,Ruy Barbosa,IPTU,SARIMA,2025,153543.566212905,379410.0819440041
2927200,Ruy Barbosa,IPTU,Theta,2025,186457.9880588521,379410.0819440041
2927200,Ruy Barbosa,IPTU,Prophet,2025,731281.6670206691,379410.0819440041
2927200,Ruy Barbosa,IPTU,Ensemble,2025,325429.8217100087,379410.0819440041
2927309,Salinas da Margarida,IPTU,Naive,2021,482126.3384998336,578814.507057991
2927309,Salinas da Margarida,IPTU,ETS,2021,1060040.2492542127,578814.507057991
2927309,Salinas da Margarida,IPTU,SARIMA,2021,895897.1945110314,578814.507057991
2927309,Salinas da Margarida,IPTU,Theta,2021,1363826.1275124068,578814.507057991
2927309,Salinas da Margarida,IPTU,Prophet,2021,595591.7320085475,578814.507057991
2927309,Salinas da Margarida,IPTU,Ensemble,2021,978838.8258215496,578814.507057991
2927309,Salinas da Margarida,IPTU,Naive,2022,578814.507057991,462427.1473035486
2927309,Salinas da Margarida,IPTU,ETS,2022,454778.8716020752,462427.1473035486
2927309,Salinas da Margarida,IPTU,SARIMA,2022,671873.6774211435,462427.1473035486
2927309,Salinas da Margarida,IPTU,Theta,2022,424583.2658684277,462427.1473035486
2927309,Salinas da Margarida,IPTU,Prophet,2022,636571.9660107995,462427.1473035486
2927309,Salinas da Margarida,IPTU,Ensemble,2022,546951.9452256114,462427.1473035486
2927309,Salinas da Margarida,IPTU,Naive,2023,462427.1473035486,531866.9585185298
2927309,Salinas da Margarida,IPTU,ETS,2023,789833.0035496479,531866.9585185298
2927309,Salinas da Margarida,IPTU,SARIMA,2023,810482.8849302491,531866.9585185298
2927309,Salinas da Margarida,IPTU,Theta,2023,907389.1264081906,531866.9585185298
2927309,Salinas da Margarida,IPTU,Prophet,2023,555989.8893636964,531866.9585185298
2927309,Salinas da Margarida,IPTU,Ensemble,2023,765923.7260629459,531866.9585185298
2927309,Salinas da Margarida,IPTU,Naive,2024,531866.9585185298,582554.5041929403
2927309,Salinas da Margarida,IPTU,ETS,2024,570807.7254564204,582554.5041929403
2927309,Salinas da Margarida,IPTU,SARIMA,2024,664055.543112683,582554.5041929403
2927309,Salinas da Margarida,IPTU,Theta,2024,626948.9143806312,582554.5041929403
2927309,Salinas da Margarida,IPTU,Prophet,2024,554205.0761883646,582554.5041929403
2927309,Salinas da Margarida,IPTU,Ensemble,2024,604004.3147845248,582554.5041929403
2927309,Salinas da Margarida,IPTU,Naive,2025,582554.5041929403,646025.7195979268
2927309,Salinas da Margarida,IPTU,ETS,2025,1298667.799683791,646025.7195979268
2927309,Salinas da Margarida,IPTU,SARIMA,2025,926087.6139955635,646025.7195979268
2927309,Salinas da Margarida,IPTU,Theta,2025,1353723.5573217499,646025.7195979268
2927309,Salinas da Margarida,IPTU,Prophet,2025,583777.2514071537,646025.7195979268
2927309,Salinas da Margarida,IPTU,Ensemble,2025,1040564.0556020645,646025.7195979268
2927309,Salinas da Margarida,ISSQN,Naive,2021,1140413.3619185616,1231793.71071412
2927309,Salinas da Margarida,ISSQN,ETS,2021,941252.1204892647,1231793.71071412
2927309,Salinas da Margarida,ISSQN,SARIMA,2021,804275.4026237706,1231793.71071412
2927309,Salinas da Margarida,ISSQN,Theta,2021,1320862.1163861137,1231793.71071412
2927309,Salinas da Margarida,ISSQN,Prophet,2021,1168521.9887320893,1231793.71071412
2927309,Salinas da Margarida,ISSQN,Ensemble,2021,1058727.9070578096,1231793.71071412
2927309,Salinas da Margarida,ISSQN,Naive,2022,1231793.71071412,1489651.1040470626
2927309,Salinas da Margarida,ISSQN,ETS,2022,1116666.156746354,1489651.1040470626
2927309,Salinas da Margarida,ISSQN,SARIMA,2022,827803.2052517395,1489651.1040470626
2927309,Salinas da Margarida,ISSQN,Theta,2022,1387125.7525076703,1489651.1040470626
2927309,Salinas da Margarida,ISSQN,Prophet,2022,1323031.5229523878,1489651.1040470626
2927309,Salinas da Margarida,ISSQN,Ensemble,2022,1163656.6593645378,1489651.1040470626
2927309,Salinas da Margarida,ISSQN,Naive,2023,1489651.1040470626,1098121.9101928095
2927309,Salinas da Margarida,ISSQN,ETS,2023,1990614.7918567937,1098121.9101928095
2927309,Salinas da Margarida,ISSQN,SARIMA,2023,1494025.421959921,1098121.9101928095
2927309,Salinas da Margarida,ISSQN,Theta,2023,1653616.6711965124,1098121.9101928095
2927309,Salinas da Margarida,ISSQN,Prophet,2023,1495106.969714614,1098121.9101928095
2927309,Salinas da Margarida,ISSQN,Ensemble,2023,1658340.96368196,1098121.9101928095
2927309,Salinas da Margarida,ISSQN,Naive,2024,1098121.9101928095,1521639.1455618872
2927309,Salinas da Margarida,ISSQN,ETS,2024,1226656.050239544,1521639.1455618872
2927309,Salinas da Margarida,ISSQN,SARIMA,2024,1051501.7476554327,1521639.1455618872
2927309,Salinas da Margarida,ISSQN,Theta,2024,1313526.12185543,1521639.1455618872
2927309,Salinas da Margarida,ISSQN,Prophet,2024,1355545.047507383,1521639.1455618872
2927309,Salinas da Margarida,ISSQN,Ensemble,2024,1236807.241814447,1521639.1455618872
2927309,Salinas da Margarida,ISSQN,Naive,2025,1521639.1455618872,1422849.6173381447
2927309,Salinas da Margarida,ISSQN,ETS,2025,1377667.2466485384,1422849.6173381447
2927309,Salinas da Margarida,ISSQN,SARIMA,2025,1535582.4281082782,1422849.6173381447
2927309,Salinas da Margarida,ISSQN,Theta,2025,1547468.5463163587,1422849.6173381447
2927309,Salinas da Margarida,ISSQN,Prophet,2025,1493701.2064694457,1422849.6173381447
2927309,Salinas da Margarida,ISSQN,Ensemble,2025,1488604.8568856556,1422849.6173381447
2926004,Remanso,ISSQN,Naive,2021,3256522.873275931,2742425.1617883155
2926004,Remanso,ISSQN,ETS,2021,4022802.161452048,2742425.1617883155
2926004,Remanso,ISSQN,SARIMA,2021,3912918.1451853905,2742425.1617883155
2926004,Remanso,ISSQN,Theta,2021,4159812.6062906575,2742425.1617883155
2926004,Remanso,ISSQN,Prophet,2021,2871471.0665797936,2742425.1617883155
2926004,Remanso,ISSQN,Ensemble,2021,3741750.9948769724,2742425.1617883155
2926004,Remanso,ISSQN,Naive,2022,2742425.1617883155,3623305.9594269246
2926004,Remanso,ISSQN,ETS,2022,3232430.76510149,3623305.9594269246
2926004,Remanso,ISSQN,SARIMA,2022,2657931.961157731,3623305.9594269246
2926004,Remanso,ISSQN,Theta,2022,3165933.427355094,3623305.9594269246
2926004,Remanso,ISSQN,Prophet,2022,1906187.5448746101,3623305.9594269246
2926004,Remanso,ISSQN,Ensemble,2022,2740620.924622231,3623305.9594269246
2926004,Remanso,ISSQN,Naive,2023,3623305.9594269246,3549771.3721371368
2926004,Remanso,ISSQN,ETS,2023,3937029.6375662726,3549771.3721371368
2926004,Remanso,ISSQN,SARIMA,2023,3888650.670479246,3549771.3721371368
2926004,Remanso,ISSQN,Theta,2023,3849681.24613538,3549771.3721371368
2926004,Remanso,ISSQN,Prophet,2023,2346485.8310144707,3549771.3721371368
2926004,Remanso,ISSQN,Ensemble,2023,3505461.846298842,3549771.3721371368
2926004,Remanso,ISSQN,Naive,2024,3549771.3721371368,3362363.079713881
2926004,Remanso,ISSQN,ETS,2024,3835546.0714836903,3362363.079713881
2926004,Remanso,ISSQN,SARIMA,2024,3625694.493086323,3362363.079713881
2926004,Remanso,ISSQN,Theta,2024,3790957.9299234813,3362363.079713881
2926004,Remanso,ISSQN,Prophet,2024,3100592.8586943946,3362363.079713881
2926004,Remanso,ISSQN,Ensemble,2024,3588197.838296973,3362363.079713881
2926004,Remanso,ISSQN,Naive,2025,3362363.079713881,3691756.828768242
2926004,Remanso,ISSQN,ETS,2025,3597648.3995658685,3691756.828768242
2926004,Remanso,ISSQN,SARIMA,2025,3305457.6752929827,3691756.828768242
2926004,Remanso,ISSQN,Theta,2025,3577383.9885750622,3691756.828768242
2926004,Remanso,ISSQN,Prophet,2025,2938732.227636283,3691756.828768242
2926004,Remanso,ISSQN,Ensemble,2025,3354805.572767549,3691756.828768242
2927408,Salvador,IPTU,Naive,2021,1027525996.6700989,1059064119.1204586
2927408,Salvador,IPTU,ETS,2021,1058335065.6251209,1059064119.1204586
2927408,Salvador,IPTU,SARIMA,2021,1197353705.1254742,1059064119.1204586
2927408,Salvador,IPTU,Theta,2021,1460839583.339357,1059064119.1204586
2927408,Salvador,IPTU,Prophet,2021,1048320359.4100089,1059064119.1204586
2927408,Salvador,IPTU,Ensemble,2021,1191212178.3749902,1059064119.1204586
2927408,Salvador,IPTU,Naive,2022,1059064119.1204586,1059259760.5564235
2927408,Salvador,IPTU,ETS,2022,1027310194.9896739,1059259760.5564235
2927408,Salvador,IPTU,SARIMA,2022,1130202966.1146216,1059259760.5564235
2927408,Salvador,IPTU,Theta,2022,993352479.7347126,1059259760.5564235
2927408,Salvador,IPTU,Prophet,2022,1048186754.1599852,1059259760.5564235
2927408,Salvador,IPTU,Ensemble,2022,1049763098.7497483,1059259760.5564235
2927408,Salvador,IPTU,Naive,2023,1059259760.5564235,1132997639.7414443
2927408,Salvador,IPTU,ETS,2023,1044585917.1760523,1132997639.7414443
2927408,Salvador,IPTU,SARIMA,2023,1146150693.4088311,1132997639.7414443
2927408,Salvador,IPTU,Theta,2023,1147449396.989315,1132997639.7414443
2927408,Salvador,IPTU,Prophet,2023,1005612086.0667207,1132997639.7414443
2927408,Salvador,IPTU,Ensemble,2023,1085949523.41023,1132997639.7414443
2927408,Salvador,IPTU,Naive,2024,1132997639.7414443,1326784971.1966915
2927408,Salvador,IPTU,ETS,2024,1179830598.5736637,1326784971.1966915
2927408,Salvador,IPTU,SARIMA,2024,1272203045.7072608,1326784971.1966915
2927408,Salvador,IPTU,Theta,2024,1240843079.651204,1326784971.1966915
2927408,Salvador,IPTU,Prophet,2024,1042929198.7608143,1326784971.1966915
2927408,Salvador,IPTU,Ensemble,2024,1183951480.6732357,1326784971.1966915
2927408,Salvador,IPTU,Naive,2025,1326784971.1966915,1214818263.0946188
2927408,Salvador,IPTU,ETS,2025,1280495174.9337702,1214818263.0946188
2927408,Salvador,IPTU,SARIMA,2025,1361919362.8628595,1214818263.0946188
2927408,Salvador,IPTU,Theta,2025,1384490566.4548054,1214818263.0946188
2927408,Salvador,IPTU,Prophet,2025,1210083501.1978052,1214818263.0946188
2927408,Salvador,IPTU,Ensemble,2025,1309247151.3623102,1214818263.0946188
2927705,Santa Cruz Cabrália,IPTU,Naive,2021,4154311.684113724,6349460.650103721
2927705,Santa Cruz Cabrália,IPTU,ETS,2021,4948762.139763211,6349460.650103721
2927705,Santa Cruz Cabrália,IPTU,SARIMA,2021,3587209.0986541305,6349460.650103721
2927705,Santa Cruz Cabrália,IPTU,Theta,2021,6109698.331618379,6349460.650103721
2927705,Santa Cruz Cabrália,IPTU,Prophet,2021,5328040.396453858,6349460.650103721
2927705,Santa Cruz Cabrália,IPTU,Ensemble,2021,4993427.491622395,6349460.650103721
2927705,Santa Cruz Cabrália,IPTU,Naive,2022,6349460.650103721,7604831.046109075
2927705,Santa Cruz Cabrália,IPTU,ETS,2022,6706039.160743871,7604831.046109075
2927705,Santa Cruz Cabrália,IPTU,SARIMA,2022,5142344.480670212,7604831.046109075
2927705,Santa Cruz Cabrália,IPTU,Theta,2022,6297285.364281405,7604831.046109075
2927705,Santa Cruz Cabrália,IPTU,Prophet,2022,6510798.999455059,7604831.046109075
2927705,Santa Cruz Cabrália,IPTU,Ensemble,2022,6164117.001287637,7604831.046109075
2927705,Santa Cruz Cabrália,IPTU,Naive,2023,7604831.046109075,6928605.635808556
2927705,Santa Cruz Cabrália,IPTU,ETS,2023,9306959.052775653,6928605.635808556
2927705,Santa Cruz Cabrália,IPTU,SARIMA,2023,12017772.541503292,6928605.635808556
2927705,Santa Cruz Cabrália,IPTU,Theta,2023,7576612.267096748,6928605.635808556
2927705,Santa Cruz Cabrália,IPTU,Prophet,2023,7872299.248112346,6928605.635808556
2927705,Santa Cruz Cabrália,IPTU,Ensemble,2023,9193410.777372008,6928605.635808556
2927705,Santa Cruz Cabrália,IPTU,Naive,2024,6928605.635808556,6423096.039780216
2927705,Santa Cruz Cabrália,IPTU,ETS,2024,8005579.296197318,6423096.039780216
2927705,Santa Cruz Cabrália,IPTU,SARIMA,2024,9466263.570675833,6423096.039780216
2927705,Santa Cruz Cabrália,IPTU,Theta,2024,7808191.599734905,6423096.039780216
2927705,Santa Cruz Cabrália,IPTU,Prophet,2024,8332371.673950875,6423096.039780216
2927705,Santa Cruz Cabrália,IPTU,Ensemble,2024,8403101.535139732,6423096.039780216
2927705,Santa Cruz Cabrália,IPTU,Naive,2025,6423096.039780216,6497271.37416776
2927705,Santa Cruz Cabrália,IPTU,ETS,2025,7761647.973872816,6497271.37416776
2927705,Santa Cruz Cabrália,IPTU,SARIMA,2025,8686770.723451043,6497271.37416776
2927705,Santa Cruz Cabrália,IPTU,Theta,2025,7603899.994633857,6497271.37416776
2927705,Santa Cruz Cabrália,IPTU,Prophet,2025,8323612.205615848,6497271.37416776
2927705,Santa Cruz Cabrália,IPTU,Ensemble,2025,8093982.72439339,6497271.37416776
2928059,Santa Luzia,IPTU,Naive,2021,148954.19244902008,173814.72176899159
2928059,Santa Luzia,IPTU,ETS,2021,208331.19846523067,173814.72176899159
2928059,Santa Luzia,IPTU,SARIMA,2021,206654.3054176989,173814.72176899159
2928059,Santa Luzia,IPTU,Theta,2021,188485.89743405013,173814.72176899159
2928059,Santa Luzia,IPTU,Prophet,2021,200131.71580653722,173814.72176899159
2928059,Santa Luzia,IPTU,Ensemble,2021,200900.77928087924,173814.72176899159
2928059,Santa Luzia,IPTU,Naive,2022,173814.72176899159,133397.44321147195
2928059,Santa Luzia,IPTU,ETS,2022,205579.88134291093,133397.44321147195
2928059,Santa Luzia,IPTU,SARIMA,2022,198586.92984649027,133397.44321147195
2928059,Santa Luzia,IPTU,Theta,2022,193826.21840664317,133397.44321147195
2928059,Santa Luzia,IPTU,Prophet,2022,212871.0900309873,133397.44321147195
2928059,Santa Luzia,IPTU,Ensemble,2022,202716.0299067579,133397.44321147195
2928059,Santa Luzia,IPTU,Naive,2023,133397.44321147195,124554.36181175671
2928059,Santa Luzia,IPTU,ETS,2023,198268.68465397492,124554.36181175671
2928059,Santa Luzia,IPTU,SARIMA,2023,143236.18493750607,124554.36181175671
2928059,Santa Luzia,IPTU,Theta,2023,177106.7815993815,124554.36181175671
2928059,Santa Luzia,IPTU,Prophet,2023,196492.07383823072,124554.36181175671
2928059,Santa Luzia,IPTU,Ensemble,2023,178775.9312572733,124554.36181175671
2928059,Santa Luzia,IPTU,Naive,2024,124554.36181175671,126822.23663976724
2928059,Santa Luzia,IPTU,ETS,2024,155530.4779007732,126822.23663976724
2928059,Santa Luzia,IPTU,SARIMA,2024,105017.07071034484,126822.23663976724
2928059,Santa Luzia,IPTU,Theta,2024,154121.3544692259,126822.23663976724
2928059,Santa Luzia,IPTU,Prophet,2024,178857.6880534727,126822.23663976724
2928059,Santa Luzia,IPTU,Ensemble,2024,148381.64778345416,126822.23663976724
2928059,Santa Luzia,IPTU,Naive,2025,126822.23663976724,148209.76208711776
2928059,Santa Luzia,IPTU,ETS,2025,144796.69113012264,148209.76208711776
2928059,Santa Luzia,IPTU,SARIMA,2025,111188.85929456857,148209.76208711776
2928059,Santa Luzia,IPTU,Theta,2025,140054.80260115262,148209.76208711776
2928059,Santa Luzia,IPTU,Prophet,2025,167300.19129648412,148209.76208711776
2928059,Santa Luzia,IPTU,Ensemble,2025,140835.13608058201,148209.76208711776
2927606,Santa Brígida,ISSQN,Naive,2021,621447.4741519351,516103.0749450571
2927606,Santa Brígida,ISSQN,ETS,2021,790178.4123310538,516103.0749450571
2927606,Santa Brígida,ISSQN,SARIMA,2021,523107.1939715352,516103.0749450571
2927606,Santa Brígida,ISSQN,Theta,2021,802743.5938585568,516103.0749450571
2927606,Santa Brígida,ISSQN,Prophet,2021,754601.408182525,516103.0749450571
2927606,Santa Brígida,ISSQN,Ensemble,2021,717657.6520859177,516103.0749450571
2927606,Santa Brígida,ISSQN,Naive,2022,516103.0749450571,903594.9420843147
2927606,Santa Brígida,ISSQN,ETS,2022,628878.7901123473,903594.9420843147
2927606,Santa Brígida,ISSQN,SARIMA,2022,513435.71092865453,903594.9420843147
2927606,Santa Brígida,ISSQN,Theta,2022,659792.3688471575,903594.9420843147
2927606,Santa Brígida,ISSQN,Prophet,2022,631876.9393691951,903594.9420843147
2927606,Santa Brígida,ISSQN,Ensemble,2022,608495.9523143386,903594.9420843147
2927606,Santa Brígida,ISSQN,Naive,2023,903594.9420843147,1214087.388111671
2927606,Santa Brígida,ISSQN,ETS,2023,783904.8889730298,1214087.388111671
2927606,Santa Brígida,ISSQN,SARIMA,2023,543596.3991300971,1214087.388111671
2927606,Santa Brígida,ISSQN,Theta,2023,1029571.906539018,1214087.388111671
2927606,Santa Brígida,ISSQN,Prophet,2023,783762.1074426332,1214087.388111671
2927606,Santa Brígida,ISSQN,Ensemble,2023,785208.8255211945,1214087.388111671
2927606,Santa Brígida,ISSQN,Naive,2024,1214087.388111671,1117061.3151808903
2927606,Santa Brígida,ISSQN,ETS,2024,1399031.7735341857,1117061.3151808903
2927606,Santa Brígida,ISSQN,SARIMA,2024,1236408.735848007,1117061.3151808903
2927606,Santa Brígida,ISSQN,Theta,2024,1199350.3933311785,1117061.3151808903
2927606,Santa Brígida,ISSQN,Prophet,2024,946512.0238477855,1117061.3151808903
2927606,Santa Brígida,ISSQN,Ensemble,2024,1195325.731640289,1117061.3151808903
2927606,Santa Brígida,ISSQN,Naive,2025,1117061.3151808903,934279.5672021406
2927606,Santa Brígida,ISSQN,ETS,2025,1046692.1719534849,934279.5672021406
2927606,Santa Brígida,ISSQN,SARIMA,2025,1235000.8784594631,934279.5672021406
2927606,Santa Brígida,ISSQN,Theta,2025,1289400.8375683918,934279.5672021406
2927606,Santa Brígida,ISSQN,Prophet,2025,1035341.153637757,934279.5672021406
2927606,Santa Brígida,ISSQN,Ensemble,2025,1151608.7604047742,934279.5672021406
2927408,Salvador,ISSQN,Naive,2021,1486781086.470167,1560694818.5905352
2927408,Salvador,ISSQN,ETS,2021,1564008805.9733043,1560694818.5905352
2927408,Salvador,ISSQN,SARIMA,2021,1450246818.7912936,1560694818.5905352
2927408,Salvador,ISSQN,Theta,2021,1602926180.1059465,1560694818.5905352
2927408,Salvador,ISSQN,Prophet,2021,1586628310.5586221,1560694818.5905352
2927408,Salvador,ISSQN,Ensemble,2021,1550952528.8572917,1560694818.5905352
2927408,Salvador,ISSQN,Naive,2022,1560694818.5905352,1701629653.1626015
2927408,Salvador,ISSQN,ETS,2022,1671360811.4877791,1701629653.1626015
2927408,Salvador,ISSQN,SARIMA,2022,1582772914.3428152,1701629653.1626015
2927408,Salvador,ISSQN,Theta,2022,1664237907.8512914,1701629653.1626015
2927408,Salvador,ISSQN,Prophet,2022,1597030731.7868752,1701629653.1626015
2927408,Salvador,ISSQN,Ensemble,2022,1628850591.36719,1701629653.1626015
2927408,Salvador,ISSQN,Naive,2023,1701629653.1626015,1821618874.6975937
2927408,Salvador,ISSQN,ETS,2023,1729736315.8014946,1821618874.6975937
2927408,Salvador,ISSQN,SARIMA,2023,1684066485.0246193,1821618874.6975937
2927408,Salvador,ISSQN,Theta,2023,1710488478.5899386,1821618874.6975937
2927408,Salvador,ISSQN,Prophet,2023,1699381725.4767554,1821618874.6975937
2927408,Salvador,ISSQN,Ensemble,2023,1705918251.2232022,1821618874.6975937
2927408,Salvador,ISSQN,Naive,2024,1821618874.6975937,2107133062.052525
2927408,Salvador,ISSQN,ETS,2024,1882908111.5521424,2107133062.052525
2927408,Salvador,ISSQN,SARIMA,2024,1782669305.0571978,2107133062.052525
2927408,Salvador,ISSQN,Theta,2024,1864538970.0561447,2107133062.052525
2927408,Salvador,ISSQN,Prophet,2024,1878938792.718701,2107133062.052525
2927408,Salvador,ISSQN,Ensemble,2024,1852263794.8460462,2107133062.052525
2927408,Salvador,ISSQN,Naive,2025,2107133062.052525,2184120153.85421
2927408,Salvador,ISSQN,ETS,2025,2084595093.21058,2184120153.85421
2927408,Salvador,ISSQN,SARIMA,2025,2250236781.395749,2184120153.85421
2927408,Salvador,ISSQN,Theta,2025,2072575124.0503979,2184120153.85421
2927408,Salvador,ISSQN,Prophet,2025,2157272769.729502,2184120153.85421
2927408,Salvador,ISSQN,Ensemble,2025,2141169942.096557,2184120153.85421
2928406,Santa Rita de Cássia,ISSQN,Naive,2021,2653471.0429156274,2736308.611033177
2928406,Santa Rita de Cássia,ISSQN,ETS,2021,3232698.2504215515,2736308.611033177
2928406,Santa Rita de Cássia,ISSQN,SARIMA,2021,2680900.9872829653,2736308.611033177
2928406,Santa Rita de Cássia,ISSQN,Theta,2021,3325177.202612592,2736308.611033177
2928406,Santa Rita de Cássia,ISSQN,Prophet,2021,3467128.4625376957,2736308.611033177
2928406,Santa Rita de Cássia,ISSQN,Ensemble,2021,3176476.225713701,2736308.611033177
2928406,Santa Rita de Cássia,ISSQN,Naive,2022,2736308.611033177,2818500.9607974226
2928406,Santa Rita de Cássia,ISSQN,ETS,2022,3145146.1443595984,2818500.9607974226
2928406,Santa Rita de Cássia,ISSQN,SARIMA,2022,2575304.382158416,2818500.9607974226
2928406,Santa Rita de Cássia,ISSQN,Theta,2022,3081834.1395145943,2818500.9607974226
2928406,Santa Rita de Cássia,ISSQN,Prophet,2022,3402036.138627305,2818500.9607974226
2928406,Santa Rita de Cássia,ISSQN,Ensemble,2022,3051080.2011649786,2818500.9607974226
2928406,Santa Rita de Cássia,ISSQN,Naive,2023,2818500.9607974226,3191110.295112236
2928406,Santa Rita de Cássia,ISSQN,ETS,2023,3357359.456955283,3191110.295112236
2928406,Santa Rita de Cássia,ISSQN,SARIMA,2023,2986228.998943866,3191110.295112236
2928406,Santa Rita de Cássia,ISSQN,Theta,2023,3283306.127678776,3191110.295112236
2928406,Santa Rita de Cássia,ISSQN,Prophet,2023,3388843.9707909552,3191110.295112236
2928406,Santa Rita de Cássia,ISSQN,Ensemble,2023,3253934.63859222,3191110.295112236
2928406,Santa Rita de Cássia,ISSQN,Naive,2024,3191110.295112236,3008836.3002892598
2928406,Santa Rita de Cássia,ISSQN,ETS,2024,3423212.0681776777,3008836.3002892598
2928406,Santa Rita de Cássia,ISSQN,SARIMA,2024,2828204.554732604,3008836.3002892598
2928406,Santa Rita de Cássia,ISSQN,Theta,2024,3273103.995709573,3008836.3002892598
2928406,Santa Rita de Cássia,ISSQN,Prophet,2024,3514494.592332637,3008836.3002892598
2928406,Santa Rita de Cássia,ISSQN,Ensemble,2024,3259753.802738123,3008836.3002892598
2928406,Santa Rita de Cássia,ISSQN,Naive,2025,3008836.3002892598,3358496.4216275853
2928406,Santa Rita de Cássia,ISSQN,ETS,2025,3514875.9564145943,3358496.4216275853
2928406,Santa Rita de Cássia,ISSQN,SARIMA,2025,2963861.031027144,3358496.4216275853
2928406,Santa Rita de Cássia,ISSQN,Theta,2025,3347381.5374610755,3358496.4216275853
2928406,Santa Rita de Cássia,ISSQN,Prophet,2025,3572830.675096906,3358496.4216275853
2928406,Santa Rita de Cássia,ISSQN,Ensemble,2025,3349737.29999993,3358496.4216275853
2928109,Santa Maria da Vitória,ISSQN,Naive,2021,4992273.475661413,5871692.322763678
2928109,Santa Maria da Vitória,ISSQN,ETS,2021,5256330.5906467335,5871692.322763678
2928109,Santa Maria da Vitória,ISSQN,SARIMA,2021,5257901.187103035,5871692.322763678
2928109,Santa Maria da Vitória,ISSQN,Theta,2021,5489762.661464949,5871692.322763678
2928109,Santa Maria da Vitória,ISSQN,Prophet,2021,5195766.2280301545,5871692.322763678
2928109,Santa Maria da Vitória,ISSQN,Ensemble,2021,5299940.1668112185,5871692.322763678
2928109,Santa Maria da Vitória,ISSQN,Naive,2022,5871692.322763678,6123977.920734264
2928109,Santa Maria da Vitória,ISSQN,ETS,2022,5766207.686308649,6123977.920734264
2928109,Santa Maria da Vitória,ISSQN,SARIMA,2022,6152016.866958489,6123977.920734264
2928109,Santa Maria da Vitória,ISSQN,Theta,2022,6241577.650384425,6123977.920734264
2928109,Santa Maria da Vitória,ISSQN,Prophet,2022,6136380.817533005,6123977.920734264
2928109,Santa Maria da Vitória,ISSQN,Ensemble,2022,6074045.755296142,6123977.920734264
2928109,Santa Maria da Vitória,ISSQN,Naive,2023,6123977.920734264,6563614.8810477
2928109,Santa Maria da Vitória,ISSQN,ETS,2023,6415089.241697534,6563614.8810477
2928109,Santa Maria da Vitória,ISSQN,SARIMA,2023,6555217.293123226,6563614.8810477
2928109,Santa Maria da Vitória,ISSQN,Theta,2023,6697610.435307277,6563614.8810477
2928109,Santa Maria da Vitória,ISSQN,Prophet,2023,6660936.658054219,6563614.8810477
2928109,Santa Maria da Vitória,ISSQN,Ensemble,2023,6582213.407045564,6563614.8810477
2928109,Santa Maria da Vitória,ISSQN,Naive,2024,6563614.8810477,5392221.05635496
2928109,Santa Maria da Vitória,ISSQN,ETS,2024,6395877.2619403275,5392221.05635496
2928109,Santa Maria da Vitória,ISSQN,SARIMA,2024,6447438.758038191,5392221.05635496
2928109,Santa Maria da Vitória,ISSQN,Theta,2024,6937405.399309015,5392221.05635496
2928109,Santa Maria da Vitória,ISSQN,Prophet,2024,7141972.29433804,5392221.05635496
2928109,Santa Maria da Vitória,ISSQN,Ensemble,2024,6730673.428406394,5392221.05635496
2928109,Santa Maria da Vitória,ISSQN,Naive,2025,5392221.05635496,6440283.455698482
2928109,Santa Maria da Vitória,ISSQN,ETS,2025,5364917.169176229,6440283.455698482
2928109,Santa Maria da Vitória,ISSQN,SARIMA,2025,5270663.621446194,6440283.455698482
2928109,Santa Maria da Vitória,ISSQN,Theta,2025,6069904.396647522,6440283.455698482
2928109,Santa Maria da Vitória,ISSQN,Prophet,2025,6945223.982840865,6440283.455698482
2928109,Santa Maria da Vitória,ISSQN,Ensemble,2025,5912677.292527703,6440283.455698482
2928703,Santo Antônio de Jesus,IPTU,Naive,2021,12985527.238193424,15691850.011253655
2928703,Santo Antônio de Jesus,IPTU,ETS,2021,29008280.576297607,15691850.011253655
2928703,Santo Antônio de Jesus,IPTU,SARIMA,2021,12053231.414327612,15691850.011253655
2928703,Santo Antônio de Jesus,IPTU,Theta,2021,13746379.892568406,15691850.011253655
2928703,Santo Antônio de Jesus,IPTU,Prophet,2021,16554062.119451743,15691850.011253655
2928703,Santo Antônio de Jesus,IPTU,Ensemble,2021,17840488.500661343,15691850.011253655
2928703,Santo Antônio de Jesus,IPTU,Naive,2022,15691850.011253655,16949139.48052393
2928703,Santo Antônio de Jesus,IPTU,ETS,2022,24827985.44980366,16949139.48052393
2928703,Santo Antônio de Jesus,IPTU,SARIMA,2022,13346409.011678433,16949139.48052393
2928703,Santo Antônio de Jesus,IPTU,Theta,2022,18002951.273846615,16949139.48052393
2928703,Santo Antônio de Jesus,IPTU,Prophet,2022,16210146.304016825,16949139.48052393
2928703,Santo Antônio de Jesus,IPTU,Ensemble,2022,18096873.009836383,16949139.48052393
2928703,Santo Antônio de Jesus,IPTU,Naive,2023,16949139.48052393,19718103.782574695
2928703,Santo Antônio de Jesus,IPTU,ETS,2023,24063359.915004883,19718103.782574695
2928703,Santo Antônio de Jesus,IPTU,SARIMA,2023,6940490.027994632,19718103.782574695
2928703,Santo Antônio de Jesus,IPTU,Theta,2023,18122117.43414148,19718103.782574695
2928703,Santo Antônio de Jesus,IPTU,Prophet,2023,18436908.982842203,19718103.782574695
2928703,Santo Antônio de Jesus,IPTU,Ensemble,2023,16890719.089995798,19718103.782574695
2928703,Santo Antônio de Jesus,IPTU,Naive,2024,19718103.782574695,18440193.3427254
2928703,Santo Antônio de Jesus,IPTU,ETS,2024,16768757.541879999,18440193.3427254
2928703,Santo Antônio de Jesus,IPTU,SARIMA,2024,28002487.461986624,18440193.3427254
2928703,Santo Antônio de Jesus,IPTU,Theta,2024,19502586.575709354,18440193.3427254
2928703,Santo Antônio de Jesus,IPTU,Prophet,2024,21825849.040402286,18440193.3427254
2928703,Santo Antônio de Jesus,IPTU,Ensemble,2024,21524920.154994562,18440193.3427254
2928703,Santo Antônio de Jesus,IPTU,Naive,2025,18440193.3427254,20918756.021372568
2928703,Santo Antônio de Jesus,IPTU,ETS,2025,14536974.374131756,20918756.021372568
2928703,Santo Antônio de Jesus,IPTU,SARIMA,2025,23649351.873710893,20918756.021372568
2928703,Santo Antônio de Jesus,IPTU,Theta,2025,21889887.544021916,20918756.021372568
2928703,Santo Antônio de Jesus,IPTU,Prophet,2025,22463728.429569345,20918756.021372568
2928703,Santo Antônio de Jesus,IPTU,Ensemble,2025,20634985.55535848,20918756.021372568
2928059,Santa Luzia,ISSQN,Naive,2021,279633.37947194354,421984.0084910716
2928059,Santa Luzia,ISSQN,ETS,2021,491558.2040810158,421984.0084910716
2928059,Santa Luzia,ISSQN,SARIMA,2021,228291.7390015692,421984.0084910716
2928059,Santa Luzia,ISSQN,Theta,2021,508236.37071279384,421984.0084910716
2928059,Santa Luzia,ISSQN,Prophet,2021,-364609.02487314795,421984.0084910716
2928059,Santa Luzia,ISSQN,Ensemble,2021,215869.32223055768,421984.0084910716
2928059,Santa Luzia,ISSQN,Naive,2022,421984.0084910716,809621.8048193926
2928059,Santa Luzia,ISSQN,ETS,2022,494822.06421053456,809621.8048193926
2928059,Santa Luzia,ISSQN,SARIMA,2022,542703.2697169966,809621.8048193926
2928059,Santa Luzia,ISSQN,Theta,2022,540921.6282203925,809621.8048193926
2928059,Santa Luzia,ISSQN,Prophet,2022,-195311.95755483652,809621.8048193926
2928059,Santa Luzia,ISSQN,Ensemble,2022,345783.75114827184,809621.8048193926
2928059,Santa Luzia,ISSQN,Naive,2023,809621.8048193926,666753.3314361656
2928059,Santa Luzia,ISSQN,ETS,2023,917635.7082214088,666753.3314361656
2928059,Santa Luzia,ISSQN,SARIMA,2023,891279.4691122242,666753.3314361656
2928059,Santa Luzia,ISSQN,Theta,2023,998522.0006294062,666753.3314361656
2928059,Santa Luzia,ISSQN,Prophet,2023,246315.49200194573,666753.3314361656
2928059,Santa Luzia,ISSQN,Ensemble,2023,763438.1674912462,666753.3314361656
2928059,Santa Luzia,ISSQN,Naive,2024,666753.3314361656,632042.9431185442
2928059,Santa Luzia,ISSQN,ETS,2024,771171.9593814769,632042.9431185442
2928059,Santa Luzia,ISSQN,SARIMA,2024,572118.5995909054,632042.9431185442
2928059,Santa Luzia,ISSQN,Theta,2024,804746.9231819904,632042.9431185442
2928059,Santa Luzia,ISSQN,Prophet,2024,565258.5481808305,632042.9431185442
2928059,Santa Luzia,ISSQN,Ensemble,2024,678324.0075838008,632042.9431185442
2928059,Santa Luzia,ISSQN,Naive,2025,632042.9431185442,377460.92196548445
2928059,Santa Luzia,ISSQN,ETS,2025,978990.5361357155,377460.92196548445
2928059,Santa Luzia,ISSQN,SARIMA,2025,560989.4985727082,377460.92196548445
2928059,Santa Luzia,ISSQN,Theta,2025,702543.6511282644,377460.92196548445
2928059,Santa Luzia,ISSQN,Prophet,2025,607226.4755561514,377460.92196548445
2928059,Santa Luzia,ISSQN,Ensemble,2025,712437.5403482099,377460.92196548445
2928802,Santo Estêvão,ISSQN,Naive,2021,5418066.401977094,4449451.134793723
2928802,Santo Estêvão,ISSQN,ETS,2021,4451577.753765901,4449451.134793723
2928802,Santo Estêvão,ISSQN,SARIMA,2021,4407258.81673087,4449451.134793723
2928802,Santo Estêvão,ISSQN,Theta,2021,4507092.552749741,4449451.134793723
2928802,Santo Estêvão,ISSQN,Prophet,2021,5499646.406450024,4449451.134793723
2928802,Santo Estêvão,ISSQN,Ensemble,2021,4716393.882424134,4449451.134793723
2928802,Santo Estêvão,ISSQN,Naive,2022,4449451.134793723,4875488.360815851
2928802,Santo Estêvão,ISSQN,ETS,2022,7575069.81594695,4875488.360815851
2928802,Santo Estêvão,ISSQN,SARIMA,2022,5174077.874102791,4875488.360815851
2928802,Santo Estêvão,ISSQN,Theta,2022,7902226.81745422,4875488.360815851
2928802,Santo Estêvão,ISSQN,Prophet,2022,5173843.889059334,4875488.360815851
2928802,Santo Estêvão,ISSQN,Ensemble,2022,6456304.599140823,4875488.360815851
2928802,Santo Estêvão,ISSQN,Naive,2023,4875488.360815851,5343680.385854903
2928802,Santo Estêvão,ISSQN,ETS,2023,5668642.191891391,5343680.385854903
2928802,Santo Estêvão,ISSQN,SARIMA,2023,4652094.276634794,5343680.385854903
2928802,Santo Estêvão,ISSQN,Theta,2023,5583362.612956227,5343680.385854903
2928802,Santo Estêvão,ISSQN,Prophet,2023,5185642.523283235,5343680.385854903
2928802,Santo Estêvão,ISSQN,Ensemble,2023,5272435.401191412,5343680.385854903
2928802,Santo Estêvão,ISSQN,Naive,2024,5343680.385854903,6622606.23910692
2928802,Santo Estêvão,ISSQN,ETS,2024,5406212.973302888,6622606.23910692
2928802,Santo Estêvão,ISSQN,SARIMA,2024,5526754.076166242,6622606.23910692
2928802,Santo Estêvão,ISSQN,Theta,2024,5927506.469400706,6622606.23910692
2928802,Santo Estêvão,ISSQN,Prophet,2024,5391714.308941788,6622606.23910692
2928802,Santo Estêvão,ISSQN,Ensemble,2024,5563046.956952906,6622606.23910692
2928802,Santo Estêvão,ISSQN,Naive,2025,6622606.23910692,6043223.65472583
2928802,Santo Estêvão,ISSQN,ETS,2025,7921773.738882243,6043223.65472583
2928802,Santo Estêvão,ISSQN,SARIMA,2025,7446166.953825636,6043223.65472583
2928802,Santo Estêvão,ISSQN,Theta,2025,8553355.97082293,6043223.65472583
2928802,Santo Estêvão,ISSQN,Prophet,2025,6056092.090736153,6043223.65472583
2928802,Santo Estêvão,ISSQN,Ensemble,2025,7494347.188566741,6043223.65472583
2928604,Santo Amaro,ISSQN,Naive,2021,5844312.797460324,5599794.430987522
2928604,Santo Amaro,ISSQN,ETS,2021,5779381.574775248,5599794.430987522
2928604,Santo Amaro,ISSQN,SARIMA,2021,5893669.826175924,5599794.430987522
2928604,Santo Amaro,ISSQN,Theta,2021,5479748.688829519,5599794.430987522
2928604,Santo Amaro,ISSQN,Prophet,2021,6957766.222168849,5599794.430987522
2928604,Santo Amaro,ISSQN,Ensemble,2021,6027641.577987385,5599794.430987522
2928604,Santo Amaro,ISSQN,Naive,2022,5599794.430987522,7166833.522682143
2928604,Santo Amaro,ISSQN,ETS,2022,5835166.163865302,7166833.522682143
2928604,Santo Amaro,ISSQN,SARIMA,2022,6680628.870809739,7166833.522682143
2928604,Santo Amaro,ISSQN,Theta,2022,5906958.10019693,7166833.522682143
2928604,Santo Amaro,ISSQN,Prophet,2022,6475202.826070989,7166833.522682143
2928604,Santo Amaro,ISSQN,Ensemble,2022,6224488.99023574,7166833.522682143
2928604,Santo Amaro,ISSQN,Naive,2023,7166833.522682143,10923379.312885763
2928604,Santo Amaro,ISSQN,ETS,2023,7404352.295517605,10923379.312885763
2928604,Santo Amaro,ISSQN,SARIMA,2023,6786437.828725771,10923379.312885763
2928604,Santo Amaro,ISSQN,Theta,2023,7369422.906484223,10923379.312885763
2928604,Santo Amaro,ISSQN,Prophet,2023,6940663.967676863,10923379.312885763
2928604,Santo Amaro,ISSQN,Ensemble,2023,7125219.249601115,10923379.312885763
2928604,Santo Amaro,ISSQN,Naive,2024,10923379.312885763,6716272.709200501
2928604,Santo Amaro,ISSQN,ETS,2024,9161588.055028642,6716272.709200501
2928604,Santo Amaro,ISSQN,SARIMA,2024,11158103.579588119,6716272.709200501
2928604,Santo Amaro,ISSQN,Theta,2024,8613458.636251252,6716272.709200501
2928604,Santo Amaro,ISSQN,Prophet,2024,9021026.964467993,6716272.709200501
2928604,Santo Amaro,ISSQN,Ensemble,2024,9488544.308834,6716272.709200501
2928604,Santo Amaro,ISSQN,Naive,2025,6716272.709200501,7164127.416736327
2928604,Santo Amaro,ISSQN,ETS,2025,6638248.464893886,7164127.416736327
2928604,Santo Amaro,ISSQN,SARIMA,2025,6607589.543986624,7164127.416736327
2928604,Santo Amaro,ISSQN,Theta,2025,6570983.9260747405,7164127.416736327
2928604,Santo Amaro,ISSQN,Prophet,2025,8470369.643782882,7164127.416736327
2928604,Santo Amaro,ISSQN,Ensemble,2025,7071797.8946845345,7164127.416736327
2928109,Santa Maria da Vitória,IPTU,Naive,2021,986488.6116196683,1724570.8159638462
2928109,Santa Maria da Vitória,IPTU,ETS,2021,1467231.7474433398,1724570.8159638462
2928109,Santa Maria da Vitória,IPTU,SARIMA,2021,1485263.3845719355,1724570.8159638462
2928109,Santa Maria da Vitória,IPTU,Theta,2021,1527253.2496653514,1724570.8159638462
2928109,Santa Maria da Vitória,IPTU,Prophet,2021,1080460.5357552497,1724570.8159638462
2928109,Santa Maria da Vitória,IPTU,Ensemble,2021,1390052.229358969,1724570.8159638462
2928109,Santa Maria da Vitória,IPTU,Naive,2022,1724570.8159638462,1164809.7248622791
2928109,Santa Maria da Vitória,IPTU,ETS,2022,1712071.1917548967,1164809.7248622791
2928109,Santa Maria da Vitória,IPTU,SARIMA,2022,2117934.37753521,1164809.7248622791
2928109,Santa Maria da Vitória,IPTU,Theta,2022,2310991.990946833,1164809.7248622791
2928109,Santa Maria da Vitória,IPTU,Prophet,2022,1486629.2023568715,1164809.7248622791
2928109,Santa Maria da Vitória,IPTU,Ensemble,2022,1906906.690648453,1164809.7248622791
2928109,Santa Maria da Vitória,IPTU,Naive,2023,1164809.7248622791,1269906.501437276
2928109,Santa Maria da Vitória,IPTU,ETS,2023,1049094.931576693,1269906.501437276
2928109,Santa Maria da Vitória,IPTU,SARIMA,2023,997573.4082804668,1269906.501437276
2928109,Santa Maria da Vitória,IPTU,Theta,2023,1114147.3882573775,1269906.501437276
2928109,Santa Maria da Vitória,IPTU,Prophet,2023,1429077.0190471744,1269906.501437276
2928109,Santa Maria da Vitória,IPTU,Ensemble,2023,1147473.186790428,1269906.501437276
2928109,Santa Maria da Vitória,IPTU,Naive,2024,1269906.501437276,1237241.7556037086
2928109,Santa Maria da Vitória,IPTU,ETS,2024,1272776.6640700698,1237241.7556037086
2928109,Santa Maria da Vitória,IPTU,SARIMA,2024,1153992.0786286164,1237241.7556037086
2928109,Santa Maria da Vitória,IPTU,Theta,2024,1431124.1658281025,1237241.7556037086
2928109,Santa Maria da Vitória,IPTU,Prophet,2024,1415894.159342208,1237241.7556037086
2928109,Santa Maria da Vitória,IPTU,Ensemble,2024,1318446.766967249,1237241.7556037086
2928109,Santa Maria da Vitória,IPTU,Naive,2025,1237241.7556037086,1345396.1547833725
2928109,Santa Maria da Vitória,IPTU,ETS,2025,1171006.5536769575,1345396.1547833725
2928109,Santa Maria da Vitória,IPTU,SARIMA,2025,1173298.817137407,1345396.1547833725
2928109,Santa Maria da Vitória,IPTU,Theta,2025,1376291.829486033,1345396.1547833725
2928109,Santa Maria da Vitória,IPTU,Prophet,2025,1344018.20421022,1345396.1547833725
2928109,Santa Maria da Vitória,IPTU,Ensemble,2025,1266153.8511276543,1345396.1547833725
2929800,Saúde,ISSQN,Naive,2021,697757.6519541303,738879.8333594309
2929800,Saúde,ISSQN,ETS,2021,836045.0777318873,738879.8333594309
2929800,Saúde,ISSQN,SARIMA,2021,750800.6169517608,738879.8333594309
2929800,Saúde,ISSQN,Theta,2021,789107.4444497562,738879.8333594309
2929800,Saúde,ISSQN,Prophet,2021,822385.2863955955,738879.8333594309
2929800,Saúde,ISSQN,Ensemble,2021,799584.60638225,738879.8333594309
2929800,Saúde,ISSQN,Naive,2022,738879.8333594309,753953.9533239278
2929800,Saúde,ISSQN,ETS,2022,789611.2101257035,753953.9533239278
2929800,Saúde,ISSQN,SARIMA,2022,916348.1056457724,753953.9533239278
2929800,Saúde,ISSQN,Theta,2022,848481.0898524094,753953.9533239278
2929800,Saúde,ISSQN,Prophet,2022,834192.2154020022,753953.9533239278
2929800,Saúde,ISSQN,Ensemble,2022,847158.155256472,753953.9533239278
2929800,Saúde,ISSQN,Naive,2023,753953.9533239278,933899.1615966107
2929800,Saúde,ISSQN,ETS,2023,786702.0209288748,933899.1615966107
2929800,Saúde,ISSQN,SARIMA,2023,766265.7802792557,933899.1615966107
2929800,Saúde,ISSQN,Theta,2023,818508.5353133036,933899.1615966107
2929800,Saúde,ISSQN,Prophet,2023,836787.9309355759,933899.1615966107
2929800,Saúde,ISSQN,Ensemble,2023,802066.0668642526,933899.1615966107
2929800,Saúde,ISSQN,Naive,2024,933899.1615966107,876084.1127337089
2929800,Saúde,ISSQN,ETS,2024,844491.4428150487,876084.1127337089
2929800,Saúde,ISSQN,SARIMA,2024,874351.5922743375,876084.1127337089
2929800,Saúde,ISSQN,Theta,2024,947653.1921136399,876084.1127337089
2929800,Saúde,ISSQN,Prophet,2024,938505.0219007061,876084.1127337089
2929800,Saúde,ISSQN,Ensemble,2024,901250.3122759331,876084.1127337089
2929800,Saúde,ISSQN,Naive,2025,876084.1127337089,965655.9174882936
2929800,Saúde,ISSQN,ETS,2025,864355.7548470462,965655.9174882936
2929800,Saúde,ISSQN,SARIMA,2025,788468.9290298878,965655.9174882936
2929800,Saúde,ISSQN,Theta,2025,923268.9250949993,965655.9174882936
2929800,Saúde,ISSQN,Prophet,2025,954721.4208867028,965655.9174882936
2929800,Saúde,ISSQN,Ensemble,2025,882703.757464659,965655.9174882936
2929909,Seabra,IPTU,Naive,2021,909107.5848127631,1162246.148834736
2929909,Seabra,IPTU,ETS,2021,966464.1517251331,1162246.148834736
2929909,Seabra,IPTU,SARIMA,2021,3911949.834647604,1162246.148834736
2929909,Seabra,IPTU,Theta,2021,2959459.774419731,1162246.148834736
2929909,Seabra,IPTU,Prophet,2021,1146052.0717421102,1162246.148834736
2929909,Seabra,IPTU,Ensemble,2021,2245981.4581336444,1162246.148834736
2929909,Seabra,IPTU,Naive,2022,1162246.148834736,917250.3624189651
2929909,Seabra,IPTU,ETS,2022,1061234.0794534332,917250.3624189651
2929909,Seabra,IPTU,SARIMA,2022,910758.306487282,917250.3624189651
2929909,Seabra,IPTU,Theta,2022,1478923.494111653,917250.3624189651
2929909,Seabra,IPTU,Prophet,2022,1260531.5050008427,917250.3624189651
2929909,Seabra,IPTU,Ensemble,2022,1177861.8462633027,917250.3624189651
2929909,Seabra,IPTU,Naive,2023,917250.3624189651,1412333.3058356948
2929909,Seabra,IPTU,ETS,2023,1120559.6506250468,1412333.3058356948
2929909,Seabra,IPTU,SARIMA,2023,3666528.2770690853,1412333.3058356948
2929909,Seabra,IPTU,Theta,2023,1534247.5742285638,1412333.3058356948
2929909,Seabra,IPTU,Prophet,2023,1135740.2046470135,1412333.3058356948
2929909,Seabra,IPTU,Ensemble,2023,1864268.9266424275,1412333.3058356948
2929909,Seabra,IPTU,Naive,2024,1412333.3058356948,1334676.4978687286
2929909,Seabra,IPTU,ETS,2024,1223680.955299394,1334676.4978687286
2929909,Seabra,IPTU,SARIMA,2024,4005442.456674072,1334676.4978687286
2929909,Seabra,IPTU,Theta,2024,2151058.7587624537,1334676.4978687286
2929909,Seabra,IPTU,Prophet,2024,1346269.8101355545,1334676.4978687286
2929909,Seabra,IPTU,Ensemble,2024,2181612.9952178686,1334676.4978687286
2929909,Seabra,IPTU,Naive,2025,1334676.4978687286,1457395.8325638054
2929909,Seabra,IPTU,ETS,2025,1248248.09048358,1457395.8325638054
2929909,Seabra,IPTU,SARIMA,2025,4919048.203566505,1457395.8325638054
2929909,Seabra,IPTU,Theta,2025,2425202.141990667,1457395.8325638054
2929909,Seabra,IPTU,Prophet,2025,1489268.3212322185,1457395.8325638054
2929909,Seabra,IPTU,Ensemble,2025,2520441.689318243,1457395.8325638054
2928703,Santo Antônio de Jesus,ISSQN,Naive,2021,21287975.848723933,21786616.289911747
2928703,Santo Antônio de Jesus,ISSQN,ETS,2021,22652096.817976806,21786616.289911747
2928703,Santo Antônio de Jesus,ISSQN,SARIMA,2021,22092250.491612893,21786616.289911747
2928703,Santo Antônio de Jesus,ISSQN,Theta,2021,22277982.772167202,21786616.289911747
2928703,Santo Antônio de Jesus,ISSQN,Prophet,2021,22497648.322729174,21786616.289911747
2928703,Santo Antônio de Jesus,ISSQN,Ensemble,2021,22379994.60112152,21786616.289911747
2928703,Santo Antônio de Jesus,ISSQN,Naive,2022,21786616.289911747,23332503.60248112
2928703,Santo Antônio de Jesus,ISSQN,ETS,2022,22038140.74836369,23332503.60248112
2928703,Santo Antônio de Jesus,ISSQN,SARIMA,2022,22086604.573032495,23332503.60248112
2928703,Santo Antônio de Jesus,ISSQN,Theta,2022,22071849.87957644,23332503.60248112
2928703,Santo Antônio de Jesus,ISSQN,Prophet,2022,21949644.989656273,23332503.60248112
2928703,Santo Antônio de Jesus,ISSQN,Ensemble,2022,22036560.04765722,23332503.60248112
2928703,Santo Antônio de Jesus,ISSQN,Naive,2023,23332503.60248112,29813577.971462805
2928703,Santo Antônio de Jesus,ISSQN,ETS,2023,23060551.668199435,29813577.971462805
2928703,Santo Antônio de Jesus,ISSQN,SARIMA,2023,22705034.30796743,29813577.971462805
2928703,Santo Antônio de Jesus,ISSQN,Theta,2023,23227215.258559592,29813577.971462805
2928703,Santo Antônio de Jesus,ISSQN,Prophet,2023,22631082.76568391,29813577.971462805
2928703,Santo Antônio de Jesus,ISSQN,Ensemble,2023,22905971.00010259,29813577.971462805
2928703,Santo Antônio de Jesus,ISSQN,Naive,2024,29813577.971462805,35035004.18024351
2928703,Santo Antônio de Jesus,ISSQN,ETS,2024,30609648.54654792,35035004.18024351
2928703,Santo Antônio de Jesus,ISSQN,SARIMA,2024,34084809.89895317,35035004.18024351
2928703,Santo Antônio de Jesus,ISSQN,Theta,2024,32485584.134334948,35035004.18024351
2928703,Santo Antônio de Jesus,ISSQN,Prophet,2024,29085805.50413591,35035004.18024351
2928703,Santo Antônio de Jesus,ISSQN,Ensemble,2024,31566462.02099299,35035004.18024351
2928703,Santo Antônio de Jesus,ISSQN,Naive,2025,35035004.18024351,35733475.41311425
2928703,Santo Antônio de Jesus,ISSQN,ETS,2025,35899956.92641459,35733475.41311425
2928703,Santo Antônio de Jesus,ISSQN,SARIMA,2025,38414717.854902364,35733475.41311425
2928703,Santo Antônio de Jesus,ISSQN,Theta,2025,36126135.40626712,35733475.41311425
2928703,Santo Antônio de Jesus,ISSQN,Prophet,2025,37905924.61845934,35733475.41311425
2928703,Santo Antônio de Jesus,ISSQN,Ensemble,2025,37086683.701510854,35733475.41311425
2929800,Saúde,IPTU,Naive,2021,70944.03175925065,143332.10637266707
2929800,Saúde,IPTU,ETS,2021,82608.10697725845,143332.10637266707
2929800,Saúde,IPTU,SARIMA,2021,130388.4865632354,143332.10637266707
2929800,Saúde,IPTU,Theta,2021,707015.0841118566,143332.10637266707
2929800,Saúde,IPTU,Prophet,2021,60972.299063330094,143332.10637266707
2929800,Saúde,IPTU,Ensemble,2021,245245.9941789201,143332.10637266707
2929800,Saúde,IPTU,Naive,2022,143332.10637266707,141088.4563198846
2929800,Saúde,IPTU,ETS,2022,100605.50994344491,141088.4563198846
2929800,Saúde,IPTU,SARIMA,2022,95311.01275695309,141088.4563198846
2929800,Saúde,IPTU,Theta,2022,225187.9008823563,141088.4563198846
2929800,Saúde,IPTU,Prophet,2022,101650.2416876672,141088.4563198846
2929800,Saúde,IPTU,Ensemble,2022,130688.66631760538,141088.4563198846
2929800,Saúde,IPTU,Naive,2023,141088.4563198846,156705.01587785137
2929800,Saúde,IPTU,ETS,2023,124071.49281288564,156705.01587785137
2929800,Saúde,IPTU,SARIMA,2023,46171.572669719506,156705.01587785137
2929800,Saúde,IPTU,Theta,2023,123186.48269341866,156705.01587785137
2929800,Saúde,IPTU,Prophet,2023,116485.97949658392,156705.01587785137
2929800,Saúde,IPTU,Ensemble,2023,102478.88191815194,156705.01587785137
2929800,Saúde,IPTU,Naive,2024,156705.01587785137,161625.34642069522
2929800,Saúde,IPTU,ETS,2024,133221.34318567484,161625.34642069522
2929800,Saúde,IPTU,SARIMA,2024,91012.52742248104,161625.34642069522
2929800,Saúde,IPTU,Theta,2024,181002.90852336865,161625.34642069522
2929800,Saúde,IPTU,Prophet,2024,140551.85524475426,161625.34642069522
2929800,Saúde,IPTU,Ensemble,2024,136447.15859406968,161625.34642069522
2929800,Saúde,IPTU,Naive,2025,161625.34642069522,163436.39900663323
2929800,Saúde,IPTU,ETS,2025,133612.8491936133,163436.39900663323
2929800,Saúde,IPTU,SARIMA,2025,169763.8793036801,163436.39900663323
2929800,Saúde,IPTU,Theta,2025,307514.5431962084,163436.39900663323
2929800,Saúde,IPTU,Prophet,2025,158440.67990349836,163436.39900663323
2929800,Saúde,IPTU,Ensemble,2025,192332.98789925003,163436.39900663323
2929909,Seabra,ISSQN,Naive,2021,4929196.268347938,5013037.813239258
2929909,Seabra,ISSQN,ETS,2021,6740958.349676177,5013037.813239258
2929909,Seabra,ISSQN,SARIMA,2021,6319137.345237263,5013037.813239258
2929909,Seabra,ISSQN,Theta,2021,6385080.718379043,5013037.813239258
2929909,Seabra,ISSQN,Prophet,2021,6977711.714536597,5013037.813239258
2929909,Seabra,ISSQN,Ensemble,2021,6605722.031957269,5013037.813239258
2929909,Seabra,ISSQN,Naive,2022,5013037.813239258,5879308.789636234
2929909,Seabra,ISSQN,ETS,2022,5476131.361410162,5879308.789636234
2929909,Seabra,ISSQN,SARIMA,2022,5393336.638323087,5879308.789636234
2929909,Seabra,ISSQN,Theta,2022,5515589.006558809,5879308.789636234
2929909,Seabra,ISSQN,Prophet,2022,5901601.027924576,5879308.789636234
2929909,Seabra,ISSQN,Ensemble,2022,5571664.508554158,5879308.789636234
2929909,Seabra,ISSQN,Naive,2023,5879308.789636234,7531403.930745771
2929909,Seabra,ISSQN,ETS,2023,5983679.153856185,7531403.930745771
2929909,Seabra,ISSQN,SARIMA,2023,7354599.15962008,7531403.930745771
2929909,Seabra,ISSQN,Theta,2023,6219610.841315294,7531403.930745771
2929909,Seabra,ISSQN,Prophet,2023,6390882.869592958,7531403.930745771
2929909,Seabra,ISSQN,Ensemble,2023,6487193.006096128,7531403.930745771
2929909,Seabra,ISSQN,Naive,2024,7531403.930745771,8697407.097240977
2929909,Seabra,ISSQN,ETS,2024,8424037.366407927,8697407.097240977
2929909,Seabra,ISSQN,SARIMA,2024,12071860.214702543,8697407.097240977
2929909,Seabra,ISSQN,Theta,2024,8183628.2325754175,8697407.097240977
2929909,Seabra,ISSQN,Prophet,2024,7526446.108582313,8697407.097240977
2929909,Seabra,ISSQN,Ensemble,2024,9051492.980567051,8697407.097240977
2929909,Seabra,ISSQN,Naive,2025,8697407.097240977,6983306.827947984
2929909,Seabra,ISSQN,ETS,2025,9725399.67954122,6983306.827947984
2929909,Seabra,ISSQN,SARIMA,2025,11610900.692934176,6983306.827947984
2929909,Seabra,ISSQN,Theta,2025,9257411.343697514,6983306.827947984
2929909,Seabra,ISSQN,Prophet,2025,9083605.362130944,6983306.827947984
2929909,Seabra,ISSQN,Ensemble,2025,9919329.269575965,6983306.827947984
2930105,Senhor do Bonfim,ISSQN,Naive,2021,9550830.271602344,8793976.34280567
2930105,Senhor do Bonfim,ISSQN,ETS,2021,9632791.97371311,8793976.34280567
2930105,Senhor do Bonfim,ISSQN,SARIMA,2021,9079400.84848692,8793976.34280567
2930105,Senhor do Bonfim,ISSQN,Theta,2021,10368941.365306802,8793976.34280567
2930105,Senhor do Bonfim,ISSQN,Prophet,2021,10932326.418070251,8793976.34280567
2930105,Senhor do Bonfim,ISSQN,Ensemble,2021,10003365.15139427,8793976.34280567
2930105,Senhor do Bonfim,ISSQN,Naive,2022,8793976.34280567,11418087.064616662
2930105,Senhor do Bonfim,ISSQN,ETS,2022,9085028.651548637,11418087.064616662
2930105,Senhor do Bonfim,ISSQN,SARIMA,2022,8776104.685015688,11418087.064616662
2930105,Senhor do Bonfim,ISSQN,Theta,2022,9710028.983762514,11418087.064616662
2930105,Senhor do Bonfim,ISSQN,Prophet,2022,9781967.550324013,11418087.064616662
2930105,Senhor do Bonfim,ISSQN,Ensemble,2022,9338282.467662713,11418087.064616662
2930105,Senhor do Bonfim,ISSQN,Naive,2023,11418087.064616662,12034745.699623393
2930105,Senhor do Bonfim,ISSQN,ETS,2023,11607928.234249532,12034745.699623393
2930105,Senhor do Bonfim,ISSQN,SARIMA,2023,14182362.462063152,12034745.699623393
2930105,Senhor do Bonfim,ISSQN,Theta,2023,12642396.51081966,12034745.699623393
2930105,Senhor do Bonfim,ISSQN,Prophet,2023,11604643.450865807,12034745.699623393
2930105,Senhor do Bonfim,ISSQN,Ensemble,2023,12509332.664499538,12034745.699623393
2930105,Senhor do Bonfim,ISSQN,Naive,2024,12034745.699623393,12476802.396071352
2930105,Senhor do Bonfim,ISSQN,ETS,2024,11878382.136346374,12476802.396071352
2930105,Senhor do Bonfim,ISSQN,SARIMA,2024,12275240.623064773,12476802.396071352
2930105,Senhor do Bonfim,ISSQN,Theta,2024,12534580.80104388,12476802.396071352
2930105,Senhor do Bonfim,ISSQN,Prophet,2024,12435937.009155385,12476802.396071352
2930105,Senhor do Bonfim,ISSQN,Ensemble,2024,12281035.142402604,12476802.396071352
2930105,Senhor do Bonfim,ISSQN,Naive,2025,12476802.396071352,14265291.975502184
2930105,Senhor do Bonfim,ISSQN,ETS,2025,12599043.231431495,14265291.975502184
2930105,Senhor do Bonfim,ISSQN,SARIMA,2025,13402733.331806941,14265291.975502184
2930105,Senhor do Bonfim,ISSQN,Theta,2025,13267085.621150939,14265291.975502184
2930105,Senhor do Bonfim,ISSQN,Prophet,2025,13139797.57506546,14265291.975502184
2930105,Senhor do Bonfim,ISSQN,Ensemble,2025,13102164.93986371,14265291.975502184
2930709,Simões Filho,IPTU,Naive,2021,15084560.465764942,17732779.015437648
2930709,Simões Filho,IPTU,ETS,2021,14805025.57682835,17732779.015437648
2930709,Simões Filho,IPTU,SARIMA,2021,20195862.153108537,17732779.015437648
2930709,Simões Filho,IPTU,Theta,2021,20405251.735116813,17732779.015437648
2930709,Simões Filho,IPTU,Prophet,2021,17748156.13301039,17732779.015437648
2930709,Simões Filho,IPTU,Ensemble,2021,18288573.899516024,17732779.015437648
2930709,Simões Filho,IPTU,Naive,2022,17732779.015437648,19202853.816758886
2930709,Simões Filho,IPTU,ETS,2022,17179521.399198685,19202853.816758886
2930709,Simões Filho,IPTU,SARIMA,2022,31218547.91006189,19202853.816758886
2930709,Simões Filho,IPTU,Theta,2022,24153474.78371128,19202853.816758886
2930709,Simões Filho,IPTU,Prophet,2022,19859880.522344746,19202853.816758886
2930709,Simões Filho,IPTU,Ensemble,2022,23102856.15382915,19202853.816758886
2930709,Simões Filho,IPTU,Naive,2023,19202853.816758886,22117236.15461051
2930709,Simões Filho,IPTU,ETS,2023,18050067.299376655,22117236.15461051
2930709,Simões Filho,IPTU,SARIMA,2023,23382128.434869274,22117236.15461051
2930709,Simões Filho,IPTU,Theta,2023,22287618.90205782,22117236.15461051
2930709,Simões Filho,IPTU,Prophet,2023,22305798.57951416,22117236.15461051
2930709,Simões Filho,IPTU,Ensemble,2023,21506403.303954482,22117236.15461051
2930709,Simões Filho,IPTU,Naive,2024,22117236.15461051,28421653.91552992
2930709,Simões Filho,IPTU,ETS,2024,20661846.29677396,28421653.91552992
2930709,Simões Filho,IPTU,SARIMA,2024,27168737.205854803,28421653.91552992
2930709,Simões Filho,IPTU,Theta,2024,26639637.68921105,28421653.91552992
2930709,Simões Filho,IPTU,Prophet,2024,25561653.489541896,28421653.91552992
2930709,Simões Filho,IPTU,Ensemble,2024,25007968.67034543,28421653.91552992
2930709,Simões Filho,IPTU,Naive,2025,28421653.91552992,35491269.298168726
2930709,Simões Filho,IPTU,ETS,2025,23482533.207138505,35491269.298168726
2930709,Simões Filho,IPTU,SARIMA,2025,36552125.179056495,35491269.298168726
2930709,Simões Filho,IPTU,Theta,2025,31966929.08301066,35491269.298168726
2930709,Simões Filho,IPTU,Prophet,2025,28804580.597653456,35491269.298168726
2930709,Simões Filho,IPTU,Ensemble,2025,30201542.01671478,35491269.298168726
2930402,Serra Preta,ISSQN,Naive,2021,659848.2537690147,948564.1188180167
2930402,Serra Preta,ISSQN,ETS,2021,789316.458483968,948564.1188180167
2930402,Serra Preta,ISSQN,SARIMA,2021,949069.6728298101,948564.1188180167
2930402,Serra Preta,ISSQN,Theta,2021,679774.8852539789,948564.1188180167
2930402,Serra Preta,ISSQN,Prophet,2021,469081.6016086404,948564.1188180167
2930402,Serra Preta,ISSQN,Ensemble,2021,721810.6545440992,948564.1188180167
2930402,Serra Preta,ISSQN,Naive,2022,948564.1188180167,1603666.1051879486
2930402,Serra Preta,ISSQN,ETS,2022,1097441.4728732295,1603666.1051879486
2930402,Serra Preta,ISSQN,SARIMA,2022,1216938.3868042384,1603666.1051879486
2930402,Serra Preta,ISSQN,Theta,2022,1143654.3291714655,1603666.1051879486
2930402,Serra Preta,ISSQN,Prophet,2022,950877.0955272389,1603666.1051879486
2930402,Serra Preta,ISSQN,Ensemble,2022,1102227.821094043,1603666.1051879486
2930402,Serra Preta,ISSQN,Naive,2023,1603666.1051879486,998847.4921588631
2930402,Serra Preta,ISSQN,ETS,2023,1839915.0844799816,998847.4921588631
2930402,Serra Preta,ISSQN,SARIMA,2023,1865772.2902024183,998847.4921588631
2930402,Serra Preta,ISSQN,Theta,2023,1920089.5582495648,998847.4921588631
2930402,Serra Preta,ISSQN,Prophet,2023,1548946.0155679653,998847.4921588631
2930402,Serra Preta,ISSQN,Ensemble,2023,1793680.7371249828,998847.4921588631
2930402,Serra Preta,ISSQN,Naive,2024,998847.4921588631,1157350.176475028
2930402,Serra Preta,ISSQN,ETS,2024,1033650.3425210717,1157350.176475028
2930402,Serra Preta,ISSQN,SARIMA,2024,1029911.7998950338,1157350.176475028
2930402,Serra Preta,ISSQN,Theta,2024,1184843.3505104166,1157350.176475028
2930402,Serra Preta,ISSQN,Prophet,2024,1300154.819751513,1157350.176475028
2930402,Serra Preta,ISSQN,Ensemble,2024,1137140.0781695088,1157350.176475028
2930402,Serra Preta,ISSQN,Naive,2025,1157350.176475028,1320290.904940695
2930402,Serra Preta,ISSQN,ETS,2025,993546.0160569967,1320290.904940695
2930402,Serra Preta,ISSQN,SARIMA,2025,1167479.164310901,1320290.904940695
2930402,Serra Preta,ISSQN,Theta,2025,1186821.2011490965,1320290.904940695
2930402,Serra Preta,ISSQN,Prophet,2025,1213704.398275054,1320290.904940695
2930402,Serra Preta,ISSQN,Ensemble,2025,1140387.694948012,1320290.904940695
2930154,Serra do Ramalho,IPTU,Naive,2021,477868.55904323666,568861.1891082645
2930154,Serra do Ramalho,IPTU,ETS,2021,498420.50948163937,568861.1891082645
2930154,Serra do Ramalho,IPTU,SARIMA,2021,836647.6212964177,568861.1891082645
2930154,Serra do Ramalho,IPTU,Theta,2021,870855.9148221407,568861.1891082645
2930154,Serra do Ramalho,IPTU,Prophet,2021,623000.6459994282,568861.1891082645
2930154,Serra do Ramalho,IPTU,Ensemble,2021,707231.1728999064,568861.1891082645
2930154,Serra do Ramalho,IPTU,Naive,2022,568861.1891082645,730766.9335336981
2930154,Serra do Ramalho,IPTU,ETS,2022,652316.6672482352,730766.9335336981
2930154,Serra do Ramalho,IPTU,SARIMA,2022,767309.1745171681,730766.9335336981
2930154,Serra do Ramalho,IPTU,Theta,2022,990818.4598061454,730766.9335336981
2930154,Serra do Ramalho,IPTU,Prophet,2022,647997.8942252278,730766.9335336981
2930154,Serra do Ramalho,IPTU,Ensemble,2022,764610.5489491941,730766.9335336981
2930154,Serra do Ramalho,IPTU,Naive,2023,730766.9335336981,802331.9169809215
2930154,Serra do Ramalho,IPTU,ETS,2023,787415.703265019,802331.9169809215
2930154,Serra do Ramalho,IPTU,SARIMA,2023,1506443.6091464332,802331.9169809215
2930154,Serra do Ramalho,IPTU,Theta,2023,469824.3825809858,802331.9169809215
2930154,Serra do Ramalho,IPTU,Prophet,2023,776623.9183059832,802331.9169809215
2930154,Serra do Ramalho,IPTU,Ensemble,2023,885076.9033246052,802331.9169809215
2930154,Serra do Ramalho,IPTU,Naive,2024,802331.9169809215,914946.5138914288
2930154,Serra do Ramalho,IPTU,ETS,2024,853748.6182439176,914946.5138914288
2930154,Serra do Ramalho,IPTU,SARIMA,2024,573954.5117082533,914946.5138914288
2930154,Serra do Ramalho,IPTU,Theta,2024,442141.7022735771,914946.5138914288
2930154,Serra do Ramalho,IPTU,Prophet,2024,875682.0078128007,914946.5138914288
2930154,Serra do Ramalho,IPTU,Ensemble,2024,686381.7100096373,914946.5138914288
2930154,Serra do Ramalho,IPTU,Naive,2025,914946.5138914288,1100796.2185108692
2930154,Serra do Ramalho,IPTU,ETS,2025,945348.9896139607,1100796.2185108692
2930154,Serra do Ramalho,IPTU,SARIMA,2025,1005940.7857831616,1100796.2185108692
2930154,Serra do Ramalho,IPTU,Theta,2025,710132.069928993,1100796.2185108692
2930154,Serra do Ramalho,IPTU,Prophet,2025,1000911.400750631,1100796.2185108692
2930154,Serra do Ramalho,IPTU,Ensemble,2025,915583.3115191865,1100796.2185108692
2930709,Simões Filho,ISSQN,Naive,2021,50200317.83681081,58214623.54240045
2930709,Simões Filho,ISSQN,ETS,2021,50660745.962894656,58214623.54240045
2930709,Simões Filho,ISSQN,SARIMA,2021,50995021.56986109,58214623.54240045
2930709,Simões Filho,ISSQN,Theta,2021,58162163.71012685,58214623.54240045
2930709,Simões Filho,ISSQN,Prophet,2021,51972103.061387464,58214623.54240045
2930709,Simões Filho,ISSQN,Ensemble,2021,52947508.57606751,58214623.54240045
2930709,Simões Filho,ISSQN,Naive,2022,58214623.54240045,67484033.09657434
2930709,Simões Filho,ISSQN,ETS,2022,58913685.522440836,67484033.09657434
2930709,Simões Filho,ISSQN,SARIMA,2022,58405837.94814698,67484033.09657434
2930709,Simões Filho,ISSQN,Theta,2022,58310153.0960504,67484033.09657434
2930709,Simões Filho,ISSQN,Prophet,2022,57424667.89608539,67484033.09657434
2930709,Simões Filho,ISSQN,Ensemble,2022,58263586.1156809,67484033.09657434
2930709,Simões Filho,ISSQN,Naive,2023,67484033.09657434,69191783.25121254
2930709,Simões Filho,ISSQN,ETS,2023,67692662.54736467,69191783.25121254
2930709,Simões Filho,ISSQN,SARIMA,2023,72802019.9186312,69191783.25121254
2930709,Simões Filho,ISSQN,Theta,2023,66697630.106697164,69191783.25121254
2930709,Simões Filho,ISSQN,Prophet,2023,69602201.82345735,69191783.25121254
2930709,Simões Filho,ISSQN,Ensemble,2023,69198628.59903759,69191783.25121254
2930709,Simões Filho,ISSQN,Naive,2024,69191783.25121254,82164699.65898883
2930709,Simões Filho,ISSQN,ETS,2024,70315864.91425608,82164699.65898883
2930709,Simões Filho,ISSQN,SARIMA,2024,72135635.79834081,82164699.65898883
2930709,Simões Filho,ISSQN,Theta,2024,69443458.28550369,82164699.65898883
2930709,Simões Filho,ISSQN,Prophet,2024,73756511.50915438,82164699.65898883
2930709,Simões Filho,ISSQN,Ensemble,2024,71412867.62681374,82164699.65898883
2930709,Simões Filho,ISSQN,Naive,2025,82164699.65898883,81949291.08951508
2930709,Simões Filho,ISSQN,ETS,2025,88020841.58570126,81949291.08951508
2930709,Simões Filho,ISSQN,SARIMA,2025,95077189.2037768,81949291.08951508
2930709,Simões Filho,ISSQN,Theta,2025,87676107.26651819,81949291.08951508
2930709,Simões Filho,ISSQN,Prophet,2025,85945282.04509261,81949291.08951508
2930709,Simões Filho,ISSQN,Ensemble,2025,89179855.0252722,81949291.08951508
2930402,Serra Preta,IPTU,Naive,2021,49760.17950870958,51857.040454568196
2930402,Serra Preta,IPTU,ETS,2021,70786.65047131093,51857.040454568196
2930402,Serra Preta,IPTU,SARIMA,2021,19187.80029860091,51857.040454568196
2930402,Serra Preta,IPTU,Theta,2021,47872.75584142272,51857.040454568196
2930402,Serra Preta,IPTU,Prophet,2021,68948.06269893907,51857.040454568196
2930402,Serra Preta,IPTU,Ensemble,2021,51698.81732756841,51857.040454568196
2930402,Serra Preta,IPTU,Naive,2022,51857.040454568196,39594.17104378311
2930402,Serra Preta,IPTU,ETS,2022,76798.18483804411,39594.17104378311
2930402,Serra Preta,IPTU,SARIMA,2022,17374.298340144738,39594.17104378311
2930402,Serra Preta,IPTU,Theta,2022,59498.52274542865,39594.17104378311
2930402,Serra Preta,IPTU,Prophet,2022,61541.91846830731,39594.17104378311
2930402,Serra Preta,IPTU,Ensemble,2022,53803.231097981195,39594.17104378311
2930402,Serra Preta,IPTU,Naive,2023,39594.17104378311,31422.19084017465
2930402,Serra Preta,IPTU,ETS,2023,76902.81433128011,31422.19084017465
2930402,Serra Preta,IPTU,SARIMA,2023,26513.7740835456,31422.19084017465
2930402,Serra Preta,IPTU,Theta,2023,50520.45570061963,31422.19084017465
2930402,Serra Preta,IPTU,Prophet,2023,52647.55032976281,31422.19084017465
2930402,Serra Preta,IPTU,Ensemble,2023,51646.14861130205,31422.19084017465
2930402,Serra Preta,IPTU,Naive,2024,31422.19084017465,23250.210636566197
2930402,Serra Preta,IPTU,ETS,2024,68181.56348347323,23250.210636566197
2930402,Serra Preta,IPTU,SARIMA,2024,26053.77162711894,23250.210636566197
2930402,Serra Preta,IPTU,Theta,2024,39222.25261207853,23250.210636566197
2930402,Serra Preta,IPTU,Prophet,2024,39149.38414307236,23250.210636566197
2930402,Serra Preta,IPTU,Ensemble,2024,43151.74296643577,23250.210636566197
2930402,Serra Preta,IPTU,Naive,2025,23250.210636566197,37670.817688093346
2930402,Serra Preta,IPTU,ETS,2025,60409.475131338586,37670.817688093346
2930402,Serra Preta,IPTU,SARIMA,2025,20388.82236397654,37670.817688093346
2930402,Serra Preta,IPTU,Theta,2025,26141.022603586996,37670.817688093346
2930402,Serra Preta,IPTU,Prophet,2025,31565.77479151292,37670.817688093346
2930402,Serra Preta,IPTU,Ensemble,2025,34626.273722603764,37670.817688093346
2930808,Souto Soares,ISSQN,Naive,2021,1830627.4827732244,2194581.0243511405
2930808,Souto Soares,ISSQN,ETS,2021,2054269.3309520911,2194581.0243511405
2930808,Souto Soares,ISSQN,SARIMA,2021,2217396.5744765736,2194581.0243511405
2930808,Souto Soares,ISSQN,Theta,2021,2165700.208194418,2194581.0243511405
2930808,Souto Soares,ISSQN,Prophet,2021,2593902.466588406,2194581.0243511405
2930808,Souto Soares,ISSQN,Ensemble,2021,2257817.1450528726,2194581.0243511405
2930808,Souto Soares,ISSQN,Naive,2022,2194581.0243511405,2097995.805678193
2930808,Souto Soares,ISSQN,ETS,2022,1637903.450055032,2097995.805678193
2930808,Souto Soares,ISSQN,SARIMA,2022,2120822.5800868054,2097995.805678193
2930808,Souto Soares,ISSQN,Theta,2022,2154626.767081474,2097995.805678193
2930808,Souto Soares,ISSQN,Prophet,2022,2210478.6315759863,2097995.805678193
2930808,Souto Soares,ISSQN,Ensemble,2022,2030957.8571998244,2097995.805678193
2930808,Souto Soares,ISSQN,Naive,2023,2097995.805678193,1468159.3561409076
2930808,Souto Soares,ISSQN,ETS,2023,1870270.295764261,1468159.3561409076
2930808,Souto Soares,ISSQN,SARIMA,2023,1588578.7592928212,1468159.3561409076
2930808,Souto Soares,ISSQN,Theta,2023,1729154.7444803484,1468159.3561409076
2930808,Souto Soares,ISSQN,Prophet,2023,2529677.5592366075,1468159.3561409076
2930808,Souto Soares,ISSQN,Ensemble,2023,1929420.3396935095,1468159.3561409076
2930808,Souto Soares,ISSQN,Naive,2024,1468159.3561409076,1433909.32836409
2930808,Souto Soares,ISSQN,ETS,2024,1085922.0803589656,1433909.32836409
2930808,Souto Soares,ISSQN,SARIMA,2024,922946.8204466235,1433909.32836409
2930808,Souto Soares,ISSQN,Theta,2024,1143372.922763038,1433909.32836409
2930808,Souto Soares,ISSQN,Prophet,2024,2241383.0802718424,1433909.32836409
2930808,Souto Soares,ISSQN,Ensemble,2024,1348406.2259601173,1433909.32836409
2930808,Souto Soares,ISSQN,Naive,2025,1433909.32836409,1399659.3005872723
2930808,Souto Soares,ISSQN,ETS,2025,1473740.1775503892,1399659.3005872723
2930808,Souto Soares,ISSQN,SARIMA,2025,1264456.2401055973,1399659.3005872723
2930808,Souto Soares,ISSQN,Theta,2025,1380662.7458971047,1399659.3005872723
2930808,Souto Soares,ISSQN,Prophet,2025,1950391.638789965,1399659.3005872723
2930808,Souto Soares,ISSQN,Ensemble,2025,1517312.7005857644,1399659.3005872723
2928901,São Desidério,IPTU,Naive,2021,5778152.315790668,8873768.677861184
2928901,São Desidério,IPTU,ETS,2021,5247084.299894098,8873768.677861184
2928901,São Desidério,IPTU,SARIMA,2021,2630370.328380005,8873768.677861184
2928901,São Desidério,IPTU,Theta,2021,5474349.486988368,8873768.677861184
2928901,São Desidério,IPTU,Prophet,2021,8224583.31309389,8873768.677861184
2928901,São Desidério,IPTU,Ensemble,2021,5394096.857089091,8873768.677861184
2928901,São Desidério,IPTU,Naive,2022,8873768.677861184,6946074.641824473
2928901,São Desidério,IPTU,ETS,2022,7891588.883107138,6946074.641824473
2928901,São Desidério,IPTU,SARIMA,2022,3016402.0832038,6946074.641824473
2928901,São Desidério,IPTU,Theta,2022,6872339.545182186,6946074.641824473
2928901,São Desidério,IPTU,Prophet,2022,13133839.229150357,6946074.641824473
2928901,São Desidério,IPTU,Ensemble,2022,7728542.43516087,6946074.641824473
2928901,São Desidério,IPTU,Naive,2023,6946074.641824473,5018380.6057877615
2928901,São Desidério,IPTU,ETS,2023,8071418.561027076,5018380.6057877615
2928901,São Desidério,IPTU,SARIMA,2023,3054039.3906111014,5018380.6057877615
2928901,São Desidério,IPTU,Theta,2023,7096006.526353411,5018380.6057877615
2928901,São Desidério,IPTU,Prophet,2023,3061104.319344349,5018380.6057877615
2928901,São Desidério,IPTU,Ensemble,2023,5320642.199333985,5018380.6057877615
2928901,São Desidério,IPTU,Naive,2024,5018380.6057877615,3444843.035338795
2928901,São Desidério,IPTU,ETS,2024,6707658.119162364,3444843.035338795
2928901,São Desidério,IPTU,SARIMA,2024,3214347.0636611613,3444843.035338795
2928901,São Desidério,IPTU,Theta,2024,6409722.061999928,3444843.035338795
2928901,São Desidério,IPTU,Prophet,2024,-946337.0074821971,3444843.035338795
2928901,São Desidério,IPTU,Ensemble,2024,3846347.5593353137,3444843.035338795
2928901,São Desidério,IPTU,Naive,2025,3444843.035338795,3381022.2612532307
2928901,São Desidério,IPTU,ETS,2025,5822238.853860045,3381022.2612532307
2928901,São Desidério,IPTU,SARIMA,2025,1835060.675792743,3381022.2612532307
2928901,São Desidério,IPTU,Theta,2025,4045412.1753412294,3381022.2612532307
2928901,São Desidério,IPTU,Prophet,2025,-1016434.3871777036,3381022.2612532307
2928901,São Desidério,IPTU,Ensemble,2025,2671569.3294540783,3381022.2612532307
2930105,Senhor do Bonfim,IPTU,Naive,2021,1564246.727786637,2232475.8636665787
2930105,Senhor do Bonfim,IPTU,ETS,2021,2069693.8132166045,2232475.8636665787
2930105,Senhor do Bonfim,IPTU,SARIMA,2021,2329740.569761542,2232475.8636665787
2930105,Senhor do Bonfim,IPTU,Theta,2021,2511332.9935675613,2232475.8636665787
2930105,Senhor do Bonfim,IPTU,Prophet,2021,2122733.131476832,2232475.8636665787
2930105,Senhor do Bonfim,IPTU,Ensemble,2021,2258375.127005635,2232475.8636665787
2930105,Senhor do Bonfim,IPTU,Naive,2022,2232475.8636665787,2294918.6293376368
2930105,Senhor do Bonfim,IPTU,ETS,2022,2523688.5470549813,2294918.6293376368
2930105,Senhor do Bonfim,IPTU,SARIMA,2022,2865641.757525448,2294918.6293376368
2930105,Senhor do Bonfim,IPTU,Theta,2022,2917626.655093524,2294918.6293376368
2930105,Senhor do Bonfim,IPTU,Prophet,2022,2308197.5221586544,2294918.6293376368
2930105,Senhor do Bonfim,IPTU,Ensemble,2022,2653788.6204581526,2294918.6293376368
2930105,Senhor do Bonfim,IPTU,Naive,2023,2294918.6293376368,2500778.20964812
2930105,Senhor do Bonfim,IPTU,ETS,2023,3188834.0655344604,2500778.20964812
2930105,Senhor do Bonfim,IPTU,SARIMA,2023,4124116.757872508,2500778.20964812
2930105,Senhor do Bonfim,IPTU,Theta,2023,18892820.74663823,2500778.20964812
2930105,Senhor do Bonfim,IPTU,Prophet,2023,2569144.777473468,2500778.20964812
2930105,Senhor do Bonfim,IPTU,Ensemble,2023,7193729.086879665,2500778.20964812
2930105,Senhor do Bonfim,IPTU,Naive,2024,2500778.20964812,1929710.6642881164
2930105,Senhor do Bonfim,IPTU,ETS,2024,3704386.1510142037,1929710.6642881164
2930105,Senhor do Bonfim,IPTU,SARIMA,2024,3002648.360210024,1929710.6642881164
2930105,Senhor do Bonfim,IPTU,Theta,2024,2748351.736312767,1929710.6642881164
2930105,Senhor do Bonfim,IPTU,Prophet,2024,2770290.015129392,1929710.6642881164
2930105,Senhor do Bonfim,IPTU,Ensemble,2024,3056419.0656665964,1929710.6642881164
2930105,Senhor do Bonfim,IPTU,Naive,2025,1929710.6642881164,3162422.2183647365
2930105,Senhor do Bonfim,IPTU,ETS,2025,2869884.532039178,3162422.2183647365
2930105,Senhor do Bonfim,IPTU,SARIMA,2025,1996100.1680528515,3162422.2183647365
2930105,Senhor do Bonfim,IPTU,Theta,2025,2285378.7557941023,3162422.2183647365
2930105,Senhor do Bonfim,IPTU,Prophet,2025,2650374.4169875197,3162422.2183647365
2930105,Senhor do Bonfim,IPTU,Ensemble,2025,2450434.468218413,3162422.2183647365
2929107,São Felipe,ISSQN,Naive,2021,685943.5302709178,705758.6385191926
2929107,São Felipe,ISSQN,ETS,2021,736349.4451124866,705758.6385191926
2929107,São Felipe,ISSQN,SARIMA,2021,762898.6253047124,705758.6385191926
2929107,São Felipe,ISSQN,Theta,2021,726520.7658105736,705758.6385191926
2929107,São Felipe,ISSQN,Prophet,2021,585265.9622942382,705758.6385191926
2929107,São Felipe,ISSQN,Ensemble,2021,702758.6996305027,705758.6385191926
2929107,São Felipe,ISSQN,Naive,2022,705758.6385191926,668597.658057041
2929107,São Felipe,ISSQN,ETS,2022,779890.730998619,668597.658057041
2929107,São Felipe,ISSQN,SARIMA,2022,709232.836374748,668597.658057041
2929107,São Felipe,ISSQN,Theta,2022,782177.9350294402,668597.658057041
2929107,São Felipe,ISSQN,Prophet,2022,641025.5062007403,668597.658057041
2929107,São Felipe,ISSQN,Ensemble,2022,728081.7521508869,668597.658057041
2929107,São Felipe,ISSQN,Naive,2023,668597.658057041,1149627.7505892373
2929107,São Felipe,ISSQN,ETS,2023,723119.2313872338,1149627.7505892373
2929107,São Felipe,ISSQN,SARIMA,2023,683964.2473856156,1149627.7505892373
2929107,São Felipe,ISSQN,Theta,2023,724036.0514428213,1149627.7505892373
2929107,São Felipe,ISSQN,Prophet,2023,653823.0015299598,1149627.7505892373
2929107,São Felipe,ISSQN,Ensemble,2023,696235.6329364077,1149627.7505892373
2929107,São Felipe,ISSQN,Naive,2024,1149627.7505892373,1809470.6704438883
2929107,São Felipe,ISSQN,ETS,2024,1309573.2015810702,1809470.6704438883
2929107,São Felipe,ISSQN,SARIMA,2024,1316781.0615258575,1809470.6704438883
2929107,São Felipe,ISSQN,Theta,2024,1454869.3486628376,1809470.6704438883
2929107,São Felipe,ISSQN,Prophet,2024,1014855.8632635871,1809470.6704438883
2929107,São Felipe,ISSQN,Ensemble,2024,1274019.8687583383,1809470.6704438883
2929107,São Felipe,ISSQN,Naive,2025,1809470.6704438883,1523058.5725118027
2929107,São Felipe,ISSQN,ETS,2025,1907081.81686772,1523058.5725118027
2929107,São Felipe,ISSQN,SARIMA,2025,1633221.9731514186,1523058.5725118027
2929107,São Felipe,ISSQN,Theta,2025,1781712.271595216,1523058.5725118027
2929107,São Felipe,ISSQN,Prophet,2025,1981664.4466952705,1523058.5725118027
2929107,São Felipe,ISSQN,Ensemble,2025,1825920.1270774063,1523058.5725118027
2929206,São Francisco do Conde,ISSQN,Naive,2021,46814114.91756299,93232271.90599693
2929206,São Francisco do Conde,ISSQN,ETS,2021,49555468.41526711,93232271.90599693
2929206,São Francisco do Conde,ISSQN,SARIMA,2021,47866256.216213554,93232271.90599693
2929206,São Francisco do Conde,ISSQN,Theta,2021,41324031.30567312,93232271.90599693
2929206,São Francisco do Conde,ISSQN,Prophet,2021,46252445.812724985,93232271.90599693
2929206,São Francisco do Conde,ISSQN,Ensemble,2021,46249550.43746969,93232271.90599693
2929206,São Francisco do Conde,ISSQN,Naive,2022,93232271.90599693,139650428.8944309
2929206,São Francisco do Conde,ISSQN,ETS,2022,106636474.61603494,139650428.8944309
2929206,São Francisco do Conde,ISSQN,SARIMA,2022,59763889.58380401,139650428.8944309
2929206,São Francisco do Conde,ISSQN,Theta,2022,101585872.59430736,139650428.8944309
2929206,São Francisco do Conde,ISSQN,Prophet,2022,70954156.54384004,139650428.8944309
2929206,São Francisco do Conde,ISSQN,Ensemble,2022,84735098.33449659,139650428.8944309
2929206,São Francisco do Conde,ISSQN,Naive,2023,139650428.8944309,114737836.89050737
2929206,São Francisco do Conde,ISSQN,ETS,2023,168960857.81042394,114737836.89050737
2929206,São Francisco do Conde,ISSQN,SARIMA,2023,173865528.72597346,114737836.89050737
2929206,São Francisco do Conde,ISSQN,Theta,2023,171611854.73924252,114737836.89050737
2929206,São Francisco do Conde,ISSQN,Prophet,2023,166415153.58236665,114737836.89050737
2929206,São Francisco do Conde,ISSQN,Ensemble,2023,170213348.71450165,114737836.89050737
2929206,São Francisco do Conde,ISSQN,Naive,2024,114737836.89050737,74512422.04588547
2929206,São Francisco do Conde,ISSQN,ETS,2024,92270662.64262564,74512422.04588547
2929206,São Francisco do Conde,ISSQN,SARIMA,2024,85732344.7865878,74512422.04588547
2929206,São Francisco do Conde,ISSQN,Theta,2024,87298336.07554755,74512422.04588547
2929206,São Francisco do Conde,ISSQN,Prophet,2024,140218145.77204618,74512422.04588547
2929206,São Francisco do Conde,ISSQN,Ensemble,2024,101379872.31920178,74512422.04588547
2929206,São Francisco do Conde,ISSQN,Naive,2025,74512422.04588547,52739668.590449736
2929206,São Francisco do Conde,ISSQN,ETS,2025,83444125.14970772,52739668.590449736
2929206,São Francisco do Conde,ISSQN,SARIMA,2025,85922348.72229768,52739668.590449736
2929206,São Francisco do Conde,ISSQN,Theta,2025,87517298.53728531,52739668.590449736
2929206,São Francisco do Conde,ISSQN,Prophet,2025,112208843.40349042,52739668.590449736
2929206,São Francisco do Conde,ISSQN,Ensemble,2025,92273153.95319527,52739668.590449736
2929255,São Gabriel,ISSQN,Naive,2021,1002209.699492646,864452.968487123
2929255,São Gabriel,ISSQN,ETS,2021,1077217.2057494186,864452.968487123
2929255,São Gabriel,ISSQN,SARIMA,2021,927655.4514187254,864452.968487123
2929255,São Gabriel,ISSQN,Theta,2021,1216197.4178492283,864452.968487123
2929255,São Gabriel,ISSQN,Prophet,2021,1219189.947731874,864452.968487123
2929255,São Gabriel,ISSQN,Ensemble,2021,1110065.0056873118,864452.968487123
2929255,São Gabriel,ISSQN,Naive,2022,864452.968487123,828627.9414128282
2929255,São Gabriel,ISSQN,ETS,2022,436641.91018998186,828627.9414128282
2929255,São Gabriel,ISSQN,SARIMA,2022,866466.9687300066,828627.9414128282
2929255,São Gabriel,ISSQN,Theta,2022,917799.7094574906,828627.9414128282
2929255,São Gabriel,ISSQN,Prophet,2022,1007726.5029149187,828627.9414128282
2929255,São Gabriel,ISSQN,Ensemble,2022,807158.7728230995,828627.9414128282
2929255,São Gabriel,ISSQN,Naive,2023,828627.9414128282,1123125.3609207252
2929255,São Gabriel,ISSQN,ETS,2023,859526.1302062309,1123125.3609207252
2929255,São Gabriel,ISSQN,SARIMA,2023,838738.1509723301,1123125.3609207252
2929255,São Gabriel,ISSQN,Theta,2023,916504.9703408417,1123125.3609207252
2929255,São Gabriel,ISSQN,Prophet,2023,872571.9631194733,1123125.3609207252
2929255,São Gabriel,ISSQN,Ensemble,2023,871835.303659719,1123125.3609207252
2929255,São Gabriel,ISSQN,Naive,2024,1123125.3609207252,2047957.3770757245
2929255,São Gabriel,ISSQN,ETS,2024,1041171.7539090636,2047957.3770757245
2929255,São Gabriel,ISSQN,SARIMA,2024,914784.2167937778,2047957.3770757245
2929255,São Gabriel,ISSQN,Theta,2024,1052174.0428349427,2047957.3770757245
2929255,São Gabriel,ISSQN,Prophet,2024,939084.7443971027,2047957.3770757245
2929255,São Gabriel,ISSQN,Ensemble,2024,986803.6894837217,2047957.3770757245
2929255,São Gabriel,ISSQN,Naive,2025,2047957.3770757245,1811098.6544640257
2929255,São Gabriel,ISSQN,ETS,2025,2464433.564793894,1811098.6544640257
2929255,São Gabriel,ISSQN,SARIMA,2025,1092464.7333571613,1811098.6544640257
2929255,São Gabriel,ISSQN,Theta,2025,2310403.005274786,1811098.6544640257
2929255,São Gabriel,ISSQN,Prophet,2025,1412639.9022074903,1811098.6544640257
2929255,São Gabriel,ISSQN,Ensemble,2025,1819985.301408333,1811098.6544640257
2928950,São Domingos,ISSQN,Naive,2022,518981.19683197694,971582.7342877382
2928950,São Domingos,ISSQN,ETS,2022,724104.7184261165,971582.7342877382
2928950,São Domingos,ISSQN,SARIMA,2022,504137.1039577537,971582.7342877382
2928950,São Domingos,ISSQN,Theta,2022,800769.9109234386,971582.7342877382
2928950,São Domingos,ISSQN,Prophet,2022,876137.3047598087,971582.7342877382
2928950,São Domingos,ISSQN,Ensemble,2022,726287.2595167796,971582.7342877382
2928950,São Domingos,ISSQN,Naive,2023,971582.7342877382,662734.858587875
2928950,São Domingos,ISSQN,ETS,2023,1391761.3577901835,662734.858587875
2928950,São Domingos,ISSQN,SARIMA,2023,1230997.208429995,662734.858587875
2928950,São Domingos,ISSQN,Theta,2023,1148941.7281632693,662734.858587875
2928950,São Domingos,ISSQN,Prophet,2023,1031115.2968498723,662734.858587875
2928950,São Domingos,ISSQN,Ensemble,2023,1200703.89780833,662734.858587875
2928950,São Domingos,ISSQN,Naive,2024,662734.858587875,792263.6547182447
2928950,São Domingos,ISSQN,ETS,2024,763810.0390257735,792263.6547182447
2928950,São Domingos,ISSQN,SARIMA,2024,896066.7611735205,792263.6547182447
2928950,São Domingos,ISSQN,Theta,2024,824589.1170389359,792263.6547182447
2928950,São Domingos,ISSQN,Prophet,2024,929699.3121438812,792263.6547182447
2928950,São Domingos,ISSQN,Ensemble,2024,853541.3073455279,792263.6547182447
2928950,São Domingos,ISSQN,Naive,2025,792263.6547182447,969589.6728602576
2928950,São Domingos,ISSQN,ETS,2025,915215.8600874967,969589.6728602576
2928950,São Domingos,ISSQN,SARIMA,2025,1033245.9160655588,969589.6728602576
2928950,São Domingos,ISSQN,Theta,2025,882184.3872739879,969589.6728602576
2928950,São Domingos,ISSQN,Prophet,2025,949187.0498835077,969589.6728602576
2928950,São Domingos,ISSQN,Ensemble,2025,944958.3033276377,969589.6728602576
2931004,Tanhaçu,IPTU,Naive,2021,125532.87363403913,91949.97451264478
2931004,Tanhaçu,IPTU,ETS,2021,125746.23120708654,91949.97451264478
2931004,Tanhaçu,IPTU,SARIMA,2021,105990.24774779104,91949.97451264478
2931004,Tanhaçu,IPTU,Theta,2021,153753.45615688435,91949.97451264478
2931004,Tanhaçu,IPTU,Prophet,2021,142287.24182919643,91949.97451264478
2931004,Tanhaçu,IPTU,Ensemble,2021,131944.2942352396,91949.97451264478
2931004,Tanhaçu,IPTU,Naive,2022,91949.97451264478,136689.00687027912
2931004,Tanhaçu,IPTU,ETS,2022,114598.38080228686,136689.00687027912
2931004,Tanhaçu,IPTU,SARIMA,2022,86944.53239412872,136689.00687027912
2931004,Tanhaçu,IPTU,Theta,2022,98565.99894033471,136689.00687027912
2931004,Tanhaçu,IPTU,Prophet,2022,114521.45520784036,136689.00687027912
2931004,Tanhaçu,IPTU,Ensemble,2022,103657.59183614767,136689.00687027912
2931004,Tanhaçu,IPTU,Naive,2023,136689.00687027912,152633.02396636934
2931004,Tanhaçu,IPTU,ETS,2023,123855.86458733543,152633.02396636934
2931004,Tanhaçu,IPTU,SARIMA,2023,97036.43334262454,152633.02396636934
2931004,Tanhaçu,IPTU,Theta,2023,132410.82542972534,152633.02396636934
2931004,Tanhaçu,IPTU,Prophet,2023,124265.40332884397,152633.02396636934
2931004,Tanhaçu,IPTU,Ensemble,2023,119392.13167213232,152633.02396636934
2931004,Tanhaçu,IPTU,Naive,2024,152633.02396636934,271630.7729927093
2931004,Tanhaçu,IPTU,ETS,2024,132327.4539802191,271630.7729927093
2931004,Tanhaçu,IPTU,SARIMA,2024,88235.31619797555,271630.7729927093
2931004,Tanhaçu,IPTU,Theta,2024,133589.8015529274,271630.7729927093
2931004,Tanhaçu,IPTU,Prophet,2024,126095.33808378941,271630.7729927093
2931004,Tanhaçu,IPTU,Ensemble,2024,120061.97745372786,271630.7729927093
2931004,Tanhaçu,IPTU,Naive,2025,271630.7729927093,390628.52201904927
2931004,Tanhaçu,IPTU,ETS,2025,207311.68396581948,390628.52201904927
2931004,Tanhaçu,IPTU,SARIMA,2025,110871.72378879492,390628.52201904927
2931004,Tanhaçu,IPTU,Theta,2025,239490.847169636,390628.52201904927
2931004,Tanhaçu,IPTU,Prophet,2025,186688.49072256824,390628.52201904927
2931004,Tanhaçu,IPTU,Ensemble,2025,186090.68641170466,390628.52201904927
2929503,São Sebastião do Passé,ISSQN,Naive,2021,19450455.673859224,20806752.72438495
2929503,São Sebastião do Passé,ISSQN,ETS,2021,19136337.085884772,20806752.72438495
2929503,São Sebastião do Passé,ISSQN,SARIMA,2021,19104101.934894312,20806752.72438495
2929503,São Sebastião do Passé,ISSQN,Theta,2021,19121469.99024228,20806752.72438495
2929503,São Sebastião do Passé,ISSQN,Prophet,2021,20749487.471785586,20806752.72438495
2929503,São Sebastião do Passé,ISSQN,Ensemble,2021,19527849.120701738,20806752.72438495
2929503,São Sebastião do Passé,ISSQN,Naive,2022,20806752.72438495,22562544.76724993
2929503,São Sebastião do Passé,ISSQN,ETS,2022,22770977.75544266,22562544.76724993
2929503,São Sebastião do Passé,ISSQN,SARIMA,2022,22629431.468680218,22562544.76724993
2929503,São Sebastião do Passé,ISSQN,Theta,2022,22873117.197804015,22562544.76724993
2929503,São Sebastião do Passé,ISSQN,Prophet,2022,22211354.108129367,22562544.76724993
2929503,São Sebastião do Passé,ISSQN,Ensemble,2022,22621220.132514063,22562544.76724993
2929503,São Sebastião do Passé,ISSQN,Naive,2023,22562544.76724993,23855099.91199079
2929503,São Sebastião do Passé,ISSQN,ETS,2023,26239499.626183964,23855099.91199079
2929503,São Sebastião do Passé,ISSQN,SARIMA,2023,26147137.422647312,23855099.91199079
2929503,São Sebastião do Passé,ISSQN,Theta,2023,26570925.438556567,23855099.91199079
2929503,São Sebastião do Passé,ISSQN,Prophet,2023,23967338.623347245,23855099.91199079
2929503,São Sebastião do Passé,ISSQN,Ensemble,2023,25731225.27768376,23855099.91199079
2929503,São Sebastião do Passé,ISSQN,Naive,2024,23855099.91199079,24483095.595972702
2929503,São Sebastião do Passé,ISSQN,ETS,2024,25862934.859332126,24483095.595972702
2929503,São Sebastião do Passé,ISSQN,SARIMA,2024,25769438.125838134,24483095.595972702
2929503,São Sebastião do Passé,ISSQN,Theta,2024,26208466.630637214,24483095.595972702
2929503,São Sebastião do Passé,ISSQN,Prophet,2024,25432287.866399225,24483095.595972702
2929503,São Sebastião do Passé,ISSQN,Ensemble,2024,25818281.87055168,24483095.595972702
2929503,São Sebastião do Passé,ISSQN,Naive,2025,24483095.595972702,31839028.223499507
2929503,São Sebastião do Passé,ISSQN,ETS,2025,25868071.421758857,31839028.223499507
2929503,São Sebastião do Passé,ISSQN,SARIMA,2025,25489660.645475585,31839028.223499507
2929503,São Sebastião do Passé,ISSQN,Theta,2025,25017923.019526087,31839028.223499507
2929503,São Sebastião do Passé,ISSQN,Prophet,2025,26388769.38413674,31839028.223499507
2929503,São Sebastião do Passé,ISSQN,Ensemble,2025,25691106.117724318,31839028.223499507
2930766,Sítio do Quinto,ISSQN,Naive,2021,395855.54159319407,455344.2877737126
2930766,Sítio do Quinto,ISSQN,ETS,2021,689479.070808141,455344.2877737126
2930766,Sítio do Quinto,ISSQN,SARIMA,2021,426189.46027798095,455344.2877737126
2930766,Sítio do Quinto,ISSQN,Theta,2021,510108.7658276025,455344.2877737126
2930766,Sítio do Quinto,ISSQN,Prophet,2021,268997.08958036086,455344.2877737126
2930766,Sítio do Quinto,ISSQN,Ensemble,2021,473693.5966235214,455344.2877737126
2930766,Sítio do Quinto,ISSQN,Naive,2022,455344.2877737126,875952.7807095703
2930766,Sítio do Quinto,ISSQN,ETS,2022,693190.5595955484,875952.7807095703
2930766,Sítio do Quinto,ISSQN,SARIMA,2022,513046.3708173568,875952.7807095703
2930766,Sítio do Quinto,ISSQN,Theta,2022,538079.9959845551,875952.7807095703
2930766,Sítio do Quinto,ISSQN,Prophet,2022,422217.4051494361,875952.7807095703
2930766,Sítio do Quinto,ISSQN,Ensemble,2022,541633.582886724,875952.7807095703
2930766,Sítio do Quinto,ISSQN,Naive,2023,875952.7807095703,2413095.293048083
2930766,Sítio do Quinto,ISSQN,ETS,2023,1111564.522968086,2413095.293048083
2930766,Sítio do Quinto,ISSQN,SARIMA,2023,1107824.2157253618,2413095.293048083
2930766,Sítio do Quinto,ISSQN,Theta,2023,837452.2599238799,2413095.293048083
2930766,Sítio do Quinto,ISSQN,Prophet,2023,634953.4908935018,2413095.293048083
2930766,Sítio do Quinto,ISSQN,Ensemble,2023,922948.6223777073,2413095.293048083
2930766,Sítio do Quinto,ISSQN,Naive,2024,2413095.293048083,1717424.0882811996
2930766,Sítio do Quinto,ISSQN,ETS,2024,2432346.494127895,1717424.0882811996
2930766,Sítio do Quinto,ISSQN,SARIMA,2024,2264421.756936892,1717424.0882811996
2930766,Sítio do Quinto,ISSQN,Theta,2024,3676067.1732502463,1717424.0882811996
2930766,Sítio do Quinto,ISSQN,Prophet,2024,3092304.733247627,1717424.0882811996
2930766,Sítio do Quinto,ISSQN,Ensemble,2024,2866285.039390665,1717424.0882811996
2930766,Sítio do Quinto,ISSQN,Naive,2025,1717424.0882811996,1391938.5604421692
2930766,Sítio do Quinto,ISSQN,ETS,2025,1620256.134458215,1391938.5604421692
2930766,Sítio do Quinto,ISSQN,SARIMA,2025,1715197.920804199,1391938.5604421692
2930766,Sítio do Quinto,ISSQN,Theta,2025,1784918.4683535083,1391938.5604421692
2930766,Sítio do Quinto,ISSQN,Prophet,2025,2055783.8053684535,1391938.5604421692
2930766,Sítio do Quinto,ISSQN,Ensemble,2025,1794039.082246094,1391938.5604421692
2929305,São Gonçalo dos Campos,IPTU,Naive,2021,1313614.9964671123,2038669.060029712
2929305,São Gonçalo dos Campos,IPTU,ETS,2021,1102824.7010755353,2038669.060029712
2929305,São Gonçalo dos Campos,IPTU,SARIMA,2021,1267695.7634231756,2038669.060029712
2929305,São Gonçalo dos Campos,IPTU,Theta,2021,1753752.6844716482,2038669.060029712
2929305,São Gonçalo dos Campos,IPTU,Prophet,2021,1350588.9554560673,2038669.060029712
2929305,São Gonçalo dos Campos,IPTU,Ensemble,2021,1368715.5261066062,2038669.060029712
2929305,São Gonçalo dos Campos,IPTU,Naive,2022,2038669.060029712,3111422.967181288
2929305,São Gonçalo dos Campos,IPTU,ETS,2022,2657836.513976131,3111422.967181288
2929305,São Gonçalo dos Campos,IPTU,SARIMA,2022,1184307.635518855,3111422.967181288
2929305,São Gonçalo dos Campos,IPTU,Theta,2022,2720134.7198581127,3111422.967181288
2929305,São Gonçalo dos Campos,IPTU,Prophet,2022,2447059.289209227,3111422.967181288
2929305,São Gonçalo dos Campos,IPTU,Ensemble,2022,2252334.5396405812,3111422.967181288
2929305,São Gonçalo dos Campos,IPTU,Naive,2023,3111422.967181288,2273038.063866791
2929305,São Gonçalo dos Campos,IPTU,ETS,2023,4795593.97774944,2273038.063866791
2929305,São Gonçalo dos Campos,IPTU,SARIMA,2023,3349626.881743197,2273038.063866791
2929305,São Gonçalo dos Campos,IPTU,Theta,2023,4539556.826291095,2273038.063866791
2929305,São Gonçalo dos Campos,IPTU,Prophet,2023,3717369.1400137716,2273038.063866791
2929305,São Gonçalo dos Campos,IPTU,Ensemble,2023,4100536.706449376,2273038.063866791
2929305,São Gonçalo dos Campos,IPTU,Naive,2024,2273038.063866791,2587169.6467461674
2929305,São Gonçalo dos Campos,IPTU,ETS,2024,2691549.3965748544,2587169.6467461674
2929305,São Gonçalo dos Campos,IPTU,SARIMA,2024,1569096.830932045,2587169.6467461674
2929305,São Gonçalo dos Campos,IPTU,Theta,2024,2926624.322524646,2587169.6467461674
2929305,São Gonçalo dos Campos,IPTU,Prophet,2024,3345153.167779107,2587169.6467461674
2929305,São Gonçalo dos Campos,IPTU,Ensemble,2024,2633105.929452663,2587169.6467461674
2929305,São Gonçalo dos Campos,IPTU,Naive,2025,2587169.6467461674,2974212.3161584465
2929305,São Gonçalo dos Campos,IPTU,ETS,2025,2979782.825400747,2974212.3161584465
2929305,São Gonçalo dos Campos,IPTU,SARIMA,2025,1977941.4306078353,2974212.3161584465
2929305,São Gonçalo dos Campos,IPTU,Theta,2025,3045075.025688118,2974212.3161584465
2929305,São Gonçalo dos Campos,IPTU,Prophet,2025,3144399.04265967,2974212.3161584465
2929305,São Gonçalo dos Campos,IPTU,Ensemble,2025,2786799.5810890924,2974212.3161584465
2929503,São Sebastião do Passé,IPTU,Naive,2021,1844901.5336836153,2127719.4615878845
2929503,São Sebastião do Passé,IPTU,ETS,2021,1881317.1750249595,2127719.4615878845
2929503,São Sebastião do Passé,IPTU,SARIMA,2021,1663854.257760239,2127719.4615878845
2929503,São Sebastião do Passé,IPTU,Theta,2021,4146536.8880095454,2127719.4615878845
2929503,São Sebastião do Passé,IPTU,Prophet,2021,2265138.057292033,2127719.4615878845
2929503,São Sebastião do Passé,IPTU,Ensemble,2021,2489211.594521694,2127719.4615878845
2929503,São Sebastião do Passé,IPTU,Naive,2022,2127719.4615878845,2080509.4033655492
2929503,São Sebastião do Passé,IPTU,ETS,2022,4079566.6938335286,2080509.4033655492
2929503,São Sebastião do Passé,IPTU,SARIMA,2022,2265470.6889196234,2080509.4033655492
2929503,São Sebastião do Passé,IPTU,Theta,2022,2682820.480322452,2080509.4033655492
2929503,São Sebastião do Passé,IPTU,Prophet,2022,2551542.332719213,2080509.4033655492
2929503,São Sebastião do Passé,IPTU,Ensemble,2022,2894850.0489487043,2080509.4033655492
2929503,São Sebastião do Passé,IPTU,Naive,2023,2080509.4033655492,2340484.8471423364
2929503,São Sebastião do Passé,IPTU,ETS,2023,3378728.8790234057,2340484.8471423364
2929503,São Sebastião do Passé,IPTU,SARIMA,2023,2811246.8391428636,2340484.8471423364
2929503,São Sebastião do Passé,IPTU,Theta,2023,2880421.387177008,2340484.8471423364
2929503,São Sebastião do Passé,IPTU,Prophet,2023,2642916.9745828332,2340484.8471423364
2929503,São Sebastião do Passé,IPTU,Ensemble,2023,2928328.519981528,2340484.8471423364
2929503,São Sebastião do Passé,IPTU,Naive,2024,2340484.8471423364,1815952.036924041
2929503,São Sebastião do Passé,IPTU,ETS,2024,2500102.306446348,1815952.036924041
2929503,São Sebastião do Passé,IPTU,SARIMA,2024,1662354.0242619792,1815952.036924041
2929503,São Sebastião do Passé,IPTU,Theta,2024,2335923.513782093,1815952.036924041
2929503,São Sebastião do Passé,IPTU,Prophet,2024,2769874.2305075624,1815952.036924041
2929503,São Sebastião do Passé,IPTU,Ensemble,2024,2317063.518749495,1815952.036924041
2929503,São Sebastião do Passé,IPTU,Naive,2025,1815952.036924041,2188989.1026907787
2929503,São Sebastião do Passé,IPTU,ETS,2025,2897833.0860189027,2188989.1026907787
2929503,São Sebastião do Passé,IPTU,SARIMA,2025,1652246.1830167996,2188989.1026907787
2929503,São Sebastião do Passé,IPTU,Theta,2025,2194597.8910520193,2188989.1026907787
2929503,São Sebastião do Passé,IPTU,Prophet,2025,2577686.8596733194,2188989.1026907787
2929503,São Sebastião do Passé,IPTU,Ensemble,2025,2330591.0049402597,2188989.1026907787
2928901,São Desidério,ISSQN,Naive,2021,17225375.704940192,20573948.99687868
2928901,São Desidério,ISSQN,ETS,2021,17593064.63472928,20573948.99687868
2928901,São Desidério,ISSQN,SARIMA,2021,17574937.111256994,20573948.99687868
2928901,São Desidério,ISSQN,Theta,2021,16716779.89352359,20573948.99687868
2928901,São Desidério,ISSQN,Prophet,2021,20597016.651230186,20573948.99687868
2928901,São Desidério,ISSQN,Ensemble,2021,18120449.572685014,20573948.99687868
2928901,São Desidério,ISSQN,Naive,2022,20573948.99687868,23860595.198857855
2928901,São Desidério,ISSQN,ETS,2022,21145977.531985585,23860595.198857855
2928901,São Desidério,ISSQN,SARIMA,2022,23319317.6060694,23860595.198857855
2928901,São Desidério,ISSQN,Theta,2022,21375708.493283626,23860595.198857855
2928901,São Desidério,ISSQN,Prophet,2022,21379076.35451505,23860595.198857855
2928901,São Desidério,ISSQN,Ensemble,2022,21805019.996463418,23860595.198857855
2928901,São Desidério,ISSQN,Naive,2023,23860595.198857855,20541973.219144236
2928901,São Desidério,ISSQN,ETS,2023,22385553.745244928,20541973.219144236
2928901,São Desidério,ISSQN,SARIMA,2023,24612672.213517662,20541973.219144236
2928901,São Desidério,ISSQN,Theta,2023,22381290.47234175,20541973.219144236
2928901,São Desidério,ISSQN,Prophet,2023,24098581.74054679,20541973.219144236
2928901,São Desidério,ISSQN,Ensemble,2023,23369524.54291278,20541973.219144236
2928901,São Desidério,ISSQN,Naive,2024,20541973.219144236,22729487.783454694
2928901,São Desidério,ISSQN,ETS,2024,20305701.290322687,22729487.783454694
2928901,São Desidério,ISSQN,SARIMA,2024,20987485.554097343,22729487.783454694
2928901,São Desidério,ISSQN,Theta,2024,20187771.379817087,22729487.783454694
2928901,São Desidério,ISSQN,Prophet,2024,24138042.738112904,22729487.783454694
2928901,São Desidério,ISSQN,Ensemble,2024,21404750.240587503,22729487.783454694
2928901,São Desidério,ISSQN,Naive,2025,22729487.783454694,21356916.59386849
2928901,São Desidério,ISSQN,ETS,2025,21084247.661503628,21356916.59386849
2928901,São Desidério,ISSQN,SARIMA,2025,21754187.945967123,21356916.59386849
2928901,São Desidério,ISSQN,Theta,2025,20083410.84096509,21356916.59386849
2928901,São Desidério,ISSQN,Prophet,2025,24798133.715416387,21356916.59386849
2928901,São Desidério,ISSQN,Ensemble,2025,21929995.040963057,21356916.59386849
2931004,Tanhaçu,ISSQN,Naive,2021,3091286.6099986774,2072970.7814012768
2931004,Tanhaçu,ISSQN,ETS,2021,3111849.284285723,2072970.7814012768
2931004,Tanhaçu,ISSQN,SARIMA,2021,2555630.3096461757,2072970.7814012768
2931004,Tanhaçu,ISSQN,Theta,2021,2758228.205405407,2072970.7814012768
2931004,Tanhaçu,ISSQN,Prophet,2021,1880625.0732665495,2072970.7814012768
2931004,Tanhaçu,ISSQN,Ensemble,2021,2576583.218150964,2072970.7814012768
2931004,Tanhaçu,ISSQN,Naive,2022,2072970.7814012768,1582451.0786224161
2931004,Tanhaçu,ISSQN,ETS,2022,2443637.549564441,1582451.0786224161
2931004,Tanhaçu,ISSQN,SARIMA,2022,2408457.2699940642,1582451.0786224161
2931004,Tanhaçu,ISSQN,Theta,2022,2145630.7676060814,1582451.0786224161
2931004,Tanhaçu,ISSQN,Prophet,2022,1584620.0493969214,1582451.0786224161
2931004,Tanhaçu,ISSQN,Ensemble,2022,2145586.4091403773,1582451.0786224161
2931004,Tanhaçu,ISSQN,Naive,2023,1582451.0786224161,817722.5839624149
2931004,Tanhaçu,ISSQN,ETS,2023,1834099.0746507645,817722.5839624149
2931004,Tanhaçu,ISSQN,SARIMA,2023,2230930.43116624,817722.5839624149
2931004,Tanhaçu,ISSQN,Theta,2023,1555867.4413239367,817722.5839624149
2931004,Tanhaçu,ISSQN,Prophet,2023,1185551.475337901,817722.5839624149
2931004,Tanhaçu,ISSQN,Ensemble,2023,1701612.1056197106,817722.5839624149
2931004,Tanhaçu,ISSQN,Naive,2024,817722.5839624149,1318837.2732126182
2931004,Tanhaçu,ISSQN,ETS,2024,783729.3965815003,1318837.2732126182
2931004,Tanhaçu,ISSQN,SARIMA,2024,1125055.1797392408,1318837.2732126182
2931004,Tanhaçu,ISSQN,Theta,2024,654205.984501406,1318837.2732126182
2931004,Tanhaçu,ISSQN,Prophet,2024,540954.0500110583,1318837.2732126182
2931004,Tanhaçu,ISSQN,Ensemble,2024,775986.1527083013,1318837.2732126182
2931004,Tanhaçu,ISSQN,Naive,2025,1318837.2732126182,2084324.555806017
2931004,Tanhaçu,ISSQN,ETS,2025,1427469.692304709,2084324.555806017
2931004,Tanhaçu,ISSQN,SARIMA,2025,1358013.5010768557,2084324.555806017
2931004,Tanhaçu,ISSQN,Theta,2025,793771.6715753492,2084324.555806017
2931004,Tanhaçu,ISSQN,Prophet,2025,438140.0613431783,2084324.555806017
2931004,Tanhaçu,ISSQN,Ensemble,2025,1004348.731575023,2084324.555806017
2931053,Tanque Novo,ISSQN,Naive,2021,1844452.669890206,2223173.6549804704
2931053,Tanque Novo,ISSQN,ETS,2021,1823866.374207168,2223173.6549804704
2931053,Tanque Novo,ISSQN,SARIMA,2021,2177366.011469718,2223173.6549804704
2931053,Tanque Novo,ISSQN,Theta,2021,2085587.6279746192,2223173.6549804704
2931053,Tanque Novo,ISSQN,Prophet,2021,1958243.5306609941,2223173.6549804704
2931053,Tanque Novo,ISSQN,Ensemble,2021,2011265.8860781249,2223173.6549804704
2931053,Tanque Novo,ISSQN,Naive,2022,2223173.6549804704,2601894.640070734
2931053,Tanque Novo,ISSQN,ETS,2022,2710418.4281322258,2601894.640070734
2931053,Tanque Novo,ISSQN,SARIMA,2022,2561448.4180950494,2601894.640070734
2931053,Tanque Novo,ISSQN,Theta,2022,2698054.2991818176,2601894.640070734
2931053,Tanque Novo,ISSQN,Prophet,2022,2556596.741307644,2601894.640070734
2931053,Tanque Novo,ISSQN,Ensemble,2022,2631629.471679184,2601894.640070734
2931053,Tanque Novo,ISSQN,Naive,2023,2601894.640070734,3103592.175285233
2931053,Tanque Novo,ISSQN,ETS,2023,2922835.4753269274,3103592.175285233
2931053,Tanque Novo,ISSQN,SARIMA,2023,2993613.78250484,3103592.175285233
2931053,Tanque Novo,ISSQN,Theta,2023,2883114.7713662423,3103592.175285233
2931053,Tanque Novo,ISSQN,Prophet,2023,3283708.979539996,3103592.175285233
2931053,Tanque Novo,ISSQN,Ensemble,2023,3020818.2521845014,3103592.175285233
2931053,Tanque Novo,ISSQN,Naive,2024,3103592.175285233,2296363.6835782193
2931053,Tanque Novo,ISSQN,ETS,2024,3641216.7156007797,2296363.6835782193
2931053,Tanque Novo,ISSQN,SARIMA,2024,3585638.174242903,2296363.6835782193
2931053,Tanque Novo,ISSQN,Theta,2024,3402056.5709038945,2296363.6835782193
2931053,Tanque Novo,ISSQN,Prophet,2024,3300414.119061098,2296363.6835782193
2931053,Tanque Novo,ISSQN,Ensemble,2024,3482331.394952169,2296363.6835782193
2931053,Tanque Novo,ISSQN,Naive,2025,2296363.6835782193,2464996.040293875
2931053,Tanque Novo,ISSQN,ETS,2025,2243187.231364114,2464996.040293875
2931053,Tanque Novo,ISSQN,SARIMA,2025,1944415.1969162796,2464996.040293875
2931053,Tanque Novo,ISSQN,Theta,2025,2357278.1222074754,2464996.040293875
2931053,Tanque Novo,ISSQN,Prophet,2025,3116948.5487724054,2464996.040293875
2931053,Tanque Novo,ISSQN,Ensemble,2025,2415457.2748150686,2464996.040293875
2931202,Taperoá,ISSQN,Naive,2021,491681.33644728165,383365.92279981496
2931202,Taperoá,ISSQN,ETS,2021,919755.5190417452,383365.92279981496
2931202,Taperoá,ISSQN,SARIMA,2021,499036.9365524525,383365.92279981496
2931202,Taperoá,ISSQN,Theta,2021,508170.44133472804,383365.92279981496
2931202,Taperoá,ISSQN,Prophet,2021,499307.6967274694,383365.92279981496
2931202,Taperoá,ISSQN,Ensemble,2021,606567.6484140988,383365.92279981496
2931202,Taperoá,ISSQN,Naive,2022,383365.92279981496,665161.75562695
2931202,Taperoá,ISSQN,ETS,2022,306434.74577303306,665161.75562695
2931202,Taperoá,ISSQN,SARIMA,2022,402949.5679673927,665161.75562695
2931202,Taperoá,ISSQN,Theta,2022,335261.751271922,665161.75562695
2931202,Taperoá,ISSQN,Prophet,2022,400088.0769495338,665161.75562695
2931202,Taperoá,ISSQN,Ensemble,2022,361183.5354904704,665161.75562695
2931202,Taperoá,ISSQN,Naive,2023,665161.75562695,1286867.6815225356
2931202,Taperoá,ISSQN,ETS,2023,1470459.423655231,1286867.6815225356
2931202,Taperoá,ISSQN,SARIMA,2023,635648.751193965,1286867.6815225356
2931202,Taperoá,ISSQN,Theta,2023,818158.122170784,1286867.6815225356
2931202,Taperoá,ISSQN,Prophet,2023,494462.42519523914,1286867.6815225356
2931202,Taperoá,ISSQN,Ensemble,2023,854682.1805538049,1286867.6815225356
2931202,Taperoá,ISSQN,Naive,2024,1286867.6815225356,609179.821013935
2931202,Taperoá,ISSQN,ETS,2024,1080070.3158621644,609179.821013935
2931202,Taperoá,ISSQN,SARIMA,2024,598548.9467336393,609179.821013935
2931202,Taperoá,ISSQN,Theta,2024,1182530.3167480053,609179.821013935
2931202,Taperoá,ISSQN,Prophet,2024,1097610.0474324664,609179.821013935
2931202,Taperoá,ISSQN,Ensemble,2024,989689.9066940689,609179.821013935
2931202,Taperoá,ISSQN,Naive,2025,609179.821013935,499128.77057986724
2931202,Taperoá,ISSQN,ETS,2025,1010310.4776497866,499128.77057986724
2931202,Taperoá,ISSQN,SARIMA,2025,554476.828680331,499128.77057986724
2931202,Taperoá,ISSQN,Theta,2025,592284.4049706671,499128.77057986724
2931202,Taperoá,ISSQN,Prophet,2025,779062.6858329397,499128.77057986724
2931202,Taperoá,ISSQN,Ensemble,2025,734033.599283431,499128.77057986724
2931301,Tapiramutá,IPTU,Naive,2021,129920.54440183657,137754.46051734308
2931301,Tapiramutá,IPTU,ETS,2021,191923.23049384277,137754.46051734308
2931301,Tapiramutá,IPTU,SARIMA,2021,119590.45378563515,137754.46051734308
2931301,Tapiramutá,IPTU,Theta,2021,251841.57894403985,137754.46051734308
2931301,Tapiramutá,IPTU,Prophet,2021,148800.51032576463,137754.46051734308
2931301,Tapiramutá,IPTU,Ensemble,2021,178038.9433873206,137754.46051734308
2931301,Tapiramutá,IPTU,Naive,2022,137754.46051734308,112148.23983273635
2931301,Tapiramutá,IPTU,ETS,2022,167846.78010294598,112148.23983273635
2931301,Tapiramutá,IPTU,SARIMA,2022,87376.91916078124,112148.23983273635
2931301,Tapiramutá,IPTU,Theta,2022,74902.96280303695,112148.23983273635
2931301,Tapiramutá,IPTU,Prophet,2022,162577.99526404863,112148.23983273635
2931301,Tapiramutá,IPTU,Ensemble,2022,123176.16433270322,112148.23983273635
2931301,Tapiramutá,IPTU,Naive,2023,112148.23983273635,96999.74155386555
2931301,Tapiramutá,IPTU,ETS,2023,141435.39258246112,96999.74155386555
2931301,Tapiramutá,IPTU,SARIMA,2023,94163.09997447596,96999.74155386555
2931301,Tapiramutá,IPTU,Theta,2023,125946.0612484231,96999.74155386555
2931301,Tapiramutá,IPTU,Prophet,2023,151313.50974867458,96999.74155386555
2931301,Tapiramutá,IPTU,Ensemble,2023,128214.51588850867,96999.74155386555
2931301,Tapiramutá,IPTU,Naive,2024,96999.74155386555,78589.11638970042
2931301,Tapiramutá,IPTU,ETS,2024,140098.38008684208,78589.11638970042
2931301,Tapiramutá,IPTU,SARIMA,2024,80040.57087643578,78589.11638970042
2931301,Tapiramutá,IPTU,Theta,2024,141083.56672157737,78589.11638970042
2931301,Tapiramutá,IPTU,Prophet,2024,134484.9562416445,78589.11638970042
2931301,Tapiramutá,IPTU,Ensemble,2024,123926.86848162493,78589.11638970042
2931301,Tapiramutá,IPTU,Naive,2025,78589.11638970042,149558.73295725894
2931301,Tapiramutá,IPTU,ETS,2025,60409.36477764464,149558.73295725894
2931301,Tapiramutá,IPTU,SARIMA,2025,66526.90512986506,149558.73295725894
2931301,Tapiramutá,IPTU,Theta,2025,83305.01595854352,149558.73295725894
2931301,Tapiramutá,IPTU,Prophet,2025,106401.66251323001,149558.73295725894
2931301,Tapiramutá,IPTU,Ensemble,2025,79160.73709482081,149558.73295725894
2931301,Tapiramutá,ISSQN,Naive,2021,909724.4579999205,1190840.442810061
2931301,Tapiramutá,ISSQN,ETS,2021,835594.417289784,1190840.442810061
2931301,Tapiramutá,ISSQN,SARIMA,2021,770866.8781283863,1190840.442810061
2931301,Tapiramutá,ISSQN,Theta,2021,835265.8791138256,1190840.442810061
2931301,Tapiramutá,ISSQN,Prophet,2021,1487630.6996259578,1190840.442810061
2931301,Tapiramutá,ISSQN,Ensemble,2021,982339.4685394885,1190840.442810061
2931301,Tapiramutá,ISSQN,Naive,2022,1190840.442810061,1471956.4276202014
2931301,Tapiramutá,ISSQN,ETS,2022,1140138.2683410933,1471956.4276202014
2931301,Tapiramutá,ISSQN,SARIMA,2022,1123462.2851846595,1471956.4276202014
2931301,Tapiramutá,ISSQN,Theta,2022,1098058.786406083,1471956.4276202014
2931301,Tapiramutá,ISSQN,Prophet,2022,1500245.6491894717,1471956.4276202014
2931301,Tapiramutá,ISSQN,Ensemble,2022,1215476.247280327,1471956.4276202014
2931301,Tapiramutá,ISSQN,Naive,2023,1471956.4276202014,1381693.5285024508
2931301,Tapiramutá,ISSQN,ETS,2023,1464736.502341492,1381693.5285024508
2931301,Tapiramutá,ISSQN,SARIMA,2023,1204136.764724552,1381693.5285024508
2931301,Tapiramutá,ISSQN,Theta,2023,1427720.187834099,1381693.5285024508
2931301,Tapiramutá,ISSQN,Prophet,2023,1642204.5450945166,1381693.5285024508
2931301,Tapiramutá,ISSQN,Ensemble,2023,1434699.499998665,1381693.5285024508
2931301,Tapiramutá,ISSQN,Naive,2024,1381693.5285024508,667032.09373175
2931301,Tapiramutá,ISSQN,ETS,2024,1290289.5086570212,667032.09373175
2931301,Tapiramutá,ISSQN,SARIMA,2024,1045911.2661187015,667032.09373175
2931301,Tapiramutá,ISSQN,Theta,2024,1233705.4469289987,667032.09373175
2931301,Tapiramutá,ISSQN,Prophet,2024,1761822.0071112125,667032.09373175
2931301,Tapiramutá,ISSQN,Ensemble,2024,1332932.0572039834,667032.09373175
2931301,Tapiramutá,ISSQN,Naive,2025,667032.09373175,808741.8385630667
2931301,Tapiramutá,ISSQN,ETS,2025,675828.2494257647,808741.8385630667
2931301,Tapiramutá,ISSQN,SARIMA,2025,323156.2112379067,808741.8385630667
2931301,Tapiramutá,ISSQN,Theta,2025,629247.7728234895,808741.8385630667
2931301,Tapiramutá,ISSQN,Prophet,2025,1370039.1611670735,808741.8385630667
2931301,Tapiramutá,ISSQN,Ensemble,2025,749567.8486635585,808741.8385630667
2931608,Teolândia,ISSQN,Naive,2021,741496.1516622156,688478.1311032083
2931608,Teolândia,ISSQN,ETS,2021,855704.064805592,688478.1311032083
2931608,Teolândia,ISSQN,SARIMA,2021,770989.1396805567,688478.1311032083
2931608,Teolândia,ISSQN,Theta,2021,799574.17339645,688478.1311032083
2931608,Teolândia,ISSQN,Prophet,2021,580674.6184438864,688478.1311032083
2931608,Teolândia,ISSQN,Ensemble,2021,751735.4990816212,688478.1311032083
2931608,Teolândia,ISSQN,Naive,2022,688478.1311032083,1234954.9492550746
2931608,Teolândia,ISSQN,ETS,2022,731106.277672625,1234954.9492550746
2931608,Teolândia,ISSQN,SARIMA,2022,640544.9209656189,1234954.9492550746
2931608,Teolândia,ISSQN,Theta,2022,714718.0961764675,1234954.9492550746
2931608,Teolândia,ISSQN,Prophet,2022,619293.7569725435,1234954.9492550746
2931608,Teolândia,ISSQN,Ensemble,2022,676415.7629468137,1234954.9492550746
2931608,Teolândia,ISSQN,Naive,2023,1234954.9492550746,1589088.796341371
2931608,Teolândia,ISSQN,ETS,2023,1812646.6027675816,1589088.796341371
2931608,Teolândia,ISSQN,SARIMA,2023,1686813.7469972733,1589088.796341371
2931608,Teolândia,ISSQN,Theta,2023,1884255.8844007102,1589088.796341371
2931608,Teolândia,ISSQN,Prophet,2023,1155157.1654276669,1589088.796341371
2931608,Teolândia,ISSQN,Ensemble,2023,1634718.349898308,1589088.796341371
2931608,Teolândia,ISSQN,Naive,2024,1589088.796341371,1538717.934178201
2931608,Teolândia,ISSQN,ETS,2024,1573146.8048307763,1538717.934178201
2931608,Teolândia,ISSQN,SARIMA,2024,1536482.4726613916,1538717.934178201
2931608,Teolândia,ISSQN,Theta,2024,1658295.8933235405,1538717.934178201
2931608,Teolândia,ISSQN,Prophet,2024,1641993.1690284077,1538717.934178201
2931608,Teolândia,ISSQN,Ensemble,2024,1602479.5849610292,1538717.934178201
2931608,Teolândia,ISSQN,Naive,2025,1538717.934178201,1941134.9645560018
2931608,Teolândia,ISSQN,ETS,2025,1612982.4918005965,1941134.9645560018
2931608,Teolândia,ISSQN,SARIMA,2025,1508960.56553489,1941134.9645560018
2931608,Teolândia,ISSQN,Theta,2025,1540992.3779221694,1941134.9645560018
2931608,Teolândia,ISSQN,Prophet,2025,1787472.3392863947,1941134.9645560018
2931608,Teolândia,ISSQN,Ensemble,2025,1612601.9436360127,1941134.9645560018
2931350,Teixeira de Freitas,IPTU,Naive,2021,19655772.766474742,23781882.924797315
2931350,Teixeira de Freitas,IPTU,ETS,2021,28499519.288391273,23781882.924797315
2931350,Teixeira de Freitas,IPTU,SARIMA,2021,32151786.512391645,23781882.924797315
2931350,Teixeira de Freitas,IPTU,Theta,2021,22903978.81171322,23781882.924797315
2931350,Teixeira de Freitas,IPTU,Prophet,2021,23187830.336286314,23781882.924797315
2931350,Teixeira de Freitas,IPTU,Ensemble,2021,26685778.737195615,23781882.924797315
2931350,Teixeira de Freitas,IPTU,Naive,2022,23781882.924797315,23436061.723910857
2931350,Teixeira de Freitas,IPTU,ETS,2022,29511361.123643942,23436061.723910857
2931350,Teixeira de Freitas,IPTU,SARIMA,2022,17037316.445595324,23436061.723910857
2931350,Teixeira de Freitas,IPTU,Theta,2022,25308169.758971572,23436061.723910857
2931350,Teixeira de Freitas,IPTU,Prophet,2022,25929443.839169633,23436061.723910857
2931350,Teixeira de Freitas,IPTU,Ensemble,2022,24446572.791845117,23436061.723910857
2931350,Teixeira de Freitas,IPTU,Naive,2023,23436061.723910857,26499741.57947304
2931350,Teixeira de Freitas,IPTU,ETS,2023,33572181.08120806,26499741.57947304
2931350,Teixeira de Freitas,IPTU,SARIMA,2023,28853239.020071197,26499741.57947304
2931350,Teixeira de Freitas,IPTU,Theta,2023,25785166.508134264,26499741.57947304
2931350,Teixeira de Freitas,IPTU,Prophet,2023,27671319.16514074,26499741.57947304
2931350,Teixeira de Freitas,IPTU,Ensemble,2023,28970476.44363857,26499741.57947304
2931350,Teixeira de Freitas,IPTU,Naive,2024,26499741.57947304,23928599.31774538
2931350,Teixeira de Freitas,IPTU,ETS,2024,34453250.18507324,23928599.31774538
2931350,Teixeira de Freitas,IPTU,SARIMA,2024,29306358.02567101,23928599.31774538
2931350,Teixeira de Freitas,IPTU,Theta,2024,28125022.72765686,23928599.31774538
2931350,Teixeira de Freitas,IPTU,Prophet,2024,31461432.749060337,23928599.31774538
2931350,Teixeira de Freitas,IPTU,Ensemble,2024,30836515.921865366,23928599.31774538
2931350,Teixeira de Freitas,IPTU,Naive,2025,23928599.31774538,40866870.85384314
2931350,Teixeira de Freitas,IPTU,ETS,2025,33290619.59065403,40866870.85384314
2931350,Teixeira de Freitas,IPTU,SARIMA,2025,28375970.26402177,40866870.85384314
2931350,Teixeira de Freitas,IPTU,Theta,2025,25675688.248658635,40866870.85384314
2931350,Teixeira de Freitas,IPTU,Prophet,2025,32150009.887643326,40866870.85384314
2931350,Teixeira de Freitas,IPTU,Ensemble,2025,29873071.99774444,40866870.85384314
2931707,Terra Nova,ISSQN,Naive,2021,303526.560272442,258375.80339938783
2931707,Terra Nova,ISSQN,ETS,2021,349776.8709152733,258375.80339938783
2931707,Terra Nova,ISSQN,SARIMA,2021,281867.05414095015,258375.80339938783
2931707,Terra Nova,ISSQN,Theta,2021,295686.83247354435,258375.80339938783
2931707,Terra Nova,ISSQN,Prophet,2021,349044.3667653974,258375.80339938783
2931707,Terra Nova,ISSQN,Ensemble,2021,319093.7810737913,258375.80339938783
2931707,Terra Nova,ISSQN,Naive,2022,258375.80339938783,350880.84600300057
2931707,Terra Nova,ISSQN,ETS,2022,311782.32245441846,350880.84600300057
2931707,Terra Nova,ISSQN,SARIMA,2022,262728.3201828399,350880.84600300057
2931707,Terra Nova,ISSQN,Theta,2022,263256.5329855763,350880.84600300057
2931707,Terra Nova,ISSQN,Prophet,2022,293446.5321854665,350880.84600300057
2931707,Terra Nova,ISSQN,Ensemble,2022,282803.4269520753,350880.84600300057
2931707,Terra Nova,ISSQN,Naive,2023,350880.84600300057,720031.0081868377
2931707,Terra Nova,ISSQN,ETS,2023,336669.73204767104,720031.0081868377
2931707,Terra Nova,ISSQN,SARIMA,2023,317340.9466900326,720031.0081868377
2931707,Terra Nova,ISSQN,Theta,2023,340724.05690934503,720031.0081868377
2931707,Terra Nova,ISSQN,Prophet,2023,303692.81450212037,720031.0081868377
2931707,Terra Nova,ISSQN,Ensemble,2023,324606.88753729226,720031.0081868377
2931707,Terra Nova,ISSQN,Naive,2024,720031.0081868377,809675.7219716008
2931707,Terra Nova,ISSQN,ETS,2024,1202767.540694897,809675.7219716008
2931707,Terra Nova,ISSQN,SARIMA,2024,904678.6202204521,809675.7219716008
2931707,Terra Nova,ISSQN,Theta,2024,986287.4497936286,809675.7219716008
2931707,Terra Nova,ISSQN,Prophet,2024,515801.57206371526,809675.7219716008
2931707,Terra Nova,ISSQN,Ensemble,2024,902383.7956931733,809675.7219716008
2931707,Terra Nova,ISSQN,Naive,2025,809675.7219716008,1006787.8471272746
2931707,Terra Nova,ISSQN,ETS,2025,1100628.0033403165,1006787.8471272746
2931707,Terra Nova,ISSQN,SARIMA,2025,860271.45498669,1006787.8471272746
2931707,Terra Nova,ISSQN,Theta,2025,943481.8572849998,1006787.8471272746
2931707,Terra Nova,ISSQN,Prophet,2025,823806.0014521327,1006787.8471272746
2931707,Terra Nova,ISSQN,Ensemble,2025,932046.8292660346,1006787.8471272746
2931707,Terra Nova,IPTU,Naive,2021,170136.17030534527,260479.00678199396
2931707,Terra Nova,IPTU,ETS,2021,481812.10037300404,260479.00678199396
2931707,Terra Nova,IPTU,SARIMA,2021,219975.1567435444,260479.00678199396
2931707,Terra Nova,IPTU,Theta,2021,259025.6751250598,260479.00678199396
2931707,Terra Nova,IPTU,Prophet,2021,2024.9745977379723,260479.00678199396
2931707,Terra Nova,IPTU,Ensemble,2021,240709.47670983657,260479.00678199396
2931707,Terra Nova,IPTU,Naive,2022,260479.00678199396,288401.0004972972
2931707,Terra Nova,IPTU,ETS,2022,514956.4863277752,288401.0004972972
2931707,Terra Nova,IPTU,SARIMA,2022,325273.7092069259,288401.0004972972
2931707,Terra Nova,IPTU,Theta,2022,345721.1370921221,288401.0004972972
2931707,Terra Nova,IPTU,Prophet,2022,83685.46863212882,288401.0004972972
2931707,Terra Nova,IPTU,Ensemble,2022,317409.2003147379,288401.0004972972
2931707,Terra Nova,IPTU,Naive,2023,288401.0004972972,243454.18780840267
2931707,Terra Nova,IPTU,ETS,2023,494466.64579065936,243454.18780840267
2931707,Terra Nova,IPTU,SARIMA,2023,330663.7226297346,243454.18780840267
2931707,Terra Nova,IPTU,Theta,2023,365736.7684327579,243454.18780840267
2931707,Terra Nova,IPTU,Prophet,2023,175243.8856445188,243454.18780840267
2931707,Terra Nova,IPTU,Ensemble,2023,341527.7556244178,243454.18780840267
2931707,Terra Nova,IPTU,Naive,2024,243454.18780840267,245978.78079476955
2931707,Terra Nova,IPTU,ETS,2024,423319.8893830333,245978.78079476955
2931707,Terra Nova,IPTU,SARIMA,2024,307494.5264188943,245978.78079476955
2931707,Terra Nova,IPTU,Theta,2024,275605.01831437985,245978.78079476955
2931707,Terra Nova,IPTU,Prophet,2024,218443.08662077523,245978.78079476955
2931707,Terra Nova,IPTU,Ensemble,2024,306215.6301842707,245978.78079476955
2931707,Terra Nova,IPTU,Naive,2025,245978.78079476955,260748.52584454988
2931707,Terra Nova,IPTU,ETS,2025,251814.06001364498,260748.52584454988
2931707,Terra Nova,IPTU,SARIMA,2025,307881.7561322443,260748.52584454988
2931707,Terra Nova,IPTU,Theta,2025,278716.47171656386,260748.52584454988
2931707,Terra Nova,IPTU,Prophet,2025,227518.366547837,260748.52584454988
2931707,Terra Nova,IPTU,Ensemble,2025,266482.6636025726,260748.52584454988
2931400,Teodoro Sampaio,IPTU,Naive,2021,116824.67099005761,94117.2610595873
2931400,Teodoro Sampaio,IPTU,ETS,2021,202029.81044641827,94117.2610595873
2931400,Teodoro Sampaio,IPTU,SARIMA,2021,154674.141711451,94117.2610595873
2931400,Teodoro Sampaio,IPTU,Theta,2021,124695.87620720002,94117.2610595873
2931400,Teodoro Sampaio,IPTU,Prophet,2021,180111.13663471484,94117.2610595873
2931400,Teodoro Sampaio,IPTU,Ensemble,2021,165377.74124994603,94117.2610595873
2931400,Teodoro Sampaio,IPTU,Naive,2022,94117.2610595873,114085.03789859077
2931400,Teodoro Sampaio,IPTU,ETS,2022,213805.38412681027,114085.03789859077
2931400,Teodoro Sampaio,IPTU,SARIMA,2022,88392.53844115385,114085.03789859077
2931400,Teodoro Sampaio,IPTU,Theta,2022,169038.39197314676,114085.03789859077
2931400,Teodoro Sampaio,IPTU,Prophet,2022,134289.47376114104,114085.03789859077
2931400,Teodoro Sampaio,IPTU,Ensemble,2022,151381.447075563,114085.03789859077
2931400,Teodoro Sampaio,IPTU,Naive,2023,114085.03789859077,70493.27831453334
2931400,Teodoro Sampaio,IPTU,ETS,2023,151862.16959320867,70493.27831453334
2931400,Teodoro Sampaio,IPTU,SARIMA,2023,115562.84639128693,70493.27831453334
2931400,Teodoro Sampaio,IPTU,Theta,2023,128259.25986763519,70493.27831453334
2931400,Teodoro Sampaio,IPTU,Prophet,2023,122682.27134440363,70493.27831453334
2931400,Teodoro Sampaio,IPTU,Ensemble,2023,129591.63679913359,70493.27831453334
2931400,Teodoro Sampaio,IPTU,Naive,2024,70493.27831453334,72879.08894198052
2931400,Teodoro Sampaio,IPTU,ETS,2024,73011.74550004156,72879.08894198052
2931400,Teodoro Sampaio,IPTU,SARIMA,2024,40796.07291342787,72879.08894198052
2931400,Teodoro Sampaio,IPTU,Theta,2024,63933.88158070992,72879.08894198052
2931400,Teodoro Sampaio,IPTU,Prophet,2024,85075.09865546181,72879.08894198052
2931400,Teodoro Sampaio,IPTU,Ensemble,2024,65704.1996624103,72879.08894198052
2931400,Teodoro Sampaio,IPTU,Naive,2025,72879.08894198052,64598.17600957104
2931400,Teodoro Sampaio,IPTU,ETS,2025,39702.08388507549,64598.17600957104
2931400,Teodoro Sampaio,IPTU,SARIMA,2025,29921.00777483608,64598.17600957104
2931400,Teodoro Sampaio,IPTU,Theta,2025,45433.20242909844,64598.17600957104
2931400,Teodoro Sampaio,IPTU,Prophet,2025,73034.52309616897,64598.17600957104
2931400,Teodoro Sampaio,IPTU,Ensemble,2025,47022.704296294745,64598.17600957104
2931905,Tucano,ISSQN,Naive,2021,6532978.038657457,9914802.699678348
2931905,Tucano,ISSQN,ETS,2021,7037981.338183039,9914802.699678348
2931905,Tucano,ISSQN,SARIMA,2021,9993926.08409703,9914802.699678348
2931905,Tucano,ISSQN,Theta,2021,8281602.046558341,9914802.699678348
2931905,Tucano,ISSQN,Prophet,2021,6587923.299223339,9914802.699678348
2931905,Tucano,ISSQN,Ensemble,2021,7975358.192015438,9914802.699678348
2931905,Tucano,ISSQN,Naive,2022,9914802.699678348,6579459.190607228
2931905,Tucano,ISSQN,ETS,2022,14417991.570597501,6579459.190607228
2931905,Tucano,ISSQN,SARIMA,2022,13986591.710652368,6579459.190607228
2931905,Tucano,ISSQN,Theta,2022,12504838.41908728,6579459.190607228
2931905,Tucano,ISSQN,Prophet,2022,12964688.357604781,6579459.190607228
2931905,Tucano,ISSQN,Ensemble,2022,13468527.514485482,6579459.190607228
2931905,Tucano,ISSQN,Naive,2023,6579459.190607228,4604434.994374519
2931905,Tucano,ISSQN,ETS,2023,4874744.257824209,4604434.994374519
2931905,Tucano,ISSQN,SARIMA,2023,4112611.9069687864,4604434.994374519
2931905,Tucano,ISSQN,Theta,2023,4519501.869383139,4604434.994374519
2931905,Tucano,ISSQN,Prophet,2023,9020414.77419881,4604434.994374519
2931905,Tucano,ISSQN,Ensemble,2023,5631818.202093735,4604434.994374519
2931905,Tucano,ISSQN,Naive,2024,4604434.994374519,5159166.127902796
2931905,Tucano,ISSQN,ETS,2024,3849277.912659179,5159166.127902796
2931905,Tucano,ISSQN,SARIMA,2024,4089798.7598459767,5159166.127902796
2931905,Tucano,ISSQN,Theta,2024,4296973.520490967,5159166.127902796
2931905,Tucano,ISSQN,Prophet,2024,8047580.461377423,5159166.127902796
2931905,Tucano,ISSQN,Ensemble,2024,5070907.663593385,5159166.127902796
2931905,Tucano,ISSQN,Naive,2025,5159166.127902796,5713897.261431072
2931905,Tucano,ISSQN,ETS,2025,4775655.736690275,5713897.261431072
2931905,Tucano,ISSQN,SARIMA,2025,5675388.900779238,5713897.261431072
2931905,Tucano,ISSQN,Theta,2025,4739838.872553796,5713897.261431072
2931905,Tucano,ISSQN,Prophet,2025,6078700.962667497,5713897.261431072
2931905,Tucano,ISSQN,Ensemble,2025,5317396.1181727005,5713897.261431072
2931905,Tucano,IPTU,Naive,2021,1021004.4802859615,1406005.372118176
2931905,Tucano,IPTU,ETS,2021,1167949.5276308756,1406005.372118176
2931905,Tucano,IPTU,SARIMA,2021,1147748.5964116617,1406005.372118176
2931905,Tucano,IPTU,Theta,2021,1598144.0849320898,1406005.372118176
2931905,Tucano,IPTU,Prophet,2021,1017094.2258452944,1406005.372118176
2931905,Tucano,IPTU,Ensemble,2021,1232734.1087049802,1406005.372118176
2931905,Tucano,IPTU,Naive,2022,1406005.372118176,1452408.9060313115
2931905,Tucano,IPTU,ETS,2022,2218283.3139205375,1452408.9060313115
2931905,Tucano,IPTU,SARIMA,2022,1763719.196032463,1452408.9060313115
2931905,Tucano,IPTU,Theta,2022,1962736.0901004376,1452408.9060313115
2931905,Tucano,IPTU,Prophet,2022,1461119.9701750884,1452408.9060313115
2931905,Tucano,IPTU,Ensemble,2022,1851464.6425571316,1452408.9060313115
2931905,Tucano,IPTU,Naive,2023,1452408.9060313115,1433386.9152176324
2931905,Tucano,IPTU,ETS,2023,1600331.9909830447,1433386.9152176324
2931905,Tucano,IPTU,SARIMA,2023,1409121.4965612146,1433386.9152176324
2931905,Tucano,IPTU,Theta,2023,2000865.2356036957,1433386.9152176324
2931905,Tucano,IPTU,Prophet,2023,1639324.6913774922,1433386.9152176324
2931905,Tucano,IPTU,Ensemble,2023,1662410.853631362,1433386.9152176324
2931905,Tucano,IPTU,Naive,2024,1433386.9152176324,1005853.1830004952
2931905,Tucano,IPTU,ETS,2024,1451473.4339773105,1005853.1830004952
2931905,Tucano,IPTU,SARIMA,2024,1438906.2006342951,1005853.1830004952
2931905,Tucano,IPTU,Theta,2024,1678123.8993083057,1005853.1830004952
2931905,Tucano,IPTU,Prophet,2024,1717337.3806509222,1005853.1830004952
2931905,Tucano,IPTU,Ensemble,2024,1571460.2286427082,1005853.1830004952
2931905,Tucano,IPTU,Naive,2025,1005853.1830004952,1695592.6146363327
2931905,Tucano,IPTU,ETS,2025,1202958.4146086622,1695592.6146363327
2931905,Tucano,IPTU,SARIMA,2025,1281278.9745533967,1695592.6146363327
2931905,Tucano,IPTU,Theta,2025,1354565.8408692016,1695592.6146363327
2931905,Tucano,IPTU,Prophet,2025,1652283.4218479872,1695592.6146363327
2931905,Tucano,IPTU,Ensemble,2025,1372771.6629698118,1695592.6146363327
2932309,Ubatã,ISSQN,Naive,2021,1065974.3392816414,1016642.1561389889
2932309,Ubatã,ISSQN,ETS,2021,1410657.6269247322,1016642.1561389889
2932309,Ubatã,ISSQN,SARIMA,2021,1460529.304190919,1016642.1561389889
2932309,Ubatã,ISSQN,Theta,2021,1206477.579117536,1016642.1561389889
2932309,Ubatã,ISSQN,Prophet,2021,1276894.7553066865,1016642.1561389889
2932309,Ubatã,ISSQN,Ensemble,2021,1338639.8163849686,1016642.1561389889
2932309,Ubatã,ISSQN,Naive,2022,1016642.1561389889,1801276.7123892428
2932309,Ubatã,ISSQN,ETS,2022,1317501.9573415632,1801276.7123892428
2932309,Ubatã,ISSQN,SARIMA,2022,1288726.101472217,1801276.7123892428
2932309,Ubatã,ISSQN,Theta,2022,1197083.3835772292,1801276.7123892428
2932309,Ubatã,ISSQN,Prophet,2022,1209846.6974516744,1801276.7123892428
2932309,Ubatã,ISSQN,Ensemble,2022,1253289.5349606709,1801276.7123892428
2932309,Ubatã,ISSQN,Naive,2023,1801276.7123892428,1218028.104629574
2932309,Ubatã,ISSQN,ETS,2023,1448161.3934460082,1218028.104629574
2932309,Ubatã,ISSQN,SARIMA,2023,1882663.5440729659,1218028.104629574
2932309,Ubatã,ISSQN,Theta,2023,2072555.0892844782,1218028.104629574
2932309,Ubatã,ISSQN,Prophet,2023,1626596.1843428165,1218028.104629574
2932309,Ubatã,ISSQN,Ensemble,2023,1757494.0527865672,1218028.104629574
2932309,Ubatã,ISSQN,Naive,2024,1218028.104629574,2331084.4029037524
2932309,Ubatã,ISSQN,ETS,2024,1512274.472790964,2331084.4029037524
2932309,Ubatã,ISSQN,SARIMA,2024,1586165.155912657,2331084.4029037524
2932309,Ubatã,ISSQN,Theta,2024,1561733.1928231004,2331084.4029037524
2932309,Ubatã,ISSQN,Prophet,2024,1592303.916660677,2331084.4029037524
2932309,Ubatã,ISSQN,Ensemble,2024,1563119.1845468497,2331084.4029037524
2932309,Ubatã,ISSQN,Naive,2025,2331084.4029037524,2659646.409921579
2932309,Ubatã,ISSQN,ETS,2025,1770846.4593529159,2659646.409921579
2932309,Ubatã,ISSQN,SARIMA,2025,1997329.0655956927,2659646.409921579
2932309,Ubatã,ISSQN,Theta,2025,2784292.498875252,2659646.409921579
2932309,Ubatã,ISSQN,Prophet,2025,2708672.1830859403,2659646.409921579
2932309,Ubatã,ISSQN,Ensemble,2025,2315285.0517274505,2659646.409921579
2931509,Teofilândia,ISSQN,Naive,2021,1503972.7416369135,1559393.6913721026
2931509,Teofilândia,ISSQN,ETS,2021,1426401.67526668,1559393.6913721026
2931509,Teofilândia,ISSQN,SARIMA,2021,1031967.8005466395,1559393.6913721026
2931509,Teofilândia,ISSQN,Theta,2021,1504394.157276533,1559393.6913721026
2931509,Teofilândia,ISSQN,Prophet,2021,1641444.4295903195,1559393.6913721026
2931509,Teofilândia,ISSQN,Ensemble,2021,1401052.0156700427,1559393.6913721026
2931509,Teofilândia,ISSQN,Naive,2022,1559393.6913721026,1614814.641107292
2931509,Teofilândia,ISSQN,ETS,2022,1665274.6692986598,1614814.641107292
2931509,Teofilândia,ISSQN,SARIMA,2022,1597424.9087351654,1614814.641107292
2931509,Teofilândia,ISSQN,Theta,2022,1594289.9046624103,1614814.641107292
2931509,Teofilândia,ISSQN,Prophet,2022,1784946.5280349506,1614814.641107292
2931509,Teofilândia,ISSQN,Ensemble,2022,1660484.0026827962,1614814.641107292
2931509,Teofilândia,ISSQN,Naive,2023,1614814.641107292,2297723.5014643595
2931509,Teofilândia,ISSQN,ETS,2023,1981141.5687938996,2297723.5014643595
2931509,Teofilândia,ISSQN,SARIMA,2023,1501412.835022352,2297723.5014643595
2931509,Teofilândia,ISSQN,Theta,2023,1801235.560240996,2297723.5014643595
2931509,Teofilândia,ISSQN,Prophet,2023,1814106.636054531,2297723.5014643595
2931509,Teofilândia,ISSQN,Ensemble,2023,1774474.1500279447,2297723.5014643595
2931509,Teofilândia,ISSQN,Naive,2024,2297723.5014643595,2878163.731910648
2931509,Teofilândia,ISSQN,ETS,2024,2653994.3502918785,2878163.731910648
2931509,Teofilândia,ISSQN,SARIMA,2024,2562920.8613704783,2878163.731910648
2931509,Teofilândia,ISSQN,Theta,2024,2699996.2840702287,2878163.731910648
2931509,Teofilândia,ISSQN,Prophet,2024,2192965.745812854,2878163.731910648
2931509,Teofilândia,ISSQN,Ensemble,2024,2527469.3103863597,2878163.731910648
2931509,Teofilândia,ISSQN,Naive,2025,2878163.731910648,3337359.0139786266
2931509,Teofilândia,ISSQN,ETS,2025,3576393.080497547,3337359.0139786266
2931509,Teofilândia,ISSQN,SARIMA,2025,2695118.683421919,3337359.0139786266
2931509,Teofilândia,ISSQN,Theta,2025,3229936.4957874957,3337359.0139786266
2931509,Teofilândia,ISSQN,Prophet,2025,2611942.429376467,3337359.0139786266
2931509,Teofilândia,ISSQN,Ensemble,2025,3028347.6722708573,3337359.0139786266
2932309,Ubatã,IPTU,Naive,2021,288853.7004459455,453339.1443611599
2932309,Ubatã,IPTU,ETS,2021,357737.5738249085,453339.1443611599
2932309,Ubatã,IPTU,SARIMA,2021,395991.1934228503,453339.1443611599
2932309,Ubatã,IPTU,Theta,2021,385151.5105419052,453339.1443611599
2932309,Ubatã,IPTU,Prophet,2021,375973.37503457826,453339.1443611599
2932309,Ubatã,IPTU,Ensemble,2021,378713.4132060606,453339.1443611599
2932309,Ubatã,IPTU,Naive,2022,453339.1443611599,323649.78398789954
2932309,Ubatã,IPTU,ETS,2022,404487.78458689805,323649.78398789954
2932309,Ubatã,IPTU,SARIMA,2022,330608.3595983685,323649.78398789954
2932309,Ubatã,IPTU,Theta,2022,462321.71400074643,323649.78398789954
2932309,Ubatã,IPTU,Prophet,2022,452284.1589676896,323649.78398789954
2932309,Ubatã,IPTU,Ensemble,2022,412425.50428842555,323649.78398789954
2932309,Ubatã,IPTU,Naive,2023,323649.78398789954,401006.2843820378
2932309,Ubatã,IPTU,ETS,2023,374513.82297400496,401006.2843820378
2932309,Ubatã,IPTU,SARIMA,2023,446272.3610743207,401006.2843820378
2932309,Ubatã,IPTU,Theta,2023,451191.4296517624,401006.2843820378
2932309,Ubatã,IPTU,Prophet,2023,438910.1578973657,401006.2843820378
2932309,Ubatã,IPTU,Ensemble,2023,427721.9428993635,401006.2843820378
2932309,Ubatã,IPTU,Naive,2024,401006.2843820378,518814.0782346922
2932309,Ubatã,IPTU,ETS,2024,345270.13228763494,518814.0782346922
2932309,Ubatã,IPTU,SARIMA,2024,261566.99670540198,518814.0782346922
2932309,Ubatã,IPTU,Theta,2024,315746.7511032685,518814.0782346922
2932309,Ubatã,IPTU,Prophet,2024,458430.776244205,518814.0782346922
2932309,Ubatã,IPTU,Ensemble,2024,345253.6640851276,518814.0782346922
2932309,Ubatã,IPTU,Naive,2025,518814.0782346922,308709.6439676441
2932309,Ubatã,IPTU,ETS,2025,450087.84419304586,308709.6439676441
2932309,Ubatã,IPTU,SARIMA,2025,418207.5297707679,308709.6439676441
2932309,Ubatã,IPTU,Theta,2025,498908.71623513673,308709.6439676441
2932309,Ubatã,IPTU,Prophet,2025,518410.3104159045,308709.6439676441
2932309,Ubatã,IPTU,Ensemble,2025,471403.60015371384,308709.6439676441
2932002,Uauá,ISSQN,Naive,2021,1756583.5618886093,1222290.3729727685
2932002,Uauá,ISSQN,ETS,2021,1986936.0418968564,1222290.3729727685
2932002,Uauá,ISSQN,SARIMA,2021,1483442.9542355514,1222290.3729727685
2932002,Uauá,ISSQN,Theta,2021,1870121.1368013131,1222290.3729727685
2932002,Uauá,ISSQN,Prophet,2021,1605665.8533205895,1222290.3729727685
2932002,Uauá,ISSQN,Ensemble,2021,1736541.4965635776,1222290.3729727685
2932002,Uauá,ISSQN,Naive,2022,1222290.3729727685,1934790.8019754838
2932002,Uauá,ISSQN,ETS,2022,1889516.6468015958,1934790.8019754838
2932002,Uauá,ISSQN,SARIMA,2022,1429415.1472674834,1934790.8019754838
2932002,Uauá,ISSQN,Theta,2022,1462469.0571477748,1934790.8019754838
2932002,Uauá,ISSQN,Prophet,2022,1327552.4183916103,1934790.8019754838
2932002,Uauá,ISSQN,Ensemble,2022,1527238.317402116,1934790.8019754838
2932002,Uauá,ISSQN,Naive,2023,1934790.8019754838,1992369.1755435718
2932002,Uauá,ISSQN,ETS,2023,1896382.230954575,1992369.1755435718
2932002,Uauá,ISSQN,SARIMA,2023,1474895.7658451656,1992369.1755435718
2932002,Uauá,ISSQN,Theta,2023,1896533.7960952155,1992369.1755435718
2932002,Uauá,ISSQN,Prophet,2023,1538210.1816658513,1992369.1755435718
2932002,Uauá,ISSQN,Ensemble,2023,1701505.4936402019,1992369.1755435718
2932002,Uauá,ISSQN,Naive,2024,1992369.1755435718,3081695.7148571084
2932002,Uauá,ISSQN,ETS,2024,1894183.502747136,3081695.7148571084
2932002,Uauá,ISSQN,SARIMA,2024,1614256.521067994,3081695.7148571084
2932002,Uauá,ISSQN,Theta,2024,2129075.517394628,3081695.7148571084
2932002,Uauá,ISSQN,Prophet,2024,1679237.2709782438,3081695.7148571084
2932002,Uauá,ISSQN,Ensemble,2024,1829188.2030470006,3081695.7148571084
2932002,Uauá,ISSQN,Naive,2025,3081695.7148571084,3522478.2427974255
2932002,Uauá,ISSQN,ETS,2025,3061368.963322739,3522478.2427974255
2932002,Uauá,ISSQN,SARIMA,2025,3306689.510127443,3522478.2427974255
2932002,Uauá,ISSQN,Theta,2025,3109605.4367122664,3522478.2427974255
2932002,Uauá,ISSQN,Prophet,2025,2403538.5705117993,3522478.2427974255
2932002,Uauá,ISSQN,Ensemble,2025,2970300.620168562,3522478.2427974255
2932002,Uauá,IPTU,Naive,2021,160748.75190368644,173736.02534500192
2932002,Uauá,IPTU,ETS,2021,166123.67209360906,173736.02534500192
2932002,Uauá,IPTU,SARIMA,2021,217951.6983364787,173736.02534500192
2932002,Uauá,IPTU,Theta,2021,183592.38760112936,173736.02534500192
2932002,Uauá,IPTU,Prophet,2021,176838.62762511187,173736.02534500192
2932002,Uauá,IPTU,Ensemble,2021,186126.59641408228,173736.02534500192
2932002,Uauá,IPTU,Naive,2022,173736.02534500192,157441.6482014365
2932002,Uauá,IPTU,ETS,2022,166781.56027984395,157441.6482014365
2932002,Uauá,IPTU,SARIMA,2022,203075.32842564807,157441.6482014365
2932002,Uauá,IPTU,Theta,2022,212256.5786785,157441.6482014365
2932002,Uauá,IPTU,Prophet,2022,201255.67697284016,157441.6482014365
2932002,Uauá,IPTU,Ensemble,2022,195842.28608920804,157441.6482014365
2932002,Uauá,IPTU,Naive,2023,157441.6482014365,198839.79121528714
2932002,Uauá,IPTU,ETS,2023,142723.45828125632,198839.79121528714
2932002,Uauá,IPTU,SARIMA,2023,118671.89877819315,198839.79121528714
2932002,Uauá,IPTU,Theta,2023,140906.20594635967,198839.79121528714
2932002,Uauá,IPTU,Prophet,2023,205804.46861914973,198839.79121528714
2932002,Uauá,IPTU,Ensemble,2023,152026.5079062397,198839.79121528714
2932002,Uauá,IPTU,Naive,2024,198839.79121528714,274357.1496630399
2932002,Uauá,IPTU,ETS,2024,186518.50932704128,274357.1496630399
2932002,Uauá,IPTU,SARIMA,2024,210050.85927978728,274357.1496630399
2932002,Uauá,IPTU,Theta,2024,282380.8559834424,274357.1496630399
2932002,Uauá,IPTU,Prophet,2024,221465.78083605767,274357.1496630399
2932002,Uauá,IPTU,Ensemble,2024,225104.0013565822,274357.1496630399
2932002,Uauá,IPTU,Naive,2025,274357.1496630399,336779.77960282576
2932002,Uauá,IPTU,ETS,2025,257477.8483657683,336779.77960282576
2932002,Uauá,IPTU,SARIMA,2025,159336.97982193343,336779.77960282576
2932002,Uauá,IPTU,Theta,2025,197731.513015843,336779.77960282576
2932002,Uauá,IPTU,Prophet,2025,275126.64142101596,336779.77960282576
2932002,Uauá,IPTU,Ensemble,2025,222418.24565614015,336779.77960282576
2932408,Uibaí,IPTU,Naive,2021,124382.38818651323,147771.6516818982
2932408,Uibaí,IPTU,ETS,2021,148041.41783139083,147771.6516818982
2932408,Uibaí,IPTU,SARIMA,2021,69684.6744944838,147771.6516818982
2932408,Uibaí,IPTU,Theta,2021,152819.34993898962,147771.6516818982
2932408,Uibaí,IPTU,Prophet,2021,86542.70859860683,147771.6516818982
2932408,Uibaí,IPTU,Ensemble,2021,114272.03771586777,147771.6516818982
2932408,Uibaí,IPTU,Naive,2022,147771.6516818982,78823.06616218598
2932408,Uibaí,IPTU,ETS,2022,166080.80260252167,78823.06616218598
2932408,Uibaí,IPTU,SARIMA,2022,76606.16756482155,78823.06616218598
2932408,Uibaí,IPTU,Theta,2022,166535.00150686078,78823.06616218598
2932408,Uibaí,IPTU,Prophet,2022,128405.55535227501,78823.06616218598
2932408,Uibaí,IPTU,Ensemble,2022,134406.88175661975,78823.06616218598
2932408,Uibaí,IPTU,Naive,2023,78823.06616218598,70880.58999426648
2932408,Uibaí,IPTU,ETS,2023,125083.32623346245,70880.58999426648
2932408,Uibaí,IPTU,SARIMA,2023,61255.14374624904,70880.58999426648
2932408,Uibaí,IPTU,Theta,2023,89863.27782605257,70880.58999426648
2932408,Uibaí,IPTU,Prophet,2023,111545.22419392999,70880.58999426648
2932408,Uibaí,IPTU,Ensemble,2023,96936.74299992352,70880.58999426648
2932408,Uibaí,IPTU,Naive,2024,70880.58999426648,55856.52858133844
2932408,Uibaí,IPTU,ETS,2024,93864.10024164294,55856.52858133844
2932408,Uibaí,IPTU,SARIMA,2024,43070.894446300605,55856.52858133844
2932408,Uibaí,IPTU,Theta,2024,72170.9687558495,55856.52858133844
2932408,Uibaí,IPTU,Prophet,2024,99610.74741167352,55856.52858133844
2932408,Uibaí,IPTU,Ensemble,2024,77179.17771386665,55856.52858133844
2932408,Uibaí,IPTU,Naive,2025,55856.52858133844,55856.52858133844
2932408,Uibaí,IPTU,ETS,2025,139938.99662083384,55856.52858133844
2932408,Uibaí,IPTU,SARIMA,2025,50303.817279661096,55856.52858133844
2932408,Uibaí,IPTU,Theta,2025,110985.57732170488,55856.52858133844
2932408,Uibaí,IPTU,Prophet,2025,80203.24951173789,55856.52858133844
2932408,Uibaí,IPTU,Ensemble,2025,95357.91018348442,55856.52858133844
2932804,Utinga,ISSQN,Naive,2021,1069933.6739521588,927291.6604568609
2932804,Utinga,ISSQN,ETS,2021,1293759.3880345337,927291.6604568609
2932804,Utinga,ISSQN,SARIMA,2021,1157229.7727008376,927291.6604568609
2932804,Utinga,ISSQN,Theta,2021,1222346.765328165,927291.6604568609
2932804,Utinga,ISSQN,Prophet,2021,1085693.259457494,927291.6604568609
2932804,Utinga,ISSQN,Ensemble,2021,1189757.2963802577,927291.6604568609
2932804,Utinga,ISSQN,Naive,2022,927291.6604568609,1112165.588331628
2932804,Utinga,ISSQN,ETS,2022,969832.9861759173,1112165.588331628
2932804,Utinga,ISSQN,SARIMA,2022,925773.6272021026,1112165.588331628
2932804,Utinga,ISSQN,Theta,2022,1023209.2107060406,1112165.588331628
2932804,Utinga,ISSQN,Prophet,2022,974993.7031656264,1112165.588331628
2932804,Utinga,ISSQN,Ensemble,2022,973452.3818124216,1112165.588331628
2932804,Utinga,ISSQN,Naive,2023,1112165.588331628,1729914.517380468
2932804,Utinga,ISSQN,ETS,2023,1290157.3063628152,1729914.517380468
2932804,Utinga,ISSQN,SARIMA,2023,1076923.6571041034,1729914.517380468
2932804,Utinga,ISSQN,Theta,2023,1165837.0070865224,1729914.517380468
2932804,Utinga,ISSQN,Prophet,2023,1018159.3626817844,1729914.517380468
2932804,Utinga,ISSQN,Ensemble,2023,1137769.3333088064,1729914.517380468
2932804,Utinga,ISSQN,Naive,2024,1729914.517380468,1228176.7903259273
2932804,Utinga,ISSQN,ETS,2024,1635061.6113768204,1228176.7903259273
2932804,Utinga,ISSQN,SARIMA,2024,1902399.1851224643,1228176.7903259273
2932804,Utinga,ISSQN,Theta,2024,1882051.4205665546,1228176.7903259273
2932804,Utinga,ISSQN,Prophet,2024,1365997.4254332173,1228176.7903259273
2932804,Utinga,ISSQN,Ensemble,2024,1696377.4106247644,1228176.7903259273
2932804,Utinga,ISSQN,Naive,2025,1228176.7903259273,1040733.5752921769
2932804,Utinga,ISSQN,ETS,2025,1302789.4894692379,1040733.5752921769
2932804,Utinga,ISSQN,SARIMA,2025,1141507.0631327103,1040733.5752921769
2932804,Utinga,ISSQN,Theta,2025,1437339.6927386296,1040733.5752921769
2932804,Utinga,ISSQN,Prophet,2025,1394067.3158337574,1040733.5752921769
2932804,Utinga,ISSQN,Ensemble,2025,1318925.8902935837,1040733.5752921769
2932457,Umburanas,ISSQN,Naive,2021,416841.46208329307,399934.1907020159
2932457,Umburanas,ISSQN,ETS,2021,-210689.79952262226,399934.1907020159
2932457,Umburanas,ISSQN,SARIMA,2021,378652.83652596717,399934.1907020159
2932457,Umburanas,ISSQN,Theta,2021,352146.52703652356,399934.1907020159
2932457,Umburanas,ISSQN,Prophet,2021,-212660.95388973763,399934.1907020159
2932457,Umburanas,ISSQN,Ensemble,2021,76862.1525375327,399934.1907020159
2932457,Umburanas,ISSQN,Naive,2022,399934.1907020159,383026.9193207387
2932457,Umburanas,ISSQN,ETS,2022,473789.46865790314,383026.9193207387
2932457,Umburanas,ISSQN,SARIMA,2022,483453.1648296845,383026.9193207387
2932457,Umburanas,ISSQN,Theta,2022,475239.0051420773,383026.9193207387
2932457,Umburanas,ISSQN,Prophet,2022,-194420.83156092657,383026.9193207387
2932457,Umburanas,ISSQN,Ensemble,2022,309515.20176718454,383026.9193207387
2932457,Umburanas,ISSQN,Naive,2023,383026.9193207387,798466.5354952405
2932457,Umburanas,ISSQN,ETS,2023,456827.50554931484,798466.5354952405
2932457,Umburanas,ISSQN,SARIMA,2023,360452.023814471,798466.5354952405
2932457,Umburanas,ISSQN,Theta,2023,577229.7436521519,798466.5354952405
2932457,Umburanas,ISSQN,Prophet,2023,-129358.88064344806,798466.5354952405
2932457,Umburanas,ISSQN,Ensemble,2023,316287.5980931224,798466.5354952405
2932457,Umburanas,ISSQN,Naive,2024,798466.5354952405,859127.7582209113
2932457,Umburanas,ISSQN,ETS,2024,613947.8394345758,859127.7582209113
2932457,Umburanas,ISSQN,SARIMA,2024,604942.1149113908,859127.7582209113
2932457,Umburanas,ISSQN,Theta,2024,391270.9653133274,859127.7582209113
2932457,Umburanas,ISSQN,Prophet,2024,351539.9152820308,859127.7582209113
2932457,Umburanas,ISSQN,Ensemble,2024,490425.20873533125,859127.7582209113
2932457,Umburanas,ISSQN,Naive,2025,859127.7582209113,1578377.5969674564
2932457,Umburanas,ISSQN,ETS,2025,880180.4567392124,1578377.5969674564
2932457,Umburanas,ISSQN,SARIMA,2025,567422.569803096,1578377.5969674564
2932457,Umburanas,ISSQN,Theta,2025,1012020.3682481943,1578377.5969674564
2932457,Umburanas,ISSQN,Prophet,2025,464220.8323479671,1578377.5969674564
2932457,Umburanas,ISSQN,Ensemble,2025,730961.0567846175,1578377.5969674564
2932408,Uibaí,ISSQN,Naive,2021,2743589.4667421966,4527116.335786755
2932408,Uibaí,ISSQN,ETS,2021,3231229.019273429,4527116.335786755
2932408,Uibaí,ISSQN,SARIMA,2021,5146079.710703908,4527116.335786755
2932408,Uibaí,ISSQN,Theta,2021,4341075.144347422,4527116.335786755
2932408,Uibaí,ISSQN,Prophet,2021,4236711.168655816,4527116.335786755
2932408,Uibaí,ISSQN,Ensemble,2021,4238773.7607451435,4527116.335786755
2932408,Uibaí,ISSQN,Naive,2022,4527116.335786755,5251261.396062745
2932408,Uibaí,ISSQN,ETS,2022,5279795.386991553,5251261.396062745
2932408,Uibaí,ISSQN,SARIMA,2022,7091324.340663362,5251261.396062745
2932408,Uibaí,ISSQN,Theta,2022,7233957.254294653,5251261.396062745
2932408,Uibaí,ISSQN,Prophet,2022,6458740.057235833,5251261.396062745
2932408,Uibaí,ISSQN,Ensemble,2022,6515954.259796349,5251261.396062745
2932408,Uibaí,ISSQN,Naive,2023,5251261.396062745,2605907.2917187316
2932408,Uibaí,ISSQN,ETS,2023,4304503.761942117,2605907.2917187316
2932408,Uibaí,ISSQN,SARIMA,2023,4423747.467719287,2605907.2917187316
2932408,Uibaí,ISSQN,Theta,2023,5347463.948231617,2605907.2917187316
2932408,Uibaí,ISSQN,Prophet,2023,6129819.549044738,2605907.2917187316
2932408,Uibaí,ISSQN,Ensemble,2023,5051383.681734439,2605907.2917187316
2932408,Uibaí,ISSQN,Naive,2024,2605907.2917187316,3507426.311194529
2932408,Uibaí,ISSQN,ETS,2024,1850024.4624971808,3507426.311194529
2932408,Uibaí,ISSQN,SARIMA,2024,1301946.8592497963,3507426.311194529
2932408,Uibaí,ISSQN,Theta,2024,1643129.5643670687,3507426.311194529
2932408,Uibaí,ISSQN,Prophet,2024,4660825.548569769,3507426.311194529
2932408,Uibaí,ISSQN,Ensemble,2024,2363981.6086709537,3507426.311194529
2932408,Uibaí,ISSQN,Naive,2025,3507426.311194529,9071938.638751255
2932408,Uibaí,ISSQN,ETS,2025,5055061.036626929,9071938.638751255
2932408,Uibaí,ISSQN,SARIMA,2025,6462934.189190135,9071938.638751255
2932408,Uibaí,ISSQN,Theta,2025,8146515.910029208,9071938.638751255
2932408,Uibaí,ISSQN,Prophet,2025,4790113.945628028,9071938.638751255
2932408,Uibaí,ISSQN,Ensemble,2025,6113656.270368575,9071938.638751255
2933000,Valente,IPTU,Naive,2021,291900.9429319957,347276.26425877697
2933000,Valente,IPTU,ETS,2021,328957.53391853615,347276.26425877697
2933000,Valente,IPTU,SARIMA,2021,168702.3694064234,347276.26425877697
2933000,Valente,IPTU,Theta,2021,601034.5978985549,347276.26425877697
2933000,Valente,IPTU,Prophet,2021,280101.70329396793,347276.26425877697
2933000,Valente,IPTU,Ensemble,2021,344699.0511293705,347276.26425877697
2933000,Valente,IPTU,Naive,2022,347276.26425877697,320869.5634931005
2933000,Valente,IPTU,ETS,2022,414653.96308358054,320869.5634931005
2933000,Valente,IPTU,SARIMA,2022,222485.8217659319,320869.5634931005
2933000,Valente,IPTU,Theta,2022,474137.14641974313,320869.5634931005
2933000,Valente,IPTU,Prophet,2022,338756.914049984,320869.5634931005
2933000,Valente,IPTU,Ensemble,2022,362508.4613298099,320869.5634931005
2933000,Valente,IPTU,Naive,2023,320869.5634931005,269580.4043729498
2933000,Valente,IPTU,ETS,2023,500085.20446120476,269580.4043729498
2933000,Valente,IPTU,SARIMA,2023,268722.87086709845,269580.4043729498
2933000,Valente,IPTU,Theta,2023,595658.9951753438,269580.4043729498
2933000,Valente,IPTU,Prophet,2023,313456.2754604127,269580.4043729498
2933000,Valente,IPTU,Ensemble,2023,419480.8364910148,269580.4043729498
2933000,Valente,IPTU,Naive,2024,269580.4043729498,264741.71663900244
2933000,Valente,IPTU,ETS,2024,394117.8750960058,264741.71663900244
2933000,Valente,IPTU,SARIMA,2024,171737.00322214892,264741.71663900244
2933000,Valente,IPTU,Theta,2024,343559.7652464373,264741.71663900244
2933000,Valente,IPTU,Prophet,2024,325781.1831053305,264741.71663900244
2933000,Valente,IPTU,Ensemble,2024,308798.9566674806,264741.71663900244
2933000,Valente,IPTU,Naive,2025,264741.71663900244,240359.1669976598
2933000,Valente,IPTU,ETS,2025,359724.04469840456,240359.1669976598
2933000,Valente,IPTU,SARIMA,2025,326338.1987372014,240359.1669976598
2933000,Valente,IPTU,Theta,2025,361362.3357313327,240359.1669976598
2933000,Valente,IPTU,Prophet,2025,353808.8765824885,240359.1669976598
2933000,Valente,IPTU,Ensemble,2025,350308.36393735674,240359.1669976598
2933307,Vitória da Conquista,IPTU,Naive,2021,43023420.70890444,58335539.57592334
2933307,Vitória da Conquista,IPTU,ETS,2021,53327655.17349621,58335539.57592334
2933307,Vitória da Conquista,IPTU,SARIMA,2021,59579576.80787093,58335539.57592334
2933307,Vitória da Conquista,IPTU,Theta,2021,52893069.27581172,58335539.57592334
2933307,Vitória da Conquista,IPTU,Prophet,2021,48163465.48444123,58335539.57592334
2933307,Vitória da Conquista,IPTU,Ensemble,2021,53490941.685405016,58335539.57592334
2933307,Vitória da Conquista,IPTU,Naive,2022,58335539.57592334,52841028.33894921
2933307,Vitória da Conquista,IPTU,ETS,2022,57843698.56072763,52841028.33894921
2933307,Vitória da Conquista,IPTU,SARIMA,2022,73345866.95175125,52841028.33894921
2933307,Vitória da Conquista,IPTU,Theta,2022,73942655.32670096,52841028.33894921
2933307,Vitória da Conquista,IPTU,Prophet,2022,57296108.940058276,52841028.33894921
2933307,Vitória da Conquista,IPTU,Ensemble,2022,65607082.44480952,52841028.33894921
2933307,Vitória da Conquista,IPTU,Naive,2023,52841028.33894921,63217738.81592752
2933307,Vitória da Conquista,IPTU,ETS,2023,62502542.180049315,63217738.81592752
2933307,Vitória da Conquista,IPTU,SARIMA,2023,65910398.51718676,63217738.81592752
2933307,Vitória da Conquista,IPTU,Theta,2023,67532840.59536657,63217738.81592752
2933307,Vitória da Conquista,IPTU,Prophet,2023,55804146.300782956,63217738.81592752
2933307,Vitória da Conquista,IPTU,Ensemble,2023,62937481.898346394,63217738.81592752
2933307,Vitória da Conquista,IPTU,Naive,2024,63217738.81592752,69671527.25611578
2933307,Vitória da Conquista,IPTU,ETS,2024,66249006.860576265,69671527.25611578
2933307,Vitória da Conquista,IPTU,SARIMA,2024,74607235.01287037,69671527.25611578
2933307,Vitória da Conquista,IPTU,Theta,2024,69977147.09198318,69671527.25611578
2933307,Vitória da Conquista,IPTU,Prophet,2024,62945646.99602418,69671527.25611578
2933307,Vitória da Conquista,IPTU,Ensemble,2024,68444758.9903635,69671527.25611578
2933307,Vitória da Conquista,IPTU,Naive,2025,69671527.25611578,81657067.4366213
2933307,Vitória da Conquista,IPTU,ETS,2025,72098663.37227835,81657067.4366213
2933307,Vitória da Conquista,IPTU,SARIMA,2025,84036364.40850674,81657067.4366213
2933307,Vitória da Conquista,IPTU,Theta,2025,75962806.20215261,81657067.4366213
2933307,Vitória da Conquista,IPTU,Prophet,2025,69464735.39890644,81657067.4366213
2933307,Vitória da Conquista,IPTU,Ensemble,2025,75390642.34546103,81657067.4366213
2933307,Vitória da Conquista,ISSQN,Naive,2021,89096471.89477837,103613938.30708757
2933307,Vitória da Conquista,ISSQN,ETS,2021,96234207.73254603,103613938.30708757
2933307,Vitória da Conquista,ISSQN,SARIMA,2021,95293796.30004969,103613938.30708757
2933307,Vitória da Conquista,ISSQN,Theta,2021,100461721.49089174,103613938.30708757
2933307,Vitória da Conquista,ISSQN,Prophet,2021,96680616.65454203,103613938.30708757
2933307,Vitória da Conquista,ISSQN,Ensemble,2021,97167585.54450737,103613938.30708757
2933307,Vitória da Conquista,ISSQN,Naive,2022,103613938.30708757,150179383.0365555
2933307,Vitória da Conquista,ISSQN,ETS,2022,110899497.97380516,150179383.0365555
2933307,Vitória da Conquista,ISSQN,SARIMA,2022,110187007.81301904,150179383.0365555
2933307,Vitória da Conquista,ISSQN,Theta,2022,114688297.24042264,150179383.0365555
2933307,Vitória da Conquista,ISSQN,Prophet,2022,103143574.74688035,150179383.0365555
2933307,Vitória da Conquista,ISSQN,Ensemble,2022,109729594.44353181,150179383.0365555
2933307,Vitória da Conquista,ISSQN,Naive,2023,150179383.0365555,137359002.8435565
2933307,Vitória da Conquista,ISSQN,ETS,2023,134487729.84758922,137359002.8435565
2933307,Vitória da Conquista,ISSQN,SARIMA,2023,147021826.8908732,137359002.8435565
2933307,Vitória da Conquista,ISSQN,Theta,2023,147552237.40458456,137359002.8435565
2933307,Vitória da Conquista,ISSQN,Prophet,2023,162624888.01311603,137359002.8435565
2933307,Vitória da Conquista,ISSQN,Ensemble,2023,147921670.53904074,137359002.8435565
2933307,Vitória da Conquista,ISSQN,Naive,2024,137359002.8435565,155934101.52930996
2933307,Vitória da Conquista,ISSQN,ETS,2024,142794785.3819281,155934101.52930996
2933307,Vitória da Conquista,ISSQN,SARIMA,2024,142315110.64757156,155934101.52930996
2933307,Vitória da Conquista,ISSQN,Theta,2024,149674165.49297398,155934101.52930996
2933307,Vitória da Conquista,ISSQN,Prophet,2024,151311560.14632964,155934101.52930996
2933307,Vitória da Conquista,ISSQN,Ensemble,2024,146523905.4172008,155934101.52930996
2933307,Vitória da Conquista,ISSQN,Naive,2025,155934101.52930996,159339239.86016774
2933307,Vitória da Conquista,ISSQN,ETS,2025,158701769.9376789,159339239.86016774
2933307,Vitória da Conquista,ISSQN,SARIMA,2025,170483277.33563006,159339239.86016774
2933307,Vitória da Conquista,ISSQN,Theta,2025,163183976.76926768,159339239.86016774
2933307,Vitória da Conquista,ISSQN,Prophet,2025,164143913.78105372,159339239.86016774
2933307,Vitória da Conquista,ISSQN,Ensemble,2025,164128234.45590758,159339239.86016774
2933208,Vera Cruz,ISSQN,Naive,2021,4430953.788770286,8240287.674714428
2933208,Vera Cruz,ISSQN,ETS,2021,3921074.3943136204,8240287.674714428
2933208,Vera Cruz,ISSQN,SARIMA,2021,3423373.495350519,8240287.674714428
2933208,Vera Cruz,ISSQN,Theta,2021,3409961.4052024726,8240287.674714428
2933208,Vera Cruz,ISSQN,Prophet,2021,4417253.239292236,8240287.674714428
2933208,Vera Cruz,ISSQN,Ensemble,2021,3792915.633539712,8240287.674714428
2933208,Vera Cruz,ISSQN,Naive,2022,8240287.674714428,5482398.825586165
2933208,Vera Cruz,ISSQN,ETS,2022,5510968.94206894,5482398.825586165
2933208,Vera Cruz,ISSQN,SARIMA,2022,6646187.845715584,5482398.825586165
2933208,Vera Cruz,ISSQN,Theta,2022,5210398.444654331,5482398.825586165
2933208,Vera Cruz,ISSQN,Prophet,2022,5666106.319043542,5482398.825586165
2933208,Vera Cruz,ISSQN,Ensemble,2022,5758415.3878705995,5482398.825586165
2933208,Vera Cruz,ISSQN,Naive,2023,5482398.825586165,6811266.723335741
2933208,Vera Cruz,ISSQN,ETS,2023,6148651.243779414,6811266.723335741
2933208,Vera Cruz,ISSQN,SARIMA,2023,5689115.864341534,6811266.723335741
2933208,Vera Cruz,ISSQN,Theta,2023,5825394.619145771,6811266.723335741
2933208,Vera Cruz,ISSQN,Prophet,2023,5101434.019814165,6811266.723335741
2933208,Vera Cruz,ISSQN,Ensemble,2023,5691148.936770222,6811266.723335741
2933208,Vera Cruz,ISSQN,Naive,2024,6811266.723335741,12387075.03456916
2933208,Vera Cruz,ISSQN,ETS,2024,8237434.006475071,12387075.03456916
2933208,Vera Cruz,ISSQN,SARIMA,2024,8310899.866893225,12387075.03456916
2933208,Vera Cruz,ISSQN,Theta,2024,8073180.211502189,12387075.03456916
2933208,Vera Cruz,ISSQN,Prophet,2024,5523328.791647058,12387075.03456916
2933208,Vera Cruz,ISSQN,Ensemble,2024,7536210.719129386,12387075.03456916
2933208,Vera Cruz,ISSQN,Naive,2025,12387075.03456916,10050340.656656876
2933208,Vera Cruz,ISSQN,ETS,2025,8272288.468279021,10050340.656656876
2933208,Vera Cruz,ISSQN,SARIMA,2025,7841406.99543782,10050340.656656876
2933208,Vera Cruz,ISSQN,Theta,2025,8239425.770036513,10050340.656656876
2933208,Vera Cruz,ISSQN,Prophet,2025,9251479.627391139,10050340.656656876
2933208,Vera Cruz,ISSQN,Ensemble,2025,8401150.215286124,10050340.656656876
2933208,Vera Cruz,IPTU,Naive,2021,5750366.63330687,7997728.169632407
2933208,Vera Cruz,IPTU,ETS,2021,5512483.135064093,7997728.169632407
2933208,Vera Cruz,IPTU,SARIMA,2021,7004025.621659053,7997728.169632407
2933208,Vera Cruz,IPTU,Theta,2021,13199326.33987642,7997728.169632407
2933208,Vera Cruz,IPTU,Prophet,2021,7173489.602017791,7997728.169632407
2933208,Vera Cruz,IPTU,Ensemble,2021,8222331.1746543385,7997728.169632407
2933208,Vera Cruz,IPTU,Naive,2022,7997728.169632407,6852285.304047625
2933208,Vera Cruz,IPTU,ETS,2022,6887733.430390335,6852285.304047625
2933208,Vera Cruz,IPTU,SARIMA,2022,9793893.739025293,6852285.304047625
2933208,Vera Cruz,IPTU,Theta,2022,14768744.437698184,6852285.304047625
2933208,Vera Cruz,IPTU,Prophet,2022,8223789.709969379,6852285.304047625
2933208,Vera Cruz,IPTU,Ensemble,2022,9918540.329270797,6852285.304047625
2933208,Vera Cruz,IPTU,Naive,2023,6852285.304047625,7393426.385808558
2933208,Vera Cruz,IPTU,ETS,2023,6632137.670711917,7393426.385808558
2933208,Vera Cruz,IPTU,SARIMA,2023,6270485.02515583,7393426.385808558
2933208,Vera Cruz,IPTU,Theta,2023,8283838.984828205,7393426.385808558
2933208,Vera Cruz,IPTU,Prophet,2023,8168152.412233893,7393426.385808558
2933208,Vera Cruz,IPTU,Ensemble,2023,7338653.523232461,7393426.385808558
2933208,Vera Cruz,IPTU,Naive,2024,7393426.385808558,6660839.365119413
2933208,Vera Cruz,IPTU,ETS,2024,6958880.229189194,6660839.365119413
2933208,Vera Cruz,IPTU,SARIMA,2024,10050975.337054996,6660839.365119413
2933208,Vera Cruz,IPTU,Theta,2024,15366012.675820898,6660839.365119413
2933208,Vera Cruz,IPTU,Prophet,2024,8181795.496451769,6660839.365119413
2933208,Vera Cruz,IPTU,Ensemble,2024,10139415.934629215,6660839.365119413
2933208,Vera Cruz,IPTU,Naive,2025,6660839.365119413,7508977.105437107
2933208,Vera Cruz,IPTU,ETS,2025,6748251.0536990715,7508977.105437107
2933208,Vera Cruz,IPTU,SARIMA,2025,5948042.961021054,7508977.105437107
2933208,Vera Cruz,IPTU,Theta,2025,7619919.119820278,7508977.105437107
2933208,Vera Cruz,IPTU,Prophet,2025,7415057.424195853,7508977.105437107
2933208,Vera Cruz,IPTU,Ensemble,2025,6932817.639684062,7508977.105437107
2933158,Várzea Nova,IPTU,Naive,2021,170741.65940177883,190828.24365119706
2933158,Várzea Nova,IPTU,ETS,2021,164380.58249613582,190828.24365119706
2933158,Várzea Nova,IPTU,SARIMA,2021,101068.03560028382,190828.24365119706
2933158,Várzea Nova,IPTU,Theta,2021,113982.94535706463,190828.24365119706
2933158,Várzea Nova,IPTU,Prophet,2021,210933.487874499,190828.24365119706
2933158,Várzea Nova,IPTU,Ensemble,2021,147591.26283199582,190828.24365119706
2933158,Várzea Nova,IPTU,Naive,2022,190828.24365119706,173026.0969806053
2933158,Várzea Nova,IPTU,ETS,2022,162095.89269784946,173026.0969806053
2933158,Várzea Nova,IPTU,SARIMA,2022,87538.40723012609,173026.0969806053
2933158,Várzea Nova,IPTU,Theta,2022,206607.3474780976,173026.0969806053
2933158,Várzea Nova,IPTU,Prophet,2022,223013.21941506033,173026.0969806053
2933158,Várzea Nova,IPTU,Ensemble,2022,169813.71670528338,173026.0969806053
2933158,Várzea Nova,IPTU,Naive,2023,173026.0969806053,217404.88227025274
2933158,Várzea Nova,IPTU,ETS,2023,166862.09171236702,217404.88227025274
2933158,Várzea Nova,IPTU,SARIMA,2023,132097.2638640094,217404.88227025274
2933158,Várzea Nova,IPTU,Theta,2023,842933.1448743679,217404.88227025274
2933158,Várzea Nova,IPTU,Prophet,2023,206309.45523050372,217404.88227025274
2933158,Várzea Nova,IPTU,Ensemble,2023,337050.488920312,217404.88227025274
2933158,Várzea Nova,IPTU,Naive,2024,217404.88227025274,188309.87897989253
2933158,Várzea Nova,IPTU,ETS,2024,217067.0401866641,188309.87897989253
2933158,Várzea Nova,IPTU,SARIMA,2024,118825.13442281098,188309.87897989253
2933158,Várzea Nova,IPTU,Theta,2024,146126.3731110591,188309.87897989253
2933158,Várzea Nova,IPTU,Prophet,2024,222424.56560726085,188309.87897989253
2933158,Várzea Nova,IPTU,Ensemble,2024,176110.77833194876,188309.87897989253
2933158,Várzea Nova,IPTU,Naive,2025,188309.87897989253,230805.15776340925
2933158,Várzea Nova,IPTU,ETS,2025,1394997.3700366856,230805.15776340925
2933158,Várzea Nova,IPTU,SARIMA,2025,174361.73419481984,230805.15776340925
2933158,Várzea Nova,IPTU,Theta,2025,1162818.7651012803,230805.15776340925
2933158,Várzea Nova,IPTU,Prophet,2025,224824.19962338946,230805.15776340925
2933158,Várzea Nova,IPTU,Ensemble,2025,739250.5172390437,230805.15776340925
2933000,Valente,ISSQN,Naive,2021,1020937.3463730011,1044248.2634772607
2933000,Valente,ISSQN,ETS,2021,1065558.341565177,1044248.2634772607
2933000,Valente,ISSQN,SARIMA,2021,1014763.7970931047,1044248.2634772607
2933000,Valente,ISSQN,Theta,2021,948956.9501666253,1044248.2634772607
2933000,Valente,ISSQN,Prophet,2021,964601.7026195847,1044248.2634772607
2933000,Valente,ISSQN,Ensemble,2021,998470.1978611228,1044248.2634772607
2933000,Valente,ISSQN,Naive,2022,1044248.2634772607,2101154.1084954417
2933000,Valente,ISSQN,ETS,2022,1130897.4416608228,2101154.1084954417
2933000,Valente,ISSQN,SARIMA,2022,1071326.1213965039,2101154.1084954417
2933000,Valente,ISSQN,Theta,2022,976774.6859853523,2101154.1084954417
2933000,Valente,ISSQN,Prophet,2022,864072.8752301838,2101154.1084954417
2933000,Valente,ISSQN,Ensemble,2022,1010767.7810682157,2101154.1084954417
2933000,Valente,ISSQN,Naive,2023,2101154.1084954417,1703015.6589903012
2933000,Valente,ISSQN,ETS,2023,3139824.328185735,1703015.6589903012
2933000,Valente,ISSQN,SARIMA,2023,2150557.2017564075,1703015.6589903012
2933000,Valente,ISSQN,Theta,2023,4113367.970577015,1703015.6589903012
2933000,Valente,ISSQN,Prophet,2023,1993872.4812742714,1703015.6589903012
2933000,Valente,ISSQN,Ensemble,2023,2849405.4954483574,1703015.6589903012
2933000,Valente,ISSQN,Naive,2024,1703015.6589903012,2768798.0311936517
2933000,Valente,ISSQN,ETS,2024,1799764.2476707292,2768798.0311936517
2933000,Valente,ISSQN,SARIMA,2024,1548216.0888888596,2768798.0311936517
2933000,Valente,ISSQN,Theta,2024,2076620.2068132858,2768798.0311936517
2933000,Valente,ISSQN,Prophet,2024,1800820.0935468934,2768798.0311936517
2933000,Valente,ISSQN,Ensemble,2024,1806355.1592299421,2768798.0311936517
2933000,Valente,ISSQN,Naive,2025,2768798.0311936517,4656107.023977734
2933000,Valente,ISSQN,ETS,2025,2841692.3172549237,4656107.023977734
2933000,Valente,ISSQN,SARIMA,2025,2442462.7228063294,4656107.023977734
2933000,Valente,ISSQN,Theta,2025,3455283.78472938,4656107.023977734
2933000,Valente,ISSQN,Prophet,2025,3026819.068490621,4656107.023977734
2933000,Valente,ISSQN,Ensemble,2025,2941564.4733203137,4656107.023977734
2933109,Várzea do Poço,ISSQN,Naive,2021,349772.08034416084,355756.6828666102
2933109,Várzea do Poço,ISSQN,ETS,2021,478738.17363144615,355756.6828666102
2933109,Várzea do Poço,ISSQN,SARIMA,2021,377831.7971440184,355756.6828666102
2933109,Várzea do Poço,ISSQN,Theta,2021,200755.1059273617,355756.6828666102
2933109,Várzea do Poço,ISSQN,Prophet,2021,198079.66421074595,355756.6828666102
2933109,Várzea do Poço,ISSQN,Ensemble,2021,313851.18522839306,355756.6828666102
2933109,Várzea do Poço,ISSQN,Naive,2022,355756.6828666102,622759.5569747131
2933109,Várzea do Poço,ISSQN,ETS,2022,497220.385323437,622759.5569747131
2933109,Várzea do Poço,ISSQN,SARIMA,2022,400829.1647470852,622759.5569747131
2933109,Várzea do Poço,ISSQN,Theta,2022,256096.5012508399,622759.5569747131
2933109,Várzea do Poço,ISSQN,Prophet,2022,241313.86975646272,622759.5569747131
2933109,Várzea do Poço,ISSQN,Ensemble,2022,348864.9802694562,622759.5569747131
2933109,Várzea do Poço,ISSQN,Naive,2023,622759.5569747131,990032.4339956939
2933109,Várzea do Poço,ISSQN,ETS,2023,1097630.4344811188,990032.4339956939
2933109,Várzea do Poço,ISSQN,SARIMA,2023,858128.4768613745,990032.4339956939
2933109,Várzea do Poço,ISSQN,Theta,2023,743844.5708437435,990032.4339956939
2933109,Várzea do Poço,ISSQN,Prophet,2023,446772.6740129264,990032.4339956939
2933109,Várzea do Poço,ISSQN,Ensemble,2023,786594.0390497909,990032.4339956939
2933109,Várzea do Poço,ISSQN,Naive,2024,990032.4339956939,818442.4320312659
2933109,Várzea do Poço,ISSQN,ETS,2024,1142942.0797473635,818442.4320312659
2933109,Várzea do Poço,ISSQN,SARIMA,2024,964998.6378706968,818442.4320312659
2933109,Várzea do Poço,ISSQN,Theta,2024,984341.7746706844,818442.4320312659
2933109,Várzea do Poço,ISSQN,Prophet,2024,835106.4451198452,818442.4320312659
2933109,Várzea do Poço,ISSQN,Ensemble,2024,981847.2343521474,818442.4320312659
2933109,Várzea do Poço,ISSQN,Naive,2025,818442.4320312659,818442.4320312659
2933109,Várzea do Poço,ISSQN,ETS,2025,1001174.5813578308,818442.4320312659
2933109,Várzea do Poço,ISSQN,SARIMA,2025,850091.6270546543,818442.4320312659
2933109,Várzea do Poço,ISSQN,Theta,2025,856622.971234624,818442.4320312659
2933109,Várzea do Poço,ISSQN,Prophet,2025,897874.5510695163,818442.4320312659
2933109,Várzea do Poço,ISSQN,Ensemble,2025,901440.9326791563,818442.4320312659
2933455,Wanderley,ISSQN,Naive,2021,599316.3048910255,470977.5723188145
2933455,Wanderley,ISSQN,ETS,2021,669941.1762001407,470977.5723188145
2933455,Wanderley,ISSQN,SARIMA,2021,585062.590122074,470977.5723188145
2933455,Wanderley,ISSQN,Theta,2021,590558.3904960861,470977.5723188145
2933455,Wanderley,ISSQN,Prophet,2021,404879.996060827,470977.5723188145
2933455,Wanderley,ISSQN,Ensemble,2021,562610.5382197818,470977.5723188145
2933455,Wanderley,ISSQN,Naive,2022,470977.5723188145,848923.7683225067
2933455,Wanderley,ISSQN,ETS,2022,554044.0077339872,848923.7683225067
2933455,Wanderley,ISSQN,SARIMA,2022,563863.9044055725,848923.7683225067
2933455,Wanderley,ISSQN,Theta,2022,495657.1970823074,848923.7683225067
2933455,Wanderley,ISSQN,Prophet,2022,372535.4663356358,848923.7683225067
2933455,Wanderley,ISSQN,Ensemble,2022,496525.1438893757,848923.7683225067
2933455,Wanderley,ISSQN,Naive,2023,848923.7683225067,977255.40947766
2933455,Wanderley,ISSQN,ETS,2023,677790.8584426726,977255.40947766
2933455,Wanderley,ISSQN,SARIMA,2023,513088.58129202365,977255.40947766
2933455,Wanderley,ISSQN,Theta,2023,786191.2173249788,977255.40947766
2933455,Wanderley,ISSQN,Prophet,2023,543330.1568004498,977255.40947766
2933455,Wanderley,ISSQN,Ensemble,2023,630100.2034650312,977255.40947766
2933455,Wanderley,ISSQN,Naive,2024,977255.40947766,948347.442977923
2933455,Wanderley,ISSQN,ETS,2024,1109239.2524659114,948347.442977923
2933455,Wanderley,ISSQN,SARIMA,2024,786557.1981709092,948347.442977923
2933455,Wanderley,ISSQN,Theta,2024,1066467.6194235713,948347.442977923
2933455,Wanderley,ISSQN,Prophet,2024,873574.0648486733,948347.442977923
2933455,Wanderley,ISSQN,Ensemble,2024,958959.5337272665,948347.442977923
2933455,Wanderley,ISSQN,Naive,2025,948347.442977923,793744.8812194857
2933455,Wanderley,ISSQN,ETS,2025,1053381.5528668333,793744.8812194857
2933455,Wanderley,ISSQN,SARIMA,2025,917870.5962527543,793744.8812194857
2933455,Wanderley,ISSQN,Theta,2025,1040275.276079951,793744.8812194857
2933455,Wanderley,ISSQN,Prophet,2025,946788.2605521091,793744.8812194857
2933455,Wanderley,ISSQN,Ensemble,2025,989578.9214379119,793744.8812194857
2933604,Xique-Xique,IPTU,Naive,2021,1190370.1696556073,1067848.9582617295
2933604,Xique-Xique,IPTU,ETS,2021,1040155.1849397813,1067848.9582617295
2933604,Xique-Xique,IPTU,SARIMA,2021,846824.1187094655,1067848.9582617295
2933604,Xique-Xique,IPTU,Theta,2021,655171.0997877732,1067848.9582617295
2933604,Xique-Xique,IPTU,Prophet,2021,1572372.573689252,1067848.9582617295
2933604,Xique-Xique,IPTU,Ensemble,2021,1028630.7442815681,1067848.9582617295
2933604,Xique-Xique,IPTU,Naive,2022,1067848.9582617295,1185679.371299269
2933604,Xique-Xique,IPTU,ETS,2022,1166681.8596826096,1185679.371299269
2933604,Xique-Xique,IPTU,SARIMA,2022,810157.7746710856,1185679.371299269
2933604,Xique-Xique,IPTU,Theta,2022,1301531.3717796246,1185679.371299269
2933604,Xique-Xique,IPTU,Prophet,2022,1400167.495861933,1185679.371299269
2933604,Xique-Xique,IPTU,Ensemble,2022,1169634.6254988133,1185679.371299269
2933604,Xique-Xique,IPTU,Naive,2023,1185679.371299269,1123451.9474653003
2933604,Xique-Xique,IPTU,ETS,2023,1106484.4034788993,1123451.9474653003
2933604,Xique-Xique,IPTU,SARIMA,2023,896260.7213896428,1123451.9474653003
2933604,Xique-Xique,IPTU,Theta,2023,1199155.5300337905,1123451.9474653003
2933604,Xique-Xique,IPTU,Prophet,2023,1414910.5608053182,1123451.9474653003
2933604,Xique-Xique,IPTU,Ensemble,2023,1154202.803926913,1123451.9474653003
2933604,Xique-Xique,IPTU,Naive,2024,1123451.9474653003,1194101.1926196138
2933604,Xique-Xique,IPTU,ETS,2024,1521553.1847501872,1194101.1926196138
2933604,Xique-Xique,IPTU,SARIMA,2024,828655.5992364171,1194101.1926196138
2933604,Xique-Xique,IPTU,Theta,2024,610624.177815472,1194101.1926196138
2933604,Xique-Xique,IPTU,Prophet,2024,1234043.2062937454,1194101.1926196138
2933604,Xique-Xique,IPTU,Ensemble,2024,1048719.0420239554,1194101.1926196138
2933604,Xique-Xique,IPTU,Naive,2025,1194101.1926196138,1252816.5077638682
2933604,Xique-Xique,IPTU,ETS,2025,1518615.4445982985,1252816.5077638682
2933604,Xique-Xique,IPTU,SARIMA,2025,914469.4428317224,1252816.5077638682
2933604,Xique-Xique,IPTU,Theta,2025,1354958.6803276138,1252816.5077638682
2933604,Xique-Xique,IPTU,Prophet,2025,1325538.9491622334,1252816.5077638682
2933604,Xique-Xique,IPTU,Ensemble,2025,1278395.629229967,1252816.5077638682
