origin,train_end,step,target_date,y_true,y_pred,insample_scale,serie,municipio,tributo
2020-12-01,2020-12-01,1,2021-01-01,69000723.36417782,73325635.7822379,10145027.427750492,salvador-IPTU,salvador,IPTU
2020-12-01,2020-12-01,2,2021-02-01,321045951.24377316,306472216.95405066,10145027.427750492,salvador-IPTU,salvador,IPTU
2020-12-01,2020-12-01,3,2021-03-01,127432294.82771966,74866689.21707287,10145027.427750492,salvador-IPTU,salvador,IPTU
2020-12-01,2020-12-01,4,2021-04-01,57077310.06476509,66703436.905340016,10145027.427750492,salvador-IPTU,salvador,IPTU
2020-12-01,2020-12-01,5,2021-05-01,62874566.758613415,63756891.2224592,10145027.427750492,salvador-IPTU,salvador,IPTU
2020-12-01,2020-12-01,6,2021-06-01,64970539.980599545,64050217.17752583,10145027.427750492,salvador-IPTU,salvador,IPTU
2020-12-01,2020-12-01,7,2021-07-01,59657057.5193954,70951731.99670273,10145027.427750492,salvador-IPTU,salvador,IPTU
2020-12-01,2020-12-01,8,2021-08-01,67559564.12545998,63812709.920448706,10145027.427750492,salvador-IPTU,salvador,IPTU
2020-12-01,2020-12-01,9,2021-09-01,59308358.66786285,64386673.20818351,10145027.427750492,salvador-IPTU,salvador,IPTU
2020-12-01,2020-12-01,10,2021-10-01,53898960.48452419,67954638.98609985,10145027.427750492,salvador-IPTU,salvador,IPTU
2020-12-01,2020-12-01,11,2021-11-01,55536055.336053334,67542020.6909757,10145027.427750492,salvador-IPTU,salvador,IPTU
2020-12-01,2020-12-01,12,2021-12-01,60702736.74751406,74512203.56402384,10145027.427750492,salvador-IPTU,salvador,IPTU
2021-01-01,2021-01-01,1,2021-02-01,321045951.24377316,303726564.4584522,9997872.250671698,salvador-IPTU,salvador,IPTU
2021-01-01,2021-01-01,2,2021-03-01,127432294.82771966,74278582.5528024,9997872.250671698,salvador-IPTU,salvador,IPTU
2021-01-01,2021-01-01,3,2021-04-01,57077310.06476509,66188667.66357748,9997872.250671698,salvador-IPTU,salvador,IPTU
2021-01-01,2021-01-01,4,2021-05-01,62874566.758613415,63123710.556317106,9997872.250671698,salvador-IPTU,salvador,IPTU
2021-01-01,2021-01-01,5,2021-06-01,64970539.980599545,63612366.41018929,9997872.250671698,salvador-IPTU,salvador,IPTU
2021-01-01,2021-01-01,6,2021-07-01,59657057.5193954,70599675.09019288,9997872.250671698,salvador-IPTU,salvador,IPTU
2021-01-01,2021-01-01,7,2021-08-01,67559564.12545998,62854883.338904634,9997872.250671698,salvador-IPTU,salvador,IPTU
2021-01-01,2021-01-01,8,2021-09-01,59308358.66786285,63472278.47841355,9997872.250671698,salvador-IPTU,salvador,IPTU
2021-01-01,2021-01-01,9,2021-10-01,53898960.48452419,66548241.83573416,9997872.250671698,salvador-IPTU,salvador,IPTU
2021-01-01,2021-01-01,10,2021-11-01,55536055.336053334,66302256.601062104,9997872.250671698,salvador-IPTU,salvador,IPTU
2021-01-01,2021-01-01,11,2021-12-01,60702736.74751406,73591954.29474017,9997872.250671698,salvador-IPTU,salvador,IPTU
2021-01-01,2021-01-01,12,2022-01-01,65044094.43652048,70812506.00594406,9997872.250671698,salvador-IPTU,salvador,IPTU
2021-02-01,2021-02-01,1,2021-03-01,127432294.82771966,78616428.11173508,9942045.743510159,salvador-IPTU,salvador,IPTU
2021-02-01,2021-02-01,2,2021-04-01,57077310.06476509,70973183.27824338,9942045.743510159,salvador-IPTU,salvador,IPTU
2021-02-01,2021-02-01,3,2021-05-01,62874566.758613415,67559672.2571168,9942045.743510159,salvador-IPTU,salvador,IPTU
2021-02-01,2021-02-01,4,2021-06-01,64970539.980599545,68104465.86761585,9942045.743510159,salvador-IPTU,salvador,IPTU
2021-02-01,2021-02-01,5,2021-07-01,59657057.5193954,76251416.59289841,9942045.743510159,salvador-IPTU,salvador,IPTU
2021-02-01,2021-02-01,6,2021-08-01,67559564.12545998,67886609.4867793,9942045.743510159,salvador-IPTU,salvador,IPTU
2021-02-01,2021-02-01,7,2021-09-01,59308358.66786285,68253777.11667943,9942045.743510159,salvador-IPTU,salvador,IPTU
2021-02-01,2021-02-01,8,2021-10-01,53898960.48452419,69938367.91525671,9942045.743510159,salvador-IPTU,salvador,IPTU
2021-02-01,2021-02-01,9,2021-11-01,55536055.336053334,70380512.16538054,9942045.743510159,salvador-IPTU,salvador,IPTU
2021-02-01,2021-02-01,10,2021-12-01,60702736.74751406,78871860.46365723,9942045.743510159,salvador-IPTU,salvador,IPTU
2021-02-01,2021-02-01,11,2022-01-01,65044094.43652048,76262412.47410494,9942045.743510159,salvador-IPTU,salvador,IPTU
2021-02-01,2021-02-01,12,2022-02-01,287530945.4916237,328232546.9968348,9942045.743510159,salvador-IPTU,salvador,IPTU
2021-03-01,2021-03-01,1,2021-04-01,57077310.06476509,73692878.45631233,10736377.263564026,salvador-IPTU,salvador,IPTU
2021-03-01,2021-03-01,2,2021-05-01,62874566.758613415,69746685.16142312,10736377.263564026,salvador-IPTU,salvador,IPTU
2021-03-01,2021-03-01,3,2021-06-01,64970539.980599545,70328281.7398738,10736377.263564026,salvador-IPTU,salvador,IPTU
2021-03-01,2021-03-01,4,2021-07-01,59657057.5193954,78245879.16292426,10736377.263564026,salvador-IPTU,salvador,IPTU
2021-03-01,2021-03-01,5,2021-08-01,67559564.12545998,70424211.69037247,10736377.263564026,salvador-IPTU,salvador,IPTU
2021-03-01,2021-03-01,6,2021-09-01,59308358.66786285,70552680.31893055,10736377.263564026,salvador-IPTU,salvador,IPTU
2021-03-01,2021-03-01,7,2021-10-01,53898960.48452419,71621529.80446684,10736377.263564026,salvador-IPTU,salvador,IPTU
2021-03-01,2021-03-01,8,2021-11-01,55536055.336053334,72377817.84317806,10736377.263564026,salvador-IPTU,salvador,IPTU
2021-03-01,2021-03-01,9,2021-12-01,60702736.74751406,81314694.30786696,10736377.263564026,salvador-IPTU,salvador,IPTU
2021-03-01,2021-03-01,10,2022-01-01,65044094.43652048,78657941.98179846,10736377.263564026,salvador-IPTU,salvador,IPTU
2021-03-01,2021-03-01,11,2022-02-01,287530945.4916237,330440470.5326142,10736377.263564026,salvador-IPTU,salvador,IPTU
2021-03-01,2021-03-01,12,2022-03-01,123924826.15024877,91806141.53232013,10736377.263564026,salvador-IPTU,salvador,IPTU
2021-04-01,2021-04-01,1,2021-05-01,62874566.758613415,69440282.42282115,10751307.212843925,salvador-IPTU,salvador,IPTU
2021-04-01,2021-04-01,2,2021-06-01,64970539.980599545,69851880.19927996,10751307.212843925,salvador-IPTU,salvador,IPTU
2021-04-01,2021-04-01,3,2021-07-01,59657057.5193954,76228436.28806846,10751307.212843925,salvador-IPTU,salvador,IPTU
2021-04-01,2021-04-01,4,2021-08-01,67559564.12545998,69549322.22501887,10751307.212843925,salvador-IPTU,salvador,IPTU
2021-04-01,2021-04-01,5,2021-09-01,59308358.66786285,70193035.02398556,10751307.212843925,salvador-IPTU,salvador,IPTU
2021-04-01,2021-04-01,6,2021-10-01,53898960.48452419,73004087.29049002,10751307.212843925,salvador-IPTU,salvador,IPTU
2021-04-01,2021-04-01,7,2021-11-01,55536055.336053334,72678141.15983394,10751307.212843925,salvador-IPTU,salvador,IPTU
2021-04-01,2021-04-01,8,2021-12-01,60702736.74751406,79917226.34678827,10751307.212843925,salvador-IPTU,salvador,IPTU
2021-04-01,2021-04-01,9,2022-01-01,65044094.43652048,77425458.83034205,10751307.212843925,salvador-IPTU,salvador,IPTU
2021-04-01,2021-04-01,10,2022-02-01,287530945.4916237,305011393.0562086,10751307.212843925,salvador-IPTU,salvador,IPTU
2021-04-01,2021-04-01,11,2022-03-01,123924826.15024877,86896642.4961639,10751307.212843925,salvador-IPTU,salvador,IPTU
2021-04-01,2021-04-01,12,2022-04-01,61648619.59981778,70895928.15750179,10751307.212843925,salvador-IPTU,salvador,IPTU
2021-05-01,2021-05-01,1,2021-06-01,64970539.980599545,68571018.50227386,10815207.936321974,salvador-IPTU,salvador,IPTU
2021-05-01,2021-05-01,2,2021-07-01,59657057.5193954,75099288.33582112,10815207.936321974,salvador-IPTU,salvador,IPTU
2021-05-01,2021-05-01,3,2021-08-01,67559564.12545998,68210407.88777223,10815207.936321974,salvador-IPTU,salvador,IPTU
2021-05-01,2021-05-01,4,2021-09-01,59308358.66786285,68747802.27939028,10815207.936321974,salvador-IPTU,salvador,IPTU
2021-05-01,2021-05-01,5,2021-10-01,53898960.48452419,71346883.30466934,10815207.936321974,salvador-IPTU,salvador,IPTU
2021-05-01,2021-05-01,6,2021-11-01,55536055.336053334,71080384.23452652,10815207.936321974,salvador-IPTU,salvador,IPTU
2021-05-01,2021-05-01,7,2021-12-01,60702736.74751406,79019033.5566601,10815207.936321974,salvador-IPTU,salvador,IPTU
2021-05-01,2021-05-01,8,2022-01-01,65044094.43652048,76326202.41699125,10815207.936321974,salvador-IPTU,salvador,IPTU
2021-05-01,2021-05-01,9,2022-02-01,287530945.4916237,303074697.15342146,10815207.936321974,salvador-IPTU,salvador,IPTU
2021-05-01,2021-05-01,10,2022-03-01,123924826.15024877,85857782.31707402,10815207.936321974,salvador-IPTU,salvador,IPTU
2021-05-01,2021-05-01,11,2022-04-01,61648619.59981778,69742147.14327475,10815207.936321974,salvador-IPTU,salvador,IPTU
2021-05-01,2021-05-01,12,2022-05-01,68259379.93383087,67944307.50224257,10815207.936321974,salvador-IPTU,salvador,IPTU
2021-06-01,2021-06-01,1,2021-07-01,59657057.5193954,78599770.03381346,10818447.263454236,salvador-IPTU,salvador,IPTU
2021-06-01,2021-06-01,2,2021-08-01,67559564.12545998,66926700.6631196,10818447.263454236,salvador-IPTU,salvador,IPTU
2021-06-01,2021-06-01,3,2021-09-01,59308358.66786285,67066027.622587435,10818447.263454236,salvador-IPTU,salvador,IPTU
2021-06-01,2021-06-01,4,2021-10-01,53898960.48452419,70763705.91019729,10818447.263454236,salvador-IPTU,salvador,IPTU
2021-06-01,2021-06-01,5,2021-11-01,55536055.336053334,70740951.52445164,10818447.263454236,salvador-IPTU,salvador,IPTU
2021-06-01,2021-06-01,6,2021-12-01,60702736.74751406,81085806.55912983,10818447.263454236,salvador-IPTU,salvador,IPTU
2021-06-01,2021-06-01,7,2022-01-01,65044094.43652048,77315103.05840483,10818447.263454236,salvador-IPTU,salvador,IPTU
2021-06-01,2021-06-01,8,2022-02-01,287530945.4916237,397790630.7608255,10818447.263454236,salvador-IPTU,salvador,IPTU
2021-06-01,2021-06-01,9,2022-03-01,123924826.15024877,95485202.62297764,10818447.263454236,salvador-IPTU,salvador,IPTU
2021-06-01,2021-06-01,10,2022-04-01,61648619.59981778,72468384.67319226,10818447.263454236,salvador-IPTU,salvador,IPTU
2021-06-01,2021-06-01,11,2022-05-01,68259379.93383087,70149209.17510958,10818447.263454236,salvador-IPTU,salvador,IPTU
2021-06-01,2021-06-01,12,2022-06-01,60097620.00360337,71632160.1813682,10818447.263454236,salvador-IPTU,salvador,IPTU
2021-07-01,2021-07-01,1,2021-08-01,67559564.12545998,65440952.767730914,10717224.05574527,salvador-IPTU,salvador,IPTU
2021-07-01,2021-07-01,2,2021-09-01,59308358.66786285,65967069.36180328,10717224.05574527,salvador-IPTU,salvador,IPTU
2021-07-01,2021-07-01,3,2021-10-01,53898960.48452419,68839048.26267654,10717224.05574527,salvador-IPTU,salvador,IPTU
2021-07-01,2021-07-01,4,2021-11-01,55536055.336053334,68540692.04574162,10717224.05574527,salvador-IPTU,salvador,IPTU
2021-07-01,2021-07-01,5,2021-12-01,60702736.74751406,75447544.68955445,10717224.05574527,salvador-IPTU,salvador,IPTU
2021-07-01,2021-07-01,6,2022-01-01,65044094.43652048,73480258.01316893,10717224.05574527,salvador-IPTU,salvador,IPTU
2021-07-01,2021-07-01,7,2022-02-01,287530945.4916237,300715178.4793992,10717224.05574527,salvador-IPTU,salvador,IPTU
2021-07-01,2021-07-01,8,2022-03-01,123924826.15024877,84486921.50114536,10717224.05574527,salvador-IPTU,salvador,IPTU
2021-07-01,2021-07-01,9,2022-04-01,61648619.59981778,67821147.75981985,10717224.05574527,salvador-IPTU,salvador,IPTU
2021-07-01,2021-07-01,10,2022-05-01,68259379.93383087,65790188.436322674,10717224.05574527,salvador-IPTU,salvador,IPTU
2021-07-01,2021-07-01,11,2022-06-01,60097620.00360337,66490735.210891746,10717224.05574527,salvador-IPTU,salvador,IPTU
2021-07-01,2021-07-01,12,2022-07-01,66773806.91903504,72064586.49298303,10717224.05574527,salvador-IPTU,salvador,IPTU
2021-08-01,2021-08-01,1,2021-09-01,59308358.66786285,66064515.89094389,10827376.208947297,salvador-IPTU,salvador,IPTU
2021-08-01,2021-08-01,2,2021-10-01,53898960.48452419,68961976.33412197,10827376.208947297,salvador-IPTU,salvador,IPTU
2021-08-01,2021-08-01,3,2021-11-01,55536055.336053334,68632458.91980338,10827376.208947297,salvador-IPTU,salvador,IPTU
2021-08-01,2021-08-01,4,2021-12-01,60702736.74751406,75680429.29005039,10827376.208947297,salvador-IPTU,salvador,IPTU
2021-08-01,2021-08-01,5,2022-01-01,65044094.43652048,73361794.85681278,10827376.208947297,salvador-IPTU,salvador,IPTU
2021-08-01,2021-08-01,6,2022-02-01,287530945.4916237,303357314.70423174,10827376.208947297,salvador-IPTU,salvador,IPTU
2021-08-01,2021-08-01,7,2022-03-01,123924826.15024877,84081209.92921771,10827376.208947297,salvador-IPTU,salvador,IPTU
2021-08-01,2021-08-01,8,2022-04-01,61648619.59981778,67505143.57793733,10827376.208947297,salvador-IPTU,salvador,IPTU
2021-08-01,2021-08-01,9,2022-05-01,68259379.93383087,65817183.460905306,10827376.208947297,salvador-IPTU,salvador,IPTU
2021-08-01,2021-08-01,10,2022-06-01,60097620.00360337,66447807.443360455,10827376.208947297,salvador-IPTU,salvador,IPTU
2021-08-01,2021-08-01,11,2022-07-01,66773806.91903504,72243737.82861626,10827376.208947297,salvador-IPTU,salvador,IPTU
2021-08-01,2021-08-01,12,2022-08-01,66532703.77148832,66593662.3617423,10827376.208947297,salvador-IPTU,salvador,IPTU
2021-09-01,2021-09-01,1,2021-10-01,53898960.48452419,69583993.69594407,10788648.64640075,salvador-IPTU,salvador,IPTU
2021-09-01,2021-09-01,2,2021-11-01,55536055.336053334,69288937.62490444,10788648.64640075,salvador-IPTU,salvador,IPTU
2021-09-01,2021-09-01,3,2021-12-01,60702736.74751406,78971356.71678483,10788648.64640075,salvador-IPTU,salvador,IPTU
2021-09-01,2021-09-01,4,2022-01-01,65044094.43652048,75810316.27507423,10788648.64640075,salvador-IPTU,salvador,IPTU
2021-09-01,2021-09-01,5,2022-02-01,287530945.4916237,391438885.175182,10788648.64640075,salvador-IPTU,salvador,IPTU
2021-09-01,2021-09-01,6,2022-03-01,123924826.15024877,93969531.86760867,10788648.64640075,salvador-IPTU,salvador,IPTU
2021-09-01,2021-09-01,7,2022-04-01,61648619.59981778,70660378.51613282,10788648.64640075,salvador-IPTU,salvador,IPTU
2021-09-01,2021-09-01,8,2022-05-01,68259379.93383087,68650202.07278462,10788648.64640075,salvador-IPTU,salvador,IPTU
2021-09-01,2021-09-01,9,2022-06-01,60097620.00360337,70544489.45064634,10788648.64640075,salvador-IPTU,salvador,IPTU
2021-09-01,2021-09-01,10,2022-07-01,66773806.91903504,80391359.57178447,10788648.64640075,salvador-IPTU,salvador,IPTU
2021-09-01,2021-09-01,11,2022-08-01,66532703.77148832,70404510.07049322,10788648.64640075,salvador-IPTU,salvador,IPTU
2021-09-01,2021-09-01,12,2022-09-01,65121867.4887068,68689120.63035904,10788648.64640075,salvador-IPTU,salvador,IPTU
2021-10-01,2021-10-01,1,2021-11-01,55536055.336053334,65840636.547450244,11072610.35444577,salvador-IPTU,salvador,IPTU
2021-10-01,2021-10-01,2,2021-12-01,60702736.74751406,72848970.63561368,11072610.35444577,salvador-IPTU,salvador,IPTU
2021-10-01,2021-10-01,3,2022-01-01,65044094.43652048,70019075.63788173,11072610.35444577,salvador-IPTU,salvador,IPTU
2021-10-01,2021-10-01,4,2022-02-01,287530945.4916237,306208981.77199334,11072610.35444577,salvador-IPTU,salvador,IPTU
2021-10-01,2021-10-01,5,2022-03-01,123924826.15024877,81738266.79770051,11072610.35444577,salvador-IPTU,salvador,IPTU
2021-10-01,2021-10-01,6,2022-04-01,61648619.59981778,64751076.84695813,11072610.35444577,salvador-IPTU,salvador,IPTU
2021-10-01,2021-10-01,7,2022-05-01,68259379.93383087,63181892.44981219,11072610.35444577,salvador-IPTU,salvador,IPTU
2021-10-01,2021-10-01,8,2022-06-01,60097620.00360337,63854458.96958964,11072610.35444577,salvador-IPTU,salvador,IPTU
2021-10-01,2021-10-01,9,2022-07-01,66773806.91903504,70121978.89504826,11072610.35444577,salvador-IPTU,salvador,IPTU
2021-10-01,2021-10-01,10,2022-08-01,66532703.77148832,64022595.3264257,11072610.35444577,salvador-IPTU,salvador,IPTU
2021-10-01,2021-10-01,11,2022-09-01,65121867.4887068,63174315.788108915,11072610.35444577,salvador-IPTU,salvador,IPTU
2021-10-01,2021-10-01,12,2022-10-01,63488690.92613522,67309743.29914232,11072610.35444577,salvador-IPTU,salvador,IPTU
2021-11-01,2021-11-01,1,2021-12-01,60702736.74751406,72015836.23846184,11333926.390600452,salvador-IPTU,salvador,IPTU
2021-11-01,2021-11-01,2,2022-01-01,65044094.43652048,69063505.43615681,11333926.390600452,salvador-IPTU,salvador,IPTU
2021-11-01,2021-11-01,3,2022-02-01,287530945.4916237,300604448.4577113,11333926.390600452,salvador-IPTU,salvador,IPTU
2021-11-01,2021-11-01,4,2022-03-01,123924826.15024877,80021113.45276299,11333926.390600452,salvador-IPTU,salvador,IPTU
2021-11-01,2021-11-01,5,2022-04-01,61648619.59981778,65074801.06324808,11333926.390600452,salvador-IPTU,salvador,IPTU
2021-11-01,2021-11-01,6,2022-05-01,68259379.93383087,63169835.69694246,11333926.390600452,salvador-IPTU,salvador,IPTU
2021-11-01,2021-11-01,7,2022-06-01,60097620.00360337,63463346.95729265,11333926.390600452,salvador-IPTU,salvador,IPTU
2021-11-01,2021-11-01,8,2022-07-01,66773806.91903504,69509202.56812555,11333926.390600452,salvador-IPTU,salvador,IPTU
2021-11-01,2021-11-01,9,2022-08-01,66532703.77148832,63911546.41561395,11333926.390600452,salvador-IPTU,salvador,IPTU
2021-11-01,2021-11-01,10,2022-09-01,65121867.4887068,62166094.873328835,11333926.390600452,salvador-IPTU,salvador,IPTU
2021-11-01,2021-11-01,11,2022-10-01,63488690.92613522,66392026.449431285,11333926.390600452,salvador-IPTU,salvador,IPTU
2021-11-01,2021-11-01,12,2022-11-01,66039562.927257076,64481353.29509297,11333926.390600452,salvador-IPTU,salvador,IPTU
2021-12-01,2021-12-01,1,2022-01-01,65044094.43652048,68177440.26138425,11571991.169759918,salvador-IPTU,salvador,IPTU
2021-12-01,2021-12-01,2,2022-02-01,287530945.4916237,298863768.3528236,11571991.169759918,salvador-IPTU,salvador,IPTU
2021-12-01,2021-12-01,3,2022-03-01,123924826.15024877,84762030.67612001,11571991.169759918,salvador-IPTU,salvador,IPTU
2021-12-01,2021-12-01,4,2022-04-01,61648619.59981778,63653323.937684044,11571991.169759918,salvador-IPTU,salvador,IPTU
2021-12-01,2021-12-01,5,2022-05-01,68259379.93383087,61382409.10012792,11571991.169759918,salvador-IPTU,salvador,IPTU
2021-12-01,2021-12-01,6,2022-06-01,60097620.00360337,62603529.15816689,11571991.169759918,salvador-IPTU,salvador,IPTU
2021-12-01,2021-12-01,7,2022-07-01,66773806.91903504,69473639.39795715,11571991.169759918,salvador-IPTU,salvador,IPTU
2021-12-01,2021-12-01,8,2022-08-01,66532703.77148832,62704508.515970536,11571991.169759918,salvador-IPTU,salvador,IPTU
2021-12-01,2021-12-01,9,2022-09-01,65121867.4887068,61669100.997846864,11571991.169759918,salvador-IPTU,salvador,IPTU
2021-12-01,2021-12-01,10,2022-10-01,63488690.92613522,66125240.69667813,11571991.169759918,salvador-IPTU,salvador,IPTU
2021-12-01,2021-12-01,11,2022-11-01,66039562.927257076,63763204.65605288,11571991.169759918,salvador-IPTU,salvador,IPTU
2021-12-01,2021-12-01,12,2022-12-01,64797642.90815615,68086571.95026737,11571991.169759918,salvador-IPTU,salvador,IPTU
2022-01-01,2022-01-01,1,2022-02-01,287530945.4916237,299431642.4022944,11467671.139046185,salvador-IPTU,salvador,IPTU
2022-01-01,2022-01-01,2,2022-03-01,123924826.15024877,81678905.87006891,11467671.139046185,salvador-IPTU,salvador,IPTU
2022-01-01,2022-01-01,3,2022-04-01,61648619.59981778,63873936.94873801,11467671.139046185,salvador-IPTU,salvador,IPTU
2022-01-01,2022-01-01,4,2022-05-01,68259379.93383087,61776892.16996533,11467671.139046185,salvador-IPTU,salvador,IPTU
2022-01-01,2022-01-01,5,2022-06-01,60097620.00360337,62794140.996871784,11467671.139046185,salvador-IPTU,salvador,IPTU
2022-01-01,2022-01-01,6,2022-07-01,66773806.91903504,69025772.84176823,11467671.139046185,salvador-IPTU,salvador,IPTU
2022-01-01,2022-01-01,7,2022-08-01,66532703.77148832,62815691.530618876,11467671.139046185,salvador-IPTU,salvador,IPTU
2022-01-01,2022-01-01,8,2022-09-01,65121867.4887068,62057468.921946615,11467671.139046185,salvador-IPTU,salvador,IPTU
2022-01-01,2022-01-01,9,2022-10-01,63488690.92613522,65925378.68957326,11467671.139046185,salvador-IPTU,salvador,IPTU
2022-01-01,2022-01-01,10,2022-11-01,66039562.927257076,63619746.76731278,11467671.139046185,salvador-IPTU,salvador,IPTU
2022-01-01,2022-01-01,11,2022-12-01,64797642.90815615,68025543.11792448,11467671.139046185,salvador-IPTU,salvador,IPTU
2022-01-01,2022-01-01,12,2023-01-01,71842672.13965991,66947806.39092231,11467671.139046185,salvador-IPTU,salvador,IPTU
2022-02-01,2022-02-01,1,2022-03-01,123924826.15024877,78916851.861859,11765608.09327731,salvador-IPTU,salvador,IPTU
2022-02-01,2022-02-01,2,2022-04-01,61648619.59981778,61665300.20714024,11765608.09327731,salvador-IPTU,salvador,IPTU
2022-02-01,2022-02-01,3,2022-05-01,68259379.93383087,59847966.04018421,11765608.09327731,salvador-IPTU,salvador,IPTU
2022-02-01,2022-02-01,4,2022-06-01,60097620.00360337,60499088.201655686,11765608.09327731,salvador-IPTU,salvador,IPTU
2022-02-01,2022-02-01,5,2022-07-01,66773806.91903504,66957298.814254686,11765608.09327731,salvador-IPTU,salvador,IPTU
2022-02-01,2022-02-01,6,2022-08-01,66532703.77148832,61044715.59885409,11765608.09327731,salvador-IPTU,salvador,IPTU
2022-02-01,2022-02-01,7,2022-09-01,65121867.4887068,59980735.56653376,11765608.09327731,salvador-IPTU,salvador,IPTU
2022-02-01,2022-02-01,8,2022-10-01,63488690.92613522,64179177.99659023,11765608.09327731,salvador-IPTU,salvador,IPTU
2022-02-01,2022-02-01,9,2022-11-01,66039562.927257076,62237942.30693484,11765608.09327731,salvador-IPTU,salvador,IPTU
2022-02-01,2022-02-01,10,2022-12-01,64797642.90815615,66650116.65371026,11765608.09327731,salvador-IPTU,salvador,IPTU
2022-02-01,2022-02-01,11,2023-01-01,71842672.13965991,65249141.51426615,11765608.09327731,salvador-IPTU,salvador,IPTU
2022-02-01,2022-02-01,12,2023-02-01,312279669.4451977,301039806.9916103,11765608.09327731,salvador-IPTU,salvador,IPTU
2022-03-01,2022-03-01,1,2022-04-01,61648619.59981778,65635863.29673724,11655499.567733224,salvador-IPTU,salvador,IPTU
2022-03-01,2022-03-01,2,2022-05-01,68259379.93383087,63701603.40509183,11655499.567733224,salvador-IPTU,salvador,IPTU
2022-03-01,2022-03-01,3,2022-06-01,60097620.00360337,64307624.59779523,11655499.567733224,salvador-IPTU,salvador,IPTU
2022-03-01,2022-03-01,4,2022-07-01,66773806.91903504,71041714.35649425,11655499.567733224,salvador-IPTU,salvador,IPTU
2022-03-01,2022-03-01,5,2022-08-01,66532703.77148832,64355313.68588941,11655499.567733224,salvador-IPTU,salvador,IPTU
2022-03-01,2022-03-01,6,2022-09-01,65121867.4887068,63420441.586130515,11655499.567733224,salvador-IPTU,salvador,IPTU
2022-03-01,2022-03-01,7,2022-10-01,63488690.92613522,67085651.18752823,11655499.567733224,salvador-IPTU,salvador,IPTU
2022-03-01,2022-03-01,8,2022-11-01,66039562.927257076,65956429.85864967,11655499.567733224,salvador-IPTU,salvador,IPTU
2022-03-01,2022-03-01,9,2022-12-01,64797642.90815615,70022354.9820901,11655499.567733224,salvador-IPTU,salvador,IPTU
2022-03-01,2022-03-01,10,2023-01-01,71842672.13965991,69263371.6756764,11655499.567733224,salvador-IPTU,salvador,IPTU
2022-03-01,2022-03-01,11,2023-02-01,312279669.4451977,297969255.1375196,11655499.567733224,salvador-IPTU,salvador,IPTU
2022-03-01,2022-03-01,12,2023-03-01,85661910.80764559,92624562.3951231,11655499.567733224,salvador-IPTU,salvador,IPTU
2022-04-01,2022-04-01,1,2022-05-01,68259379.93383087,62997628.138944805,11562286.540987426,salvador-IPTU,salvador,IPTU
2022-04-01,2022-04-01,2,2022-06-01,60097620.00360337,64157001.70195135,11562286.540987426,salvador-IPTU,salvador,IPTU
2022-04-01,2022-04-01,3,2022-07-01,66773806.91903504,71038179.71997976,11562286.540987426,salvador-IPTU,salvador,IPTU
2022-04-01,2022-04-01,4,2022-08-01,66532703.77148832,64579270.60877525,11562286.540987426,salvador-IPTU,salvador,IPTU
2022-04-01,2022-04-01,5,2022-09-01,65121867.4887068,63085999.67046555,11562286.540987426,salvador-IPTU,salvador,IPTU
2022-04-01,2022-04-01,6,2022-10-01,63488690.92613522,67073996.45974219,11562286.540987426,salvador-IPTU,salvador,IPTU
2022-04-01,2022-04-01,7,2022-11-01,66039562.927257076,64982552.56118886,11562286.540987426,salvador-IPTU,salvador,IPTU
2022-04-01,2022-04-01,8,2022-12-01,64797642.90815615,70143300.48066641,11562286.540987426,salvador-IPTU,salvador,IPTU
2022-04-01,2022-04-01,9,2023-01-01,71842672.13965991,68585783.8834359,11562286.540987426,salvador-IPTU,salvador,IPTU
2022-04-01,2022-04-01,10,2023-02-01,312279669.4451977,293711462.4218046,11562286.540987426,salvador-IPTU,salvador,IPTU
2022-04-01,2022-04-01,11,2023-03-01,85661910.80764559,93924053.60019925,11562286.540987426,salvador-IPTU,salvador,IPTU
2022-04-01,2022-04-01,12,2023-04-01,68003023.29737547,64386189.37921505,11562286.540987426,salvador-IPTU,salvador,IPTU
2022-05-01,2022-05-01,1,2022-06-01,60097620.00360337,64133317.35360584,11482059.614159247,salvador-IPTU,salvador,IPTU
2022-05-01,2022-05-01,2,2022-07-01,66773806.91903504,70836295.06309502,11482059.614159247,salvador-IPTU,salvador,IPTU
2022-05-01,2022-05-01,3,2022-08-01,66532703.77148832,64545502.93437632,11482059.614159247,salvador-IPTU,salvador,IPTU
2022-05-01,2022-05-01,4,2022-09-01,65121867.4887068,63493119.551063076,11482059.614159247,salvador-IPTU,salvador,IPTU
2022-05-01,2022-05-01,5,2022-10-01,63488690.92613522,67545111.90870546,11482059.614159247,salvador-IPTU,salvador,IPTU
2022-05-01,2022-05-01,6,2022-11-01,66039562.927257076,65652745.34930927,11482059.614159247,salvador-IPTU,salvador,IPTU
2022-05-01,2022-05-01,7,2022-12-01,64797642.90815615,69848337.92207292,11482059.614159247,salvador-IPTU,salvador,IPTU
2022-05-01,2022-05-01,8,2023-01-01,71842672.13965991,68608097.6634999,11482059.614159247,salvador-IPTU,salvador,IPTU
2022-05-01,2022-05-01,9,2023-02-01,312279669.4451977,300653076.6034122,11482059.614159247,salvador-IPTU,salvador,IPTU
2022-05-01,2022-05-01,10,2023-03-01,85661910.80764559,93024434.50899708,11482059.614159247,salvador-IPTU,salvador,IPTU
2022-05-01,2022-05-01,11,2023-04-01,68003023.29737547,65065245.1143287,11482059.614159247,salvador-IPTU,salvador,IPTU
2022-05-01,2022-05-01,12,2023-05-01,80927117.99548042,63801052.503511325,11482059.614159247,salvador-IPTU,salvador,IPTU
2022-06-01,2022-06-01,1,2022-07-01,66773806.91903504,70290929.22815605,11397327.054708438,salvador-IPTU,salvador,IPTU
2022-06-01,2022-06-01,2,2022-08-01,66532703.77148832,64114823.497034326,11397327.054708438,salvador-IPTU,salvador,IPTU
2022-06-01,2022-06-01,3,2022-09-01,65121867.4887068,63337115.59630403,11397327.054708438,salvador-IPTU,salvador,IPTU
2022-06-01,2022-06-01,4,2022-10-01,63488690.92613522,67218644.56374076,11397327.054708438,salvador-IPTU,salvador,IPTU
2022-06-01,2022-06-01,5,2022-11-01,66039562.927257076,65421717.4230274,11397327.054708438,salvador-IPTU,salvador,IPTU
2022-06-01,2022-06-01,6,2022-12-01,64797642.90815615,69565030.40943548,11397327.054708438,salvador-IPTU,salvador,IPTU
2022-06-01,2022-06-01,7,2023-01-01,71842672.13965991,68490377.75385205,11397327.054708438,salvador-IPTU,salvador,IPTU
2022-06-01,2022-06-01,8,2023-02-01,312279669.4451977,300749178.7507311,11397327.054708438,salvador-IPTU,salvador,IPTU
2022-06-01,2022-06-01,9,2023-03-01,85661910.80764559,92824200.67553113,11397327.054708438,salvador-IPTU,salvador,IPTU
2022-06-01,2022-06-01,10,2023-04-01,68003023.29737547,64915319.39263487,11397327.054708438,salvador-IPTU,salvador,IPTU
2022-06-01,2022-06-01,11,2023-05-01,80927117.99548042,63345018.036030084,11397327.054708438,salvador-IPTU,salvador,IPTU
2022-06-01,2022-06-01,12,2023-06-01,69943842.947167,63063607.3630079,11397327.054708438,salvador-IPTU,salvador,IPTU
2022-07-01,2022-07-01,1,2022-08-01,66532703.77148832,63408154.83627223,11343142.527429085,salvador-IPTU,salvador,IPTU
2022-07-01,2022-07-01,2,2022-09-01,65121867.4887068,62624330.376291126,11343142.527429085,salvador-IPTU,salvador,IPTU
2022-07-01,2022-07-01,3,2022-10-01,63488690.92613522,66704585.76783838,11343142.527429085,salvador-IPTU,salvador,IPTU
2022-07-01,2022-07-01,4,2022-11-01,66039562.927257076,64672176.33234851,11343142.527429085,salvador-IPTU,salvador,IPTU
2022-07-01,2022-07-01,5,2022-12-01,64797642.90815615,69080618.52234988,11343142.527429085,salvador-IPTU,salvador,IPTU
2022-07-01,2022-07-01,6,2023-01-01,71842672.13965991,68002029.83977304,11343142.527429085,salvador-IPTU,salvador,IPTU
2022-07-01,2022-07-01,7,2023-02-01,312279669.4451977,300457929.0651032,11343142.527429085,salvador-IPTU,salvador,IPTU
2022-07-01,2022-07-01,8,2023-03-01,85661910.80764559,92950833.81960207,11343142.527429085,salvador-IPTU,salvador,IPTU
2022-07-01,2022-07-01,9,2023-04-01,68003023.29737547,64232719.46599201,11343142.527429085,salvador-IPTU,salvador,IPTU
2022-07-01,2022-07-01,10,2023-05-01,80927117.99548042,62984132.43620385,11343142.527429085,salvador-IPTU,salvador,IPTU
2022-07-01,2022-07-01,11,2023-06-01,69943842.947167,62511383.55094393,11343142.527429085,salvador-IPTU,salvador,IPTU
2022-07-01,2022-07-01,12,2023-07-01,68426714.10914947,70697584.86364543,11343142.527429085,salvador-IPTU,salvador,IPTU
2022-08-01,2022-08-01,1,2022-09-01,65121867.4887068,63096686.065330744,11214189.000260867,salvador-IPTU,salvador,IPTU
2022-08-01,2022-08-01,2,2022-10-01,63488690.92613522,67253037.81203079,11214189.000260867,salvador-IPTU,salvador,IPTU
2022-08-01,2022-08-01,3,2022-11-01,66039562.927257076,65101625.48997761,11214189.000260867,salvador-IPTU,salvador,IPTU
2022-08-01,2022-08-01,4,2022-12-01,64797642.90815615,69440579.95116349,11214189.000260867,salvador-IPTU,salvador,IPTU
2022-08-01,2022-08-01,5,2023-01-01,71842672.13965991,68208274.82619289,11214189.000260867,salvador-IPTU,salvador,IPTU
2022-08-01,2022-08-01,6,2023-02-01,312279669.4451977,303277722.87858194,11214189.000260867,salvador-IPTU,salvador,IPTU
2022-08-01,2022-08-01,7,2023-03-01,85661910.80764559,91843022.96509528,11214189.000260867,salvador-IPTU,salvador,IPTU
2022-08-01,2022-08-01,8,2023-04-01,68003023.29737547,64692547.813212246,11214189.000260867,salvador-IPTU,salvador,IPTU
2022-08-01,2022-08-01,9,2023-05-01,80927117.99548042,63354682.547955275,11214189.000260867,salvador-IPTU,salvador,IPTU
2022-08-01,2022-08-01,10,2023-06-01,69943842.947167,62775832.96230754,11214189.000260867,salvador-IPTU,salvador,IPTU
2022-08-01,2022-08-01,11,2023-07-01,68426714.10914947,70683821.62303072,11214189.000260867,salvador-IPTU,salvador,IPTU
2022-08-01,2022-08-01,12,2023-08-01,71716634.04572195,63622003.69326143,11214189.000260867,salvador-IPTU,salvador,IPTU
2022-09-01,2022-09-01,1,2022-10-01,63488690.92613522,66849143.87346139,11147513.936317448,salvador-IPTU,salvador,IPTU
2022-09-01,2022-09-01,2,2022-11-01,66039562.927257076,64802410.745540544,11147513.936317448,salvador-IPTU,salvador,IPTU
2022-09-01,2022-09-01,3,2022-12-01,64797642.90815615,69175218.21543616,11147513.936317448,salvador-IPTU,salvador,IPTU
2022-09-01,2022-09-01,4,2023-01-01,71842672.13965991,68120474.42198095,11147513.936317448,salvador-IPTU,salvador,IPTU
2022-09-01,2022-09-01,5,2023-02-01,312279669.4451977,299630110.69253236,11147513.936317448,salvador-IPTU,salvador,IPTU
2022-09-01,2022-09-01,6,2023-03-01,85661910.80764559,95479116.89906357,11147513.936317448,salvador-IPTU,salvador,IPTU
2022-09-01,2022-09-01,7,2023-04-01,68003023.29737547,64493916.10036432,11147513.936317448,salvador-IPTU,salvador,IPTU
2022-09-01,2022-09-01,8,2023-05-01,80927117.99548042,63102793.45199603,11147513.936317448,salvador-IPTU,salvador,IPTU
2022-09-01,2022-09-01,9,2023-06-01,69943842.947167,62928403.77179645,11147513.936317448,salvador-IPTU,salvador,IPTU
2022-09-01,2022-09-01,10,2023-07-01,68426714.10914947,71200274.95869413,11147513.936317448,salvador-IPTU,salvador,IPTU
2022-09-01,2022-09-01,11,2023-08-01,71716634.04572195,63830788.94651085,11147513.936317448,salvador-IPTU,salvador,IPTU
2022-09-01,2022-09-01,12,2023-09-01,64678015.45114056,62911020.92384046,11147513.936317448,salvador-IPTU,salvador,IPTU
2022-10-01,2022-10-01,1,2022-11-01,66039562.927257076,64308172.79127365,11128516.576625906,salvador-IPTU,salvador,IPTU
2022-10-01,2022-10-01,2,2022-12-01,64797642.90815615,69081401.14129372,11128516.576625906,salvador-IPTU,salvador,IPTU
2022-10-01,2022-10-01,3,2023-01-01,71842672.13965991,67205902.569551,11128516.576625906,salvador-IPTU,salvador,IPTU
2022-10-01,2022-10-01,4,2023-02-01,312279669.4451977,300451581.62185407,11128516.576625906,salvador-IPTU,salvador,IPTU
2022-10-01,2022-10-01,5,2023-03-01,85661910.80764559,95927793.90458192,11128516.576625906,salvador-IPTU,salvador,IPTU
2022-10-01,2022-10-01,6,2023-04-01,68003023.29737547,63758577.92202238,11128516.576625906,salvador-IPTU,salvador,IPTU
2022-10-01,2022-10-01,7,2023-05-01,80927117.99548042,62644191.52572124,11128516.576625906,salvador-IPTU,salvador,IPTU
2022-10-01,2022-10-01,8,2023-06-01,69943842.947167,62358862.411198065,11128516.576625906,salvador-IPTU,salvador,IPTU
2022-10-01,2022-10-01,9,2023-07-01,68426714.10914947,70992931.63895124,11128516.576625906,salvador-IPTU,salvador,IPTU
2022-10-01,2022-10-01,10,2023-08-01,71716634.04572195,63601594.193070225,11128516.576625906,salvador-IPTU,salvador,IPTU
2022-10-01,2022-10-01,11,2023-09-01,64678015.45114056,62346333.03553447,11128516.576625906,salvador-IPTU,salvador,IPTU
2022-10-01,2022-10-01,12,2023-10-01,70665245.44717538,66528637.517474905,11128516.576625906,salvador-IPTU,salvador,IPTU
2022-11-01,2022-11-01,1,2022-12-01,64797642.90815615,69109299.99823901,11120986.34788588,salvador-IPTU,salvador,IPTU
2022-11-01,2022-11-01,2,2023-01-01,71842672.13965991,67574338.55270594,11120986.34788588,salvador-IPTU,salvador,IPTU
2022-11-01,2022-11-01,3,2023-02-01,312279669.4451977,301247280.45776975,11120986.34788588,salvador-IPTU,salvador,IPTU
2022-11-01,2022-11-01,4,2023-03-01,85661910.80764559,92912881.5960975,11120986.34788588,salvador-IPTU,salvador,IPTU
2022-11-01,2022-11-01,5,2023-04-01,68003023.29737547,64427604.216227695,11120986.34788588,salvador-IPTU,salvador,IPTU
2022-11-01,2022-11-01,6,2023-05-01,80927117.99548042,63050507.00091179,11120986.34788588,salvador-IPTU,salvador,IPTU
2022-11-01,2022-11-01,7,2023-06-01,69943842.947167,62783203.54707632,11120986.34788588,salvador-IPTU,salvador,IPTU
2022-11-01,2022-11-01,8,2023-07-01,68426714.10914947,70967166.04149956,11120986.34788588,salvador-IPTU,salvador,IPTU
2022-11-01,2022-11-01,9,2023-08-01,71716634.04572195,63303761.48581591,11120986.34788588,salvador-IPTU,salvador,IPTU
2022-11-01,2022-11-01,10,2023-09-01,64678015.45114056,62827990.42904918,11120986.34788588,salvador-IPTU,salvador,IPTU
2022-11-01,2022-11-01,11,2023-10-01,70665245.44717538,66891350.70790746,11120986.34788588,salvador-IPTU,salvador,IPTU
2022-11-01,2022-11-01,12,2023-11-01,64278105.00756604,65095809.34153648,11120986.34788588,salvador-IPTU,salvador,IPTU
2022-12-01,2022-12-01,1,2023-01-01,71842672.13965991,67131990.90496598,11037342.536132976,salvador-IPTU,salvador,IPTU
2022-12-01,2022-12-01,2,2023-02-01,312279669.4451977,302544197.5410812,11037342.536132976,salvador-IPTU,salvador,IPTU
2022-12-01,2022-12-01,3,2023-03-01,85661910.80764559,93544407.45992464,11037342.536132976,salvador-IPTU,salvador,IPTU
2022-12-01,2022-12-01,4,2023-04-01,68003023.29737547,63916294.83609687,11037342.536132976,salvador-IPTU,salvador,IPTU
2022-12-01,2022-12-01,5,2023-05-01,80927117.99548042,62624978.13083707,11037342.536132976,salvador-IPTU,salvador,IPTU
2022-12-01,2022-12-01,6,2023-06-01,69943842.947167,62206491.22789119,11037342.536132976,salvador-IPTU,salvador,IPTU
2022-12-01,2022-12-01,7,2023-07-01,68426714.10914947,70515163.96459109,11037342.536132976,salvador-IPTU,salvador,IPTU
2022-12-01,2022-12-01,8,2023-08-01,71716634.04572195,62935706.79457512,11037342.536132976,salvador-IPTU,salvador,IPTU
2022-12-01,2022-12-01,9,2023-09-01,64678015.45114056,62371965.794419035,11037342.536132976,salvador-IPTU,salvador,IPTU
2022-12-01,2022-12-01,10,2023-10-01,70665245.44717538,66673141.30867284,11037342.536132976,salvador-IPTU,salvador,IPTU
2022-12-01,2022-12-01,11,2023-11-01,64278105.00756604,64836248.274220034,11037342.536132976,salvador-IPTU,salvador,IPTU
2022-12-01,2022-12-01,12,2023-12-01,104574689.04816487,68264988.33831182,11037342.536132976,salvador-IPTU,salvador,IPTU
2023-01-01,2023-01-01,1,2023-02-01,312279669.4451977,302319512.343997,10987474.714568347,salvador-IPTU,salvador,IPTU
2023-01-01,2023-01-01,2,2023-03-01,85661910.80764559,93059375.25392699,10987474.714568347,salvador-IPTU,salvador,IPTU
2023-01-01,2023-01-01,3,2023-04-01,68003023.29737547,64122750.36757815,10987474.714568347,salvador-IPTU,salvador,IPTU
2023-01-01,2023-01-01,4,2023-05-01,80927117.99548042,62899463.131762385,10987474.714568347,salvador-IPTU,salvador,IPTU
2023-01-01,2023-01-01,5,2023-06-01,69943842.947167,62580044.380131006,10987474.714568347,salvador-IPTU,salvador,IPTU
2023-01-01,2023-01-01,6,2023-07-01,68426714.10914947,71143535.24936487,10987474.714568347,salvador-IPTU,salvador,IPTU
2023-01-01,2023-01-01,7,2023-08-01,71716634.04572195,63177996.177377425,10987474.714568347,salvador-IPTU,salvador,IPTU
2023-01-01,2023-01-01,8,2023-09-01,64678015.45114056,62663044.88414896,10987474.714568347,salvador-IPTU,salvador,IPTU
2023-01-01,2023-01-01,9,2023-10-01,70665245.44717538,66998646.440158986,10987474.714568347,salvador-IPTU,salvador,IPTU
2023-01-01,2023-01-01,10,2023-11-01,64278105.00756604,65151968.2027733,10987474.714568347,salvador-IPTU,salvador,IPTU
2023-01-01,2023-01-01,11,2023-12-01,104574689.04816487,68709677.80148144,10987474.714568347,salvador-IPTU,salvador,IPTU
2023-01-01,2023-01-01,12,2024-01-01,171289802.2674211,67899372.24152404,10987474.714568347,salvador-IPTU,salvador,IPTU
2023-02-01,2023-02-01,1,2023-03-01,85661910.80764559,93538736.6260865,11147489.240603298,salvador-IPTU,salvador,IPTU
2023-02-01,2023-02-01,2,2023-04-01,68003023.29737547,64887933.230080456,11147489.240603298,salvador-IPTU,salvador,IPTU
2023-02-01,2023-02-01,3,2023-05-01,80927117.99548042,63555287.58877115,11147489.240603298,salvador-IPTU,salvador,IPTU
2023-02-01,2023-02-01,4,2023-06-01,69943842.947167,63247852.498980455,11147489.240603298,salvador-IPTU,salvador,IPTU
2023-02-01,2023-02-01,5,2023-07-01,68426714.10914947,71492859.44707167,11147489.240603298,salvador-IPTU,salvador,IPTU
2023-02-01,2023-02-01,6,2023-08-01,71716634.04572195,63863527.98650445,11147489.240603298,salvador-IPTU,salvador,IPTU
2023-02-01,2023-02-01,7,2023-09-01,64678015.45114056,63419736.06687215,11147489.240603298,salvador-IPTU,salvador,IPTU
2023-02-01,2023-02-01,8,2023-10-01,70665245.44717538,67839377.11085787,11147489.240603298,salvador-IPTU,salvador,IPTU
2023-02-01,2023-02-01,9,2023-11-01,64278105.00756604,66048023.87635789,11147489.240603298,salvador-IPTU,salvador,IPTU
2023-02-01,2023-02-01,10,2023-12-01,104574689.04816487,69498668.34555107,11147489.240603298,salvador-IPTU,salvador,IPTU
2023-02-01,2023-02-01,11,2024-01-01,171289802.2674211,68996316.90363237,11147489.240603298,salvador-IPTU,salvador,IPTU
2023-02-01,2023-02-01,12,2024-02-01,340945987.3121734,304542247.38885534,11147489.240603298,salvador-IPTU,salvador,IPTU
2023-03-01,2023-03-01,1,2023-04-01,68003023.29737547,63582857.841668874,11459160.8049941,salvador-IPTU,salvador,IPTU
2023-03-01,2023-03-01,2,2023-05-01,80927117.99548042,62644312.08647789,11459160.8049941,salvador-IPTU,salvador,IPTU
2023-03-01,2023-03-01,3,2023-06-01,69943842.947167,62541388.02253492,11459160.8049941,salvador-IPTU,salvador,IPTU
2023-03-01,2023-03-01,4,2023-07-01,68426714.10914947,71532763.93469827,11459160.8049941,salvador-IPTU,salvador,IPTU
2023-03-01,2023-03-01,5,2023-08-01,71716634.04572195,63270402.39483908,11459160.8049941,salvador-IPTU,salvador,IPTU
2023-03-01,2023-03-01,6,2023-09-01,64678015.45114056,61875848.163995616,11459160.8049941,salvador-IPTU,salvador,IPTU
2023-03-01,2023-03-01,7,2023-10-01,70665245.44717538,66779501.08126798,11459160.8049941,salvador-IPTU,salvador,IPTU
2023-03-01,2023-03-01,8,2023-11-01,64278105.00756604,64939133.634077504,11459160.8049941,salvador-IPTU,salvador,IPTU
2023-03-01,2023-03-01,9,2023-12-01,104574689.04816487,69217386.03835481,11459160.8049941,salvador-IPTU,salvador,IPTU
2023-03-01,2023-03-01,10,2024-01-01,171289802.2674211,67861022.87556578,11459160.8049941,salvador-IPTU,salvador,IPTU
2023-03-01,2023-03-01,11,2024-02-01,340945987.3121734,299871697.39247924,11459160.8049941,salvador-IPTU,salvador,IPTU
2023-03-01,2023-03-01,12,2024-03-01,83011395.96234319,94632804.03630011,11459160.8049941,salvador-IPTU,salvador,IPTU
2023-04-01,2023-04-01,1,2023-05-01,80927117.99548042,62653806.109999076,11401152.201500507,salvador-IPTU,salvador,IPTU
2023-04-01,2023-04-01,2,2023-06-01,69943842.947167,62587729.841128245,11401152.201500507,salvador-IPTU,salvador,IPTU
2023-04-01,2023-04-01,3,2023-07-01,68426714.10914947,71615019.36892483,11401152.201500507,salvador-IPTU,salvador,IPTU
2023-04-01,2023-04-01,4,2023-08-01,71716634.04572195,63225693.25939282,11401152.201500507,salvador-IPTU,salvador,IPTU
2023-04-01,2023-04-01,5,2023-09-01,64678015.45114056,62251621.1565167,11401152.201500507,salvador-IPTU,salvador,IPTU
2023-04-01,2023-04-01,6,2023-10-01,70665245.44717538,67022981.37195793,11401152.201500507,salvador-IPTU,salvador,IPTU
2023-04-01,2023-04-01,7,2023-11-01,64278105.00756604,65102920.37336266,11401152.201500507,salvador-IPTU,salvador,IPTU
2023-04-01,2023-04-01,8,2023-12-01,104574689.04816487,69107132.79305747,11401152.201500507,salvador-IPTU,salvador,IPTU
2023-04-01,2023-04-01,9,2024-01-01,171289802.2674211,68063059.4613063,11401152.201500507,salvador-IPTU,salvador,IPTU
2023-04-01,2023-04-01,10,2024-02-01,340945987.3121734,301614569.7584511,11401152.201500507,salvador-IPTU,salvador,IPTU
2023-04-01,2023-04-01,11,2024-03-01,83011395.96234319,94390016.62435713,11401152.201500507,salvador-IPTU,salvador,IPTU
2023-04-01,2023-04-01,12,2024-04-01,90762029.71183957,64995987.798458904,11401152.201500507,salvador-IPTU,salvador,IPTU
2023-05-01,2023-05-01,1,2023-06-01,69943842.947167,63428166.78614831,11415383.503299935,salvador-IPTU,salvador,IPTU
2023-05-01,2023-05-01,2,2023-07-01,68426714.10914947,72247067.99905354,11415383.503299935,salvador-IPTU,salvador,IPTU
2023-05-01,2023-05-01,3,2023-08-01,71716634.04572195,64048473.86334751,11415383.503299935,salvador-IPTU,salvador,IPTU
2023-05-01,2023-05-01,4,2023-09-01,64678015.45114056,62952843.22218357,11415383.503299935,salvador-IPTU,salvador,IPTU
2023-05-01,2023-05-01,5,2023-10-01,70665245.44717538,67627493.7181038,11415383.503299935,salvador-IPTU,salvador,IPTU
2023-05-01,2023-05-01,6,2023-11-01,64278105.00756604,66004676.33890406,11415383.503299935,salvador-IPTU,salvador,IPTU
2023-05-01,2023-05-01,7,2023-12-01,104574689.04816487,69557773.03305733,11415383.503299935,salvador-IPTU,salvador,IPTU
2023-05-01,2023-05-01,8,2024-01-01,171289802.2674211,68904772.80329445,11415383.503299935,salvador-IPTU,salvador,IPTU
2023-05-01,2023-05-01,9,2024-02-01,340945987.3121734,302914801.3697846,11415383.503299935,salvador-IPTU,salvador,IPTU
2023-05-01,2023-05-01,10,2024-03-01,83011395.96234319,96378058.71434356,11415383.503299935,salvador-IPTU,salvador,IPTU
2023-05-01,2023-05-01,11,2024-04-01,90762029.71183957,65846851.522689685,11415383.503299935,salvador-IPTU,salvador,IPTU
2023-05-01,2023-05-01,12,2024-05-01,79993888.20816118,66377455.672460705,11415383.503299935,salvador-IPTU,salvador,IPTU
2023-06-01,2023-06-01,1,2023-07-01,68426714.10914947,72138769.73714824,11397948.38596953,salvador-IPTU,salvador,IPTU
2023-06-01,2023-06-01,2,2023-08-01,71716634.04572195,63998434.9296794,11397948.38596953,salvador-IPTU,salvador,IPTU
2023-06-01,2023-06-01,3,2023-09-01,64678015.45114056,62776820.060789235,11397948.38596953,salvador-IPTU,salvador,IPTU
2023-06-01,2023-06-01,4,2023-10-01,70665245.44717538,67839737.36208153,11397948.38596953,salvador-IPTU,salvador,IPTU
2023-06-01,2023-06-01,5,2023-11-01,64278105.00756604,66004302.31380467,11397948.38596953,salvador-IPTU,salvador,IPTU
2023-06-01,2023-06-01,6,2023-12-01,104574689.04816487,69680387.31428428,11397948.38596953,salvador-IPTU,salvador,IPTU
2023-06-01,2023-06-01,7,2024-01-01,171289802.2674211,68852882.40303084,11397948.38596953,salvador-IPTU,salvador,IPTU
2023-06-01,2023-06-01,8,2024-02-01,340945987.3121734,301824324.4515586,11397948.38596953,salvador-IPTU,salvador,IPTU
2023-06-01,2023-06-01,9,2024-03-01,83011395.96234319,97764573.57173806,11397948.38596953,salvador-IPTU,salvador,IPTU
2023-06-01,2023-06-01,10,2024-04-01,90762029.71183957,65843811.512247354,11397948.38596953,salvador-IPTU,salvador,IPTU
2023-06-01,2023-06-01,11,2024-05-01,79993888.20816118,66746583.52322428,11397948.38596953,salvador-IPTU,salvador,IPTU
2023-06-01,2023-06-01,12,2024-06-01,71206487.06124279,64787042.405987665,11397948.38596953,salvador-IPTU,salvador,IPTU
2023-07-01,2023-07-01,1,2023-08-01,71716634.04572195,62695296.105276756,11290860.021179913,salvador-IPTU,salvador,IPTU
2023-07-01,2023-07-01,2,2023-09-01,64678015.45114056,61171191.11474696,11290860.021179913,salvador-IPTU,salvador,IPTU
2023-07-01,2023-07-01,3,2023-10-01,70665245.44717538,66658346.54406253,11290860.021179913,salvador-IPTU,salvador,IPTU
2023-07-01,2023-07-01,4,2023-11-01,64278105.00756604,64960093.73158096,11290860.021179913,salvador-IPTU,salvador,IPTU
2023-07-01,2023-07-01,5,2023-12-01,104574689.04816487,69006120.5302017,11290860.021179913,salvador-IPTU,salvador,IPTU
2023-07-01,2023-07-01,6,2024-01-01,171289802.2674211,67682052.0160479,11290860.021179913,salvador-IPTU,salvador,IPTU
2023-07-01,2023-07-01,7,2024-02-01,340945987.3121734,301594458.8154508,11290860.021179913,salvador-IPTU,salvador,IPTU
2023-07-01,2023-07-01,8,2024-03-01,83011395.96234319,95182408.56345181,11290860.021179913,salvador-IPTU,salvador,IPTU
2023-07-01,2023-07-01,9,2024-04-01,90762029.71183957,64400393.82788049,11290860.021179913,salvador-IPTU,salvador,IPTU
2023-07-01,2023-07-01,10,2024-05-01,79993888.20816118,65706164.61982718,11290860.021179913,salvador-IPTU,salvador,IPTU
2023-07-01,2023-07-01,11,2024-06-01,71206487.06124279,64160265.343392596,11290860.021179913,salvador-IPTU,salvador,IPTU
2023-07-01,2023-07-01,12,2024-07-01,73709055.35130495,73080891.07603823,11290860.021179913,salvador-IPTU,salvador,IPTU
2023-08-01,2023-08-01,1,2023-09-01,64678015.45114056,61169914.46961852,11224480.350017453,salvador-IPTU,salvador,IPTU
2023-08-01,2023-08-01,2,2023-10-01,70665245.44717538,66649080.276419446,11224480.350017453,salvador-IPTU,salvador,IPTU
2023-08-01,2023-08-01,3,2023-11-01,64278105.00756604,65015762.524012595,11224480.350017453,salvador-IPTU,salvador,IPTU
2023-08-01,2023-08-01,4,2023-12-01,104574689.04816487,69181020.36011893,11224480.350017453,salvador-IPTU,salvador,IPTU
2023-08-01,2023-08-01,5,2024-01-01,171289802.2674211,67681983.66893065,11224480.350017453,salvador-IPTU,salvador,IPTU
2023-08-01,2023-08-01,6,2024-02-01,340945987.3121734,302190737.3105942,11224480.350017453,salvador-IPTU,salvador,IPTU
2023-08-01,2023-08-01,7,2024-03-01,83011395.96234319,96425009.73879254,11224480.350017453,salvador-IPTU,salvador,IPTU
2023-08-01,2023-08-01,8,2024-04-01,90762029.71183957,64404129.582269385,11224480.350017453,salvador-IPTU,salvador,IPTU
2023-08-01,2023-08-01,9,2024-05-01,79993888.20816118,65852006.29507877,11224480.350017453,salvador-IPTU,salvador,IPTU
2023-08-01,2023-08-01,10,2024-06-01,71206487.06124279,64284143.66173968,11224480.350017453,salvador-IPTU,salvador,IPTU
2023-08-01,2023-08-01,11,2024-07-01,73709055.35130495,73155927.47441775,11224480.350017453,salvador-IPTU,salvador,IPTU
2023-08-01,2023-08-01,12,2024-08-01,101732876.40822683,64474724.18339509,11224480.350017453,salvador-IPTU,salvador,IPTU
2023-09-01,2023-09-01,1,2023-10-01,70665245.44717538,67738482.19499144,11108559.615474965,salvador-IPTU,salvador,IPTU
2023-09-01,2023-09-01,2,2023-11-01,64278105.00756604,65909968.2978922,11108559.615474965,salvador-IPTU,salvador,IPTU
2023-09-01,2023-09-01,3,2023-12-01,104574689.04816487,70159739.00452046,11108559.615474965,salvador-IPTU,salvador,IPTU
2023-09-01,2023-09-01,4,2024-01-01,171289802.2674211,68923077.29287946,11108559.615474965,salvador-IPTU,salvador,IPTU
2023-09-01,2023-09-01,5,2024-02-01,340945987.3121734,299465772.79243326,11108559.615474965,salvador-IPTU,salvador,IPTU
2023-09-01,2023-09-01,6,2024-03-01,83011395.96234319,95968229.5365158,11108559.615474965,salvador-IPTU,salvador,IPTU
2023-09-01,2023-09-01,7,2024-04-01,90762029.71183957,65601705.39680758,11108559.615474965,salvador-IPTU,salvador,IPTU
2023-09-01,2023-09-01,8,2024-05-01,79993888.20816118,66691382.23708521,11108559.615474965,salvador-IPTU,salvador,IPTU
2023-09-01,2023-09-01,9,2024-06-01,71206487.06124279,65189382.60037385,11108559.615474965,salvador-IPTU,salvador,IPTU
2023-09-01,2023-09-01,10,2024-07-01,73709055.35130495,74077143.61244768,11108559.615474965,salvador-IPTU,salvador,IPTU
2023-09-01,2023-09-01,11,2024-08-01,101732876.40822683,65260984.09087452,11108559.615474965,salvador-IPTU,salvador,IPTU
2023-09-01,2023-09-01,12,2024-09-01,84187344.93966614,61561463.32463053,11108559.615474965,salvador-IPTU,salvador,IPTU
2023-10-01,2023-10-01,1,2023-11-01,64278105.00756604,64994796.596335605,11066729.77404481,salvador-IPTU,salvador,IPTU
2023-10-01,2023-10-01,2,2023-12-01,104574689.04816487,69082040.10939895,11066729.77404481,salvador-IPTU,salvador,IPTU
2023-10-01,2023-10-01,3,2024-01-01,171289802.2674211,67699451.18609947,11066729.77404481,salvador-IPTU,salvador,IPTU
2023-10-01,2023-10-01,4,2024-02-01,340945987.3121734,302250240.01770204,11066729.77404481,salvador-IPTU,salvador,IPTU
2023-10-01,2023-10-01,5,2024-03-01,83011395.96234319,96323839.01340884,11066729.77404481,salvador-IPTU,salvador,IPTU
2023-10-01,2023-10-01,6,2024-04-01,90762029.71183957,64151714.599564716,11066729.77404481,salvador-IPTU,salvador,IPTU
2023-10-01,2023-10-01,7,2024-05-01,79993888.20816118,65818376.61634621,11066729.77404481,salvador-IPTU,salvador,IPTU
2023-10-01,2023-10-01,8,2024-06-01,71206487.06124279,64153979.58798379,11066729.77404481,salvador-IPTU,salvador,IPTU
2023-10-01,2023-10-01,9,2024-07-01,73709055.35130495,72920418.55269024,11066729.77404481,salvador-IPTU,salvador,IPTU
2023-10-01,2023-10-01,10,2024-08-01,101732876.40822683,64492609.14370945,11066729.77404481,salvador-IPTU,salvador,IPTU
2023-10-01,2023-10-01,11,2024-09-01,84187344.93966614,60653630.48374869,11066729.77404481,salvador-IPTU,salvador,IPTU
2023-10-01,2023-10-01,12,2024-10-01,87790278.56480853,68887373.38490391,11066729.77404481,salvador-IPTU,salvador,IPTU
2023-11-01,2023-11-01,1,2023-12-01,104574689.04816487,65943138.19808055,10968779.54399898,salvador-IPTU,salvador,IPTU
2023-11-01,2023-11-01,2,2024-01-01,171289802.2674211,65044914.367024556,10968779.54399898,salvador-IPTU,salvador,IPTU
2023-11-01,2023-11-01,3,2024-02-01,340945987.3121734,316354542.57647556,10968779.54399898,salvador-IPTU,salvador,IPTU
2023-11-01,2023-11-01,4,2024-03-01,83011395.96234319,95955853.96727818,10968779.54399898,salvador-IPTU,salvador,IPTU
2023-11-01,2023-11-01,5,2024-04-01,90762029.71183957,60874292.762465335,10968779.54399898,salvador-IPTU,salvador,IPTU
2023-11-01,2023-11-01,6,2024-05-01,79993888.20816118,63837268.3197826,10968779.54399898,salvador-IPTU,salvador,IPTU
2023-11-01,2023-11-01,7,2024-06-01,71206487.06124279,61435029.121519245,10968779.54399898,salvador-IPTU,salvador,IPTU
2023-11-01,2023-11-01,8,2024-07-01,73709055.35130495,70193534.03604981,10968779.54399898,salvador-IPTU,salvador,IPTU
2023-11-01,2023-11-01,9,2024-08-01,101732876.40822683,62948489.636590905,10968779.54399898,salvador-IPTU,salvador,IPTU
2023-11-01,2023-11-01,10,2024-09-01,84187344.93966614,58698717.692993075,10968779.54399898,salvador-IPTU,salvador,IPTU
2023-11-01,2023-11-01,11,2024-10-01,87790278.56480853,66044373.04463515,10968779.54399898,salvador-IPTU,salvador,IPTU
2023-11-01,2023-11-01,12,2024-11-01,62217090.58048794,63515343.04320491,10968779.54399898,salvador-IPTU,salvador,IPTU
2023-12-01,2023-12-01,1,2024-01-01,171289802.2674211,64355360.32155191,11268865.654374084,salvador-IPTU,salvador,IPTU
2023-12-01,2023-12-01,2,2024-02-01,340945987.3121734,315179368.19878924,11268865.654374084,salvador-IPTU,salvador,IPTU
2023-12-01,2023-12-01,3,2024-03-01,83011395.96234319,95773337.50981395,11268865.654374084,salvador-IPTU,salvador,IPTU
2023-12-01,2023-12-01,4,2024-04-01,90762029.71183957,61073465.71238826,11268865.654374084,salvador-IPTU,salvador,IPTU
2023-12-01,2023-12-01,5,2024-05-01,79993888.20816118,64139529.88621448,11268865.654374084,salvador-IPTU,salvador,IPTU
2023-12-01,2023-12-01,6,2024-06-01,71206487.06124279,61339212.48166319,11268865.654374084,salvador-IPTU,salvador,IPTU
2023-12-01,2023-12-01,7,2024-07-01,73709055.35130495,69771839.67898442,11268865.654374084,salvador-IPTU,salvador,IPTU
2023-12-01,2023-12-01,8,2024-08-01,101732876.40822683,63116415.15978948,11268865.654374084,salvador-IPTU,salvador,IPTU
2023-12-01,2023-12-01,9,2024-09-01,84187344.93966614,58910967.61030294,11268865.654374084,salvador-IPTU,salvador,IPTU
2023-12-01,2023-12-01,10,2024-10-01,87790278.56480853,66267618.95376738,11268865.654374084,salvador-IPTU,salvador,IPTU
2023-12-01,2023-12-01,11,2024-11-01,62217090.58048794,63909172.18369759,11268865.654374084,salvador-IPTU,salvador,IPTU
2023-12-01,2023-12-01,12,2024-12-01,79938734.8290157,76459563.92066719,11268865.654374084,salvador-IPTU,salvador,IPTU
2024-01-01,2024-01-01,1,2024-02-01,340945987.3121734,361885874.83849233,12177919.9272956,salvador-IPTU,salvador,IPTU
2024-01-01,2024-01-01,2,2024-03-01,83011395.96234319,108193737.48627262,12177919.9272956,salvador-IPTU,salvador,IPTU
2024-01-01,2024-01-01,3,2024-04-01,90762029.71183957,69271793.15197936,12177919.9272956,salvador-IPTU,salvador,IPTU
2024-01-01,2024-01-01,4,2024-05-01,79993888.20816118,71674802.67881392,12177919.9272956,salvador-IPTU,salvador,IPTU
2024-01-01,2024-01-01,5,2024-06-01,71206487.06124279,69335458.19724624,12177919.9272956,salvador-IPTU,salvador,IPTU
2024-01-01,2024-01-01,6,2024-07-01,73709055.35130495,79584502.9570332,12177919.9272956,salvador-IPTU,salvador,IPTU
2024-01-01,2024-01-01,7,2024-08-01,101732876.40822683,69647808.57950453,12177919.9272956,salvador-IPTU,salvador,IPTU
2024-01-01,2024-01-01,8,2024-09-01,84187344.93966614,64852597.82812133,12177919.9272956,salvador-IPTU,salvador,IPTU
2024-01-01,2024-01-01,9,2024-10-01,87790278.56480853,73821995.17090693,12177919.9272956,salvador-IPTU,salvador,IPTU
2024-01-01,2024-01-01,10,2024-11-01,62217090.58048794,70895527.77931128,12177919.9272956,salvador-IPTU,salvador,IPTU
2024-01-01,2024-01-01,11,2024-12-01,79938734.8290157,83595592.55127794,12177919.9272956,salvador-IPTU,salvador,IPTU
2024-01-01,2024-01-01,12,2025-01-01,76872966.26960947,103361917.84247765,12177919.9272956,salvador-IPTU,salvador,IPTU
2024-02-01,2024-02-01,1,2024-03-01,83011395.96234319,107832555.91224502,12346168.885863764,salvador-IPTU,salvador,IPTU
2024-02-01,2024-02-01,2,2024-04-01,90762029.71183957,67972598.28836268,12346168.885863764,salvador-IPTU,salvador,IPTU
2024-02-01,2024-02-01,3,2024-05-01,79993888.20816118,70694488.37416084,12346168.885863764,salvador-IPTU,salvador,IPTU
2024-02-01,2024-02-01,4,2024-06-01,71206487.06124279,68747039.65666737,12346168.885863764,salvador-IPTU,salvador,IPTU
2024-02-01,2024-02-01,5,2024-07-01,73709055.35130495,78546282.283564,12346168.885863764,salvador-IPTU,salvador,IPTU
2024-02-01,2024-02-01,6,2024-08-01,101732876.40822683,68610882.58640827,12346168.885863764,salvador-IPTU,salvador,IPTU
2024-02-01,2024-02-01,7,2024-09-01,84187344.93966614,64085689.75437722,12346168.885863764,salvador-IPTU,salvador,IPTU
2024-02-01,2024-02-01,8,2024-10-01,87790278.56480853,73440266.03474453,12346168.885863764,salvador-IPTU,salvador,IPTU
2024-02-01,2024-02-01,9,2024-11-01,62217090.58048794,70577106.95514262,12346168.885863764,salvador-IPTU,salvador,IPTU
2024-02-01,2024-02-01,10,2024-12-01,79938734.8290157,82621322.65394771,12346168.885863764,salvador-IPTU,salvador,IPTU
2024-02-01,2024-02-01,11,2025-01-01,76872966.26960947,102699314.58529581,12346168.885863764,salvador-IPTU,salvador,IPTU
2024-02-01,2024-02-01,12,2025-02-01,357310287.70151484,343886726.31333387,12346168.885863764,salvador-IPTU,salvador,IPTU
2024-03-01,2024-03-01,1,2024-04-01,90762029.71183957,68771764.25498202,12248232.986464154,salvador-IPTU,salvador,IPTU
2024-03-01,2024-03-01,2,2024-05-01,79993888.20816118,70720033.10817513,12248232.986464154,salvador-IPTU,salvador,IPTU
2024-03-01,2024-03-01,3,2024-06-01,71206487.06124279,68711569.04925132,12248232.986464154,salvador-IPTU,salvador,IPTU
2024-03-01,2024-03-01,4,2024-07-01,73709055.35130495,78491574.44229983,12248232.986464154,salvador-IPTU,salvador,IPTU
2024-03-01,2024-03-01,5,2024-08-01,101732876.40822683,68787357.49114272,12248232.986464154,salvador-IPTU,salvador,IPTU
2024-03-01,2024-03-01,6,2024-09-01,84187344.93966614,64047447.13533604,12248232.986464154,salvador-IPTU,salvador,IPTU
2024-03-01,2024-03-01,7,2024-10-01,87790278.56480853,73454037.85676333,12248232.986464154,salvador-IPTU,salvador,IPTU
2024-03-01,2024-03-01,8,2024-11-01,62217090.58048794,70448719.369364,12248232.986464154,salvador-IPTU,salvador,IPTU
2024-03-01,2024-03-01,9,2024-12-01,79938734.8290157,82643339.2364717,12248232.986464154,salvador-IPTU,salvador,IPTU
2024-03-01,2024-03-01,10,2025-01-01,76872966.26960947,102770826.36840774,12248232.986464154,salvador-IPTU,salvador,IPTU
2024-03-01,2024-03-01,11,2025-02-01,357310287.70151484,346068637.2236493,12248232.986464154,salvador-IPTU,salvador,IPTU
2024-03-01,2024-03-01,12,2025-03-01,74202146.27427402,106727448.56120244,12248232.986464154,salvador-IPTU,salvador,IPTU
2024-04-01,2024-04-01,1,2024-05-01,79993888.20816118,75594168.24624431,12353340.720744152,salvador-IPTU,salvador,IPTU
2024-04-01,2024-04-01,2,2024-06-01,71206487.06124279,73683078.47461677,12353340.720744152,salvador-IPTU,salvador,IPTU
2024-04-01,2024-04-01,3,2024-07-01,73709055.35130495,81778837.63106538,12353340.720744152,salvador-IPTU,salvador,IPTU
2024-04-01,2024-04-01,4,2024-08-01,101732876.40822683,73996169.59583808,12353340.720744152,salvador-IPTU,salvador,IPTU
2024-04-01,2024-04-01,5,2024-09-01,84187344.93966614,70419330.69937631,12353340.720744152,salvador-IPTU,salvador,IPTU
2024-04-01,2024-04-01,6,2024-10-01,87790278.56480853,78834175.4805527,12353340.720744152,salvador-IPTU,salvador,IPTU
2024-04-01,2024-04-01,7,2024-11-01,62217090.58048794,75762829.96171486,12353340.720744152,salvador-IPTU,salvador,IPTU
2024-04-01,2024-04-01,8,2024-12-01,79938734.8290157,86466667.50036186,12353340.720744152,salvador-IPTU,salvador,IPTU
2024-04-01,2024-04-01,9,2025-01-01,76872966.26960947,104328270.64535022,12353340.720744152,salvador-IPTU,salvador,IPTU
2024-04-01,2024-04-01,10,2025-02-01,357310287.70151484,302771662.136414,12353340.720744152,salvador-IPTU,salvador,IPTU
2024-04-01,2024-04-01,11,2025-03-01,74202146.27427402,106262397.1818878,12353340.720744152,salvador-IPTU,salvador,IPTU
2024-04-01,2024-04-01,12,2025-04-01,74811908.70994155,73158676.39684334,12353340.720744152,salvador-IPTU,salvador,IPTU
2024-05-01,2024-05-01,1,2024-06-01,71206487.06124279,73633880.44046447,12240270.315462716,salvador-IPTU,salvador,IPTU
2024-05-01,2024-05-01,2,2024-07-01,73709055.35130495,81912127.02741188,12240270.315462716,salvador-IPTU,salvador,IPTU
2024-05-01,2024-05-01,3,2024-08-01,101732876.40822683,73956641.69480929,12240270.315462716,salvador-IPTU,salvador,IPTU
2024-05-01,2024-05-01,4,2024-09-01,84187344.93966614,70105375.60742393,12240270.315462716,salvador-IPTU,salvador,IPTU
2024-05-01,2024-05-01,5,2024-10-01,87790278.56480853,78570122.84479967,12240270.315462716,salvador-IPTU,salvador,IPTU
2024-05-01,2024-05-01,6,2024-11-01,62217090.58048794,75948903.68716866,12240270.315462716,salvador-IPTU,salvador,IPTU
2024-05-01,2024-05-01,7,2024-12-01,79938734.8290157,86203944.57131584,12240270.315462716,salvador-IPTU,salvador,IPTU
2024-05-01,2024-05-01,8,2025-01-01,76872966.26960947,103749599.96115263,12240270.315462716,salvador-IPTU,salvador,IPTU
2024-05-01,2024-05-01,9,2025-02-01,357310287.70151484,300892213.50736046,12240270.315462716,salvador-IPTU,salvador,IPTU
2024-05-01,2024-05-01,10,2025-03-01,74202146.27427402,104865955.40454677,12240270.315462716,salvador-IPTU,salvador,IPTU
2024-05-01,2024-05-01,11,2025-04-01,74811908.70994155,73262092.33843167,12240270.315462716,salvador-IPTU,salvador,IPTU
2024-05-01,2024-05-01,12,2025-05-01,72101614.35445404,75588103.36474304,12240270.315462716,salvador-IPTU,salvador,IPTU
2024-06-01,2024-06-01,1,2024-07-01,73709055.35130495,81231763.44717236,12132646.529174611,salvador-IPTU,salvador,IPTU
2024-06-01,2024-06-01,2,2024-08-01,101732876.40822683,70908930.72358511,12132646.529174611,salvador-IPTU,salvador,IPTU
2024-06-01,2024-06-01,3,2024-09-01,84187344.93966614,66070798.06133853,12132646.529174611,salvador-IPTU,salvador,IPTU
2024-06-01,2024-06-01,4,2024-10-01,87790278.56480853,76243206.70665239,12132646.529174611,salvador-IPTU,salvador,IPTU
2024-06-01,2024-06-01,5,2024-11-01,62217090.58048794,72407757.611091,12132646.529174611,salvador-IPTU,salvador,IPTU
2024-06-01,2024-06-01,6,2024-12-01,79938734.8290157,85538823.45648493,12132646.529174611,salvador-IPTU,salvador,IPTU
2024-06-01,2024-06-01,7,2025-01-01,76872966.26960947,105659167.62121719,12132646.529174611,salvador-IPTU,salvador,IPTU
2024-06-01,2024-06-01,8,2025-02-01,357310287.70151484,354507089.29697406,12132646.529174611,salvador-IPTU,salvador,IPTU
2024-06-01,2024-06-01,9,2025-03-01,74202146.27427402,110072159.61355297,12132646.529174611,salvador-IPTU,salvador,IPTU
2024-06-01,2024-06-01,10,2025-04-01,74811908.70994155,71550259.1459602,12132646.529174611,salvador-IPTU,salvador,IPTU
2024-06-01,2024-06-01,11,2025-05-01,72101614.35445404,73798359.87190637,12132646.529174611,salvador-IPTU,salvador,IPTU
2024-06-01,2024-06-01,12,2025-06-01,65029224.51471878,71146454.10858856,12132646.529174611,salvador-IPTU,salvador,IPTU
2024-07-01,2024-07-01,1,2024-08-01,101732876.40822683,71433410.1660196,12066138.710854037,salvador-IPTU,salvador,IPTU
2024-07-01,2024-07-01,2,2024-09-01,84187344.93966614,65923574.39330975,12066138.710854037,salvador-IPTU,salvador,IPTU
2024-07-01,2024-07-01,3,2024-10-01,87790278.56480853,74976581.94324294,12066138.710854037,salvador-IPTU,salvador,IPTU
2024-07-01,2024-07-01,4,2024-11-01,62217090.58048794,72027224.22869426,12066138.710854037,salvador-IPTU,salvador,IPTU
2024-07-01,2024-07-01,5,2024-12-01,79938734.8290157,84745222.3446571,12066138.710854037,salvador-IPTU,salvador,IPTU
2024-07-01,2024-07-01,6,2025-01-01,76872966.26960947,105394134.61756817,12066138.710854037,salvador-IPTU,salvador,IPTU
2024-07-01,2024-07-01,7,2025-02-01,357310287.70151484,353398276.6847087,12066138.710854037,salvador-IPTU,salvador,IPTU
2024-07-01,2024-07-01,8,2025-03-01,74202146.27427402,109959212.80448224,12066138.710854037,salvador-IPTU,salvador,IPTU
2024-07-01,2024-07-01,9,2025-04-01,74811908.70994155,71037281.02994274,12066138.710854037,salvador-IPTU,salvador,IPTU
2024-07-01,2024-07-01,10,2025-05-01,72101614.35445404,73791394.38857313,12066138.710854037,salvador-IPTU,salvador,IPTU
2024-07-01,2024-07-01,11,2025-06-01,65029224.51471878,70431252.47117615,12066138.710854037,salvador-IPTU,salvador,IPTU
2024-07-01,2024-07-01,12,2025-07-01,73109536.2810681,78006865.53493431,12066138.710854037,salvador-IPTU,salvador,IPTU
2024-08-01,2024-08-01,1,2024-09-01,84187344.93966614,70958427.65364026,12238735.861350678,salvador-IPTU,salvador,IPTU
2024-08-01,2024-08-01,2,2024-10-01,87790278.56480853,81874564.26714224,12238735.861350678,salvador-IPTU,salvador,IPTU
2024-08-01,2024-08-01,3,2024-11-01,62217090.58048794,78055995.2297515,12238735.861350678,salvador-IPTU,salvador,IPTU
2024-08-01,2024-08-01,4,2024-12-01,79938734.8290157,89990094.45375875,12238735.861350678,salvador-IPTU,salvador,IPTU
2024-08-01,2024-08-01,5,2025-01-01,76872966.26960947,111205620.06247541,12238735.861350678,salvador-IPTU,salvador,IPTU
2024-08-01,2024-08-01,6,2025-02-01,357310287.70151484,381463495.958795,12238735.861350678,salvador-IPTU,salvador,IPTU
2024-08-01,2024-08-01,7,2025-03-01,74202146.27427402,118710030.76272292,12238735.861350678,salvador-IPTU,salvador,IPTU
2024-08-01,2024-08-01,8,2025-04-01,74811908.70994155,77095626.7609164,12238735.861350678,salvador-IPTU,salvador,IPTU
2024-08-01,2024-08-01,9,2025-05-01,72101614.35445404,78696773.05149013,12238735.861350678,salvador-IPTU,salvador,IPTU
2024-08-01,2024-08-01,10,2025-06-01,65029224.51471878,75321319.53511287,12238735.861350678,salvador-IPTU,salvador,IPTU
2024-08-01,2024-08-01,11,2025-07-01,73109536.2810681,84181064.6188394,12238735.861350678,salvador-IPTU,salvador,IPTU
2024-08-01,2024-08-01,12,2025-08-01,72024794.89278775,80798437.20070761,12238735.861350678,salvador-IPTU,salvador,IPTU
2024-09-01,2024-09-01,1,2024-10-01,87790278.56480853,81139452.49645856,12307979.610180916,salvador-IPTU,salvador,IPTU
2024-09-01,2024-09-01,2,2024-11-01,62217090.58048794,77046742.93450968,12307979.610180916,salvador-IPTU,salvador,IPTU
2024-09-01,2024-09-01,3,2024-12-01,79938734.8290157,90474886.66924703,12307979.610180916,salvador-IPTU,salvador,IPTU
2024-09-01,2024-09-01,4,2025-01-01,76872966.26960947,110988000.95955287,12307979.610180916,salvador-IPTU,salvador,IPTU
2024-09-01,2024-09-01,5,2025-02-01,357310287.70151484,382971824.75866497,12307979.610180916,salvador-IPTU,salvador,IPTU
2024-09-01,2024-09-01,6,2025-03-01,74202146.27427402,117490684.24599692,12307979.610180916,salvador-IPTU,salvador,IPTU
2024-09-01,2024-09-01,7,2025-04-01,74811908.70994155,76504412.46083562,12307979.610180916,salvador-IPTU,salvador,IPTU
2024-09-01,2024-09-01,8,2025-05-01,72101614.35445404,78484669.72267784,12307979.610180916,salvador-IPTU,salvador,IPTU
2024-09-01,2024-09-01,9,2025-06-01,65029224.51471878,75260647.30750948,12307979.610180916,salvador-IPTU,salvador,IPTU
2024-09-01,2024-09-01,10,2025-07-01,73109536.2810681,83961155.30567782,12307979.610180916,salvador-IPTU,salvador,IPTU
2024-09-01,2024-09-01,11,2025-08-01,72024794.89278775,79777666.10355987,12307979.610180916,salvador-IPTU,salvador,IPTU
2024-09-01,2024-09-01,12,2025-09-01,77720211.54924531,72257183.1198508,12307979.610180916,salvador-IPTU,salvador,IPTU
2024-10-01,2024-10-01,1,2024-11-01,62217090.58048794,80940979.28527911,12353423.511194617,salvador-IPTU,salvador,IPTU
2024-10-01,2024-10-01,2,2024-12-01,79938734.8290157,93395754.6617892,12353423.511194617,salvador-IPTU,salvador,IPTU
2024-10-01,2024-10-01,3,2025-01-01,76872966.26960947,115047678.260078,12353423.511194617,salvador-IPTU,salvador,IPTU
2024-10-01,2024-10-01,4,2025-02-01,357310287.70151484,399970880.16533136,12353423.511194617,salvador-IPTU,salvador,IPTU
2024-10-01,2024-10-01,5,2025-03-01,74202146.27427402,123469196.49773632,12353423.511194617,salvador-IPTU,salvador,IPTU
2024-10-01,2024-10-01,6,2025-04-01,74811908.70994155,79538482.56537104,12353423.511194617,salvador-IPTU,salvador,IPTU
2024-10-01,2024-10-01,7,2025-05-01,72101614.35445404,81935040.47558299,12353423.511194617,salvador-IPTU,salvador,IPTU
2024-10-01,2024-10-01,8,2025-06-01,65029224.51471878,78008756.49384654,12353423.511194617,salvador-IPTU,salvador,IPTU
2024-10-01,2024-10-01,9,2025-07-01,73109536.2810681,87436830.54139557,12353423.511194617,salvador-IPTU,salvador,IPTU
2024-10-01,2024-10-01,10,2025-08-01,72024794.89278775,83316211.69661067,12353423.511194617,salvador-IPTU,salvador,IPTU
2024-10-01,2024-10-01,11,2025-09-01,77720211.54924531,74109962.4280795,12353423.511194617,salvador-IPTU,salvador,IPTU
2024-10-01,2024-10-01,12,2025-10-01,69023680.11592714,84601800.01931214,12353423.511194617,salvador-IPTU,salvador,IPTU
2024-11-01,2024-11-01,1,2024-12-01,79938734.8290157,89745659.01015154,12257232.772090722,salvador-IPTU,salvador,IPTU
2024-11-01,2024-11-01,2,2025-01-01,76872966.26960947,110586901.98882619,12257232.772090722,salvador-IPTU,salvador,IPTU
2024-11-01,2024-11-01,3,2025-02-01,357310287.70151484,379877505.1124579,12257232.772090722,salvador-IPTU,salvador,IPTU
2024-11-01,2024-11-01,4,2025-03-01,74202146.27427402,117520174.40544362,12257232.772090722,salvador-IPTU,salvador,IPTU
2024-11-01,2024-11-01,5,2025-04-01,74811908.70994155,76225834.82460469,12257232.772090722,salvador-IPTU,salvador,IPTU
2024-11-01,2024-11-01,6,2025-05-01,72101614.35445404,78132919.63863061,12257232.772090722,salvador-IPTU,salvador,IPTU
2024-11-01,2024-11-01,7,2025-06-01,65029224.51471878,74552215.77822368,12257232.772090722,salvador-IPTU,salvador,IPTU
2024-11-01,2024-11-01,8,2025-07-01,73109536.2810681,83414305.8755894,12257232.772090722,salvador-IPTU,salvador,IPTU
2024-11-01,2024-11-01,9,2025-08-01,72024794.89278775,79420097.49414793,12257232.772090722,salvador-IPTU,salvador,IPTU
2024-11-01,2024-11-01,10,2025-09-01,77720211.54924531,71405453.18104665,12257232.772090722,salvador-IPTU,salvador,IPTU
2024-11-01,2024-11-01,11,2025-10-01,69023680.11592714,81666517.34686084,12257232.772090722,salvador-IPTU,salvador,IPTU
2024-11-01,2024-11-01,12,2025-11-01,69525795.59107803,76669545.80290978,12257232.772090722,salvador-IPTU,salvador,IPTU
2024-12-01,2024-12-01,1,2025-01-01,76872966.26960947,109163722.44062498,12371850.563267188,salvador-IPTU,salvador,IPTU
2024-12-01,2024-12-01,2,2025-02-01,357310287.70151484,375213758.5630477,12371850.563267188,salvador-IPTU,salvador,IPTU
2024-12-01,2024-12-01,3,2025-03-01,74202146.27427402,116303432.18661347,12371850.563267188,salvador-IPTU,salvador,IPTU
2024-12-01,2024-12-01,4,2025-04-01,74811908.70994155,75238817.52565058,12371850.563267188,salvador-IPTU,salvador,IPTU
2024-12-01,2024-12-01,5,2025-05-01,72101614.35445404,77535901.35868296,12371850.563267188,salvador-IPTU,salvador,IPTU
2024-12-01,2024-12-01,6,2025-06-01,65029224.51471878,74279428.28377512,12371850.563267188,salvador-IPTU,salvador,IPTU
2024-12-01,2024-12-01,7,2025-07-01,73109536.2810681,82502587.72113533,12371850.563267188,salvador-IPTU,salvador,IPTU
2024-12-01,2024-12-01,8,2025-08-01,72024794.89278775,79407104.82160033,12371850.563267188,salvador-IPTU,salvador,IPTU
2024-12-01,2024-12-01,9,2025-09-01,77720211.54924531,70685929.83837195,12371850.563267188,salvador-IPTU,salvador,IPTU
2024-12-01,2024-12-01,10,2025-10-01,69023680.11592714,80830981.73649555,12371850.563267188,salvador-IPTU,salvador,IPTU
2024-12-01,2024-12-01,11,2025-11-01,69525795.59107803,75744746.41481,12371850.563267188,salvador-IPTU,salvador,IPTU
2024-12-01,2024-12-01,12,2025-12-01,133086096.84,88424456.41328745,12371850.563267188,salvador-IPTU,salvador,IPTU
2025-01-01,2025-01-01,1,2025-02-01,357310287.70151484,310015602.3231385,13124556.851657504,salvador-IPTU,salvador,IPTU
2025-01-01,2025-01-01,2,2025-03-01,74202146.27427402,106682737.84425804,13124556.851657504,salvador-IPTU,salvador,IPTU
2025-01-01,2025-01-01,3,2025-04-01,74811908.70994155,72447200.04631174,13124556.851657504,salvador-IPTU,salvador,IPTU
2025-01-01,2025-01-01,4,2025-05-01,72101614.35445404,75255912.19872418,13124556.851657504,salvador-IPTU,salvador,IPTU
2025-01-01,2025-01-01,5,2025-06-01,65029224.51471878,72699728.08451068,13124556.851657504,salvador-IPTU,salvador,IPTU
2025-01-01,2025-01-01,6,2025-07-01,73109536.2810681,79381721.54404874,13124556.851657504,salvador-IPTU,salvador,IPTU
2025-01-01,2025-01-01,7,2025-08-01,72024794.89278775,76384468.22673881,13124556.851657504,salvador-IPTU,salvador,IPTU
2025-01-01,2025-01-01,8,2025-09-01,77720211.54924531,69612507.67113225,13124556.851657504,salvador-IPTU,salvador,IPTU
2025-01-01,2025-01-01,9,2025-10-01,69023680.11592714,79375752.74742797,13124556.851657504,salvador-IPTU,salvador,IPTU
2025-01-01,2025-01-01,10,2025-11-01,69525795.59107803,75552225.01273854,13124556.851657504,salvador-IPTU,salvador,IPTU
2025-01-01,2025-01-01,11,2025-12-01,133086096.84,86393411.85114086,13124556.851657504,salvador-IPTU,salvador,IPTU
2025-02-01,2025-02-01,1,2025-03-01,74202146.27427402,108637242.869832,13154009.065636449,salvador-IPTU,salvador,IPTU
2025-02-01,2025-02-01,2,2025-04-01,74811908.70994155,71127299.2849235,13154009.065636449,salvador-IPTU,salvador,IPTU
2025-02-01,2025-02-01,3,2025-05-01,72101614.35445404,73893630.5478968,13154009.065636449,salvador-IPTU,salvador,IPTU
2025-02-01,2025-02-01,4,2025-06-01,65029224.51471878,70481737.27174066,13154009.065636449,salvador-IPTU,salvador,IPTU
2025-02-01,2025-02-01,5,2025-07-01,73109536.2810681,78017981.76295511,13154009.065636449,salvador-IPTU,salvador,IPTU
2025-02-01,2025-02-01,6,2025-08-01,72024794.89278775,75841848.22947845,13154009.065636449,salvador-IPTU,salvador,IPTU
2025-02-01,2025-02-01,7,2025-09-01,77720211.54924531,67759411.87329017,13154009.065636449,salvador-IPTU,salvador,IPTU
2025-02-01,2025-02-01,8,2025-10-01,69023680.11592714,76949849.0901862,13154009.065636449,salvador-IPTU,salvador,IPTU
2025-02-01,2025-02-01,9,2025-11-01,69525795.59107803,71721541.43565471,13154009.065636449,salvador-IPTU,salvador,IPTU
2025-02-01,2025-02-01,10,2025-12-01,133086096.84,85578491.9032386,13154009.065636449,salvador-IPTU,salvador,IPTU
2025-03-01,2025-03-01,1,2025-04-01,74811908.70994155,69291769.54312886,13114867.089261968,salvador-IPTU,salvador,IPTU
2025-03-01,2025-03-01,2,2025-05-01,72101614.35445404,71441045.08540234,13114867.089261968,salvador-IPTU,salvador,IPTU
2025-03-01,2025-03-01,3,2025-06-01,65029224.51471878,68546504.62861295,13114867.089261968,salvador-IPTU,salvador,IPTU
2025-03-01,2025-03-01,4,2025-07-01,73109536.2810681,75437418.86144163,13114867.089261968,salvador-IPTU,salvador,IPTU
2025-03-01,2025-03-01,5,2025-08-01,72024794.89278775,74414629.34266998,13114867.089261968,salvador-IPTU,salvador,IPTU
2025-03-01,2025-03-01,6,2025-09-01,77720211.54924531,66077787.758691944,13114867.089261968,salvador-IPTU,salvador,IPTU
2025-03-01,2025-03-01,7,2025-10-01,69023680.11592714,75114408.24608575,13114867.089261968,salvador-IPTU,salvador,IPTU
2025-03-01,2025-03-01,8,2025-11-01,69525795.59107803,70178787.7419539,13114867.089261968,salvador-IPTU,salvador,IPTU
2025-03-01,2025-03-01,9,2025-12-01,133086096.84,82719441.16729867,13114867.089261968,salvador-IPTU,salvador,IPTU
2025-04-01,2025-04-01,1,2025-05-01,72101614.35445404,76193880.47267659,13140181.85633908,salvador-IPTU,salvador,IPTU
2025-04-01,2025-04-01,2,2025-06-01,65029224.51471878,73393483.51083218,13140181.85633908,salvador-IPTU,salvador,IPTU
2025-04-01,2025-04-01,3,2025-07-01,73109536.2810681,80446091.4600142,13140181.85633908,salvador-IPTU,salvador,IPTU
2025-04-01,2025-04-01,4,2025-08-01,72024794.89278775,77617412.0516788,13140181.85633908,salvador-IPTU,salvador,IPTU
2025-04-01,2025-04-01,5,2025-09-01,77720211.54924531,70725944.38615601,13140181.85633908,salvador-IPTU,salvador,IPTU
2025-04-01,2025-04-01,6,2025-10-01,69023680.11592714,80192724.3754657,13140181.85633908,salvador-IPTU,salvador,IPTU
2025-04-01,2025-04-01,7,2025-11-01,69525795.59107803,76363905.0080294,13140181.85633908,salvador-IPTU,salvador,IPTU
2025-04-01,2025-04-01,8,2025-12-01,133086096.84,87349214.53942503,13140181.85633908,salvador-IPTU,salvador,IPTU
2025-05-01,2025-05-01,1,2025-06-01,65029224.51471878,67967868.71138607,13093740.192598974,salvador-IPTU,salvador,IPTU
2025-05-01,2025-05-01,2,2025-07-01,73109536.2810681,75743239.87674181,13093740.192598974,salvador-IPTU,salvador,IPTU
2025-05-01,2025-05-01,3,2025-08-01,72024794.89278775,74320118.81512642,13093740.192598974,salvador-IPTU,salvador,IPTU
2025-05-01,2025-05-01,4,2025-09-01,77720211.54924531,66098286.53046093,13093740.192598974,salvador-IPTU,salvador,IPTU
2025-05-01,2025-05-01,5,2025-10-01,69023680.11592714,75330988.48105758,13093740.192598974,salvador-IPTU,salvador,IPTU
2025-05-01,2025-05-01,6,2025-11-01,69525795.59107803,70589452.91343117,13093740.192598974,salvador-IPTU,salvador,IPTU
2025-05-01,2025-05-01,7,2025-12-01,133086096.84,83101580.22340947,13093740.192598974,salvador-IPTU,salvador,IPTU
2025-06-01,2025-06-01,1,2025-07-01,73109536.2810681,76525778.45390217,13033069.336054457,salvador-IPTU,salvador,IPTU
2025-06-01,2025-06-01,2,2025-08-01,72024794.89278775,74368571.98443714,13033069.336054457,salvador-IPTU,salvador,IPTU
2025-06-01,2025-06-01,3,2025-09-01,77720211.54924531,66686856.156190656,13033069.336054457,salvador-IPTU,salvador,IPTU
2025-06-01,2025-06-01,4,2025-10-01,69023680.11592714,75612650.1940599,13033069.336054457,salvador-IPTU,salvador,IPTU
2025-06-01,2025-06-01,5,2025-11-01,69525795.59107803,70897718.16526966,13033069.336054457,salvador-IPTU,salvador,IPTU
2025-06-01,2025-06-01,6,2025-12-01,133086096.84,83916357.5155535,13033069.336054457,salvador-IPTU,salvador,IPTU
2025-07-01,2025-07-01,1,2025-08-01,72024794.89278775,75328737.98559423,12924951.507656043,salvador-IPTU,salvador,IPTU
2025-07-01,2025-07-01,2,2025-09-01,77720211.54924531,67481731.95390885,12924951.507656043,salvador-IPTU,salvador,IPTU
2025-07-01,2025-07-01,3,2025-10-01,69023680.11592714,76606724.00701082,12924951.507656043,salvador-IPTU,salvador,IPTU
2025-07-01,2025-07-01,4,2025-11-01,69525795.59107803,71867771.52881297,12924951.507656043,salvador-IPTU,salvador,IPTU
2025-07-01,2025-07-01,5,2025-12-01,133086096.84,83705396.97266595,12924951.507656043,salvador-IPTU,salvador,IPTU
2025-08-01,2025-08-01,1,2025-09-01,77720211.54924531,65536680.64791393,13069633.662895553,salvador-IPTU,salvador,IPTU
2025-08-01,2025-08-01,2,2025-10-01,69023680.11592714,76184488.31440838,13069633.662895553,salvador-IPTU,salvador,IPTU
2025-08-01,2025-08-01,3,2025-11-01,69525795.59107803,70473158.93339963,13069633.662895553,salvador-IPTU,salvador,IPTU
2025-08-01,2025-08-01,4,2025-12-01,133086096.84,81411277.59067279,13069633.662895553,salvador-IPTU,salvador,IPTU
2025-09-01,2025-09-01,1,2025-10-01,69023680.11592714,82889727.89439338,13013202.036635086,salvador-IPTU,salvador,IPTU
2025-09-01,2025-09-01,2,2025-11-01,69525795.59107803,78656620.75858256,13013202.036635086,salvador-IPTU,salvador,IPTU
2025-09-01,2025-09-01,3,2025-12-01,133086096.84,89058947.80412802,13013202.036635086,salvador-IPTU,salvador,IPTU
2025-10-01,2025-10-01,1,2025-11-01,69525795.59107803,77117181.57914579,13061959.633349037,salvador-IPTU,salvador,IPTU
2025-10-01,2025-10-01,2,2025-12-01,133086096.84,87631464.9197546,13061959.633349037,salvador-IPTU,salvador,IPTU
2025-11-01,2025-11-01,1,2025-12-01,133086096.84,85504457.4801005,13013612.955846861,salvador-IPTU,salvador,IPTU
2020-12-01,2020-12-01,1,2021-01-01,106606457.19607326,119725606.54479028,9594906.942543963,salvador-ISSQN,salvador,ISSQN
2020-12-01,2020-12-01,2,2021-02-01,114204022.76247141,121300362.00108425,9594906.942543963,salvador-ISSQN,salvador,ISSQN
2020-12-01,2020-12-01,3,2021-03-01,120896788.44024572,131798187.86461522,9594906.942543963,salvador-ISSQN,salvador,ISSQN
2020-12-01,2020-12-01,4,2021-04-01,114103811.56111069,127113981.65580209,9594906.942543963,salvador-ISSQN,salvador,ISSQN
2020-12-01,2020-12-01,5,2021-05-01,113131968.70718983,128352027.60225041,9594906.942543963,salvador-ISSQN,salvador,ISSQN
2020-12-01,2020-12-01,6,2021-06-01,116471904.49873734,123596352.14849296,9594906.942543963,salvador-ISSQN,salvador,ISSQN
2020-12-01,2020-12-01,7,2021-07-01,130256096.11011124,125880487.35674019,9594906.942543963,salvador-ISSQN,salvador,ISSQN
2020-12-01,2020-12-01,8,2021-08-01,155566183.28985867,125113009.96719046,9594906.942543963,salvador-ISSQN,salvador,ISSQN
2020-12-01,2020-12-01,9,2021-09-01,137803337.4548178,135331317.34617525,9594906.942543963,salvador-ISSQN,salvador,ISSQN
2020-12-01,2020-12-01,10,2021-10-01,133191157.75487636,131108073.90241395,9594906.942543963,salvador-ISSQN,salvador,ISSQN
2020-12-01,2020-12-01,11,2021-11-01,144735405.66712868,131548668.77771623,9594906.942543963,salvador-ISSQN,salvador,ISSQN
2020-12-01,2020-12-01,12,2021-12-01,173727685.14791396,163140730.80603322,9594906.942543963,salvador-ISSQN,salvador,ISSQN
2021-01-01,2021-01-01,1,2021-02-01,114204022.76247141,116453019.27399759,9760599.940792616,salvador-ISSQN,salvador,ISSQN
2021-01-01,2021-01-01,2,2021-03-01,120896788.44024572,126084215.18406737,9760599.940792616,salvador-ISSQN,salvador,ISSQN
2021-01-01,2021-01-01,3,2021-04-01,114103811.56111069,120846432.93544784,9760599.940792616,salvador-ISSQN,salvador,ISSQN
2021-01-01,2021-01-01,4,2021-05-01,113131968.70718983,121952773.04696643,9760599.940792616,salvador-ISSQN,salvador,ISSQN
2021-01-01,2021-01-01,5,2021-06-01,116471904.49873734,118715874.06651948,9760599.940792616,salvador-ISSQN,salvador,ISSQN
2021-01-01,2021-01-01,6,2021-07-01,130256096.11011124,120803967.25215441,9760599.940792616,salvador-ISSQN,salvador,ISSQN
2021-01-01,2021-01-01,7,2021-08-01,155566183.28985867,118861612.53131959,9760599.940792616,salvador-ISSQN,salvador,ISSQN
2021-01-01,2021-01-01,8,2021-09-01,137803337.4548178,129370801.13736486,9760599.940792616,salvador-ISSQN,salvador,ISSQN
2021-01-01,2021-01-01,9,2021-10-01,133191157.75487636,124891831.81285658,9760599.940792616,salvador-ISSQN,salvador,ISSQN
2021-01-01,2021-01-01,10,2021-11-01,144735405.66712868,125203974.64462417,9760599.940792616,salvador-ISSQN,salvador,ISSQN
2021-01-01,2021-01-01,11,2021-12-01,173727685.14791396,157162807.2724937,9760599.940792616,salvador-ISSQN,salvador,ISSQN
2021-01-01,2021-01-01,12,2022-01-01,122149190.55838329,112907751.00587995,9760599.940792616,salvador-ISSQN,salvador,ISSQN
2021-02-01,2021-02-01,1,2021-03-01,120896788.44024572,124007635.7722299,9806268.707568316,salvador-ISSQN,salvador,ISSQN
2021-02-01,2021-02-01,2,2021-04-01,114103811.56111069,119227301.72523987,9806268.707568316,salvador-ISSQN,salvador,ISSQN
2021-02-01,2021-02-01,3,2021-05-01,113131968.70718983,120800181.24026588,9806268.707568316,salvador-ISSQN,salvador,ISSQN
2021-02-01,2021-02-01,4,2021-06-01,116471904.49873734,116895779.56155239,9806268.707568316,salvador-ISSQN,salvador,ISSQN
2021-02-01,2021-02-01,5,2021-07-01,130256096.11011124,118072539.23001531,9806268.707568316,salvador-ISSQN,salvador,ISSQN
2021-02-01,2021-02-01,6,2021-08-01,155566183.28985867,117475959.2665792,9806268.707568316,salvador-ISSQN,salvador,ISSQN
2021-02-01,2021-02-01,7,2021-09-01,137803337.4548178,128534144.37412111,9806268.707568316,salvador-ISSQN,salvador,ISSQN
2021-02-01,2021-02-01,8,2021-10-01,133191157.75487636,123894925.40904173,9806268.707568316,salvador-ISSQN,salvador,ISSQN
2021-02-01,2021-02-01,9,2021-11-01,144735405.66712868,125261307.12749617,9806268.707568316,salvador-ISSQN,salvador,ISSQN
2021-02-01,2021-02-01,10,2021-12-01,173727685.14791396,154011987.48984796,9806268.707568316,salvador-ISSQN,salvador,ISSQN
2021-02-01,2021-02-01,11,2022-01-01,122149190.55838329,111750464.64305358,9806268.707568316,salvador-ISSQN,salvador,ISSQN
2021-02-01,2021-02-01,12,2022-02-01,114236272.5266531,116205958.52632235,9806268.707568316,salvador-ISSQN,salvador,ISSQN
2021-03-01,2021-03-01,1,2021-04-01,114103811.56111069,117309667.22568713,9861347.832970107,salvador-ISSQN,salvador,ISSQN
2021-03-01,2021-03-01,2,2021-05-01,113131968.70718983,118754627.77174674,9861347.832970107,salvador-ISSQN,salvador,ISSQN
2021-03-01,2021-03-01,3,2021-06-01,116471904.49873734,115007717.90023431,9861347.832970107,salvador-ISSQN,salvador,ISSQN
2021-03-01,2021-03-01,4,2021-07-01,130256096.11011124,117262961.77776779,9861347.832970107,salvador-ISSQN,salvador,ISSQN
2021-03-01,2021-03-01,5,2021-08-01,155566183.28985867,115464385.50380826,9861347.832970107,salvador-ISSQN,salvador,ISSQN
2021-03-01,2021-03-01,6,2021-09-01,137803337.4548178,126162085.88561282,9861347.832970107,salvador-ISSQN,salvador,ISSQN
2021-03-01,2021-03-01,7,2021-10-01,133191157.75487636,122882900.51776066,9861347.832970107,salvador-ISSQN,salvador,ISSQN
2021-03-01,2021-03-01,8,2021-11-01,144735405.66712868,123224740.01940992,9861347.832970107,salvador-ISSQN,salvador,ISSQN
2021-03-01,2021-03-01,9,2021-12-01,173727685.14791396,153054282.48106176,9861347.832970107,salvador-ISSQN,salvador,ISSQN
2021-03-01,2021-03-01,10,2022-01-01,122149190.55838329,110681321.46211362,9861347.832970107,salvador-ISSQN,salvador,ISSQN
2021-03-01,2021-03-01,11,2022-02-01,114236272.5266531,114417947.94926092,9861347.832970107,salvador-ISSQN,salvador,ISSQN
2021-03-01,2021-03-01,12,2022-03-01,127772172.220623,121747710.16066523,9861347.832970107,salvador-ISSQN,salvador,ISSQN
2021-04-01,2021-04-01,1,2021-05-01,113131968.70718983,117247698.74647896,9709051.92628519,salvador-ISSQN,salvador,ISSQN
2021-04-01,2021-04-01,2,2021-06-01,116471904.49873734,113443743.80766045,9709051.92628519,salvador-ISSQN,salvador,ISSQN
2021-04-01,2021-04-01,3,2021-07-01,130256096.11011124,116173746.751578,9709051.92628519,salvador-ISSQN,salvador,ISSQN
2021-04-01,2021-04-01,4,2021-08-01,155566183.28985867,114618641.06488357,9709051.92628519,salvador-ISSQN,salvador,ISSQN
2021-04-01,2021-04-01,5,2021-09-01,137803337.4548178,125295224.01381521,9709051.92628519,salvador-ISSQN,salvador,ISSQN
2021-04-01,2021-04-01,6,2021-10-01,133191157.75487636,121078764.05156998,9709051.92628519,salvador-ISSQN,salvador,ISSQN
2021-04-01,2021-04-01,7,2021-11-01,144735405.66712868,122477125.18463108,9709051.92628519,salvador-ISSQN,salvador,ISSQN
2021-04-01,2021-04-01,8,2021-12-01,173727685.14791396,150844647.64477307,9709051.92628519,salvador-ISSQN,salvador,ISSQN
2021-04-01,2021-04-01,9,2022-01-01,122149190.55838329,109893946.9915304,9709051.92628519,salvador-ISSQN,salvador,ISSQN
2021-04-01,2021-04-01,10,2022-02-01,114236272.5266531,113602923.16707698,9709051.92628519,salvador-ISSQN,salvador,ISSQN
2021-04-01,2021-04-01,11,2022-03-01,127772172.220623,120797845.50296165,9709051.92628519,salvador-ISSQN,salvador,ISSQN
2021-04-01,2021-04-01,12,2022-04-01,125087559.77891354,115602891.48669939,9709051.92628519,salvador-ISSQN,salvador,ISSQN
2021-05-01,2021-05-01,1,2021-06-01,116471904.49873734,113094578.35325424,9756553.351907857,salvador-ISSQN,salvador,ISSQN
2021-05-01,2021-05-01,2,2021-07-01,130256096.11011124,114654490.90710072,9756553.351907857,salvador-ISSQN,salvador,ISSQN
2021-05-01,2021-05-01,3,2021-08-01,155566183.28985867,113164586.34848183,9756553.351907857,salvador-ISSQN,salvador,ISSQN
2021-05-01,2021-05-01,4,2021-09-01,137803337.4548178,123252212.78046444,9756553.351907857,salvador-ISSQN,salvador,ISSQN
2021-05-01,2021-05-01,5,2021-10-01,133191157.75487636,119368306.88031948,9756553.351907857,salvador-ISSQN,salvador,ISSQN
2021-05-01,2021-05-01,6,2021-11-01,144735405.66712868,120393065.83820084,9756553.351907857,salvador-ISSQN,salvador,ISSQN
2021-05-01,2021-05-01,7,2021-12-01,173727685.14791396,149608045.76596075,9756553.351907857,salvador-ISSQN,salvador,ISSQN
2021-05-01,2021-05-01,8,2022-01-01,122149190.55838329,107388418.2081707,9756553.351907857,salvador-ISSQN,salvador,ISSQN
2021-05-01,2021-05-01,9,2022-02-01,114236272.5266531,112441372.75331764,9756553.351907857,salvador-ISSQN,salvador,ISSQN
2021-05-01,2021-05-01,10,2022-03-01,127772172.220623,118292751.04524124,9756553.351907857,salvador-ISSQN,salvador,ISSQN
2021-05-01,2021-05-01,11,2022-04-01,125087559.77891354,114570027.69315375,9756553.351907857,salvador-ISSQN,salvador,ISSQN
2021-05-01,2021-05-01,12,2022-05-01,158617101.47339234,115701153.31976806,9756553.351907857,salvador-ISSQN,salvador,ISSQN
2021-06-01,2021-06-01,1,2021-07-01,130256096.11011124,116779122.25886382,9813376.700045837,salvador-ISSQN,salvador,ISSQN
2021-06-01,2021-06-01,2,2021-08-01,155566183.28985867,115335924.99257387,9813376.700045837,salvador-ISSQN,salvador,ISSQN
2021-06-01,2021-06-01,3,2021-09-01,137803337.4548178,126050509.84401864,9813376.700045837,salvador-ISSQN,salvador,ISSQN
2021-06-01,2021-06-01,4,2021-10-01,133191157.75487636,121406874.75370412,9813376.700045837,salvador-ISSQN,salvador,ISSQN
2021-06-01,2021-06-01,5,2021-11-01,144735405.66712868,122980194.46063782,9813376.700045837,salvador-ISSQN,salvador,ISSQN
2021-06-01,2021-06-01,6,2021-12-01,173727685.14791396,152106941.326421,9813376.700045837,salvador-ISSQN,salvador,ISSQN
2021-06-01,2021-06-01,7,2022-01-01,122149190.55838329,109884284.4189333,9813376.700045837,salvador-ISSQN,salvador,ISSQN
2021-06-01,2021-06-01,8,2022-02-01,114236272.5266531,113817763.19824496,9813376.700045837,salvador-ISSQN,salvador,ISSQN
2021-06-01,2021-06-01,9,2022-03-01,127772172.220623,120906395.63162614,9813376.700045837,salvador-ISSQN,salvador,ISSQN
2021-06-01,2021-06-01,10,2022-04-01,125087559.77891354,115719173.51542875,9813376.700045837,salvador-ISSQN,salvador,ISSQN
2021-06-01,2021-06-01,11,2022-05-01,158617101.47339234,117066901.44734764,9813376.700045837,salvador-ISSQN,salvador,ISSQN
2021-06-01,2021-06-01,12,2022-06-01,140282250.49272528,114295063.42987853,9813376.700045837,salvador-ISSQN,salvador,ISSQN
2021-07-01,2021-07-01,1,2021-08-01,155566183.28985867,120600771.52988665,9905072.651535444,salvador-ISSQN,salvador,ISSQN
2021-07-01,2021-07-01,2,2021-09-01,137803337.4548178,130467458.74604098,9905072.651535444,salvador-ISSQN,salvador,ISSQN
2021-07-01,2021-07-01,3,2021-10-01,133191157.75487636,126753862.12031947,9905072.651535444,salvador-ISSQN,salvador,ISSQN
2021-07-01,2021-07-01,4,2021-11-01,144735405.66712868,127562186.60690333,9905072.651535444,salvador-ISSQN,salvador,ISSQN
2021-07-01,2021-07-01,5,2021-12-01,173727685.14791396,158412144.90523297,9905072.651535444,salvador-ISSQN,salvador,ISSQN
2021-07-01,2021-07-01,6,2022-01-01,122149190.55838329,115337354.69021086,9905072.651535444,salvador-ISSQN,salvador,ISSQN
2021-07-01,2021-07-01,7,2022-02-01,114236272.5266531,119282152.25474706,9905072.651535444,salvador-ISSQN,salvador,ISSQN
2021-07-01,2021-07-01,8,2022-03-01,127772172.220623,126782707.09350426,9905072.651535444,salvador-ISSQN,salvador,ISSQN
2021-07-01,2021-07-01,9,2022-04-01,125087559.77891354,121363685.52279626,9905072.651535444,salvador-ISSQN,salvador,ISSQN
2021-07-01,2021-07-01,10,2022-05-01,158617101.47339234,121858073.38508472,9905072.651535444,salvador-ISSQN,salvador,ISSQN
2021-07-01,2021-07-01,11,2022-06-01,140282250.49272528,119688581.851793,9905072.651535444,salvador-ISSQN,salvador,ISSQN
2021-07-01,2021-07-01,12,2022-07-01,136077881.4518655,125132023.53770898,9905072.651535444,salvador-ISSQN,salvador,ISSQN
2021-08-01,2021-08-01,1,2021-09-01,137803337.4548178,145867710.15088227,10404313.661469439,salvador-ISSQN,salvador,ISSQN
2021-08-01,2021-08-01,2,2021-10-01,133191157.75487636,144222135.80504557,10404313.661469439,salvador-ISSQN,salvador,ISSQN
2021-08-01,2021-08-01,3,2021-11-01,144735405.66712868,144510105.49968913,10404313.661469439,salvador-ISSQN,salvador,ISSQN
2021-08-01,2021-08-01,4,2021-12-01,173727685.14791396,178739210.73233202,10404313.661469439,salvador-ISSQN,salvador,ISSQN
2021-08-01,2021-08-01,5,2022-01-01,122149190.55838329,130094428.02996087,10404313.661469439,salvador-ISSQN,salvador,ISSQN
2021-08-01,2021-08-01,6,2022-02-01,114236272.5266531,133860706.82414207,10404313.661469439,salvador-ISSQN,salvador,ISSQN
2021-08-01,2021-08-01,7,2022-03-01,127772172.220623,142311551.72792503,10404313.661469439,salvador-ISSQN,salvador,ISSQN
2021-08-01,2021-08-01,8,2022-04-01,125087559.77891354,136747779.9278758,10404313.661469439,salvador-ISSQN,salvador,ISSQN
2021-08-01,2021-08-01,9,2022-05-01,158617101.47339234,137705057.4821122,10404313.661469439,salvador-ISSQN,salvador,ISSQN
2021-08-01,2021-08-01,10,2022-06-01,140282250.49272528,133783693.35080881,10404313.661469439,salvador-ISSQN,salvador,ISSQN
2021-08-01,2021-08-01,11,2022-07-01,136077881.4518655,141105566.16739443,10404313.661469439,salvador-ISSQN,salvador,ISSQN
2021-08-01,2021-08-01,12,2022-08-01,143715514.76575464,143536137.25063992,10404313.661469439,salvador-ISSQN,salvador,ISSQN
2021-09-01,2021-09-01,1,2021-10-01,133191157.75487636,139019302.70114556,10475026.293769283,salvador-ISSQN,salvador,ISSQN
2021-09-01,2021-09-01,2,2021-11-01,144735405.66712868,138896059.59025115,10475026.293769283,salvador-ISSQN,salvador,ISSQN
2021-09-01,2021-09-01,3,2021-12-01,173727685.14791396,173840881.5003176,10475026.293769283,salvador-ISSQN,salvador,ISSQN
2021-09-01,2021-09-01,4,2022-01-01,122149190.55838329,124971119.96584773,10475026.293769283,salvador-ISSQN,salvador,ISSQN
2021-09-01,2021-09-01,5,2022-02-01,114236272.5266531,129397755.14056285,10475026.293769283,salvador-ISSQN,salvador,ISSQN
2021-09-01,2021-09-01,6,2022-03-01,127772172.220623,137151424.2169011,10475026.293769283,salvador-ISSQN,salvador,ISSQN
2021-09-01,2021-09-01,7,2022-04-01,125087559.77891354,131001088.04875925,10475026.293769283,salvador-ISSQN,salvador,ISSQN
2021-09-01,2021-09-01,8,2022-05-01,158617101.47339234,132744740.26007928,10475026.293769283,salvador-ISSQN,salvador,ISSQN
2021-09-01,2021-09-01,9,2022-06-01,140282250.49272528,129827178.27630115,10475026.293769283,salvador-ISSQN,salvador,ISSQN
2021-09-01,2021-09-01,10,2022-07-01,136077881.4518655,133755878.73909897,10475026.293769283,salvador-ISSQN,salvador,ISSQN
2021-09-01,2021-09-01,11,2022-08-01,143715514.76575464,138037272.5733252,10475026.293769283,salvador-ISSQN,salvador,ISSQN
2021-09-01,2021-09-01,12,2022-09-01,160697582.0766429,137541744.56691453,10475026.293769283,salvador-ISSQN,salvador,ISSQN
2021-10-01,2021-10-01,1,2021-11-01,144735405.66712868,138499197.364438,10367279.644576866,salvador-ISSQN,salvador,ISSQN
2021-10-01,2021-10-01,2,2021-12-01,173727685.14791396,170840872.14214602,10367279.644576866,salvador-ISSQN,salvador,ISSQN
2021-10-01,2021-10-01,3,2022-01-01,122149190.55838329,123513089.42216079,10367279.644576866,salvador-ISSQN,salvador,ISSQN
2021-10-01,2021-10-01,4,2022-02-01,114236272.5266531,126966118.73157565,10367279.644576866,salvador-ISSQN,salvador,ISSQN
2021-10-01,2021-10-01,5,2022-03-01,127772172.220623,135324784.86034998,10367279.644576866,salvador-ISSQN,salvador,ISSQN
2021-10-01,2021-10-01,6,2022-04-01,125087559.77891354,129382316.17246725,10367279.644576866,salvador-ISSQN,salvador,ISSQN
2021-10-01,2021-10-01,7,2022-05-01,158617101.47339234,130473403.94195856,10367279.644576866,salvador-ISSQN,salvador,ISSQN
2021-10-01,2021-10-01,8,2022-06-01,140282250.49272528,127206681.44773778,10367279.644576866,salvador-ISSQN,salvador,ISSQN
2021-10-01,2021-10-01,9,2022-07-01,136077881.4518655,132123981.82948346,10367279.644576866,salvador-ISSQN,salvador,ISSQN
2021-10-01,2021-10-01,10,2022-08-01,143715514.76575464,136568644.8139389,10367279.644576866,salvador-ISSQN,salvador,ISSQN
2021-10-01,2021-10-01,11,2022-09-01,160697582.0766429,135099194.28346547,10367279.644576866,salvador-ISSQN,salvador,ISSQN
2021-10-01,2021-10-01,12,2022-10-01,153494428.37310088,136724765.12548652,10367279.644576866,salvador-ISSQN,salvador,ISSQN
2021-11-01,2021-11-01,1,2021-12-01,173727685.14791396,175081435.21136102,10315866.099301636,salvador-ISSQN,salvador,ISSQN
2021-11-01,2021-11-01,2,2022-01-01,122149190.55838329,126828327.14326076,10315866.099301636,salvador-ISSQN,salvador,ISSQN
2021-11-01,2021-11-01,3,2022-02-01,114236272.5266531,130119165.67731524,10315866.099301636,salvador-ISSQN,salvador,ISSQN
2021-11-01,2021-11-01,4,2022-03-01,127772172.220623,138675678.71908003,10315866.099301636,salvador-ISSQN,salvador,ISSQN
2021-11-01,2021-11-01,5,2022-04-01,125087559.77891354,131574828.37661305,10315866.099301636,salvador-ISSQN,salvador,ISSQN
2021-11-01,2021-11-01,6,2022-05-01,158617101.47339234,132258911.07382776,10315866.099301636,salvador-ISSQN,salvador,ISSQN
2021-11-01,2021-11-01,7,2022-06-01,140282250.49272528,130433225.53609388,10315866.099301636,salvador-ISSQN,salvador,ISSQN
2021-11-01,2021-11-01,8,2022-07-01,136077881.4518655,136186656.47162622,10315866.099301636,salvador-ISSQN,salvador,ISSQN
2021-11-01,2021-11-01,9,2022-08-01,143715514.76575464,139663206.8316555,10315866.099301636,salvador-ISSQN,salvador,ISSQN
2021-11-01,2021-11-01,10,2022-09-01,160697582.0766429,138340378.56197867,10315866.099301636,salvador-ISSQN,salvador,ISSQN
2021-11-01,2021-11-01,11,2022-10-01,153494428.37310088,139388071.77654573,10315866.099301636,salvador-ISSQN,salvador,ISSQN
2021-11-01,2021-11-01,12,2022-11-01,145852410.06631136,142852088.60001975,10315866.099301636,salvador-ISSQN,salvador,ISSQN
2021-12-01,2021-12-01,1,2022-01-01,122149190.55838329,126344413.7252576,10291360.585169924,salvador-ISSQN,salvador,ISSQN
2021-12-01,2021-12-01,2,2022-02-01,114236272.5266531,130908021.68036306,10291360.585169924,salvador-ISSQN,salvador,ISSQN
2021-12-01,2021-12-01,3,2022-03-01,127772172.220623,137865288.49587062,10291360.585169924,salvador-ISSQN,salvador,ISSQN
2021-12-01,2021-12-01,4,2022-04-01,125087559.77891354,132071956.25938316,10291360.585169924,salvador-ISSQN,salvador,ISSQN
2021-12-01,2021-12-01,5,2022-05-01,158617101.47339234,132479245.38873735,10291360.585169924,salvador-ISSQN,salvador,ISSQN
2021-12-01,2021-12-01,6,2022-06-01,140282250.49272528,129461539.07239439,10291360.585169924,salvador-ISSQN,salvador,ISSQN
2021-12-01,2021-12-01,7,2022-07-01,136077881.4518655,134050346.94072841,10291360.585169924,salvador-ISSQN,salvador,ISSQN
2021-12-01,2021-12-01,8,2022-08-01,143715514.76575464,139646834.59145793,10291360.585169924,salvador-ISSQN,salvador,ISSQN
2021-12-01,2021-12-01,9,2022-09-01,160697582.0766429,137129749.909956,10291360.585169924,salvador-ISSQN,salvador,ISSQN
2021-12-01,2021-12-01,10,2022-10-01,153494428.37310088,138730232.99905878,10291360.585169924,salvador-ISSQN,salvador,ISSQN
2021-12-01,2021-12-01,11,2022-11-01,145852410.06631136,141259044.44384655,10291360.585169924,salvador-ISSQN,salvador,ISSQN
2021-12-01,2021-12-01,12,2022-12-01,173647289.37823588,172857277.02767178,10291360.585169924,salvador-ISSQN,salvador,ISSQN
2022-01-01,2022-01-01,1,2022-02-01,114236272.5266531,127487427.95875716,10363297.198555406,salvador-ISSQN,salvador,ISSQN
2022-01-01,2022-01-01,2,2022-03-01,127772172.220623,136620985.09456474,10363297.198555406,salvador-ISSQN,salvador,ISSQN
2022-01-01,2022-01-01,3,2022-04-01,125087559.77891354,129551689.00134327,10363297.198555406,salvador-ISSQN,salvador,ISSQN
2022-01-01,2022-01-01,4,2022-05-01,158617101.47339234,130507006.88422672,10363297.198555406,salvador-ISSQN,salvador,ISSQN
2022-01-01,2022-01-01,5,2022-06-01,140282250.49272528,127817430.38471743,10363297.198555406,salvador-ISSQN,salvador,ISSQN
2022-01-01,2022-01-01,6,2022-07-01,136077881.4518655,132646482.25870654,10363297.198555406,salvador-ISSQN,salvador,ISSQN
2022-01-01,2022-01-01,7,2022-08-01,143715514.76575464,138213271.50348672,10363297.198555406,salvador-ISSQN,salvador,ISSQN
2022-01-01,2022-01-01,8,2022-09-01,160697582.0766429,136321067.09986746,10363297.198555406,salvador-ISSQN,salvador,ISSQN
2022-01-01,2022-01-01,9,2022-10-01,153494428.37310088,136650331.20817885,10363297.198555406,salvador-ISSQN,salvador,ISSQN
2022-01-01,2022-01-01,10,2022-11-01,145852410.06631136,141401548.22970784,10363297.198555406,salvador-ISSQN,salvador,ISSQN
2022-01-01,2022-01-01,11,2022-12-01,173647289.37823588,171656595.4980479,10363297.198555406,salvador-ISSQN,salvador,ISSQN
2022-01-01,2022-01-01,12,2023-01-01,135212874.65426108,123283428.44052084,10363297.198555406,salvador-ISSQN,salvador,ISSQN
2022-02-01,2022-02-01,1,2022-03-01,127772172.220623,130109158.56039488,10223688.449442249,salvador-ISSQN,salvador,ISSQN
2022-02-01,2022-02-01,2,2022-04-01,125087559.77891354,123459142.06316786,10223688.449442249,salvador-ISSQN,salvador,ISSQN
2022-02-01,2022-02-01,3,2022-05-01,158617101.47339234,124764627.84536873,10223688.449442249,salvador-ISSQN,salvador,ISSQN
2022-02-01,2022-02-01,4,2022-06-01,140282250.49272528,121830707.05026531,10223688.449442249,salvador-ISSQN,salvador,ISSQN
2022-02-01,2022-02-01,5,2022-07-01,136077881.4518655,127379160.83534472,10223688.449442249,salvador-ISSQN,salvador,ISSQN
2022-02-01,2022-02-01,6,2022-08-01,143715514.76575464,132260077.11045796,10223688.449442249,salvador-ISSQN,salvador,ISSQN
2022-02-01,2022-02-01,7,2022-09-01,160697582.0766429,130415514.51495002,10223688.449442249,salvador-ISSQN,salvador,ISSQN
2022-02-01,2022-02-01,8,2022-10-01,153494428.37310088,131459177.32111776,10223688.449442249,salvador-ISSQN,salvador,ISSQN
2022-02-01,2022-02-01,9,2022-11-01,145852410.06631136,134743862.86661154,10223688.449442249,salvador-ISSQN,salvador,ISSQN
2022-02-01,2022-02-01,10,2022-12-01,173647289.37823588,162061461.5391743,10223688.449442249,salvador-ISSQN,salvador,ISSQN
2022-02-01,2022-02-01,11,2023-01-01,135212874.65426108,118323295.15303558,10223688.449442249,salvador-ISSQN,salvador,ISSQN
2022-02-01,2022-02-01,12,2023-02-01,132887451.56330125,120605386.27354494,10223688.449442249,salvador-ISSQN,salvador,ISSQN
2022-03-01,2022-03-01,1,2022-04-01,125087559.77891354,123113866.58480299,10179044.387188049,salvador-ISSQN,salvador,ISSQN
2022-03-01,2022-03-01,2,2022-05-01,158617101.47339234,123699343.5692359,10179044.387188049,salvador-ISSQN,salvador,ISSQN
2022-03-01,2022-03-01,3,2022-06-01,140282250.49272528,121448535.02527522,10179044.387188049,salvador-ISSQN,salvador,ISSQN
2022-03-01,2022-03-01,4,2022-07-01,136077881.4518655,126924448.9698938,10179044.387188049,salvador-ISSQN,salvador,ISSQN
2022-03-01,2022-03-01,5,2022-08-01,143715514.76575464,131084537.09390262,10179044.387188049,salvador-ISSQN,salvador,ISSQN
2022-03-01,2022-03-01,6,2022-09-01,160697582.0766429,130105046.92297976,10179044.387188049,salvador-ISSQN,salvador,ISSQN
2022-03-01,2022-03-01,7,2022-10-01,153494428.37310088,131564527.65390691,10179044.387188049,salvador-ISSQN,salvador,ISSQN
2022-03-01,2022-03-01,8,2022-11-01,145852410.06631136,133300377.99262525,10179044.387188049,salvador-ISSQN,salvador,ISSQN
2022-03-01,2022-03-01,9,2022-12-01,173647289.37823588,162553469.99789247,10179044.387188049,salvador-ISSQN,salvador,ISSQN
2022-03-01,2022-03-01,10,2023-01-01,135212874.65426108,117387945.71309799,10179044.387188049,salvador-ISSQN,salvador,ISSQN
2022-03-01,2022-03-01,11,2023-02-01,132887451.56330125,120249460.41430989,10179044.387188049,salvador-ISSQN,salvador,ISSQN
2022-03-01,2022-03-01,12,2023-03-01,145681238.28892994,127021908.94166234,10179044.387188049,salvador-ISSQN,salvador,ISSQN
2022-04-01,2022-04-01,1,2022-05-01,158617101.47339234,126347392.4166098,10189632.595485613,salvador-ISSQN,salvador,ISSQN
2022-04-01,2022-04-01,2,2022-06-01,140282250.49272528,124678884.67591134,10189632.595485613,salvador-ISSQN,salvador,ISSQN
2022-04-01,2022-04-01,3,2022-07-01,136077881.4518655,129604061.02020189,10189632.595485613,salvador-ISSQN,salvador,ISSQN
2022-04-01,2022-04-01,4,2022-08-01,143715514.76575464,133601365.95146933,10189632.595485613,salvador-ISSQN,salvador,ISSQN
2022-04-01,2022-04-01,5,2022-09-01,160697582.0766429,131406629.7259186,10189632.595485613,salvador-ISSQN,salvador,ISSQN
2022-04-01,2022-04-01,6,2022-10-01,153494428.37310088,132693568.93612921,10189632.595485613,salvador-ISSQN,salvador,ISSQN
2022-04-01,2022-04-01,7,2022-11-01,145852410.06631136,136331396.61965796,10189632.595485613,salvador-ISSQN,salvador,ISSQN
2022-04-01,2022-04-01,8,2022-12-01,173647289.37823588,165163998.10216144,10189632.595485613,salvador-ISSQN,salvador,ISSQN
2022-04-01,2022-04-01,9,2023-01-01,135212874.65426108,120648595.08025697,10189632.595485613,salvador-ISSQN,salvador,ISSQN
2022-04-01,2022-04-01,10,2023-02-01,132887451.56330125,123026084.43154295,10189632.595485613,salvador-ISSQN,salvador,ISSQN
2022-04-01,2022-04-01,11,2023-03-01,145681238.28892994,127722411.54791188,10189632.595485613,salvador-ISSQN,salvador,ISSQN
2022-04-01,2022-04-01,12,2023-04-01,143508604.1514569,125126950.07303151,10189632.595485613,salvador-ISSQN,salvador,ISSQN
2022-05-01,2022-05-01,1,2022-06-01,140282250.49272528,134125712.20566286,10648015.714585831,salvador-ISSQN,salvador,ISSQN
2022-05-01,2022-05-01,2,2022-07-01,136077881.4518655,140739864.5626371,10648015.714585831,salvador-ISSQN,salvador,ISSQN
2022-05-01,2022-05-01,3,2022-08-01,143715514.76575464,143766878.41072938,10648015.714585831,salvador-ISSQN,salvador,ISSQN
2022-05-01,2022-05-01,4,2022-09-01,160697582.0766429,141578218.12681156,10648015.714585831,salvador-ISSQN,salvador,ISSQN
2022-05-01,2022-05-01,5,2022-10-01,153494428.37310088,143036325.98515502,10648015.714585831,salvador-ISSQN,salvador,ISSQN
2022-05-01,2022-05-01,6,2022-11-01,145852410.06631136,145991747.08823588,10648015.714585831,salvador-ISSQN,salvador,ISSQN
2022-05-01,2022-05-01,7,2022-12-01,173647289.37823588,176572749.64726952,10648015.714585831,salvador-ISSQN,salvador,ISSQN
2022-05-01,2022-05-01,8,2023-01-01,135212874.65426108,128136709.48318191,10648015.714585831,salvador-ISSQN,salvador,ISSQN
2022-05-01,2022-05-01,9,2023-02-01,132887451.56330125,131908722.10151425,10648015.714585831,salvador-ISSQN,salvador,ISSQN
2022-05-01,2022-05-01,10,2023-03-01,145681238.28892994,138445870.48203298,10648015.714585831,salvador-ISSQN,salvador,ISSQN
2022-05-01,2022-05-01,11,2023-04-01,143508604.1514569,133779749.44555302,10648015.714585831,salvador-ISSQN,salvador,ISSQN
2022-05-01,2022-05-01,12,2023-05-01,145983428.00425628,141542785.514038,10648015.714585831,salvador-ISSQN,salvador,ISSQN
2022-06-01,2022-06-01,1,2022-07-01,136077881.4518655,140182986.03635454,10816763.538680729,salvador-ISSQN,salvador,ISSQN
2022-06-01,2022-06-01,2,2022-08-01,143715514.76575464,146431696.91653118,10816763.538680729,salvador-ISSQN,salvador,ISSQN
2022-06-01,2022-06-01,3,2022-09-01,160697582.0766429,144386157.19071448,10816763.538680729,salvador-ISSQN,salvador,ISSQN
2022-06-01,2022-06-01,4,2022-10-01,153494428.37310088,144141339.93068343,10816763.538680729,salvador-ISSQN,salvador,ISSQN
2022-06-01,2022-06-01,5,2022-11-01,145852410.06631136,148193084.67835733,10816763.538680729,salvador-ISSQN,salvador,ISSQN
2022-06-01,2022-06-01,6,2022-12-01,173647289.37823588,178931040.99450496,10816763.538680729,salvador-ISSQN,salvador,ISSQN
2022-06-01,2022-06-01,7,2023-01-01,135212874.65426108,129760614.9858723,10816763.538680729,salvador-ISSQN,salvador,ISSQN
2022-06-01,2022-06-01,8,2023-02-01,132887451.56330125,132179393.82211983,10816763.538680729,salvador-ISSQN,salvador,ISSQN
2022-06-01,2022-06-01,9,2023-03-01,145681238.28892994,138610639.07294184,10816763.538680729,salvador-ISSQN,salvador,ISSQN
2022-06-01,2022-06-01,10,2023-04-01,143508604.1514569,134749168.4227574,10816763.538680729,salvador-ISSQN,salvador,ISSQN
2022-06-01,2022-06-01,11,2023-05-01,145983428.00425628,141966725.03721255,10816763.538680729,salvador-ISSQN,salvador,ISSQN
2022-06-01,2022-06-01,12,2023-06-01,147945962.3126708,134936911.01621813,10816763.538680729,salvador-ISSQN,salvador,ISSQN
2022-07-01,2022-07-01,1,2022-08-01,143715514.76575464,142441910.818721,10753535.966567736,salvador-ISSQN,salvador,ISSQN
2022-07-01,2022-07-01,2,2022-09-01,160697582.0766429,139950190.52977473,10753535.966567736,salvador-ISSQN,salvador,ISSQN
2022-07-01,2022-07-01,3,2022-10-01,153494428.37310088,141646396.13794616,10753535.966567736,salvador-ISSQN,salvador,ISSQN
2022-07-01,2022-07-01,4,2022-11-01,145852410.06631136,144489873.53839564,10753535.966567736,salvador-ISSQN,salvador,ISSQN
2022-07-01,2022-07-01,5,2022-12-01,173647289.37823588,173603236.6432227,10753535.966567736,salvador-ISSQN,salvador,ISSQN
2022-07-01,2022-07-01,6,2023-01-01,135212874.65426108,127349055.22616062,10753535.966567736,salvador-ISSQN,salvador,ISSQN
2022-07-01,2022-07-01,7,2023-02-01,132887451.56330125,129650658.34260245,10753535.966567736,salvador-ISSQN,salvador,ISSQN
2022-07-01,2022-07-01,8,2023-03-01,145681238.28892994,135509234.58029452,10753535.966567736,salvador-ISSQN,salvador,ISSQN
2022-07-01,2022-07-01,9,2023-04-01,143508604.1514569,132828974.68119259,10753535.966567736,salvador-ISSQN,salvador,ISSQN
2022-07-01,2022-07-01,10,2023-05-01,145983428.00425628,140000666.1523701,10753535.966567736,salvador-ISSQN,salvador,ISSQN
2022-07-01,2022-07-01,11,2023-06-01,147945962.3126708,132126206.16331701,10753535.966567736,salvador-ISSQN,salvador,ISSQN
2022-07-01,2022-07-01,12,2023-07-01,149804608.7464599,138007345.47946647,10753535.966567736,salvador-ISSQN,salvador,ISSQN
2022-08-01,2022-08-01,1,2022-09-01,160697582.0766429,143624015.9892906,10767250.123536939,salvador-ISSQN,salvador,ISSQN
2022-08-01,2022-08-01,2,2022-10-01,153494428.37310088,145044410.7386591,10767250.123536939,salvador-ISSQN,salvador,ISSQN
2022-08-01,2022-08-01,3,2022-11-01,145852410.06631136,147043245.36390832,10767250.123536939,salvador-ISSQN,salvador,ISSQN
2022-08-01,2022-08-01,4,2022-12-01,173647289.37823588,178404742.73560128,10767250.123536939,salvador-ISSQN,salvador,ISSQN
2022-08-01,2022-08-01,5,2023-01-01,135212874.65426108,129140757.80611849,10767250.123536939,salvador-ISSQN,salvador,ISSQN
2022-08-01,2022-08-01,6,2023-02-01,132887451.56330125,131588296.35774815,10767250.123536939,salvador-ISSQN,salvador,ISSQN
2022-08-01,2022-08-01,7,2023-03-01,145681238.28892994,138636263.48305666,10767250.123536939,salvador-ISSQN,salvador,ISSQN
2022-08-01,2022-08-01,8,2023-04-01,143508604.1514569,134875004.32459453,10767250.123536939,salvador-ISSQN,salvador,ISSQN
2022-08-01,2022-08-01,9,2023-05-01,145983428.00425628,141483647.42141917,10767250.123536939,salvador-ISSQN,salvador,ISSQN
2022-08-01,2022-08-01,10,2023-06-01,147945962.3126708,133543027.43387653,10767250.123536939,salvador-ISSQN,salvador,ISSQN
2022-08-01,2022-08-01,11,2023-07-01,149804608.7464599,138981706.4220012,10767250.123536939,salvador-ISSQN,salvador,ISSQN
2022-08-01,2022-08-01,12,2023-08-01,158308919.14379752,144409099.50424764,10767250.123536939,salvador-ISSQN,salvador,ISSQN
2022-09-01,2022-09-01,1,2022-10-01,153494428.37310088,152825946.72298744,10916966.104997287,salvador-ISSQN,salvador,ISSQN
2022-09-01,2022-09-01,2,2022-11-01,145852410.06631136,155383330.70487073,10916966.104997287,salvador-ISSQN,salvador,ISSQN
2022-09-01,2022-09-01,3,2022-12-01,173647289.37823588,187026359.29456285,10916966.104997287,salvador-ISSQN,salvador,ISSQN
2022-09-01,2022-09-01,4,2023-01-01,135212874.65426108,136645994.17448685,10916966.104997287,salvador-ISSQN,salvador,ISSQN
2022-09-01,2022-09-01,5,2023-02-01,132887451.56330125,138588034.18007228,10916966.104997287,salvador-ISSQN,salvador,ISSQN
2022-09-01,2022-09-01,6,2023-03-01,145681238.28892994,144352756.32980397,10916966.104997287,salvador-ISSQN,salvador,ISSQN
2022-09-01,2022-09-01,7,2023-04-01,143508604.1514569,141003554.2086148,10916966.104997287,salvador-ISSQN,salvador,ISSQN
2022-09-01,2022-09-01,8,2023-05-01,145983428.00425628,148039748.62167093,10916966.104997287,salvador-ISSQN,salvador,ISSQN
2022-09-01,2022-09-01,9,2023-06-01,147945962.3126708,140005199.1046419,10916966.104997287,salvador-ISSQN,salvador,ISSQN
2022-09-01,2022-09-01,10,2023-07-01,149804608.7464599,146239632.47404832,10916966.104997287,salvador-ISSQN,salvador,ISSQN
2022-09-01,2022-09-01,11,2023-08-01,158308919.14379752,150358072.32176638,10916966.104997287,salvador-ISSQN,salvador,ISSQN
2022-09-01,2022-09-01,12,2023-09-01,149291086.55814052,152011526.3586245,10916966.104997287,salvador-ISSQN,salvador,ISSQN
2022-10-01,2022-10-01,1,2022-11-01,145852410.06631136,154310003.5487836,11031433.233207375,salvador-ISSQN,salvador,ISSQN
2022-10-01,2022-10-01,2,2022-12-01,173647289.37823588,187022309.734718,11031433.233207375,salvador-ISSQN,salvador,ISSQN
2022-10-01,2022-10-01,3,2023-01-01,135212874.65426108,136674936.164285,11031433.233207375,salvador-ISSQN,salvador,ISSQN
2022-10-01,2022-10-01,4,2023-02-01,132887451.56330125,138885834.3204368,11031433.233207375,salvador-ISSQN,salvador,ISSQN
2022-10-01,2022-10-01,5,2023-03-01,145681238.28892994,145276001.04549384,11031433.233207375,salvador-ISSQN,salvador,ISSQN
2022-10-01,2022-10-01,6,2023-04-01,143508604.1514569,142085268.45262942,11031433.233207375,salvador-ISSQN,salvador,ISSQN
2022-10-01,2022-10-01,7,2023-05-01,145983428.00425628,148833785.93960145,11031433.233207375,salvador-ISSQN,salvador,ISSQN
2022-10-01,2022-10-01,8,2023-06-01,147945962.3126708,139939137.48059496,11031433.233207375,salvador-ISSQN,salvador,ISSQN
2022-10-01,2022-10-01,9,2023-07-01,149804608.7464599,145302226.9752892,11031433.233207375,salvador-ISSQN,salvador,ISSQN
2022-10-01,2022-10-01,10,2023-08-01,158308919.14379752,150185106.91836035,11031433.233207375,salvador-ISSQN,salvador,ISSQN
2022-10-01,2022-10-01,11,2023-09-01,149291086.55814052,151803650.90566844,11031433.233207375,salvador-ISSQN,salvador,ISSQN
2022-10-01,2022-10-01,12,2023-10-01,162466226.3022135,151350505.88030255,11031433.233207375,salvador-ISSQN,salvador,ISSQN
2022-11-01,2022-11-01,1,2022-12-01,173647289.37823588,183220966.80317053,10911982.283399848,salvador-ISSQN,salvador,ISSQN
2022-11-01,2022-11-01,2,2023-01-01,135212874.65426108,133656130.71944007,10911982.283399848,salvador-ISSQN,salvador,ISSQN
2022-11-01,2022-11-01,3,2023-02-01,132887451.56330125,135779143.0789421,10911982.283399848,salvador-ISSQN,salvador,ISSQN
2022-11-01,2022-11-01,4,2023-03-01,145681238.28892994,141930695.10706377,10911982.283399848,salvador-ISSQN,salvador,ISSQN
2022-11-01,2022-11-01,5,2023-04-01,143508604.1514569,137873834.0531911,10911982.283399848,salvador-ISSQN,salvador,ISSQN
2022-11-01,2022-11-01,6,2023-05-01,145983428.00425628,144909545.8092384,10911982.283399848,salvador-ISSQN,salvador,ISSQN
2022-11-01,2022-11-01,7,2023-06-01,147945962.3126708,137029674.1800104,10911982.283399848,salvador-ISSQN,salvador,ISSQN
2022-11-01,2022-11-01,8,2023-07-01,149804608.7464599,143326825.55492836,10911982.283399848,salvador-ISSQN,salvador,ISSQN
2022-11-01,2022-11-01,9,2023-08-01,158308919.14379752,146617459.4533335,10911982.283399848,salvador-ISSQN,salvador,ISSQN
2022-11-01,2022-11-01,10,2023-09-01,149291086.55814052,148682694.3568229,10911982.283399848,salvador-ISSQN,salvador,ISSQN
2022-11-01,2022-11-01,11,2023-10-01,162466226.3022135,148102959.59737357,10911982.283399848,salvador-ISSQN,salvador,ISSQN
2022-11-01,2022-11-01,12,2023-11-01,163312814.20696488,151360147.8128255,10911982.283399848,salvador-ISSQN,salvador,ISSQN
2022-12-01,2022-12-01,1,2023-01-01,135212874.65426108,128711346.93111366,10783034.82490316,salvador-ISSQN,salvador,ISSQN
2022-12-01,2022-12-01,2,2023-02-01,132887451.56330125,131806010.66860706,10783034.82490316,salvador-ISSQN,salvador,ISSQN
2022-12-01,2022-12-01,3,2023-03-01,145681238.28892994,137788475.8809749,10783034.82490316,salvador-ISSQN,salvador,ISSQN
2022-12-01,2022-12-01,4,2023-04-01,143508604.1514569,134077894.43917674,10783034.82490316,salvador-ISSQN,salvador,ISSQN
2022-12-01,2022-12-01,5,2023-05-01,145983428.00425628,140643738.2148637,10783034.82490316,salvador-ISSQN,salvador,ISSQN
2022-12-01,2022-12-01,6,2023-06-01,147945962.3126708,133211543.0215123,10783034.82490316,salvador-ISSQN,salvador,ISSQN
2022-12-01,2022-12-01,7,2023-07-01,149804608.7464599,139543887.01450628,10783034.82490316,salvador-ISSQN,salvador,ISSQN
2022-12-01,2022-12-01,8,2023-08-01,158308919.14379752,143319299.41343427,10783034.82490316,salvador-ISSQN,salvador,ISSQN
2022-12-01,2022-12-01,9,2023-09-01,149291086.55814052,145604131.28063914,10783034.82490316,salvador-ISSQN,salvador,ISSQN
2022-12-01,2022-12-01,10,2023-10-01,162466226.3022135,144348394.3359546,10783034.82490316,salvador-ISSQN,salvador,ISSQN
2022-12-01,2022-12-01,11,2023-11-01,163312814.20696488,147670062.7968582,10783034.82490316,salvador-ISSQN,salvador,ISSQN
2022-12-01,2022-12-01,12,2023-12-01,187215660.76514104,178988896.54083076,10783034.82490316,salvador-ISSQN,salvador,ISSQN
2023-01-01,2023-01-01,1,2023-02-01,132887451.56330125,133764348.5088039,10809865.99279698,salvador-ISSQN,salvador,ISSQN
2023-01-01,2023-01-01,2,2023-03-01,145681238.28892994,139602539.47602192,10809865.99279698,salvador-ISSQN,salvador,ISSQN
2023-01-01,2023-01-01,3,2023-04-01,143508604.1514569,136379462.9400058,10809865.99279698,salvador-ISSQN,salvador,ISSQN
2023-01-01,2023-01-01,4,2023-05-01,145983428.00425628,144076286.06997567,10809865.99279698,salvador-ISSQN,salvador,ISSQN
2023-01-01,2023-01-01,5,2023-06-01,147945962.3126708,135616881.91653064,10809865.99279698,salvador-ISSQN,salvador,ISSQN
2023-01-01,2023-01-01,6,2023-07-01,149804608.7464599,141886381.77096665,10809865.99279698,salvador-ISSQN,salvador,ISSQN
2023-01-01,2023-01-01,7,2023-08-01,158308919.14379752,146409679.2159583,10809865.99279698,salvador-ISSQN,salvador,ISSQN
2023-01-01,2023-01-01,8,2023-09-01,149291086.55814052,147349555.51014307,10809865.99279698,salvador-ISSQN,salvador,ISSQN
2023-01-01,2023-01-01,9,2023-10-01,162466226.3022135,147248194.17110413,10809865.99279698,salvador-ISSQN,salvador,ISSQN
2023-01-01,2023-01-01,10,2023-11-01,163312814.20696488,150692976.31277543,10809865.99279698,salvador-ISSQN,salvador,ISSQN
2023-01-01,2023-01-01,11,2023-12-01,187215660.76514104,181708373.84738714,10809865.99279698,salvador-ISSQN,salvador,ISSQN
2023-01-01,2023-01-01,12,2024-01-01,204327604.53179494,132535576.64543082,10809865.99279698,salvador-ISSQN,salvador,ISSQN
2023-02-01,2023-02-01,1,2023-03-01,145681238.28892994,140244260.00455076,10901044.051446412,salvador-ISSQN,salvador,ISSQN
2023-02-01,2023-02-01,2,2023-04-01,143508604.1514569,136323944.52473134,10901044.051446412,salvador-ISSQN,salvador,ISSQN
2023-02-01,2023-02-01,3,2023-05-01,145983428.00425628,143371199.97429383,10901044.051446412,salvador-ISSQN,salvador,ISSQN
2023-02-01,2023-02-01,4,2023-06-01,147945962.3126708,135499675.14365467,10901044.051446412,salvador-ISSQN,salvador,ISSQN
2023-02-01,2023-02-01,5,2023-07-01,149804608.7464599,140960963.52571064,10901044.051446412,salvador-ISSQN,salvador,ISSQN
2023-02-01,2023-02-01,6,2023-08-01,158308919.14379752,147151244.0058278,10901044.051446412,salvador-ISSQN,salvador,ISSQN
2023-02-01,2023-02-01,7,2023-09-01,149291086.55814052,146074739.87573406,10901044.051446412,salvador-ISSQN,salvador,ISSQN
2023-02-01,2023-02-01,8,2023-10-01,162466226.3022135,147804038.39248422,10901044.051446412,salvador-ISSQN,salvador,ISSQN
2023-02-01,2023-02-01,9,2023-11-01,163312814.20696488,150329107.0739536,10901044.051446412,salvador-ISSQN,salvador,ISSQN
2023-02-01,2023-02-01,10,2023-12-01,187215660.76514104,181107849.38130823,10901044.051446412,salvador-ISSQN,salvador,ISSQN
2023-02-01,2023-02-01,11,2024-01-01,204327604.53179494,131986355.68999764,10901044.051446412,salvador-ISSQN,salvador,ISSQN
2023-02-01,2023-02-01,12,2024-02-01,159278235.93683836,133096262.97460398,10901044.051446412,salvador-ISSQN,salvador,ISSQN
2023-03-01,2023-03-01,1,2023-04-01,143508604.1514569,138100504.6393561,10981596.028651705,salvador-ISSQN,salvador,ISSQN
2023-03-01,2023-03-01,2,2023-05-01,145983428.00425628,145651827.23690504,10981596.028651705,salvador-ISSQN,salvador,ISSQN
2023-03-01,2023-03-01,3,2023-06-01,147945962.3126708,137491773.80883098,10981596.028651705,salvador-ISSQN,salvador,ISSQN
2023-03-01,2023-03-01,4,2023-07-01,149804608.7464599,143005881.4264501,10981596.028651705,salvador-ISSQN,salvador,ISSQN
2023-03-01,2023-03-01,5,2023-08-01,158308919.14379752,147600435.9488545,10981596.028651705,salvador-ISSQN,salvador,ISSQN
2023-03-01,2023-03-01,6,2023-09-01,149291086.55814052,148968957.37308767,10981596.028651705,salvador-ISSQN,salvador,ISSQN
2023-03-01,2023-03-01,7,2023-10-01,162466226.3022135,149908465.12508157,10981596.028651705,salvador-ISSQN,salvador,ISSQN
2023-03-01,2023-03-01,8,2023-11-01,163312814.20696488,152315177.33955157,10981596.028651705,salvador-ISSQN,salvador,ISSQN
2023-03-01,2023-03-01,9,2023-12-01,187215660.76514104,184304693.48662025,10981596.028651705,salvador-ISSQN,salvador,ISSQN
2023-03-01,2023-03-01,10,2024-01-01,204327604.53179494,133429133.97828078,10981596.028651705,salvador-ISSQN,salvador,ISSQN
2023-03-01,2023-03-01,11,2024-02-01,159278235.93683836,135281497.71059567,10981596.028651705,salvador-ISSQN,salvador,ISSQN
2023-03-01,2023-03-01,12,2024-03-01,162189752.8885526,143135768.2543867,10981596.028651705,salvador-ISSQN,salvador,ISSQN
2023-04-01,2023-04-01,1,2023-05-01,145983428.00425628,147690731.4553474,11066135.214377748,salvador-ISSQN,salvador,ISSQN
2023-04-01,2023-04-01,2,2023-06-01,147945962.3126708,139238254.80985236,11066135.214377748,salvador-ISSQN,salvador,ISSQN
2023-04-01,2023-04-01,3,2023-07-01,149804608.7464599,145614531.47312194,11066135.214377748,salvador-ISSQN,salvador,ISSQN
2023-04-01,2023-04-01,4,2023-08-01,158308919.14379752,150086689.55186123,11066135.214377748,salvador-ISSQN,salvador,ISSQN
2023-04-01,2023-04-01,5,2023-09-01,149291086.55814052,151957972.97391683,11066135.214377748,salvador-ISSQN,salvador,ISSQN
2023-04-01,2023-04-01,6,2023-10-01,162466226.3022135,151969884.04391637,11066135.214377748,salvador-ISSQN,salvador,ISSQN
2023-04-01,2023-04-01,7,2023-11-01,163312814.20696488,154669545.7252341,11066135.214377748,salvador-ISSQN,salvador,ISSQN
2023-04-01,2023-04-01,8,2023-12-01,187215660.76514104,187538347.81114954,11066135.214377748,salvador-ISSQN,salvador,ISSQN
2023-04-01,2023-04-01,9,2024-01-01,204327604.53179494,136083714.57955235,11066135.214377748,salvador-ISSQN,salvador,ISSQN
2023-04-01,2023-04-01,10,2024-02-01,159278235.93683836,137086316.1919325,11066135.214377748,salvador-ISSQN,salvador,ISSQN
2023-04-01,2023-04-01,11,2024-03-01,162189752.8885526,145719048.96268067,11066135.214377748,salvador-ISSQN,salvador,ISSQN
2023-04-01,2023-04-01,12,2024-04-01,170382067.58095023,140151162.7691213,11066135.214377748,salvador-ISSQN,salvador,ISSQN
2023-05-01,2023-05-01,1,2023-06-01,147945962.3126708,140278825.49422526,11083748.003757054,salvador-ISSQN,salvador,ISSQN
2023-05-01,2023-05-01,2,2023-07-01,149804608.7464599,145771684.68759748,11083748.003757054,salvador-ISSQN,salvador,ISSQN
2023-05-01,2023-05-01,3,2023-08-01,158308919.14379752,151117910.38388902,11083748.003757054,salvador-ISSQN,salvador,ISSQN
2023-05-01,2023-05-01,4,2023-09-01,149291086.55814052,152189822.4935632,11083748.003757054,salvador-ISSQN,salvador,ISSQN
2023-05-01,2023-05-01,5,2023-10-01,162466226.3022135,151851782.8407799,11083748.003757054,salvador-ISSQN,salvador,ISSQN
2023-05-01,2023-05-01,6,2023-11-01,163312814.20696488,154143119.76083505,11083748.003757054,salvador-ISSQN,salvador,ISSQN
2023-05-01,2023-05-01,7,2023-12-01,187215660.76514104,185608134.05336258,11083748.003757054,salvador-ISSQN,salvador,ISSQN
2023-05-01,2023-05-01,8,2024-01-01,204327604.53179494,135899072.90112057,11083748.003757054,salvador-ISSQN,salvador,ISSQN
2023-05-01,2023-05-01,9,2024-02-01,159278235.93683836,136733528.62715223,11083748.003757054,salvador-ISSQN,salvador,ISSQN
2023-05-01,2023-05-01,10,2024-03-01,162189752.8885526,144555465.12594295,11083748.003757054,salvador-ISSQN,salvador,ISSQN
2023-05-01,2023-05-01,11,2024-04-01,170382067.58095023,138671122.75733042,11083748.003757054,salvador-ISSQN,salvador,ISSQN
2023-05-01,2023-05-01,12,2024-05-01,166327769.7078219,147517976.76156965,11083748.003757054,salvador-ISSQN,salvador,ISSQN
2023-06-01,2023-06-01,1,2023-07-01,149804608.7464599,147633950.19374886,11045747.601714704,salvador-ISSQN,salvador,ISSQN
2023-06-01,2023-06-01,2,2023-08-01,158308919.14379752,151833289.4127454,11045747.601714704,salvador-ISSQN,salvador,ISSQN
2023-06-01,2023-06-01,3,2023-09-01,149291086.55814052,152398287.34991583,11045747.601714704,salvador-ISSQN,salvador,ISSQN
2023-06-01,2023-06-01,4,2023-10-01,162466226.3022135,151899857.85990864,11045747.601714704,salvador-ISSQN,salvador,ISSQN
2023-06-01,2023-06-01,5,2023-11-01,163312814.20696488,155129356.7441109,11045747.601714704,salvador-ISSQN,salvador,ISSQN
2023-06-01,2023-06-01,6,2023-12-01,187215660.76514104,187416181.47712773,11045747.601714704,salvador-ISSQN,salvador,ISSQN
2023-06-01,2023-06-01,7,2024-01-01,204327604.53179494,136075604.18161154,11045747.601714704,salvador-ISSQN,salvador,ISSQN
2023-06-01,2023-06-01,8,2024-02-01,159278235.93683836,137021670.57400104,11045747.601714704,salvador-ISSQN,salvador,ISSQN
2023-06-01,2023-06-01,9,2024-03-01,162189752.8885526,146197848.51837042,11045747.601714704,salvador-ISSQN,salvador,ISSQN
2023-06-01,2023-06-01,10,2024-04-01,170382067.58095023,141410845.91069055,11045747.601714704,salvador-ISSQN,salvador,ISSQN
2023-06-01,2023-06-01,11,2024-05-01,166327769.7078219,148634348.7147622,11045747.601714704,salvador-ISSQN,salvador,ISSQN
2023-06-01,2023-06-01,12,2024-06-01,159858497.2817491,142154768.23881286,11045747.601714704,salvador-ISSQN,salvador,ISSQN
2023-07-01,2023-07-01,1,2023-08-01,158308919.14379752,148748501.72429293,11075208.917021073,salvador-ISSQN,salvador,ISSQN
2023-07-01,2023-07-01,2,2023-09-01,149291086.55814052,147335819.20979908,11075208.917021073,salvador-ISSQN,salvador,ISSQN
2023-07-01,2023-07-01,3,2023-10-01,162466226.3022135,148980625.9841965,11075208.917021073,salvador-ISSQN,salvador,ISSQN
2023-07-01,2023-07-01,4,2023-11-01,163312814.20696488,153165988.1416957,11075208.917021073,salvador-ISSQN,salvador,ISSQN
2023-07-01,2023-07-01,5,2023-12-01,187215660.76514104,181295387.27576435,11075208.917021073,salvador-ISSQN,salvador,ISSQN
2023-07-01,2023-07-01,6,2024-01-01,204327604.53179494,138208592.3215262,11075208.917021073,salvador-ISSQN,salvador,ISSQN
2023-07-01,2023-07-01,7,2024-02-01,159278235.93683836,138391956.61957562,11075208.917021073,salvador-ISSQN,salvador,ISSQN
2023-07-01,2023-07-01,8,2024-03-01,162189752.8885526,143872184.43537393,11075208.917021073,salvador-ISSQN,salvador,ISSQN
2023-07-01,2023-07-01,9,2024-04-01,170382067.58095023,143399225.71537223,11075208.917021073,salvador-ISSQN,salvador,ISSQN
2023-07-01,2023-07-01,10,2024-05-01,166327769.7078219,150057209.87778357,11075208.917021073,salvador-ISSQN,salvador,ISSQN
2023-07-01,2023-07-01,11,2024-06-01,159858497.2817491,142565700.4700206,11075208.917021073,salvador-ISSQN,salvador,ISSQN
2023-07-01,2023-07-01,12,2024-07-01,169912894.89976043,148916798.36586544,11075208.917021073,salvador-ISSQN,salvador,ISSQN
2023-08-01,2023-08-01,1,2023-09-01,149291086.55814052,156807517.17991945,11113450.17203218,salvador-ISSQN,salvador,ISSQN
2023-08-01,2023-08-01,2,2023-10-01,162466226.3022135,157163965.37884566,11113450.17203218,salvador-ISSQN,salvador,ISSQN
2023-08-01,2023-08-01,3,2023-11-01,163312814.20696488,160468316.36954555,11113450.17203218,salvador-ISSQN,salvador,ISSQN
2023-08-01,2023-08-01,4,2023-12-01,187215660.76514104,193149921.48645058,11113450.17203218,salvador-ISSQN,salvador,ISSQN
2023-08-01,2023-08-01,5,2024-01-01,204327604.53179494,139860585.95650423,11113450.17203218,salvador-ISSQN,salvador,ISSQN
2023-08-01,2023-08-01,6,2024-02-01,159278235.93683836,141452470.49544513,11113450.17203218,salvador-ISSQN,salvador,ISSQN
2023-08-01,2023-08-01,7,2024-03-01,162189752.8885526,148950684.4327052,11113450.17203218,salvador-ISSQN,salvador,ISSQN
2023-08-01,2023-08-01,8,2024-04-01,170382067.58095023,144015668.8759818,11113450.17203218,salvador-ISSQN,salvador,ISSQN
2023-08-01,2023-08-01,9,2024-05-01,166327769.7078219,152201679.6803593,11113450.17203218,salvador-ISSQN,salvador,ISSQN
2023-08-01,2023-08-01,10,2024-06-01,159858497.2817491,144531488.18824765,11113450.17203218,salvador-ISSQN,salvador,ISSQN
2023-08-01,2023-08-01,11,2024-07-01,169912894.89976043,149959374.9891559,11113450.17203218,salvador-ISSQN,salvador,ISSQN
2023-08-01,2023-08-01,12,2024-08-01,179459931.33462426,155575612.25415567,11113450.17203218,salvador-ISSQN,salvador,ISSQN
2023-09-01,2023-09-01,1,2023-10-01,162466226.3022135,151999955.0373223,11116601.197263042,salvador-ISSQN,salvador,ISSQN
2023-09-01,2023-09-01,2,2023-11-01,163312814.20696488,156087684.36848393,11116601.197263042,salvador-ISSQN,salvador,ISSQN
2023-09-01,2023-09-01,3,2023-12-01,187215660.76514104,187340503.58064106,11116601.197263042,salvador-ISSQN,salvador,ISSQN
2023-09-01,2023-09-01,4,2024-01-01,204327604.53179494,136553102.47147197,11116601.197263042,salvador-ISSQN,salvador,ISSQN
2023-09-01,2023-09-01,5,2024-02-01,159278235.93683836,138312737.66843155,11116601.197263042,salvador-ISSQN,salvador,ISSQN
2023-09-01,2023-09-01,6,2024-03-01,162189752.8885526,145397802.40730655,11116601.197263042,salvador-ISSQN,salvador,ISSQN
2023-09-01,2023-09-01,7,2024-04-01,170382067.58095023,141432350.7888326,11116601.197263042,salvador-ISSQN,salvador,ISSQN
2023-09-01,2023-09-01,8,2024-05-01,166327769.7078219,148646251.49241292,11116601.197263042,salvador-ISSQN,salvador,ISSQN
2023-09-01,2023-09-01,9,2024-06-01,159858497.2817491,141619956.952961,11116601.197263042,salvador-ISSQN,salvador,ISSQN
2023-09-01,2023-09-01,10,2024-07-01,169912894.89976043,147157712.69097677,11116601.197263042,salvador-ISSQN,salvador,ISSQN
2023-09-01,2023-09-01,11,2024-08-01,179459931.33462426,154562958.25197926,11116601.197263042,salvador-ISSQN,salvador,ISSQN
2023-09-01,2023-09-01,12,2024-09-01,184543486.4872822,153279915.876962,11116601.197263042,salvador-ISSQN,salvador,ISSQN
2023-10-01,2023-10-01,1,2023-11-01,163312814.20696488,158764459.16942444,11093784.141218888,salvador-ISSQN,salvador,ISSQN
2023-10-01,2023-10-01,2,2023-12-01,187215660.76514104,192871869.10894018,11093784.141218888,salvador-ISSQN,salvador,ISSQN
2023-10-01,2023-10-01,3,2024-01-01,204327604.53179494,140140403.64861536,11093784.141218888,salvador-ISSQN,salvador,ISSQN
2023-10-01,2023-10-01,4,2024-02-01,159278235.93683836,140502396.35156935,11093784.141218888,salvador-ISSQN,salvador,ISSQN
2023-10-01,2023-10-01,5,2024-03-01,162189752.8885526,148725200.34750637,11093784.141218888,salvador-ISSQN,salvador,ISSQN
2023-10-01,2023-10-01,6,2024-04-01,170382067.58095023,143169955.24424046,11093784.141218888,salvador-ISSQN,salvador,ISSQN
2023-10-01,2023-10-01,7,2024-05-01,166327769.7078219,151461753.95819262,11093784.141218888,salvador-ISSQN,salvador,ISSQN
2023-10-01,2023-10-01,8,2024-06-01,159858497.2817491,143518484.83823812,11093784.141218888,salvador-ISSQN,salvador,ISSQN
2023-10-01,2023-10-01,9,2024-07-01,169912894.89976043,150545972.07011545,11093784.141218888,salvador-ISSQN,salvador,ISSQN
2023-10-01,2023-10-01,10,2024-08-01,179459931.33462426,156571598.07243687,11093784.141218888,salvador-ISSQN,salvador,ISSQN
2023-10-01,2023-10-01,11,2024-09-01,184543486.4872822,157158127.51765165,11093784.141218888,salvador-ISSQN,salvador,ISSQN
2023-10-01,2023-10-01,12,2024-10-01,179016330.2612471,157382333.61414573,11093784.141218888,salvador-ISSQN,salvador,ISSQN
2023-11-01,2023-11-01,1,2023-12-01,187215660.76514104,189821726.75131112,11160801.193844516,salvador-ISSQN,salvador,ISSQN
2023-11-01,2023-11-01,2,2024-01-01,204327604.53179494,145933474.31450212,11160801.193844516,salvador-ISSQN,salvador,ISSQN
2023-11-01,2023-11-01,3,2024-02-01,159278235.93683836,146880203.11703968,11160801.193844516,salvador-ISSQN,salvador,ISSQN
2023-11-01,2023-11-01,4,2024-03-01,162189752.8885526,153528762.47781736,11160801.193844516,salvador-ISSQN,salvador,ISSQN
2023-11-01,2023-11-01,5,2024-04-01,170382067.58095023,149267505.29394898,11160801.193844516,salvador-ISSQN,salvador,ISSQN
2023-11-01,2023-11-01,6,2024-05-01,166327769.7078219,154253627.6955743,11160801.193844516,salvador-ISSQN,salvador,ISSQN
2023-11-01,2023-11-01,7,2024-06-01,159858497.2817491,149539153.69795585,11160801.193844516,salvador-ISSQN,salvador,ISSQN
2023-11-01,2023-11-01,8,2024-07-01,169912894.89976043,156126964.11068708,11160801.193844516,salvador-ISSQN,salvador,ISSQN
2023-11-01,2023-11-01,9,2024-08-01,179459931.33462426,157003112.96373847,11160801.193844516,salvador-ISSQN,salvador,ISSQN
2023-11-01,2023-11-01,10,2024-09-01,184543486.4872822,157545789.67545316,11160801.193844516,salvador-ISSQN,salvador,ISSQN
2023-11-01,2023-11-01,11,2024-10-01,179016330.2612471,159217175.6962423,11160801.193844516,salvador-ISSQN,salvador,ISSQN
2023-11-01,2023-11-01,12,2024-11-01,170272112.29129708,161902749.65804145,11160801.193844516,salvador-ISSQN,salvador,ISSQN
2023-12-01,2023-12-01,1,2024-01-01,204327604.53179494,140757438.77430114,11185880.050022231,salvador-ISSQN,salvador,ISSQN
2023-12-01,2023-12-01,2,2024-02-01,159278235.93683836,141626661.17678478,11185880.050022231,salvador-ISSQN,salvador,ISSQN
2023-12-01,2023-12-01,3,2024-03-01,162189752.8885526,149362194.49889725,11185880.050022231,salvador-ISSQN,salvador,ISSQN
2023-12-01,2023-12-01,4,2024-04-01,170382067.58095023,144658480.31051454,11185880.050022231,salvador-ISSQN,salvador,ISSQN
2023-12-01,2023-12-01,5,2024-05-01,166327769.7078219,150014469.95049635,11185880.050022231,salvador-ISSQN,salvador,ISSQN
2023-12-01,2023-12-01,6,2024-06-01,159858497.2817491,145492987.75039193,11185880.050022231,salvador-ISSQN,salvador,ISSQN
2023-12-01,2023-12-01,7,2024-07-01,169912894.89976043,150375716.18103045,11185880.050022231,salvador-ISSQN,salvador,ISSQN
2023-12-01,2023-12-01,8,2024-08-01,179459931.33462426,151497146.62727082,11185880.050022231,salvador-ISSQN,salvador,ISSQN
2023-12-01,2023-12-01,9,2024-09-01,184543486.4872822,155025475.73375908,11185880.050022231,salvador-ISSQN,salvador,ISSQN
2023-12-01,2023-12-01,10,2024-10-01,179016330.2612471,156674377.6088979,11185880.050022231,salvador-ISSQN,salvador,ISSQN
2023-12-01,2023-12-01,11,2024-11-01,170272112.29129708,159916070.17557973,11185880.050022231,salvador-ISSQN,salvador,ISSQN
2023-12-01,2023-12-01,12,2024-12-01,201564378.85060686,190314007.29301804,11185880.050022231,salvador-ISSQN,salvador,ISSQN
2024-01-01,2024-01-01,1,2024-02-01,159278235.93683836,166310648.60335153,11783084.68741926,salvador-ISSQN,salvador,ISSQN
2024-01-01,2024-01-01,2,2024-03-01,162189752.8885526,173011383.1266906,11783084.68741926,salvador-ISSQN,salvador,ISSQN
2024-01-01,2024-01-01,3,2024-04-01,170382067.58095023,167642854.25859785,11783084.68741926,salvador-ISSQN,salvador,ISSQN
2024-01-01,2024-01-01,4,2024-05-01,166327769.7078219,173801332.39329427,11783084.68741926,salvador-ISSQN,salvador,ISSQN
2024-01-01,2024-01-01,5,2024-06-01,159858497.2817491,166941036.59533343,11783084.68741926,salvador-ISSQN,salvador,ISSQN
2024-01-01,2024-01-01,6,2024-07-01,169912894.89976043,173500017.5812555,11783084.68741926,salvador-ISSQN,salvador,ISSQN
2024-01-01,2024-01-01,7,2024-08-01,179459931.33462426,174009861.87875167,11783084.68741926,salvador-ISSQN,salvador,ISSQN
2024-01-01,2024-01-01,8,2024-09-01,184543486.4872822,176625041.0143182,11783084.68741926,salvador-ISSQN,salvador,ISSQN
2024-01-01,2024-01-01,9,2024-10-01,179016330.2612471,178019968.7004186,11783084.68741926,salvador-ISSQN,salvador,ISSQN
2024-01-01,2024-01-01,10,2024-11-01,170272112.29129708,180748534.58321154,11783084.68741926,salvador-ISSQN,salvador,ISSQN
2024-01-01,2024-01-01,11,2024-12-01,201564378.85060686,209923843.15120748,11783084.68741926,salvador-ISSQN,salvador,ISSQN
2024-01-01,2024-01-01,12,2025-01-01,165418720.9248767,171972474.44822162,11783084.68741926,salvador-ISSQN,salvador,ISSQN
2024-02-01,2024-02-01,1,2024-03-01,162189752.8885526,170147119.5457899,11932142.847481687,salvador-ISSQN,salvador,ISSQN
2024-02-01,2024-02-01,2,2024-04-01,170382067.58095023,165274647.28626236,11932142.847481687,salvador-ISSQN,salvador,ISSQN
2024-02-01,2024-02-01,3,2024-05-01,166327769.7078219,171231037.37725365,11932142.847481687,salvador-ISSQN,salvador,ISSQN
2024-02-01,2024-02-01,4,2024-06-01,159858497.2817491,165018442.07437542,11932142.847481687,salvador-ISSQN,salvador,ISSQN
2024-02-01,2024-02-01,5,2024-07-01,169912894.89976043,170797822.7331356,11932142.847481687,salvador-ISSQN,salvador,ISSQN
2024-02-01,2024-02-01,6,2024-08-01,179459931.33462426,174441768.553165,11932142.847481687,salvador-ISSQN,salvador,ISSQN
2024-02-01,2024-02-01,7,2024-09-01,184543486.4872822,175458828.01498467,11932142.847481687,salvador-ISSQN,salvador,ISSQN
2024-02-01,2024-02-01,8,2024-10-01,179016330.2612471,176020580.3732333,11932142.847481687,salvador-ISSQN,salvador,ISSQN
2024-02-01,2024-02-01,9,2024-11-01,170272112.29129708,179484043.1053657,11932142.847481687,salvador-ISSQN,salvador,ISSQN
2024-02-01,2024-02-01,10,2024-12-01,201564378.85060686,208239056.7367375,11932142.847481687,salvador-ISSQN,salvador,ISSQN
2024-02-01,2024-02-01,11,2025-01-01,165418720.9248767,170201904.73607367,11932142.847481687,salvador-ISSQN,salvador,ISSQN
2024-02-01,2024-02-01,12,2025-02-01,168682440.2340401,164143372.54847956,11932142.847481687,salvador-ISSQN,salvador,ISSQN
2024-03-01,2024-03-01,1,2024-04-01,170382067.58095023,160993963.3059544,11978368.82477604,salvador-ISSQN,salvador,ISSQN
2024-03-01,2024-03-01,2,2024-05-01,166327769.7078219,167461964.22846675,11978368.82477604,salvador-ISSQN,salvador,ISSQN
2024-03-01,2024-03-01,3,2024-06-01,159858497.2817491,161532217.42472088,11978368.82477604,salvador-ISSQN,salvador,ISSQN
2024-03-01,2024-03-01,4,2024-07-01,169912894.89976043,167220884.4262094,11978368.82477604,salvador-ISSQN,salvador,ISSQN
2024-03-01,2024-03-01,5,2024-08-01,179459931.33462426,171197249.25878432,11978368.82477604,salvador-ISSQN,salvador,ISSQN
2024-03-01,2024-03-01,6,2024-09-01,184543486.4872822,171351230.67221618,11978368.82477604,salvador-ISSQN,salvador,ISSQN
2024-03-01,2024-03-01,7,2024-10-01,179016330.2612471,172800970.19495967,11978368.82477604,salvador-ISSQN,salvador,ISSQN
2024-03-01,2024-03-01,8,2024-11-01,170272112.29129708,176181046.3693277,11978368.82477604,salvador-ISSQN,salvador,ISSQN
2024-03-01,2024-03-01,9,2024-12-01,201564378.85060686,204836749.70707145,11978368.82477604,salvador-ISSQN,salvador,ISSQN
2024-03-01,2024-03-01,10,2025-01-01,165418720.9248767,167069548.19509742,11978368.82477604,salvador-ISSQN,salvador,ISSQN
2024-03-01,2024-03-01,11,2025-02-01,168682440.2340401,160314035.5795035,11978368.82477604,salvador-ISSQN,salvador,ISSQN
2024-03-01,2024-03-01,12,2025-03-01,175688943.8790584,166858671.34191433,11978368.82477604,salvador-ISSQN,salvador,ISSQN
2024-04-01,2024-04-01,1,2024-05-01,166327769.7078219,171352155.96350878,12127319.770823214,salvador-ISSQN,salvador,ISSQN
2024-04-01,2024-04-01,2,2024-06-01,159858497.2817491,164645829.05132356,12127319.770823214,salvador-ISSQN,salvador,ISSQN
2024-04-01,2024-04-01,3,2024-07-01,169912894.89976043,169273956.22252133,12127319.770823214,salvador-ISSQN,salvador,ISSQN
2024-04-01,2024-04-01,4,2024-08-01,179459931.33462426,172212013.22380236,12127319.770823214,salvador-ISSQN,salvador,ISSQN
2024-04-01,2024-04-01,5,2024-09-01,184543486.4872822,172296567.36785486,12127319.770823214,salvador-ISSQN,salvador,ISSQN
2024-04-01,2024-04-01,6,2024-10-01,179016330.2612471,176447769.9891016,12127319.770823214,salvador-ISSQN,salvador,ISSQN
2024-04-01,2024-04-01,7,2024-11-01,170272112.29129708,177737337.25600156,12127319.770823214,salvador-ISSQN,salvador,ISSQN
2024-04-01,2024-04-01,8,2024-12-01,201564378.85060686,208948396.8281471,12127319.770823214,salvador-ISSQN,salvador,ISSQN
2024-04-01,2024-04-01,9,2025-01-01,165418720.9248767,170421151.84160325,12127319.770823214,salvador-ISSQN,salvador,ISSQN
2024-04-01,2024-04-01,10,2025-02-01,168682440.2340401,163445326.26825297,12127319.770823214,salvador-ISSQN,salvador,ISSQN
2024-04-01,2024-04-01,11,2025-03-01,175688943.8790584,169927785.0996884,12127319.770823214,salvador-ISSQN,salvador,ISSQN
2024-04-01,2024-04-01,12,2025-04-01,181535033.12456664,163712012.34225565,12127319.770823214,salvador-ISSQN,salvador,ISSQN
2024-05-01,2024-05-01,1,2024-06-01,159858497.2817491,164003757.42021346,12208676.423622644,salvador-ISSQN,salvador,ISSQN
2024-05-01,2024-05-01,2,2024-07-01,169912894.89976043,171550287.5385076,12208676.423622644,salvador-ISSQN,salvador,ISSQN
2024-05-01,2024-05-01,3,2024-08-01,179459931.33462426,169467191.49602184,12208676.423622644,salvador-ISSQN,salvador,ISSQN
2024-05-01,2024-05-01,4,2024-09-01,184543486.4872822,170720022.76165906,12208676.423622644,salvador-ISSQN,salvador,ISSQN
2024-05-01,2024-05-01,5,2024-10-01,179016330.2612471,174101465.09400848,12208676.423622644,salvador-ISSQN,salvador,ISSQN
2024-05-01,2024-05-01,6,2024-11-01,170272112.29129708,176487182.07357424,12208676.423622644,salvador-ISSQN,salvador,ISSQN
2024-05-01,2024-05-01,7,2024-12-01,201564378.85060686,206522052.4125246,12208676.423622644,salvador-ISSQN,salvador,ISSQN
2024-05-01,2024-05-01,8,2025-01-01,165418720.9248767,168869463.3269927,12208676.423622644,salvador-ISSQN,salvador,ISSQN
2024-05-01,2024-05-01,9,2025-02-01,168682440.2340401,161102967.51815873,12208676.423622644,salvador-ISSQN,salvador,ISSQN
2024-05-01,2024-05-01,10,2025-03-01,175688943.8790584,166516417.64164394,12208676.423622644,salvador-ISSQN,salvador,ISSQN
2024-05-01,2024-05-01,11,2025-04-01,181535033.12456664,163287862.94831458,12208676.423622644,salvador-ISSQN,salvador,ISSQN
2024-05-01,2024-05-01,12,2025-05-01,181276769.84444195,168148939.34368232,12208676.423622644,salvador-ISSQN,salvador,ISSQN
2024-06-01,2024-06-01,1,2024-07-01,169912894.89976043,166762100.24500355,12205773.076029072,salvador-ISSQN,salvador,ISSQN
2024-06-01,2024-06-01,2,2024-08-01,179459931.33462426,168809869.95350897,12205773.076029072,salvador-ISSQN,salvador,ISSQN
2024-06-01,2024-06-01,3,2024-09-01,184543486.4872822,170122379.1335526,12205773.076029072,salvador-ISSQN,salvador,ISSQN
2024-06-01,2024-06-01,4,2024-10-01,179016330.2612471,173668771.55331177,12205773.076029072,salvador-ISSQN,salvador,ISSQN
2024-06-01,2024-06-01,5,2024-11-01,170272112.29129708,174840705.05286708,12205773.076029072,salvador-ISSQN,salvador,ISSQN
2024-06-01,2024-06-01,6,2024-12-01,201564378.85060686,205188531.11231792,12205773.076029072,salvador-ISSQN,salvador,ISSQN
2024-06-01,2024-06-01,7,2025-01-01,165418720.9248767,167034562.62930563,12205773.076029072,salvador-ISSQN,salvador,ISSQN
2024-06-01,2024-06-01,8,2025-02-01,168682440.2340401,160459937.46023515,12205773.076029072,salvador-ISSQN,salvador,ISSQN
2024-06-01,2024-06-01,9,2025-03-01,175688943.8790584,169537330.7231195,12205773.076029072,salvador-ISSQN,salvador,ISSQN
2024-06-01,2024-06-01,10,2025-04-01,181535033.12456664,162720013.13358635,12205773.076029072,salvador-ISSQN,salvador,ISSQN
2024-06-01,2024-06-01,11,2025-05-01,181276769.84444195,167096506.26171705,12205773.076029072,salvador-ISSQN,salvador,ISSQN
2024-06-01,2024-06-01,12,2025-06-01,168323445.51961663,161461270.10394886,12205773.076029072,salvador-ISSQN,salvador,ISSQN
2024-07-01,2024-07-01,1,2024-08-01,179459931.33462426,171219913.68009976,12282496.503963746,salvador-ISSQN,salvador,ISSQN
2024-07-01,2024-07-01,2,2024-09-01,184543486.4872822,167255958.236533,12282496.503963746,salvador-ISSQN,salvador,ISSQN
2024-07-01,2024-07-01,3,2024-10-01,179016330.2612471,172317015.5135605,12282496.503963746,salvador-ISSQN,salvador,ISSQN
2024-07-01,2024-07-01,4,2024-11-01,170272112.29129708,176315841.2990971,12282496.503963746,salvador-ISSQN,salvador,ISSQN
2024-07-01,2024-07-01,5,2024-12-01,201564378.85060686,206164904.75458932,12282496.503963746,salvador-ISSQN,salvador,ISSQN
2024-07-01,2024-07-01,6,2025-01-01,165418720.9248767,168522212.45381045,12282496.503963746,salvador-ISSQN,salvador,ISSQN
2024-07-01,2024-07-01,7,2025-02-01,168682440.2340401,160923591.18730414,12282496.503963746,salvador-ISSQN,salvador,ISSQN
2024-07-01,2024-07-01,8,2025-03-01,175688943.8790584,166790848.57037985,12282496.503963746,salvador-ISSQN,salvador,ISSQN
2024-07-01,2024-07-01,9,2025-04-01,181535033.12456664,162904563.98500004,12282496.503963746,salvador-ISSQN,salvador,ISSQN
2024-07-01,2024-07-01,10,2025-05-01,181276769.84444195,167545005.91504833,12282496.503963746,salvador-ISSQN,salvador,ISSQN
2024-07-01,2024-07-01,11,2025-06-01,168323445.51961663,162449151.02731648,12282496.503963746,salvador-ISSQN,salvador,ISSQN
2024-07-01,2024-07-01,12,2025-07-01,172403341.7654783,168744486.24196675,12282496.503963746,salvador-ISSQN,salvador,ISSQN
2024-08-01,2024-08-01,1,2024-09-01,184543486.4872822,177686029.00852305,12367770.693260504,salvador-ISSQN,salvador,ISSQN
2024-08-01,2024-08-01,2,2024-10-01,179016330.2612471,178340910.29861364,12367770.693260504,salvador-ISSQN,salvador,ISSQN
2024-08-01,2024-08-01,3,2024-11-01,170272112.29129708,181257742.00190932,12367770.693260504,salvador-ISSQN,salvador,ISSQN
2024-08-01,2024-08-01,4,2024-12-01,201564378.85060686,210995008.8790026,12367770.693260504,salvador-ISSQN,salvador,ISSQN
2024-08-01,2024-08-01,5,2025-01-01,165418720.9248767,175265419.46625495,12367770.693260504,salvador-ISSQN,salvador,ISSQN
2024-08-01,2024-08-01,6,2025-02-01,168682440.2340401,165999743.73353264,12367770.693260504,salvador-ISSQN,salvador,ISSQN
2024-08-01,2024-08-01,7,2025-03-01,175688943.8790584,172053794.76732513,12367770.693260504,salvador-ISSQN,salvador,ISSQN
2024-08-01,2024-08-01,8,2025-04-01,181535033.12456664,166832770.86893597,12367770.693260504,salvador-ISSQN,salvador,ISSQN
2024-08-01,2024-08-01,9,2025-05-01,181276769.84444195,172330661.81565413,12367770.693260504,salvador-ISSQN,salvador,ISSQN
2024-08-01,2024-08-01,10,2025-06-01,168323445.51961663,166107312.1801085,12367770.693260504,salvador-ISSQN,salvador,ISSQN
2024-08-01,2024-08-01,11,2025-07-01,172403341.7654783,171816063.3344546,12367770.693260504,salvador-ISSQN,salvador,ISSQN
2024-08-01,2024-08-01,12,2025-08-01,184564790.1691121,171901774.0280058,12367770.693260504,salvador-ISSQN,salvador,ISSQN
2024-09-01,2024-09-01,1,2024-10-01,179016330.2612471,181024453.3413386,12585719.543126041,salvador-ISSQN,salvador,ISSQN
2024-09-01,2024-09-01,2,2024-11-01,170272112.29129708,183115421.87114775,12585719.543126041,salvador-ISSQN,salvador,ISSQN
2024-09-01,2024-09-01,3,2024-12-01,201564378.85060686,212903760.74016353,12585719.543126041,salvador-ISSQN,salvador,ISSQN
2024-09-01,2024-09-01,4,2025-01-01,165418720.9248767,174843335.28253517,12585719.543126041,salvador-ISSQN,salvador,ISSQN
2024-09-01,2024-09-01,5,2025-02-01,168682440.2340401,169774571.3964759,12585719.543126041,salvador-ISSQN,salvador,ISSQN
2024-09-01,2024-09-01,6,2025-03-01,175688943.8790584,174974994.48967522,12585719.543126041,salvador-ISSQN,salvador,ISSQN
2024-09-01,2024-09-01,7,2025-04-01,181535033.12456664,168176636.41521627,12585719.543126041,salvador-ISSQN,salvador,ISSQN
2024-09-01,2024-09-01,8,2025-05-01,181276769.84444195,174792935.56233498,12585719.543126041,salvador-ISSQN,salvador,ISSQN
2024-09-01,2024-09-01,9,2025-06-01,168323445.51961663,169824230.594462,12585719.543126041,salvador-ISSQN,salvador,ISSQN
2024-09-01,2024-09-01,10,2025-07-01,172403341.7654783,175709301.5212287,12585719.543126041,salvador-ISSQN,salvador,ISSQN
2024-09-01,2024-09-01,11,2025-08-01,184564790.1691121,176823731.59285963,12585719.543126041,salvador-ISSQN,salvador,ISSQN
2024-09-01,2024-09-01,12,2025-09-01,187039213.58700693,177511781.9313546,12585719.543126041,salvador-ISSQN,salvador,ISSQN
2024-10-01,2024-10-01,1,2024-11-01,170272112.29129708,181819182.52951533,12623119.3961063,salvador-ISSQN,salvador,ISSQN
2024-10-01,2024-10-01,2,2024-12-01,201564378.85060686,211922593.3748756,12623119.3961063,salvador-ISSQN,salvador,ISSQN
2024-10-01,2024-10-01,3,2025-01-01,165418720.9248767,173013579.0243693,12623119.3961063,salvador-ISSQN,salvador,ISSQN
2024-10-01,2024-10-01,4,2025-02-01,168682440.2340401,165913962.27264455,12623119.3961063,salvador-ISSQN,salvador,ISSQN
2024-10-01,2024-10-01,5,2025-03-01,175688943.8790584,172122061.60107785,12623119.3961063,salvador-ISSQN,salvador,ISSQN
2024-10-01,2024-10-01,6,2025-04-01,181535033.12456664,167334638.5402387,12623119.3961063,salvador-ISSQN,salvador,ISSQN
2024-10-01,2024-10-01,7,2025-05-01,181276769.84444195,171760316.86140886,12623119.3961063,salvador-ISSQN,salvador,ISSQN
2024-10-01,2024-10-01,8,2025-06-01,168323445.51961663,167268908.75408733,12623119.3961063,salvador-ISSQN,salvador,ISSQN
2024-10-01,2024-10-01,9,2025-07-01,172403341.7654783,173140574.89334258,12623119.3961063,salvador-ISSQN,salvador,ISSQN
2024-10-01,2024-10-01,10,2025-08-01,184564790.1691121,174906319.325775,12623119.3961063,salvador-ISSQN,salvador,ISSQN
2024-10-01,2024-10-01,11,2025-09-01,187039213.58700693,179686238.8155512,12623119.3961063,salvador-ISSQN,salvador,ISSQN
2024-10-01,2024-10-01,12,2025-10-01,195235211.1399195,181065438.73123705,12623119.3961063,salvador-ISSQN,salvador,ISSQN
2024-11-01,2024-11-01,1,2024-12-01,201564378.85060686,207483191.03457516,12570186.486650469,salvador-ISSQN,salvador,ISSQN
2024-11-01,2024-11-01,2,2025-01-01,165418720.9248767,168530675.7694975,12570186.486650469,salvador-ISSQN,salvador,ISSQN
2024-11-01,2024-11-01,3,2025-02-01,168682440.2340401,162402212.36936125,12570186.486650469,salvador-ISSQN,salvador,ISSQN
2024-11-01,2024-11-01,4,2025-03-01,175688943.8790584,168820969.37613842,12570186.486650469,salvador-ISSQN,salvador,ISSQN
2024-11-01,2024-11-01,5,2025-04-01,181535033.12456664,163722958.9136605,12570186.486650469,salvador-ISSQN,salvador,ISSQN
2024-11-01,2024-11-01,6,2025-05-01,181276769.84444195,167977592.25414047,12570186.486650469,salvador-ISSQN,salvador,ISSQN
2024-11-01,2024-11-01,7,2025-06-01,168323445.51961663,163013364.40693775,12570186.486650469,salvador-ISSQN,salvador,ISSQN
2024-11-01,2024-11-01,8,2025-07-01,172403341.7654783,167888226.04364318,12570186.486650469,salvador-ISSQN,salvador,ISSQN
2024-11-01,2024-11-01,9,2025-08-01,184564790.1691121,172175753.92526215,12570186.486650469,salvador-ISSQN,salvador,ISSQN
2024-11-01,2024-11-01,10,2025-09-01,187039213.58700693,175762014.48432824,12570186.486650469,salvador-ISSQN,salvador,ISSQN
2024-11-01,2024-11-01,11,2025-10-01,195235211.1399195,176733996.53996515,12570186.486650469,salvador-ISSQN,salvador,ISSQN
2024-11-01,2024-11-01,12,2025-11-01,192262765.6760926,177220759.67656174,12570186.486650469,salvador-ISSQN,salvador,ISSQN
2024-12-01,2024-12-01,1,2025-01-01,165418720.9248767,165711169.56428355,12586654.371824685,salvador-ISSQN,salvador,ISSQN
2024-12-01,2024-12-01,2,2025-02-01,168682440.2340401,158398772.270705,12586654.371824685,salvador-ISSQN,salvador,ISSQN
2024-12-01,2024-12-01,3,2025-03-01,175688943.8790584,165554220.08226672,12586654.371824685,salvador-ISSQN,salvador,ISSQN
2024-12-01,2024-12-01,4,2025-04-01,181535033.12456664,160727400.25761417,12586654.371824685,salvador-ISSQN,salvador,ISSQN
2024-12-01,2024-12-01,5,2025-05-01,181276769.84444195,164841333.9198647,12586654.371824685,salvador-ISSQN,salvador,ISSQN
2024-12-01,2024-12-01,6,2025-06-01,168323445.51961663,160806192.21746764,12586654.371824685,salvador-ISSQN,salvador,ISSQN
2024-12-01,2024-12-01,7,2025-07-01,172403341.7654783,168858250.0263325,12586654.371824685,salvador-ISSQN,salvador,ISSQN
2024-12-01,2024-12-01,8,2025-08-01,184564790.1691121,172301890.44210038,12586654.371824685,salvador-ISSQN,salvador,ISSQN
2024-12-01,2024-12-01,9,2025-09-01,187039213.58700693,175011271.36212486,12586654.371824685,salvador-ISSQN,salvador,ISSQN
2024-12-01,2024-12-01,10,2025-10-01,195235211.1399195,175017090.83368456,12586654.371824685,salvador-ISSQN,salvador,ISSQN
2024-12-01,2024-12-01,11,2025-11-01,192262765.6760926,174178580.66350198,12586654.371824685,salvador-ISSQN,salvador,ISSQN
2024-12-01,2024-12-01,12,2025-12-01,211689477.99,204571184.4312036,12586654.371824685,salvador-ISSQN,salvador,ISSQN
2025-01-01,2025-01-01,1,2025-02-01,168682440.2340401,157058219.58721805,12828142.71343105,salvador-ISSQN,salvador,ISSQN
2025-01-01,2025-01-01,2,2025-03-01,175688943.8790584,162643590.95943335,12828142.71343105,salvador-ISSQN,salvador,ISSQN
2025-01-01,2025-01-01,3,2025-04-01,181535033.12456664,159245018.29512054,12828142.71343105,salvador-ISSQN,salvador,ISSQN
2025-01-01,2025-01-01,4,2025-05-01,181276769.84444195,164180737.9387374,12828142.71343105,salvador-ISSQN,salvador,ISSQN
2025-01-01,2025-01-01,5,2025-06-01,168323445.51961663,159038370.54656354,12828142.71343105,salvador-ISSQN,salvador,ISSQN
2025-01-01,2025-01-01,6,2025-07-01,172403341.7654783,163327833.78010917,12828142.71343105,salvador-ISSQN,salvador,ISSQN
2025-01-01,2025-01-01,7,2025-08-01,184564790.1691121,168737821.20469093,12828142.71343105,salvador-ISSQN,salvador,ISSQN
2025-01-01,2025-01-01,8,2025-09-01,187039213.58700693,169032263.3472429,12828142.71343105,salvador-ISSQN,salvador,ISSQN
2025-01-01,2025-01-01,9,2025-10-01,195235211.1399195,173934554.80097607,12828142.71343105,salvador-ISSQN,salvador,ISSQN
2025-01-01,2025-01-01,10,2025-11-01,192262765.6760926,172612570.9807764,12828142.71343105,salvador-ISSQN,salvador,ISSQN
2025-01-01,2025-01-01,11,2025-12-01,211689477.99,203451826.80906817,12828142.71343105,salvador-ISSQN,salvador,ISSQN
2025-02-01,2025-02-01,1,2025-03-01,175688943.8790584,167328012.965498,12797016.00055624,salvador-ISSQN,salvador,ISSQN
2025-02-01,2025-02-01,2,2025-04-01,181535033.12456664,162225123.3057464,12797016.00055624,salvador-ISSQN,salvador,ISSQN
2025-02-01,2025-02-01,3,2025-05-01,181276769.84444195,165836611.95105487,12797016.00055624,salvador-ISSQN,salvador,ISSQN
2025-02-01,2025-02-01,4,2025-06-01,168323445.51961663,161803894.974899,12797016.00055624,salvador-ISSQN,salvador,ISSQN
2025-02-01,2025-02-01,5,2025-07-01,172403341.7654783,168876673.91191432,12797016.00055624,salvador-ISSQN,salvador,ISSQN
2025-02-01,2025-02-01,6,2025-08-01,184564790.1691121,174347505.1502592,12797016.00055624,salvador-ISSQN,salvador,ISSQN
2025-02-01,2025-02-01,7,2025-09-01,187039213.58700693,174609304.07526946,12797016.00055624,salvador-ISSQN,salvador,ISSQN
2025-02-01,2025-02-01,8,2025-10-01,195235211.1399195,176481035.2744858,12797016.00055624,salvador-ISSQN,salvador,ISSQN
2025-02-01,2025-02-01,9,2025-11-01,192262765.6760926,176385849.31397352,12797016.00055624,salvador-ISSQN,salvador,ISSQN
2025-02-01,2025-02-01,10,2025-12-01,211689477.99,206552124.5669766,12797016.00055624,salvador-ISSQN,salvador,ISSQN
2025-03-01,2025-03-01,1,2025-04-01,181535033.12456664,163511558.79868892,12803341.901366595,salvador-ISSQN,salvador,ISSQN
2025-03-01,2025-03-01,2,2025-05-01,181276769.84444195,170809286.7312915,12803341.901366595,salvador-ISSQN,salvador,ISSQN
2025-03-01,2025-03-01,3,2025-06-01,168323445.51961663,164949109.87872252,12803341.901366595,salvador-ISSQN,salvador,ISSQN
2025-03-01,2025-03-01,4,2025-07-01,172403341.7654783,169727849.17883205,12803341.901366595,salvador-ISSQN,salvador,ISSQN
2025-03-01,2025-03-01,5,2025-08-01,184564790.1691121,175169106.7798599,12803341.901366595,salvador-ISSQN,salvador,ISSQN
2025-03-01,2025-03-01,6,2025-09-01,187039213.58700693,176422271.93286362,12803341.901366595,salvador-ISSQN,salvador,ISSQN
2025-03-01,2025-03-01,7,2025-10-01,195235211.1399195,177993494.8176837,12803341.901366595,salvador-ISSQN,salvador,ISSQN
2025-03-01,2025-03-01,8,2025-11-01,192262765.6760926,181382380.4982268,12803341.901366595,salvador-ISSQN,salvador,ISSQN
2025-03-01,2025-03-01,9,2025-12-01,211689477.99,207924828.94368926,12803341.901366595,salvador-ISSQN,salvador,ISSQN
2025-04-01,2025-04-01,1,2025-05-01,181276769.84444195,174618483.00890756,12788606.398172393,salvador-ISSQN,salvador,ISSQN
2025-04-01,2025-04-01,2,2025-06-01,168323445.51961663,169562374.21410963,12788606.398172393,salvador-ISSQN,salvador,ISSQN
2025-04-01,2025-04-01,3,2025-07-01,172403341.7654783,175568784.51882213,12788606.398172393,salvador-ISSQN,salvador,ISSQN
2025-04-01,2025-04-01,4,2025-08-01,184564790.1691121,180476931.00621998,12788606.398172393,salvador-ISSQN,salvador,ISSQN
2025-04-01,2025-04-01,5,2025-09-01,187039213.58700693,181672273.2939696,12788606.398172393,salvador-ISSQN,salvador,ISSQN
2025-04-01,2025-04-01,6,2025-10-01,195235211.1399195,183485531.59593222,12788606.398172393,salvador-ISSQN,salvador,ISSQN
2025-04-01,2025-04-01,7,2025-11-01,192262765.6760926,183349808.5066908,12788606.398172393,salvador-ISSQN,salvador,ISSQN
2025-04-01,2025-04-01,8,2025-12-01,211689477.99,212789294.55037436,12788606.398172393,salvador-ISSQN,salvador,ISSQN
2025-05-01,2025-05-01,1,2025-06-01,168323445.51961663,172853372.9066418,12807724.926831223,salvador-ISSQN,salvador,ISSQN
2025-05-01,2025-05-01,2,2025-07-01,172403341.7654783,177852393.66141593,12807724.926831223,salvador-ISSQN,salvador,ISSQN
2025-05-01,2025-05-01,3,2025-08-01,184564790.1691121,185415863.50653526,12807724.926831223,salvador-ISSQN,salvador,ISSQN
2025-05-01,2025-05-01,4,2025-09-01,187039213.58700693,183854543.84604383,12807724.926831223,salvador-ISSQN,salvador,ISSQN
2025-05-01,2025-05-01,5,2025-10-01,195235211.1399195,180620842.73899525,12807724.926831223,salvador-ISSQN,salvador,ISSQN
2025-05-01,2025-05-01,6,2025-11-01,192262765.6760926,185380999.778591,12807724.926831223,salvador-ISSQN,salvador,ISSQN
2025-05-01,2025-05-01,7,2025-12-01,211689477.99,214474844.9558255,12807724.926831223,salvador-ISSQN,salvador,ISSQN
2025-06-01,2025-06-01,1,2025-07-01,172403341.7654783,175980709.3896282,12769630.394471891,salvador-ISSQN,salvador,ISSQN
2025-06-01,2025-06-01,2,2025-08-01,184564790.1691121,180300098.0444316,12769630.394471891,salvador-ISSQN,salvador,ISSQN
2025-06-01,2025-06-01,3,2025-09-01,187039213.58700693,180243863.3596518,12769630.394471891,salvador-ISSQN,salvador,ISSQN
2025-06-01,2025-06-01,4,2025-10-01,195235211.1399195,181377117.8253638,12769630.394471891,salvador-ISSQN,salvador,ISSQN
2025-06-01,2025-06-01,5,2025-11-01,192262765.6760926,182451956.63884577,12769630.394471891,salvador-ISSQN,salvador,ISSQN
2025-06-01,2025-06-01,6,2025-12-01,211689477.99,213238027.7650243,12769630.394471891,salvador-ISSQN,salvador,ISSQN
2025-07-01,2025-07-01,1,2025-08-01,184564790.1691121,180577408.101916,12680246.18987403,salvador-ISSQN,salvador,ISSQN
2025-07-01,2025-07-01,2,2025-09-01,187039213.58700693,182825354.24948168,12680246.18987403,salvador-ISSQN,salvador,ISSQN
2025-07-01,2025-07-01,3,2025-10-01,195235211.1399195,180682556.6062397,12680246.18987403,salvador-ISSQN,salvador,ISSQN
2025-07-01,2025-07-01,4,2025-11-01,192262765.6760926,183197718.8285839,12680246.18987403,salvador-ISSQN,salvador,ISSQN
2025-07-01,2025-07-01,5,2025-12-01,211689477.99,213388769.62619552,12680246.18987403,salvador-ISSQN,salvador,ISSQN
2025-08-01,2025-08-01,1,2025-09-01,187039213.58700693,188772820.1436769,12614941.126465531,salvador-ISSQN,salvador,ISSQN
2025-08-01,2025-08-01,2,2025-10-01,195235211.1399195,189774378.25460067,12614941.126465531,salvador-ISSQN,salvador,ISSQN
2025-08-01,2025-08-01,3,2025-11-01,192262765.6760926,191947050.6482569,12614941.126465531,salvador-ISSQN,salvador,ISSQN
2025-08-01,2025-08-01,4,2025-12-01,211689477.99,221934771.23223794,12614941.126465531,salvador-ISSQN,salvador,ISSQN
2025-09-01,2025-09-01,1,2025-10-01,195235211.1399195,184033768.84184176,12528452.117689969,salvador-ISSQN,salvador,ISSQN
2025-09-01,2025-09-01,2,2025-11-01,192262765.6760926,186522978.1477386,12528452.117689969,salvador-ISSQN,salvador,ISSQN
2025-09-01,2025-09-01,3,2025-12-01,211689477.99,214774771.1835988,12528452.117689969,salvador-ISSQN,salvador,ISSQN
2025-10-01,2025-10-01,1,2025-11-01,192262765.6760926,186982438.817943,12559726.937698293,salvador-ISSQN,salvador,ISSQN
2025-10-01,2025-10-01,2,2025-12-01,211689477.99,218197408.1751465,12559726.937698293,salvador-ISSQN,salvador,ISSQN
2025-11-01,2025-11-01,1,2025-12-01,211689477.99,219657176.67409658,12638978.420447009,salvador-ISSQN,salvador,ISSQN
2020-12-01,2020-12-01,1,2021-01-01,5574464.266987887,8188082.703095978,9834237.621829418,camacari-IPTU,camacari,IPTU
2020-12-01,2020-12-01,2,2021-02-01,6895054.255048427,37697834.60640533,9834237.621829418,camacari-IPTU,camacari,IPTU
2020-12-01,2020-12-01,3,2021-03-01,112702246.07639827,40674310.72263038,9834237.621829418,camacari-IPTU,camacari,IPTU
2020-12-01,2020-12-01,4,2021-04-01,19209490.334815037,51142140.19908653,9834237.621829418,camacari-IPTU,camacari,IPTU
2020-12-01,2020-12-01,5,2021-05-01,26237779.75309817,10369641.981603295,9834237.621829418,camacari-IPTU,camacari,IPTU
2020-12-01,2020-12-01,6,2021-06-01,6780175.600741205,10374333.544849072,9834237.621829418,camacari-IPTU,camacari,IPTU
2020-12-01,2020-12-01,7,2021-07-01,8409795.03666179,9809072.010966707,9834237.621829418,camacari-IPTU,camacari,IPTU
2020-12-01,2020-12-01,8,2021-08-01,8180263.29398786,10463353.528982421,9834237.621829418,camacari-IPTU,camacari,IPTU
2020-12-01,2020-12-01,9,2021-09-01,7259633.949597636,9751715.03670433,9834237.621829418,camacari-IPTU,camacari,IPTU
2020-12-01,2020-12-01,10,2021-10-01,9096487.604462316,9347699.920607189,9834237.621829418,camacari-IPTU,camacari,IPTU
2020-12-01,2020-12-01,11,2021-11-01,7282535.99270146,9501341.153313637,9834237.621829418,camacari-IPTU,camacari,IPTU
2020-12-01,2020-12-01,12,2021-12-01,7197779.503408926,9990981.431549476,9834237.621829418,camacari-IPTU,camacari,IPTU
2021-01-01,2021-01-01,1,2021-02-01,6895054.255048427,69273907.13505073,9688977.182049995,camacari-IPTU,camacari,IPTU
2021-01-01,2021-01-01,2,2021-03-01,112702246.07639827,96137321.47789468,9688977.182049995,camacari-IPTU,camacari,IPTU
2021-01-01,2021-01-01,3,2021-04-01,19209490.334815037,87977725.79237552,9688977.182049995,camacari-IPTU,camacari,IPTU
2021-01-01,2021-01-01,4,2021-05-01,26237779.75309817,10682093.235329416,9688977.182049995,camacari-IPTU,camacari,IPTU
2021-01-01,2021-01-01,5,2021-06-01,6780175.600741205,10476661.21244716,9688977.182049995,camacari-IPTU,camacari,IPTU
2021-01-01,2021-01-01,6,2021-07-01,8409795.03666179,8965834.897982236,9688977.182049995,camacari-IPTU,camacari,IPTU
2021-01-01,2021-01-01,7,2021-08-01,8180263.29398786,10506864.905679865,9688977.182049995,camacari-IPTU,camacari,IPTU
2021-01-01,2021-01-01,8,2021-09-01,7259633.949597636,7671111.422444102,9688977.182049995,camacari-IPTU,camacari,IPTU
2021-01-01,2021-01-01,9,2021-10-01,9096487.604462316,7796246.394396505,9688977.182049995,camacari-IPTU,camacari,IPTU
2021-01-01,2021-01-01,10,2021-11-01,7282535.99270146,7894003.318520638,9688977.182049995,camacari-IPTU,camacari,IPTU
2021-01-01,2021-01-01,11,2021-12-01,7197779.503408926,9114886.833609689,9688977.182049995,camacari-IPTU,camacari,IPTU
2021-01-01,2021-01-01,12,2022-01-01,4837683.587523954,5760190.472486906,9688977.182049995,camacari-IPTU,camacari,IPTU
2021-02-01,2021-02-01,1,2021-03-01,112702246.07639827,83482780.24669716,9554833.068743763,camacari-IPTU,camacari,IPTU
2021-02-01,2021-02-01,2,2021-04-01,19209490.334815037,78302080.18919823,9554833.068743763,camacari-IPTU,camacari,IPTU
2021-02-01,2021-02-01,3,2021-05-01,26237779.75309817,9457740.574715871,9554833.068743763,camacari-IPTU,camacari,IPTU
2021-02-01,2021-02-01,4,2021-06-01,6780175.600741205,9248870.114325276,9554833.068743763,camacari-IPTU,camacari,IPTU
2021-02-01,2021-02-01,5,2021-07-01,8409795.03666179,8000725.904085278,9554833.068743763,camacari-IPTU,camacari,IPTU
2021-02-01,2021-02-01,6,2021-08-01,8180263.29398786,9369865.142875308,9554833.068743763,camacari-IPTU,camacari,IPTU
2021-02-01,2021-02-01,7,2021-09-01,7259633.949597636,6709372.93846578,9554833.068743763,camacari-IPTU,camacari,IPTU
2021-02-01,2021-02-01,8,2021-10-01,9096487.604462316,7124076.19001587,9554833.068743763,camacari-IPTU,camacari,IPTU
2021-02-01,2021-02-01,9,2021-11-01,7282535.99270146,6961471.972454851,9554833.068743763,camacari-IPTU,camacari,IPTU
2021-02-01,2021-02-01,10,2021-12-01,7197779.503408926,8115818.2172213355,9554833.068743763,camacari-IPTU,camacari,IPTU
2021-02-01,2021-02-01,11,2022-01-01,4837683.587523954,5147322.932721915,9554833.068743763,camacari-IPTU,camacari,IPTU
2021-02-01,2021-02-01,12,2022-02-01,10747333.805839347,61267107.11512761,9554833.068743763,camacari-IPTU,camacari,IPTU
2021-03-01,2021-03-01,1,2021-04-01,19209490.334815037,76866631.11299069,10499157.47482719,camacari-IPTU,camacari,IPTU
2021-03-01,2021-03-01,2,2021-05-01,26237779.75309817,10771884.003122987,10499157.47482719,camacari-IPTU,camacari,IPTU
2021-03-01,2021-03-01,3,2021-06-01,6780175.600741205,10808798.956389498,10499157.47482719,camacari-IPTU,camacari,IPTU
2021-03-01,2021-03-01,4,2021-07-01,8409795.03666179,9640963.31274653,10499157.47482719,camacari-IPTU,camacari,IPTU
2021-03-01,2021-03-01,5,2021-08-01,8180263.29398786,11194040.89087202,10499157.47482719,camacari-IPTU,camacari,IPTU
2021-03-01,2021-03-01,6,2021-09-01,7259633.949597636,8601414.911207499,10499157.47482719,camacari-IPTU,camacari,IPTU
2021-03-01,2021-03-01,7,2021-10-01,9096487.604462316,9265609.47195944,10499157.47482719,camacari-IPTU,camacari,IPTU
2021-03-01,2021-03-01,8,2021-11-01,7282535.99270146,9389078.477583606,10499157.47482719,camacari-IPTU,camacari,IPTU
2021-03-01,2021-03-01,9,2021-12-01,7197779.503408926,10589887.998274256,10499157.47482719,camacari-IPTU,camacari,IPTU
2021-03-01,2021-03-01,10,2022-01-01,4837683.587523954,6255866.773817739,10499157.47482719,camacari-IPTU,camacari,IPTU
2021-03-01,2021-03-01,11,2022-02-01,10747333.805839347,85356490.62194765,10499157.47482719,camacari-IPTU,camacari,IPTU
2021-03-01,2021-03-01,12,2022-03-01,127432797.50553215,84395089.65680975,10499157.47482719,camacari-IPTU,camacari,IPTU
2021-04-01,2021-04-01,1,2021-05-01,26237779.75309817,8950210.435298441,10882382.342094596,camacari-IPTU,camacari,IPTU
2021-04-01,2021-04-01,2,2021-06-01,6780175.600741205,8811151.559698483,10882382.342094596,camacari-IPTU,camacari,IPTU
2021-04-01,2021-04-01,3,2021-07-01,8409795.03666179,7560916.876993211,10882382.342094596,camacari-IPTU,camacari,IPTU
2021-04-01,2021-04-01,4,2021-08-01,8180263.29398786,9049021.082681702,10882382.342094596,camacari-IPTU,camacari,IPTU
2021-04-01,2021-04-01,5,2021-09-01,7259633.949597636,6503779.7633053325,10882382.342094596,camacari-IPTU,camacari,IPTU
2021-04-01,2021-04-01,6,2021-10-01,9096487.604462316,6825797.688991082,10882382.342094596,camacari-IPTU,camacari,IPTU
2021-04-01,2021-04-01,7,2021-11-01,7282535.99270146,6781930.360206925,10882382.342094596,camacari-IPTU,camacari,IPTU
2021-04-01,2021-04-01,8,2021-12-01,7197779.503408926,8036445.883352096,10882382.342094596,camacari-IPTU,camacari,IPTU
2021-04-01,2021-04-01,9,2022-01-01,4837683.587523954,4947304.277258472,10882382.342094596,camacari-IPTU,camacari,IPTU
2021-04-01,2021-04-01,10,2022-02-01,10747333.805839347,57893245.41238755,10882382.342094596,camacari-IPTU,camacari,IPTU
2021-04-01,2021-04-01,11,2022-03-01,127432797.50553215,74742515.76711927,10882382.342094596,camacari-IPTU,camacari,IPTU
2021-04-01,2021-04-01,12,2022-04-01,40453619.22855426,72009793.16805425,10882382.342094596,camacari-IPTU,camacari,IPTU
2021-05-01,2021-05-01,1,2021-06-01,6780175.600741205,12250639.453344865,10935783.647750793,camacari-IPTU,camacari,IPTU
2021-05-01,2021-05-01,2,2021-07-01,8409795.03666179,11569844.485595234,10935783.647750793,camacari-IPTU,camacari,IPTU
2021-05-01,2021-05-01,3,2021-08-01,8180263.29398786,12417056.765684495,10935783.647750793,camacari-IPTU,camacari,IPTU
2021-05-01,2021-05-01,4,2021-09-01,7259633.949597636,11306411.078858685,10935783.647750793,camacari-IPTU,camacari,IPTU
2021-05-01,2021-05-01,5,2021-10-01,9096487.604462316,10893049.067185778,10935783.647750793,camacari-IPTU,camacari,IPTU
2021-05-01,2021-05-01,6,2021-11-01,7282535.99270146,10959193.349401193,10935783.647750793,camacari-IPTU,camacari,IPTU
2021-05-01,2021-05-01,7,2021-12-01,7197779.503408926,11771150.72447531,10935783.647750793,camacari-IPTU,camacari,IPTU
2021-05-01,2021-05-01,8,2022-01-01,4837683.587523954,10120330.462468104,10935783.647750793,camacari-IPTU,camacari,IPTU
2021-05-01,2021-05-01,9,2022-02-01,10747333.805839347,40788265.48079838,10935783.647750793,camacari-IPTU,camacari,IPTU
2021-05-01,2021-05-01,10,2022-03-01,127432797.50553215,62865967.63898784,10935783.647750793,camacari-IPTU,camacari,IPTU
2021-05-01,2021-05-01,11,2022-04-01,40453619.22855426,61728226.32364231,10935783.647750793,camacari-IPTU,camacari,IPTU
2021-05-01,2021-05-01,12,2022-05-01,21962579.319788303,15770108.553269459,10935783.647750793,camacari-IPTU,camacari,IPTU
2021-06-01,2021-06-01,1,2021-07-01,8409795.03666179,8216104.480696084,10781020.91660674,camacari-IPTU,camacari,IPTU
2021-06-01,2021-06-01,2,2021-08-01,8180263.29398786,9694666.843783626,10781020.91660674,camacari-IPTU,camacari,IPTU
2021-06-01,2021-06-01,3,2021-09-01,7259633.949597636,7138412.298618115,10781020.91660674,camacari-IPTU,camacari,IPTU
2021-06-01,2021-06-01,4,2021-10-01,9096487.604462316,7462588.067384257,10781020.91660674,camacari-IPTU,camacari,IPTU
2021-06-01,2021-06-01,5,2021-11-01,7282535.99270146,7357467.978936714,10781020.91660674,camacari-IPTU,camacari,IPTU
2021-06-01,2021-06-01,6,2021-12-01,7197779.503408926,8416958.000603322,10781020.91660674,camacari-IPTU,camacari,IPTU
2021-06-01,2021-06-01,7,2022-01-01,4837683.587523954,5419040.79267383,10781020.91660674,camacari-IPTU,camacari,IPTU
2021-06-01,2021-06-01,8,2022-02-01,10747333.805839347,64338110.744226225,10781020.91660674,camacari-IPTU,camacari,IPTU
2021-06-01,2021-06-01,9,2022-03-01,127432797.50553215,76473910.92563593,10781020.91660674,camacari-IPTU,camacari,IPTU
2021-06-01,2021-06-01,10,2022-04-01,40453619.22855426,78104411.16604233,10781020.91660674,camacari-IPTU,camacari,IPTU
2021-06-01,2021-06-01,11,2022-05-01,21962579.319788303,12604491.972694943,10781020.91660674,camacari-IPTU,camacari,IPTU
2021-06-01,2021-06-01,12,2022-06-01,12354716.21055757,8884028.206215678,10781020.91660674,camacari-IPTU,camacari,IPTU
2021-07-01,2021-07-01,1,2021-08-01,8180263.29398786,9864728.347055031,10629290.604000622,camacari-IPTU,camacari,IPTU
2021-07-01,2021-07-01,2,2021-09-01,7259633.949597636,7068730.269625928,10629290.604000622,camacari-IPTU,camacari,IPTU
2021-07-01,2021-07-01,3,2021-10-01,9096487.604462316,7415604.21983719,10629290.604000622,camacari-IPTU,camacari,IPTU
2021-07-01,2021-07-01,4,2021-11-01,7282535.99270146,7417387.583462519,10629290.604000622,camacari-IPTU,camacari,IPTU
2021-07-01,2021-07-01,5,2021-12-01,7197779.503408926,8604582.91115682,10629290.604000622,camacari-IPTU,camacari,IPTU
2021-07-01,2021-07-01,6,2022-01-01,4837683.587523954,5365585.810402076,10629290.604000622,camacari-IPTU,camacari,IPTU
2021-07-01,2021-07-01,7,2022-02-01,10747333.805839347,63733354.84203778,10629290.604000622,camacari-IPTU,camacari,IPTU
2021-07-01,2021-07-01,8,2022-03-01,127432797.50553215,79004275.49433903,10629290.604000622,camacari-IPTU,camacari,IPTU
2021-07-01,2021-07-01,9,2022-04-01,40453619.22855426,79886564.18888769,10629290.604000622,camacari-IPTU,camacari,IPTU
2021-07-01,2021-07-01,10,2022-05-01,21962579.319788303,13161421.838216137,10629290.604000622,camacari-IPTU,camacari,IPTU
2021-07-01,2021-07-01,11,2022-06-01,12354716.21055757,9216413.961417567,10629290.604000622,camacari-IPTU,camacari,IPTU
2021-07-01,2021-07-01,12,2022-07-01,17752542.53971789,8139644.9034081055,10629290.604000622,camacari-IPTU,camacari,IPTU
2021-08-01,2021-08-01,1,2021-09-01,7259633.949597636,8678067.752959255,10476542.229397617,camacari-IPTU,camacari,IPTU
2021-08-01,2021-08-01,2,2021-10-01,9096487.604462316,8628772.48198919,10476542.229397617,camacari-IPTU,camacari,IPTU
2021-08-01,2021-08-01,3,2021-11-01,7282535.99270146,8979283.154453006,10476542.229397617,camacari-IPTU,camacari,IPTU
2021-08-01,2021-08-01,4,2021-12-01,7197779.503408926,9451306.744790874,10476542.229397617,camacari-IPTU,camacari,IPTU
2021-08-01,2021-08-01,5,2022-01-01,4837683.587523954,8264139.385434293,10476542.229397617,camacari-IPTU,camacari,IPTU
2021-08-01,2021-08-01,6,2022-02-01,10747333.805839347,26860834.501609966,10476542.229397617,camacari-IPTU,camacari,IPTU
2021-08-01,2021-08-01,7,2022-03-01,127432797.50553215,39797392.32951301,10476542.229397617,camacari-IPTU,camacari,IPTU
2021-08-01,2021-08-01,8,2022-04-01,40453619.22855426,40283856.55647639,10476542.229397617,camacari-IPTU,camacari,IPTU
2021-08-01,2021-08-01,9,2022-05-01,21962579.319788303,10954638.561115254,10476542.229397617,camacari-IPTU,camacari,IPTU
2021-08-01,2021-08-01,10,2022-06-01,12354716.21055757,9849753.43531383,10476542.229397617,camacari-IPTU,camacari,IPTU
2021-08-01,2021-08-01,11,2022-07-01,17752542.53971789,9186267.841401447,10476542.229397617,camacari-IPTU,camacari,IPTU
2021-08-01,2021-08-01,12,2022-08-01,15164896.700699635,10288855.41701436,10476542.229397617,camacari-IPTU,camacari,IPTU
2021-09-01,2021-09-01,1,2021-10-01,9096487.604462316,7140362.143864125,10331105.827917611,camacari-IPTU,camacari,IPTU
2021-09-01,2021-09-01,2,2021-11-01,7282535.99270146,6905038.97587865,10331105.827917611,camacari-IPTU,camacari,IPTU
2021-09-01,2021-09-01,3,2021-12-01,7197779.503408926,8302660.92535116,10331105.827917611,camacari-IPTU,camacari,IPTU
2021-09-01,2021-09-01,4,2022-01-01,4837683.587523954,4757787.316380871,10331105.827917611,camacari-IPTU,camacari,IPTU
2021-09-01,2021-09-01,5,2022-02-01,10747333.805839347,41923422.6608698,10331105.827917611,camacari-IPTU,camacari,IPTU
2021-09-01,2021-09-01,6,2022-03-01,127432797.50553215,59978463.64373432,10331105.827917611,camacari-IPTU,camacari,IPTU
2021-09-01,2021-09-01,7,2022-04-01,40453619.22855426,66298669.72036779,10331105.827917611,camacari-IPTU,camacari,IPTU
2021-09-01,2021-09-01,8,2022-05-01,21962579.319788303,11759871.438557118,10331105.827917611,camacari-IPTU,camacari,IPTU
2021-09-01,2021-09-01,9,2022-06-01,12354716.21055757,7763975.13924686,10331105.827917611,camacari-IPTU,camacari,IPTU
2021-09-01,2021-09-01,10,2022-07-01,17752542.53971789,7224320.454598018,10331105.827917611,camacari-IPTU,camacari,IPTU
2021-09-01,2021-09-01,11,2022-08-01,15164896.700699635,8900562.696767895,10331105.827917611,camacari-IPTU,camacari,IPTU
2021-09-01,2021-09-01,12,2022-09-01,12832045.767347911,6037347.45074061,10331105.827917611,camacari-IPTU,camacari,IPTU
2021-10-01,2021-10-01,1,2021-11-01,7282535.99270146,7013170.121002306,10185035.30767684,camacari-IPTU,camacari,IPTU
2021-10-01,2021-10-01,2,2021-12-01,7197779.503408926,8353781.143854787,10185035.30767684,camacari-IPTU,camacari,IPTU
2021-10-01,2021-10-01,3,2022-01-01,4837683.587523954,4577701.78207248,10185035.30767684,camacari-IPTU,camacari,IPTU
2021-10-01,2021-10-01,4,2022-02-01,10747333.805839347,34148772.682032466,10185035.30767684,camacari-IPTU,camacari,IPTU
2021-10-01,2021-10-01,5,2022-03-01,127432797.50553215,57138689.361080885,10185035.30767684,camacari-IPTU,camacari,IPTU
2021-10-01,2021-10-01,6,2022-04-01,40453619.22855426,64701806.50689986,10185035.30767684,camacari-IPTU,camacari,IPTU
2021-10-01,2021-10-01,7,2022-05-01,21962579.319788303,12495872.46540087,10185035.30767684,camacari-IPTU,camacari,IPTU
2021-10-01,2021-10-01,8,2022-06-01,12354716.21055757,7088488.806107701,10185035.30767684,camacari-IPTU,camacari,IPTU
2021-10-01,2021-10-01,9,2022-07-01,17752542.53971789,7311688.418498027,10185035.30767684,camacari-IPTU,camacari,IPTU
2021-10-01,2021-10-01,10,2022-08-01,15164896.700699635,8075503.726380345,10185035.30767684,camacari-IPTU,camacari,IPTU
2021-10-01,2021-10-01,11,2022-09-01,12832045.767347911,6060603.171970527,10185035.30767684,camacari-IPTU,camacari,IPTU
2021-10-01,2021-10-01,12,2022-10-01,13457745.956336224,7102529.136886729,10185035.30767684,camacari-IPTU,camacari,IPTU
2021-11-01,2021-11-01,1,2021-12-01,7197779.503408926,8749176.082624437,10056105.35456376,camacari-IPTU,camacari,IPTU
2021-11-01,2021-11-01,2,2022-01-01,4837683.587523954,5200035.168411252,10056105.35456376,camacari-IPTU,camacari,IPTU
2021-11-01,2021-11-01,3,2022-02-01,10747333.805839347,56093904.70232555,10056105.35456376,camacari-IPTU,camacari,IPTU
2021-11-01,2021-11-01,4,2022-03-01,127432797.50553215,70799634.67572682,10056105.35456376,camacari-IPTU,camacari,IPTU
2021-11-01,2021-11-01,5,2022-04-01,40453619.22855426,74434264.08550231,10056105.35456376,camacari-IPTU,camacari,IPTU
2021-11-01,2021-11-01,6,2022-05-01,21962579.319788303,12640110.320846124,10056105.35456376,camacari-IPTU,camacari,IPTU
2021-11-01,2021-11-01,7,2022-06-01,12354716.21055757,8513726.541028755,10056105.35456376,camacari-IPTU,camacari,IPTU
2021-11-01,2021-11-01,8,2022-07-01,17752542.53971789,7773249.276499688,10056105.35456376,camacari-IPTU,camacari,IPTU
2021-11-01,2021-11-01,9,2022-08-01,15164896.700699635,9367236.400591906,10056105.35456376,camacari-IPTU,camacari,IPTU
2021-11-01,2021-11-01,10,2022-09-01,12832045.767347911,6439850.022782965,10056105.35456376,camacari-IPTU,camacari,IPTU
2021-11-01,2021-11-01,11,2022-10-01,13457745.956336224,7655745.789946134,10056105.35456376,camacari-IPTU,camacari,IPTU
2021-11-01,2021-11-01,12,2022-11-01,12616930.535112843,7527274.576184171,10056105.35456376,camacari-IPTU,camacari,IPTU
2021-12-01,2021-12-01,1,2022-01-01,4837683.587523954,4326476.011134431,10029277.341709485,camacari-IPTU,camacari,IPTU
2021-12-01,2021-12-01,2,2022-02-01,10747333.805839347,34413052.14867454,10029277.341709485,camacari-IPTU,camacari,IPTU
2021-12-01,2021-12-01,3,2022-03-01,127432797.50553215,60708028.79981425,10029277.341709485,camacari-IPTU,camacari,IPTU
2021-12-01,2021-12-01,4,2022-04-01,40453619.22855426,60578108.15628375,10029277.341709485,camacari-IPTU,camacari,IPTU
2021-12-01,2021-12-01,5,2022-05-01,21962579.319788303,12190661.262503535,10029277.341709485,camacari-IPTU,camacari,IPTU
2021-12-01,2021-12-01,6,2022-06-01,12354716.21055757,7060575.2396150585,10029277.341709485,camacari-IPTU,camacari,IPTU
2021-12-01,2021-12-01,7,2022-07-01,17752542.53971789,6778383.592389307,10029277.341709485,camacari-IPTU,camacari,IPTU
2021-12-01,2021-12-01,8,2022-08-01,15164896.700699635,8155284.009794847,10029277.341709485,camacari-IPTU,camacari,IPTU
2021-12-01,2021-12-01,9,2022-09-01,12832045.767347911,5822577.452007422,10029277.341709485,camacari-IPTU,camacari,IPTU
2021-12-01,2021-12-01,10,2022-10-01,13457745.956336224,7307844.92279582,10029277.341709485,camacari-IPTU,camacari,IPTU
2021-12-01,2021-12-01,11,2022-11-01,12616930.535112843,7166378.108320449,10029277.341709485,camacari-IPTU,camacari,IPTU
2021-12-01,2021-12-01,12,2022-12-01,12784174.1801717,8551706.167253798,10029277.341709485,camacari-IPTU,camacari,IPTU
2022-01-01,2022-01-01,1,2022-02-01,10747333.805839347,46483765.37535955,9901982.866884204,camacari-IPTU,camacari,IPTU
2022-01-01,2022-01-01,2,2022-03-01,127432797.50553215,74718837.17263676,9901982.866884204,camacari-IPTU,camacari,IPTU
2022-01-01,2022-01-01,3,2022-04-01,40453619.22855426,77565824.32374498,9901982.866884204,camacari-IPTU,camacari,IPTU
2022-01-01,2022-01-01,4,2022-05-01,21962579.319788303,13223578.527374335,9901982.866884204,camacari-IPTU,camacari,IPTU
2022-01-01,2022-01-01,5,2022-06-01,12354716.21055757,8829416.532504667,9901982.866884204,camacari-IPTU,camacari,IPTU
2022-01-01,2022-01-01,6,2022-07-01,17752542.53971789,7857251.960614028,9901982.866884204,camacari-IPTU,camacari,IPTU
2022-01-01,2022-01-01,7,2022-08-01,15164896.700699635,9439436.517302522,9901982.866884204,camacari-IPTU,camacari,IPTU
2022-01-01,2022-01-01,8,2022-09-01,12832045.767347911,6451011.079911057,9901982.866884204,camacari-IPTU,camacari,IPTU
2022-01-01,2022-01-01,9,2022-10-01,13457745.956336224,7596140.609590565,9901982.866884204,camacari-IPTU,camacari,IPTU
2022-01-01,2022-01-01,10,2022-11-01,12616930.535112843,7422893.6655311,9901982.866884204,camacari-IPTU,camacari,IPTU
2022-01-01,2022-01-01,11,2022-12-01,12784174.1801717,8642824.434753494,9901982.866884204,camacari-IPTU,camacari,IPTU
2022-01-01,2022-01-01,12,2023-01-01,7047786.234635349,5281259.243888249,9901982.866884204,camacari-IPTU,camacari,IPTU
2022-02-01,2022-02-01,1,2022-03-01,127432797.50553215,77968007.0592573,9820230.119369429,camacari-IPTU,camacari,IPTU
2022-02-01,2022-02-01,2,2022-04-01,40453619.22855426,71135453.36936548,9820230.119369429,camacari-IPTU,camacari,IPTU
2022-02-01,2022-02-01,3,2022-05-01,21962579.319788303,14774314.607718986,9820230.119369429,camacari-IPTU,camacari,IPTU
2022-02-01,2022-02-01,4,2022-06-01,12354716.21055757,9803115.198010415,9820230.119369429,camacari-IPTU,camacari,IPTU
2022-02-01,2022-02-01,5,2022-07-01,17752542.53971789,9158805.91535311,9820230.119369429,camacari-IPTU,camacari,IPTU
2022-02-01,2022-02-01,6,2022-08-01,15164896.700699635,11790798.93084985,9820230.119369429,camacari-IPTU,camacari,IPTU
2022-02-01,2022-02-01,7,2022-09-01,12832045.767347911,7710163.471343662,9820230.119369429,camacari-IPTU,camacari,IPTU
2022-02-01,2022-02-01,8,2022-10-01,13457745.956336224,8703203.896020306,9820230.119369429,camacari-IPTU,camacari,IPTU
2022-02-01,2022-02-01,9,2022-11-01,12616930.535112843,8863767.317202667,9820230.119369429,camacari-IPTU,camacari,IPTU
2022-02-01,2022-02-01,10,2022-12-01,12784174.1801717,10004237.52732621,9820230.119369429,camacari-IPTU,camacari,IPTU
2022-02-01,2022-02-01,11,2023-01-01,7047786.234635349,5659944.382149643,9820230.119369429,camacari-IPTU,camacari,IPTU
2022-02-01,2022-02-01,12,2023-02-01,12018263.329091424,6874083.193173532,9820230.119369429,camacari-IPTU,camacari,IPTU
2022-03-01,2022-03-01,1,2022-04-01,40453619.22855426,80807610.86777991,9885701.07016629,camacari-IPTU,camacari,IPTU
2022-03-01,2022-03-01,2,2022-05-01,21962579.319788303,14846696.23872803,9885701.07016629,camacari-IPTU,camacari,IPTU
2022-03-01,2022-03-01,3,2022-06-01,12354716.21055757,10196167.496504813,9885701.07016629,camacari-IPTU,camacari,IPTU
2022-03-01,2022-03-01,4,2022-07-01,17752542.53971789,9463692.243214238,9885701.07016629,camacari-IPTU,camacari,IPTU
2022-03-01,2022-03-01,5,2022-08-01,15164896.700699635,12230873.337445952,9885701.07016629,camacari-IPTU,camacari,IPTU
2022-03-01,2022-03-01,6,2022-09-01,12832045.767347911,7963626.954884503,9885701.07016629,camacari-IPTU,camacari,IPTU
2022-03-01,2022-03-01,7,2022-10-01,13457745.956336224,9102399.058947124,9885701.07016629,camacari-IPTU,camacari,IPTU
2022-03-01,2022-03-01,8,2022-11-01,12616930.535112843,9264774.416549187,9885701.07016629,camacari-IPTU,camacari,IPTU
2022-03-01,2022-03-01,9,2022-12-01,12784174.1801717,10343065.370255578,9885701.07016629,camacari-IPTU,camacari,IPTU
2022-03-01,2022-03-01,10,2023-01-01,7047786.234635349,6084987.825559295,9885701.07016629,camacari-IPTU,camacari,IPTU
2022-03-01,2022-03-01,11,2023-02-01,12018263.329091424,7093922.879217145,9885701.07016629,camacari-IPTU,camacari,IPTU
2022-03-01,2022-03-01,12,2023-03-01,113631532.97417936,96091371.10675101,9885701.07016629,camacari-IPTU,camacari,IPTU
2022-04-01,2022-04-01,1,2022-05-01,21962579.319788303,13224189.223805267,10035154.06784488,camacari-IPTU,camacari,IPTU
2022-04-01,2022-04-01,2,2022-06-01,12354716.21055757,9945780.190627215,10035154.06784488,camacari-IPTU,camacari,IPTU
2022-04-01,2022-04-01,3,2022-07-01,17752542.53971789,9579492.882016536,10035154.06784488,camacari-IPTU,camacari,IPTU
2022-04-01,2022-04-01,4,2022-08-01,15164896.700699635,11345101.466534551,10035154.06784488,camacari-IPTU,camacari,IPTU
2022-04-01,2022-04-01,5,2022-09-01,12832045.767347911,8911230.579534255,10035154.06784488,camacari-IPTU,camacari,IPTU
2022-04-01,2022-04-01,6,2022-10-01,13457745.956336224,8680126.109110989,10035154.06784488,camacari-IPTU,camacari,IPTU
2022-04-01,2022-04-01,7,2022-11-01,12616930.535112843,9367364.112456704,10035154.06784488,camacari-IPTU,camacari,IPTU
2022-04-01,2022-04-01,8,2022-12-01,12784174.1801717,10102759.739071336,10035154.06784488,camacari-IPTU,camacari,IPTU
2022-04-01,2022-04-01,9,2023-01-01,7047786.234635349,7803900.9245455805,10035154.06784488,camacari-IPTU,camacari,IPTU
2022-04-01,2022-04-01,10,2023-02-01,12018263.329091424,7897400.547332589,10035154.06784488,camacari-IPTU,camacari,IPTU
2022-04-01,2022-04-01,11,2023-03-01,113631532.97417936,83438855.77849713,10035154.06784488,camacari-IPTU,camacari,IPTU
2022-04-01,2022-04-01,12,2023-04-01,19541386.126198694,60625607.057918444,10035154.06784488,camacari-IPTU,camacari,IPTU
2022-05-01,2022-05-01,1,2022-06-01,12354716.21055757,9626396.461185794,9960349.475188581,camacari-IPTU,camacari,IPTU
2022-05-01,2022-05-01,2,2022-07-01,17752542.53971789,9261379.891588842,9960349.475188581,camacari-IPTU,camacari,IPTU
2022-05-01,2022-05-01,3,2022-08-01,15164896.700699635,11003551.399065543,9960349.475188581,camacari-IPTU,camacari,IPTU
2022-05-01,2022-05-01,4,2022-09-01,12832045.767347911,8549628.100826833,9960349.475188581,camacari-IPTU,camacari,IPTU
2022-05-01,2022-05-01,5,2022-10-01,13457745.956336224,8493357.627148911,9960349.475188581,camacari-IPTU,camacari,IPTU
2022-05-01,2022-05-01,6,2022-11-01,12616930.535112843,9096141.08210418,9960349.475188581,camacari-IPTU,camacari,IPTU
2022-05-01,2022-05-01,7,2022-12-01,12784174.1801717,9893677.66839697,9960349.475188581,camacari-IPTU,camacari,IPTU
2022-05-01,2022-05-01,8,2023-01-01,7047786.234635349,7432887.258476131,9960349.475188581,camacari-IPTU,camacari,IPTU
2022-05-01,2022-05-01,9,2023-02-01,12018263.329091424,7646776.5270212535,9960349.475188581,camacari-IPTU,camacari,IPTU
2022-05-01,2022-05-01,10,2023-03-01,113631532.97417936,82398999.29322138,9960349.475188581,camacari-IPTU,camacari,IPTU
2022-05-01,2022-05-01,11,2023-04-01,19541386.126198694,59032630.149272405,9960349.475188581,camacari-IPTU,camacari,IPTU
2022-05-01,2022-05-01,12,2023-05-01,14150456.746575596,16190617.692816295,9960349.475188581,camacari-IPTU,camacari,IPTU
2022-06-01,2022-06-01,1,2022-07-01,17752542.53971789,9455329.984611481,9904121.156401757,camacari-IPTU,camacari,IPTU
2022-06-01,2022-06-01,2,2022-08-01,15164896.700699635,11161452.622679768,9904121.156401757,camacari-IPTU,camacari,IPTU
2022-06-01,2022-06-01,3,2022-09-01,12832045.767347911,8741740.897116272,9904121.156401757,camacari-IPTU,camacari,IPTU
2022-06-01,2022-06-01,4,2022-10-01,13457745.956336224,8829746.732643714,9904121.156401757,camacari-IPTU,camacari,IPTU
2022-06-01,2022-06-01,5,2022-11-01,12616930.535112843,9327808.285100391,9904121.156401757,camacari-IPTU,camacari,IPTU
2022-06-01,2022-06-01,6,2022-12-01,12784174.1801717,10256873.656614993,9904121.156401757,camacari-IPTU,camacari,IPTU
2022-06-01,2022-06-01,7,2023-01-01,7047786.234635349,7731385.314810092,9904121.156401757,camacari-IPTU,camacari,IPTU
2022-06-01,2022-06-01,8,2023-02-01,12018263.329091424,7866231.004798343,9904121.156401757,camacari-IPTU,camacari,IPTU
2022-06-01,2022-06-01,9,2023-03-01,113631532.97417936,82331004.98604375,9904121.156401757,camacari-IPTU,camacari,IPTU
2022-06-01,2022-06-01,10,2023-04-01,19541386.126198694,60707310.617211476,9904121.156401757,camacari-IPTU,camacari,IPTU
2022-06-01,2022-06-01,11,2023-05-01,14150456.746575596,16688684.949908288,9904121.156401757,camacari-IPTU,camacari,IPTU
2022-06-01,2022-06-01,12,2023-06-01,13391841.733009398,10428755.332068425,9904121.156401757,camacari-IPTU,camacari,IPTU
2022-07-01,2022-07-01,1,2022-08-01,15164896.700699635,12585291.600860488,9897015.160789788,camacari-IPTU,camacari,IPTU
2022-07-01,2022-07-01,2,2022-09-01,12832045.767347911,8515066.075591717,9897015.160789788,camacari-IPTU,camacari,IPTU
2022-07-01,2022-07-01,3,2022-10-01,13457745.956336224,9806937.551461061,9897015.160789788,camacari-IPTU,camacari,IPTU
2022-07-01,2022-07-01,4,2022-11-01,12616930.535112843,9530407.41688852,9897015.160789788,camacari-IPTU,camacari,IPTU
2022-07-01,2022-07-01,5,2022-12-01,12784174.1801717,11054901.669996476,9897015.160789788,camacari-IPTU,camacari,IPTU
2022-07-01,2022-07-01,6,2023-01-01,7047786.234635349,7061339.78075681,9897015.160789788,camacari-IPTU,camacari,IPTU
2022-07-01,2022-07-01,7,2023-02-01,12018263.329091424,7828797.395699477,9897015.160789788,camacari-IPTU,camacari,IPTU
2022-07-01,2022-07-01,8,2023-03-01,113631532.97417936,109880777.01035167,9897015.160789788,camacari-IPTU,camacari,IPTU
2022-07-01,2022-07-01,9,2023-04-01,19541386.126198694,97614829.7784089,9897015.160789788,camacari-IPTU,camacari,IPTU
2022-07-01,2022-07-01,10,2023-05-01,14150456.746575596,18482698.077673778,9897015.160789788,camacari-IPTU,camacari,IPTU
2022-07-01,2022-07-01,11,2023-06-01,13391841.733009398,11791814.519148873,9897015.160789788,camacari-IPTU,camacari,IPTU
2022-07-01,2022-07-01,12,2023-07-01,21133842.2574917,11719155.530307043,9897015.160789788,camacari-IPTU,camacari,IPTU
2022-08-01,2022-08-01,1,2022-09-01,12832045.767347911,9262432.650382789,9860610.388863811,camacari-IPTU,camacari,IPTU
2022-08-01,2022-08-01,2,2022-10-01,13457745.956336224,10583907.374784369,9860610.388863811,camacari-IPTU,camacari,IPTU
2022-08-01,2022-08-01,3,2022-11-01,12616930.535112843,10847911.435050376,9860610.388863811,camacari-IPTU,camacari,IPTU
2022-08-01,2022-08-01,4,2022-12-01,12784174.1801717,12133251.349343976,9860610.388863811,camacari-IPTU,camacari,IPTU
2022-08-01,2022-08-01,5,2023-01-01,7047786.234635349,7666962.564034275,9860610.388863811,camacari-IPTU,camacari,IPTU
2022-08-01,2022-08-01,6,2023-02-01,12018263.329091424,8372908.098598711,9860610.388863811,camacari-IPTU,camacari,IPTU
2022-08-01,2022-08-01,7,2023-03-01,113631532.97417936,115150736.69343859,9860610.388863811,camacari-IPTU,camacari,IPTU
2022-08-01,2022-08-01,8,2023-04-01,19541386.126198694,100414158.47876716,9860610.388863811,camacari-IPTU,camacari,IPTU
2022-08-01,2022-08-01,9,2023-05-01,14150456.746575596,18922466.238746855,9860610.388863811,camacari-IPTU,camacari,IPTU
2022-08-01,2022-08-01,10,2023-06-01,13391841.733009398,12616498.925975174,9860610.388863811,camacari-IPTU,camacari,IPTU
2022-08-01,2022-08-01,11,2023-07-01,21133842.2574917,13005704.88036273,9860610.388863811,camacari-IPTU,camacari,IPTU
2022-08-01,2022-08-01,12,2023-08-01,24362535.303448137,13554522.692575324,9860610.388863811,camacari-IPTU,camacari,IPTU
2022-09-01,2022-09-01,1,2022-10-01,13457745.956336224,10604781.669076292,9807669.665763643,camacari-IPTU,camacari,IPTU
2022-09-01,2022-09-01,2,2022-11-01,12616930.535112843,11087590.01001426,9807669.665763643,camacari-IPTU,camacari,IPTU
2022-09-01,2022-09-01,3,2022-12-01,12784174.1801717,12337484.145520063,9807669.665763643,camacari-IPTU,camacari,IPTU
2022-09-01,2022-09-01,4,2023-01-01,7047786.234635349,7915913.971800937,9807669.665763643,camacari-IPTU,camacari,IPTU
2022-09-01,2022-09-01,5,2023-02-01,12018263.329091424,8580933.552986218,9807669.665763643,camacari-IPTU,camacari,IPTU
2022-09-01,2022-09-01,6,2023-03-01,113631532.97417936,120949687.73456275,9807669.665763643,camacari-IPTU,camacari,IPTU
2022-09-01,2022-09-01,7,2023-04-01,19541386.126198694,104093831.80605975,9807669.665763643,camacari-IPTU,camacari,IPTU
2022-09-01,2022-09-01,8,2023-05-01,14150456.746575596,19269013.23592147,9807669.665763643,camacari-IPTU,camacari,IPTU
2022-09-01,2022-09-01,9,2023-06-01,13391841.733009398,13008800.137599954,9807669.665763643,camacari-IPTU,camacari,IPTU
2022-09-01,2022-09-01,10,2023-07-01,21133842.2574917,13256839.487741169,9807669.665763643,camacari-IPTU,camacari,IPTU
2022-09-01,2022-09-01,11,2023-08-01,24362535.303448137,13714735.23061379,9807669.665763643,camacari-IPTU,camacari,IPTU
2022-09-01,2022-09-01,12,2023-09-01,15466271.334168883,10415958.452856028,9807669.665763643,camacari-IPTU,camacari,IPTU
2022-10-01,2022-10-01,1,2022-11-01,12616930.535112843,11265868.946770042,9741250.015594255,camacari-IPTU,camacari,IPTU
2022-10-01,2022-10-01,2,2022-12-01,12784174.1801717,12870345.330356294,9741250.015594255,camacari-IPTU,camacari,IPTU
2022-10-01,2022-10-01,3,2023-01-01,7047786.234635349,7973233.621849407,9741250.015594255,camacari-IPTU,camacari,IPTU
2022-10-01,2022-10-01,4,2023-02-01,12018263.329091424,8845947.18769854,9741250.015594255,camacari-IPTU,camacari,IPTU
2022-10-01,2022-10-01,5,2023-03-01,113631532.97417936,121990261.3632758,9741250.015594255,camacari-IPTU,camacari,IPTU
2022-10-01,2022-10-01,6,2023-04-01,19541386.126198694,108579001.66402735,9741250.015594255,camacari-IPTU,camacari,IPTU
2022-10-01,2022-10-01,7,2023-05-01,14150456.746575596,20267874.311695643,9741250.015594255,camacari-IPTU,camacari,IPTU
2022-10-01,2022-10-01,8,2023-06-01,13391841.733009398,13357698.496141305,9741250.015594255,camacari-IPTU,camacari,IPTU
2022-10-01,2022-10-01,9,2023-07-01,21133842.2574917,13554801.173991203,9741250.015594255,camacari-IPTU,camacari,IPTU
2022-10-01,2022-10-01,10,2023-08-01,24362535.303448137,14411558.391641952,9741250.015594255,camacari-IPTU,camacari,IPTU
2022-10-01,2022-10-01,11,2023-09-01,15466271.334168883,10766269.205806583,9741250.015594255,camacari-IPTU,camacari,IPTU
2022-10-01,2022-10-01,12,2023-10-01,16948768.265746012,12952591.480657142,9741250.015594255,camacari-IPTU,camacari,IPTU
2022-11-01,2022-11-01,1,2022-12-01,12784174.1801717,12935210.012963025,9688155.37133904,camacari-IPTU,camacari,IPTU
2022-11-01,2022-11-01,2,2023-01-01,7047786.234635349,8170681.098747475,9688155.37133904,camacari-IPTU,camacari,IPTU
2022-11-01,2022-11-01,3,2023-02-01,12018263.329091424,8894330.726201223,9688155.37133904,camacari-IPTU,camacari,IPTU
2022-11-01,2022-11-01,4,2023-03-01,113631532.97417936,124937700.53602198,9688155.37133904,camacari-IPTU,camacari,IPTU
2022-11-01,2022-11-01,5,2023-04-01,19541386.126198694,107715871.58596605,9688155.37133904,camacari-IPTU,camacari,IPTU
2022-11-01,2022-11-01,6,2023-05-01,14150456.746575596,20494003.67238749,9688155.37133904,camacari-IPTU,camacari,IPTU
2022-11-01,2022-11-01,7,2023-06-01,13391841.733009398,13536803.385769999,9688155.37133904,camacari-IPTU,camacari,IPTU
2022-11-01,2022-11-01,8,2023-07-01,21133842.2574917,13772307.951352818,9688155.37133904,camacari-IPTU,camacari,IPTU
2022-11-01,2022-11-01,9,2023-08-01,24362535.303448137,14302995.004275452,9688155.37133904,camacari-IPTU,camacari,IPTU
2022-11-01,2022-11-01,10,2023-09-01,15466271.334168883,10892825.891627738,9688155.37133904,camacari-IPTU,camacari,IPTU
2022-11-01,2022-11-01,11,2023-10-01,16948768.265746012,13117310.102541855,9688155.37133904,camacari-IPTU,camacari,IPTU
2022-11-01,2022-11-01,12,2023-11-01,19405524.354567923,12749913.568028444,9688155.37133904,camacari-IPTU,camacari,IPTU
2022-12-01,2022-12-01,1,2023-01-01,7047786.234635349,7543365.06126756,9639324.886879798,camacari-IPTU,camacari,IPTU
2022-12-01,2022-12-01,2,2023-02-01,12018263.329091424,8531516.864568435,9639324.886879798,camacari-IPTU,camacari,IPTU
2022-12-01,2022-12-01,3,2023-03-01,113631532.97417936,114190783.48680533,9639324.886879798,camacari-IPTU,camacari,IPTU
2022-12-01,2022-12-01,4,2023-04-01,19541386.126198694,101015938.19453476,9639324.886879798,camacari-IPTU,camacari,IPTU
2022-12-01,2022-12-01,5,2023-05-01,14150456.746575596,19197016.851254545,9639324.886879798,camacari-IPTU,camacari,IPTU
2022-12-01,2022-12-01,6,2023-06-01,13391841.733009398,12582188.10289649,9639324.886879798,camacari-IPTU,camacari,IPTU
2022-12-01,2022-12-01,7,2023-07-01,21133842.2574917,13160164.88345303,9639324.886879798,camacari-IPTU,camacari,IPTU
2022-12-01,2022-12-01,8,2023-08-01,24362535.303448137,13738360.576879788,9639324.886879798,camacari-IPTU,camacari,IPTU
2022-12-01,2022-12-01,9,2023-09-01,15466271.334168883,10457973.704670638,9639324.886879798,camacari-IPTU,camacari,IPTU
2022-12-01,2022-12-01,10,2023-10-01,16948768.265746012,12684531.45369898,9639324.886879798,camacari-IPTU,camacari,IPTU
2022-12-01,2022-12-01,11,2023-11-01,19405524.354567923,12142260.043778976,9639324.886879798,camacari-IPTU,camacari,IPTU
2022-12-01,2022-12-01,12,2023-12-01,21991343.83026119,13895137.690279156,9639324.886879798,camacari-IPTU,camacari,IPTU
2023-01-01,2023-01-01,1,2023-02-01,12018263.329091424,8428115.653770491,9551922.272294289,camacari-IPTU,camacari,IPTU
2023-01-01,2023-01-01,2,2023-03-01,113631532.97417936,116802554.33048812,9551922.272294289,camacari-IPTU,camacari,IPTU
2023-01-01,2023-01-01,3,2023-04-01,19541386.126198694,97145629.08395089,9551922.272294289,camacari-IPTU,camacari,IPTU
2023-01-01,2023-01-01,4,2023-05-01,14150456.746575596,19401520.26401681,9551922.272294289,camacari-IPTU,camacari,IPTU
2023-01-01,2023-01-01,5,2023-06-01,13391841.733009398,12576998.3845499,9551922.272294289,camacari-IPTU,camacari,IPTU
2023-01-01,2023-01-01,6,2023-07-01,21133842.2574917,13208422.870857611,9551922.272294289,camacari-IPTU,camacari,IPTU
2023-01-01,2023-01-01,7,2023-08-01,24362535.303448137,13630817.46794181,9551922.272294289,camacari-IPTU,camacari,IPTU
2023-01-01,2023-01-01,8,2023-09-01,15466271.334168883,10481348.12093606,9551922.272294289,camacari-IPTU,camacari,IPTU
2023-01-01,2023-01-01,9,2023-10-01,16948768.265746012,12472415.767878858,9551922.272294289,camacari-IPTU,camacari,IPTU
2023-01-01,2023-01-01,10,2023-11-01,19405524.354567923,12252332.117535785,9551922.272294289,camacari-IPTU,camacari,IPTU
2023-01-01,2023-01-01,11,2023-12-01,21991343.83026119,13688279.718732787,9551922.272294289,camacari-IPTU,camacari,IPTU
2023-01-01,2023-01-01,12,2024-01-01,9096349.782186696,8232443.597507585,9551922.272294289,camacari-IPTU,camacari,IPTU
2023-02-01,2023-02-01,1,2023-03-01,113631532.97417936,107671740.7771578,9455631.658933334,camacari-IPTU,camacari,IPTU
2023-02-01,2023-02-01,2,2023-04-01,19541386.126198694,97659810.81843917,9455631.658933334,camacari-IPTU,camacari,IPTU
2023-02-01,2023-02-01,3,2023-05-01,14150456.746575596,19162743.59315638,9455631.658933334,camacari-IPTU,camacari,IPTU
2023-02-01,2023-02-01,4,2023-06-01,13391841.733009398,12167915.518836603,9455631.658933334,camacari-IPTU,camacari,IPTU
2023-02-01,2023-02-01,5,2023-07-01,21133842.2574917,12931122.981180053,9455631.658933334,camacari-IPTU,camacari,IPTU
2023-02-01,2023-02-01,6,2023-08-01,24362535.303448137,13533740.922792597,9455631.658933334,camacari-IPTU,camacari,IPTU
2023-02-01,2023-02-01,7,2023-09-01,15466271.334168883,10357200.58180207,9455631.658933334,camacari-IPTU,camacari,IPTU
2023-02-01,2023-02-01,8,2023-10-01,16948768.265746012,12473614.277840761,9455631.658933334,camacari-IPTU,camacari,IPTU
2023-02-01,2023-02-01,9,2023-11-01,19405524.354567923,12120049.977582544,9455631.658933334,camacari-IPTU,camacari,IPTU
2023-02-01,2023-02-01,10,2023-12-01,21991343.83026119,13698960.279728135,9455631.658933334,camacari-IPTU,camacari,IPTU
2023-02-01,2023-02-01,11,2024-01-01,9096349.782186696,7969626.26781815,9455631.658933334,camacari-IPTU,camacari,IPTU
2023-02-01,2023-02-01,12,2024-02-01,12207925.201341806,9985975.516340094,9455631.658933334,camacari-IPTU,camacari,IPTU
2023-03-01,2023-03-01,1,2023-04-01,19541386.126198694,105179098.62937683,9505581.46206459,camacari-IPTU,camacari,IPTU
2023-03-01,2023-03-01,2,2023-05-01,14150456.746575596,20035854.69925181,9505581.46206459,camacari-IPTU,camacari,IPTU
2023-03-01,2023-03-01,3,2023-06-01,13391841.733009398,13168759.253656292,9505581.46206459,camacari-IPTU,camacari,IPTU
2023-03-01,2023-03-01,4,2023-07-01,21133842.2574917,13577986.457224661,9505581.46206459,camacari-IPTU,camacari,IPTU
2023-03-01,2023-03-01,5,2023-08-01,24362535.303448137,14130540.691425739,9505581.46206459,camacari-IPTU,camacari,IPTU
2023-03-01,2023-03-01,6,2023-09-01,15466271.334168883,10829456.549465671,9505581.46206459,camacari-IPTU,camacari,IPTU
2023-03-01,2023-03-01,7,2023-10-01,16948768.265746012,12917153.12150536,9505581.46206459,camacari-IPTU,camacari,IPTU
2023-03-01,2023-03-01,8,2023-11-01,19405524.354567923,12865043.98758399,9505581.46206459,camacari-IPTU,camacari,IPTU
2023-03-01,2023-03-01,9,2023-12-01,21991343.83026119,14532787.649058975,9505581.46206459,camacari-IPTU,camacari,IPTU
2023-03-01,2023-03-01,10,2024-01-01,9096349.782186696,8544984.783674708,9505581.46206459,camacari-IPTU,camacari,IPTU
2023-03-01,2023-03-01,11,2024-02-01,12207925.201341806,10397792.32764956,9505581.46206459,camacari-IPTU,camacari,IPTU
2023-03-01,2023-03-01,12,2024-03-01,117568232.72774635,113308924.17407288,9505581.46206459,camacari-IPTU,camacari,IPTU
2023-04-01,2023-04-01,1,2023-05-01,14150456.746575596,18920150.781574298,9635202.503431534,camacari-IPTU,camacari,IPTU
2023-04-01,2023-04-01,2,2023-06-01,13391841.733009398,12394292.47088772,9635202.503431534,camacari-IPTU,camacari,IPTU
2023-04-01,2023-04-01,3,2023-07-01,21133842.2574917,13026230.158826537,9635202.503431534,camacari-IPTU,camacari,IPTU
2023-04-01,2023-04-01,4,2023-08-01,24362535.303448137,13515449.610426374,9635202.503431534,camacari-IPTU,camacari,IPTU
2023-04-01,2023-04-01,5,2023-09-01,15466271.334168883,10328676.64495656,9635202.503431534,camacari-IPTU,camacari,IPTU
2023-04-01,2023-04-01,6,2023-10-01,16948768.265746012,12509531.154447896,9635202.503431534,camacari-IPTU,camacari,IPTU
2023-04-01,2023-04-01,7,2023-11-01,19405524.354567923,12257501.57183161,9635202.503431534,camacari-IPTU,camacari,IPTU
2023-04-01,2023-04-01,8,2023-12-01,21991343.83026119,13742076.650314694,9635202.503431534,camacari-IPTU,camacari,IPTU
2023-04-01,2023-04-01,9,2024-01-01,9096349.782186696,8042412.040664137,9635202.503431534,camacari-IPTU,camacari,IPTU
2023-04-01,2023-04-01,10,2024-02-01,12207925.201341806,10077334.585099455,9635202.503431534,camacari-IPTU,camacari,IPTU
2023-04-01,2023-04-01,11,2024-03-01,117568232.72774635,108773618.78434391,9635202.503431534,camacari-IPTU,camacari,IPTU
2023-04-01,2023-04-01,12,2024-04-01,12092110.726040576,108109269.93709606,9635202.503431534,camacari-IPTU,camacari,IPTU
2023-05-01,2023-05-01,1,2023-06-01,13391841.733009398,11638136.615391266,9614718.459271772,camacari-IPTU,camacari,IPTU
2023-05-01,2023-05-01,2,2023-07-01,21133842.2574917,12599687.340795051,9614718.459271772,camacari-IPTU,camacari,IPTU
2023-05-01,2023-05-01,3,2023-08-01,24362535.303448137,13237579.218068723,9614718.459271772,camacari-IPTU,camacari,IPTU
2023-05-01,2023-05-01,4,2023-09-01,15466271.334168883,10055254.876893941,9614718.459271772,camacari-IPTU,camacari,IPTU
2023-05-01,2023-05-01,5,2023-10-01,16948768.265746012,11959452.45578378,9614718.459271772,camacari-IPTU,camacari,IPTU
2023-05-01,2023-05-01,6,2023-11-01,19405524.354567923,11868022.806694843,9614718.459271772,camacari-IPTU,camacari,IPTU
2023-05-01,2023-05-01,7,2023-12-01,21991343.83026119,13325014.58067446,9614718.459271772,camacari-IPTU,camacari,IPTU
2023-05-01,2023-05-01,8,2024-01-01,9096349.782186696,7499313.43970907,9614718.459271772,camacari-IPTU,camacari,IPTU
2023-05-01,2023-05-01,9,2024-02-01,12207925.201341806,9677765.895969886,9614718.459271772,camacari-IPTU,camacari,IPTU
2023-05-01,2023-05-01,10,2024-03-01,117568232.72774635,109344868.47492549,9614718.459271772,camacari-IPTU,camacari,IPTU
2023-05-01,2023-05-01,11,2024-04-01,12092110.726040576,97554961.46906592,9614718.459271772,camacari-IPTU,camacari,IPTU
2023-05-01,2023-05-01,12,2024-05-01,12281670.577505508,20627490.55060843,9614718.459271772,camacari-IPTU,camacari,IPTU
2023-06-01,2023-06-01,1,2023-07-01,21133842.2574917,12823571.753777673,9519411.871084886,camacari-IPTU,camacari,IPTU
2023-06-01,2023-06-01,2,2023-08-01,24362535.303448137,13349973.395940239,9519411.871084886,camacari-IPTU,camacari,IPTU
2023-06-01,2023-06-01,3,2023-09-01,15466271.334168883,10417151.396518202,9519411.871084886,camacari-IPTU,camacari,IPTU
2023-06-01,2023-06-01,4,2023-10-01,16948768.265746012,12528871.733869823,9519411.871084886,camacari-IPTU,camacari,IPTU
2023-06-01,2023-06-01,5,2023-11-01,19405524.354567923,12163147.020283727,9519411.871084886,camacari-IPTU,camacari,IPTU
2023-06-01,2023-06-01,6,2023-12-01,21991343.83026119,13565669.572999248,9519411.871084886,camacari-IPTU,camacari,IPTU
2023-06-01,2023-06-01,7,2024-01-01,9096349.782186696,7845401.6067029685,9519411.871084886,camacari-IPTU,camacari,IPTU
2023-06-01,2023-06-01,8,2024-02-01,12207925.201341806,9893836.344682926,9519411.871084886,camacari-IPTU,camacari,IPTU
2023-06-01,2023-06-01,9,2024-03-01,117568232.72774635,108316801.23857851,9519411.871084886,camacari-IPTU,camacari,IPTU
2023-06-01,2023-06-01,10,2024-04-01,12092110.726040576,107762354.60276607,9519411.871084886,camacari-IPTU,camacari,IPTU
2023-06-01,2023-06-01,11,2024-05-01,12281670.577505508,20766851.45559073,9519411.871084886,camacari-IPTU,camacari,IPTU
2023-06-01,2023-06-01,12,2024-06-01,15668723.095071422,13167734.421797741,9519411.871084886,camacari-IPTU,camacari,IPTU
2023-07-01,2023-07-01,1,2023-08-01,24362535.303448137,13006700.404203525,9451960.089180367,camacari-IPTU,camacari,IPTU
2023-07-01,2023-07-01,2,2023-09-01,15466271.334168883,10063541.11612478,9451960.089180367,camacari-IPTU,camacari,IPTU
2023-07-01,2023-07-01,3,2023-10-01,16948768.265746012,12061390.07197848,9451960.089180367,camacari-IPTU,camacari,IPTU
2023-07-01,2023-07-01,4,2023-11-01,19405524.354567923,11841883.186658598,9451960.089180367,camacari-IPTU,camacari,IPTU
2023-07-01,2023-07-01,5,2023-12-01,21991343.83026119,13472187.375123478,9451960.089180367,camacari-IPTU,camacari,IPTU
2023-07-01,2023-07-01,6,2024-01-01,9096349.782186696,7657460.567758238,9451960.089180367,camacari-IPTU,camacari,IPTU
2023-07-01,2023-07-01,7,2024-02-01,12207925.201341806,9703185.341790665,9451960.089180367,camacari-IPTU,camacari,IPTU
2023-07-01,2023-07-01,8,2024-03-01,117568232.72774635,107198053.37804268,9451960.089180367,camacari-IPTU,camacari,IPTU
2023-07-01,2023-07-01,9,2024-04-01,12092110.726040576,102218324.53855671,9451960.089180367,camacari-IPTU,camacari,IPTU
2023-07-01,2023-07-01,10,2024-05-01,12281670.577505508,20711500.873416737,9451960.089180367,camacari-IPTU,camacari,IPTU
2023-07-01,2023-07-01,11,2024-06-01,15668723.095071422,12836229.443662595,9451960.089180367,camacari-IPTU,camacari,IPTU
2023-07-01,2023-07-01,12,2024-07-01,11582225.949920287,16122316.97457648,9451960.089180367,camacari-IPTU,camacari,IPTU
2023-08-01,2023-08-01,1,2023-09-01,15466271.334168883,10144942.556101872,9449195.725197412,camacari-IPTU,camacari,IPTU
2023-08-01,2023-08-01,2,2023-10-01,16948768.265746012,12123806.360765167,9449195.725197412,camacari-IPTU,camacari,IPTU
2023-08-01,2023-08-01,3,2023-11-01,19405524.354567923,11950299.65417938,9449195.725197412,camacari-IPTU,camacari,IPTU
2023-08-01,2023-08-01,4,2023-12-01,21991343.83026119,13557946.317168778,9449195.725197412,camacari-IPTU,camacari,IPTU
2023-08-01,2023-08-01,5,2024-01-01,9096349.782186696,7693952.291694067,9449195.725197412,camacari-IPTU,camacari,IPTU
2023-08-01,2023-08-01,6,2024-02-01,12207925.201341806,9838382.632189829,9449195.725197412,camacari-IPTU,camacari,IPTU
2023-08-01,2023-08-01,7,2024-03-01,117568232.72774635,107801454.89731188,9449195.725197412,camacari-IPTU,camacari,IPTU
2023-08-01,2023-08-01,8,2024-04-01,12092110.726040576,106844493.25967525,9449195.725197412,camacari-IPTU,camacari,IPTU
2023-08-01,2023-08-01,9,2024-05-01,12281670.577505508,21158820.145056587,9449195.725197412,camacari-IPTU,camacari,IPTU
2023-08-01,2023-08-01,10,2024-06-01,15668723.095071422,13107485.06443991,9449195.725197412,camacari-IPTU,camacari,IPTU
2023-08-01,2023-08-01,11,2024-07-01,11582225.949920287,16124701.515950492,9449195.725197412,camacari-IPTU,camacari,IPTU
2023-08-01,2023-08-01,12,2024-08-01,10773832.024935024,17645196.330312934,9449195.725197412,camacari-IPTU,camacari,IPTU
2023-09-01,2023-09-01,1,2023-10-01,16948768.265746012,12992967.457292838,9375916.476182612,camacari-IPTU,camacari,IPTU
2023-09-01,2023-09-01,2,2023-11-01,19405524.354567923,12203828.958484003,9375916.476182612,camacari-IPTU,camacari,IPTU
2023-09-01,2023-09-01,3,2023-12-01,21991343.83026119,14027955.233185226,9375916.476182612,camacari-IPTU,camacari,IPTU
2023-09-01,2023-09-01,4,2024-01-01,9096349.782186696,7232910.915684838,9375916.476182612,camacari-IPTU,camacari,IPTU
2023-09-01,2023-09-01,5,2024-02-01,12207925.201341806,9838790.188190881,9375916.476182612,camacari-IPTU,camacari,IPTU
2023-09-01,2023-09-01,6,2024-03-01,117568232.72774635,113701341.16446403,9375916.476182612,camacari-IPTU,camacari,IPTU
2023-09-01,2023-09-01,7,2024-04-01,12092110.726040576,105811431.85817598,9375916.476182612,camacari-IPTU,camacari,IPTU
2023-09-01,2023-09-01,8,2024-05-01,12281670.577505508,22182701.492299844,9375916.476182612,camacari-IPTU,camacari,IPTU
2023-09-01,2023-09-01,9,2024-06-01,15668723.095071422,12513758.106201958,9375916.476182612,camacari-IPTU,camacari,IPTU
2023-09-01,2023-09-01,10,2024-07-01,11582225.949920287,15498218.715400679,9375916.476182612,camacari-IPTU,camacari,IPTU
2023-09-01,2023-09-01,11,2024-08-01,10773832.024935024,16487030.892958712,9375916.476182612,camacari-IPTU,camacari,IPTU
2023-09-01,2023-09-01,12,2024-09-01,10296585.057692552,11648149.44458282,9375916.476182612,camacari-IPTU,camacari,IPTU
2023-10-01,2023-10-01,1,2023-11-01,19405524.354567923,12336522.810340084,9313311.219089283,camacari-IPTU,camacari,IPTU
2023-10-01,2023-10-01,2,2023-12-01,21991343.83026119,13817673.144075163,9313311.219089283,camacari-IPTU,camacari,IPTU
2023-10-01,2023-10-01,3,2024-01-01,9096349.782186696,7018710.332945995,9313311.219089283,camacari-IPTU,camacari,IPTU
2023-10-01,2023-10-01,4,2024-02-01,12207925.201341806,9726323.349937772,9313311.219089283,camacari-IPTU,camacari,IPTU
2023-10-01,2023-10-01,5,2024-03-01,117568232.72774635,113529847.81700435,9313311.219089283,camacari-IPTU,camacari,IPTU
2023-10-01,2023-10-01,6,2024-04-01,12092110.726040576,100396940.83906311,9313311.219089283,camacari-IPTU,camacari,IPTU
2023-10-01,2023-10-01,7,2024-05-01,12281670.577505508,22021830.90473575,9313311.219089283,camacari-IPTU,camacari,IPTU
2023-10-01,2023-10-01,8,2024-06-01,15668723.095071422,12247425.533273079,9313311.219089283,camacari-IPTU,camacari,IPTU
2023-10-01,2023-10-01,9,2024-07-01,11582225.949920287,15540981.162360234,9313311.219089283,camacari-IPTU,camacari,IPTU
2023-10-01,2023-10-01,10,2024-08-01,10773832.024935024,16572498.282229537,9313311.219089283,camacari-IPTU,camacari,IPTU
2023-10-01,2023-10-01,11,2024-09-01,10296585.057692552,11760332.33441963,9313311.219089283,camacari-IPTU,camacari,IPTU
2023-10-01,2023-10-01,12,2024-10-01,10512439.143674947,13811776.556387514,9313311.219089283,camacari-IPTU,camacari,IPTU
2023-11-01,2023-11-01,1,2023-12-01,21991343.83026119,14495936.224228308,9286735.246461555,camacari-IPTU,camacari,IPTU
2023-11-01,2023-11-01,2,2024-01-01,9096349.782186696,7098332.28701638,9286735.246461555,camacari-IPTU,camacari,IPTU
2023-11-01,2023-11-01,3,2024-02-01,12207925.201341806,10068413.685682304,9286735.246461555,camacari-IPTU,camacari,IPTU
2023-11-01,2023-11-01,4,2024-03-01,117568232.72774635,119420426.79874992,9286735.246461555,camacari-IPTU,camacari,IPTU
2023-11-01,2023-11-01,5,2024-04-01,12092110.726040576,101048792.88029686,9286735.246461555,camacari-IPTU,camacari,IPTU
2023-11-01,2023-11-01,6,2024-05-01,12281670.577505508,22301866.197871413,9286735.246461555,camacari-IPTU,camacari,IPTU
2023-11-01,2023-11-01,7,2024-06-01,15668723.095071422,12775384.723276561,9286735.246461555,camacari-IPTU,camacari,IPTU
2023-11-01,2023-11-01,8,2024-07-01,11582225.949920287,15938438.169326158,9286735.246461555,camacari-IPTU,camacari,IPTU
2023-11-01,2023-11-01,9,2024-08-01,10773832.024935024,17113658.753273666,9286735.246461555,camacari-IPTU,camacari,IPTU
2023-11-01,2023-11-01,10,2024-09-01,10296585.057692552,12020024.46775134,9286735.246461555,camacari-IPTU,camacari,IPTU
2023-11-01,2023-11-01,11,2024-10-01,10512439.143674947,14136552.277622163,9286735.246461555,camacari-IPTU,camacari,IPTU
2023-11-01,2023-11-01,12,2024-11-01,9462604.711222298,13979137.606823642,9286735.246461555,camacari-IPTU,camacari,IPTU
2023-12-01,2023-12-01,1,2024-01-01,9096349.782186696,7672700.517976721,9285906.438166013,camacari-IPTU,camacari,IPTU
2023-12-01,2023-12-01,2,2024-02-01,12207925.201341806,11326396.50527357,9285906.438166013,camacari-IPTU,camacari,IPTU
2023-12-01,2023-12-01,3,2024-03-01,117568232.72774635,136203686.7224007,9285906.438166013,camacari-IPTU,camacari,IPTU
2023-12-01,2023-12-01,4,2024-04-01,12092110.726040576,113323956.40258577,9285906.438166013,camacari-IPTU,camacari,IPTU
2023-12-01,2023-12-01,5,2024-05-01,12281670.577505508,25674304.390779067,9285906.438166013,camacari-IPTU,camacari,IPTU
2023-12-01,2023-12-01,6,2024-06-01,15668723.095071422,13952727.627229514,9285906.438166013,camacari-IPTU,camacari,IPTU
2023-12-01,2023-12-01,7,2024-07-01,11582225.949920287,17648138.63617533,9285906.438166013,camacari-IPTU,camacari,IPTU
2023-12-01,2023-12-01,8,2024-08-01,10773832.024935024,18875470.324223857,9285906.438166013,camacari-IPTU,camacari,IPTU
2023-12-01,2023-12-01,9,2024-09-01,10296585.057692552,13234102.18975883,9285906.438166013,camacari-IPTU,camacari,IPTU
2023-12-01,2023-12-01,10,2024-10-01,10512439.143674947,15589165.343914531,9285906.438166013,camacari-IPTU,camacari,IPTU
2023-12-01,2023-12-01,11,2024-11-01,9462604.711222298,15214865.209152097,9285906.438166013,camacari-IPTU,camacari,IPTU
2023-12-01,2023-12-01,12,2024-12-01,13905224.647661604,17542881.92931911,9285906.438166013,camacari-IPTU,camacari,IPTU
2024-01-01,2024-01-01,1,2024-02-01,12207925.201341806,11841309.877611313,9211294.655788543,camacari-IPTU,camacari,IPTU
2024-01-01,2024-01-01,2,2024-03-01,117568232.72774635,137735764.91191936,9211294.655788543,camacari-IPTU,camacari,IPTU
2024-01-01,2024-01-01,3,2024-04-01,12092110.726040576,137612105.42013595,9211294.655788543,camacari-IPTU,camacari,IPTU
2024-01-01,2024-01-01,4,2024-05-01,12281670.577505508,27254742.83289508,9211294.655788543,camacari-IPTU,camacari,IPTU
2024-01-01,2024-01-01,5,2024-06-01,15668723.095071422,15699367.408991765,9211294.655788543,camacari-IPTU,camacari,IPTU
2024-01-01,2024-01-01,6,2024-07-01,11582225.949920287,18902624.49249584,9211294.655788543,camacari-IPTU,camacari,IPTU
2024-01-01,2024-01-01,7,2024-08-01,10773832.024935024,20329613.93787453,9211294.655788543,camacari-IPTU,camacari,IPTU
2024-01-01,2024-01-01,8,2024-09-01,10296585.057692552,14122200.350821555,9211294.655788543,camacari-IPTU,camacari,IPTU
2024-01-01,2024-01-01,9,2024-10-01,10512439.143674947,16526445.990039922,9211294.655788543,camacari-IPTU,camacari,IPTU
2024-01-01,2024-01-01,10,2024-11-01,9462604.711222298,16094095.270899026,9211294.655788543,camacari-IPTU,camacari,IPTU
2024-01-01,2024-01-01,11,2024-12-01,13905224.647661604,18412730.108136225,9211294.655788543,camacari-IPTU,camacari,IPTU
2024-01-01,2024-01-01,12,2025-01-01,6388575.092741284,7580291.868224649,9211294.655788543,camacari-IPTU,camacari,IPTU
2024-02-01,2024-02-01,1,2024-03-01,117568232.72774635,79841146.93159133,9119237.178405501,camacari-IPTU,camacari,IPTU
2024-02-01,2024-02-01,2,2024-04-01,12092110.726040576,60537890.914005965,9119237.178405501,camacari-IPTU,camacari,IPTU
2024-02-01,2024-02-01,3,2024-05-01,12281670.577505508,21954229.48231937,9119237.178405501,camacari-IPTU,camacari,IPTU
2024-02-01,2024-02-01,4,2024-06-01,15668723.095071422,16200879.792051136,9119237.178405501,camacari-IPTU,camacari,IPTU
2024-02-01,2024-02-01,5,2024-07-01,11582225.949920287,17338485.084774718,9119237.178405501,camacari-IPTU,camacari,IPTU
2024-02-01,2024-02-01,6,2024-08-01,10773832.024935024,18245536.32878753,9119237.178405501,camacari-IPTU,camacari,IPTU
2024-02-01,2024-02-01,7,2024-09-01,10296585.057692552,15283821.089767536,9119237.178405501,camacari-IPTU,camacari,IPTU
2024-02-01,2024-02-01,8,2024-10-01,10512439.143674947,16995803.593440436,9119237.178405501,camacari-IPTU,camacari,IPTU
2024-02-01,2024-02-01,9,2024-11-01,9462604.711222298,17191647.429601967,9119237.178405501,camacari-IPTU,camacari,IPTU
2024-02-01,2024-02-01,10,2024-12-01,13905224.647661604,18674052.044118643,9119237.178405501,camacari-IPTU,camacari,IPTU
2024-02-01,2024-02-01,11,2025-01-01,6388575.092741284,12479421.405566983,9119237.178405501,camacari-IPTU,camacari,IPTU
2024-02-01,2024-02-01,12,2025-02-01,12542878.821337909,14434672.337560229,9119237.178405501,camacari-IPTU,camacari,IPTU
2024-03-01,2024-03-01,1,2024-04-01,12092110.726040576,126815495.87707102,9066888.315528343,camacari-IPTU,camacari,IPTU
2024-03-01,2024-03-01,2,2024-05-01,12281670.577505508,27446436.259234183,9066888.315528343,camacari-IPTU,camacari,IPTU
2024-03-01,2024-03-01,3,2024-06-01,15668723.095071422,16252545.093449382,9066888.315528343,camacari-IPTU,camacari,IPTU
2024-03-01,2024-03-01,4,2024-07-01,11582225.949920287,20833834.129510857,9066888.315528343,camacari-IPTU,camacari,IPTU
2024-03-01,2024-03-01,5,2024-08-01,10773832.024935024,22640737.622914415,9066888.315528343,camacari-IPTU,camacari,IPTU
2024-03-01,2024-03-01,6,2024-09-01,10296585.057692552,16429002.433166426,9066888.315528343,camacari-IPTU,camacari,IPTU
2024-03-01,2024-03-01,7,2024-10-01,10512439.143674947,20035778.39153688,9066888.315528343,camacari-IPTU,camacari,IPTU
2024-03-01,2024-03-01,8,2024-11-01,9462604.711222298,20788888.111099258,9066888.315528343,camacari-IPTU,camacari,IPTU
2024-03-01,2024-03-01,9,2024-12-01,13905224.647661604,23262202.707100485,9066888.315528343,camacari-IPTU,camacari,IPTU
2024-03-01,2024-03-01,10,2025-01-01,6388575.092741284,9820885.496572474,9066888.315528343,camacari-IPTU,camacari,IPTU
2024-03-01,2024-03-01,11,2025-02-01,12542878.821337909,15075300.036073253,9066888.315528343,camacari-IPTU,camacari,IPTU
2024-03-01,2024-03-01,12,2025-03-01,120152088.70043229,178391695.24112493,9066888.315528343,camacari-IPTU,camacari,IPTU
2024-04-01,2024-04-01,1,2024-05-01,12281670.577505508,20149802.009688452,9050712.186374642,camacari-IPTU,camacari,IPTU
2024-04-01,2024-04-01,2,2024-06-01,15668723.095071422,15553868.741090314,9050712.186374642,camacari-IPTU,camacari,IPTU
2024-04-01,2024-04-01,3,2024-07-01,11582225.949920287,16634735.66087983,9050712.186374642,camacari-IPTU,camacari,IPTU
2024-04-01,2024-04-01,4,2024-08-01,10773832.024935024,17999872.922668777,9050712.186374642,camacari-IPTU,camacari,IPTU
2024-04-01,2024-04-01,5,2024-09-01,10296585.057692552,14356395.308519665,9050712.186374642,camacari-IPTU,camacari,IPTU
2024-04-01,2024-04-01,6,2024-10-01,10512439.143674947,16146508.939180339,9050712.186374642,camacari-IPTU,camacari,IPTU
2024-04-01,2024-04-01,7,2024-11-01,9462604.711222298,16169529.279316146,9050712.186374642,camacari-IPTU,camacari,IPTU
2024-04-01,2024-04-01,8,2024-12-01,13905224.647661604,17667620.515220724,9050712.186374642,camacari-IPTU,camacari,IPTU
2024-04-01,2024-04-01,9,2025-01-01,6388575.092741284,11137249.258950908,9050712.186374642,camacari-IPTU,camacari,IPTU
2024-04-01,2024-04-01,10,2025-02-01,12542878.821337909,12647592.308328418,9050712.186374642,camacari-IPTU,camacari,IPTU
2024-04-01,2024-04-01,11,2025-03-01,120152088.70043229,91121852.17648081,9050712.186374642,camacari-IPTU,camacari,IPTU
2024-04-01,2024-04-01,12,2025-04-01,11946177.334066126,57285987.14028437,9050712.186374642,camacari-IPTU,camacari,IPTU
2024-05-01,2024-05-01,1,2024-06-01,15668723.095071422,12713462.902415186,8979604.007985488,camacari-IPTU,camacari,IPTU
2024-05-01,2024-05-01,2,2024-07-01,11582225.949920287,14358612.871133571,8979604.007985488,camacari-IPTU,camacari,IPTU
2024-05-01,2024-05-01,3,2024-08-01,10773832.024935024,15413371.102038544,8979604.007985488,camacari-IPTU,camacari,IPTU
2024-05-01,2024-05-01,4,2024-09-01,10296585.057692552,12482473.336992856,8979604.007985488,camacari-IPTU,camacari,IPTU
2024-05-01,2024-05-01,5,2024-10-01,10512439.143674947,14176414.995408464,8979604.007985488,camacari-IPTU,camacari,IPTU
2024-05-01,2024-05-01,6,2024-11-01,9462604.711222298,13999308.926997432,8979604.007985488,camacari-IPTU,camacari,IPTU
2024-05-01,2024-05-01,7,2024-12-01,13905224.647661604,15435121.813424978,8979604.007985488,camacari-IPTU,camacari,IPTU
2024-05-01,2024-05-01,8,2025-01-01,6388575.092741284,9495279.62144301,8979604.007985488,camacari-IPTU,camacari,IPTU
2024-05-01,2024-05-01,9,2025-02-01,12542878.821337909,11602768.907919483,8979604.007985488,camacari-IPTU,camacari,IPTU
2024-05-01,2024-05-01,10,2025-03-01,120152088.70043229,76347770.05621274,8979604.007985488,camacari-IPTU,camacari,IPTU
2024-05-01,2024-05-01,11,2025-04-01,11946177.334066126,48987210.01251058,8979604.007985488,camacari-IPTU,camacari,IPTU
2024-05-01,2024-05-01,12,2025-05-01,12492744.777130071,19165088.784013987,8979604.007985488,camacari-IPTU,camacari,IPTU
2024-06-01,2024-06-01,1,2024-07-01,11582225.949920287,16099790.88039519,8913891.040868592,camacari-IPTU,camacari,IPTU
2024-06-01,2024-06-01,2,2024-08-01,10773832.024935024,17274696.952990327,8913891.040868592,camacari-IPTU,camacari,IPTU
2024-06-01,2024-06-01,3,2024-09-01,10296585.057692552,14121538.034963679,8913891.040868592,camacari-IPTU,camacari,IPTU
2024-06-01,2024-06-01,4,2024-10-01,10512439.143674947,15706510.498990709,8913891.040868592,camacari-IPTU,camacari,IPTU
2024-06-01,2024-06-01,5,2024-11-01,9462604.711222298,15809652.755263496,8913891.040868592,camacari-IPTU,camacari,IPTU
2024-06-01,2024-06-01,6,2024-12-01,13905224.647661604,17357548.852961794,8913891.040868592,camacari-IPTU,camacari,IPTU
2024-06-01,2024-06-01,7,2025-01-01,6388575.092741284,10724785.275954695,8913891.040868592,camacari-IPTU,camacari,IPTU
2024-06-01,2024-06-01,8,2025-02-01,12542878.821337909,12190018.490946628,8913891.040868592,camacari-IPTU,camacari,IPTU
2024-06-01,2024-06-01,9,2025-03-01,120152088.70043229,95101435.05513623,8913891.040868592,camacari-IPTU,camacari,IPTU
2024-06-01,2024-06-01,10,2025-04-01,11946177.334066126,56039597.846336715,8913891.040868592,camacari-IPTU,camacari,IPTU
2024-06-01,2024-06-01,11,2025-05-01,12492744.777130071,23217558.689975794,8913891.040868592,camacari-IPTU,camacari,IPTU
2024-06-01,2024-06-01,12,2025-06-01,10060501.5409044,14847556.062934013,8913891.040868592,camacari-IPTU,camacari,IPTU
2024-07-01,2024-07-01,1,2024-08-01,10773832.024935024,17380597.67384745,8920082.548312308,camacari-IPTU,camacari,IPTU
2024-07-01,2024-07-01,2,2024-09-01,10296585.057692552,14141111.89467375,8920082.548312308,camacari-IPTU,camacari,IPTU
2024-07-01,2024-07-01,3,2024-10-01,10512439.143674947,15757990.487626998,8920082.548312308,camacari-IPTU,camacari,IPTU
2024-07-01,2024-07-01,4,2024-11-01,9462604.711222298,15990618.948886685,8920082.548312308,camacari-IPTU,camacari,IPTU
2024-07-01,2024-07-01,5,2024-12-01,13905224.647661604,17394445.19551508,8920082.548312308,camacari-IPTU,camacari,IPTU
2024-07-01,2024-07-01,6,2025-01-01,6388575.092741284,10951482.121387698,8920082.548312308,camacari-IPTU,camacari,IPTU
2024-07-01,2024-07-01,7,2025-02-01,12542878.821337909,12188499.72229916,8920082.548312308,camacari-IPTU,camacari,IPTU
2024-07-01,2024-07-01,8,2025-03-01,120152088.70043229,96541318.81920275,8920082.548312308,camacari-IPTU,camacari,IPTU
2024-07-01,2024-07-01,9,2025-04-01,11946177.334066126,57977574.44154565,8920082.548312308,camacari-IPTU,camacari,IPTU
2024-07-01,2024-07-01,10,2025-05-01,12492744.777130071,23814622.193987723,8920082.548312308,camacari-IPTU,camacari,IPTU
2024-07-01,2024-07-01,11,2025-06-01,10060501.5409044,14904972.562703481,8920082.548312308,camacari-IPTU,camacari,IPTU
2024-07-01,2024-07-01,12,2025-07-01,11088846.80433917,17257244.398635197,8920082.548312308,camacari-IPTU,camacari,IPTU
2024-08-01,2024-08-01,1,2024-09-01,10296585.057692552,12131316.376205312,8964973.132256545,camacari-IPTU,camacari,IPTU
2024-08-01,2024-08-01,2,2024-10-01,10512439.143674947,13833244.11330232,8964973.132256545,camacari-IPTU,camacari,IPTU
2024-08-01,2024-08-01,3,2024-11-01,9462604.711222298,13651072.365697797,8964973.132256545,camacari-IPTU,camacari,IPTU
2024-08-01,2024-08-01,4,2024-12-01,13905224.647661604,15110364.362339841,8964973.132256545,camacari-IPTU,camacari,IPTU
2024-08-01,2024-08-01,5,2025-01-01,6388575.092741284,9162719.204966988,8964973.132256545,camacari-IPTU,camacari,IPTU
2024-08-01,2024-08-01,6,2025-02-01,12542878.821337909,11317267.974430006,8964973.132256545,camacari-IPTU,camacari,IPTU
2024-08-01,2024-08-01,7,2025-03-01,120152088.70043229,76685296.73076175,8964973.132256545,camacari-IPTU,camacari,IPTU
2024-08-01,2024-08-01,8,2025-04-01,11946177.334066126,48744165.315146714,8964973.132256545,camacari-IPTU,camacari,IPTU
2024-08-01,2024-08-01,9,2025-05-01,12492744.777130071,18926942.531044666,8964973.132256545,camacari-IPTU,camacari,IPTU
2024-08-01,2024-08-01,10,2025-06-01,10060501.5409044,12230362.437863026,8964973.132256545,camacari-IPTU,camacari,IPTU
2024-08-01,2024-08-01,11,2025-07-01,11088846.80433917,14080443.128616855,8964973.132256545,camacari-IPTU,camacari,IPTU
2024-08-01,2024-08-01,12,2025-08-01,10811979.522146849,15136504.01963217,8964973.132256545,camacari-IPTU,camacari,IPTU
2024-09-01,2024-09-01,1,2024-10-01,10512439.143674947,12945172.34128763,8928827.543153876,camacari-IPTU,camacari,IPTU
2024-09-01,2024-09-01,2,2024-11-01,9462604.711222298,12744778.09995857,8928827.543153876,camacari-IPTU,camacari,IPTU
2024-09-01,2024-09-01,3,2024-12-01,13905224.647661604,14514129.943980483,8928827.543153876,camacari-IPTU,camacari,IPTU
2024-09-01,2024-09-01,4,2025-01-01,6388575.092741284,6052610.318478644,8928827.543153876,camacari-IPTU,camacari,IPTU
2024-09-01,2024-09-01,5,2025-02-01,12542878.821337909,9447627.66776323,8928827.543153876,camacari-IPTU,camacari,IPTU
2024-09-01,2024-09-01,6,2025-03-01,120152088.70043229,110292187.75037678,8928827.543153876,camacari-IPTU,camacari,IPTU
2024-09-01,2024-09-01,7,2025-04-01,11946177.334066126,86088753.17918243,8928827.543153876,camacari-IPTU,camacari,IPTU
2024-09-01,2024-09-01,8,2025-05-01,12492744.777130071,21134134.674615894,8928827.543153876,camacari-IPTU,camacari,IPTU
2024-09-01,2024-09-01,9,2025-06-01,10060501.5409044,11563340.857452804,8928827.543153876,camacari-IPTU,camacari,IPTU
2024-09-01,2024-09-01,10,2025-07-01,11088846.80433917,14447821.913379706,8928827.543153876,camacari-IPTU,camacari,IPTU
2024-09-01,2024-09-01,11,2025-08-01,10811979.522146849,15429599.021842737,8928827.543153876,camacari-IPTU,camacari,IPTU
2024-09-01,2024-09-01,12,2025-09-01,10378202.791861642,11019353.655753925,8928827.543153876,camacari-IPTU,camacari,IPTU
2024-10-01,2024-10-01,1,2024-11-01,9462604.711222298,13267173.200503478,8905313.407105925,camacari-IPTU,camacari,IPTU
2024-10-01,2024-10-01,2,2024-12-01,13905224.647661604,14828980.264718985,8905313.407105925,camacari-IPTU,camacari,IPTU
2024-10-01,2024-10-01,3,2025-01-01,6388575.092741284,8660683.079426292,8905313.407105925,camacari-IPTU,camacari,IPTU
2024-10-01,2024-10-01,4,2025-02-01,12542878.821337909,11085542.117756521,8905313.407105925,camacari-IPTU,camacari,IPTU
2024-10-01,2024-10-01,5,2025-03-01,120152088.70043229,77823834.26823303,8905313.407105925,camacari-IPTU,camacari,IPTU
2024-10-01,2024-10-01,6,2025-04-01,11946177.334066126,48254509.32945564,8905313.407105925,camacari-IPTU,camacari,IPTU
2024-10-01,2024-10-01,7,2025-05-01,12492744.777130071,18895350.892067365,8905313.407105925,camacari-IPTU,camacari,IPTU
2024-10-01,2024-10-01,8,2025-06-01,10060501.5409044,11828967.26020651,8905313.407105925,camacari-IPTU,camacari,IPTU
2024-10-01,2024-10-01,9,2025-07-01,11088846.80433917,13698156.464244155,8905313.407105925,camacari-IPTU,camacari,IPTU
2024-10-01,2024-10-01,10,2025-08-01,10811979.522146849,14893886.042996397,8905313.407105925,camacari-IPTU,camacari,IPTU
2024-10-01,2024-10-01,11,2025-09-01,10378202.791861642,11909702.939160928,8905313.407105925,camacari-IPTU,camacari,IPTU
2024-10-01,2024-10-01,12,2025-10-01,16987225.41352915,13475402.325251605,8905313.407105925,camacari-IPTU,camacari,IPTU
2024-11-01,2024-11-01,1,2024-12-01,13905224.647661604,14521743.719286904,8915010.661650222,camacari-IPTU,camacari,IPTU
2024-11-01,2024-11-01,2,2025-01-01,6388575.092741284,8440209.466954468,8915010.661650222,camacari-IPTU,camacari,IPTU
2024-11-01,2024-11-01,3,2025-02-01,12542878.821337909,10949451.574246379,8915010.661650222,camacari-IPTU,camacari,IPTU
2024-11-01,2024-11-01,4,2025-03-01,120152088.70043229,79239970.0881281,8915010.661650222,camacari-IPTU,camacari,IPTU
2024-11-01,2024-11-01,5,2025-04-01,11946177.334066126,48252334.73344692,8915010.661650222,camacari-IPTU,camacari,IPTU
2024-11-01,2024-11-01,6,2025-05-01,12492744.777130071,18799074.430754878,8915010.661650222,camacari-IPTU,camacari,IPTU
2024-11-01,2024-11-01,7,2025-06-01,10060501.5409044,11568957.25550707,8915010.661650222,camacari-IPTU,camacari,IPTU
2024-11-01,2024-11-01,8,2025-07-01,11088846.80433917,13626127.562846294,8915010.661650222,camacari-IPTU,camacari,IPTU
2024-11-01,2024-11-01,9,2025-08-01,10811979.522146849,14654868.978145514,8915010.661650222,camacari-IPTU,camacari,IPTU
2024-11-01,2024-11-01,10,2025-09-01,10378202.791861642,11502661.053323988,8915010.661650222,camacari-IPTU,camacari,IPTU
2024-11-01,2024-11-01,11,2025-10-01,16987225.41352915,13304078.753022507,8915010.661650222,camacari-IPTU,camacari,IPTU
2024-11-01,2024-11-01,12,2025-11-01,29661422.3237848,13046482.712200623,8915010.661650222,camacari-IPTU,camacari,IPTU
2024-12-01,2024-12-01,1,2025-01-01,6388575.092741284,8170367.79445361,8907335.7405479,camacari-IPTU,camacari,IPTU
2024-12-01,2024-12-01,2,2025-02-01,12542878.821337909,10736544.23102442,8907335.7405479,camacari-IPTU,camacari,IPTU
2024-12-01,2024-12-01,3,2025-03-01,120152088.70043229,81582007.26536584,8907335.7405479,camacari-IPTU,camacari,IPTU
2024-12-01,2024-12-01,4,2025-04-01,11946177.334066126,47342462.85986844,8907335.7405479,camacari-IPTU,camacari,IPTU
2024-12-01,2024-12-01,5,2025-05-01,12492744.777130071,18702466.942840744,8907335.7405479,camacari-IPTU,camacari,IPTU
2024-12-01,2024-12-01,6,2025-06-01,10060501.5409044,11465691.946676876,8907335.7405479,camacari-IPTU,camacari,IPTU
2024-12-01,2024-12-01,7,2025-07-01,11088846.80433917,13578706.980739927,8907335.7405479,camacari-IPTU,camacari,IPTU
2024-12-01,2024-12-01,8,2025-08-01,10811979.522146849,14325997.170180231,8907335.7405479,camacari-IPTU,camacari,IPTU
2024-12-01,2024-12-01,9,2025-09-01,10378202.791861642,11342261.332323777,8907335.7405479,camacari-IPTU,camacari,IPTU
2024-12-01,2024-12-01,10,2025-10-01,16987225.41352915,13024899.076545779,8907335.7405479,camacari-IPTU,camacari,IPTU
2024-12-01,2024-12-01,11,2025-11-01,29661422.3237848,12857659.020663876,8907335.7405479,camacari-IPTU,camacari,IPTU
2024-12-01,2024-12-01,12,2025-12-01,28872249.34,14854189.85794627,8907335.7405479,camacari-IPTU,camacari,IPTU
2025-01-01,2025-01-01,1,2025-02-01,12542878.821337909,10605409.861906696,8850459.033657052,camacari-IPTU,camacari,IPTU
2025-01-01,2025-01-01,2,2025-03-01,120152088.70043229,83427584.57055604,8850459.033657052,camacari-IPTU,camacari,IPTU
2025-01-01,2025-01-01,3,2025-04-01,11946177.334066126,49770120.88886775,8850459.033657052,camacari-IPTU,camacari,IPTU
2025-01-01,2025-01-01,4,2025-05-01,12492744.777130071,18553010.603743523,8850459.033657052,camacari-IPTU,camacari,IPTU
2025-01-01,2025-01-01,5,2025-06-01,10060501.5409044,11196555.931769686,8850459.033657052,camacari-IPTU,camacari,IPTU
2025-01-01,2025-01-01,6,2025-07-01,11088846.80433917,13285736.901148122,8850459.033657052,camacari-IPTU,camacari,IPTU
2025-01-01,2025-01-01,7,2025-08-01,10811979.522146849,13992504.532322994,8850459.033657052,camacari-IPTU,camacari,IPTU
2025-01-01,2025-01-01,8,2025-09-01,10378202.791861642,11106074.667832777,8850459.033657052,camacari-IPTU,camacari,IPTU
2025-01-01,2025-01-01,9,2025-10-01,16987225.41352915,12766035.154074622,8850459.033657052,camacari-IPTU,camacari,IPTU
2025-01-01,2025-01-01,10,2025-11-01,29661422.3237848,12484007.714880683,8850459.033657052,camacari-IPTU,camacari,IPTU
2025-01-01,2025-01-01,11,2025-12-01,28872249.34,14344140.753116276,8850459.033657052,camacari-IPTU,camacari,IPTU
2025-02-01,2025-02-01,1,2025-03-01,120152088.70043229,84985158.28568244,8773045.348078314,camacari-IPTU,camacari,IPTU
2025-02-01,2025-02-01,2,2025-04-01,11946177.334066126,50204667.536754355,8773045.348078314,camacari-IPTU,camacari,IPTU
2025-02-01,2025-02-01,3,2025-05-01,12492744.777130071,18785967.970462136,8773045.348078314,camacari-IPTU,camacari,IPTU
2025-02-01,2025-02-01,4,2025-06-01,10060501.5409044,11188430.126181096,8773045.348078314,camacari-IPTU,camacari,IPTU
2025-02-01,2025-02-01,5,2025-07-01,11088846.80433917,13408491.468356896,8773045.348078314,camacari-IPTU,camacari,IPTU
2025-02-01,2025-02-01,6,2025-08-01,10811979.522146849,14122899.874000534,8773045.348078314,camacari-IPTU,camacari,IPTU
2025-02-01,2025-02-01,7,2025-09-01,10378202.791861642,11007643.063461043,8773045.348078314,camacari-IPTU,camacari,IPTU
2025-02-01,2025-02-01,8,2025-10-01,16987225.41352915,12534086.672820944,8773045.348078314,camacari-IPTU,camacari,IPTU
2025-02-01,2025-02-01,9,2025-11-01,29661422.3237848,12258210.445423994,8773045.348078314,camacari-IPTU,camacari,IPTU
2025-02-01,2025-02-01,10,2025-12-01,28872249.34,14335434.818531383,8773045.348078314,camacari-IPTU,camacari,IPTU
2025-03-01,2025-03-01,1,2025-04-01,11946177.334066126,51851579.28934017,8717286.885236941,camacari-IPTU,camacari,IPTU
2025-03-01,2025-03-01,2,2025-05-01,12492744.777130071,20983374.190601498,8717286.885236941,camacari-IPTU,camacari,IPTU
2025-03-01,2025-03-01,3,2025-06-01,10060501.5409044,13286542.601518,8717286.885236941,camacari-IPTU,camacari,IPTU
2025-03-01,2025-03-01,4,2025-07-01,11088846.80433917,15476169.197052786,8717286.885236941,camacari-IPTU,camacari,IPTU
2025-03-01,2025-03-01,5,2025-08-01,10811979.522146849,16035323.064049337,8717286.885236941,camacari-IPTU,camacari,IPTU
2025-03-01,2025-03-01,6,2025-09-01,10378202.791861642,13058403.69725852,8717286.885236941,camacari-IPTU,camacari,IPTU
2025-03-01,2025-03-01,7,2025-10-01,16987225.41352915,14554791.615956053,8717286.885236941,camacari-IPTU,camacari,IPTU
2025-03-01,2025-03-01,8,2025-11-01,29661422.3237848,14157139.97456637,8717286.885236941,camacari-IPTU,camacari,IPTU
2025-03-01,2025-03-01,9,2025-12-01,28872249.34,16445111.958215974,8717286.885236941,camacari-IPTU,camacari,IPTU
2025-04-01,2025-04-01,1,2025-05-01,12492744.777130071,19255967.6235465,8640756.943332814,camacari-IPTU,camacari,IPTU
2025-04-01,2025-04-01,2,2025-06-01,10060501.5409044,11409103.243670138,8640756.943332814,camacari-IPTU,camacari,IPTU
2025-04-01,2025-04-01,3,2025-07-01,11088846.80433917,13720489.333468625,8640756.943332814,camacari-IPTU,camacari,IPTU
2025-04-01,2025-04-01,4,2025-08-01,10811979.522146849,14526101.931263763,8640756.943332814,camacari-IPTU,camacari,IPTU
2025-04-01,2025-04-01,5,2025-09-01,10378202.791861642,11353401.13416675,8640756.943332814,camacari-IPTU,camacari,IPTU
2025-04-01,2025-04-01,6,2025-10-01,16987225.41352915,13044968.863005875,8640756.943332814,camacari-IPTU,camacari,IPTU
2025-04-01,2025-04-01,7,2025-11-01,29661422.3237848,12792515.159364386,8640756.943332814,camacari-IPTU,camacari,IPTU
2025-04-01,2025-04-01,8,2025-12-01,28872249.34,14826635.04962195,8640756.943332814,camacari-IPTU,camacari,IPTU
2025-05-01,2025-05-01,1,2025-06-01,10060501.5409044,11003039.760723753,8566157.980999112,camacari-IPTU,camacari,IPTU
2025-05-01,2025-05-01,2,2025-07-01,11088846.80433917,13424359.354254689,8566157.980999112,camacari-IPTU,camacari,IPTU
2025-05-01,2025-05-01,3,2025-08-01,10811979.522146849,14225401.309605207,8566157.980999112,camacari-IPTU,camacari,IPTU
2025-05-01,2025-05-01,4,2025-09-01,10378202.791861642,10998549.82078932,8566157.980999112,camacari-IPTU,camacari,IPTU
2025-05-01,2025-05-01,5,2025-10-01,16987225.41352915,12581825.116106236,8566157.980999112,camacari-IPTU,camacari,IPTU
2025-05-01,2025-05-01,6,2025-11-01,29661422.3237848,12403424.863777887,8566157.980999112,camacari-IPTU,camacari,IPTU
2025-05-01,2025-05-01,7,2025-12-01,28872249.34,14396714.043394491,8566157.980999112,camacari-IPTU,camacari,IPTU
2025-06-01,2025-06-01,1,2025-07-01,11088846.80433917,13003571.671064403,8540211.170237428,camacari-IPTU,camacari,IPTU
2025-06-01,2025-06-01,2,2025-08-01,10811979.522146849,13775410.576297246,8540211.170237428,camacari-IPTU,camacari,IPTU
2025-06-01,2025-06-01,3,2025-09-01,10378202.791861642,10554560.36283559,8540211.170237428,camacari-IPTU,camacari,IPTU
2025-06-01,2025-06-01,4,2025-10-01,16987225.41352915,12215123.401118124,8540211.170237428,camacari-IPTU,camacari,IPTU
2025-06-01,2025-06-01,5,2025-11-01,29661422.3237848,11901322.323166894,8540211.170237428,camacari-IPTU,camacari,IPTU
2025-06-01,2025-06-01,6,2025-12-01,28872249.34,14135224.211423537,8540211.170237428,camacari-IPTU,camacari,IPTU
2025-07-01,2025-07-01,1,2025-08-01,10811979.522146849,13421000.738619858,8470238.717849111,camacari-IPTU,camacari,IPTU
2025-07-01,2025-07-01,2,2025-09-01,10378202.791861642,10241288.764206603,8470238.717849111,camacari-IPTU,camacari,IPTU
2025-07-01,2025-07-01,3,2025-10-01,16987225.41352915,11845569.759417051,8470238.717849111,camacari-IPTU,camacari,IPTU
2025-07-01,2025-07-01,4,2025-11-01,29661422.3237848,11394931.592617076,8470238.717849111,camacari-IPTU,camacari,IPTU
2025-07-01,2025-07-01,5,2025-12-01,28872249.34,13758607.699217346,8470238.717849111,camacari-IPTU,camacari,IPTU
2025-08-01,2025-08-01,1,2025-09-01,10378202.791861642,10033531.084246097,8397548.276291894,camacari-IPTU,camacari,IPTU
2025-08-01,2025-08-01,2,2025-10-01,16987225.41352915,11584516.784264836,8397548.276291894,camacari-IPTU,camacari,IPTU
2025-08-01,2025-08-01,3,2025-11-01,29661422.3237848,11373066.020978415,8397548.276291894,camacari-IPTU,camacari,IPTU
2025-08-01,2025-08-01,4,2025-12-01,28872249.34,13567572.093032293,8397548.276291894,camacari-IPTU,camacari,IPTU
2025-09-01,2025-09-01,1,2025-10-01,16987225.41352915,11361300.784364538,8326471.946872041,camacari-IPTU,camacari,IPTU
2025-09-01,2025-09-01,2,2025-11-01,29661422.3237848,11023956.190855358,8326471.946872041,camacari-IPTU,camacari,IPTU
2025-09-01,2025-09-01,3,2025-12-01,28872249.34,13483328.729383662,8326471.946872041,camacari-IPTU,camacari,IPTU
2025-10-01,2025-10-01,1,2025-11-01,29661422.3237848,11038678.746804392,8310779.6953718895,camacari-IPTU,camacari,IPTU
2025-10-01,2025-10-01,2,2025-12-01,28872249.34,13548289.955269964,8310779.6953718895,camacari-IPTU,camacari,IPTU
2025-11-01,2025-11-01,1,2025-12-01,28872249.34,14985563.997887135,8410679.17366761,camacari-IPTU,camacari,IPTU
2020-12-01,2020-12-01,1,2021-01-01,16543166.329284055,18552940.98794931,1493060.8991192745,camacari-ISSQN,camacari,ISSQN
2020-12-01,2020-12-01,2,2021-02-01,14407952.673525412,14172042.770329788,1493060.8991192745,camacari-ISSQN,camacari,ISSQN
2020-12-01,2020-12-01,3,2021-03-01,14855886.310192015,13714904.466666145,1493060.8991192745,camacari-ISSQN,camacari,ISSQN
2020-12-01,2020-12-01,4,2021-04-01,15524759.746510506,13958363.753938688,1493060.8991192745,camacari-ISSQN,camacari,ISSQN
2020-12-01,2020-12-01,5,2021-05-01,15908108.22397056,13092686.186588133,1493060.8991192745,camacari-ISSQN,camacari,ISSQN
2020-12-01,2020-12-01,6,2021-06-01,16430714.61503123,14072723.437576156,1493060.8991192745,camacari-ISSQN,camacari,ISSQN
2020-12-01,2020-12-01,7,2021-07-01,15765340.012123786,14426657.369147323,1493060.8991192745,camacari-ISSQN,camacari,ISSQN
2020-12-01,2020-12-01,8,2021-08-01,17793395.258316882,14332175.128808942,1493060.8991192745,camacari-ISSQN,camacari,ISSQN
2020-12-01,2020-12-01,9,2021-09-01,17701014.731764168,15299756.522943657,1493060.8991192745,camacari-ISSQN,camacari,ISSQN
2020-12-01,2020-12-01,10,2021-10-01,17758714.841657992,15175809.159163808,1493060.8991192745,camacari-ISSQN,camacari,ISSQN
2020-12-01,2020-12-01,11,2021-11-01,17407028.491258733,15022756.86460395,1493060.8991192745,camacari-ISSQN,camacari,ISSQN
2020-12-01,2020-12-01,12,2021-12-01,20432534.845650554,16276913.17569825,1493060.8991192745,camacari-ISSQN,camacari,ISSQN
2021-01-01,2021-01-01,1,2021-02-01,14407952.673525412,13756379.912036436,1505343.2058992474,camacari-ISSQN,camacari,ISSQN
2021-01-01,2021-01-01,2,2021-03-01,14855886.310192015,13374195.82294886,1505343.2058992474,camacari-ISSQN,camacari,ISSQN
2021-01-01,2021-01-01,3,2021-04-01,15524759.746510506,13614450.591959752,1505343.2058992474,camacari-ISSQN,camacari,ISSQN
2021-01-01,2021-01-01,4,2021-05-01,15908108.22397056,12746698.842050618,1505343.2058992474,camacari-ISSQN,camacari,ISSQN
2021-01-01,2021-01-01,5,2021-06-01,16430714.61503123,13749747.371210549,1505343.2058992474,camacari-ISSQN,camacari,ISSQN
2021-01-01,2021-01-01,6,2021-07-01,15765340.012123786,14025973.376975007,1505343.2058992474,camacari-ISSQN,camacari,ISSQN
2021-01-01,2021-01-01,7,2021-08-01,17793395.258316882,13878168.332033103,1505343.2058992474,camacari-ISSQN,camacari,ISSQN
2021-01-01,2021-01-01,8,2021-09-01,17701014.731764168,14879270.548010526,1505343.2058992474,camacari-ISSQN,camacari,ISSQN
2021-01-01,2021-01-01,9,2021-10-01,17758714.841657992,14742277.750616847,1505343.2058992474,camacari-ISSQN,camacari,ISSQN
2021-01-01,2021-01-01,10,2021-11-01,17407028.491258733,14606850.197674228,1505343.2058992474,camacari-ISSQN,camacari,ISSQN
2021-01-01,2021-01-01,11,2021-12-01,20432534.845650554,15793706.809010206,1505343.2058992474,camacari-ISSQN,camacari,ISSQN
2021-01-01,2021-01-01,12,2022-01-01,21092285.296450797,17427124.16191164,1505343.2058992474,camacari-ISSQN,camacari,ISSQN
2021-02-01,2021-02-01,1,2021-03-01,14855886.310192015,13436321.293839734,1549700.383558713,camacari-ISSQN,camacari,ISSQN
2021-02-01,2021-02-01,2,2021-04-01,15524759.746510506,13661713.52931075,1549700.383558713,camacari-ISSQN,camacari,ISSQN
2021-02-01,2021-02-01,3,2021-05-01,15908108.22397056,12782517.148602659,1549700.383558713,camacari-ISSQN,camacari,ISSQN
2021-02-01,2021-02-01,4,2021-06-01,16430714.61503123,13766556.750128873,1549700.383558713,camacari-ISSQN,camacari,ISSQN
2021-02-01,2021-02-01,5,2021-07-01,15765340.012123786,14118267.512483032,1549700.383558713,camacari-ISSQN,camacari,ISSQN
2021-02-01,2021-02-01,6,2021-08-01,17793395.258316882,14013398.70895805,1549700.383558713,camacari-ISSQN,camacari,ISSQN
2021-02-01,2021-02-01,7,2021-09-01,17701014.731764168,14946366.657626541,1549700.383558713,camacari-ISSQN,camacari,ISSQN
2021-02-01,2021-02-01,8,2021-10-01,17758714.841657992,14835362.79551176,1549700.383558713,camacari-ISSQN,camacari,ISSQN
2021-02-01,2021-02-01,9,2021-11-01,17407028.491258733,14816953.791247766,1549700.383558713,camacari-ISSQN,camacari,ISSQN
2021-02-01,2021-02-01,10,2021-12-01,20432534.845650554,15960348.596055364,1549700.383558713,camacari-ISSQN,camacari,ISSQN
2021-02-01,2021-02-01,11,2022-01-01,21092285.296450797,17546162.66133519,1549700.383558713,camacari-ISSQN,camacari,ISSQN
2021-02-01,2021-02-01,12,2022-02-01,16186897.483220601,14183461.696384517,1549700.383558713,camacari-ISSQN,camacari,ISSQN
2021-03-01,2021-03-01,1,2021-04-01,15524759.746510506,14053139.491278186,1532448.5602651364,camacari-ISSQN,camacari,ISSQN
2021-03-01,2021-03-01,2,2021-05-01,15908108.22397056,13180725.635507582,1532448.5602651364,camacari-ISSQN,camacari,ISSQN
2021-03-01,2021-03-01,3,2021-06-01,16430714.61503123,14195222.845819969,1532448.5602651364,camacari-ISSQN,camacari,ISSQN
2021-03-01,2021-03-01,4,2021-07-01,15765340.012123786,14527103.87462223,1532448.5602651364,camacari-ISSQN,camacari,ISSQN
2021-03-01,2021-03-01,5,2021-08-01,17793395.258316882,14407487.486672139,1532448.5602651364,camacari-ISSQN,camacari,ISSQN
2021-03-01,2021-03-01,6,2021-09-01,17701014.731764168,15374690.772990879,1532448.5602651364,camacari-ISSQN,camacari,ISSQN
2021-03-01,2021-03-01,7,2021-10-01,17758714.841657992,15217775.698485525,1532448.5602651364,camacari-ISSQN,camacari,ISSQN
2021-03-01,2021-03-01,8,2021-11-01,17407028.491258733,15098334.44510586,1532448.5602651364,camacari-ISSQN,camacari,ISSQN
2021-03-01,2021-03-01,9,2021-12-01,20432534.845650554,16417855.243563116,1532448.5602651364,camacari-ISSQN,camacari,ISSQN
2021-03-01,2021-03-01,10,2022-01-01,21092285.296450797,18078925.843530253,1532448.5602651364,camacari-ISSQN,camacari,ISSQN
2021-03-01,2021-03-01,11,2022-02-01,16186897.483220601,14635099.79978234,1532448.5602651364,camacari-ISSQN,camacari,ISSQN
2021-03-01,2021-03-01,12,2022-03-01,20609813.782492623,14071964.872091401,1532448.5602651364,camacari-ISSQN,camacari,ISSQN
2021-04-01,2021-04-01,1,2021-05-01,15908108.22397056,13646056.115327211,1508519.317121714,camacari-ISSQN,camacari,ISSQN
2021-04-01,2021-04-01,2,2021-06-01,16430714.61503123,14650252.621108362,1508519.317121714,camacari-ISSQN,camacari,ISSQN
2021-04-01,2021-04-01,3,2021-07-01,15765340.012123786,14934074.15910472,1508519.317121714,camacari-ISSQN,camacari,ISSQN
2021-04-01,2021-04-01,4,2021-08-01,17793395.258316882,14830023.620306006,1508519.317121714,camacari-ISSQN,camacari,ISSQN
2021-04-01,2021-04-01,5,2021-09-01,17701014.731764168,15900853.764219174,1508519.317121714,camacari-ISSQN,camacari,ISSQN
2021-04-01,2021-04-01,6,2021-10-01,17758714.841657992,15757819.891708821,1508519.317121714,camacari-ISSQN,camacari,ISSQN
2021-04-01,2021-04-01,7,2021-11-01,17407028.491258733,15665632.208085336,1508519.317121714,camacari-ISSQN,camacari,ISSQN
2021-04-01,2021-04-01,8,2021-12-01,20432534.845650554,16934788.18132321,1508519.317121714,camacari-ISSQN,camacari,ISSQN
2021-04-01,2021-04-01,9,2022-01-01,21092285.296450797,18675757.679037485,1508519.317121714,camacari-ISSQN,camacari,ISSQN
2021-04-01,2021-04-01,10,2022-02-01,16186897.483220601,14999115.274135195,1508519.317121714,camacari-ISSQN,camacari,ISSQN
2021-04-01,2021-04-01,11,2022-03-01,20609813.782492623,14560306.088500699,1508519.317121714,camacari-ISSQN,camacari,ISSQN
2021-04-01,2021-04-01,12,2022-04-01,17759980.546359718,14661978.111673221,1508519.317121714,camacari-ISSQN,camacari,ISSQN
2021-05-01,2021-05-01,1,2021-06-01,16430714.61503123,15554691.500905842,1534873.8148101212,camacari-ISSQN,camacari,ISSQN
2021-05-01,2021-05-01,2,2021-07-01,15765340.012123786,15939179.686948538,1534873.8148101212,camacari-ISSQN,camacari,ISSQN
2021-05-01,2021-05-01,3,2021-08-01,17793395.258316882,15834312.946523016,1534873.8148101212,camacari-ISSQN,camacari,ISSQN
2021-05-01,2021-05-01,4,2021-09-01,17701014.731764168,16919344.83396172,1534873.8148101212,camacari-ISSQN,camacari,ISSQN
2021-05-01,2021-05-01,5,2021-10-01,17758714.841657992,16819743.48628362,1534873.8148101212,camacari-ISSQN,camacari,ISSQN
2021-05-01,2021-05-01,6,2021-11-01,17407028.491258733,16641755.888959978,1534873.8148101212,camacari-ISSQN,camacari,ISSQN
2021-05-01,2021-05-01,7,2021-12-01,20432534.845650554,17961467.89517724,1534873.8148101212,camacari-ISSQN,camacari,ISSQN
2021-05-01,2021-05-01,8,2022-01-01,21092285.296450797,19775363.508404978,1534873.8148101212,camacari-ISSQN,camacari,ISSQN
2021-05-01,2021-05-01,9,2022-02-01,16186897.483220601,15972613.070126325,1534873.8148101212,camacari-ISSQN,camacari,ISSQN
2021-05-01,2021-05-01,10,2022-03-01,20609813.782492623,15457662.665439693,1534873.8148101212,camacari-ISSQN,camacari,ISSQN
2021-05-01,2021-05-01,11,2022-04-01,17759980.546359718,15599164.116380904,1534873.8148101212,camacari-ISSQN,camacari,ISSQN
2021-05-01,2021-05-01,12,2022-05-01,16931826.340154935,14980432.92915768,1534873.8148101212,camacari-ISSQN,camacari,ISSQN
2021-06-01,2021-06-01,1,2021-07-01,15765340.012123786,16104441.018541504,1583901.4938772975,camacari-ISSQN,camacari,ISSQN
2021-06-01,2021-06-01,2,2021-08-01,17793395.258316882,16056001.659431504,1583901.4938772975,camacari-ISSQN,camacari,ISSQN
2021-06-01,2021-06-01,3,2021-09-01,17701014.731764168,17177015.791926477,1583901.4938772975,camacari-ISSQN,camacari,ISSQN
2021-06-01,2021-06-01,4,2021-10-01,17758714.841657992,16771165.97195511,1583901.4938772975,camacari-ISSQN,camacari,ISSQN
2021-06-01,2021-06-01,5,2021-11-01,17407028.491258733,16530259.698198194,1583901.4938772975,camacari-ISSQN,camacari,ISSQN
2021-06-01,2021-06-01,6,2021-12-01,20432534.845650554,17826298.843809117,1583901.4938772975,camacari-ISSQN,camacari,ISSQN
2021-06-01,2021-06-01,7,2022-01-01,21092285.296450797,19675483.67182546,1583901.4938772975,camacari-ISSQN,camacari,ISSQN
2021-06-01,2021-06-01,8,2022-02-01,16186897.483220601,16041304.85780923,1583901.4938772975,camacari-ISSQN,camacari,ISSQN
2021-06-01,2021-06-01,9,2022-03-01,20609813.782492623,15419966.008439347,1583901.4938772975,camacari-ISSQN,camacari,ISSQN
2021-06-01,2021-06-01,10,2022-04-01,17759980.546359718,15597787.19967029,1583901.4938772975,camacari-ISSQN,camacari,ISSQN
2021-06-01,2021-06-01,11,2022-05-01,16931826.340154935,14893446.778544558,1583901.4938772975,camacari-ISSQN,camacari,ISSQN
2021-06-01,2021-06-01,12,2022-06-01,17868945.717301447,15635801.253360573,1583901.4938772975,camacari-ISSQN,camacari,ISSQN
2021-07-01,2021-07-01,1,2021-08-01,17793395.258316882,14896553.412224162,1590210.7737901646,camacari-ISSQN,camacari,ISSQN
2021-07-01,2021-07-01,2,2021-09-01,17701014.731764168,15983082.727665115,1590210.7737901646,camacari-ISSQN,camacari,ISSQN
2021-07-01,2021-07-01,3,2021-10-01,17758714.841657992,15900669.092622194,1590210.7737901646,camacari-ISSQN,camacari,ISSQN
2021-07-01,2021-07-01,4,2021-11-01,17407028.491258733,15483111.819946917,1590210.7737901646,camacari-ISSQN,camacari,ISSQN
2021-07-01,2021-07-01,5,2021-12-01,20432534.845650554,16784540.879720278,1590210.7737901646,camacari-ISSQN,camacari,ISSQN
2021-07-01,2021-07-01,6,2022-01-01,21092285.296450797,18589407.94320544,1590210.7737901646,camacari-ISSQN,camacari,ISSQN
2021-07-01,2021-07-01,7,2022-02-01,16186897.483220601,14815473.87070056,1590210.7737901646,camacari-ISSQN,camacari,ISSQN
2021-07-01,2021-07-01,8,2022-03-01,20609813.782492623,14323231.927295554,1590210.7737901646,camacari-ISSQN,camacari,ISSQN
2021-07-01,2021-07-01,9,2022-04-01,17759980.546359718,14561690.86436203,1590210.7737901646,camacari-ISSQN,camacari,ISSQN
2021-07-01,2021-07-01,10,2022-05-01,16931826.340154935,13886658.859127719,1590210.7737901646,camacari-ISSQN,camacari,ISSQN
2021-07-01,2021-07-01,11,2022-06-01,17868945.717301447,14302323.787410453,1590210.7737901646,camacari-ISSQN,camacari,ISSQN
2021-07-01,2021-07-01,12,2022-07-01,18361779.51930217,14848835.257166391,1590210.7737901646,camacari-ISSQN,camacari,ISSQN
2021-08-01,2021-08-01,1,2021-09-01,17701014.731764168,16562494.780753532,1632561.777810365,camacari-ISSQN,camacari,ISSQN
2021-08-01,2021-08-01,2,2021-10-01,17758714.841657992,16099706.002579175,1632561.777810365,camacari-ISSQN,camacari,ISSQN
2021-08-01,2021-08-01,3,2021-11-01,17407028.491258733,16448242.653629977,1632561.777810365,camacari-ISSQN,camacari,ISSQN
2021-08-01,2021-08-01,4,2021-12-01,20432534.845650554,17460841.861865863,1632561.777810365,camacari-ISSQN,camacari,ISSQN
2021-08-01,2021-08-01,5,2022-01-01,21092285.296450797,19153356.04654518,1632561.777810365,camacari-ISSQN,camacari,ISSQN
2021-08-01,2021-08-01,6,2022-02-01,16186897.483220601,16037176.304051159,1632561.777810365,camacari-ISSQN,camacari,ISSQN
2021-08-01,2021-08-01,7,2022-03-01,20609813.782492623,15335201.295705773,1632561.777810365,camacari-ISSQN,camacari,ISSQN
2021-08-01,2021-08-01,8,2022-04-01,17759980.546359718,15302816.624112036,1632561.777810365,camacari-ISSQN,camacari,ISSQN
2021-08-01,2021-08-01,9,2022-05-01,16931826.340154935,14933400.467287637,1632561.777810365,camacari-ISSQN,camacari,ISSQN
2021-08-01,2021-08-01,10,2022-06-01,17868945.717301447,15468497.165019775,1632561.777810365,camacari-ISSQN,camacari,ISSQN
2021-08-01,2021-08-01,11,2022-07-01,18361779.51930217,15691873.989662744,1632561.777810365,camacari-ISSQN,camacari,ISSQN
2021-08-01,2021-08-01,12,2022-08-01,19637963.915173445,16919338.470188573,1632561.777810365,camacari-ISSQN,camacari,ISSQN
2021-09-01,2021-09-01,1,2021-10-01,17758714.841657992,17891691.78992745,1663027.2679946995,camacari-ISSQN,camacari,ISSQN
2021-09-01,2021-09-01,2,2021-11-01,17407028.491258733,17396832.889074817,1663027.2679946995,camacari-ISSQN,camacari,ISSQN
2021-09-01,2021-09-01,3,2021-12-01,20432534.845650554,18757547.25495953,1663027.2679946995,camacari-ISSQN,camacari,ISSQN
2021-09-01,2021-09-01,4,2022-01-01,21092285.296450797,20552128.07984961,1663027.2679946995,camacari-ISSQN,camacari,ISSQN
2021-09-01,2021-09-01,5,2022-02-01,16186897.483220601,16831866.15484544,1663027.2679946995,camacari-ISSQN,camacari,ISSQN
2021-09-01,2021-09-01,6,2022-03-01,20609813.782492623,16344372.312228069,1663027.2679946995,camacari-ISSQN,camacari,ISSQN
2021-09-01,2021-09-01,7,2022-04-01,17759980.546359718,16478435.163805827,1663027.2679946995,camacari-ISSQN,camacari,ISSQN
2021-09-01,2021-09-01,8,2022-05-01,16931826.340154935,15823562.517047342,1663027.2679946995,camacari-ISSQN,camacari,ISSQN
2021-09-01,2021-09-01,9,2022-06-01,17868945.717301447,16306117.51893262,1663027.2679946995,camacari-ISSQN,camacari,ISSQN
2021-09-01,2021-09-01,10,2022-07-01,18361779.51930217,16764646.172620246,1663027.2679946995,camacari-ISSQN,camacari,ISSQN
2021-09-01,2021-09-01,11,2022-08-01,19637963.915173445,17267178.841839306,1663027.2679946995,camacari-ISSQN,camacari,ISSQN
2021-09-01,2021-09-01,12,2022-09-01,21330305.533095423,17442397.719574504,1663027.2679946995,camacari-ISSQN,camacari,ISSQN
2021-10-01,2021-10-01,1,2021-11-01,17407028.491258733,17925158.338001452,1688081.631932035,camacari-ISSQN,camacari,ISSQN
2021-10-01,2021-10-01,2,2021-12-01,20432534.845650554,19070837.90495134,1688081.631932035,camacari-ISSQN,camacari,ISSQN
2021-10-01,2021-10-01,3,2022-01-01,21092285.296450797,20901158.91252756,1688081.631932035,camacari-ISSQN,camacari,ISSQN
2021-10-01,2021-10-01,4,2022-02-01,16186897.483220601,17108244.320029896,1688081.631932035,camacari-ISSQN,camacari,ISSQN
2021-10-01,2021-10-01,5,2022-03-01,20609813.782492623,16655289.008465685,1688081.631932035,camacari-ISSQN,camacari,ISSQN
2021-10-01,2021-10-01,6,2022-04-01,17759980.546359718,16728782.26210388,1688081.631932035,camacari-ISSQN,camacari,ISSQN
2021-10-01,2021-10-01,7,2022-05-01,16931826.340154935,16144009.084496148,1688081.631932035,camacari-ISSQN,camacari,ISSQN
2021-10-01,2021-10-01,8,2022-06-01,17868945.717301447,16583123.713348694,1688081.631932035,camacari-ISSQN,camacari,ISSQN
2021-10-01,2021-10-01,9,2022-07-01,18361779.51930217,16955246.57697772,1688081.631932035,camacari-ISSQN,camacari,ISSQN
2021-10-01,2021-10-01,10,2022-08-01,19637963.915173445,17311014.819142792,1688081.631932035,camacari-ISSQN,camacari,ISSQN
2021-10-01,2021-10-01,11,2022-09-01,21330305.533095423,17711867.87750844,1688081.631932035,camacari-ISSQN,camacari,ISSQN
2021-10-01,2021-10-01,12,2022-10-01,20448732.012382615,17594530.585523978,1688081.631932035,camacari-ISSQN,camacari,ISSQN
2021-11-01,2021-11-01,1,2021-12-01,20432534.845650554,18828318.246964436,1695743.853636679,camacari-ISSQN,camacari,ISSQN
2021-11-01,2021-11-01,2,2022-01-01,21092285.296450797,20627401.301949367,1695743.853636679,camacari-ISSQN,camacari,ISSQN
2021-11-01,2021-11-01,3,2022-02-01,16186897.483220601,16846373.73578423,1695743.853636679,camacari-ISSQN,camacari,ISSQN
2021-11-01,2021-11-01,4,2022-03-01,20609813.782492623,16370295.800654389,1695743.853636679,camacari-ISSQN,camacari,ISSQN
2021-11-01,2021-11-01,5,2022-04-01,17759980.546359718,16467741.71931322,1695743.853636679,camacari-ISSQN,camacari,ISSQN
2021-11-01,2021-11-01,6,2022-05-01,16931826.340154935,15892899.9001729,1695743.853636679,camacari-ISSQN,camacari,ISSQN
2021-11-01,2021-11-01,7,2022-06-01,17868945.717301447,16386022.870746262,1695743.853636679,camacari-ISSQN,camacari,ISSQN
2021-11-01,2021-11-01,8,2022-07-01,18361779.51930217,16812653.853159595,1695743.853636679,camacari-ISSQN,camacari,ISSQN
2021-11-01,2021-11-01,9,2022-08-01,19637963.915173445,17172471.21620856,1695743.853636679,camacari-ISSQN,camacari,ISSQN
2021-11-01,2021-11-01,10,2022-09-01,21330305.533095423,17502194.204425845,1695743.853636679,camacari-ISSQN,camacari,ISSQN
2021-11-01,2021-11-01,11,2022-10-01,20448732.012382615,17308931.800868344,1695743.853636679,camacari-ISSQN,camacari,ISSQN
2021-11-01,2021-11-01,12,2022-11-01,21417476.473871592,17668520.46380262,1695743.853636679,camacari-ISSQN,camacari,ISSQN
2021-12-01,2021-12-01,1,2022-01-01,21092285.296450797,20936042.02752616,1717052.2441175042,camacari-ISSQN,camacari,ISSQN
2021-12-01,2021-12-01,2,2022-02-01,16186897.483220601,17120542.196873736,1717052.2441175042,camacari-ISSQN,camacari,ISSQN
2021-12-01,2021-12-01,3,2022-03-01,20609813.782492623,16612951.273342865,1717052.2441175042,camacari-ISSQN,camacari,ISSQN
2021-12-01,2021-12-01,4,2022-04-01,17759980.546359718,16746947.667031392,1717052.2441175042,camacari-ISSQN,camacari,ISSQN
2021-12-01,2021-12-01,5,2022-05-01,16931826.340154935,16097014.338006532,1717052.2441175042,camacari-ISSQN,camacari,ISSQN
2021-12-01,2021-12-01,6,2022-06-01,17868945.717301447,16590707.245228086,1717052.2441175042,camacari-ISSQN,camacari,ISSQN
2021-12-01,2021-12-01,7,2022-07-01,18361779.51930217,17028485.330670726,1717052.2441175042,camacari-ISSQN,camacari,ISSQN
2021-12-01,2021-12-01,8,2022-08-01,19637963.915173445,17546445.523205195,1717052.2441175042,camacari-ISSQN,camacari,ISSQN
2021-12-01,2021-12-01,9,2022-09-01,21330305.533095423,18223137.377532486,1717052.2441175042,camacari-ISSQN,camacari,ISSQN
2021-12-01,2021-12-01,10,2022-10-01,20448732.012382615,17989150.04717228,1717052.2441175042,camacari-ISSQN,camacari,ISSQN
2021-12-01,2021-12-01,11,2022-11-01,21417476.473871592,18252261.823617302,1717052.2441175042,camacari-ISSQN,camacari,ISSQN
2021-12-01,2021-12-01,12,2022-12-01,25036250.719354104,19754038.106047172,1717052.2441175042,camacari-ISSQN,camacari,ISSQN
2022-01-01,2022-01-01,1,2022-02-01,16186897.483220601,17123690.04319163,1755847.6786798225,camacari-ISSQN,camacari,ISSQN
2022-01-01,2022-01-01,2,2022-03-01,20609813.782492623,16749562.337972797,1755847.6786798225,camacari-ISSQN,camacari,ISSQN
2022-01-01,2022-01-01,3,2022-04-01,17759980.546359718,16796770.135254953,1755847.6786798225,camacari-ISSQN,camacari,ISSQN
2022-01-01,2022-01-01,4,2022-05-01,16931826.340154935,16102612.405369235,1755847.6786798225,camacari-ISSQN,camacari,ISSQN
2022-01-01,2022-01-01,5,2022-06-01,17868945.717301447,16523173.050733035,1755847.6786798225,camacari-ISSQN,camacari,ISSQN
2022-01-01,2022-01-01,6,2022-07-01,18361779.51930217,17243258.84620958,1755847.6786798225,camacari-ISSQN,camacari,ISSQN
2022-01-01,2022-01-01,7,2022-08-01,19637963.915173445,17402150.829367504,1755847.6786798225,camacari-ISSQN,camacari,ISSQN
2022-01-01,2022-01-01,8,2022-09-01,21330305.533095423,18019091.28884101,1755847.6786798225,camacari-ISSQN,camacari,ISSQN
2022-01-01,2022-01-01,9,2022-10-01,20448732.012382615,17805956.800027963,1755847.6786798225,camacari-ISSQN,camacari,ISSQN
2022-01-01,2022-01-01,10,2022-11-01,21417476.473871592,17944153.41911023,1755847.6786798225,camacari-ISSQN,camacari,ISSQN
2022-01-01,2022-01-01,11,2022-12-01,25036250.719354104,19953021.318192568,1755847.6786798225,camacari-ISSQN,camacari,ISSQN
2022-01-01,2022-01-01,12,2023-01-01,29157384.457611956,20992897.705042116,1755847.6786798225,camacari-ISSQN,camacari,ISSQN
2022-02-01,2022-02-01,1,2022-03-01,20609813.782492623,16043230.157899996,1756159.802071922,camacari-ISSQN,camacari,ISSQN
2022-02-01,2022-02-01,2,2022-04-01,17759980.546359718,16221688.975039354,1756159.802071922,camacari-ISSQN,camacari,ISSQN
2022-02-01,2022-02-01,3,2022-05-01,16931826.340154935,15591972.496647816,1756159.802071922,camacari-ISSQN,camacari,ISSQN
2022-02-01,2022-02-01,4,2022-06-01,17868945.717301447,16161077.763398606,1756159.802071922,camacari-ISSQN,camacari,ISSQN
2022-02-01,2022-02-01,5,2022-07-01,18361779.51930217,16626793.23421959,1756159.802071922,camacari-ISSQN,camacari,ISSQN
2022-02-01,2022-02-01,6,2022-08-01,19637963.915173445,17034069.454654507,1756159.802071922,camacari-ISSQN,camacari,ISSQN
2022-02-01,2022-02-01,7,2022-09-01,21330305.533095423,17510446.05939114,1756159.802071922,camacari-ISSQN,camacari,ISSQN
2022-02-01,2022-02-01,8,2022-10-01,20448732.012382615,17376282.29156484,1756159.802071922,camacari-ISSQN,camacari,ISSQN
2022-02-01,2022-02-01,9,2022-11-01,21417476.473871592,17589780.581160396,1756159.802071922,camacari-ISSQN,camacari,ISSQN
2022-02-01,2022-02-01,10,2022-12-01,25036250.719354104,19374942.73680375,1756159.802071922,camacari-ISSQN,camacari,ISSQN
2022-02-01,2022-02-01,11,2023-01-01,29157384.457611956,20360657.732924722,1756159.802071922,camacari-ISSQN,camacari,ISSQN
2022-02-01,2022-02-01,12,2023-02-01,18854324.324541107,16748757.044798892,1756159.802071922,camacari-ISSQN,camacari,ISSQN
2022-03-01,2022-03-01,1,2022-04-01,17759980.546359718,18106993.07053128,1809463.3710083044,camacari-ISSQN,camacari,ISSQN
2022-03-01,2022-03-01,2,2022-05-01,16931826.340154935,17289336.6714289,1809463.3710083044,camacari-ISSQN,camacari,ISSQN
2022-03-01,2022-03-01,3,2022-06-01,17868945.717301447,17853893.28803148,1809463.3710083044,camacari-ISSQN,camacari,ISSQN
2022-03-01,2022-03-01,4,2022-07-01,18361779.51930217,18383944.305651333,1809463.3710083044,camacari-ISSQN,camacari,ISSQN
2022-03-01,2022-03-01,5,2022-08-01,19637963.915173445,18824170.18614356,1809463.3710083044,camacari-ISSQN,camacari,ISSQN
2022-03-01,2022-03-01,6,2022-09-01,21330305.533095423,19371576.610986635,1809463.3710083044,camacari-ISSQN,camacari,ISSQN
2022-03-01,2022-03-01,7,2022-10-01,20448732.012382615,19247434.376161244,1809463.3710083044,camacari-ISSQN,camacari,ISSQN
2022-03-01,2022-03-01,8,2022-11-01,21417476.473871592,19424119.88694031,1809463.3710083044,camacari-ISSQN,camacari,ISSQN
2022-03-01,2022-03-01,9,2022-12-01,25036250.719354104,21279389.172515888,1809463.3710083044,camacari-ISSQN,camacari,ISSQN
2022-03-01,2022-03-01,10,2023-01-01,29157384.457611956,22444834.02317661,1809463.3710083044,camacari-ISSQN,camacari,ISSQN
2022-03-01,2022-03-01,11,2023-02-01,18854324.324541107,18323756.045729212,1809463.3710083044,camacari-ISSQN,camacari,ISSQN
2022-03-01,2022-03-01,12,2023-03-01,20203586.524565566,18680916.50619521,1809463.3710083044,camacari-ISSQN,camacari,ISSQN
2022-04-01,2022-04-01,1,2022-05-01,16931826.340154935,17513323.182319082,1815065.4424404216,camacari-ISSQN,camacari,ISSQN
2022-04-01,2022-04-01,2,2022-06-01,17868945.717301447,17899981.864209488,1815065.4424404216,camacari-ISSQN,camacari,ISSQN
2022-04-01,2022-04-01,3,2022-07-01,18361779.51930217,18262181.366510354,1815065.4424404216,camacari-ISSQN,camacari,ISSQN
2022-04-01,2022-04-01,4,2022-08-01,19637963.915173445,18446815.622494753,1815065.4424404216,camacari-ISSQN,camacari,ISSQN
2022-04-01,2022-04-01,5,2022-09-01,21330305.533095423,18681389.17680339,1815065.4424404216,camacari-ISSQN,camacari,ISSQN
2022-04-01,2022-04-01,6,2022-10-01,20448732.012382615,18853472.43461375,1815065.4424404216,camacari-ISSQN,camacari,ISSQN
2022-04-01,2022-04-01,7,2022-11-01,21417476.473871592,19160949.379907377,1815065.4424404216,camacari-ISSQN,camacari,ISSQN
2022-04-01,2022-04-01,8,2022-12-01,25036250.719354104,20697063.92435826,1815065.4424404216,camacari-ISSQN,camacari,ISSQN
2022-04-01,2022-04-01,9,2023-01-01,29157384.457611956,21617670.76316637,1815065.4424404216,camacari-ISSQN,camacari,ISSQN
2022-04-01,2022-04-01,10,2023-02-01,18854324.324541107,18138942.15452098,1815065.4424404216,camacari-ISSQN,camacari,ISSQN
2022-04-01,2022-04-01,11,2023-03-01,20203586.524565566,18526740.50416859,1815065.4424404216,camacari-ISSQN,camacari,ISSQN
2022-04-01,2022-04-01,12,2023-04-01,23075077.619267482,18072996.47355359,1815065.4424404216,camacari-ISSQN,camacari,ISSQN
2022-05-01,2022-05-01,1,2022-06-01,17868945.717301447,17503258.730728462,1804788.2044370964,camacari-ISSQN,camacari,ISSQN
2022-05-01,2022-05-01,2,2022-07-01,18361779.51930217,17979135.078483228,1804788.2044370964,camacari-ISSQN,camacari,ISSQN
2022-05-01,2022-05-01,3,2022-08-01,19637963.915173445,18616288.57614099,1804788.2044370964,camacari-ISSQN,camacari,ISSQN
2022-05-01,2022-05-01,4,2022-09-01,21330305.533095423,19159124.396685407,1804788.2044370964,camacari-ISSQN,camacari,ISSQN
2022-05-01,2022-05-01,5,2022-10-01,20448732.012382615,18730843.808713775,1804788.2044370964,camacari-ISSQN,camacari,ISSQN
2022-05-01,2022-05-01,6,2022-11-01,21417476.473871592,18788484.437973045,1804788.2044370964,camacari-ISSQN,camacari,ISSQN
2022-05-01,2022-05-01,7,2022-12-01,25036250.719354104,20486524.54868959,1804788.2044370964,camacari-ISSQN,camacari,ISSQN
2022-05-01,2022-05-01,8,2023-01-01,29157384.457611956,21432860.68558747,1804788.2044370964,camacari-ISSQN,camacari,ISSQN
2022-05-01,2022-05-01,9,2023-02-01,18854324.324541107,18022237.092272982,1804788.2044370964,camacari-ISSQN,camacari,ISSQN
2022-05-01,2022-05-01,10,2023-03-01,20203586.524565566,18185561.72601044,1804788.2044370964,camacari-ISSQN,camacari,ISSQN
2022-05-01,2022-05-01,11,2023-04-01,23075077.619267482,17815800.207228485,1804788.2044370964,camacari-ISSQN,camacari,ISSQN
2022-05-01,2022-05-01,12,2023-05-01,18314045.276733518,17216793.459707867,1804788.2044370964,camacari-ISSQN,camacari,ISSQN
2022-06-01,2022-06-01,1,2022-07-01,18361779.51930217,18156030.346450172,1800088.7544093158,camacari-ISSQN,camacari,ISSQN
2022-06-01,2022-06-01,2,2022-08-01,19637963.915173445,18707390.440809973,1800088.7544093158,camacari-ISSQN,camacari,ISSQN
2022-06-01,2022-06-01,3,2022-09-01,21330305.533095423,19056746.05922503,1800088.7544093158,camacari-ISSQN,camacari,ISSQN
2022-06-01,2022-06-01,4,2022-10-01,20448732.012382615,19151071.736195873,1800088.7544093158,camacari-ISSQN,camacari,ISSQN
2022-06-01,2022-06-01,5,2022-11-01,21417476.473871592,18992631.669682655,1800088.7544093158,camacari-ISSQN,camacari,ISSQN
2022-06-01,2022-06-01,6,2022-12-01,25036250.719354104,20595886.20336713,1800088.7544093158,camacari-ISSQN,camacari,ISSQN
2022-06-01,2022-06-01,7,2023-01-01,29157384.457611956,21619512.668678977,1800088.7544093158,camacari-ISSQN,camacari,ISSQN
2022-06-01,2022-06-01,8,2023-02-01,18854324.324541107,18135705.117076106,1800088.7544093158,camacari-ISSQN,camacari,ISSQN
2022-06-01,2022-06-01,9,2023-03-01,20203586.524565566,18486941.270605016,1800088.7544093158,camacari-ISSQN,camacari,ISSQN
2022-06-01,2022-06-01,10,2023-04-01,23075077.619267482,18104521.79433887,1800088.7544093158,camacari-ISSQN,camacari,ISSQN
2022-06-01,2022-06-01,11,2023-05-01,18314045.276733518,17464843.75697283,1800088.7544093158,camacari-ISSQN,camacari,ISSQN
2022-06-01,2022-06-01,12,2023-06-01,19136367.451210137,17540699.331862625,1800088.7544093158,camacari-ISSQN,camacari,ISSQN
2022-07-01,2022-07-01,1,2022-08-01,19637963.915173445,18874088.223918576,1810169.1436848738,camacari-ISSQN,camacari,ISSQN
2022-07-01,2022-07-01,2,2022-09-01,21330305.533095423,19459645.919923175,1810169.1436848738,camacari-ISSQN,camacari,ISSQN
2022-07-01,2022-07-01,3,2022-10-01,20448732.012382615,18993074.267668225,1810169.1436848738,camacari-ISSQN,camacari,ISSQN
2022-07-01,2022-07-01,4,2022-11-01,21417476.473871592,19129795.88639626,1810169.1436848738,camacari-ISSQN,camacari,ISSQN
2022-07-01,2022-07-01,5,2022-12-01,25036250.719354104,20815813.752204124,1810169.1436848738,camacari-ISSQN,camacari,ISSQN
2022-07-01,2022-07-01,6,2023-01-01,29157384.457611956,21825246.567354918,1810169.1436848738,camacari-ISSQN,camacari,ISSQN
2022-07-01,2022-07-01,7,2023-02-01,18854324.324541107,18600675.90497636,1810169.1436848738,camacari-ISSQN,camacari,ISSQN
2022-07-01,2022-07-01,8,2023-03-01,20203586.524565566,18604889.5459748,1810169.1436848738,camacari-ISSQN,camacari,ISSQN
2022-07-01,2022-07-01,9,2023-04-01,23075077.619267482,18050217.433429778,1810169.1436848738,camacari-ISSQN,camacari,ISSQN
2022-07-01,2022-07-01,10,2023-05-01,18314045.276733518,17437701.904511936,1810169.1436848738,camacari-ISSQN,camacari,ISSQN
2022-07-01,2022-07-01,11,2023-06-01,19136367.451210137,17650250.464867897,1810169.1436848738,camacari-ISSQN,camacari,ISSQN
2022-07-01,2022-07-01,12,2023-07-01,21036673.873442713,18264372.36124201,1810169.1436848738,camacari-ISSQN,camacari,ISSQN
2022-08-01,2022-08-01,1,2022-09-01,21330305.533095423,19502993.66726964,1810599.1375995204,camacari-ISSQN,camacari,ISSQN
2022-08-01,2022-08-01,2,2022-10-01,20448732.012382615,19708548.65209528,1810599.1375995204,camacari-ISSQN,camacari,ISSQN
2022-08-01,2022-08-01,3,2022-11-01,21417476.473871592,19541238.084206365,1810599.1375995204,camacari-ISSQN,camacari,ISSQN
2022-08-01,2022-08-01,4,2022-12-01,25036250.719354104,21277028.377079435,1810599.1375995204,camacari-ISSQN,camacari,ISSQN
2022-08-01,2022-08-01,5,2023-01-01,29157384.457611956,22372078.95107323,1810599.1375995204,camacari-ISSQN,camacari,ISSQN
2022-08-01,2022-08-01,6,2023-02-01,18854324.324541107,18823730.906564474,1810599.1375995204,camacari-ISSQN,camacari,ISSQN
2022-08-01,2022-08-01,7,2023-03-01,20203586.524565566,19041678.87119334,1810599.1375995204,camacari-ISSQN,camacari,ISSQN
2022-08-01,2022-08-01,8,2023-04-01,23075077.619267482,18557035.917265184,1810599.1375995204,camacari-ISSQN,camacari,ISSQN
2022-08-01,2022-08-01,9,2023-05-01,18314045.276733518,17955433.396456946,1810599.1375995204,camacari-ISSQN,camacari,ISSQN
2022-08-01,2022-08-01,10,2023-06-01,19136367.451210137,18064247.484458208,1810599.1375995204,camacari-ISSQN,camacari,ISSQN
2022-08-01,2022-08-01,11,2023-07-01,21036673.873442713,18619677.2468979,1810599.1375995204,camacari-ISSQN,camacari,ISSQN
2022-08-01,2022-08-01,12,2023-08-01,21575949.02090314,19202000.531295884,1810599.1375995204,camacari-ISSQN,camacari,ISSQN
2022-09-01,2022-09-01,1,2022-10-01,20448732.012382615,20092022.47532338,1833052.1211023813,camacari-ISSQN,camacari,ISSQN
2022-09-01,2022-09-01,2,2022-11-01,21417476.473871592,20148691.5026701,1833052.1211023813,camacari-ISSQN,camacari,ISSQN
2022-09-01,2022-09-01,3,2022-12-01,25036250.719354104,21766933.461125843,1833052.1211023813,camacari-ISSQN,camacari,ISSQN
2022-09-01,2022-09-01,4,2023-01-01,29157384.457611956,22710443.077840135,1833052.1211023813,camacari-ISSQN,camacari,ISSQN
2022-09-01,2022-09-01,5,2023-02-01,18854324.324541107,19215132.222155817,1833052.1211023813,camacari-ISSQN,camacari,ISSQN
2022-09-01,2022-09-01,6,2023-03-01,20203586.524565566,19742462.73200994,1833052.1211023813,camacari-ISSQN,camacari,ISSQN
2022-09-01,2022-09-01,7,2023-04-01,23075077.619267482,18997511.97743796,1833052.1211023813,camacari-ISSQN,camacari,ISSQN
2022-09-01,2022-09-01,8,2023-05-01,18314045.276733518,18353431.723162875,1833052.1211023813,camacari-ISSQN,camacari,ISSQN
2022-09-01,2022-09-01,9,2023-06-01,19136367.451210137,18476026.24247905,1833052.1211023813,camacari-ISSQN,camacari,ISSQN
2022-09-01,2022-09-01,10,2023-07-01,21036673.873442713,19108867.907821592,1833052.1211023813,camacari-ISSQN,camacari,ISSQN
2022-09-01,2022-09-01,11,2023-08-01,21575949.02090314,19769734.64475182,1833052.1211023813,camacari-ISSQN,camacari,ISSQN
2022-09-01,2022-09-01,12,2023-09-01,20002492.205724116,20494238.32098129,1833052.1211023813,camacari-ISSQN,camacari,ISSQN
2022-10-01,2022-10-01,1,2022-11-01,21417476.473871592,20464393.119656734,1843502.9143904576,camacari-ISSQN,camacari,ISSQN
2022-10-01,2022-10-01,2,2022-12-01,25036250.719354104,21796529.28305687,1843502.9143904576,camacari-ISSQN,camacari,ISSQN
2022-10-01,2022-10-01,3,2023-01-01,29157384.457611956,22766364.501275517,1843502.9143904576,camacari-ISSQN,camacari,ISSQN
2022-10-01,2022-10-01,4,2023-02-01,18854324.324541107,19467885.20759163,1843502.9143904576,camacari-ISSQN,camacari,ISSQN
2022-10-01,2022-10-01,5,2023-03-01,20203586.524565566,19395081.240487613,1843502.9143904576,camacari-ISSQN,camacari,ISSQN
2022-10-01,2022-10-01,6,2023-04-01,23075077.619267482,19049229.654386725,1843502.9143904576,camacari-ISSQN,camacari,ISSQN
2022-10-01,2022-10-01,7,2023-05-01,18314045.276733518,18612834.958219532,1843502.9143904576,camacari-ISSQN,camacari,ISSQN
2022-10-01,2022-10-01,8,2023-06-01,19136367.451210137,18690852.19893216,1843502.9143904576,camacari-ISSQN,camacari,ISSQN
2022-10-01,2022-10-01,9,2023-07-01,21036673.873442713,19231459.31982742,1843502.9143904576,camacari-ISSQN,camacari,ISSQN
2022-10-01,2022-10-01,10,2023-08-01,21575949.02090314,19960803.01839232,1843502.9143904576,camacari-ISSQN,camacari,ISSQN
2022-10-01,2022-10-01,11,2023-09-01,20002492.205724116,20509829.304822575,1843502.9143904576,camacari-ISSQN,camacari,ISSQN
2022-10-01,2022-10-01,12,2023-10-01,20505785.038989563,20292320.520834096,1843502.9143904576,camacari-ISSQN,camacari,ISSQN
2022-11-01,2022-11-01,1,2022-12-01,25036250.719354104,22462609.785721876,1869610.6862967513,camacari-ISSQN,camacari,ISSQN
2022-11-01,2022-11-01,2,2023-01-01,29157384.457611956,23326871.55282464,1869610.6862967513,camacari-ISSQN,camacari,ISSQN
2022-11-01,2022-11-01,3,2023-02-01,18854324.324541107,19935769.285653193,1869610.6862967513,camacari-ISSQN,camacari,ISSQN
2022-11-01,2022-11-01,4,2023-03-01,20203586.524565566,20369295.43889664,1869610.6862967513,camacari-ISSQN,camacari,ISSQN
2022-11-01,2022-11-01,5,2023-04-01,23075077.619267482,19522299.823540658,1869610.6862967513,camacari-ISSQN,camacari,ISSQN
2022-11-01,2022-11-01,6,2023-05-01,18314045.276733518,18952330.591787998,1869610.6862967513,camacari-ISSQN,camacari,ISSQN
2022-11-01,2022-11-01,7,2023-06-01,19136367.451210137,18988333.42768988,1869610.6862967513,camacari-ISSQN,camacari,ISSQN
2022-11-01,2022-11-01,8,2023-07-01,21036673.873442713,19720239.28611011,1869610.6862967513,camacari-ISSQN,camacari,ISSQN
2022-11-01,2022-11-01,9,2023-08-01,21575949.02090314,20442767.2516749,1869610.6862967513,camacari-ISSQN,camacari,ISSQN
2022-11-01,2022-11-01,10,2023-09-01,20002492.205724116,20776409.59963152,1869610.6862967513,camacari-ISSQN,camacari,ISSQN
2022-11-01,2022-11-01,11,2023-10-01,20505785.038989563,20638039.638842262,1869610.6862967513,camacari-ISSQN,camacari,ISSQN
2022-11-01,2022-11-01,12,2023-11-01,25611611.938634984,21042517.165875416,1869610.6862967513,camacari-ISSQN,camacari,ISSQN
2022-12-01,2022-12-01,1,2023-01-01,29157384.457611956,24616006.097105626,1902159.5575754035,camacari-ISSQN,camacari,ISSQN
2022-12-01,2022-12-01,2,2023-02-01,18854324.324541107,21104281.132069394,1902159.5575754035,camacari-ISSQN,camacari,ISSQN
2022-12-01,2022-12-01,3,2023-03-01,20203586.524565566,21376722.498858478,1902159.5575754035,camacari-ISSQN,camacari,ISSQN
2022-12-01,2022-12-01,4,2023-04-01,23075077.619267482,20698745.332766026,1902159.5575754035,camacari-ISSQN,camacari,ISSQN
2022-12-01,2022-12-01,5,2023-05-01,18314045.276733518,20022411.60028577,1902159.5575754035,camacari-ISSQN,camacari,ISSQN
2022-12-01,2022-12-01,6,2023-06-01,19136367.451210137,20103284.998303562,1902159.5575754035,camacari-ISSQN,camacari,ISSQN
2022-12-01,2022-12-01,7,2023-07-01,21036673.873442713,20672671.924906928,1902159.5575754035,camacari-ISSQN,camacari,ISSQN
2022-12-01,2022-12-01,8,2023-08-01,21575949.02090314,21502490.17290125,1902159.5575754035,camacari-ISSQN,camacari,ISSQN
2022-12-01,2022-12-01,9,2023-09-01,20002492.205724116,21709257.885326497,1902159.5575754035,camacari-ISSQN,camacari,ISSQN
2022-12-01,2022-12-01,10,2023-10-01,20505785.038989563,21874734.29791984,1902159.5575754035,camacari-ISSQN,camacari,ISSQN
2022-12-01,2022-12-01,11,2023-11-01,25611611.938634984,21988739.93767189,1902159.5575754035,camacari-ISSQN,camacari,ISSQN
2022-12-01,2022-12-01,12,2023-12-01,23583900.23543129,23987583.81077732,1902159.5575754035,camacari-ISSQN,camacari,ISSQN
2023-01-01,2023-01-01,1,2023-02-01,18854324.324541107,21236737.943440918,1974664.7293822947,camacari-ISSQN,camacari,ISSQN
2023-01-01,2023-01-01,2,2023-03-01,20203586.524565566,21271689.023966976,1974664.7293822947,camacari-ISSQN,camacari,ISSQN
2023-01-01,2023-01-01,3,2023-04-01,23075077.619267482,20506278.329769824,1974664.7293822947,camacari-ISSQN,camacari,ISSQN
2023-01-01,2023-01-01,4,2023-05-01,18314045.276733518,19864626.152370106,1974664.7293822947,camacari-ISSQN,camacari,ISSQN
2023-01-01,2023-01-01,5,2023-06-01,19136367.451210137,19917448.911362365,1974664.7293822947,camacari-ISSQN,camacari,ISSQN
2023-01-01,2023-01-01,6,2023-07-01,21036673.873442713,20641990.97577198,1974664.7293822947,camacari-ISSQN,camacari,ISSQN
2023-01-01,2023-01-01,7,2023-08-01,21575949.02090314,21717887.423613857,1974664.7293822947,camacari-ISSQN,camacari,ISSQN
2023-01-01,2023-01-01,8,2023-09-01,20002492.205724116,21711777.145371452,1974664.7293822947,camacari-ISSQN,camacari,ISSQN
2023-01-01,2023-01-01,9,2023-10-01,20505785.038989563,21593751.11761383,1974664.7293822947,camacari-ISSQN,camacari,ISSQN
2023-01-01,2023-01-01,10,2023-11-01,25611611.938634984,22216844.145873588,1974664.7293822947,camacari-ISSQN,camacari,ISSQN
2023-01-01,2023-01-01,11,2023-12-01,23583900.23543129,24722652.719867233,1974664.7293822947,camacari-ISSQN,camacari,ISSQN
2023-01-01,2023-01-01,12,2024-01-01,22986387.186458543,26315774.341460045,1974664.7293822947,camacari-ISSQN,camacari,ISSQN
2023-02-01,2023-02-01,1,2023-03-01,20203586.524565566,21465559.399197865,1982720.1027769253,camacari-ISSQN,camacari,ISSQN
2023-02-01,2023-02-01,2,2023-04-01,23075077.619267482,21050902.637122665,1982720.1027769253,camacari-ISSQN,camacari,ISSQN
2023-02-01,2023-02-01,3,2023-05-01,18314045.276733518,20549044.89963905,1982720.1027769253,camacari-ISSQN,camacari,ISSQN
2023-02-01,2023-02-01,4,2023-06-01,19136367.451210137,20755922.76323113,1982720.1027769253,camacari-ISSQN,camacari,ISSQN
2023-02-01,2023-02-01,5,2023-07-01,21036673.873442713,21318911.855280966,1982720.1027769253,camacari-ISSQN,camacari,ISSQN
2023-02-01,2023-02-01,6,2023-08-01,21575949.02090314,22471965.264507696,1982720.1027769253,camacari-ISSQN,camacari,ISSQN
2023-02-01,2023-02-01,7,2023-09-01,20002492.205724116,22558515.332461562,1982720.1027769253,camacari-ISSQN,camacari,ISSQN
2023-02-01,2023-02-01,8,2023-10-01,20505785.038989563,22228345.672167398,1982720.1027769253,camacari-ISSQN,camacari,ISSQN
2023-02-01,2023-02-01,9,2023-11-01,25611611.938634984,22272963.025780022,1982720.1027769253,camacari-ISSQN,camacari,ISSQN
2023-02-01,2023-02-01,10,2023-12-01,23583900.23543129,23797873.327117372,1982720.1027769253,camacari-ISSQN,camacari,ISSQN
2023-02-01,2023-02-01,11,2024-01-01,22986387.186458543,24788312.090191156,1982720.1027769253,camacari-ISSQN,camacari,ISSQN
2023-02-01,2023-02-01,12,2024-02-01,23872500.478948027,21088650.165464006,1982720.1027769253,camacari-ISSQN,camacari,ISSQN
2023-03-01,2023-03-01,1,2023-04-01,23075077.619267482,20264727.762271848,1964599.4953648578,camacari-ISSQN,camacari,ISSQN
2023-03-01,2023-03-01,2,2023-05-01,18314045.276733518,19779609.31016628,1964599.4953648578,camacari-ISSQN,camacari,ISSQN
2023-03-01,2023-03-01,3,2023-06-01,19136367.451210137,19930361.447153114,1964599.4953648578,camacari-ISSQN,camacari,ISSQN
2023-03-01,2023-03-01,4,2023-07-01,21036673.873442713,20385063.92713176,1964599.4953648578,camacari-ISSQN,camacari,ISSQN
2023-03-01,2023-03-01,5,2023-08-01,21575949.02090314,21540096.90674934,1964599.4953648578,camacari-ISSQN,camacari,ISSQN
2023-03-01,2023-03-01,6,2023-09-01,20002492.205724116,21861673.047585163,1964599.4953648578,camacari-ISSQN,camacari,ISSQN
2023-03-01,2023-03-01,7,2023-10-01,20505785.038989563,21453738.004866987,1964599.4953648578,camacari-ISSQN,camacari,ISSQN
2023-03-01,2023-03-01,8,2023-11-01,25611611.938634984,21516915.84697441,1964599.4953648578,camacari-ISSQN,camacari,ISSQN
2023-03-01,2023-03-01,9,2023-12-01,23583900.23543129,23079888.692056842,1964599.4953648578,camacari-ISSQN,camacari,ISSQN
2023-03-01,2023-03-01,10,2024-01-01,22986387.186458543,24029947.370424967,1964599.4953648578,camacari-ISSQN,camacari,ISSQN
2023-03-01,2023-03-01,11,2024-02-01,23872500.478948027,20415317.459362045,1964599.4953648578,camacari-ISSQN,camacari,ISSQN
2023-03-01,2023-03-01,12,2024-03-01,21240482.31230949,21341693.41028535,1964599.4953648578,camacari-ISSQN,camacari,ISSQN
2023-04-01,2023-04-01,1,2023-05-01,18314045.276733518,20673374.92430903,2002673.3314732998,camacari-ISSQN,camacari,ISSQN
2023-04-01,2023-04-01,2,2023-06-01,19136367.451210137,20695892.098476063,2002673.3314732998,camacari-ISSQN,camacari,ISSQN
2023-04-01,2023-04-01,3,2023-07-01,21036673.873442713,21272128.874074545,2002673.3314732998,camacari-ISSQN,camacari,ISSQN
2023-04-01,2023-04-01,4,2023-08-01,21575949.02090314,22027158.011250377,2002673.3314732998,camacari-ISSQN,camacari,ISSQN
2023-04-01,2023-04-01,5,2023-09-01,20002492.205724116,21848165.156245146,2002673.3314732998,camacari-ISSQN,camacari,ISSQN
2023-04-01,2023-04-01,6,2023-10-01,20505785.038989563,21963184.30847212,2002673.3314732998,camacari-ISSQN,camacari,ISSQN
2023-04-01,2023-04-01,7,2023-11-01,25611611.938634984,21973372.185831517,2002673.3314732998,camacari-ISSQN,camacari,ISSQN
2023-04-01,2023-04-01,8,2023-12-01,23583900.23543129,23859716.954029117,2002673.3314732998,camacari-ISSQN,camacari,ISSQN
2023-04-01,2023-04-01,9,2024-01-01,22986387.186458543,24980509.85825344,2002673.3314732998,camacari-ISSQN,camacari,ISSQN
2023-04-01,2023-04-01,10,2024-02-01,23872500.478948027,21324539.092345558,2002673.3314732998,camacari-ISSQN,camacari,ISSQN
2023-04-01,2023-04-01,11,2024-03-01,21240482.31230949,22334073.387445003,2002673.3314732998,camacari-ISSQN,camacari,ISSQN
2023-04-01,2023-04-01,12,2024-04-01,22746532.296000022,21684246.96401251,2002673.3314732998,camacari-ISSQN,camacari,ISSQN
2023-05-01,2023-05-01,1,2023-06-01,19136367.451210137,19647009.05566854,1995701.9337778534,camacari-ISSQN,camacari,ISSQN
2023-05-01,2023-05-01,2,2023-07-01,21036673.873442713,20252325.685175784,1995701.9337778534,camacari-ISSQN,camacari,ISSQN
2023-05-01,2023-05-01,3,2023-08-01,21575949.02090314,21184416.920614604,1995701.9337778534,camacari-ISSQN,camacari,ISSQN
2023-05-01,2023-05-01,4,2023-09-01,20002492.205724116,21315536.09522707,1995701.9337778534,camacari-ISSQN,camacari,ISSQN
2023-05-01,2023-05-01,5,2023-10-01,20505785.038989563,20874064.33145575,1995701.9337778534,camacari-ISSQN,camacari,ISSQN
2023-05-01,2023-05-01,6,2023-11-01,25611611.938634984,21102213.60653752,1995701.9337778534,camacari-ISSQN,camacari,ISSQN
2023-05-01,2023-05-01,7,2023-12-01,23583900.23543129,22911606.057655342,1995701.9337778534,camacari-ISSQN,camacari,ISSQN
2023-05-01,2023-05-01,8,2024-01-01,22986387.186458543,24000941.095096264,1995701.9337778534,camacari-ISSQN,camacari,ISSQN
2023-05-01,2023-05-01,9,2024-02-01,23872500.478948027,20181866.079039134,1995701.9337778534,camacari-ISSQN,camacari,ISSQN
2023-05-01,2023-05-01,10,2024-03-01,21240482.31230949,21263858.23227419,1995701.9337778534,camacari-ISSQN,camacari,ISSQN
2023-05-01,2023-05-01,11,2024-04-01,22746532.296000022,20646144.046868898,1995701.9337778534,camacari-ISSQN,camacari,ISSQN
2023-05-01,2023-05-01,12,2024-05-01,19444201.33987925,19828351.62063424,1995701.9337778534,camacari-ISSQN,camacari,ISSQN
2023-06-01,2023-06-01,1,2023-07-01,21036673.873442713,20002299.312382497,1987609.931557085,camacari-ISSQN,camacari,ISSQN
2023-06-01,2023-06-01,2,2023-08-01,21575949.02090314,21163774.479151107,1987609.931557085,camacari-ISSQN,camacari,ISSQN
2023-06-01,2023-06-01,3,2023-09-01,20002492.205724116,20824102.277188938,1987609.931557085,camacari-ISSQN,camacari,ISSQN
2023-06-01,2023-06-01,4,2023-10-01,20505785.038989563,20476986.31904718,1987609.931557085,camacari-ISSQN,camacari,ISSQN
2023-06-01,2023-06-01,5,2023-11-01,25611611.938634984,20813245.5791506,1987609.931557085,camacari-ISSQN,camacari,ISSQN
2023-06-01,2023-06-01,6,2023-12-01,23583900.23543129,22676564.749128517,1987609.931557085,camacari-ISSQN,camacari,ISSQN
2023-06-01,2023-06-01,7,2024-01-01,22986387.186458543,23883229.364395123,1987609.931557085,camacari-ISSQN,camacari,ISSQN
2023-06-01,2023-06-01,8,2024-02-01,23872500.478948027,20092971.979467575,1987609.931557085,camacari-ISSQN,camacari,ISSQN
2023-06-01,2023-06-01,9,2024-03-01,21240482.31230949,21054136.91887227,1987609.931557085,camacari-ISSQN,camacari,ISSQN
2023-06-01,2023-06-01,10,2024-04-01,22746532.296000022,20513925.895815283,1987609.931557085,camacari-ISSQN,camacari,ISSQN
2023-06-01,2023-06-01,11,2024-05-01,19444201.33987925,19705972.328593347,1987609.931557085,camacari-ISSQN,camacari,ISSQN
2023-06-01,2023-06-01,12,2024-06-01,16493090.02262242,19403493.304221965,1987609.931557085,camacari-ISSQN,camacari,ISSQN
2023-07-01,2023-07-01,1,2023-08-01,21575949.02090314,20992654.707635865,1995162.5076294306,camacari-ISSQN,camacari,ISSQN
2023-07-01,2023-07-01,2,2023-09-01,20002492.205724116,21328248.73276042,1995162.5076294306,camacari-ISSQN,camacari,ISSQN
2023-07-01,2023-07-01,3,2023-10-01,20505785.038989563,20972693.711708445,1995162.5076294306,camacari-ISSQN,camacari,ISSQN
2023-07-01,2023-07-01,4,2023-11-01,25611611.938634984,20838182.434139397,1995162.5076294306,camacari-ISSQN,camacari,ISSQN
2023-07-01,2023-07-01,5,2023-12-01,23583900.23543129,23079295.884597346,1995162.5076294306,camacari-ISSQN,camacari,ISSQN
2023-07-01,2023-07-01,6,2024-01-01,22986387.186458543,24220617.222495418,1995162.5076294306,camacari-ISSQN,camacari,ISSQN
2023-07-01,2023-07-01,7,2024-02-01,23872500.478948027,20519423.245664086,1995162.5076294306,camacari-ISSQN,camacari,ISSQN
2023-07-01,2023-07-01,8,2024-03-01,21240482.31230949,21680769.319561366,1995162.5076294306,camacari-ISSQN,camacari,ISSQN
2023-07-01,2023-07-01,9,2024-04-01,22746532.296000022,20869715.76660883,1995162.5076294306,camacari-ISSQN,camacari,ISSQN
2023-07-01,2023-07-01,10,2024-05-01,19444201.33987925,20005051.057021927,1995162.5076294306,camacari-ISSQN,camacari,ISSQN
2023-07-01,2023-07-01,11,2024-06-01,16493090.02262242,19813818.9775224,1995162.5076294306,camacari-ISSQN,camacari,ISSQN
2023-07-01,2023-07-01,12,2024-07-01,19435833.10529593,20465230.89756055,1995162.5076294306,camacari-ISSQN,camacari,ISSQN
2023-08-01,2023-08-01,1,2023-09-01,20002492.205724116,20883521.827461313,1994541.0141305204,camacari-ISSQN,camacari,ISSQN
2023-08-01,2023-08-01,2,2023-10-01,20505785.038989563,20800772.611735262,1994541.0141305204,camacari-ISSQN,camacari,ISSQN
2023-08-01,2023-08-01,3,2023-11-01,25611611.938634984,21041480.10738625,1994541.0141305204,camacari-ISSQN,camacari,ISSQN
2023-08-01,2023-08-01,4,2023-12-01,23583900.23543129,22949737.13845744,1994541.0141305204,camacari-ISSQN,camacari,ISSQN
2023-08-01,2023-08-01,5,2024-01-01,22986387.186458543,24108309.388710976,1994541.0141305204,camacari-ISSQN,camacari,ISSQN
2023-08-01,2023-08-01,6,2024-02-01,23872500.478948027,20482442.686816942,1994541.0141305204,camacari-ISSQN,camacari,ISSQN
2023-08-01,2023-08-01,7,2024-03-01,21240482.31230949,21273094.255340103,1994541.0141305204,camacari-ISSQN,camacari,ISSQN
2023-08-01,2023-08-01,8,2024-04-01,22746532.296000022,20826056.44224893,1994541.0141305204,camacari-ISSQN,camacari,ISSQN
2023-08-01,2023-08-01,9,2024-05-01,19444201.33987925,19967310.54462445,1994541.0141305204,camacari-ISSQN,camacari,ISSQN
2023-08-01,2023-08-01,10,2024-06-01,16493090.02262242,19735621.982357424,1994541.0141305204,camacari-ISSQN,camacari,ISSQN
2023-08-01,2023-08-01,11,2024-07-01,19435833.10529593,20367183.57526768,1994541.0141305204,camacari-ISSQN,camacari,ISSQN
2023-08-01,2023-08-01,12,2024-08-01,19835674.60459411,21724639.751564696,1994541.0141305204,camacari-ISSQN,camacari,ISSQN
2023-09-01,2023-09-01,1,2023-10-01,20505785.038989563,20501707.590384785,1987371.8992191309,camacari-ISSQN,camacari,ISSQN
2023-09-01,2023-09-01,2,2023-11-01,25611611.938634984,20873153.39962749,1987371.8992191309,camacari-ISSQN,camacari,ISSQN
2023-09-01,2023-09-01,3,2023-12-01,23583900.23543129,22598670.07693006,1987371.8992191309,camacari-ISSQN,camacari,ISSQN
2023-09-01,2023-09-01,4,2024-01-01,22986387.186458543,23736331.42475617,1987371.8992191309,camacari-ISSQN,camacari,ISSQN
2023-09-01,2023-09-01,5,2024-02-01,23872500.478948027,19957761.293611478,1987371.8992191309,camacari-ISSQN,camacari,ISSQN
2023-09-01,2023-09-01,6,2024-03-01,21240482.31230949,20636140.5106773,1987371.8992191309,camacari-ISSQN,camacari,ISSQN
2023-09-01,2023-09-01,7,2024-04-01,22746532.296000022,20304867.095139194,1987371.8992191309,camacari-ISSQN,camacari,ISSQN
2023-09-01,2023-09-01,8,2024-05-01,19444201.33987925,19450530.71396944,1987371.8992191309,camacari-ISSQN,camacari,ISSQN
2023-09-01,2023-09-01,9,2024-06-01,16493090.02262242,19217885.901848115,1987371.8992191309,camacari-ISSQN,camacari,ISSQN
2023-09-01,2023-09-01,10,2024-07-01,19435833.10529593,20003561.588855967,1987371.8992191309,camacari-ISSQN,camacari,ISSQN
2023-09-01,2023-09-01,11,2024-08-01,19835674.60459411,21274143.736510564,1987371.8992191309,camacari-ISSQN,camacari,ISSQN
2023-09-01,2023-09-01,12,2024-09-01,17906349.079996813,20717072.29276878,1987371.8992191309,camacari-ISSQN,camacari,ISSQN
2023-10-01,2023-10-01,1,2023-11-01,25611611.938634984,21071836.815943893,1966836.5920636822,camacari-ISSQN,camacari,ISSQN
2023-10-01,2023-10-01,2,2023-12-01,23583900.23543129,22650970.841100756,1966836.5920636822,camacari-ISSQN,camacari,ISSQN
2023-10-01,2023-10-01,3,2024-01-01,22986387.186458543,23858603.245594762,1966836.5920636822,camacari-ISSQN,camacari,ISSQN
2023-10-01,2023-10-01,4,2024-02-01,23872500.478948027,19973359.497051917,1966836.5920636822,camacari-ISSQN,camacari,ISSQN
2023-10-01,2023-10-01,5,2024-03-01,21240482.31230949,20471353.450257342,1966836.5920636822,camacari-ISSQN,camacari,ISSQN
2023-10-01,2023-10-01,6,2024-04-01,22746532.296000022,20689307.74099162,1966836.5920636822,camacari-ISSQN,camacari,ISSQN
2023-10-01,2023-10-01,7,2024-05-01,19444201.33987925,19562954.89638141,1966836.5920636822,camacari-ISSQN,camacari,ISSQN
2023-10-01,2023-10-01,8,2024-06-01,16493090.02262242,19418243.250788454,1966836.5920636822,camacari-ISSQN,camacari,ISSQN
2023-10-01,2023-10-01,9,2024-07-01,19435833.10529593,20125005.631747954,1966836.5920636822,camacari-ISSQN,camacari,ISSQN
2023-10-01,2023-10-01,10,2024-08-01,19835674.60459411,21595586.538926303,1966836.5920636822,camacari-ISSQN,camacari,ISSQN
2023-10-01,2023-10-01,11,2024-09-01,17906349.079996813,20647663.362429485,1966836.5920636822,camacari-ISSQN,camacari,ISSQN
2023-10-01,2023-10-01,12,2024-10-01,20102987.31695594,20400255.315906547,1966836.5920636822,camacari-ISSQN,camacari,ISSQN
2023-11-01,2023-11-01,1,2023-12-01,23583900.23543129,24967062.206699602,1990281.8433552582,camacari-ISSQN,camacari,ISSQN
2023-11-01,2023-11-01,2,2024-01-01,22986387.186458543,26838674.416945145,1990281.8433552582,camacari-ISSQN,camacari,ISSQN
2023-11-01,2023-11-01,3,2024-02-01,23872500.478948027,21244302.76094344,1990281.8433552582,camacari-ISSQN,camacari,ISSQN
2023-11-01,2023-11-01,4,2024-03-01,21240482.31230949,21818244.42440354,1990281.8433552582,camacari-ISSQN,camacari,ISSQN
2023-11-01,2023-11-01,5,2024-04-01,22746532.296000022,21469572.69255644,1990281.8433552582,camacari-ISSQN,camacari,ISSQN
2023-11-01,2023-11-01,6,2024-05-01,19444201.33987925,19994072.57487521,1990281.8433552582,camacari-ISSQN,camacari,ISSQN
2023-11-01,2023-11-01,7,2024-06-01,16493090.02262242,19749396.850746937,1990281.8433552582,camacari-ISSQN,camacari,ISSQN
2023-11-01,2023-11-01,8,2024-07-01,19435833.10529593,20660912.242355313,1990281.8433552582,camacari-ISSQN,camacari,ISSQN
2023-11-01,2023-11-01,9,2024-08-01,19835674.60459411,21628037.196842577,1990281.8433552582,camacari-ISSQN,camacari,ISSQN
2023-11-01,2023-11-01,10,2024-09-01,17906349.079996813,21362670.070921004,1990281.8433552582,camacari-ISSQN,camacari,ISSQN
2023-11-01,2023-11-01,11,2024-10-01,20102987.31695594,21552053.224189047,1990281.8433552582,camacari-ISSQN,camacari,ISSQN
2023-11-01,2023-11-01,12,2024-11-01,23924007.188177645,22906434.391852364,1990281.8433552582,camacari-ISSQN,camacari,ISSQN
2023-12-01,2023-12-01,1,2024-01-01,22986387.186458543,25175264.653439295,1984678.3916945036,camacari-ISSQN,camacari,ISSQN
2023-12-01,2023-12-01,2,2024-02-01,23872500.478948027,21420299.48230859,1984678.3916945036,camacari-ISSQN,camacari,ISSQN
2023-12-01,2023-12-01,3,2024-03-01,21240482.31230949,21994601.447921455,1984678.3916945036,camacari-ISSQN,camacari,ISSQN
2023-12-01,2023-12-01,4,2024-04-01,22746532.296000022,21894312.40243295,1984678.3916945036,camacari-ISSQN,camacari,ISSQN
2023-12-01,2023-12-01,5,2024-05-01,19444201.33987925,20929951.186508074,1984678.3916945036,camacari-ISSQN,camacari,ISSQN
2023-12-01,2023-12-01,6,2024-06-01,16493090.02262242,20732336.50698403,1984678.3916945036,camacari-ISSQN,camacari,ISSQN
2023-12-01,2023-12-01,7,2024-07-01,19435833.10529593,21493788.72515513,1984678.3916945036,camacari-ISSQN,camacari,ISSQN
2023-12-01,2023-12-01,8,2024-08-01,19835674.60459411,22648422.091665614,1984678.3916945036,camacari-ISSQN,camacari,ISSQN
2023-12-01,2023-12-01,9,2024-09-01,17906349.079996813,22571877.30609473,1984678.3916945036,camacari-ISSQN,camacari,ISSQN
2023-12-01,2023-12-01,10,2024-10-01,20102987.31695594,21796962.337807685,1984678.3916945036,camacari-ISSQN,camacari,ISSQN
2023-12-01,2023-12-01,11,2024-11-01,23924007.188177645,22508899.895435765,1984678.3916945036,camacari-ISSQN,camacari,ISSQN
2023-12-01,2023-12-01,12,2024-12-01,23738153.513783302,23991691.754458424,1984678.3916945036,camacari-ISSQN,camacari,ISSQN
2024-01-01,2024-01-01,1,2024-02-01,23872500.478948027,20698144.06990534,2027836.3182868634,camacari-ISSQN,camacari,ISSQN
2024-01-01,2024-01-01,2,2024-03-01,21240482.31230949,21164120.675620295,2027836.3182868634,camacari-ISSQN,camacari,ISSQN
2024-01-01,2024-01-01,3,2024-04-01,22746532.296000022,21419627.247861408,2027836.3182868634,camacari-ISSQN,camacari,ISSQN
2024-01-01,2024-01-01,4,2024-05-01,19444201.33987925,20273653.20485968,2027836.3182868634,camacari-ISSQN,camacari,ISSQN
2024-01-01,2024-01-01,5,2024-06-01,16493090.02262242,20036905.127666496,2027836.3182868634,camacari-ISSQN,camacari,ISSQN
2024-01-01,2024-01-01,6,2024-07-01,19435833.10529593,20676063.494276576,2027836.3182868634,camacari-ISSQN,camacari,ISSQN
2024-01-01,2024-01-01,7,2024-08-01,19835674.60459411,21922868.269118115,2027836.3182868634,camacari-ISSQN,camacari,ISSQN
2024-01-01,2024-01-01,8,2024-09-01,17906349.079996813,21573707.33031264,2027836.3182868634,camacari-ISSQN,camacari,ISSQN
2024-01-01,2024-01-01,9,2024-10-01,20102987.31695594,21215298.56915509,2027836.3182868634,camacari-ISSQN,camacari,ISSQN
2024-01-01,2024-01-01,10,2024-11-01,23924007.188177645,22121096.88655788,2027836.3182868634,camacari-ISSQN,camacari,ISSQN
2024-01-01,2024-01-01,11,2024-12-01,23738153.513783302,23361281.540323794,2027836.3182868634,camacari-ISSQN,camacari,ISSQN
2024-01-01,2024-01-01,12,2025-01-01,23623568.323823698,23987705.841930907,2027836.3182868634,camacari-ISSQN,camacari,ISSQN
2024-02-01,2024-02-01,1,2024-03-01,21240482.31230949,23632990.88525428,2058349.9900840071,camacari-ISSQN,camacari,ISSQN
2024-02-01,2024-02-01,2,2024-04-01,22746532.296000022,23632990.88525428,2058349.9900840071,camacari-ISSQN,camacari,ISSQN
2024-02-01,2024-02-01,3,2024-05-01,19444201.33987925,23632990.88525428,2058349.9900840071,camacari-ISSQN,camacari,ISSQN
2024-02-01,2024-02-01,4,2024-06-01,16493090.02262242,23632990.88525428,2058349.9900840071,camacari-ISSQN,camacari,ISSQN
2024-02-01,2024-02-01,5,2024-07-01,19435833.10529593,23632990.88525428,2058349.9900840071,camacari-ISSQN,camacari,ISSQN
2024-02-01,2024-02-01,6,2024-08-01,19835674.60459411,23632990.88525428,2058349.9900840071,camacari-ISSQN,camacari,ISSQN
2024-02-01,2024-02-01,7,2024-09-01,17906349.079996813,23632990.88525428,2058349.9900840071,camacari-ISSQN,camacari,ISSQN
2024-02-01,2024-02-01,8,2024-10-01,20102987.31695594,23632990.88525428,2058349.9900840071,camacari-ISSQN,camacari,ISSQN
2024-02-01,2024-02-01,9,2024-11-01,23924007.188177645,23632990.88525428,2058349.9900840071,camacari-ISSQN,camacari,ISSQN
2024-02-01,2024-02-01,10,2024-12-01,23738153.513783302,23632990.88525428,2058349.9900840071,camacari-ISSQN,camacari,ISSQN
2024-02-01,2024-02-01,11,2025-01-01,23623568.323823698,23632990.88525428,2058349.9900840071,camacari-ISSQN,camacari,ISSQN
2024-02-01,2024-02-01,12,2025-02-01,20422464.894915722,23632990.88525428,2058349.9900840071,camacari-ISSQN,camacari,ISSQN
2024-03-01,2024-03-01,1,2024-04-01,22746532.296000022,21657825.88190204,2048032.2708684506,camacari-ISSQN,camacari,ISSQN
2024-03-01,2024-03-01,2,2024-05-01,19444201.33987925,20893062.67223936,2048032.2708684506,camacari-ISSQN,camacari,ISSQN
2024-03-01,2024-03-01,3,2024-06-01,16493090.02262242,20694441.664124645,2048032.2708684506,camacari-ISSQN,camacari,ISSQN
2024-03-01,2024-03-01,4,2024-07-01,19435833.10529593,21314413.386875477,2048032.2708684506,camacari-ISSQN,camacari,ISSQN
2024-03-01,2024-03-01,5,2024-08-01,19835674.60459411,22296149.511935484,2048032.2708684506,camacari-ISSQN,camacari,ISSQN
2024-03-01,2024-03-01,6,2024-09-01,17906349.079996813,21555819.017645594,2048032.2708684506,camacari-ISSQN,camacari,ISSQN
2024-03-01,2024-03-01,7,2024-10-01,20102987.31695594,21958207.137910597,2048032.2708684506,camacari-ISSQN,camacari,ISSQN
2024-03-01,2024-03-01,8,2024-11-01,23924007.188177645,22537037.50034283,2048032.2708684506,camacari-ISSQN,camacari,ISSQN
2024-03-01,2024-03-01,9,2024-12-01,23738153.513783302,23969150.258918583,2048032.2708684506,camacari-ISSQN,camacari,ISSQN
2024-03-01,2024-03-01,10,2025-01-01,23623568.323823698,24830219.50502366,2048032.2708684506,camacari-ISSQN,camacari,ISSQN
2024-03-01,2024-03-01,11,2025-02-01,20422464.894915722,21740479.80700604,2048032.2708684506,camacari-ISSQN,camacari,ISSQN
2024-03-01,2024-03-01,12,2025-03-01,19211250.317555815,21921265.634219375,2048032.2708684506,camacari-ISSQN,camacari,ISSQN
2024-04-01,2024-04-01,1,2024-05-01,19444201.33987925,21158994.90250174,2030837.4013924408,camacari-ISSQN,camacari,ISSQN
2024-04-01,2024-04-01,2,2024-06-01,16493090.02262242,20872572.41423812,2030837.4013924408,camacari-ISSQN,camacari,ISSQN
2024-04-01,2024-04-01,3,2024-07-01,19435833.10529593,21511963.964825597,2030837.4013924408,camacari-ISSQN,camacari,ISSQN
2024-04-01,2024-04-01,4,2024-08-01,19835674.60459411,22365858.1092654,2030837.4013924408,camacari-ISSQN,camacari,ISSQN
2024-04-01,2024-04-01,5,2024-09-01,17906349.079996813,21853062.874731567,2030837.4013924408,camacari-ISSQN,camacari,ISSQN
2024-04-01,2024-04-01,6,2024-10-01,20102987.31695594,21670926.447332937,2030837.4013924408,camacari-ISSQN,camacari,ISSQN
2024-04-01,2024-04-01,7,2024-11-01,23924007.188177645,22941075.294451743,2030837.4013924408,camacari-ISSQN,camacari,ISSQN
2024-04-01,2024-04-01,8,2024-12-01,23738153.513783302,24409475.65643425,2030837.4013924408,camacari-ISSQN,camacari,ISSQN
2024-04-01,2024-04-01,9,2025-01-01,23623568.323823698,25106699.56968731,2030837.4013924408,camacari-ISSQN,camacari,ISSQN
2024-04-01,2024-04-01,10,2025-02-01,20422464.894915722,22088150.102585085,2030837.4013924408,camacari-ISSQN,camacari,ISSQN
2024-04-01,2024-04-01,11,2025-03-01,19211250.317555815,22120720.556098346,2030837.4013924408,camacari-ISSQN,camacari,ISSQN
2024-04-01,2024-04-01,12,2025-04-01,20064010.88338034,22361903.935813595,2030837.4013924408,camacari-ISSQN,camacari,ISSQN
2024-05-01,2024-05-01,1,2024-06-01,16493090.02262242,20419265.34889897,2021919.7643800972,camacari-ISSQN,camacari,ISSQN
2024-05-01,2024-05-01,2,2024-07-01,19435833.10529593,21220872.65077469,2021919.7643800972,camacari-ISSQN,camacari,ISSQN
2024-05-01,2024-05-01,3,2024-08-01,19835674.60459411,22190776.174267225,2021919.7643800972,camacari-ISSQN,camacari,ISSQN
2024-05-01,2024-05-01,4,2024-09-01,17906349.079996813,21511868.195539482,2021919.7643800972,camacari-ISSQN,camacari,ISSQN
2024-05-01,2024-05-01,5,2024-10-01,20102987.31695594,21813279.758143604,2021919.7643800972,camacari-ISSQN,camacari,ISSQN
2024-05-01,2024-05-01,6,2024-11-01,23924007.188177645,22768093.06881495,2021919.7643800972,camacari-ISSQN,camacari,ISSQN
2024-05-01,2024-05-01,7,2024-12-01,23738153.513783302,24033980.58824847,2021919.7643800972,camacari-ISSQN,camacari,ISSQN
2024-05-01,2024-05-01,8,2025-01-01,23623568.323823698,24615315.58166147,2021919.7643800972,camacari-ISSQN,camacari,ISSQN
2024-05-01,2024-05-01,9,2025-02-01,20422464.894915722,21630149.602301747,2021919.7643800972,camacari-ISSQN,camacari,ISSQN
2024-05-01,2024-05-01,10,2025-03-01,19211250.317555815,21202451.649824053,2021919.7643800972,camacari-ISSQN,camacari,ISSQN
2024-05-01,2024-05-01,11,2025-04-01,20064010.88338034,21563860.88632016,2021919.7643800972,camacari-ISSQN,camacari,ISSQN
2024-05-01,2024-05-01,12,2025-05-01,23108414.164161336,20529761.53256699,2021919.7643800972,camacari-ISSQN,camacari,ISSQN
2024-06-01,2024-06-01,1,2024-07-01,19435833.10529593,19786770.521118727,2028011.506186054,camacari-ISSQN,camacari,ISSQN
2024-06-01,2024-06-01,2,2024-08-01,19835674.60459411,20966093.918714833,2028011.506186054,camacari-ISSQN,camacari,ISSQN
2024-06-01,2024-06-01,3,2024-09-01,17906349.079996813,20199494.73082431,2028011.506186054,camacari-ISSQN,camacari,ISSQN
2024-06-01,2024-06-01,4,2024-10-01,20102987.31695594,20435323.85269872,2028011.506186054,camacari-ISSQN,camacari,ISSQN
2024-06-01,2024-06-01,5,2024-11-01,23924007.188177645,21271656.733484965,2028011.506186054,camacari-ISSQN,camacari,ISSQN
2024-06-01,2024-06-01,6,2024-12-01,23738153.513783302,22561775.692469418,2028011.506186054,camacari-ISSQN,camacari,ISSQN
2024-06-01,2024-06-01,7,2025-01-01,23623568.323823698,23362245.21932759,2028011.506186054,camacari-ISSQN,camacari,ISSQN
2024-06-01,2024-06-01,8,2025-02-01,20422464.894915722,20205691.6670091,2028011.506186054,camacari-ISSQN,camacari,ISSQN
2024-06-01,2024-06-01,9,2025-03-01,19211250.317555815,20216579.290390614,2028011.506186054,camacari-ISSQN,camacari,ISSQN
2024-06-01,2024-06-01,10,2025-04-01,20064010.88338034,20278970.827443708,2028011.506186054,camacari-ISSQN,camacari,ISSQN
2024-06-01,2024-06-01,11,2025-05-01,23108414.164161336,19126418.97078796,2028011.506186054,camacari-ISSQN,camacari,ISSQN
2024-06-01,2024-06-01,12,2025-06-01,25608048.4628075,18497123.577298187,2028011.506186054,camacari-ISSQN,camacari,ISSQN
2024-07-01,2024-07-01,1,2024-08-01,19835674.60459411,20194976.722047225,2023864.217467226,camacari-ISSQN,camacari,ISSQN
2024-07-01,2024-07-01,2,2024-09-01,17906349.079996813,19999170.489236366,2023864.217467226,camacari-ISSQN,camacari,ISSQN
2024-07-01,2024-07-01,3,2024-10-01,20102987.31695594,20747733.05353513,2023864.217467226,camacari-ISSQN,camacari,ISSQN
2024-07-01,2024-07-01,4,2024-11-01,23924007.188177645,20965399.48791012,2023864.217467226,camacari-ISSQN,camacari,ISSQN
2024-07-01,2024-07-01,5,2024-12-01,23738153.513783302,22265720.883843992,2023864.217467226,camacari-ISSQN,camacari,ISSQN
2024-07-01,2024-07-01,6,2025-01-01,23623568.323823698,23045584.983748764,2023864.217467226,camacari-ISSQN,camacari,ISSQN
2024-07-01,2024-07-01,7,2025-02-01,20422464.894915722,20115667.254805107,2023864.217467226,camacari-ISSQN,camacari,ISSQN
2024-07-01,2024-07-01,8,2025-03-01,19211250.317555815,20740639.760545168,2023864.217467226,camacari-ISSQN,camacari,ISSQN
2024-07-01,2024-07-01,9,2025-04-01,20064010.88338034,20645352.431880996,2023864.217467226,camacari-ISSQN,camacari,ISSQN
2024-07-01,2024-07-01,10,2025-05-01,23108414.164161336,19015236.02164799,2023864.217467226,camacari-ISSQN,camacari,ISSQN
2024-07-01,2024-07-01,11,2025-06-01,25608048.4628075,18537053.372069784,2023864.217467226,camacari-ISSQN,camacari,ISSQN
2024-07-01,2024-07-01,12,2025-07-01,21995204.621536642,19725029.725623183,2023864.217467226,camacari-ISSQN,camacari,ISSQN
2024-08-01,2024-08-01,1,2024-09-01,17906349.079996813,19499434.038123425,2021137.3924560896,camacari-ISSQN,camacari,ISSQN
2024-08-01,2024-08-01,2,2024-10-01,20102987.31695594,19499434.038123425,2021137.3924560896,camacari-ISSQN,camacari,ISSQN
2024-08-01,2024-08-01,3,2024-11-01,23924007.188177645,19499434.038123425,2021137.3924560896,camacari-ISSQN,camacari,ISSQN
2024-08-01,2024-08-01,4,2024-12-01,23738153.513783302,19499434.038123425,2021137.3924560896,camacari-ISSQN,camacari,ISSQN
2024-08-01,2024-08-01,5,2025-01-01,23623568.323823698,19499434.038123425,2021137.3924560896,camacari-ISSQN,camacari,ISSQN
2024-08-01,2024-08-01,6,2025-02-01,20422464.894915722,19499434.038123425,2021137.3924560896,camacari-ISSQN,camacari,ISSQN
2024-08-01,2024-08-01,7,2025-03-01,19211250.317555815,19499434.038123425,2021137.3924560896,camacari-ISSQN,camacari,ISSQN
2024-08-01,2024-08-01,8,2025-04-01,20064010.88338034,19499434.038123425,2021137.3924560896,camacari-ISSQN,camacari,ISSQN
2024-08-01,2024-08-01,9,2025-05-01,23108414.164161336,19499434.038123425,2021137.3924560896,camacari-ISSQN,camacari,ISSQN
2024-08-01,2024-08-01,10,2025-06-01,25608048.4628075,19499434.038123425,2021137.3924560896,camacari-ISSQN,camacari,ISSQN
2024-08-01,2024-08-01,11,2025-07-01,21995204.621536642,19499434.038123425,2021137.3924560896,camacari-ISSQN,camacari,ISSQN
2024-08-01,2024-08-01,12,2025-08-01,21128408.23347808,19499434.038123425,2021137.3924560896,camacari-ISSQN,camacari,ISSQN
2024-09-01,2024-09-01,1,2024-10-01,20102987.31695594,19531127.678137995,2021851.7327729582,camacari-ISSQN,camacari,ISSQN
2024-09-01,2024-09-01,2,2024-11-01,23924007.188177645,21068116.79264082,2021851.7327729582,camacari-ISSQN,camacari,ISSQN
2024-09-01,2024-09-01,3,2024-12-01,23738153.513783302,22568278.231185988,2021851.7327729582,camacari-ISSQN,camacari,ISSQN
2024-09-01,2024-09-01,4,2025-01-01,23623568.323823698,23783844.28434482,2021851.7327729582,camacari-ISSQN,camacari,ISSQN
2024-09-01,2024-09-01,5,2025-02-01,20422464.894915722,20027807.357952543,2021851.7327729582,camacari-ISSQN,camacari,ISSQN
2024-09-01,2024-09-01,6,2025-03-01,19211250.317555815,19859753.12812575,2021851.7327729582,camacari-ISSQN,camacari,ISSQN
2024-09-01,2024-09-01,7,2025-04-01,20064010.88338034,19893759.09493736,2021851.7327729582,camacari-ISSQN,camacari,ISSQN
2024-09-01,2024-09-01,8,2025-05-01,23108414.164161336,18325240.16093772,2021851.7327729582,camacari-ISSQN,camacari,ISSQN
2024-09-01,2024-09-01,9,2025-06-01,25608048.4628075,17759581.481309094,2021851.7327729582,camacari-ISSQN,camacari,ISSQN
2024-09-01,2024-09-01,10,2025-07-01,21995204.621536642,19178244.766264476,2021851.7327729582,camacari-ISSQN,camacari,ISSQN
2024-09-01,2024-09-01,11,2025-08-01,21128408.23347808,19793846.897776514,2021851.7327729582,camacari-ISSQN,camacari,ISSQN
2024-09-01,2024-09-01,12,2025-09-01,24511070.04857661,19561869.819120303,2021851.7327729582,camacari-ISSQN,camacari,ISSQN
2024-10-01,2024-10-01,1,2024-11-01,23924007.188177645,19498467.196301926,2006577.6383320212,camacari-ISSQN,camacari,ISSQN
2024-10-01,2024-10-01,2,2024-12-01,23738153.513783302,19498467.196301926,2006577.6383320212,camacari-ISSQN,camacari,ISSQN
2024-10-01,2024-10-01,3,2025-01-01,23623568.323823698,19498467.196301926,2006577.6383320212,camacari-ISSQN,camacari,ISSQN
2024-10-01,2024-10-01,4,2025-02-01,20422464.894915722,19498467.196301926,2006577.6383320212,camacari-ISSQN,camacari,ISSQN
2024-10-01,2024-10-01,5,2025-03-01,19211250.317555815,19498467.196301926,2006577.6383320212,camacari-ISSQN,camacari,ISSQN
2024-10-01,2024-10-01,6,2025-04-01,20064010.88338034,19498467.196301926,2006577.6383320212,camacari-ISSQN,camacari,ISSQN
2024-10-01,2024-10-01,7,2025-05-01,23108414.164161336,19498467.196301926,2006577.6383320212,camacari-ISSQN,camacari,ISSQN
2024-10-01,2024-10-01,8,2025-06-01,25608048.4628075,19498467.196301926,2006577.6383320212,camacari-ISSQN,camacari,ISSQN
2024-10-01,2024-10-01,9,2025-07-01,21995204.621536642,19498467.196301926,2006577.6383320212,camacari-ISSQN,camacari,ISSQN
2024-10-01,2024-10-01,10,2025-08-01,21128408.23347808,19498467.196301926,2006577.6383320212,camacari-ISSQN,camacari,ISSQN
2024-10-01,2024-10-01,11,2025-09-01,24511070.04857661,19498467.196301926,2006577.6383320212,camacari-ISSQN,camacari,ISSQN
2024-10-01,2024-10-01,12,2025-10-01,22282587.251372285,19498467.196301926,2006577.6383320212,camacari-ISSQN,camacari,ISSQN
2024-11-01,2024-11-01,1,2024-12-01,23738153.513783302,22342351.559724852,2003596.583305155,camacari-ISSQN,camacari,ISSQN
2024-11-01,2024-11-01,2,2025-01-01,23623568.323823698,22342351.559724852,2003596.583305155,camacari-ISSQN,camacari,ISSQN
2024-11-01,2024-11-01,3,2025-02-01,20422464.894915722,22342351.559724852,2003596.583305155,camacari-ISSQN,camacari,ISSQN
2024-11-01,2024-11-01,4,2025-03-01,19211250.317555815,22342351.559724852,2003596.583305155,camacari-ISSQN,camacari,ISSQN
2024-11-01,2024-11-01,5,2025-04-01,20064010.88338034,22342351.559724852,2003596.583305155,camacari-ISSQN,camacari,ISSQN
2024-11-01,2024-11-01,6,2025-05-01,23108414.164161336,22342351.559724852,2003596.583305155,camacari-ISSQN,camacari,ISSQN
2024-11-01,2024-11-01,7,2025-06-01,25608048.4628075,22342351.559724852,2003596.583305155,camacari-ISSQN,camacari,ISSQN
2024-11-01,2024-11-01,8,2025-07-01,21995204.621536642,22342351.559724852,2003596.583305155,camacari-ISSQN,camacari,ISSQN
2024-11-01,2024-11-01,9,2025-08-01,21128408.23347808,22342351.559724852,2003596.583305155,camacari-ISSQN,camacari,ISSQN
2024-11-01,2024-11-01,10,2025-09-01,24511070.04857661,22342351.559724852,2003596.583305155,camacari-ISSQN,camacari,ISSQN
2024-11-01,2024-11-01,11,2025-10-01,22282587.251372285,22342351.559724852,2003596.583305155,camacari-ISSQN,camacari,ISSQN
2024-11-01,2024-11-01,12,2025-11-01,25054929.950006504,22342351.559724852,2003596.583305155,camacari-ISSQN,camacari,ISSQN
2024-12-01,2024-12-01,1,2025-01-01,23623568.323823698,24032943.79897413,1986473.0341852186,camacari-ISSQN,camacari,ISSQN
2024-12-01,2024-12-01,2,2025-02-01,20422464.894915722,21082393.254159503,1986473.0341852186,camacari-ISSQN,camacari,ISSQN
2024-12-01,2024-12-01,3,2025-03-01,19211250.317555815,21601263.207066417,1986473.0341852186,camacari-ISSQN,camacari,ISSQN
2024-12-01,2024-12-01,4,2025-04-01,20064010.88338034,20935746.242592216,1986473.0341852186,camacari-ISSQN,camacari,ISSQN
2024-12-01,2024-12-01,5,2025-05-01,23108414.164161336,19957204.90298491,1986473.0341852186,camacari-ISSQN,camacari,ISSQN
2024-12-01,2024-12-01,6,2025-06-01,25608048.4628075,19246763.102876928,1986473.0341852186,camacari-ISSQN,camacari,ISSQN
2024-12-01,2024-12-01,7,2025-07-01,21995204.621536642,20404490.75556731,1986473.0341852186,camacari-ISSQN,camacari,ISSQN
2024-12-01,2024-12-01,8,2025-08-01,21128408.23347808,21231566.370036602,1986473.0341852186,camacari-ISSQN,camacari,ISSQN
2024-12-01,2024-12-01,9,2025-09-01,24511070.04857661,20503263.27597359,1986473.0341852186,camacari-ISSQN,camacari,ISSQN
2024-12-01,2024-12-01,10,2025-10-01,22282587.251372285,21072183.851470865,1986473.0341852186,camacari-ISSQN,camacari,ISSQN
2024-12-01,2024-12-01,11,2025-11-01,25054929.950006504,22113556.149597835,1986473.0341852186,camacari-ISSQN,camacari,ISSQN
2024-12-01,2024-12-01,12,2025-12-01,34645157.78,23376120.339143727,1986473.0341852186,camacari-ISSQN,camacari,ISSQN
2025-01-01,2025-01-01,1,2025-02-01,20422464.894915722,23514232.89837118,1974094.20944375,camacari-ISSQN,camacari,ISSQN
2025-01-01,2025-01-01,2,2025-03-01,19211250.317555815,23514232.89837118,1974094.20944375,camacari-ISSQN,camacari,ISSQN
2025-01-01,2025-01-01,3,2025-04-01,20064010.88338034,23514232.89837118,1974094.20944375,camacari-ISSQN,camacari,ISSQN
2025-01-01,2025-01-01,4,2025-05-01,23108414.164161336,23514232.89837118,1974094.20944375,camacari-ISSQN,camacari,ISSQN
2025-01-01,2025-01-01,5,2025-06-01,25608048.4628075,23514232.89837118,1974094.20944375,camacari-ISSQN,camacari,ISSQN
2025-01-01,2025-01-01,6,2025-07-01,21995204.621536642,23514232.89837118,1974094.20944375,camacari-ISSQN,camacari,ISSQN
2025-01-01,2025-01-01,7,2025-08-01,21128408.23347808,23514232.89837118,1974094.20944375,camacari-ISSQN,camacari,ISSQN
2025-01-01,2025-01-01,8,2025-09-01,24511070.04857661,23514232.89837118,1974094.20944375,camacari-ISSQN,camacari,ISSQN
2025-01-01,2025-01-01,9,2025-10-01,22282587.251372285,23514232.89837118,1974094.20944375,camacari-ISSQN,camacari,ISSQN
2025-01-01,2025-01-01,10,2025-11-01,25054929.950006504,23514232.89837118,1974094.20944375,camacari-ISSQN,camacari,ISSQN
2025-01-01,2025-01-01,11,2025-12-01,34645157.78,23514232.89837118,1974094.20944375,camacari-ISSQN,camacari,ISSQN
2025-02-01,2025-02-01,1,2025-03-01,19211250.317555815,20360498.686911043,1987511.858303646,camacari-ISSQN,camacari,ISSQN
2025-02-01,2025-02-01,2,2025-04-01,20064010.88338034,20079338.163096145,1987511.858303646,camacari-ISSQN,camacari,ISSQN
2025-02-01,2025-02-01,3,2025-05-01,23108414.164161336,19153576.201992176,1987511.858303646,camacari-ISSQN,camacari,ISSQN
2025-02-01,2025-02-01,4,2025-06-01,25608048.4628075,18585652.937616844,1987511.858303646,camacari-ISSQN,camacari,ISSQN
2025-02-01,2025-02-01,5,2025-07-01,21995204.621536642,19784073.760607332,1987511.858303646,camacari-ISSQN,camacari,ISSQN
2025-02-01,2025-02-01,6,2025-08-01,21128408.23347808,20253868.805459674,1987511.858303646,camacari-ISSQN,camacari,ISSQN
2025-02-01,2025-02-01,7,2025-09-01,24511070.04857661,20054179.457550865,1987511.858303646,camacari-ISSQN,camacari,ISSQN
2025-02-01,2025-02-01,8,2025-10-01,22282587.251372285,20211287.428076986,1987511.858303646,camacari-ISSQN,camacari,ISSQN
2025-02-01,2025-02-01,9,2025-11-01,25054929.950006504,21528250.356696144,1987511.858303646,camacari-ISSQN,camacari,ISSQN
2025-02-01,2025-02-01,10,2025-12-01,34645157.78,22940458.338482976,1987511.858303646,camacari-ISSQN,camacari,ISSQN
2025-03-01,2025-03-01,1,2025-04-01,20064010.88338034,19720258.961747903,1987887.7153887814,camacari-ISSQN,camacari,ISSQN
2025-03-01,2025-03-01,2,2025-05-01,23108414.164161336,18552650.93754392,1987887.7153887814,camacari-ISSQN,camacari,ISSQN
2025-03-01,2025-03-01,3,2025-06-01,25608048.4628075,17979912.189331703,1987887.7153887814,camacari-ISSQN,camacari,ISSQN
2025-03-01,2025-03-01,4,2025-07-01,21995204.621536642,19188032.87106968,1987887.7153887814,camacari-ISSQN,camacari,ISSQN
2025-03-01,2025-03-01,5,2025-08-01,21128408.23347808,19765178.071857832,1987887.7153887814,camacari-ISSQN,camacari,ISSQN
2025-03-01,2025-03-01,6,2025-09-01,24511070.04857661,19315730.30424556,1987887.7153887814,camacari-ISSQN,camacari,ISSQN
2025-03-01,2025-03-01,7,2025-10-01,22282587.251372285,19849107.448167402,1987887.7153887814,camacari-ISSQN,camacari,ISSQN
2025-03-01,2025-03-01,8,2025-11-01,25054929.950006504,20994642.54217038,1987887.7153887814,camacari-ISSQN,camacari,ISSQN
2025-03-01,2025-03-01,9,2025-12-01,34645157.78,22291399.173801653,1987887.7153887814,camacari-ISSQN,camacari,ISSQN
2025-04-01,2025-04-01,1,2025-05-01,23108414.164161336,18405474.12965776,1994089.8019712004,camacari-ISSQN,camacari,ISSQN
2025-04-01,2025-04-01,2,2025-06-01,25608048.4628075,17841075.997526787,1994089.8019712004,camacari-ISSQN,camacari,ISSQN
2025-04-01,2025-04-01,3,2025-07-01,21995204.621536642,19052739.483202856,1994089.8019712004,camacari-ISSQN,camacari,ISSQN
2025-04-01,2025-04-01,4,2025-08-01,21128408.23347808,19846590.079940967,1994089.8019712004,camacari-ISSQN,camacari,ISSQN
2025-04-01,2025-04-01,5,2025-09-01,24511070.04857661,19310568.69825576,1994089.8019712004,camacari-ISSQN,camacari,ISSQN
2025-04-01,2025-04-01,6,2025-10-01,22282587.251372285,19949160.68253293,1994089.8019712004,camacari-ISSQN,camacari,ISSQN
2025-04-01,2025-04-01,7,2025-11-01,25054929.950006504,20940284.49949857,1994089.8019712004,camacari-ISSQN,camacari,ISSQN
2025-04-01,2025-04-01,8,2025-12-01,34645157.78,22364604.189602748,1994089.8019712004,camacari-ISSQN,camacari,ISSQN
2025-05-01,2025-05-01,1,2025-06-01,25608048.4628075,22072468.23709376,2008869.651726164,camacari-ISSQN,camacari,ISSQN
2025-05-01,2025-05-01,2,2025-07-01,21995204.621536642,22072468.23709376,2008869.651726164,camacari-ISSQN,camacari,ISSQN
2025-05-01,2025-05-01,3,2025-08-01,21128408.23347808,22072468.23709376,2008869.651726164,camacari-ISSQN,camacari,ISSQN
2025-05-01,2025-05-01,4,2025-09-01,24511070.04857661,22072468.23709376,2008869.651726164,camacari-ISSQN,camacari,ISSQN
2025-05-01,2025-05-01,5,2025-10-01,22282587.251372285,22072468.23709376,2008869.651726164,camacari-ISSQN,camacari,ISSQN
2025-05-01,2025-05-01,6,2025-11-01,25054929.950006504,22072468.23709376,2008869.651726164,camacari-ISSQN,camacari,ISSQN
2025-05-01,2025-05-01,7,2025-12-01,34645157.78,22072468.23709376,2008869.651726164,camacari-ISSQN,camacari,ISSQN
2025-06-01,2025-06-01,1,2025-07-01,21995204.621536642,24555442.36296945,2071203.763905628,camacari-ISSQN,camacari,ISSQN
2025-06-01,2025-06-01,2,2025-08-01,21128408.23347808,24555442.36296945,2071203.763905628,camacari-ISSQN,camacari,ISSQN
2025-06-01,2025-06-01,3,2025-09-01,24511070.04857661,24555442.36296945,2071203.763905628,camacari-ISSQN,camacari,ISSQN
2025-06-01,2025-06-01,4,2025-10-01,22282587.251372285,24555442.36296945,2071203.763905628,camacari-ISSQN,camacari,ISSQN
2025-06-01,2025-06-01,5,2025-11-01,25054929.950006504,24555442.36296945,2071203.763905628,camacari-ISSQN,camacari,ISSQN
2025-06-01,2025-06-01,6,2025-12-01,34645157.78,24555442.36296945,2071203.763905628,camacari-ISSQN,camacari,ISSQN
2025-07-01,2025-07-01,1,2025-08-01,21128408.23347808,22804266.39521863,2075448.7008824549,camacari-ISSQN,camacari,ISSQN
2025-07-01,2025-07-01,2,2025-09-01,24511070.04857661,22804266.39521863,2075448.7008824549,camacari-ISSQN,camacari,ISSQN
2025-07-01,2025-07-01,3,2025-10-01,22282587.251372285,22804266.39521863,2075448.7008824549,camacari-ISSQN,camacari,ISSQN
2025-07-01,2025-07-01,4,2025-11-01,25054929.950006504,22804266.39521863,2075448.7008824549,camacari-ISSQN,camacari,ISSQN
2025-07-01,2025-07-01,5,2025-12-01,34645157.78,22804266.39521863,2075448.7008824549,camacari-ISSQN,camacari,ISSQN
2025-08-01,2025-08-01,1,2025-09-01,24511070.04857661,21649787.100345362,2068701.1571583299,camacari-ISSQN,camacari,ISSQN
2025-08-01,2025-08-01,2,2025-10-01,22282587.251372285,21649787.100345362,2068701.1571583299,camacari-ISSQN,camacari,ISSQN
2025-08-01,2025-08-01,3,2025-11-01,25054929.950006504,21649787.100345362,2068701.1571583299,camacari-ISSQN,camacari,ISSQN
2025-08-01,2025-08-01,4,2025-12-01,34645157.78,21649787.100345362,2068701.1571583299,camacari-ISSQN,camacari,ISSQN
2025-09-01,2025-09-01,1,2025-10-01,22282587.251372285,23563371.433900025,2107470.5572559494,camacari-ISSQN,camacari,ISSQN
2025-09-01,2025-09-01,2,2025-11-01,25054929.950006504,23563371.433900025,2107470.5572559494,camacari-ISSQN,camacari,ISSQN
2025-09-01,2025-09-01,3,2025-12-01,34645157.78,23563371.433900025,2107470.5572559494,camacari-ISSQN,camacari,ISSQN
2025-10-01,2025-10-01,1,2025-11-01,25054929.950006504,22719539.108866118,2108081.823164088,camacari-ISSQN,camacari,ISSQN
2025-10-01,2025-10-01,2,2025-12-01,34645157.78,22719539.108866118,2108081.823164088,camacari-ISSQN,camacari,ISSQN
2025-11-01,2025-11-01,1,2025-12-01,34645157.78,24248465.546705876,2099870.402480599,camacari-ISSQN,camacari,ISSQN
2020-12-01,2020-12-01,1,2021-01-01,1795567.5947821462,1776278.1225954867,953745.3597039464,ilheus-IPTU,ilheus,IPTU
2020-12-01,2020-12-01,2,2021-02-01,3299371.1233388623,6283874.396171034,953745.3597039464,ilheus-IPTU,ilheus,IPTU
2020-12-01,2020-12-01,3,2021-03-01,5552858.751004397,4037719.4177463157,953745.3597039464,ilheus-IPTU,ilheus,IPTU
2020-12-01,2020-12-01,4,2021-04-01,6389822.232549553,3810681.12092435,953745.3597039464,ilheus-IPTU,ilheus,IPTU
2020-12-01,2020-12-01,5,2021-05-01,2697666.1907480466,3154953.0317953685,953745.3597039464,ilheus-IPTU,ilheus,IPTU
2020-12-01,2020-12-01,6,2021-06-01,2339335.1332101556,1997720.3856539624,953745.3597039464,ilheus-IPTU,ilheus,IPTU
2020-12-01,2020-12-01,7,2021-07-01,2272131.235213842,1806891.614661574,953745.3597039464,ilheus-IPTU,ilheus,IPTU
2020-12-01,2020-12-01,8,2021-08-01,2213100.429243627,2102270.4465631954,953745.3597039464,ilheus-IPTU,ilheus,IPTU
2020-12-01,2020-12-01,9,2021-09-01,2623149.9363260926,1692384.2468699527,953745.3597039464,ilheus-IPTU,ilheus,IPTU
2020-12-01,2020-12-01,10,2021-10-01,1271908.2831416863,1801083.6399062807,953745.3597039464,ilheus-IPTU,ilheus,IPTU
2020-12-01,2020-12-01,11,2021-11-01,974523.3692654738,1728526.519127123,953745.3597039464,ilheus-IPTU,ilheus,IPTU
2020-12-01,2020-12-01,12,2021-12-01,1072570.4015688638,1814793.8773066867,953745.3597039464,ilheus-IPTU,ilheus,IPTU
2021-01-01,2021-01-01,1,2021-02-01,3299371.1233388623,4902849.156705884,944553.3693287106,ilheus-IPTU,ilheus,IPTU
2021-01-01,2021-01-01,2,2021-03-01,5552858.751004397,3579570.6335188877,944553.3693287106,ilheus-IPTU,ilheus,IPTU
2021-01-01,2021-01-01,3,2021-04-01,6389822.232549553,3433524.1143192435,944553.3693287106,ilheus-IPTU,ilheus,IPTU
2021-01-01,2021-01-01,4,2021-05-01,2697666.1907480466,2888039.394280516,944553.3693287106,ilheus-IPTU,ilheus,IPTU
2021-01-01,2021-01-01,5,2021-06-01,2339335.1332101556,1630661.8846185398,944553.3693287106,ilheus-IPTU,ilheus,IPTU
2021-01-01,2021-01-01,6,2021-07-01,2272131.235213842,1540848.0183935375,944553.3693287106,ilheus-IPTU,ilheus,IPTU
2021-01-01,2021-01-01,7,2021-08-01,2213100.429243627,1853087.909493039,944553.3693287106,ilheus-IPTU,ilheus,IPTU
2021-01-01,2021-01-01,8,2021-09-01,2623149.9363260926,1424197.9085049147,944553.3693287106,ilheus-IPTU,ilheus,IPTU
2021-01-01,2021-01-01,9,2021-10-01,1271908.2831416863,1522396.4181284383,944553.3693287106,ilheus-IPTU,ilheus,IPTU
2021-01-01,2021-01-01,10,2021-11-01,974523.3692654738,1390944.7446401685,944553.3693287106,ilheus-IPTU,ilheus,IPTU
2021-01-01,2021-01-01,11,2021-12-01,1072570.4015688638,1448156.7046735557,944553.3693287106,ilheus-IPTU,ilheus,IPTU
2021-01-01,2021-01-01,12,2022-01-01,2343065.624318597,1554096.7903568454,944553.3693287106,ilheus-IPTU,ilheus,IPTU
2021-02-01,2021-02-01,1,2021-03-01,5552858.751004397,3510232.051671101,950325.8501224922,ilheus-IPTU,ilheus,IPTU
2021-02-01,2021-02-01,2,2021-04-01,6389822.232549553,3330968.033103538,950325.8501224922,ilheus-IPTU,ilheus,IPTU
2021-02-01,2021-02-01,3,2021-05-01,2697666.1907480466,2703378.5040347343,950325.8501224922,ilheus-IPTU,ilheus,IPTU
2021-02-01,2021-02-01,4,2021-06-01,2339335.1332101556,1506239.701196787,950325.8501224922,ilheus-IPTU,ilheus,IPTU
2021-02-01,2021-02-01,5,2021-07-01,2272131.235213842,1422493.2853699564,950325.8501224922,ilheus-IPTU,ilheus,IPTU
2021-02-01,2021-02-01,6,2021-08-01,2213100.429243627,1736795.7267870551,950325.8501224922,ilheus-IPTU,ilheus,IPTU
2021-02-01,2021-02-01,7,2021-09-01,2623149.9363260926,1301994.3617324494,950325.8501224922,ilheus-IPTU,ilheus,IPTU
2021-02-01,2021-02-01,8,2021-10-01,1271908.2831416863,1406705.8358519375,950325.8501224922,ilheus-IPTU,ilheus,IPTU
2021-02-01,2021-02-01,9,2021-11-01,974523.3692654738,1260953.0789998907,950325.8501224922,ilheus-IPTU,ilheus,IPTU
2021-02-01,2021-02-01,10,2021-12-01,1072570.4015688638,1322131.3695210011,950325.8501224922,ilheus-IPTU,ilheus,IPTU
2021-02-01,2021-02-01,11,2022-01-01,2343065.624318597,1432243.8787708455,950325.8501224922,ilheus-IPTU,ilheus,IPTU
2021-02-01,2021-02-01,12,2022-02-01,2250002.33291625,4805105.558773924,950325.8501224922,ilheus-IPTU,ilheus,IPTU
2021-03-01,2021-03-01,1,2021-04-01,6389822.232549553,3773808.2435033144,971895.7524619619,ilheus-IPTU,ilheus,IPTU
2021-03-01,2021-03-01,2,2021-05-01,2697666.1907480466,3160232.60562349,971895.7524619619,ilheus-IPTU,ilheus,IPTU
2021-03-01,2021-03-01,3,2021-06-01,2339335.1332101556,1994502.82907977,971895.7524619619,ilheus-IPTU,ilheus,IPTU
2021-03-01,2021-03-01,4,2021-07-01,2272131.235213842,1791946.7757379352,971895.7524619619,ilheus-IPTU,ilheus,IPTU
2021-03-01,2021-03-01,5,2021-08-01,2213100.429243627,2120643.373103655,971895.7524619619,ilheus-IPTU,ilheus,IPTU
2021-03-01,2021-03-01,6,2021-09-01,2623149.9363260926,1686058.4047028515,971895.7524619619,ilheus-IPTU,ilheus,IPTU
2021-03-01,2021-03-01,7,2021-10-01,1271908.2831416863,1786895.886477381,971895.7524619619,ilheus-IPTU,ilheus,IPTU
2021-03-01,2021-03-01,8,2021-11-01,974523.3692654738,1750798.9126335268,971895.7524619619,ilheus-IPTU,ilheus,IPTU
2021-03-01,2021-03-01,9,2021-12-01,1072570.4015688638,1824405.307420869,971895.7524619619,ilheus-IPTU,ilheus,IPTU
2021-03-01,2021-03-01,10,2022-01-01,2343065.624318597,1968906.2971590161,971895.7524619619,ilheus-IPTU,ilheus,IPTU
2021-03-01,2021-03-01,11,2022-02-01,2250002.33291625,5881152.7757315505,971895.7524619619,ilheus-IPTU,ilheus,IPTU
2021-03-01,2021-03-01,12,2022-03-01,4925305.417483921,4535215.70075451,971895.7524619619,ilheus-IPTU,ilheus,IPTU
2021-04-01,2021-04-01,1,2021-05-01,2697666.1907480466,3082580.9423335455,1008483.884375433,ilheus-IPTU,ilheus,IPTU
2021-04-01,2021-04-01,2,2021-06-01,2339335.1332101556,1929345.4807245345,1008483.884375433,ilheus-IPTU,ilheus,IPTU
2021-04-01,2021-04-01,3,2021-07-01,2272131.235213842,1861154.125756869,1008483.884375433,ilheus-IPTU,ilheus,IPTU
2021-04-01,2021-04-01,4,2021-08-01,2213100.429243627,2166451.8476714864,1008483.884375433,ilheus-IPTU,ilheus,IPTU
2021-04-01,2021-04-01,5,2021-09-01,2623149.9363260926,1731699.360605018,1008483.884375433,ilheus-IPTU,ilheus,IPTU
2021-04-01,2021-04-01,6,2021-10-01,1271908.2831416863,1823757.632835181,1008483.884375433,ilheus-IPTU,ilheus,IPTU
2021-04-01,2021-04-01,7,2021-11-01,974523.3692654738,1664925.270395704,1008483.884375433,ilheus-IPTU,ilheus,IPTU
2021-04-01,2021-04-01,8,2021-12-01,1072570.4015688638,1727839.3877357107,1008483.884375433,ilheus-IPTU,ilheus,IPTU
2021-04-01,2021-04-01,9,2022-01-01,2343065.624318597,1821994.4647841319,1008483.884375433,ilheus-IPTU,ilheus,IPTU
2021-04-01,2021-04-01,10,2022-02-01,2250002.33291625,5058152.663419478,1008483.884375433,ilheus-IPTU,ilheus,IPTU
2021-04-01,2021-04-01,11,2022-03-01,4925305.417483921,4187637.9875744674,1008483.884375433,ilheus-IPTU,ilheus,IPTU
2021-04-01,2021-04-01,12,2022-04-01,8219106.086628274,4051207.0661706496,1008483.884375433,ilheus-IPTU,ilheus,IPTU
2021-05-01,2021-05-01,1,2021-06-01,2339335.1332101556,2076268.1823753999,1004766.2318088748,ilheus-IPTU,ilheus,IPTU
2021-05-01,2021-05-01,2,2021-07-01,2272131.235213842,1870474.687756346,1004766.2318088748,ilheus-IPTU,ilheus,IPTU
2021-05-01,2021-05-01,3,2021-08-01,2213100.429243627,2157826.493220117,1004766.2318088748,ilheus-IPTU,ilheus,IPTU
2021-05-01,2021-05-01,4,2021-09-01,2623149.9363260926,1746625.2140766634,1004766.2318088748,ilheus-IPTU,ilheus,IPTU
2021-05-01,2021-05-01,5,2021-10-01,1271908.2831416863,1843033.2179763673,1004766.2318088748,ilheus-IPTU,ilheus,IPTU
2021-05-01,2021-05-01,6,2021-11-01,974523.3692654738,1802575.0295447484,1004766.2318088748,ilheus-IPTU,ilheus,IPTU
2021-05-01,2021-05-01,7,2021-12-01,1072570.4015688638,1892229.0000719957,1004766.2318088748,ilheus-IPTU,ilheus,IPTU
2021-05-01,2021-05-01,8,2022-01-01,2343065.624318597,2062114.9426897336,1004766.2318088748,ilheus-IPTU,ilheus,IPTU
2021-05-01,2021-05-01,9,2022-02-01,2250002.33291625,5953222.7360450355,1004766.2318088748,ilheus-IPTU,ilheus,IPTU
2021-05-01,2021-05-01,10,2022-03-01,4925305.417483921,4521578.0180680305,1004766.2318088748,ilheus-IPTU,ilheus,IPTU
2021-05-01,2021-05-01,11,2022-04-01,8219106.086628274,4374497.626736186,1004766.2318088748,ilheus-IPTU,ilheus,IPTU
2021-05-01,2021-05-01,12,2022-05-01,2431580.1184551804,2894556.315825005,1004766.2318088748,ilheus-IPTU,ilheus,IPTU
2021-06-01,2021-06-01,1,2021-07-01,2272131.235213842,1905755.5091845714,1004986.782898596,ilheus-IPTU,ilheus,IPTU
2021-06-01,2021-06-01,2,2021-08-01,2213100.429243627,2184174.206444652,1004986.782898596,ilheus-IPTU,ilheus,IPTU
2021-06-01,2021-06-01,3,2021-09-01,2623149.9363260926,1786747.2499184157,1004986.782898596,ilheus-IPTU,ilheus,IPTU
2021-06-01,2021-06-01,4,2021-10-01,1271908.2831416863,1866016.4790669645,1004986.782898596,ilheus-IPTU,ilheus,IPTU
2021-06-01,2021-06-01,5,2021-11-01,974523.3692654738,1842710.0593962213,1004986.782898596,ilheus-IPTU,ilheus,IPTU
2021-06-01,2021-06-01,6,2021-12-01,1072570.4015688638,1934748.1645481354,1004986.782898596,ilheus-IPTU,ilheus,IPTU
2021-06-01,2021-06-01,7,2022-01-01,2343065.624318597,2088530.5604086178,1004986.782898596,ilheus-IPTU,ilheus,IPTU
2021-06-01,2021-06-01,8,2022-02-01,2250002.33291625,6064238.338285294,1004986.782898596,ilheus-IPTU,ilheus,IPTU
2021-06-01,2021-06-01,9,2022-03-01,4925305.417483921,4575314.806720262,1004986.782898596,ilheus-IPTU,ilheus,IPTU
2021-06-01,2021-06-01,10,2022-04-01,8219106.086628274,4407483.704291867,1004986.782898596,ilheus-IPTU,ilheus,IPTU
2021-06-01,2021-06-01,11,2022-05-01,2431580.1184551804,2926563.017228311,1004986.782898596,ilheus-IPTU,ilheus,IPTU
2021-06-01,2021-06-01,12,2022-06-01,2631240.8458854207,2164236.4711191114,1004986.782898596,ilheus-IPTU,ilheus,IPTU
2021-07-01,2021-07-01,1,2021-08-01,2213100.429243627,2181471.1025425354,998766.7261971788,ilheus-IPTU,ilheus,IPTU
2021-07-01,2021-07-01,2,2021-09-01,2623149.9363260926,1784128.3369791948,998766.7261971788,ilheus-IPTU,ilheus,IPTU
2021-07-01,2021-07-01,3,2021-10-01,1271908.2831416863,1872438.3959255395,998766.7261971788,ilheus-IPTU,ilheus,IPTU
2021-07-01,2021-07-01,4,2021-11-01,974523.3692654738,1836276.6081336353,998766.7261971788,ilheus-IPTU,ilheus,IPTU
2021-07-01,2021-07-01,5,2021-12-01,1072570.4015688638,1935824.1247809187,998766.7261971788,ilheus-IPTU,ilheus,IPTU
2021-07-01,2021-07-01,6,2022-01-01,2343065.624318597,2097070.698616691,998766.7261971788,ilheus-IPTU,ilheus,IPTU
2021-07-01,2021-07-01,7,2022-02-01,2250002.33291625,6039234.528378928,998766.7261971788,ilheus-IPTU,ilheus,IPTU
2021-07-01,2021-07-01,8,2022-03-01,4925305.417483921,4557964.156457953,998766.7261971788,ilheus-IPTU,ilheus,IPTU
2021-07-01,2021-07-01,9,2022-04-01,8219106.086628274,4373677.758157698,998766.7261971788,ilheus-IPTU,ilheus,IPTU
2021-07-01,2021-07-01,10,2022-05-01,2431580.1184551804,2940201.252052727,998766.7261971788,ilheus-IPTU,ilheus,IPTU
2021-07-01,2021-07-01,11,2022-06-01,2631240.8458854207,2158027.1563331042,998766.7261971788,ilheus-IPTU,ilheus,IPTU
2021-07-01,2021-07-01,12,2022-07-01,1925861.261515704,2102050.860911611,998766.7261971788,ilheus-IPTU,ilheus,IPTU
2021-08-01,2021-08-01,1,2021-09-01,2623149.9363260926,1837563.7475840477,984193.3541854223,ilheus-IPTU,ilheus,IPTU
2021-08-01,2021-08-01,2,2021-10-01,1271908.2831416863,1925241.110418695,984193.3541854223,ilheus-IPTU,ilheus,IPTU
2021-08-01,2021-08-01,3,2021-11-01,974523.3692654738,1778980.2429786583,984193.3541854223,ilheus-IPTU,ilheus,IPTU
2021-08-01,2021-08-01,4,2021-12-01,1072570.4015688638,1860565.130654194,984193.3541854223,ilheus-IPTU,ilheus,IPTU
2021-08-01,2021-08-01,5,2022-01-01,2343065.624318597,1940699.8899205239,984193.3541854223,ilheus-IPTU,ilheus,IPTU
2021-08-01,2021-08-01,6,2022-02-01,2250002.33291625,5161552.523035765,984193.3541854223,ilheus-IPTU,ilheus,IPTU
2021-08-01,2021-08-01,7,2022-03-01,4925305.417483921,4350183.459276865,984193.3541854223,ilheus-IPTU,ilheus,IPTU
2021-08-01,2021-08-01,8,2022-04-01,8219106.086628274,4095866.636701824,984193.3541854223,ilheus-IPTU,ilheus,IPTU
2021-08-01,2021-08-01,9,2022-05-01,2431580.1184551804,2848162.069479647,984193.3541854223,ilheus-IPTU,ilheus,IPTU
2021-08-01,2021-08-01,10,2022-06-01,2631240.8458854207,2034294.0535804564,984193.3541854223,ilheus-IPTU,ilheus,IPTU
2021-08-01,2021-08-01,11,2022-07-01,1925861.261515704,2003104.2900509727,984193.3541854223,ilheus-IPTU,ilheus,IPTU
2021-08-01,2021-08-01,12,2022-08-01,2006116.8972595204,2472663.6853944114,984193.3541854223,ilheus-IPTU,ilheus,IPTU
2021-09-01,2021-09-01,1,2021-10-01,1271908.2831416863,2069025.4956277292,983524.3319020569,ilheus-IPTU,ilheus,IPTU
2021-09-01,2021-09-01,2,2021-11-01,974523.3692654738,1888231.1563307787,983524.3319020569,ilheus-IPTU,ilheus,IPTU
2021-09-01,2021-09-01,3,2021-12-01,1072570.4015688638,1960541.1441972656,983524.3319020569,ilheus-IPTU,ilheus,IPTU
2021-09-01,2021-09-01,4,2022-01-01,2343065.624318597,2026108.3461425402,983524.3319020569,ilheus-IPTU,ilheus,IPTU
2021-09-01,2021-09-01,5,2022-02-01,2250002.33291625,5364009.33281322,983524.3319020569,ilheus-IPTU,ilheus,IPTU
2021-09-01,2021-09-01,6,2022-03-01,4925305.417483921,4547087.503648881,983524.3319020569,ilheus-IPTU,ilheus,IPTU
2021-09-01,2021-09-01,7,2022-04-01,8219106.086628274,4398192.29384812,983524.3319020569,ilheus-IPTU,ilheus,IPTU
2021-09-01,2021-09-01,8,2022-05-01,2431580.1184551804,2893052.694445777,983524.3319020569,ilheus-IPTU,ilheus,IPTU
2021-09-01,2021-09-01,9,2022-06-01,2631240.8458854207,2187235.6166897425,983524.3319020569,ilheus-IPTU,ilheus,IPTU
2021-09-01,2021-09-01,10,2022-07-01,1925861.261515704,2170962.4658862473,983524.3319020569,ilheus-IPTU,ilheus,IPTU
2021-09-01,2021-09-01,11,2022-08-01,2006116.8972595204,2455632.073032774,983524.3319020569,ilheus-IPTU,ilheus,IPTU
2021-09-01,2021-09-01,12,2022-09-01,1876735.4807647243,2073549.969103822,983524.3319020569,ilheus-IPTU,ilheus,IPTU
2021-10-01,2021-10-01,1,2021-11-01,974523.3692654738,1762187.3155881139,980050.0037243485,ilheus-IPTU,ilheus,IPTU
2021-10-01,2021-10-01,2,2021-12-01,1072570.4015688638,1827070.718702218,980050.0037243485,ilheus-IPTU,ilheus,IPTU
2021-10-01,2021-10-01,3,2022-01-01,2343065.624318597,1883876.139475568,980050.0037243485,ilheus-IPTU,ilheus,IPTU
2021-10-01,2021-10-01,4,2022-02-01,2250002.33291625,5253408.207781021,980050.0037243485,ilheus-IPTU,ilheus,IPTU
2021-10-01,2021-10-01,5,2022-03-01,4925305.417483921,4467530.023846715,980050.0037243485,ilheus-IPTU,ilheus,IPTU
2021-10-01,2021-10-01,6,2022-04-01,8219106.086628274,4328877.807057615,980050.0037243485,ilheus-IPTU,ilheus,IPTU
2021-10-01,2021-10-01,7,2022-05-01,2431580.1184551804,2799851.500871939,980050.0037243485,ilheus-IPTU,ilheus,IPTU
2021-10-01,2021-10-01,8,2022-06-01,2631240.8458854207,2070355.272413304,980050.0037243485,ilheus-IPTU,ilheus,IPTU
2021-10-01,2021-10-01,9,2022-07-01,1925861.261515704,2060865.329652707,980050.0037243485,ilheus-IPTU,ilheus,IPTU
2021-10-01,2021-10-01,10,2022-08-01,2006116.8972595204,2346316.8712047683,980050.0037243485,ilheus-IPTU,ilheus,IPTU
2021-10-01,2021-10-01,11,2022-09-01,1876735.4807647243,1969704.020094853,980050.0037243485,ilheus-IPTU,ilheus,IPTU
2021-10-01,2021-10-01,12,2022-10-01,2213546.4406881514,1993328.5881796875,980050.0037243485,ilheus-IPTU,ilheus,IPTU
2021-11-01,2021-11-01,1,2021-12-01,1072570.4015688638,1700945.792543315,977789.2178096024,ilheus-IPTU,ilheus,IPTU
2021-11-01,2021-11-01,2,2022-01-01,2343065.624318597,1763969.4996796786,977789.2178096024,ilheus-IPTU,ilheus,IPTU
2021-11-01,2021-11-01,3,2022-02-01,2250002.33291625,5127248.077670604,977789.2178096024,ilheus-IPTU,ilheus,IPTU
2021-11-01,2021-11-01,4,2022-03-01,4925305.417483921,4382077.4451623345,977789.2178096024,ilheus-IPTU,ilheus,IPTU
2021-11-01,2021-11-01,5,2022-04-01,8219106.086628274,4241533.479505356,977789.2178096024,ilheus-IPTU,ilheus,IPTU
2021-11-01,2021-11-01,6,2022-05-01,2431580.1184551804,2694197.1294876393,977789.2178096024,ilheus-IPTU,ilheus,IPTU
2021-11-01,2021-11-01,7,2022-06-01,2631240.8458854207,1951492.3751307256,977789.2178096024,ilheus-IPTU,ilheus,IPTU
2021-11-01,2021-11-01,8,2022-07-01,1925861.261515704,1948180.5450603154,977789.2178096024,ilheus-IPTU,ilheus,IPTU
2021-11-01,2021-11-01,9,2022-08-01,2006116.8972595204,2238567.916039603,977789.2178096024,ilheus-IPTU,ilheus,IPTU
2021-11-01,2021-11-01,10,2022-09-01,1876735.4807647243,1865223.18770712,977789.2178096024,ilheus-IPTU,ilheus,IPTU
2021-11-01,2021-11-01,11,2022-10-01,2213546.4406881514,1876189.1293211116,977789.2178096024,ilheus-IPTU,ilheus,IPTU
2021-11-01,2021-11-01,12,2022-11-01,1586036.0844479885,1636940.6333821872,977789.2178096024,ilheus-IPTU,ilheus,IPTU
2021-12-01,2021-12-01,1,2022-01-01,2343065.624318597,1706050.102086299,974374.5533589215,ilheus-IPTU,ilheus,IPTU
2021-12-01,2021-12-01,2,2022-02-01,2250002.33291625,5074747.916492045,974374.5533589215,ilheus-IPTU,ilheus,IPTU
2021-12-01,2021-12-01,3,2022-03-01,4925305.417483921,4286257.268689798,974374.5533589215,ilheus-IPTU,ilheus,IPTU
2021-12-01,2021-12-01,4,2022-04-01,8219106.086628274,4152342.102001339,974374.5533589215,ilheus-IPTU,ilheus,IPTU
2021-12-01,2021-12-01,5,2022-05-01,2431580.1184551804,2576352.964512499,974374.5533589215,ilheus-IPTU,ilheus,IPTU
2021-12-01,2021-12-01,6,2022-06-01,2631240.8458854207,1871378.6484217653,974374.5533589215,ilheus-IPTU,ilheus,IPTU
2021-12-01,2021-12-01,7,2022-07-01,1925861.261515704,1864871.7384738633,974374.5533589215,ilheus-IPTU,ilheus,IPTU
2021-12-01,2021-12-01,8,2022-08-01,2006116.8972595204,2163293.442180198,974374.5533589215,ilheus-IPTU,ilheus,IPTU
2021-12-01,2021-12-01,9,2022-09-01,1876735.4807647243,1786894.6399935544,974374.5533589215,ilheus-IPTU,ilheus,IPTU
2021-12-01,2021-12-01,10,2022-10-01,2213546.4406881514,1798884.813142437,974374.5533589215,ilheus-IPTU,ilheus,IPTU
2021-12-01,2021-12-01,11,2022-11-01,1586036.0844479885,1569195.2455539214,974374.5533589215,ilheus-IPTU,ilheus,IPTU
2021-12-01,2021-12-01,12,2022-12-01,1694091.5193373812,1584303.5414136748,974374.5533589215,ilheus-IPTU,ilheus,IPTU
2022-01-01,2022-01-01,1,2022-02-01,2250002.33291625,5755344.084547345,968526.9297449152,ilheus-IPTU,ilheus,IPTU
2022-01-01,2022-01-01,2,2022-03-01,4925305.417483921,4381258.054261419,968526.9297449152,ilheus-IPTU,ilheus,IPTU
2022-01-01,2022-01-01,3,2022-04-01,8219106.086628274,4166342.642273382,968526.9297449152,ilheus-IPTU,ilheus,IPTU
2022-01-01,2022-01-01,4,2022-05-01,2431580.1184551804,2863197.500659881,968526.9297449152,ilheus-IPTU,ilheus,IPTU
2022-01-01,2022-01-01,5,2022-06-01,2631240.8458854207,2074724.5840892964,968526.9297449152,ilheus-IPTU,ilheus,IPTU
2022-01-01,2022-01-01,6,2022-07-01,1925861.261515704,1983104.1182539135,968526.9297449152,ilheus-IPTU,ilheus,IPTU
2022-01-01,2022-01-01,7,2022-08-01,2006116.8972595204,2284703.4227939695,968526.9297449152,ilheus-IPTU,ilheus,IPTU
2022-01-01,2022-01-01,8,2022-09-01,1876735.4807647243,1873195.0690007727,968526.9297449152,ilheus-IPTU,ilheus,IPTU
2022-01-01,2022-01-01,9,2022-10-01,2213546.4406881514,1894060.077461943,968526.9297449152,ilheus-IPTU,ilheus,IPTU
2022-01-01,2022-01-01,10,2022-11-01,1586036.0844479885,1713532.0958440842,968526.9297449152,ilheus-IPTU,ilheus,IPTU
2022-01-01,2022-01-01,11,2022-12-01,1694091.5193373812,1703798.6613407976,968526.9297449152,ilheus-IPTU,ilheus,IPTU
2022-01-01,2022-01-01,12,2023-01-01,1843283.8297266124,1895829.168183804,968526.9297449152,ilheus-IPTU,ilheus,IPTU
2022-02-01,2022-02-01,1,2022-03-01,4925305.417483921,4051874.2349570864,969619.387321641,ilheus-IPTU,ilheus,IPTU
2022-02-01,2022-02-01,2,2022-04-01,8219106.086628274,3919245.0239100885,969619.387321641,ilheus-IPTU,ilheus,IPTU
2022-02-01,2022-02-01,3,2022-05-01,2431580.1184551804,2474149.1359927487,969619.387321641,ilheus-IPTU,ilheus,IPTU
2022-02-01,2022-02-01,4,2022-06-01,2631240.8458854207,1775629.767087834,969619.387321641,ilheus-IPTU,ilheus,IPTU
2022-02-01,2022-02-01,5,2022-07-01,1925861.261515704,1729185.933278813,969619.387321641,ilheus-IPTU,ilheus,IPTU
2022-02-01,2022-02-01,6,2022-08-01,2006116.8972595204,2023027.3092399142,969619.387321641,ilheus-IPTU,ilheus,IPTU
2022-02-01,2022-02-01,7,2022-09-01,1876735.4807647243,1635507.0181883154,969619.387321641,ilheus-IPTU,ilheus,IPTU
2022-02-01,2022-02-01,8,2022-10-01,2213546.4406881514,1672798.3996511963,969619.387321641,ilheus-IPTU,ilheus,IPTU
2022-02-01,2022-02-01,9,2022-11-01,1586036.0844479885,1463120.8475441588,969619.387321641,ilheus-IPTU,ilheus,IPTU
2022-02-01,2022-02-01,10,2022-12-01,1694091.5193373812,1475833.2545303204,969619.387321641,ilheus-IPTU,ilheus,IPTU
2022-02-01,2022-02-01,11,2023-01-01,1843283.8297266124,1615044.55307423,969619.387321641,ilheus-IPTU,ilheus,IPTU
2022-02-01,2022-02-01,12,2023-02-01,2815202.2643191377,4271420.228774147,969619.387321641,ilheus-IPTU,ilheus,IPTU
2022-03-01,2022-03-01,1,2022-04-01,8219106.086628274,3993863.1723076925,965058.506604292,ilheus-IPTU,ilheus,IPTU
2022-03-01,2022-03-01,2,2022-05-01,2431580.1184551804,2519426.756708268,965058.506604292,ilheus-IPTU,ilheus,IPTU
2022-03-01,2022-03-01,3,2022-06-01,2631240.8458854207,1820033.9015423125,965058.506604292,ilheus-IPTU,ilheus,IPTU
2022-03-01,2022-03-01,4,2022-07-01,1925861.261515704,1781119.664922704,965058.506604292,ilheus-IPTU,ilheus,IPTU
2022-03-01,2022-03-01,5,2022-08-01,2006116.8972595204,2083948.217255156,965058.506604292,ilheus-IPTU,ilheus,IPTU
2022-03-01,2022-03-01,6,2022-09-01,1876735.4807647243,1691916.5726683226,965058.506604292,ilheus-IPTU,ilheus,IPTU
2022-03-01,2022-03-01,7,2022-10-01,2213546.4406881514,1727009.4476227365,965058.506604292,ilheus-IPTU,ilheus,IPTU
2022-03-01,2022-03-01,8,2022-11-01,1586036.0844479885,1508270.0241987717,965058.506604292,ilheus-IPTU,ilheus,IPTU
2022-03-01,2022-03-01,9,2022-12-01,1694091.5193373812,1529329.8728327593,965058.506604292,ilheus-IPTU,ilheus,IPTU
2022-03-01,2022-03-01,10,2023-01-01,1843283.8297266124,1660399.7107697185,965058.506604292,ilheus-IPTU,ilheus,IPTU
2022-03-01,2022-03-01,11,2023-02-01,2815202.2643191377,4322414.7744641565,965058.506604292,ilheus-IPTU,ilheus,IPTU
2022-03-01,2022-03-01,12,2023-03-01,6457345.5598513875,4281674.410197489,965058.506604292,ilheus-IPTU,ilheus,IPTU
2022-04-01,2022-04-01,1,2022-05-01,2431580.1184551804,2755889.7053315253,976429.8927552714,ilheus-IPTU,ilheus,IPTU
2022-04-01,2022-04-01,2,2022-06-01,2631240.8458854207,2134898.644576268,976429.8927552714,ilheus-IPTU,ilheus,IPTU
2022-04-01,2022-04-01,3,2022-07-01,1925861.261515704,2078973.6593707781,976429.8927552714,ilheus-IPTU,ilheus,IPTU
2022-04-01,2022-04-01,4,2022-08-01,2006116.8972595204,2345535.0446266416,976429.8927552714,ilheus-IPTU,ilheus,IPTU
2022-04-01,2022-04-01,5,2022-09-01,1876735.4807647243,1949556.0163789005,976429.8927552714,ilheus-IPTU,ilheus,IPTU
2022-04-01,2022-04-01,6,2022-10-01,2213546.4406881514,1964313.195785014,976429.8927552714,ilheus-IPTU,ilheus,IPTU
2022-04-01,2022-04-01,7,2022-11-01,1586036.0844479885,1774186.3372309473,976429.8927552714,ilheus-IPTU,ilheus,IPTU
2022-04-01,2022-04-01,8,2022-12-01,1694091.5193373812,1776439.6447430437,976429.8927552714,ilheus-IPTU,ilheus,IPTU
2022-04-01,2022-04-01,9,2023-01-01,1843283.8297266124,1936052.1724083228,976429.8927552714,ilheus-IPTU,ilheus,IPTU
2022-04-01,2022-04-01,10,2023-02-01,2815202.2643191377,4907074.517641239,976429.8927552714,ilheus-IPTU,ilheus,IPTU
2022-04-01,2022-04-01,11,2023-03-01,6457345.5598513875,4793661.997319949,976429.8927552714,ilheus-IPTU,ilheus,IPTU
2022-04-01,2022-04-01,12,2023-04-01,7796975.713490462,5294686.359709547,976429.8927552714,ilheus-IPTU,ilheus,IPTU
2022-05-01,2022-05-01,1,2022-06-01,2631240.8458854207,2129344.428376416,967204.6483336816,ilheus-IPTU,ilheus,IPTU
2022-05-01,2022-05-01,2,2022-07-01,1925861.261515704,2054054.7895796169,967204.6483336816,ilheus-IPTU,ilheus,IPTU
2022-05-01,2022-05-01,3,2022-08-01,2006116.8972595204,2379255.0217796504,967204.6483336816,ilheus-IPTU,ilheus,IPTU
2022-05-01,2022-05-01,4,2022-09-01,1876735.4807647243,1944365.3771863931,967204.6483336816,ilheus-IPTU,ilheus,IPTU
2022-05-01,2022-05-01,5,2022-10-01,2213546.4406881514,1961201.1396021098,967204.6483336816,ilheus-IPTU,ilheus,IPTU
2022-05-01,2022-05-01,6,2022-11-01,1586036.0844479885,1773460.13539858,967204.6483336816,ilheus-IPTU,ilheus,IPTU
2022-05-01,2022-05-01,7,2022-12-01,1694091.5193373812,1774819.0220135816,967204.6483336816,ilheus-IPTU,ilheus,IPTU
2022-05-01,2022-05-01,8,2023-01-01,1843283.8297266124,1946861.330789052,967204.6483336816,ilheus-IPTU,ilheus,IPTU
2022-05-01,2022-05-01,9,2023-02-01,2815202.2643191377,5077574.399326159,967204.6483336816,ilheus-IPTU,ilheus,IPTU
2022-05-01,2022-05-01,10,2023-03-01,6457345.5598513875,4821043.602476556,967204.6483336816,ilheus-IPTU,ilheus,IPTU
2022-05-01,2022-05-01,11,2023-04-01,7796975.713490462,5405197.557307741,967204.6483336816,ilheus-IPTU,ilheus,IPTU
2022-05-01,2022-05-01,12,2023-05-01,3071104.1275374345,3003551.2323924825,967204.6483336816,ilheus-IPTU,ilheus,IPTU
2022-06-01,2022-06-01,1,2022-07-01,1925861.261515704,2181705.6542210635,958546.9696713942,ilheus-IPTU,ilheus,IPTU
2022-06-01,2022-06-01,2,2022-08-01,2006116.8972595204,2494184.131099276,958546.9696713942,ilheus-IPTU,ilheus,IPTU
2022-06-01,2022-06-01,3,2022-09-01,1876735.4807647243,2062585.659467846,958546.9696713942,ilheus-IPTU,ilheus,IPTU
2022-06-01,2022-06-01,4,2022-10-01,2213546.4406881514,2099252.158111767,958546.9696713942,ilheus-IPTU,ilheus,IPTU
2022-06-01,2022-06-01,5,2022-11-01,1586036.0844479885,1914795.3959790175,958546.9696713942,ilheus-IPTU,ilheus,IPTU
2022-06-01,2022-06-01,6,2022-12-01,1694091.5193373812,1924464.9524780652,958546.9696713942,ilheus-IPTU,ilheus,IPTU
2022-06-01,2022-06-01,7,2023-01-01,1843283.8297266124,2076190.8897417155,958546.9696713942,ilheus-IPTU,ilheus,IPTU
2022-06-01,2022-06-01,8,2023-02-01,2815202.2643191377,5232330.291055031,958546.9696713942,ilheus-IPTU,ilheus,IPTU
2022-06-01,2022-06-01,9,2023-03-01,6457345.5598513875,5008998.222434119,958546.9696713942,ilheus-IPTU,ilheus,IPTU
2022-06-01,2022-06-01,10,2023-04-01,7796975.713490462,5561935.058852479,958546.9696713942,ilheus-IPTU,ilheus,IPTU
2022-06-01,2022-06-01,11,2023-05-01,3071104.1275374345,3139189.2705188524,958546.9696713942,ilheus-IPTU,ilheus,IPTU
2022-06-01,2022-06-01,12,2023-06-01,1730961.630794251,2287455.380752002,958546.9696713942,ilheus-IPTU,ilheus,IPTU
2022-07-01,2022-07-01,1,2022-08-01,2006116.8972595204,2402659.107626358,950796.6279502137,ilheus-IPTU,ilheus,IPTU
2022-07-01,2022-07-01,2,2022-09-01,1876735.4807647243,1975182.9882463613,950796.6279502137,ilheus-IPTU,ilheus,IPTU
2022-07-01,2022-07-01,3,2022-10-01,2213546.4406881514,2002680.7691725185,950796.6279502137,ilheus-IPTU,ilheus,IPTU
2022-07-01,2022-07-01,4,2022-11-01,1586036.0844479885,1814588.736865543,950796.6279502137,ilheus-IPTU,ilheus,IPTU
2022-07-01,2022-07-01,5,2022-12-01,1694091.5193373812,1824490.4910850027,950796.6279502137,ilheus-IPTU,ilheus,IPTU
2022-07-01,2022-07-01,6,2023-01-01,1843283.8297266124,1960543.5392154744,950796.6279502137,ilheus-IPTU,ilheus,IPTU
2022-07-01,2022-07-01,7,2023-02-01,2815202.2643191377,5150166.052773699,950796.6279502137,ilheus-IPTU,ilheus,IPTU
2022-07-01,2022-07-01,8,2023-03-01,6457345.5598513875,4911581.329055915,950796.6279502137,ilheus-IPTU,ilheus,IPTU
2022-07-01,2022-07-01,9,2023-04-01,7796975.713490462,5473657.459206222,950796.6279502137,ilheus-IPTU,ilheus,IPTU
2022-07-01,2022-07-01,10,2023-05-01,3071104.1275374345,2996175.2137710312,950796.6279502137,ilheus-IPTU,ilheus,IPTU
2022-07-01,2022-07-01,11,2023-06-01,1730961.630794251,2170057.383212959,950796.6279502137,ilheus-IPTU,ilheus,IPTU
2022-07-01,2022-07-01,12,2023-07-01,1301640.6279949658,2124239.7770801466,950796.6279502137,ilheus-IPTU,ilheus,IPTU
2022-08-01,2022-08-01,1,2022-09-01,1876735.4807647243,2036977.2756847735,941498.9642506375,ilheus-IPTU,ilheus,IPTU
2022-08-01,2022-08-01,2,2022-10-01,2213546.4406881514,2096580.6164781984,941498.9642506375,ilheus-IPTU,ilheus,IPTU
2022-08-01,2022-08-01,3,2022-11-01,1586036.0844479885,1915406.7206850753,941498.9642506375,ilheus-IPTU,ilheus,IPTU
2022-08-01,2022-08-01,4,2022-12-01,1694091.5193373812,1903187.6742632168,941498.9642506375,ilheus-IPTU,ilheus,IPTU
2022-08-01,2022-08-01,5,2023-01-01,1843283.8297266124,2094826.2310614593,941498.9642506375,ilheus-IPTU,ilheus,IPTU
2022-08-01,2022-08-01,6,2023-02-01,2815202.2643191377,5133096.56921253,941498.9642506375,ilheus-IPTU,ilheus,IPTU
2022-08-01,2022-08-01,7,2023-03-01,6457345.5598513875,5017941.963383289,941498.9642506375,ilheus-IPTU,ilheus,IPTU
2022-08-01,2022-08-01,8,2023-04-01,7796975.713490462,5494199.905290129,941498.9642506375,ilheus-IPTU,ilheus,IPTU
2022-08-01,2022-08-01,9,2023-05-01,3071104.1275374345,3076878.8651968064,941498.9642506375,ilheus-IPTU,ilheus,IPTU
2022-08-01,2022-08-01,10,2023-06-01,1730961.630794251,2262538.544528194,941498.9642506375,ilheus-IPTU,ilheus,IPTU
2022-08-01,2022-08-01,11,2023-07-01,1301640.6279949658,2245359.086780265,941498.9642506375,ilheus-IPTU,ilheus,IPTU
2022-08-01,2022-08-01,12,2023-08-01,2424253.599531383,2622580.23975927,941498.9642506375,ilheus-IPTU,ilheus,IPTU
2022-09-01,2022-09-01,1,2022-10-01,2213546.4406881514,2039298.841320478,939090.5135260785,ilheus-IPTU,ilheus,IPTU
2022-09-01,2022-09-01,2,2022-11-01,1586036.0844479885,1857236.6324785892,939090.5135260785,ilheus-IPTU,ilheus,IPTU
2022-09-01,2022-09-01,3,2022-12-01,1694091.5193373812,1844948.0704599856,939090.5135260785,ilheus-IPTU,ilheus,IPTU
2022-09-01,2022-09-01,4,2023-01-01,1843283.8297266124,2009245.564657541,939090.5135260785,ilheus-IPTU,ilheus,IPTU
2022-09-01,2022-09-01,5,2023-02-01,2815202.2643191377,5185601.187375683,939090.5135260785,ilheus-IPTU,ilheus,IPTU
2022-09-01,2022-09-01,6,2023-03-01,6457345.5598513875,4944139.253361839,939090.5135260785,ilheus-IPTU,ilheus,IPTU
2022-09-01,2022-09-01,7,2023-04-01,7796975.713490462,5476574.858592032,939090.5135260785,ilheus-IPTU,ilheus,IPTU
2022-09-01,2022-09-01,8,2023-05-01,3071104.1275374345,3069664.1750036934,939090.5135260785,ilheus-IPTU,ilheus,IPTU
2022-09-01,2022-09-01,9,2023-06-01,1730961.630794251,2197845.2449090895,939090.5135260785,ilheus-IPTU,ilheus,IPTU
2022-09-01,2022-09-01,10,2023-07-01,1301640.6279949658,2178994.2915778295,939090.5135260785,ilheus-IPTU,ilheus,IPTU
2022-09-01,2022-09-01,11,2023-08-01,2424253.599531383,2553361.045934231,939090.5135260785,ilheus-IPTU,ilheus,IPTU
2022-09-01,2022-09-01,12,2023-09-01,2013764.6094781046,2146814.1154021895,939090.5135260785,ilheus-IPTU,ilheus,IPTU
2022-10-01,2022-10-01,1,2022-11-01,1586036.0844479885,1851508.9329212487,939121.5823555954,ilheus-IPTU,ilheus,IPTU
2022-10-01,2022-10-01,2,2022-12-01,1694091.5193373812,1839853.4489724233,939121.5823555954,ilheus-IPTU,ilheus,IPTU
2022-10-01,2022-10-01,3,2023-01-01,1843283.8297266124,2053394.539403955,939121.5823555954,ilheus-IPTU,ilheus,IPTU
2022-10-01,2022-10-01,4,2023-02-01,2815202.2643191377,5107630.260812973,939121.5823555954,ilheus-IPTU,ilheus,IPTU
2022-10-01,2022-10-01,5,2023-03-01,6457345.5598513875,5006493.70381834,939121.5823555954,ilheus-IPTU,ilheus,IPTU
2022-10-01,2022-10-01,6,2023-04-01,7796975.713490462,5596081.773276719,939121.5823555954,ilheus-IPTU,ilheus,IPTU
2022-10-01,2022-10-01,7,2023-05-01,3071104.1275374345,2951543.8742449377,939121.5823555954,ilheus-IPTU,ilheus,IPTU
2022-10-01,2022-10-01,8,2023-06-01,1730961.630794251,2221578.6169465682,939121.5823555954,ilheus-IPTU,ilheus,IPTU
2022-10-01,2022-10-01,9,2023-07-01,1301640.6279949658,2174923.072477918,939121.5823555954,ilheus-IPTU,ilheus,IPTU
2022-10-01,2022-10-01,10,2023-08-01,2424253.599531383,2537959.5083769346,939121.5823555954,ilheus-IPTU,ilheus,IPTU
2022-10-01,2022-10-01,11,2023-09-01,2013764.6094781046,2170251.4394062045,939121.5823555954,ilheus-IPTU,ilheus,IPTU
2022-10-01,2022-10-01,12,2023-10-01,1586701.2293386583,2232498.7669058726,939121.5823555954,ilheus-IPTU,ilheus,IPTU
2022-11-01,2022-11-01,1,2022-12-01,1694091.5193373812,1738616.7096474958,935174.4875703775,ilheus-IPTU,ilheus,IPTU
2022-11-01,2022-11-01,2,2023-01-01,1843283.8297266124,1886130.933959496,935174.4875703775,ilheus-IPTU,ilheus,IPTU
2022-11-01,2022-11-01,3,2023-02-01,2815202.2643191377,5066172.68096176,935174.4875703775,ilheus-IPTU,ilheus,IPTU
2022-11-01,2022-11-01,4,2023-03-01,6457345.5598513875,4863477.952001875,935174.4875703775,ilheus-IPTU,ilheus,IPTU
2022-11-01,2022-11-01,5,2023-04-01,7796975.713490462,5470375.410713177,935174.4875703775,ilheus-IPTU,ilheus,IPTU
2022-11-01,2022-11-01,6,2023-05-01,3071104.1275374345,2853671.464452142,935174.4875703775,ilheus-IPTU,ilheus,IPTU
2022-11-01,2022-11-01,7,2023-06-01,1730961.630794251,2079860.8873992816,935174.4875703775,ilheus-IPTU,ilheus,IPTU
2022-11-01,2022-11-01,8,2023-07-01,1301640.6279949658,2025069.9251898215,935174.4875703775,ilheus-IPTU,ilheus,IPTU
2022-11-01,2022-11-01,9,2023-08-01,2424253.599531383,2381583.489525521,935174.4875703775,ilheus-IPTU,ilheus,IPTU
2022-11-01,2022-11-01,10,2023-09-01,2013764.6094781046,2043880.9699077401,935174.4875703775,ilheus-IPTU,ilheus,IPTU
2022-11-01,2022-11-01,11,2023-10-01,1586701.2293386583,2016984.0516652137,935174.4875703775,ilheus-IPTU,ilheus,IPTU
2022-11-01,2022-11-01,12,2023-11-01,1229128.6609010594,1762154.1512755996,935174.4875703775,ilheus-IPTU,ilheus,IPTU
2022-12-01,2022-12-01,1,2023-01-01,1843283.8297266124,1747653.930384895,931440.5188822601,ilheus-IPTU,ilheus,IPTU
2022-12-01,2022-12-01,2,2023-02-01,2815202.2643191377,5118366.481523475,931440.5188822601,ilheus-IPTU,ilheus,IPTU
2022-12-01,2022-12-01,3,2023-03-01,6457345.5598513875,4882411.833342096,931440.5188822601,ilheus-IPTU,ilheus,IPTU
2022-12-01,2022-12-01,4,2023-04-01,7796975.713490462,5437881.467041927,931440.5188822601,ilheus-IPTU,ilheus,IPTU
2022-12-01,2022-12-01,5,2023-05-01,3071104.1275374345,2717191.412266251,931440.5188822601,ilheus-IPTU,ilheus,IPTU
2022-12-01,2022-12-01,6,2023-06-01,1730961.630794251,2023763.7358795095,931440.5188822601,ilheus-IPTU,ilheus,IPTU
2022-12-01,2022-12-01,7,2023-07-01,1301640.6279949658,1932936.2746513132,931440.5188822601,ilheus-IPTU,ilheus,IPTU
2022-12-01,2022-12-01,8,2023-08-01,2424253.599531383,2223686.0472034737,931440.5188822601,ilheus-IPTU,ilheus,IPTU
2022-12-01,2022-12-01,9,2023-09-01,2013764.6094781046,1884415.1681645708,931440.5188822601,ilheus-IPTU,ilheus,IPTU
2022-12-01,2022-12-01,10,2023-10-01,1586701.2293386583,1876047.8345219584,931440.5188822601,ilheus-IPTU,ilheus,IPTU
2022-12-01,2022-12-01,11,2023-11-01,1229128.6609010594,1569529.7358344623,931440.5188822601,ilheus-IPTU,ilheus,IPTU
2022-12-01,2022-12-01,12,2023-12-01,1538686.7153930117,1571495.6019297051,931440.5188822601,ilheus-IPTU,ilheus,IPTU
2023-01-01,2023-01-01,1,2023-02-01,2815202.2643191377,4963861.775882579,926362.1809494332,ilheus-IPTU,ilheus,IPTU
2023-01-01,2023-01-01,2,2023-03-01,6457345.5598513875,4843055.0653321445,926362.1809494332,ilheus-IPTU,ilheus,IPTU
2023-01-01,2023-01-01,3,2023-04-01,7796975.713490462,5493707.238903453,926362.1809494332,ilheus-IPTU,ilheus,IPTU
2023-01-01,2023-01-01,4,2023-05-01,3071104.1275374345,2770238.248136732,926362.1809494332,ilheus-IPTU,ilheus,IPTU
2023-01-01,2023-01-01,5,2023-06-01,1730961.630794251,2051801.616303599,926362.1809494332,ilheus-IPTU,ilheus,IPTU
2023-01-01,2023-01-01,6,2023-07-01,1301640.6279949658,1972196.677882798,926362.1809494332,ilheus-IPTU,ilheus,IPTU
2023-01-01,2023-01-01,7,2023-08-01,2424253.599531383,2346135.3153336574,926362.1809494332,ilheus-IPTU,ilheus,IPTU
2023-01-01,2023-01-01,8,2023-09-01,2013764.6094781046,1974232.0811029759,926362.1809494332,ilheus-IPTU,ilheus,IPTU
2023-01-01,2023-01-01,9,2023-10-01,1586701.2293386583,1965540.3611336378,926362.1809494332,ilheus-IPTU,ilheus,IPTU
2023-01-01,2023-01-01,10,2023-11-01,1229128.6609010594,1707345.1216164967,926362.1809494332,ilheus-IPTU,ilheus,IPTU
2023-01-01,2023-01-01,11,2023-12-01,1538686.7153930117,1674257.1145907908,926362.1809494332,ilheus-IPTU,ilheus,IPTU
2023-01-01,2023-01-01,12,2024-01-01,2421833.300556963,2018441.8341357438,926362.1809494332,ilheus-IPTU,ilheus,IPTU
2023-02-01,2023-02-01,1,2023-03-01,6457345.5598513875,5011070.015859485,922162.6199081944,ilheus-IPTU,ilheus,IPTU
2023-02-01,2023-02-01,2,2023-04-01,7796975.713490462,5786325.789469782,922162.6199081944,ilheus-IPTU,ilheus,IPTU
2023-02-01,2023-02-01,3,2023-05-01,3071104.1275374345,2857331.263710942,922162.6199081944,ilheus-IPTU,ilheus,IPTU
2023-02-01,2023-02-01,4,2023-06-01,1730961.630794251,2105877.998864813,922162.6199081944,ilheus-IPTU,ilheus,IPTU
2023-02-01,2023-02-01,5,2023-07-01,1301640.6279949658,2004521.5526363666,922162.6199081944,ilheus-IPTU,ilheus,IPTU
2023-02-01,2023-02-01,6,2023-08-01,2424253.599531383,2294750.1514182845,922162.6199081944,ilheus-IPTU,ilheus,IPTU
2023-02-01,2023-02-01,7,2023-09-01,2013764.6094781046,1972551.737646325,922162.6199081944,ilheus-IPTU,ilheus,IPTU
2023-02-01,2023-02-01,8,2023-10-01,1586701.2293386583,1938438.426204868,922162.6199081944,ilheus-IPTU,ilheus,IPTU
2023-02-01,2023-02-01,9,2023-11-01,1229128.6609010594,1645248.340470435,922162.6199081944,ilheus-IPTU,ilheus,IPTU
2023-02-01,2023-02-01,10,2023-12-01,1538686.7153930117,1643869.7532777113,922162.6199081944,ilheus-IPTU,ilheus,IPTU
2023-02-01,2023-02-01,11,2024-01-01,2421833.300556963,1988965.690671287,922162.6199081944,ilheus-IPTU,ilheus,IPTU
2023-02-01,2023-02-01,12,2024-02-01,2645795.772083337,3651186.924034932,922162.6199081944,ilheus-IPTU,ilheus,IPTU
2023-03-01,2023-03-01,1,2023-04-01,7796975.713490462,5745794.526279054,929172.7063732435,ilheus-IPTU,ilheus,IPTU
2023-03-01,2023-03-01,2,2023-05-01,3071104.1275374345,2890603.6761625307,929172.7063732435,ilheus-IPTU,ilheus,IPTU
2023-03-01,2023-03-01,3,2023-06-01,1730961.630794251,2147069.566897789,929172.7063732435,ilheus-IPTU,ilheus,IPTU
2023-03-01,2023-03-01,4,2023-07-01,1301640.6279949658,1971804.2479177832,929172.7063732435,ilheus-IPTU,ilheus,IPTU
2023-03-01,2023-03-01,5,2023-08-01,2424253.599531383,2216142.6562811043,929172.7063732435,ilheus-IPTU,ilheus,IPTU
2023-03-01,2023-03-01,6,2023-09-01,2013764.6094781046,1938413.5469219836,929172.7063732435,ilheus-IPTU,ilheus,IPTU
2023-03-01,2023-03-01,7,2023-10-01,1586701.2293386583,1873428.7895736739,929172.7063732435,ilheus-IPTU,ilheus,IPTU
2023-03-01,2023-03-01,8,2023-11-01,1229128.6609010594,1547811.6954807339,929172.7063732435,ilheus-IPTU,ilheus,IPTU
2023-03-01,2023-03-01,9,2023-12-01,1538686.7153930117,1495519.0766062846,929172.7063732435,ilheus-IPTU,ilheus,IPTU
2023-03-01,2023-03-01,10,2024-01-01,2421833.300556963,1905122.9775336264,929172.7063732435,ilheus-IPTU,ilheus,IPTU
2023-03-01,2023-03-01,11,2024-02-01,2645795.772083337,3436028.59473263,929172.7063732435,ilheus-IPTU,ilheus,IPTU
2023-03-01,2023-03-01,12,2024-03-01,5197363.375781737,5070763.445822709,929172.7063732435,ilheus-IPTU,ilheus,IPTU
2023-04-01,2023-04-01,1,2023-05-01,3071104.1275374345,2853586.171146391,923410.8616773863,ilheus-IPTU,ilheus,IPTU
2023-04-01,2023-04-01,2,2023-06-01,1730961.630794251,2112709.730830353,923410.8616773863,ilheus-IPTU,ilheus,IPTU
2023-04-01,2023-04-01,3,2023-07-01,1301640.6279949658,2029408.5865331292,923410.8616773863,ilheus-IPTU,ilheus,IPTU
2023-04-01,2023-04-01,4,2023-08-01,2424253.599531383,2334996.9068698273,923410.8616773863,ilheus-IPTU,ilheus,IPTU
2023-04-01,2023-04-01,5,2023-09-01,2013764.6094781046,2021513.3308044898,923410.8616773863,ilheus-IPTU,ilheus,IPTU
2023-04-01,2023-04-01,6,2023-10-01,1586701.2293386583,2008974.4967447398,923410.8616773863,ilheus-IPTU,ilheus,IPTU
2023-04-01,2023-04-01,7,2023-11-01,1229128.6609010594,1713961.5008841732,923410.8616773863,ilheus-IPTU,ilheus,IPTU
2023-04-01,2023-04-01,8,2023-12-01,1538686.7153930117,1728732.0312575966,923410.8616773863,ilheus-IPTU,ilheus,IPTU
2023-04-01,2023-04-01,9,2024-01-01,2421833.300556963,2084419.7608778728,923410.8616773863,ilheus-IPTU,ilheus,IPTU
2023-04-01,2023-04-01,10,2024-02-01,2645795.772083337,3579797.933334322,923410.8616773863,ilheus-IPTU,ilheus,IPTU
2023-04-01,2023-04-01,11,2024-03-01,5197363.375781737,5092098.245201485,923410.8616773863,ilheus-IPTU,ilheus,IPTU
2023-04-01,2023-04-01,12,2024-04-01,8479100.268538596,6383133.963219286,923410.8616773863,ilheus-IPTU,ilheus,IPTU
2023-05-01,2023-05-01,1,2023-06-01,1730961.630794251,2071843.03800483,920221.1217605872,ilheus-IPTU,ilheus,IPTU
2023-05-01,2023-05-01,2,2023-07-01,1301640.6279949658,1974864.8435589625,920221.1217605872,ilheus-IPTU,ilheus,IPTU
2023-05-01,2023-05-01,3,2023-08-01,2424253.599531383,2316048.6138471104,920221.1217605872,ilheus-IPTU,ilheus,IPTU
2023-05-01,2023-05-01,4,2023-09-01,2013764.6094781046,1961998.207907302,920221.1217605872,ilheus-IPTU,ilheus,IPTU
2023-05-01,2023-05-01,5,2023-10-01,1586701.2293386583,1973331.1900355252,920221.1217605872,ilheus-IPTU,ilheus,IPTU
2023-05-01,2023-05-01,6,2023-11-01,1229128.6609010594,1686082.3339926938,920221.1217605872,ilheus-IPTU,ilheus,IPTU
2023-05-01,2023-05-01,7,2023-12-01,1538686.7153930117,1677761.15917985,920221.1217605872,ilheus-IPTU,ilheus,IPTU
2023-05-01,2023-05-01,8,2024-01-01,2421833.300556963,2043138.8864486793,920221.1217605872,ilheus-IPTU,ilheus,IPTU
2023-05-01,2023-05-01,9,2024-02-01,2645795.772083337,3558308.94659551,920221.1217605872,ilheus-IPTU,ilheus,IPTU
2023-05-01,2023-05-01,10,2024-03-01,5197363.375781737,5049347.985596923,920221.1217605872,ilheus-IPTU,ilheus,IPTU
2023-05-01,2023-05-01,11,2024-04-01,8479100.268538596,6328849.83015687,920221.1217605872,ilheus-IPTU,ilheus,IPTU
2023-05-01,2023-05-01,12,2024-05-01,3547912.302911079,3170427.067212074,920221.1217605872,ilheus-IPTU,ilheus,IPTU
2023-06-01,2023-06-01,1,2023-07-01,1301640.6279949658,1986950.0743895797,919999.5450198159,ilheus-IPTU,ilheus,IPTU
2023-06-01,2023-06-01,2,2023-08-01,2424253.599531383,2295601.4968867656,919999.5450198159,ilheus-IPTU,ilheus,IPTU
2023-06-01,2023-06-01,3,2023-09-01,2013764.6094781046,1974444.4053507987,919999.5450198159,ilheus-IPTU,ilheus,IPTU
2023-06-01,2023-06-01,4,2023-10-01,1586701.2293386583,1957438.8025991903,919999.5450198159,ilheus-IPTU,ilheus,IPTU
2023-06-01,2023-06-01,5,2023-11-01,1229128.6609010594,1662934.9607059502,919999.5450198159,ilheus-IPTU,ilheus,IPTU
2023-06-01,2023-06-01,6,2023-12-01,1538686.7153930117,1662313.6102239762,919999.5450198159,ilheus-IPTU,ilheus,IPTU
2023-06-01,2023-06-01,7,2024-01-01,2421833.300556963,2039941.3268695287,919999.5450198159,ilheus-IPTU,ilheus,IPTU
2023-06-01,2023-06-01,8,2024-02-01,2645795.772083337,3559005.1536367824,919999.5450198159,ilheus-IPTU,ilheus,IPTU
2023-06-01,2023-06-01,9,2024-03-01,5197363.375781737,5063059.376330594,919999.5450198159,ilheus-IPTU,ilheus,IPTU
2023-06-01,2023-06-01,10,2024-04-01,8479100.268538596,6409212.902361806,919999.5450198159,ilheus-IPTU,ilheus,IPTU
2023-06-01,2023-06-01,11,2024-05-01,3547912.302911079,3118496.5249178912,919999.5450198159,ilheus-IPTU,ilheus,IPTU
2023-06-01,2023-06-01,12,2024-06-01,1346108.831895152,2107160.626019825,919999.5450198159,ilheus-IPTU,ilheus,IPTU
2023-07-01,2023-07-01,1,2023-08-01,2424253.599531383,2232355.8390275333,916749.2273110348,ilheus-IPTU,ilheus,IPTU
2023-07-01,2023-07-01,2,2023-09-01,2013764.6094781046,1984860.1796906386,916749.2273110348,ilheus-IPTU,ilheus,IPTU
2023-07-01,2023-07-01,3,2023-10-01,1586701.2293386583,1846326.4601480113,916749.2273110348,ilheus-IPTU,ilheus,IPTU
2023-07-01,2023-07-01,4,2023-11-01,1229128.6609010594,1533931.8435471412,916749.2273110348,ilheus-IPTU,ilheus,IPTU
2023-07-01,2023-07-01,5,2023-12-01,1538686.7153930117,1603160.1909938538,916749.2273110348,ilheus-IPTU,ilheus,IPTU
2023-07-01,2023-07-01,6,2024-01-01,2421833.300556963,1884174.6675939853,916749.2273110348,ilheus-IPTU,ilheus,IPTU
2023-07-01,2023-07-01,7,2024-02-01,2645795.772083337,3310719.0066519096,916749.2273110348,ilheus-IPTU,ilheus,IPTU
2023-07-01,2023-07-01,8,2024-03-01,5197363.375781737,4878179.109083012,916749.2273110348,ilheus-IPTU,ilheus,IPTU
2023-07-01,2023-07-01,9,2024-04-01,8479100.268538596,6196311.6288818605,916749.2273110348,ilheus-IPTU,ilheus,IPTU
2023-07-01,2023-07-01,10,2024-05-01,3547912.302911079,2956464.417011123,916749.2273110348,ilheus-IPTU,ilheus,IPTU
2023-07-01,2023-07-01,11,2024-06-01,1346108.831895152,1913580.2588654868,916749.2273110348,ilheus-IPTU,ilheus,IPTU
2023-07-01,2023-07-01,12,2024-07-01,1525676.4134805854,1755852.894229698,916749.2273110348,ilheus-IPTU,ilheus,IPTU
2023-08-01,2023-08-01,1,2023-09-01,2013764.6094781046,1992551.1379390617,911329.5259519133,ilheus-IPTU,ilheus,IPTU
2023-08-01,2023-08-01,2,2023-10-01,1586701.2293386583,1871546.1943207388,911329.5259519133,ilheus-IPTU,ilheus,IPTU
2023-08-01,2023-08-01,3,2023-11-01,1229128.6609010594,1580014.111483314,911329.5259519133,ilheus-IPTU,ilheus,IPTU
2023-08-01,2023-08-01,4,2023-12-01,1538686.7153930117,1626859.3155012608,911329.5259519133,ilheus-IPTU,ilheus,IPTU
2023-08-01,2023-08-01,5,2024-01-01,2421833.300556963,1915330.887313656,911329.5259519133,ilheus-IPTU,ilheus,IPTU
2023-08-01,2023-08-01,6,2024-02-01,2645795.772083337,3341451.3549369536,911329.5259519133,ilheus-IPTU,ilheus,IPTU
2023-08-01,2023-08-01,7,2024-03-01,5197363.375781737,4867848.128880089,911329.5259519133,ilheus-IPTU,ilheus,IPTU
2023-08-01,2023-08-01,8,2024-04-01,8479100.268538596,6210880.083442211,911329.5259519133,ilheus-IPTU,ilheus,IPTU
2023-08-01,2023-08-01,9,2024-05-01,3547912.302911079,3011773.377694876,911329.5259519133,ilheus-IPTU,ilheus,IPTU
2023-08-01,2023-08-01,10,2024-06-01,1346108.831895152,1917280.6781551524,911329.5259519133,ilheus-IPTU,ilheus,IPTU
2023-08-01,2023-08-01,11,2024-07-01,1525676.4134805854,1763245.2705244427,911329.5259519133,ilheus-IPTU,ilheus,IPTU
2023-08-01,2023-08-01,12,2024-08-01,1524774.8231291657,2301733.3238134086,911329.5259519133,ilheus-IPTU,ilheus,IPTU
2023-09-01,2023-09-01,1,2023-10-01,1586701.2293386583,1924213.1681078514,903003.7152289185,ilheus-IPTU,ilheus,IPTU
2023-09-01,2023-09-01,2,2023-11-01,1229128.6609010594,1617587.5111063034,903003.7152289185,ilheus-IPTU,ilheus,IPTU
2023-09-01,2023-09-01,3,2023-12-01,1538686.7153930117,1618101.7317731031,903003.7152289185,ilheus-IPTU,ilheus,IPTU
2023-09-01,2023-09-01,4,2024-01-01,2421833.300556963,1969630.7143829097,903003.7152289185,ilheus-IPTU,ilheus,IPTU
2023-09-01,2023-09-01,5,2024-02-01,2645795.772083337,3558457.5150211398,903003.7152289185,ilheus-IPTU,ilheus,IPTU
2023-09-01,2023-09-01,6,2024-03-01,5197363.375781737,5091581.815276495,903003.7152289185,ilheus-IPTU,ilheus,IPTU
2023-09-01,2023-09-01,7,2024-04-01,8479100.268538596,6474975.824399527,903003.7152289185,ilheus-IPTU,ilheus,IPTU
2023-09-01,2023-09-01,8,2024-05-01,3547912.302911079,3036466.800438623,903003.7152289185,ilheus-IPTU,ilheus,IPTU
2023-09-01,2023-09-01,9,2024-06-01,1346108.831895152,2057721.9672760363,903003.7152289185,ilheus-IPTU,ilheus,IPTU
2023-09-01,2023-09-01,10,2024-07-01,1525676.4134805854,1886585.0596598512,903003.7152289185,ilheus-IPTU,ilheus,IPTU
2023-09-01,2023-09-01,11,2024-08-01,1524774.8231291657,2458566.2410977846,903003.7152289185,ilheus-IPTU,ilheus,IPTU
2023-09-01,2023-09-01,12,2024-09-01,2251010.9817227167,2058147.2795751274,903003.7152289185,ilheus-IPTU,ilheus,IPTU
2023-10-01,2023-10-01,1,2023-11-01,1229128.6609010594,1457474.2400680932,900065.8588046691,ilheus-IPTU,ilheus,IPTU
2023-10-01,2023-10-01,2,2023-12-01,1538686.7153930117,1400645.9122314488,900065.8588046691,ilheus-IPTU,ilheus,IPTU
2023-10-01,2023-10-01,3,2024-01-01,2421833.300556963,1827825.227855881,900065.8588046691,ilheus-IPTU,ilheus,IPTU
2023-10-01,2023-10-01,4,2024-02-01,2645795.772083337,3243333.2133094817,900065.8588046691,ilheus-IPTU,ilheus,IPTU
2023-10-01,2023-10-01,5,2024-03-01,5197363.375781737,4740711.817814301,900065.8588046691,ilheus-IPTU,ilheus,IPTU
2023-10-01,2023-10-01,6,2024-04-01,8479100.268538596,5993513.623166696,900065.8588046691,ilheus-IPTU,ilheus,IPTU
2023-10-01,2023-10-01,7,2024-05-01,3547912.302911079,2666923.369876691,900065.8588046691,ilheus-IPTU,ilheus,IPTU
2023-10-01,2023-10-01,8,2024-06-01,1346108.831895152,1844830.5216333554,900065.8588046691,ilheus-IPTU,ilheus,IPTU
2023-10-01,2023-10-01,9,2024-07-01,1525676.4134805854,1681819.8326726104,900065.8588046691,ilheus-IPTU,ilheus,IPTU
2023-10-01,2023-10-01,10,2024-08-01,1524774.8231291657,2147039.8401072673,900065.8588046691,ilheus-IPTU,ilheus,IPTU
2023-10-01,2023-10-01,11,2024-09-01,2251010.9817227167,1892261.3186355224,900065.8588046691,ilheus-IPTU,ilheus,IPTU
2023-10-01,2023-10-01,12,2024-10-01,2022162.6259630015,1802002.0666802793,900065.8588046691,ilheus-IPTU,ilheus,IPTU
2023-11-01,2023-11-01,1,2023-12-01,1538686.7153930117,1399647.9091604215,894348.4015914297,ilheus-IPTU,ilheus,IPTU
2023-11-01,2023-11-01,2,2024-01-01,2421833.300556963,1841441.8077683398,894348.4015914297,ilheus-IPTU,ilheus,IPTU
2023-11-01,2023-11-01,3,2024-02-01,2645795.772083337,3237302.010343899,894348.4015914297,ilheus-IPTU,ilheus,IPTU
2023-11-01,2023-11-01,4,2024-03-01,5197363.375781737,4694563.43402537,894348.4015914297,ilheus-IPTU,ilheus,IPTU
2023-11-01,2023-11-01,5,2024-04-01,8479100.268538596,6099214.041409851,894348.4015914297,ilheus-IPTU,ilheus,IPTU
2023-11-01,2023-11-01,6,2024-05-01,3547912.302911079,2551757.2293205755,894348.4015914297,ilheus-IPTU,ilheus,IPTU
2023-11-01,2023-11-01,7,2024-06-01,1346108.831895152,1834469.401980702,894348.4015914297,ilheus-IPTU,ilheus,IPTU
2023-11-01,2023-11-01,8,2024-07-01,1525676.4134805854,1670551.2557005489,894348.4015914297,ilheus-IPTU,ilheus,IPTU
2023-11-01,2023-11-01,9,2024-08-01,1524774.8231291657,2094573.8838126098,894348.4015914297,ilheus-IPTU,ilheus,IPTU
2023-11-01,2023-11-01,10,2024-09-01,2251010.9817227167,1898713.1063222014,894348.4015914297,ilheus-IPTU,ilheus,IPTU
2023-11-01,2023-11-01,11,2024-10-01,2022162.6259630015,1773566.6065464914,894348.4015914297,ilheus-IPTU,ilheus,IPTU
2023-11-01,2023-11-01,12,2024-11-01,2201702.753328437,1473697.0215399985,894348.4015914297,ilheus-IPTU,ilheus,IPTU
2023-12-01,2023-12-01,1,2024-01-01,2421833.300556963,1802488.2565047282,886651.072449273,ilheus-IPTU,ilheus,IPTU
2023-12-01,2023-12-01,2,2024-02-01,2645795.772083337,3204432.023058292,886651.072449273,ilheus-IPTU,ilheus,IPTU
2023-12-01,2023-12-01,3,2024-03-01,5197363.375781737,4733713.369850989,886651.072449273,ilheus-IPTU,ilheus,IPTU
2023-12-01,2023-12-01,4,2024-04-01,8479100.268538596,6069742.795326445,886651.072449273,ilheus-IPTU,ilheus,IPTU
2023-12-01,2023-12-01,5,2024-05-01,3547912.302911079,2583694.7452656706,886651.072449273,ilheus-IPTU,ilheus,IPTU
2023-12-01,2023-12-01,6,2024-06-01,1346108.831895152,1830999.0691305264,886651.072449273,ilheus-IPTU,ilheus,IPTU
2023-12-01,2023-12-01,7,2024-07-01,1525676.4134805854,1662175.7103343874,886651.072449273,ilheus-IPTU,ilheus,IPTU
2023-12-01,2023-12-01,8,2024-08-01,1524774.8231291657,2146708.111275653,886651.072449273,ilheus-IPTU,ilheus,IPTU
2023-12-01,2023-12-01,9,2024-09-01,2251010.9817227167,1890200.1243068427,886651.072449273,ilheus-IPTU,ilheus,IPTU
2023-12-01,2023-12-01,10,2024-10-01,2022162.6259630015,1791619.217949777,886651.072449273,ilheus-IPTU,ilheus,IPTU
2023-12-01,2023-12-01,11,2024-11-01,2201702.753328437,1474337.5970346897,886651.072449273,ilheus-IPTU,ilheus,IPTU
2023-12-01,2023-12-01,12,2024-12-01,1694424.8208521737,1447468.278398197,886651.072449273,ilheus-IPTU,ilheus,IPTU
2024-01-01,2024-01-01,1,2024-02-01,2645795.772083337,3255953.4113639453,883474.7672779439,ilheus-IPTU,ilheus,IPTU
2024-01-01,2024-01-01,2,2024-03-01,5197363.375781737,4775835.7569479905,883474.7672779439,ilheus-IPTU,ilheus,IPTU
2024-01-01,2024-01-01,3,2024-04-01,8479100.268538596,6082403.450923446,883474.7672779439,ilheus-IPTU,ilheus,IPTU
2024-01-01,2024-01-01,4,2024-05-01,3547912.302911079,2676241.4098756714,883474.7672779439,ilheus-IPTU,ilheus,IPTU
2024-01-01,2024-01-01,5,2024-06-01,1346108.831895152,1868504.7904030734,883474.7672779439,ilheus-IPTU,ilheus,IPTU
2024-01-01,2024-01-01,6,2024-07-01,1525676.4134805854,1689553.509704253,883474.7672779439,ilheus-IPTU,ilheus,IPTU
2024-01-01,2024-01-01,7,2024-08-01,1524774.8231291657,2159347.0300940867,883474.7672779439,ilheus-IPTU,ilheus,IPTU
2024-01-01,2024-01-01,8,2024-09-01,2251010.9817227167,1918009.1121422057,883474.7672779439,ilheus-IPTU,ilheus,IPTU
2024-01-01,2024-01-01,9,2024-10-01,2022162.6259630015,1810080.5103174786,883474.7672779439,ilheus-IPTU,ilheus,IPTU
2024-01-01,2024-01-01,10,2024-11-01,2201702.753328437,1493900.7285245394,883474.7672779439,ilheus-IPTU,ilheus,IPTU
2024-01-01,2024-01-01,11,2024-12-01,1694424.8208521737,1463378.3913071377,883474.7672779439,ilheus-IPTU,ilheus,IPTU
2024-01-01,2024-01-01,12,2025-01-01,2108465.286890068,2003233.4700104897,883474.7672779439,ilheus-IPTU,ilheus,IPTU
2024-02-01,2024-02-01,1,2024-03-01,5197363.375781737,4707931.967991003,876188.356308126,ilheus-IPTU,ilheus,IPTU
2024-02-01,2024-02-01,2,2024-04-01,8479100.268538596,6027349.639737991,876188.356308126,ilheus-IPTU,ilheus,IPTU
2024-02-01,2024-02-01,3,2024-05-01,3547912.302911079,2664410.037399121,876188.356308126,ilheus-IPTU,ilheus,IPTU
2024-02-01,2024-02-01,4,2024-06-01,1346108.831895152,1848118.2000380505,876188.356308126,ilheus-IPTU,ilheus,IPTU
2024-02-01,2024-02-01,5,2024-07-01,1525676.4134805854,1675419.5326254114,876188.356308126,ilheus-IPTU,ilheus,IPTU
2024-02-01,2024-02-01,6,2024-08-01,1524774.8231291657,2141692.044227537,876188.356308126,ilheus-IPTU,ilheus,IPTU
2024-02-01,2024-02-01,7,2024-09-01,2251010.9817227167,1905042.2787796492,876188.356308126,ilheus-IPTU,ilheus,IPTU
2024-02-01,2024-02-01,8,2024-10-01,2022162.6259630015,1791974.9454017417,876188.356308126,ilheus-IPTU,ilheus,IPTU
2024-02-01,2024-02-01,9,2024-11-01,2201702.753328437,1474235.0077784178,876188.356308126,ilheus-IPTU,ilheus,IPTU
2024-02-01,2024-02-01,10,2024-12-01,1694424.8208521737,1459426.3288235115,876188.356308126,ilheus-IPTU,ilheus,IPTU
2024-02-01,2024-02-01,11,2025-01-01,2108465.286890068,1989338.3422906583,876188.356308126,ilheus-IPTU,ilheus,IPTU
2024-02-01,2024-02-01,12,2025-02-01,2371216.706139471,3265531.143974122,876188.356308126,ilheus-IPTU,ilheus,IPTU
2024-03-01,2024-03-01,1,2024-04-01,8479100.268538596,6054572.80215539,880065.0616390505,ilheus-IPTU,ilheus,IPTU
2024-03-01,2024-03-01,2,2024-05-01,3547912.302911079,2663112.3370508947,880065.0616390505,ilheus-IPTU,ilheus,IPTU
2024-03-01,2024-03-01,3,2024-06-01,1346108.831895152,1870401.6643745145,880065.0616390505,ilheus-IPTU,ilheus,IPTU
2024-03-01,2024-03-01,4,2024-07-01,1525676.4134805854,1673680.3801071788,880065.0616390505,ilheus-IPTU,ilheus,IPTU
2024-03-01,2024-03-01,5,2024-08-01,1524774.8231291657,2142731.5103614987,880065.0616390505,ilheus-IPTU,ilheus,IPTU
2024-03-01,2024-03-01,6,2024-09-01,2251010.9817227167,1915302.1290427675,880065.0616390505,ilheus-IPTU,ilheus,IPTU
2024-03-01,2024-03-01,7,2024-10-01,2022162.6259630015,1787241.0386250524,880065.0616390505,ilheus-IPTU,ilheus,IPTU
2024-03-01,2024-03-01,8,2024-11-01,2201702.753328437,1484091.602507617,880065.0616390505,ilheus-IPTU,ilheus,IPTU
2024-03-01,2024-03-01,9,2024-12-01,1694424.8208521737,1467651.0626099445,880065.0616390505,ilheus-IPTU,ilheus,IPTU
2024-03-01,2024-03-01,10,2025-01-01,2108465.286890068,1989373.3255315744,880065.0616390505,ilheus-IPTU,ilheus,IPTU
2024-03-01,2024-03-01,11,2025-02-01,2371216.706139471,3271276.854821697,880065.0616390505,ilheus-IPTU,ilheus,IPTU
2024-03-01,2024-03-01,12,2025-03-01,3310719.619677425,4822184.577511027,880065.0616390505,ilheus-IPTU,ilheus,IPTU
2024-04-01,2024-04-01,1,2024-05-01,3547912.302911079,2658964.4266056363,878085.6565731413,ilheus-IPTU,ilheus,IPTU
2024-04-01,2024-04-01,2,2024-06-01,1346108.831895152,1855191.357140465,878085.6565731413,ilheus-IPTU,ilheus,IPTU
2024-04-01,2024-04-01,3,2024-07-01,1525676.4134805854,1679404.1538467468,878085.6565731413,ilheus-IPTU,ilheus,IPTU
2024-04-01,2024-04-01,4,2024-08-01,1524774.8231291657,2124356.4313674546,878085.6565731413,ilheus-IPTU,ilheus,IPTU
2024-04-01,2024-04-01,5,2024-09-01,2251010.9817227167,1900503.1815901143,878085.6565731413,ilheus-IPTU,ilheus,IPTU
2024-04-01,2024-04-01,6,2024-10-01,2022162.6259630015,1796278.24801746,878085.6565731413,ilheus-IPTU,ilheus,IPTU
2024-04-01,2024-04-01,7,2024-11-01,2201702.753328437,1473179.9294580899,878085.6565731413,ilheus-IPTU,ilheus,IPTU
2024-04-01,2024-04-01,8,2024-12-01,1694424.8208521737,1452730.1537025066,878085.6565731413,ilheus-IPTU,ilheus,IPTU
2024-04-01,2024-04-01,9,2025-01-01,2108465.286890068,1995057.3277819192,878085.6565731413,ilheus-IPTU,ilheus,IPTU
2024-04-01,2024-04-01,10,2025-02-01,2371216.706139471,3257302.2569664433,878085.6565731413,ilheus-IPTU,ilheus,IPTU
2024-04-01,2024-04-01,11,2025-03-01,3310719.619677425,4822935.455554691,878085.6565731413,ilheus-IPTU,ilheus,IPTU
2024-04-01,2024-04-01,12,2025-04-01,6114395.71252974,6747729.424962044,878085.6565731413,ilheus-IPTU,ilheus,IPTU
2024-05-01,2024-05-01,1,2024-06-01,1346108.831895152,1848579.8112584767,874112.6122048295,ilheus-IPTU,ilheus,IPTU
2024-05-01,2024-05-01,2,2024-07-01,1525676.4134805854,1683586.6023874348,874112.6122048295,ilheus-IPTU,ilheus,IPTU
2024-05-01,2024-05-01,3,2024-08-01,1524774.8231291657,2140962.448116756,874112.6122048295,ilheus-IPTU,ilheus,IPTU
2024-05-01,2024-05-01,4,2024-09-01,2251010.9817227167,1901351.3010866782,874112.6122048295,ilheus-IPTU,ilheus,IPTU
2024-05-01,2024-05-01,5,2024-10-01,2022162.6259630015,1791946.645248027,874112.6122048295,ilheus-IPTU,ilheus,IPTU
2024-05-01,2024-05-01,6,2024-11-01,2201702.753328437,1477295.2328995988,874112.6122048295,ilheus-IPTU,ilheus,IPTU
2024-05-01,2024-05-01,7,2024-12-01,1694424.8208521737,1460524.2742805255,874112.6122048295,ilheus-IPTU,ilheus,IPTU
2024-05-01,2024-05-01,8,2025-01-01,2108465.286890068,1986648.415276115,874112.6122048295,ilheus-IPTU,ilheus,IPTU
2024-05-01,2024-05-01,9,2025-02-01,2371216.706139471,3269139.0977503746,874112.6122048295,ilheus-IPTU,ilheus,IPTU
2024-05-01,2024-05-01,10,2025-03-01,3310719.619677425,4839507.133630012,874112.6122048295,ilheus-IPTU,ilheus,IPTU
2024-05-01,2024-05-01,11,2025-04-01,6114395.71252974,6658868.524204491,874112.6122048295,ilheus-IPTU,ilheus,IPTU
2024-05-01,2024-05-01,12,2025-05-01,10674921.144211657,2619424.534977718,874112.6122048295,ilheus-IPTU,ilheus,IPTU
2024-06-01,2024-06-01,1,2024-07-01,1525676.4134805854,1677718.481882806,869315.9473684988,ilheus-IPTU,ilheus,IPTU
2024-06-01,2024-06-01,2,2024-08-01,1524774.8231291657,2131275.6389405187,869315.9473684988,ilheus-IPTU,ilheus,IPTU
2024-06-01,2024-06-01,3,2024-09-01,2251010.9817227167,1885050.388303943,869315.9473684988,ilheus-IPTU,ilheus,IPTU
2024-06-01,2024-06-01,4,2024-10-01,2022162.6259630015,1791498.1096919663,869315.9473684988,ilheus-IPTU,ilheus,IPTU
2024-06-01,2024-06-01,5,2024-11-01,2201702.753328437,1477220.251840968,869315.9473684988,ilheus-IPTU,ilheus,IPTU
2024-06-01,2024-06-01,6,2024-12-01,1694424.8208521737,1457368.0653346942,869315.9473684988,ilheus-IPTU,ilheus,IPTU
2024-06-01,2024-06-01,7,2025-01-01,2108465.286890068,1986197.1653106997,869315.9473684988,ilheus-IPTU,ilheus,IPTU
2024-06-01,2024-06-01,8,2025-02-01,2371216.706139471,3314588.6761634154,869315.9473684988,ilheus-IPTU,ilheus,IPTU
2024-06-01,2024-06-01,9,2025-03-01,3310719.619677425,4794231.535598593,869315.9473684988,ilheus-IPTU,ilheus,IPTU
2024-06-01,2024-06-01,10,2025-04-01,6114395.71252974,6653484.395311765,869315.9473684988,ilheus-IPTU,ilheus,IPTU
2024-06-01,2024-06-01,11,2025-05-01,10674921.144211657,2617661.3782184725,869315.9473684988,ilheus-IPTU,ilheus,IPTU
2024-06-01,2024-06-01,12,2025-06-01,2481588.5542101185,1829578.6293573936,869315.9473684988,ilheus-IPTU,ilheus,IPTU
2024-07-01,2024-07-01,1,2024-08-01,1524774.8231291657,2143467.4689175026,863051.0914278884,ilheus-IPTU,ilheus,IPTU
2024-07-01,2024-07-01,2,2024-09-01,2251010.9817227167,1899870.6356652293,863051.0914278884,ilheus-IPTU,ilheus,IPTU
2024-07-01,2024-07-01,3,2024-10-01,2022162.6259630015,1790466.1197363404,863051.0914278884,ilheus-IPTU,ilheus,IPTU
2024-07-01,2024-07-01,4,2024-11-01,2201702.753328437,1479118.3569060003,863051.0914278884,ilheus-IPTU,ilheus,IPTU
2024-07-01,2024-07-01,5,2024-12-01,1694424.8208521737,1456934.72800387,863051.0914278884,ilheus-IPTU,ilheus,IPTU
2024-07-01,2024-07-01,6,2025-01-01,2108465.286890068,1988262.2638764083,863051.0914278884,ilheus-IPTU,ilheus,IPTU
2024-07-01,2024-07-01,7,2025-02-01,2371216.706139471,3263662.7208344513,863051.0914278884,ilheus-IPTU,ilheus,IPTU
2024-07-01,2024-07-01,8,2025-03-01,3310719.619677425,4815770.486612278,863051.0914278884,ilheus-IPTU,ilheus,IPTU
2024-07-01,2024-07-01,9,2025-04-01,6114395.71252974,6638261.399529214,863051.0914278884,ilheus-IPTU,ilheus,IPTU
2024-07-01,2024-07-01,10,2025-05-01,10674921.144211657,2649000.1626561284,863051.0914278884,ilheus-IPTU,ilheus,IPTU
2024-07-01,2024-07-01,11,2025-06-01,2481588.5542101185,1832495.2079251895,863051.0914278884,ilheus-IPTU,ilheus,IPTU
2024-07-01,2024-07-01,12,2025-07-01,3060644.6314035594,1688339.7959172537,863051.0914278884,ilheus-IPTU,ilheus,IPTU
2024-08-01,2024-08-01,1,2024-09-01,2251010.9817227167,1905202.377135384,863401.3576295645,ilheus-IPTU,ilheus,IPTU
2024-08-01,2024-08-01,2,2024-10-01,2022162.6259630015,1790887.0641109645,863401.3576295645,ilheus-IPTU,ilheus,IPTU
2024-08-01,2024-08-01,3,2024-11-01,2201702.753328437,1478920.3453274756,863401.3576295645,ilheus-IPTU,ilheus,IPTU
2024-08-01,2024-08-01,4,2024-12-01,1694424.8208521737,1459981.7896129412,863401.3576295645,ilheus-IPTU,ilheus,IPTU
2024-08-01,2024-08-01,5,2025-01-01,2108465.286890068,1990612.8082310562,863401.3576295645,ilheus-IPTU,ilheus,IPTU
2024-08-01,2024-08-01,6,2025-02-01,2371216.706139471,3271481.4032316613,863401.3576295645,ilheus-IPTU,ilheus,IPTU
2024-08-01,2024-08-01,7,2025-03-01,3310719.619677425,4837258.65092501,863401.3576295645,ilheus-IPTU,ilheus,IPTU
2024-08-01,2024-08-01,8,2025-04-01,6114395.71252974,6651920.593593626,863401.3576295645,ilheus-IPTU,ilheus,IPTU
2024-08-01,2024-08-01,9,2025-05-01,10674921.144211657,2671768.098635342,863401.3576295645,ilheus-IPTU,ilheus,IPTU
2024-08-01,2024-08-01,10,2025-06-01,2481588.5542101185,1847754.6627510383,863401.3576295645,ilheus-IPTU,ilheus,IPTU
2024-08-01,2024-08-01,11,2025-07-01,3060644.6314035594,1707354.0928390652,863401.3576295645,ilheus-IPTU,ilheus,IPTU
2024-08-01,2024-08-01,12,2025-08-01,3181433.012194698,1989100.674630443,863401.3576295645,ilheus-IPTU,ilheus,IPTU
2024-09-01,2024-09-01,1,2024-10-01,2022162.6259630015,1797035.6566104689,857437.9768163745,ilheus-IPTU,ilheus,IPTU
2024-09-01,2024-09-01,2,2024-11-01,2201702.753328437,1480990.2959974783,857437.9768163745,ilheus-IPTU,ilheus,IPTU
2024-09-01,2024-09-01,3,2024-12-01,1694424.8208521737,1454868.2436742622,857437.9768163745,ilheus-IPTU,ilheus,IPTU
2024-09-01,2024-09-01,4,2025-01-01,2108465.286890068,2003266.5043574169,857437.9768163745,ilheus-IPTU,ilheus,IPTU
2024-09-01,2024-09-01,5,2025-02-01,2371216.706139471,3271088.502623852,857437.9768163745,ilheus-IPTU,ilheus,IPTU
2024-09-01,2024-09-01,6,2025-03-01,3310719.619677425,4821697.664245115,857437.9768163745,ilheus-IPTU,ilheus,IPTU
2024-09-01,2024-09-01,7,2025-04-01,6114395.71252974,6648894.721293395,857437.9768163745,ilheus-IPTU,ilheus,IPTU
2024-09-01,2024-09-01,8,2025-05-01,10674921.144211657,2662701.3773146234,857437.9768163745,ilheus-IPTU,ilheus,IPTU
2024-09-01,2024-09-01,9,2025-06-01,2481588.5542101185,1838669.4654395522,857437.9768163745,ilheus-IPTU,ilheus,IPTU
2024-09-01,2024-09-01,10,2025-07-01,3060644.6314035594,1699339.3590340826,857437.9768163745,ilheus-IPTU,ilheus,IPTU
2024-09-01,2024-09-01,11,2025-08-01,3181433.012194698,1983562.6545550097,857437.9768163745,ilheus-IPTU,ilheus,IPTU
2024-09-01,2024-09-01,12,2025-09-01,2176992.6733736745,2030024.1790408322,857437.9768163745,ilheus-IPTU,ilheus,IPTU
2024-10-01,2024-10-01,1,2024-11-01,2201702.753328437,1477219.0330778374,853457.0656824873,ilheus-IPTU,ilheus,IPTU
2024-10-01,2024-10-01,2,2024-12-01,1694424.8208521737,1461287.0235825842,853457.0656824873,ilheus-IPTU,ilheus,IPTU
2024-10-01,2024-10-01,3,2025-01-01,2108465.286890068,2008114.826860867,853457.0656824873,ilheus-IPTU,ilheus,IPTU
2024-10-01,2024-10-01,4,2025-02-01,2371216.706139471,3277799.7659262354,853457.0656824873,ilheus-IPTU,ilheus,IPTU
2024-10-01,2024-10-01,5,2025-03-01,3310719.619677425,4825795.035552775,853457.0656824873,ilheus-IPTU,ilheus,IPTU
2024-10-01,2024-10-01,6,2025-04-01,6114395.71252974,6643292.324982094,853457.0656824873,ilheus-IPTU,ilheus,IPTU
2024-10-01,2024-10-01,7,2025-05-01,10674921.144211657,2654425.4115120284,853457.0656824873,ilheus-IPTU,ilheus,IPTU
2024-10-01,2024-10-01,8,2025-06-01,2481588.5542101185,1853392.634639259,853457.0656824873,ilheus-IPTU,ilheus,IPTU
2024-10-01,2024-10-01,9,2025-07-01,3060644.6314035594,1696031.57891181,853457.0656824873,ilheus-IPTU,ilheus,IPTU
2024-10-01,2024-10-01,10,2025-08-01,3181433.012194698,1974990.465991218,853457.0656824873,ilheus-IPTU,ilheus,IPTU
2024-10-01,2024-10-01,11,2025-09-01,2176992.6733736745,2030874.9754071252,853457.0656824873,ilheus-IPTU,ilheus,IPTU
2024-10-01,2024-10-01,12,2025-10-01,3969900.331450771,1834890.4003812768,853457.0656824873,ilheus-IPTU,ilheus,IPTU
2024-11-01,2024-11-01,1,2024-12-01,1694424.8208521737,1479650.1973811425,854570.3089230938,ilheus-IPTU,ilheus,IPTU
2024-11-01,2024-11-01,2,2025-01-01,2108465.286890068,2024297.5296899856,854570.3089230938,ilheus-IPTU,ilheus,IPTU
2024-11-01,2024-11-01,3,2025-02-01,2371216.706139471,3323800.920213471,854570.3089230938,ilheus-IPTU,ilheus,IPTU
2024-11-01,2024-11-01,4,2025-03-01,3310719.619677425,4880807.1306456765,854570.3089230938,ilheus-IPTU,ilheus,IPTU
2024-11-01,2024-11-01,5,2025-04-01,6114395.71252974,6704597.654712634,854570.3089230938,ilheus-IPTU,ilheus,IPTU
2024-11-01,2024-11-01,6,2025-05-01,10674921.144211657,2680963.8603437864,854570.3089230938,ilheus-IPTU,ilheus,IPTU
2024-11-01,2024-11-01,7,2025-06-01,2481588.5542101185,1868714.670471352,854570.3089230938,ilheus-IPTU,ilheus,IPTU
2024-11-01,2024-11-01,8,2025-07-01,3060644.6314035594,1728097.9356786795,854570.3089230938,ilheus-IPTU,ilheus,IPTU
2024-11-01,2024-11-01,9,2025-08-01,3181433.012194698,2011772.950176072,854570.3089230938,ilheus-IPTU,ilheus,IPTU
2024-11-01,2024-11-01,10,2025-09-01,2176992.6733736745,2049178.725868553,854570.3089230938,ilheus-IPTU,ilheus,IPTU
2024-11-01,2024-11-01,11,2025-10-01,3969900.331450771,1860364.0819149674,854570.3089230938,ilheus-IPTU,ilheus,IPTU
2024-11-01,2024-11-01,12,2025-11-01,2599706.7557239616,1620539.1377702432,854570.3089230938,ilheus-IPTU,ilheus,IPTU
2024-12-01,2024-12-01,1,2025-01-01,2108465.286890068,2006551.0917308277,848099.6403725019,ilheus-IPTU,ilheus,IPTU
2024-12-01,2024-12-01,2,2025-02-01,2371216.706139471,3276236.3777353466,848099.6403725019,ilheus-IPTU,ilheus,IPTU
2024-12-01,2024-12-01,3,2025-03-01,3310719.619677425,4853603.796805584,848099.6403725019,ilheus-IPTU,ilheus,IPTU
2024-12-01,2024-12-01,4,2025-04-01,6114395.71252974,6666936.519969591,848099.6403725019,ilheus-IPTU,ilheus,IPTU
2024-12-01,2024-12-01,5,2025-05-01,10674921.144211657,2665014.9630887536,848099.6403725019,ilheus-IPTU,ilheus,IPTU
2024-12-01,2024-12-01,6,2025-06-01,2481588.5542101185,1850771.9862413097,848099.6403725019,ilheus-IPTU,ilheus,IPTU
2024-12-01,2024-12-01,7,2025-07-01,3060644.6314035594,1694153.80433084,848099.6403725019,ilheus-IPTU,ilheus,IPTU
2024-12-01,2024-12-01,8,2025-08-01,3181433.012194698,1989434.1731795333,848099.6403725019,ilheus-IPTU,ilheus,IPTU
2024-12-01,2024-12-01,9,2025-09-01,2176992.6733736745,2032340.8770576438,848099.6403725019,ilheus-IPTU,ilheus,IPTU
2024-12-01,2024-12-01,10,2025-10-01,3969900.331450771,1832617.127496942,848099.6403725019,ilheus-IPTU,ilheus,IPTU
2024-12-01,2024-12-01,11,2025-11-01,2599706.7557239616,1601758.2014884462,848099.6403725019,ilheus-IPTU,ilheus,IPTU
2024-12-01,2024-12-01,12,2025-12-01,4295550.76,1528322.803254638,848099.6403725019,ilheus-IPTU,ilheus,IPTU
2025-01-01,2025-01-01,1,2025-02-01,2371216.706139471,3274078.6448762952,843193.8456320835,ilheus-IPTU,ilheus,IPTU
2025-01-01,2025-01-01,2,2025-03-01,3310719.619677425,4804872.281457294,843193.8456320835,ilheus-IPTU,ilheus,IPTU
2025-01-01,2025-01-01,3,2025-04-01,6114395.71252974,6676140.901901703,843193.8456320835,ilheus-IPTU,ilheus,IPTU
2025-01-01,2025-01-01,4,2025-05-01,10674921.144211657,2663343.3326215995,843193.8456320835,ilheus-IPTU,ilheus,IPTU
2025-01-01,2025-01-01,5,2025-06-01,2481588.5542101185,1836648.6884128947,843193.8456320835,ilheus-IPTU,ilheus,IPTU
2025-01-01,2025-01-01,6,2025-07-01,3060644.6314035594,1698591.1778962193,843193.8456320835,ilheus-IPTU,ilheus,IPTU
2025-01-01,2025-01-01,7,2025-08-01,3181433.012194698,1980514.331718342,843193.8456320835,ilheus-IPTU,ilheus,IPTU
2025-01-01,2025-01-01,8,2025-09-01,2176992.6733736745,2027390.7815692609,843193.8456320835,ilheus-IPTU,ilheus,IPTU
2025-01-01,2025-01-01,9,2025-10-01,3969900.331450771,1837088.7062932656,843193.8456320835,ilheus-IPTU,ilheus,IPTU
2025-01-01,2025-01-01,10,2025-11-01,2599706.7557239616,1601525.6285618192,843193.8456320835,ilheus-IPTU,ilheus,IPTU
2025-01-01,2025-01-01,11,2025-12-01,4295550.76,1534140.2551459968,843193.8456320835,ilheus-IPTU,ilheus,IPTU
2025-02-01,2025-02-01,1,2025-03-01,3310719.619677425,4965016.870147871,838024.6203621906,ilheus-IPTU,ilheus,IPTU
2025-02-01,2025-02-01,2,2025-04-01,6114395.71252974,6781552.839756875,838024.6203621906,ilheus-IPTU,ilheus,IPTU
2025-02-01,2025-02-01,3,2025-05-01,10674921.144211657,2726153.944130405,838024.6203621906,ilheus-IPTU,ilheus,IPTU
2025-02-01,2025-02-01,4,2025-06-01,2481588.5542101185,1906272.56035237,838024.6203621906,ilheus-IPTU,ilheus,IPTU
2025-02-01,2025-02-01,5,2025-07-01,3060644.6314035594,1765792.6692175784,838024.6203621906,ilheus-IPTU,ilheus,IPTU
2025-02-01,2025-02-01,6,2025-08-01,3181433.012194698,2058629.347320851,838024.6203621906,ilheus-IPTU,ilheus,IPTU
2025-02-01,2025-02-01,7,2025-09-01,2176992.6733736745,2091019.1138388356,838024.6203621906,ilheus-IPTU,ilheus,IPTU
2025-02-01,2025-02-01,8,2025-10-01,3969900.331450771,1908574.271994892,838024.6203621906,ilheus-IPTU,ilheus,IPTU
2025-02-01,2025-02-01,9,2025-11-01,2599706.7557239616,1654861.73465418,838024.6203621906,ilheus-IPTU,ilheus,IPTU
2025-02-01,2025-02-01,10,2025-12-01,4295550.76,1589848.8723555233,838024.6203621906,ilheus-IPTU,ilheus,IPTU
2025-03-01,2025-03-01,1,2025-04-01,6114395.71252974,6689665.913203822,847471.6396031106,ilheus-IPTU,ilheus,IPTU
2025-03-01,2025-03-01,2,2025-05-01,10674921.144211657,2702588.3544188086,847471.6396031106,ilheus-IPTU,ilheus,IPTU
2025-03-01,2025-03-01,3,2025-06-01,2481588.5542101185,1851131.6066590254,847471.6396031106,ilheus-IPTU,ilheus,IPTU
2025-03-01,2025-03-01,4,2025-07-01,3060644.6314035594,1710617.5272672765,847471.6396031106,ilheus-IPTU,ilheus,IPTU
2025-03-01,2025-03-01,5,2025-08-01,3181433.012194698,2010600.3730868786,847471.6396031106,ilheus-IPTU,ilheus,IPTU
2025-03-01,2025-03-01,6,2025-09-01,2176992.6733736745,2043695.6242844905,847471.6396031106,ilheus-IPTU,ilheus,IPTU
2025-03-01,2025-03-01,7,2025-10-01,3969900.331450771,1852843.7856780733,847471.6396031106,ilheus-IPTU,ilheus,IPTU
2025-03-01,2025-03-01,8,2025-11-01,2599706.7557239616,1626161.8300437818,847471.6396031106,ilheus-IPTU,ilheus,IPTU
2025-03-01,2025-03-01,9,2025-12-01,4295550.76,1549432.159498188,847471.6396031106,ilheus-IPTU,ilheus,IPTU
2025-04-01,2025-04-01,1,2025-05-01,10674921.144211657,2693513.9725418836,861018.362071019,ilheus-IPTU,ilheus,IPTU
2025-04-01,2025-04-01,2,2025-06-01,2481588.5542101185,1862496.0745230988,861018.362071019,ilheus-IPTU,ilheus,IPTU
2025-04-01,2025-04-01,3,2025-07-01,3060644.6314035594,1718227.3786674712,861018.362071019,ilheus-IPTU,ilheus,IPTU
2025-04-01,2025-04-01,4,2025-08-01,3181433.012194698,2006053.2595283668,861018.362071019,ilheus-IPTU,ilheus,IPTU
2025-04-01,2025-04-01,5,2025-09-01,2176992.6733736745,2054113.250859585,861018.362071019,ilheus-IPTU,ilheus,IPTU
2025-04-01,2025-04-01,6,2025-10-01,3969900.331450771,1858428.2968944116,861018.362071019,ilheus-IPTU,ilheus,IPTU
2025-04-01,2025-04-01,7,2025-11-01,2599706.7557239616,1622331.0937152093,861018.362071019,ilheus-IPTU,ilheus,IPTU
2025-04-01,2025-04-01,8,2025-12-01,4295550.76,1552155.7659495145,861018.362071019,ilheus-IPTU,ilheus,IPTU
2025-05-01,2025-05-01,1,2025-06-01,2481588.5542101185,1827818.2201088401,916469.6052500417,ilheus-IPTU,ilheus,IPTU
2025-05-01,2025-05-01,2,2025-07-01,3060644.6314035594,1684704.8131988498,916469.6052500417,ilheus-IPTU,ilheus,IPTU
2025-05-01,2025-05-01,3,2025-08-01,3181433.012194698,1970448.4228044865,916469.6052500417,ilheus-IPTU,ilheus,IPTU
2025-05-01,2025-05-01,4,2025-09-01,2176992.6733736745,2003805.8783758148,916469.6052500417,ilheus-IPTU,ilheus,IPTU
2025-05-01,2025-05-01,5,2025-10-01,3969900.331450771,1816633.4478576626,916469.6052500417,ilheus-IPTU,ilheus,IPTU
2025-05-01,2025-05-01,6,2025-11-01,2599706.7557239616,1588173.054209356,916469.6052500417,ilheus-IPTU,ilheus,IPTU
2025-05-01,2025-05-01,7,2025-12-01,4295550.76,1522989.4227246833,916469.6052500417,ilheus-IPTU,ilheus,IPTU
2025-06-01,2025-06-01,1,2025-07-01,3060644.6314035594,1679172.9346976678,918390.7466278042,ilheus-IPTU,ilheus,IPTU
2025-06-01,2025-06-01,2,2025-08-01,3181433.012194698,1961315.0167024878,918390.7466278042,ilheus-IPTU,ilheus,IPTU
2025-06-01,2025-06-01,3,2025-09-01,2176992.6733736745,2003104.3420273166,918390.7466278042,ilheus-IPTU,ilheus,IPTU
2025-06-01,2025-06-01,4,2025-10-01,3969900.331450771,1812610.464534326,918390.7466278042,ilheus-IPTU,ilheus,IPTU
2025-06-01,2025-06-01,5,2025-11-01,2599706.7557239616,1589526.7865830704,918390.7466278042,ilheus-IPTU,ilheus,IPTU
2025-06-01,2025-06-01,6,2025-12-01,4295550.76,1511672.6969241537,918390.7466278042,ilheus-IPTU,ilheus,IPTU
2025-07-01,2025-07-01,1,2025-08-01,3181433.012194698,1974941.5185669821,923752.2898564578,ilheus-IPTU,ilheus,IPTU
2025-07-01,2025-07-01,2,2025-09-01,2176992.6733736745,2012921.3042784138,923752.2898564578,ilheus-IPTU,ilheus,IPTU
2025-07-01,2025-07-01,3,2025-10-01,3969900.331450771,1821800.8380754234,923752.2898564578,ilheus-IPTU,ilheus,IPTU
2025-07-01,2025-07-01,4,2025-11-01,2599706.7557239616,1591940.7811008503,923752.2898564578,ilheus-IPTU,ilheus,IPTU
2025-07-01,2025-07-01,5,2025-12-01,4295550.76,1522016.6562767236,923752.2898564578,ilheus-IPTU,ilheus,IPTU
2025-08-01,2025-08-01,1,2025-09-01,2176992.6733736745,2163661.2136170217,930070.4441599844,ilheus-IPTU,ilheus,IPTU
2025-08-01,2025-08-01,2,2025-10-01,3969900.331450771,1965628.5731764333,930070.4441599844,ilheus-IPTU,ilheus,IPTU
2025-08-01,2025-08-01,3,2025-11-01,2599706.7557239616,1699994.0624122142,930070.4441599844,ilheus-IPTU,ilheus,IPTU
2025-08-01,2025-08-01,4,2025-12-01,4295550.76,1633615.9036261695,930070.4441599844,ilheus-IPTU,ilheus,IPTU
2025-09-01,2025-09-01,1,2025-10-01,3969900.331450771,1984415.3073063486,922753.7592385233,ilheus-IPTU,ilheus,IPTU
2025-09-01,2025-09-01,2,2025-11-01,2599706.7557239616,1717168.121860653,922753.7592385233,ilheus-IPTU,ilheus,IPTU
2025-09-01,2025-09-01,3,2025-12-01,4295550.76,1639491.550100611,922753.7592385233,ilheus-IPTU,ilheus,IPTU
2025-10-01,2025-10-01,1,2025-11-01,2599706.7557239616,2039167.2531395934,931440.0638677542,ilheus-IPTU,ilheus,IPTU
2025-10-01,2025-10-01,2,2025-12-01,4295550.76,1937556.0225563836,931440.0638677542,ilheus-IPTU,ilheus,IPTU
2025-11-01,2025-11-01,1,2025-12-01,4295550.76,1931363.4061432532,926957.407888996,ilheus-IPTU,ilheus,IPTU
2020-12-01,2020-12-01,1,2021-01-01,3833776.027698853,3285553.8305028463,885601.6145158762,ilheus-ISSQN,ilheus,ISSQN
2020-12-01,2020-12-01,2,2021-02-01,1588571.2894411306,3285553.8305028463,885601.6145158762,ilheus-ISSQN,ilheus,ISSQN
2020-12-01,2020-12-01,3,2021-03-01,3669865.341790646,3285553.8305028463,885601.6145158762,ilheus-ISSQN,ilheus,ISSQN
2020-12-01,2020-12-01,4,2021-04-01,4153557.2956896494,3285553.8305028463,885601.6145158762,ilheus-ISSQN,ilheus,ISSQN
2020-12-01,2020-12-01,5,2021-05-01,3453122.4012055863,3285553.8305028463,885601.6145158762,ilheus-ISSQN,ilheus,ISSQN
2020-12-01,2020-12-01,6,2021-06-01,3570687.46514713,3285553.8305028463,885601.6145158762,ilheus-ISSQN,ilheus,ISSQN
2020-12-01,2020-12-01,7,2021-07-01,5196171.231922152,3285553.8305028463,885601.6145158762,ilheus-ISSQN,ilheus,ISSQN
2020-12-01,2020-12-01,8,2021-08-01,4443752.31085364,3285553.8305028463,885601.6145158762,ilheus-ISSQN,ilheus,ISSQN
2020-12-01,2020-12-01,9,2021-09-01,4222245.176809426,3285553.8305028463,885601.6145158762,ilheus-ISSQN,ilheus,ISSQN
2020-12-01,2020-12-01,10,2021-10-01,2634720.4943755055,3285553.8305028463,885601.6145158762,ilheus-ISSQN,ilheus,ISSQN
2020-12-01,2020-12-01,11,2021-11-01,1977895.37325985,3285553.8305028463,885601.6145158762,ilheus-ISSQN,ilheus,ISSQN
2020-12-01,2020-12-01,12,2021-12-01,1851041.825639648,3285553.8305028463,885601.6145158762,ilheus-ISSQN,ilheus,ISSQN
2021-01-01,2021-01-01,1,2021-02-01,1588571.2894411306,3326463.113017053,880346.2880424437,ilheus-ISSQN,ilheus,ISSQN
2021-01-01,2021-01-01,2,2021-03-01,3669865.341790646,3326463.113017053,880346.2880424437,ilheus-ISSQN,ilheus,ISSQN
2021-01-01,2021-01-01,3,2021-04-01,4153557.2956896494,3326463.113017053,880346.2880424437,ilheus-ISSQN,ilheus,ISSQN
2021-01-01,2021-01-01,4,2021-05-01,3453122.4012055863,3326463.113017053,880346.2880424437,ilheus-ISSQN,ilheus,ISSQN
2021-01-01,2021-01-01,5,2021-06-01,3570687.46514713,3326463.113017053,880346.2880424437,ilheus-ISSQN,ilheus,ISSQN
2021-01-01,2021-01-01,6,2021-07-01,5196171.231922152,3326463.113017053,880346.2880424437,ilheus-ISSQN,ilheus,ISSQN
2021-01-01,2021-01-01,7,2021-08-01,4443752.31085364,3326463.113017053,880346.2880424437,ilheus-ISSQN,ilheus,ISSQN
2021-01-01,2021-01-01,8,2021-09-01,4222245.176809426,3326463.113017053,880346.2880424437,ilheus-ISSQN,ilheus,ISSQN
2021-01-01,2021-01-01,9,2021-10-01,2634720.4943755055,3326463.113017053,880346.2880424437,ilheus-ISSQN,ilheus,ISSQN
2021-01-01,2021-01-01,10,2021-11-01,1977895.37325985,3326463.113017053,880346.2880424437,ilheus-ISSQN,ilheus,ISSQN
2021-01-01,2021-01-01,11,2021-12-01,1851041.825639648,3326463.113017053,880346.2880424437,ilheus-ISSQN,ilheus,ISSQN
2021-01-01,2021-01-01,12,2022-01-01,4595502.996233166,3326463.113017053,880346.2880424437,ilheus-ISSQN,ilheus,ISSQN
2021-02-01,2021-02-01,1,2021-03-01,3669865.341790646,3186130.759131452,888589.8579463329,ilheus-ISSQN,ilheus,ISSQN
2021-02-01,2021-02-01,2,2021-04-01,4153557.2956896494,3186130.759131452,888589.8579463329,ilheus-ISSQN,ilheus,ISSQN
2021-02-01,2021-02-01,3,2021-05-01,3453122.4012055863,3186130.759131452,888589.8579463329,ilheus-ISSQN,ilheus,ISSQN
2021-02-01,2021-02-01,4,2021-06-01,3570687.46514713,3186130.759131452,888589.8579463329,ilheus-ISSQN,ilheus,ISSQN
2021-02-01,2021-02-01,5,2021-07-01,5196171.231922152,3186130.759131452,888589.8579463329,ilheus-ISSQN,ilheus,ISSQN
2021-02-01,2021-02-01,6,2021-08-01,4443752.31085364,3186130.759131452,888589.8579463329,ilheus-ISSQN,ilheus,ISSQN
2021-02-01,2021-02-01,7,2021-09-01,4222245.176809426,3186130.759131452,888589.8579463329,ilheus-ISSQN,ilheus,ISSQN
2021-02-01,2021-02-01,8,2021-10-01,2634720.4943755055,3186130.759131452,888589.8579463329,ilheus-ISSQN,ilheus,ISSQN
2021-02-01,2021-02-01,9,2021-11-01,1977895.37325985,3186130.759131452,888589.8579463329,ilheus-ISSQN,ilheus,ISSQN
2021-02-01,2021-02-01,10,2021-12-01,1851041.825639648,3186130.759131452,888589.8579463329,ilheus-ISSQN,ilheus,ISSQN
2021-02-01,2021-02-01,11,2022-01-01,4595502.996233166,3186130.759131452,888589.8579463329,ilheus-ISSQN,ilheus,ISSQN
2021-02-01,2021-02-01,12,2022-02-01,3599759.875636779,3186130.759131452,888589.8579463329,ilheus-ISSQN,ilheus,ISSQN
2021-03-01,2021-03-01,1,2021-04-01,4153557.2956896494,3226868.961892163,883073.4298261817,ilheus-ISSQN,ilheus,ISSQN
2021-03-01,2021-03-01,2,2021-05-01,3453122.4012055863,3226868.961892163,883073.4298261817,ilheus-ISSQN,ilheus,ISSQN
2021-03-01,2021-03-01,3,2021-06-01,3570687.46514713,3226868.961892163,883073.4298261817,ilheus-ISSQN,ilheus,ISSQN
2021-03-01,2021-03-01,4,2021-07-01,5196171.231922152,3226868.961892163,883073.4298261817,ilheus-ISSQN,ilheus,ISSQN
2021-03-01,2021-03-01,5,2021-08-01,4443752.31085364,3226868.961892163,883073.4298261817,ilheus-ISSQN,ilheus,ISSQN
2021-03-01,2021-03-01,6,2021-09-01,4222245.176809426,3226868.961892163,883073.4298261817,ilheus-ISSQN,ilheus,ISSQN
2021-03-01,2021-03-01,7,2021-10-01,2634720.4943755055,3226868.961892163,883073.4298261817,ilheus-ISSQN,ilheus,ISSQN
2021-03-01,2021-03-01,8,2021-11-01,1977895.37325985,3226868.961892163,883073.4298261817,ilheus-ISSQN,ilheus,ISSQN
2021-03-01,2021-03-01,9,2021-12-01,1851041.825639648,3226868.961892163,883073.4298261817,ilheus-ISSQN,ilheus,ISSQN
2021-03-01,2021-03-01,10,2022-01-01,4595502.996233166,3226868.961892163,883073.4298261817,ilheus-ISSQN,ilheus,ISSQN
2021-03-01,2021-03-01,11,2022-02-01,3599759.875636779,3226868.961892163,883073.4298261817,ilheus-ISSQN,ilheus,ISSQN
2021-03-01,2021-03-01,12,2022-03-01,3916152.370216925,3226868.961892163,883073.4298261817,ilheus-ISSQN,ilheus,ISSQN
2021-04-01,2021-04-01,1,2021-05-01,3453122.4012055863,3171319.8396682697,869838.3967731856,ilheus-ISSQN,ilheus,ISSQN
2021-04-01,2021-04-01,2,2021-06-01,3570687.46514713,3171159.569480726,869838.3967731856,ilheus-ISSQN,ilheus,ISSQN
2021-04-01,2021-04-01,3,2021-07-01,5196171.231922152,3171011.9938577767,869838.3967731856,ilheus-ISSQN,ilheus,ISSQN
2021-04-01,2021-04-01,4,2021-08-01,4443752.31085364,3170876.1072975704,869838.3967731856,ilheus-ISSQN,ilheus,ISSQN
2021-04-01,2021-04-01,5,2021-09-01,4222245.176809426,3170750.9839413166,869838.3967731856,ilheus-ISSQN,ilheus,ISSQN
2021-04-01,2021-04-01,6,2021-10-01,2634720.4943755055,3170635.771264975,869838.3967731856,ilheus-ISSQN,ilheus,ISSQN
2021-04-01,2021-04-01,7,2021-11-01,1977895.37325985,3170529.68427061,869838.3967731856,ilheus-ISSQN,ilheus,ISSQN
2021-04-01,2021-04-01,8,2021-12-01,1851041.825639648,3170432.000137833,869838.3967731856,ilheus-ISSQN,ilheus,ISSQN
2021-04-01,2021-04-01,9,2022-01-01,4595502.996233166,3170342.053298887,869838.3967731856,ilheus-ISSQN,ilheus,ISSQN
2021-04-01,2021-04-01,10,2022-02-01,3599759.875636779,3170259.2309038225,869838.3967731856,ilheus-ISSQN,ilheus,ISSQN
2021-04-01,2021-04-01,11,2022-03-01,3916152.370216925,3170182.9686448635,869838.3967731856,ilheus-ISSQN,ilheus,ISSQN
2021-04-01,2021-04-01,12,2022-04-01,4291180.637975705,3170112.7469115155,869838.3967731856,ilheus-ISSQN,ilheus,ISSQN
2021-05-01,2021-05-01,1,2021-06-01,3570687.46514713,3317849.1842486844,873505.6528754403,ilheus-ISSQN,ilheus,ISSQN
2021-05-01,2021-05-01,2,2021-07-01,5196171.231922152,3317849.1842486844,873505.6528754403,ilheus-ISSQN,ilheus,ISSQN
2021-05-01,2021-05-01,3,2021-08-01,4443752.31085364,3317849.1842486844,873505.6528754403,ilheus-ISSQN,ilheus,ISSQN
2021-05-01,2021-05-01,4,2021-09-01,4222245.176809426,3317849.1842486844,873505.6528754403,ilheus-ISSQN,ilheus,ISSQN
2021-05-01,2021-05-01,5,2021-10-01,2634720.4943755055,3317849.1842486844,873505.6528754403,ilheus-ISSQN,ilheus,ISSQN
2021-05-01,2021-05-01,6,2021-11-01,1977895.37325985,3317849.1842486844,873505.6528754403,ilheus-ISSQN,ilheus,ISSQN
2021-05-01,2021-05-01,7,2021-12-01,1851041.825639648,3317849.1842486844,873505.6528754403,ilheus-ISSQN,ilheus,ISSQN
2021-05-01,2021-05-01,8,2022-01-01,4595502.996233166,3317849.1842486844,873505.6528754403,ilheus-ISSQN,ilheus,ISSQN
2021-05-01,2021-05-01,9,2022-02-01,3599759.875636779,3317849.1842486844,873505.6528754403,ilheus-ISSQN,ilheus,ISSQN
2021-05-01,2021-05-01,10,2022-03-01,3916152.370216925,3317849.1842486844,873505.6528754403,ilheus-ISSQN,ilheus,ISSQN
2021-05-01,2021-05-01,11,2022-04-01,4291180.637975705,3317849.1842486844,873505.6528754403,ilheus-ISSQN,ilheus,ISSQN
2021-05-01,2021-05-01,12,2022-05-01,5257128.1446916275,3317849.1842486844,873505.6528754403,ilheus-ISSQN,ilheus,ISSQN
2021-06-01,2021-06-01,1,2021-07-01,5196171.231922152,3202311.868858105,872481.1593890731,ilheus-ISSQN,ilheus,ISSQN
2021-06-01,2021-06-01,2,2021-08-01,4443752.31085364,3202445.864911602,872481.1593890731,ilheus-ISSQN,ilheus,ISSQN
2021-06-01,2021-06-01,3,2021-09-01,4222245.176809426,3202564.3742425474,872481.1593890731,ilheus-ISSQN,ilheus,ISSQN
2021-06-01,2021-06-01,4,2021-10-01,2634720.4943755055,3202669.186743772,872481.1593890731,ilheus-ISSQN,ilheus,ISSQN
2021-06-01,2021-06-01,5,2021-11-01,1977895.37325985,3202761.885439523,872481.1593890731,ilheus-ISSQN,ilheus,ISSQN
2021-06-01,2021-06-01,6,2021-12-01,1851041.825639648,3202843.8703944995,872481.1593890731,ilheus-ISSQN,ilheus,ISSQN
2021-06-01,2021-06-01,7,2022-01-01,4595502.996233166,3202916.3798595797,872481.1593890731,ilheus-ISSQN,ilheus,ISSQN
2021-06-01,2021-06-01,8,2022-02-01,3599759.875636779,3202980.508973607,872481.1593890731,ilheus-ISSQN,ilheus,ISSQN
2021-06-01,2021-06-01,9,2022-03-01,3916152.370216925,3203037.2263037013,872481.1593890731,ilheus-ISSQN,ilheus,ISSQN
2021-06-01,2021-06-01,10,2022-04-01,4291180.637975705,3203087.3884739075,872481.1593890731,ilheus-ISSQN,ilheus,ISSQN
2021-06-01,2021-06-01,11,2022-05-01,5257128.1446916275,3203131.753103125,872481.1593890731,ilheus-ISSQN,ilheus,ISSQN
2021-06-01,2021-06-01,12,2022-06-01,5307608.8770729955,3203170.99024772,872481.1593890731,ilheus-ISSQN,ilheus,ISSQN
2021-07-01,2021-07-01,1,2021-08-01,4443752.31085364,3270839.387694006,870448.9488895449,ilheus-ISSQN,ilheus,ISSQN
2021-07-01,2021-07-01,2,2021-09-01,4222245.176809426,3271038.8548109764,870448.9488895449,ilheus-ISSQN,ilheus,ISSQN
2021-07-01,2021-07-01,3,2021-10-01,2634720.4943755055,3271198.433538464,870448.9488895449,ilheus-ISSQN,ilheus,ISSQN
2021-07-01,2021-07-01,4,2021-11-01,1977895.37325985,3271326.100547709,870448.9488895449,ilheus-ISSQN,ilheus,ISSQN
2021-07-01,2021-07-01,5,2021-12-01,1851041.825639648,3271428.237377011,870448.9488895449,ilheus-ISSQN,ilheus,ISSQN
2021-07-01,2021-07-01,6,2022-01-01,4595502.996233166,3271509.9494180596,870448.9488895449,ilheus-ISSQN,ilheus,ISSQN
2021-07-01,2021-07-01,7,2022-02-01,3599759.875636779,3271575.3211130477,870448.9488895449,ilheus-ISSQN,ilheus,ISSQN
2021-07-01,2021-07-01,8,2022-03-01,3916152.370216925,3271627.620118811,870448.9488895449,ilheus-ISSQN,ilheus,ISSQN
2021-07-01,2021-07-01,9,2022-04-01,4291180.637975705,3271669.4606432803,870448.9488895449,ilheus-ISSQN,ilheus,ISSQN
2021-07-01,2021-07-01,10,2022-05-01,5257128.1446916275,3271702.9341187766,870448.9488895449,ilheus-ISSQN,ilheus,ISSQN
2021-07-01,2021-07-01,11,2022-06-01,5307608.8770729955,3271729.7137439367,870448.9488895449,ilheus-ISSQN,ilheus,ISSQN
2021-07-01,2021-07-01,12,2022-07-01,4379280.2105701715,3271751.138119897,870448.9488895449,ilheus-ISSQN,ilheus,ISSQN
2021-08-01,2021-08-01,1,2021-09-01,4222245.176809426,3303072.980147401,874474.7730374555,ilheus-ISSQN,ilheus,ISSQN
2021-08-01,2021-08-01,2,2021-10-01,2634720.4943755055,3303312.488826058,874474.7730374555,ilheus-ISSQN,ilheus,ISSQN
2021-08-01,2021-08-01,3,2021-11-01,1977895.37325985,3303504.095768983,874474.7730374555,ilheus-ISSQN,ilheus,ISSQN
2021-08-01,2021-08-01,4,2021-12-01,1851041.825639648,3303657.3813233236,874474.7730374555,ilheus-ISSQN,ilheus,ISSQN
2021-08-01,2021-08-01,5,2022-01-01,4595502.996233166,3303780.0097667957,874474.7730374555,ilheus-ISSQN,ilheus,ISSQN
2021-08-01,2021-08-01,6,2022-02-01,3599759.875636779,3303878.1125215734,874474.7730374555,ilheus-ISSQN,ilheus,ISSQN
2021-08-01,2021-08-01,7,2022-03-01,3916152.370216925,3303956.5947253956,874474.7730374555,ilheus-ISSQN,ilheus,ISSQN
2021-08-01,2021-08-01,8,2022-04-01,4291180.637975705,3304019.3804884534,874474.7730374555,ilheus-ISSQN,ilheus,ISSQN
2021-08-01,2021-08-01,9,2022-05-01,5257128.1446916275,3304069.6090988996,874474.7730374555,ilheus-ISSQN,ilheus,ISSQN
2021-08-01,2021-08-01,10,2022-06-01,5307608.8770729955,3304109.7919872566,874474.7730374555,ilheus-ISSQN,ilheus,ISSQN
2021-08-01,2021-08-01,11,2022-07-01,4379280.2105701715,3304141.9382979423,874474.7730374555,ilheus-ISSQN,ilheus,ISSQN
2021-08-01,2021-08-01,12,2022-08-01,4468730.572282989,3304167.655346491,874474.7730374555,ilheus-ISSQN,ilheus,ISSQN
2021-09-01,2021-09-01,1,2021-10-01,2634720.4943755055,3383479.39942903,869484.2300280825,ilheus-ISSQN,ilheus,ISSQN
2021-09-01,2021-09-01,2,2021-11-01,1977895.37325985,3383479.39942903,869484.2300280825,ilheus-ISSQN,ilheus,ISSQN
2021-09-01,2021-09-01,3,2021-12-01,1851041.825639648,3383479.39942903,869484.2300280825,ilheus-ISSQN,ilheus,ISSQN
2021-09-01,2021-09-01,4,2022-01-01,4595502.996233166,3383479.39942903,869484.2300280825,ilheus-ISSQN,ilheus,ISSQN
2021-09-01,2021-09-01,5,2022-02-01,3599759.875636779,3383479.39942903,869484.2300280825,ilheus-ISSQN,ilheus,ISSQN
2021-09-01,2021-09-01,6,2022-03-01,3916152.370216925,3383479.39942903,869484.2300280825,ilheus-ISSQN,ilheus,ISSQN
2021-09-01,2021-09-01,7,2022-04-01,4291180.637975705,3383479.39942903,869484.2300280825,ilheus-ISSQN,ilheus,ISSQN
2021-09-01,2021-09-01,8,2022-05-01,5257128.1446916275,3383479.39942903,869484.2300280825,ilheus-ISSQN,ilheus,ISSQN
2021-09-01,2021-09-01,9,2022-06-01,5307608.8770729955,3383479.39942903,869484.2300280825,ilheus-ISSQN,ilheus,ISSQN
2021-09-01,2021-09-01,10,2022-07-01,4379280.2105701715,3383479.39942903,869484.2300280825,ilheus-ISSQN,ilheus,ISSQN
2021-09-01,2021-09-01,11,2022-08-01,4468730.572282989,3383479.39942903,869484.2300280825,ilheus-ISSQN,ilheus,ISSQN
2021-09-01,2021-09-01,12,2022-09-01,5802108.660436498,3383479.39942903,869484.2300280825,ilheus-ISSQN,ilheus,ISSQN
2021-10-01,2021-10-01,1,2021-11-01,1977895.37325985,3344033.039842078,870019.3496107172,ilheus-ISSQN,ilheus,ISSQN
2021-10-01,2021-10-01,2,2021-12-01,1851041.825639648,3344033.039842078,870019.3496107172,ilheus-ISSQN,ilheus,ISSQN
2021-10-01,2021-10-01,3,2022-01-01,4595502.996233166,3344033.039842078,870019.3496107172,ilheus-ISSQN,ilheus,ISSQN
2021-10-01,2021-10-01,4,2022-02-01,3599759.875636779,3344033.039842078,870019.3496107172,ilheus-ISSQN,ilheus,ISSQN
2021-10-01,2021-10-01,5,2022-03-01,3916152.370216925,3344033.039842078,870019.3496107172,ilheus-ISSQN,ilheus,ISSQN
2021-10-01,2021-10-01,6,2022-04-01,4291180.637975705,3344033.039842078,870019.3496107172,ilheus-ISSQN,ilheus,ISSQN
2021-10-01,2021-10-01,7,2022-05-01,5257128.1446916275,3344033.039842078,870019.3496107172,ilheus-ISSQN,ilheus,ISSQN
2021-10-01,2021-10-01,8,2022-06-01,5307608.8770729955,3344033.039842078,870019.3496107172,ilheus-ISSQN,ilheus,ISSQN
2021-10-01,2021-10-01,9,2022-07-01,4379280.2105701715,3344033.039842078,870019.3496107172,ilheus-ISSQN,ilheus,ISSQN
2021-10-01,2021-10-01,10,2022-08-01,4468730.572282989,3344033.039842078,870019.3496107172,ilheus-ISSQN,ilheus,ISSQN
2021-10-01,2021-10-01,11,2022-09-01,5802108.660436498,3344033.039842078,870019.3496107172,ilheus-ISSQN,ilheus,ISSQN
2021-10-01,2021-10-01,12,2022-10-01,3184201.4593452825,3344033.039842078,870019.3496107172,ilheus-ISSQN,ilheus,ISSQN
2021-11-01,2021-11-01,1,2021-12-01,1851041.825639648,3325878.8340718127,866339.0218317595,ilheus-ISSQN,ilheus,ISSQN
2021-11-01,2021-11-01,2,2022-01-01,4595502.996233166,3325878.8340718127,866339.0218317595,ilheus-ISSQN,ilheus,ISSQN
2021-11-01,2021-11-01,3,2022-02-01,3599759.875636779,3325878.8340718127,866339.0218317595,ilheus-ISSQN,ilheus,ISSQN
2021-11-01,2021-11-01,4,2022-03-01,3916152.370216925,3325878.8340718127,866339.0218317595,ilheus-ISSQN,ilheus,ISSQN
2021-11-01,2021-11-01,5,2022-04-01,4291180.637975705,3325878.8340718127,866339.0218317595,ilheus-ISSQN,ilheus,ISSQN
2021-11-01,2021-11-01,6,2022-05-01,5257128.1446916275,3325878.8340718127,866339.0218317595,ilheus-ISSQN,ilheus,ISSQN
2021-11-01,2021-11-01,7,2022-06-01,5307608.8770729955,3325878.8340718127,866339.0218317595,ilheus-ISSQN,ilheus,ISSQN
2021-11-01,2021-11-01,8,2022-07-01,4379280.2105701715,3325878.8340718127,866339.0218317595,ilheus-ISSQN,ilheus,ISSQN
2021-11-01,2021-11-01,9,2022-08-01,4468730.572282989,3325878.8340718127,866339.0218317595,ilheus-ISSQN,ilheus,ISSQN
2021-11-01,2021-11-01,10,2022-09-01,5802108.660436498,3325878.8340718127,866339.0218317595,ilheus-ISSQN,ilheus,ISSQN
2021-11-01,2021-11-01,11,2022-10-01,3184201.4593452825,3325878.8340718127,866339.0218317595,ilheus-ISSQN,ilheus,ISSQN
2021-11-01,2021-11-01,12,2022-11-01,2246811.650573443,3325878.8340718127,866339.0218317595,ilheus-ISSQN,ilheus,ISSQN
2021-12-01,2021-12-01,1,2022-01-01,4595502.996233166,3287717.5450429125,862076.6934729686,ilheus-ISSQN,ilheus,ISSQN
2021-12-01,2021-12-01,2,2022-02-01,3599759.875636779,3287717.5450429125,862076.6934729686,ilheus-ISSQN,ilheus,ISSQN
2021-12-01,2021-12-01,3,2022-03-01,3916152.370216925,3287717.5450429125,862076.6934729686,ilheus-ISSQN,ilheus,ISSQN
2021-12-01,2021-12-01,4,2022-04-01,4291180.637975705,3287717.5450429125,862076.6934729686,ilheus-ISSQN,ilheus,ISSQN
2021-12-01,2021-12-01,5,2022-05-01,5257128.1446916275,3287717.5450429125,862076.6934729686,ilheus-ISSQN,ilheus,ISSQN
2021-12-01,2021-12-01,6,2022-06-01,5307608.8770729955,3287717.5450429125,862076.6934729686,ilheus-ISSQN,ilheus,ISSQN
2021-12-01,2021-12-01,7,2022-07-01,4379280.2105701715,3287717.5450429125,862076.6934729686,ilheus-ISSQN,ilheus,ISSQN
2021-12-01,2021-12-01,8,2022-08-01,4468730.572282989,3287717.5450429125,862076.6934729686,ilheus-ISSQN,ilheus,ISSQN
2021-12-01,2021-12-01,9,2022-09-01,5802108.660436498,3287717.5450429125,862076.6934729686,ilheus-ISSQN,ilheus,ISSQN
2021-12-01,2021-12-01,10,2022-10-01,3184201.4593452825,3287717.5450429125,862076.6934729686,ilheus-ISSQN,ilheus,ISSQN
2021-12-01,2021-12-01,11,2022-11-01,2246811.650573443,3287717.5450429125,862076.6934729686,ilheus-ISSQN,ilheus,ISSQN
2021-12-01,2021-12-01,12,2022-12-01,5275407.576307106,3287717.5450429125,862076.6934729686,ilheus-ISSQN,ilheus,ISSQN
2022-01-01,2022-01-01,1,2022-02-01,3599759.875636779,3306013.30069835,860702.0397066857,ilheus-ISSQN,ilheus,ISSQN
2022-01-01,2022-01-01,2,2022-03-01,3916152.370216925,3306013.30069835,860702.0397066857,ilheus-ISSQN,ilheus,ISSQN
2022-01-01,2022-01-01,3,2022-04-01,4291180.637975705,3306013.30069835,860702.0397066857,ilheus-ISSQN,ilheus,ISSQN
2022-01-01,2022-01-01,4,2022-05-01,5257128.1446916275,3306013.30069835,860702.0397066857,ilheus-ISSQN,ilheus,ISSQN
2022-01-01,2022-01-01,5,2022-06-01,5307608.8770729955,3306013.30069835,860702.0397066857,ilheus-ISSQN,ilheus,ISSQN
2022-01-01,2022-01-01,6,2022-07-01,4379280.2105701715,3306013.30069835,860702.0397066857,ilheus-ISSQN,ilheus,ISSQN
2022-01-01,2022-01-01,7,2022-08-01,4468730.572282989,3306013.30069835,860702.0397066857,ilheus-ISSQN,ilheus,ISSQN
2022-01-01,2022-01-01,8,2022-09-01,5802108.660436498,3306013.30069835,860702.0397066857,ilheus-ISSQN,ilheus,ISSQN
2022-01-01,2022-01-01,9,2022-10-01,3184201.4593452825,3306013.30069835,860702.0397066857,ilheus-ISSQN,ilheus,ISSQN
2022-01-01,2022-01-01,10,2022-11-01,2246811.650573443,3306013.30069835,860702.0397066857,ilheus-ISSQN,ilheus,ISSQN
2022-01-01,2022-01-01,11,2022-12-01,5275407.576307106,3306013.30069835,860702.0397066857,ilheus-ISSQN,ilheus,ISSQN
2022-01-01,2022-01-01,12,2023-01-01,7044916.168374341,3306013.30069835,860702.0397066857,ilheus-ISSQN,ilheus,ISSQN
2022-02-01,2022-02-01,1,2022-03-01,3916152.370216925,3321404.4549564957,876249.1551997798,ilheus-ISSQN,ilheus,ISSQN
2022-02-01,2022-02-01,2,2022-04-01,4291180.637975705,3321404.4549564957,876249.1551997798,ilheus-ISSQN,ilheus,ISSQN
2022-02-01,2022-02-01,3,2022-05-01,5257128.1446916275,3321404.4549564957,876249.1551997798,ilheus-ISSQN,ilheus,ISSQN
2022-02-01,2022-02-01,4,2022-06-01,5307608.8770729955,3321404.4549564957,876249.1551997798,ilheus-ISSQN,ilheus,ISSQN
2022-02-01,2022-02-01,5,2022-07-01,4379280.2105701715,3321404.4549564957,876249.1551997798,ilheus-ISSQN,ilheus,ISSQN
2022-02-01,2022-02-01,6,2022-08-01,4468730.572282989,3321404.4549564957,876249.1551997798,ilheus-ISSQN,ilheus,ISSQN
2022-02-01,2022-02-01,7,2022-09-01,5802108.660436498,3321404.4549564957,876249.1551997798,ilheus-ISSQN,ilheus,ISSQN
2022-02-01,2022-02-01,8,2022-10-01,3184201.4593452825,3321404.4549564957,876249.1551997798,ilheus-ISSQN,ilheus,ISSQN
2022-02-01,2022-02-01,9,2022-11-01,2246811.650573443,3321404.4549564957,876249.1551997798,ilheus-ISSQN,ilheus,ISSQN
2022-02-01,2022-02-01,10,2022-12-01,5275407.576307106,3321404.4549564957,876249.1551997798,ilheus-ISSQN,ilheus,ISSQN
2022-02-01,2022-02-01,11,2023-01-01,7044916.168374341,3321404.4549564957,876249.1551997798,ilheus-ISSQN,ilheus,ISSQN
2022-02-01,2022-02-01,12,2023-02-01,5490957.798547088,3321404.4549564957,876249.1551997798,ilheus-ISSQN,ilheus,ISSQN
2022-03-01,2022-03-01,1,2022-04-01,4291180.637975705,3330779.5025262213,867849.6601761332,ilheus-ISSQN,ilheus,ISSQN
2022-03-01,2022-03-01,2,2022-05-01,5257128.1446916275,3330779.5025262213,867849.6601761332,ilheus-ISSQN,ilheus,ISSQN
2022-03-01,2022-03-01,3,2022-06-01,5307608.8770729955,3330779.5025262213,867849.6601761332,ilheus-ISSQN,ilheus,ISSQN
2022-03-01,2022-03-01,4,2022-07-01,4379280.2105701715,3330779.5025262213,867849.6601761332,ilheus-ISSQN,ilheus,ISSQN
2022-03-01,2022-03-01,5,2022-08-01,4468730.572282989,3330779.5025262213,867849.6601761332,ilheus-ISSQN,ilheus,ISSQN
2022-03-01,2022-03-01,6,2022-09-01,5802108.660436498,3330779.5025262213,867849.6601761332,ilheus-ISSQN,ilheus,ISSQN
2022-03-01,2022-03-01,7,2022-10-01,3184201.4593452825,3330779.5025262213,867849.6601761332,ilheus-ISSQN,ilheus,ISSQN
2022-03-01,2022-03-01,8,2022-11-01,2246811.650573443,3330779.5025262213,867849.6601761332,ilheus-ISSQN,ilheus,ISSQN
2022-03-01,2022-03-01,9,2022-12-01,5275407.576307106,3330779.5025262213,867849.6601761332,ilheus-ISSQN,ilheus,ISSQN
2022-03-01,2022-03-01,10,2023-01-01,7044916.168374341,3330779.5025262213,867849.6601761332,ilheus-ISSQN,ilheus,ISSQN
2022-03-01,2022-03-01,11,2023-02-01,5490957.798547088,3330779.5025262213,867849.6601761332,ilheus-ISSQN,ilheus,ISSQN
2022-03-01,2022-03-01,12,2023-03-01,5017034.708914244,3330779.5025262213,867849.6601761332,ilheus-ISSQN,ilheus,ISSQN
2022-04-01,2022-04-01,1,2022-05-01,5257128.1446916275,3340005.7417522385,858241.4191512637,ilheus-ISSQN,ilheus,ISSQN
2022-04-01,2022-04-01,2,2022-06-01,5307608.8770729955,3340005.7417522385,858241.4191512637,ilheus-ISSQN,ilheus,ISSQN
2022-04-01,2022-04-01,3,2022-07-01,4379280.2105701715,3340005.7417522385,858241.4191512637,ilheus-ISSQN,ilheus,ISSQN
2022-04-01,2022-04-01,4,2022-08-01,4468730.572282989,3340005.7417522385,858241.4191512637,ilheus-ISSQN,ilheus,ISSQN
2022-04-01,2022-04-01,5,2022-09-01,5802108.660436498,3340005.7417522385,858241.4191512637,ilheus-ISSQN,ilheus,ISSQN
2022-04-01,2022-04-01,6,2022-10-01,3184201.4593452825,3340005.7417522385,858241.4191512637,ilheus-ISSQN,ilheus,ISSQN
2022-04-01,2022-04-01,7,2022-11-01,2246811.650573443,3340005.7417522385,858241.4191512637,ilheus-ISSQN,ilheus,ISSQN
2022-04-01,2022-04-01,8,2022-12-01,5275407.576307106,3340005.7417522385,858241.4191512637,ilheus-ISSQN,ilheus,ISSQN
2022-04-01,2022-04-01,9,2023-01-01,7044916.168374341,3340005.7417522385,858241.4191512637,ilheus-ISSQN,ilheus,ISSQN
2022-04-01,2022-04-01,10,2023-02-01,5490957.798547088,3340005.7417522385,858241.4191512637,ilheus-ISSQN,ilheus,ISSQN
2022-04-01,2022-04-01,11,2023-03-01,5017034.708914244,3340005.7417522385,858241.4191512637,ilheus-ISSQN,ilheus,ISSQN
2022-04-01,2022-04-01,12,2023-04-01,5120423.472637157,3340005.7417522385,858241.4191512637,ilheus-ISSQN,ilheus,ISSQN
2022-05-01,2022-05-01,1,2022-06-01,5307608.8770729955,3364956.8409527736,870524.072714053,ilheus-ISSQN,ilheus,ISSQN
2022-05-01,2022-05-01,2,2022-07-01,4379280.2105701715,3364956.8409527736,870524.072714053,ilheus-ISSQN,ilheus,ISSQN
2022-05-01,2022-05-01,3,2022-08-01,4468730.572282989,3364956.8409527736,870524.072714053,ilheus-ISSQN,ilheus,ISSQN
2022-05-01,2022-05-01,4,2022-09-01,5802108.660436498,3364956.8409527736,870524.072714053,ilheus-ISSQN,ilheus,ISSQN
2022-05-01,2022-05-01,5,2022-10-01,3184201.4593452825,3364956.8409527736,870524.072714053,ilheus-ISSQN,ilheus,ISSQN
2022-05-01,2022-05-01,6,2022-11-01,2246811.650573443,3364956.8409527736,870524.072714053,ilheus-ISSQN,ilheus,ISSQN
2022-05-01,2022-05-01,7,2022-12-01,5275407.576307106,3364956.8409527736,870524.072714053,ilheus-ISSQN,ilheus,ISSQN
2022-05-01,2022-05-01,8,2023-01-01,7044916.168374341,3364956.8409527736,870524.072714053,ilheus-ISSQN,ilheus,ISSQN
2022-05-01,2022-05-01,9,2023-02-01,5490957.798547088,3364956.8409527736,870524.072714053,ilheus-ISSQN,ilheus,ISSQN
2022-05-01,2022-05-01,10,2023-03-01,5017034.708914244,3364956.8409527736,870524.072714053,ilheus-ISSQN,ilheus,ISSQN
2022-05-01,2022-05-01,11,2023-04-01,5120423.472637157,3364956.8409527736,870524.072714053,ilheus-ISSQN,ilheus,ISSQN
2022-05-01,2022-05-01,12,2023-05-01,5944098.506612575,3364956.8409527736,870524.072714053,ilheus-ISSQN,ilheus,ISSQN
2022-06-01,2022-06-01,1,2022-07-01,4379280.2105701715,3734184.463489513,881631.7309090763,ilheus-ISSQN,ilheus,ISSQN
2022-06-01,2022-06-01,2,2022-08-01,4468730.572282989,3734184.463489513,881631.7309090763,ilheus-ISSQN,ilheus,ISSQN
2022-06-01,2022-06-01,3,2022-09-01,5802108.660436498,3734184.463489513,881631.7309090763,ilheus-ISSQN,ilheus,ISSQN
2022-06-01,2022-06-01,4,2022-10-01,3184201.4593452825,3734184.463489513,881631.7309090763,ilheus-ISSQN,ilheus,ISSQN
2022-06-01,2022-06-01,5,2022-11-01,2246811.650573443,3734184.463489513,881631.7309090763,ilheus-ISSQN,ilheus,ISSQN
2022-06-01,2022-06-01,6,2022-12-01,5275407.576307106,3734184.463489513,881631.7309090763,ilheus-ISSQN,ilheus,ISSQN
2022-06-01,2022-06-01,7,2023-01-01,7044916.168374341,3734184.463489513,881631.7309090763,ilheus-ISSQN,ilheus,ISSQN
2022-06-01,2022-06-01,8,2023-02-01,5490957.798547088,3734184.463489513,881631.7309090763,ilheus-ISSQN,ilheus,ISSQN
2022-06-01,2022-06-01,9,2023-03-01,5017034.708914244,3734184.463489513,881631.7309090763,ilheus-ISSQN,ilheus,ISSQN
2022-06-01,2022-06-01,10,2023-04-01,5120423.472637157,3734184.463489513,881631.7309090763,ilheus-ISSQN,ilheus,ISSQN
2022-06-01,2022-06-01,11,2023-05-01,5944098.506612575,3734184.463489513,881631.7309090763,ilheus-ISSQN,ilheus,ISSQN
2022-06-01,2022-06-01,12,2023-06-01,5820348.99620249,3734184.463489513,881631.7309090763,ilheus-ISSQN,ilheus,ISSQN
2022-07-01,2022-07-01,1,2022-08-01,4468730.572282989,3809618.212717525,880812.2282564548,ilheus-ISSQN,ilheus,ISSQN
2022-07-01,2022-07-01,2,2022-09-01,5802108.660436498,3809618.212717525,880812.2282564548,ilheus-ISSQN,ilheus,ISSQN
2022-07-01,2022-07-01,3,2022-10-01,3184201.4593452825,3809618.212717525,880812.2282564548,ilheus-ISSQN,ilheus,ISSQN
2022-07-01,2022-07-01,4,2022-11-01,2246811.650573443,3809618.212717525,880812.2282564548,ilheus-ISSQN,ilheus,ISSQN
2022-07-01,2022-07-01,5,2022-12-01,5275407.576307106,3809618.212717525,880812.2282564548,ilheus-ISSQN,ilheus,ISSQN
2022-07-01,2022-07-01,6,2023-01-01,7044916.168374341,3809618.212717525,880812.2282564548,ilheus-ISSQN,ilheus,ISSQN
2022-07-01,2022-07-01,7,2023-02-01,5490957.798547088,3809618.212717525,880812.2282564548,ilheus-ISSQN,ilheus,ISSQN
2022-07-01,2022-07-01,8,2023-03-01,5017034.708914244,3809618.212717525,880812.2282564548,ilheus-ISSQN,ilheus,ISSQN
2022-07-01,2022-07-01,9,2023-04-01,5120423.472637157,3809618.212717525,880812.2282564548,ilheus-ISSQN,ilheus,ISSQN
2022-07-01,2022-07-01,10,2023-05-01,5944098.506612575,3809618.212717525,880812.2282564548,ilheus-ISSQN,ilheus,ISSQN
2022-07-01,2022-07-01,11,2023-06-01,5820348.99620249,3809618.212717525,880812.2282564548,ilheus-ISSQN,ilheus,ISSQN
2022-07-01,2022-07-01,12,2023-07-01,6410704.047477755,3809618.212717525,880812.2282564548,ilheus-ISSQN,ilheus,ISSQN
2022-08-01,2022-08-01,1,2022-09-01,5802108.660436498,3897878.1422409704,870114.3036711158,ilheus-ISSQN,ilheus,ISSQN
2022-08-01,2022-08-01,2,2022-10-01,3184201.4593452825,3897878.1422409704,870114.3036711158,ilheus-ISSQN,ilheus,ISSQN
2022-08-01,2022-08-01,3,2022-11-01,2246811.650573443,3897878.1422409704,870114.3036711158,ilheus-ISSQN,ilheus,ISSQN
2022-08-01,2022-08-01,4,2022-12-01,5275407.576307106,3897878.1422409704,870114.3036711158,ilheus-ISSQN,ilheus,ISSQN
2022-08-01,2022-08-01,5,2023-01-01,7044916.168374341,3897878.1422409704,870114.3036711158,ilheus-ISSQN,ilheus,ISSQN
2022-08-01,2022-08-01,6,2023-02-01,5490957.798547088,3897878.1422409704,870114.3036711158,ilheus-ISSQN,ilheus,ISSQN
2022-08-01,2022-08-01,7,2023-03-01,5017034.708914244,3897878.1422409704,870114.3036711158,ilheus-ISSQN,ilheus,ISSQN
2022-08-01,2022-08-01,8,2023-04-01,5120423.472637157,3897878.1422409704,870114.3036711158,ilheus-ISSQN,ilheus,ISSQN
2022-08-01,2022-08-01,9,2023-05-01,5944098.506612575,3897878.1422409704,870114.3036711158,ilheus-ISSQN,ilheus,ISSQN
2022-08-01,2022-08-01,10,2023-06-01,5820348.99620249,3897878.1422409704,870114.3036711158,ilheus-ISSQN,ilheus,ISSQN
2022-08-01,2022-08-01,11,2023-07-01,6410704.047477755,3897878.1422409704,870114.3036711158,ilheus-ISSQN,ilheus,ISSQN
2022-08-01,2022-08-01,12,2023-08-01,5321090.6821164945,3897878.1422409704,870114.3036711158,ilheus-ISSQN,ilheus,ISSQN
2022-09-01,2022-09-01,1,2022-10-01,3184201.4593452825,4262508.483663101,878876.6392261275,ilheus-ISSQN,ilheus,ISSQN
2022-09-01,2022-09-01,2,2022-11-01,2246811.650573443,4262508.483663101,878876.6392261275,ilheus-ISSQN,ilheus,ISSQN
2022-09-01,2022-09-01,3,2022-12-01,5275407.576307106,4262508.483663101,878876.6392261275,ilheus-ISSQN,ilheus,ISSQN
2022-09-01,2022-09-01,4,2023-01-01,7044916.168374341,4262508.483663101,878876.6392261275,ilheus-ISSQN,ilheus,ISSQN
2022-09-01,2022-09-01,5,2023-02-01,5490957.798547088,4262508.483663101,878876.6392261275,ilheus-ISSQN,ilheus,ISSQN
2022-09-01,2022-09-01,6,2023-03-01,5017034.708914244,4262508.483663101,878876.6392261275,ilheus-ISSQN,ilheus,ISSQN
2022-09-01,2022-09-01,7,2023-04-01,5120423.472637157,4262508.483663101,878876.6392261275,ilheus-ISSQN,ilheus,ISSQN
2022-09-01,2022-09-01,8,2023-05-01,5944098.506612575,4262508.483663101,878876.6392261275,ilheus-ISSQN,ilheus,ISSQN
2022-09-01,2022-09-01,9,2023-06-01,5820348.99620249,4262508.483663101,878876.6392261275,ilheus-ISSQN,ilheus,ISSQN
2022-09-01,2022-09-01,10,2023-07-01,6410704.047477755,4262508.483663101,878876.6392261275,ilheus-ISSQN,ilheus,ISSQN
2022-09-01,2022-09-01,11,2023-08-01,5321090.6821164945,4262508.483663101,878876.6392261275,ilheus-ISSQN,ilheus,ISSQN
2022-09-01,2022-09-01,12,2023-09-01,4693378.384150494,4262508.483663101,878876.6392261275,ilheus-ISSQN,ilheus,ISSQN
2022-10-01,2022-10-01,1,2022-11-01,2246811.650573443,4111748.101583577,874859.6188083673,ilheus-ISSQN,ilheus,ISSQN
2022-10-01,2022-10-01,2,2022-12-01,5275407.576307106,4111748.101583577,874859.6188083673,ilheus-ISSQN,ilheus,ISSQN
2022-10-01,2022-10-01,3,2023-01-01,7044916.168374341,4111748.101583577,874859.6188083673,ilheus-ISSQN,ilheus,ISSQN
2022-10-01,2022-10-01,4,2023-02-01,5490957.798547088,4111748.101583577,874859.6188083673,ilheus-ISSQN,ilheus,ISSQN
2022-10-01,2022-10-01,5,2023-03-01,5017034.708914244,4111748.101583577,874859.6188083673,ilheus-ISSQN,ilheus,ISSQN
2022-10-01,2022-10-01,6,2023-04-01,5120423.472637157,4111748.101583577,874859.6188083673,ilheus-ISSQN,ilheus,ISSQN
2022-10-01,2022-10-01,7,2023-05-01,5944098.506612575,4111748.101583577,874859.6188083673,ilheus-ISSQN,ilheus,ISSQN
2022-10-01,2022-10-01,8,2023-06-01,5820348.99620249,4111748.101583577,874859.6188083673,ilheus-ISSQN,ilheus,ISSQN
2022-10-01,2022-10-01,9,2023-07-01,6410704.047477755,4111748.101583577,874859.6188083673,ilheus-ISSQN,ilheus,ISSQN
2022-10-01,2022-10-01,10,2023-08-01,5321090.6821164945,4111748.101583577,874859.6188083673,ilheus-ISSQN,ilheus,ISSQN
2022-10-01,2022-10-01,11,2023-09-01,4693378.384150494,4111748.101583577,874859.6188083673,ilheus-ISSQN,ilheus,ISSQN
2022-10-01,2022-10-01,12,2023-10-01,2707167.420455185,4111748.101583577,874859.6188083673,ilheus-ISSQN,ilheus,ISSQN
2022-11-01,2022-11-01,1,2022-12-01,5275407.576307106,3879960.7218978214,867559.0966216832,ilheus-ISSQN,ilheus,ISSQN
2022-11-01,2022-11-01,2,2023-01-01,7044916.168374341,3879960.7218978214,867559.0966216832,ilheus-ISSQN,ilheus,ISSQN
2022-11-01,2022-11-01,3,2023-02-01,5490957.798547088,3879960.7218978214,867559.0966216832,ilheus-ISSQN,ilheus,ISSQN
2022-11-01,2022-11-01,4,2023-03-01,5017034.708914244,3879960.7218978214,867559.0966216832,ilheus-ISSQN,ilheus,ISSQN
2022-11-01,2022-11-01,5,2023-04-01,5120423.472637157,3879960.7218978214,867559.0966216832,ilheus-ISSQN,ilheus,ISSQN
2022-11-01,2022-11-01,6,2023-05-01,5944098.506612575,3879960.7218978214,867559.0966216832,ilheus-ISSQN,ilheus,ISSQN
2022-11-01,2022-11-01,7,2023-06-01,5820348.99620249,3879960.7218978214,867559.0966216832,ilheus-ISSQN,ilheus,ISSQN
2022-11-01,2022-11-01,8,2023-07-01,6410704.047477755,3879960.7218978214,867559.0966216832,ilheus-ISSQN,ilheus,ISSQN
2022-11-01,2022-11-01,9,2023-08-01,5321090.6821164945,3879960.7218978214,867559.0966216832,ilheus-ISSQN,ilheus,ISSQN
2022-11-01,2022-11-01,10,2023-09-01,4693378.384150494,3879960.7218978214,867559.0966216832,ilheus-ISSQN,ilheus,ISSQN
2022-11-01,2022-11-01,11,2023-10-01,2707167.420455185,3879960.7218978214,867559.0966216832,ilheus-ISSQN,ilheus,ISSQN
2022-11-01,2022-11-01,12,2023-11-01,4091370.0444003586,3879960.7218978214,867559.0966216832,ilheus-ISSQN,ilheus,ISSQN
2022-12-01,2022-12-01,1,2023-01-01,7044916.168374341,4234666.730032599,897997.271074609,ilheus-ISSQN,ilheus,ISSQN
2022-12-01,2022-12-01,2,2023-02-01,5490957.798547088,4282592.974319337,897997.271074609,ilheus-ISSQN,ilheus,ISSQN
2022-12-01,2022-12-01,3,2023-03-01,5017034.708914244,4330519.218606075,897997.271074609,ilheus-ISSQN,ilheus,ISSQN
2022-12-01,2022-12-01,4,2023-04-01,5120423.472637157,4378445.462892814,897997.271074609,ilheus-ISSQN,ilheus,ISSQN
2022-12-01,2022-12-01,5,2023-05-01,5944098.506612575,4426371.707179553,897997.271074609,ilheus-ISSQN,ilheus,ISSQN
2022-12-01,2022-12-01,6,2023-06-01,5820348.99620249,4474297.951466291,897997.271074609,ilheus-ISSQN,ilheus,ISSQN
2022-12-01,2022-12-01,7,2023-07-01,6410704.047477755,4522224.19575303,897997.271074609,ilheus-ISSQN,ilheus,ISSQN
2022-12-01,2022-12-01,8,2023-08-01,5321090.6821164945,4570150.440039768,897997.271074609,ilheus-ISSQN,ilheus,ISSQN
2022-12-01,2022-12-01,9,2023-09-01,4693378.384150494,4618076.684326507,897997.271074609,ilheus-ISSQN,ilheus,ISSQN
2022-12-01,2022-12-01,10,2023-10-01,2707167.420455185,4666002.9286132455,897997.271074609,ilheus-ISSQN,ilheus,ISSQN
2022-12-01,2022-12-01,11,2023-11-01,4091370.0444003586,4713929.172899984,897997.271074609,ilheus-ISSQN,ilheus,ISSQN
2022-12-01,2022-12-01,12,2023-12-01,4824284.21153272,4761855.417186722,897997.271074609,ilheus-ISSQN,ilheus,ISSQN
2023-01-01,2023-01-01,1,2023-02-01,5490957.798547088,4370594.325838093,916249.2228518628,ilheus-ISSQN,ilheus,ISSQN
2023-01-01,2023-01-01,2,2023-03-01,5017034.708914244,4437516.47786804,916249.2228518628,ilheus-ISSQN,ilheus,ISSQN
2023-01-01,2023-01-01,3,2023-04-01,5120423.472637157,4504438.6298979875,916249.2228518628,ilheus-ISSQN,ilheus,ISSQN
2023-01-01,2023-01-01,4,2023-05-01,5944098.506612575,4571360.781927935,916249.2228518628,ilheus-ISSQN,ilheus,ISSQN
2023-01-01,2023-01-01,5,2023-06-01,5820348.99620249,4638282.933957882,916249.2228518628,ilheus-ISSQN,ilheus,ISSQN
2023-01-01,2023-01-01,6,2023-07-01,6410704.047477755,4705205.085987831,916249.2228518628,ilheus-ISSQN,ilheus,ISSQN
2023-01-01,2023-01-01,7,2023-08-01,5321090.6821164945,4772127.238017778,916249.2228518628,ilheus-ISSQN,ilheus,ISSQN
2023-01-01,2023-01-01,8,2023-09-01,4693378.384150494,4839049.390047725,916249.2228518628,ilheus-ISSQN,ilheus,ISSQN
2023-01-01,2023-01-01,9,2023-10-01,2707167.420455185,4905971.542077673,916249.2228518628,ilheus-ISSQN,ilheus,ISSQN
2023-01-01,2023-01-01,10,2023-11-01,4091370.0444003586,4972893.69410762,916249.2228518628,ilheus-ISSQN,ilheus,ISSQN
2023-01-01,2023-01-01,11,2023-12-01,4824284.21153272,5039815.846137567,916249.2228518628,ilheus-ISSQN,ilheus,ISSQN
2023-01-01,2023-01-01,12,2024-01-01,6855005.067285447,5106737.998167515,916249.2228518628,ilheus-ISSQN,ilheus,ISSQN
2023-02-01,2023-02-01,1,2023-03-01,5017034.708914244,4466661.291491897,927585.83564324,ilheus-ISSQN,ilheus,ISSQN
2023-02-01,2023-02-01,2,2023-04-01,5120423.472637157,4542072.73195843,927585.83564324,ilheus-ISSQN,ilheus,ISSQN
2023-02-01,2023-02-01,3,2023-05-01,5944098.506612575,4617484.172424965,927585.83564324,ilheus-ISSQN,ilheus,ISSQN
2023-02-01,2023-02-01,4,2023-06-01,5820348.99620249,4692895.612891498,927585.83564324,ilheus-ISSQN,ilheus,ISSQN
2023-02-01,2023-02-01,5,2023-07-01,6410704.047477755,4768307.053358031,927585.83564324,ilheus-ISSQN,ilheus,ISSQN
2023-02-01,2023-02-01,6,2023-08-01,5321090.6821164945,4843718.493824565,927585.83564324,ilheus-ISSQN,ilheus,ISSQN
2023-02-01,2023-02-01,7,2023-09-01,4693378.384150494,4919129.934291099,927585.83564324,ilheus-ISSQN,ilheus,ISSQN
2023-02-01,2023-02-01,8,2023-10-01,2707167.420455185,4994541.374757633,927585.83564324,ilheus-ISSQN,ilheus,ISSQN
2023-02-01,2023-02-01,9,2023-11-01,4091370.0444003586,5069952.815224166,927585.83564324,ilheus-ISSQN,ilheus,ISSQN
2023-02-01,2023-02-01,10,2023-12-01,4824284.21153272,5145364.255690699,927585.83564324,ilheus-ISSQN,ilheus,ISSQN
2023-02-01,2023-02-01,11,2024-01-01,6855005.067285447,5220775.696157234,927585.83564324,ilheus-ISSQN,ilheus,ISSQN
2023-02-01,2023-02-01,12,2024-02-01,9086542.543679124,5296187.136623767,927585.83564324,ilheus-ISSQN,ilheus,ISSQN
2023-03-01,2023-03-01,1,2023-04-01,5120423.472637157,4553210.848360923,929577.7494714478,ilheus-ISSQN,ilheus,ISSQN
2023-03-01,2023-03-01,2,2023-05-01,5944098.506612575,4632589.736779388,929577.7494714478,ilheus-ISSQN,ilheus,ISSQN
2023-03-01,2023-03-01,3,2023-06-01,5820348.99620249,4711968.625197852,929577.7494714478,ilheus-ISSQN,ilheus,ISSQN
2023-03-01,2023-03-01,4,2023-07-01,6410704.047477755,4791347.513616317,929577.7494714478,ilheus-ISSQN,ilheus,ISSQN
2023-03-01,2023-03-01,5,2023-08-01,5321090.6821164945,4870726.402034781,929577.7494714478,ilheus-ISSQN,ilheus,ISSQN
2023-03-01,2023-03-01,6,2023-09-01,4693378.384150494,4950105.290453246,929577.7494714478,ilheus-ISSQN,ilheus,ISSQN
2023-03-01,2023-03-01,7,2023-10-01,2707167.420455185,5029484.17887171,929577.7494714478,ilheus-ISSQN,ilheus,ISSQN
2023-03-01,2023-03-01,8,2023-11-01,4091370.0444003586,5108863.067290175,929577.7494714478,ilheus-ISSQN,ilheus,ISSQN
2023-03-01,2023-03-01,9,2023-12-01,4824284.21153272,5188241.955708639,929577.7494714478,ilheus-ISSQN,ilheus,ISSQN
2023-03-01,2023-03-01,10,2024-01-01,6855005.067285447,5267620.844127104,929577.7494714478,ilheus-ISSQN,ilheus,ISSQN
2023-03-01,2023-03-01,11,2024-02-01,9086542.543679124,5346999.732545568,929577.7494714478,ilheus-ISSQN,ilheus,ISSQN
2023-03-01,2023-03-01,12,2024-03-01,7043675.816064964,5426378.620964033,929577.7494714478,ilheus-ISSQN,ilheus,ISSQN
2023-04-01,2023-04-01,1,2023-05-01,5944098.506612575,4631803.787074845,928437.5799849707,ilheus-ISSQN,ilheus,ISSQN
2023-04-01,2023-04-01,2,2023-06-01,5820348.99620249,4715064.814421299,928437.5799849707,ilheus-ISSQN,ilheus,ISSQN
2023-04-01,2023-04-01,3,2023-07-01,6410704.047477755,4798325.8417677535,928437.5799849707,ilheus-ISSQN,ilheus,ISSQN
2023-04-01,2023-04-01,4,2023-08-01,5321090.6821164945,4881586.869114207,928437.5799849707,ilheus-ISSQN,ilheus,ISSQN
2023-04-01,2023-04-01,5,2023-09-01,4693378.384150494,4964847.896460662,928437.5799849707,ilheus-ISSQN,ilheus,ISSQN
2023-04-01,2023-04-01,6,2023-10-01,2707167.420455185,5048108.923807115,928437.5799849707,ilheus-ISSQN,ilheus,ISSQN
2023-04-01,2023-04-01,7,2023-11-01,4091370.0444003586,5131369.95115357,928437.5799849707,ilheus-ISSQN,ilheus,ISSQN
2023-04-01,2023-04-01,8,2023-12-01,4824284.21153272,5214630.9785000235,928437.5799849707,ilheus-ISSQN,ilheus,ISSQN
2023-04-01,2023-04-01,9,2024-01-01,6855005.067285447,5297892.005846478,928437.5799849707,ilheus-ISSQN,ilheus,ISSQN
2023-04-01,2023-04-01,10,2024-02-01,9086542.543679124,5381153.033192932,928437.5799849707,ilheus-ISSQN,ilheus,ISSQN
2023-04-01,2023-04-01,11,2024-03-01,7043675.816064964,5464414.060539386,928437.5799849707,ilheus-ISSQN,ilheus,ISSQN
2023-04-01,2023-04-01,12,2024-04-01,5890123.897076042,5547675.08788584,928437.5799849707,ilheus-ISSQN,ilheus,ISSQN
2023-05-01,2023-05-01,1,2023-06-01,5820348.99620249,4726173.13892293,925724.4651752627,ilheus-ISSQN,ilheus,ISSQN
2023-05-01,2023-05-01,2,2023-07-01,6410704.047477755,4819432.621303091,925724.4651752627,ilheus-ISSQN,ilheus,ISSQN
2023-05-01,2023-05-01,3,2023-08-01,5321090.6821164945,4912692.103683251,925724.4651752627,ilheus-ISSQN,ilheus,ISSQN
2023-05-01,2023-05-01,4,2023-09-01,4693378.384150494,5005951.586063412,925724.4651752627,ilheus-ISSQN,ilheus,ISSQN
2023-05-01,2023-05-01,5,2023-10-01,2707167.420455185,5099211.068443572,925724.4651752627,ilheus-ISSQN,ilheus,ISSQN
2023-05-01,2023-05-01,6,2023-11-01,4091370.0444003586,5192470.550823733,925724.4651752627,ilheus-ISSQN,ilheus,ISSQN
2023-05-01,2023-05-01,7,2023-12-01,4824284.21153272,5285730.033203893,925724.4651752627,ilheus-ISSQN,ilheus,ISSQN
2023-05-01,2023-05-01,8,2024-01-01,6855005.067285447,5378989.515584054,925724.4651752627,ilheus-ISSQN,ilheus,ISSQN
2023-05-01,2023-05-01,9,2024-02-01,9086542.543679124,5472248.9979642145,925724.4651752627,ilheus-ISSQN,ilheus,ISSQN
2023-05-01,2023-05-01,10,2024-03-01,7043675.816064964,5565508.480344376,925724.4651752627,ilheus-ISSQN,ilheus,ISSQN
2023-05-01,2023-05-01,11,2024-04-01,5890123.897076042,5658767.962724536,925724.4651752627,ilheus-ISSQN,ilheus,ISSQN
2023-05-01,2023-05-01,12,2024-05-01,5072550.794914876,5752027.445104696,925724.4651752627,ilheus-ISSQN,ilheus,ISSQN
2023-06-01,2023-06-01,1,2023-07-01,6410704.047477755,4833259.0213979995,921135.7502191985,ilheus-ISSQN,ilheus,ISSQN
2023-06-01,2023-06-01,2,2023-08-01,5321090.6821164945,4934459.848089922,921135.7502191985,ilheus-ISSQN,ilheus,ISSQN
2023-06-01,2023-06-01,3,2023-09-01,4693378.384150494,5035660.674781844,921135.7502191985,ilheus-ISSQN,ilheus,ISSQN
2023-06-01,2023-06-01,4,2023-10-01,2707167.420455185,5136861.501473766,921135.7502191985,ilheus-ISSQN,ilheus,ISSQN
2023-06-01,2023-06-01,5,2023-11-01,4091370.0444003586,5238062.328165689,921135.7502191985,ilheus-ISSQN,ilheus,ISSQN
2023-06-01,2023-06-01,6,2023-12-01,4824284.21153272,5339263.15485761,921135.7502191985,ilheus-ISSQN,ilheus,ISSQN
2023-06-01,2023-06-01,7,2024-01-01,6855005.067285447,5440463.981549532,921135.7502191985,ilheus-ISSQN,ilheus,ISSQN
2023-06-01,2023-06-01,8,2024-02-01,9086542.543679124,5541664.808241455,921135.7502191985,ilheus-ISSQN,ilheus,ISSQN
2023-06-01,2023-06-01,9,2024-03-01,7043675.816064964,5642865.634933377,921135.7502191985,ilheus-ISSQN,ilheus,ISSQN
2023-06-01,2023-06-01,10,2024-04-01,5890123.897076042,5744066.4616252985,921135.7502191985,ilheus-ISSQN,ilheus,ISSQN
2023-06-01,2023-06-01,11,2024-05-01,5072550.794914876,5845267.28831722,921135.7502191985,ilheus-ISSQN,ilheus,ISSQN
2023-06-01,2023-06-01,12,2024-06-01,2370445.2289252775,5946468.115009143,921135.7502191985,ilheus-ISSQN,ilheus,ISSQN
2023-07-01,2023-07-01,1,2023-08-01,5321090.6821164945,5210094.446438588,933336.7182047851,ilheus-ISSQN,ilheus,ISSQN
2023-07-01,2023-07-01,2,2023-09-01,4693378.384150494,5210094.446438588,933336.7182047851,ilheus-ISSQN,ilheus,ISSQN
2023-07-01,2023-07-01,3,2023-10-01,2707167.420455185,5210094.446438588,933336.7182047851,ilheus-ISSQN,ilheus,ISSQN
2023-07-01,2023-07-01,4,2023-11-01,4091370.0444003586,5210094.446438588,933336.7182047851,ilheus-ISSQN,ilheus,ISSQN
2023-07-01,2023-07-01,5,2023-12-01,4824284.21153272,5210094.446438588,933336.7182047851,ilheus-ISSQN,ilheus,ISSQN
2023-07-01,2023-07-01,6,2024-01-01,6855005.067285447,5210094.446438588,933336.7182047851,ilheus-ISSQN,ilheus,ISSQN
2023-07-01,2023-07-01,7,2024-02-01,9086542.543679124,5210094.446438588,933336.7182047851,ilheus-ISSQN,ilheus,ISSQN
2023-07-01,2023-07-01,8,2024-03-01,7043675.816064964,5210094.446438588,933336.7182047851,ilheus-ISSQN,ilheus,ISSQN
2023-07-01,2023-07-01,9,2024-04-01,5890123.897076042,5210094.446438588,933336.7182047851,ilheus-ISSQN,ilheus,ISSQN
2023-07-01,2023-07-01,10,2024-05-01,5072550.794914876,5210094.446438588,933336.7182047851,ilheus-ISSQN,ilheus,ISSQN
2023-07-01,2023-07-01,11,2024-06-01,2370445.2289252775,5210094.446438588,933336.7182047851,ilheus-ISSQN,ilheus,ISSQN
2023-07-01,2023-07-01,12,2024-07-01,3169539.203390758,5210094.446438588,933336.7182047851,ilheus-ISSQN,ilheus,ISSQN
2023-08-01,2023-08-01,1,2023-09-01,4693378.384150494,4795535.081438897,932456.5376790104,ilheus-ISSQN,ilheus,ISSQN
2023-08-01,2023-08-01,2,2023-10-01,2707167.420455185,4827286.03638242,932456.5376790104,ilheus-ISSQN,ilheus,ISSQN
2023-08-01,2023-08-01,3,2023-11-01,4091370.0444003586,4859036.991325943,932456.5376790104,ilheus-ISSQN,ilheus,ISSQN
2023-08-01,2023-08-01,4,2023-12-01,4824284.21153272,4890787.946269466,932456.5376790104,ilheus-ISSQN,ilheus,ISSQN
2023-08-01,2023-08-01,5,2024-01-01,6855005.067285447,4922538.901212988,932456.5376790104,ilheus-ISSQN,ilheus,ISSQN
2023-08-01,2023-08-01,6,2024-02-01,9086542.543679124,4954289.856156511,932456.5376790104,ilheus-ISSQN,ilheus,ISSQN
2023-08-01,2023-08-01,7,2024-03-01,7043675.816064964,4986040.811100034,932456.5376790104,ilheus-ISSQN,ilheus,ISSQN
2023-08-01,2023-08-01,8,2024-04-01,5890123.897076042,5017791.766043557,932456.5376790104,ilheus-ISSQN,ilheus,ISSQN
2023-08-01,2023-08-01,9,2024-05-01,5072550.794914876,5049542.72098708,932456.5376790104,ilheus-ISSQN,ilheus,ISSQN
2023-08-01,2023-08-01,10,2024-06-01,2370445.2289252775,5081293.6759306025,932456.5376790104,ilheus-ISSQN,ilheus,ISSQN
2023-08-01,2023-08-01,11,2024-07-01,3169539.203390758,5113044.630874125,932456.5376790104,ilheus-ISSQN,ilheus,ISSQN
2023-08-01,2023-08-01,12,2024-08-01,3889341.9897266403,5144795.585817648,932456.5376790104,ilheus-ISSQN,ilheus,ISSQN
2023-09-01,2023-09-01,1,2023-10-01,2707167.420455185,5038442.362226066,934351.9542231717,ilheus-ISSQN,ilheus,ISSQN
2023-09-01,2023-09-01,2,2023-11-01,4091370.0444003586,5140850.082172824,934351.9542231717,ilheus-ISSQN,ilheus,ISSQN
2023-09-01,2023-09-01,3,2023-12-01,4824284.21153272,5243257.802119581,934351.9542231717,ilheus-ISSQN,ilheus,ISSQN
2023-09-01,2023-09-01,4,2024-01-01,6855005.067285447,5345665.522066338,934351.9542231717,ilheus-ISSQN,ilheus,ISSQN
2023-09-01,2023-09-01,5,2024-02-01,9086542.543679124,5448073.242013096,934351.9542231717,ilheus-ISSQN,ilheus,ISSQN
2023-09-01,2023-09-01,6,2024-03-01,7043675.816064964,5550480.961959853,934351.9542231717,ilheus-ISSQN,ilheus,ISSQN
2023-09-01,2023-09-01,7,2024-04-01,5890123.897076042,5652888.681906611,934351.9542231717,ilheus-ISSQN,ilheus,ISSQN
2023-09-01,2023-09-01,8,2024-05-01,5072550.794914876,5755296.401853368,934351.9542231717,ilheus-ISSQN,ilheus,ISSQN
2023-09-01,2023-09-01,9,2024-06-01,2370445.2289252775,5857704.121800125,934351.9542231717,ilheus-ISSQN,ilheus,ISSQN
2023-09-01,2023-09-01,10,2024-07-01,3169539.203390758,5960111.841746883,934351.9542231717,ilheus-ISSQN,ilheus,ISSQN
2023-09-01,2023-09-01,11,2024-08-01,3889341.9897266403,6062519.5616936395,934351.9542231717,ilheus-ISSQN,ilheus,ISSQN
2023-09-01,2023-09-01,12,2024-09-01,5508903.5798269035,6164927.281640396,934351.9542231717,ilheus-ISSQN,ilheus,ISSQN
2023-10-01,2023-10-01,1,2023-11-01,4091370.0444003586,4969165.887336945,929486.8700175006,ilheus-ISSQN,ilheus,ISSQN
2023-10-01,2023-10-01,2,2023-12-01,4824284.21153272,5045704.598423672,929486.8700175006,ilheus-ISSQN,ilheus,ISSQN
2023-10-01,2023-10-01,3,2024-01-01,6855005.067285447,5122243.309510398,929486.8700175006,ilheus-ISSQN,ilheus,ISSQN
2023-10-01,2023-10-01,4,2024-02-01,9086542.543679124,5198782.020597124,929486.8700175006,ilheus-ISSQN,ilheus,ISSQN
2023-10-01,2023-10-01,5,2024-03-01,7043675.816064964,5275320.731683849,929486.8700175006,ilheus-ISSQN,ilheus,ISSQN
2023-10-01,2023-10-01,6,2024-04-01,5890123.897076042,5351859.442770576,929486.8700175006,ilheus-ISSQN,ilheus,ISSQN
2023-10-01,2023-10-01,7,2024-05-01,5072550.794914876,5428398.153857302,929486.8700175006,ilheus-ISSQN,ilheus,ISSQN
2023-10-01,2023-10-01,8,2024-06-01,2370445.2289252775,5504936.864944028,929486.8700175006,ilheus-ISSQN,ilheus,ISSQN
2023-10-01,2023-10-01,9,2024-07-01,3169539.203390758,5581475.576030754,929486.8700175006,ilheus-ISSQN,ilheus,ISSQN
2023-10-01,2023-10-01,10,2024-08-01,3889341.9897266403,5658014.28711748,929486.8700175006,ilheus-ISSQN,ilheus,ISSQN
2023-10-01,2023-10-01,11,2024-09-01,5508903.5798269035,5734552.998204206,929486.8700175006,ilheus-ISSQN,ilheus,ISSQN
2023-10-01,2023-10-01,12,2024-10-01,2820464.6937535256,5811091.709290932,929486.8700175006,ilheus-ISSQN,ilheus,ISSQN
2023-11-01,2023-11-01,1,2023-12-01,4824284.21153272,4845589.052028582,939119.2018470734,ilheus-ISSQN,ilheus,ISSQN
2023-11-01,2023-11-01,2,2024-01-01,6855005.067285447,4905692.193786078,939119.2018470734,ilheus-ISSQN,ilheus,ISSQN
2023-11-01,2023-11-01,3,2024-02-01,9086542.543679124,4965795.335543575,939119.2018470734,ilheus-ISSQN,ilheus,ISSQN
2023-11-01,2023-11-01,4,2024-03-01,7043675.816064964,5025898.4773010705,939119.2018470734,ilheus-ISSQN,ilheus,ISSQN
2023-11-01,2023-11-01,5,2024-04-01,5890123.897076042,5086001.619058566,939119.2018470734,ilheus-ISSQN,ilheus,ISSQN
2023-11-01,2023-11-01,6,2024-05-01,5072550.794914876,5146104.760816062,939119.2018470734,ilheus-ISSQN,ilheus,ISSQN
2023-11-01,2023-11-01,7,2024-06-01,2370445.2289252775,5206207.902573558,939119.2018470734,ilheus-ISSQN,ilheus,ISSQN
2023-11-01,2023-11-01,8,2024-07-01,3169539.203390758,5266311.044331054,939119.2018470734,ilheus-ISSQN,ilheus,ISSQN
2023-11-01,2023-11-01,9,2024-08-01,3889341.9897266403,5326414.18608855,939119.2018470734,ilheus-ISSQN,ilheus,ISSQN
2023-11-01,2023-11-01,10,2024-09-01,5508903.5798269035,5386517.327846046,939119.2018470734,ilheus-ISSQN,ilheus,ISSQN
2023-11-01,2023-11-01,11,2024-10-01,2820464.6937535256,5446620.469603541,939119.2018470734,ilheus-ISSQN,ilheus,ISSQN
2023-11-01,2023-11-01,12,2024-11-01,2956552.948719671,5506723.611361038,939119.2018470734,ilheus-ISSQN,ilheus,ISSQN
2023-12-01,2023-12-01,1,2024-01-01,6855005.067285447,4821785.72408681,934035.9118775664,ilheus-ISSQN,ilheus,ISSQN
2023-12-01,2023-12-01,2,2024-02-01,9086542.543679124,4851409.93967388,934035.9118775664,ilheus-ISSQN,ilheus,ISSQN
2023-12-01,2023-12-01,3,2024-03-01,7043675.816064964,4881034.155260949,934035.9118775664,ilheus-ISSQN,ilheus,ISSQN
2023-12-01,2023-12-01,4,2024-04-01,5890123.897076042,4910658.37084802,934035.9118775664,ilheus-ISSQN,ilheus,ISSQN
2023-12-01,2023-12-01,5,2024-05-01,5072550.794914876,4940282.58643509,934035.9118775664,ilheus-ISSQN,ilheus,ISSQN
2023-12-01,2023-12-01,6,2024-06-01,2370445.2289252775,4969906.80202216,934035.9118775664,ilheus-ISSQN,ilheus,ISSQN
2023-12-01,2023-12-01,7,2024-07-01,3169539.203390758,4999531.017609229,934035.9118775664,ilheus-ISSQN,ilheus,ISSQN
2023-12-01,2023-12-01,8,2024-08-01,3889341.9897266403,5029155.2331962995,934035.9118775664,ilheus-ISSQN,ilheus,ISSQN
2023-12-01,2023-12-01,9,2024-09-01,5508903.5798269035,5058779.44878337,934035.9118775664,ilheus-ISSQN,ilheus,ISSQN
2023-12-01,2023-12-01,10,2024-10-01,2820464.6937535256,5088403.66437044,934035.9118775664,ilheus-ISSQN,ilheus,ISSQN
2023-12-01,2023-12-01,11,2024-11-01,2956552.948719671,5118027.87995751,934035.9118775664,ilheus-ISSQN,ilheus,ISSQN
2023-12-01,2023-12-01,12,2024-12-01,5455209.451691351,5147652.095544579,934035.9118775664,ilheus-ISSQN,ilheus,ISSQN
2024-01-01,2024-01-01,1,2024-02-01,9086542.543679124,4936386.386398528,926364.5220756213,ilheus-ISSQN,ilheus,ISSQN
2024-01-01,2024-01-01,2,2024-03-01,7043675.816064964,4967930.927697024,926364.5220756213,ilheus-ISSQN,ilheus,ISSQN
2024-01-01,2024-01-01,3,2024-04-01,5890123.897076042,4999475.468995521,926364.5220756213,ilheus-ISSQN,ilheus,ISSQN
2024-01-01,2024-01-01,4,2024-05-01,5072550.794914876,5031020.010294017,926364.5220756213,ilheus-ISSQN,ilheus,ISSQN
2024-01-01,2024-01-01,5,2024-06-01,2370445.2289252775,5062564.551592514,926364.5220756213,ilheus-ISSQN,ilheus,ISSQN
2024-01-01,2024-01-01,6,2024-07-01,3169539.203390758,5094109.09289101,926364.5220756213,ilheus-ISSQN,ilheus,ISSQN
2024-01-01,2024-01-01,7,2024-08-01,3889341.9897266403,5125653.634189507,926364.5220756213,ilheus-ISSQN,ilheus,ISSQN
2024-01-01,2024-01-01,8,2024-09-01,5508903.5798269035,5157198.1754880035,926364.5220756213,ilheus-ISSQN,ilheus,ISSQN
2024-01-01,2024-01-01,9,2024-10-01,2820464.6937535256,5188742.7167865,926364.5220756213,ilheus-ISSQN,ilheus,ISSQN
2024-01-01,2024-01-01,10,2024-11-01,2956552.948719671,5220287.258084997,926364.5220756213,ilheus-ISSQN,ilheus,ISSQN
2024-01-01,2024-01-01,11,2024-12-01,5455209.451691351,5251831.799383493,926364.5220756213,ilheus-ISSQN,ilheus,ISSQN
2024-01-01,2024-01-01,12,2025-01-01,8082815.120692073,5283376.34068199,926364.5220756213,ilheus-ISSQN,ilheus,ISSQN
2024-02-01,2024-02-01,1,2024-03-01,7043675.816064964,5751201.554178349,953601.4631272173,ilheus-ISSQN,ilheus,ISSQN
2024-02-01,2024-02-01,2,2024-04-01,5890123.897076042,5878661.492621941,953601.4631272173,ilheus-ISSQN,ilheus,ISSQN
2024-02-01,2024-02-01,3,2024-05-01,5072550.794914876,6006121.431065531,953601.4631272173,ilheus-ISSQN,ilheus,ISSQN
2024-02-01,2024-02-01,4,2024-06-01,2370445.2289252775,6133581.369509122,953601.4631272173,ilheus-ISSQN,ilheus,ISSQN
2024-02-01,2024-02-01,5,2024-07-01,3169539.203390758,6261041.307952714,953601.4631272173,ilheus-ISSQN,ilheus,ISSQN
2024-02-01,2024-02-01,6,2024-08-01,3889341.9897266403,6388501.246396305,953601.4631272173,ilheus-ISSQN,ilheus,ISSQN
2024-02-01,2024-02-01,7,2024-09-01,5508903.5798269035,6515961.184839896,953601.4631272173,ilheus-ISSQN,ilheus,ISSQN
2024-02-01,2024-02-01,8,2024-10-01,2820464.6937535256,6643421.123283488,953601.4631272173,ilheus-ISSQN,ilheus,ISSQN
2024-02-01,2024-02-01,9,2024-11-01,2956552.948719671,6770881.061727079,953601.4631272173,ilheus-ISSQN,ilheus,ISSQN
2024-02-01,2024-02-01,10,2024-12-01,5455209.451691351,6898341.0001706695,953601.4631272173,ilheus-ISSQN,ilheus,ISSQN
2024-02-01,2024-02-01,11,2025-01-01,8082815.120692073,7025800.93861426,953601.4631272173,ilheus-ISSQN,ilheus,ISSQN
2024-02-01,2024-02-01,12,2025-02-01,5641292.016177281,7153260.877057852,953601.4631272173,ilheus-ISSQN,ilheus,ISSQN
2024-03-01,2024-03-01,1,2024-04-01,5890123.897076042,5938157.254607582,964440.247410283,ilheus-ISSQN,ilheus,ISSQN
2024-03-01,2024-03-01,2,2024-05-01,5072550.794914876,6078644.75411796,964440.247410283,ilheus-ISSQN,ilheus,ISSQN
2024-03-01,2024-03-01,3,2024-06-01,2370445.2289252775,6219132.253628338,964440.247410283,ilheus-ISSQN,ilheus,ISSQN
2024-03-01,2024-03-01,4,2024-07-01,3169539.203390758,6359619.753138715,964440.247410283,ilheus-ISSQN,ilheus,ISSQN
2024-03-01,2024-03-01,5,2024-08-01,3889341.9897266403,6500107.252649093,964440.247410283,ilheus-ISSQN,ilheus,ISSQN
2024-03-01,2024-03-01,6,2024-09-01,5508903.5798269035,6640594.752159471,964440.247410283,ilheus-ISSQN,ilheus,ISSQN
2024-03-01,2024-03-01,7,2024-10-01,2820464.6937535256,6781082.251669848,964440.247410283,ilheus-ISSQN,ilheus,ISSQN
2024-03-01,2024-03-01,8,2024-11-01,2956552.948719671,6921569.751180226,964440.247410283,ilheus-ISSQN,ilheus,ISSQN
2024-03-01,2024-03-01,9,2024-12-01,5455209.451691351,7062057.250690604,964440.247410283,ilheus-ISSQN,ilheus,ISSQN
2024-03-01,2024-03-01,10,2025-01-01,8082815.120692073,7202544.750200981,964440.247410283,ilheus-ISSQN,ilheus,ISSQN
2024-03-01,2024-03-01,11,2025-02-01,5641292.016177281,7343032.249711359,964440.247410283,ilheus-ISSQN,ilheus,ISSQN
2024-03-01,2024-03-01,12,2025-03-01,4954483.22587178,7483519.749221737,964440.247410283,ilheus-ISSQN,ilheus,ISSQN
2024-04-01,2024-04-01,1,2024-05-01,5072550.794914876,5630817.651126764,962492.8491805689,ilheus-ISSQN,ilheus,ISSQN
2024-04-01,2024-04-01,2,2024-06-01,2370445.2289252775,5739656.98555194,962492.8491805689,ilheus-ISSQN,ilheus,ISSQN
2024-04-01,2024-04-01,3,2024-07-01,3169539.203390758,5848496.319977117,962492.8491805689,ilheus-ISSQN,ilheus,ISSQN
2024-04-01,2024-04-01,4,2024-08-01,3889341.9897266403,5957335.654402293,962492.8491805689,ilheus-ISSQN,ilheus,ISSQN
2024-04-01,2024-04-01,5,2024-09-01,5508903.5798269035,6066174.98882747,962492.8491805689,ilheus-ISSQN,ilheus,ISSQN
2024-04-01,2024-04-01,6,2024-10-01,2820464.6937535256,6175014.323252646,962492.8491805689,ilheus-ISSQN,ilheus,ISSQN
2024-04-01,2024-04-01,7,2024-11-01,2956552.948719671,6283853.657677823,962492.8491805689,ilheus-ISSQN,ilheus,ISSQN
2024-04-01,2024-04-01,8,2024-12-01,5455209.451691351,6392692.992102999,962492.8491805689,ilheus-ISSQN,ilheus,ISSQN
2024-04-01,2024-04-01,9,2025-01-01,8082815.120692073,6501532.326528176,962492.8491805689,ilheus-ISSQN,ilheus,ISSQN
2024-04-01,2024-04-01,10,2025-02-01,5641292.016177281,6610371.660953352,962492.8491805689,ilheus-ISSQN,ilheus,ISSQN
2024-04-01,2024-04-01,11,2025-03-01,4954483.22587178,6719210.995378529,962492.8491805689,ilheus-ISSQN,ilheus,ISSQN
2024-04-01,2024-04-01,12,2025-04-01,6055601.279153026,6828050.329803705,962492.8491805689,ilheus-ISSQN,ilheus,ISSQN
2024-05-01,2024-05-01,1,2024-06-01,2370445.2289252775,5895750.915480761,961592.4022747979,ilheus-ISSQN,ilheus,ISSQN
2024-05-01,2024-05-01,2,2024-07-01,3169539.203390758,6015745.715476381,961592.4022747979,ilheus-ISSQN,ilheus,ISSQN
2024-05-01,2024-05-01,3,2024-08-01,3889341.9897266403,6135740.515472,961592.4022747979,ilheus-ISSQN,ilheus,ISSQN
2024-05-01,2024-05-01,4,2024-09-01,5508903.5798269035,6255735.315467619,961592.4022747979,ilheus-ISSQN,ilheus,ISSQN
2024-05-01,2024-05-01,5,2024-10-01,2820464.6937535256,6375730.115463239,961592.4022747979,ilheus-ISSQN,ilheus,ISSQN
2024-05-01,2024-05-01,6,2024-11-01,2956552.948719671,6495724.915458859,961592.4022747979,ilheus-ISSQN,ilheus,ISSQN
2024-05-01,2024-05-01,7,2024-12-01,5455209.451691351,6615719.715454479,961592.4022747979,ilheus-ISSQN,ilheus,ISSQN
2024-05-01,2024-05-01,8,2025-01-01,8082815.120692073,6735714.515450099,961592.4022747979,ilheus-ISSQN,ilheus,ISSQN
2024-05-01,2024-05-01,9,2025-02-01,5641292.016177281,6855709.315445718,961592.4022747979,ilheus-ISSQN,ilheus,ISSQN
2024-05-01,2024-05-01,10,2025-03-01,4954483.22587178,6975704.115441337,961592.4022747979,ilheus-ISSQN,ilheus,ISSQN
2024-05-01,2024-05-01,11,2025-04-01,6055601.279153026,7095698.915436957,961592.4022747979,ilheus-ISSQN,ilheus,ISSQN
2024-05-01,2024-05-01,12,2025-05-01,6458044.631085712,7215693.715432577,961592.4022747979,ilheus-ISSQN,ilheus,ISSQN
2024-06-01,2024-06-01,1,2024-07-01,3169539.203390758,5422144.118500307,985987.6117356059,ilheus-ISSQN,ilheus,ISSQN
2024-06-01,2024-06-01,2,2024-08-01,3889341.9897266403,5461585.403882994,985987.6117356059,ilheus-ISSQN,ilheus,ISSQN
2024-06-01,2024-06-01,3,2024-09-01,5508903.5798269035,5501026.689265682,985987.6117356059,ilheus-ISSQN,ilheus,ISSQN
2024-06-01,2024-06-01,4,2024-10-01,2820464.6937535256,5540467.97464837,985987.6117356059,ilheus-ISSQN,ilheus,ISSQN
2024-06-01,2024-06-01,5,2024-11-01,2956552.948719671,5579909.2600310575,985987.6117356059,ilheus-ISSQN,ilheus,ISSQN
2024-06-01,2024-06-01,6,2024-12-01,5455209.451691351,5619350.545413746,985987.6117356059,ilheus-ISSQN,ilheus,ISSQN
2024-06-01,2024-06-01,7,2025-01-01,8082815.120692073,5658791.830796434,985987.6117356059,ilheus-ISSQN,ilheus,ISSQN
2024-06-01,2024-06-01,8,2025-02-01,5641292.016177281,5698233.116179121,985987.6117356059,ilheus-ISSQN,ilheus,ISSQN
2024-06-01,2024-06-01,9,2025-03-01,4954483.22587178,5737674.401561809,985987.6117356059,ilheus-ISSQN,ilheus,ISSQN
2024-06-01,2024-06-01,10,2025-04-01,6055601.279153026,5777115.686944497,985987.6117356059,ilheus-ISSQN,ilheus,ISSQN
2024-06-01,2024-06-01,11,2025-05-01,6458044.631085712,5816556.972327184,985987.6117356059,ilheus-ISSQN,ilheus,ISSQN
2024-06-01,2024-06-01,12,2025-06-01,5018115.34229184,5855998.257709872,985987.6117356059,ilheus-ISSQN,ilheus,ISSQN
2024-07-01,2024-07-01,1,2024-08-01,3889341.9897266403,5582062.324406946,1007882.5363215416,ilheus-ISSQN,ilheus,ISSQN
2024-07-01,2024-07-01,2,2024-09-01,5508903.5798269035,5648601.512532323,1007882.5363215416,ilheus-ISSQN,ilheus,ISSQN
2024-07-01,2024-07-01,3,2024-10-01,2820464.6937535256,5715140.700657699,1007882.5363215416,ilheus-ISSQN,ilheus,ISSQN
2024-07-01,2024-07-01,4,2024-11-01,2956552.948719671,5781679.888783075,1007882.5363215416,ilheus-ISSQN,ilheus,ISSQN
2024-07-01,2024-07-01,5,2024-12-01,5455209.451691351,5848219.0769084515,1007882.5363215416,ilheus-ISSQN,ilheus,ISSQN
2024-07-01,2024-07-01,6,2025-01-01,8082815.120692073,5914758.265033828,1007882.5363215416,ilheus-ISSQN,ilheus,ISSQN
2024-07-01,2024-07-01,7,2025-02-01,5641292.016177281,5981297.453159205,1007882.5363215416,ilheus-ISSQN,ilheus,ISSQN
2024-07-01,2024-07-01,8,2025-03-01,4954483.22587178,6047836.641284581,1007882.5363215416,ilheus-ISSQN,ilheus,ISSQN
2024-07-01,2024-07-01,9,2025-04-01,6055601.279153026,6114375.829409958,1007882.5363215416,ilheus-ISSQN,ilheus,ISSQN
2024-07-01,2024-07-01,10,2025-05-01,6458044.631085712,6180915.017535334,1007882.5363215416,ilheus-ISSQN,ilheus,ISSQN
2024-07-01,2024-07-01,11,2025-06-01,5018115.34229184,6247454.205660711,1007882.5363215416,ilheus-ISSQN,ilheus,ISSQN
2024-07-01,2024-07-01,12,2025-07-01,5248927.023642473,6313993.393786088,1007882.5363215416,ilheus-ISSQN,ilheus,ISSQN
2024-08-01,2024-08-01,1,2024-09-01,5508903.5798269035,5403544.616086702,1011958.1724375833,ilheus-ISSQN,ilheus,ISSQN
2024-08-01,2024-08-01,2,2024-10-01,2820464.6937535256,5441823.906745739,1011958.1724375833,ilheus-ISSQN,ilheus,ISSQN
2024-08-01,2024-08-01,3,2024-11-01,2956552.948719671,5480103.197404777,1011958.1724375833,ilheus-ISSQN,ilheus,ISSQN
2024-08-01,2024-08-01,4,2024-12-01,5455209.451691351,5518382.488063814,1011958.1724375833,ilheus-ISSQN,ilheus,ISSQN
2024-08-01,2024-08-01,5,2025-01-01,8082815.120692073,5556661.778722852,1011958.1724375833,ilheus-ISSQN,ilheus,ISSQN
2024-08-01,2024-08-01,6,2025-02-01,5641292.016177281,5594941.069381889,1011958.1724375833,ilheus-ISSQN,ilheus,ISSQN
2024-08-01,2024-08-01,7,2025-03-01,4954483.22587178,5633220.360040927,1011958.1724375833,ilheus-ISSQN,ilheus,ISSQN
2024-08-01,2024-08-01,8,2025-04-01,6055601.279153026,5671499.650699965,1011958.1724375833,ilheus-ISSQN,ilheus,ISSQN
2024-08-01,2024-08-01,9,2025-05-01,6458044.631085712,5709778.941359002,1011958.1724375833,ilheus-ISSQN,ilheus,ISSQN
2024-08-01,2024-08-01,10,2025-06-01,5018115.34229184,5748058.23201804,1011958.1724375833,ilheus-ISSQN,ilheus,ISSQN
2024-08-01,2024-08-01,11,2025-07-01,5248927.023642473,5786337.522677077,1011958.1724375833,ilheus-ISSQN,ilheus,ISSQN
2024-08-01,2024-08-01,12,2025-08-01,5721230.173206262,5824616.813336114,1011958.1724375833,ilheus-ISSQN,ilheus,ISSQN
2024-09-01,2024-09-01,1,2024-10-01,2820464.6937535256,5506020.487053296,1010087.382182715,ilheus-ISSQN,ilheus,ISSQN
2024-09-01,2024-09-01,2,2024-11-01,2956552.948719671,5546200.604170569,1010087.382182715,ilheus-ISSQN,ilheus,ISSQN
2024-09-01,2024-09-01,3,2024-12-01,5455209.451691351,5586380.721287843,1010087.382182715,ilheus-ISSQN,ilheus,ISSQN
2024-09-01,2024-09-01,4,2025-01-01,8082815.120692073,5626560.838405116,1010087.382182715,ilheus-ISSQN,ilheus,ISSQN
2024-09-01,2024-09-01,5,2025-02-01,5641292.016177281,5666740.95552239,1010087.382182715,ilheus-ISSQN,ilheus,ISSQN
2024-09-01,2024-09-01,6,2025-03-01,4954483.22587178,5706921.072639664,1010087.382182715,ilheus-ISSQN,ilheus,ISSQN
2024-09-01,2024-09-01,7,2025-04-01,6055601.279153026,5747101.189756937,1010087.382182715,ilheus-ISSQN,ilheus,ISSQN
2024-09-01,2024-09-01,8,2025-05-01,6458044.631085712,5787281.306874211,1010087.382182715,ilheus-ISSQN,ilheus,ISSQN
2024-09-01,2024-09-01,9,2025-06-01,5018115.34229184,5827461.423991485,1010087.382182715,ilheus-ISSQN,ilheus,ISSQN
2024-09-01,2024-09-01,10,2025-07-01,5248927.023642473,5867641.541108758,1010087.382182715,ilheus-ISSQN,ilheus,ISSQN
2024-09-01,2024-09-01,11,2025-08-01,5721230.173206262,5907821.658226032,1010087.382182715,ilheus-ISSQN,ilheus,ISSQN
2024-09-01,2024-09-01,12,2025-09-01,6403331.52498959,5948001.775343305,1010087.382182715,ilheus-ISSQN,ilheus,ISSQN
2024-10-01,2024-10-01,1,2024-11-01,2956552.948719671,5512142.019715967,1001627.0981366361,ilheus-ISSQN,ilheus,ISSQN
2024-10-01,2024-10-01,2,2024-12-01,5455209.451691351,5552401.789406256,1001627.0981366361,ilheus-ISSQN,ilheus,ISSQN
2024-10-01,2024-10-01,3,2025-01-01,8082815.120692073,5592661.559096545,1001627.0981366361,ilheus-ISSQN,ilheus,ISSQN
2024-10-01,2024-10-01,4,2025-02-01,5641292.016177281,5632921.328786834,1001627.0981366361,ilheus-ISSQN,ilheus,ISSQN
2024-10-01,2024-10-01,5,2025-03-01,4954483.22587178,5673181.098477123,1001627.0981366361,ilheus-ISSQN,ilheus,ISSQN
2024-10-01,2024-10-01,6,2025-04-01,6055601.279153026,5713440.8681674125,1001627.0981366361,ilheus-ISSQN,ilheus,ISSQN
2024-10-01,2024-10-01,7,2025-05-01,6458044.631085712,5753700.637857702,1001627.0981366361,ilheus-ISSQN,ilheus,ISSQN
2024-10-01,2024-10-01,8,2025-06-01,5018115.34229184,5793960.407547991,1001627.0981366361,ilheus-ISSQN,ilheus,ISSQN
2024-10-01,2024-10-01,9,2025-07-01,5248927.023642473,5834220.17723828,1001627.0981366361,ilheus-ISSQN,ilheus,ISSQN
2024-10-01,2024-10-01,10,2025-08-01,5721230.173206262,5874479.946928569,1001627.0981366361,ilheus-ISSQN,ilheus,ISSQN
2024-10-01,2024-10-01,11,2025-09-01,6403331.52498959,5914739.716618858,1001627.0981366361,ilheus-ISSQN,ilheus,ISSQN
2024-10-01,2024-10-01,12,2025-10-01,6050380.013429479,5954999.486309147,1001627.0981366361,ilheus-ISSQN,ilheus,ISSQN
2024-11-01,2024-11-01,1,2024-12-01,5455209.451691351,5494121.674693608,1002871.8644688234,ilheus-ISSQN,ilheus,ISSQN
2024-11-01,2024-11-01,2,2025-01-01,8082815.120692073,5533520.131762918,1002871.8644688234,ilheus-ISSQN,ilheus,ISSQN
2024-11-01,2024-11-01,3,2025-02-01,5641292.016177281,5572918.588832229,1002871.8644688234,ilheus-ISSQN,ilheus,ISSQN
2024-11-01,2024-11-01,4,2025-03-01,4954483.22587178,5612317.045901541,1002871.8644688234,ilheus-ISSQN,ilheus,ISSQN
2024-11-01,2024-11-01,5,2025-04-01,6055601.279153026,5651715.502970851,1002871.8644688234,ilheus-ISSQN,ilheus,ISSQN
2024-11-01,2024-11-01,6,2025-05-01,6458044.631085712,5691113.960040162,1002871.8644688234,ilheus-ISSQN,ilheus,ISSQN
2024-11-01,2024-11-01,7,2025-06-01,5018115.34229184,5730512.417109474,1002871.8644688234,ilheus-ISSQN,ilheus,ISSQN
2024-11-01,2024-11-01,8,2025-07-01,5248927.023642473,5769910.874178784,1002871.8644688234,ilheus-ISSQN,ilheus,ISSQN
2024-11-01,2024-11-01,9,2025-08-01,5721230.173206262,5809309.331248095,1002871.8644688234,ilheus-ISSQN,ilheus,ISSQN
2024-11-01,2024-11-01,10,2025-09-01,6403331.52498959,5848707.788317407,1002871.8644688234,ilheus-ISSQN,ilheus,ISSQN
2024-11-01,2024-11-01,11,2025-10-01,6050380.013429479,5888106.245386717,1002871.8644688234,ilheus-ISSQN,ilheus,ISSQN
2024-11-01,2024-11-01,12,2025-11-01,7406094.559415126,5927504.702456028,1002871.8644688234,ilheus-ISSQN,ilheus,ISSQN
2024-12-01,2024-12-01,1,2025-01-01,8082815.120692073,5516806.982219052,999427.914243729,ilheus-ISSQN,ilheus,ISSQN
2024-12-01,2024-12-01,2,2025-02-01,5641292.016177281,5556001.51947124,999427.914243729,ilheus-ISSQN,ilheus,ISSQN
2024-12-01,2024-12-01,3,2025-03-01,4954483.22587178,5595196.056723428,999427.914243729,ilheus-ISSQN,ilheus,ISSQN
2024-12-01,2024-12-01,4,2025-04-01,6055601.279153026,5634390.593975617,999427.914243729,ilheus-ISSQN,ilheus,ISSQN
2024-12-01,2024-12-01,5,2025-05-01,6458044.631085712,5673585.131227805,999427.914243729,ilheus-ISSQN,ilheus,ISSQN
2024-12-01,2024-12-01,6,2025-06-01,5018115.34229184,5712779.668479994,999427.914243729,ilheus-ISSQN,ilheus,ISSQN
2024-12-01,2024-12-01,7,2025-07-01,5248927.023642473,5751974.205732183,999427.914243729,ilheus-ISSQN,ilheus,ISSQN
2024-12-01,2024-12-01,8,2025-08-01,5721230.173206262,5791168.742984371,999427.914243729,ilheus-ISSQN,ilheus,ISSQN
2024-12-01,2024-12-01,9,2025-09-01,6403331.52498959,5830363.280236559,999427.914243729,ilheus-ISSQN,ilheus,ISSQN
2024-12-01,2024-12-01,10,2025-10-01,6050380.013429479,5869557.817488748,999427.914243729,ilheus-ISSQN,ilheus,ISSQN
2024-12-01,2024-12-01,11,2025-11-01,7406094.559415126,5908752.354740936,999427.914243729,ilheus-ISSQN,ilheus,ISSQN
2024-12-01,2024-12-01,12,2025-12-01,11649189.87,5947946.891993125,999427.914243729,ilheus-ISSQN,ilheus,ISSQN
2025-01-01,2025-01-01,1,2025-02-01,5641292.016177281,5623787.964986157,1001523.1632268749,ilheus-ISSQN,ilheus,ISSQN
2025-01-01,2025-01-01,2,2025-03-01,4954483.22587178,5663924.476251687,1001523.1632268749,ilheus-ISSQN,ilheus,ISSQN
2025-01-01,2025-01-01,3,2025-04-01,6055601.279153026,5704060.987517217,1001523.1632268749,ilheus-ISSQN,ilheus,ISSQN
2025-01-01,2025-01-01,4,2025-05-01,6458044.631085712,5744197.498782747,1001523.1632268749,ilheus-ISSQN,ilheus,ISSQN
2025-01-01,2025-01-01,5,2025-06-01,5018115.34229184,5784334.010048278,1001523.1632268749,ilheus-ISSQN,ilheus,ISSQN
2025-01-01,2025-01-01,6,2025-07-01,5248927.023642473,5824470.521313808,1001523.1632268749,ilheus-ISSQN,ilheus,ISSQN
2025-01-01,2025-01-01,7,2025-08-01,5721230.173206262,5864607.032579338,1001523.1632268749,ilheus-ISSQN,ilheus,ISSQN
2025-01-01,2025-01-01,8,2025-09-01,6403331.52498959,5904743.543844868,1001523.1632268749,ilheus-ISSQN,ilheus,ISSQN
2025-01-01,2025-01-01,9,2025-10-01,6050380.013429479,5944880.055110399,1001523.1632268749,ilheus-ISSQN,ilheus,ISSQN
2025-01-01,2025-01-01,10,2025-11-01,7406094.559415126,5985016.566375929,1001523.1632268749,ilheus-ISSQN,ilheus,ISSQN
2025-01-01,2025-01-01,11,2025-12-01,11649189.87,6025153.077641459,1001523.1632268749,ilheus-ISSQN,ilheus,ISSQN
2025-02-01,2025-02-01,1,2025-03-01,4954483.22587178,5131347.77116378,1023738.8665384654,ilheus-ISSQN,ilheus,ISSQN
2025-02-01,2025-02-01,2,2025-04-01,6055601.279153026,5190355.755755202,1023738.8665384654,ilheus-ISSQN,ilheus,ISSQN
2025-02-01,2025-02-01,3,2025-05-01,6458044.631085712,4961052.435964942,1023738.8665384654,ilheus-ISSQN,ilheus,ISSQN
2025-02-01,2025-02-01,4,2025-06-01,5018115.34229184,4792099.240439158,1023738.8665384654,ilheus-ISSQN,ilheus,ISSQN
2025-02-01,2025-02-01,5,2025-07-01,5248927.023642473,6227656.324162334,1023738.8665384654,ilheus-ISSQN,ilheus,ISSQN
2025-02-01,2025-02-01,6,2025-08-01,5721230.173206262,4965762.030747374,1023738.8665384654,ilheus-ISSQN,ilheus,ISSQN
2025-02-01,2025-02-01,7,2025-09-01,6403331.52498959,5207161.507149807,1023738.8665384654,ilheus-ISSQN,ilheus,ISSQN
2025-02-01,2025-02-01,8,2025-10-01,6050380.013429479,3731806.128587706,1023738.8665384654,ilheus-ISSQN,ilheus,ISSQN
2025-02-01,2025-02-01,9,2025-11-01,7406094.559415126,3152169.6646562284,1023738.8665384654,ilheus-ISSQN,ilheus,ISSQN
2025-02-01,2025-02-01,10,2025-12-01,11649189.87,4776026.886686763,1023738.8665384654,ilheus-ISSQN,ilheus,ISSQN
2025-03-01,2025-03-01,1,2025-04-01,6055601.279153026,5094029.172290145,1033337.5487335529,ilheus-ISSQN,ilheus,ISSQN
2025-03-01,2025-03-01,2,2025-05-01,6458044.631085712,4998881.375674232,1033337.5487335529,ilheus-ISSQN,ilheus,ISSQN
2025-03-01,2025-03-01,3,2025-06-01,5018115.34229184,4810760.498448775,1033337.5487335529,ilheus-ISSQN,ilheus,ISSQN
2025-03-01,2025-03-01,4,2025-07-01,5248927.023642473,6334819.242465488,1033337.5487335529,ilheus-ISSQN,ilheus,ISSQN
2025-03-01,2025-03-01,5,2025-08-01,5721230.173206262,4985887.8270482235,1033337.5487335529,ilheus-ISSQN,ilheus,ISSQN
2025-03-01,2025-03-01,6,2025-09-01,6403331.52498959,5269121.83737825,1033337.5487335529,ilheus-ISSQN,ilheus,ISSQN
2025-03-01,2025-03-01,7,2025-10-01,6050380.013429479,3661063.978733856,1033337.5487335529,ilheus-ISSQN,ilheus,ISSQN
2025-03-01,2025-03-01,8,2025-11-01,7406094.559415126,3161615.551179218,1033337.5487335529,ilheus-ISSQN,ilheus,ISSQN
2025-03-01,2025-03-01,9,2025-12-01,11649189.87,4796128.76295904,1033337.5487335529,ilheus-ISSQN,ilheus,ISSQN
2025-04-01,2025-04-01,1,2025-05-01,6458044.631085712,5062874.719334441,1025588.7972455479,ilheus-ISSQN,ilheus,ISSQN
2025-04-01,2025-04-01,2,2025-06-01,5018115.34229184,4846266.908537094,1025588.7972455479,ilheus-ISSQN,ilheus,ISSQN
2025-04-01,2025-04-01,3,2025-07-01,5248927.023642473,6324541.675365725,1025588.7972455479,ilheus-ISSQN,ilheus,ISSQN
2025-04-01,2025-04-01,4,2025-08-01,5721230.173206262,5053584.773548318,1025588.7972455479,ilheus-ISSQN,ilheus,ISSQN
2025-04-01,2025-04-01,5,2025-09-01,6403331.52498959,5305698.863063595,1025588.7972455479,ilheus-ISSQN,ilheus,ISSQN
2025-04-01,2025-04-01,6,2025-10-01,6050380.013429479,3735679.6769279926,1025588.7972455479,ilheus-ISSQN,ilheus,ISSQN
2025-04-01,2025-04-01,7,2025-11-01,7406094.559415126,3203181.361718262,1025588.7972455479,ilheus-ISSQN,ilheus,ISSQN
2025-04-01,2025-04-01,8,2025-12-01,11649189.87,4868357.255157369,1025588.7972455479,ilheus-ISSQN,ilheus,ISSQN
2025-05-01,2025-05-01,1,2025-06-01,5018115.34229184,5065803.507539344,1028773.7975900194,ilheus-ISSQN,ilheus,ISSQN
2025-05-01,2025-05-01,2,2025-07-01,5248927.023642473,6589924.660627774,1028773.7975900194,ilheus-ISSQN,ilheus,ISSQN
2025-05-01,2025-05-01,3,2025-08-01,5721230.173206262,5250494.624464371,1028773.7975900194,ilheus-ISSQN,ilheus,ISSQN
2025-05-01,2025-05-01,4,2025-09-01,6403331.52498959,5525279.494339791,1028773.7975900194,ilheus-ISSQN,ilheus,ISSQN
2025-05-01,2025-05-01,5,2025-10-01,6050380.013429479,3883751.3018524293,1028773.7975900194,ilheus-ISSQN,ilheus,ISSQN
2025-05-01,2025-05-01,6,2025-11-01,7406094.559415126,3307737.358737332,1028773.7975900194,ilheus-ISSQN,ilheus,ISSQN
2025-05-01,2025-05-01,7,2025-12-01,11649189.87,4980130.490256013,1028773.7975900194,ilheus-ISSQN,ilheus,ISSQN
2025-06-01,2025-06-01,1,2025-07-01,5248927.023642473,6430156.002807197,1042974.6424652522,ilheus-ISSQN,ilheus,ISSQN
2025-06-01,2025-06-01,2,2025-08-01,5721230.173206262,5093305.100723237,1042974.6424652522,ilheus-ISSQN,ilheus,ISSQN
2025-06-01,2025-06-01,3,2025-09-01,6403331.52498959,5386906.992653152,1042974.6424652522,ilheus-ISSQN,ilheus,ISSQN
2025-06-01,2025-06-01,4,2025-10-01,6050380.013429479,3786756.215540492,1042974.6424652522,ilheus-ISSQN,ilheus,ISSQN
2025-06-01,2025-06-01,5,2025-11-01,7406094.559415126,3293750.088587418,1042974.6424652522,ilheus-ISSQN,ilheus,ISSQN
2025-06-01,2025-06-01,6,2025-12-01,11649189.87,4914533.945092762,1042974.6424652522,ilheus-ISSQN,ilheus,ISSQN
2025-07-01,2025-07-01,1,2025-08-01,5721230.173206262,5004225.243834118,1051986.9309677433,ilheus-ISSQN,ilheus,ISSQN
2025-07-01,2025-07-01,2,2025-09-01,6403331.52498959,5287327.287816031,1051986.9309677433,ilheus-ISSQN,ilheus,ISSQN
2025-07-01,2025-07-01,3,2025-10-01,6050380.013429479,3687272.350800317,1051986.9309677433,ilheus-ISSQN,ilheus,ISSQN
2025-07-01,2025-07-01,4,2025-11-01,7406094.559415126,3188105.492471875,1051986.9309677433,ilheus-ISSQN,ilheus,ISSQN
2025-07-01,2025-07-01,5,2025-12-01,11649189.87,4817080.527896353,1051986.9309677433,ilheus-ISSQN,ilheus,ISSQN
2025-08-01,2025-08-01,1,2025-09-01,6403331.52498959,5419840.326879893,1058710.2176273284,ilheus-ISSQN,ilheus,ISSQN
2025-08-01,2025-08-01,2,2025-10-01,6050380.013429479,3702352.169636215,1058710.2176273284,ilheus-ISSQN,ilheus,ISSQN
2025-08-01,2025-08-01,3,2025-11-01,7406094.559415126,3232086.215511623,1058710.2176273284,ilheus-ISSQN,ilheus,ISSQN
2025-08-01,2025-08-01,4,2025-12-01,11649189.87,4868017.20682934,1058710.2176273284,ilheus-ISSQN,ilheus,ISSQN
2025-09-01,2025-09-01,1,2025-10-01,6050380.013429479,4392860.79808731,1057306.0956404512,ilheus-ISSQN,ilheus,ISSQN
2025-09-01,2025-09-01,2,2025-11-01,7406094.559415126,3829043.4697923586,1057306.0956404512,ilheus-ISSQN,ilheus,ISSQN
2025-09-01,2025-09-01,3,2025-12-01,11649189.87,5108216.970418056,1057306.0956404512,ilheus-ISSQN,ilheus,ISSQN
2025-10-01,2025-10-01,1,2025-11-01,7406094.559415126,4173896.473298147,1075718.0382170232,ilheus-ISSQN,ilheus,ISSQN
2025-10-01,2025-10-01,2,2025-12-01,11649189.87,5445057.094514215,1075718.0382170232,ilheus-ISSQN,ilheus,ISSQN
2025-11-01,2025-11-01,1,2025-12-01,11649189.87,5939443.498864588,1104069.4968092788,ilheus-ISSQN,ilheus,ISSQN
