origin,train_end,step,target_date,y_true,y_pred,insample_scale,serie,municipio,tributo
2020-12-01,2020-12-01,1,2021-01-01,69000723.36417782,72099154.00398125,10145027.427750492,salvador-IPTU,salvador,IPTU
2020-12-01,2020-12-01,2,2021-02-01,321045951.24377316,312620143.47914565,10145027.427750492,salvador-IPTU,salvador,IPTU
2020-12-01,2020-12-01,3,2021-03-01,127432294.82771966,75878517.01670298,10145027.427750492,salvador-IPTU,salvador,IPTU
2020-12-01,2020-12-01,4,2021-04-01,57077310.06476509,68158743.51143639,10145027.427750492,salvador-IPTU,salvador,IPTU
2020-12-01,2020-12-01,5,2021-05-01,62874566.758613415,64534879.24605413,10145027.427750492,salvador-IPTU,salvador,IPTU
2020-12-01,2020-12-01,6,2021-06-01,64970539.980599545,64981396.87046598,10145027.427750492,salvador-IPTU,salvador,IPTU
2020-12-01,2020-12-01,7,2021-07-01,59657057.5193954,72995130.91756187,10145027.427750492,salvador-IPTU,salvador,IPTU
2020-12-01,2020-12-01,8,2021-08-01,67559564.12545998,64256526.19030911,10145027.427750492,salvador-IPTU,salvador,IPTU
2020-12-01,2020-12-01,9,2021-09-01,59308358.66786285,64595924.154557966,10145027.427750492,salvador-IPTU,salvador,IPTU
2020-12-01,2020-12-01,10,2021-10-01,53898960.48452419,66733664.58299777,10145027.427750492,salvador-IPTU,salvador,IPTU
2020-12-01,2020-12-01,11,2021-11-01,55536055.336053334,66889099.61813371,10145027.427750492,salvador-IPTU,salvador,IPTU
2020-12-01,2020-12-01,12,2021-12-01,60702736.74751406,74756188.75021006,10145027.427750492,salvador-IPTU,salvador,IPTU
2021-01-01,2021-01-01,1,2021-02-01,321045951.24377316,317028377.17507124,9997872.250671698,salvador-IPTU,salvador,IPTU
2021-01-01,2021-01-01,2,2021-03-01,127432294.82771966,74630177.14304224,9997872.250671698,salvador-IPTU,salvador,IPTU
2021-01-01,2021-01-01,3,2021-04-01,57077310.06476509,66918717.430444434,9997872.250671698,salvador-IPTU,salvador,IPTU
2021-01-01,2021-01-01,4,2021-05-01,62874566.758613415,63301006.506017596,9997872.250671698,salvador-IPTU,salvador,IPTU
2021-01-01,2021-01-01,5,2021-06-01,64970539.980599545,63564151.2213308,9997872.250671698,salvador-IPTU,salvador,IPTU
2021-01-01,2021-01-01,6,2021-07-01,59657057.5193954,71414238.54913834,9997872.250671698,salvador-IPTU,salvador,IPTU
2021-01-01,2021-01-01,7,2021-08-01,67559564.12545998,62926961.96768389,9997872.250671698,salvador-IPTU,salvador,IPTU
2021-01-01,2021-01-01,8,2021-09-01,59308358.66786285,63130380.2510528,9997872.250671698,salvador-IPTU,salvador,IPTU
2021-01-01,2021-01-01,9,2021-10-01,53898960.48452419,66104496.20806366,9997872.250671698,salvador-IPTU,salvador,IPTU
2021-01-01,2021-01-01,10,2021-11-01,55536055.336053334,65837401.41726789,9997872.250671698,salvador-IPTU,salvador,IPTU
2021-01-01,2021-01-01,11,2021-12-01,60702736.74751406,73696566.82349518,9997872.250671698,salvador-IPTU,salvador,IPTU
2021-01-01,2021-01-01,12,2022-01-01,65044094.43652048,72395220.12499772,9997872.250671698,salvador-IPTU,salvador,IPTU
2021-02-01,2021-02-01,1,2021-03-01,127432294.82771966,75242839.10942775,9942045.743510159,salvador-IPTU,salvador,IPTU
2021-02-01,2021-02-01,2,2021-04-01,57077310.06476509,67057980.01924373,9942045.743510159,salvador-IPTU,salvador,IPTU
2021-02-01,2021-02-01,3,2021-05-01,62874566.758613415,63300341.808841765,9942045.743510159,salvador-IPTU,salvador,IPTU
2021-02-01,2021-02-01,4,2021-06-01,64970539.980599545,63744299.651231974,9942045.743510159,salvador-IPTU,salvador,IPTU
2021-02-01,2021-02-01,5,2021-07-01,59657057.5193954,71844040.63116635,9942045.743510159,salvador-IPTU,salvador,IPTU
2021-02-01,2021-02-01,6,2021-08-01,67559564.12545998,63183896.20563045,9942045.743510159,salvador-IPTU,salvador,IPTU
2021-02-01,2021-02-01,7,2021-09-01,59308358.66786285,63098266.00049847,9942045.743510159,salvador-IPTU,salvador,IPTU
2021-02-01,2021-02-01,8,2021-10-01,53898960.48452419,66174012.03838944,9942045.743510159,salvador-IPTU,salvador,IPTU
2021-02-01,2021-02-01,9,2021-11-01,55536055.336053334,65919933.84707551,9942045.743510159,salvador-IPTU,salvador,IPTU
2021-02-01,2021-02-01,10,2021-12-01,60702736.74751406,73874164.938395,9942045.743510159,salvador-IPTU,salvador,IPTU
2021-02-01,2021-02-01,11,2022-01-01,65044094.43652048,72490504.9936618,9942045.743510159,salvador-IPTU,salvador,IPTU
2021-02-01,2021-02-01,12,2022-02-01,287530945.4916237,315223852.94354355,9942045.743510159,salvador-IPTU,salvador,IPTU
2021-03-01,2021-03-01,1,2021-04-01,57077310.06476509,71218220.92462112,10736377.263564026,salvador-IPTU,salvador,IPTU
2021-03-01,2021-03-01,2,2021-05-01,62874566.758613415,67967659.10064295,10736377.263564026,salvador-IPTU,salvador,IPTU
2021-03-01,2021-03-01,3,2021-06-01,64970539.980599545,68245771.66094872,10736377.263564026,salvador-IPTU,salvador,IPTU
2021-03-01,2021-03-01,4,2021-07-01,59657057.5193954,76123762.6294659,10736377.263564026,salvador-IPTU,salvador,IPTU
2021-03-01,2021-03-01,5,2021-08-01,67559564.12545998,68304995.98869976,10736377.263564026,salvador-IPTU,salvador,IPTU
2021-03-01,2021-03-01,6,2021-09-01,59308358.66786285,68762747.66854851,10736377.263564026,salvador-IPTU,salvador,IPTU
2021-03-01,2021-03-01,7,2021-10-01,53898960.48452419,70259168.07440178,10736377.263564026,salvador-IPTU,salvador,IPTU
2021-03-01,2021-03-01,8,2021-11-01,55536055.336053334,70739775.97584462,10736377.263564026,salvador-IPTU,salvador,IPTU
2021-03-01,2021-03-01,9,2021-12-01,60702736.74751406,78699362.55970702,10736377.263564026,salvador-IPTU,salvador,IPTU
2021-03-01,2021-03-01,10,2022-01-01,65044094.43652048,78348916.7933753,10736377.263564026,salvador-IPTU,salvador,IPTU
2021-03-01,2021-03-01,11,2022-02-01,287530945.4916237,310916423.62357605,10736377.263564026,salvador-IPTU,salvador,IPTU
2021-03-01,2021-03-01,12,2022-03-01,123924826.15024877,89152350.78092325,10736377.263564026,salvador-IPTU,salvador,IPTU
2021-04-01,2021-04-01,1,2021-05-01,62874566.758613415,67095599.77559386,10751307.212843925,salvador-IPTU,salvador,IPTU
2021-04-01,2021-04-01,2,2021-06-01,64970539.980599545,67563554.70644566,10751307.212843925,salvador-IPTU,salvador,IPTU
2021-04-01,2021-04-01,3,2021-07-01,59657057.5193954,75528491.68250622,10751307.212843925,salvador-IPTU,salvador,IPTU
2021-04-01,2021-04-01,4,2021-08-01,67559564.12545998,67167767.67314778,10751307.212843925,salvador-IPTU,salvador,IPTU
2021-04-01,2021-04-01,5,2021-09-01,59308358.66786285,67530877.21200523,10751307.212843925,salvador-IPTU,salvador,IPTU
2021-04-01,2021-04-01,6,2021-10-01,53898960.48452419,69275506.3300579,10751307.212843925,salvador-IPTU,salvador,IPTU
2021-04-01,2021-04-01,7,2021-11-01,55536055.336053334,69546618.70907833,10751307.212843925,salvador-IPTU,salvador,IPTU
2021-04-01,2021-04-01,8,2021-12-01,60702736.74751406,77556637.9756934,10751307.212843925,salvador-IPTU,salvador,IPTU
2021-04-01,2021-04-01,9,2022-01-01,65044094.43652048,77452538.61804073,10751307.212843925,salvador-IPTU,salvador,IPTU
2021-04-01,2021-04-01,10,2022-02-01,287530945.4916237,312395896.68801814,10751307.212843925,salvador-IPTU,salvador,IPTU
2021-04-01,2021-04-01,11,2022-03-01,123924826.15024877,88553515.70301372,10751307.212843925,salvador-IPTU,salvador,IPTU
2021-04-01,2021-04-01,12,2022-04-01,61648619.59981778,73310533.4548892,10751307.212843925,salvador-IPTU,salvador,IPTU
2021-05-01,2021-05-01,1,2021-06-01,64970539.980599545,66807289.74978949,10815207.936321974,salvador-IPTU,salvador,IPTU
2021-05-01,2021-05-01,2,2021-07-01,59657057.5193954,74873563.46530119,10815207.936321974,salvador-IPTU,salvador,IPTU
2021-05-01,2021-05-01,3,2021-08-01,67559564.12545998,66425547.65020472,10815207.936321974,salvador-IPTU,salvador,IPTU
2021-05-01,2021-05-01,4,2021-09-01,59308358.66786285,66778212.99090722,10815207.936321974,salvador-IPTU,salvador,IPTU
2021-05-01,2021-05-01,5,2021-10-01,53898960.48452419,68577536.286633,10815207.936321974,salvador-IPTU,salvador,IPTU
2021-05-01,2021-05-01,6,2021-11-01,55536055.336053334,68722518.50448799,10815207.936321974,salvador-IPTU,salvador,IPTU
2021-05-01,2021-05-01,7,2021-12-01,60702736.74751406,76658506.61605413,10815207.936321974,salvador-IPTU,salvador,IPTU
2021-05-01,2021-05-01,8,2022-01-01,65044094.43652048,76514099.09062216,10815207.936321974,salvador-IPTU,salvador,IPTU
2021-05-01,2021-05-01,9,2022-02-01,287530945.4916237,310617874.61737096,10815207.936321974,salvador-IPTU,salvador,IPTU
2021-05-01,2021-05-01,10,2022-03-01,123924826.15024877,87417622.08851963,10815207.936321974,salvador-IPTU,salvador,IPTU
2021-05-01,2021-05-01,11,2022-04-01,61648619.59981778,72324636.99481577,10815207.936321974,salvador-IPTU,salvador,IPTU
2021-05-01,2021-05-01,12,2022-05-01,68259379.93383087,69279048.44026273,10815207.936321974,salvador-IPTU,salvador,IPTU
2021-06-01,2021-06-01,1,2021-07-01,59657057.5193954,74837135.31051537,10818447.263454236,salvador-IPTU,salvador,IPTU
2021-06-01,2021-06-01,2,2021-08-01,67559564.12545998,66417346.08866195,10818447.263454236,salvador-IPTU,salvador,IPTU
2021-06-01,2021-06-01,3,2021-09-01,59308358.66786285,66688682.38207734,10818447.263454236,salvador-IPTU,salvador,IPTU
2021-06-01,2021-06-01,4,2021-10-01,53898960.48452419,68550749.45765784,10818447.263454236,salvador-IPTU,salvador,IPTU
2021-06-01,2021-06-01,5,2021-11-01,55536055.336053334,68834333.23425847,10818447.263454236,salvador-IPTU,salvador,IPTU
2021-06-01,2021-06-01,6,2021-12-01,60702736.74751406,76923000.32287888,10818447.263454236,salvador-IPTU,salvador,IPTU
2021-06-01,2021-06-01,7,2022-01-01,65044094.43652048,76469380.54666623,10818447.263454236,salvador-IPTU,salvador,IPTU
2021-06-01,2021-06-01,8,2022-02-01,287530945.4916237,310795913.1413302,10818447.263454236,salvador-IPTU,salvador,IPTU
2021-06-01,2021-06-01,9,2022-03-01,123924826.15024877,87323581.1450372,10818447.263454236,salvador-IPTU,salvador,IPTU
2021-06-01,2021-06-01,10,2022-04-01,61648619.59981778,72131338.93543084,10818447.263454236,salvador-IPTU,salvador,IPTU
2021-06-01,2021-06-01,11,2022-05-01,68259379.93383087,69145574.30349214,10818447.263454236,salvador-IPTU,salvador,IPTU
2021-06-01,2021-06-01,12,2022-06-01,60097620.00360337,69605645.56183001,10818447.263454236,salvador-IPTU,salvador,IPTU
2021-07-01,2021-07-01,1,2021-08-01,67559564.12545998,65550529.15161584,10717224.05574527,salvador-IPTU,salvador,IPTU
2021-07-01,2021-07-01,2,2021-09-01,59308358.66786285,65862836.67038381,10717224.05574527,salvador-IPTU,salvador,IPTU
2021-07-01,2021-07-01,3,2021-10-01,53898960.48452419,67843666.96444774,10717224.05574527,salvador-IPTU,salvador,IPTU
2021-07-01,2021-07-01,4,2021-11-01,55536055.336053334,67999897.64731622,10717224.05574527,salvador-IPTU,salvador,IPTU
2021-07-01,2021-07-01,5,2021-12-01,60702736.74751406,75888341.05851594,10717224.05574527,salvador-IPTU,salvador,IPTU
2021-07-01,2021-07-01,6,2022-01-01,65044094.43652048,75839946.82997239,10717224.05574527,salvador-IPTU,salvador,IPTU
2021-07-01,2021-07-01,7,2022-02-01,287530945.4916237,312848600.36558324,10717224.05574527,salvador-IPTU,salvador,IPTU
2021-07-01,2021-07-01,8,2022-03-01,123924826.15024877,86933460.78539404,10717224.05574527,salvador-IPTU,salvador,IPTU
2021-07-01,2021-07-01,9,2022-04-01,61648619.59981778,71228493.48987514,10717224.05574527,salvador-IPTU,salvador,IPTU
2021-07-01,2021-07-01,10,2022-05-01,68259379.93383087,68143423.53653838,10717224.05574527,salvador-IPTU,salvador,IPTU
2021-07-01,2021-07-01,11,2022-06-01,60097620.00360337,68717664.63249084,10717224.05574527,salvador-IPTU,salvador,IPTU
2021-07-01,2021-07-01,12,2022-07-01,66773806.91903504,76106736.02611102,10717224.05574527,salvador-IPTU,salvador,IPTU
2021-08-01,2021-08-01,1,2021-09-01,59308358.66786285,66397608.90475173,10827376.208947297,salvador-IPTU,salvador,IPTU
2021-08-01,2021-08-01,2,2021-10-01,53898960.48452419,68079346.49057122,10827376.208947297,salvador-IPTU,salvador,IPTU
2021-08-01,2021-08-01,3,2021-11-01,55536055.336053334,68355644.8101579,10827376.208947297,salvador-IPTU,salvador,IPTU
2021-08-01,2021-08-01,4,2021-12-01,60702736.74751406,76202565.15528195,10827376.208947297,salvador-IPTU,salvador,IPTU
2021-08-01,2021-08-01,5,2022-01-01,65044094.43652048,76087497.75700603,10827376.208947297,salvador-IPTU,salvador,IPTU
2021-08-01,2021-08-01,6,2022-02-01,287530945.4916237,312185617.2210344,10827376.208947297,salvador-IPTU,salvador,IPTU
2021-08-01,2021-08-01,7,2022-03-01,123924826.15024877,87630289.13867901,10827376.208947297,salvador-IPTU,salvador,IPTU
2021-08-01,2021-08-01,8,2022-04-01,61648619.59981778,71630341.15022035,10827376.208947297,salvador-IPTU,salvador,IPTU
2021-08-01,2021-08-01,9,2022-05-01,68259379.93383087,68576256.59104717,10827376.208947297,salvador-IPTU,salvador,IPTU
2021-08-01,2021-08-01,10,2022-06-01,60097620.00360337,69366627.52331373,10827376.208947297,salvador-IPTU,salvador,IPTU
2021-08-01,2021-08-01,11,2022-07-01,66773806.91903504,76032452.4336277,10827376.208947297,salvador-IPTU,salvador,IPTU
2021-08-01,2021-08-01,12,2022-08-01,66532703.77148832,68841916.39738819,10827376.208947297,salvador-IPTU,salvador,IPTU
2021-09-01,2021-09-01,1,2021-10-01,53898960.48452419,66890435.8683486,10788648.64640075,salvador-IPTU,salvador,IPTU
2021-09-01,2021-09-01,2,2021-11-01,55536055.336053334,67044924.25613004,10788648.64640075,salvador-IPTU,salvador,IPTU
2021-09-01,2021-09-01,3,2021-12-01,60702736.74751406,75091101.0409774,10788648.64640075,salvador-IPTU,salvador,IPTU
2021-09-01,2021-09-01,4,2022-01-01,65044094.43652048,74550370.28650765,10788648.64640075,salvador-IPTU,salvador,IPTU
2021-09-01,2021-09-01,5,2022-02-01,287530945.4916237,313356273.37044704,10788648.64640075,salvador-IPTU,salvador,IPTU
2021-09-01,2021-09-01,6,2022-03-01,123924826.15024877,85896317.19528747,10788648.64640075,salvador-IPTU,salvador,IPTU
2021-09-01,2021-09-01,7,2022-04-01,61648619.59981778,69635027.09245355,10788648.64640075,salvador-IPTU,salvador,IPTU
2021-09-01,2021-09-01,8,2022-05-01,68259379.93383087,66587263.08676161,10788648.64640075,salvador-IPTU,salvador,IPTU
2021-09-01,2021-09-01,9,2022-06-01,60097620.00360337,67091845.06095634,10788648.64640075,salvador-IPTU,salvador,IPTU
2021-09-01,2021-09-01,10,2022-07-01,66773806.91903504,74192608.41453508,10788648.64640075,salvador-IPTU,salvador,IPTU
2021-09-01,2021-09-01,11,2022-08-01,66532703.77148832,66662395.42842786,10788648.64640075,salvador-IPTU,salvador,IPTU
2021-09-01,2021-09-01,12,2022-09-01,65121867.4887068,65983239.130793795,10788648.64640075,salvador-IPTU,salvador,IPTU
2021-10-01,2021-10-01,1,2021-11-01,55536055.336053334,65411064.781696185,11072610.35444577,salvador-IPTU,salvador,IPTU
2021-10-01,2021-10-01,2,2021-12-01,60702736.74751406,73500802.73992759,11072610.35444577,salvador-IPTU,salvador,IPTU
2021-10-01,2021-10-01,3,2022-01-01,65044094.43652048,73028864.1378034,11072610.35444577,salvador-IPTU,salvador,IPTU
2021-10-01,2021-10-01,4,2022-02-01,287530945.4916237,316114946.24919975,11072610.35444577,salvador-IPTU,salvador,IPTU
2021-10-01,2021-10-01,5,2022-03-01,123924826.15024877,85495070.27840881,11072610.35444577,salvador-IPTU,salvador,IPTU
2021-10-01,2021-10-01,6,2022-04-01,61648619.59981778,67872585.88812125,11072610.35444577,salvador-IPTU,salvador,IPTU
2021-10-01,2021-10-01,7,2022-05-01,68259379.93383087,64923550.81178907,11072610.35444577,salvador-IPTU,salvador,IPTU
2021-10-01,2021-10-01,8,2022-06-01,60097620.00360337,65258718.33276215,11072610.35444577,salvador-IPTU,salvador,IPTU
2021-10-01,2021-10-01,9,2022-07-01,66773806.91903504,72170545.27919589,11072610.35444577,salvador-IPTU,salvador,IPTU
2021-10-01,2021-10-01,10,2022-08-01,66532703.77148832,64721821.34316197,11072610.35444577,salvador-IPTU,salvador,IPTU
2021-10-01,2021-10-01,11,2022-09-01,65121867.4887068,64062082.64522806,11072610.35444577,salvador-IPTU,salvador,IPTU
2021-10-01,2021-10-01,12,2022-10-01,63488690.92613522,65651239.88908172,11072610.35444577,salvador-IPTU,salvador,IPTU
2021-11-01,2021-11-01,1,2021-12-01,60702736.74751406,73577130.35066718,11333926.390600452,salvador-IPTU,salvador,IPTU
2021-11-01,2021-11-01,2,2022-01-01,65044094.43652048,73070957.68462712,11333926.390600452,salvador-IPTU,salvador,IPTU
2021-11-01,2021-11-01,3,2022-02-01,287530945.4916237,321501811.96676093,11333926.390600452,salvador-IPTU,salvador,IPTU
2021-11-01,2021-11-01,4,2022-03-01,123924826.15024877,83606419.91538832,11333926.390600452,salvador-IPTU,salvador,IPTU
2021-11-01,2021-11-01,5,2022-04-01,61648619.59981778,67561934.77621678,11333926.390600452,salvador-IPTU,salvador,IPTU
2021-11-01,2021-11-01,6,2022-05-01,68259379.93383087,64514428.09020051,11333926.390600452,salvador-IPTU,salvador,IPTU
2021-11-01,2021-11-01,7,2022-06-01,60097620.00360337,65013534.68116613,11333926.390600452,salvador-IPTU,salvador,IPTU
2021-11-01,2021-11-01,8,2022-07-01,66773806.91903504,72344770.30972663,11333926.390600452,salvador-IPTU,salvador,IPTU
2021-11-01,2021-11-01,9,2022-08-01,66532703.77148832,64464921.0854348,11333926.390600452,salvador-IPTU,salvador,IPTU
2021-11-01,2021-11-01,10,2022-09-01,65121867.4887068,63686429.6124071,11333926.390600452,salvador-IPTU,salvador,IPTU
2021-11-01,2021-11-01,11,2022-10-01,63488690.92613522,65472704.96648284,11333926.390600452,salvador-IPTU,salvador,IPTU
2021-11-01,2021-11-01,12,2022-11-01,66039562.927257076,65905284.258354016,11333926.390600452,salvador-IPTU,salvador,IPTU
2021-12-01,2021-12-01,1,2022-01-01,65044094.43652048,72648812.8551521,11571991.169759918,salvador-IPTU,salvador,IPTU
2021-12-01,2021-12-01,2,2022-02-01,287530945.4916237,319150485.5222759,11571991.169759918,salvador-IPTU,salvador,IPTU
2021-12-01,2021-12-01,3,2022-03-01,123924826.15024877,84157092.0349378,11571991.169759918,salvador-IPTU,salvador,IPTU
2021-12-01,2021-12-01,4,2022-04-01,61648619.59981778,67324764.69481872,11571991.169759918,salvador-IPTU,salvador,IPTU
2021-12-01,2021-12-01,5,2022-05-01,68259379.93383087,64249083.757874444,11571991.169759918,salvador-IPTU,salvador,IPTU
2021-12-01,2021-12-01,6,2022-06-01,60097620.00360337,64768913.07477912,11571991.169759918,salvador-IPTU,salvador,IPTU
2021-12-01,2021-12-01,7,2022-07-01,66773806.91903504,71923803.25670785,11571991.169759918,salvador-IPTU,salvador,IPTU
2021-12-01,2021-12-01,8,2022-08-01,66532703.77148832,64208975.89730238,11571991.169759918,salvador-IPTU,salvador,IPTU
2021-12-01,2021-12-01,9,2022-09-01,65121867.4887068,63335422.642338544,11571991.169759918,salvador-IPTU,salvador,IPTU
2021-12-01,2021-12-01,10,2022-10-01,63488690.92613522,65358948.781030156,11571991.169759918,salvador-IPTU,salvador,IPTU
2021-12-01,2021-12-01,11,2022-11-01,66039562.927257076,65499404.679976314,11571991.169759918,salvador-IPTU,salvador,IPTU
2021-12-01,2021-12-01,12,2022-12-01,64797642.90815615,73479977.24594502,11571991.169759918,salvador-IPTU,salvador,IPTU
2022-01-01,2022-01-01,1,2022-02-01,287530945.4916237,320536525.93189335,11467671.139046185,salvador-IPTU,salvador,IPTU
2022-01-01,2022-01-01,2,2022-03-01,123924826.15024877,83387972.46109135,11467671.139046185,salvador-IPTU,salvador,IPTU
2022-01-01,2022-01-01,3,2022-04-01,61648619.59981778,66909470.755572036,11467671.139046185,salvador-IPTU,salvador,IPTU
2022-01-01,2022-01-01,4,2022-05-01,68259379.93383087,63847749.87013453,11467671.139046185,salvador-IPTU,salvador,IPTU
2022-01-01,2022-01-01,5,2022-06-01,60097620.00360337,64457737.24761746,11467671.139046185,salvador-IPTU,salvador,IPTU
2022-01-01,2022-01-01,6,2022-07-01,66773806.91903504,71636985.31341454,11467671.139046185,salvador-IPTU,salvador,IPTU
2022-01-01,2022-01-01,7,2022-08-01,66532703.77148832,63834996.24813507,11467671.139046185,salvador-IPTU,salvador,IPTU
2022-01-01,2022-01-01,8,2022-09-01,65121867.4887068,63106382.8694721,11467671.139046185,salvador-IPTU,salvador,IPTU
2022-01-01,2022-01-01,9,2022-10-01,63488690.92613522,64855241.12541509,11467671.139046185,salvador-IPTU,salvador,IPTU
2022-01-01,2022-01-01,10,2022-11-01,66039562.927257076,65419438.16295552,11467671.139046185,salvador-IPTU,salvador,IPTU
2022-01-01,2022-01-01,11,2022-12-01,64797642.90815615,72704635.4478955,11467671.139046185,salvador-IPTU,salvador,IPTU
2022-01-01,2022-01-01,12,2023-01-01,71842672.13965991,72788858.73816696,11467671.139046185,salvador-IPTU,salvador,IPTU
2022-02-01,2022-02-01,1,2022-03-01,123924826.15024877,83179936.76618549,11765608.09327731,salvador-IPTU,salvador,IPTU
2022-02-01,2022-02-01,2,2022-04-01,61648619.59981778,66242266.42942119,11765608.09327731,salvador-IPTU,salvador,IPTU
2022-02-01,2022-02-01,3,2022-05-01,68259379.93383087,63312344.61701186,11765608.09327731,salvador-IPTU,salvador,IPTU
2022-02-01,2022-02-01,4,2022-06-01,60097620.00360337,63713820.21494945,11765608.09327731,salvador-IPTU,salvador,IPTU
2022-02-01,2022-02-01,5,2022-07-01,66773806.91903504,70740572.07837972,11765608.09327731,salvador-IPTU,salvador,IPTU
2022-02-01,2022-02-01,6,2022-08-01,66532703.77148832,63372953.31150263,11765608.09327731,salvador-IPTU,salvador,IPTU
2022-02-01,2022-02-01,7,2022-09-01,65121867.4887068,62496213.429849654,11765608.09327731,salvador-IPTU,salvador,IPTU
2022-02-01,2022-02-01,8,2022-10-01,63488690.92613522,64581340.268777534,11765608.09327731,salvador-IPTU,salvador,IPTU
2022-02-01,2022-02-01,9,2022-11-01,66039562.927257076,64625870.92841763,11765608.09327731,salvador-IPTU,salvador,IPTU
2022-02-01,2022-02-01,10,2022-12-01,64797642.90815615,72131801.04557154,11765608.09327731,salvador-IPTU,salvador,IPTU
2022-02-01,2022-02-01,11,2023-01-01,71842672.13965991,71789771.40898153,11765608.09327731,salvador-IPTU,salvador,IPTU
2022-02-01,2022-02-01,12,2023-02-01,312279669.4451977,314646233.076727,11765608.09327731,salvador-IPTU,salvador,IPTU
2022-03-01,2022-03-01,1,2022-04-01,61648619.59981778,68210407.33575845,11655499.567733224,salvador-IPTU,salvador,IPTU
2022-03-01,2022-03-01,2,2022-05-01,68259379.93383087,65322016.887392044,11655499.567733224,salvador-IPTU,salvador,IPTU
2022-03-01,2022-03-01,3,2022-06-01,60097620.00360337,65707527.68514921,11655499.567733224,salvador-IPTU,salvador,IPTU
2022-03-01,2022-03-01,4,2022-07-01,66773806.91903504,72943614.98211144,11655499.567733224,salvador-IPTU,salvador,IPTU
2022-03-01,2022-03-01,5,2022-08-01,66532703.77148832,64924271.311268464,11655499.567733224,salvador-IPTU,salvador,IPTU
2022-03-01,2022-03-01,6,2022-09-01,65121867.4887068,64374156.46499741,11655499.567733224,salvador-IPTU,salvador,IPTU
2022-03-01,2022-03-01,7,2022-10-01,63488690.92613522,66143589.17225295,11655499.567733224,salvador-IPTU,salvador,IPTU
2022-03-01,2022-03-01,8,2022-11-01,66039562.927257076,66232958.5757139,11655499.567733224,salvador-IPTU,salvador,IPTU
2022-03-01,2022-03-01,9,2022-12-01,64797642.90815615,74130656.09117371,11655499.567733224,salvador-IPTU,salvador,IPTU
2022-03-01,2022-03-01,10,2023-01-01,71842672.13965991,74452916.17747433,11655499.567733224,salvador-IPTU,salvador,IPTU
2022-03-01,2022-03-01,11,2023-02-01,312279669.4451977,315709123.1811198,11655499.567733224,salvador-IPTU,salvador,IPTU
2022-03-01,2022-03-01,12,2023-03-01,85661910.80764559,91735556.38836698,11655499.567733224,salvador-IPTU,salvador,IPTU
2022-04-01,2022-04-01,1,2022-05-01,68259379.93383087,64096496.332959265,11562286.540987426,salvador-IPTU,salvador,IPTU
2022-04-01,2022-04-01,2,2022-06-01,60097620.00360337,64714828.486661166,11562286.540987426,salvador-IPTU,salvador,IPTU
2022-04-01,2022-04-01,3,2022-07-01,66773806.91903504,71465067.02973174,11562286.540987426,salvador-IPTU,salvador,IPTU
2022-04-01,2022-04-01,4,2022-08-01,66532703.77148832,64210581.68933505,11562286.540987426,salvador-IPTU,salvador,IPTU
2022-04-01,2022-04-01,5,2022-09-01,65121867.4887068,63342276.40347664,11562286.540987426,salvador-IPTU,salvador,IPTU
2022-04-01,2022-04-01,6,2022-10-01,63488690.92613522,64982647.265220314,11562286.540987426,salvador-IPTU,salvador,IPTU
2022-04-01,2022-04-01,7,2022-11-01,66039562.927257076,65562732.16669181,11562286.540987426,salvador-IPTU,salvador,IPTU
2022-04-01,2022-04-01,8,2022-12-01,64797642.90815615,73070008.73146385,11562286.540987426,salvador-IPTU,salvador,IPTU
2022-04-01,2022-04-01,9,2023-01-01,71842672.13965991,73406667.55193576,11562286.540987426,salvador-IPTU,salvador,IPTU
2022-04-01,2022-04-01,10,2023-02-01,312279669.4451977,317655295.44081056,11562286.540987426,salvador-IPTU,salvador,IPTU
2022-04-01,2022-04-01,11,2023-03-01,85661910.80764559,90305311.67819217,11562286.540987426,salvador-IPTU,salvador,IPTU
2022-04-01,2022-04-01,12,2023-04-01,68003023.29737547,68086575.42007934,11562286.540987426,salvador-IPTU,salvador,IPTU
2022-05-01,2022-05-01,1,2022-06-01,60097620.00360337,64926345.37442711,11482059.614159247,salvador-IPTU,salvador,IPTU
2022-05-01,2022-05-01,2,2022-07-01,66773806.91903504,72021002.80292909,11482059.614159247,salvador-IPTU,salvador,IPTU
2022-05-01,2022-05-01,3,2022-08-01,66532703.77148832,64180551.16501097,11482059.614159247,salvador-IPTU,salvador,IPTU
2022-05-01,2022-05-01,4,2022-09-01,65121867.4887068,63427078.78350726,11482059.614159247,salvador-IPTU,salvador,IPTU
2022-05-01,2022-05-01,5,2022-10-01,63488690.92613522,65361655.600201435,11482059.614159247,salvador-IPTU,salvador,IPTU
2022-05-01,2022-05-01,6,2022-11-01,66039562.927257076,65405732.74336232,11482059.614159247,salvador-IPTU,salvador,IPTU
2022-05-01,2022-05-01,7,2022-12-01,64797642.90815615,73176794.10558096,11482059.614159247,salvador-IPTU,salvador,IPTU
2022-05-01,2022-05-01,8,2023-01-01,71842672.13965991,73334858.0099501,11482059.614159247,salvador-IPTU,salvador,IPTU
2022-05-01,2022-05-01,9,2023-02-01,312279669.4451977,314644467.6976354,11482059.614159247,salvador-IPTU,salvador,IPTU
2022-05-01,2022-05-01,10,2023-03-01,85661910.80764559,90668689.11656561,11482059.614159247,salvador-IPTU,salvador,IPTU
2022-05-01,2022-05-01,11,2023-04-01,68003023.29737547,67778180.02593611,11482059.614159247,salvador-IPTU,salvador,IPTU
2022-05-01,2022-05-01,12,2023-05-01,80927117.99548042,65656720.10395564,11482059.614159247,salvador-IPTU,salvador,IPTU
2022-06-01,2022-06-01,1,2022-07-01,66773806.91903504,71552171.74609447,11397327.054708438,salvador-IPTU,salvador,IPTU
2022-06-01,2022-06-01,2,2022-08-01,66532703.77148832,63899733.79610704,11397327.054708438,salvador-IPTU,salvador,IPTU
2022-06-01,2022-06-01,3,2022-09-01,65121867.4887068,63397549.514240965,11397327.054708438,salvador-IPTU,salvador,IPTU
2022-06-01,2022-06-01,4,2022-10-01,63488690.92613522,65044759.73320901,11397327.054708438,salvador-IPTU,salvador,IPTU
2022-06-01,2022-06-01,5,2022-11-01,66039562.927257076,65357110.14409688,11397327.054708438,salvador-IPTU,salvador,IPTU
2022-06-01,2022-06-01,6,2022-12-01,64797642.90815615,73053894.90668626,11397327.054708438,salvador-IPTU,salvador,IPTU
2022-06-01,2022-06-01,7,2023-01-01,71842672.13965991,73100783.62211712,11397327.054708438,salvador-IPTU,salvador,IPTU
2022-06-01,2022-06-01,8,2023-02-01,312279669.4451977,314320874.4093732,11397327.054708438,salvador-IPTU,salvador,IPTU
2022-06-01,2022-06-01,9,2023-03-01,85661910.80764559,90982304.61153,11397327.054708438,salvador-IPTU,salvador,IPTU
2022-06-01,2022-06-01,10,2023-04-01,68003023.29737547,67825864.01963414,11397327.054708438,salvador-IPTU,salvador,IPTU
2022-06-01,2022-06-01,11,2023-05-01,80927117.99548042,65371233.905457675,11397327.054708438,salvador-IPTU,salvador,IPTU
2022-06-01,2022-06-01,12,2023-06-01,69943842.947167,65614120.877817295,11397327.054708438,salvador-IPTU,salvador,IPTU
2022-07-01,2022-07-01,1,2022-08-01,66532703.77148832,63726491.01695837,11343142.527429085,salvador-IPTU,salvador,IPTU
2022-07-01,2022-07-01,2,2022-09-01,65121867.4887068,63033679.3918335,11343142.527429085,salvador-IPTU,salvador,IPTU
2022-07-01,2022-07-01,3,2022-10-01,63488690.92613522,64714569.239125356,11343142.527429085,salvador-IPTU,salvador,IPTU
2022-07-01,2022-07-01,4,2022-11-01,66039562.927257076,64956742.72594532,11343142.527429085,salvador-IPTU,salvador,IPTU
2022-07-01,2022-07-01,5,2022-12-01,64797642.90815615,72791700.32483044,11343142.527429085,salvador-IPTU,salvador,IPTU
2022-07-01,2022-07-01,6,2023-01-01,71842672.13965991,72752615.43988433,11343142.527429085,salvador-IPTU,salvador,IPTU
2022-07-01,2022-07-01,7,2023-02-01,312279669.4451977,317799513.8314037,11343142.527429085,salvador-IPTU,salvador,IPTU
2022-07-01,2022-07-01,8,2023-03-01,85661910.80764559,90391914.71661943,11343142.527429085,salvador-IPTU,salvador,IPTU
2022-07-01,2022-07-01,9,2023-04-01,68003023.29737547,67837218.99240868,11343142.527429085,salvador-IPTU,salvador,IPTU
2022-07-01,2022-07-01,10,2023-05-01,80927117.99548042,65300552.01282196,11343142.527429085,salvador-IPTU,salvador,IPTU
2022-07-01,2022-07-01,11,2023-06-01,69943842.947167,65019896.37628007,11343142.527429085,salvador-IPTU,salvador,IPTU
2022-07-01,2022-07-01,12,2023-07-01,68426714.10914947,72338608.49331132,11343142.527429085,salvador-IPTU,salvador,IPTU
2022-08-01,2022-08-01,1,2022-09-01,65121867.4887068,62792799.009007215,11214189.000260867,salvador-IPTU,salvador,IPTU
2022-08-01,2022-08-01,2,2022-10-01,63488690.92613522,64631625.868293114,11214189.000260867,salvador-IPTU,salvador,IPTU
2022-08-01,2022-08-01,3,2022-11-01,66039562.927257076,64826028.349117234,11214189.000260867,salvador-IPTU,salvador,IPTU
2022-08-01,2022-08-01,4,2022-12-01,64797642.90815615,73160815.45266439,11214189.000260867,salvador-IPTU,salvador,IPTU
2022-08-01,2022-08-01,5,2023-01-01,71842672.13965991,72675756.24558927,11214189.000260867,salvador-IPTU,salvador,IPTU
2022-08-01,2022-08-01,6,2023-02-01,312279669.4451977,313517690.2752433,11214189.000260867,salvador-IPTU,salvador,IPTU
2022-08-01,2022-08-01,7,2023-03-01,85661910.80764559,91249376.17988439,11214189.000260867,salvador-IPTU,salvador,IPTU
2022-08-01,2022-08-01,8,2023-04-01,68003023.29737547,67888453.68526936,11214189.000260867,salvador-IPTU,salvador,IPTU
2022-08-01,2022-08-01,9,2023-05-01,80927117.99548042,65156266.80254713,11214189.000260867,salvador-IPTU,salvador,IPTU
2022-08-01,2022-08-01,10,2023-06-01,69943842.947167,65366891.43199285,11214189.000260867,salvador-IPTU,salvador,IPTU
2022-08-01,2022-08-01,11,2023-07-01,68426714.10914947,72152938.47478506,11214189.000260867,salvador-IPTU,salvador,IPTU
2022-08-01,2022-08-01,12,2023-08-01,71716634.04572195,64967590.94160827,11214189.000260867,salvador-IPTU,salvador,IPTU
2022-09-01,2022-09-01,1,2022-10-01,63488690.92613522,65405076.230572075,11147513.936317448,salvador-IPTU,salvador,IPTU
2022-09-01,2022-09-01,2,2022-11-01,66039562.927257076,65561289.52927297,11147513.936317448,salvador-IPTU,salvador,IPTU
2022-09-01,2022-09-01,3,2022-12-01,64797642.90815615,73385438.53944325,11147513.936317448,salvador-IPTU,salvador,IPTU
2022-09-01,2022-09-01,4,2023-01-01,71842672.13965991,73001663.03675428,11147513.936317448,salvador-IPTU,salvador,IPTU
2022-09-01,2022-09-01,5,2023-02-01,312279669.4451977,316084755.3766083,11147513.936317448,salvador-IPTU,salvador,IPTU
2022-09-01,2022-09-01,6,2023-03-01,85661910.80764559,90464904.75766502,11147513.936317448,salvador-IPTU,salvador,IPTU
2022-09-01,2022-09-01,7,2023-04-01,68003023.29737547,68012397.66701986,11147513.936317448,salvador-IPTU,salvador,IPTU
2022-09-01,2022-09-01,8,2023-05-01,80927117.99548042,65668301.00208226,11147513.936317448,salvador-IPTU,salvador,IPTU
2022-09-01,2022-09-01,9,2023-06-01,69943842.947167,65593281.63748065,11147513.936317448,salvador-IPTU,salvador,IPTU
2022-09-01,2022-09-01,10,2023-07-01,68426714.10914947,72539397.09604624,11147513.936317448,salvador-IPTU,salvador,IPTU
2022-09-01,2022-09-01,11,2023-08-01,71716634.04572195,65649391.5312525,11147513.936317448,salvador-IPTU,salvador,IPTU
2022-09-01,2022-09-01,12,2023-09-01,64678015.45114056,64650172.789287746,11147513.936317448,salvador-IPTU,salvador,IPTU
2022-10-01,2022-10-01,1,2022-11-01,66039562.927257076,65331165.157304466,11128516.576625906,salvador-IPTU,salvador,IPTU
2022-10-01,2022-10-01,2,2022-12-01,64797642.90815615,73434490.1773345,11128516.576625906,salvador-IPTU,salvador,IPTU
2022-10-01,2022-10-01,3,2023-01-01,71842672.13965991,72956332.39037788,11128516.576625906,salvador-IPTU,salvador,IPTU
2022-10-01,2022-10-01,4,2023-02-01,312279669.4451977,316512084.5819609,11128516.576625906,salvador-IPTU,salvador,IPTU
2022-10-01,2022-10-01,5,2023-03-01,85661910.80764559,90337601.01058483,11128516.576625906,salvador-IPTU,salvador,IPTU
2022-10-01,2022-10-01,6,2023-04-01,68003023.29737547,67893778.72090998,11128516.576625906,salvador-IPTU,salvador,IPTU
2022-10-01,2022-10-01,7,2023-05-01,80927117.99548042,65610055.5512521,11128516.576625906,salvador-IPTU,salvador,IPTU
2022-10-01,2022-10-01,8,2023-06-01,69943842.947167,65281457.63685767,11128516.576625906,salvador-IPTU,salvador,IPTU
2022-10-01,2022-10-01,9,2023-07-01,68426714.10914947,72281313.09861231,11128516.576625906,salvador-IPTU,salvador,IPTU
2022-10-01,2022-10-01,10,2023-08-01,71716634.04572195,65356922.35197708,11128516.576625906,salvador-IPTU,salvador,IPTU
2022-10-01,2022-10-01,11,2023-09-01,64678015.45114056,64546738.02087257,11128516.576625906,salvador-IPTU,salvador,IPTU
2022-10-01,2022-10-01,12,2023-10-01,70665245.44717538,65934810.66605008,11128516.576625906,salvador-IPTU,salvador,IPTU
2022-11-01,2022-11-01,1,2022-12-01,64797642.90815615,73301072.97579831,11120986.34788588,salvador-IPTU,salvador,IPTU
2022-11-01,2022-11-01,2,2023-01-01,71842672.13965991,73052004.34916301,11120986.34788588,salvador-IPTU,salvador,IPTU
2022-11-01,2022-11-01,3,2023-02-01,312279669.4451977,318588665.2580013,11120986.34788588,salvador-IPTU,salvador,IPTU
2022-11-01,2022-11-01,4,2023-03-01,85661910.80764559,90415514.2863324,11120986.34788588,salvador-IPTU,salvador,IPTU
2022-11-01,2022-11-01,5,2023-04-01,68003023.29737547,67909915.32260585,11120986.34788588,salvador-IPTU,salvador,IPTU
2022-11-01,2022-11-01,6,2023-05-01,80927117.99548042,65678638.07378626,11120986.34788588,salvador-IPTU,salvador,IPTU
2022-11-01,2022-11-01,7,2023-06-01,69943842.947167,65509323.96867882,11120986.34788588,salvador-IPTU,salvador,IPTU
2022-11-01,2022-11-01,8,2023-07-01,68426714.10914947,72156751.36132103,11120986.34788588,salvador-IPTU,salvador,IPTU
2022-11-01,2022-11-01,9,2023-08-01,71716634.04572195,65426706.532547295,11120986.34788588,salvador-IPTU,salvador,IPTU
2022-11-01,2022-11-01,10,2023-09-01,64678015.45114056,64502831.0328733,11120986.34788588,salvador-IPTU,salvador,IPTU
2022-11-01,2022-11-01,11,2023-10-01,70665245.44717538,66149503.65477161,11120986.34788588,salvador-IPTU,salvador,IPTU
2022-11-01,2022-11-01,12,2023-11-01,64278105.00756604,66314970.796295986,11120986.34788588,salvador-IPTU,salvador,IPTU
2022-12-01,2022-12-01,1,2023-01-01,71842672.13965991,73367158.53528327,11037342.536132976,salvador-IPTU,salvador,IPTU
2022-12-01,2022-12-01,2,2023-02-01,312279669.4451977,316420713.71104634,11037342.536132976,salvador-IPTU,salvador,IPTU
2022-12-01,2022-12-01,3,2023-03-01,85661910.80764559,90245025.65008669,11037342.536132976,salvador-IPTU,salvador,IPTU
2022-12-01,2022-12-01,4,2023-04-01,68003023.29737547,67874161.31249298,11037342.536132976,salvador-IPTU,salvador,IPTU
2022-12-01,2022-12-01,5,2023-05-01,80927117.99548042,65652179.36495915,11037342.536132976,salvador-IPTU,salvador,IPTU
2022-12-01,2022-12-01,6,2023-06-01,69943842.947167,65452104.53163889,11037342.536132976,salvador-IPTU,salvador,IPTU
2022-12-01,2022-12-01,7,2023-07-01,68426714.10914947,72569717.14240009,11037342.536132976,salvador-IPTU,salvador,IPTU
2022-12-01,2022-12-01,8,2023-08-01,71716634.04572195,65341823.56349434,11037342.536132976,salvador-IPTU,salvador,IPTU
2022-12-01,2022-12-01,9,2023-09-01,64678015.45114056,64213805.96874547,11037342.536132976,salvador-IPTU,salvador,IPTU
2022-12-01,2022-12-01,10,2023-10-01,70665245.44717538,65966429.16978009,11037342.536132976,salvador-IPTU,salvador,IPTU
2022-12-01,2022-12-01,11,2023-11-01,64278105.00756604,66277095.69591269,11037342.536132976,salvador-IPTU,salvador,IPTU
2022-12-01,2022-12-01,12,2023-12-01,104574689.04816487,73533039.13272086,11037342.536132976,salvador-IPTU,salvador,IPTU
2023-01-01,2023-01-01,1,2023-02-01,312279669.4451977,318695331.112609,10987474.714568347,salvador-IPTU,salvador,IPTU
2023-01-01,2023-01-01,2,2023-03-01,85661910.80764559,90128492.92679808,10987474.714568347,salvador-IPTU,salvador,IPTU
2023-01-01,2023-01-01,3,2023-04-01,68003023.29737547,67289290.39035179,10987474.714568347,salvador-IPTU,salvador,IPTU
2023-01-01,2023-01-01,4,2023-05-01,80927117.99548042,65142417.13679237,10987474.714568347,salvador-IPTU,salvador,IPTU
2023-01-01,2023-01-01,5,2023-06-01,69943842.947167,65071962.872843996,10987474.714568347,salvador-IPTU,salvador,IPTU
2023-01-01,2023-01-01,6,2023-07-01,68426714.10914947,72207675.49861425,10987474.714568347,salvador-IPTU,salvador,IPTU
2023-01-01,2023-01-01,7,2023-08-01,71716634.04572195,64964040.58568764,10987474.714568347,salvador-IPTU,salvador,IPTU
2023-01-01,2023-01-01,8,2023-09-01,64678015.45114056,63986734.70789291,10987474.714568347,salvador-IPTU,salvador,IPTU
2023-01-01,2023-01-01,9,2023-10-01,70665245.44717538,65351635.81448007,10987474.714568347,salvador-IPTU,salvador,IPTU
2023-01-01,2023-01-01,10,2023-11-01,64278105.00756604,66102903.89741069,10987474.714568347,salvador-IPTU,salvador,IPTU
2023-01-01,2023-01-01,11,2023-12-01,104574689.04816487,73522181.80207625,10987474.714568347,salvador-IPTU,salvador,IPTU
2023-01-01,2023-01-01,12,2024-01-01,171289802.2674211,73553095.31334911,10987474.714568347,salvador-IPTU,salvador,IPTU
2023-02-01,2023-02-01,1,2023-03-01,85661910.80764559,89791178.64195807,11147489.240603298,salvador-IPTU,salvador,IPTU
2023-02-01,2023-02-01,2,2023-04-01,68003023.29737547,67463428.61133921,11147489.240603298,salvador-IPTU,salvador,IPTU
2023-02-01,2023-02-01,3,2023-05-01,80927117.99548042,65074822.80098562,11147489.240603298,salvador-IPTU,salvador,IPTU
2023-02-01,2023-02-01,4,2023-06-01,69943842.947167,64945520.80076818,11147489.240603298,salvador-IPTU,salvador,IPTU
2023-02-01,2023-02-01,5,2023-07-01,68426714.10914947,71930706.18971413,11147489.240603298,salvador-IPTU,salvador,IPTU
2023-02-01,2023-02-01,6,2023-08-01,71716634.04572195,64989209.57845944,11147489.240603298,salvador-IPTU,salvador,IPTU
2023-02-01,2023-02-01,7,2023-09-01,64678015.45114056,64026021.9441576,11147489.240603298,salvador-IPTU,salvador,IPTU
2023-02-01,2023-02-01,8,2023-10-01,70665245.44717538,65734516.965367526,11147489.240603298,salvador-IPTU,salvador,IPTU
2023-02-01,2023-02-01,9,2023-11-01,64278105.00756604,65999434.6377524,11147489.240603298,salvador-IPTU,salvador,IPTU
2023-02-01,2023-02-01,10,2023-12-01,104574689.04816487,73153263.86074609,11147489.240603298,salvador-IPTU,salvador,IPTU
2023-02-01,2023-02-01,11,2024-01-01,171289802.2674211,73490704.0587324,11147489.240603298,salvador-IPTU,salvador,IPTU
2023-02-01,2023-02-01,12,2024-02-01,340945987.3121734,316481688.1081494,11147489.240603298,salvador-IPTU,salvador,IPTU
2023-03-01,2023-03-01,1,2023-04-01,68003023.29737547,68008851.19004929,11459160.8049941,salvador-IPTU,salvador,IPTU
2023-03-01,2023-03-01,2,2023-05-01,80927117.99548042,65089938.1274325,11459160.8049941,salvador-IPTU,salvador,IPTU
2023-03-01,2023-03-01,3,2023-06-01,69943842.947167,65060382.01374164,11459160.8049941,salvador-IPTU,salvador,IPTU
2023-03-01,2023-03-01,4,2023-07-01,68426714.10914947,72185575.06239592,11459160.8049941,salvador-IPTU,salvador,IPTU
2023-03-01,2023-03-01,5,2023-08-01,71716634.04572195,65418213.48557133,11459160.8049941,salvador-IPTU,salvador,IPTU
2023-03-01,2023-03-01,6,2023-09-01,64678015.45114056,64462663.07371357,11459160.8049941,salvador-IPTU,salvador,IPTU
2023-03-01,2023-03-01,7,2023-10-01,70665245.44717538,66033534.99376,11459160.8049941,salvador-IPTU,salvador,IPTU
2023-03-01,2023-03-01,8,2023-11-01,64278105.00756604,66304246.43265112,11459160.8049941,salvador-IPTU,salvador,IPTU
2023-03-01,2023-03-01,9,2023-12-01,104574689.04816487,72975470.01771177,11459160.8049941,salvador-IPTU,salvador,IPTU
2023-03-01,2023-03-01,10,2024-01-01,171289802.2674211,73747060.0771223,11459160.8049941,salvador-IPTU,salvador,IPTU
2023-03-01,2023-03-01,11,2024-02-01,340945987.3121734,318783606.8853034,11459160.8049941,salvador-IPTU,salvador,IPTU
2023-03-01,2023-03-01,12,2024-03-01,83011395.96234319,91125265.53581198,11459160.8049941,salvador-IPTU,salvador,IPTU
2023-04-01,2023-04-01,1,2023-05-01,80927117.99548042,65344310.84141718,11401152.201500507,salvador-IPTU,salvador,IPTU
2023-04-01,2023-04-01,2,2023-06-01,69943842.947167,64857316.62648407,11401152.201500507,salvador-IPTU,salvador,IPTU
2023-04-01,2023-04-01,3,2023-07-01,68426714.10914947,72001592.29312663,11401152.201500507,salvador-IPTU,salvador,IPTU
2023-04-01,2023-04-01,4,2023-08-01,71716634.04572195,65115228.79719063,11401152.201500507,salvador-IPTU,salvador,IPTU
2023-04-01,2023-04-01,5,2023-09-01,64678015.45114056,64115606.14997883,11401152.201500507,salvador-IPTU,salvador,IPTU
2023-04-01,2023-04-01,6,2023-10-01,70665245.44717538,65544481.884546116,11401152.201500507,salvador-IPTU,salvador,IPTU
2023-04-01,2023-04-01,7,2023-11-01,64278105.00756604,66157697.98085077,11401152.201500507,salvador-IPTU,salvador,IPTU
2023-04-01,2023-04-01,8,2023-12-01,104574689.04816487,73353500.3566058,11401152.201500507,salvador-IPTU,salvador,IPTU
2023-04-01,2023-04-01,9,2024-01-01,171289802.2674211,73470093.28045005,11401152.201500507,salvador-IPTU,salvador,IPTU
2023-04-01,2023-04-01,10,2024-02-01,340945987.3121734,317076678.41494876,11401152.201500507,salvador-IPTU,salvador,IPTU
2023-04-01,2023-04-01,11,2024-03-01,83011395.96234319,90743484.66221997,11401152.201500507,salvador-IPTU,salvador,IPTU
2023-04-01,2023-04-01,12,2024-04-01,90762029.71183957,68221163.26954198,11401152.201500507,salvador-IPTU,salvador,IPTU
2023-05-01,2023-05-01,1,2023-06-01,69943842.947167,65565892.50139487,11415383.503299935,salvador-IPTU,salvador,IPTU
2023-05-01,2023-05-01,2,2023-07-01,68426714.10914947,72349031.20251468,11415383.503299935,salvador-IPTU,salvador,IPTU
2023-05-01,2023-05-01,3,2023-08-01,71716634.04572195,65331403.91285013,11415383.503299935,salvador-IPTU,salvador,IPTU
2023-05-01,2023-05-01,4,2023-09-01,64678015.45114056,64546563.90481837,11415383.503299935,salvador-IPTU,salvador,IPTU
2023-05-01,2023-05-01,5,2023-10-01,70665245.44717538,65880607.66939755,11415383.503299935,salvador-IPTU,salvador,IPTU
2023-05-01,2023-05-01,6,2023-11-01,64278105.00756604,66263712.835360035,11415383.503299935,salvador-IPTU,salvador,IPTU
2023-05-01,2023-05-01,7,2023-12-01,104574689.04816487,73733667.58582954,11415383.503299935,salvador-IPTU,salvador,IPTU
2023-05-01,2023-05-01,8,2024-01-01,171289802.2674211,74028442.87608844,11415383.503299935,salvador-IPTU,salvador,IPTU
2023-05-01,2023-05-01,9,2024-02-01,340945987.3121734,317709825.36099994,11415383.503299935,salvador-IPTU,salvador,IPTU
2023-05-01,2023-05-01,10,2024-03-01,83011395.96234319,91281882.14369208,11415383.503299935,salvador-IPTU,salvador,IPTU
2023-05-01,2023-05-01,11,2024-04-01,90762029.71183957,68684606.7391913,11415383.503299935,salvador-IPTU,salvador,IPTU
2023-05-01,2023-05-01,12,2024-05-01,79993888.20816118,67962435.6228666,11415383.503299935,salvador-IPTU,salvador,IPTU
2023-06-01,2023-06-01,1,2023-07-01,68426714.10914947,72188426.19714859,11397948.38596953,salvador-IPTU,salvador,IPTU
2023-06-01,2023-06-01,2,2023-08-01,71716634.04572195,65361840.897089645,11397948.38596953,salvador-IPTU,salvador,IPTU
2023-06-01,2023-06-01,3,2023-09-01,64678015.45114056,64234186.401935875,11397948.38596953,salvador-IPTU,salvador,IPTU
2023-06-01,2023-06-01,4,2023-10-01,70665245.44717538,65734256.219247706,11397948.38596953,salvador-IPTU,salvador,IPTU
2023-06-01,2023-06-01,5,2023-11-01,64278105.00756604,66093800.34349173,11397948.38596953,salvador-IPTU,salvador,IPTU
2023-06-01,2023-06-01,6,2023-12-01,104574689.04816487,73340824.54860696,11397948.38596953,salvador-IPTU,salvador,IPTU
2023-06-01,2023-06-01,7,2024-01-01,171289802.2674211,73891890.2629705,11397948.38596953,salvador-IPTU,salvador,IPTU
2023-06-01,2023-06-01,8,2024-02-01,340945987.3121734,317093731.05559254,11397948.38596953,salvador-IPTU,salvador,IPTU
2023-06-01,2023-06-01,9,2024-03-01,83011395.96234319,91170736.97360484,11397948.38596953,salvador-IPTU,salvador,IPTU
2023-06-01,2023-06-01,10,2024-04-01,90762029.71183957,68493685.10548745,11397948.38596953,salvador-IPTU,salvador,IPTU
2023-06-01,2023-06-01,11,2024-05-01,79993888.20816118,67641477.43426624,11397948.38596953,salvador-IPTU,salvador,IPTU
2023-06-01,2023-06-01,12,2024-06-01,71206487.06124279,66441357.5613274,11397948.38596953,salvador-IPTU,salvador,IPTU
2023-07-01,2023-07-01,1,2023-08-01,71716634.04572195,65480758.30176859,11290860.021179913,salvador-IPTU,salvador,IPTU
2023-07-01,2023-07-01,2,2023-09-01,64678015.45114056,64442655.43267311,11290860.021179913,salvador-IPTU,salvador,IPTU
2023-07-01,2023-07-01,3,2023-10-01,70665245.44717538,66221331.617199786,11290860.021179913,salvador-IPTU,salvador,IPTU
2023-07-01,2023-07-01,4,2023-11-01,64278105.00756604,66459443.313551694,11290860.021179913,salvador-IPTU,salvador,IPTU
2023-07-01,2023-07-01,5,2023-12-01,104574689.04816487,73421481.32506211,11290860.021179913,salvador-IPTU,salvador,IPTU
2023-07-01,2023-07-01,6,2024-01-01,171289802.2674211,74313628.3958973,11290860.021179913,salvador-IPTU,salvador,IPTU
2023-07-01,2023-07-01,7,2024-02-01,340945987.3121734,318186645.4363644,11290860.021179913,salvador-IPTU,salvador,IPTU
2023-07-01,2023-07-01,8,2024-03-01,83011395.96234319,91470244.5541798,11290860.021179913,salvador-IPTU,salvador,IPTU
2023-07-01,2023-07-01,9,2024-04-01,90762029.71183957,68958333.11251365,11290860.021179913,salvador-IPTU,salvador,IPTU
2023-07-01,2023-07-01,10,2024-05-01,79993888.20816118,68077775.96133788,11290860.021179913,salvador-IPTU,salvador,IPTU
2023-07-01,2023-07-01,11,2024-06-01,71206487.06124279,66600637.354783624,11290860.021179913,salvador-IPTU,salvador,IPTU
2023-07-01,2023-07-01,12,2024-07-01,73709055.35130495,72924770.97505942,11290860.021179913,salvador-IPTU,salvador,IPTU
2023-08-01,2023-08-01,1,2023-09-01,64678015.45114056,64411038.301351145,11224480.350017453,salvador-IPTU,salvador,IPTU
2023-08-01,2023-08-01,2,2023-10-01,70665245.44717538,66145161.75604616,11224480.350017453,salvador-IPTU,salvador,IPTU
2023-08-01,2023-08-01,3,2023-11-01,64278105.00756604,66579893.5360311,11224480.350017453,salvador-IPTU,salvador,IPTU
2023-08-01,2023-08-01,4,2023-12-01,104574689.04816487,73497847.36883318,11224480.350017453,salvador-IPTU,salvador,IPTU
2023-08-01,2023-08-01,5,2024-01-01,171289802.2674211,73759589.31604062,11224480.350017453,salvador-IPTU,salvador,IPTU
2023-08-01,2023-08-01,6,2024-02-01,340945987.3121734,318216856.73328006,11224480.350017453,salvador-IPTU,salvador,IPTU
2023-08-01,2023-08-01,7,2024-03-01,83011395.96234319,91642372.81002858,11224480.350017453,salvador-IPTU,salvador,IPTU
2023-08-01,2023-08-01,8,2024-04-01,90762029.71183957,68771263.5914456,11224480.350017453,salvador-IPTU,salvador,IPTU
2023-08-01,2023-08-01,9,2024-05-01,79993888.20816118,67806080.71336907,11224480.350017453,salvador-IPTU,salvador,IPTU
2023-08-01,2023-08-01,10,2024-06-01,71206487.06124279,66670619.9963627,11224480.350017453,salvador-IPTU,salvador,IPTU
2023-08-01,2023-08-01,11,2024-07-01,73709055.35130495,72613342.3098155,11224480.350017453,salvador-IPTU,salvador,IPTU
2023-08-01,2023-08-01,12,2024-08-01,101732876.40822683,66709994.01028253,11224480.350017453,salvador-IPTU,salvador,IPTU
2023-09-01,2023-09-01,1,2023-10-01,70665245.44717538,65825828.44677895,11108559.615474965,salvador-IPTU,salvador,IPTU
2023-09-01,2023-09-01,2,2023-11-01,64278105.00756604,66161425.57175688,11108559.615474965,salvador-IPTU,salvador,IPTU
2023-09-01,2023-09-01,3,2023-12-01,104574689.04816487,73577356.6220554,11108559.615474965,salvador-IPTU,salvador,IPTU
2023-09-01,2023-09-01,4,2024-01-01,171289802.2674211,73805046.55301483,11108559.615474965,salvador-IPTU,salvador,IPTU
2023-09-01,2023-09-01,5,2024-02-01,340945987.3121734,316779987.5351034,11108559.615474965,salvador-IPTU,salvador,IPTU
2023-09-01,2023-09-01,6,2024-03-01,83011395.96234319,90510948.45139444,11108559.615474965,salvador-IPTU,salvador,IPTU
2023-09-01,2023-09-01,7,2024-04-01,90762029.71183957,68927961.33059932,11108559.615474965,salvador-IPTU,salvador,IPTU
2023-09-01,2023-09-01,8,2024-05-01,79993888.20816118,67849738.00563106,11108559.615474965,salvador-IPTU,salvador,IPTU
2023-09-01,2023-09-01,9,2024-06-01,71206487.06124279,66693672.3836969,11108559.615474965,salvador-IPTU,salvador,IPTU
2023-09-01,2023-09-01,10,2024-07-01,73709055.35130495,73005050.54132187,11108559.615474965,salvador-IPTU,salvador,IPTU
2023-09-01,2023-09-01,11,2024-08-01,101732876.40822683,66708317.64563003,11108559.615474965,salvador-IPTU,salvador,IPTU
2023-09-01,2023-09-01,12,2024-09-01,84187344.93966614,65262106.803989545,11108559.615474965,salvador-IPTU,salvador,IPTU
2023-10-01,2023-10-01,1,2023-11-01,64278105.00756604,66816386.8951755,11066729.77404481,salvador-IPTU,salvador,IPTU
2023-10-01,2023-10-01,2,2023-12-01,104574689.04816487,73746607.50139862,11066729.77404481,salvador-IPTU,salvador,IPTU
2023-10-01,2023-10-01,3,2024-01-01,171289802.2674211,74021645.33533788,11066729.77404481,salvador-IPTU,salvador,IPTU
2023-10-01,2023-10-01,4,2024-02-01,340945987.3121734,315098959.2585046,11066729.77404481,salvador-IPTU,salvador,IPTU
2023-10-01,2023-10-01,5,2024-03-01,83011395.96234319,90491710.97807628,11066729.77404481,salvador-IPTU,salvador,IPTU
2023-10-01,2023-10-01,6,2024-04-01,90762029.71183957,68961370.57799976,11066729.77404481,salvador-IPTU,salvador,IPTU
2023-10-01,2023-10-01,7,2024-05-01,79993888.20816118,67802945.83119261,11066729.77404481,salvador-IPTU,salvador,IPTU
2023-10-01,2023-10-01,8,2024-06-01,71206487.06124279,66842650.445155725,11066729.77404481,salvador-IPTU,salvador,IPTU
2023-10-01,2023-10-01,9,2024-07-01,73709055.35130495,73066390.3124937,11066729.77404481,salvador-IPTU,salvador,IPTU
2023-10-01,2023-10-01,10,2024-08-01,101732876.40822683,66880465.12252873,11066729.77404481,salvador-IPTU,salvador,IPTU
2023-10-01,2023-10-01,11,2024-09-01,84187344.93966614,65347308.64400781,11066729.77404481,salvador-IPTU,salvador,IPTU
2023-10-01,2023-10-01,12,2024-10-01,87790278.56480853,67338604.46286502,11066729.77404481,salvador-IPTU,salvador,IPTU
2023-11-01,2023-11-01,1,2023-12-01,104574689.04816487,73680949.64978299,10968779.54399898,salvador-IPTU,salvador,IPTU
2023-11-01,2023-11-01,2,2024-01-01,171289802.2674211,74058489.17990518,10968779.54399898,salvador-IPTU,salvador,IPTU
2023-11-01,2023-11-01,3,2024-02-01,340945987.3121734,319150823.4355944,10968779.54399898,salvador-IPTU,salvador,IPTU
2023-11-01,2023-11-01,4,2024-03-01,83011395.96234319,90229461.82772058,10968779.54399898,salvador-IPTU,salvador,IPTU
2023-11-01,2023-11-01,5,2024-04-01,90762029.71183957,68763604.19590756,10968779.54399898,salvador-IPTU,salvador,IPTU
2023-11-01,2023-11-01,6,2024-05-01,79993888.20816118,67937553.28742293,10968779.54399898,salvador-IPTU,salvador,IPTU
2023-11-01,2023-11-01,7,2024-06-01,71206487.06124279,66606305.49687086,10968779.54399898,salvador-IPTU,salvador,IPTU
2023-11-01,2023-11-01,8,2024-07-01,73709055.35130495,73147508.76548715,10968779.54399898,salvador-IPTU,salvador,IPTU
2023-11-01,2023-11-01,9,2024-08-01,101732876.40822683,66882415.64848146,10968779.54399898,salvador-IPTU,salvador,IPTU
2023-11-01,2023-11-01,10,2024-09-01,84187344.93966614,65526044.294926845,10968779.54399898,salvador-IPTU,salvador,IPTU
2023-11-01,2023-11-01,11,2024-10-01,87790278.56480853,67209436.92607827,10968779.54399898,salvador-IPTU,salvador,IPTU
2023-11-01,2023-11-01,12,2024-11-01,62217090.58048794,67039413.274526566,10968779.54399898,salvador-IPTU,salvador,IPTU
2023-12-01,2023-12-01,1,2024-01-01,171289802.2674211,74542730.60867657,11268865.654374084,salvador-IPTU,salvador,IPTU
2023-12-01,2023-12-01,2,2024-02-01,340945987.3121734,315139145.9982176,11268865.654374084,salvador-IPTU,salvador,IPTU
2023-12-01,2023-12-01,3,2024-03-01,83011395.96234319,91013992.1362426,11268865.654374084,salvador-IPTU,salvador,IPTU
2023-12-01,2023-12-01,4,2024-04-01,90762029.71183957,69349592.28241596,11268865.654374084,salvador-IPTU,salvador,IPTU
2023-12-01,2023-12-01,5,2024-05-01,79993888.20816118,68307809.90366066,11268865.654374084,salvador-IPTU,salvador,IPTU
2023-12-01,2023-12-01,6,2024-06-01,71206487.06124279,67503280.11849536,11268865.654374084,salvador-IPTU,salvador,IPTU
2023-12-01,2023-12-01,7,2024-07-01,73709055.35130495,73457138.11618441,11268865.654374084,salvador-IPTU,salvador,IPTU
2023-12-01,2023-12-01,8,2024-08-01,101732876.40822683,67377562.19242644,11268865.654374084,salvador-IPTU,salvador,IPTU
2023-12-01,2023-12-01,9,2024-09-01,84187344.93966614,65867802.466702744,11268865.654374084,salvador-IPTU,salvador,IPTU
2023-12-01,2023-12-01,10,2024-10-01,87790278.56480853,67757664.45018059,11268865.654374084,salvador-IPTU,salvador,IPTU
2023-12-01,2023-12-01,11,2024-11-01,62217090.58048794,67379653.08191502,11268865.654374084,salvador-IPTU,salvador,IPTU
2023-12-01,2023-12-01,12,2024-12-01,79938734.8290157,78171065.68026191,11268865.654374084,salvador-IPTU,salvador,IPTU
2024-01-01,2024-01-01,1,2024-02-01,340945987.3121734,301744219.4552201,12177919.9272956,salvador-IPTU,salvador,IPTU
2024-01-01,2024-01-01,2,2024-03-01,83011395.96234319,92816417.08926843,12177919.9272956,salvador-IPTU,salvador,IPTU
2024-01-01,2024-01-01,3,2024-04-01,90762029.71183957,71470065.42678523,12177919.9272956,salvador-IPTU,salvador,IPTU
2024-01-01,2024-01-01,4,2024-05-01,79993888.20816118,70381757.93248913,12177919.9272956,salvador-IPTU,salvador,IPTU
2024-01-01,2024-01-01,5,2024-06-01,71206487.06124279,68990525.23602588,12177919.9272956,salvador-IPTU,salvador,IPTU
2024-01-01,2024-01-01,6,2024-07-01,73709055.35130495,75204383.26193054,12177919.9272956,salvador-IPTU,salvador,IPTU
2024-01-01,2024-01-01,7,2024-08-01,101732876.40822683,69300566.94129252,12177919.9272956,salvador-IPTU,salvador,IPTU
2024-01-01,2024-01-01,8,2024-09-01,84187344.93966614,68164253.99426779,12177919.9272956,salvador-IPTU,salvador,IPTU
2024-01-01,2024-01-01,9,2024-10-01,87790278.56480853,69572716.86480409,12177919.9272956,salvador-IPTU,salvador,IPTU
2024-01-01,2024-01-01,10,2024-11-01,62217090.58048794,69894740.65134406,12177919.9272956,salvador-IPTU,salvador,IPTU
2024-01-01,2024-01-01,11,2024-12-01,79938734.8290157,80121845.82251826,12177919.9272956,salvador-IPTU,salvador,IPTU
2024-01-01,2024-01-01,12,2025-01-01,76872966.26960947,90345485.53255846,12177919.9272956,salvador-IPTU,salvador,IPTU
2024-02-01,2024-02-01,1,2024-03-01,83011395.96234319,93918563.65222432,12346168.885863764,salvador-IPTU,salvador,IPTU
2024-02-01,2024-02-01,2,2024-04-01,90762029.71183957,72412957.88886756,12346168.885863764,salvador-IPTU,salvador,IPTU
2024-02-01,2024-02-01,3,2024-05-01,79993888.20816118,71551436.22505645,12346168.885863764,salvador-IPTU,salvador,IPTU
2024-02-01,2024-02-01,4,2024-06-01,71206487.06124279,71110408.17485908,12346168.885863764,salvador-IPTU,salvador,IPTU
2024-02-01,2024-02-01,5,2024-07-01,73709055.35130495,76216601.76043129,12346168.885863764,salvador-IPTU,salvador,IPTU
2024-02-01,2024-02-01,6,2024-08-01,101732876.40822683,70451164.90789731,12346168.885863764,salvador-IPTU,salvador,IPTU
2024-02-01,2024-02-01,7,2024-09-01,84187344.93966614,69592293.09330949,12346168.885863764,salvador-IPTU,salvador,IPTU
2024-02-01,2024-02-01,8,2024-10-01,87790278.56480853,71843642.67792034,12346168.885863764,salvador-IPTU,salvador,IPTU
2024-02-01,2024-02-01,9,2024-11-01,62217090.58048794,71358521.14904098,12346168.885863764,salvador-IPTU,salvador,IPTU
2024-02-01,2024-02-01,10,2024-12-01,79938734.8290157,81503981.74172463,12346168.885863764,salvador-IPTU,salvador,IPTU
2024-02-01,2024-02-01,11,2025-01-01,76872966.26960947,91520582.3315851,12346168.885863764,salvador-IPTU,salvador,IPTU
2024-02-01,2024-02-01,12,2025-02-01,357310287.70151484,303137404.9284966,12346168.885863764,salvador-IPTU,salvador,IPTU
2024-03-01,2024-03-01,1,2024-04-01,90762029.71183957,73632424.07265572,12248232.986464154,salvador-IPTU,salvador,IPTU
2024-03-01,2024-03-01,2,2024-05-01,79993888.20816118,72752842.81748505,12248232.986464154,salvador-IPTU,salvador,IPTU
2024-03-01,2024-03-01,3,2024-06-01,71206487.06124279,71698330.70815192,12248232.986464154,salvador-IPTU,salvador,IPTU
2024-03-01,2024-03-01,4,2024-07-01,73709055.35130495,77723427.87424223,12248232.986464154,salvador-IPTU,salvador,IPTU
2024-03-01,2024-03-01,5,2024-08-01,101732876.40822683,71564638.92336576,12248232.986464154,salvador-IPTU,salvador,IPTU
2024-03-01,2024-03-01,6,2024-09-01,84187344.93966614,70188808.7324058,12248232.986464154,salvador-IPTU,salvador,IPTU
2024-03-01,2024-03-01,7,2024-10-01,87790278.56480853,72714954.96937831,12248232.986464154,salvador-IPTU,salvador,IPTU
2024-03-01,2024-03-01,8,2024-11-01,62217090.58048794,72240294.8020743,12248232.986464154,salvador-IPTU,salvador,IPTU
2024-03-01,2024-03-01,9,2024-12-01,79938734.8290157,82590196.21856591,12248232.986464154,salvador-IPTU,salvador,IPTU
2024-03-01,2024-03-01,10,2025-01-01,76872966.26960947,91943810.29705273,12248232.986464154,salvador-IPTU,salvador,IPTU
2024-03-01,2024-03-01,11,2025-02-01,357310287.70151484,303036279.28664005,12248232.986464154,salvador-IPTU,salvador,IPTU
2024-03-01,2024-03-01,12,2025-03-01,74202146.27427402,97062648.15917294,12248232.986464154,salvador-IPTU,salvador,IPTU
2024-04-01,2024-04-01,1,2024-05-01,79993888.20816118,70971809.107799,12353340.720744152,salvador-IPTU,salvador,IPTU
2024-04-01,2024-04-01,2,2024-06-01,71206487.06124279,70240699.03611445,12353340.720744152,salvador-IPTU,salvador,IPTU
2024-04-01,2024-04-01,3,2024-07-01,73709055.35130495,76448271.30024773,12353340.720744152,salvador-IPTU,salvador,IPTU
2024-04-01,2024-04-01,4,2024-08-01,101732876.40822683,70628617.5972611,12353340.720744152,salvador-IPTU,salvador,IPTU
2024-04-01,2024-04-01,5,2024-09-01,84187344.93966614,69334451.726491,12353340.720744152,salvador-IPTU,salvador,IPTU
2024-04-01,2024-04-01,6,2024-10-01,87790278.56480853,71284009.1661065,12353340.720744152,salvador-IPTU,salvador,IPTU
2024-04-01,2024-04-01,7,2024-11-01,62217090.58048794,71106920.34072103,12353340.720744152,salvador-IPTU,salvador,IPTU
2024-04-01,2024-04-01,8,2024-12-01,79938734.8290157,81328695.09050106,12353340.720744152,salvador-IPTU,salvador,IPTU
2024-04-01,2024-04-01,9,2025-01-01,76872966.26960947,90992414.4893,12353340.720744152,salvador-IPTU,salvador,IPTU
2024-04-01,2024-04-01,10,2025-02-01,357310287.70151484,305722428.15389067,12353340.720744152,salvador-IPTU,salvador,IPTU
2024-04-01,2024-04-01,11,2025-03-01,74202146.27427402,96568865.31919019,12353340.720744152,salvador-IPTU,salvador,IPTU
2024-04-01,2024-04-01,12,2025-04-01,74811908.70994155,76076799.23238389,12353340.720744152,salvador-IPTU,salvador,IPTU
2024-05-01,2024-05-01,1,2024-06-01,71206487.06124279,72166429.6894227,12240270.315462716,salvador-IPTU,salvador,IPTU
2024-05-01,2024-05-01,2,2024-07-01,73709055.35130495,78075193.3380163,12240270.315462716,salvador-IPTU,salvador,IPTU
2024-05-01,2024-05-01,3,2024-08-01,101732876.40822683,71760697.8750103,12240270.315462716,salvador-IPTU,salvador,IPTU
2024-05-01,2024-05-01,4,2024-09-01,84187344.93966614,71502850.03971648,12240270.315462716,salvador-IPTU,salvador,IPTU
2024-05-01,2024-05-01,5,2024-10-01,87790278.56480853,72506956.15525994,12240270.315462716,salvador-IPTU,salvador,IPTU
2024-05-01,2024-05-01,6,2024-11-01,62217090.58048794,72741816.24957898,12240270.315462716,salvador-IPTU,salvador,IPTU
2024-05-01,2024-05-01,7,2024-12-01,79938734.8290157,82735360.52946107,12240270.315462716,salvador-IPTU,salvador,IPTU
2024-05-01,2024-05-01,8,2025-01-01,76872966.26960947,92846264.91526283,12240270.315462716,salvador-IPTU,salvador,IPTU
2024-05-01,2024-05-01,9,2025-02-01,357310287.70151484,303645570.1941091,12240270.315462716,salvador-IPTU,salvador,IPTU
2024-05-01,2024-05-01,10,2025-03-01,74202146.27427402,98148710.9814086,12240270.315462716,salvador-IPTU,salvador,IPTU
2024-05-01,2024-05-01,11,2025-04-01,74811908.70994155,77751528.29434888,12240270.315462716,salvador-IPTU,salvador,IPTU
2024-05-01,2024-05-01,12,2025-05-01,72101614.35445404,76111641.45047379,12240270.315462716,salvador-IPTU,salvador,IPTU
2024-06-01,2024-06-01,1,2024-07-01,73709055.35130495,76378504.78141543,12132646.529174611,salvador-IPTU,salvador,IPTU
2024-06-01,2024-06-01,2,2024-08-01,101732876.40822683,69949967.54408279,12132646.529174611,salvador-IPTU,salvador,IPTU
2024-06-01,2024-06-01,3,2024-09-01,84187344.93966614,68897718.0074051,12132646.529174611,salvador-IPTU,salvador,IPTU
2024-06-01,2024-06-01,4,2024-10-01,87790278.56480853,69777204.58254755,12132646.529174611,salvador-IPTU,salvador,IPTU
2024-06-01,2024-06-01,5,2024-11-01,62217090.58048794,70786137.63428323,12132646.529174611,salvador-IPTU,salvador,IPTU
2024-06-01,2024-06-01,6,2024-12-01,79938734.8290157,80423933.44783202,12132646.529174611,salvador-IPTU,salvador,IPTU
2024-06-01,2024-06-01,7,2025-01-01,76872966.26960947,90718247.73278923,12132646.529174611,salvador-IPTU,salvador,IPTU
2024-06-01,2024-06-01,8,2025-02-01,357310287.70151484,303018729.36307526,12132646.529174611,salvador-IPTU,salvador,IPTU
2024-06-01,2024-06-01,9,2025-03-01,74202146.27427402,95715608.7814976,12132646.529174611,salvador-IPTU,salvador,IPTU
2024-06-01,2024-06-01,10,2025-04-01,74811908.70994155,75541314.45224184,12132646.529174611,salvador-IPTU,salvador,IPTU
2024-06-01,2024-06-01,11,2025-05-01,72101614.35445404,74131464.66237082,12132646.529174611,salvador-IPTU,salvador,IPTU
2024-06-01,2024-06-01,12,2025-06-01,65029224.51471878,72430307.68072946,12132646.529174611,salvador-IPTU,salvador,IPTU
2024-07-01,2024-07-01,1,2024-08-01,101732876.40822683,69523115.79478608,12066138.710854037,salvador-IPTU,salvador,IPTU
2024-07-01,2024-07-01,2,2024-09-01,84187344.93966614,68818050.32164411,12066138.710854037,salvador-IPTU,salvador,IPTU
2024-07-01,2024-07-01,3,2024-10-01,87790278.56480853,70119572.88489357,12066138.710854037,salvador-IPTU,salvador,IPTU
2024-07-01,2024-07-01,4,2024-11-01,62217090.58048794,70609615.57993555,12066138.710854037,salvador-IPTU,salvador,IPTU
2024-07-01,2024-07-01,5,2024-12-01,79938734.8290157,80905148.50282799,12066138.710854037,salvador-IPTU,salvador,IPTU
2024-07-01,2024-07-01,6,2025-01-01,76872966.26960947,90619536.79983602,12066138.710854037,salvador-IPTU,salvador,IPTU
2024-07-01,2024-07-01,7,2025-02-01,357310287.70151484,305545581.3279728,12066138.710854037,salvador-IPTU,salvador,IPTU
2024-07-01,2024-07-01,8,2025-03-01,74202146.27427402,94388010.73660094,12066138.710854037,salvador-IPTU,salvador,IPTU
2024-07-01,2024-07-01,9,2025-04-01,74811908.70994155,75506638.78186062,12066138.710854037,salvador-IPTU,salvador,IPTU
2024-07-01,2024-07-01,10,2025-05-01,72101614.35445404,73461394.97780225,12066138.710854037,salvador-IPTU,salvador,IPTU
2024-07-01,2024-07-01,11,2025-06-01,65029224.51471878,72227860.60448053,12066138.710854037,salvador-IPTU,salvador,IPTU
2024-07-01,2024-07-01,12,2025-07-01,73109536.2810681,78570417.5046369,12066138.710854037,salvador-IPTU,salvador,IPTU
2024-08-01,2024-08-01,1,2024-09-01,84187344.93966614,72148797.7736449,12238735.861350678,salvador-IPTU,salvador,IPTU
2024-08-01,2024-08-01,2,2024-10-01,87790278.56480853,73374267.51096933,12238735.861350678,salvador-IPTU,salvador,IPTU
2024-08-01,2024-08-01,3,2024-11-01,62217090.58048794,73842509.93742934,12238735.861350678,salvador-IPTU,salvador,IPTU
2024-08-01,2024-08-01,4,2024-12-01,79938734.8290157,83913514.34245354,12238735.861350678,salvador-IPTU,salvador,IPTU
2024-08-01,2024-08-01,5,2025-01-01,76872966.26960947,93831793.83272845,12238735.861350678,salvador-IPTU,salvador,IPTU
2024-08-01,2024-08-01,6,2025-02-01,357310287.70151484,306045863.44357765,12238735.861350678,salvador-IPTU,salvador,IPTU
2024-08-01,2024-08-01,7,2025-03-01,74202146.27427402,97471655.07350808,12238735.861350678,salvador-IPTU,salvador,IPTU
2024-08-01,2024-08-01,8,2025-04-01,74811908.70994155,78492627.14128366,12238735.861350678,salvador-IPTU,salvador,IPTU
2024-08-01,2024-08-01,9,2025-05-01,72101614.35445404,76748786.93235269,12238735.861350678,salvador-IPTU,salvador,IPTU
2024-08-01,2024-08-01,10,2025-06-01,65029224.51471878,75344264.34485026,12238735.861350678,salvador-IPTU,salvador,IPTU
2024-08-01,2024-08-01,11,2025-07-01,73109536.2810681,81022389.41316412,12238735.861350678,salvador-IPTU,salvador,IPTU
2024-08-01,2024-08-01,12,2025-08-01,72024794.89278775,77625217.52760904,12238735.861350678,salvador-IPTU,salvador,IPTU
2024-09-01,2024-09-01,1,2024-10-01,87790278.56480853,76677724.53017275,12307979.610180916,salvador-IPTU,salvador,IPTU
2024-09-01,2024-09-01,2,2024-11-01,62217090.58048794,76748619.93522188,12307979.610180916,salvador-IPTU,salvador,IPTU
2024-09-01,2024-09-01,3,2024-12-01,79938734.8290157,87168072.70180617,12307979.610180916,salvador-IPTU,salvador,IPTU
2024-09-01,2024-09-01,4,2025-01-01,76872966.26960947,96744871.43541571,12307979.610180916,salvador-IPTU,salvador,IPTU
2024-09-01,2024-09-01,5,2025-02-01,357310287.70151484,309840116.6533671,12307979.610180916,salvador-IPTU,salvador,IPTU
2024-09-01,2024-09-01,6,2025-03-01,74202146.27427402,100285164.84563649,12307979.610180916,salvador-IPTU,salvador,IPTU
2024-09-01,2024-09-01,7,2025-04-01,74811908.70994155,80969535.47136188,12307979.610180916,salvador-IPTU,salvador,IPTU
2024-09-01,2024-09-01,8,2025-05-01,72101614.35445404,79214219.19890042,12307979.610180916,salvador-IPTU,salvador,IPTU
2024-09-01,2024-09-01,9,2025-06-01,65029224.51471878,77913866.40821281,12307979.610180916,salvador-IPTU,salvador,IPTU
2024-09-01,2024-09-01,10,2025-07-01,73109536.2810681,83638784.72573172,12307979.610180916,salvador-IPTU,salvador,IPTU
2024-09-01,2024-09-01,11,2025-08-01,72024794.89278775,80045914.0148611,12307979.610180916,salvador-IPTU,salvador,IPTU
2024-09-01,2024-09-01,12,2025-09-01,77720211.54924531,77989573.68196619,12307979.610180916,salvador-IPTU,salvador,IPTU
2024-10-01,2024-10-01,1,2024-11-01,62217090.58048794,79774795.314566,12353423.511194617,salvador-IPTU,salvador,IPTU
2024-10-01,2024-10-01,2,2024-12-01,79938734.8290157,89571717.49378188,12353423.511194617,salvador-IPTU,salvador,IPTU
2024-10-01,2024-10-01,3,2025-01-01,76872966.26960947,99052868.97765738,12353423.511194617,salvador-IPTU,salvador,IPTU
2024-10-01,2024-10-01,4,2025-02-01,357310287.70151484,313911889.86196345,12353423.511194617,salvador-IPTU,salvador,IPTU
2024-10-01,2024-10-01,5,2025-03-01,74202146.27427402,103407192.35270046,12353423.511194617,salvador-IPTU,salvador,IPTU
2024-10-01,2024-10-01,6,2025-04-01,74811908.70994155,83222424.963857,12353423.511194617,salvador-IPTU,salvador,IPTU
2024-10-01,2024-10-01,7,2025-05-01,72101614.35445404,81456729.00282916,12353423.511194617,salvador-IPTU,salvador,IPTU
2024-10-01,2024-10-01,8,2025-06-01,65029224.51471878,79935514.67938809,12353423.511194617,salvador-IPTU,salvador,IPTU
2024-10-01,2024-10-01,9,2025-07-01,73109536.2810681,85243815.42915483,12353423.511194617,salvador-IPTU,salvador,IPTU
2024-10-01,2024-10-01,10,2025-08-01,72024794.89278775,82066503.95356326,12353423.511194617,salvador-IPTU,salvador,IPTU
2024-10-01,2024-10-01,11,2025-09-01,77720211.54924531,79888818.28116608,12353423.511194617,salvador-IPTU,salvador,IPTU
2024-10-01,2024-10-01,12,2025-10-01,69023680.11592714,81761346.76028956,12353423.511194617,salvador-IPTU,salvador,IPTU
2024-11-01,2024-11-01,1,2024-12-01,79938734.8290157,84911064.29014157,12257232.772090722,salvador-IPTU,salvador,IPTU
2024-11-01,2024-11-01,2,2025-01-01,76872966.26960947,95168241.66027611,12257232.772090722,salvador-IPTU,salvador,IPTU
2024-11-01,2024-11-01,3,2025-02-01,357310287.70151484,309423467.0182022,12257232.772090722,salvador-IPTU,salvador,IPTU
2024-11-01,2024-11-01,4,2025-03-01,74202146.27427402,96433729.12043095,12257232.772090722,salvador-IPTU,salvador,IPTU
2024-11-01,2024-11-01,5,2025-04-01,74811908.70994155,79575885.46659876,12257232.772090722,salvador-IPTU,salvador,IPTU
2024-11-01,2024-11-01,6,2025-05-01,72101614.35445404,78020612.65681525,12257232.772090722,salvador-IPTU,salvador,IPTU
2024-11-01,2024-11-01,7,2025-06-01,65029224.51471878,76585370.44002974,12257232.772090722,salvador-IPTU,salvador,IPTU
2024-11-01,2024-11-01,8,2025-07-01,73109536.2810681,82136373.05764742,12257232.772090722,salvador-IPTU,salvador,IPTU
2024-11-01,2024-11-01,9,2025-08-01,72024794.89278775,78801672.16001886,12257232.772090722,salvador-IPTU,salvador,IPTU
2024-11-01,2024-11-01,10,2025-09-01,77720211.54924531,76465720.58029677,12257232.772090722,salvador-IPTU,salvador,IPTU
2024-11-01,2024-11-01,11,2025-10-01,69023680.11592714,78147259.22333291,12257232.772090722,salvador-IPTU,salvador,IPTU
2024-11-01,2024-11-01,12,2025-11-01,69525795.59107803,76779530.13014416,12257232.772090722,salvador-IPTU,salvador,IPTU
2024-12-01,2024-12-01,1,2025-01-01,76872966.26960947,95048087.15298522,12371850.563267188,salvador-IPTU,salvador,IPTU
2024-12-01,2024-12-01,2,2025-02-01,357310287.70151484,308360915.2624087,12371850.563267188,salvador-IPTU,salvador,IPTU
2024-12-01,2024-12-01,3,2025-03-01,74202146.27427402,97644827.82172398,12371850.563267188,salvador-IPTU,salvador,IPTU
2024-12-01,2024-12-01,4,2025-04-01,74811908.70994155,79538525.71331607,12371850.563267188,salvador-IPTU,salvador,IPTU
2024-12-01,2024-12-01,5,2025-05-01,72101614.35445404,77790594.74145995,12371850.563267188,salvador-IPTU,salvador,IPTU
2024-12-01,2024-12-01,6,2025-06-01,65029224.51471878,76264788.87769163,12371850.563267188,salvador-IPTU,salvador,IPTU
2024-12-01,2024-12-01,7,2025-07-01,73109536.2810681,82033581.31962752,12371850.563267188,salvador-IPTU,salvador,IPTU
2024-12-01,2024-12-01,8,2025-08-01,72024794.89278775,78594986.63392773,12371850.563267188,salvador-IPTU,salvador,IPTU
2024-12-01,2024-12-01,9,2025-09-01,77720211.54924531,76419072.11763012,12371850.563267188,salvador-IPTU,salvador,IPTU
2024-12-01,2024-12-01,10,2025-10-01,69023680.11592714,77770826.20135395,12371850.563267188,salvador-IPTU,salvador,IPTU
2024-12-01,2024-12-01,11,2025-11-01,69525795.59107803,76717035.88268813,12371850.563267188,salvador-IPTU,salvador,IPTU
2024-12-01,2024-12-01,12,2025-12-01,133086096.84,86956185.28951283,12371850.563267188,salvador-IPTU,salvador,IPTU
2025-01-01,2025-01-01,1,2025-02-01,357310287.70151484,310818152.55477524,13124556.851657504,salvador-IPTU,salvador,IPTU
2025-01-01,2025-01-01,2,2025-03-01,74202146.27427402,96789221.27676055,13124556.851657504,salvador-IPTU,salvador,IPTU
2025-01-01,2025-01-01,3,2025-04-01,74811908.70994155,79236325.28286871,13124556.851657504,salvador-IPTU,salvador,IPTU
2025-01-01,2025-01-01,4,2025-05-01,72101614.35445404,77406570.5589356,13124556.851657504,salvador-IPTU,salvador,IPTU
2025-01-01,2025-01-01,5,2025-06-01,65029224.51471878,75920836.68393737,13124556.851657504,salvador-IPTU,salvador,IPTU
2025-01-01,2025-01-01,6,2025-07-01,73109536.2810681,81511219.90150163,13124556.851657504,salvador-IPTU,salvador,IPTU
2025-01-01,2025-01-01,7,2025-08-01,72024794.89278775,78132285.13424885,13124556.851657504,salvador-IPTU,salvador,IPTU
2025-01-01,2025-01-01,8,2025-09-01,77720211.54924531,75796153.19278026,13124556.851657504,salvador-IPTU,salvador,IPTU
2025-01-01,2025-01-01,9,2025-10-01,69023680.11592714,77330054.73751788,13124556.851657504,salvador-IPTU,salvador,IPTU
2025-01-01,2025-01-01,10,2025-11-01,69525795.59107803,76263014.6466039,13124556.851657504,salvador-IPTU,salvador,IPTU
2025-01-01,2025-01-01,11,2025-12-01,133086096.84,86371173.6320419,13124556.851657504,salvador-IPTU,salvador,IPTU
2025-02-01,2025-02-01,1,2025-03-01,74202146.27427402,99928112.68124448,13154009.065636449,salvador-IPTU,salvador,IPTU
2025-02-01,2025-02-01,2,2025-04-01,74811908.70994155,81451217.82007939,13154009.065636449,salvador-IPTU,salvador,IPTU
2025-02-01,2025-02-01,3,2025-05-01,72101614.35445404,79801349.61014429,13154009.065636449,salvador-IPTU,salvador,IPTU
2025-02-01,2025-02-01,4,2025-06-01,65029224.51471878,78019873.56841186,13154009.065636449,salvador-IPTU,salvador,IPTU
2025-02-01,2025-02-01,5,2025-07-01,73109536.2810681,83539002.84099069,13154009.065636449,salvador-IPTU,salvador,IPTU
2025-02-01,2025-02-01,6,2025-08-01,72024794.89278775,80188811.29626106,13154009.065636449,salvador-IPTU,salvador,IPTU
2025-02-01,2025-02-01,7,2025-09-01,77720211.54924531,78161613.31049383,13154009.065636449,salvador-IPTU,salvador,IPTU
2025-02-01,2025-02-01,8,2025-10-01,69023680.11592714,79602953.35113463,13154009.065636449,salvador-IPTU,salvador,IPTU
2025-02-01,2025-02-01,9,2025-11-01,69525795.59107803,78535787.85284194,13154009.065636449,salvador-IPTU,salvador,IPTU
2025-02-01,2025-02-01,10,2025-12-01,133086096.84,88430690.95610996,13154009.065636449,salvador-IPTU,salvador,IPTU
2025-03-01,2025-03-01,1,2025-04-01,74811908.70994155,79267548.26335146,13114867.089261968,salvador-IPTU,salvador,IPTU
2025-03-01,2025-03-01,2,2025-05-01,72101614.35445404,77774915.1468941,13114867.089261968,salvador-IPTU,salvador,IPTU
2025-03-01,2025-03-01,3,2025-06-01,65029224.51471878,75760837.38368776,13114867.089261968,salvador-IPTU,salvador,IPTU
2025-03-01,2025-03-01,4,2025-07-01,73109536.2810681,81673231.25313412,13114867.089261968,salvador-IPTU,salvador,IPTU
2025-03-01,2025-03-01,5,2025-08-01,72024794.89278775,78179523.33516385,13114867.089261968,salvador-IPTU,salvador,IPTU
2025-03-01,2025-03-01,6,2025-09-01,77720211.54924531,75823237.46140368,13114867.089261968,salvador-IPTU,salvador,IPTU
2025-03-01,2025-03-01,7,2025-10-01,69023680.11592714,77262999.2670111,13114867.089261968,salvador-IPTU,salvador,IPTU
2025-03-01,2025-03-01,8,2025-11-01,69525795.59107803,75993079.21851042,13114867.089261968,salvador-IPTU,salvador,IPTU
2025-03-01,2025-03-01,9,2025-12-01,133086096.84,86634877.89114742,13114867.089261968,salvador-IPTU,salvador,IPTU
2025-04-01,2025-04-01,1,2025-05-01,72101614.35445404,76936341.50749779,13140181.85633908,salvador-IPTU,salvador,IPTU
2025-04-01,2025-04-01,2,2025-06-01,65029224.51471878,75409726.10934022,13140181.85633908,salvador-IPTU,salvador,IPTU
2025-04-01,2025-04-01,3,2025-07-01,73109536.2810681,81167152.88806038,13140181.85633908,salvador-IPTU,salvador,IPTU
2025-04-01,2025-04-01,4,2025-08-01,72024794.89278775,77901481.8617467,13140181.85633908,salvador-IPTU,salvador,IPTU
2025-04-01,2025-04-01,5,2025-09-01,77720211.54924531,75501194.74965876,13140181.85633908,salvador-IPTU,salvador,IPTU
2025-04-01,2025-04-01,6,2025-10-01,69023680.11592714,77112756.39554588,13140181.85633908,salvador-IPTU,salvador,IPTU
2025-04-01,2025-04-01,7,2025-11-01,69525795.59107803,75816959.42240766,13140181.85633908,salvador-IPTU,salvador,IPTU
2025-04-01,2025-04-01,8,2025-12-01,133086096.84,86165251.02738759,13140181.85633908,salvador-IPTU,salvador,IPTU
2025-05-01,2025-05-01,1,2025-06-01,65029224.51471878,74987802.37823738,13093740.192598974,salvador-IPTU,salvador,IPTU
2025-05-01,2025-05-01,2,2025-07-01,73109536.2810681,80870817.18326868,13093740.192598974,salvador-IPTU,salvador,IPTU
2025-05-01,2025-05-01,3,2025-08-01,72024794.89278775,77526663.8324468,13093740.192598974,salvador-IPTU,salvador,IPTU
2025-05-01,2025-05-01,4,2025-09-01,77720211.54924531,74876207.01076926,13093740.192598974,salvador-IPTU,salvador,IPTU
2025-05-01,2025-05-01,5,2025-10-01,69023680.11592714,76729145.63924156,13093740.192598974,salvador-IPTU,salvador,IPTU
2025-05-01,2025-05-01,6,2025-11-01,69525795.59107803,75394466.2161003,13093740.192598974,salvador-IPTU,salvador,IPTU
2025-05-01,2025-05-01,7,2025-12-01,133086096.84,85734754.83747679,13093740.192598974,salvador-IPTU,salvador,IPTU
2025-06-01,2025-06-01,1,2025-07-01,73109536.2810681,80568721.10598531,13033069.336054457,salvador-IPTU,salvador,IPTU
2025-06-01,2025-06-01,2,2025-08-01,72024794.89278775,77049806.96993957,13033069.336054457,salvador-IPTU,salvador,IPTU
2025-06-01,2025-06-01,3,2025-09-01,77720211.54924531,74614036.35212883,13033069.336054457,salvador-IPTU,salvador,IPTU
2025-06-01,2025-06-01,4,2025-10-01,69023680.11592714,76224013.27940871,13033069.336054457,salvador-IPTU,salvador,IPTU
2025-06-01,2025-06-01,5,2025-11-01,69525795.59107803,74763050.20463952,13033069.336054457,salvador-IPTU,salvador,IPTU
2025-06-01,2025-06-01,6,2025-12-01,133086096.84,85274240.66552716,13033069.336054457,salvador-IPTU,salvador,IPTU
2025-07-01,2025-07-01,1,2025-08-01,72024794.89278775,77003020.29334795,12924951.507656043,salvador-IPTU,salvador,IPTU
2025-07-01,2025-07-01,2,2025-09-01,77720211.54924531,74461342.99818604,12924951.507656043,salvador-IPTU,salvador,IPTU
2025-07-01,2025-07-01,3,2025-10-01,69023680.11592714,75788900.67845757,12924951.507656043,salvador-IPTU,salvador,IPTU
2025-07-01,2025-07-01,4,2025-11-01,69525795.59107803,74421662.98745045,12924951.507656043,salvador-IPTU,salvador,IPTU
2025-07-01,2025-07-01,5,2025-12-01,133086096.84,85048646.84969455,12924951.507656043,salvador-IPTU,salvador,IPTU
2025-08-01,2025-08-01,1,2025-09-01,77720211.54924531,73945426.75552863,13069633.662895553,salvador-IPTU,salvador,IPTU
2025-08-01,2025-08-01,2,2025-10-01,69023680.11592714,75505893.01744094,13069633.662895553,salvador-IPTU,salvador,IPTU
2025-08-01,2025-08-01,3,2025-11-01,69525795.59107803,74144768.54964185,13069633.662895553,salvador-IPTU,salvador,IPTU
2025-08-01,2025-08-01,4,2025-12-01,133086096.84,84660552.52878645,13069633.662895553,salvador-IPTU,salvador,IPTU
2025-09-01,2025-09-01,1,2025-10-01,69023680.11592714,74796699.2945874,13013202.036635086,salvador-IPTU,salvador,IPTU
2025-09-01,2025-09-01,2,2025-11-01,69525795.59107803,73353799.84049603,13013202.036635086,salvador-IPTU,salvador,IPTU
2025-09-01,2025-09-01,3,2025-12-01,133086096.84,83852265.36662592,13013202.036635086,salvador-IPTU,salvador,IPTU
2025-10-01,2025-10-01,1,2025-11-01,69525795.59107803,73866601.22436136,13061959.633349037,salvador-IPTU,salvador,IPTU
2025-10-01,2025-10-01,2,2025-12-01,133086096.84,84281479.09586687,13061959.633349037,salvador-IPTU,salvador,IPTU
2025-11-01,2025-11-01,1,2025-12-01,133086096.84,85239139.32423697,13013612.955846861,salvador-IPTU,salvador,IPTU
2020-12-01,2020-12-01,1,2021-01-01,106606457.19607326,119396614.9923017,9594906.942543963,salvador-ISSQN,salvador,ISSQN
2020-12-01,2020-12-01,2,2021-02-01,114204022.76247141,121018367.98900455,9594906.942543963,salvador-ISSQN,salvador,ISSQN
2020-12-01,2020-12-01,3,2021-03-01,120896788.44024572,133433295.55361713,9594906.942543963,salvador-ISSQN,salvador,ISSQN
2020-12-01,2020-12-01,4,2021-04-01,114103811.56111069,125286298.71875125,9594906.942543963,salvador-ISSQN,salvador,ISSQN
2020-12-01,2020-12-01,5,2021-05-01,113131968.70718983,128088380.60060544,9594906.942543963,salvador-ISSQN,salvador,ISSQN
2020-12-01,2020-12-01,6,2021-06-01,116471904.49873734,122346044.28981811,9594906.942543963,salvador-ISSQN,salvador,ISSQN
2020-12-01,2020-12-01,7,2021-07-01,130256096.11011124,123845850.43659432,9594906.942543963,salvador-ISSQN,salvador,ISSQN
2020-12-01,2020-12-01,8,2021-08-01,155566183.28985867,124129955.42245495,9594906.942543963,salvador-ISSQN,salvador,ISSQN
2020-12-01,2020-12-01,9,2021-09-01,137803337.4548178,133588504.43445447,9594906.942543963,salvador-ISSQN,salvador,ISSQN
2020-12-01,2020-12-01,10,2021-10-01,133191157.75487636,127870043.70484477,9594906.942543963,salvador-ISSQN,salvador,ISSQN
2020-12-01,2020-12-01,11,2021-11-01,144735405.66712868,127799709.06101945,9594906.942543963,salvador-ISSQN,salvador,ISSQN
2020-12-01,2020-12-01,12,2021-12-01,173727685.14791396,159783737.89925632,9594906.942543963,salvador-ISSQN,salvador,ISSQN
2021-01-01,2021-01-01,1,2021-02-01,114204022.76247141,117508594.92975624,9760599.940792616,salvador-ISSQN,salvador,ISSQN
2021-01-01,2021-01-01,2,2021-03-01,120896788.44024572,128749800.64441101,9760599.940792616,salvador-ISSQN,salvador,ISSQN
2021-01-01,2021-01-01,3,2021-04-01,114103811.56111069,122557238.52293748,9760599.940792616,salvador-ISSQN,salvador,ISSQN
2021-01-01,2021-01-01,4,2021-05-01,113131968.70718983,123592957.3484418,9760599.940792616,salvador-ISSQN,salvador,ISSQN
2021-01-01,2021-01-01,5,2021-06-01,116471904.49873734,118474675.93941961,9760599.940792616,salvador-ISSQN,salvador,ISSQN
2021-01-01,2021-01-01,6,2021-07-01,130256096.11011124,120114846.27517155,9760599.940792616,salvador-ISSQN,salvador,ISSQN
2021-01-01,2021-01-01,7,2021-08-01,155566183.28985867,118293467.67306584,9760599.940792616,salvador-ISSQN,salvador,ISSQN
2021-01-01,2021-01-01,8,2021-09-01,137803337.4548178,129141903.83620833,9760599.940792616,salvador-ISSQN,salvador,ISSQN
2021-01-01,2021-01-01,9,2021-10-01,133191157.75487636,123111794.13035956,9760599.940792616,salvador-ISSQN,salvador,ISSQN
2021-01-01,2021-01-01,10,2021-11-01,144735405.66712868,127108468.08906138,9760599.940792616,salvador-ISSQN,salvador,ISSQN
2021-01-01,2021-01-01,11,2021-12-01,173727685.14791396,156736849.0926388,9760599.940792616,salvador-ISSQN,salvador,ISSQN
2021-01-01,2021-01-01,12,2022-01-01,122149190.55838329,114932156.06866339,9760599.940792616,salvador-ISSQN,salvador,ISSQN
2021-02-01,2021-02-01,1,2021-03-01,120896788.44024572,125950341.0101816,9806268.707568316,salvador-ISSQN,salvador,ISSQN
2021-02-01,2021-02-01,2,2021-04-01,114103811.56111069,120179761.60733424,9806268.707568316,salvador-ISSQN,salvador,ISSQN
2021-02-01,2021-02-01,3,2021-05-01,113131968.70718983,122152489.48333296,9806268.707568316,salvador-ISSQN,salvador,ISSQN
2021-02-01,2021-02-01,4,2021-06-01,116471904.49873734,119121687.32333402,9806268.707568316,salvador-ISSQN,salvador,ISSQN
2021-02-01,2021-02-01,5,2021-07-01,130256096.11011124,121412814.46667118,9806268.707568316,salvador-ISSQN,salvador,ISSQN
2021-02-01,2021-02-01,6,2021-08-01,155566183.28985867,119775638.48484094,9806268.707568316,salvador-ISSQN,salvador,ISSQN
2021-02-01,2021-02-01,7,2021-09-01,137803337.4548178,129379903.30909555,9806268.707568316,salvador-ISSQN,salvador,ISSQN
2021-02-01,2021-02-01,8,2021-10-01,133191157.75487636,125563498.02651471,9806268.707568316,salvador-ISSQN,salvador,ISSQN
2021-02-01,2021-02-01,9,2021-11-01,144735405.66712868,123063251.60261887,9806268.707568316,salvador-ISSQN,salvador,ISSQN
2021-02-01,2021-02-01,10,2021-12-01,173727685.14791396,156242703.64353544,9806268.707568316,salvador-ISSQN,salvador,ISSQN
2021-02-01,2021-02-01,11,2022-01-01,122149190.55838329,112769639.2038517,9806268.707568316,salvador-ISSQN,salvador,ISSQN
2021-02-01,2021-02-01,12,2022-02-01,114236272.5266531,115818285.83057551,9806268.707568316,salvador-ISSQN,salvador,ISSQN
2021-03-01,2021-03-01,1,2021-04-01,114103811.56111069,119064976.93413109,9861347.832970107,salvador-ISSQN,salvador,ISSQN
2021-03-01,2021-03-01,2,2021-05-01,113131968.70718983,120725349.08697857,9861347.832970107,salvador-ISSQN,salvador,ISSQN
2021-03-01,2021-03-01,3,2021-06-01,116471904.49873734,117011800.59529358,9861347.832970107,salvador-ISSQN,salvador,ISSQN
2021-03-01,2021-03-01,4,2021-07-01,130256096.11011124,118686054.40897056,9861347.832970107,salvador-ISSQN,salvador,ISSQN
2021-03-01,2021-03-01,5,2021-08-01,155566183.28985867,117545882.31607713,9861347.832970107,salvador-ISSQN,salvador,ISSQN
2021-03-01,2021-03-01,6,2021-09-01,137803337.4548178,127193427.50952545,9861347.832970107,salvador-ISSQN,salvador,ISSQN
2021-03-01,2021-03-01,7,2021-10-01,133191157.75487636,122408510.3661129,9861347.832970107,salvador-ISSQN,salvador,ISSQN
2021-03-01,2021-03-01,8,2021-11-01,144735405.66712868,121689299.38950904,9861347.832970107,salvador-ISSQN,salvador,ISSQN
2021-03-01,2021-03-01,9,2021-12-01,173727685.14791396,153822165.0316533,9861347.832970107,salvador-ISSQN,salvador,ISSQN
2021-03-01,2021-03-01,10,2022-01-01,122149190.55838329,112021909.13335988,9861347.832970107,salvador-ISSQN,salvador,ISSQN
2021-03-01,2021-03-01,11,2022-02-01,114236272.5266531,115020875.36554423,9861347.832970107,salvador-ISSQN,salvador,ISSQN
2021-03-01,2021-03-01,12,2022-03-01,127772172.220623,123352019.08646117,9861347.832970107,salvador-ISSQN,salvador,ISSQN
2021-04-01,2021-04-01,1,2021-05-01,113131968.70718983,119385135.23223495,9709051.92628519,salvador-ISSQN,salvador,ISSQN
2021-04-01,2021-04-01,2,2021-06-01,116471904.49873734,114315122.2710141,9709051.92628519,salvador-ISSQN,salvador,ISSQN
2021-04-01,2021-04-01,3,2021-07-01,130256096.11011124,115138530.12993479,9709051.92628519,salvador-ISSQN,salvador,ISSQN
2021-04-01,2021-04-01,4,2021-08-01,155566183.28985867,115941312.87216493,9709051.92628519,salvador-ISSQN,salvador,ISSQN
2021-04-01,2021-04-01,5,2021-09-01,137803337.4548178,124022340.81943713,9709051.92628519,salvador-ISSQN,salvador,ISSQN
2021-04-01,2021-04-01,6,2021-10-01,133191157.75487636,123880917.94460735,9709051.92628519,salvador-ISSQN,salvador,ISSQN
2021-04-01,2021-04-01,7,2021-11-01,144735405.66712868,119603531.37048846,9709051.92628519,salvador-ISSQN,salvador,ISSQN
2021-04-01,2021-04-01,8,2021-12-01,173727685.14791396,151916437.4551507,9709051.92628519,salvador-ISSQN,salvador,ISSQN
2021-04-01,2021-04-01,9,2022-01-01,122149190.55838329,110720173.76547499,9709051.92628519,salvador-ISSQN,salvador,ISSQN
2021-04-01,2021-04-01,10,2022-02-01,114236272.5266531,113379188.87324308,9709051.92628519,salvador-ISSQN,salvador,ISSQN
2021-04-01,2021-04-01,11,2022-03-01,127772172.220623,123549214.36960447,9709051.92628519,salvador-ISSQN,salvador,ISSQN
2021-04-01,2021-04-01,12,2022-04-01,125087559.77891354,116711425.99389769,9709051.92628519,salvador-ISSQN,salvador,ISSQN
2021-05-01,2021-05-01,1,2021-06-01,116471904.49873734,112939698.17346905,9756553.351907857,salvador-ISSQN,salvador,ISSQN
2021-05-01,2021-05-01,2,2021-07-01,130256096.11011124,114145452.97561386,9756553.351907857,salvador-ISSQN,salvador,ISSQN
2021-05-01,2021-05-01,3,2021-08-01,155566183.28985867,113622465.6569888,9756553.351907857,salvador-ISSQN,salvador,ISSQN
2021-05-01,2021-05-01,4,2021-09-01,137803337.4548178,123242365.50692162,9756553.351907857,salvador-ISSQN,salvador,ISSQN
2021-05-01,2021-05-01,5,2021-10-01,133191157.75487636,120940539.58503053,9756553.351907857,salvador-ISSQN,salvador,ISSQN
2021-05-01,2021-05-01,6,2021-11-01,144735405.66712868,122393116.62574044,9756553.351907857,salvador-ISSQN,salvador,ISSQN
2021-05-01,2021-05-01,7,2021-12-01,173727685.14791396,150111180.75851747,9756553.351907857,salvador-ISSQN,salvador,ISSQN
2021-05-01,2021-05-01,8,2022-01-01,122149190.55838329,109009395.94326352,9756553.351907857,salvador-ISSQN,salvador,ISSQN
2021-05-01,2021-05-01,9,2022-02-01,114236272.5266531,110024110.9565264,9756553.351907857,salvador-ISSQN,salvador,ISSQN
2021-05-01,2021-05-01,10,2022-03-01,127772172.220623,118054650.45739587,9756553.351907857,salvador-ISSQN,salvador,ISSQN
2021-05-01,2021-05-01,11,2022-04-01,125087559.77891354,115159037.99013962,9756553.351907857,salvador-ISSQN,salvador,ISSQN
2021-05-01,2021-05-01,12,2022-05-01,158617101.47339234,116073354.2263958,9756553.351907857,salvador-ISSQN,salvador,ISSQN
2021-06-01,2021-06-01,1,2021-07-01,130256096.11011124,115796218.99869359,9813376.700045837,salvador-ISSQN,salvador,ISSQN
2021-06-01,2021-06-01,2,2021-08-01,155566183.28985867,114915362.39120644,9813376.700045837,salvador-ISSQN,salvador,ISSQN
2021-06-01,2021-06-01,3,2021-09-01,137803337.4548178,125960443.70984787,9813376.700045837,salvador-ISSQN,salvador,ISSQN
2021-06-01,2021-06-01,4,2021-10-01,133191157.75487636,123562391.29015014,9813376.700045837,salvador-ISSQN,salvador,ISSQN
2021-06-01,2021-06-01,5,2021-11-01,144735405.66712868,123944232.79691496,9813376.700045837,salvador-ISSQN,salvador,ISSQN
2021-06-01,2021-06-01,6,2021-12-01,173727685.14791396,152639094.51591036,9813376.700045837,salvador-ISSQN,salvador,ISSQN
2021-06-01,2021-06-01,7,2022-01-01,122149190.55838329,110145430.62180129,9813376.700045837,salvador-ISSQN,salvador,ISSQN
2021-06-01,2021-06-01,8,2022-02-01,114236272.5266531,112093979.81839986,9813376.700045837,salvador-ISSQN,salvador,ISSQN
2021-06-01,2021-06-01,9,2022-03-01,127772172.220623,122387832.13639328,9813376.700045837,salvador-ISSQN,salvador,ISSQN
2021-06-01,2021-06-01,10,2022-04-01,125087559.77891354,116307007.17826875,9813376.700045837,salvador-ISSQN,salvador,ISSQN
2021-06-01,2021-06-01,11,2022-05-01,158617101.47339234,116612211.51930112,9813376.700045837,salvador-ISSQN,salvador,ISSQN
2021-06-01,2021-06-01,12,2022-06-01,140282250.49272528,114215043.88526332,9813376.700045837,salvador-ISSQN,salvador,ISSQN
2021-07-01,2021-07-01,1,2021-08-01,155566183.28985867,120397508.61135131,9905072.651535444,salvador-ISSQN,salvador,ISSQN
2021-07-01,2021-07-01,2,2021-09-01,137803337.4548178,130044085.31071022,9905072.651535444,salvador-ISSQN,salvador,ISSQN
2021-07-01,2021-07-01,3,2021-10-01,133191157.75487636,123976374.9649494,9905072.651535444,salvador-ISSQN,salvador,ISSQN
2021-07-01,2021-07-01,4,2021-11-01,144735405.66712868,124202842.72088245,9905072.651535444,salvador-ISSQN,salvador,ISSQN
2021-07-01,2021-07-01,5,2021-12-01,173727685.14791396,157456326.2874264,9905072.651535444,salvador-ISSQN,salvador,ISSQN
2021-07-01,2021-07-01,6,2022-01-01,122149190.55838329,113325255.81497185,9905072.651535444,salvador-ISSQN,salvador,ISSQN
2021-07-01,2021-07-01,7,2022-02-01,114236272.5266531,115721705.74464376,9905072.651535444,salvador-ISSQN,salvador,ISSQN
2021-07-01,2021-07-01,8,2022-03-01,127772172.220623,126882870.30609913,9905072.651535444,salvador-ISSQN,salvador,ISSQN
2021-07-01,2021-07-01,9,2022-04-01,125087559.77891354,119211064.89913093,9905072.651535444,salvador-ISSQN,salvador,ISSQN
2021-07-01,2021-07-01,10,2022-05-01,158617101.47339234,121650207.6531773,9905072.651535444,salvador-ISSQN,salvador,ISSQN
2021-07-01,2021-07-01,11,2022-06-01,140282250.49272528,118975919.14933082,9905072.651535444,salvador-ISSQN,salvador,ISSQN
2021-07-01,2021-07-01,12,2022-07-01,136077881.4518655,123200323.12457043,9905072.651535444,salvador-ISSQN,salvador,ISSQN
2021-08-01,2021-08-01,1,2021-09-01,137803337.4548178,144842517.69210416,10404313.661469439,salvador-ISSQN,salvador,ISSQN
2021-08-01,2021-08-01,2,2021-10-01,133191157.75487636,142616504.45681784,10404313.661469439,salvador-ISSQN,salvador,ISSQN
2021-08-01,2021-08-01,3,2021-11-01,144735405.66712868,141520873.47722298,10404313.661469439,salvador-ISSQN,salvador,ISSQN
2021-08-01,2021-08-01,4,2021-12-01,173727685.14791396,172657009.6528492,10404313.661469439,salvador-ISSQN,salvador,ISSQN
2021-08-01,2021-08-01,5,2022-01-01,122149190.55838329,129924876.32852621,10404313.661469439,salvador-ISSQN,salvador,ISSQN
2021-08-01,2021-08-01,6,2022-02-01,114236272.5266531,132179775.564019,10404313.661469439,salvador-ISSQN,salvador,ISSQN
2021-08-01,2021-08-01,7,2022-03-01,127772172.220623,138524644.76847214,10404313.661469439,salvador-ISSQN,salvador,ISSQN
2021-08-01,2021-08-01,8,2022-04-01,125087559.77891354,134692782.94270578,10404313.661469439,salvador-ISSQN,salvador,ISSQN
2021-08-01,2021-08-01,9,2022-05-01,158617101.47339234,135321759.38597834,10404313.661469439,salvador-ISSQN,salvador,ISSQN
2021-08-01,2021-08-01,10,2022-06-01,140282250.49272528,133735444.47225632,10404313.661469439,salvador-ISSQN,salvador,ISSQN
2021-08-01,2021-08-01,11,2022-07-01,136077881.4518655,137667735.53479806,10404313.661469439,salvador-ISSQN,salvador,ISSQN
2021-08-01,2021-08-01,12,2022-08-01,143715514.76575464,140992754.52205446,10404313.661469439,salvador-ISSQN,salvador,ISSQN
2021-09-01,2021-09-01,1,2021-10-01,133191157.75487636,135865181.10795867,10475026.293769283,salvador-ISSQN,salvador,ISSQN
2021-09-01,2021-09-01,2,2021-11-01,144735405.66712868,138569280.39262432,10475026.293769283,salvador-ISSQN,salvador,ISSQN
2021-09-01,2021-09-01,3,2021-12-01,173727685.14791396,169003313.38031924,10475026.293769283,salvador-ISSQN,salvador,ISSQN
2021-09-01,2021-09-01,4,2022-01-01,122149190.55838329,125927053.08127594,10475026.293769283,salvador-ISSQN,salvador,ISSQN
2021-09-01,2021-09-01,5,2022-02-01,114236272.5266531,128150201.15346758,10475026.293769283,salvador-ISSQN,salvador,ISSQN
2021-09-01,2021-09-01,6,2022-03-01,127772172.220623,137024950.49530256,10475026.293769283,salvador-ISSQN,salvador,ISSQN
2021-09-01,2021-09-01,7,2022-04-01,125087559.77891354,131515651.60247889,10475026.293769283,salvador-ISSQN,salvador,ISSQN
2021-09-01,2021-09-01,8,2022-05-01,158617101.47339234,131157470.55900227,10475026.293769283,salvador-ISSQN,salvador,ISSQN
2021-09-01,2021-09-01,9,2022-06-01,140282250.49272528,129646711.42904556,10475026.293769283,salvador-ISSQN,salvador,ISSQN
2021-09-01,2021-09-01,10,2022-07-01,136077881.4518655,133134697.7707294,10475026.293769283,salvador-ISSQN,salvador,ISSQN
2021-09-01,2021-09-01,11,2022-08-01,143715514.76575464,136080183.62432158,10475026.293769283,salvador-ISSQN,salvador,ISSQN
2021-09-01,2021-09-01,12,2022-09-01,160697582.0766429,141856194.4598161,10475026.293769283,salvador-ISSQN,salvador,ISSQN
2021-10-01,2021-10-01,1,2021-11-01,144735405.66712868,135671850.8686123,10367279.644576866,salvador-ISSQN,salvador,ISSQN
2021-10-01,2021-10-01,2,2021-12-01,173727685.14791396,164620971.08069953,10367279.644576866,salvador-ISSQN,salvador,ISSQN
2021-10-01,2021-10-01,3,2022-01-01,122149190.55838329,123454454.98557398,10367279.644576866,salvador-ISSQN,salvador,ISSQN
2021-10-01,2021-10-01,4,2022-02-01,114236272.5266531,125296389.59262231,10367279.644576866,salvador-ISSQN,salvador,ISSQN
2021-10-01,2021-10-01,5,2022-03-01,127772172.220623,134826640.68725038,10367279.644576866,salvador-ISSQN,salvador,ISSQN
2021-10-01,2021-10-01,6,2022-04-01,125087559.77891354,128319154.53870694,10367279.644576866,salvador-ISSQN,salvador,ISSQN
2021-10-01,2021-10-01,7,2022-05-01,158617101.47339234,131476940.7024928,10367279.644576866,salvador-ISSQN,salvador,ISSQN
2021-10-01,2021-10-01,8,2022-06-01,140282250.49272528,126358315.27304983,10367279.644576866,salvador-ISSQN,salvador,ISSQN
2021-10-01,2021-10-01,9,2022-07-01,136077881.4518655,128186304.05497181,10367279.644576866,salvador-ISSQN,salvador,ISSQN
2021-10-01,2021-10-01,10,2022-08-01,143715514.76575464,133636976.93752342,10367279.644576866,salvador-ISSQN,salvador,ISSQN
2021-10-01,2021-10-01,11,2022-09-01,160697582.0766429,139559095.31245175,10367279.644576866,salvador-ISSQN,salvador,ISSQN
2021-10-01,2021-10-01,12,2022-10-01,153494428.37310088,137440903.03298533,10367279.644576866,salvador-ISSQN,salvador,ISSQN
2021-11-01,2021-11-01,1,2021-12-01,173727685.14791396,167801972.84931207,10315866.099301636,salvador-ISSQN,salvador,ISSQN
2021-11-01,2021-11-01,2,2022-01-01,122149190.55838329,124347483.25926107,10315866.099301636,salvador-ISSQN,salvador,ISSQN
2021-11-01,2021-11-01,3,2022-02-01,114236272.5266531,127827483.76035255,10315866.099301636,salvador-ISSQN,salvador,ISSQN
2021-11-01,2021-11-01,4,2022-03-01,127772172.220623,138592950.21030447,10315866.099301636,salvador-ISSQN,salvador,ISSQN
2021-11-01,2021-11-01,5,2022-04-01,125087559.77891354,131179161.8038665,10315866.099301636,salvador-ISSQN,salvador,ISSQN
2021-11-01,2021-11-01,6,2022-05-01,158617101.47339234,131609366.93201032,10315866.099301636,salvador-ISSQN,salvador,ISSQN
2021-11-01,2021-11-01,7,2022-06-01,140282250.49272528,128257253.39713115,10315866.099301636,salvador-ISSQN,salvador,ISSQN
2021-11-01,2021-11-01,8,2022-07-01,136077881.4518655,134343382.7699252,10315866.099301636,salvador-ISSQN,salvador,ISSQN
2021-11-01,2021-11-01,9,2022-08-01,143715514.76575464,135356589.73773143,10315866.099301636,salvador-ISSQN,salvador,ISSQN
2021-11-01,2021-11-01,10,2022-09-01,160697582.0766429,139622405.238878,10315866.099301636,salvador-ISSQN,salvador,ISSQN
2021-11-01,2021-11-01,11,2022-10-01,153494428.37310088,140426838.72894657,10315866.099301636,salvador-ISSQN,salvador,ISSQN
2021-11-01,2021-11-01,12,2022-11-01,145852410.06631136,141740383.97158328,10315866.099301636,salvador-ISSQN,salvador,ISSQN
2021-12-01,2021-12-01,1,2022-01-01,122149190.55838329,128204311.19827487,10291360.585169924,salvador-ISSQN,salvador,ISSQN
2021-12-01,2021-12-01,2,2022-02-01,114236272.5266531,130044924.89320266,10291360.585169924,salvador-ISSQN,salvador,ISSQN
2021-12-01,2021-12-01,3,2022-03-01,127772172.220623,138215859.8304309,10291360.585169924,salvador-ISSQN,salvador,ISSQN
2021-12-01,2021-12-01,4,2022-04-01,125087559.77891354,134132063.24533793,10291360.585169924,salvador-ISSQN,salvador,ISSQN
2021-12-01,2021-12-01,5,2022-05-01,158617101.47339234,135880502.98977813,10291360.585169924,salvador-ISSQN,salvador,ISSQN
2021-12-01,2021-12-01,6,2022-06-01,140282250.49272528,133592031.43786182,10291360.585169924,salvador-ISSQN,salvador,ISSQN
2021-12-01,2021-12-01,7,2022-07-01,136077881.4518655,137361657.8528117,10291360.585169924,salvador-ISSQN,salvador,ISSQN
2021-12-01,2021-12-01,8,2022-08-01,143715514.76575464,138853039.32040069,10291360.585169924,salvador-ISSQN,salvador,ISSQN
2021-12-01,2021-12-01,9,2022-09-01,160697582.0766429,144428313.60331967,10291360.585169924,salvador-ISSQN,salvador,ISSQN
2021-12-01,2021-12-01,10,2022-10-01,153494428.37310088,138641951.84889093,10291360.585169924,salvador-ISSQN,salvador,ISSQN
2021-12-01,2021-12-01,11,2022-11-01,145852410.06631136,142688777.93979815,10291360.585169924,salvador-ISSQN,salvador,ISSQN
2021-12-01,2021-12-01,12,2022-12-01,173647289.37823588,173040824.51284656,10291360.585169924,salvador-ISSQN,salvador,ISSQN
2022-01-01,2022-01-01,1,2022-02-01,114236272.5266531,129817136.62763856,10363297.198555406,salvador-ISSQN,salvador,ISSQN
2022-01-01,2022-01-01,2,2022-03-01,127772172.220623,137179959.9124819,10363297.198555406,salvador-ISSQN,salvador,ISSQN
2022-01-01,2022-01-01,3,2022-04-01,125087559.77891354,134462108.04815647,10363297.198555406,salvador-ISSQN,salvador,ISSQN
2022-01-01,2022-01-01,4,2022-05-01,158617101.47339234,134412758.54329583,10363297.198555406,salvador-ISSQN,salvador,ISSQN
2022-01-01,2022-01-01,5,2022-06-01,140282250.49272528,130398498.10075366,10363297.198555406,salvador-ISSQN,salvador,ISSQN
2022-01-01,2022-01-01,6,2022-07-01,136077881.4518655,132952888.88607618,10363297.198555406,salvador-ISSQN,salvador,ISSQN
2022-01-01,2022-01-01,7,2022-08-01,143715514.76575464,136757597.01469114,10363297.198555406,salvador-ISSQN,salvador,ISSQN
2022-01-01,2022-01-01,8,2022-09-01,160697582.0766429,141755024.23346063,10363297.198555406,salvador-ISSQN,salvador,ISSQN
2022-01-01,2022-01-01,9,2022-10-01,153494428.37310088,135159948.6933269,10363297.198555406,salvador-ISSQN,salvador,ISSQN
2022-01-01,2022-01-01,10,2022-11-01,145852410.06631136,142474550.98797244,10363297.198555406,salvador-ISSQN,salvador,ISSQN
2022-01-01,2022-01-01,11,2022-12-01,173647289.37823588,172328874.05880916,10363297.198555406,salvador-ISSQN,salvador,ISSQN
2022-01-01,2022-01-01,12,2023-01-01,135212874.65426108,127164055.01023863,10363297.198555406,salvador-ISSQN,salvador,ISSQN
2022-02-01,2022-02-01,1,2022-03-01,127772172.220623,132766422.42129286,10223688.449442249,salvador-ISSQN,salvador,ISSQN
2022-02-01,2022-02-01,2,2022-04-01,125087559.77891354,127573024.20053196,10223688.449442249,salvador-ISSQN,salvador,ISSQN
2022-02-01,2022-02-01,3,2022-05-01,158617101.47339234,128098985.11954083,10223688.449442249,salvador-ISSQN,salvador,ISSQN
2022-02-01,2022-02-01,4,2022-06-01,140282250.49272528,125835034.39210486,10223688.449442249,salvador-ISSQN,salvador,ISSQN
2022-02-01,2022-02-01,5,2022-07-01,136077881.4518655,128643894.59630172,10223688.449442249,salvador-ISSQN,salvador,ISSQN
2022-02-01,2022-02-01,6,2022-08-01,143715514.76575464,131932164.5407298,10223688.449442249,salvador-ISSQN,salvador,ISSQN
2022-02-01,2022-02-01,7,2022-09-01,160697582.0766429,137451132.62439078,10223688.449442249,salvador-ISSQN,salvador,ISSQN
2022-02-01,2022-02-01,8,2022-10-01,153494428.37310088,134329407.9019805,10223688.449442249,salvador-ISSQN,salvador,ISSQN
2022-02-01,2022-02-01,9,2022-11-01,145852410.06631136,137327417.0084652,10223688.449442249,salvador-ISSQN,salvador,ISSQN
2022-02-01,2022-02-01,10,2022-12-01,173647289.37823588,164958703.07475126,10223688.449442249,salvador-ISSQN,salvador,ISSQN
2022-02-01,2022-02-01,11,2023-01-01,135212874.65426108,121146260.01485303,10223688.449442249,salvador-ISSQN,salvador,ISSQN
2022-02-01,2022-02-01,12,2023-02-01,132887451.56330125,122136233.08506368,10223688.449442249,salvador-ISSQN,salvador,ISSQN
2022-03-01,2022-03-01,1,2022-04-01,125087559.77891354,124866984.03153294,10179044.387188049,salvador-ISSQN,salvador,ISSQN
2022-03-01,2022-03-01,2,2022-05-01,158617101.47339234,125452293.9146451,10179044.387188049,salvador-ISSQN,salvador,ISSQN
2022-03-01,2022-03-01,3,2022-06-01,140282250.49272528,122260238.7614587,10179044.387188049,salvador-ISSQN,salvador,ISSQN
2022-03-01,2022-03-01,4,2022-07-01,136077881.4518655,125312742.30078998,10179044.387188049,salvador-ISSQN,salvador,ISSQN
2022-03-01,2022-03-01,5,2022-08-01,143715514.76575464,126444868.16242915,10179044.387188049,salvador-ISSQN,salvador,ISSQN
2022-03-01,2022-03-01,6,2022-09-01,160697582.0766429,134663038.27458876,10179044.387188049,salvador-ISSQN,salvador,ISSQN
2022-03-01,2022-03-01,7,2022-10-01,153494428.37310088,135566369.98137778,10179044.387188049,salvador-ISSQN,salvador,ISSQN
2022-03-01,2022-03-01,8,2022-11-01,145852410.06631136,133362313.95973206,10179044.387188049,salvador-ISSQN,salvador,ISSQN
2022-03-01,2022-03-01,9,2022-12-01,173647289.37823588,164235374.11729598,10179044.387188049,salvador-ISSQN,salvador,ISSQN
2022-03-01,2022-03-01,10,2023-01-01,135212874.65426108,120020559.70046446,10179044.387188049,salvador-ISSQN,salvador,ISSQN
2022-03-01,2022-03-01,11,2023-02-01,132887451.56330125,120400795.96993072,10179044.387188049,salvador-ISSQN,salvador,ISSQN
2022-03-01,2022-03-01,12,2023-03-01,145681238.28892994,130029585.90691349,10179044.387188049,salvador-ISSQN,salvador,ISSQN
2022-04-01,2022-04-01,1,2022-05-01,158617101.47339234,127429533.08058766,10189632.595485613,salvador-ISSQN,salvador,ISSQN
2022-04-01,2022-04-01,2,2022-06-01,140282250.49272528,123949683.10681048,10189632.595485613,salvador-ISSQN,salvador,ISSQN
2022-04-01,2022-04-01,3,2022-07-01,136077881.4518655,127912631.9161934,10189632.595485613,salvador-ISSQN,salvador,ISSQN
2022-04-01,2022-04-01,4,2022-08-01,143715514.76575464,131835409.59280469,10189632.595485613,salvador-ISSQN,salvador,ISSQN
2022-04-01,2022-04-01,5,2022-09-01,160697582.0766429,134971102.10883474,10189632.595485613,salvador-ISSQN,salvador,ISSQN
2022-04-01,2022-04-01,6,2022-10-01,153494428.37310088,131154851.43052901,10189632.595485613,salvador-ISSQN,salvador,ISSQN
2022-04-01,2022-04-01,7,2022-11-01,145852410.06631136,131271000.34784342,10189632.595485613,salvador-ISSQN,salvador,ISSQN
2022-04-01,2022-04-01,8,2022-12-01,173647289.37823588,162274954.74923375,10189632.595485613,salvador-ISSQN,salvador,ISSQN
2022-04-01,2022-04-01,9,2023-01-01,135212874.65426108,119264685.15868081,10189632.595485613,salvador-ISSQN,salvador,ISSQN
2022-04-01,2022-04-01,10,2023-02-01,132887451.56330125,120558889.37935868,10189632.595485613,salvador-ISSQN,salvador,ISSQN
2022-04-01,2022-04-01,11,2023-03-01,145681238.28892994,130418664.21382526,10189632.595485613,salvador-ISSQN,salvador,ISSQN
2022-04-01,2022-04-01,12,2023-04-01,143508604.1514569,125527437.47540624,10189632.595485613,salvador-ISSQN,salvador,ISSQN
2022-05-01,2022-05-01,1,2022-06-01,140282250.49272528,134324488.12730846,10648015.714585831,salvador-ISSQN,salvador,ISSQN
2022-05-01,2022-05-01,2,2022-07-01,136077881.4518655,138543271.7825508,10648015.714585831,salvador-ISSQN,salvador,ISSQN
2022-05-01,2022-05-01,3,2022-08-01,143715514.76575464,136458040.81007335,10648015.714585831,salvador-ISSQN,salvador,ISSQN
2022-05-01,2022-05-01,4,2022-09-01,160697582.0766429,145611120.89825803,10648015.714585831,salvador-ISSQN,salvador,ISSQN
2022-05-01,2022-05-01,5,2022-10-01,153494428.37310088,143430902.1042299,10648015.714585831,salvador-ISSQN,salvador,ISSQN
2022-05-01,2022-05-01,6,2022-11-01,145852410.06631136,144373259.86462528,10648015.714585831,salvador-ISSQN,salvador,ISSQN
2022-05-01,2022-05-01,7,2022-12-01,173647289.37823588,174455070.98763463,10648015.714585831,salvador-ISSQN,salvador,ISSQN
2022-05-01,2022-05-01,8,2023-01-01,135212874.65426108,129078259.12249343,10648015.714585831,salvador-ISSQN,salvador,ISSQN
2022-05-01,2022-05-01,9,2023-02-01,132887451.56330125,130309073.15945768,10648015.714585831,salvador-ISSQN,salvador,ISSQN
2022-05-01,2022-05-01,10,2023-03-01,145681238.28892994,141027751.5315712,10648015.714585831,salvador-ISSQN,salvador,ISSQN
2022-05-01,2022-05-01,11,2023-04-01,143508604.1514569,135039898.0517496,10648015.714585831,salvador-ISSQN,salvador,ISSQN
2022-05-01,2022-05-01,12,2023-05-01,145983428.00425628,139637792.88032573,10648015.714585831,salvador-ISSQN,salvador,ISSQN
2022-06-01,2022-06-01,1,2022-07-01,136077881.4518655,140032871.33399436,10816763.538680729,salvador-ISSQN,salvador,ISSQN
2022-06-01,2022-06-01,2,2022-08-01,143715514.76575464,143302098.84460375,10816763.538680729,salvador-ISSQN,salvador,ISSQN
2022-06-01,2022-06-01,3,2022-09-01,160697582.0766429,148768629.7438631,10816763.538680729,salvador-ISSQN,salvador,ISSQN
2022-06-01,2022-06-01,4,2022-10-01,153494428.37310088,145507971.44133547,10816763.538680729,salvador-ISSQN,salvador,ISSQN
2022-06-01,2022-06-01,5,2022-11-01,145852410.06631136,148134227.34660253,10816763.538680729,salvador-ISSQN,salvador,ISSQN
2022-06-01,2022-06-01,6,2022-12-01,173647289.37823588,177566136.08148116,10816763.538680729,salvador-ISSQN,salvador,ISSQN
2022-06-01,2022-06-01,7,2023-01-01,135212874.65426108,131506659.57026099,10816763.538680729,salvador-ISSQN,salvador,ISSQN
2022-06-01,2022-06-01,8,2023-02-01,132887451.56330125,132541005.87256676,10816763.538680729,salvador-ISSQN,salvador,ISSQN
2022-06-01,2022-06-01,9,2023-03-01,145681238.28892994,143038534.1163596,10816763.538680729,salvador-ISSQN,salvador,ISSQN
2022-06-01,2022-06-01,10,2023-04-01,143508604.1514569,137830978.3929501,10816763.538680729,salvador-ISSQN,salvador,ISSQN
2022-06-01,2022-06-01,11,2023-05-01,145983428.00425628,143402533.90951693,10816763.538680729,salvador-ISSQN,salvador,ISSQN
2022-06-01,2022-06-01,12,2023-06-01,147945962.3126708,138335434.99657458,10816763.538680729,salvador-ISSQN,salvador,ISSQN
2022-07-01,2022-07-01,1,2022-08-01,143715514.76575464,138660367.52012306,10753535.966567736,salvador-ISSQN,salvador,ISSQN
2022-07-01,2022-07-01,2,2022-09-01,160697582.0766429,145526921.56340104,10753535.966567736,salvador-ISSQN,salvador,ISSQN
2022-07-01,2022-07-01,3,2022-10-01,153494428.37310088,143359219.9180548,10753535.966567736,salvador-ISSQN,salvador,ISSQN
2022-07-01,2022-07-01,4,2022-11-01,145852410.06631136,146422372.88071254,10753535.966567736,salvador-ISSQN,salvador,ISSQN
2022-07-01,2022-07-01,5,2022-12-01,173647289.37823588,175128078.10620648,10753535.966567736,salvador-ISSQN,salvador,ISSQN
2022-07-01,2022-07-01,6,2023-01-01,135212874.65426108,130236039.45232832,10753535.966567736,salvador-ISSQN,salvador,ISSQN
2022-07-01,2022-07-01,7,2023-02-01,132887451.56330125,131988565.34778893,10753535.966567736,salvador-ISSQN,salvador,ISSQN
2022-07-01,2022-07-01,8,2023-03-01,145681238.28892994,142087363.42719117,10753535.966567736,salvador-ISSQN,salvador,ISSQN
2022-07-01,2022-07-01,9,2023-04-01,143508604.1514569,136042239.95634204,10753535.966567736,salvador-ISSQN,salvador,ISSQN
2022-07-01,2022-07-01,10,2023-05-01,145983428.00425628,140624788.83191407,10753535.966567736,salvador-ISSQN,salvador,ISSQN
2022-07-01,2022-07-01,11,2023-06-01,147945962.3126708,136093200.95510277,10753535.966567736,salvador-ISSQN,salvador,ISSQN
2022-07-01,2022-07-01,12,2023-07-01,149804608.7464599,138835788.60721517,10753535.966567736,salvador-ISSQN,salvador,ISSQN
2022-08-01,2022-08-01,1,2022-09-01,160697582.0766429,147598532.95797116,10767250.123536939,salvador-ISSQN,salvador,ISSQN
2022-08-01,2022-08-01,2,2022-10-01,153494428.37310088,142314322.48414847,10767250.123536939,salvador-ISSQN,salvador,ISSQN
2022-08-01,2022-08-01,3,2022-11-01,145852410.06631136,146349445.82729316,10767250.123536939,salvador-ISSQN,salvador,ISSQN
2022-08-01,2022-08-01,4,2022-12-01,173647289.37823588,176273151.9342005,10767250.123536939,salvador-ISSQN,salvador,ISSQN
2022-08-01,2022-08-01,5,2023-01-01,135212874.65426108,131566298.83092563,10767250.123536939,salvador-ISSQN,salvador,ISSQN
2022-08-01,2022-08-01,6,2023-02-01,132887451.56330125,133418468.04722708,10767250.123536939,salvador-ISSQN,salvador,ISSQN
2022-08-01,2022-08-01,7,2023-03-01,145681238.28892994,143908996.41044292,10767250.123536939,salvador-ISSQN,salvador,ISSQN
2022-08-01,2022-08-01,8,2023-04-01,143508604.1514569,137743727.47275737,10767250.123536939,salvador-ISSQN,salvador,ISSQN
2022-08-01,2022-08-01,9,2023-05-01,145983428.00425628,142840809.09084982,10767250.123536939,salvador-ISSQN,salvador,ISSQN
2022-08-01,2022-08-01,10,2023-06-01,147945962.3126708,137488631.68143207,10767250.123536939,salvador-ISSQN,salvador,ISSQN
2022-08-01,2022-08-01,11,2023-07-01,149804608.7464599,140096498.60608643,10767250.123536939,salvador-ISSQN,salvador,ISSQN
2022-08-01,2022-08-01,12,2023-08-01,158308919.14379752,141959644.65658244,10767250.123536939,salvador-ISSQN,salvador,ISSQN
2022-09-01,2022-09-01,1,2022-10-01,153494428.37310088,146836324.93746224,10916966.104997287,salvador-ISSQN,salvador,ISSQN
2022-09-01,2022-09-01,2,2022-11-01,145852410.06631136,150393370.24859443,10916966.104997287,salvador-ISSQN,salvador,ISSQN
2022-09-01,2022-09-01,3,2022-12-01,173647289.37823588,180188767.29196268,10916966.104997287,salvador-ISSQN,salvador,ISSQN
2022-09-01,2022-09-01,4,2023-01-01,135212874.65426108,135604663.85239038,10916966.104997287,salvador-ISSQN,salvador,ISSQN
2022-09-01,2022-09-01,5,2023-02-01,132887451.56330125,136681547.76398465,10916966.104997287,salvador-ISSQN,salvador,ISSQN
2022-09-01,2022-09-01,6,2023-03-01,145681238.28892994,144406918.29267162,10916966.104997287,salvador-ISSQN,salvador,ISSQN
2022-09-01,2022-09-01,7,2023-04-01,143508604.1514569,141360540.0891576,10916966.104997287,salvador-ISSQN,salvador,ISSQN
2022-09-01,2022-09-01,8,2023-05-01,145983428.00425628,146255043.7318467,10916966.104997287,salvador-ISSQN,salvador,ISSQN
2022-09-01,2022-09-01,9,2023-06-01,147945962.3126708,141813747.64286855,10916966.104997287,salvador-ISSQN,salvador,ISSQN
2022-09-01,2022-09-01,10,2023-07-01,149804608.7464599,143574209.96789333,10916966.104997287,salvador-ISSQN,salvador,ISSQN
2022-09-01,2022-09-01,11,2023-08-01,158308919.14379752,148560769.65015602,10916966.104997287,salvador-ISSQN,salvador,ISSQN
2022-09-01,2022-09-01,12,2023-09-01,149291086.55814052,153285954.15204063,10916966.104997287,salvador-ISSQN,salvador,ISSQN
2022-10-01,2022-10-01,1,2022-11-01,145852410.06631136,149306692.8148808,11031433.233207375,salvador-ISSQN,salvador,ISSQN
2022-10-01,2022-10-01,2,2022-12-01,173647289.37823588,178292847.0678462,11031433.233207375,salvador-ISSQN,salvador,ISSQN
2022-10-01,2022-10-01,3,2023-01-01,135212874.65426108,135576238.2333166,11031433.233207375,salvador-ISSQN,salvador,ISSQN
2022-10-01,2022-10-01,4,2023-02-01,132887451.56330125,136842816.0053871,11031433.233207375,salvador-ISSQN,salvador,ISSQN
2022-10-01,2022-10-01,5,2023-03-01,145681238.28892994,146277222.06694558,11031433.233207375,salvador-ISSQN,salvador,ISSQN
2022-10-01,2022-10-01,6,2023-04-01,143508604.1514569,142413014.22941247,11031433.233207375,salvador-ISSQN,salvador,ISSQN
2022-10-01,2022-10-01,7,2023-05-01,145983428.00425628,148976533.75173083,11031433.233207375,salvador-ISSQN,salvador,ISSQN
2022-10-01,2022-10-01,8,2023-06-01,147945962.3126708,142065184.99967328,11031433.233207375,salvador-ISSQN,salvador,ISSQN
2022-10-01,2022-10-01,9,2023-07-01,149804608.7464599,143443664.03792816,11031433.233207375,salvador-ISSQN,salvador,ISSQN
2022-10-01,2022-10-01,10,2023-08-01,158308919.14379752,147007623.81004265,11031433.233207375,salvador-ISSQN,salvador,ISSQN
2022-10-01,2022-10-01,11,2023-09-01,149291086.55814052,154100795.90930113,11031433.233207375,salvador-ISSQN,salvador,ISSQN
2022-10-01,2022-10-01,12,2023-10-01,162466226.3022135,145884892.2332827,11031433.233207375,salvador-ISSQN,salvador,ISSQN
2022-11-01,2022-11-01,1,2022-12-01,173647289.37823588,179349180.60308102,10911982.283399848,salvador-ISSQN,salvador,ISSQN
2022-11-01,2022-11-01,2,2023-01-01,135212874.65426108,133704555.77213365,10911982.283399848,salvador-ISSQN,salvador,ISSQN
2022-11-01,2022-11-01,3,2023-02-01,132887451.56330125,135298701.7008471,10911982.283399848,salvador-ISSQN,salvador,ISSQN
2022-11-01,2022-11-01,4,2023-03-01,145681238.28892994,146331987.1557017,10911982.283399848,salvador-ISSQN,salvador,ISSQN
2022-11-01,2022-11-01,5,2023-04-01,143508604.1514569,139702795.7883621,10911982.283399848,salvador-ISSQN,salvador,ISSQN
2022-11-01,2022-11-01,6,2023-05-01,145983428.00425628,145591369.65722767,10911982.283399848,salvador-ISSQN,salvador,ISSQN
2022-11-01,2022-11-01,7,2023-06-01,147945962.3126708,139829462.7580736,10911982.283399848,salvador-ISSQN,salvador,ISSQN
2022-11-01,2022-11-01,8,2023-07-01,149804608.7464599,142313574.9399248,10911982.283399848,salvador-ISSQN,salvador,ISSQN
2022-11-01,2022-11-01,9,2023-08-01,158308919.14379752,145964766.0902845,10911982.283399848,salvador-ISSQN,salvador,ISSQN
2022-11-01,2022-11-01,10,2023-09-01,149291086.55814052,152429266.9846517,10911982.283399848,salvador-ISSQN,salvador,ISSQN
2022-11-01,2022-11-01,11,2023-10-01,162466226.3022135,149990506.8392703,10911982.283399848,salvador-ISSQN,salvador,ISSQN
2022-11-01,2022-11-01,12,2023-11-01,163312814.20696488,149300272.76174426,10911982.283399848,salvador-ISSQN,salvador,ISSQN
2022-12-01,2022-12-01,1,2023-01-01,135212874.65426108,132942436.01665808,10783034.82490316,salvador-ISSQN,salvador,ISSQN
2022-12-01,2022-12-01,2,2023-02-01,132887451.56330125,133625876.01777083,10783034.82490316,salvador-ISSQN,salvador,ISSQN
2022-12-01,2022-12-01,3,2023-03-01,145681238.28892994,143104253.44120264,10783034.82490316,salvador-ISSQN,salvador,ISSQN
2022-12-01,2022-12-01,4,2023-04-01,143508604.1514569,138089886.3723907,10783034.82490316,salvador-ISSQN,salvador,ISSQN
2022-12-01,2022-12-01,5,2023-05-01,145983428.00425628,139085216.1786322,10783034.82490316,salvador-ISSQN,salvador,ISSQN
2022-12-01,2022-12-01,6,2023-06-01,147945962.3126708,137926234.17208594,10783034.82490316,salvador-ISSQN,salvador,ISSQN
2022-12-01,2022-12-01,7,2023-07-01,149804608.7464599,141252513.6832816,10783034.82490316,salvador-ISSQN,salvador,ISSQN
2022-12-01,2022-12-01,8,2023-08-01,158308919.14379752,140354869.60091412,10783034.82490316,salvador-ISSQN,salvador,ISSQN
2022-12-01,2022-12-01,9,2023-09-01,149291086.55814052,151462564.29308367,10783034.82490316,salvador-ISSQN,salvador,ISSQN
2022-12-01,2022-12-01,10,2023-10-01,162466226.3022135,145776603.36144516,10783034.82490316,salvador-ISSQN,salvador,ISSQN
2022-12-01,2022-12-01,11,2023-11-01,163312814.20696488,149917780.994991,10783034.82490316,salvador-ISSQN,salvador,ISSQN
2022-12-01,2022-12-01,12,2023-12-01,187215660.76514104,177917297.91189164,10783034.82490316,salvador-ISSQN,salvador,ISSQN
2023-01-01,2023-01-01,1,2023-02-01,132887451.56330125,135441498.98155192,10809865.99279698,salvador-ISSQN,salvador,ISSQN
2023-01-01,2023-01-01,2,2023-03-01,145681238.28892994,147708530.10122353,10809865.99279698,salvador-ISSQN,salvador,ISSQN
2023-01-01,2023-01-01,3,2023-04-01,143508604.1514569,139970663.61125016,10809865.99279698,salvador-ISSQN,salvador,ISSQN
2023-01-01,2023-01-01,4,2023-05-01,145983428.00425628,144184758.0054349,10809865.99279698,salvador-ISSQN,salvador,ISSQN
2023-01-01,2023-01-01,5,2023-06-01,147945962.3126708,139662120.19911245,10809865.99279698,salvador-ISSQN,salvador,ISSQN
2023-01-01,2023-01-01,6,2023-07-01,149804608.7464599,142169868.6020154,10809865.99279698,salvador-ISSQN,salvador,ISSQN
2023-01-01,2023-01-01,7,2023-08-01,158308919.14379752,141260547.7898582,10809865.99279698,salvador-ISSQN,salvador,ISSQN
2023-01-01,2023-01-01,8,2023-09-01,149291086.55814052,150653296.63279697,10809865.99279698,salvador-ISSQN,salvador,ISSQN
2023-01-01,2023-01-01,9,2023-10-01,162466226.3022135,146422821.94039643,10809865.99279698,salvador-ISSQN,salvador,ISSQN
2023-01-01,2023-01-01,10,2023-11-01,163312814.20696488,148040143.1555803,10809865.99279698,salvador-ISSQN,salvador,ISSQN
2023-01-01,2023-01-01,11,2023-12-01,187215660.76514104,178719006.401107,10809865.99279698,salvador-ISSQN,salvador,ISSQN
2023-01-01,2023-01-01,12,2024-01-01,204327604.53179494,134935430.47502333,10809865.99279698,salvador-ISSQN,salvador,ISSQN
2023-02-01,2023-02-01,1,2023-03-01,145681238.28892994,146216038.1108562,10901044.051446412,salvador-ISSQN,salvador,ISSQN
2023-02-01,2023-02-01,2,2023-04-01,143508604.1514569,139739605.54682013,10901044.051446412,salvador-ISSQN,salvador,ISSQN
2023-02-01,2023-02-01,3,2023-05-01,145983428.00425628,145411560.22997892,10901044.051446412,salvador-ISSQN,salvador,ISSQN
2023-02-01,2023-02-01,4,2023-06-01,147945962.3126708,139948940.88739738,10901044.051446412,salvador-ISSQN,salvador,ISSQN
2023-02-01,2023-02-01,5,2023-07-01,149804608.7464599,142236850.0696375,10901044.051446412,salvador-ISSQN,salvador,ISSQN
2023-02-01,2023-02-01,6,2023-08-01,158308919.14379752,144002816.00966153,10901044.051446412,salvador-ISSQN,salvador,ISSQN
2023-02-01,2023-02-01,7,2023-09-01,149291086.55814052,150772886.07919583,10901044.051446412,salvador-ISSQN,salvador,ISSQN
2023-02-01,2023-02-01,8,2023-10-01,162466226.3022135,146176084.03617123,10901044.051446412,salvador-ISSQN,salvador,ISSQN
2023-02-01,2023-02-01,9,2023-11-01,163312814.20696488,147068345.91324535,10901044.051446412,salvador-ISSQN,salvador,ISSQN
2023-02-01,2023-02-01,10,2023-12-01,187215660.76514104,177284938.40497664,10901044.051446412,salvador-ISSQN,salvador,ISSQN
2023-02-01,2023-02-01,11,2024-01-01,204327604.53179494,133200433.20790611,10901044.051446412,salvador-ISSQN,salvador,ISSQN
2023-02-01,2023-02-01,12,2024-02-01,159278235.93683836,134554131.95162317,10901044.051446412,salvador-ISSQN,salvador,ISSQN
2023-03-01,2023-03-01,1,2023-04-01,143508604.1514569,139729110.08510578,10981596.028651705,salvador-ISSQN,salvador,ISSQN
2023-03-01,2023-03-01,2,2023-05-01,145983428.00425628,146882687.9414548,10981596.028651705,salvador-ISSQN,salvador,ISSQN
2023-03-01,2023-03-01,3,2023-06-01,147945962.3126708,140454647.35715204,10981596.028651705,salvador-ISSQN,salvador,ISSQN
2023-03-01,2023-03-01,4,2023-07-01,149804608.7464599,142738733.21526417,10981596.028651705,salvador-ISSQN,salvador,ISSQN
2023-03-01,2023-03-01,5,2023-08-01,158308919.14379752,145971419.5251465,10981596.028651705,salvador-ISSQN,salvador,ISSQN
2023-03-01,2023-03-01,6,2023-09-01,149291086.55814052,151770257.92539456,10981596.028651705,salvador-ISSQN,salvador,ISSQN
2023-03-01,2023-03-01,7,2023-10-01,162466226.3022135,147439805.16593063,10981596.028651705,salvador-ISSQN,salvador,ISSQN
2023-03-01,2023-03-01,8,2023-11-01,163312814.20696488,146323553.29817834,10981596.028651705,salvador-ISSQN,salvador,ISSQN
2023-03-01,2023-03-01,9,2023-12-01,187215660.76514104,176266998.72685263,10981596.028651705,salvador-ISSQN,salvador,ISSQN
2023-03-01,2023-03-01,10,2024-01-01,204327604.53179494,133511404.26586533,10981596.028651705,salvador-ISSQN,salvador,ISSQN
2023-03-01,2023-03-01,11,2024-02-01,159278235.93683836,134542504.6352292,10981596.028651705,salvador-ISSQN,salvador,ISSQN
2023-03-01,2023-03-01,12,2024-03-01,162189752.8885526,146913547.8500028,10981596.028651705,salvador-ISSQN,salvador,ISSQN
2023-04-01,2023-04-01,1,2023-05-01,145983428.00425628,146990537.30916724,11066135.214377748,salvador-ISSQN,salvador,ISSQN
2023-04-01,2023-04-01,2,2023-06-01,147945962.3126708,142040603.34040958,11066135.214377748,salvador-ISSQN,salvador,ISSQN
2023-04-01,2023-04-01,3,2023-07-01,149804608.7464599,143375986.39033625,11066135.214377748,salvador-ISSQN,salvador,ISSQN
2023-04-01,2023-04-01,4,2023-08-01,158308919.14379752,146632630.686272,11066135.214377748,salvador-ISSQN,salvador,ISSQN
2023-04-01,2023-04-01,5,2023-09-01,149291086.55814052,153300921.4483962,11066135.214377748,salvador-ISSQN,salvador,ISSQN
2023-04-01,2023-04-01,6,2023-10-01,162466226.3022135,148561791.47620252,11066135.214377748,salvador-ISSQN,salvador,ISSQN
2023-04-01,2023-04-01,7,2023-11-01,163312814.20696488,150235906.93142107,11066135.214377748,salvador-ISSQN,salvador,ISSQN
2023-04-01,2023-04-01,8,2023-12-01,187215660.76514104,179827454.00216094,11066135.214377748,salvador-ISSQN,salvador,ISSQN
2023-04-01,2023-04-01,9,2024-01-01,204327604.53179494,135324240.48702165,11066135.214377748,salvador-ISSQN,salvador,ISSQN
2023-04-01,2023-04-01,10,2024-02-01,159278235.93683836,136070759.93511605,11066135.214377748,salvador-ISSQN,salvador,ISSQN
2023-04-01,2023-04-01,11,2024-03-01,162189752.8885526,147197102.85069188,11066135.214377748,salvador-ISSQN,salvador,ISSQN
2023-04-01,2023-04-01,12,2024-04-01,170382067.58095023,141914827.05089584,11066135.214377748,salvador-ISSQN,salvador,ISSQN
2023-05-01,2023-05-01,1,2023-06-01,147945962.3126708,140542223.95469403,11083748.003757054,salvador-ISSQN,salvador,ISSQN
2023-05-01,2023-05-01,2,2023-07-01,149804608.7464599,143013300.87422127,11083748.003757054,salvador-ISSQN,salvador,ISSQN
2023-05-01,2023-05-01,3,2023-08-01,158308919.14379752,145114637.69183555,11083748.003757054,salvador-ISSQN,salvador,ISSQN
2023-05-01,2023-05-01,4,2023-09-01,149291086.55814052,153158778.04877076,11083748.003757054,salvador-ISSQN,salvador,ISSQN
2023-05-01,2023-05-01,5,2023-10-01,162466226.3022135,149268483.68452135,11083748.003757054,salvador-ISSQN,salvador,ISSQN
2023-05-01,2023-05-01,6,2023-11-01,163312814.20696488,146893885.55563056,11083748.003757054,salvador-ISSQN,salvador,ISSQN
2023-05-01,2023-05-01,7,2023-12-01,187215660.76514104,177817813.54961786,11083748.003757054,salvador-ISSQN,salvador,ISSQN
2023-05-01,2023-05-01,8,2024-01-01,204327604.53179494,135706807.7595857,11083748.003757054,salvador-ISSQN,salvador,ISSQN
2023-05-01,2023-05-01,9,2024-02-01,159278235.93683836,136055317.12489775,11083748.003757054,salvador-ISSQN,salvador,ISSQN
2023-05-01,2023-05-01,10,2024-03-01,162189752.8885526,144120753.97868025,11083748.003757054,salvador-ISSQN,salvador,ISSQN
2023-05-01,2023-05-01,11,2024-04-01,170382067.58095023,141679623.0335636,11083748.003757054,salvador-ISSQN,salvador,ISSQN
2023-05-01,2023-05-01,12,2024-05-01,166327769.7078219,147123651.15578997,11083748.003757054,salvador-ISSQN,salvador,ISSQN
2023-06-01,2023-06-01,1,2023-07-01,149804608.7464599,143511069.42572343,11045747.601714704,salvador-ISSQN,salvador,ISSQN
2023-06-01,2023-06-01,2,2023-08-01,158308919.14379752,147606397.8598354,11045747.601714704,salvador-ISSQN,salvador,ISSQN
2023-06-01,2023-06-01,3,2023-09-01,149291086.55814052,154414816.87608954,11045747.601714704,salvador-ISSQN,salvador,ISSQN
2023-06-01,2023-06-01,4,2023-10-01,162466226.3022135,147913074.71521494,11045747.601714704,salvador-ISSQN,salvador,ISSQN
2023-06-01,2023-06-01,5,2023-11-01,163312814.20696488,152179951.64759105,11045747.601714704,salvador-ISSQN,salvador,ISSQN
2023-06-01,2023-06-01,6,2023-12-01,187215660.76514104,180965642.01466206,11045747.601714704,salvador-ISSQN,salvador,ISSQN
2023-06-01,2023-06-01,7,2024-01-01,204327604.53179494,137020203.99651533,11045747.601714704,salvador-ISSQN,salvador,ISSQN
2023-06-01,2023-06-01,8,2024-02-01,159278235.93683836,137736926.3581746,11045747.601714704,salvador-ISSQN,salvador,ISSQN
2023-06-01,2023-06-01,9,2024-03-01,162189752.8885526,145926442.23147815,11045747.601714704,salvador-ISSQN,salvador,ISSQN
2023-06-01,2023-06-01,10,2024-04-01,170382067.58095023,143397739.10129172,11045747.601714704,salvador-ISSQN,salvador,ISSQN
2023-06-01,2023-06-01,11,2024-05-01,166327769.7078219,148428559.29078665,11045747.601714704,salvador-ISSQN,salvador,ISSQN
2023-06-01,2023-06-01,12,2024-06-01,159858497.2817491,143274450.5752516,11045747.601714704,salvador-ISSQN,salvador,ISSQN
2023-07-01,2023-07-01,1,2023-08-01,158308919.14379752,148227359.9749416,11075208.917021073,salvador-ISSQN,salvador,ISSQN
2023-07-01,2023-07-01,2,2023-09-01,149291086.55814052,154340176.9773433,11075208.917021073,salvador-ISSQN,salvador,ISSQN
2023-07-01,2023-07-01,3,2023-10-01,162466226.3022135,148833003.60364228,11075208.917021073,salvador-ISSQN,salvador,ISSQN
2023-07-01,2023-07-01,4,2023-11-01,163312814.20696488,147750299.15469518,11075208.917021073,salvador-ISSQN,salvador,ISSQN
2023-07-01,2023-07-01,5,2023-12-01,187215660.76514104,180358180.1875756,11075208.917021073,salvador-ISSQN,salvador,ISSQN
2023-07-01,2023-07-01,6,2024-01-01,204327604.53179494,137131397.19392282,11075208.917021073,salvador-ISSQN,salvador,ISSQN
2023-07-01,2023-07-01,7,2024-02-01,159278235.93683836,136851389.89677507,11075208.917021073,salvador-ISSQN,salvador,ISSQN
2023-07-01,2023-07-01,8,2024-03-01,162189752.8885526,149751499.48719332,11075208.917021073,salvador-ISSQN,salvador,ISSQN
2023-07-01,2023-07-01,9,2024-04-01,170382067.58095023,143249399.79485887,11075208.917021073,salvador-ISSQN,salvador,ISSQN
2023-07-01,2023-07-01,10,2024-05-01,166327769.7078219,149231939.87104025,11075208.917021073,salvador-ISSQN,salvador,ISSQN
2023-07-01,2023-07-01,11,2024-06-01,159858497.2817491,145024768.77329022,11075208.917021073,salvador-ISSQN,salvador,ISSQN
2023-07-01,2023-07-01,12,2024-07-01,169912894.89976043,148165528.96131366,11075208.917021073,salvador-ISSQN,salvador,ISSQN
2023-08-01,2023-08-01,1,2023-09-01,149291086.55814052,155575030.28741986,11113450.17203218,salvador-ISSQN,salvador,ISSQN
2023-08-01,2023-08-01,2,2023-10-01,162466226.3022135,149021935.47341305,11113450.17203218,salvador-ISSQN,salvador,ISSQN
2023-08-01,2023-08-01,3,2023-11-01,163312814.20696488,150463346.00493073,11113450.17203218,salvador-ISSQN,salvador,ISSQN
2023-08-01,2023-08-01,4,2023-12-01,187215660.76514104,182078409.57646176,11113450.17203218,salvador-ISSQN,salvador,ISSQN
2023-08-01,2023-08-01,5,2024-01-01,204327604.53179494,138411102.12672272,11113450.17203218,salvador-ISSQN,salvador,ISSQN
2023-08-01,2023-08-01,6,2024-02-01,159278235.93683836,139544103.4539235,11113450.17203218,salvador-ISSQN,salvador,ISSQN
2023-08-01,2023-08-01,7,2024-03-01,162189752.8885526,148741995.02541724,11113450.17203218,salvador-ISSQN,salvador,ISSQN
2023-08-01,2023-08-01,8,2024-04-01,170382067.58095023,145565950.7456736,11113450.17203218,salvador-ISSQN,salvador,ISSQN
2023-08-01,2023-08-01,9,2024-05-01,166327769.7078219,152911198.45992938,11113450.17203218,salvador-ISSQN,salvador,ISSQN
2023-08-01,2023-08-01,10,2024-06-01,159858497.2817491,146527436.68514848,11113450.17203218,salvador-ISSQN,salvador,ISSQN
2023-08-01,2023-08-01,11,2024-07-01,169912894.89976043,149338638.7025702,11113450.17203218,salvador-ISSQN,salvador,ISSQN
2023-08-01,2023-08-01,12,2024-08-01,179459931.33462426,151408744.18368572,11113450.17203218,salvador-ISSQN,salvador,ISSQN
2023-09-01,2023-09-01,1,2023-10-01,162466226.3022135,148612932.44969764,11116601.197263042,salvador-ISSQN,salvador,ISSQN
2023-09-01,2023-09-01,2,2023-11-01,163312814.20696488,151157202.69964403,11116601.197263042,salvador-ISSQN,salvador,ISSQN
2023-09-01,2023-09-01,3,2023-12-01,187215660.76514104,181409519.86098337,11116601.197263042,salvador-ISSQN,salvador,ISSQN
2023-09-01,2023-09-01,4,2024-01-01,204327604.53179494,137504381.80415854,11116601.197263042,salvador-ISSQN,salvador,ISSQN
2023-09-01,2023-09-01,5,2024-02-01,159278235.93683836,138870502.59184435,11116601.197263042,salvador-ISSQN,salvador,ISSQN
2023-09-01,2023-09-01,6,2024-03-01,162189752.8885526,149472425.90820262,11116601.197263042,salvador-ISSQN,salvador,ISSQN
2023-09-01,2023-09-01,7,2024-04-01,170382067.58095023,144666934.2574949,11116601.197263042,salvador-ISSQN,salvador,ISSQN
2023-09-01,2023-09-01,8,2024-05-01,166327769.7078219,148930014.83534506,11116601.197263042,salvador-ISSQN,salvador,ISSQN
2023-09-01,2023-09-01,9,2024-06-01,159858497.2817491,145140436.1061618,11116601.197263042,salvador-ISSQN,salvador,ISSQN
2023-09-01,2023-09-01,10,2024-07-01,169912894.89976043,147201642.22303066,11116601.197263042,salvador-ISSQN,salvador,ISSQN
2023-09-01,2023-09-01,11,2024-08-01,179459931.33462426,151279261.7440602,11116601.197263042,salvador-ISSQN,salvador,ISSQN
2023-09-01,2023-09-01,12,2024-09-01,184543486.4872822,154275154.68800205,11116601.197263042,salvador-ISSQN,salvador,ISSQN
2023-10-01,2023-10-01,1,2023-11-01,163312814.20696488,155632371.27274752,11093784.141218888,salvador-ISSQN,salvador,ISSQN
2023-10-01,2023-10-01,2,2023-12-01,187215660.76514104,184768936.00889432,11093784.141218888,salvador-ISSQN,salvador,ISSQN
2023-10-01,2023-10-01,3,2024-01-01,204327604.53179494,140619983.63653865,11093784.141218888,salvador-ISSQN,salvador,ISSQN
2023-10-01,2023-10-01,4,2024-02-01,159278235.93683836,141655905.25872737,11093784.141218888,salvador-ISSQN,salvador,ISSQN
2023-10-01,2023-10-01,5,2024-03-01,162189752.8885526,150535552.94330192,11093784.141218888,salvador-ISSQN,salvador,ISSQN
2023-10-01,2023-10-01,6,2024-04-01,170382067.58095023,147875112.50117514,11093784.141218888,salvador-ISSQN,salvador,ISSQN
2023-10-01,2023-10-01,7,2024-05-01,166327769.7078219,153100068.0487409,11093784.141218888,salvador-ISSQN,salvador,ISSQN
2023-10-01,2023-10-01,8,2024-06-01,159858497.2817491,147749667.77929428,11093784.141218888,salvador-ISSQN,salvador,ISSQN
2023-10-01,2023-10-01,9,2024-07-01,169912894.89976043,150132464.38898963,11093784.141218888,salvador-ISSQN,salvador,ISSQN
2023-10-01,2023-10-01,10,2024-08-01,179459931.33462426,152925773.3918791,11093784.141218888,salvador-ISSQN,salvador,ISSQN
2023-10-01,2023-10-01,11,2024-09-01,184543486.4872822,158005712.7226994,11093784.141218888,salvador-ISSQN,salvador,ISSQN
2023-10-01,2023-10-01,12,2024-10-01,179016330.2612471,157293678.97719815,11093784.141218888,salvador-ISSQN,salvador,ISSQN
2023-11-01,2023-11-01,1,2023-12-01,187215660.76514104,188538799.8881582,11160801.193844516,salvador-ISSQN,salvador,ISSQN
2023-11-01,2023-11-01,2,2024-01-01,204327604.53179494,145529961.36427307,11160801.193844516,salvador-ISSQN,salvador,ISSQN
2023-11-01,2023-11-01,3,2024-02-01,159278235.93683836,145880707.26302317,11160801.193844516,salvador-ISSQN,salvador,ISSQN
2023-11-01,2023-11-01,4,2024-03-01,162189752.8885526,156503798.19459552,11160801.193844516,salvador-ISSQN,salvador,ISSQN
2023-11-01,2023-11-01,5,2024-04-01,170382067.58095023,150783668.59727737,11160801.193844516,salvador-ISSQN,salvador,ISSQN
2023-11-01,2023-11-01,6,2024-05-01,166327769.7078219,157405092.46450678,11160801.193844516,salvador-ISSQN,salvador,ISSQN
2023-11-01,2023-11-01,7,2024-06-01,159858497.2817491,151087991.8906574,11160801.193844516,salvador-ISSQN,salvador,ISSQN
2023-11-01,2023-11-01,8,2024-07-01,169912894.89976043,152747691.27169406,11160801.193844516,salvador-ISSQN,salvador,ISSQN
2023-11-01,2023-11-01,9,2024-08-01,179459931.33462426,157293035.57184348,11160801.193844516,salvador-ISSQN,salvador,ISSQN
2023-11-01,2023-11-01,10,2024-09-01,184543486.4872822,160837809.54776052,11160801.193844516,salvador-ISSQN,salvador,ISSQN
2023-11-01,2023-11-01,11,2024-10-01,179016330.2612471,159298459.57371068,11160801.193844516,salvador-ISSQN,salvador,ISSQN
2023-11-01,2023-11-01,12,2024-11-01,170272112.29129708,156744553.9959763,11160801.193844516,salvador-ISSQN,salvador,ISSQN
2023-12-01,2023-12-01,1,2024-01-01,204327604.53179494,143717809.77811152,11185880.050022231,salvador-ISSQN,salvador,ISSQN
2023-12-01,2023-12-01,2,2024-02-01,159278235.93683836,144425438.89420605,11185880.050022231,salvador-ISSQN,salvador,ISSQN
2023-12-01,2023-12-01,3,2024-03-01,162189752.8885526,152293179.90051237,11185880.050022231,salvador-ISSQN,salvador,ISSQN
2023-12-01,2023-12-01,4,2024-04-01,170382067.58095023,147988385.12948716,11185880.050022231,salvador-ISSQN,salvador,ISSQN
2023-12-01,2023-12-01,5,2024-05-01,166327769.7078219,151277527.94925377,11185880.050022231,salvador-ISSQN,salvador,ISSQN
2023-12-01,2023-12-01,6,2024-06-01,159858497.2817491,149802548.0792777,11185880.050022231,salvador-ISSQN,salvador,ISSQN
2023-12-01,2023-12-01,7,2024-07-01,169912894.89976043,150815524.25297427,11185880.050022231,salvador-ISSQN,salvador,ISSQN
2023-12-01,2023-12-01,8,2024-08-01,179459931.33462426,153964033.6968647,11185880.050022231,salvador-ISSQN,salvador,ISSQN
2023-12-01,2023-12-01,9,2024-09-01,184543486.4872822,160301061.06682074,11185880.050022231,salvador-ISSQN,salvador,ISSQN
2023-12-01,2023-12-01,10,2024-10-01,179016330.2612471,160473425.09682631,11185880.050022231,salvador-ISSQN,salvador,ISSQN
2023-12-01,2023-12-01,11,2024-11-01,170272112.29129708,160283706.38530442,11185880.050022231,salvador-ISSQN,salvador,ISSQN
2023-12-01,2023-12-01,12,2024-12-01,201564378.85060686,188932061.28265524,11185880.050022231,salvador-ISSQN,salvador,ISSQN
2024-01-01,2024-01-01,1,2024-02-01,159278235.93683836,164160548.16005525,11783084.68741926,salvador-ISSQN,salvador,ISSQN
2024-01-01,2024-01-01,2,2024-03-01,162189752.8885526,173665140.35119835,11783084.68741926,salvador-ISSQN,salvador,ISSQN
2024-01-01,2024-01-01,3,2024-04-01,170382067.58095023,170549991.84332436,11783084.68741926,salvador-ISSQN,salvador,ISSQN
2024-01-01,2024-01-01,4,2024-05-01,166327769.7078219,173266508.55670074,11783084.68741926,salvador-ISSQN,salvador,ISSQN
2024-01-01,2024-01-01,5,2024-06-01,159858497.2817491,170450542.1763522,11783084.68741926,salvador-ISSQN,salvador,ISSQN
2024-01-01,2024-01-01,6,2024-07-01,169912894.89976043,173597017.63291252,11783084.68741926,salvador-ISSQN,salvador,ISSQN
2024-01-01,2024-01-01,7,2024-08-01,179459931.33462426,178957715.72245234,11783084.68741926,salvador-ISSQN,salvador,ISSQN
2024-01-01,2024-01-01,8,2024-09-01,184543486.4872822,182717024.28501058,11783084.68741926,salvador-ISSQN,salvador,ISSQN
2024-01-01,2024-01-01,9,2024-10-01,179016330.2612471,180656901.98427403,11783084.68741926,salvador-ISSQN,salvador,ISSQN
2024-01-01,2024-01-01,10,2024-11-01,170272112.29129708,180153943.93858197,11783084.68741926,salvador-ISSQN,salvador,ISSQN
2024-01-01,2024-01-01,11,2024-12-01,201564378.85060686,210837593.9965729,11783084.68741926,salvador-ISSQN,salvador,ISSQN
2024-01-01,2024-01-01,12,2025-01-01,165418720.9248767,173179426.62122923,11783084.68741926,salvador-ISSQN,salvador,ISSQN
2024-02-01,2024-02-01,1,2024-03-01,162189752.8885526,175277444.47945917,11932142.847481687,salvador-ISSQN,salvador,ISSQN
2024-02-01,2024-02-01,2,2024-04-01,170382067.58095023,170180594.1168798,11932142.847481687,salvador-ISSQN,salvador,ISSQN
2024-02-01,2024-02-01,3,2024-05-01,166327769.7078219,175395999.05743203,11932142.847481687,salvador-ISSQN,salvador,ISSQN
2024-02-01,2024-02-01,4,2024-06-01,159858497.2817491,171377073.56746572,11932142.847481687,salvador-ISSQN,salvador,ISSQN
2024-02-01,2024-02-01,5,2024-07-01,169912894.89976043,172933344.50770712,11932142.847481687,salvador-ISSQN,salvador,ISSQN
2024-02-01,2024-02-01,6,2024-08-01,179459931.33462426,179589258.62267753,11932142.847481687,salvador-ISSQN,salvador,ISSQN
2024-02-01,2024-02-01,7,2024-09-01,184543486.4872822,179770306.41226503,11932142.847481687,salvador-ISSQN,salvador,ISSQN
2024-02-01,2024-02-01,8,2024-10-01,179016330.2612471,176412484.74184158,11932142.847481687,salvador-ISSQN,salvador,ISSQN
2024-02-01,2024-02-01,9,2024-11-01,170272112.29129708,176177572.2050777,11932142.847481687,salvador-ISSQN,salvador,ISSQN
2024-02-01,2024-02-01,10,2024-12-01,201564378.85060686,207713223.806222,11932142.847481687,salvador-ISSQN,salvador,ISSQN
2024-02-01,2024-02-01,11,2025-01-01,165418720.9248767,170512732.31653127,11932142.847481687,salvador-ISSQN,salvador,ISSQN
2024-02-01,2024-02-01,12,2025-02-01,168682440.2340401,166529896.40182155,11932142.847481687,salvador-ISSQN,salvador,ISSQN
2024-03-01,2024-03-01,1,2024-04-01,170382067.58095023,164403275.08765793,11978368.82477604,salvador-ISSQN,salvador,ISSQN
2024-03-01,2024-03-01,2,2024-05-01,166327769.7078219,169592672.42763218,11978368.82477604,salvador-ISSQN,salvador,ISSQN
2024-03-01,2024-03-01,3,2024-06-01,159858497.2817491,165794267.56777707,11978368.82477604,salvador-ISSQN,salvador,ISSQN
2024-03-01,2024-03-01,4,2024-07-01,169912894.89976043,168355660.33021468,11978368.82477604,salvador-ISSQN,salvador,ISSQN
2024-03-01,2024-03-01,5,2024-08-01,179459931.33462426,173252554.4929488,11978368.82477604,salvador-ISSQN,salvador,ISSQN
2024-03-01,2024-03-01,6,2024-09-01,184543486.4872822,176535388.12276998,11978368.82477604,salvador-ISSQN,salvador,ISSQN
2024-03-01,2024-03-01,7,2024-10-01,179016330.2612471,175000959.78996626,11978368.82477604,salvador-ISSQN,salvador,ISSQN
2024-03-01,2024-03-01,8,2024-11-01,170272112.29129708,175575255.94537327,11978368.82477604,salvador-ISSQN,salvador,ISSQN
2024-03-01,2024-03-01,9,2024-12-01,201564378.85060686,204462785.57025018,11978368.82477604,salvador-ISSQN,salvador,ISSQN
2024-03-01,2024-03-01,10,2025-01-01,165418720.9248767,167361845.1448691,11978368.82477604,salvador-ISSQN,salvador,ISSQN
2024-03-01,2024-03-01,11,2025-02-01,168682440.2340401,161824320.98424244,11978368.82477604,salvador-ISSQN,salvador,ISSQN
2024-03-01,2024-03-01,12,2025-03-01,175688943.8790584,172010827.38943908,11978368.82477604,salvador-ISSQN,salvador,ISSQN
2024-04-01,2024-04-01,1,2024-05-01,166327769.7078219,167176391.76096112,12127319.770823214,salvador-ISSQN,salvador,ISSQN
2024-04-01,2024-04-01,2,2024-06-01,159858497.2817491,164417685.568887,12127319.770823214,salvador-ISSQN,salvador,ISSQN
2024-04-01,2024-04-01,3,2024-07-01,169912894.89976043,166553452.30477905,12127319.770823214,salvador-ISSQN,salvador,ISSQN
2024-04-01,2024-04-01,4,2024-08-01,179459931.33462426,171150058.83954552,12127319.770823214,salvador-ISSQN,salvador,ISSQN
2024-04-01,2024-04-01,5,2024-09-01,184543486.4872822,177609692.1563056,12127319.770823214,salvador-ISSQN,salvador,ISSQN
2024-04-01,2024-04-01,6,2024-10-01,179016330.2612471,168524805.6385509,12127319.770823214,salvador-ISSQN,salvador,ISSQN
2024-04-01,2024-04-01,7,2024-11-01,170272112.29129708,172464875.6637474,12127319.770823214,salvador-ISSQN,salvador,ISSQN
2024-04-01,2024-04-01,8,2024-12-01,201564378.85060686,200490961.62846076,12127319.770823214,salvador-ISSQN,salvador,ISSQN
2024-04-01,2024-04-01,9,2025-01-01,165418720.9248767,163720492.3689524,12127319.770823214,salvador-ISSQN,salvador,ISSQN
2024-04-01,2024-04-01,10,2025-02-01,168682440.2340401,160203500.25880367,12127319.770823214,salvador-ISSQN,salvador,ISSQN
2024-04-01,2024-04-01,11,2025-03-01,175688943.8790584,171221640.7412929,12127319.770823214,salvador-ISSQN,salvador,ISSQN
2024-04-01,2024-04-01,12,2025-04-01,181535033.12456664,167070693.17128104,12127319.770823214,salvador-ISSQN,salvador,ISSQN
2024-05-01,2024-05-01,1,2024-06-01,159858497.2817491,164815242.404619,12208676.423622644,salvador-ISSQN,salvador,ISSQN
2024-05-01,2024-05-01,2,2024-07-01,169912894.89976043,168138217.96396506,12208676.423622644,salvador-ISSQN,salvador,ISSQN
2024-05-01,2024-05-01,3,2024-08-01,179459931.33462426,173889353.47262624,12208676.423622644,salvador-ISSQN,salvador,ISSQN
2024-05-01,2024-05-01,4,2024-09-01,184543486.4872822,176726237.6844318,12208676.423622644,salvador-ISSQN,salvador,ISSQN
2024-05-01,2024-05-01,5,2024-10-01,179016330.2612471,171628479.85788146,12208676.423622644,salvador-ISSQN,salvador,ISSQN
2024-05-01,2024-05-01,6,2024-11-01,170272112.29129708,174280938.91275203,12208676.423622644,salvador-ISSQN,salvador,ISSQN
2024-05-01,2024-05-01,7,2024-12-01,201564378.85060686,204838418.56838825,12208676.423622644,salvador-ISSQN,salvador,ISSQN
2024-05-01,2024-05-01,8,2025-01-01,165418720.9248767,167757240.04870152,12208676.423622644,salvador-ISSQN,salvador,ISSQN
2024-05-01,2024-05-01,9,2025-02-01,168682440.2340401,164519189.82760513,12208676.423622644,salvador-ISSQN,salvador,ISSQN
2024-05-01,2024-05-01,10,2025-03-01,175688943.8790584,176231877.95710918,12208676.423622644,salvador-ISSQN,salvador,ISSQN
2024-05-01,2024-05-01,11,2025-04-01,181535033.12456664,169350071.88366297,12208676.423622644,salvador-ISSQN,salvador,ISSQN
2024-05-01,2024-05-01,12,2025-05-01,181276769.84444195,172963450.1791342,12208676.423622644,salvador-ISSQN,salvador,ISSQN
2024-06-01,2024-06-01,1,2024-07-01,169912894.89976043,166128881.90928978,12205773.076029072,salvador-ISSQN,salvador,ISSQN
2024-06-01,2024-06-01,2,2024-08-01,179459931.33462426,170726191.47646102,12205773.076029072,salvador-ISSQN,salvador,ISSQN
2024-06-01,2024-06-01,3,2024-09-01,184543486.4872822,175162104.82616088,12205773.076029072,salvador-ISSQN,salvador,ISSQN
2024-06-01,2024-06-01,4,2024-10-01,179016330.2612471,170868046.31230226,12205773.076029072,salvador-ISSQN,salvador,ISSQN
2024-06-01,2024-06-01,5,2024-11-01,170272112.29129708,173000572.89478755,12205773.076029072,salvador-ISSQN,salvador,ISSQN
2024-06-01,2024-06-01,6,2024-12-01,201564378.85060686,201467998.52974135,12205773.076029072,salvador-ISSQN,salvador,ISSQN
2024-06-01,2024-06-01,7,2025-01-01,165418720.9248767,164040988.23449776,12205773.076029072,salvador-ISSQN,salvador,ISSQN
2024-06-01,2024-06-01,8,2025-02-01,168682440.2340401,160826620.40244776,12205773.076029072,salvador-ISSQN,salvador,ISSQN
2024-06-01,2024-06-01,9,2025-03-01,175688943.8790584,170547951.47425407,12205773.076029072,salvador-ISSQN,salvador,ISSQN
2024-06-01,2024-06-01,10,2025-04-01,181535033.12456664,166729675.96290782,12205773.076029072,salvador-ISSQN,salvador,ISSQN
2024-06-01,2024-06-01,11,2025-05-01,181276769.84444195,172943987.23596996,12205773.076029072,salvador-ISSQN,salvador,ISSQN
2024-06-01,2024-06-01,12,2025-06-01,168323445.51961663,166206536.9178117,12205773.076029072,salvador-ISSQN,salvador,ISSQN
2024-07-01,2024-07-01,1,2024-08-01,179459931.33462426,173187345.00954252,12282496.503963746,salvador-ISSQN,salvador,ISSQN
2024-07-01,2024-07-01,2,2024-09-01,184543486.4872822,174569250.54991147,12282496.503963746,salvador-ISSQN,salvador,ISSQN
2024-07-01,2024-07-01,3,2024-10-01,179016330.2612471,173706154.01521805,12282496.503963746,salvador-ISSQN,salvador,ISSQN
2024-07-01,2024-07-01,4,2024-11-01,170272112.29129708,174007050.64485946,12282496.503963746,salvador-ISSQN,salvador,ISSQN
2024-07-01,2024-07-01,5,2024-12-01,201564378.85060686,203931432.22003755,12282496.503963746,salvador-ISSQN,salvador,ISSQN
2024-07-01,2024-07-01,6,2025-01-01,165418720.9248767,166717403.73071697,12282496.503963746,salvador-ISSQN,salvador,ISSQN
2024-07-01,2024-07-01,7,2025-02-01,168682440.2340401,164974242.8923004,12282496.503963746,salvador-ISSQN,salvador,ISSQN
2024-07-01,2024-07-01,8,2025-03-01,175688943.8790584,177326896.69101375,12282496.503963746,salvador-ISSQN,salvador,ISSQN
2024-07-01,2024-07-01,9,2025-04-01,181535033.12456664,171283543.47067434,12282496.503963746,salvador-ISSQN,salvador,ISSQN
2024-07-01,2024-07-01,10,2025-05-01,181276769.84444195,178161775.289536,12282496.503963746,salvador-ISSQN,salvador,ISSQN
2024-07-01,2024-07-01,11,2025-06-01,168323445.51961663,172205643.93068922,12282496.503963746,salvador-ISSQN,salvador,ISSQN
2024-07-01,2024-07-01,12,2025-07-01,172403341.7654783,176335342.00943053,12282496.503963746,salvador-ISSQN,salvador,ISSQN
2024-08-01,2024-08-01,1,2024-09-01,184543486.4872822,177508507.1363757,12367770.693260504,salvador-ISSQN,salvador,ISSQN
2024-08-01,2024-08-01,2,2024-10-01,179016330.2612471,172103298.99637124,12367770.693260504,salvador-ISSQN,salvador,ISSQN
2024-08-01,2024-08-01,3,2024-11-01,170272112.29129708,176455037.29433995,12367770.693260504,salvador-ISSQN,salvador,ISSQN
2024-08-01,2024-08-01,4,2024-12-01,201564378.85060686,207077105.27073368,12367770.693260504,salvador-ISSQN,salvador,ISSQN
2024-08-01,2024-08-01,5,2025-01-01,165418720.9248767,169608864.64015964,12367770.693260504,salvador-ISSQN,salvador,ISSQN
2024-08-01,2024-08-01,6,2025-02-01,168682440.2340401,166389066.68494603,12367770.693260504,salvador-ISSQN,salvador,ISSQN
2024-08-01,2024-08-01,7,2025-03-01,175688943.8790584,178409902.96772718,12367770.693260504,salvador-ISSQN,salvador,ISSQN
2024-08-01,2024-08-01,8,2025-04-01,181535033.12456664,172636982.68985286,12367770.693260504,salvador-ISSQN,salvador,ISSQN
2024-08-01,2024-08-01,9,2025-05-01,181276769.84444195,178664036.2733541,12367770.693260504,salvador-ISSQN,salvador,ISSQN
2024-08-01,2024-08-01,10,2025-06-01,168323445.51961663,173548882.517093,12367770.693260504,salvador-ISSQN,salvador,ISSQN
2024-08-01,2024-08-01,11,2025-07-01,172403341.7654783,175077718.1662644,12367770.693260504,salvador-ISSQN,salvador,ISSQN
2024-08-01,2024-08-01,12,2025-08-01,184564790.1691121,181857003.26608843,12367770.693260504,salvador-ISSQN,salvador,ISSQN
2024-09-01,2024-09-01,1,2024-10-01,179016330.2612471,171902846.9203382,12585719.543126041,salvador-ISSQN,salvador,ISSQN
2024-09-01,2024-09-01,2,2024-11-01,170272112.29129708,176006786.38795367,12585719.543126041,salvador-ISSQN,salvador,ISSQN
2024-09-01,2024-09-01,3,2024-12-01,201564378.85060686,204777536.42358828,12585719.543126041,salvador-ISSQN,salvador,ISSQN
2024-09-01,2024-09-01,4,2025-01-01,165418720.9248767,167956885.35091138,12585719.543126041,salvador-ISSQN,salvador,ISSQN
2024-09-01,2024-09-01,5,2025-02-01,168682440.2340401,164662832.64005005,12585719.543126041,salvador-ISSQN,salvador,ISSQN
2024-09-01,2024-09-01,6,2025-03-01,175688943.8790584,176371822.34861535,12585719.543126041,salvador-ISSQN,salvador,ISSQN
2024-09-01,2024-09-01,7,2025-04-01,181535033.12456664,170468566.96012694,12585719.543126041,salvador-ISSQN,salvador,ISSQN
2024-09-01,2024-09-01,8,2025-05-01,181276769.84444195,175707540.0405779,12585719.543126041,salvador-ISSQN,salvador,ISSQN
2024-09-01,2024-09-01,9,2025-06-01,168323445.51961663,169751173.05573133,12585719.543126041,salvador-ISSQN,salvador,ISSQN
2024-09-01,2024-09-01,10,2025-07-01,172403341.7654783,172161270.46919772,12585719.543126041,salvador-ISSQN,salvador,ISSQN
2024-09-01,2024-09-01,11,2025-08-01,184564790.1691121,176683066.47954828,12585719.543126041,salvador-ISSQN,salvador,ISSQN
2024-09-01,2024-09-01,12,2025-09-01,187039213.58700693,180533060.28453547,12585719.543126041,salvador-ISSQN,salvador,ISSQN
2024-10-01,2024-10-01,1,2024-11-01,170272112.29129708,180426978.47078773,12623119.3961063,salvador-ISSQN,salvador,ISSQN
2024-10-01,2024-10-01,2,2024-12-01,201564378.85060686,209643325.06234476,12623119.3961063,salvador-ISSQN,salvador,ISSQN
2024-10-01,2024-10-01,3,2025-01-01,165418720.9248767,173768627.6352333,12623119.3961063,salvador-ISSQN,salvador,ISSQN
2024-10-01,2024-10-01,4,2025-02-01,168682440.2340401,168967591.1450795,12623119.3961063,salvador-ISSQN,salvador,ISSQN
2024-10-01,2024-10-01,5,2025-03-01,175688943.8790584,180902609.02317375,12623119.3961063,salvador-ISSQN,salvador,ISSQN
2024-10-01,2024-10-01,6,2025-04-01,181535033.12456664,175731288.00191507,12623119.3961063,salvador-ISSQN,salvador,ISSQN
2024-10-01,2024-10-01,7,2025-05-01,181276769.84444195,180976941.1619707,12623119.3961063,salvador-ISSQN,salvador,ISSQN
2024-10-01,2024-10-01,8,2025-06-01,168323445.51961663,175460485.0622263,12623119.3961063,salvador-ISSQN,salvador,ISSQN
2024-10-01,2024-10-01,9,2025-07-01,172403341.7654783,180416387.78139168,12623119.3961063,salvador-ISSQN,salvador,ISSQN
2024-10-01,2024-10-01,10,2025-08-01,184564790.1691121,185874444.5061328,12623119.3961063,salvador-ISSQN,salvador,ISSQN
2024-10-01,2024-10-01,11,2025-09-01,187039213.58700693,187979352.61391217,12623119.3961063,salvador-ISSQN,salvador,ISSQN
2024-10-01,2024-10-01,12,2025-10-01,195235211.1399195,182685439.78299975,12623119.3961063,salvador-ISSQN,salvador,ISSQN
2024-11-01,2024-11-01,1,2024-12-01,201564378.85060686,205297642.19483852,12570186.486650469,salvador-ISSQN,salvador,ISSQN
2024-11-01,2024-11-01,2,2025-01-01,165418720.9248767,168385112.51570055,12570186.486650469,salvador-ISSQN,salvador,ISSQN
2024-11-01,2024-11-01,3,2025-02-01,168682440.2340401,166335886.63182938,12570186.486650469,salvador-ISSQN,salvador,ISSQN
2024-11-01,2024-11-01,4,2025-03-01,175688943.8790584,173674724.85778823,12570186.486650469,salvador-ISSQN,salvador,ISSQN
2024-11-01,2024-11-01,5,2025-04-01,181535033.12456664,172741750.6708728,12570186.486650469,salvador-ISSQN,salvador,ISSQN
2024-11-01,2024-11-01,6,2025-05-01,181276769.84444195,180015057.4173493,12570186.486650469,salvador-ISSQN,salvador,ISSQN
2024-11-01,2024-11-01,7,2025-06-01,168323445.51961663,171938219.36604977,12570186.486650469,salvador-ISSQN,salvador,ISSQN
2024-11-01,2024-11-01,8,2025-07-01,172403341.7654783,175721247.71964428,12570186.486650469,salvador-ISSQN,salvador,ISSQN
2024-11-01,2024-11-01,9,2025-08-01,184564790.1691121,179516109.2831425,12570186.486650469,salvador-ISSQN,salvador,ISSQN
2024-11-01,2024-11-01,10,2025-09-01,187039213.58700693,182847861.99644163,12570186.486650469,salvador-ISSQN,salvador,ISSQN
2024-11-01,2024-11-01,11,2025-10-01,195235211.1399195,178551076.74792102,12570186.486650469,salvador-ISSQN,salvador,ISSQN
2024-11-01,2024-11-01,12,2025-11-01,192262765.6760926,178239317.72378385,12570186.486650469,salvador-ISSQN,salvador,ISSQN
2024-12-01,2024-12-01,1,2025-01-01,165418720.9248767,169148242.2714825,12586654.371824685,salvador-ISSQN,salvador,ISSQN
2024-12-01,2024-12-01,2,2025-02-01,168682440.2340401,166341507.0211678,12586654.371824685,salvador-ISSQN,salvador,ISSQN
2024-12-01,2024-12-01,3,2025-03-01,175688943.8790584,176182979.72463727,12586654.371824685,salvador-ISSQN,salvador,ISSQN
2024-12-01,2024-12-01,4,2025-04-01,181535033.12456664,172542466.08182153,12586654.371824685,salvador-ISSQN,salvador,ISSQN
2024-12-01,2024-12-01,5,2025-05-01,181276769.84444195,176329010.97922933,12586654.371824685,salvador-ISSQN,salvador,ISSQN
2024-12-01,2024-12-01,6,2025-06-01,168323445.51961663,172453554.26263943,12586654.371824685,salvador-ISSQN,salvador,ISSQN
2024-12-01,2024-12-01,7,2025-07-01,172403341.7654783,175925088.51318622,12586654.371824685,salvador-ISSQN,salvador,ISSQN
2024-12-01,2024-12-01,8,2025-08-01,184564790.1691121,180923021.98630396,12586654.371824685,salvador-ISSQN,salvador,ISSQN
2024-12-01,2024-12-01,9,2025-09-01,187039213.58700693,184344913.87907192,12586654.371824685,salvador-ISSQN,salvador,ISSQN
2024-12-01,2024-12-01,10,2025-10-01,195235211.1399195,178182461.84106338,12586654.371824685,salvador-ISSQN,salvador,ISSQN
2024-12-01,2024-12-01,11,2025-11-01,192262765.6760926,183936125.23143765,12586654.371824685,salvador-ISSQN,salvador,ISSQN
2024-12-01,2024-12-01,12,2025-12-01,211689477.99,212742440.1858346,12586654.371824685,salvador-ISSQN,salvador,ISSQN
2025-01-01,2025-01-01,1,2025-02-01,168682440.2340401,163109500.80204928,12828142.71343105,salvador-ISSQN,salvador,ISSQN
2025-01-01,2025-01-01,2,2025-03-01,175688943.8790584,173663586.10548794,12828142.71343105,salvador-ISSQN,salvador,ISSQN
2025-01-01,2025-01-01,3,2025-04-01,181535033.12456664,170604910.2557739,12828142.71343105,salvador-ISSQN,salvador,ISSQN
2025-01-01,2025-01-01,4,2025-05-01,181276769.84444195,176383271.20241863,12828142.71343105,salvador-ISSQN,salvador,ISSQN
2025-01-01,2025-01-01,5,2025-06-01,168323445.51961663,170512429.2208913,12828142.71343105,salvador-ISSQN,salvador,ISSQN
2025-01-01,2025-01-01,6,2025-07-01,172403341.7654783,173574391.47487262,12828142.71343105,salvador-ISSQN,salvador,ISSQN
2025-01-01,2025-01-01,7,2025-08-01,184564790.1691121,179473390.7709676,12828142.71343105,salvador-ISSQN,salvador,ISSQN
2025-01-01,2025-01-01,8,2025-09-01,187039213.58700693,184083850.65975013,12828142.71343105,salvador-ISSQN,salvador,ISSQN
2025-01-01,2025-01-01,9,2025-10-01,195235211.1399195,178564502.7359624,12828142.71343105,salvador-ISSQN,salvador,ISSQN
2025-01-01,2025-01-01,10,2025-11-01,192262765.6760926,179941812.75448167,12828142.71343105,salvador-ISSQN,salvador,ISSQN
2025-01-01,2025-01-01,11,2025-12-01,211689477.99,209706466.0624181,12828142.71343105,salvador-ISSQN,salvador,ISSQN
2025-02-01,2025-02-01,1,2025-03-01,175688943.8790584,175573318.8547665,12797016.00055624,salvador-ISSQN,salvador,ISSQN
2025-02-01,2025-02-01,2,2025-04-01,181535033.12456664,171913486.90772438,12797016.00055624,salvador-ISSQN,salvador,ISSQN
2025-02-01,2025-02-01,3,2025-05-01,181276769.84444195,175710510.56997964,12797016.00055624,salvador-ISSQN,salvador,ISSQN
2025-02-01,2025-02-01,4,2025-06-01,168323445.51961663,172184308.40721956,12797016.00055624,salvador-ISSQN,salvador,ISSQN
2025-02-01,2025-02-01,5,2025-07-01,172403341.7654783,175538141.73716488,12797016.00055624,salvador-ISSQN,salvador,ISSQN
2025-02-01,2025-02-01,6,2025-08-01,184564790.1691121,178234533.49654582,12797016.00055624,salvador-ISSQN,salvador,ISSQN
2025-02-01,2025-02-01,7,2025-09-01,187039213.58700693,184474651.57106733,12797016.00055624,salvador-ISSQN,salvador,ISSQN
2025-02-01,2025-02-01,8,2025-10-01,195235211.1399195,177939833.5786885,12797016.00055624,salvador-ISSQN,salvador,ISSQN
2025-02-01,2025-02-01,9,2025-11-01,192262765.6760926,181788921.35730782,12797016.00055624,salvador-ISSQN,salvador,ISSQN
2025-02-01,2025-02-01,10,2025-12-01,211689477.99,211603447.34289375,12797016.00055624,salvador-ISSQN,salvador,ISSQN
2025-03-01,2025-03-01,1,2025-04-01,181535033.12456664,171497154.45827487,12803341.901366595,salvador-ISSQN,salvador,ISSQN
2025-03-01,2025-03-01,2,2025-05-01,181276769.84444195,176663443.68940312,12803341.901366595,salvador-ISSQN,salvador,ISSQN
2025-03-01,2025-03-01,3,2025-06-01,168323445.51961663,170279346.7487747,12803341.901366595,salvador-ISSQN,salvador,ISSQN
2025-03-01,2025-03-01,4,2025-07-01,172403341.7654783,172712717.99358916,12803341.901366595,salvador-ISSQN,salvador,ISSQN
2025-03-01,2025-03-01,5,2025-08-01,184564790.1691121,176907975.73504496,12803341.901366595,salvador-ISSQN,salvador,ISSQN
2025-03-01,2025-03-01,6,2025-09-01,187039213.58700693,181438441.16456917,12803341.901366595,salvador-ISSQN,salvador,ISSQN
2025-03-01,2025-03-01,7,2025-10-01,195235211.1399195,176594573.7649369,12803341.901366595,salvador-ISSQN,salvador,ISSQN
2025-03-01,2025-03-01,8,2025-11-01,192262765.6760926,177573390.78444606,12803341.901366595,salvador-ISSQN,salvador,ISSQN
2025-03-01,2025-03-01,9,2025-12-01,211689477.99,207235301.96958423,12803341.901366595,salvador-ISSQN,salvador,ISSQN
2025-04-01,2025-04-01,1,2025-05-01,181276769.84444195,180662039.98158336,12788606.398172393,salvador-ISSQN,salvador,ISSQN
2025-04-01,2025-04-01,2,2025-06-01,168323445.51961663,175713676.51552248,12788606.398172393,salvador-ISSQN,salvador,ISSQN
2025-04-01,2025-04-01,3,2025-07-01,172403341.7654783,178282967.2661039,12788606.398172393,salvador-ISSQN,salvador,ISSQN
2025-04-01,2025-04-01,4,2025-08-01,184564790.1691121,182741371.83274096,12788606.398172393,salvador-ISSQN,salvador,ISSQN
2025-04-01,2025-04-01,5,2025-09-01,187039213.58700693,187869493.40354964,12788606.398172393,salvador-ISSQN,salvador,ISSQN
2025-04-01,2025-04-01,6,2025-10-01,195235211.1399195,181082281.0264289,12788606.398172393,salvador-ISSQN,salvador,ISSQN
2025-04-01,2025-04-01,7,2025-11-01,192262765.6760926,185534339.26686892,12788606.398172393,salvador-ISSQN,salvador,ISSQN
2025-04-01,2025-04-01,8,2025-12-01,211689477.99,215712932.45492345,12788606.398172393,salvador-ISSQN,salvador,ISSQN
2025-05-01,2025-05-01,1,2025-06-01,168323445.51961663,174724528.07915017,12807724.926831223,salvador-ISSQN,salvador,ISSQN
2025-05-01,2025-05-01,2,2025-07-01,172403341.7654783,177682622.23098972,12807724.926831223,salvador-ISSQN,salvador,ISSQN
2025-05-01,2025-05-01,3,2025-08-01,184564790.1691121,181477891.4579472,12807724.926831223,salvador-ISSQN,salvador,ISSQN
2025-05-01,2025-05-01,4,2025-09-01,187039213.58700693,186871924.42698452,12807724.926831223,salvador-ISSQN,salvador,ISSQN
2025-05-01,2025-05-01,5,2025-10-01,195235211.1399195,182720904.09303838,12807724.926831223,salvador-ISSQN,salvador,ISSQN
2025-05-01,2025-05-01,6,2025-11-01,192262765.6760926,184927507.1792471,12807724.926831223,salvador-ISSQN,salvador,ISSQN
2025-05-01,2025-05-01,7,2025-12-01,211689477.99,213395803.98960602,12807724.926831223,salvador-ISSQN,salvador,ISSQN
2025-06-01,2025-06-01,1,2025-07-01,172403341.7654783,177077971.24372327,12769630.394471891,salvador-ISSQN,salvador,ISSQN
2025-06-01,2025-06-01,2,2025-08-01,184564790.1691121,180391935.41332343,12769630.394471891,salvador-ISSQN,salvador,ISSQN
2025-06-01,2025-06-01,3,2025-09-01,187039213.58700693,185188836.62455124,12769630.394471891,salvador-ISSQN,salvador,ISSQN
2025-06-01,2025-06-01,4,2025-10-01,195235211.1399195,182849990.20289814,12769630.394471891,salvador-ISSQN,salvador,ISSQN
2025-06-01,2025-06-01,5,2025-11-01,192262765.6760926,180745154.19018412,12769630.394471891,salvador-ISSQN,salvador,ISSQN
2025-06-01,2025-06-01,6,2025-12-01,211689477.99,212634309.5968786,12769630.394471891,salvador-ISSQN,salvador,ISSQN
2025-07-01,2025-07-01,1,2025-08-01,184564790.1691121,177176302.19039628,12680246.18987403,salvador-ISSQN,salvador,ISSQN
2025-07-01,2025-07-01,2,2025-09-01,187039213.58700693,184631724.23227853,12680246.18987403,salvador-ISSQN,salvador,ISSQN
2025-07-01,2025-07-01,3,2025-10-01,195235211.1399195,178710156.3486761,12680246.18987403,salvador-ISSQN,salvador,ISSQN
2025-07-01,2025-07-01,4,2025-11-01,192262765.6760926,180072458.33026388,12680246.18987403,salvador-ISSQN,salvador,ISSQN
2025-07-01,2025-07-01,5,2025-12-01,211689477.99,212314770.32939702,12680246.18987403,salvador-ISSQN,salvador,ISSQN
2025-08-01,2025-08-01,1,2025-09-01,187039213.58700693,185925519.12211162,12614941.126465531,salvador-ISSQN,salvador,ISSQN
2025-08-01,2025-08-01,2,2025-10-01,195235211.1399195,181701198.73805475,12614941.126465531,salvador-ISSQN,salvador,ISSQN
2025-08-01,2025-08-01,3,2025-11-01,192262765.6760926,181059512.78549471,12614941.126465531,salvador-ISSQN,salvador,ISSQN
2025-08-01,2025-08-01,4,2025-12-01,211689477.99,212884608.77298003,12614941.126465531,salvador-ISSQN,salvador,ISSQN
2025-09-01,2025-09-01,1,2025-10-01,195235211.1399195,182488760.1483238,12528452.117689969,salvador-ISSQN,salvador,ISSQN
2025-09-01,2025-09-01,2,2025-11-01,192262765.6760926,181320950.7347431,12528452.117689969,salvador-ISSQN,salvador,ISSQN
2025-09-01,2025-09-01,3,2025-12-01,211689477.99,212119113.55306315,12528452.117689969,salvador-ISSQN,salvador,ISSQN
2025-10-01,2025-10-01,1,2025-11-01,192262765.6760926,187106778.94296792,12559726.937698293,salvador-ISSQN,salvador,ISSQN
2025-10-01,2025-10-01,2,2025-12-01,211689477.99,215369101.1094654,12559726.937698293,salvador-ISSQN,salvador,ISSQN
2025-11-01,2025-11-01,1,2025-12-01,211689477.99,216988907.27405325,12638978.420447009,salvador-ISSQN,salvador,ISSQN
2020-12-01,2020-12-01,1,2021-01-01,5574464.266987887,8846094.136821315,9834237.621829418,camacari-IPTU,camacari,IPTU
2020-12-01,2020-12-01,2,2021-02-01,6895054.255048427,29281266.76377386,9834237.621829418,camacari-IPTU,camacari,IPTU
2020-12-01,2020-12-01,3,2021-03-01,112702246.07639827,37142955.708155274,9834237.621829418,camacari-IPTU,camacari,IPTU
2020-12-01,2020-12-01,4,2021-04-01,19209490.334815037,44198254.31727227,9834237.621829418,camacari-IPTU,camacari,IPTU
2020-12-01,2020-12-01,5,2021-05-01,26237779.75309817,10902447.814355716,9834237.621829418,camacari-IPTU,camacari,IPTU
2020-12-01,2020-12-01,6,2021-06-01,6780175.600741205,11235977.920564782,9834237.621829418,camacari-IPTU,camacari,IPTU
2020-12-01,2020-12-01,7,2021-07-01,8409795.03666179,10571653.111929294,9834237.621829418,camacari-IPTU,camacari,IPTU
2020-12-01,2020-12-01,8,2021-08-01,8180263.29398786,11197269.816773195,9834237.621829418,camacari-IPTU,camacari,IPTU
2020-12-01,2020-12-01,9,2021-09-01,7259633.949597636,10314046.411589779,9834237.621829418,camacari-IPTU,camacari,IPTU
2020-12-01,2020-12-01,10,2021-10-01,9096487.604462316,9988442.732192859,9834237.621829418,camacari-IPTU,camacari,IPTU
2020-12-01,2020-12-01,11,2021-11-01,7282535.99270146,10304886.68383426,9834237.621829418,camacari-IPTU,camacari,IPTU
2020-12-01,2020-12-01,12,2021-12-01,7197779.503408926,10688603.397371726,9834237.621829418,camacari-IPTU,camacari,IPTU
2021-01-01,2021-01-01,1,2021-02-01,6895054.255048427,71121136.08593358,9688977.182049995,camacari-IPTU,camacari,IPTU
2021-01-01,2021-01-01,2,2021-03-01,112702246.07639827,98587247.70722975,9688977.182049995,camacari-IPTU,camacari,IPTU
2021-01-01,2021-01-01,3,2021-04-01,19209490.334815037,82490602.24754827,9688977.182049995,camacari-IPTU,camacari,IPTU
2021-01-01,2021-01-01,4,2021-05-01,26237779.75309817,10832009.04170626,9688977.182049995,camacari-IPTU,camacari,IPTU
2021-01-01,2021-01-01,5,2021-06-01,6780175.600741205,10903996.444304187,9688977.182049995,camacari-IPTU,camacari,IPTU
2021-01-01,2021-01-01,6,2021-07-01,8409795.03666179,9646723.312967611,9688977.182049995,camacari-IPTU,camacari,IPTU
2021-01-01,2021-01-01,7,2021-08-01,8180263.29398786,11379946.478647025,9688977.182049995,camacari-IPTU,camacari,IPTU
2021-01-01,2021-01-01,8,2021-09-01,7259633.949597636,8273033.555752037,9688977.182049995,camacari-IPTU,camacari,IPTU
2021-01-01,2021-01-01,9,2021-10-01,9096487.604462316,8687641.450602392,9688977.182049995,camacari-IPTU,camacari,IPTU
2021-01-01,2021-01-01,10,2021-11-01,7282535.99270146,8765128.557120265,9688977.182049995,camacari-IPTU,camacari,IPTU
2021-01-01,2021-01-01,11,2021-12-01,7197779.503408926,9939482.038102072,9688977.182049995,camacari-IPTU,camacari,IPTU
2021-01-01,2021-01-01,12,2022-01-01,4837683.587523954,6578336.2518861545,9688977.182049995,camacari-IPTU,camacari,IPTU
2021-02-01,2021-02-01,1,2021-03-01,112702246.07639827,34696458.25321476,9554833.068743763,camacari-IPTU,camacari,IPTU
2021-02-01,2021-02-01,2,2021-04-01,19209490.334815037,42167493.252740435,9554833.068743763,camacari-IPTU,camacari,IPTU
2021-02-01,2021-02-01,3,2021-05-01,26237779.75309817,9302389.705080837,9554833.068743763,camacari-IPTU,camacari,IPTU
2021-02-01,2021-02-01,4,2021-06-01,6780175.600741205,9290981.87729305,9554833.068743763,camacari-IPTU,camacari,IPTU
2021-02-01,2021-02-01,5,2021-07-01,8409795.03666179,8981104.501943583,9554833.068743763,camacari-IPTU,camacari,IPTU
2021-02-01,2021-02-01,6,2021-08-01,8180263.29398786,9658508.679740896,9554833.068743763,camacari-IPTU,camacari,IPTU
2021-02-01,2021-02-01,7,2021-09-01,7259633.949597636,8437862.468413426,9554833.068743763,camacari-IPTU,camacari,IPTU
2021-02-01,2021-02-01,8,2021-10-01,9096487.604462316,8282256.589018366,9554833.068743763,camacari-IPTU,camacari,IPTU
2021-02-01,2021-02-01,9,2021-11-01,7282535.99270146,8270988.14402429,9554833.068743763,camacari-IPTU,camacari,IPTU
2021-02-01,2021-02-01,10,2021-12-01,7197779.503408926,8907833.68150998,9554833.068743763,camacari-IPTU,camacari,IPTU
2021-02-01,2021-02-01,11,2022-01-01,4837683.587523954,7824561.318132992,9554833.068743763,camacari-IPTU,camacari,IPTU
2021-02-01,2021-02-01,12,2022-02-01,10747333.805839347,29339003.709530108,9554833.068743763,camacari-IPTU,camacari,IPTU
2021-03-01,2021-03-01,1,2021-04-01,19209490.334815037,83799092.86706422,10499157.47482719,camacari-IPTU,camacari,IPTU
2021-03-01,2021-03-01,2,2021-05-01,26237779.75309817,10558978.472770154,10499157.47482719,camacari-IPTU,camacari,IPTU
2021-03-01,2021-03-01,3,2021-06-01,6780175.600741205,10154453.659836221,10499157.47482719,camacari-IPTU,camacari,IPTU
2021-03-01,2021-03-01,4,2021-07-01,8409795.03666179,9146790.6462656,10499157.47482719,camacari-IPTU,camacari,IPTU
2021-03-01,2021-03-01,5,2021-08-01,8180263.29398786,10895573.10708469,10499157.47482719,camacari-IPTU,camacari,IPTU
2021-03-01,2021-03-01,6,2021-09-01,7259633.949597636,8032549.576034161,10499157.47482719,camacari-IPTU,camacari,IPTU
2021-03-01,2021-03-01,7,2021-10-01,9096487.604462316,8488385.582552107,10499157.47482719,camacari-IPTU,camacari,IPTU
2021-03-01,2021-03-01,8,2021-11-01,7282535.99270146,8400090.886441465,10499157.47482719,camacari-IPTU,camacari,IPTU
2021-03-01,2021-03-01,9,2021-12-01,7197779.503408926,9703294.020562239,10499157.47482719,camacari-IPTU,camacari,IPTU
2021-03-01,2021-03-01,10,2022-01-01,4837683.587523954,6044192.705131475,10499157.47482719,camacari-IPTU,camacari,IPTU
2021-03-01,2021-03-01,11,2022-02-01,10747333.805839347,50235162.989439614,10499157.47482719,camacari-IPTU,camacari,IPTU
2021-03-01,2021-03-01,12,2022-03-01,127432797.50553215,87979338.17229803,10499157.47482719,camacari-IPTU,camacari,IPTU
2021-04-01,2021-04-01,1,2021-05-01,26237779.75309817,9654826.8547558,10882382.342094596,camacari-IPTU,camacari,IPTU
2021-04-01,2021-04-01,2,2021-06-01,6780175.600741205,9325227.547827285,10882382.342094596,camacari-IPTU,camacari,IPTU
2021-04-01,2021-04-01,3,2021-07-01,8409795.03666179,8343479.863320725,10882382.342094596,camacari-IPTU,camacari,IPTU
2021-04-01,2021-04-01,4,2021-08-01,8180263.29398786,9889392.83855739,10882382.342094596,camacari-IPTU,camacari,IPTU
2021-04-01,2021-04-01,5,2021-09-01,7259633.949597636,7402832.2795016365,10882382.342094596,camacari-IPTU,camacari,IPTU
2021-04-01,2021-04-01,6,2021-10-01,9096487.604462316,7628441.780491593,10882382.342094596,camacari-IPTU,camacari,IPTU
2021-04-01,2021-04-01,7,2021-11-01,7282535.99270146,7740583.430302827,10882382.342094596,camacari-IPTU,camacari,IPTU
2021-04-01,2021-04-01,8,2021-12-01,7197779.503408926,8944145.384819265,10882382.342094596,camacari-IPTU,camacari,IPTU
2021-04-01,2021-04-01,9,2022-01-01,4837683.587523954,5661264.469388399,10882382.342094596,camacari-IPTU,camacari,IPTU
2021-04-01,2021-04-01,10,2022-02-01,10747333.805839347,62178445.23259486,10882382.342094596,camacari-IPTU,camacari,IPTU
2021-04-01,2021-04-01,11,2022-03-01,127432797.50553215,92592084.20012577,10882382.342094596,camacari-IPTU,camacari,IPTU
2021-04-01,2021-04-01,12,2022-04-01,40453619.22855426,74702200.27140751,10882382.342094596,camacari-IPTU,camacari,IPTU
2021-05-01,2021-05-01,1,2021-06-01,6780175.600741205,10434303.306207534,10935783.647750793,camacari-IPTU,camacari,IPTU
2021-05-01,2021-05-01,2,2021-07-01,8409795.03666179,9236045.550491257,10935783.647750793,camacari-IPTU,camacari,IPTU
2021-05-01,2021-05-01,3,2021-08-01,8180263.29398786,10917490.481110543,10935783.647750793,camacari-IPTU,camacari,IPTU
2021-05-01,2021-05-01,4,2021-09-01,7259633.949597636,8105944.0729311025,10935783.647750793,camacari-IPTU,camacari,IPTU
2021-05-01,2021-05-01,5,2021-10-01,9096487.604462316,8251937.360524746,10935783.647750793,camacari-IPTU,camacari,IPTU
2021-05-01,2021-05-01,6,2021-11-01,7282535.99270146,8157554.538429564,10935783.647750793,camacari-IPTU,camacari,IPTU
2021-05-01,2021-05-01,7,2021-12-01,7197779.503408926,9403520.118913779,10935783.647750793,camacari-IPTU,camacari,IPTU
2021-05-01,2021-05-01,8,2022-01-01,4837683.587523954,6138658.01822273,10935783.647750793,camacari-IPTU,camacari,IPTU
2021-05-01,2021-05-01,9,2022-02-01,10747333.805839347,61092184.81242076,10935783.647750793,camacari-IPTU,camacari,IPTU
2021-05-01,2021-05-01,10,2022-03-01,127432797.50553215,94903607.36154388,10935783.647750793,camacari-IPTU,camacari,IPTU
2021-05-01,2021-05-01,11,2022-04-01,40453619.22855426,88687321.67944299,10935783.647750793,camacari-IPTU,camacari,IPTU
2021-05-01,2021-05-01,12,2022-05-01,21962579.319788303,13791813.307701252,10935783.647750793,camacari-IPTU,camacari,IPTU
2021-06-01,2021-06-01,1,2021-07-01,8409795.03666179,9422876.242517533,10781020.91660674,camacari-IPTU,camacari,IPTU
2021-06-01,2021-06-01,2,2021-08-01,8180263.29398786,11037330.452354623,10781020.91660674,camacari-IPTU,camacari,IPTU
2021-06-01,2021-06-01,3,2021-09-01,7259633.949597636,8213664.062951346,10781020.91660674,camacari-IPTU,camacari,IPTU
2021-06-01,2021-06-01,4,2021-10-01,9096487.604462316,8839220.73057149,10781020.91660674,camacari-IPTU,camacari,IPTU
2021-06-01,2021-06-01,5,2021-11-01,7282535.99270146,8868536.050763085,10781020.91660674,camacari-IPTU,camacari,IPTU
2021-06-01,2021-06-01,6,2021-12-01,7197779.503408926,9871619.743359353,10781020.91660674,camacari-IPTU,camacari,IPTU
2021-06-01,2021-06-01,7,2022-01-01,4837683.587523954,6273584.9027814,10781020.91660674,camacari-IPTU,camacari,IPTU
2021-06-01,2021-06-01,8,2022-02-01,10747333.805839347,71070567.31002657,10781020.91660674,camacari-IPTU,camacari,IPTU
2021-06-01,2021-06-01,9,2022-03-01,127432797.50553215,97615688.03161941,10781020.91660674,camacari-IPTU,camacari,IPTU
2021-06-01,2021-06-01,10,2022-04-01,40453619.22855426,82264809.53776763,10781020.91660674,camacari-IPTU,camacari,IPTU
2021-06-01,2021-06-01,11,2022-05-01,21962579.319788303,13658246.74354207,10781020.91660674,camacari-IPTU,camacari,IPTU
2021-06-01,2021-06-01,12,2022-06-01,12354716.21055757,10941426.564686868,10781020.91660674,camacari-IPTU,camacari,IPTU
2021-07-01,2021-07-01,1,2021-08-01,8180263.29398786,10120540.89795042,10629290.604000622,camacari-IPTU,camacari,IPTU
2021-07-01,2021-07-01,2,2021-09-01,7259633.949597636,7551398.801500155,10629290.604000622,camacari-IPTU,camacari,IPTU
2021-07-01,2021-07-01,3,2021-10-01,9096487.604462316,7988048.122417472,10629290.604000622,camacari-IPTU,camacari,IPTU
2021-07-01,2021-07-01,4,2021-11-01,7282535.99270146,8332300.677769703,10629290.604000622,camacari-IPTU,camacari,IPTU
2021-07-01,2021-07-01,5,2021-12-01,7197779.503408926,9123524.126830433,10629290.604000622,camacari-IPTU,camacari,IPTU
2021-07-01,2021-07-01,6,2022-01-01,4837683.587523954,5971246.647359179,10629290.604000622,camacari-IPTU,camacari,IPTU
2021-07-01,2021-07-01,7,2022-02-01,10747333.805839347,58604820.04069309,10629290.604000622,camacari-IPTU,camacari,IPTU
2021-07-01,2021-07-01,8,2022-03-01,127432797.50553215,92793653.5047432,10629290.604000622,camacari-IPTU,camacari,IPTU
2021-07-01,2021-07-01,9,2022-04-01,40453619.22855426,83002642.41740823,10629290.604000622,camacari-IPTU,camacari,IPTU
2021-07-01,2021-07-01,10,2022-05-01,21962579.319788303,13174356.292473199,10629290.604000622,camacari-IPTU,camacari,IPTU
2021-07-01,2021-07-01,11,2022-06-01,12354716.21055757,10030713.271325236,10629290.604000622,camacari-IPTU,camacari,IPTU
2021-07-01,2021-07-01,12,2022-07-01,17752542.53971789,9020214.989739383,10629290.604000622,camacari-IPTU,camacari,IPTU
2021-08-01,2021-08-01,1,2021-09-01,7259633.949597636,8355272.5982762575,10476542.229397617,camacari-IPTU,camacari,IPTU
2021-08-01,2021-08-01,2,2021-10-01,9096487.604462316,9038233.955445461,10476542.229397617,camacari-IPTU,camacari,IPTU
2021-08-01,2021-08-01,3,2021-11-01,7282535.99270146,8998933.803228648,10476542.229397617,camacari-IPTU,camacari,IPTU
2021-08-01,2021-08-01,4,2021-12-01,7197779.503408926,9878005.01464781,10476542.229397617,camacari-IPTU,camacari,IPTU
2021-08-01,2021-08-01,5,2022-01-01,4837683.587523954,6414203.747641648,10476542.229397617,camacari-IPTU,camacari,IPTU
2021-08-01,2021-08-01,6,2022-02-01,10747333.805839347,56349145.283488005,10476542.229397617,camacari-IPTU,camacari,IPTU
2021-08-01,2021-08-01,7,2022-03-01,127432797.50553215,87943280.12849088,10476542.229397617,camacari-IPTU,camacari,IPTU
2021-08-01,2021-08-01,8,2022-04-01,40453619.22855426,86501567.92044424,10476542.229397617,camacari-IPTU,camacari,IPTU
2021-08-01,2021-08-01,9,2022-05-01,21962579.319788303,13774047.938399762,10476542.229397617,camacari-IPTU,camacari,IPTU
2021-08-01,2021-08-01,10,2022-06-01,12354716.21055757,10870251.518879574,10476542.229397617,camacari-IPTU,camacari,IPTU
2021-08-01,2021-08-01,11,2022-07-01,17752542.53971789,9880669.245091233,10476542.229397617,camacari-IPTU,camacari,IPTU
2021-08-01,2021-08-01,12,2022-08-01,15164896.700699635,11585508.454993011,10476542.229397617,camacari-IPTU,camacari,IPTU
2021-09-01,2021-09-01,1,2021-10-01,9096487.604462316,8667731.949186308,10331105.827917611,camacari-IPTU,camacari,IPTU
2021-09-01,2021-09-01,2,2021-11-01,7282535.99270146,8552551.398734653,10331105.827917611,camacari-IPTU,camacari,IPTU
2021-09-01,2021-09-01,3,2021-12-01,7197779.503408926,9857241.346305357,10331105.827917611,camacari-IPTU,camacari,IPTU
2021-09-01,2021-09-01,4,2022-01-01,4837683.587523954,6266998.523830507,10331105.827917611,camacari-IPTU,camacari,IPTU
2021-09-01,2021-09-01,5,2022-02-01,10747333.805839347,62732064.78540057,10331105.827917611,camacari-IPTU,camacari,IPTU
2021-09-01,2021-09-01,6,2022-03-01,127432797.50553215,90559994.10873203,10331105.827917611,camacari-IPTU,camacari,IPTU
2021-09-01,2021-09-01,7,2022-04-01,40453619.22855426,91108883.17888789,10331105.827917611,camacari-IPTU,camacari,IPTU
2021-09-01,2021-09-01,8,2022-05-01,21962579.319788303,13353752.001010796,10331105.827917611,camacari-IPTU,camacari,IPTU
2021-09-01,2021-09-01,9,2022-06-01,12354716.21055757,10936592.450156894,10331105.827917611,camacari-IPTU,camacari,IPTU
2021-09-01,2021-09-01,10,2022-07-01,17752542.53971789,9713158.36075635,10331105.827917611,camacari-IPTU,camacari,IPTU
2021-09-01,2021-09-01,11,2022-08-01,15164896.700699635,11348643.83350621,10331105.827917611,camacari-IPTU,camacari,IPTU
2021-09-01,2021-09-01,12,2022-09-01,12832045.767347911,8637489.707574394,10331105.827917611,camacari-IPTU,camacari,IPTU
2021-10-01,2021-10-01,1,2021-11-01,7282535.99270146,8212945.900272224,10185035.30767684,camacari-IPTU,camacari,IPTU
2021-10-01,2021-10-01,2,2021-12-01,7197779.503408926,9646528.63258149,10185035.30767684,camacari-IPTU,camacari,IPTU
2021-10-01,2021-10-01,3,2022-01-01,4837683.587523954,6161978.586117994,10185035.30767684,camacari-IPTU,camacari,IPTU
2021-10-01,2021-10-01,4,2022-02-01,10747333.805839347,71868551.14431272,10185035.30767684,camacari-IPTU,camacari,IPTU
2021-10-01,2021-10-01,5,2022-03-01,127432797.50553215,89760278.16238119,10185035.30767684,camacari-IPTU,camacari,IPTU
2021-10-01,2021-10-01,6,2022-04-01,40453619.22855426,81240314.82661635,10185035.30767684,camacari-IPTU,camacari,IPTU
2021-10-01,2021-10-01,7,2022-05-01,21962579.319788303,13248605.369613932,10185035.30767684,camacari-IPTU,camacari,IPTU
2021-10-01,2021-10-01,8,2022-06-01,12354716.21055757,10419635.242618734,10185035.30767684,camacari-IPTU,camacari,IPTU
2021-10-01,2021-10-01,9,2022-07-01,17752542.53971789,9478266.110501423,10185035.30767684,camacari-IPTU,camacari,IPTU
2021-10-01,2021-10-01,10,2022-08-01,15164896.700699635,11174204.56106176,10185035.30767684,camacari-IPTU,camacari,IPTU
2021-10-01,2021-10-01,11,2022-09-01,12832045.767347911,8255285.872252456,10185035.30767684,camacari-IPTU,camacari,IPTU
2021-10-01,2021-10-01,12,2022-10-01,13457745.956336224,8277017.373825823,10185035.30767684,camacari-IPTU,camacari,IPTU
2021-11-01,2021-11-01,1,2021-12-01,7197779.503408926,9752946.595017677,10056105.35456376,camacari-IPTU,camacari,IPTU
2021-11-01,2021-11-01,2,2022-01-01,4837683.587523954,6266402.75416951,10056105.35456376,camacari-IPTU,camacari,IPTU
2021-11-01,2021-11-01,3,2022-02-01,10747333.805839347,60229806.45988241,10056105.35456376,camacari-IPTU,camacari,IPTU
2021-11-01,2021-11-01,4,2022-03-01,127432797.50553215,90992387.81132524,10056105.35456376,camacari-IPTU,camacari,IPTU
2021-11-01,2021-11-01,5,2022-04-01,40453619.22855426,82043286.38814946,10056105.35456376,camacari-IPTU,camacari,IPTU
2021-11-01,2021-11-01,6,2022-05-01,21962579.319788303,13736414.479039831,10056105.35456376,camacari-IPTU,camacari,IPTU
2021-11-01,2021-11-01,7,2022-06-01,12354716.21055757,10627769.681694178,10056105.35456376,camacari-IPTU,camacari,IPTU
2021-11-01,2021-11-01,8,2022-07-01,17752542.53971789,9845970.561891165,10056105.35456376,camacari-IPTU,camacari,IPTU
2021-11-01,2021-11-01,9,2022-08-01,15164896.700699635,11301191.01311024,10056105.35456376,camacari-IPTU,camacari,IPTU
2021-11-01,2021-11-01,10,2022-09-01,12832045.767347911,8489740.220384896,10056105.35456376,camacari-IPTU,camacari,IPTU
2021-11-01,2021-11-01,11,2022-10-01,13457745.956336224,8964690.484320927,10056105.35456376,camacari-IPTU,camacari,IPTU
2021-11-01,2021-11-01,12,2022-11-01,12616930.535112843,8702210.834641637,10056105.35456376,camacari-IPTU,camacari,IPTU
2021-12-01,2021-12-01,1,2022-01-01,4837683.587523954,5917263.9776462605,10029277.341709485,camacari-IPTU,camacari,IPTU
2021-12-01,2021-12-01,2,2022-02-01,10747333.805839347,68602754.29304537,10029277.341709485,camacari-IPTU,camacari,IPTU
2021-12-01,2021-12-01,3,2022-03-01,127432797.50553215,93256439.46993989,10029277.341709485,camacari-IPTU,camacari,IPTU
2021-12-01,2021-12-01,4,2022-04-01,40453619.22855426,79924151.14266853,10029277.341709485,camacari-IPTU,camacari,IPTU
2021-12-01,2021-12-01,5,2022-05-01,21962579.319788303,13133249.270661518,10029277.341709485,camacari-IPTU,camacari,IPTU
2021-12-01,2021-12-01,6,2022-06-01,12354716.21055757,10065414.46848057,10029277.341709485,camacari-IPTU,camacari,IPTU
2021-12-01,2021-12-01,7,2022-07-01,17752542.53971789,8954332.44004091,10029277.341709485,camacari-IPTU,camacari,IPTU
2021-12-01,2021-12-01,8,2022-08-01,15164896.700699635,10491466.495354546,10029277.341709485,camacari-IPTU,camacari,IPTU
2021-12-01,2021-12-01,9,2022-09-01,12832045.767347911,7824657.865316561,10029277.341709485,camacari-IPTU,camacari,IPTU
2021-12-01,2021-12-01,10,2022-10-01,13457745.956336224,8201322.724017945,10029277.341709485,camacari-IPTU,camacari,IPTU
2021-12-01,2021-12-01,11,2022-11-01,12616930.535112843,7843606.803550203,10029277.341709485,camacari-IPTU,camacari,IPTU
2021-12-01,2021-12-01,12,2022-12-01,12784174.1801717,9111991.25785554,10029277.341709485,camacari-IPTU,camacari,IPTU
2022-01-01,2022-01-01,1,2022-02-01,10747333.805839347,54009309.4534158,9901982.866884204,camacari-IPTU,camacari,IPTU
2022-01-01,2022-01-01,2,2022-03-01,127432797.50553215,85923927.50316447,9901982.866884204,camacari-IPTU,camacari,IPTU
2022-01-01,2022-01-01,3,2022-04-01,40453619.22855426,73289527.07769124,9901982.866884204,camacari-IPTU,camacari,IPTU
2022-01-01,2022-01-01,4,2022-05-01,21962579.319788303,12698465.332895143,9901982.866884204,camacari-IPTU,camacari,IPTU
2022-01-01,2022-01-01,5,2022-06-01,12354716.21055757,9548103.966746485,9901982.866884204,camacari-IPTU,camacari,IPTU
2022-01-01,2022-01-01,6,2022-07-01,17752542.53971789,8680070.903811302,9901982.866884204,camacari-IPTU,camacari,IPTU
2022-01-01,2022-01-01,7,2022-08-01,15164896.700699635,10200775.168018876,9901982.866884204,camacari-IPTU,camacari,IPTU
2022-01-01,2022-01-01,8,2022-09-01,12832045.767347911,7527914.856224873,9901982.866884204,camacari-IPTU,camacari,IPTU
2022-01-01,2022-01-01,9,2022-10-01,13457745.956336224,8104780.28053889,9901982.866884204,camacari-IPTU,camacari,IPTU
2022-01-01,2022-01-01,10,2022-11-01,12616930.535112843,7862177.691135246,9901982.866884204,camacari-IPTU,camacari,IPTU
2022-01-01,2022-01-01,11,2022-12-01,12784174.1801717,8850076.414730903,9901982.866884204,camacari-IPTU,camacari,IPTU
2022-01-01,2022-01-01,12,2023-01-01,7047786.234635349,5577776.428313848,9901982.866884204,camacari-IPTU,camacari,IPTU
2022-02-01,2022-02-01,1,2022-03-01,127432797.50553215,85617213.58766502,9820230.119369429,camacari-IPTU,camacari,IPTU
2022-02-01,2022-02-01,2,2022-04-01,40453619.22855426,72248928.67153575,9820230.119369429,camacari-IPTU,camacari,IPTU
2022-02-01,2022-02-01,3,2022-05-01,21962579.319788303,12120321.442421077,9820230.119369429,camacari-IPTU,camacari,IPTU
2022-02-01,2022-02-01,4,2022-06-01,12354716.21055757,9292031.974223329,9820230.119369429,camacari-IPTU,camacari,IPTU
2022-02-01,2022-02-01,5,2022-07-01,17752542.53971789,8592740.309325907,9820230.119369429,camacari-IPTU,camacari,IPTU
2022-02-01,2022-02-01,6,2022-08-01,15164896.700699635,9528425.74546196,9820230.119369429,camacari-IPTU,camacari,IPTU
2022-02-01,2022-02-01,7,2022-09-01,12832045.767347911,7137605.000945671,9820230.119369429,camacari-IPTU,camacari,IPTU
2022-02-01,2022-02-01,8,2022-10-01,13457745.956336224,7565652.504808317,9820230.119369429,camacari-IPTU,camacari,IPTU
2022-02-01,2022-02-01,9,2022-11-01,12616930.535112843,7302825.79103236,9820230.119369429,camacari-IPTU,camacari,IPTU
2022-02-01,2022-02-01,10,2022-12-01,12784174.1801717,8289514.657003478,9820230.119369429,camacari-IPTU,camacari,IPTU
2022-02-01,2022-02-01,11,2023-01-01,7047786.234635349,5241609.690647895,9820230.119369429,camacari-IPTU,camacari,IPTU
2022-02-01,2022-02-01,12,2023-02-01,12018263.329091424,52826090.15673737,9820230.119369429,camacari-IPTU,camacari,IPTU
2022-03-01,2022-03-01,1,2022-04-01,40453619.22855426,82687395.07961103,9885701.07016629,camacari-IPTU,camacari,IPTU
2022-03-01,2022-03-01,2,2022-05-01,21962579.319788303,13103876.724232065,9885701.07016629,camacari-IPTU,camacari,IPTU
2022-03-01,2022-03-01,3,2022-06-01,12354716.21055757,9860327.868292067,9885701.07016629,camacari-IPTU,camacari,IPTU
2022-03-01,2022-03-01,4,2022-07-01,17752542.53971789,8787391.415020159,9885701.07016629,camacari-IPTU,camacari,IPTU
2022-03-01,2022-03-01,5,2022-08-01,15164896.700699635,10053034.896376105,9885701.07016629,camacari-IPTU,camacari,IPTU
2022-03-01,2022-03-01,6,2022-09-01,12832045.767347911,7708390.257211418,9885701.07016629,camacari-IPTU,camacari,IPTU
2022-03-01,2022-03-01,7,2022-10-01,13457745.956336224,7800210.711323711,9885701.07016629,camacari-IPTU,camacari,IPTU
2022-03-01,2022-03-01,8,2022-11-01,12616930.535112843,8004693.486815304,9885701.07016629,camacari-IPTU,camacari,IPTU
2022-03-01,2022-03-01,9,2022-12-01,12784174.1801717,9246491.930701515,9885701.07016629,camacari-IPTU,camacari,IPTU
2022-03-01,2022-03-01,10,2023-01-01,7047786.234635349,5661959.308084749,9885701.07016629,camacari-IPTU,camacari,IPTU
2022-03-01,2022-03-01,11,2023-02-01,12018263.329091424,60912805.192692876,9885701.07016629,camacari-IPTU,camacari,IPTU
2022-03-01,2022-03-01,12,2023-03-01,113631532.97417936,88303975.36736697,9885701.07016629,camacari-IPTU,camacari,IPTU
2022-04-01,2022-04-01,1,2022-05-01,21962579.319788303,12480102.656010553,10035154.06784488,camacari-IPTU,camacari,IPTU
2022-04-01,2022-04-01,2,2022-06-01,12354716.21055757,9043124.182631703,10035154.06784488,camacari-IPTU,camacari,IPTU
2022-04-01,2022-04-01,3,2022-07-01,17752542.53971789,7789836.538987025,10035154.06784488,camacari-IPTU,camacari,IPTU
2022-04-01,2022-04-01,4,2022-08-01,15164896.700699635,9324818.734129332,10035154.06784488,camacari-IPTU,camacari,IPTU
2022-04-01,2022-04-01,5,2022-09-01,12832045.767347911,6641107.932471153,10035154.06784488,camacari-IPTU,camacari,IPTU
2022-04-01,2022-04-01,6,2022-10-01,13457745.956336224,6853197.687149059,10035154.06784488,camacari-IPTU,camacari,IPTU
2022-04-01,2022-04-01,7,2022-11-01,12616930.535112843,6926135.624076458,10035154.06784488,camacari-IPTU,camacari,IPTU
2022-04-01,2022-04-01,8,2022-12-01,12784174.1801717,7869313.604608754,10035154.06784488,camacari-IPTU,camacari,IPTU
2022-04-01,2022-04-01,9,2023-01-01,7047786.234635349,5068067.118545387,10035154.06784488,camacari-IPTU,camacari,IPTU
2022-04-01,2022-04-01,10,2023-02-01,12018263.329091424,56881539.02633796,10035154.06784488,camacari-IPTU,camacari,IPTU
2022-04-01,2022-04-01,11,2023-03-01,113631532.97417936,86328170.69537275,10035154.06784488,camacari-IPTU,camacari,IPTU
2022-04-01,2022-04-01,12,2023-04-01,19541386.126198694,64425654.07767368,10035154.06784488,camacari-IPTU,camacari,IPTU
2022-05-01,2022-05-01,1,2022-06-01,12354716.21055757,9639591.471561024,9960349.475188581,camacari-IPTU,camacari,IPTU
2022-05-01,2022-05-01,2,2022-07-01,17752542.53971789,8298947.633383532,9960349.475188581,camacari-IPTU,camacari,IPTU
2022-05-01,2022-05-01,3,2022-08-01,15164896.700699635,9948526.44246034,9960349.475188581,camacari-IPTU,camacari,IPTU
2022-05-01,2022-05-01,4,2022-09-01,12832045.767347911,7335083.792941573,9960349.475188581,camacari-IPTU,camacari,IPTU
2022-05-01,2022-05-01,5,2022-10-01,13457745.956336224,7491828.055695449,9960349.475188581,camacari-IPTU,camacari,IPTU
2022-05-01,2022-05-01,6,2022-11-01,12616930.535112843,7559259.680051607,9960349.475188581,camacari-IPTU,camacari,IPTU
2022-05-01,2022-05-01,7,2022-12-01,12784174.1801717,8659428.635879036,9960349.475188581,camacari-IPTU,camacari,IPTU
2022-05-01,2022-05-01,8,2023-01-01,7047786.234635349,5575821.492774848,9960349.475188581,camacari-IPTU,camacari,IPTU
2022-05-01,2022-05-01,9,2023-02-01,12018263.329091424,57246647.557062,9960349.475188581,camacari-IPTU,camacari,IPTU
2022-05-01,2022-05-01,10,2023-03-01,113631532.97417936,93217437.12392677,9960349.475188581,camacari-IPTU,camacari,IPTU
2022-05-01,2022-05-01,11,2023-04-01,19541386.126198694,74532807.64212546,9960349.475188581,camacari-IPTU,camacari,IPTU
2022-05-01,2022-05-01,12,2023-05-01,14150456.746575596,13727899.328856532,9960349.475188581,camacari-IPTU,camacari,IPTU
2022-06-01,2022-06-01,1,2022-07-01,17752542.53971789,8911091.082786625,9904121.156401757,camacari-IPTU,camacari,IPTU
2022-06-01,2022-06-01,2,2022-08-01,15164896.700699635,10073254.970037093,9904121.156401757,camacari-IPTU,camacari,IPTU
2022-06-01,2022-06-01,3,2022-09-01,12832045.767347911,7608499.591254102,9904121.156401757,camacari-IPTU,camacari,IPTU
2022-06-01,2022-06-01,4,2022-10-01,13457745.956336224,8131485.063652893,9904121.156401757,camacari-IPTU,camacari,IPTU
2022-06-01,2022-06-01,5,2022-11-01,12616930.535112843,7815372.867113069,9904121.156401757,camacari-IPTU,camacari,IPTU
2022-06-01,2022-06-01,6,2022-12-01,12784174.1801717,9008300.370481541,9904121.156401757,camacari-IPTU,camacari,IPTU
2022-06-01,2022-06-01,7,2023-01-01,7047786.234635349,5787459.2503605895,9904121.156401757,camacari-IPTU,camacari,IPTU
2022-06-01,2022-06-01,8,2023-02-01,12018263.329091424,63732945.81397402,9904121.156401757,camacari-IPTU,camacari,IPTU
2022-06-01,2022-06-01,9,2023-03-01,113631532.97417936,94507083.19138762,9904121.156401757,camacari-IPTU,camacari,IPTU
2022-06-01,2022-06-01,10,2023-04-01,19541386.126198694,74184002.42435515,9904121.156401757,camacari-IPTU,camacari,IPTU
2022-06-01,2022-06-01,11,2023-05-01,14150456.746575596,13784933.262972582,9904121.156401757,camacari-IPTU,camacari,IPTU
2022-06-01,2022-06-01,12,2023-06-01,13391841.733009398,9714491.575601982,9904121.156401757,camacari-IPTU,camacari,IPTU
2022-07-01,2022-07-01,1,2022-08-01,15164896.700699635,11139499.552580997,9897015.160789788,camacari-IPTU,camacari,IPTU
2022-07-01,2022-07-01,2,2022-09-01,12832045.767347911,8686499.738283725,9897015.160789788,camacari-IPTU,camacari,IPTU
2022-07-01,2022-07-01,3,2022-10-01,13457745.956336224,9098222.620979488,9897015.160789788,camacari-IPTU,camacari,IPTU
2022-07-01,2022-07-01,4,2022-11-01,12616930.535112843,8851328.732742138,9897015.160789788,camacari-IPTU,camacari,IPTU
2022-07-01,2022-07-01,5,2022-12-01,12784174.1801717,9908656.49554221,9897015.160789788,camacari-IPTU,camacari,IPTU
2022-07-01,2022-07-01,6,2023-01-01,7047786.234635349,6321269.331746386,9897015.160789788,camacari-IPTU,camacari,IPTU
2022-07-01,2022-07-01,7,2023-02-01,12018263.329091424,55510182.44555248,9897015.160789788,camacari-IPTU,camacari,IPTU
2022-07-01,2022-07-01,8,2023-03-01,113631532.97417936,94292482.57292725,9897015.160789788,camacari-IPTU,camacari,IPTU
2022-07-01,2022-07-01,9,2023-04-01,19541386.126198694,78238377.57577544,9897015.160789788,camacari-IPTU,camacari,IPTU
2022-07-01,2022-07-01,10,2023-05-01,14150456.746575596,15153485.681559075,9897015.160789788,camacari-IPTU,camacari,IPTU
2022-07-01,2022-07-01,11,2023-06-01,13391841.733009398,11320383.787355198,9897015.160789788,camacari-IPTU,camacari,IPTU
2022-07-01,2022-07-01,12,2023-07-01,21133842.2574917,11171807.69182341,9897015.160789788,camacari-IPTU,camacari,IPTU
2022-08-01,2022-08-01,1,2022-09-01,12832045.767347911,8455875.737752527,9860610.388863811,camacari-IPTU,camacari,IPTU
2022-08-01,2022-08-01,2,2022-10-01,13457745.956336224,8860122.61609056,9860610.388863811,camacari-IPTU,camacari,IPTU
2022-08-01,2022-08-01,3,2022-11-01,12616930.535112843,8772327.903401142,9860610.388863811,camacari-IPTU,camacari,IPTU
2022-08-01,2022-08-01,4,2022-12-01,12784174.1801717,10022417.257865537,9860610.388863811,camacari-IPTU,camacari,IPTU
2022-08-01,2022-08-01,5,2023-01-01,7047786.234635349,6363390.755273666,9860610.388863811,camacari-IPTU,camacari,IPTU
2022-08-01,2022-08-01,6,2023-02-01,12018263.329091424,54474486.26859162,9860610.388863811,camacari-IPTU,camacari,IPTU
2022-08-01,2022-08-01,7,2023-03-01,113631532.97417936,95443208.84103236,9860610.388863811,camacari-IPTU,camacari,IPTU
2022-08-01,2022-08-01,8,2023-04-01,19541386.126198694,80154643.45758861,9860610.388863811,camacari-IPTU,camacari,IPTU
2022-08-01,2022-08-01,9,2023-05-01,14150456.746575596,15487598.35026072,9860610.388863811,camacari-IPTU,camacari,IPTU
2022-08-01,2022-08-01,10,2023-06-01,13391841.733009398,11459175.608513711,9860610.388863811,camacari-IPTU,camacari,IPTU
2022-08-01,2022-08-01,11,2023-07-01,21133842.2574917,11318058.468933655,9860610.388863811,camacari-IPTU,camacari,IPTU
2022-08-01,2022-08-01,12,2023-08-01,24362535.303448137,11995101.60813419,9860610.388863811,camacari-IPTU,camacari,IPTU
2022-09-01,2022-09-01,1,2022-10-01,13457745.956336224,8863306.92933471,9807669.665763643,camacari-IPTU,camacari,IPTU
2022-09-01,2022-09-01,2,2022-11-01,12616930.535112843,8776512.814352287,9807669.665763643,camacari-IPTU,camacari,IPTU
2022-09-01,2022-09-01,3,2022-12-01,12784174.1801717,10078079.614870964,9807669.665763643,camacari-IPTU,camacari,IPTU
2022-09-01,2022-09-01,4,2023-01-01,7047786.234635349,6402760.497386379,9807669.665763643,camacari-IPTU,camacari,IPTU
2022-09-01,2022-09-01,5,2023-02-01,12018263.329091424,60434144.69876756,9807669.665763643,camacari-IPTU,camacari,IPTU
2022-09-01,2022-09-01,6,2023-03-01,113631532.97417936,101945359.51780921,9807669.665763643,camacari-IPTU,camacari,IPTU
2022-09-01,2022-09-01,7,2023-04-01,19541386.126198694,84003572.26471317,9807669.665763643,camacari-IPTU,camacari,IPTU
2022-09-01,2022-09-01,8,2023-05-01,14150456.746575596,15487183.86024306,9807669.665763643,camacari-IPTU,camacari,IPTU
2022-09-01,2022-09-01,9,2023-06-01,13391841.733009398,11639605.765639087,9807669.665763643,camacari-IPTU,camacari,IPTU
2022-09-01,2022-09-01,10,2023-07-01,21133842.2574917,11326189.257427283,9807669.665763643,camacari-IPTU,camacari,IPTU
2022-09-01,2022-09-01,11,2023-08-01,24362535.303448137,12575992.691348083,9807669.665763643,camacari-IPTU,camacari,IPTU
2022-09-01,2022-09-01,12,2023-09-01,15466271.334168883,9402441.199876653,9807669.665763643,camacari-IPTU,camacari,IPTU
2022-10-01,2022-10-01,1,2022-11-01,12616930.535112843,9314807.881539423,9741250.015594255,camacari-IPTU,camacari,IPTU
2022-10-01,2022-10-01,2,2022-12-01,12784174.1801717,10465808.084983781,9741250.015594255,camacari-IPTU,camacari,IPTU
2022-10-01,2022-10-01,3,2023-01-01,7047786.234635349,6886335.881002318,9741250.015594255,camacari-IPTU,camacari,IPTU
2022-10-01,2022-10-01,4,2023-02-01,12018263.329091424,74768298.81892951,9741250.015594255,camacari-IPTU,camacari,IPTU
2022-10-01,2022-10-01,5,2023-03-01,113631532.97417936,117874536.2290572,9741250.015594255,camacari-IPTU,camacari,IPTU
2022-10-01,2022-10-01,6,2023-04-01,19541386.126198694,94792629.75813183,9741250.015594255,camacari-IPTU,camacari,IPTU
2022-10-01,2022-10-01,7,2023-05-01,14150456.746575596,16274697.822950328,9741250.015594255,camacari-IPTU,camacari,IPTU
2022-10-01,2022-10-01,8,2023-06-01,13391841.733009398,11956755.59330308,9741250.015594255,camacari-IPTU,camacari,IPTU
2022-10-01,2022-10-01,9,2023-07-01,21133842.2574917,11884766.560175749,9741250.015594255,camacari-IPTU,camacari,IPTU
2022-10-01,2022-10-01,10,2023-08-01,24362535.303448137,13125563.655722363,9741250.015594255,camacari-IPTU,camacari,IPTU
2022-10-01,2022-10-01,11,2023-09-01,15466271.334168883,9823149.490425624,9741250.015594255,camacari-IPTU,camacari,IPTU
2022-10-01,2022-10-01,12,2023-10-01,16948768.265746012,10436368.294287661,9741250.015594255,camacari-IPTU,camacari,IPTU
2022-11-01,2022-11-01,1,2022-12-01,12784174.1801717,10802445.627371276,9688155.37133904,camacari-IPTU,camacari,IPTU
2022-11-01,2022-11-01,2,2023-01-01,7047786.234635349,6864858.614370199,9688155.37133904,camacari-IPTU,camacari,IPTU
2022-11-01,2022-11-01,3,2023-02-01,12018263.329091424,79026380.56685781,9688155.37133904,camacari-IPTU,camacari,IPTU
2022-11-01,2022-11-01,4,2023-03-01,113631532.97417936,116807636.53800695,9688155.37133904,camacari-IPTU,camacari,IPTU
2022-11-01,2022-11-01,5,2023-04-01,19541386.126198694,92651700.19118041,9688155.37133904,camacari-IPTU,camacari,IPTU
2022-11-01,2022-11-01,6,2023-05-01,14150456.746575596,16547236.11899628,9688155.37133904,camacari-IPTU,camacari,IPTU
2022-11-01,2022-11-01,7,2023-06-01,13391841.733009398,12379758.61740347,9688155.37133904,camacari-IPTU,camacari,IPTU
2022-11-01,2022-11-01,8,2023-07-01,21133842.2574917,11989310.331190068,9688155.37133904,camacari-IPTU,camacari,IPTU
2022-11-01,2022-11-01,9,2023-08-01,24362535.303448137,13329911.7004183,9688155.37133904,camacari-IPTU,camacari,IPTU
2022-11-01,2022-11-01,10,2023-09-01,15466271.334168883,10054903.305635696,9688155.37133904,camacari-IPTU,camacari,IPTU
2022-11-01,2022-11-01,11,2023-10-01,16948768.265746012,10869203.891787149,9688155.37133904,camacari-IPTU,camacari,IPTU
2022-11-01,2022-11-01,12,2023-11-01,19405524.354567923,10645540.00179346,9688155.37133904,camacari-IPTU,camacari,IPTU
2022-12-01,2022-12-01,1,2023-01-01,7047786.234635349,6869874.228124296,9639324.886879798,camacari-IPTU,camacari,IPTU
2022-12-01,2022-12-01,2,2023-02-01,12018263.329091424,71098087.6845663,9639324.886879798,camacari-IPTU,camacari,IPTU
2022-12-01,2022-12-01,3,2023-03-01,113631532.97417936,108408097.70743862,9639324.886879798,camacari-IPTU,camacari,IPTU
2022-12-01,2022-12-01,4,2023-04-01,19541386.126198694,86580646.07762474,9639324.886879798,camacari-IPTU,camacari,IPTU
2022-12-01,2022-12-01,5,2023-05-01,14150456.746575596,16675956.3735177,9639324.886879798,camacari-IPTU,camacari,IPTU
2022-12-01,2022-12-01,6,2023-06-01,13391841.733009398,12535142.384735703,9639324.886879798,camacari-IPTU,camacari,IPTU
2022-12-01,2022-12-01,7,2023-07-01,21133842.2574917,12496392.20186857,9639324.886879798,camacari-IPTU,camacari,IPTU
2022-12-01,2022-12-01,8,2023-08-01,24362535.303448137,13419409.470990093,9639324.886879798,camacari-IPTU,camacari,IPTU
2022-12-01,2022-12-01,9,2023-09-01,15466271.334168883,10349873.13938205,9639324.886879798,camacari-IPTU,camacari,IPTU
2022-12-01,2022-12-01,10,2023-10-01,16948768.265746012,11215077.65590447,9639324.886879798,camacari-IPTU,camacari,IPTU
2022-12-01,2022-12-01,11,2023-11-01,19405524.354567923,10865455.452595636,9639324.886879798,camacari-IPTU,camacari,IPTU
2022-12-01,2022-12-01,12,2023-12-01,21991343.83026119,11936083.263302036,9639324.886879798,camacari-IPTU,camacari,IPTU
2023-01-01,2023-01-01,1,2023-02-01,12018263.329091424,76249306.98151892,9551922.272294289,camacari-IPTU,camacari,IPTU
2023-01-01,2023-01-01,2,2023-03-01,113631532.97417936,106624763.28950237,9551922.272294289,camacari-IPTU,camacari,IPTU
2023-01-01,2023-01-01,3,2023-04-01,19541386.126198694,96054540.00682814,9551922.272294289,camacari-IPTU,camacari,IPTU
2023-01-01,2023-01-01,4,2023-05-01,14150456.746575596,16473047.61697157,9551922.272294289,camacari-IPTU,camacari,IPTU
2023-01-01,2023-01-01,5,2023-06-01,13391841.733009398,12490989.081094583,9551922.272294289,camacari-IPTU,camacari,IPTU
2023-01-01,2023-01-01,6,2023-07-01,21133842.2574917,12322083.029631745,9551922.272294289,camacari-IPTU,camacari,IPTU
2023-01-01,2023-01-01,7,2023-08-01,24362535.303448137,13507286.830385534,9551922.272294289,camacari-IPTU,camacari,IPTU
2023-01-01,2023-01-01,8,2023-09-01,15466271.334168883,10348705.694520574,9551922.272294289,camacari-IPTU,camacari,IPTU
2023-01-01,2023-01-01,9,2023-10-01,16948768.265746012,11011055.181838693,9551922.272294289,camacari-IPTU,camacari,IPTU
2023-01-01,2023-01-01,10,2023-11-01,19405524.354567923,10843912.91574223,9551922.272294289,camacari-IPTU,camacari,IPTU
2023-01-01,2023-01-01,11,2023-12-01,21991343.83026119,12127845.74070896,9551922.272294289,camacari-IPTU,camacari,IPTU
2023-01-01,2023-01-01,12,2024-01-01,9096349.782186696,7694490.8225150695,9551922.272294289,camacari-IPTU,camacari,IPTU
2023-02-01,2023-02-01,1,2023-03-01,113631532.97417936,103146306.40151264,9455631.658933334,camacari-IPTU,camacari,IPTU
2023-02-01,2023-02-01,2,2023-04-01,19541386.126198694,90071179.69081177,9455631.658933334,camacari-IPTU,camacari,IPTU
2023-02-01,2023-02-01,3,2023-05-01,14150456.746575596,16862128.994764976,9455631.658933334,camacari-IPTU,camacari,IPTU
2023-02-01,2023-02-01,4,2023-06-01,13391841.733009398,12377722.376291225,9455631.658933334,camacari-IPTU,camacari,IPTU
2023-02-01,2023-02-01,5,2023-07-01,21133842.2574917,12156757.358073575,9455631.658933334,camacari-IPTU,camacari,IPTU
2023-02-01,2023-02-01,6,2023-08-01,24362535.303448137,13336598.349421483,9455631.658933334,camacari-IPTU,camacari,IPTU
2023-02-01,2023-02-01,7,2023-09-01,15466271.334168883,10173320.703123698,9455631.658933334,camacari-IPTU,camacari,IPTU
2023-02-01,2023-02-01,8,2023-10-01,16948768.265746012,10826295.229754593,9455631.658933334,camacari-IPTU,camacari,IPTU
2023-02-01,2023-02-01,9,2023-11-01,19405524.354567923,10561224.636905696,9455631.658933334,camacari-IPTU,camacari,IPTU
2023-02-01,2023-02-01,10,2023-12-01,21991343.83026119,11734945.364572491,9455631.658933334,camacari-IPTU,camacari,IPTU
2023-02-01,2023-02-01,11,2024-01-01,9096349.782186696,7321369.726908475,9455631.658933334,camacari-IPTU,camacari,IPTU
2023-02-01,2023-02-01,12,2024-02-01,12207925.201341806,57166440.0943972,9455631.658933334,camacari-IPTU,camacari,IPTU
2023-03-01,2023-03-01,1,2023-04-01,19541386.126198694,86226701.85548398,9505581.46206459,camacari-IPTU,camacari,IPTU
2023-03-01,2023-03-01,2,2023-05-01,14150456.746575596,16716449.492230374,9505581.46206459,camacari-IPTU,camacari,IPTU
2023-03-01,2023-03-01,3,2023-06-01,13391841.733009398,12258387.820198864,9505581.46206459,camacari-IPTU,camacari,IPTU
2023-03-01,2023-03-01,4,2023-07-01,21133842.2574917,12105247.72095235,9505581.46206459,camacari-IPTU,camacari,IPTU
2023-03-01,2023-03-01,5,2023-08-01,24362535.303448137,13139335.760342004,9505581.46206459,camacari-IPTU,camacari,IPTU
2023-03-01,2023-03-01,6,2023-09-01,15466271.334168883,10227362.9719039,9505581.46206459,camacari-IPTU,camacari,IPTU
2023-03-01,2023-03-01,7,2023-10-01,16948768.265746012,10777444.588969385,9505581.46206459,camacari-IPTU,camacari,IPTU
2023-03-01,2023-03-01,8,2023-11-01,19405524.354567923,10529131.49002661,9505581.46206459,camacari-IPTU,camacari,IPTU
2023-03-01,2023-03-01,9,2023-12-01,21991343.83026119,11637721.083547024,9505581.46206459,camacari-IPTU,camacari,IPTU
2023-03-01,2023-03-01,10,2024-01-01,9096349.782186696,7409765.387085324,9505581.46206459,camacari-IPTU,camacari,IPTU
2023-03-01,2023-03-01,11,2024-02-01,12207925.201341806,60986744.53957321,9505581.46206459,camacari-IPTU,camacari,IPTU
2023-03-01,2023-03-01,12,2024-03-01,117568232.72774635,110835217.35428736,9505581.46206459,camacari-IPTU,camacari,IPTU
2023-04-01,2023-04-01,1,2023-05-01,14150456.746575596,15507692.935831496,9635202.503431534,camacari-IPTU,camacari,IPTU
2023-04-01,2023-04-01,2,2023-06-01,13391841.733009398,11404385.89267958,9635202.503431534,camacari-IPTU,camacari,IPTU
2023-04-01,2023-04-01,3,2023-07-01,21133842.2574917,11460880.301636605,9635202.503431534,camacari-IPTU,camacari,IPTU
2023-04-01,2023-04-01,4,2023-08-01,24362535.303448137,12492397.43914209,9635202.503431534,camacari-IPTU,camacari,IPTU
2023-04-01,2023-04-01,5,2023-09-01,15466271.334168883,9448705.202447768,9635202.503431534,camacari-IPTU,camacari,IPTU
2023-04-01,2023-04-01,6,2023-10-01,16948768.265746012,9953881.89190603,9635202.503431534,camacari-IPTU,camacari,IPTU
2023-04-01,2023-04-01,7,2023-11-01,19405524.354567923,9572547.688331736,9635202.503431534,camacari-IPTU,camacari,IPTU
2023-04-01,2023-04-01,8,2023-12-01,21991343.83026119,10930238.118078563,9635202.503431534,camacari-IPTU,camacari,IPTU
2023-04-01,2023-04-01,9,2024-01-01,9096349.782186696,6772999.522802345,9635202.503431534,camacari-IPTU,camacari,IPTU
2023-04-01,2023-04-01,10,2024-02-01,12207925.201341806,76556909.39161558,9635202.503431534,camacari-IPTU,camacari,IPTU
2023-04-01,2023-04-01,11,2024-03-01,117568232.72774635,104804190.23568194,9635202.503431534,camacari-IPTU,camacari,IPTU
2023-04-01,2023-04-01,12,2024-04-01,12092110.726040576,86460496.81211646,9635202.503431534,camacari-IPTU,camacari,IPTU
2023-05-01,2023-05-01,1,2023-06-01,13391841.733009398,11584847.805346424,9614718.459271772,camacari-IPTU,camacari,IPTU
2023-05-01,2023-05-01,2,2023-07-01,21133842.2574917,11440872.243598491,9614718.459271772,camacari-IPTU,camacari,IPTU
2023-05-01,2023-05-01,3,2023-08-01,24362535.303448137,12483587.280949451,9614718.459271772,camacari-IPTU,camacari,IPTU
2023-05-01,2023-05-01,4,2023-09-01,15466271.334168883,9724085.262016514,9614718.459271772,camacari-IPTU,camacari,IPTU
2023-05-01,2023-05-01,5,2023-10-01,16948768.265746012,10243039.872380316,9614718.459271772,camacari-IPTU,camacari,IPTU
2023-05-01,2023-05-01,6,2023-11-01,19405524.354567923,9897956.262719568,9614718.459271772,camacari-IPTU,camacari,IPTU
2023-05-01,2023-05-01,7,2023-12-01,21991343.83026119,11133077.747604154,9614718.459271772,camacari-IPTU,camacari,IPTU
2023-05-01,2023-05-01,8,2024-01-01,9096349.782186696,6900510.122674151,9614718.459271772,camacari-IPTU,camacari,IPTU
2023-05-01,2023-05-01,9,2024-02-01,12207925.201341806,57392596.17164212,9614718.459271772,camacari-IPTU,camacari,IPTU
2023-05-01,2023-05-01,10,2024-03-01,117568232.72774635,103844768.91879696,9614718.459271772,camacari-IPTU,camacari,IPTU
2023-05-01,2023-05-01,11,2024-04-01,12092110.726040576,82147342.54770856,9614718.459271772,camacari-IPTU,camacari,IPTU
2023-05-01,2023-05-01,12,2024-05-01,12281670.577505508,16177156.137884896,9614718.459271772,camacari-IPTU,camacari,IPTU
2023-06-01,2023-06-01,1,2023-07-01,21133842.2574917,11515446.196979895,9519411.871084886,camacari-IPTU,camacari,IPTU
2023-06-01,2023-06-01,2,2023-08-01,24362535.303448137,12356276.472236127,9519411.871084886,camacari-IPTU,camacari,IPTU
2023-06-01,2023-06-01,3,2023-09-01,15466271.334168883,9656811.831957674,9519411.871084886,camacari-IPTU,camacari,IPTU
2023-06-01,2023-06-01,4,2023-10-01,16948768.265746012,10102385.787249925,9519411.871084886,camacari-IPTU,camacari,IPTU
2023-06-01,2023-06-01,5,2023-11-01,19405524.354567923,9824212.799974311,9519411.871084886,camacari-IPTU,camacari,IPTU
2023-06-01,2023-06-01,6,2023-12-01,21991343.83026119,10900330.020460809,9519411.871084886,camacari-IPTU,camacari,IPTU
2023-06-01,2023-06-01,7,2024-01-01,9096349.782186696,6841487.764180369,9519411.871084886,camacari-IPTU,camacari,IPTU
2023-06-01,2023-06-01,8,2024-02-01,12207925.201341806,55023048.44200031,9519411.871084886,camacari-IPTU,camacari,IPTU
2023-06-01,2023-06-01,9,2024-03-01,117568232.72774635,103809019.59519447,9519411.871084886,camacari-IPTU,camacari,IPTU
2023-06-01,2023-06-01,10,2024-04-01,12092110.726040576,82829458.73752774,9519411.871084886,camacari-IPTU,camacari,IPTU
2023-06-01,2023-06-01,11,2024-05-01,12281670.577505508,16404253.19260438,9519411.871084886,camacari-IPTU,camacari,IPTU
2023-06-01,2023-06-01,12,2024-06-01,15668723.095071422,12323028.083949132,9519411.871084886,camacari-IPTU,camacari,IPTU
2023-07-01,2023-07-01,1,2023-08-01,24362535.303448137,12906995.99072014,9451960.089180367,camacari-IPTU,camacari,IPTU
2023-07-01,2023-07-01,2,2023-09-01,15466271.334168883,9988844.055160243,9451960.089180367,camacari-IPTU,camacari,IPTU
2023-07-01,2023-07-01,3,2023-10-01,16948768.265746012,10361708.13243518,9451960.089180367,camacari-IPTU,camacari,IPTU
2023-07-01,2023-07-01,4,2023-11-01,19405524.354567923,10257401.848582463,9451960.089180367,camacari-IPTU,camacari,IPTU
2023-07-01,2023-07-01,5,2023-12-01,21991343.83026119,11287398.273422653,9451960.089180367,camacari-IPTU,camacari,IPTU
2023-07-01,2023-07-01,6,2024-01-01,9096349.782186696,7108298.742767992,9451960.089180367,camacari-IPTU,camacari,IPTU
2023-07-01,2023-07-01,7,2024-02-01,12207925.201341806,60396199.60325158,9451960.089180367,camacari-IPTU,camacari,IPTU
2023-07-01,2023-07-01,8,2024-03-01,117568232.72774635,112649017.40576237,9451960.089180367,camacari-IPTU,camacari,IPTU
2023-07-01,2023-07-01,9,2024-04-01,12092110.726040576,89319264.07828565,9451960.089180367,camacari-IPTU,camacari,IPTU
2023-07-01,2023-07-01,10,2024-05-01,12281670.577505508,17328728.74723457,9451960.089180367,camacari-IPTU,camacari,IPTU
2023-07-01,2023-07-01,11,2024-06-01,15668723.095071422,12891105.936846988,9451960.089180367,camacari-IPTU,camacari,IPTU
2023-07-01,2023-07-01,12,2024-07-01,11582225.949920287,13802032.35827121,9451960.089180367,camacari-IPTU,camacari,IPTU
2023-08-01,2023-08-01,1,2023-09-01,15466271.334168883,10346173.046399264,9449195.725197412,camacari-IPTU,camacari,IPTU
2023-08-01,2023-08-01,2,2023-10-01,16948768.265746012,10985956.712182874,9449195.725197412,camacari-IPTU,camacari,IPTU
2023-08-01,2023-08-01,3,2023-11-01,19405524.354567923,10814985.217364637,9449195.725197412,camacari-IPTU,camacari,IPTU
2023-08-01,2023-08-01,4,2023-12-01,21991343.83026119,12055013.481734602,9449195.725197412,camacari-IPTU,camacari,IPTU
2023-08-01,2023-08-01,5,2024-01-01,9096349.782186696,7495148.162787372,9449195.725197412,camacari-IPTU,camacari,IPTU
2023-08-01,2023-08-01,6,2024-02-01,12207925.201341806,59098120.6842476,9449195.725197412,camacari-IPTU,camacari,IPTU
2023-08-01,2023-08-01,7,2024-03-01,117568232.72774635,111984576.65523784,9449195.725197412,camacari-IPTU,camacari,IPTU
2023-08-01,2023-08-01,8,2024-04-01,12092110.726040576,93027692.96709634,9449195.725197412,camacari-IPTU,camacari,IPTU
2023-08-01,2023-08-01,9,2024-05-01,12281670.577505508,18013975.848625332,9449195.725197412,camacari-IPTU,camacari,IPTU
2023-08-01,2023-08-01,10,2024-06-01,15668723.095071422,13552797.89346431,9449195.725197412,camacari-IPTU,camacari,IPTU
2023-08-01,2023-08-01,11,2024-07-01,11582225.949920287,14346857.593670448,9449195.725197412,camacari-IPTU,camacari,IPTU
2023-08-01,2023-08-01,12,2024-08-01,10773832.024935024,15828135.359560292,9449195.725197412,camacari-IPTU,camacari,IPTU
2023-09-01,2023-09-01,1,2023-10-01,16948768.265746012,10828018.713539196,9375916.476182612,camacari-IPTU,camacari,IPTU
2023-09-01,2023-09-01,2,2023-11-01,19405524.354567923,10880901.555897513,9375916.476182612,camacari-IPTU,camacari,IPTU
2023-09-01,2023-09-01,3,2023-12-01,21991343.83026119,11954895.988123933,9375916.476182612,camacari-IPTU,camacari,IPTU
2023-09-01,2023-09-01,4,2024-01-01,9096349.782186696,7581318.303543672,9375916.476182612,camacari-IPTU,camacari,IPTU
2023-09-01,2023-09-01,5,2024-02-01,12207925.201341806,79709530.35649438,9375916.476182612,camacari-IPTU,camacari,IPTU
2023-09-01,2023-09-01,6,2024-03-01,117568232.72774635,115532171.85574524,9375916.476182612,camacari-IPTU,camacari,IPTU
2023-09-01,2023-09-01,7,2024-04-01,12092110.726040576,97003382.63369997,9375916.476182612,camacari-IPTU,camacari,IPTU
2023-09-01,2023-09-01,8,2024-05-01,12281670.577505508,18180492.204138838,9375916.476182612,camacari-IPTU,camacari,IPTU
2023-09-01,2023-09-01,9,2024-06-01,15668723.095071422,13665620.480437486,9375916.476182612,camacari-IPTU,camacari,IPTU
2023-09-01,2023-09-01,10,2024-07-01,11582225.949920287,14520989.344419692,9375916.476182612,camacari-IPTU,camacari,IPTU
2023-09-01,2023-09-01,11,2024-08-01,10773832.024935024,15856426.679937422,9375916.476182612,camacari-IPTU,camacari,IPTU
2023-09-01,2023-09-01,12,2024-09-01,10296585.057692552,11874825.891480045,9375916.476182612,camacari-IPTU,camacari,IPTU
2023-10-01,2023-10-01,1,2023-11-01,19405524.354567923,11266012.461368684,9313311.219089283,camacari-IPTU,camacari,IPTU
2023-10-01,2023-10-01,2,2023-12-01,21991343.83026119,12697864.488774322,9313311.219089283,camacari-IPTU,camacari,IPTU
2023-10-01,2023-10-01,3,2024-01-01,9096349.782186696,7905003.503375019,9313311.219089283,camacari-IPTU,camacari,IPTU
2023-10-01,2023-10-01,4,2024-02-01,12207925.201341806,74988004.78741118,9313311.219089283,camacari-IPTU,camacari,IPTU
2023-10-01,2023-10-01,5,2024-03-01,117568232.72774635,123267971.86232035,9313311.219089283,camacari-IPTU,camacari,IPTU
2023-10-01,2023-10-01,6,2024-04-01,12092110.726040576,100291457.34443602,9313311.219089283,camacari-IPTU,camacari,IPTU
2023-10-01,2023-10-01,7,2024-05-01,12281670.577505508,19346380.48590267,9313311.219089283,camacari-IPTU,camacari,IPTU
2023-10-01,2023-10-01,8,2024-06-01,15668723.095071422,14731416.710928949,9313311.219089283,camacari-IPTU,camacari,IPTU
2023-10-01,2023-10-01,9,2024-07-01,11582225.949920287,15364572.101326274,9313311.219089283,camacari-IPTU,camacari,IPTU
2023-10-01,2023-10-01,10,2024-08-01,10773832.024935024,16982712.877853848,9313311.219089283,camacari-IPTU,camacari,IPTU
2023-10-01,2023-10-01,11,2024-09-01,10296585.057692552,12558082.049286509,9313311.219089283,camacari-IPTU,camacari,IPTU
2023-10-01,2023-10-01,12,2024-10-01,10512439.143674947,13285846.48114891,9313311.219089283,camacari-IPTU,camacari,IPTU
2023-11-01,2023-11-01,1,2023-12-01,21991343.83026119,13018505.997071097,9286735.246461555,camacari-IPTU,camacari,IPTU
2023-11-01,2023-11-01,2,2024-01-01,9096349.782186696,8208684.821280883,9286735.246461555,camacari-IPTU,camacari,IPTU
2023-11-01,2023-11-01,3,2024-02-01,12207925.201341806,68094728.4120853,9286735.246461555,camacari-IPTU,camacari,IPTU
2023-11-01,2023-11-01,4,2024-03-01,117568232.72774635,127478830.26341459,9286735.246461555,camacari-IPTU,camacari,IPTU
2023-11-01,2023-11-01,5,2024-04-01,12092110.726040576,100945435.04437721,9286735.246461555,camacari-IPTU,camacari,IPTU
2023-11-01,2023-11-01,6,2024-05-01,12281670.577505508,20288868.707530525,9286735.246461555,camacari-IPTU,camacari,IPTU
2023-11-01,2023-11-01,7,2024-06-01,15668723.095071422,15370354.813705534,9286735.246461555,camacari-IPTU,camacari,IPTU
2023-11-01,2023-11-01,8,2024-07-01,11582225.949920287,16281409.69603008,9286735.246461555,camacari-IPTU,camacari,IPTU
2023-11-01,2023-11-01,9,2024-08-01,10773832.024935024,17987698.505022567,9286735.246461555,camacari-IPTU,camacari,IPTU
2023-11-01,2023-11-01,10,2024-09-01,10296585.057692552,13400095.60305458,9286735.246461555,camacari-IPTU,camacari,IPTU
2023-11-01,2023-11-01,11,2024-10-01,10512439.143674947,14118528.525450764,9286735.246461555,camacari-IPTU,camacari,IPTU
2023-11-01,2023-11-01,12,2024-11-01,9462604.711222298,14285964.649756493,9286735.246461555,camacari-IPTU,camacari,IPTU
2023-12-01,2023-12-01,1,2024-01-01,9096349.782186696,8413852.064146603,9285906.438166013,camacari-IPTU,camacari,IPTU
2023-12-01,2023-12-01,2,2024-02-01,12207925.201341806,75444612.60499536,9285906.438166013,camacari-IPTU,camacari,IPTU
2023-12-01,2023-12-01,3,2024-03-01,117568232.72774635,133471423.85490975,9285906.438166013,camacari-IPTU,camacari,IPTU
2023-12-01,2023-12-01,4,2024-04-01,12092110.726040576,111179019.8625206,9285906.438166013,camacari-IPTU,camacari,IPTU
2023-12-01,2023-12-01,5,2024-05-01,12281670.577505508,20880454.605546843,9285906.438166013,camacari-IPTU,camacari,IPTU
2023-12-01,2023-12-01,6,2024-06-01,15668723.095071422,15960477.468535213,9285906.438166013,camacari-IPTU,camacari,IPTU
2023-12-01,2023-12-01,7,2024-07-01,11582225.949920287,17108735.076723453,9285906.438166013,camacari-IPTU,camacari,IPTU
2023-12-01,2023-12-01,8,2024-08-01,10773832.024935024,18982232.855262645,9285906.438166013,camacari-IPTU,camacari,IPTU
2023-12-01,2023-12-01,9,2024-09-01,10296585.057692552,13829150.170217793,9285906.438166013,camacari-IPTU,camacari,IPTU
2023-12-01,2023-12-01,10,2024-10-01,10512439.143674947,14880790.811987886,9285906.438166013,camacari-IPTU,camacari,IPTU
2023-12-01,2023-12-01,11,2024-11-01,9462604.711222298,14995547.72047395,9285906.438166013,camacari-IPTU,camacari,IPTU
2023-12-01,2023-12-01,12,2024-12-01,13905224.647661604,16697795.556297854,9285906.438166013,camacari-IPTU,camacari,IPTU
2024-01-01,2024-01-01,1,2024-02-01,12207925.201341806,60155754.5831902,9211294.655788543,camacari-IPTU,camacari,IPTU
2024-01-01,2024-01-01,2,2024-03-01,117568232.72774635,124805508.77220002,9211294.655788543,camacari-IPTU,camacari,IPTU
2024-01-01,2024-01-01,3,2024-04-01,12092110.726040576,100133737.51547208,9211294.655788543,camacari-IPTU,camacari,IPTU
2024-01-01,2024-01-01,4,2024-05-01,12281670.577505508,20092914.744379234,9211294.655788543,camacari-IPTU,camacari,IPTU
2024-01-01,2024-01-01,5,2024-06-01,15668723.095071422,15371528.05071295,9211294.655788543,camacari-IPTU,camacari,IPTU
2024-01-01,2024-01-01,6,2024-07-01,11582225.949920287,16656051.109780734,9211294.655788543,camacari-IPTU,camacari,IPTU
2024-01-01,2024-01-01,7,2024-08-01,10773832.024935024,18580044.577259533,9211294.655788543,camacari-IPTU,camacari,IPTU
2024-01-01,2024-01-01,8,2024-09-01,10296585.057692552,14007377.97287681,9211294.655788543,camacari-IPTU,camacari,IPTU
2024-01-01,2024-01-01,9,2024-10-01,10512439.143674947,14940389.777661815,9211294.655788543,camacari-IPTU,camacari,IPTU
2024-01-01,2024-01-01,10,2024-11-01,9462604.711222298,15063771.524835942,9211294.655788543,camacari-IPTU,camacari,IPTU
2024-01-01,2024-01-01,11,2024-12-01,13905224.647661604,17076534.407996487,9211294.655788543,camacari-IPTU,camacari,IPTU
2024-01-01,2024-01-01,12,2025-01-01,6388575.092741284,9789508.90211328,9211294.655788543,camacari-IPTU,camacari,IPTU
2024-02-01,2024-02-01,1,2024-03-01,117568232.72774635,132945389.3221845,9119237.178405501,camacari-IPTU,camacari,IPTU
2024-02-01,2024-02-01,2,2024-04-01,12092110.726040576,104491912.72660407,9119237.178405501,camacari-IPTU,camacari,IPTU
2024-02-01,2024-02-01,3,2024-05-01,12281670.577505508,21528131.742645983,9119237.178405501,camacari-IPTU,camacari,IPTU
2024-02-01,2024-02-01,4,2024-06-01,15668723.095071422,15682944.892960036,9119237.178405501,camacari-IPTU,camacari,IPTU
2024-02-01,2024-02-01,5,2024-07-01,11582225.949920287,16666841.964453036,9119237.178405501,camacari-IPTU,camacari,IPTU
2024-02-01,2024-02-01,6,2024-08-01,10773832.024935024,18279187.9150886,9119237.178405501,camacari-IPTU,camacari,IPTU
2024-02-01,2024-02-01,7,2024-09-01,10296585.057692552,13281888.043204706,9119237.178405501,camacari-IPTU,camacari,IPTU
2024-02-01,2024-02-01,8,2024-10-01,10512439.143674947,14159293.521903332,9119237.178405501,camacari-IPTU,camacari,IPTU
2024-02-01,2024-02-01,9,2024-11-01,9462604.711222298,14047300.056315798,9119237.178405501,camacari-IPTU,camacari,IPTU
2024-02-01,2024-02-01,10,2024-12-01,13905224.647661604,15429851.601635281,9119237.178405501,camacari-IPTU,camacari,IPTU
2024-02-01,2024-02-01,11,2025-01-01,6388575.092741284,9169993.174392782,9119237.178405501,camacari-IPTU,camacari,IPTU
2024-02-01,2024-02-01,12,2025-02-01,12542878.821337909,62225895.053155825,9119237.178405501,camacari-IPTU,camacari,IPTU
2024-03-01,2024-03-01,1,2024-04-01,12092110.726040576,102416111.78371105,9066888.315528343,camacari-IPTU,camacari,IPTU
2024-03-01,2024-03-01,2,2024-05-01,12281670.577505508,19606010.663378738,9066888.315528343,camacari-IPTU,camacari,IPTU
2024-03-01,2024-03-01,3,2024-06-01,15668723.095071422,14933921.337561611,9066888.315528343,camacari-IPTU,camacari,IPTU
2024-03-01,2024-03-01,4,2024-07-01,11582225.949920287,15361326.943501849,9066888.315528343,camacari-IPTU,camacari,IPTU
2024-03-01,2024-03-01,5,2024-08-01,10773832.024935024,17214980.11459956,9066888.315528343,camacari-IPTU,camacari,IPTU
2024-03-01,2024-03-01,6,2024-09-01,10296585.057692552,12586046.40871989,9066888.315528343,camacari-IPTU,camacari,IPTU
2024-03-01,2024-03-01,7,2024-10-01,10512439.143674947,13851703.41741248,9066888.315528343,camacari-IPTU,camacari,IPTU
2024-03-01,2024-03-01,8,2024-11-01,9462604.711222298,13906862.867477737,9066888.315528343,camacari-IPTU,camacari,IPTU
2024-03-01,2024-03-01,9,2024-12-01,13905224.647661604,15266489.713181803,9066888.315528343,camacari-IPTU,camacari,IPTU
2024-03-01,2024-03-01,10,2025-01-01,6388575.092741284,8869517.269980205,9066888.315528343,camacari-IPTU,camacari,IPTU
2024-03-01,2024-03-01,11,2025-02-01,12542878.821337909,60396087.943240225,9066888.315528343,camacari-IPTU,camacari,IPTU
2024-03-01,2024-03-01,12,2025-03-01,120152088.70043229,133310314.81984581,9066888.315528343,camacari-IPTU,camacari,IPTU
2024-04-01,2024-04-01,1,2024-05-01,12281670.577505508,19752752.087494556,9050712.186374642,camacari-IPTU,camacari,IPTU
2024-04-01,2024-04-01,2,2024-06-01,15668723.095071422,14652483.945510522,9050712.186374642,camacari-IPTU,camacari,IPTU
2024-04-01,2024-04-01,3,2024-07-01,11582225.949920287,15829780.06354722,9050712.186374642,camacari-IPTU,camacari,IPTU
2024-04-01,2024-04-01,4,2024-08-01,10773832.024935024,17395085.53378242,9050712.186374642,camacari-IPTU,camacari,IPTU
2024-04-01,2024-04-01,5,2024-09-01,10296585.057692552,12874917.8446984,9050712.186374642,camacari-IPTU,camacari,IPTU
2024-04-01,2024-04-01,6,2024-10-01,10512439.143674947,13544684.270705458,9050712.186374642,camacari-IPTU,camacari,IPTU
2024-04-01,2024-04-01,7,2024-11-01,9462604.711222298,13634902.905035025,9050712.186374642,camacari-IPTU,camacari,IPTU
2024-04-01,2024-04-01,8,2024-12-01,13905224.647661604,15081778.398837604,9050712.186374642,camacari-IPTU,camacari,IPTU
2024-04-01,2024-04-01,9,2025-01-01,6388575.092741284,8677034.076234935,9050712.186374642,camacari-IPTU,camacari,IPTU
2024-04-01,2024-04-01,10,2025-02-01,12542878.821337909,55119068.31853896,9050712.186374642,camacari-IPTU,camacari,IPTU
2024-04-01,2024-04-01,11,2025-03-01,120152088.70043229,128259619.02907704,9050712.186374642,camacari-IPTU,camacari,IPTU
2024-04-01,2024-04-01,12,2025-04-01,11946177.334066126,95053993.84385033,9050712.186374642,camacari-IPTU,camacari,IPTU
2024-05-01,2024-05-01,1,2024-06-01,15668723.095071422,14066396.468759397,8979604.007985488,camacari-IPTU,camacari,IPTU
2024-05-01,2024-05-01,2,2024-07-01,11582225.949920287,14986092.397541022,8979604.007985488,camacari-IPTU,camacari,IPTU
2024-05-01,2024-05-01,3,2024-08-01,10773832.024935024,16752321.393022567,8979604.007985488,camacari-IPTU,camacari,IPTU
2024-05-01,2024-05-01,4,2024-09-01,10296585.057692552,12469449.476201085,8979604.007985488,camacari-IPTU,camacari,IPTU
2024-05-01,2024-05-01,5,2024-10-01,10512439.143674947,13389666.443880662,8979604.007985488,camacari-IPTU,camacari,IPTU
2024-05-01,2024-05-01,6,2024-11-01,9462604.711222298,13294955.361715484,8979604.007985488,camacari-IPTU,camacari,IPTU
2024-05-01,2024-05-01,7,2024-12-01,13905224.647661604,15137724.986041846,8979604.007985488,camacari-IPTU,camacari,IPTU
2024-05-01,2024-05-01,8,2025-01-01,6388575.092741284,8702808.936580652,8979604.007985488,camacari-IPTU,camacari,IPTU
2024-05-01,2024-05-01,9,2025-02-01,12542878.821337909,66730805.29229852,8979604.007985488,camacari-IPTU,camacari,IPTU
2024-05-01,2024-05-01,10,2025-03-01,120152088.70043229,126065009.47567908,8979604.007985488,camacari-IPTU,camacari,IPTU
2024-05-01,2024-05-01,11,2025-04-01,11946177.334066126,98154808.66924997,8979604.007985488,camacari-IPTU,camacari,IPTU
2024-05-01,2024-05-01,12,2025-05-01,12492744.777130071,19508547.72083345,8979604.007985488,camacari-IPTU,camacari,IPTU
2024-06-01,2024-06-01,1,2024-07-01,11582225.949920287,14879129.894039044,8913891.040868592,camacari-IPTU,camacari,IPTU
2024-06-01,2024-06-01,2,2024-08-01,10773832.024935024,16538113.561648486,8913891.040868592,camacari-IPTU,camacari,IPTU
2024-06-01,2024-06-01,3,2024-09-01,10296585.057692552,12127827.250858001,8913891.040868592,camacari-IPTU,camacari,IPTU
2024-06-01,2024-06-01,4,2024-10-01,10512439.143674947,12975236.424196951,8913891.040868592,camacari-IPTU,camacari,IPTU
2024-06-01,2024-06-01,5,2024-11-01,9462604.711222298,12773276.790099144,8913891.040868592,camacari-IPTU,camacari,IPTU
2024-06-01,2024-06-01,6,2024-12-01,13905224.647661604,14503166.161067847,8913891.040868592,camacari-IPTU,camacari,IPTU
2024-06-01,2024-06-01,7,2025-01-01,6388575.092741284,8302507.59697467,8913891.040868592,camacari-IPTU,camacari,IPTU
2024-06-01,2024-06-01,8,2025-02-01,12542878.821337909,59602503.276975095,8913891.040868592,camacari-IPTU,camacari,IPTU
2024-06-01,2024-06-01,9,2025-03-01,120152088.70043229,126281121.34308773,8913891.040868592,camacari-IPTU,camacari,IPTU
2024-06-01,2024-06-01,10,2025-04-01,11946177.334066126,93528147.74330468,8913891.040868592,camacari-IPTU,camacari,IPTU
2024-06-01,2024-06-01,11,2025-05-01,12492744.777130071,19259400.333722003,8913891.040868592,camacari-IPTU,camacari,IPTU
2024-06-01,2024-06-01,12,2025-06-01,10060501.5409044,14936794.041622212,8913891.040868592,camacari-IPTU,camacari,IPTU
2024-07-01,2024-07-01,1,2024-08-01,10773832.024935024,16329543.478663126,8920082.548312308,camacari-IPTU,camacari,IPTU
2024-07-01,2024-07-01,2,2024-09-01,10296585.057692552,11933480.731193563,8920082.548312308,camacari-IPTU,camacari,IPTU
2024-07-01,2024-07-01,3,2024-10-01,10512439.143674947,12829362.89557942,8920082.548312308,camacari-IPTU,camacari,IPTU
2024-07-01,2024-07-01,4,2024-11-01,9462604.711222298,12727494.830936125,8920082.548312308,camacari-IPTU,camacari,IPTU
2024-07-01,2024-07-01,5,2024-12-01,13905224.647661604,14087076.652182737,8920082.548312308,camacari-IPTU,camacari,IPTU
2024-07-01,2024-07-01,6,2025-01-01,6388575.092741284,8133927.566867401,8920082.548312308,camacari-IPTU,camacari,IPTU
2024-07-01,2024-07-01,7,2025-02-01,12542878.821337909,61918624.30454166,8920082.548312308,camacari-IPTU,camacari,IPTU
2024-07-01,2024-07-01,8,2025-03-01,120152088.70043229,123239227.70539163,8920082.548312308,camacari-IPTU,camacari,IPTU
2024-07-01,2024-07-01,9,2025-04-01,11946177.334066126,91738770.21420471,8920082.548312308,camacari-IPTU,camacari,IPTU
2024-07-01,2024-07-01,10,2025-05-01,12492744.777130071,19128307.814640764,8920082.548312308,camacari-IPTU,camacari,IPTU
2024-07-01,2024-07-01,11,2025-06-01,10060501.5409044,14630577.657145219,8920082.548312308,camacari-IPTU,camacari,IPTU
2024-07-01,2024-07-01,12,2025-07-01,11088846.80433917,15201019.280438356,8920082.548312308,camacari-IPTU,camacari,IPTU
2024-08-01,2024-08-01,1,2024-09-01,10296585.057692552,12144521.020856658,8964973.132256545,camacari-IPTU,camacari,IPTU
2024-08-01,2024-08-01,2,2024-10-01,10512439.143674947,12967487.774802584,8964973.132256545,camacari-IPTU,camacari,IPTU
2024-08-01,2024-08-01,3,2024-11-01,9462604.711222298,12932937.341739118,8964973.132256545,camacari-IPTU,camacari,IPTU
2024-08-01,2024-08-01,4,2024-12-01,13905224.647661604,14517195.659130236,8964973.132256545,camacari-IPTU,camacari,IPTU
2024-08-01,2024-08-01,5,2025-01-01,6388575.092741284,8374847.274226917,8964973.132256545,camacari-IPTU,camacari,IPTU
2024-08-01,2024-08-01,6,2025-02-01,12542878.821337909,70949035.50682233,8964973.132256545,camacari-IPTU,camacari,IPTU
2024-08-01,2024-08-01,7,2025-03-01,120152088.70043229,124631096.33752947,8964973.132256545,camacari-IPTU,camacari,IPTU
2024-08-01,2024-08-01,8,2025-04-01,11946177.334066126,99417666.1740222,8964973.132256545,camacari-IPTU,camacari,IPTU
2024-08-01,2024-08-01,9,2025-05-01,12492744.777130071,19198506.39952643,8964973.132256545,camacari-IPTU,camacari,IPTU
2024-08-01,2024-08-01,10,2025-06-01,10060501.5409044,15113526.925713468,8964973.132256545,camacari-IPTU,camacari,IPTU
2024-08-01,2024-08-01,11,2025-07-01,11088846.80433917,15493536.024440248,8964973.132256545,camacari-IPTU,camacari,IPTU
2024-08-01,2024-08-01,12,2025-08-01,10811979.522146849,16906221.849177945,8964973.132256545,camacari-IPTU,camacari,IPTU
2024-09-01,2024-09-01,1,2024-10-01,10512439.143674947,12813268.310692417,8928827.543153876,camacari-IPTU,camacari,IPTU
2024-09-01,2024-09-01,2,2024-11-01,9462604.711222298,12896820.630535953,8928827.543153876,camacari-IPTU,camacari,IPTU
2024-09-01,2024-09-01,3,2024-12-01,13905224.647661604,14477706.981568549,8928827.543153876,camacari-IPTU,camacari,IPTU
2024-09-01,2024-09-01,4,2025-01-01,6388575.092741284,8298919.273690564,8928827.543153876,camacari-IPTU,camacari,IPTU
2024-09-01,2024-09-01,5,2025-02-01,12542878.821337909,59861488.57756655,8928827.543153876,camacari-IPTU,camacari,IPTU
2024-09-01,2024-09-01,6,2025-03-01,120152088.70043229,120970000.96142381,8928827.543153876,camacari-IPTU,camacari,IPTU
2024-09-01,2024-09-01,7,2025-04-01,11946177.334066126,90800209.20353153,8928827.543153876,camacari-IPTU,camacari,IPTU
2024-09-01,2024-09-01,8,2025-05-01,12492744.777130071,18984054.520720333,8928827.543153876,camacari-IPTU,camacari,IPTU
2024-09-01,2024-09-01,9,2025-06-01,10060501.5409044,14711611.514400914,8928827.543153876,camacari-IPTU,camacari,IPTU
2024-09-01,2024-09-01,10,2025-07-01,11088846.80433917,15284422.367999187,8928827.543153876,camacari-IPTU,camacari,IPTU
2024-09-01,2024-09-01,11,2025-08-01,10811979.522146849,16544920.963071031,8928827.543153876,camacari-IPTU,camacari,IPTU
2024-09-01,2024-09-01,12,2025-09-01,10378202.791861642,12346614.581568057,8928827.543153876,camacari-IPTU,camacari,IPTU
2024-10-01,2024-10-01,1,2024-11-01,9462604.711222298,12615483.766455207,8905313.407105925,camacari-IPTU,camacari,IPTU
2024-10-01,2024-10-01,2,2024-12-01,13905224.647661604,14053658.54563578,8905313.407105925,camacari-IPTU,camacari,IPTU
2024-10-01,2024-10-01,3,2025-01-01,6388575.092741284,7999648.022637363,8905313.407105925,camacari-IPTU,camacari,IPTU
2024-10-01,2024-10-01,4,2025-02-01,12542878.821337909,52255478.170729645,8905313.407105925,camacari-IPTU,camacari,IPTU
2024-10-01,2024-10-01,5,2025-03-01,120152088.70043229,118110819.01700887,8905313.407105925,camacari-IPTU,camacari,IPTU
2024-10-01,2024-10-01,6,2025-04-01,11946177.334066126,85194955.6030534,8905313.407105925,camacari-IPTU,camacari,IPTU
2024-10-01,2024-10-01,7,2025-05-01,12492744.777130071,18304654.269909114,8905313.407105925,camacari-IPTU,camacari,IPTU
2024-10-01,2024-10-01,8,2025-06-01,10060501.5409044,14170856.492497567,8905313.407105925,camacari-IPTU,camacari,IPTU
2024-10-01,2024-10-01,9,2025-07-01,11088846.80433917,14632177.409456939,8905313.407105925,camacari-IPTU,camacari,IPTU
2024-10-01,2024-10-01,10,2025-08-01,10811979.522146849,15961117.163077235,8905313.407105925,camacari-IPTU,camacari,IPTU
2024-10-01,2024-10-01,11,2025-09-01,10378202.791861642,11907628.187625827,8905313.407105925,camacari-IPTU,camacari,IPTU
2024-10-01,2024-10-01,12,2025-10-01,16987225.41352915,12678582.189126443,8905313.407105925,camacari-IPTU,camacari,IPTU
2024-11-01,2024-11-01,1,2024-12-01,13905224.647661604,14070259.011770058,8915010.661650222,camacari-IPTU,camacari,IPTU
2024-11-01,2024-11-01,2,2025-01-01,6388575.092741284,7970829.744950042,8915010.661650222,camacari-IPTU,camacari,IPTU
2024-11-01,2024-11-01,3,2025-02-01,12542878.821337909,55849744.80914465,8915010.661650222,camacari-IPTU,camacari,IPTU
2024-11-01,2024-11-01,4,2025-03-01,120152088.70043229,120984460.98193437,8915010.661650222,camacari-IPTU,camacari,IPTU
2024-11-01,2024-11-01,5,2025-04-01,11946177.334066126,86055866.01364344,8915010.661650222,camacari-IPTU,camacari,IPTU
2024-11-01,2024-11-01,6,2025-05-01,12492744.777130071,18314700.6821742,8915010.661650222,camacari-IPTU,camacari,IPTU
2024-11-01,2024-11-01,7,2025-06-01,10060501.5409044,14436757.36945169,8915010.661650222,camacari-IPTU,camacari,IPTU
2024-11-01,2024-11-01,8,2025-07-01,11088846.80433917,14760977.48031324,8915010.661650222,camacari-IPTU,camacari,IPTU
2024-11-01,2024-11-01,9,2025-08-01,10811979.522146849,16145383.586686557,8915010.661650222,camacari-IPTU,camacari,IPTU
2024-11-01,2024-11-01,10,2025-09-01,10378202.791861642,11948748.836857403,8915010.661650222,camacari-IPTU,camacari,IPTU
2024-11-01,2024-11-01,11,2025-10-01,16987225.41352915,12721516.689006789,8915010.661650222,camacari-IPTU,camacari,IPTU
2024-11-01,2024-11-01,12,2025-11-01,29661422.3237848,12558594.966344375,8915010.661650222,camacari-IPTU,camacari,IPTU
2024-12-01,2024-12-01,1,2025-01-01,6388575.092741284,8211857.211674645,8907335.7405479,camacari-IPTU,camacari,IPTU
2024-12-01,2024-12-01,2,2025-02-01,12542878.821337909,64697191.24056685,8907335.7405479,camacari-IPTU,camacari,IPTU
2024-12-01,2024-12-01,3,2025-03-01,120152088.70043229,121232850.98561712,8907335.7405479,camacari-IPTU,camacari,IPTU
2024-12-01,2024-12-01,4,2025-04-01,11946177.334066126,92238714.24905756,8907335.7405479,camacari-IPTU,camacari,IPTU
2024-12-01,2024-12-01,5,2025-05-01,12492744.777130071,18436356.011330344,8907335.7405479,camacari-IPTU,camacari,IPTU
2024-12-01,2024-12-01,6,2025-06-01,10060501.5409044,14373531.693598507,8907335.7405479,camacari-IPTU,camacari,IPTU
2024-12-01,2024-12-01,7,2025-07-01,11088846.80433917,14829452.011987425,8907335.7405479,camacari-IPTU,camacari,IPTU
2024-12-01,2024-12-01,8,2025-08-01,10811979.522146849,16196282.585622149,8907335.7405479,camacari-IPTU,camacari,IPTU
2024-12-01,2024-12-01,9,2025-09-01,10378202.791861642,12043691.38177176,8907335.7405479,camacari-IPTU,camacari,IPTU
2024-12-01,2024-12-01,10,2025-10-01,16987225.41352915,12760093.645996979,8907335.7405479,camacari-IPTU,camacari,IPTU
2024-12-01,2024-12-01,11,2025-11-01,29661422.3237848,12739417.709283018,8907335.7405479,camacari-IPTU,camacari,IPTU
2024-12-01,2024-12-01,12,2025-12-01,28872249.34,14379096.626711305,8907335.7405479,camacari-IPTU,camacari,IPTU
2025-01-01,2025-01-01,1,2025-02-01,12542878.821337909,53177656.36244053,8850459.033657052,camacari-IPTU,camacari,IPTU
2025-01-01,2025-01-01,2,2025-03-01,120152088.70043229,115216137.9129787,8850459.033657052,camacari-IPTU,camacari,IPTU
2025-01-01,2025-01-01,3,2025-04-01,11946177.334066126,84987525.74126427,8850459.033657052,camacari-IPTU,camacari,IPTU
2025-01-01,2025-01-01,4,2025-05-01,12492744.777130071,18205767.297768477,8850459.033657052,camacari-IPTU,camacari,IPTU
2025-01-01,2025-01-01,5,2025-06-01,10060501.5409044,14101770.011070097,8850459.033657052,camacari-IPTU,camacari,IPTU
2025-01-01,2025-01-01,6,2025-07-01,11088846.80433917,14671274.227426082,8850459.033657052,camacari-IPTU,camacari,IPTU
2025-01-01,2025-01-01,7,2025-08-01,10811979.522146849,15751932.34049158,8850459.033657052,camacari-IPTU,camacari,IPTU
2025-01-01,2025-01-01,8,2025-09-01,10378202.791861642,11764332.120792538,8850459.033657052,camacari-IPTU,camacari,IPTU
2025-01-01,2025-01-01,9,2025-10-01,16987225.41352915,12590341.812269045,8850459.033657052,camacari-IPTU,camacari,IPTU
2025-01-01,2025-01-01,10,2025-11-01,29661422.3237848,12457483.06589089,8850459.033657052,camacari-IPTU,camacari,IPTU
2025-01-01,2025-01-01,11,2025-12-01,28872249.34,14051479.549308147,8850459.033657052,camacari-IPTU,camacari,IPTU
2025-02-01,2025-02-01,1,2025-03-01,120152088.70043229,109674647.94377308,8773045.348078314,camacari-IPTU,camacari,IPTU
2025-02-01,2025-02-01,2,2025-04-01,11946177.334066126,69981092.88045865,8773045.348078314,camacari-IPTU,camacari,IPTU
2025-02-01,2025-02-01,3,2025-05-01,12492744.777130071,17592891.15474636,8773045.348078314,camacari-IPTU,camacari,IPTU
2025-02-01,2025-02-01,4,2025-06-01,10060501.5409044,13425477.530380426,8773045.348078314,camacari-IPTU,camacari,IPTU
2025-02-01,2025-02-01,5,2025-07-01,11088846.80433917,14223217.504193407,8773045.348078314,camacari-IPTU,camacari,IPTU
2025-02-01,2025-02-01,6,2025-08-01,10811979.522146849,15163621.278244015,8773045.348078314,camacari-IPTU,camacari,IPTU
2025-02-01,2025-02-01,7,2025-09-01,10378202.791861642,11519609.400363442,8773045.348078314,camacari-IPTU,camacari,IPTU
2025-02-01,2025-02-01,8,2025-10-01,16987225.41352915,12193385.15707847,8773045.348078314,camacari-IPTU,camacari,IPTU
2025-02-01,2025-02-01,9,2025-11-01,29661422.3237848,11889263.905261036,8773045.348078314,camacari-IPTU,camacari,IPTU
2025-02-01,2025-02-01,10,2025-12-01,28872249.34,13545969.20786699,8773045.348078314,camacari-IPTU,camacari,IPTU
2025-03-01,2025-03-01,1,2025-04-01,11946177.334066126,77801056.69636789,8717286.885236941,camacari-IPTU,camacari,IPTU
2025-03-01,2025-03-01,2,2025-05-01,12492744.777130071,17341254.533284973,8717286.885236941,camacari-IPTU,camacari,IPTU
2025-03-01,2025-03-01,3,2025-06-01,10060501.5409044,13052116.088358702,8717286.885236941,camacari-IPTU,camacari,IPTU
2025-03-01,2025-03-01,4,2025-07-01,11088846.80433917,13474284.11353964,8717286.885236941,camacari-IPTU,camacari,IPTU
2025-03-01,2025-03-01,5,2025-08-01,10811979.522146849,14661048.31266932,8717286.885236941,camacari-IPTU,camacari,IPTU
2025-03-01,2025-03-01,6,2025-09-01,10378202.791861642,10761661.582140764,8717286.885236941,camacari-IPTU,camacari,IPTU
2025-03-01,2025-03-01,7,2025-10-01,16987225.41352915,11537912.169000624,8717286.885236941,camacari-IPTU,camacari,IPTU
2025-03-01,2025-03-01,8,2025-11-01,29661422.3237848,11311348.110647956,8717286.885236941,camacari-IPTU,camacari,IPTU
2025-03-01,2025-03-01,9,2025-12-01,28872249.34,12774335.538398143,8717286.885236941,camacari-IPTU,camacari,IPTU
2025-04-01,2025-04-01,1,2025-05-01,12492744.777130071,16058766.453064162,8640756.943332814,camacari-IPTU,camacari,IPTU
2025-04-01,2025-04-01,2,2025-06-01,10060501.5409044,12104390.01441615,8640756.943332814,camacari-IPTU,camacari,IPTU
2025-04-01,2025-04-01,3,2025-07-01,11088846.80433917,12296618.305134559,8640756.943332814,camacari-IPTU,camacari,IPTU
2025-04-01,2025-04-01,4,2025-08-01,10811979.522146849,13283969.773814134,8640756.943332814,camacari-IPTU,camacari,IPTU
2025-04-01,2025-04-01,5,2025-09-01,10378202.791861642,9899621.325011529,8640756.943332814,camacari-IPTU,camacari,IPTU
2025-04-01,2025-04-01,6,2025-10-01,16987225.41352915,10392908.022288982,8640756.943332814,camacari-IPTU,camacari,IPTU
2025-04-01,2025-04-01,7,2025-11-01,29661422.3237848,10102963.952149026,8640756.943332814,camacari-IPTU,camacari,IPTU
2025-04-01,2025-04-01,8,2025-12-01,28872249.34,11333494.43919165,8640756.943332814,camacari-IPTU,camacari,IPTU
2025-05-01,2025-05-01,1,2025-06-01,10060501.5409044,12086530.32557254,8566157.980999112,camacari-IPTU,camacari,IPTU
2025-05-01,2025-05-01,2,2025-07-01,11088846.80433917,12502219.52454698,8566157.980999112,camacari-IPTU,camacari,IPTU
2025-05-01,2025-05-01,3,2025-08-01,10811979.522146849,13375052.947138216,8566157.980999112,camacari-IPTU,camacari,IPTU
2025-05-01,2025-05-01,4,2025-09-01,10378202.791861642,9954777.287773639,8566157.980999112,camacari-IPTU,camacari,IPTU
2025-05-01,2025-05-01,5,2025-10-01,16987225.41352915,10381692.616857952,8566157.980999112,camacari-IPTU,camacari,IPTU
2025-05-01,2025-05-01,6,2025-11-01,29661422.3237848,10214526.073230239,8566157.980999112,camacari-IPTU,camacari,IPTU
2025-05-01,2025-05-01,7,2025-12-01,28872249.34,11621029.818610031,8566157.980999112,camacari-IPTU,camacari,IPTU
2025-06-01,2025-06-01,1,2025-07-01,11088846.80433917,11665341.25831696,8540211.170237428,camacari-IPTU,camacari,IPTU
2025-06-01,2025-06-01,2,2025-08-01,10811979.522146849,12378635.947631555,8540211.170237428,camacari-IPTU,camacari,IPTU
2025-06-01,2025-06-01,3,2025-09-01,10378202.791861642,9167511.457791198,8540211.170237428,camacari-IPTU,camacari,IPTU
2025-06-01,2025-06-01,4,2025-10-01,16987225.41352915,9601158.88519566,8540211.170237428,camacari-IPTU,camacari,IPTU
2025-06-01,2025-06-01,5,2025-11-01,29661422.3237848,9190026.06857916,8540211.170237428,camacari-IPTU,camacari,IPTU
2025-06-01,2025-06-01,6,2025-12-01,28872249.34,10384718.07697754,8540211.170237428,camacari-IPTU,camacari,IPTU
2025-07-01,2025-07-01,1,2025-08-01,10811979.522146849,13225449.510667596,8470238.717849111,camacari-IPTU,camacari,IPTU
2025-07-01,2025-07-01,2,2025-09-01,10378202.791861642,9630652.75208425,8470238.717849111,camacari-IPTU,camacari,IPTU
2025-07-01,2025-07-01,3,2025-10-01,16987225.41352915,10220553.085976295,8470238.717849111,camacari-IPTU,camacari,IPTU
2025-07-01,2025-07-01,4,2025-11-01,29661422.3237848,10098409.245497337,8470238.717849111,camacari-IPTU,camacari,IPTU
2025-07-01,2025-07-01,5,2025-12-01,28872249.34,11225310.172467848,8470238.717849111,camacari-IPTU,camacari,IPTU
2025-08-01,2025-08-01,1,2025-09-01,10378202.791861642,9537662.482354563,8397548.276291894,camacari-IPTU,camacari,IPTU
2025-08-01,2025-08-01,2,2025-10-01,16987225.41352915,10080089.156613093,8397548.276291894,camacari-IPTU,camacari,IPTU
2025-08-01,2025-08-01,3,2025-11-01,29661422.3237848,9845387.741012948,8397548.276291894,camacari-IPTU,camacari,IPTU
2025-08-01,2025-08-01,4,2025-12-01,28872249.34,10894682.710307797,8397548.276291894,camacari-IPTU,camacari,IPTU
2025-09-01,2025-09-01,1,2025-10-01,16987225.41352915,9561291.837002404,8326471.946872041,camacari-IPTU,camacari,IPTU
2025-09-01,2025-09-01,2,2025-11-01,29661422.3237848,9128822.696177065,8326471.946872041,camacari-IPTU,camacari,IPTU
2025-09-01,2025-09-01,3,2025-12-01,28872249.34,10452583.569997462,8326471.946872041,camacari-IPTU,camacari,IPTU
2025-10-01,2025-10-01,1,2025-11-01,29661422.3237848,10972559.882423412,8310779.6953718895,camacari-IPTU,camacari,IPTU
2025-10-01,2025-10-01,2,2025-12-01,28872249.34,12609320.685698736,8310779.6953718895,camacari-IPTU,camacari,IPTU
2025-11-01,2025-11-01,1,2025-12-01,28872249.34,13045424.587031567,8410679.17366761,camacari-IPTU,camacari,IPTU
2020-12-01,2020-12-01,1,2021-01-01,16543166.329284055,18894381.429990634,1493060.8991192745,camacari-ISSQN,camacari,ISSQN
2020-12-01,2020-12-01,2,2021-02-01,14407952.673525412,14105344.102756117,1493060.8991192745,camacari-ISSQN,camacari,ISSQN
2020-12-01,2020-12-01,3,2021-03-01,14855886.310192015,13858639.570113022,1493060.8991192745,camacari-ISSQN,camacari,ISSQN
2020-12-01,2020-12-01,4,2021-04-01,15524759.746510506,13910467.44690577,1493060.8991192745,camacari-ISSQN,camacari,ISSQN
2020-12-01,2020-12-01,5,2021-05-01,15908108.22397056,13051246.172082817,1493060.8991192745,camacari-ISSQN,camacari,ISSQN
2020-12-01,2020-12-01,6,2021-06-01,16430714.61503123,14133865.323356887,1493060.8991192745,camacari-ISSQN,camacari,ISSQN
2020-12-01,2020-12-01,7,2021-07-01,15765340.012123786,14916310.381511077,1493060.8991192745,camacari-ISSQN,camacari,ISSQN
2020-12-01,2020-12-01,8,2021-08-01,17793395.258316882,14609373.082719594,1493060.8991192745,camacari-ISSQN,camacari,ISSQN
2020-12-01,2020-12-01,9,2021-09-01,17701014.731764168,15567487.712945115,1493060.8991192745,camacari-ISSQN,camacari,ISSQN
2020-12-01,2020-12-01,10,2021-10-01,17758714.841657992,15502811.235522335,1493060.8991192745,camacari-ISSQN,camacari,ISSQN
2020-12-01,2020-12-01,11,2021-11-01,17407028.491258733,14946472.519950977,1493060.8991192745,camacari-ISSQN,camacari,ISSQN
2020-12-01,2020-12-01,12,2021-12-01,20432534.845650554,16645412.731932197,1493060.8991192745,camacari-ISSQN,camacari,ISSQN
2021-01-01,2021-01-01,1,2021-02-01,14407952.673525412,14355779.085612155,1505343.2058992474,camacari-ISSQN,camacari,ISSQN
2021-01-01,2021-01-01,2,2021-03-01,14855886.310192015,13802356.591057021,1505343.2058992474,camacari-ISSQN,camacari,ISSQN
2021-01-01,2021-01-01,3,2021-04-01,15524759.746510506,14040825.628053177,1505343.2058992474,camacari-ISSQN,camacari,ISSQN
2021-01-01,2021-01-01,4,2021-05-01,15908108.22397056,13153952.44802041,1505343.2058992474,camacari-ISSQN,camacari,ISSQN
2021-01-01,2021-01-01,5,2021-06-01,16430714.61503123,14257805.87936762,1505343.2058992474,camacari-ISSQN,camacari,ISSQN
2021-01-01,2021-01-01,6,2021-07-01,15765340.012123786,14421570.189226493,1505343.2058992474,camacari-ISSQN,camacari,ISSQN
2021-01-01,2021-01-01,7,2021-08-01,17793395.258316882,14540315.371884335,1505343.2058992474,camacari-ISSQN,camacari,ISSQN
2021-01-01,2021-01-01,8,2021-09-01,17701014.731764168,15564311.532974103,1505343.2058992474,camacari-ISSQN,camacari,ISSQN
2021-01-01,2021-01-01,9,2021-10-01,17758714.841657992,15660414.55930298,1505343.2058992474,camacari-ISSQN,camacari,ISSQN
2021-01-01,2021-01-01,10,2021-11-01,17407028.491258733,14963294.42546628,1505343.2058992474,camacari-ISSQN,camacari,ISSQN
2021-01-01,2021-01-01,11,2021-12-01,20432534.845650554,16765765.83217832,1505343.2058992474,camacari-ISSQN,camacari,ISSQN
2021-01-01,2021-01-01,12,2022-01-01,21092285.296450797,18332074.003439736,1505343.2058992474,camacari-ISSQN,camacari,ISSQN
2021-02-01,2021-02-01,1,2021-03-01,14855886.310192015,13927239.553386992,1549700.383558713,camacari-ISSQN,camacari,ISSQN
2021-02-01,2021-02-01,2,2021-04-01,15524759.746510506,14076935.052568717,1549700.383558713,camacari-ISSQN,camacari,ISSQN
2021-02-01,2021-02-01,3,2021-05-01,15908108.22397056,13308871.664596781,1549700.383558713,camacari-ISSQN,camacari,ISSQN
2021-02-01,2021-02-01,4,2021-06-01,16430714.61503123,14168387.300024997,1549700.383558713,camacari-ISSQN,camacari,ISSQN
2021-02-01,2021-02-01,5,2021-07-01,15765340.012123786,14243883.661421461,1549700.383558713,camacari-ISSQN,camacari,ISSQN
2021-02-01,2021-02-01,6,2021-08-01,17793395.258316882,14450664.146880146,1549700.383558713,camacari-ISSQN,camacari,ISSQN
2021-02-01,2021-02-01,7,2021-09-01,17701014.731764168,15569642.668868277,1549700.383558713,camacari-ISSQN,camacari,ISSQN
2021-02-01,2021-02-01,8,2021-10-01,17758714.841657992,15577086.736567473,1549700.383558713,camacari-ISSQN,camacari,ISSQN
2021-02-01,2021-02-01,9,2021-11-01,17407028.491258733,14975834.636492766,1549700.383558713,camacari-ISSQN,camacari,ISSQN
2021-02-01,2021-02-01,10,2021-12-01,20432534.845650554,16562904.33914606,1549700.383558713,camacari-ISSQN,camacari,ISSQN
2021-02-01,2021-02-01,11,2022-01-01,21092285.296450797,18469795.98726764,1549700.383558713,camacari-ISSQN,camacari,ISSQN
2021-02-01,2021-02-01,12,2022-02-01,16186897.483220601,14463417.66381676,1549700.383558713,camacari-ISSQN,camacari,ISSQN
2021-03-01,2021-03-01,1,2021-04-01,15524759.746510506,14230148.428620214,1532448.5602651364,camacari-ISSQN,camacari,ISSQN
2021-03-01,2021-03-01,2,2021-05-01,15908108.22397056,13181830.224347059,1532448.5602651364,camacari-ISSQN,camacari,ISSQN
2021-03-01,2021-03-01,3,2021-06-01,16430714.61503123,14252474.339438464,1532448.5602651364,camacari-ISSQN,camacari,ISSQN
2021-03-01,2021-03-01,4,2021-07-01,15765340.012123786,14572769.396158375,1532448.5602651364,camacari-ISSQN,camacari,ISSQN
2021-03-01,2021-03-01,5,2021-08-01,17793395.258316882,14356630.691451935,1532448.5602651364,camacari-ISSQN,camacari,ISSQN
2021-03-01,2021-03-01,6,2021-09-01,17701014.731764168,15705486.31080567,1532448.5602651364,camacari-ISSQN,camacari,ISSQN
2021-03-01,2021-03-01,7,2021-10-01,17758714.841657992,15455100.671599295,1532448.5602651364,camacari-ISSQN,camacari,ISSQN
2021-03-01,2021-03-01,8,2021-11-01,17407028.491258733,15006329.343394887,1532448.5602651364,camacari-ISSQN,camacari,ISSQN
2021-03-01,2021-03-01,9,2021-12-01,20432534.845650554,16498790.498360042,1532448.5602651364,camacari-ISSQN,camacari,ISSQN
2021-03-01,2021-03-01,10,2022-01-01,21092285.296450797,18611617.307386816,1532448.5602651364,camacari-ISSQN,camacari,ISSQN
2021-03-01,2021-03-01,11,2022-02-01,16186897.483220601,14128262.59202091,1532448.5602651364,camacari-ISSQN,camacari,ISSQN
2021-03-01,2021-03-01,12,2022-03-01,20609813.782492623,13999087.010161078,1532448.5602651364,camacari-ISSQN,camacari,ISSQN
2021-04-01,2021-04-01,1,2021-05-01,15908108.22397056,13104425.62551028,1508519.317121714,camacari-ISSQN,camacari,ISSQN
2021-04-01,2021-04-01,2,2021-06-01,16430714.61503123,14248016.548326347,1508519.317121714,camacari-ISSQN,camacari,ISSQN
2021-04-01,2021-04-01,3,2021-07-01,15765340.012123786,14704514.225965206,1508519.317121714,camacari-ISSQN,camacari,ISSQN
2021-04-01,2021-04-01,4,2021-08-01,17793395.258316882,14386267.070860665,1508519.317121714,camacari-ISSQN,camacari,ISSQN
2021-04-01,2021-04-01,5,2021-09-01,17701014.731764168,15666896.34411294,1508519.317121714,camacari-ISSQN,camacari,ISSQN
2021-04-01,2021-04-01,6,2021-10-01,17758714.841657992,15587906.76455231,1508519.317121714,camacari-ISSQN,camacari,ISSQN
2021-04-01,2021-04-01,7,2021-11-01,17407028.491258733,15091254.995114285,1508519.317121714,camacari-ISSQN,camacari,ISSQN
2021-04-01,2021-04-01,8,2021-12-01,20432534.845650554,16558043.794460159,1508519.317121714,camacari-ISSQN,camacari,ISSQN
2021-04-01,2021-04-01,9,2022-01-01,21092285.296450797,18634154.574874565,1508519.317121714,camacari-ISSQN,camacari,ISSQN
2021-04-01,2021-04-01,10,2022-02-01,16186897.483220601,14330638.479384083,1508519.317121714,camacari-ISSQN,camacari,ISSQN
2021-04-01,2021-04-01,11,2022-03-01,20609813.782492623,13958549.67696175,1508519.317121714,camacari-ISSQN,camacari,ISSQN
2021-04-01,2021-04-01,12,2022-04-01,17759980.546359718,14306349.66803441,1508519.317121714,camacari-ISSQN,camacari,ISSQN
2021-05-01,2021-05-01,1,2021-06-01,16430714.61503123,14317377.775181169,1534873.8148101212,camacari-ISSQN,camacari,ISSQN
2021-05-01,2021-05-01,2,2021-07-01,15765340.012123786,14583775.30392339,1534873.8148101212,camacari-ISSQN,camacari,ISSQN
2021-05-01,2021-05-01,3,2021-08-01,17793395.258316882,14395572.43019346,1534873.8148101212,camacari-ISSQN,camacari,ISSQN
2021-05-01,2021-05-01,4,2021-09-01,17701014.731764168,15596286.992150018,1534873.8148101212,camacari-ISSQN,camacari,ISSQN
2021-05-01,2021-05-01,5,2021-10-01,17758714.841657992,15718730.393336356,1534873.8148101212,camacari-ISSQN,camacari,ISSQN
2021-05-01,2021-05-01,6,2021-11-01,17407028.491258733,15238376.220472367,1534873.8148101212,camacari-ISSQN,camacari,ISSQN
2021-05-01,2021-05-01,7,2021-12-01,20432534.845650554,16677815.296625853,1534873.8148101212,camacari-ISSQN,camacari,ISSQN
2021-05-01,2021-05-01,8,2022-01-01,21092285.296450797,18664549.383434862,1534873.8148101212,camacari-ISSQN,camacari,ISSQN
2021-05-01,2021-05-01,9,2022-02-01,16186897.483220601,14129661.593854638,1534873.8148101212,camacari-ISSQN,camacari,ISSQN
2021-05-01,2021-05-01,10,2022-03-01,20609813.782492623,13985520.591984792,1534873.8148101212,camacari-ISSQN,camacari,ISSQN
2021-05-01,2021-05-01,11,2022-04-01,17759980.546359718,14382082.915310098,1534873.8148101212,camacari-ISSQN,camacari,ISSQN
2021-05-01,2021-05-01,12,2022-05-01,16931826.340154935,13563629.519722825,1534873.8148101212,camacari-ISSQN,camacari,ISSQN
2021-06-01,2021-06-01,1,2021-07-01,15765340.012123786,14769485.62425106,1583901.4938772975,camacari-ISSQN,camacari,ISSQN
2021-06-01,2021-06-01,2,2021-08-01,17793395.258316882,14662790.115463376,1583901.4938772975,camacari-ISSQN,camacari,ISSQN
2021-06-01,2021-06-01,3,2021-09-01,17701014.731764168,15730605.687177015,1583901.4938772975,camacari-ISSQN,camacari,ISSQN
2021-06-01,2021-06-01,4,2021-10-01,17758714.841657992,15611240.165580127,1583901.4938772975,camacari-ISSQN,camacari,ISSQN
2021-06-01,2021-06-01,5,2021-11-01,17407028.491258733,15402107.871618045,1583901.4938772975,camacari-ISSQN,camacari,ISSQN
2021-06-01,2021-06-01,6,2021-12-01,20432534.845650554,16674499.770713363,1583901.4938772975,camacari-ISSQN,camacari,ISSQN
2021-06-01,2021-06-01,7,2022-01-01,21092285.296450797,18822634.207477674,1583901.4938772975,camacari-ISSQN,camacari,ISSQN
2021-06-01,2021-06-01,8,2022-02-01,16186897.483220601,14404094.718827862,1583901.4938772975,camacari-ISSQN,camacari,ISSQN
2021-06-01,2021-06-01,9,2022-03-01,20609813.782492623,14174591.071542276,1583901.4938772975,camacari-ISSQN,camacari,ISSQN
2021-06-01,2021-06-01,10,2022-04-01,17759980.546359718,14521337.922900178,1583901.4938772975,camacari-ISSQN,camacari,ISSQN
2021-06-01,2021-06-01,11,2022-05-01,16931826.340154935,13780479.542159071,1583901.4938772975,camacari-ISSQN,camacari,ISSQN
2021-06-01,2021-06-01,12,2022-06-01,17868945.717301447,14698684.077418173,1583901.4938772975,camacari-ISSQN,camacari,ISSQN
2021-07-01,2021-07-01,1,2021-08-01,17793395.258316882,14838247.740607383,1590210.7737901646,camacari-ISSQN,camacari,ISSQN
2021-07-01,2021-07-01,2,2021-09-01,17701014.731764168,15735980.29748412,1590210.7737901646,camacari-ISSQN,camacari,ISSQN
2021-07-01,2021-07-01,3,2021-10-01,17758714.841657992,15820896.416088957,1590210.7737901646,camacari-ISSQN,camacari,ISSQN
2021-07-01,2021-07-01,4,2021-11-01,17407028.491258733,15449414.670074018,1590210.7737901646,camacari-ISSQN,camacari,ISSQN
2021-07-01,2021-07-01,5,2021-12-01,20432534.845650554,16745070.325877365,1590210.7737901646,camacari-ISSQN,camacari,ISSQN
2021-07-01,2021-07-01,6,2022-01-01,21092285.296450797,18864396.259214103,1590210.7737901646,camacari-ISSQN,camacari,ISSQN
2021-07-01,2021-07-01,7,2022-02-01,16186897.483220601,14739253.170535464,1590210.7737901646,camacari-ISSQN,camacari,ISSQN
2021-07-01,2021-07-01,8,2022-03-01,20609813.782492623,14307568.441196458,1590210.7737901646,camacari-ISSQN,camacari,ISSQN
2021-07-01,2021-07-01,9,2022-04-01,17759980.546359718,14671574.63977827,1590210.7737901646,camacari-ISSQN,camacari,ISSQN
2021-07-01,2021-07-01,10,2022-05-01,16931826.340154935,14008432.119265787,1590210.7737901646,camacari-ISSQN,camacari,ISSQN
2021-07-01,2021-07-01,11,2022-06-01,17868945.717301447,14951010.174132738,1590210.7737901646,camacari-ISSQN,camacari,ISSQN
2021-07-01,2021-07-01,12,2022-07-01,18361779.51930217,15060764.839387516,1590210.7737901646,camacari-ISSQN,camacari,ISSQN
2021-08-01,2021-08-01,1,2021-09-01,17701014.731764168,15673753.679971457,1632561.777810365,camacari-ISSQN,camacari,ISSQN
2021-08-01,2021-08-01,2,2021-10-01,17758714.841657992,15681271.282080406,1632561.777810365,camacari-ISSQN,camacari,ISSQN
2021-08-01,2021-08-01,3,2021-11-01,17407028.491258733,15565298.174695976,1632561.777810365,camacari-ISSQN,camacari,ISSQN
2021-08-01,2021-08-01,4,2021-12-01,20432534.845650554,16488096.61649566,1632561.777810365,camacari-ISSQN,camacari,ISSQN
2021-08-01,2021-08-01,5,2022-01-01,21092285.296450797,18693649.22823389,1632561.777810365,camacari-ISSQN,camacari,ISSQN
2021-08-01,2021-08-01,6,2022-02-01,16186897.483220601,14186517.881821372,1632561.777810365,camacari-ISSQN,camacari,ISSQN
2021-08-01,2021-08-01,7,2022-03-01,20609813.782492623,14027427.344092095,1632561.777810365,camacari-ISSQN,camacari,ISSQN
2021-08-01,2021-08-01,8,2022-04-01,17759980.546359718,14479547.254277553,1632561.777810365,camacari-ISSQN,camacari,ISSQN
2021-08-01,2021-08-01,9,2022-05-01,16931826.340154935,13683870.510198422,1632561.777810365,camacari-ISSQN,camacari,ISSQN
2021-08-01,2021-08-01,10,2022-06-01,17868945.717301447,14638510.587103415,1632561.777810365,camacari-ISSQN,camacari,ISSQN
2021-08-01,2021-08-01,11,2022-07-01,18361779.51930217,14850787.199187784,1632561.777810365,camacari-ISSQN,camacari,ISSQN
2021-08-01,2021-08-01,12,2022-08-01,19637963.915173445,15112216.278767636,1632561.777810365,camacari-ISSQN,camacari,ISSQN
2021-09-01,2021-09-01,1,2021-10-01,17758714.841657992,15949998.830130402,1663027.2679946995,camacari-ISSQN,camacari,ISSQN
2021-09-01,2021-09-01,2,2021-11-01,17407028.491258733,15692492.352405908,1663027.2679946995,camacari-ISSQN,camacari,ISSQN
2021-09-01,2021-09-01,3,2021-12-01,20432534.845650554,17045988.37075707,1663027.2679946995,camacari-ISSQN,camacari,ISSQN
2021-09-01,2021-09-01,4,2022-01-01,21092285.296450797,19225334.73197418,1663027.2679946995,camacari-ISSQN,camacari,ISSQN
2021-09-01,2021-09-01,5,2022-02-01,16186897.483220601,14901664.399239488,1663027.2679946995,camacari-ISSQN,camacari,ISSQN
2021-09-01,2021-09-01,6,2022-03-01,20609813.782492623,14654326.996175975,1663027.2679946995,camacari-ISSQN,camacari,ISSQN
2021-09-01,2021-09-01,7,2022-04-01,17759980.546359718,15010219.979786094,1663027.2679946995,camacari-ISSQN,camacari,ISSQN
2021-09-01,2021-09-01,8,2022-05-01,16931826.340154935,14211541.638551034,1663027.2679946995,camacari-ISSQN,camacari,ISSQN
2021-09-01,2021-09-01,9,2022-06-01,17868945.717301447,15151087.97318951,1663027.2679946995,camacari-ISSQN,camacari,ISSQN
2021-09-01,2021-09-01,10,2022-07-01,18361779.51930217,15384607.680979574,1663027.2679946995,camacari-ISSQN,camacari,ISSQN
2021-09-01,2021-09-01,11,2022-08-01,19637963.915173445,15619713.627125377,1663027.2679946995,camacari-ISSQN,camacari,ISSQN
2021-09-01,2021-09-01,12,2022-09-01,21330305.533095423,16561373.996353952,1663027.2679946995,camacari-ISSQN,camacari,ISSQN
2021-10-01,2021-10-01,1,2021-11-01,17407028.491258733,16014776.153340429,1688081.631932035,camacari-ISSQN,camacari,ISSQN
2021-10-01,2021-10-01,2,2021-12-01,20432534.845650554,17334349.84182644,1688081.631932035,camacari-ISSQN,camacari,ISSQN
2021-10-01,2021-10-01,3,2022-01-01,21092285.296450797,19071956.784145333,1688081.631932035,camacari-ISSQN,camacari,ISSQN
2021-10-01,2021-10-01,4,2022-02-01,16186897.483220601,15283850.351077534,1688081.631932035,camacari-ISSQN,camacari,ISSQN
2021-10-01,2021-10-01,5,2022-03-01,20609813.782492623,14819414.79202618,1688081.631932035,camacari-ISSQN,camacari,ISSQN
2021-10-01,2021-10-01,6,2022-04-01,17759980.546359718,15194296.20800728,1688081.631932035,camacari-ISSQN,camacari,ISSQN
2021-10-01,2021-10-01,7,2022-05-01,16931826.340154935,14583689.644266116,1688081.631932035,camacari-ISSQN,camacari,ISSQN
2021-10-01,2021-10-01,8,2022-06-01,17868945.717301447,15517897.577063475,1688081.631932035,camacari-ISSQN,camacari,ISSQN
2021-10-01,2021-10-01,9,2022-07-01,18361779.51930217,15698182.94740329,1688081.631932035,camacari-ISSQN,camacari,ISSQN
2021-10-01,2021-10-01,10,2022-08-01,19637963.915173445,15872486.262313116,1688081.631932035,camacari-ISSQN,camacari,ISSQN
2021-10-01,2021-10-01,11,2022-09-01,21330305.533095423,16836605.936176226,1688081.631932035,camacari-ISSQN,camacari,ISSQN
2021-10-01,2021-10-01,12,2022-10-01,20448732.012382615,16680305.33260367,1688081.631932035,camacari-ISSQN,camacari,ISSQN
2021-11-01,2021-11-01,1,2021-12-01,20432534.845650554,17204800.191357385,1695743.853636679,camacari-ISSQN,camacari,ISSQN
2021-11-01,2021-11-01,2,2022-01-01,21092285.296450797,19388947.40975743,1695743.853636679,camacari-ISSQN,camacari,ISSQN
2021-11-01,2021-11-01,3,2022-02-01,16186897.483220601,15176165.464247083,1695743.853636679,camacari-ISSQN,camacari,ISSQN
2021-11-01,2021-11-01,4,2022-03-01,20609813.782492623,14714419.05864984,1695743.853636679,camacari-ISSQN,camacari,ISSQN
2021-11-01,2021-11-01,5,2022-04-01,17759980.546359718,15169107.523867192,1695743.853636679,camacari-ISSQN,camacari,ISSQN
2021-11-01,2021-11-01,6,2022-05-01,16931826.340154935,14534315.94064607,1695743.853636679,camacari-ISSQN,camacari,ISSQN
2021-11-01,2021-11-01,7,2022-06-01,17868945.717301447,15467859.192448583,1695743.853636679,camacari-ISSQN,camacari,ISSQN
2021-11-01,2021-11-01,8,2022-07-01,18361779.51930217,15659870.90880365,1695743.853636679,camacari-ISSQN,camacari,ISSQN
2021-11-01,2021-11-01,9,2022-08-01,19637963.915173445,15840917.864229556,1695743.853636679,camacari-ISSQN,camacari,ISSQN
2021-11-01,2021-11-01,10,2022-09-01,21330305.533095423,16807309.934939843,1695743.853636679,camacari-ISSQN,camacari,ISSQN
2021-11-01,2021-11-01,11,2022-10-01,20448732.012382615,16680908.761393407,1695743.853636679,camacari-ISSQN,camacari,ISSQN
2021-11-01,2021-11-01,12,2022-11-01,21417476.473871592,16399018.18074704,1695743.853636679,camacari-ISSQN,camacari,ISSQN
2021-12-01,2021-12-01,1,2022-01-01,21092285.296450797,20786520.8413892,1717052.2441175042,camacari-ISSQN,camacari,ISSQN
2021-12-01,2021-12-01,2,2022-02-01,16186897.483220601,16483723.108901741,1717052.2441175042,camacari-ISSQN,camacari,ISSQN
2021-12-01,2021-12-01,3,2022-03-01,20609813.782492623,16342278.949094282,1717052.2441175042,camacari-ISSQN,camacari,ISSQN
2021-12-01,2021-12-01,4,2022-04-01,17759980.546359718,16530886.465364164,1717052.2441175042,camacari-ISSQN,camacari,ISSQN
2021-12-01,2021-12-01,5,2022-05-01,16931826.340154935,15947232.277075673,1717052.2441175042,camacari-ISSQN,camacari,ISSQN
2021-12-01,2021-12-01,6,2022-06-01,17868945.717301447,16909948.55633066,1717052.2441175042,camacari-ISSQN,camacari,ISSQN
2021-12-01,2021-12-01,7,2022-07-01,18361779.51930217,16876758.48674075,1717052.2441175042,camacari-ISSQN,camacari,ISSQN
2021-12-01,2021-12-01,8,2022-08-01,19637963.915173445,17156741.807106104,1717052.2441175042,camacari-ISSQN,camacari,ISSQN
2021-12-01,2021-12-01,9,2022-09-01,21330305.533095423,18305167.22970825,1717052.2441175042,camacari-ISSQN,camacari,ISSQN
2021-12-01,2021-12-01,10,2022-10-01,20448732.012382615,17800951.853497155,1717052.2441175042,camacari-ISSQN,camacari,ISSQN
2021-12-01,2021-12-01,11,2022-11-01,21417476.473871592,17358142.449118808,1717052.2441175042,camacari-ISSQN,camacari,ISSQN
2021-12-01,2021-12-01,12,2022-12-01,25036250.719354104,19217309.235016942,1717052.2441175042,camacari-ISSQN,camacari,ISSQN
2022-01-01,2022-01-01,1,2022-02-01,16186897.483220601,16458198.929777397,1755847.6786798225,camacari-ISSQN,camacari,ISSQN
2022-01-01,2022-01-01,2,2022-03-01,20609813.782492623,15901005.157432426,1755847.6786798225,camacari-ISSQN,camacari,ISSQN
2022-01-01,2022-01-01,3,2022-04-01,17759980.546359718,15937424.81232939,1755847.6786798225,camacari-ISSQN,camacari,ISSQN
2022-01-01,2022-01-01,4,2022-05-01,16931826.340154935,15483959.155251166,1755847.6786798225,camacari-ISSQN,camacari,ISSQN
2022-01-01,2022-01-01,5,2022-06-01,17868945.717301447,16246873.84073233,1755847.6786798225,camacari-ISSQN,camacari,ISSQN
2022-01-01,2022-01-01,6,2022-07-01,18361779.51930217,16272089.022255134,1755847.6786798225,camacari-ISSQN,camacari,ISSQN
2022-01-01,2022-01-01,7,2022-08-01,19637963.915173445,16792874.523450747,1755847.6786798225,camacari-ISSQN,camacari,ISSQN
2022-01-01,2022-01-01,8,2022-09-01,21330305.533095423,17453738.817150816,1755847.6786798225,camacari-ISSQN,camacari,ISSQN
2022-01-01,2022-01-01,9,2022-10-01,20448732.012382615,17320732.873171747,1755847.6786798225,camacari-ISSQN,camacari,ISSQN
2022-01-01,2022-01-01,10,2022-11-01,21417476.473871592,16850337.349610876,1755847.6786798225,camacari-ISSQN,camacari,ISSQN
2022-01-01,2022-01-01,11,2022-12-01,25036250.719354104,18644931.56388612,1755847.6786798225,camacari-ISSQN,camacari,ISSQN
2022-01-01,2022-01-01,12,2023-01-01,29157384.457611956,20439657.371086635,1755847.6786798225,camacari-ISSQN,camacari,ISSQN
2022-02-01,2022-02-01,1,2022-03-01,20609813.782492623,16226434.111465214,1756159.802071922,camacari-ISSQN,camacari,ISSQN
2022-02-01,2022-02-01,2,2022-04-01,17759980.546359718,16525321.656832663,1756159.802071922,camacari-ISSQN,camacari,ISSQN
2022-02-01,2022-02-01,3,2022-05-01,16931826.340154935,15838086.13731264,1756159.802071922,camacari-ISSQN,camacari,ISSQN
2022-02-01,2022-02-01,4,2022-06-01,17868945.717301447,16685472.384652732,1756159.802071922,camacari-ISSQN,camacari,ISSQN
2022-02-01,2022-02-01,5,2022-07-01,18361779.51930217,16617491.368800802,1756159.802071922,camacari-ISSQN,camacari,ISSQN
2022-02-01,2022-02-01,6,2022-08-01,19637963.915173445,17070572.378423437,1756159.802071922,camacari-ISSQN,camacari,ISSQN
2022-02-01,2022-02-01,7,2022-09-01,21330305.533095423,17567382.493031874,1756159.802071922,camacari-ISSQN,camacari,ISSQN
2022-02-01,2022-02-01,8,2022-10-01,20448732.012382615,17488137.810573872,1756159.802071922,camacari-ISSQN,camacari,ISSQN
2022-02-01,2022-02-01,9,2022-11-01,21417476.473871592,17530947.713620417,1756159.802071922,camacari-ISSQN,camacari,ISSQN
2022-02-01,2022-02-01,10,2022-12-01,25036250.719354104,19064399.13539213,1756159.802071922,camacari-ISSQN,camacari,ISSQN
2022-02-01,2022-02-01,11,2023-01-01,29157384.457611956,20715750.014459908,1756159.802071922,camacari-ISSQN,camacari,ISSQN
2022-02-01,2022-02-01,12,2023-02-01,18854324.324541107,16542028.57570033,1756159.802071922,camacari-ISSQN,camacari,ISSQN
2022-03-01,2022-03-01,1,2022-04-01,17759980.546359718,17291424.94245017,1809463.3710083044,camacari-ISSQN,camacari,ISSQN
2022-03-01,2022-03-01,2,2022-05-01,16931826.340154935,16827602.076686677,1809463.3710083044,camacari-ISSQN,camacari,ISSQN
2022-03-01,2022-03-01,3,2022-06-01,17868945.717301447,17534062.005172685,1809463.3710083044,camacari-ISSQN,camacari,ISSQN
2022-03-01,2022-03-01,4,2022-07-01,18361779.51930217,18281910.20291113,1809463.3710083044,camacari-ISSQN,camacari,ISSQN
2022-03-01,2022-03-01,5,2022-08-01,19637963.915173445,18006188.120790835,1809463.3710083044,camacari-ISSQN,camacari,ISSQN
2022-03-01,2022-03-01,6,2022-09-01,21330305.533095423,18822962.74699608,1809463.3710083044,camacari-ISSQN,camacari,ISSQN
2022-03-01,2022-03-01,7,2022-10-01,20448732.012382615,17970446.193525914,1809463.3710083044,camacari-ISSQN,camacari,ISSQN
2022-03-01,2022-03-01,8,2022-11-01,21417476.473871592,18340477.376134004,1809463.3710083044,camacari-ISSQN,camacari,ISSQN
2022-03-01,2022-03-01,9,2022-12-01,25036250.719354104,19977754.43538421,1809463.3710083044,camacari-ISSQN,camacari,ISSQN
2022-03-01,2022-03-01,10,2023-01-01,29157384.457611956,21521860.211242326,1809463.3710083044,camacari-ISSQN,camacari,ISSQN
2022-03-01,2022-03-01,11,2023-02-01,18854324.324541107,17557096.74981396,1809463.3710083044,camacari-ISSQN,camacari,ISSQN
2022-03-01,2022-03-01,12,2023-03-01,20203586.524565566,17767684.03766483,1809463.3710083044,camacari-ISSQN,camacari,ISSQN
2022-04-01,2022-04-01,1,2022-05-01,16931826.340154935,16942705.64443269,1815065.4424404216,camacari-ISSQN,camacari,ISSQN
2022-04-01,2022-04-01,2,2022-06-01,17868945.717301447,17932197.584742364,1815065.4424404216,camacari-ISSQN,camacari,ISSQN
2022-04-01,2022-04-01,3,2022-07-01,18361779.51930217,18485485.055042062,1815065.4424404216,camacari-ISSQN,camacari,ISSQN
2022-04-01,2022-04-01,4,2022-08-01,19637963.915173445,18844341.406491555,1815065.4424404216,camacari-ISSQN,camacari,ISSQN
2022-04-01,2022-04-01,5,2022-09-01,21330305.533095423,19189527.019139156,1815065.4424404216,camacari-ISSQN,camacari,ISSQN
2022-04-01,2022-04-01,6,2022-10-01,20448732.012382615,19115428.88787561,1815065.4424404216,camacari-ISSQN,camacari,ISSQN
2022-04-01,2022-04-01,7,2022-11-01,21417476.473871592,18711336.089053325,1815065.4424404216,camacari-ISSQN,camacari,ISSQN
2022-04-01,2022-04-01,8,2022-12-01,25036250.719354104,20253821.29863247,1815065.4424404216,camacari-ISSQN,camacari,ISSQN
2022-04-01,2022-04-01,9,2023-01-01,29157384.457611956,22228382.606400196,1815065.4424404216,camacari-ISSQN,camacari,ISSQN
2022-04-01,2022-04-01,10,2023-02-01,18854324.324541107,17611531.345831826,1815065.4424404216,camacari-ISSQN,camacari,ISSQN
2022-04-01,2022-04-01,11,2023-03-01,20203586.524565566,17969230.028452005,1815065.4424404216,camacari-ISSQN,camacari,ISSQN
2022-04-01,2022-04-01,12,2023-04-01,23075077.619267482,18015234.800795317,1815065.4424404216,camacari-ISSQN,camacari,ISSQN
2022-05-01,2022-05-01,1,2022-06-01,17868945.717301447,18146164.02181373,1804788.2044370964,camacari-ISSQN,camacari,ISSQN
2022-05-01,2022-05-01,2,2022-07-01,18361779.51930217,17977498.47316297,1804788.2044370964,camacari-ISSQN,camacari,ISSQN
2022-05-01,2022-05-01,3,2022-08-01,19637963.915173445,18808387.56316008,1804788.2044370964,camacari-ISSQN,camacari,ISSQN
2022-05-01,2022-05-01,4,2022-09-01,21330305.533095423,18917586.46460379,1804788.2044370964,camacari-ISSQN,camacari,ISSQN
2022-05-01,2022-05-01,5,2022-10-01,20448732.012382615,18511466.71461553,1804788.2044370964,camacari-ISSQN,camacari,ISSQN
2022-05-01,2022-05-01,6,2022-11-01,21417476.473871592,18748337.612980053,1804788.2044370964,camacari-ISSQN,camacari,ISSQN
2022-05-01,2022-05-01,7,2022-12-01,25036250.719354104,20639687.982531533,1804788.2044370964,camacari-ISSQN,camacari,ISSQN
2022-05-01,2022-05-01,8,2023-01-01,29157384.457611956,22005475.21297965,1804788.2044370964,camacari-ISSQN,camacari,ISSQN
2022-05-01,2022-05-01,9,2023-02-01,18854324.324541107,18172643.76594196,1804788.2044370964,camacari-ISSQN,camacari,ISSQN
2022-05-01,2022-05-01,10,2023-03-01,20203586.524565566,18196975.049387235,1804788.2044370964,camacari-ISSQN,camacari,ISSQN
2022-05-01,2022-05-01,11,2023-04-01,23075077.619267482,18049065.154839747,1804788.2044370964,camacari-ISSQN,camacari,ISSQN
2022-05-01,2022-05-01,12,2023-05-01,18314045.276733518,17370765.862017103,1804788.2044370964,camacari-ISSQN,camacari,ISSQN
2022-06-01,2022-06-01,1,2022-07-01,18361779.51930217,18237559.292957336,1800088.7544093158,camacari-ISSQN,camacari,ISSQN
2022-06-01,2022-06-01,2,2022-08-01,19637963.915173445,18414967.452868428,1800088.7544093158,camacari-ISSQN,camacari,ISSQN
2022-06-01,2022-06-01,3,2022-09-01,21330305.533095423,19253853.51019179,1800088.7544093158,camacari-ISSQN,camacari,ISSQN
2022-06-01,2022-06-01,4,2022-10-01,20448732.012382615,18997563.25315933,1800088.7544093158,camacari-ISSQN,camacari,ISSQN
2022-06-01,2022-06-01,5,2022-11-01,21417476.473871592,18629698.36422152,1800088.7544093158,camacari-ISSQN,camacari,ISSQN
2022-06-01,2022-06-01,6,2022-12-01,25036250.719354104,20374813.928889208,1800088.7544093158,camacari-ISSQN,camacari,ISSQN
2022-06-01,2022-06-01,7,2023-01-01,29157384.457611956,22084056.19155981,1800088.7544093158,camacari-ISSQN,camacari,ISSQN
2022-06-01,2022-06-01,8,2023-02-01,18854324.324541107,17646628.650137022,1800088.7544093158,camacari-ISSQN,camacari,ISSQN
2022-06-01,2022-06-01,9,2023-03-01,20203586.524565566,17912438.860694755,1800088.7544093158,camacari-ISSQN,camacari,ISSQN
2022-06-01,2022-06-01,10,2023-04-01,23075077.619267482,17912300.760566857,1800088.7544093158,camacari-ISSQN,camacari,ISSQN
2022-06-01,2022-06-01,11,2023-05-01,18314045.276733518,17164439.566602547,1800088.7544093158,camacari-ISSQN,camacari,ISSQN
2022-06-01,2022-06-01,12,2023-06-01,19136367.451210137,18068272.933128655,1800088.7544093158,camacari-ISSQN,camacari,ISSQN
2022-07-01,2022-07-01,1,2022-08-01,19637963.915173445,18332539.787428603,1810169.1436848738,camacari-ISSQN,camacari,ISSQN
2022-07-01,2022-07-01,2,2022-09-01,21330305.533095423,19236397.590703063,1810169.1436848738,camacari-ISSQN,camacari,ISSQN
2022-07-01,2022-07-01,3,2022-10-01,20448732.012382615,18613137.101189423,1810169.1436848738,camacari-ISSQN,camacari,ISSQN
2022-07-01,2022-07-01,4,2022-11-01,21417476.473871592,18518174.83580247,1810169.1436848738,camacari-ISSQN,camacari,ISSQN
2022-07-01,2022-07-01,5,2022-12-01,25036250.719354104,20104783.569727335,1810169.1436848738,camacari-ISSQN,camacari,ISSQN
2022-07-01,2022-07-01,6,2023-01-01,29157384.457611956,21652925.56250908,1810169.1436848738,camacari-ISSQN,camacari,ISSQN
2022-07-01,2022-07-01,7,2023-02-01,18854324.324541107,17625059.53982676,1810169.1436848738,camacari-ISSQN,camacari,ISSQN
2022-07-01,2022-07-01,8,2023-03-01,20203586.524565566,17862875.194821715,1810169.1436848738,camacari-ISSQN,camacari,ISSQN
2022-07-01,2022-07-01,9,2023-04-01,23075077.619267482,17791974.291714776,1810169.1436848738,camacari-ISSQN,camacari,ISSQN
2022-07-01,2022-07-01,10,2023-05-01,18314045.276733518,17085114.41676995,1810169.1436848738,camacari-ISSQN,camacari,ISSQN
2022-07-01,2022-07-01,11,2023-06-01,19136367.451210137,17940969.667512577,1810169.1436848738,camacari-ISSQN,camacari,ISSQN
2022-07-01,2022-07-01,12,2023-07-01,21036673.873442713,18389753.611539647,1810169.1436848738,camacari-ISSQN,camacari,ISSQN
2022-08-01,2022-08-01,1,2022-09-01,21330305.533095423,19130756.769156568,1810599.1375995204,camacari-ISSQN,camacari,ISSQN
2022-08-01,2022-08-01,2,2022-10-01,20448732.012382615,19029781.163264614,1810599.1375995204,camacari-ISSQN,camacari,ISSQN
2022-08-01,2022-08-01,3,2022-11-01,21417476.473871592,18951514.200832713,1810599.1375995204,camacari-ISSQN,camacari,ISSQN
2022-08-01,2022-08-01,4,2022-12-01,25036250.719354104,20533433.52500135,1810599.1375995204,camacari-ISSQN,camacari,ISSQN
2022-08-01,2022-08-01,5,2023-01-01,29157384.457611956,22483421.22927196,1810599.1375995204,camacari-ISSQN,camacari,ISSQN
2022-08-01,2022-08-01,6,2023-02-01,18854324.324541107,18178073.22984837,1810599.1375995204,camacari-ISSQN,camacari,ISSQN
2022-08-01,2022-08-01,7,2023-03-01,20203586.524565566,18605857.2778827,1810599.1375995204,camacari-ISSQN,camacari,ISSQN
2022-08-01,2022-08-01,8,2023-04-01,23075077.619267482,18390928.29702638,1810599.1375995204,camacari-ISSQN,camacari,ISSQN
2022-08-01,2022-08-01,9,2023-05-01,18314045.276733518,17751479.285778735,1810599.1375995204,camacari-ISSQN,camacari,ISSQN
2022-08-01,2022-08-01,10,2023-06-01,19136367.451210137,18634938.26345195,1810599.1375995204,camacari-ISSQN,camacari,ISSQN
2022-08-01,2022-08-01,11,2023-07-01,21036673.873442713,19061585.242624696,1810599.1375995204,camacari-ISSQN,camacari,ISSQN
2022-08-01,2022-08-01,12,2023-08-01,21575949.02090314,19537920.885102823,1810599.1375995204,camacari-ISSQN,camacari,ISSQN
2022-09-01,2022-09-01,1,2022-10-01,20448732.012382615,19525057.955466803,1833052.1211023813,camacari-ISSQN,camacari,ISSQN
2022-09-01,2022-09-01,2,2022-11-01,21417476.473871592,19617303.83590261,1833052.1211023813,camacari-ISSQN,camacari,ISSQN
2022-09-01,2022-09-01,3,2022-12-01,25036250.719354104,21123321.146000996,1833052.1211023813,camacari-ISSQN,camacari,ISSQN
2022-09-01,2022-09-01,4,2023-01-01,29157384.457611956,23130010.297782224,1833052.1211023813,camacari-ISSQN,camacari,ISSQN
2022-09-01,2022-09-01,5,2023-02-01,18854324.324541107,18794177.16443995,1833052.1211023813,camacari-ISSQN,camacari,ISSQN
2022-09-01,2022-09-01,6,2023-03-01,20203586.524565566,19220400.335946612,1833052.1211023813,camacari-ISSQN,camacari,ISSQN
2022-09-01,2022-09-01,7,2023-04-01,23075077.619267482,18890265.909153946,1833052.1211023813,camacari-ISSQN,camacari,ISSQN
2022-09-01,2022-09-01,8,2023-05-01,18314045.276733518,18358393.68798904,1833052.1211023813,camacari-ISSQN,camacari,ISSQN
2022-09-01,2022-09-01,9,2023-06-01,19136367.451210137,19322823.617773496,1833052.1211023813,camacari-ISSQN,camacari,ISSQN
2022-09-01,2022-09-01,10,2023-07-01,21036673.873442713,19609725.603917446,1833052.1211023813,camacari-ISSQN,camacari,ISSQN
2022-09-01,2022-09-01,11,2023-08-01,21575949.02090314,20300231.290126983,1833052.1211023813,camacari-ISSQN,camacari,ISSQN
2022-09-01,2022-09-01,12,2023-09-01,20002492.205724116,20542969.248108003,1833052.1211023813,camacari-ISSQN,camacari,ISSQN
2022-10-01,2022-10-01,1,2022-11-01,21417476.473871592,19792995.591592755,1843502.9143904576,camacari-ISSQN,camacari,ISSQN
2022-10-01,2022-10-01,2,2022-12-01,25036250.719354104,21451951.264216114,1843502.9143904576,camacari-ISSQN,camacari,ISSQN
2022-10-01,2022-10-01,3,2023-01-01,29157384.457611956,23285131.079783805,1843502.9143904576,camacari-ISSQN,camacari,ISSQN
2022-10-01,2022-10-01,4,2023-02-01,18854324.324541107,18843513.57931673,1843502.9143904576,camacari-ISSQN,camacari,ISSQN
2022-10-01,2022-10-01,5,2023-03-01,20203586.524565566,18975371.98692219,1843502.9143904576,camacari-ISSQN,camacari,ISSQN
2022-10-01,2022-10-01,6,2023-04-01,23075077.619267482,19001731.671346355,1843502.9143904576,camacari-ISSQN,camacari,ISSQN
2022-10-01,2022-10-01,7,2023-05-01,18314045.276733518,18210878.67106148,1843502.9143904576,camacari-ISSQN,camacari,ISSQN
2022-10-01,2022-10-01,8,2023-06-01,19136367.451210137,19300879.91017623,1843502.9143904576,camacari-ISSQN,camacari,ISSQN
2022-10-01,2022-10-01,9,2023-07-01,21036673.873442713,19834759.79824111,1843502.9143904576,camacari-ISSQN,camacari,ISSQN
2022-10-01,2022-10-01,10,2023-08-01,21575949.02090314,20108130.41851779,1843502.9143904576,camacari-ISSQN,camacari,ISSQN
2022-10-01,2022-10-01,11,2023-09-01,20002492.205724116,20399702.96086021,1843502.9143904576,camacari-ISSQN,camacari,ISSQN
2022-10-01,2022-10-01,12,2023-10-01,20505785.038989563,20456738.869291548,1843502.9143904576,camacari-ISSQN,camacari,ISSQN
2022-11-01,2022-11-01,1,2022-12-01,25036250.719354104,21782066.44834605,1869610.6862967513,camacari-ISSQN,camacari,ISSQN
2022-11-01,2022-11-01,2,2023-01-01,29157384.457611956,23834054.625538707,1869610.6862967513,camacari-ISSQN,camacari,ISSQN
2022-11-01,2022-11-01,3,2023-02-01,18854324.324541107,19821822.72868037,1869610.6862967513,camacari-ISSQN,camacari,ISSQN
2022-11-01,2022-11-01,4,2023-03-01,20203586.524565566,19954504.35328071,1869610.6862967513,camacari-ISSQN,camacari,ISSQN
2022-11-01,2022-11-01,5,2023-04-01,23075077.619267482,19723941.14214895,1869610.6862967513,camacari-ISSQN,camacari,ISSQN
2022-11-01,2022-11-01,6,2023-05-01,18314045.276733518,19137302.478182178,1869610.6862967513,camacari-ISSQN,camacari,ISSQN
2022-11-01,2022-11-01,7,2023-06-01,19136367.451210137,19997409.09759143,1869610.6862967513,camacari-ISSQN,camacari,ISSQN
2022-11-01,2022-11-01,8,2023-07-01,21036673.873442713,20296438.55191981,1869610.6862967513,camacari-ISSQN,camacari,ISSQN
2022-11-01,2022-11-01,9,2023-08-01,21575949.02090314,20715990.93752566,1869610.6862967513,camacari-ISSQN,camacari,ISSQN
2022-11-01,2022-11-01,10,2023-09-01,20002492.205724116,21077147.48138187,1869610.6862967513,camacari-ISSQN,camacari,ISSQN
2022-11-01,2022-11-01,11,2023-10-01,20505785.038989563,20372338.012928132,1869610.6862967513,camacari-ISSQN,camacari,ISSQN
2022-11-01,2022-11-01,12,2023-11-01,25611611.938634984,20681231.59267761,1869610.6862967513,camacari-ISSQN,camacari,ISSQN
2022-12-01,2022-12-01,1,2023-01-01,29157384.457611956,24743268.123986796,1902159.5575754035,camacari-ISSQN,camacari,ISSQN
2022-12-01,2022-12-01,2,2023-02-01,18854324.324541107,20266881.29763688,1902159.5575754035,camacari-ISSQN,camacari,ISSQN
2022-12-01,2022-12-01,3,2023-03-01,20203586.524565566,20556334.194205876,1902159.5575754035,camacari-ISSQN,camacari,ISSQN
2022-12-01,2022-12-01,4,2023-04-01,23075077.619267482,20715423.1120478,1902159.5575754035,camacari-ISSQN,camacari,ISSQN
2022-12-01,2022-12-01,5,2023-05-01,18314045.276733518,20126950.141158123,1902159.5575754035,camacari-ISSQN,camacari,ISSQN
2022-12-01,2022-12-01,6,2023-06-01,19136367.451210137,20866081.592587832,1902159.5575754035,camacari-ISSQN,camacari,ISSQN
2022-12-01,2022-12-01,7,2023-07-01,21036673.873442713,21680976.287920114,1902159.5575754035,camacari-ISSQN,camacari,ISSQN
2022-12-01,2022-12-01,8,2023-08-01,21575949.02090314,21226774.08698675,1902159.5575754035,camacari-ISSQN,camacari,ISSQN
2022-12-01,2022-12-01,9,2023-09-01,20002492.205724116,22242738.949014567,1902159.5575754035,camacari-ISSQN,camacari,ISSQN
2022-12-01,2022-12-01,10,2023-10-01,20505785.038989563,22181784.553724382,1902159.5575754035,camacari-ISSQN,camacari,ISSQN
2022-12-01,2022-12-01,11,2023-11-01,25611611.938634984,21848863.37736361,1902159.5575754035,camacari-ISSQN,camacari,ISSQN
2022-12-01,2022-12-01,12,2023-12-01,23583900.23543129,23639741.230196886,1902159.5575754035,camacari-ISSQN,camacari,ISSQN
2023-01-01,2023-01-01,1,2023-02-01,18854324.324541107,21428411.911239326,1974664.7293822947,camacari-ISSQN,camacari,ISSQN
2023-01-01,2023-01-01,2,2023-03-01,20203586.524565566,22085596.351597723,1974664.7293822947,camacari-ISSQN,camacari,ISSQN
2023-01-01,2023-01-01,3,2023-04-01,23075077.619267482,21748820.96578868,1974664.7293822947,camacari-ISSQN,camacari,ISSQN
2023-01-01,2023-01-01,4,2023-05-01,18314045.276733518,21312532.485769153,1974664.7293822947,camacari-ISSQN,camacari,ISSQN
2023-01-01,2023-01-01,5,2023-06-01,19136367.451210137,22458179.47122047,1974664.7293822947,camacari-ISSQN,camacari,ISSQN
2023-01-01,2023-01-01,6,2023-07-01,21036673.873442713,23156513.279890202,1974664.7293822947,camacari-ISSQN,camacari,ISSQN
2023-01-01,2023-01-01,7,2023-08-01,21575949.02090314,23094698.933610633,1974664.7293822947,camacari-ISSQN,camacari,ISSQN
2023-01-01,2023-01-01,8,2023-09-01,20002492.205724116,23578654.318170723,1974664.7293822947,camacari-ISSQN,camacari,ISSQN
2023-01-01,2023-01-01,9,2023-10-01,20505785.038989563,23337090.404983528,1974664.7293822947,camacari-ISSQN,camacari,ISSQN
2023-01-01,2023-01-01,10,2023-11-01,25611611.938634984,23455200.97629684,1974664.7293822947,camacari-ISSQN,camacari,ISSQN
2023-01-01,2023-01-01,11,2023-12-01,23583900.23543129,25081466.186649732,1974664.7293822947,camacari-ISSQN,camacari,ISSQN
2023-01-01,2023-01-01,12,2024-01-01,22986387.186458543,27327617.76132272,1974664.7293822947,camacari-ISSQN,camacari,ISSQN
2023-02-01,2023-02-01,1,2023-03-01,20203586.524565566,21051630.618600063,1982720.1027769253,camacari-ISSQN,camacari,ISSQN
2023-02-01,2023-02-01,2,2023-04-01,23075077.619267482,21256283.298460096,1982720.1027769253,camacari-ISSQN,camacari,ISSQN
2023-02-01,2023-02-01,3,2023-05-01,18314045.276733518,20486738.750864264,1982720.1027769253,camacari-ISSQN,camacari,ISSQN
2023-02-01,2023-02-01,4,2023-06-01,19136367.451210137,21438571.716787938,1982720.1027769253,camacari-ISSQN,camacari,ISSQN
2023-02-01,2023-02-01,5,2023-07-01,21036673.873442713,21946093.567288708,1982720.1027769253,camacari-ISSQN,camacari,ISSQN
2023-02-01,2023-02-01,6,2023-08-01,21575949.02090314,21985765.917241614,1982720.1027769253,camacari-ISSQN,camacari,ISSQN
2023-02-01,2023-02-01,7,2023-09-01,20002492.205724116,22911896.113554407,1982720.1027769253,camacari-ISSQN,camacari,ISSQN
2023-02-01,2023-02-01,8,2023-10-01,20505785.038989563,22289307.485371493,1982720.1027769253,camacari-ISSQN,camacari,ISSQN
2023-02-01,2023-02-01,9,2023-11-01,25611611.938634984,22325573.937349115,1982720.1027769253,camacari-ISSQN,camacari,ISSQN
2023-02-01,2023-02-01,10,2023-12-01,23583900.23543129,24477048.535848446,1982720.1027769253,camacari-ISSQN,camacari,ISSQN
2023-02-01,2023-02-01,11,2024-01-01,22986387.186458543,26515001.134503216,1982720.1027769253,camacari-ISSQN,camacari,ISSQN
2023-02-01,2023-02-01,12,2024-02-01,23872500.478948027,21630544.41287717,1982720.1027769253,camacari-ISSQN,camacari,ISSQN
2023-03-01,2023-03-01,1,2023-04-01,23075077.619267482,21075303.082810227,1964599.4953648578,camacari-ISSQN,camacari,ISSQN
2023-03-01,2023-03-01,2,2023-05-01,18314045.276733518,20151879.983442876,1964599.4953648578,camacari-ISSQN,camacari,ISSQN
2023-03-01,2023-03-01,3,2023-06-01,19136367.451210137,20810480.016621757,1964599.4953648578,camacari-ISSQN,camacari,ISSQN
2023-03-01,2023-03-01,4,2023-07-01,21036673.873442713,21008424.698783904,1964599.4953648578,camacari-ISSQN,camacari,ISSQN
2023-03-01,2023-03-01,5,2023-08-01,21575949.02090314,21591771.013391864,1964599.4953648578,camacari-ISSQN,camacari,ISSQN
2023-03-01,2023-03-01,6,2023-09-01,20002492.205724116,22027790.029335983,1964599.4953648578,camacari-ISSQN,camacari,ISSQN
2023-03-01,2023-03-01,7,2023-10-01,20505785.038989563,22020223.119002998,1964599.4953648578,camacari-ISSQN,camacari,ISSQN
2023-03-01,2023-03-01,8,2023-11-01,25611611.938634984,21698839.560635693,1964599.4953648578,camacari-ISSQN,camacari,ISSQN
2023-03-01,2023-03-01,9,2023-12-01,23583900.23543129,23390974.80021444,1964599.4953648578,camacari-ISSQN,camacari,ISSQN
2023-03-01,2023-03-01,10,2024-01-01,22986387.186458543,25412688.69674931,1964599.4953648578,camacari-ISSQN,camacari,ISSQN
2023-03-01,2023-03-01,11,2024-02-01,23872500.478948027,20749551.7584376,1964599.4953648578,camacari-ISSQN,camacari,ISSQN
2023-03-01,2023-03-01,12,2024-03-01,21240482.31230949,21302292.335599843,1964599.4953648578,camacari-ISSQN,camacari,ISSQN
2023-04-01,2023-04-01,1,2023-05-01,18314045.276733518,20653104.881354105,2002673.3314732998,camacari-ISSQN,camacari,ISSQN
2023-04-01,2023-04-01,2,2023-06-01,19136367.451210137,21464620.831903126,2002673.3314732998,camacari-ISSQN,camacari,ISSQN
2023-04-01,2023-04-01,3,2023-07-01,21036673.873442713,21829015.452758715,2002673.3314732998,camacari-ISSQN,camacari,ISSQN
2023-04-01,2023-04-01,4,2023-08-01,21575949.02090314,22870782.335354876,2002673.3314732998,camacari-ISSQN,camacari,ISSQN
2023-04-01,2023-04-01,5,2023-09-01,20002492.205724116,23076250.70875971,2002673.3314732998,camacari-ISSQN,camacari,ISSQN
2023-04-01,2023-04-01,6,2023-10-01,20505785.038989563,22429024.514590506,2002673.3314732998,camacari-ISSQN,camacari,ISSQN
2023-04-01,2023-04-01,7,2023-11-01,25611611.938634984,22652151.315290067,2002673.3314732998,camacari-ISSQN,camacari,ISSQN
2023-04-01,2023-04-01,8,2023-12-01,23583900.23543129,24557228.485945195,2002673.3314732998,camacari-ISSQN,camacari,ISSQN
2023-04-01,2023-04-01,9,2024-01-01,22986387.186458543,26474404.31395156,2002673.3314732998,camacari-ISSQN,camacari,ISSQN
2023-04-01,2023-04-01,10,2024-02-01,23872500.478948027,21993413.155506473,2002673.3314732998,camacari-ISSQN,camacari,ISSQN
2023-04-01,2023-04-01,11,2024-03-01,21240482.31230949,22280659.074506268,2002673.3314732998,camacari-ISSQN,camacari,ISSQN
2023-04-01,2023-04-01,12,2024-04-01,22746532.296000022,22450252.19908726,2002673.3314732998,camacari-ISSQN,camacari,ISSQN
2023-05-01,2023-05-01,1,2023-06-01,19136367.451210137,21175415.055252917,1995701.9337778534,camacari-ISSQN,camacari,ISSQN
2023-05-01,2023-05-01,2,2023-07-01,21036673.873442713,21426553.95744545,1995701.9337778534,camacari-ISSQN,camacari,ISSQN
2023-05-01,2023-05-01,3,2023-08-01,21575949.02090314,22144805.98657709,1995701.9337778534,camacari-ISSQN,camacari,ISSQN
2023-05-01,2023-05-01,4,2023-09-01,20002492.205724116,22338769.411853205,1995701.9337778534,camacari-ISSQN,camacari,ISSQN
2023-05-01,2023-05-01,5,2023-10-01,20505785.038989563,21760786.07352485,1995701.9337778534,camacari-ISSQN,camacari,ISSQN
2023-05-01,2023-05-01,6,2023-11-01,25611611.938634984,21967321.71415485,1995701.9337778534,camacari-ISSQN,camacari,ISSQN
2023-05-01,2023-05-01,7,2023-12-01,23583900.23543129,23854703.95035801,1995701.9337778534,camacari-ISSQN,camacari,ISSQN
2023-05-01,2023-05-01,8,2024-01-01,22986387.186458543,25943286.48467641,1995701.9337778534,camacari-ISSQN,camacari,ISSQN
2023-05-01,2023-05-01,9,2024-02-01,23872500.478948027,21143460.020900223,1995701.9337778534,camacari-ISSQN,camacari,ISSQN
2023-05-01,2023-05-01,10,2024-03-01,21240482.31230949,21656725.6741126,1995701.9337778534,camacari-ISSQN,camacari,ISSQN
2023-05-01,2023-05-01,11,2024-04-01,22746532.296000022,21542817.978735816,1995701.9337778534,camacari-ISSQN,camacari,ISSQN
2023-05-01,2023-05-01,12,2024-05-01,19444201.33987925,20687247.53362383,1995701.9337778534,camacari-ISSQN,camacari,ISSQN
2023-06-01,2023-06-01,1,2023-07-01,21036673.873442713,21151090.56065421,1987609.931557085,camacari-ISSQN,camacari,ISSQN
2023-06-01,2023-06-01,2,2023-08-01,21575949.02090314,20817477.04309832,1987609.931557085,camacari-ISSQN,camacari,ISSQN
2023-06-01,2023-06-01,3,2023-09-01,20002492.205724116,21658807.631623697,1987609.931557085,camacari-ISSQN,camacari,ISSQN
2023-06-01,2023-06-01,4,2023-10-01,20505785.038989563,21243819.891854826,1987609.931557085,camacari-ISSQN,camacari,ISSQN
2023-06-01,2023-06-01,5,2023-11-01,25611611.938634984,21490771.67078833,1987609.931557085,camacari-ISSQN,camacari,ISSQN
2023-06-01,2023-06-01,6,2023-12-01,23583900.23543129,23106279.224626992,1987609.931557085,camacari-ISSQN,camacari,ISSQN
2023-06-01,2023-06-01,7,2024-01-01,22986387.186458543,25189016.566209737,1987609.931557085,camacari-ISSQN,camacari,ISSQN
2023-06-01,2023-06-01,8,2024-02-01,23872500.478948027,20482410.792978853,1987609.931557085,camacari-ISSQN,camacari,ISSQN
2023-06-01,2023-06-01,9,2024-03-01,21240482.31230949,20636107.216020543,1987609.931557085,camacari-ISSQN,camacari,ISSQN
2023-06-01,2023-06-01,10,2024-04-01,22746532.296000022,21300248.743554182,1987609.931557085,camacari-ISSQN,camacari,ISSQN
2023-06-01,2023-06-01,11,2024-05-01,19444201.33987925,20030403.80776025,1987609.931557085,camacari-ISSQN,camacari,ISSQN
2023-06-01,2023-06-01,12,2024-06-01,16493090.02262242,20737729.983314995,1987609.931557085,camacari-ISSQN,camacari,ISSQN
2023-07-01,2023-07-01,1,2023-08-01,21575949.02090314,21302148.369921226,1995162.5076294306,camacari-ISSQN,camacari,ISSQN
2023-07-01,2023-07-01,2,2023-09-01,20002492.205724116,21805577.626465797,1995162.5076294306,camacari-ISSQN,camacari,ISSQN
2023-07-01,2023-07-01,3,2023-10-01,20505785.038989563,21304429.25667246,1995162.5076294306,camacari-ISSQN,camacari,ISSQN
2023-07-01,2023-07-01,4,2023-11-01,25611611.938634984,21543522.623848427,1995162.5076294306,camacari-ISSQN,camacari,ISSQN
2023-07-01,2023-07-01,5,2023-12-01,23583900.23543129,23257140.721384063,1995162.5076294306,camacari-ISSQN,camacari,ISSQN
2023-07-01,2023-07-01,6,2024-01-01,22986387.186458543,25213792.8636733,1995162.5076294306,camacari-ISSQN,camacari,ISSQN
2023-07-01,2023-07-01,7,2024-02-01,23872500.478948027,20490831.480574492,1995162.5076294306,camacari-ISSQN,camacari,ISSQN
2023-07-01,2023-07-01,8,2024-03-01,21240482.31230949,20854196.932094418,1995162.5076294306,camacari-ISSQN,camacari,ISSQN
2023-07-01,2023-07-01,9,2024-04-01,22746532.296000022,21046883.520529512,1995162.5076294306,camacari-ISSQN,camacari,ISSQN
2023-07-01,2023-07-01,10,2024-05-01,19444201.33987925,20015226.93731075,1995162.5076294306,camacari-ISSQN,camacari,ISSQN
2023-07-01,2023-07-01,11,2024-06-01,16493090.02262242,20849005.472125504,1995162.5076294306,camacari-ISSQN,camacari,ISSQN
2023-07-01,2023-07-01,12,2024-07-01,19435833.10529593,21088358.78280664,1995162.5076294306,camacari-ISSQN,camacari,ISSQN
2023-08-01,2023-08-01,1,2023-09-01,20002492.205724116,22233635.236615043,1994541.0141305204,camacari-ISSQN,camacari,ISSQN
2023-08-01,2023-08-01,2,2023-10-01,20505785.038989563,21382474.278256096,1994541.0141305204,camacari-ISSQN,camacari,ISSQN
2023-08-01,2023-08-01,3,2023-11-01,25611611.938634984,21641908.316400625,1994541.0141305204,camacari-ISSQN,camacari,ISSQN
2023-08-01,2023-08-01,4,2023-12-01,23583900.23543129,23575159.43156066,1994541.0141305204,camacari-ISSQN,camacari,ISSQN
2023-08-01,2023-08-01,5,2024-01-01,22986387.186458543,25328456.273063034,1994541.0141305204,camacari-ISSQN,camacari,ISSQN
2023-08-01,2023-08-01,6,2024-02-01,23872500.478948027,20862184.49234477,1994541.0141305204,camacari-ISSQN,camacari,ISSQN
2023-08-01,2023-08-01,7,2024-03-01,21240482.31230949,20925774.95612424,1994541.0141305204,camacari-ISSQN,camacari,ISSQN
2023-08-01,2023-08-01,8,2024-04-01,22746532.296000022,21194644.282577485,1994541.0141305204,camacari-ISSQN,camacari,ISSQN
2023-08-01,2023-08-01,9,2024-05-01,19444201.33987925,20179625.980010614,1994541.0141305204,camacari-ISSQN,camacari,ISSQN
2023-08-01,2023-08-01,10,2024-06-01,16493090.02262242,21059497.02885767,1994541.0141305204,camacari-ISSQN,camacari,ISSQN
2023-08-01,2023-08-01,11,2024-07-01,19435833.10529593,21246984.181490585,1994541.0141305204,camacari-ISSQN,camacari,ISSQN
2023-08-01,2023-08-01,12,2024-08-01,19835674.60459411,21857960.707813486,1994541.0141305204,camacari-ISSQN,camacari,ISSQN
2023-09-01,2023-09-01,1,2023-10-01,20505785.038989563,20456817.15859809,1987371.8992191309,camacari-ISSQN,camacari,ISSQN
2023-09-01,2023-09-01,2,2023-11-01,25611611.938634984,20935963.2895239,1987371.8992191309,camacari-ISSQN,camacari,ISSQN
2023-09-01,2023-09-01,3,2023-12-01,23583900.23543129,22829779.09551113,1987371.8992191309,camacari-ISSQN,camacari,ISSQN
2023-09-01,2023-09-01,4,2024-01-01,22986387.186458543,24752003.232420843,1987371.8992191309,camacari-ISSQN,camacari,ISSQN
2023-09-01,2023-09-01,5,2024-02-01,23872500.478948027,20088692.54077811,1987371.8992191309,camacari-ISSQN,camacari,ISSQN
2023-09-01,2023-09-01,6,2024-03-01,21240482.31230949,20531726.388468962,1987371.8992191309,camacari-ISSQN,camacari,ISSQN
2023-09-01,2023-09-01,7,2024-04-01,22746532.296000022,20464963.40355985,1987371.8992191309,camacari-ISSQN,camacari,ISSQN
2023-09-01,2023-09-01,8,2024-05-01,19444201.33987925,19531301.183613617,1987371.8992191309,camacari-ISSQN,camacari,ISSQN
2023-09-01,2023-09-01,9,2024-06-01,16493090.02262242,20220939.573756605,1987371.8992191309,camacari-ISSQN,camacari,ISSQN
2023-09-01,2023-09-01,10,2024-07-01,19435833.10529593,20564814.5095948,1987371.8992191309,camacari-ISSQN,camacari,ISSQN
2023-09-01,2023-09-01,11,2024-08-01,19835674.60459411,20858605.073817264,1987371.8992191309,camacari-ISSQN,camacari,ISSQN
2023-09-01,2023-09-01,12,2024-09-01,17906349.079996813,21346849.972264584,1987371.8992191309,camacari-ISSQN,camacari,ISSQN
2023-10-01,2023-10-01,1,2023-11-01,25611611.938634984,21060347.047776807,1966836.5920636822,camacari-ISSQN,camacari,ISSQN
2023-10-01,2023-10-01,2,2023-12-01,23583900.23543129,22820813.039706983,1966836.5920636822,camacari-ISSQN,camacari,ISSQN
2023-10-01,2023-10-01,3,2024-01-01,22986387.186458543,24812513.804407023,1966836.5920636822,camacari-ISSQN,camacari,ISSQN
2023-10-01,2023-10-01,4,2024-02-01,23872500.478948027,19857506.306567155,1966836.5920636822,camacari-ISSQN,camacari,ISSQN
2023-10-01,2023-10-01,5,2024-03-01,21240482.31230949,20283635.59249306,1966836.5920636822,camacari-ISSQN,camacari,ISSQN
2023-10-01,2023-10-01,6,2024-04-01,22746532.296000022,20393122.064716153,1966836.5920636822,camacari-ISSQN,camacari,ISSQN
2023-10-01,2023-10-01,7,2024-05-01,19444201.33987925,19179647.88708724,1966836.5920636822,camacari-ISSQN,camacari,ISSQN
2023-10-01,2023-10-01,8,2024-06-01,16493090.02262242,19994242.638618335,1966836.5920636822,camacari-ISSQN,camacari,ISSQN
2023-10-01,2023-10-01,9,2024-07-01,19435833.10529593,20415332.78697259,1966836.5920636822,camacari-ISSQN,camacari,ISSQN
2023-10-01,2023-10-01,10,2024-08-01,19835674.60459411,20724394.579828482,1966836.5920636822,camacari-ISSQN,camacari,ISSQN
2023-10-01,2023-10-01,11,2024-09-01,17906349.079996813,21334870.637940455,1966836.5920636822,camacari-ISSQN,camacari,ISSQN
2023-10-01,2023-10-01,12,2024-10-01,20102987.31695594,20808668.317719012,1966836.5920636822,camacari-ISSQN,camacari,ISSQN
2023-11-01,2023-11-01,1,2023-12-01,23583900.23543129,24093114.692432687,1990281.8433552582,camacari-ISSQN,camacari,ISSQN
2023-11-01,2023-11-01,2,2024-01-01,22986387.186458543,26072059.21819365,1990281.8433552582,camacari-ISSQN,camacari,ISSQN
2023-11-01,2023-11-01,3,2024-02-01,23872500.478948027,21476237.853934105,1990281.8433552582,camacari-ISSQN,camacari,ISSQN
2023-11-01,2023-11-01,4,2024-03-01,21240482.31230949,21844985.65153727,1990281.8433552582,camacari-ISSQN,camacari,ISSQN
2023-11-01,2023-11-01,5,2024-04-01,22746532.296000022,22090336.662823923,1990281.8433552582,camacari-ISSQN,camacari,ISSQN
2023-11-01,2023-11-01,6,2024-05-01,19444201.33987925,21101210.476236425,1990281.8433552582,camacari-ISSQN,camacari,ISSQN
2023-11-01,2023-11-01,7,2024-06-01,16493090.02262242,21888913.46973457,1990281.8433552582,camacari-ISSQN,camacari,ISSQN
2023-11-01,2023-11-01,8,2024-07-01,19435833.10529593,22134320.64939223,1990281.8433552582,camacari-ISSQN,camacari,ISSQN
2023-11-01,2023-11-01,9,2024-08-01,19835674.60459411,22632413.48654983,1990281.8433552582,camacari-ISSQN,camacari,ISSQN
2023-11-01,2023-11-01,10,2024-09-01,17906349.079996813,23135556.134741686,1990281.8433552582,camacari-ISSQN,camacari,ISSQN
2023-11-01,2023-11-01,11,2024-10-01,20102987.31695594,22620409.5472241,1990281.8433552582,camacari-ISSQN,camacari,ISSQN
2023-11-01,2023-11-01,12,2024-11-01,23924007.188177645,22897168.69831589,1990281.8433552582,camacari-ISSQN,camacari,ISSQN
2023-12-01,2023-12-01,1,2024-01-01,22986387.186458543,26035331.20574684,1984678.3916945036,camacari-ISSQN,camacari,ISSQN
2023-12-01,2023-12-01,2,2024-02-01,23872500.478948027,21149892.511577535,1984678.3916945036,camacari-ISSQN,camacari,ISSQN
2023-12-01,2023-12-01,3,2024-03-01,21240482.31230949,21665303.898922436,1984678.3916945036,camacari-ISSQN,camacari,ISSQN
2023-12-01,2023-12-01,4,2024-04-01,22746532.296000022,21762329.76577605,1984678.3916945036,camacari-ISSQN,camacari,ISSQN
2023-12-01,2023-12-01,5,2024-05-01,19444201.33987925,20767562.02842724,1984678.3916945036,camacari-ISSQN,camacari,ISSQN
2023-12-01,2023-12-01,6,2024-06-01,16493090.02262242,21479809.764282834,1984678.3916945036,camacari-ISSQN,camacari,ISSQN
2023-12-01,2023-12-01,7,2024-07-01,19435833.10529593,21894611.000107475,1984678.3916945036,camacari-ISSQN,camacari,ISSQN
2023-12-01,2023-12-01,8,2024-08-01,19835674.60459411,22176336.071695,1984678.3916945036,camacari-ISSQN,camacari,ISSQN
2023-12-01,2023-12-01,9,2024-09-01,17906349.079996813,22639743.649447095,1984678.3916945036,camacari-ISSQN,camacari,ISSQN
2023-12-01,2023-12-01,10,2024-10-01,20102987.31695594,22095840.63228928,1984678.3916945036,camacari-ISSQN,camacari,ISSQN
2023-12-01,2023-12-01,11,2024-11-01,23924007.188177645,22513091.128734108,1984678.3916945036,camacari-ISSQN,camacari,ISSQN
2023-12-01,2023-12-01,12,2024-12-01,23738153.513783302,24122912.732504155,1984678.3916945036,camacari-ISSQN,camacari,ISSQN
2024-01-01,2024-01-01,1,2024-02-01,23872500.478948027,20364381.94004541,2027836.3182868634,camacari-ISSQN,camacari,ISSQN
2024-01-01,2024-01-01,2,2024-03-01,21240482.31230949,20613526.35018642,2027836.3182868634,camacari-ISSQN,camacari,ISSQN
2024-01-01,2024-01-01,3,2024-04-01,22746532.296000022,20694687.219005816,2027836.3182868634,camacari-ISSQN,camacari,ISSQN
2024-01-01,2024-01-01,4,2024-05-01,19444201.33987925,19828854.58329428,2027836.3182868634,camacari-ISSQN,camacari,ISSQN
2024-01-01,2024-01-01,5,2024-06-01,16493090.02262242,20724696.47261657,2027836.3182868634,camacari-ISSQN,camacari,ISSQN
2024-01-01,2024-01-01,6,2024-07-01,19435833.10529593,20878067.300164197,2027836.3182868634,camacari-ISSQN,camacari,ISSQN
2024-01-01,2024-01-01,7,2024-08-01,19835674.60459411,21094972.190660145,2027836.3182868634,camacari-ISSQN,camacari,ISSQN
2024-01-01,2024-01-01,8,2024-09-01,17906349.079996813,21748508.42589966,2027836.3182868634,camacari-ISSQN,camacari,ISSQN
2024-01-01,2024-01-01,9,2024-10-01,20102987.31695594,21391264.29632343,2027836.3182868634,camacari-ISSQN,camacari,ISSQN
2024-01-01,2024-01-01,10,2024-11-01,23924007.188177645,21165495.50777991,2027836.3182868634,camacari-ISSQN,camacari,ISSQN
2024-01-01,2024-01-01,11,2024-12-01,23738153.513783302,23128651.005658112,2027836.3182868634,camacari-ISSQN,camacari,ISSQN
2024-01-01,2024-01-01,12,2025-01-01,23623568.323823698,25026603.072165433,2027836.3182868634,camacari-ISSQN,camacari,ISSQN
2024-02-01,2024-02-01,1,2024-03-01,21240482.31230949,21623386.02531063,2058349.9900840071,camacari-ISSQN,camacari,ISSQN
2024-02-01,2024-02-01,2,2024-04-01,22746532.296000022,21674075.434309684,2058349.9900840071,camacari-ISSQN,camacari,ISSQN
2024-02-01,2024-02-01,3,2024-05-01,19444201.33987925,20525580.58912546,2058349.9900840071,camacari-ISSQN,camacari,ISSQN
2024-02-01,2024-02-01,4,2024-06-01,16493090.02262242,21452451.024307843,2058349.9900840071,camacari-ISSQN,camacari,ISSQN
2024-02-01,2024-02-01,5,2024-07-01,19435833.10529593,21660918.47780678,2058349.9900840071,camacari-ISSQN,camacari,ISSQN
2024-02-01,2024-02-01,6,2024-08-01,19835674.60459411,22493853.06329817,2058349.9900840071,camacari-ISSQN,camacari,ISSQN
2024-02-01,2024-02-01,7,2024-09-01,17906349.079996813,22508009.24882272,2058349.9900840071,camacari-ISSQN,camacari,ISSQN
2024-02-01,2024-02-01,8,2024-10-01,20102987.31695594,22460906.3635345,2058349.9900840071,camacari-ISSQN,camacari,ISSQN
2024-02-01,2024-02-01,9,2024-11-01,23924007.188177645,22418170.617445324,2058349.9900840071,camacari-ISSQN,camacari,ISSQN
2024-02-01,2024-02-01,10,2024-12-01,23738153.513783302,24251760.662537977,2058349.9900840071,camacari-ISSQN,camacari,ISSQN
2024-02-01,2024-02-01,11,2025-01-01,23623568.323823698,25928051.72713089,2058349.9900840071,camacari-ISSQN,camacari,ISSQN
2024-02-01,2024-02-01,12,2025-02-01,20422464.894915722,21819324.523626134,2058349.9900840071,camacari-ISSQN,camacari,ISSQN
2024-03-01,2024-03-01,1,2024-04-01,22746532.296000022,21344111.369259033,2048032.2708684506,camacari-ISSQN,camacari,ISSQN
2024-03-01,2024-03-01,2,2024-05-01,19444201.33987925,20591200.966648124,2048032.2708684506,camacari-ISSQN,camacari,ISSQN
2024-03-01,2024-03-01,3,2024-06-01,16493090.02262242,21420980.938048255,2048032.2708684506,camacari-ISSQN,camacari,ISSQN
2024-03-01,2024-03-01,4,2024-07-01,19435833.10529593,21789584.267610904,2048032.2708684506,camacari-ISSQN,camacari,ISSQN
2024-03-01,2024-03-01,5,2024-08-01,19835674.60459411,22329660.011234444,2048032.2708684506,camacari-ISSQN,camacari,ISSQN
2024-03-01,2024-03-01,6,2024-09-01,17906349.079996813,22304371.29587299,2048032.2708684506,camacari-ISSQN,camacari,ISSQN
2024-03-01,2024-03-01,7,2024-10-01,20102987.31695594,22151558.239592925,2048032.2708684506,camacari-ISSQN,camacari,ISSQN
2024-03-01,2024-03-01,8,2024-11-01,23924007.188177645,22169655.021402538,2048032.2708684506,camacari-ISSQN,camacari,ISSQN
2024-03-01,2024-03-01,9,2024-12-01,23738153.513783302,23965283.056057975,2048032.2708684506,camacari-ISSQN,camacari,ISSQN
2024-03-01,2024-03-01,10,2025-01-01,23623568.323823698,25764797.11517407,2048032.2708684506,camacari-ISSQN,camacari,ISSQN
2024-03-01,2024-03-01,11,2025-02-01,20422464.894915722,21405289.66050032,2048032.2708684506,camacari-ISSQN,camacari,ISSQN
2024-03-01,2024-03-01,12,2025-03-01,19211250.317555815,21625720.63912531,2048032.2708684506,camacari-ISSQN,camacari,ISSQN
2024-04-01,2024-04-01,1,2024-05-01,19444201.33987925,21018248.826619156,2030837.4013924408,camacari-ISSQN,camacari,ISSQN
2024-04-01,2024-04-01,2,2024-06-01,16493090.02262242,21836016.946045548,2030837.4013924408,camacari-ISSQN,camacari,ISSQN
2024-04-01,2024-04-01,3,2024-07-01,19435833.10529593,22316640.631077852,2030837.4013924408,camacari-ISSQN,camacari,ISSQN
2024-04-01,2024-04-01,4,2024-08-01,19835674.60459411,22350986.102326084,2030837.4013924408,camacari-ISSQN,camacari,ISSQN
2024-04-01,2024-04-01,5,2024-09-01,17906349.079996813,22669544.462129634,2030837.4013924408,camacari-ISSQN,camacari,ISSQN
2024-04-01,2024-04-01,6,2024-10-01,20102987.31695594,22418369.375542566,2030837.4013924408,camacari-ISSQN,camacari,ISSQN
2024-04-01,2024-04-01,7,2024-11-01,23924007.188177645,22609173.992574777,2030837.4013924408,camacari-ISSQN,camacari,ISSQN
2024-04-01,2024-04-01,8,2024-12-01,23738153.513783302,24572737.922497813,2030837.4013924408,camacari-ISSQN,camacari,ISSQN
2024-04-01,2024-04-01,9,2025-01-01,23623568.323823698,26412844.912126787,2030837.4013924408,camacari-ISSQN,camacari,ISSQN
2024-04-01,2024-04-01,10,2025-02-01,20422464.894915722,22080857.154036295,2030837.4013924408,camacari-ISSQN,camacari,ISSQN
2024-04-01,2024-04-01,11,2025-03-01,19211250.317555815,22014889.524558615,2030837.4013924408,camacari-ISSQN,camacari,ISSQN
2024-04-01,2024-04-01,12,2025-04-01,20064010.88338034,22361010.303478856,2030837.4013924408,camacari-ISSQN,camacari,ISSQN
2024-05-01,2024-05-01,1,2024-06-01,16493090.02262242,21621415.37766815,2021919.7643800972,camacari-ISSQN,camacari,ISSQN
2024-05-01,2024-05-01,2,2024-07-01,19435833.10529593,21756979.152592182,2021919.7643800972,camacari-ISSQN,camacari,ISSQN
2024-05-01,2024-05-01,3,2024-08-01,19835674.60459411,22311768.188901376,2021919.7643800972,camacari-ISSQN,camacari,ISSQN
2024-05-01,2024-05-01,4,2024-09-01,17906349.079996813,22752487.906509437,2021919.7643800972,camacari-ISSQN,camacari,ISSQN
2024-05-01,2024-05-01,5,2024-10-01,20102987.31695594,22200238.98890223,2021919.7643800972,camacari-ISSQN,camacari,ISSQN
2024-05-01,2024-05-01,6,2024-11-01,23924007.188177645,22822473.057014413,2021919.7643800972,camacari-ISSQN,camacari,ISSQN
2024-05-01,2024-05-01,7,2024-12-01,23738153.513783302,24268245.45953174,2021919.7643800972,camacari-ISSQN,camacari,ISSQN
2024-05-01,2024-05-01,8,2025-01-01,23623568.323823698,26284900.314681623,2021919.7643800972,camacari-ISSQN,camacari,ISSQN
2024-05-01,2024-05-01,9,2025-02-01,20422464.894915722,21936115.88699969,2021919.7643800972,camacari-ISSQN,camacari,ISSQN
2024-05-01,2024-05-01,10,2025-03-01,19211250.317555815,22016150.429913893,2021919.7643800972,camacari-ISSQN,camacari,ISSQN
2024-05-01,2024-05-01,11,2025-04-01,20064010.88338034,22200670.748899113,2021919.7643800972,camacari-ISSQN,camacari,ISSQN
2024-05-01,2024-05-01,12,2025-05-01,23108414.164161336,21042839.63683523,2021919.7643800972,camacari-ISSQN,camacari,ISSQN
2024-06-01,2024-06-01,1,2024-07-01,19435833.10529593,20642613.205742802,2028011.506186054,camacari-ISSQN,camacari,ISSQN
2024-06-01,2024-06-01,2,2024-08-01,19835674.60459411,20938688.09519672,2028011.506186054,camacari-ISSQN,camacari,ISSQN
2024-06-01,2024-06-01,3,2024-09-01,17906349.079996813,20877373.651190072,2028011.506186054,camacari-ISSQN,camacari,ISSQN
2024-06-01,2024-06-01,4,2024-10-01,20102987.31695594,20726260.332030684,2028011.506186054,camacari-ISSQN,camacari,ISSQN
2024-06-01,2024-06-01,5,2024-11-01,23924007.188177645,21236950.242576044,2028011.506186054,camacari-ISSQN,camacari,ISSQN
2024-06-01,2024-06-01,6,2024-12-01,23738153.513783302,22759835.040485322,2028011.506186054,camacari-ISSQN,camacari,ISSQN
2024-06-01,2024-06-01,7,2025-01-01,23623568.323823698,24517513.618665084,2028011.506186054,camacari-ISSQN,camacari,ISSQN
2024-06-01,2024-06-01,8,2025-02-01,20422464.894915722,20180872.94576567,2028011.506186054,camacari-ISSQN,camacari,ISSQN
2024-06-01,2024-06-01,9,2025-03-01,19211250.317555815,20566076.07950777,2028011.506186054,camacari-ISSQN,camacari,ISSQN
2024-06-01,2024-06-01,10,2025-04-01,20064010.88338034,20111658.546067983,2028011.506186054,camacari-ISSQN,camacari,ISSQN
2024-06-01,2024-06-01,11,2025-05-01,23108414.164161336,19252750.28105289,2028011.506186054,camacari-ISSQN,camacari,ISSQN
2024-06-01,2024-06-01,12,2025-06-01,25608048.4628075,19889328.464702584,2028011.506186054,camacari-ISSQN,camacari,ISSQN
2024-07-01,2024-07-01,1,2024-08-01,19835674.60459411,20801101.094331596,2023864.217467226,camacari-ISSQN,camacari,ISSQN
2024-07-01,2024-07-01,2,2024-09-01,17906349.079996813,20701768.653542407,2023864.217467226,camacari-ISSQN,camacari,ISSQN
2024-07-01,2024-07-01,3,2024-10-01,20102987.31695594,20152119.234292567,2023864.217467226,camacari-ISSQN,camacari,ISSQN
2024-07-01,2024-07-01,4,2024-11-01,23924007.188177645,20905016.252775658,2023864.217467226,camacari-ISSQN,camacari,ISSQN
2024-07-01,2024-07-01,5,2024-12-01,23738153.513783302,22367901.76176515,2023864.217467226,camacari-ISSQN,camacari,ISSQN
2024-07-01,2024-07-01,6,2025-01-01,23623568.323823698,24155665.80511844,2023864.217467226,camacari-ISSQN,camacari,ISSQN
2024-07-01,2024-07-01,7,2025-02-01,20422464.894915722,19749459.581075087,2023864.217467226,camacari-ISSQN,camacari,ISSQN
2024-07-01,2024-07-01,8,2025-03-01,19211250.317555815,19829008.12003191,2023864.217467226,camacari-ISSQN,camacari,ISSQN
2024-07-01,2024-07-01,9,2025-04-01,20064010.88338034,19923307.405020095,2023864.217467226,camacari-ISSQN,camacari,ISSQN
2024-07-01,2024-07-01,10,2025-05-01,23108414.164161336,18877309.47371333,2023864.217467226,camacari-ISSQN,camacari,ISSQN
2024-07-01,2024-07-01,11,2025-06-01,25608048.4628075,19585127.290215235,2023864.217467226,camacari-ISSQN,camacari,ISSQN
2024-07-01,2024-07-01,12,2025-07-01,21995204.621536642,19790450.03994569,2023864.217467226,camacari-ISSQN,camacari,ISSQN
2024-08-01,2024-08-01,1,2024-09-01,17906349.079996813,20243894.13186803,2021137.3924560896,camacari-ISSQN,camacari,ISSQN
2024-08-01,2024-08-01,2,2024-10-01,20102987.31695594,20183033.057299502,2021137.3924560896,camacari-ISSQN,camacari,ISSQN
2024-08-01,2024-08-01,3,2024-11-01,23924007.188177645,20896440.672161356,2021137.3924560896,camacari-ISSQN,camacari,ISSQN
2024-08-01,2024-08-01,4,2024-12-01,23738153.513783302,22151321.708846793,2021137.3924560896,camacari-ISSQN,camacari,ISSQN
2024-08-01,2024-08-01,5,2025-01-01,23623568.323823698,23879007.193253834,2021137.3924560896,camacari-ISSQN,camacari,ISSQN
2024-08-01,2024-08-01,6,2025-02-01,20422464.894915722,19684101.64581627,2021137.3924560896,camacari-ISSQN,camacari,ISSQN
2024-08-01,2024-08-01,7,2025-03-01,19211250.317555815,19596379.088076252,2021137.3924560896,camacari-ISSQN,camacari,ISSQN
2024-08-01,2024-08-01,8,2025-04-01,20064010.88338034,19987537.830363248,2021137.3924560896,camacari-ISSQN,camacari,ISSQN
2024-08-01,2024-08-01,9,2025-05-01,23108414.164161336,18482840.11320904,2021137.3924560896,camacari-ISSQN,camacari,ISSQN
2024-08-01,2024-08-01,10,2025-06-01,25608048.4628075,19128781.408317205,2021137.3924560896,camacari-ISSQN,camacari,ISSQN
2024-08-01,2024-08-01,11,2025-07-01,21995204.621536642,19671593.804675683,2021137.3924560896,camacari-ISSQN,camacari,ISSQN
2024-08-01,2024-08-01,12,2025-08-01,21128408.23347808,20079675.66375173,2021137.3924560896,camacari-ISSQN,camacari,ISSQN
2024-09-01,2024-09-01,1,2024-10-01,20102987.31695594,19073505.466155615,2021851.7327729582,camacari-ISSQN,camacari,ISSQN
2024-09-01,2024-09-01,2,2024-11-01,23924007.188177645,19920671.804050572,2021851.7327729582,camacari-ISSQN,camacari,ISSQN
2024-09-01,2024-09-01,3,2024-12-01,23738153.513783302,21216146.281417422,2021851.7327729582,camacari-ISSQN,camacari,ISSQN
2024-09-01,2024-09-01,4,2025-01-01,23623568.323823698,23081970.903928757,2021851.7327729582,camacari-ISSQN,camacari,ISSQN
2024-09-01,2024-09-01,5,2025-02-01,20422464.894915722,18473204.811313704,2021851.7327729582,camacari-ISSQN,camacari,ISSQN
2024-09-01,2024-09-01,6,2025-03-01,19211250.317555815,18765040.22604927,2021851.7327729582,camacari-ISSQN,camacari,ISSQN
2024-09-01,2024-09-01,7,2025-04-01,20064010.88338034,18965812.076143358,2021851.7327729582,camacari-ISSQN,camacari,ISSQN
2024-09-01,2024-09-01,8,2025-05-01,23108414.164161336,17698559.79847386,2021851.7327729582,camacari-ISSQN,camacari,ISSQN
2024-09-01,2024-09-01,9,2025-06-01,25608048.4628075,18356436.09464644,2021851.7327729582,camacari-ISSQN,camacari,ISSQN
2024-09-01,2024-09-01,10,2025-07-01,21995204.621536642,18776977.324747726,2021851.7327729582,camacari-ISSQN,camacari,ISSQN
2024-09-01,2024-09-01,11,2025-08-01,21128408.23347808,18925087.11977873,2021851.7327729582,camacari-ISSQN,camacari,ISSQN
2024-09-01,2024-09-01,12,2025-09-01,24511070.04857661,19434336.488411672,2021851.7327729582,camacari-ISSQN,camacari,ISSQN
2024-10-01,2024-10-01,1,2024-11-01,23924007.188177645,20104847.55707904,2006577.6383320212,camacari-ISSQN,camacari,ISSQN
2024-10-01,2024-10-01,2,2024-12-01,23738153.513783302,21965546.746121958,2006577.6383320212,camacari-ISSQN,camacari,ISSQN
2024-10-01,2024-10-01,3,2025-01-01,23623568.323823698,23623696.767197013,2006577.6383320212,camacari-ISSQN,camacari,ISSQN
2024-10-01,2024-10-01,4,2025-02-01,20422464.894915722,19089573.564045314,2006577.6383320212,camacari-ISSQN,camacari,ISSQN
2024-10-01,2024-10-01,5,2025-03-01,19211250.317555815,19345433.91461166,2006577.6383320212,camacari-ISSQN,camacari,ISSQN
2024-10-01,2024-10-01,6,2025-04-01,20064010.88338034,19482214.523530096,2006577.6383320212,camacari-ISSQN,camacari,ISSQN
2024-10-01,2024-10-01,7,2025-05-01,23108414.164161336,18250861.499904107,2006577.6383320212,camacari-ISSQN,camacari,ISSQN
2024-10-01,2024-10-01,8,2025-06-01,25608048.4628075,18863423.144078154,2006577.6383320212,camacari-ISSQN,camacari,ISSQN
2024-10-01,2024-10-01,9,2025-07-01,21995204.621536642,19233181.02001606,2006577.6383320212,camacari-ISSQN,camacari,ISSQN
2024-10-01,2024-10-01,10,2025-08-01,21128408.23347808,19709752.860792674,2006577.6383320212,camacari-ISSQN,camacari,ISSQN
2024-10-01,2024-10-01,11,2025-09-01,24511070.04857661,19452762.647189453,2006577.6383320212,camacari-ISSQN,camacari,ISSQN
2024-10-01,2024-10-01,12,2025-10-01,22282587.251372285,19619239.596928123,2006577.6383320212,camacari-ISSQN,camacari,ISSQN
2024-11-01,2024-11-01,1,2024-12-01,23738153.513783302,22615889.89341601,2003596.583305155,camacari-ISSQN,camacari,ISSQN
2024-11-01,2024-11-01,2,2025-01-01,23623568.323823698,24459870.97858511,2003596.583305155,camacari-ISSQN,camacari,ISSQN
2024-11-01,2024-11-01,3,2025-02-01,20422464.894915722,20020592.559418842,2003596.583305155,camacari-ISSQN,camacari,ISSQN
2024-11-01,2024-11-01,4,2025-03-01,19211250.317555815,20099685.09591431,2003596.583305155,camacari-ISSQN,camacari,ISSQN
2024-11-01,2024-11-01,5,2025-04-01,20064010.88338034,20444500.64838797,2003596.583305155,camacari-ISSQN,camacari,ISSQN
2024-11-01,2024-11-01,6,2025-05-01,23108414.164161336,19203264.55513847,2003596.583305155,camacari-ISSQN,camacari,ISSQN
2024-11-01,2024-11-01,7,2025-06-01,25608048.4628075,19634780.411850255,2003596.583305155,camacari-ISSQN,camacari,ISSQN
2024-11-01,2024-11-01,8,2025-07-01,21995204.621536642,20205840.00774883,2003596.583305155,camacari-ISSQN,camacari,ISSQN
2024-11-01,2024-11-01,9,2025-08-01,21128408.23347808,20528490.22847517,2003596.583305155,camacari-ISSQN,camacari,ISSQN
2024-11-01,2024-11-01,10,2025-09-01,24511070.04857661,20126632.041316565,2003596.583305155,camacari-ISSQN,camacari,ISSQN
2024-11-01,2024-11-01,11,2025-10-01,22282587.251372285,20411311.24970279,2003596.583305155,camacari-ISSQN,camacari,ISSQN
2024-11-01,2024-11-01,12,2025-11-01,25054929.950006504,21444732.983969096,2003596.583305155,camacari-ISSQN,camacari,ISSQN
2024-12-01,2024-12-01,1,2025-01-01,23623568.323823698,24706331.89592396,1986473.0341852186,camacari-ISSQN,camacari,ISSQN
2024-12-01,2024-12-01,2,2025-02-01,20422464.894915722,20266818.276836954,1986473.0341852186,camacari-ISSQN,camacari,ISSQN
2024-12-01,2024-12-01,3,2025-03-01,19211250.317555815,20337236.58750749,1986473.0341852186,camacari-ISSQN,camacari,ISSQN
2024-12-01,2024-12-01,4,2025-04-01,20064010.88338034,20930992.79868973,1986473.0341852186,camacari-ISSQN,camacari,ISSQN
2024-12-01,2024-12-01,5,2025-05-01,23108414.164161336,19414028.325482283,1986473.0341852186,camacari-ISSQN,camacari,ISSQN
2024-12-01,2024-12-01,6,2025-06-01,25608048.4628075,19976707.02518064,1986473.0341852186,camacari-ISSQN,camacari,ISSQN
2024-12-01,2024-12-01,7,2025-07-01,21995204.621536642,20416610.588272713,1986473.0341852186,camacari-ISSQN,camacari,ISSQN
2024-12-01,2024-12-01,8,2025-08-01,21128408.23347808,20932690.7269711,1986473.0341852186,camacari-ISSQN,camacari,ISSQN
2024-12-01,2024-12-01,9,2025-09-01,24511070.04857661,20619039.518575266,1986473.0341852186,camacari-ISSQN,camacari,ISSQN
2024-12-01,2024-12-01,10,2025-10-01,22282587.251372285,20432771.158729367,1986473.0341852186,camacari-ISSQN,camacari,ISSQN
2024-12-01,2024-12-01,11,2025-11-01,25054929.950006504,21465158.406325117,1986473.0341852186,camacari-ISSQN,camacari,ISSQN
2024-12-01,2024-12-01,12,2025-12-01,34645157.78,22877346.293588586,1986473.0341852186,camacari-ISSQN,camacari,ISSQN
2025-01-01,2025-01-01,1,2025-02-01,20422464.894915722,19969096.197301812,1974094.20944375,camacari-ISSQN,camacari,ISSQN
2025-01-01,2025-01-01,2,2025-03-01,19211250.317555815,19931498.458272386,1974094.20944375,camacari-ISSQN,camacari,ISSQN
2025-01-01,2025-01-01,3,2025-04-01,20064010.88338034,20564221.257698663,1974094.20944375,camacari-ISSQN,camacari,ISSQN
2025-01-01,2025-01-01,4,2025-05-01,23108414.164161336,19227407.71048589,1974094.20944375,camacari-ISSQN,camacari,ISSQN
2025-01-01,2025-01-01,5,2025-06-01,25608048.4628075,19702081.090099007,1974094.20944375,camacari-ISSQN,camacari,ISSQN
2025-01-01,2025-01-01,6,2025-07-01,21995204.621536642,20224923.334657524,1974094.20944375,camacari-ISSQN,camacari,ISSQN
2025-01-01,2025-01-01,7,2025-08-01,21128408.23347808,20668033.50009617,1974094.20944375,camacari-ISSQN,camacari,ISSQN
2025-01-01,2025-01-01,8,2025-09-01,24511070.04857661,20438776.13306602,1974094.20944375,camacari-ISSQN,camacari,ISSQN
2025-01-01,2025-01-01,9,2025-10-01,22282587.251372285,20697800.41384661,1974094.20944375,camacari-ISSQN,camacari,ISSQN
2025-01-01,2025-01-01,10,2025-11-01,25054929.950006504,21016565.012855086,1974094.20944375,camacari-ISSQN,camacari,ISSQN
2025-01-01,2025-01-01,11,2025-12-01,34645157.78,22640704.3350774,1974094.20944375,camacari-ISSQN,camacari,ISSQN
2025-02-01,2025-02-01,1,2025-03-01,19211250.317555815,20112950.414553728,1987511.858303646,camacari-ISSQN,camacari,ISSQN
2025-02-01,2025-02-01,2,2025-04-01,20064010.88338034,20806254.62193739,1987511.858303646,camacari-ISSQN,camacari,ISSQN
2025-02-01,2025-02-01,3,2025-05-01,23108414.164161336,19291922.32930419,1987511.858303646,camacari-ISSQN,camacari,ISSQN
2025-02-01,2025-02-01,4,2025-06-01,25608048.4628075,20034583.142321594,1987511.858303646,camacari-ISSQN,camacari,ISSQN
2025-02-01,2025-02-01,5,2025-07-01,21995204.621536642,20395631.254901752,1987511.858303646,camacari-ISSQN,camacari,ISSQN
2025-02-01,2025-02-01,6,2025-08-01,21128408.23347808,20644341.19233633,1987511.858303646,camacari-ISSQN,camacari,ISSQN
2025-02-01,2025-02-01,7,2025-09-01,24511070.04857661,20434165.248047493,1987511.858303646,camacari-ISSQN,camacari,ISSQN
2025-02-01,2025-02-01,8,2025-10-01,22282587.251372285,20573293.609614857,1987511.858303646,camacari-ISSQN,camacari,ISSQN
2025-02-01,2025-02-01,9,2025-11-01,25054929.950006504,21334413.895769015,1987511.858303646,camacari-ISSQN,camacari,ISSQN
2025-02-01,2025-02-01,10,2025-12-01,34645157.78,22759041.447883,1987511.858303646,camacari-ISSQN,camacari,ISSQN
2025-03-01,2025-03-01,1,2025-04-01,20064010.88338034,20619523.966017652,1987887.7153887814,camacari-ISSQN,camacari,ISSQN
2025-03-01,2025-03-01,2,2025-05-01,23108414.164161336,19072185.244192433,1987887.7153887814,camacari-ISSQN,camacari,ISSQN
2025-03-01,2025-03-01,3,2025-06-01,25608048.4628075,19809768.54186726,1987887.7153887814,camacari-ISSQN,camacari,ISSQN
2025-03-01,2025-03-01,4,2025-07-01,21995204.621536642,19990701.652733713,1987887.7153887814,camacari-ISSQN,camacari,ISSQN
2025-03-01,2025-03-01,5,2025-08-01,21128408.23347808,20408383.360262375,1987887.7153887814,camacari-ISSQN,camacari,ISSQN
2025-03-01,2025-03-01,6,2025-09-01,24511070.04857661,20693703.690368585,1987887.7153887814,camacari-ISSQN,camacari,ISSQN
2025-03-01,2025-03-01,7,2025-10-01,22282587.251372285,20331919.471299734,1987887.7153887814,camacari-ISSQN,camacari,ISSQN
2025-03-01,2025-03-01,8,2025-11-01,25054929.950006504,21176866.74163982,1987887.7153887814,camacari-ISSQN,camacari,ISSQN
2025-03-01,2025-03-01,9,2025-12-01,34645157.78,22556823.459019575,1987887.7153887814,camacari-ISSQN,camacari,ISSQN
2025-04-01,2025-04-01,1,2025-05-01,23108414.164161336,18959063.741471037,1994089.8019712004,camacari-ISSQN,camacari,ISSQN
2025-04-01,2025-04-01,2,2025-06-01,25608048.4628075,19624453.671657596,1994089.8019712004,camacari-ISSQN,camacari,ISSQN
2025-04-01,2025-04-01,3,2025-07-01,21995204.621536642,19914472.66553023,1994089.8019712004,camacari-ISSQN,camacari,ISSQN
2025-04-01,2025-04-01,4,2025-08-01,21128408.23347808,20142371.823161874,1994089.8019712004,camacari-ISSQN,camacari,ISSQN
2025-04-01,2025-04-01,5,2025-09-01,24511070.04857661,20503118.152697135,1994089.8019712004,camacari-ISSQN,camacari,ISSQN
2025-04-01,2025-04-01,6,2025-10-01,22282587.251372285,19968187.161674067,1994089.8019712004,camacari-ISSQN,camacari,ISSQN
2025-04-01,2025-04-01,7,2025-11-01,25054929.950006504,21266096.882075097,1994089.8019712004,camacari-ISSQN,camacari,ISSQN
2025-04-01,2025-04-01,8,2025-12-01,34645157.78,22487182.087743048,1994089.8019712004,camacari-ISSQN,camacari,ISSQN
2025-05-01,2025-05-01,1,2025-06-01,25608048.4628075,20535823.860362407,2008869.651726164,camacari-ISSQN,camacari,ISSQN
2025-05-01,2025-05-01,2,2025-07-01,21995204.621536642,21053013.110657454,2008869.651726164,camacari-ISSQN,camacari,ISSQN
2025-05-01,2025-05-01,3,2025-08-01,21128408.23347808,21281056.702205855,2008869.651726164,camacari-ISSQN,camacari,ISSQN
2025-05-01,2025-05-01,4,2025-09-01,24511070.04857661,21728658.049619995,2008869.651726164,camacari-ISSQN,camacari,ISSQN
2025-05-01,2025-05-01,5,2025-10-01,22282587.251372285,21285891.14357161,2008869.651726164,camacari-ISSQN,camacari,ISSQN
2025-05-01,2025-05-01,6,2025-11-01,25054929.950006504,22268391.142610908,2008869.651726164,camacari-ISSQN,camacari,ISSQN
2025-05-01,2025-05-01,7,2025-12-01,34645157.78,23322992.995857723,2008869.651726164,camacari-ISSQN,camacari,ISSQN
2025-06-01,2025-06-01,1,2025-07-01,21995204.621536642,22098315.69763345,2071203.763905628,camacari-ISSQN,camacari,ISSQN
2025-06-01,2025-06-01,2,2025-08-01,21128408.23347808,22770592.685443584,2071203.763905628,camacari-ISSQN,camacari,ISSQN
2025-06-01,2025-06-01,3,2025-09-01,24511070.04857661,23033380.132335793,2071203.763905628,camacari-ISSQN,camacari,ISSQN
2025-06-01,2025-06-01,4,2025-10-01,22282587.251372285,22894104.218606006,2071203.763905628,camacari-ISSQN,camacari,ISSQN
2025-06-01,2025-06-01,5,2025-11-01,25054929.950006504,23557089.024176516,2071203.763905628,camacari-ISSQN,camacari,ISSQN
2025-06-01,2025-06-01,6,2025-12-01,34645157.78,24559718.786712967,2071203.763905628,camacari-ISSQN,camacari,ISSQN
2025-07-01,2025-07-01,1,2025-08-01,21128408.23347808,22822317.617573105,2075448.7008824549,camacari-ISSQN,camacari,ISSQN
2025-07-01,2025-07-01,2,2025-09-01,24511070.04857661,23222165.001622558,2075448.7008824549,camacari-ISSQN,camacari,ISSQN
2025-07-01,2025-07-01,3,2025-10-01,22282587.251372285,23048268.813152354,2075448.7008824549,camacari-ISSQN,camacari,ISSQN
2025-07-01,2025-07-01,4,2025-11-01,25054929.950006504,24075606.530165683,2075448.7008824549,camacari-ISSQN,camacari,ISSQN
2025-07-01,2025-07-01,5,2025-12-01,34645157.78,25115355.886846237,2075448.7008824549,camacari-ISSQN,camacari,ISSQN
2025-08-01,2025-08-01,1,2025-09-01,24511070.04857661,22723231.25482095,2068701.1571583299,camacari-ISSQN,camacari,ISSQN
2025-08-01,2025-08-01,2,2025-10-01,22282587.251372285,22602007.7452067,2068701.1571583299,camacari-ISSQN,camacari,ISSQN
2025-08-01,2025-08-01,3,2025-11-01,25054929.950006504,23424419.34629944,2068701.1571583299,camacari-ISSQN,camacari,ISSQN
2025-08-01,2025-08-01,4,2025-12-01,34645157.78,24503362.711958747,2068701.1571583299,camacari-ISSQN,camacari,ISSQN
2025-09-01,2025-09-01,1,2025-10-01,22282587.251372285,22305684.148604423,2107470.5572559494,camacari-ISSQN,camacari,ISSQN
2025-09-01,2025-09-01,2,2025-11-01,25054929.950006504,23404652.612678934,2107470.5572559494,camacari-ISSQN,camacari,ISSQN
2025-09-01,2025-09-01,3,2025-12-01,34645157.78,24802870.420786038,2107470.5572559494,camacari-ISSQN,camacari,ISSQN
2025-10-01,2025-10-01,1,2025-11-01,25054929.950006504,23733134.816475682,2108081.823164088,camacari-ISSQN,camacari,ISSQN
2025-10-01,2025-10-01,2,2025-12-01,34645157.78,25014205.20455171,2108081.823164088,camacari-ISSQN,camacari,ISSQN
2025-11-01,2025-11-01,1,2025-12-01,34645157.78,25133445.765053347,2099870.402480599,camacari-ISSQN,camacari,ISSQN
2020-12-01,2020-12-01,1,2021-01-01,1795567.5947821462,1675879.1038099616,953745.3597039464,ilheus-IPTU,ilheus,IPTU
2020-12-01,2020-12-01,2,2021-02-01,3299371.1233388623,5240918.881720481,953745.3597039464,ilheus-IPTU,ilheus,IPTU
2020-12-01,2020-12-01,3,2021-03-01,5552858.751004397,3604274.5981976427,953745.3597039464,ilheus-IPTU,ilheus,IPTU
2020-12-01,2020-12-01,4,2021-04-01,6389822.232549553,3491696.5422354126,953745.3597039464,ilheus-IPTU,ilheus,IPTU
2020-12-01,2020-12-01,5,2021-05-01,2697666.1907480466,2969151.610515602,953745.3597039464,ilheus-IPTU,ilheus,IPTU
2020-12-01,2020-12-01,6,2021-06-01,2339335.1332101556,1869082.760428936,953745.3597039464,ilheus-IPTU,ilheus,IPTU
2020-12-01,2020-12-01,7,2021-07-01,2272131.235213842,1692815.5431080705,953745.3597039464,ilheus-IPTU,ilheus,IPTU
2020-12-01,2020-12-01,8,2021-08-01,2213100.429243627,2050411.2756225865,953745.3597039464,ilheus-IPTU,ilheus,IPTU
2020-12-01,2020-12-01,9,2021-09-01,2623149.9363260926,1566381.2939163083,953745.3597039464,ilheus-IPTU,ilheus,IPTU
2020-12-01,2020-12-01,10,2021-10-01,1271908.2831416863,1650711.341376285,953745.3597039464,ilheus-IPTU,ilheus,IPTU
2020-12-01,2020-12-01,11,2021-11-01,974523.3692654738,1586978.4341187233,953745.3597039464,ilheus-IPTU,ilheus,IPTU
2020-12-01,2020-12-01,12,2021-12-01,1072570.4015688638,1676312.7173041664,953745.3597039464,ilheus-IPTU,ilheus,IPTU
2021-01-01,2021-01-01,1,2021-02-01,3299371.1233388623,5283669.9331363775,944553.3693287106,ilheus-IPTU,ilheus,IPTU
2021-01-01,2021-01-01,2,2021-03-01,5552858.751004397,3672261.9800170623,944553.3693287106,ilheus-IPTU,ilheus,IPTU
2021-01-01,2021-01-01,3,2021-04-01,6389822.232549553,3478626.21307321,944553.3693287106,ilheus-IPTU,ilheus,IPTU
2021-01-01,2021-01-01,4,2021-05-01,2697666.1907480466,2961217.6566010956,944553.3693287106,ilheus-IPTU,ilheus,IPTU
2021-01-01,2021-01-01,5,2021-06-01,2339335.1332101556,1850284.7411527243,944553.3693287106,ilheus-IPTU,ilheus,IPTU
2021-01-01,2021-01-01,6,2021-07-01,2272131.235213842,1657353.9533772757,944553.3693287106,ilheus-IPTU,ilheus,IPTU
2021-01-01,2021-01-01,7,2021-08-01,2213100.429243627,1962695.9793095454,944553.3693287106,ilheus-IPTU,ilheus,IPTU
2021-01-01,2021-01-01,8,2021-09-01,2623149.9363260926,1507389.7038021595,944553.3693287106,ilheus-IPTU,ilheus,IPTU
2021-01-01,2021-01-01,9,2021-10-01,1271908.2831416863,1625737.3996974905,944553.3693287106,ilheus-IPTU,ilheus,IPTU
2021-01-01,2021-01-01,10,2021-11-01,974523.3692654738,1545944.7759406525,944553.3693287106,ilheus-IPTU,ilheus,IPTU
2021-01-01,2021-01-01,11,2021-12-01,1072570.4015688638,1631627.291123956,944553.3693287106,ilheus-IPTU,ilheus,IPTU
2021-01-01,2021-01-01,12,2022-01-01,2343065.624318597,1683951.3673033463,944553.3693287106,ilheus-IPTU,ilheus,IPTU
2021-02-01,2021-02-01,1,2021-03-01,5552858.751004397,3656792.7733945856,950325.8501224922,ilheus-IPTU,ilheus,IPTU
2021-02-01,2021-02-01,2,2021-04-01,6389822.232549553,3481172.177406354,950325.8501224922,ilheus-IPTU,ilheus,IPTU
2021-02-01,2021-02-01,3,2021-05-01,2697666.1907480466,2824903.680936864,950325.8501224922,ilheus-IPTU,ilheus,IPTU
2021-02-01,2021-02-01,4,2021-06-01,2339335.1332101556,1821377.2026157249,950325.8501224922,ilheus-IPTU,ilheus,IPTU
2021-02-01,2021-02-01,5,2021-07-01,2272131.235213842,1661035.357126401,950325.8501224922,ilheus-IPTU,ilheus,IPTU
2021-02-01,2021-02-01,6,2021-08-01,2213100.429243627,1951155.2267399682,950325.8501224922,ilheus-IPTU,ilheus,IPTU
2021-02-01,2021-02-01,7,2021-09-01,2623149.9363260926,1503500.1468628417,950325.8501224922,ilheus-IPTU,ilheus,IPTU
2021-02-01,2021-02-01,8,2021-10-01,1271908.2831416863,1629516.4856869865,950325.8501224922,ilheus-IPTU,ilheus,IPTU
2021-02-01,2021-02-01,9,2021-11-01,974523.3692654738,1551881.8632703167,950325.8501224922,ilheus-IPTU,ilheus,IPTU
2021-02-01,2021-02-01,10,2021-12-01,1072570.4015688638,1590639.875646173,950325.8501224922,ilheus-IPTU,ilheus,IPTU
2021-02-01,2021-02-01,11,2022-01-01,2343065.624318597,1681761.976290715,950325.8501224922,ilheus-IPTU,ilheus,IPTU
2021-02-01,2021-02-01,12,2022-02-01,2250002.33291625,5032897.491031071,950325.8501224922,ilheus-IPTU,ilheus,IPTU
2021-03-01,2021-03-01,1,2021-04-01,6389822.232549553,3515456.740311912,971895.7524619619,ilheus-IPTU,ilheus,IPTU
2021-03-01,2021-03-01,2,2021-05-01,2697666.1907480466,2836472.5229473757,971895.7524619619,ilheus-IPTU,ilheus,IPTU
2021-03-01,2021-03-01,3,2021-06-01,2339335.1332101556,1894282.32648706,971895.7524619619,ilheus-IPTU,ilheus,IPTU
2021-03-01,2021-03-01,4,2021-07-01,2272131.235213842,1713694.3817774598,971895.7524619619,ilheus-IPTU,ilheus,IPTU
2021-03-01,2021-03-01,5,2021-08-01,2213100.429243627,2080343.835633597,971895.7524619619,ilheus-IPTU,ilheus,IPTU
2021-03-01,2021-03-01,6,2021-09-01,2623149.9363260926,1586183.7550681466,971895.7524619619,ilheus-IPTU,ilheus,IPTU
2021-03-01,2021-03-01,7,2021-10-01,1271908.2831416863,1710078.8444980513,971895.7524619619,ilheus-IPTU,ilheus,IPTU
2021-03-01,2021-03-01,8,2021-11-01,974523.3692654738,1638741.5991162658,971895.7524619619,ilheus-IPTU,ilheus,IPTU
2021-03-01,2021-03-01,9,2021-12-01,1072570.4015688638,1711420.009885008,971895.7524619619,ilheus-IPTU,ilheus,IPTU
2021-03-01,2021-03-01,10,2022-01-01,2343065.624318597,1750617.3358827797,971895.7524619619,ilheus-IPTU,ilheus,IPTU
2021-03-01,2021-03-01,11,2022-02-01,2250002.33291625,5111807.8918223195,971895.7524619619,ilheus-IPTU,ilheus,IPTU
2021-03-01,2021-03-01,12,2022-03-01,4925305.417483921,3964892.7112215282,971895.7524619619,ilheus-IPTU,ilheus,IPTU
2021-04-01,2021-04-01,1,2021-05-01,2697666.1907480466,2754101.0359709184,1008483.884375433,ilheus-IPTU,ilheus,IPTU
2021-04-01,2021-04-01,2,2021-06-01,2339335.1332101556,1843716.658587729,1008483.884375433,ilheus-IPTU,ilheus,IPTU
2021-04-01,2021-04-01,3,2021-07-01,2272131.235213842,1727169.8136024328,1008483.884375433,ilheus-IPTU,ilheus,IPTU
2021-04-01,2021-04-01,4,2021-08-01,2213100.429243627,1998922.7383325067,1008483.884375433,ilheus-IPTU,ilheus,IPTU
2021-04-01,2021-04-01,5,2021-09-01,2623149.9363260926,1595637.4616617402,1008483.884375433,ilheus-IPTU,ilheus,IPTU
2021-04-01,2021-04-01,6,2021-10-01,1271908.2831416863,1737793.9748026703,1008483.884375433,ilheus-IPTU,ilheus,IPTU
2021-04-01,2021-04-01,7,2021-11-01,974523.3692654738,1663873.5618059374,1008483.884375433,ilheus-IPTU,ilheus,IPTU
2021-04-01,2021-04-01,8,2021-12-01,1072570.4015688638,1729049.6259666563,1008483.884375433,ilheus-IPTU,ilheus,IPTU
2021-04-01,2021-04-01,9,2022-01-01,2343065.624318597,1846440.0180996628,1008483.884375433,ilheus-IPTU,ilheus,IPTU
2021-04-01,2021-04-01,10,2022-02-01,2250002.33291625,5304869.909450521,1008483.884375433,ilheus-IPTU,ilheus,IPTU
2021-04-01,2021-04-01,11,2022-03-01,4925305.417483921,3990370.544300716,1008483.884375433,ilheus-IPTU,ilheus,IPTU
2021-04-01,2021-04-01,12,2022-04-01,8219106.086628274,4086198.2531255437,1008483.884375433,ilheus-IPTU,ilheus,IPTU
2021-05-01,2021-05-01,1,2021-06-01,2339335.1332101556,1889396.787620895,1004766.2318088748,ilheus-IPTU,ilheus,IPTU
2021-05-01,2021-05-01,2,2021-07-01,2272131.235213842,1750512.7735103,1004766.2318088748,ilheus-IPTU,ilheus,IPTU
2021-05-01,2021-05-01,3,2021-08-01,2213100.429243627,2056360.8299217091,1004766.2318088748,ilheus-IPTU,ilheus,IPTU
2021-05-01,2021-05-01,4,2021-09-01,2623149.9363260926,1609526.3425274044,1004766.2318088748,ilheus-IPTU,ilheus,IPTU
2021-05-01,2021-05-01,5,2021-10-01,1271908.2831416863,1755765.211618049,1004766.2318088748,ilheus-IPTU,ilheus,IPTU
2021-05-01,2021-05-01,6,2021-11-01,974523.3692654738,1684701.3654944482,1004766.2318088748,ilheus-IPTU,ilheus,IPTU
2021-05-01,2021-05-01,7,2021-12-01,1072570.4015688638,1772329.9648393102,1004766.2318088748,ilheus-IPTU,ilheus,IPTU
2021-05-01,2021-05-01,8,2022-01-01,2343065.624318597,1856410.6204904781,1004766.2318088748,ilheus-IPTU,ilheus,IPTU
2021-05-01,2021-05-01,9,2022-02-01,2250002.33291625,5185232.818934141,1004766.2318088748,ilheus-IPTU,ilheus,IPTU
2021-05-01,2021-05-01,10,2022-03-01,4925305.417483921,4035669.9689748148,1004766.2318088748,ilheus-IPTU,ilheus,IPTU
2021-05-01,2021-05-01,11,2022-04-01,8219106.086628274,4006886.885648587,1004766.2318088748,ilheus-IPTU,ilheus,IPTU
2021-05-01,2021-05-01,12,2022-05-01,2431580.1184551804,2993073.8238146817,1004766.2318088748,ilheus-IPTU,ilheus,IPTU
2021-06-01,2021-06-01,1,2021-07-01,2272131.235213842,1761219.3030930047,1004986.782898596,ilheus-IPTU,ilheus,IPTU
2021-06-01,2021-06-01,2,2021-08-01,2213100.429243627,2094439.4016884402,1004986.782898596,ilheus-IPTU,ilheus,IPTU
2021-06-01,2021-06-01,3,2021-09-01,2623149.9363260926,1641557.07496198,1004986.782898596,ilheus-IPTU,ilheus,IPTU
2021-06-01,2021-06-01,4,2021-10-01,1271908.2831416863,1758615.3141132966,1004986.782898596,ilheus-IPTU,ilheus,IPTU
2021-06-01,2021-06-01,5,2021-11-01,974523.3692654738,1702330.0370364063,1004986.782898596,ilheus-IPTU,ilheus,IPTU
2021-06-01,2021-06-01,6,2021-12-01,1072570.4015688638,1769103.0377401435,1004986.782898596,ilheus-IPTU,ilheus,IPTU
2021-06-01,2021-06-01,7,2022-01-01,2343065.624318597,1859508.6597599315,1004986.782898596,ilheus-IPTU,ilheus,IPTU
2021-06-01,2021-06-01,8,2022-02-01,2250002.33291625,5182977.877515905,1004986.782898596,ilheus-IPTU,ilheus,IPTU
2021-06-01,2021-06-01,9,2022-03-01,4925305.417483921,4067153.494483387,1004986.782898596,ilheus-IPTU,ilheus,IPTU
2021-06-01,2021-06-01,10,2022-04-01,8219106.086628274,3957345.2479498843,1004986.782898596,ilheus-IPTU,ilheus,IPTU
2021-06-01,2021-06-01,11,2022-05-01,2431580.1184551804,3101000.5142025007,1004986.782898596,ilheus-IPTU,ilheus,IPTU
2021-06-01,2021-06-01,12,2022-06-01,2631240.8458854207,2089863.8568758892,1004986.782898596,ilheus-IPTU,ilheus,IPTU
2021-07-01,2021-07-01,1,2021-08-01,2213100.429243627,2083094.0542259,998766.7261971788,ilheus-IPTU,ilheus,IPTU
2021-07-01,2021-07-01,2,2021-09-01,2623149.9363260926,1623183.0765514113,998766.7261971788,ilheus-IPTU,ilheus,IPTU
2021-07-01,2021-07-01,3,2021-10-01,1271908.2831416863,1757647.4880561908,998766.7261971788,ilheus-IPTU,ilheus,IPTU
2021-07-01,2021-07-01,4,2021-11-01,974523.3692654738,1689371.2020802102,998766.7261971788,ilheus-IPTU,ilheus,IPTU
2021-07-01,2021-07-01,5,2021-12-01,1072570.4015688638,1775559.0528298053,998766.7261971788,ilheus-IPTU,ilheus,IPTU
2021-07-01,2021-07-01,6,2022-01-01,2343065.624318597,1869266.0323312848,998766.7261971788,ilheus-IPTU,ilheus,IPTU
2021-07-01,2021-07-01,7,2022-02-01,2250002.33291625,5234419.9474741,998766.7261971788,ilheus-IPTU,ilheus,IPTU
2021-07-01,2021-07-01,8,2022-03-01,4925305.417483921,4101891.415197205,998766.7261971788,ilheus-IPTU,ilheus,IPTU
2021-07-01,2021-07-01,9,2022-04-01,8219106.086628274,4109001.175594848,998766.7261971788,ilheus-IPTU,ilheus,IPTU
2021-07-01,2021-07-01,10,2022-05-01,2431580.1184551804,3047963.638743866,998766.7261971788,ilheus-IPTU,ilheus,IPTU
2021-07-01,2021-07-01,11,2022-06-01,2631240.8458854207,2131357.5225834404,998766.7261971788,ilheus-IPTU,ilheus,IPTU
2021-07-01,2021-07-01,12,2022-07-01,1925861.261515704,1992317.7807002964,998766.7261971788,ilheus-IPTU,ilheus,IPTU
2021-08-01,2021-08-01,1,2021-09-01,2623149.9363260926,1631142.304582296,984193.3541854223,ilheus-IPTU,ilheus,IPTU
2021-08-01,2021-08-01,2,2021-10-01,1271908.2831416863,1747590.108292901,984193.3541854223,ilheus-IPTU,ilheus,IPTU
2021-08-01,2021-08-01,3,2021-11-01,974523.3692654738,1698030.1655601566,984193.3541854223,ilheus-IPTU,ilheus,IPTU
2021-08-01,2021-08-01,4,2021-12-01,1072570.4015688638,1768916.35548414,984193.3541854223,ilheus-IPTU,ilheus,IPTU
2021-08-01,2021-08-01,5,2022-01-01,2343065.624318597,1873724.8782212758,984193.3541854223,ilheus-IPTU,ilheus,IPTU
2021-08-01,2021-08-01,6,2022-02-01,2250002.33291625,5223242.906737074,984193.3541854223,ilheus-IPTU,ilheus,IPTU
2021-08-01,2021-08-01,7,2022-03-01,4925305.417483921,4028259.541563955,984193.3541854223,ilheus-IPTU,ilheus,IPTU
2021-08-01,2021-08-01,8,2022-04-01,8219106.086628274,4020737.7687127995,984193.3541854223,ilheus-IPTU,ilheus,IPTU
2021-08-01,2021-08-01,9,2022-05-01,2431580.1184551804,3212978.634717106,984193.3541854223,ilheus-IPTU,ilheus,IPTU
2021-08-01,2021-08-01,10,2022-06-01,2631240.8458854207,2131102.654557371,984193.3541854223,ilheus-IPTU,ilheus,IPTU
2021-08-01,2021-08-01,11,2022-07-01,1925861.261515704,1989271.4483462828,984193.3541854223,ilheus-IPTU,ilheus,IPTU
2021-08-01,2021-08-01,12,2022-08-01,2006116.8972595204,2285190.0548115284,984193.3541854223,ilheus-IPTU,ilheus,IPTU
2021-09-01,2021-09-01,1,2021-10-01,1271908.2831416863,1771969.6204485474,983524.3319020569,ilheus-IPTU,ilheus,IPTU
2021-09-01,2021-09-01,2,2021-11-01,974523.3692654738,1715579.755005653,983524.3319020569,ilheus-IPTU,ilheus,IPTU
2021-09-01,2021-09-01,3,2021-12-01,1072570.4015688638,1815596.1457477477,983524.3319020569,ilheus-IPTU,ilheus,IPTU
2021-09-01,2021-09-01,4,2022-01-01,2343065.624318597,1896564.5110874283,983524.3319020569,ilheus-IPTU,ilheus,IPTU
2021-09-01,2021-09-01,5,2022-02-01,2250002.33291625,5128094.620993145,983524.3319020569,ilheus-IPTU,ilheus,IPTU
2021-09-01,2021-09-01,6,2022-03-01,4925305.417483921,4025076.2549138935,983524.3319020569,ilheus-IPTU,ilheus,IPTU
2021-09-01,2021-09-01,7,2022-04-01,8219106.086628274,3979336.97240513,983524.3319020569,ilheus-IPTU,ilheus,IPTU
2021-09-01,2021-09-01,8,2022-05-01,2431580.1184551804,3140098.342522469,983524.3319020569,ilheus-IPTU,ilheus,IPTU
2021-09-01,2021-09-01,9,2022-06-01,2631240.8458854207,2157678.602170945,983524.3319020569,ilheus-IPTU,ilheus,IPTU
2021-09-01,2021-09-01,10,2022-07-01,1925861.261515704,2039054.74566093,983524.3319020569,ilheus-IPTU,ilheus,IPTU
2021-09-01,2021-09-01,11,2022-08-01,2006116.8972595204,2348292.908401582,983524.3319020569,ilheus-IPTU,ilheus,IPTU
2021-09-01,2021-09-01,12,2022-09-01,1876735.4807647243,1963758.9389547359,983524.3319020569,ilheus-IPTU,ilheus,IPTU
2021-10-01,2021-10-01,1,2021-11-01,974523.3692654738,1731969.501681116,980050.0037243485,ilheus-IPTU,ilheus,IPTU
2021-10-01,2021-10-01,2,2021-12-01,1072570.4015688638,1825292.3825231772,980050.0037243485,ilheus-IPTU,ilheus,IPTU
2021-10-01,2021-10-01,3,2022-01-01,2343065.624318597,1909091.6167189837,980050.0037243485,ilheus-IPTU,ilheus,IPTU
2021-10-01,2021-10-01,4,2022-02-01,2250002.33291625,5218015.317167367,980050.0037243485,ilheus-IPTU,ilheus,IPTU
2021-10-01,2021-10-01,5,2022-03-01,4925305.417483921,4086074.2691411357,980050.0037243485,ilheus-IPTU,ilheus,IPTU
2021-10-01,2021-10-01,6,2022-04-01,8219106.086628274,4099398.5541858813,980050.0037243485,ilheus-IPTU,ilheus,IPTU
2021-10-01,2021-10-01,7,2022-05-01,2431580.1184551804,3041514.5949658635,980050.0037243485,ilheus-IPTU,ilheus,IPTU
2021-10-01,2021-10-01,8,2022-06-01,2631240.8458854207,2160338.5106761083,980050.0037243485,ilheus-IPTU,ilheus,IPTU
2021-10-01,2021-10-01,9,2022-07-01,1925861.261515704,2045887.9549448746,980050.0037243485,ilheus-IPTU,ilheus,IPTU
2021-10-01,2021-10-01,10,2022-08-01,2006116.8972595204,2410547.842357044,980050.0037243485,ilheus-IPTU,ilheus,IPTU
2021-10-01,2021-10-01,11,2022-09-01,1876735.4807647243,1973119.3032832267,980050.0037243485,ilheus-IPTU,ilheus,IPTU
2021-10-01,2021-10-01,12,2022-10-01,2213546.4406881514,2012943.3239422622,980050.0037243485,ilheus-IPTU,ilheus,IPTU
2021-11-01,2021-11-01,1,2021-12-01,1072570.4015688638,1804375.8969248682,977789.2178096024,ilheus-IPTU,ilheus,IPTU
2021-11-01,2021-11-01,2,2022-01-01,2343065.624318597,1900232.9009029262,977789.2178096024,ilheus-IPTU,ilheus,IPTU
2021-11-01,2021-11-01,3,2022-02-01,2250002.33291625,5332341.653252466,977789.2178096024,ilheus-IPTU,ilheus,IPTU
2021-11-01,2021-11-01,4,2022-03-01,4925305.417483921,4135448.946271632,977789.2178096024,ilheus-IPTU,ilheus,IPTU
2021-11-01,2021-11-01,5,2022-04-01,8219106.086628274,4061061.8339899844,977789.2178096024,ilheus-IPTU,ilheus,IPTU
2021-11-01,2021-11-01,6,2022-05-01,2431580.1184551804,2897764.947589182,977789.2178096024,ilheus-IPTU,ilheus,IPTU
2021-11-01,2021-11-01,7,2022-06-01,2631240.8458854207,2147298.8945591305,977789.2178096024,ilheus-IPTU,ilheus,IPTU
2021-11-01,2021-11-01,8,2022-07-01,1925861.261515704,2019749.2854942586,977789.2178096024,ilheus-IPTU,ilheus,IPTU
2021-11-01,2021-11-01,9,2022-08-01,2006116.8972595204,2308893.1186590106,977789.2178096024,ilheus-IPTU,ilheus,IPTU
2021-11-01,2021-11-01,10,2022-09-01,1876735.4807647243,1907812.2648870293,977789.2178096024,ilheus-IPTU,ilheus,IPTU
2021-11-01,2021-11-01,11,2022-10-01,2213546.4406881514,1959019.5411459277,977789.2178096024,ilheus-IPTU,ilheus,IPTU
2021-11-01,2021-11-01,12,2022-11-01,1586036.0844479885,1883765.41940373,977789.2178096024,ilheus-IPTU,ilheus,IPTU
2021-12-01,2021-12-01,1,2022-01-01,2343065.624318597,1657033.1026255237,974374.5533589215,ilheus-IPTU,ilheus,IPTU
2021-12-01,2021-12-01,2,2022-02-01,2250002.33291625,5535171.169661641,974374.5533589215,ilheus-IPTU,ilheus,IPTU
2021-12-01,2021-12-01,3,2022-03-01,4925305.417483921,3959208.7737837834,974374.5533589215,ilheus-IPTU,ilheus,IPTU
2021-12-01,2021-12-01,4,2022-04-01,8219106.086628274,4118463.0399433114,974374.5533589215,ilheus-IPTU,ilheus,IPTU
2021-12-01,2021-12-01,5,2022-05-01,2431580.1184551804,2687191.8170530177,974374.5533589215,ilheus-IPTU,ilheus,IPTU
2021-12-01,2021-12-01,6,2022-06-01,2631240.8458854207,1892815.1282973827,974374.5533589215,ilheus-IPTU,ilheus,IPTU
2021-12-01,2021-12-01,7,2022-07-01,1925861.261515704,1715250.1667773854,974374.5533589215,ilheus-IPTU,ilheus,IPTU
2021-12-01,2021-12-01,8,2022-08-01,2006116.8972595204,1955204.6438656012,974374.5533589215,ilheus-IPTU,ilheus,IPTU
2021-12-01,2021-12-01,9,2022-09-01,1876735.4807647243,1681735.3534143567,974374.5533589215,ilheus-IPTU,ilheus,IPTU
2021-12-01,2021-12-01,10,2022-10-01,2213546.4406881514,1637122.6494579213,974374.5533589215,ilheus-IPTU,ilheus,IPTU
2021-12-01,2021-12-01,11,2022-11-01,1586036.0844479885,1554421.0962841753,974374.5533589215,ilheus-IPTU,ilheus,IPTU
2021-12-01,2021-12-01,12,2022-12-01,1694091.5193373812,1619164.2529886528,974374.5533589215,ilheus-IPTU,ilheus,IPTU
2022-01-01,2022-01-01,1,2022-02-01,2250002.33291625,5397672.521485421,968526.9297449152,ilheus-IPTU,ilheus,IPTU
2022-01-01,2022-01-01,2,2022-03-01,4925305.417483921,4131395.0543461815,968526.9297449152,ilheus-IPTU,ilheus,IPTU
2022-01-01,2022-01-01,3,2022-04-01,8219106.086628274,4122147.885166752,968526.9297449152,ilheus-IPTU,ilheus,IPTU
2022-01-01,2022-01-01,4,2022-05-01,2431580.1184551804,2808291.6339897793,968526.9297449152,ilheus-IPTU,ilheus,IPTU
2022-01-01,2022-01-01,5,2022-06-01,2631240.8458854207,2139054.3379541915,968526.9297449152,ilheus-IPTU,ilheus,IPTU
2022-01-01,2022-01-01,6,2022-07-01,1925861.261515704,1997966.3317411542,968526.9297449152,ilheus-IPTU,ilheus,IPTU
2022-01-01,2022-01-01,7,2022-08-01,2006116.8972595204,2265865.0520347157,968526.9297449152,ilheus-IPTU,ilheus,IPTU
2022-01-01,2022-01-01,8,2022-09-01,1876735.4807647243,1904486.680879409,968526.9297449152,ilheus-IPTU,ilheus,IPTU
2022-01-01,2022-01-01,9,2022-10-01,2213546.4406881514,1935646.2008701009,968526.9297449152,ilheus-IPTU,ilheus,IPTU
2022-01-01,2022-01-01,10,2022-11-01,1586036.0844479885,1847288.5151028717,968526.9297449152,ilheus-IPTU,ilheus,IPTU
2022-01-01,2022-01-01,11,2022-12-01,1694091.5193373812,1937689.6051710434,968526.9297449152,ilheus-IPTU,ilheus,IPTU
2022-01-01,2022-01-01,12,2023-01-01,1843283.8297266124,2061223.83324443,968526.9297449152,ilheus-IPTU,ilheus,IPTU
2022-02-01,2022-02-01,1,2022-03-01,4925305.417483921,4021365.4654552964,969619.387321641,ilheus-IPTU,ilheus,IPTU
2022-02-01,2022-02-01,2,2022-04-01,8219106.086628274,3971253.2382963086,969619.387321641,ilheus-IPTU,ilheus,IPTU
2022-02-01,2022-02-01,3,2022-05-01,2431580.1184551804,2921660.2951355153,969619.387321641,ilheus-IPTU,ilheus,IPTU
2022-02-01,2022-02-01,4,2022-06-01,2631240.8458854207,2059419.9270471272,969619.387321641,ilheus-IPTU,ilheus,IPTU
2022-02-01,2022-02-01,5,2022-07-01,1925861.261515704,1918340.423665691,969619.387321641,ilheus-IPTU,ilheus,IPTU
2022-02-01,2022-02-01,6,2022-08-01,2006116.8972595204,2221988.1452028574,969619.387321641,ilheus-IPTU,ilheus,IPTU
2022-02-01,2022-02-01,7,2022-09-01,1876735.4807647243,1763445.2202073422,969619.387321641,ilheus-IPTU,ilheus,IPTU
2022-02-01,2022-02-01,8,2022-10-01,2213546.4406881514,1813152.251650736,969619.387321641,ilheus-IPTU,ilheus,IPTU
2022-02-01,2022-02-01,9,2022-11-01,1586036.0844479885,1717090.1004161804,969619.387321641,ilheus-IPTU,ilheus,IPTU
2022-02-01,2022-02-01,10,2022-12-01,1694091.5193373812,1803664.3488924392,969619.387321641,ilheus-IPTU,ilheus,IPTU
2022-02-01,2022-02-01,11,2023-01-01,1843283.8297266124,1904452.6875020687,969619.387321641,ilheus-IPTU,ilheus,IPTU
2022-02-01,2022-02-01,12,2023-02-01,2815202.2643191377,5027870.060295266,969619.387321641,ilheus-IPTU,ilheus,IPTU
2022-03-01,2022-03-01,1,2022-04-01,8219106.086628274,4094716.6796085695,965058.506604292,ilheus-IPTU,ilheus,IPTU
2022-03-01,2022-03-01,2,2022-05-01,2431580.1184551804,2749169.883119908,965058.506604292,ilheus-IPTU,ilheus,IPTU
2022-03-01,2022-03-01,3,2022-06-01,2631240.8458854207,2098545.0540551962,965058.506604292,ilheus-IPTU,ilheus,IPTU
2022-03-01,2022-03-01,4,2022-07-01,1925861.261515704,1941394.4643858839,965058.506604292,ilheus-IPTU,ilheus,IPTU
2022-03-01,2022-03-01,5,2022-08-01,2006116.8972595204,2252781.2336102496,965058.506604292,ilheus-IPTU,ilheus,IPTU
2022-03-01,2022-03-01,6,2022-09-01,1876735.4807647243,1810388.861509933,965058.506604292,ilheus-IPTU,ilheus,IPTU
2022-03-01,2022-03-01,7,2022-10-01,2213546.4406881514,1848414.6576877236,965058.506604292,ilheus-IPTU,ilheus,IPTU
2022-03-01,2022-03-01,8,2022-11-01,1586036.0844479885,1745908.946613723,965058.506604292,ilheus-IPTU,ilheus,IPTU
2022-03-01,2022-03-01,9,2022-12-01,1694091.5193373812,1817006.264507697,965058.506604292,ilheus-IPTU,ilheus,IPTU
2022-03-01,2022-03-01,10,2023-01-01,1843283.8297266124,1933173.5750320037,965058.506604292,ilheus-IPTU,ilheus,IPTU
2022-03-01,2022-03-01,11,2023-02-01,2815202.2643191377,5205820.659052322,965058.506604292,ilheus-IPTU,ilheus,IPTU
2022-03-01,2022-03-01,12,2023-03-01,6457345.5598513875,4151329.144285199,965058.506604292,ilheus-IPTU,ilheus,IPTU
2022-04-01,2022-04-01,1,2022-05-01,2431580.1184551804,2825675.219853274,976429.8927552714,ilheus-IPTU,ilheus,IPTU
2022-04-01,2022-04-01,2,2022-06-01,2631240.8458854207,2093447.9175194951,976429.8927552714,ilheus-IPTU,ilheus,IPTU
2022-04-01,2022-04-01,3,2022-07-01,1925861.261515704,1990520.2111694142,976429.8927552714,ilheus-IPTU,ilheus,IPTU
2022-04-01,2022-04-01,4,2022-08-01,2006116.8972595204,2296625.2141268044,976429.8927552714,ilheus-IPTU,ilheus,IPTU
2022-04-01,2022-04-01,5,2022-09-01,1876735.4807647243,1935897.659440493,976429.8927552714,ilheus-IPTU,ilheus,IPTU
2022-04-01,2022-04-01,6,2022-10-01,2213546.4406881514,1967595.6586396634,976429.8927552714,ilheus-IPTU,ilheus,IPTU
2022-04-01,2022-04-01,7,2022-11-01,1586036.0844479885,1902455.8284579418,976429.8927552714,ilheus-IPTU,ilheus,IPTU
2022-04-01,2022-04-01,8,2022-12-01,1694091.5193373812,1993976.868175014,976429.8927552714,ilheus-IPTU,ilheus,IPTU
2022-04-01,2022-04-01,9,2023-01-01,1843283.8297266124,2126667.375787657,976429.8927552714,ilheus-IPTU,ilheus,IPTU
2022-04-01,2022-04-01,10,2023-02-01,2815202.2643191377,5322256.741552185,976429.8927552714,ilheus-IPTU,ilheus,IPTU
2022-04-01,2022-04-01,11,2023-03-01,6457345.5598513875,4344621.95511861,976429.8927552714,ilheus-IPTU,ilheus,IPTU
2022-04-01,2022-04-01,12,2023-04-01,7796975.713490462,4790982.437040843,976429.8927552714,ilheus-IPTU,ilheus,IPTU
2022-05-01,2022-05-01,1,2022-06-01,2631240.8458854207,2117205.50208251,967204.6483336816,ilheus-IPTU,ilheus,IPTU
2022-05-01,2022-05-01,2,2022-07-01,1925861.261515704,2005662.0551411847,967204.6483336816,ilheus-IPTU,ilheus,IPTU
2022-05-01,2022-05-01,3,2022-08-01,2006116.8972595204,2319375.7909146086,967204.6483336816,ilheus-IPTU,ilheus,IPTU
2022-05-01,2022-05-01,4,2022-09-01,1876735.4807647243,1906168.1328100401,967204.6483336816,ilheus-IPTU,ilheus,IPTU
2022-05-01,2022-05-01,5,2022-10-01,2213546.4406881514,1961870.4370406074,967204.6483336816,ilheus-IPTU,ilheus,IPTU
2022-05-01,2022-05-01,6,2022-11-01,1586036.0844479885,1881174.0904394716,967204.6483336816,ilheus-IPTU,ilheus,IPTU
2022-05-01,2022-05-01,7,2022-12-01,1694091.5193373812,1981882.385386399,967204.6483336816,ilheus-IPTU,ilheus,IPTU
2022-05-01,2022-05-01,8,2023-01-01,1843283.8297266124,2119506.886152301,967204.6483336816,ilheus-IPTU,ilheus,IPTU
2022-05-01,2022-05-01,9,2023-02-01,2815202.2643191377,5327201.442535683,967204.6483336816,ilheus-IPTU,ilheus,IPTU
2022-05-01,2022-05-01,10,2023-03-01,6457345.5598513875,4295551.653306977,967204.6483336816,ilheus-IPTU,ilheus,IPTU
2022-05-01,2022-05-01,11,2023-04-01,7796975.713490462,4703287.737010015,967204.6483336816,ilheus-IPTU,ilheus,IPTU
2022-05-01,2022-05-01,12,2023-05-01,3071104.1275374345,3056708.2365525453,967204.6483336816,ilheus-IPTU,ilheus,IPTU
2022-06-01,2022-06-01,1,2022-07-01,1925861.261515704,1997537.6058479403,958546.9696713942,ilheus-IPTU,ilheus,IPTU
2022-06-01,2022-06-01,2,2022-08-01,2006116.8972595204,2290128.704220659,958546.9696713942,ilheus-IPTU,ilheus,IPTU
2022-06-01,2022-06-01,3,2022-09-01,1876735.4807647243,1940864.7113111734,958546.9696713942,ilheus-IPTU,ilheus,IPTU
2022-06-01,2022-06-01,4,2022-10-01,2213546.4406881514,1971917.5365566248,958546.9696713942,ilheus-IPTU,ilheus,IPTU
2022-06-01,2022-06-01,5,2022-11-01,1586036.0844479885,1905387.499974583,958546.9696713942,ilheus-IPTU,ilheus,IPTU
2022-06-01,2022-06-01,6,2022-12-01,1694091.5193373812,1973658.3415097697,958546.9696713942,ilheus-IPTU,ilheus,IPTU
2022-06-01,2022-06-01,7,2023-01-01,1843283.8297266124,2112024.970453193,958546.9696713942,ilheus-IPTU,ilheus,IPTU
2022-06-01,2022-06-01,8,2023-02-01,2815202.2643191377,5263700.493094511,958546.9696713942,ilheus-IPTU,ilheus,IPTU
2022-06-01,2022-06-01,9,2023-03-01,6457345.5598513875,4276144.8637147015,958546.9696713942,ilheus-IPTU,ilheus,IPTU
2022-06-01,2022-06-01,10,2023-04-01,7796975.713490462,4722321.171504909,958546.9696713942,ilheus-IPTU,ilheus,IPTU
2022-06-01,2022-06-01,11,2023-05-01,3071104.1275374345,3109682.5528297215,958546.9696713942,ilheus-IPTU,ilheus,IPTU
2022-06-01,2022-06-01,12,2023-06-01,1730961.630794251,2397594.9511242793,958546.9696713942,ilheus-IPTU,ilheus,IPTU
2022-07-01,2022-07-01,1,2022-08-01,2006116.8972595204,2183565.3160427646,950796.6279502137,ilheus-IPTU,ilheus,IPTU
2022-07-01,2022-07-01,2,2022-09-01,1876735.4807647243,1844875.0343144236,950796.6279502137,ilheus-IPTU,ilheus,IPTU
2022-07-01,2022-07-01,3,2022-10-01,2213546.4406881514,1854038.3965063533,950796.6279502137,ilheus-IPTU,ilheus,IPTU
2022-07-01,2022-07-01,4,2022-11-01,1586036.0844479885,1782619.8395336894,950796.6279502137,ilheus-IPTU,ilheus,IPTU
2022-07-01,2022-07-01,5,2022-12-01,1694091.5193373812,1852908.3277804584,950796.6279502137,ilheus-IPTU,ilheus,IPTU
2022-07-01,2022-07-01,6,2023-01-01,1843283.8297266124,2006592.9769810492,950796.6279502137,ilheus-IPTU,ilheus,IPTU
2022-07-01,2022-07-01,7,2023-02-01,2815202.2643191377,5049170.83093638,950796.6279502137,ilheus-IPTU,ilheus,IPTU
2022-07-01,2022-07-01,8,2023-03-01,6457345.5598513875,4139894.5197288934,950796.6279502137,ilheus-IPTU,ilheus,IPTU
2022-07-01,2022-07-01,9,2023-04-01,7796975.713490462,4600196.290469286,950796.6279502137,ilheus-IPTU,ilheus,IPTU
2022-07-01,2022-07-01,10,2023-05-01,3071104.1275374345,2943879.9665782447,950796.6279502137,ilheus-IPTU,ilheus,IPTU
2022-07-01,2022-07-01,11,2023-06-01,1730961.630794251,2278569.7208891627,950796.6279502137,ilheus-IPTU,ilheus,IPTU
2022-07-01,2022-07-01,12,2023-07-01,1301640.6279949658,2079366.7945165196,950796.6279502137,ilheus-IPTU,ilheus,IPTU
2022-08-01,2022-08-01,1,2022-09-01,1876735.4807647243,1889823.295503575,941498.9642506375,ilheus-IPTU,ilheus,IPTU
2022-08-01,2022-08-01,2,2022-10-01,2213546.4406881514,1935070.3406094708,941498.9642506375,ilheus-IPTU,ilheus,IPTU
2022-08-01,2022-08-01,3,2022-11-01,1586036.0844479885,1885276.485037248,941498.9642506375,ilheus-IPTU,ilheus,IPTU
2022-08-01,2022-08-01,4,2022-12-01,1694091.5193373812,1937403.6803896062,941498.9642506375,ilheus-IPTU,ilheus,IPTU
2022-08-01,2022-08-01,5,2023-01-01,1843283.8297266124,2101101.02012692,941498.9642506375,ilheus-IPTU,ilheus,IPTU
2022-08-01,2022-08-01,6,2023-02-01,2815202.2643191377,5228417.418766585,941498.9642506375,ilheus-IPTU,ilheus,IPTU
2022-08-01,2022-08-01,7,2023-03-01,6457345.5598513875,4340403.314786306,941498.9642506375,ilheus-IPTU,ilheus,IPTU
2022-08-01,2022-08-01,8,2023-04-01,7796975.713490462,4778392.740782316,941498.9642506375,ilheus-IPTU,ilheus,IPTU
2022-08-01,2022-08-01,9,2023-05-01,3071104.1275374345,3181554.252005425,941498.9642506375,ilheus-IPTU,ilheus,IPTU
2022-08-01,2022-08-01,10,2023-06-01,1730961.630794251,2348572.551946145,941498.9642506375,ilheus-IPTU,ilheus,IPTU
2022-08-01,2022-08-01,11,2023-07-01,1301640.6279949658,2177540.391889035,941498.9642506375,ilheus-IPTU,ilheus,IPTU
2022-08-01,2022-08-01,12,2023-08-01,2424253.599531383,2439314.0714390986,941498.9642506375,ilheus-IPTU,ilheus,IPTU
2022-09-01,2022-09-01,1,2022-10-01,2213546.4406881514,1977901.169665095,939090.5135260785,ilheus-IPTU,ilheus,IPTU
2022-09-01,2022-09-01,2,2022-11-01,1586036.0844479885,1893890.0900349459,939090.5135260785,ilheus-IPTU,ilheus,IPTU
2022-09-01,2022-09-01,3,2022-12-01,1694091.5193373812,1980057.6341930241,939090.5135260785,ilheus-IPTU,ilheus,IPTU
2022-09-01,2022-09-01,4,2023-01-01,1843283.8297266124,2120497.551877129,939090.5135260785,ilheus-IPTU,ilheus,IPTU
2022-09-01,2022-09-01,5,2023-02-01,2815202.2643191377,5313091.410543956,939090.5135260785,ilheus-IPTU,ilheus,IPTU
2022-09-01,2022-09-01,6,2023-03-01,6457345.5598513875,4341720.257070217,939090.5135260785,ilheus-IPTU,ilheus,IPTU
2022-09-01,2022-09-01,7,2023-04-01,7796975.713490462,4726856.581141243,939090.5135260785,ilheus-IPTU,ilheus,IPTU
2022-09-01,2022-09-01,8,2023-05-01,3071104.1275374345,3200507.2528470987,939090.5135260785,ilheus-IPTU,ilheus,IPTU
2022-09-01,2022-09-01,9,2023-06-01,1730961.630794251,2370143.0954772895,939090.5135260785,ilheus-IPTU,ilheus,IPTU
2022-09-01,2022-09-01,10,2023-07-01,1301640.6279949658,2218377.445813792,939090.5135260785,ilheus-IPTU,ilheus,IPTU
2022-09-01,2022-09-01,11,2023-08-01,2424253.599531383,2509270.768894233,939090.5135260785,ilheus-IPTU,ilheus,IPTU
2022-09-01,2022-09-01,12,2023-09-01,2013764.6094781046,2135483.7094740905,939090.5135260785,ilheus-IPTU,ilheus,IPTU
2022-10-01,2022-10-01,1,2022-11-01,1586036.0844479885,1905271.8465622663,939121.5823555954,ilheus-IPTU,ilheus,IPTU
2022-10-01,2022-10-01,2,2022-12-01,1694091.5193373812,1980192.3095999476,939121.5823555954,ilheus-IPTU,ilheus,IPTU
2022-10-01,2022-10-01,3,2023-01-01,1843283.8297266124,2100807.524014287,939121.5823555954,ilheus-IPTU,ilheus,IPTU
2022-10-01,2022-10-01,4,2023-02-01,2815202.2643191377,5298855.479253296,939121.5823555954,ilheus-IPTU,ilheus,IPTU
2022-10-01,2022-10-01,5,2023-03-01,6457345.5598513875,4257087.801685192,939121.5823555954,ilheus-IPTU,ilheus,IPTU
2022-10-01,2022-10-01,6,2023-04-01,7796975.713490462,4592666.846670358,939121.5823555954,ilheus-IPTU,ilheus,IPTU
2022-10-01,2022-10-01,7,2023-05-01,3071104.1275374345,3046684.4535034285,939121.5823555954,ilheus-IPTU,ilheus,IPTU
2022-10-01,2022-10-01,8,2023-06-01,1730961.630794251,2370452.5513161295,939121.5823555954,ilheus-IPTU,ilheus,IPTU
2022-10-01,2022-10-01,9,2023-07-01,1301640.6279949658,2195325.614152286,939121.5823555954,ilheus-IPTU,ilheus,IPTU
2022-10-01,2022-10-01,10,2023-08-01,2424253.599531383,2506651.6711643096,939121.5823555954,ilheus-IPTU,ilheus,IPTU
2022-10-01,2022-10-01,11,2023-09-01,2013764.6094781046,2132640.4639163367,939121.5823555954,ilheus-IPTU,ilheus,IPTU
2022-10-01,2022-10-01,12,2023-10-01,1586701.2293386583,2191997.0752101126,939121.5823555954,ilheus-IPTU,ilheus,IPTU
2022-11-01,2022-11-01,1,2022-12-01,1694091.5193373812,1631528.3041951195,935174.4875703775,ilheus-IPTU,ilheus,IPTU
2022-11-01,2022-11-01,2,2023-01-01,1843283.8297266124,1780088.3667257088,935174.4875703775,ilheus-IPTU,ilheus,IPTU
2022-11-01,2022-11-01,3,2023-02-01,2815202.2643191377,5354719.281181712,935174.4875703775,ilheus-IPTU,ilheus,IPTU
2022-11-01,2022-11-01,4,2023-03-01,6457345.5598513875,4062004.353803189,935174.4875703775,ilheus-IPTU,ilheus,IPTU
2022-11-01,2022-11-01,5,2023-04-01,7796975.713490462,4936417.700744959,935174.4875703775,ilheus-IPTU,ilheus,IPTU
2022-11-01,2022-11-01,6,2023-05-01,3071104.1275374345,2609411.582488932,935174.4875703775,ilheus-IPTU,ilheus,IPTU
2022-11-01,2022-11-01,7,2023-06-01,1730961.630794251,2038191.4746815676,935174.4875703775,ilheus-IPTU,ilheus,IPTU
2022-11-01,2022-11-01,8,2023-07-01,1301640.6279949658,1770407.6920484675,935174.4875703775,ilheus-IPTU,ilheus,IPTU
2022-11-01,2022-11-01,9,2023-08-01,2424253.599531383,1989088.5539167942,935174.4875703775,ilheus-IPTU,ilheus,IPTU
2022-11-01,2022-11-01,10,2023-09-01,2013764.6094781046,1758218.8275192464,935174.4875703775,ilheus-IPTU,ilheus,IPTU
2022-11-01,2022-11-01,11,2023-10-01,1586701.2293386583,1701940.6914877603,935174.4875703775,ilheus-IPTU,ilheus,IPTU
2022-11-01,2022-11-01,12,2023-11-01,1229128.6609010594,1581613.5841559377,935174.4875703775,ilheus-IPTU,ilheus,IPTU
2022-12-01,2022-12-01,1,2023-01-01,1843283.8297266124,1771393.6952126627,931440.5188822601,ilheus-IPTU,ilheus,IPTU
2022-12-01,2022-12-01,2,2023-02-01,2815202.2643191377,5492724.039238977,931440.5188822601,ilheus-IPTU,ilheus,IPTU
2022-12-01,2022-12-01,3,2023-03-01,6457345.5598513875,4220979.722166856,931440.5188822601,ilheus-IPTU,ilheus,IPTU
2022-12-01,2022-12-01,4,2023-04-01,7796975.713490462,4999808.179219898,931440.5188822601,ilheus-IPTU,ilheus,IPTU
2022-12-01,2022-12-01,5,2023-05-01,3071104.1275374345,2640048.1332081766,931440.5188822601,ilheus-IPTU,ilheus,IPTU
2022-12-01,2022-12-01,6,2023-06-01,1730961.630794251,2030062.581199236,931440.5188822601,ilheus-IPTU,ilheus,IPTU
2022-12-01,2022-12-01,7,2023-07-01,1301640.6279949658,1764762.8065039592,931440.5188822601,ilheus-IPTU,ilheus,IPTU
2022-12-01,2022-12-01,8,2023-08-01,2424253.599531383,1978748.6597746424,931440.5188822601,ilheus-IPTU,ilheus,IPTU
2022-12-01,2022-12-01,9,2023-09-01,2013764.6094781046,1757895.1215585014,931440.5188822601,ilheus-IPTU,ilheus,IPTU
2022-12-01,2022-12-01,10,2023-10-01,1586701.2293386583,1721387.2167188446,931440.5188822601,ilheus-IPTU,ilheus,IPTU
2022-12-01,2022-12-01,11,2023-11-01,1229128.6609010594,1586038.3548979834,931440.5188822601,ilheus-IPTU,ilheus,IPTU
2022-12-01,2022-12-01,12,2023-12-01,1538686.7153930117,1675935.2351031923,931440.5188822601,ilheus-IPTU,ilheus,IPTU
2023-01-01,2023-01-01,1,2023-02-01,2815202.2643191377,6886914.642698501,926362.1809494332,ilheus-IPTU,ilheus,IPTU
2023-01-01,2023-01-01,2,2023-03-01,6457345.5598513875,4795104.113281931,926362.1809494332,ilheus-IPTU,ilheus,IPTU
2023-01-01,2023-01-01,3,2023-04-01,7796975.713490462,5537359.940656656,926362.1809494332,ilheus-IPTU,ilheus,IPTU
2023-01-01,2023-01-01,4,2023-05-01,3071104.1275374345,3816571.9363329937,926362.1809494332,ilheus-IPTU,ilheus,IPTU
2023-01-01,2023-01-01,5,2023-06-01,1730961.630794251,2036807.921994892,926362.1809494332,ilheus-IPTU,ilheus,IPTU
2023-01-01,2023-01-01,6,2023-07-01,1301640.6279949658,1816230.7840514071,926362.1809494332,ilheus-IPTU,ilheus,IPTU
2023-01-01,2023-01-01,7,2023-08-01,2424253.599531383,2184009.4206183804,926362.1809494332,ilheus-IPTU,ilheus,IPTU
2023-01-01,2023-01-01,8,2023-09-01,2013764.6094781046,1839536.524367243,926362.1809494332,ilheus-IPTU,ilheus,IPTU
2023-01-01,2023-01-01,9,2023-10-01,1586701.2293386583,1837369.5253182042,926362.1809494332,ilheus-IPTU,ilheus,IPTU
2023-01-01,2023-01-01,10,2023-11-01,1229128.6609010594,1588232.71713344,926362.1809494332,ilheus-IPTU,ilheus,IPTU
2023-01-01,2023-01-01,11,2023-12-01,1538686.7153930117,1595061.0867552077,926362.1809494332,ilheus-IPTU,ilheus,IPTU
2023-01-01,2023-01-01,12,2024-01-01,2421833.300556963,1917494.8437013244,926362.1809494332,ilheus-IPTU,ilheus,IPTU
2023-02-01,2023-02-01,1,2023-03-01,6457345.5598513875,4168593.393680918,922162.6199081944,ilheus-IPTU,ilheus,IPTU
2023-02-01,2023-02-01,2,2023-04-01,7796975.713490462,4874698.323903414,922162.6199081944,ilheus-IPTU,ilheus,IPTU
2023-02-01,2023-02-01,3,2023-05-01,3071104.1275374345,2596274.95798503,922162.6199081944,ilheus-IPTU,ilheus,IPTU
2023-02-01,2023-02-01,4,2023-06-01,1730961.630794251,1989659.3895174114,922162.6199081944,ilheus-IPTU,ilheus,IPTU
2023-02-01,2023-02-01,5,2023-07-01,1301640.6279949658,1734096.372328801,922162.6199081944,ilheus-IPTU,ilheus,IPTU
2023-02-01,2023-02-01,6,2023-08-01,2424253.599531383,1999220.5891687844,922162.6199081944,ilheus-IPTU,ilheus,IPTU
2023-02-01,2023-02-01,7,2023-09-01,2013764.6094781046,1711969.955905715,922162.6199081944,ilheus-IPTU,ilheus,IPTU
2023-02-01,2023-02-01,8,2023-10-01,1586701.2293386583,1669302.9624638935,922162.6199081944,ilheus-IPTU,ilheus,IPTU
2023-02-01,2023-02-01,9,2023-11-01,1229128.6609010594,1556429.2595797505,922162.6199081944,ilheus-IPTU,ilheus,IPTU
2023-02-01,2023-02-01,10,2023-12-01,1538686.7153930117,1624647.4608411223,922162.6199081944,ilheus-IPTU,ilheus,IPTU
2023-02-01,2023-02-01,11,2024-01-01,2421833.300556963,1774947.4979658672,922162.6199081944,ilheus-IPTU,ilheus,IPTU
2023-02-01,2023-02-01,12,2024-02-01,2645795.772083337,5377864.491722921,922162.6199081944,ilheus-IPTU,ilheus,IPTU
2023-03-01,2023-03-01,1,2023-04-01,7796975.713490462,5100287.444224607,929172.7063732435,ilheus-IPTU,ilheus,IPTU
2023-03-01,2023-03-01,2,2023-05-01,3071104.1275374345,2647449.703451795,929172.7063732435,ilheus-IPTU,ilheus,IPTU
2023-03-01,2023-03-01,3,2023-06-01,1730961.630794251,1991513.2700563257,929172.7063732435,ilheus-IPTU,ilheus,IPTU
2023-03-01,2023-03-01,4,2023-07-01,1301640.6279949658,1746807.9541747556,929172.7063732435,ilheus-IPTU,ilheus,IPTU
2023-03-01,2023-03-01,5,2023-08-01,2424253.599531383,2023613.2052441633,929172.7063732435,ilheus-IPTU,ilheus,IPTU
2023-03-01,2023-03-01,6,2023-09-01,2013764.6094781046,1718252.3837530836,929172.7063732435,ilheus-IPTU,ilheus,IPTU
2023-03-01,2023-03-01,7,2023-10-01,1586701.2293386583,1711157.626778387,929172.7063732435,ilheus-IPTU,ilheus,IPTU
2023-03-01,2023-03-01,8,2023-11-01,1229128.6609010594,1597997.2501559916,929172.7063732435,ilheus-IPTU,ilheus,IPTU
2023-03-01,2023-03-01,9,2023-12-01,1538686.7153930117,1642933.834160306,929172.7063732435,ilheus-IPTU,ilheus,IPTU
2023-03-01,2023-03-01,10,2024-01-01,2421833.300556963,1816596.5080207698,929172.7063732435,ilheus-IPTU,ilheus,IPTU
2023-03-01,2023-03-01,11,2024-02-01,2645795.772083337,5323119.026113336,929172.7063732435,ilheus-IPTU,ilheus,IPTU
2023-03-01,2023-03-01,12,2024-03-01,5197363.375781737,4422371.460081939,929172.7063732435,ilheus-IPTU,ilheus,IPTU
2023-04-01,2023-04-01,1,2023-05-01,3071104.1275374345,2669347.964914709,923410.8616773863,ilheus-IPTU,ilheus,IPTU
2023-04-01,2023-04-01,2,2023-06-01,1730961.630794251,2015991.7007824,923410.8616773863,ilheus-IPTU,ilheus,IPTU
2023-04-01,2023-04-01,3,2023-07-01,1301640.6279949658,1747440.3271222892,923410.8616773863,ilheus-IPTU,ilheus,IPTU
2023-04-01,2023-04-01,4,2023-08-01,2424253.599531383,2001004.3773094637,923410.8616773863,ilheus-IPTU,ilheus,IPTU
2023-04-01,2023-04-01,5,2023-09-01,2013764.6094781046,1725702.4541554137,923410.8616773863,ilheus-IPTU,ilheus,IPTU
2023-04-01,2023-04-01,6,2023-10-01,1586701.2293386583,1703487.7472893763,923410.8616773863,ilheus-IPTU,ilheus,IPTU
2023-04-01,2023-04-01,7,2023-11-01,1229128.6609010594,1582275.5785326238,923410.8616773863,ilheus-IPTU,ilheus,IPTU
2023-04-01,2023-04-01,8,2023-12-01,1538686.7153930117,1655566.17136922,923410.8616773863,ilheus-IPTU,ilheus,IPTU
2023-04-01,2023-04-01,9,2024-01-01,2421833.300556963,1795800.2675894573,923410.8616773863,ilheus-IPTU,ilheus,IPTU
2023-04-01,2023-04-01,10,2024-02-01,2645795.772083337,5359457.0700836405,923410.8616773863,ilheus-IPTU,ilheus,IPTU
2023-04-01,2023-04-01,11,2024-03-01,5197363.375781737,4466671.03249048,923410.8616773863,ilheus-IPTU,ilheus,IPTU
2023-04-01,2023-04-01,12,2024-04-01,8479100.268538596,5366896.71464088,923410.8616773863,ilheus-IPTU,ilheus,IPTU
2023-05-01,2023-05-01,1,2023-06-01,1730961.630794251,2034042.943781599,920221.1217605872,ilheus-IPTU,ilheus,IPTU
2023-05-01,2023-05-01,2,2023-07-01,1301640.6279949658,1773924.0096469554,920221.1217605872,ilheus-IPTU,ilheus,IPTU
2023-05-01,2023-05-01,3,2023-08-01,2424253.599531383,1996690.2727283402,920221.1217605872,ilheus-IPTU,ilheus,IPTU
2023-05-01,2023-05-01,4,2023-09-01,2013764.6094781046,1727398.6079464145,920221.1217605872,ilheus-IPTU,ilheus,IPTU
2023-05-01,2023-05-01,5,2023-10-01,1586701.2293386583,1710184.2423652774,920221.1217605872,ilheus-IPTU,ilheus,IPTU
2023-05-01,2023-05-01,6,2023-11-01,1229128.6609010594,1610912.5703042205,920221.1217605872,ilheus-IPTU,ilheus,IPTU
2023-05-01,2023-05-01,7,2023-12-01,1538686.7153930117,1678673.5858497268,920221.1217605872,ilheus-IPTU,ilheus,IPTU
2023-05-01,2023-05-01,8,2024-01-01,2421833.300556963,1811233.069944188,920221.1217605872,ilheus-IPTU,ilheus,IPTU
2023-05-01,2023-05-01,9,2024-02-01,2645795.772083337,5387162.197809376,920221.1217605872,ilheus-IPTU,ilheus,IPTU
2023-05-01,2023-05-01,10,2024-03-01,5197363.375781737,4516661.0540208835,920221.1217605872,ilheus-IPTU,ilheus,IPTU
2023-05-01,2023-05-01,11,2024-04-01,8479100.268538596,5423521.149072731,920221.1217605872,ilheus-IPTU,ilheus,IPTU
2023-05-01,2023-05-01,12,2024-05-01,3547912.302911079,2737333.6706996365,920221.1217605872,ilheus-IPTU,ilheus,IPTU
2023-06-01,2023-06-01,1,2023-07-01,1301640.6279949658,1723675.8973528743,919999.5450198159,ilheus-IPTU,ilheus,IPTU
2023-06-01,2023-06-01,2,2023-08-01,2424253.599531383,2040476.2118387772,919999.5450198159,ilheus-IPTU,ilheus,IPTU
2023-06-01,2023-06-01,3,2023-09-01,2013764.6094781046,1709710.2918900987,919999.5450198159,ilheus-IPTU,ilheus,IPTU
2023-06-01,2023-06-01,4,2023-10-01,1586701.2293386583,1692199.8108735315,919999.5450198159,ilheus-IPTU,ilheus,IPTU
2023-06-01,2023-06-01,5,2023-11-01,1229128.6609010594,1565388.4310188796,919999.5450198159,ilheus-IPTU,ilheus,IPTU
2023-06-01,2023-06-01,6,2023-12-01,1538686.7153930117,1646212.0486372458,919999.5450198159,ilheus-IPTU,ilheus,IPTU
2023-06-01,2023-06-01,7,2024-01-01,2421833.300556963,1758303.85239333,919999.5450198159,ilheus-IPTU,ilheus,IPTU
2023-06-01,2023-06-01,8,2024-02-01,2645795.772083337,5235015.188922206,919999.5450198159,ilheus-IPTU,ilheus,IPTU
2023-06-01,2023-06-01,9,2024-03-01,5197363.375781737,4361167.294092547,919999.5450198159,ilheus-IPTU,ilheus,IPTU
2023-06-01,2023-06-01,10,2024-04-01,8479100.268538596,5261179.324526643,919999.5450198159,ilheus-IPTU,ilheus,IPTU
2023-06-01,2023-06-01,11,2024-05-01,3547912.302911079,2676865.160782331,919999.5450198159,ilheus-IPTU,ilheus,IPTU
2023-06-01,2023-06-01,12,2024-06-01,1346108.831895152,2036093.395118471,919999.5450198159,ilheus-IPTU,ilheus,IPTU
2023-07-01,2023-07-01,1,2023-08-01,2424253.599531383,1963133.6652464676,916749.2273110348,ilheus-IPTU,ilheus,IPTU
2023-07-01,2023-07-01,2,2023-09-01,2013764.6094781046,1712058.5583953315,916749.2273110348,ilheus-IPTU,ilheus,IPTU
2023-07-01,2023-07-01,3,2023-10-01,1586701.2293386583,1686167.1135121793,916749.2273110348,ilheus-IPTU,ilheus,IPTU
2023-07-01,2023-07-01,4,2023-11-01,1229128.6609010594,1565446.8483187372,916749.2273110348,ilheus-IPTU,ilheus,IPTU
2023-07-01,2023-07-01,5,2023-12-01,1538686.7153930117,1634515.3241730737,916749.2273110348,ilheus-IPTU,ilheus,IPTU
2023-07-01,2023-07-01,6,2024-01-01,2421833.300556963,1769423.6080228616,916749.2273110348,ilheus-IPTU,ilheus,IPTU
2023-07-01,2023-07-01,7,2024-02-01,2645795.772083337,5271454.703756958,916749.2273110348,ilheus-IPTU,ilheus,IPTU
2023-07-01,2023-07-01,8,2024-03-01,5197363.375781737,4416337.958062789,916749.2273110348,ilheus-IPTU,ilheus,IPTU
2023-07-01,2023-07-01,9,2024-04-01,8479100.268538596,5307446.975145193,916749.2273110348,ilheus-IPTU,ilheus,IPTU
2023-07-01,2023-07-01,10,2024-05-01,3547912.302911079,2682429.482143433,916749.2273110348,ilheus-IPTU,ilheus,IPTU
2023-07-01,2023-07-01,11,2024-06-01,1346108.831895152,2006795.5140466169,916749.2273110348,ilheus-IPTU,ilheus,IPTU
2023-07-01,2023-07-01,12,2024-07-01,1525676.4134805854,1739648.6064091693,916749.2273110348,ilheus-IPTU,ilheus,IPTU
2023-08-01,2023-08-01,1,2023-09-01,2013764.6094781046,1732930.8095986303,911329.5259519133,ilheus-IPTU,ilheus,IPTU
2023-08-01,2023-08-01,2,2023-10-01,1586701.2293386583,1680334.3138911414,911329.5259519133,ilheus-IPTU,ilheus,IPTU
2023-08-01,2023-08-01,3,2023-11-01,1229128.6609010594,1576358.4398638252,911329.5259519133,ilheus-IPTU,ilheus,IPTU
2023-08-01,2023-08-01,4,2023-12-01,1538686.7153930117,1645645.7004485521,911329.5259519133,ilheus-IPTU,ilheus,IPTU
2023-08-01,2023-08-01,5,2024-01-01,2421833.300556963,1777976.716462975,911329.5259519133,ilheus-IPTU,ilheus,IPTU
2023-08-01,2023-08-01,6,2024-02-01,2645795.772083337,4986914.503425533,911329.5259519133,ilheus-IPTU,ilheus,IPTU
2023-08-01,2023-08-01,7,2024-03-01,5197363.375781737,4251188.438728914,911329.5259519133,ilheus-IPTU,ilheus,IPTU
2023-08-01,2023-08-01,8,2024-04-01,8479100.268538596,5104790.599267775,911329.5259519133,ilheus-IPTU,ilheus,IPTU
2023-08-01,2023-08-01,9,2024-05-01,3547912.302911079,2660111.6350935106,911329.5259519133,ilheus-IPTU,ilheus,IPTU
2023-08-01,2023-08-01,10,2024-06-01,1346108.831895152,2044138.6656195698,911329.5259519133,ilheus-IPTU,ilheus,IPTU
2023-08-01,2023-08-01,11,2024-07-01,1525676.4134805854,1742252.63153314,911329.5259519133,ilheus-IPTU,ilheus,IPTU
2023-08-01,2023-08-01,12,2024-08-01,1524774.8231291657,2064169.1514047943,911329.5259519133,ilheus-IPTU,ilheus,IPTU
2023-09-01,2023-09-01,1,2023-10-01,1586701.2293386583,1664482.1823346019,903003.7152289185,ilheus-IPTU,ilheus,IPTU
2023-09-01,2023-09-01,2,2023-11-01,1229128.6609010594,1551423.7444952687,903003.7152289185,ilheus-IPTU,ilheus,IPTU
2023-09-01,2023-09-01,3,2023-12-01,1538686.7153930117,1632334.8793547163,903003.7152289185,ilheus-IPTU,ilheus,IPTU
2023-09-01,2023-09-01,4,2024-01-01,2421833.300556963,1764103.981430112,903003.7152289185,ilheus-IPTU,ilheus,IPTU
2023-09-01,2023-09-01,5,2024-02-01,2645795.772083337,5222489.206288461,903003.7152289185,ilheus-IPTU,ilheus,IPTU
2023-09-01,2023-09-01,6,2024-03-01,5197363.375781737,4343046.284736665,903003.7152289185,ilheus-IPTU,ilheus,IPTU
2023-09-01,2023-09-01,7,2024-04-01,8479100.268538596,5305217.174910636,903003.7152289185,ilheus-IPTU,ilheus,IPTU
2023-09-01,2023-09-01,8,2024-05-01,3547912.302911079,2669637.922042483,903003.7152289185,ilheus-IPTU,ilheus,IPTU
2023-09-01,2023-09-01,9,2024-06-01,1346108.831895152,1986724.5780272903,903003.7152289185,ilheus-IPTU,ilheus,IPTU
2023-09-01,2023-09-01,10,2024-07-01,1525676.4134805854,1708958.3844241751,903003.7152289185,ilheus-IPTU,ilheus,IPTU
2023-09-01,2023-09-01,11,2024-08-01,1524774.8231291657,2072304.9921695748,903003.7152289185,ilheus-IPTU,ilheus,IPTU
2023-09-01,2023-09-01,12,2024-09-01,2251010.9817227167,1736565.7063795822,903003.7152289185,ilheus-IPTU,ilheus,IPTU
2023-10-01,2023-10-01,1,2023-11-01,1229128.6609010594,1570948.8422919998,900065.8588046691,ilheus-IPTU,ilheus,IPTU
2023-10-01,2023-10-01,2,2023-12-01,1538686.7153930117,1636902.5668892988,900065.8588046691,ilheus-IPTU,ilheus,IPTU
2023-10-01,2023-10-01,3,2024-01-01,2421833.300556963,1793705.1938623446,900065.8588046691,ilheus-IPTU,ilheus,IPTU
2023-10-01,2023-10-01,4,2024-02-01,2645795.772083337,5380287.628602421,900065.8588046691,ilheus-IPTU,ilheus,IPTU
2023-10-01,2023-10-01,5,2024-03-01,5197363.375781737,4491181.122998375,900065.8588046691,ilheus-IPTU,ilheus,IPTU
2023-10-01,2023-10-01,6,2024-04-01,8479100.268538596,5444006.102910675,900065.8588046691,ilheus-IPTU,ilheus,IPTU
2023-10-01,2023-10-01,7,2024-05-01,3547912.302911079,2686063.614057733,900065.8588046691,ilheus-IPTU,ilheus,IPTU
2023-10-01,2023-10-01,8,2024-06-01,1346108.831895152,2003904.7841609837,900065.8588046691,ilheus-IPTU,ilheus,IPTU
2023-10-01,2023-10-01,9,2024-07-01,1525676.4134805854,1754040.0905866511,900065.8588046691,ilheus-IPTU,ilheus,IPTU
2023-10-01,2023-10-01,10,2024-08-01,1524774.8231291657,2058136.7138078362,900065.8588046691,ilheus-IPTU,ilheus,IPTU
2023-10-01,2023-10-01,11,2024-09-01,2251010.9817227167,1755418.6187753095,900065.8588046691,ilheus-IPTU,ilheus,IPTU
2023-10-01,2023-10-01,12,2024-10-01,2022162.6259630015,1703386.7359193973,900065.8588046691,ilheus-IPTU,ilheus,IPTU
2023-11-01,2023-11-01,1,2023-12-01,1538686.7153930117,1590421.8714651198,894348.4015914297,ilheus-IPTU,ilheus,IPTU
2023-11-01,2023-11-01,2,2024-01-01,2421833.300556963,1770520.6965012252,894348.4015914297,ilheus-IPTU,ilheus,IPTU
2023-11-01,2023-11-01,3,2024-02-01,2645795.772083337,5282482.7535135215,894348.4015914297,ilheus-IPTU,ilheus,IPTU
2023-11-01,2023-11-01,4,2024-03-01,5197363.375781737,4377991.872797325,894348.4015914297,ilheus-IPTU,ilheus,IPTU
2023-11-01,2023-11-01,5,2024-04-01,8479100.268538596,5310449.388575602,894348.4015914297,ilheus-IPTU,ilheus,IPTU
2023-11-01,2023-11-01,6,2024-05-01,3547912.302911079,2674348.309843451,894348.4015914297,ilheus-IPTU,ilheus,IPTU
2023-11-01,2023-11-01,7,2024-06-01,1346108.831895152,1954716.5470046503,894348.4015914297,ilheus-IPTU,ilheus,IPTU
2023-11-01,2023-11-01,8,2024-07-01,1525676.4134805854,1686563.006388967,894348.4015914297,ilheus-IPTU,ilheus,IPTU
2023-11-01,2023-11-01,9,2024-08-01,1524774.8231291657,2079126.5658510802,894348.4015914297,ilheus-IPTU,ilheus,IPTU
2023-11-01,2023-11-01,10,2024-09-01,2251010.9817227167,1751173.5493429014,894348.4015914297,ilheus-IPTU,ilheus,IPTU
2023-11-01,2023-11-01,11,2024-10-01,2022162.6259630015,1679375.4636302222,894348.4015914297,ilheus-IPTU,ilheus,IPTU
2023-11-01,2023-11-01,12,2024-11-01,2201702.753328437,1523232.2613553097,894348.4015914297,ilheus-IPTU,ilheus,IPTU
2023-12-01,2023-12-01,1,2024-01-01,2421833.300556963,1778625.0571813192,886651.072449273,ilheus-IPTU,ilheus,IPTU
2023-12-01,2023-12-01,2,2024-02-01,2645795.772083337,5455649.931761265,886651.072449273,ilheus-IPTU,ilheus,IPTU
2023-12-01,2023-12-01,3,2024-03-01,5197363.375781737,4487275.937276018,886651.072449273,ilheus-IPTU,ilheus,IPTU
2023-12-01,2023-12-01,4,2024-04-01,8479100.268538596,5345123.693876686,886651.072449273,ilheus-IPTU,ilheus,IPTU
2023-12-01,2023-12-01,5,2024-05-01,3547912.302911079,2722850.76345781,886651.072449273,ilheus-IPTU,ilheus,IPTU
2023-12-01,2023-12-01,6,2024-06-01,1346108.831895152,1970850.0383158745,886651.072449273,ilheus-IPTU,ilheus,IPTU
2023-12-01,2023-12-01,7,2024-07-01,1525676.4134805854,1726070.5724788764,886651.072449273,ilheus-IPTU,ilheus,IPTU
2023-12-01,2023-12-01,8,2024-08-01,1524774.8231291657,2007466.1434541245,886651.072449273,ilheus-IPTU,ilheus,IPTU
2023-12-01,2023-12-01,9,2024-09-01,2251010.9817227167,1751254.9802155688,886651.072449273,ilheus-IPTU,ilheus,IPTU
2023-12-01,2023-12-01,10,2024-10-01,2022162.6259630015,1682373.1518447343,886651.072449273,ilheus-IPTU,ilheus,IPTU
2023-12-01,2023-12-01,11,2024-11-01,2201702.753328437,1555927.5638109725,886651.072449273,ilheus-IPTU,ilheus,IPTU
2023-12-01,2023-12-01,12,2024-12-01,1694424.8208521737,1608658.9457985475,886651.072449273,ilheus-IPTU,ilheus,IPTU
2024-01-01,2024-01-01,1,2024-02-01,2645795.772083337,5496805.197210948,883474.7672779439,ilheus-IPTU,ilheus,IPTU
2024-01-01,2024-01-01,2,2024-03-01,5197363.375781737,4487221.887930011,883474.7672779439,ilheus-IPTU,ilheus,IPTU
2024-01-01,2024-01-01,3,2024-04-01,8479100.268538596,5305474.373535588,883474.7672779439,ilheus-IPTU,ilheus,IPTU
2024-01-01,2024-01-01,4,2024-05-01,3547912.302911079,2720092.2293718294,883474.7672779439,ilheus-IPTU,ilheus,IPTU
2024-01-01,2024-01-01,5,2024-06-01,1346108.831895152,1993045.1231424576,883474.7672779439,ilheus-IPTU,ilheus,IPTU
2024-01-01,2024-01-01,6,2024-07-01,1525676.4134805854,1755380.0442189649,883474.7672779439,ilheus-IPTU,ilheus,IPTU
2024-01-01,2024-01-01,7,2024-08-01,1524774.8231291657,2056452.7141767824,883474.7672779439,ilheus-IPTU,ilheus,IPTU
2024-01-01,2024-01-01,8,2024-09-01,2251010.9817227167,1758682.757634486,883474.7672779439,ilheus-IPTU,ilheus,IPTU
2024-01-01,2024-01-01,9,2024-10-01,2022162.6259630015,1708098.0159467135,883474.7672779439,ilheus-IPTU,ilheus,IPTU
2024-01-01,2024-01-01,10,2024-11-01,2201702.753328437,1586374.5124096286,883474.7672779439,ilheus-IPTU,ilheus,IPTU
2024-01-01,2024-01-01,11,2024-12-01,1694424.8208521737,1661664.5832444762,883474.7672779439,ilheus-IPTU,ilheus,IPTU
2024-01-01,2024-01-01,12,2025-01-01,2108465.286890068,1865231.6118395205,883474.7672779439,ilheus-IPTU,ilheus,IPTU
2024-02-01,2024-02-01,1,2024-03-01,5197363.375781737,4524984.361763151,876188.356308126,ilheus-IPTU,ilheus,IPTU
2024-02-01,2024-02-01,2,2024-04-01,8479100.268538596,5413101.582837157,876188.356308126,ilheus-IPTU,ilheus,IPTU
2024-02-01,2024-02-01,3,2024-05-01,3547912.302911079,2720860.711816878,876188.356308126,ilheus-IPTU,ilheus,IPTU
2024-02-01,2024-02-01,4,2024-06-01,1346108.831895152,1995668.8880450288,876188.356308126,ilheus-IPTU,ilheus,IPTU
2024-02-01,2024-02-01,5,2024-07-01,1525676.4134805854,1746833.1905389403,876188.356308126,ilheus-IPTU,ilheus,IPTU
2024-02-01,2024-02-01,6,2024-08-01,1524774.8231291657,2045774.521725671,876188.356308126,ilheus-IPTU,ilheus,IPTU
2024-02-01,2024-02-01,7,2024-09-01,2251010.9817227167,1750159.672265349,876188.356308126,ilheus-IPTU,ilheus,IPTU
2024-02-01,2024-02-01,8,2024-10-01,2022162.6259630015,1708216.2826971537,876188.356308126,ilheus-IPTU,ilheus,IPTU
2024-02-01,2024-02-01,9,2024-11-01,2201702.753328437,1579667.8785785034,876188.356308126,ilheus-IPTU,ilheus,IPTU
2024-02-01,2024-02-01,10,2024-12-01,1694424.8208521737,1645933.2806264749,876188.356308126,ilheus-IPTU,ilheus,IPTU
2024-02-01,2024-02-01,11,2025-01-01,2108465.286890068,1851900.964073067,876188.356308126,ilheus-IPTU,ilheus,IPTU
2024-02-01,2024-02-01,12,2025-02-01,2371216.706139471,5134335.389838783,876188.356308126,ilheus-IPTU,ilheus,IPTU
2024-03-01,2024-03-01,1,2024-04-01,8479100.268538596,5503508.791781776,880065.0616390505,ilheus-IPTU,ilheus,IPTU
2024-03-01,2024-03-01,2,2024-05-01,3547912.302911079,2733090.033392859,880065.0616390505,ilheus-IPTU,ilheus,IPTU
2024-03-01,2024-03-01,3,2024-06-01,1346108.831895152,1988426.875720115,880065.0616390505,ilheus-IPTU,ilheus,IPTU
2024-03-01,2024-03-01,4,2024-07-01,1525676.4134805854,1745387.3761368156,880065.0616390505,ilheus-IPTU,ilheus,IPTU
2024-03-01,2024-03-01,5,2024-08-01,1524774.8231291657,2040527.5563114476,880065.0616390505,ilheus-IPTU,ilheus,IPTU
2024-03-01,2024-03-01,6,2024-09-01,2251010.9817227167,1734227.6849960901,880065.0616390505,ilheus-IPTU,ilheus,IPTU
2024-03-01,2024-03-01,7,2024-10-01,2022162.6259630015,1701167.5333171897,880065.0616390505,ilheus-IPTU,ilheus,IPTU
2024-03-01,2024-03-01,8,2024-11-01,2201702.753328437,1581396.8953719088,880065.0616390505,ilheus-IPTU,ilheus,IPTU
2024-03-01,2024-03-01,9,2024-12-01,1694424.8208521737,1655515.0359220656,880065.0616390505,ilheus-IPTU,ilheus,IPTU
2024-03-01,2024-03-01,10,2025-01-01,2108465.286890068,1846915.8837695126,880065.0616390505,ilheus-IPTU,ilheus,IPTU
2024-03-01,2024-03-01,11,2025-02-01,2371216.706139471,5279488.203893385,880065.0616390505,ilheus-IPTU,ilheus,IPTU
2024-03-01,2024-03-01,12,2025-03-01,3310719.619677425,4557001.632620577,880065.0616390505,ilheus-IPTU,ilheus,IPTU
2024-04-01,2024-04-01,1,2024-05-01,3547912.302911079,2774734.636773316,878085.6565731413,ilheus-IPTU,ilheus,IPTU
2024-04-01,2024-04-01,2,2024-06-01,1346108.831895152,2000307.4656805634,878085.6565731413,ilheus-IPTU,ilheus,IPTU
2024-04-01,2024-04-01,3,2024-07-01,1525676.4134805854,1758570.454101983,878085.6565731413,ilheus-IPTU,ilheus,IPTU
2024-04-01,2024-04-01,4,2024-08-01,1524774.8231291657,2018110.7008984834,878085.6565731413,ilheus-IPTU,ilheus,IPTU
2024-04-01,2024-04-01,5,2024-09-01,2251010.9817227167,1746373.3047289727,878085.6565731413,ilheus-IPTU,ilheus,IPTU
2024-04-01,2024-04-01,6,2024-10-01,2022162.6259630015,1704180.2598551735,878085.6565731413,ilheus-IPTU,ilheus,IPTU
2024-04-01,2024-04-01,7,2024-11-01,2201702.753328437,1580821.2761892625,878085.6565731413,ilheus-IPTU,ilheus,IPTU
2024-04-01,2024-04-01,8,2024-12-01,1694424.8208521737,1643714.202919399,878085.6565731413,ilheus-IPTU,ilheus,IPTU
2024-04-01,2024-04-01,9,2025-01-01,2108465.286890068,1857796.013881437,878085.6565731413,ilheus-IPTU,ilheus,IPTU
2024-04-01,2024-04-01,10,2025-02-01,2371216.706139471,5269051.228987219,878085.6565731413,ilheus-IPTU,ilheus,IPTU
2024-04-01,2024-04-01,11,2025-03-01,3310719.619677425,4583866.741541056,878085.6565731413,ilheus-IPTU,ilheus,IPTU
2024-04-01,2024-04-01,12,2025-04-01,6114395.71252974,5878045.223228296,878085.6565731413,ilheus-IPTU,ilheus,IPTU
2024-05-01,2024-05-01,1,2024-06-01,1346108.831895152,2009049.5270454877,874112.6122048295,ilheus-IPTU,ilheus,IPTU
2024-05-01,2024-05-01,2,2024-07-01,1525676.4134805854,1751553.5035736836,874112.6122048295,ilheus-IPTU,ilheus,IPTU
2024-05-01,2024-05-01,3,2024-08-01,1524774.8231291657,2029131.365291718,874112.6122048295,ilheus-IPTU,ilheus,IPTU
2024-05-01,2024-05-01,4,2024-09-01,2251010.9817227167,1748101.2966487757,874112.6122048295,ilheus-IPTU,ilheus,IPTU
2024-05-01,2024-05-01,5,2024-10-01,2022162.6259630015,1686048.587304068,874112.6122048295,ilheus-IPTU,ilheus,IPTU
2024-05-01,2024-05-01,6,2024-11-01,2201702.753328437,1584977.473883987,874112.6122048295,ilheus-IPTU,ilheus,IPTU
2024-05-01,2024-05-01,7,2024-12-01,1694424.8208521737,1662995.2158011273,874112.6122048295,ilheus-IPTU,ilheus,IPTU
2024-05-01,2024-05-01,8,2025-01-01,2108465.286890068,1844244.3451767159,874112.6122048295,ilheus-IPTU,ilheus,IPTU
2024-05-01,2024-05-01,9,2025-02-01,2371216.706139471,5258333.772961484,874112.6122048295,ilheus-IPTU,ilheus,IPTU
2024-05-01,2024-05-01,10,2025-03-01,3310719.619677425,4528785.37124649,874112.6122048295,ilheus-IPTU,ilheus,IPTU
2024-05-01,2024-05-01,11,2025-04-01,6114395.71252974,5775786.036813779,874112.6122048295,ilheus-IPTU,ilheus,IPTU
2024-05-01,2024-05-01,12,2025-05-01,10674921.144211657,2774556.1628072574,874112.6122048295,ilheus-IPTU,ilheus,IPTU
2024-06-01,2024-06-01,1,2024-07-01,1525676.4134805854,1741299.2826563078,869315.9473684988,ilheus-IPTU,ilheus,IPTU
2024-06-01,2024-06-01,2,2024-08-01,1524774.8231291657,2063003.7491613156,869315.9473684988,ilheus-IPTU,ilheus,IPTU
2024-06-01,2024-06-01,3,2024-09-01,2251010.9817227167,1770797.3806124334,869315.9473684988,ilheus-IPTU,ilheus,IPTU
2024-06-01,2024-06-01,4,2024-10-01,2022162.6259630015,1695704.0531461225,869315.9473684988,ilheus-IPTU,ilheus,IPTU
2024-06-01,2024-06-01,5,2024-11-01,2201702.753328437,1592796.1458187283,869315.9473684988,ilheus-IPTU,ilheus,IPTU
2024-06-01,2024-06-01,6,2024-12-01,1694424.8208521737,1662800.2558308167,869315.9473684988,ilheus-IPTU,ilheus,IPTU
2024-06-01,2024-06-01,7,2025-01-01,2108465.286890068,1844577.2150366562,869315.9473684988,ilheus-IPTU,ilheus,IPTU
2024-06-01,2024-06-01,8,2025-02-01,2371216.706139471,5340614.156093648,869315.9473684988,ilheus-IPTU,ilheus,IPTU
2024-06-01,2024-06-01,9,2025-03-01,3310719.619677425,4570756.503360625,869315.9473684988,ilheus-IPTU,ilheus,IPTU
2024-06-01,2024-06-01,10,2025-04-01,6114395.71252974,5769975.529924671,869315.9473684988,ilheus-IPTU,ilheus,IPTU
2024-06-01,2024-06-01,11,2025-05-01,10674921.144211657,2792332.245029732,869315.9473684988,ilheus-IPTU,ilheus,IPTU
2024-06-01,2024-06-01,12,2025-06-01,2481588.5542101185,1952277.7558664544,869315.9473684988,ilheus-IPTU,ilheus,IPTU
2024-07-01,2024-07-01,1,2024-08-01,1524774.8231291657,2021835.4844961544,863051.0914278884,ilheus-IPTU,ilheus,IPTU
2024-07-01,2024-07-01,2,2024-09-01,2251010.9817227167,1751031.2556195343,863051.0914278884,ilheus-IPTU,ilheus,IPTU
2024-07-01,2024-07-01,3,2024-10-01,2022162.6259630015,1702276.2624975028,863051.0914278884,ilheus-IPTU,ilheus,IPTU
2024-07-01,2024-07-01,4,2024-11-01,2201702.753328437,1573246.1944245747,863051.0914278884,ilheus-IPTU,ilheus,IPTU
2024-07-01,2024-07-01,5,2024-12-01,1694424.8208521737,1645490.9540785924,863051.0914278884,ilheus-IPTU,ilheus,IPTU
2024-07-01,2024-07-01,6,2025-01-01,2108465.286890068,1849426.3906038934,863051.0914278884,ilheus-IPTU,ilheus,IPTU
2024-07-01,2024-07-01,7,2025-02-01,2371216.706139471,5168773.983515776,863051.0914278884,ilheus-IPTU,ilheus,IPTU
2024-07-01,2024-07-01,8,2025-03-01,3310719.619677425,4522641.042867751,863051.0914278884,ilheus-IPTU,ilheus,IPTU
2024-07-01,2024-07-01,9,2025-04-01,6114395.71252974,5817775.0680620205,863051.0914278884,ilheus-IPTU,ilheus,IPTU
2024-07-01,2024-07-01,10,2025-05-01,10674921.144211657,2783164.536453435,863051.0914278884,ilheus-IPTU,ilheus,IPTU
2024-07-01,2024-07-01,11,2025-06-01,2481588.5542101185,1992527.0779762338,863051.0914278884,ilheus-IPTU,ilheus,IPTU
2024-07-01,2024-07-01,12,2025-07-01,3060644.6314035594,1757504.6178920532,863051.0914278884,ilheus-IPTU,ilheus,IPTU
2024-08-01,2024-08-01,1,2024-09-01,2251010.9817227167,1768344.9783116053,863401.3576295645,ilheus-IPTU,ilheus,IPTU
2024-08-01,2024-08-01,2,2024-10-01,2022162.6259630015,1705009.7334441242,863401.3576295645,ilheus-IPTU,ilheus,IPTU
2024-08-01,2024-08-01,3,2024-11-01,2201702.753328437,1558245.8197421695,863401.3576295645,ilheus-IPTU,ilheus,IPTU
2024-08-01,2024-08-01,4,2024-12-01,1694424.8208521737,1626328.7500494684,863401.3576295645,ilheus-IPTU,ilheus,IPTU
2024-08-01,2024-08-01,5,2025-01-01,2108465.286890068,1853232.8232587462,863401.3576295645,ilheus-IPTU,ilheus,IPTU
2024-08-01,2024-08-01,6,2025-02-01,2371216.706139471,5122009.535611577,863401.3576295645,ilheus-IPTU,ilheus,IPTU
2024-08-01,2024-08-01,7,2025-03-01,3310719.619677425,4547272.048374483,863401.3576295645,ilheus-IPTU,ilheus,IPTU
2024-08-01,2024-08-01,8,2025-04-01,6114395.71252974,5873554.616865285,863401.3576295645,ilheus-IPTU,ilheus,IPTU
2024-08-01,2024-08-01,9,2025-05-01,10674921.144211657,2798392.8041257737,863401.3576295645,ilheus-IPTU,ilheus,IPTU
2024-08-01,2024-08-01,10,2025-06-01,2481588.5542101185,1990615.1006735773,863401.3576295645,ilheus-IPTU,ilheus,IPTU
2024-08-01,2024-08-01,11,2025-07-01,3060644.6314035594,1740447.625097295,863401.3576295645,ilheus-IPTU,ilheus,IPTU
2024-08-01,2024-08-01,12,2025-08-01,3181433.012194698,2013453.0657968046,863401.3576295645,ilheus-IPTU,ilheus,IPTU
2024-09-01,2024-09-01,1,2024-10-01,2022162.6259630015,1720285.3223521295,857437.9768163745,ilheus-IPTU,ilheus,IPTU
2024-09-01,2024-09-01,2,2024-11-01,2201702.753328437,1568756.2077715737,857437.9768163745,ilheus-IPTU,ilheus,IPTU
2024-09-01,2024-09-01,3,2024-12-01,1694424.8208521737,1638099.6962554192,857437.9768163745,ilheus-IPTU,ilheus,IPTU
2024-09-01,2024-09-01,4,2025-01-01,2108465.286890068,1847977.492160989,857437.9768163745,ilheus-IPTU,ilheus,IPTU
2024-09-01,2024-09-01,5,2025-02-01,2371216.706139471,5148704.944443542,857437.9768163745,ilheus-IPTU,ilheus,IPTU
2024-09-01,2024-09-01,6,2025-03-01,3310719.619677425,4528979.050851973,857437.9768163745,ilheus-IPTU,ilheus,IPTU
2024-09-01,2024-09-01,7,2025-04-01,6114395.71252974,5934416.765859444,857437.9768163745,ilheus-IPTU,ilheus,IPTU
2024-09-01,2024-09-01,8,2025-05-01,10674921.144211657,2855625.0209256853,857437.9768163745,ilheus-IPTU,ilheus,IPTU
2024-09-01,2024-09-01,9,2025-06-01,2481588.5542101185,1969144.8315874604,857437.9768163745,ilheus-IPTU,ilheus,IPTU
2024-09-01,2024-09-01,10,2025-07-01,3060644.6314035594,1735833.1286377255,857437.9768163745,ilheus-IPTU,ilheus,IPTU
2024-09-01,2024-09-01,11,2025-08-01,3181433.012194698,2037186.5490691313,857437.9768163745,ilheus-IPTU,ilheus,IPTU
2024-09-01,2024-09-01,12,2025-09-01,2176992.6733736745,1778194.0810695267,857437.9768163745,ilheus-IPTU,ilheus,IPTU
2024-10-01,2024-10-01,1,2024-11-01,2201702.753328437,1538360.5508637445,853457.0656824873,ilheus-IPTU,ilheus,IPTU
2024-10-01,2024-10-01,2,2024-12-01,1694424.8208521737,1631500.2493816926,853457.0656824873,ilheus-IPTU,ilheus,IPTU
2024-10-01,2024-10-01,3,2025-01-01,2108465.286890068,1857591.95605666,853457.0656824873,ilheus-IPTU,ilheus,IPTU
2024-10-01,2024-10-01,4,2025-02-01,2371216.706139471,5303149.4169782605,853457.0656824873,ilheus-IPTU,ilheus,IPTU
2024-10-01,2024-10-01,5,2025-03-01,3310719.619677425,4667561.287564393,853457.0656824873,ilheus-IPTU,ilheus,IPTU
2024-10-01,2024-10-01,6,2025-04-01,6114395.71252974,5940995.810083049,853457.0656824873,ilheus-IPTU,ilheus,IPTU
2024-10-01,2024-10-01,7,2025-05-01,10674921.144211657,2790743.1087370566,853457.0656824873,ilheus-IPTU,ilheus,IPTU
2024-10-01,2024-10-01,8,2025-06-01,2481588.5542101185,1978754.8807620553,853457.0656824873,ilheus-IPTU,ilheus,IPTU
2024-10-01,2024-10-01,9,2025-07-01,3060644.6314035594,1755950.9665755013,853457.0656824873,ilheus-IPTU,ilheus,IPTU
2024-10-01,2024-10-01,10,2025-08-01,3181433.012194698,2033290.4268191322,853457.0656824873,ilheus-IPTU,ilheus,IPTU
2024-10-01,2024-10-01,11,2025-09-01,2176992.6733736745,1791794.05220144,853457.0656824873,ilheus-IPTU,ilheus,IPTU
2024-10-01,2024-10-01,12,2025-10-01,3969900.331450771,1733206.9370338523,853457.0656824873,ilheus-IPTU,ilheus,IPTU
2024-11-01,2024-11-01,1,2024-12-01,1694424.8208521737,1669325.4769509397,854570.3089230938,ilheus-IPTU,ilheus,IPTU
2024-11-01,2024-11-01,2,2025-01-01,2108465.286890068,1868723.486081737,854570.3089230938,ilheus-IPTU,ilheus,IPTU
2024-11-01,2024-11-01,3,2025-02-01,2371216.706139471,5183977.037057946,854570.3089230938,ilheus-IPTU,ilheus,IPTU
2024-11-01,2024-11-01,4,2025-03-01,3310719.619677425,4593276.156582565,854570.3089230938,ilheus-IPTU,ilheus,IPTU
2024-11-01,2024-11-01,5,2025-04-01,6114395.71252974,5749765.848490826,854570.3089230938,ilheus-IPTU,ilheus,IPTU
2024-11-01,2024-11-01,6,2025-05-01,10674921.144211657,2913462.945334651,854570.3089230938,ilheus-IPTU,ilheus,IPTU
2024-11-01,2024-11-01,7,2025-06-01,2481588.5542101185,2003744.8464802,854570.3089230938,ilheus-IPTU,ilheus,IPTU
2024-11-01,2024-11-01,8,2025-07-01,3060644.6314035594,1760550.545966304,854570.3089230938,ilheus-IPTU,ilheus,IPTU
2024-11-01,2024-11-01,9,2025-08-01,3181433.012194698,2002072.4211016851,854570.3089230938,ilheus-IPTU,ilheus,IPTU
2024-11-01,2024-11-01,10,2025-09-01,2176992.6733736745,1815610.5288690021,854570.3089230938,ilheus-IPTU,ilheus,IPTU
2024-11-01,2024-11-01,11,2025-10-01,3969900.331450771,1725994.5609811768,854570.3089230938,ilheus-IPTU,ilheus,IPTU
2024-11-01,2024-11-01,12,2025-11-01,2599706.7557239616,1647721.1260376552,854570.3089230938,ilheus-IPTU,ilheus,IPTU
2024-12-01,2024-12-01,1,2025-01-01,2108465.286890068,1869808.2917440273,848099.6403725019,ilheus-IPTU,ilheus,IPTU
2024-12-01,2024-12-01,2,2025-02-01,2371216.706139471,5277872.280479888,848099.6403725019,ilheus-IPTU,ilheus,IPTU
2024-12-01,2024-12-01,3,2025-03-01,3310719.619677425,4560248.957836479,848099.6403725019,ilheus-IPTU,ilheus,IPTU
2024-12-01,2024-12-01,4,2025-04-01,6114395.71252974,5724237.855845595,848099.6403725019,ilheus-IPTU,ilheus,IPTU
2024-12-01,2024-12-01,5,2025-05-01,10674921.144211657,2928492.4898061836,848099.6403725019,ilheus-IPTU,ilheus,IPTU
2024-12-01,2024-12-01,6,2025-06-01,2481588.5542101185,1996840.9289909084,848099.6403725019,ilheus-IPTU,ilheus,IPTU
2024-12-01,2024-12-01,7,2025-07-01,3060644.6314035594,1775011.4481973443,848099.6403725019,ilheus-IPTU,ilheus,IPTU
2024-12-01,2024-12-01,8,2025-08-01,3181433.012194698,2008094.7633153463,848099.6403725019,ilheus-IPTU,ilheus,IPTU
2024-12-01,2024-12-01,9,2025-09-01,2176992.6733736745,1809628.465491266,848099.6403725019,ilheus-IPTU,ilheus,IPTU
2024-12-01,2024-12-01,10,2025-10-01,3969900.331450771,1732584.8511992453,848099.6403725019,ilheus-IPTU,ilheus,IPTU
2024-12-01,2024-12-01,11,2025-11-01,2599706.7557239616,1653968.578671652,848099.6403725019,ilheus-IPTU,ilheus,IPTU
2024-12-01,2024-12-01,12,2025-12-01,4295550.76,1690165.870670693,848099.6403725019,ilheus-IPTU,ilheus,IPTU
2025-01-01,2025-01-01,1,2025-02-01,2371216.706139471,5162716.672405003,843193.8456320835,ilheus-IPTU,ilheus,IPTU
2025-01-01,2025-01-01,2,2025-03-01,3310719.619677425,4499103.032102492,843193.8456320835,ilheus-IPTU,ilheus,IPTU
2025-01-01,2025-01-01,3,2025-04-01,6114395.71252974,5806767.328934386,843193.8456320835,ilheus-IPTU,ilheus,IPTU
2025-01-01,2025-01-01,4,2025-05-01,10674921.144211657,2939557.304549598,843193.8456320835,ilheus-IPTU,ilheus,IPTU
2025-01-01,2025-01-01,5,2025-06-01,2481588.5542101185,2041425.171564612,843193.8456320835,ilheus-IPTU,ilheus,IPTU
2025-01-01,2025-01-01,6,2025-07-01,3060644.6314035594,1771359.1535892196,843193.8456320835,ilheus-IPTU,ilheus,IPTU
2025-01-01,2025-01-01,7,2025-08-01,3181433.012194698,2012270.669587336,843193.8456320835,ilheus-IPTU,ilheus,IPTU
2025-01-01,2025-01-01,8,2025-09-01,2176992.6733736745,1806247.710452479,843193.8456320835,ilheus-IPTU,ilheus,IPTU
2025-01-01,2025-01-01,9,2025-10-01,3969900.331450771,1773079.4126481814,843193.8456320835,ilheus-IPTU,ilheus,IPTU
2025-01-01,2025-01-01,10,2025-11-01,2599706.7557239616,1650342.5315815792,843193.8456320835,ilheus-IPTU,ilheus,IPTU
2025-01-01,2025-01-01,11,2025-12-01,4295550.76,1692193.570375923,843193.8456320835,ilheus-IPTU,ilheus,IPTU
2025-02-01,2025-02-01,1,2025-03-01,3310719.619677425,4576094.479068541,838024.6203621906,ilheus-IPTU,ilheus,IPTU
2025-02-01,2025-02-01,2,2025-04-01,6114395.71252974,5637217.053310981,838024.6203621906,ilheus-IPTU,ilheus,IPTU
2025-02-01,2025-02-01,3,2025-05-01,10674921.144211657,2957844.6916362015,838024.6203621906,ilheus-IPTU,ilheus,IPTU
2025-02-01,2025-02-01,4,2025-06-01,2481588.5542101185,2026085.7955121384,838024.6203621906,ilheus-IPTU,ilheus,IPTU
2025-02-01,2025-02-01,5,2025-07-01,3060644.6314035594,1775020.3393680046,838024.6203621906,ilheus-IPTU,ilheus,IPTU
2025-02-01,2025-02-01,6,2025-08-01,3181433.012194698,2040410.8849301976,838024.6203621906,ilheus-IPTU,ilheus,IPTU
2025-02-01,2025-02-01,7,2025-09-01,2176992.6733736745,1816041.1995297023,838024.6203621906,ilheus-IPTU,ilheus,IPTU
2025-02-01,2025-02-01,8,2025-10-01,3969900.331450771,1743409.931704443,838024.6203621906,ilheus-IPTU,ilheus,IPTU
2025-02-01,2025-02-01,9,2025-11-01,2599706.7557239616,1654034.9334395279,838024.6203621906,ilheus-IPTU,ilheus,IPTU
2025-02-01,2025-02-01,10,2025-12-01,4295550.76,1698973.159985285,838024.6203621906,ilheus-IPTU,ilheus,IPTU
2025-03-01,2025-03-01,1,2025-04-01,6114395.71252974,5890443.076613121,847471.6396031106,ilheus-IPTU,ilheus,IPTU
2025-03-01,2025-03-01,2,2025-05-01,10674921.144211657,2997456.353610444,847471.6396031106,ilheus-IPTU,ilheus,IPTU
2025-03-01,2025-03-01,3,2025-06-01,2481588.5542101185,2019505.7894251826,847471.6396031106,ilheus-IPTU,ilheus,IPTU
2025-03-01,2025-03-01,4,2025-07-01,3060644.6314035594,1778031.8022267835,847471.6396031106,ilheus-IPTU,ilheus,IPTU
2025-03-01,2025-03-01,5,2025-08-01,3181433.012194698,1985859.5055431917,847471.6396031106,ilheus-IPTU,ilheus,IPTU
2025-03-01,2025-03-01,6,2025-09-01,2176992.6733736745,1793889.406094364,847471.6396031106,ilheus-IPTU,ilheus,IPTU
2025-03-01,2025-03-01,7,2025-10-01,3969900.331450771,1727448.924068327,847471.6396031106,ilheus-IPTU,ilheus,IPTU
2025-03-01,2025-03-01,8,2025-11-01,2599706.7557239616,1644588.988501837,847471.6396031106,ilheus-IPTU,ilheus,IPTU
2025-03-01,2025-03-01,9,2025-12-01,4295550.76,1692793.3902659637,847471.6396031106,ilheus-IPTU,ilheus,IPTU
2025-04-01,2025-04-01,1,2025-05-01,10674921.144211657,2915540.419738805,861018.362071019,ilheus-IPTU,ilheus,IPTU
2025-04-01,2025-04-01,2,2025-06-01,2481588.5542101185,1996605.878057993,861018.362071019,ilheus-IPTU,ilheus,IPTU
2025-04-01,2025-04-01,3,2025-07-01,3060644.6314035594,1750436.0592301132,861018.362071019,ilheus-IPTU,ilheus,IPTU
2025-04-01,2025-04-01,4,2025-08-01,3181433.012194698,2020405.0278102914,861018.362071019,ilheus-IPTU,ilheus,IPTU
2025-04-01,2025-04-01,5,2025-09-01,2176992.6733736745,1778775.6562368022,861018.362071019,ilheus-IPTU,ilheus,IPTU
2025-04-01,2025-04-01,6,2025-10-01,3969900.331450771,1741591.430119238,861018.362071019,ilheus-IPTU,ilheus,IPTU
2025-04-01,2025-04-01,7,2025-11-01,2599706.7557239616,1630801.0940151068,861018.362071019,ilheus-IPTU,ilheus,IPTU
2025-04-01,2025-04-01,8,2025-12-01,4295550.76,1671449.1094596635,861018.362071019,ilheus-IPTU,ilheus,IPTU
2025-05-01,2025-05-01,1,2025-06-01,2481588.5542101185,2036253.1550746737,916469.6052500417,ilheus-IPTU,ilheus,IPTU
2025-05-01,2025-05-01,2,2025-07-01,3060644.6314035594,1809735.5503453107,916469.6052500417,ilheus-IPTU,ilheus,IPTU
2025-05-01,2025-05-01,3,2025-08-01,3181433.012194698,2204432.343528639,916469.6052500417,ilheus-IPTU,ilheus,IPTU
2025-05-01,2025-05-01,4,2025-09-01,2176992.6733736745,1908235.2550167474,916469.6052500417,ilheus-IPTU,ilheus,IPTU
2025-05-01,2025-05-01,5,2025-10-01,3969900.331450771,1836863.626501689,916469.6052500417,ilheus-IPTU,ilheus,IPTU
2025-05-01,2025-05-01,6,2025-11-01,2599706.7557239616,1637209.3362673102,916469.6052500417,ilheus-IPTU,ilheus,IPTU
2025-05-01,2025-05-01,7,2025-12-01,4295550.76,1609631.1590643087,916469.6052500417,ilheus-IPTU,ilheus,IPTU
2025-06-01,2025-06-01,1,2025-07-01,3060644.6314035594,1804127.5197251376,918390.7466278042,ilheus-IPTU,ilheus,IPTU
2025-06-01,2025-06-01,2,2025-08-01,3181433.012194698,2183809.39864938,918390.7466278042,ilheus-IPTU,ilheus,IPTU
2025-06-01,2025-06-01,3,2025-09-01,2176992.6733736745,1922424.5834628425,918390.7466278042,ilheus-IPTU,ilheus,IPTU
2025-06-01,2025-06-01,4,2025-10-01,3969900.331450771,1844900.8944533796,918390.7466278042,ilheus-IPTU,ilheus,IPTU
2025-06-01,2025-06-01,5,2025-11-01,2599706.7557239616,1653314.4221980376,918390.7466278042,ilheus-IPTU,ilheus,IPTU
2025-06-01,2025-06-01,6,2025-12-01,4295550.76,1627775.7897120789,918390.7466278042,ilheus-IPTU,ilheus,IPTU
2025-07-01,2025-07-01,1,2025-08-01,3181433.012194698,2209540.4142077533,923752.2898564578,ilheus-IPTU,ilheus,IPTU
2025-07-01,2025-07-01,2,2025-09-01,2176992.6733736745,1918229.640048029,923752.2898564578,ilheus-IPTU,ilheus,IPTU
2025-07-01,2025-07-01,3,2025-10-01,3969900.331450771,1859114.225447006,923752.2898564578,ilheus-IPTU,ilheus,IPTU
2025-07-01,2025-07-01,4,2025-11-01,2599706.7557239616,1641986.2393360813,923752.2898564578,ilheus-IPTU,ilheus,IPTU
2025-07-01,2025-07-01,5,2025-12-01,4295550.76,1623346.3399280736,923752.2898564578,ilheus-IPTU,ilheus,IPTU
2025-08-01,2025-08-01,1,2025-09-01,2176992.6733736745,1919060.3457887748,930070.4441599844,ilheus-IPTU,ilheus,IPTU
2025-08-01,2025-08-01,2,2025-10-01,3969900.331450771,1860865.859567409,930070.4441599844,ilheus-IPTU,ilheus,IPTU
2025-08-01,2025-08-01,3,2025-11-01,2599706.7557239616,1648735.4829813878,930070.4441599844,ilheus-IPTU,ilheus,IPTU
2025-08-01,2025-08-01,4,2025-12-01,4295550.76,1633169.1077614326,930070.4441599844,ilheus-IPTU,ilheus,IPTU
2025-09-01,2025-09-01,1,2025-10-01,3969900.331450771,1874820.2157291025,922753.7592385233,ilheus-IPTU,ilheus,IPTU
2025-09-01,2025-09-01,2,2025-11-01,2599706.7557239616,1679400.5932039975,922753.7592385233,ilheus-IPTU,ilheus,IPTU
2025-09-01,2025-09-01,3,2025-12-01,4295550.76,1640400.2473669252,922753.7592385233,ilheus-IPTU,ilheus,IPTU
2025-10-01,2025-10-01,1,2025-11-01,2599706.7557239616,1683109.5710913853,931440.0638677542,ilheus-IPTU,ilheus,IPTU
2025-10-01,2025-10-01,2,2025-12-01,4295550.76,1666966.457893327,931440.0638677542,ilheus-IPTU,ilheus,IPTU
2025-11-01,2025-11-01,1,2025-12-01,4295550.76,2066495.073413493,926957.407888996,ilheus-IPTU,ilheus,IPTU
2020-12-01,2020-12-01,1,2021-01-01,3833776.027698853,3183889.0565185696,885601.6145158762,ilheus-ISSQN,ilheus,ISSQN
2020-12-01,2020-12-01,2,2021-02-01,1588571.2894411306,3182677.990530792,885601.6145158762,ilheus-ISSQN,ilheus,ISSQN
2020-12-01,2020-12-01,3,2021-03-01,3669865.341790646,3181523.7181219286,885601.6145158762,ilheus-ISSQN,ilheus,ISSQN
2020-12-01,2020-12-01,4,2021-04-01,4153557.2956896494,3180423.57592711,885601.6145158762,ilheus-ISSQN,ilheus,ISSQN
2020-12-01,2020-12-01,5,2021-05-01,3453122.4012055863,3179375.0254813693,885601.6145158762,ilheus-ISSQN,ilheus,ISSQN
2020-12-01,2020-12-01,6,2021-06-01,3570687.46514713,3178375.6473623943,885601.6145158762,ilheus-ISSQN,ilheus,ISSQN
2020-12-01,2020-12-01,7,2021-07-01,5196171.231922152,3177423.1356079592,885601.6145158762,ilheus-ISSQN,ilheus,ISSQN
2020-12-01,2020-12-01,8,2021-08-01,4443752.31085364,3176515.2923951545,885601.6145158762,ilheus-ISSQN,ilheus,ISSQN
2020-12-01,2020-12-01,9,2021-09-01,4222245.176809426,3175650.0229691365,885601.6145158762,ilheus-ISSQN,ilheus,ISSQN
2020-12-01,2020-12-01,10,2021-10-01,2634720.4943755055,3174825.330809695,885601.6145158762,ilheus-ISSQN,ilheus,ISSQN
2020-12-01,2020-12-01,11,2021-11-01,1977895.37325985,3174039.313024491,885601.6145158762,ilheus-ISSQN,ilheus,ISSQN
2020-12-01,2020-12-01,12,2021-12-01,1851041.825639648,3173290.155958325,885601.6145158762,ilheus-ISSQN,ilheus,ISSQN
2021-01-01,2021-01-01,1,2021-02-01,1588571.2894411306,3161598.8925092616,880346.2880424437,ilheus-ISSQN,ilheus,ISSQN
2021-01-01,2021-01-01,2,2021-03-01,3669865.341790646,3159938.271901441,880346.2880424437,ilheus-ISSQN,ilheus,ISSQN
2021-01-01,2021-01-01,3,2021-04-01,4153557.2956896494,3158344.893358068,880346.2880424437,ilheus-ISSQN,ilheus,ISSQN
2021-01-01,2021-01-01,4,2021-05-01,3453122.4012055863,3156816.034104772,880346.2880424437,ilheus-ISSQN,ilheus,ISSQN
2021-01-01,2021-01-01,5,2021-06-01,3570687.46514713,3155349.0816181134,880346.2880424437,ilheus-ISSQN,ilheus,ISSQN
2021-01-01,2021-01-01,6,2021-07-01,5196171.231922152,3153941.5291612907,880346.2880424437,ilheus-ISSQN,ilheus,ISSQN
2021-01-01,2021-01-01,7,2021-08-01,4443752.31085364,3152590.9715006123,880346.2880424437,ilheus-ISSQN,ilheus,ISSQN
2021-01-01,2021-01-01,8,2021-09-01,4222245.176809426,3151295.10079542,880346.2880424437,ilheus-ISSQN,ilheus,ISSQN
2021-01-01,2021-01-01,9,2021-10-01,2634720.4943755055,3150051.7026544395,880346.2880424437,ilheus-ISSQN,ilheus,ISSQN
2021-01-01,2021-01-01,10,2021-11-01,1977895.37325985,3148858.6523518134,880346.2880424437,ilheus-ISSQN,ilheus,ISSQN
2021-01-01,2021-01-01,11,2021-12-01,1851041.825639648,3147713.911196358,880346.2880424437,ilheus-ISSQN,ilheus,ISSQN
2021-01-01,2021-01-01,12,2022-01-01,4595502.996233166,3146615.5230478384,880346.2880424437,ilheus-ISSQN,ilheus,ISSQN
2021-02-01,2021-02-01,1,2021-03-01,3669865.341790646,3095067.9084598883,888589.8579463329,ilheus-ISSQN,ilheus,ISSQN
2021-02-01,2021-02-01,2,2021-04-01,4153557.2956896494,3092477.596570323,888589.8579463329,ilheus-ISSQN,ilheus,ISSQN
2021-02-01,2021-02-01,3,2021-05-01,3453122.4012055863,3089975.2516896166,888589.8579463329,ilheus-ISSQN,ilheus,ISSQN
2021-02-01,2021-02-01,4,2021-06-01,3570687.46514713,3087557.8864575676,888589.8579463329,ilheus-ISSQN,ilheus,ISSQN
2021-02-01,2021-02-01,5,2021-07-01,5196171.231922152,3085222.6149647473,888589.8579463329,ilheus-ISSQN,ilheus,ISSQN
2021-02-01,2021-02-01,6,2021-08-01,4443752.31085364,3082966.64930723,888589.8579463329,ilheus-ISSQN,ilheus,ISSQN
2021-02-01,2021-02-01,7,2021-09-01,4222245.176809426,3080787.296258325,888589.8579463329,ilheus-ISSQN,ilheus,ISSQN
2021-02-01,2021-02-01,8,2021-10-01,2634720.4943755055,3078681.954053339,888589.8579463329,ilheus-ISSQN,ilheus,ISSQN
2021-02-01,2021-02-01,9,2021-11-01,1977895.37325985,3076648.109283524,888589.8579463329,ilheus-ISSQN,ilheus,ISSQN
2021-02-01,2021-02-01,10,2021-12-01,1851041.825639648,3074683.33389551,888589.8579463329,ilheus-ISSQN,ilheus,ISSQN
2021-02-01,2021-02-01,11,2022-01-01,4595502.996233166,3072785.2822926356,888589.8579463329,ilheus-ISSQN,ilheus,ISSQN
2021-02-01,2021-02-01,12,2022-02-01,3599759.875636779,3070951.6885347166,888589.8579463329,ilheus-ISSQN,ilheus,ISSQN
2021-03-01,2021-03-01,1,2021-04-01,4153557.2956896494,3117716.0096337814,883073.4298261817,ilheus-ISSQN,ilheus,ISSQN
2021-03-01,2021-03-01,2,2021-05-01,3453122.4012055863,3115597.2985880617,883073.4298261817,ilheus-ISSQN,ilheus,ISSQN
2021-03-01,2021-03-01,3,2021-06-01,3570687.46514713,3113555.4855721467,883073.4298261817,ilheus-ISSQN,ilheus,ISSQN
2021-03-01,2021-03-01,4,2021-07-01,5196171.231922152,3111587.779593372,883073.4298261817,ilheus-ISSQN,ilheus,ISSQN
2021-03-01,2021-03-01,5,2021-08-01,4443752.31085364,3109691.490957376,883073.4298261817,ilheus-ISSQN,ilheus,ISSQN
2021-03-01,2021-03-01,6,2021-09-01,4222245.176809426,3107864.027591511,883073.4298261817,ilheus-ISSQN,ilheus,ISSQN
2021-03-01,2021-03-01,7,2021-10-01,2634720.4943755055,3106102.891501684,883073.4298261817,ilheus-ISSQN,ilheus,ISSQN
2021-03-01,2021-03-01,8,2021-11-01,1977895.37325985,3104405.6753578074,883073.4298261817,ilheus-ISSQN,ilheus,ISSQN
2021-03-01,2021-03-01,9,2021-12-01,1851041.825639648,3102770.05920317,883073.4298261817,ilheus-ISSQN,ilheus,ISSQN
2021-03-01,2021-03-01,10,2022-01-01,4595502.996233166,3101193.807283246,883073.4298261817,ilheus-ISSQN,ilheus,ISSQN
2021-03-01,2021-03-01,11,2022-02-01,3599759.875636779,3099674.7649896005,883073.4298261817,ilheus-ISSQN,ilheus,ISSQN
2021-03-01,2021-03-01,12,2022-03-01,3916152.370216925,3098210.8559147147,883073.4298261817,ilheus-ISSQN,ilheus,ISSQN
2021-04-01,2021-04-01,1,2021-05-01,3453122.4012055863,3158586.0059549236,869838.3967731856,ilheus-ISSQN,ilheus,ISSQN
2021-04-01,2021-04-01,2,2021-06-01,3570687.46514713,3157152.854028524,869838.3967731856,ilheus-ISSQN,ilheus,ISSQN
2021-04-01,2021-04-01,3,2021-07-01,5196171.231922152,3155778.2574939723,869838.3967731856,ilheus-ISSQN,ilheus,ISSQN
2021-04-01,2021-04-01,4,2021-08-01,4443752.31085364,3154459.8239085334,869838.3967731856,ilheus-ISSQN,ilheus,ISSQN
2021-04-01,2021-04-01,5,2021-09-01,4222245.176809426,3153195.258579348,869838.3967731856,ilheus-ISSQN,ilheus,ISSQN
2021-04-01,2021-04-01,6,2021-10-01,2634720.4943755055,3151982.3605695893,869838.3967731856,ilheus-ISSQN,ilheus,ISSQN
2021-04-01,2021-04-01,7,2021-11-01,1977895.37325985,3150819.0188678005,869838.3967731856,ilheus-ISSQN,ilheus,ISSQN
2021-04-01,2021-04-01,8,2021-12-01,1851041.825639648,3149703.208713747,869838.3967731856,ilheus-ISSQN,ilheus,ISSQN
2021-04-01,2021-04-01,9,2022-01-01,4595502.996233166,3148632.9880743814,869838.3967731856,ilheus-ISSQN,ilheus,ISSQN
2021-04-01,2021-04-01,10,2022-02-01,3599759.875636779,3147606.4942637966,869838.3967731856,ilheus-ISSQN,ilheus,ISSQN
2021-04-01,2021-04-01,11,2022-03-01,3916152.370216925,3146621.9407012765,869838.3967731856,ilheus-ISSQN,ilheus,ISSQN
2021-04-01,2021-04-01,12,2022-04-01,4291180.637975705,3145677.613801811,869838.3967731856,ilheus-ISSQN,ilheus,ISSQN
2021-05-01,2021-05-01,1,2021-06-01,3570687.46514713,3163120.0769504197,873505.6528754403,ilheus-ISSQN,ilheus,ISSQN
2021-05-01,2021-05-01,2,2021-07-01,5196171.231922152,3161812.621744756,873505.6528754403,ilheus-ISSQN,ilheus,ISSQN
2021-05-01,2021-05-01,3,2021-08-01,4443752.31085364,3160559.159053833,873505.6528754403,ilheus-ISSQN,ilheus,ISSQN
2021-05-01,2021-05-01,4,2021-09-01,4222245.176809426,3159357.4592091804,873505.6528754403,ilheus-ISSQN,ilheus,ISSQN
2021-05-01,2021-05-01,5,2021-10-01,2634720.4943755055,3158205.3846184523,873505.6528754403,ilheus-ISSQN,ilheus,ISSQN
2021-05-01,2021-05-01,6,2021-11-01,1977895.37325985,3157100.885963062,873505.6528754403,ilheus-ISSQN,ilheus,ISSQN
2021-05-01,2021-05-01,7,2021-12-01,1851041.825639648,3156041.9985528393,873505.6528754403,ilheus-ISSQN,ilheus,ISSQN
2021-05-01,2021-05-01,8,2022-01-01,4595502.996233166,3155026.838831227,873505.6528754403,ilheus-ISSQN,ilheus,ISSQN
2021-05-01,2021-05-01,9,2022-02-01,3599759.875636779,3154053.601024794,873505.6528754403,ilheus-ISSQN,ilheus,ISSQN
2021-05-01,2021-05-01,10,2022-03-01,3916152.370216925,3153120.553931115,873505.6528754403,ilheus-ISSQN,ilheus,ISSQN
2021-05-01,2021-05-01,11,2022-04-01,4291180.637975705,3152226.037839295,873505.6528754403,ilheus-ISSQN,ilheus,ISSQN
2021-05-01,2021-05-01,12,2022-05-01,5257128.1446916275,3151368.46157766,873505.6528754403,ilheus-ISSQN,ilheus,ISSQN
2021-06-01,2021-06-01,1,2021-07-01,5196171.231922152,3177176.136413199,872481.1593890731,ilheus-ISSQN,ilheus,ISSQN
2021-06-01,2021-06-01,2,2021-08-01,4443752.31085364,3176120.117513746,872481.1593890731,ilheus-ISSQN,ilheus,ISSQN
2021-06-01,2021-06-01,3,2021-09-01,4222245.176809426,3175109.8097941913,872481.1593890731,ilheus-ISSQN,ilheus,ISSQN
2021-06-01,2021-06-01,4,2021-10-01,2634720.4943755055,3174143.234585433,872481.1593890731,ilheus-ISSQN,ilheus,ISSQN
2021-06-01,2021-06-01,5,2021-11-01,1977895.37325985,3173218.4988676873,872481.1593890731,ilheus-ISSQN,ilheus,ISSQN
2021-06-01,2021-06-01,6,2021-12-01,1851041.825639648,3172333.791563045,872481.1593890731,ilheus-ISSQN,ilheus,ISSQN
2021-06-01,2021-06-01,7,2022-01-01,4595502.996233166,3171487.3799885083,872481.1593890731,ilheus-ISSQN,ilheus,ISSQN
2021-06-01,2021-06-01,8,2022-02-01,3599759.875636779,3170677.6064625634,872481.1593890731,ilheus-ISSQN,ilheus,ISSQN
2021-06-01,2021-06-01,9,2022-03-01,3916152.370216925,3169902.8850586405,872481.1593890731,ilheus-ISSQN,ilheus,ISSQN
2021-06-01,2021-06-01,10,2022-04-01,4291180.637975705,3169161.6984991077,872481.1593890731,ilheus-ISSQN,ilheus,ISSQN
2021-06-01,2021-06-01,11,2022-05-01,5257128.1446916275,3168452.5951837087,872481.1593890731,ilheus-ISSQN,ilheus,ISSQN
2021-06-01,2021-06-01,12,2022-06-01,5307608.8770729955,3167774.1863466315,872481.1593890731,ilheus-ISSQN,ilheus,ISSQN
2021-07-01,2021-07-01,1,2021-08-01,4443752.31085364,3274516.6372205573,870448.9488895449,ilheus-ISSQN,ilheus,ISSQN
2021-07-01,2021-07-01,2,2021-09-01,4222245.176809426,3274378.6198705435,870448.9488895449,ilheus-ISSQN,ilheus,ISSQN
2021-07-01,2021-07-01,3,2021-10-01,2634720.4943755055,3274248.7172906725,870448.9488895449,ilheus-ISSQN,ilheus,ISSQN
2021-07-01,2021-07-01,4,2021-11-01,1977895.37325985,3274126.452370678,870448.9488895449,ilheus-ISSQN,ilheus,ISSQN
2021-07-01,2021-07-01,5,2021-12-01,1851041.825639648,3274011.376052133,870448.9488895449,ilheus-ISSQN,ilheus,ISSQN
2021-07-01,2021-07-01,6,2022-01-01,4595502.996233166,3273903.065679128,870448.9488895449,ilheus-ISSQN,ilheus,ISSQN
2021-07-01,2021-07-01,7,2022-02-01,3599759.875636779,3273801.123445932,870448.9488895449,ilheus-ISSQN,ilheus,ISSQN
2021-07-01,2021-07-01,8,2022-03-01,3916152.370216925,3273705.1749359174,870448.9488895449,ilheus-ISSQN,ilheus,ISSQN
2021-07-01,2021-07-01,9,2022-04-01,4291180.637975705,3273614.8677463904,870448.9488895449,ilheus-ISSQN,ilheus,ISSQN
2021-07-01,2021-07-01,10,2022-05-01,5257128.1446916275,3273529.870194276,870448.9488895449,ilheus-ISSQN,ilheus,ISSQN
2021-07-01,2021-07-01,11,2022-06-01,5307608.8770729955,3273449.8700979017,870448.9488895449,ilheus-ISSQN,ilheus,ISSQN
2021-07-01,2021-07-01,12,2022-07-01,4379280.2105701715,3273374.5736304075,870448.9488895449,ilheus-ISSQN,ilheus,ISSQN
2021-08-01,2021-08-01,1,2021-09-01,4222245.176809426,3217182.513750249,874474.7730374555,ilheus-ISSQN,ilheus,ISSQN
2021-08-01,2021-08-01,2,2021-10-01,2634720.4943755055,3214673.7542422996,874474.7730374555,ilheus-ISSQN,ilheus,ISSQN
2021-08-01,2021-08-01,3,2021-11-01,1977895.37325985,3212215.710310838,874474.7730374555,ilheus-ISSQN,ilheus,ISSQN
2021-08-01,2021-08-01,4,2021-12-01,1851041.825639648,3209807.3567202096,874474.7730374555,ilheus-ISSQN,ilheus,ISSQN
2021-08-01,2021-08-01,5,2022-01-01,4595502.996233166,3207447.688960307,874474.7730374555,ilheus-ISSQN,ilheus,ISSQN
2021-08-01,2021-08-01,6,2022-02-01,3599759.875636779,3205135.7228275966,874474.7730374555,ilheus-ISSQN,ilheus,ISSQN
2021-08-01,2021-08-01,7,2022-03-01,3916152.370216925,3202870.494014614,874474.7730374555,ilheus-ISSQN,ilheus,ISSQN
2021-08-01,2021-08-01,8,2022-04-01,4291180.637975705,3200651.057707753,874474.7730374555,ilheus-ISSQN,ilheus,ISSQN
2021-08-01,2021-08-01,9,2022-05-01,5257128.1446916275,3198476.488193196,874474.7730374555,ilheus-ISSQN,ilheus,ISSQN
2021-08-01,2021-08-01,10,2022-06-01,5307608.8770729955,3196345.878470796,874474.7730374555,ilheus-ISSQN,ilheus,ISSQN
2021-08-01,2021-08-01,11,2022-07-01,4379280.2105701715,3194258.339875781,874474.7730374555,ilheus-ISSQN,ilheus,ISSQN
2021-08-01,2021-08-01,12,2022-08-01,4468730.572282989,3192213.0017080894,874474.7730374555,ilheus-ISSQN,ilheus,ISSQN
2021-09-01,2021-09-01,1,2021-10-01,2634720.4943755055,4012671.365981094,869484.2300280825,ilheus-ISSQN,ilheus,ISSQN
2021-09-01,2021-09-01,2,2021-11-01,1977895.37325985,4071558.320441484,869484.2300280825,ilheus-ISSQN,ilheus,ISSQN
2021-09-01,2021-09-01,3,2021-12-01,1851041.825639648,4129267.535812666,869484.2300280825,ilheus-ISSQN,ilheus,ISSQN
2021-09-01,2021-09-01,4,2022-01-01,4595502.996233166,4185822.5668764245,869484.2300280825,ilheus-ISSQN,ilheus,ISSQN
2021-09-01,2021-09-01,5,2022-02-01,3599759.875636779,4241246.497318908,869484.2300280825,ilheus-ISSQN,ilheus,ISSQN
2021-09-01,2021-09-01,6,2022-03-01,3916152.370216925,4295561.949152541,869484.2300280825,ilheus-ISSQN,ilheus,ISSQN
2021-09-01,2021-09-01,7,2022-04-01,4291180.637975705,4348791.091949502,869484.2300280825,ilheus-ISSQN,ilheus,ISSQN
2021-09-01,2021-09-01,8,2022-05-01,5257128.1446916275,4400955.651890524,869484.2300280825,ilheus-ISSQN,ilheus,ISSQN
2021-09-01,2021-09-01,9,2022-06-01,5307608.8770729955,4452076.920632725,869484.2300280825,ilheus-ISSQN,ilheus,ISSQN
2021-09-01,2021-09-01,10,2022-07-01,4379280.2105701715,4502175.764000082,869484.2300280825,ilheus-ISSQN,ilheus,ISSQN
2021-09-01,2021-09-01,11,2022-08-01,4468730.572282989,4551272.630500092,869484.2300280825,ilheus-ISSQN,ilheus,ISSQN
2021-09-01,2021-09-01,12,2022-09-01,5802108.660436498,4599387.559670102,869484.2300280825,ilheus-ISSQN,ilheus,ISSQN
2021-10-01,2021-10-01,1,2021-11-01,1977895.37325985,3304587.6735550947,870019.3496107172,ilheus-ISSQN,ilheus,ISSQN
2021-10-01,2021-10-01,2,2021-12-01,1851041.825639648,3304630.066228367,870019.3496107172,ilheus-ISSQN,ilheus,ISSQN
2021-10-01,2021-10-01,3,2022-01-01,4595502.996233166,3304669.823479857,870019.3496107172,ilheus-ISSQN,ilheus,ISSQN
2021-10-01,2021-10-01,4,2022-02-01,3599759.875636779,3304707.1091456115,870019.3496107172,ilheus-ISSQN,ilheus,ISSQN
2021-10-01,2021-10-01,5,2022-03-01,3916152.370216925,3304742.0768764946,870019.3496107172,ilheus-ISSQN,ilheus,ISSQN
2021-10-01,2021-10-01,6,2022-04-01,4291180.637975705,3304774.8707713694,870019.3496107172,ilheus-ISSQN,ilheus,ISSQN
2021-10-01,2021-10-01,7,2022-05-01,5257128.1446916275,3304805.6259709187,870019.3496107172,ilheus-ISSQN,ilheus,ISSQN
2021-10-01,2021-10-01,8,2022-06-01,5307608.8770729955,3304834.469214544,870019.3496107172,ilheus-ISSQN,ilheus,ISSQN
2021-10-01,2021-10-01,9,2022-07-01,4379280.2105701715,3304861.51936265,870019.3496107172,ilheus-ISSQN,ilheus,ISSQN
2021-10-01,2021-10-01,10,2022-08-01,4468730.572282989,3304886.8878864553,870019.3496107172,ilheus-ISSQN,ilheus,ISSQN
2021-10-01,2021-10-01,11,2022-09-01,5802108.660436498,3304910.679327359,870019.3496107172,ilheus-ISSQN,ilheus,ISSQN
2021-10-01,2021-10-01,12,2022-10-01,3184201.4593452825,3304932.991727741,870019.3496107172,ilheus-ISSQN,ilheus,ISSQN
2021-11-01,2021-11-01,1,2021-12-01,1851041.825639648,3278543.2756373994,866339.0218317595,ilheus-ISSQN,ilheus,ISSQN
2021-11-01,2021-11-01,2,2022-01-01,4595502.996233166,3278472.7210785304,866339.0218317595,ilheus-ISSQN,ilheus,ISSQN
2021-11-01,2021-11-01,3,2022-02-01,3599759.875636779,3278406.525947256,866339.0218317595,ilheus-ISSQN,ilheus,ISSQN
2021-11-01,2021-11-01,4,2022-03-01,3916152.370216925,3278344.4208831093,866339.0218317595,ilheus-ISSQN,ilheus,ISSQN
2021-11-01,2021-11-01,5,2022-04-01,4291180.637975705,3278286.153168876,866339.0218317595,ilheus-ISSQN,ilheus,ISSQN
2021-11-01,2021-11-01,6,2022-05-01,5257128.1446916275,3278231.485702244,866339.0218317595,ilheus-ISSQN,ilheus,ISSQN
2021-11-01,2021-11-01,7,2022-06-01,5307608.8770729955,3278180.196030986,866339.0218317595,ilheus-ISSQN,ilheus,ISSQN
2021-11-01,2021-11-01,8,2022-07-01,4379280.2105701715,3278132.0754477615,866339.0218317595,ilheus-ISSQN,ilheus,ISSQN
2021-11-01,2021-11-01,9,2022-08-01,4468730.572282989,3278086.9281408456,866339.0218317595,ilheus-ISSQN,ilheus,ISSQN
2021-11-01,2021-11-01,10,2022-09-01,5802108.660436498,3278044.5703973365,866339.0218317595,ilheus-ISSQN,ilheus,ISSQN
2021-11-01,2021-11-01,11,2022-10-01,3184201.4593452825,3278004.829855591,866339.0218317595,ilheus-ISSQN,ilheus,ISSQN
2021-11-01,2021-11-01,12,2022-11-01,2246811.650573443,3277967.5448038536,866339.0218317595,ilheus-ISSQN,ilheus,ISSQN
2021-12-01,2021-12-01,1,2022-01-01,4595502.996233166,3207005.5345908124,862076.6934729686,ilheus-ISSQN,ilheus,ISSQN
2021-12-01,2021-12-01,2,2022-02-01,3599759.875636779,3206433.6566297007,862076.6934729686,ilheus-ISSQN,ilheus,ISSQN
2021-12-01,2021-12-01,3,2022-03-01,3916152.370216925,3205888.523313694,862076.6934729686,ilheus-ISSQN,ilheus,ISSQN
2021-12-01,2021-12-01,4,2022-04-01,4291180.637975705,3205368.883893349,862076.6934729686,ilheus-ISSQN,ilheus,ISSQN
2021-12-01,2021-12-01,5,2022-05-01,5257128.1446916275,3204873.5461122096,862076.6934729686,ilheus-ISSQN,ilheus,ISSQN
2021-12-01,2021-12-01,6,2022-06-01,5307608.8770729955,3204401.3734713,862076.6934729686,ilheus-ISSQN,ilheus,ISSQN
2021-12-01,2021-12-01,7,2022-07-01,4379280.2105701715,3203951.2826215564,862076.6934729686,ilheus-ISSQN,ilheus,ISSQN
2021-12-01,2021-12-01,8,2022-08-01,4468730.572282989,3203522.2408781964,862076.6934729686,ilheus-ISSQN,ilheus,ISSQN
2021-12-01,2021-12-01,9,2022-09-01,5802108.660436498,3203113.2638513353,862076.6934729686,ilheus-ISSQN,ilheus,ISSQN
2021-12-01,2021-12-01,10,2022-10-01,3184201.4593452825,3202723.4131874107,862076.6934729686,ilheus-ISSQN,ilheus,ISSQN
2021-12-01,2021-12-01,11,2022-11-01,2246811.650573443,3202351.7944162325,862076.6934729686,ilheus-ISSQN,ilheus,ISSQN
2021-12-01,2021-12-01,12,2022-12-01,5275407.576307106,3201997.554898716,862076.6934729686,ilheus-ISSQN,ilheus,ISSQN
2022-01-01,2022-01-01,1,2022-02-01,3599759.875636779,3243798.1835940126,860702.0397066857,ilheus-ISSQN,ilheus,ISSQN
2022-01-01,2022-01-01,2,2022-03-01,3916152.370216925,3243573.663847096,860702.0397066857,ilheus-ISSQN,ilheus,ISSQN
2022-01-01,2022-01-01,3,2022-04-01,4291180.637975705,3243360.503773676,860702.0397066857,ilheus-ISSQN,ilheus,ISSQN
2022-01-01,2022-01-01,4,2022-05-01,5257128.1446916275,3243158.1286261706,860702.0397066857,ilheus-ISSQN,ilheus,ISSQN
2022-01-01,2022-01-01,5,2022-06-01,5307608.8770729955,3242965.9927365975,860702.0397066857,ilheus-ISSQN,ilheus,ISSQN
2022-01-01,2022-01-01,6,2022-07-01,4379280.2105701715,3242783.578045283,860702.0397066857,ilheus-ISSQN,ilheus,ISSQN
2022-01-01,2022-01-01,7,2022-08-01,4468730.572282989,3242610.392704005,860702.0397066857,ilheus-ISSQN,ilheus,ISSQN
2022-01-01,2022-01-01,8,2022-09-01,5802108.660436498,3242445.9697498153,860702.0397066857,ilheus-ISSQN,ilheus,ISSQN
2022-01-01,2022-01-01,9,2022-10-01,3184201.4593452825,3242289.8658459573,860702.0397066857,ilheus-ISSQN,ilheus,ISSQN
2022-01-01,2022-01-01,10,2022-11-01,2246811.650573443,3242141.660086489,860702.0397066857,ilheus-ISSQN,ilheus,ISSQN
2022-01-01,2022-01-01,11,2022-12-01,5275407.576307106,3242000.9528613864,860702.0397066857,ilheus-ISSQN,ilheus,ISSQN
2022-01-01,2022-01-01,12,2023-01-01,7044916.168374341,3241867.3647790663,860702.0397066857,ilheus-ISSQN,ilheus,ISSQN
2022-02-01,2022-02-01,1,2022-03-01,3916152.370216925,3251014.7721576015,876249.1551997798,ilheus-ISSQN,ilheus,ISSQN
2022-02-01,2022-02-01,2,2022-04-01,4291180.637975705,3250811.568475298,876249.1551997798,ilheus-ISSQN,ilheus,ISSQN
2022-02-01,2022-02-01,3,2022-05-01,5257128.1446916275,3250619.0205357345,876249.1551997798,ilheus-ISSQN,ilheus,ISSQN
2022-02-01,2022-02-01,4,2022-06-01,5307608.8770729955,3250436.5695653087,876249.1551997798,ilheus-ISSQN,ilheus,ISSQN
2022-02-01,2022-02-01,5,2022-07-01,4379280.2105701715,3250263.6860917974,876249.1551997798,ilheus-ISSQN,ilheus,ISSQN
2022-02-01,2022-02-01,6,2022-08-01,4468730.572282989,3250099.868407827,876249.1551997798,ilheus-ISSQN,ilheus,ISSQN
2022-02-01,2022-02-01,7,2022-09-01,5802108.660436498,3249944.6411149194,876249.1551997798,ilheus-ISSQN,ilheus,ISSQN
2022-02-01,2022-02-01,8,2022-10-01,3184201.4593452825,3249797.553743891,876249.1551997798,ilheus-ISSQN,ilheus,ISSQN
2022-02-01,2022-02-01,9,2022-11-01,2246811.650573443,3249658.1794475866,876249.1551997798,ilheus-ISSQN,ilheus,ISSQN
2022-02-01,2022-02-01,10,2022-12-01,5275407.576307106,3249526.1137621747,876249.1551997798,ilheus-ISSQN,ilheus,ISSQN
2022-02-01,2022-02-01,11,2023-01-01,7044916.168374341,3249400.973433393,876249.1551997798,ilheus-ISSQN,ilheus,ISSQN
2022-02-01,2022-02-01,12,2023-02-01,5490957.798547088,3249282.3953043446,876249.1551997798,ilheus-ISSQN,ilheus,ISSQN
2022-03-01,2022-03-01,1,2022-04-01,4291180.637975705,3268269.7897161106,867849.6601761332,ilheus-ISSQN,ilheus,ISSQN
2022-03-01,2022-03-01,2,2022-05-01,5257128.1446916275,3268173.791723291,867849.6601761332,ilheus-ISSQN,ilheus,ISSQN
2022-03-01,2022-03-01,3,2022-06-01,5307608.8770729955,3268083.0251005166,867849.6601761332,ilheus-ISSQN,ilheus,ISSQN
2022-03-01,2022-03-01,4,2022-07-01,4379280.2105701715,3267997.2047664877,867849.6601761332,ilheus-ISSQN,ilheus,ISSQN
2022-03-01,2022-03-01,5,2022-08-01,4468730.572282989,3267916.0611752896,867849.6601761332,ilheus-ISSQN,ilheus,ISSQN
2022-03-01,2022-03-01,6,2022-09-01,5802108.660436498,3267839.3394697984,867849.6601761332,ilheus-ISSQN,ilheus,ISSQN
2022-03-01,2022-03-01,7,2022-10-01,3184201.4593452825,3267766.7986812214,867849.6601761332,ilheus-ISSQN,ilheus,ISSQN
2022-03-01,2022-03-01,8,2022-11-01,2246811.650573443,3267698.2109722584,867849.6601761332,ilheus-ISSQN,ilheus,ISSQN
2022-03-01,2022-03-01,9,2022-12-01,5275407.576307106,3267633.360921507,867849.6601761332,ilheus-ISSQN,ilheus,ISSQN
2022-03-01,2022-03-01,10,2023-01-01,7044916.168374341,3267572.0448468616,867849.6601761332,ilheus-ISSQN,ilheus,ISSQN
2022-03-01,2022-03-01,11,2023-02-01,5490957.798547088,3267514.070165789,867849.6601761332,ilheus-ISSQN,ilheus,ISSQN
2022-03-01,2022-03-01,12,2023-03-01,5017034.708914244,3267459.2547904584,867849.6601761332,ilheus-ISSQN,ilheus,ISSQN
2022-04-01,2022-04-01,1,2022-05-01,5257128.1446916275,3310668.0623311503,858241.4191512637,ilheus-ISSQN,ilheus,ISSQN
2022-04-01,2022-04-01,2,2022-06-01,5307608.8770729955,3310797.168078944,858241.4191512637,ilheus-ISSQN,ilheus,ISSQN
2022-04-01,2022-04-01,3,2022-07-01,4379280.2105701715,3310917.9590099095,858241.4191512637,ilheus-ISSQN,ilheus,ISSQN
2022-04-01,2022-04-01,4,2022-08-01,4468730.572282989,3311030.9706244417,858241.4191512637,ilheus-ISSQN,ilheus,ISSQN
2022-04-01,2022-04-01,5,2022-09-01,5802108.660436498,3311136.7039350225,858241.4191512637,ilheus-ISSQN,ilheus,ISSQN
2022-04-01,2022-04-01,6,2022-10-01,3184201.4593452825,3311235.627687353,858241.4191512637,ilheus-ISSQN,ilheus,ISSQN
2022-04-01,2022-04-01,7,2022-11-01,2246811.650573443,3311328.1804384333,858241.4191512637,ilheus-ISSQN,ilheus,ISSQN
2022-04-01,2022-04-01,8,2022-12-01,5275407.576307106,3311414.7725008125,858241.4191512637,ilheus-ISSQN,ilheus,ISSQN
2022-04-01,2022-04-01,9,2023-01-01,7044916.168374341,3311495.7877616184,858241.4191512637,ilheus-ISSQN,ilheus,ISSQN
2022-04-01,2022-04-01,10,2023-02-01,5490957.798547088,3311571.585384438,858241.4191512637,ilheus-ISSQN,ilheus,ISSQN
2022-04-01,2022-04-01,11,2023-03-01,5017034.708914244,3311642.5014015934,858241.4191512637,ilheus-ISSQN,ilheus,ISSQN
2022-04-01,2022-04-01,12,2023-04-01,5120423.472637157,3311708.8502038657,858241.4191512637,ilheus-ISSQN,ilheus,ISSQN
2022-05-01,2022-05-01,1,2022-06-01,5307608.8770729955,3356715.3151258784,870524.072714053,ilheus-ISSQN,ilheus,ISSQN
2022-05-01,2022-05-01,2,2022-07-01,4379280.2105701715,3357004.8618345954,870524.072714053,ilheus-ISSQN,ilheus,ISSQN
2022-05-01,2022-05-01,3,2022-08-01,4468730.572282989,3357273.6588998763,870524.072714053,ilheus-ISSQN,ilheus,ISSQN
2022-05-01,2022-05-01,4,2022-09-01,5802108.660436498,3357523.1932932176,870524.072714053,ilheus-ISSQN,ilheus,ISSQN
2022-05-01,2022-05-01,5,2022-10-01,3184201.4593452825,3357754.845426008,870524.072714053,ilheus-ISSQN,ilheus,ISSQN
2022-05-01,2022-05-01,6,2022-11-01,2246811.650573443,3357969.8967858944,870524.072714053,ilheus-ISSQN,ilheus,ISSQN
2022-05-01,2022-05-01,7,2022-12-01,5275407.576307106,3358169.537025904,870524.072714053,ilheus-ISSQN,ilheus,ISSQN
2022-05-01,2022-05-01,8,2023-01-01,7044916.168374341,3358354.8705455433,870524.072714053,ilheus-ISSQN,ilheus,ISSQN
2022-05-01,2022-05-01,9,2023-02-01,5490957.798547088,3358526.9226002805,870524.072714053,ilheus-ISSQN,ilheus,ISSQN
2022-05-01,2022-05-01,10,2023-03-01,5017034.708914244,3358686.644973206,870524.072714053,ilheus-ISSQN,ilheus,ISSQN
2022-05-01,2022-05-01,11,2023-04-01,5120423.472637157,3358834.9212402455,870524.072714053,ilheus-ISSQN,ilheus,ISSQN
2022-05-01,2022-05-01,12,2023-05-01,5944098.506612575,3358972.5716580576,870524.072714053,ilheus-ISSQN,ilheus,ISSQN
2022-06-01,2022-06-01,1,2022-07-01,4379280.2105701715,3955009.3534300546,881631.7309090763,ilheus-ISSQN,ilheus,ISSQN
2022-06-01,2022-06-01,2,2022-08-01,4468730.572282989,4006169.0431035617,881631.7309090763,ilheus-ISSQN,ilheus,ISSQN
2022-06-01,2022-06-01,3,2022-09-01,5802108.660436498,4056303.584732427,881631.7309090763,ilheus-ISSQN,ilheus,ISSQN
2022-06-01,2022-06-01,4,2022-10-01,3184201.4593452825,4105433.520437216,881631.7309090763,ilheus-ISSQN,ilheus,ISSQN
2022-06-01,2022-06-01,5,2022-11-01,2246811.650573443,4153578.980711396,881631.7309090763,ilheus-ISSQN,ilheus,ISSQN
2022-06-01,2022-06-01,6,2022-12-01,5275407.576307106,4200759.692669597,881631.7309090763,ilheus-ISSQN,ilheus,ISSQN
2022-06-01,2022-06-01,7,2023-01-01,7044916.168374341,4246994.988130602,881631.7309090763,ilheus-ISSQN,ilheus,ISSQN
2022-06-01,2022-06-01,8,2023-02-01,5490957.798547088,4292303.81153836,881631.7309090763,ilheus-ISSQN,ilheus,ISSQN
2022-06-01,2022-06-01,9,2023-03-01,5017034.708914244,4336704.72772428,881631.7309090763,ilheus-ISSQN,ilheus,ISSQN
2022-06-01,2022-06-01,10,2023-04-01,5120423.472637157,4380215.929513987,881631.7309090763,ilheus-ISSQN,ilheus,ISSQN
2022-06-01,2022-06-01,11,2023-05-01,5944098.506612575,4422855.245181643,881631.7309090763,ilheus-ISSQN,ilheus,ISSQN
2022-06-01,2022-06-01,12,2023-06-01,5820348.99620249,4464640.145754905,881631.7309090763,ilheus-ISSQN,ilheus,ISSQN
2022-07-01,2022-07-01,1,2022-08-01,4468730.572282989,4030302.4630987695,880812.2282564548,ilheus-ISSQN,ilheus,ISSQN
2022-07-01,2022-07-01,2,2022-09-01,5802108.660436498,4083314.679904319,880812.2282564548,ilheus-ISSQN,ilheus,ISSQN
2022-07-01,2022-07-01,3,2022-10-01,3184201.4593452825,4135266.606335152,880812.2282564548,ilheus-ISSQN,ilheus,ISSQN
2022-07-01,2022-07-01,4,2022-11-01,2246811.650573443,4186179.449119574,880812.2282564548,ilheus-ISSQN,ilheus,ISSQN
2022-07-01,2022-07-01,5,2022-12-01,5275407.576307106,4236073.990832909,880812.2282564548,ilheus-ISSQN,ilheus,ISSQN
2022-07-01,2022-07-01,6,2023-01-01,7044916.168374341,4284970.598380925,880812.2282564548,ilheus-ISSQN,ilheus,ISSQN
2022-07-01,2022-07-01,7,2023-02-01,5490957.798547088,4332889.231313588,880812.2282564548,ilheus-ISSQN,ilheus,ISSQN
2022-07-01,2022-07-01,8,2023-03-01,5017034.708914244,4379849.449972528,880812.2282564548,ilheus-ISSQN,ilheus,ISSQN
2022-07-01,2022-07-01,9,2023-04-01,5120423.472637157,4425870.423475558,880812.2282564548,ilheus-ISSQN,ilheus,ISSQN
2022-07-01,2022-07-01,10,2023-05-01,5944098.506612575,4470970.937541487,880812.2282564548,ilheus-ISSQN,ilheus,ISSQN
2022-07-01,2022-07-01,11,2023-06-01,5820348.99620249,4515169.402158431,880812.2282564548,ilheus-ISSQN,ilheus,ISSQN
2022-07-01,2022-07-01,12,2023-07-01,6410704.047477755,4558483.859098757,880812.2282564548,ilheus-ISSQN,ilheus,ISSQN
2022-08-01,2022-08-01,1,2022-09-01,5802108.660436498,4101487.4589165584,870114.3036711158,ilheus-ISSQN,ilheus,ISSQN
2022-08-01,2022-08-01,2,2022-10-01,3184201.4593452825,4156321.340325168,870114.3036711158,ilheus-ISSQN,ilheus,ISSQN
2022-08-01,2022-08-01,3,2022-11-01,2246811.650573443,4210058.544105605,870114.3036711158,ilheus-ISSQN,ilheus,ISSQN
2022-08-01,2022-08-01,4,2022-12-01,5275407.576307106,4262721.003810434,870114.3036711158,ilheus-ISSQN,ilheus,ISSQN
2022-08-01,2022-08-01,5,2023-01-01,7044916.168374341,4314330.214321166,870114.3036711158,ilheus-ISSQN,ilheus,ISSQN
2022-08-01,2022-08-01,6,2023-02-01,5490957.798547088,4364907.240621683,870114.3036711158,ilheus-ISSQN,ilheus,ISSQN
2022-08-01,2022-08-01,7,2023-03-01,5017034.708914244,4414472.72639619,870114.3036711158,ilheus-ISSQN,ilheus,ISSQN
2022-08-01,2022-08-01,8,2023-04-01,5120423.472637157,4463046.902455207,870114.3036711158,ilheus-ISSQN,ilheus,ISSQN
2022-08-01,2022-08-01,9,2023-05-01,5944098.506612575,4510649.594993044,870114.3036711158,ilheus-ISSQN,ilheus,ISSQN
2022-08-01,2022-08-01,10,2023-06-01,5820348.99620249,4557300.233680123,870114.3036711158,ilheus-ISSQN,ilheus,ISSQN
2022-08-01,2022-08-01,11,2023-07-01,6410704.047477755,4603017.859593462,870114.3036711158,ilheus-ISSQN,ilheus,ISSQN
2022-08-01,2022-08-01,12,2023-08-01,5321090.6821164945,4647821.132988533,870114.3036711158,ilheus-ISSQN,ilheus,ISSQN
2022-09-01,2022-09-01,1,2022-10-01,3184201.4593452825,4210834.803824649,878876.6392261275,ilheus-ISSQN,ilheus,ISSQN
2022-09-01,2022-09-01,2,2022-11-01,2246811.650573443,4276830.1098543,878876.6392261275,ilheus-ISSQN,ilheus,ISSQN
2022-09-01,2022-09-01,3,2022-12-01,5275407.576307106,4341502.113667975,878876.6392261275,ilheus-ISSQN,ilheus,ISSQN
2022-09-01,2022-09-01,4,2023-01-01,7044916.168374341,4404877.349406664,878876.6392261275,ilheus-ISSQN,ilheus,ISSQN
2022-09-01,2022-09-01,5,2023-02-01,5490957.798547088,4466981.819163099,878876.6392261275,ilheus-ISSQN,ilheus,ISSQN
2022-09-01,2022-09-01,6,2023-03-01,5017034.708914244,4527841.003650097,878876.6392261275,ilheus-ISSQN,ilheus,ISSQN
2022-09-01,2022-09-01,7,2023-04-01,5120423.472637157,4587479.872654993,878876.6392261275,ilheus-ISSQN,ilheus,ISSQN
2022-09-01,2022-09-01,8,2023-05-01,5944098.506612575,4645922.895284437,878876.6392261275,ilheus-ISSQN,ilheus,ISSQN
2022-09-01,2022-09-01,9,2023-06-01,5820348.99620249,4703194.050003773,878876.6392261275,ilheus-ISSQN,ilheus,ISSQN
2022-09-01,2022-09-01,10,2023-07-01,6410704.047477755,4759316.834475118,878876.6392261275,ilheus-ISSQN,ilheus,ISSQN
2022-09-01,2022-09-01,11,2023-08-01,5321090.6821164945,4814314.2751981625,878876.6392261275,ilheus-ISSQN,ilheus,ISSQN
2022-09-01,2022-09-01,12,2023-09-01,4693378.384150494,4868208.9369576685,878876.6392261275,ilheus-ISSQN,ilheus,ISSQN
2022-10-01,2022-10-01,1,2022-11-01,2246811.650573443,4247321.534061912,874859.6188083673,ilheus-ISSQN,ilheus,ISSQN
2022-10-01,2022-10-01,2,2022-12-01,5275407.576307106,4304363.667491687,874859.6188083673,ilheus-ISSQN,ilheus,ISSQN
2022-10-01,2022-10-01,3,2023-01-01,7044916.168374341,4360264.958252867,874859.6188083673,ilheus-ISSQN,ilheus,ISSQN
2022-10-01,2022-10-01,4,2023-02-01,5490957.798547088,4415048.223198824,874859.6188083673,ilheus-ISSQN,ilheus,ISSQN
2022-10-01,2022-10-01,5,2023-03-01,5017034.708914244,4468735.82284586,874859.6188083673,ilheus-ISSQN,ilheus,ISSQN
2022-10-01,2022-10-01,6,2023-04-01,5120423.472637157,4521349.670499956,874859.6188083673,ilheus-ISSQN,ilheus,ISSQN
2022-10-01,2022-10-01,7,2023-05-01,5944098.506612575,4572911.2412009705,874859.6188083673,ilheus-ISSQN,ilheus,ISSQN
2022-10-01,2022-10-01,8,2023-06-01,5820348.99620249,4623441.580487965,874859.6188083673,ilheus-ISSQN,ilheus,ISSQN
2022-10-01,2022-10-01,9,2023-07-01,6410704.047477755,4672961.312989219,874859.6188083673,ilheus-ISSQN,ilheus,ISSQN
2022-10-01,2022-10-01,10,2023-08-01,5321090.6821164945,4721490.650840448,874859.6188083673,ilheus-ISSQN,ilheus,ISSQN
2022-10-01,2022-10-01,11,2023-09-01,4693378.384150494,4769049.401934653,874859.6188083673,ilheus-ISSQN,ilheus,ISSQN
2022-10-01,2022-10-01,12,2023-10-01,2707167.420455185,4815656.978006973,874859.6188083673,ilheus-ISSQN,ilheus,ISSQN
2022-11-01,2022-11-01,1,2022-12-01,5275407.576307106,3853586.953788601,867559.0966216832,ilheus-ISSQN,ilheus,ISSQN
2022-11-01,2022-11-01,2,2023-01-01,7044916.168374341,3853853.6200425006,867559.0966216832,ilheus-ISSQN,ilheus,ISSQN
2022-11-01,2022-11-01,3,2023-02-01,5490957.798547088,3854106.3471784047,867559.0966216832,ilheus-ISSQN,ilheus,ISSQN
2022-11-01,2022-11-01,4,2023-03-01,5017034.708914244,3854345.86381873,867559.0966216832,ilheus-ISSQN,ilheus,ISSQN
2022-11-01,2022-11-01,5,2023-04-01,5120423.472637157,3854572.860499509,867559.0966216832,ilheus-ISSQN,ilheus,ISSQN
2022-11-01,2022-11-01,6,2023-05-01,5944098.506612575,3854787.9916612296,867559.0966216832,ilheus-ISSQN,ilheus,ISSQN
2022-11-01,2022-11-01,7,2023-06-01,5820348.99620249,3854991.8775356147,867559.0966216832,ilheus-ISSQN,ilheus,ISSQN
2022-11-01,2022-11-01,8,2023-07-01,6410704.047477755,3855185.1059337757,867559.0966216832,ilheus-ISSQN,ilheus,ISSQN
2022-11-01,2022-11-01,9,2023-08-01,5321090.6821164945,3855368.233940895,867559.0966216832,ilheus-ISSQN,ilheus,ISSQN
2022-11-01,2022-11-01,10,2023-09-01,4693378.384150494,3855541.7895223247,867559.0966216832,ilheus-ISSQN,ilheus,ISSQN
2022-11-01,2022-11-01,11,2023-10-01,2707167.420455185,3855706.273045731,867559.0966216832,ilheus-ISSQN,ilheus,ISSQN
2022-11-01,2022-11-01,12,2023-11-01,4091370.0444003586,3855862.1587236742,867559.0966216832,ilheus-ISSQN,ilheus,ISSQN
2022-12-01,2022-12-01,1,2023-01-01,7044916.168374341,4310139.435139781,897997.271074609,ilheus-ISSQN,ilheus,ISSQN
2022-12-01,2022-12-01,2,2023-02-01,5490957.798547088,4358936.300900344,897997.271074609,ilheus-ISSQN,ilheus,ISSQN
2022-12-01,2022-12-01,3,2023-03-01,5017034.708914244,4406757.113324501,897997.271074609,ilheus-ISSQN,ilheus,ISSQN
2022-12-01,2022-12-01,4,2023-04-01,5120423.472637157,4453621.39579968,897997.271074609,ilheus-ISSQN,ilheus,ISSQN
2022-12-01,2022-12-01,5,2023-05-01,5944098.506612575,4499548.2811991405,897997.271074609,ilheus-ISSQN,ilheus,ISSQN
2022-12-01,2022-12-01,6,2023-06-01,5820348.99620249,4544556.5196931865,897997.271074609,ilheus-ISSQN,ilheus,ISSQN
2022-12-01,2022-12-01,7,2023-07-01,6410704.047477755,4588664.486404135,897997.271074609,ilheus-ISSQN,ilheus,ISSQN
2022-12-01,2022-12-01,8,2023-08-01,5321090.6821164945,4631890.188908165,897997.271074609,ilheus-ISSQN,ilheus,ISSQN
2022-12-01,2022-12-01,9,2023-09-01,4693378.384150494,4674251.274587121,897997.271074609,ilheus-ISSQN,ilheus,ISSQN
2022-12-01,2022-12-01,10,2023-10-01,2707167.420455185,4715765.037833246,897997.271074609,ilheus-ISSQN,ilheus,ISSQN
2022-12-01,2022-12-01,11,2023-11-01,4091370.0444003586,4756448.427109823,897997.271074609,ilheus-ISSQN,ilheus,ISSQN
2022-12-01,2022-12-01,12,2023-12-01,4824284.21153272,4796318.051870568,897997.271074609,ilheus-ISSQN,ilheus,ISSQN
2023-01-01,2023-01-01,1,2023-02-01,5490957.798547088,4318997.835718794,916249.2228518628,ilheus-ISSQN,ilheus,ISSQN
2023-01-01,2023-01-01,2,2023-03-01,5017034.708914244,4387828.819914,916249.2228518628,ilheus-ISSQN,ilheus,ISSQN
2023-01-01,2023-01-01,3,2023-04-01,5120423.472637157,4455283.184425304,916249.2228518628,ilheus-ISSQN,ilheus,ISSQN
2023-01-01,2023-01-01,4,2023-05-01,5944098.506612575,4521388.46164638,916249.2228518628,ilheus-ISSQN,ilheus,ISSQN
2023-01-01,2023-01-01,5,2023-06-01,5820348.99620249,4586171.633323035,916249.2228518628,ilheus-ISSQN,ilheus,ISSQN
2023-01-01,2023-01-01,6,2023-07-01,6410704.047477755,4649659.141566157,916249.2228518628,ilheus-ISSQN,ilheus,ISSQN
2023-01-01,2023-01-01,7,2023-08-01,5321090.6821164945,4711876.899644417,916249.2228518628,ilheus-ISSQN,ilheus,ISSQN
2023-01-01,2023-01-01,8,2023-09-01,4693378.384150494,4772850.302561112,916249.2228518628,ilheus-ISSQN,ilheus,ISSQN
2023-01-01,2023-01-01,9,2023-10-01,2707167.420455185,4832604.237419472,916249.2228518628,ilheus-ISSQN,ilheus,ISSQN
2023-01-01,2023-01-01,10,2023-11-01,4091370.0444003586,4891163.093580665,916249.2228518628,ilheus-ISSQN,ilheus,ISSQN
2023-01-01,2023-01-01,11,2023-12-01,4824284.21153272,4948550.772618635,916249.2228518628,ilheus-ISSQN,ilheus,ISSQN
2023-01-01,2023-01-01,12,2024-01-01,6855005.067285447,5004790.698075845,916249.2228518628,ilheus-ISSQN,ilheus,ISSQN
2023-02-01,2023-02-01,1,2023-03-01,5017034.708914244,4404240.094617666,927585.83564324,ilheus-ISSQN,ilheus,ISSQN
2023-02-01,2023-02-01,2,2023-04-01,5120423.472637157,4481085.3315281,927585.83564324,ilheus-ISSQN,ilheus,ISSQN
2023-02-01,2023-02-01,3,2023-05-01,5944098.506612575,4556393.663700325,927585.83564324,ilheus-ISSQN,ilheus,ISSQN
2023-02-01,2023-02-01,4,2023-06-01,5820348.99620249,4630195.829229106,927585.83564324,ilheus-ISSQN,ilheus,ISSQN
2023-02-01,2023-02-01,5,2023-07-01,6410704.047477755,4702521.951447312,927585.83564324,ilheus-ISSQN,ilheus,ISSQN
2023-02-01,2023-02-01,6,2023-08-01,5321090.6821164945,4773401.551221153,927585.83564324,ilheus-ISSQN,ilheus,ISSQN
2023-02-01,2023-02-01,7,2023-09-01,4693378.384150494,4842863.558999517,927585.83564324,ilheus-ISSQN,ilheus,ISSQN
2023-02-01,2023-02-01,8,2023-10-01,2707167.420455185,4910936.326622315,927585.83564324,ilheus-ISSQN,ilheus,ISSQN
2023-02-01,2023-02-01,9,2023-11-01,4091370.0444003586,4977647.638892656,927585.83564324,ilheus-ISSQN,ilheus,ISSQN
2023-02-01,2023-02-01,10,2023-12-01,4824284.21153272,5043024.724917591,927585.83564324,ilheus-ISSQN,ilheus,ISSQN
2023-02-01,2023-02-01,11,2024-01-01,6855005.067285447,5107094.269222026,927585.83564324,ilheus-ISSQN,ilheus,ISSQN
2023-02-01,2023-02-01,12,2024-02-01,9086542.543679124,5169882.422640373,927585.83564324,ilheus-ISSQN,ilheus,ISSQN
2023-03-01,2023-03-01,1,2023-04-01,5120423.472637157,4489445.043056209,929577.7494714478,ilheus-ISSQN,ilheus,ISSQN
2023-03-01,2023-03-01,2,2023-05-01,5944098.506612575,4569610.369839816,929577.7494714478,ilheus-ISSQN,ilheus,ISSQN
2023-03-01,2023-03-01,3,2023-06-01,5820348.99620249,4648172.2808113,929577.7494714478,ilheus-ISSQN,ilheus,ISSQN
2023-03-01,2023-03-01,4,2023-07-01,6410704.047477755,4725162.846472579,929577.7494714478,ilheus-ISSQN,ilheus,ISSQN
2023-03-01,2023-03-01,5,2023-08-01,5321090.6821164945,4800613.495871821,929577.7494714478,ilheus-ISSQN,ilheus,ISSQN
2023-03-01,2023-03-01,6,2023-09-01,4693378.384150494,4874555.0294333855,929577.7494714478,ilheus-ISSQN,ilheus,ISSQN
2023-03-01,2023-03-01,7,2023-10-01,2707167.420455185,4947017.631531159,929577.7494714478,ilheus-ISSQN,ilheus,ISSQN
2023-03-01,2023-03-01,8,2023-11-01,4091370.0444003586,5018030.882810408,929577.7494714478,ilheus-ISSQN,ilheus,ISSQN
2023-03-01,2023-03-01,9,2023-12-01,4824284.21153272,5087623.7722631665,929577.7494714478,ilheus-ISSQN,ilheus,ISSQN
2023-03-01,2023-03-01,10,2024-01-01,6855005.067285447,5155824.709062116,929577.7494714478,ilheus-ISSQN,ilheus,ISSQN
2023-03-01,2023-03-01,11,2024-02-01,9086542.543679124,5222661.534157757,929577.7494714478,ilheus-ISSQN,ilheus,ISSQN
2023-03-01,2023-03-01,12,2024-03-01,7043675.816064964,5288161.531643628,929577.7494714478,ilheus-ISSQN,ilheus,ISSQN
2023-04-01,2023-04-01,1,2023-05-01,5944098.506612575,4573950.424718951,928437.5799849707,ilheus-ISSQN,ilheus,ISSQN
2023-04-01,2023-04-01,2,2023-06-01,5820348.99620249,4657704.000900991,928437.5799849707,ilheus-ISSQN,ilheus,ISSQN
2023-04-01,2023-04-01,3,2023-07-01,6410704.047477755,4739782.124984825,928437.5799849707,ilheus-ISSQN,ilheus,ISSQN
2023-04-01,2023-04-01,4,2023-08-01,5321090.6821164945,4820218.3136256365,928437.5799849707,ilheus-ISSQN,ilheus,ISSQN
2023-04-01,2023-04-01,5,2023-09-01,4693378.384150494,4899045.412993209,928437.5799849707,ilheus-ISSQN,ilheus,ISSQN
2023-04-01,2023-04-01,6,2023-10-01,2707167.420455185,4976295.612184675,928437.5799849707,ilheus-ISSQN,ilheus,ISSQN
2023-04-01,2023-04-01,7,2023-11-01,4091370.0444003586,5052000.456368961,928437.5799849707,ilheus-ISSQN,ilheus,ISSQN
2023-04-01,2023-04-01,8,2023-12-01,4824284.21153272,5126190.859668272,928437.5799849707,ilheus-ISSQN,ilheus,ISSQN
2023-04-01,2023-04-01,9,2024-01-01,6855005.067285447,5198897.117781895,928437.5799849707,ilheus-ISSQN,ilheus,ISSQN
2023-04-01,2023-04-01,10,2024-02-01,9086542.543679124,5270148.920357472,928437.5799849707,ilheus-ISSQN,ilheus,ISSQN
2023-04-01,2023-04-01,11,2024-03-01,7043675.816064964,5339975.363114779,928437.5799849707,ilheus-ISSQN,ilheus,ISSQN
2023-04-01,2023-04-01,12,2024-04-01,5890123.897076042,5408404.959726988,928437.5799849707,ilheus-ISSQN,ilheus,ISSQN
2023-05-01,2023-05-01,1,2023-06-01,5820348.99620249,4770075.768133406,925724.4651752627,ilheus-ISSQN,ilheus,ISSQN
2023-05-01,2023-05-01,2,2023-07-01,6410704.047477755,4860264.697603717,925724.4651752627,ilheus-ISSQN,ilheus,ISSQN
2023-05-01,2023-05-01,3,2023-08-01,5321090.6821164945,4948649.788741674,925724.4651752627,ilheus-ISSQN,ilheus,ISSQN
2023-05-01,2023-05-01,4,2023-09-01,4693378.384150494,5035267.119508822,925724.4651752627,ilheus-ISSQN,ilheus,ISSQN
2023-05-01,2023-05-01,5,2023-10-01,2707167.420455185,5120152.046283577,925724.4651752627,ilheus-ISSQN,ilheus,ISSQN
2023-05-01,2023-05-01,6,2023-11-01,4091370.0444003586,5203339.218293365,925724.4651752627,ilheus-ISSQN,ilheus,ISSQN
2023-05-01,2023-05-01,7,2023-12-01,4824284.21153272,5284862.591758113,925724.4651752627,ilheus-ISSQN,ilheus,ISSQN
2023-05-01,2023-05-01,8,2024-01-01,6855005.067285447,5364755.443750855,925724.4651752627,ilheus-ISSQN,ilheus,ISSQN
2023-05-01,2023-05-01,9,2024-02-01,9086542.543679124,5443050.38578112,925724.4651752627,ilheus-ISSQN,ilheus,ISSQN
2023-05-01,2023-05-01,10,2024-03-01,7043675.816064964,5519779.377106646,925724.4651752627,ilheus-ISSQN,ilheus,ISSQN
2023-05-01,2023-05-01,11,2024-04-01,5890123.897076042,5594973.737778846,925724.4651752627,ilheus-ISSQN,ilheus,ISSQN
2023-05-01,2023-05-01,12,2024-05-01,5072550.794914876,5668664.161427354,925724.4651752627,ilheus-ISSQN,ilheus,ISSQN
2023-06-01,2023-06-01,1,2023-07-01,6410704.047477755,4781818.769976226,921135.7502191985,ilheus-ISSQN,ilheus,ISSQN
2023-06-01,2023-06-01,2,2023-08-01,5321090.6821164945,4883083.116968952,921135.7502191985,ilheus-ISSQN,ilheus,ISSQN
2023-06-01,2023-06-01,3,2023-09-01,4693378.384150494,4982316.086861672,921135.7502191985,ilheus-ISSQN,ilheus,ISSQN
2023-06-01,2023-06-01,4,2023-10-01,2707167.420455185,5079558.4293658575,921135.7502191985,ilheus-ISSQN,ilheus,ISSQN
2023-06-01,2023-06-01,5,2023-11-01,4091370.0444003586,5174850.076748017,921135.7502191985,ilheus-ISSQN,ilheus,ISSQN
2023-06-01,2023-06-01,6,2023-12-01,4824284.21153272,5268230.16022775,921135.7502191985,ilheus-ISSQN,ilheus,ISSQN
2023-06-01,2023-06-01,7,2024-01-01,6855005.067285447,5359737.026046869,921135.7502191985,ilheus-ISSQN,ilheus,ISSQN
2023-06-01,2023-06-01,8,2024-02-01,9086542.543679124,5449408.251216158,921135.7502191985,ilheus-ISSQN,ilheus,ISSQN
2023-06-01,2023-06-01,9,2024-03-01,7043675.816064964,5537280.658946261,921135.7502191985,ilheus-ISSQN,ilheus,ISSQN
2023-06-01,2023-06-01,10,2024-04-01,5890123.897076042,5623390.333769013,921135.7502191985,ilheus-ISSQN,ilheus,ISSQN
2023-06-01,2023-06-01,11,2024-05-01,5072550.794914876,5707772.63635545,921135.7502191985,ilheus-ISSQN,ilheus,ISSQN
2023-06-01,2023-06-01,12,2024-06-01,2370445.2289252775,5790462.218036549,921135.7502191985,ilheus-ISSQN,ilheus,ISSQN
2023-07-01,2023-07-01,1,2023-08-01,5321090.6821164945,5322199.209710724,933336.7182047851,ilheus-ISSQN,ilheus,ISSQN
2023-07-01,2023-07-01,2,2023-09-01,4693378.384150494,5378457.852219468,933336.7182047851,ilheus-ISSQN,ilheus,ISSQN
2023-07-01,2023-07-01,3,2023-10-01,2707167.420455185,5423474.403014779,933336.7182047851,ilheus-ISSQN,ilheus,ISSQN
2023-07-01,2023-07-01,4,2023-11-01,4091370.0444003586,5459495.354732409,933336.7182047851,ilheus-ISSQN,ilheus,ISSQN
2023-07-01,2023-07-01,5,2023-12-01,4824284.21153272,5488318.286292482,933336.7182047851,ilheus-ISSQN,ilheus,ISSQN
2023-07-01,2023-07-01,6,2024-01-01,6855005.067285447,5511381.568746234,933336.7182047851,ilheus-ISSQN,ilheus,ISSQN
2023-07-01,2023-07-01,7,2024-02-01,9086542.543679124,5529836.145319506,933336.7182047851,ilheus-ISSQN,ilheus,ISSQN
2023-07-01,2023-07-01,8,2024-03-01,7043675.816064964,5544602.967743057,933336.7182047851,ilheus-ISSQN,ilheus,ISSQN
2023-07-01,2023-07-01,9,2024-04-01,5890123.897076042,5556418.9551553335,933336.7182047851,ilheus-ISSQN,ilheus,ISSQN
2023-07-01,2023-07-01,10,2024-05-01,5072550.794914876,5565873.769097189,933336.7182047851,ilheus-ISSQN,ilheus,ISSQN
2023-07-01,2023-07-01,11,2024-06-01,2370445.2289252775,5573439.239807003,933336.7182047851,ilheus-ISSQN,ilheus,ISSQN
2023-07-01,2023-07-01,12,2024-07-01,3169539.203390758,5579492.912297337,933336.7182047851,ilheus-ISSQN,ilheus,ISSQN
2023-08-01,2023-08-01,1,2023-09-01,4693378.384150494,5555742.135381771,932456.5376790104,ilheus-ISSQN,ilheus,ISSQN
2023-08-01,2023-08-01,2,2023-10-01,2707167.420455185,5643921.449681658,932456.5376790104,ilheus-ISSQN,ilheus,ISSQN
2023-08-01,2023-08-01,3,2023-11-01,4091370.0444003586,5730337.177695548,932456.5376790104,ilheus-ISSQN,ilheus,ISSQN
2023-08-01,2023-08-01,4,2023-12-01,4824284.21153272,5815024.59114916,932456.5376790104,ilheus-ISSQN,ilheus,ISSQN
2023-08-01,2023-08-01,5,2024-01-01,6855005.067285447,5898018.256333699,932456.5376790104,ilheus-ISSQN,ilheus,ISSQN
2023-08-01,2023-08-01,6,2024-02-01,9086542.543679124,5979352.048214548,932456.5376790104,ilheus-ISSQN,ilheus,ISSQN
2023-08-01,2023-08-01,7,2024-03-01,7043675.816064964,6059059.16425778,932456.5376790104,ilheus-ISSQN,ilheus,ISSQN
2023-08-01,2023-08-01,8,2024-04-01,5890123.897076042,6137172.137980146,932456.5376790104,ilheus-ISSQN,ilheus,ISSQN
2023-08-01,2023-08-01,9,2024-05-01,5072550.794914876,6213722.852228066,932456.5376790104,ilheus-ISSQN,ilheus,ISSQN
2023-08-01,2023-08-01,10,2024-06-01,2370445.2289252775,6288742.552191027,932456.5376790104,ilheus-ISSQN,ilheus,ISSQN
2023-08-01,2023-08-01,11,2024-07-01,3169539.203390758,6362261.85815473,932456.5376790104,ilheus-ISSQN,ilheus,ISSQN
2023-08-01,2023-08-01,12,2024-08-01,3889341.9897266403,6434310.777999158,932456.5376790104,ilheus-ISSQN,ilheus,ISSQN
2023-09-01,2023-09-01,1,2023-10-01,2707167.420455185,5503052.994105466,934351.9542231717,ilheus-ISSQN,ilheus,ISSQN
2023-09-01,2023-09-01,2,2023-11-01,4091370.0444003586,5581678.478299457,934351.9542231717,ilheus-ISSQN,ilheus,ISSQN
2023-09-01,2023-09-01,3,2023-12-01,4824284.21153272,5658693.091224869,934351.9542231717,ilheus-ISSQN,ilheus,ISSQN
2023-09-01,2023-09-01,4,2024-01-01,6855005.067285447,5734129.836255487,934351.9542231717,ilheus-ISSQN,ilheus,ISSQN
2023-09-01,2023-09-01,5,2024-02-01,9086542.543679124,5808021.040595186,934351.9542231717,ilheus-ISSQN,ilheus,ISSQN
2023-09-01,2023-09-01,6,2024-03-01,7043675.816064964,5880398.3691312345,934351.9542231717,ilheus-ISSQN,ilheus,ISSQN
2023-09-01,2023-09-01,7,2024-04-01,5890123.897076042,5951292.838003773,934351.9542231717,ilheus-ISSQN,ilheus,ISSQN
2023-09-01,2023-09-01,8,2024-05-01,5072550.794914876,6020734.827897279,934351.9542231717,ilheus-ISSQN,ilheus,ISSQN
2023-09-01,2023-09-01,9,2024-06-01,2370445.2289252775,6088754.097059725,934351.9542231717,ilheus-ISSQN,ilheus,ISSQN
2023-09-01,2023-09-01,10,2024-07-01,3169539.203390758,6155379.7940549925,934351.9542231717,ilheus-ISSQN,ilheus,ISSQN
2023-09-01,2023-09-01,11,2024-08-01,3889341.9897266403,6220640.470254027,934351.9542231717,ilheus-ISSQN,ilheus,ISSQN
2023-09-01,2023-09-01,12,2024-09-01,5508903.5798269035,6284564.092070061,934351.9542231717,ilheus-ISSQN,ilheus,ISSQN
2023-10-01,2023-10-01,1,2023-11-01,4091370.0444003586,4974291.521776694,929486.8700175006,ilheus-ISSQN,ilheus,ISSQN
2023-10-01,2023-10-01,2,2023-12-01,4824284.21153272,4990598.526858618,929486.8700175006,ilheus-ISSQN,ilheus,ISSQN
2023-10-01,2023-10-01,3,2024-01-01,6855005.067285447,5006090.988444179,929486.8700175006,ilheus-ISSQN,ilheus,ISSQN
2023-10-01,2023-10-01,4,2024-02-01,9086542.543679124,5020809.593410224,929486.8700175006,ilheus-ISSQN,ilheus,ISSQN
2023-10-01,2023-10-01,5,2024-03-01,7043675.816064964,5034792.996302657,929486.8700175006,ilheus-ISSQN,ilheus,ISSQN
2023-10-01,2023-10-01,6,2024-04-01,5890123.897076042,5048077.92085245,929486.8700175006,ilheus-ISSQN,ilheus,ISSQN
2023-10-01,2023-10-01,7,2024-05-01,5072550.794914876,5060699.256420863,929486.8700175006,ilheus-ISSQN,ilheus,ISSQN
2023-10-01,2023-10-01,8,2024-06-01,2370445.2289252775,5072690.149627173,929486.8700175006,ilheus-ISSQN,ilheus,ISSQN
2023-10-01,2023-10-01,9,2024-07-01,3169539.203390758,5084082.0913995635,929486.8700175006,ilheus-ISSQN,ilheus,ISSQN
2023-10-01,2023-10-01,10,2024-08-01,3889341.9897266403,5094904.999677758,929486.8700175006,ilheus-ISSQN,ilheus,ISSQN
2023-10-01,2023-10-01,11,2024-09-01,5508903.5798269035,5105187.297984627,929486.8700175006,ilheus-ISSQN,ilheus,ISSQN
2023-10-01,2023-10-01,12,2024-10-01,2820464.6937535256,5114955.9900731,929486.8700175006,ilheus-ISSQN,ilheus,ISSQN
2023-11-01,2023-11-01,1,2023-12-01,4824284.21153272,4877492.198872063,939119.2018470734,ilheus-ISSQN,ilheus,ISSQN
2023-11-01,2023-11-01,2,2024-01-01,6855005.067285447,4889807.86536599,939119.2018470734,ilheus-ISSQN,ilheus,ISSQN
2023-11-01,2023-11-01,3,2024-02-01,9086542.543679124,4901510.039289052,939119.2018470734,ilheus-ISSQN,ilheus,ISSQN
2023-11-01,2023-11-01,4,2024-03-01,7043675.816064964,4912629.281158185,939119.2018470734,ilheus-ISSQN,ilheus,ISSQN
2023-11-01,2023-11-01,5,2024-04-01,5890123.897076042,4923194.629148839,939119.2018470734,ilheus-ISSQN,ilheus,ISSQN
2023-11-01,2023-11-01,6,2024-05-01,5072550.794914876,4933233.674928883,939119.2018470734,ilheus-ISSQN,ilheus,ISSQN
2023-11-01,2023-11-01,7,2024-06-01,2370445.2289252775,4942772.635714933,939119.2018470734,ilheus-ISSQN,ilheus,ISSQN
2023-11-01,2023-11-01,8,2024-07-01,3169539.203390758,4951836.422739262,939119.2018470734,ilheus-ISSQN,ilheus,ISSQN
2023-11-01,2023-11-01,9,2024-08-01,3889341.9897266403,4960448.706306097,939119.2018470734,ilheus-ISSQN,ilheus,ISSQN
2023-11-01,2023-11-01,10,2024-09-01,5508903.5798269035,4968631.977607209,939119.2018470734,ilheus-ISSQN,ilheus,ISSQN
2023-11-01,2023-11-01,11,2024-10-01,2820464.6937535256,4976407.607458214,939119.2018470734,ilheus-ISSQN,ilheus,ISSQN
2023-11-01,2023-11-01,12,2024-11-01,2956552.948719671,4983795.902108989,939119.2018470734,ilheus-ISSQN,ilheus,ISSQN
2023-12-01,2023-12-01,1,2024-01-01,6855005.067285447,4746014.311765233,934035.9118775664,ilheus-ISSQN,ilheus,ISSQN
2023-12-01,2023-12-01,2,2024-02-01,9086542.543679124,4746430.794475047,934035.9118775664,ilheus-ISSQN,ilheus,ISSQN
2023-12-01,2023-12-01,3,2024-03-01,7043675.816064964,4746826.60389502,934035.9118775664,ilheus-ISSQN,ilheus,ISSQN
2023-12-01,2023-12-01,4,2024-04-01,5890123.897076042,4747202.766201994,934035.9118775664,ilheus-ISSQN,ilheus,ISSQN
2023-12-01,2023-12-01,5,2024-05-01,5072550.794914876,4747560.2566356445,934035.9118775664,ilheus-ISSQN,ilheus,ISSQN
2023-12-01,2023-12-01,6,2024-06-01,2370445.2289252775,4747900.00202688,934035.9118775664,ilheus-ISSQN,ilheus,ISSQN
2023-12-01,2023-12-01,7,2024-07-01,3169539.203390758,4748222.883200755,934035.9118775664,ilheus-ISSQN,ilheus,ISSQN
2023-12-01,2023-12-01,8,2024-08-01,3889341.9897266403,4748529.737260095,934035.9118775664,ilheus-ISSQN,ilheus,ISSQN
2023-12-01,2023-12-01,9,2024-09-01,5508903.5798269035,4748821.359755775,934035.9118775664,ilheus-ISSQN,ilheus,ISSQN
2023-12-01,2023-12-01,10,2024-10-01,2820464.6937535256,4749098.506749265,934035.9118775664,ilheus-ISSQN,ilheus,ISSQN
2023-12-01,2023-12-01,11,2024-11-01,2956552.948719671,4749361.896772802,934035.9118775664,ilheus-ISSQN,ilheus,ISSQN
2023-12-01,2023-12-01,12,2024-12-01,5455209.451691351,4749612.212692253,934035.9118775664,ilheus-ISSQN,ilheus,ISSQN
2024-01-01,2024-01-01,1,2024-02-01,9086542.543679124,5427434.0234238375,926364.5220756213,ilheus-ISSQN,ilheus,ISSQN
2024-01-01,2024-01-01,2,2024-03-01,7043675.816064964,5509020.092988541,926364.5220756213,ilheus-ISSQN,ilheus,ISSQN
2024-01-01,2024-01-01,3,2024-04-01,5890123.897076042,5588973.96499081,926364.5220756213,ilheus-ISSQN,ilheus,ISSQN
2024-01-01,2024-01-01,4,2024-05-01,5072550.794914876,5667328.292908092,926364.5220756213,ilheus-ISSQN,ilheus,ISSQN
2024-01-01,2024-01-01,5,2024-06-01,2370445.2289252775,5744115.07695771,926364.5220756213,ilheus-ISSQN,ilheus,ISSQN
2024-01-01,2024-01-01,6,2024-07-01,3169539.203390758,5819365.677165873,926364.5220756213,ilheus-ISSQN,ilheus,ISSQN
2024-01-01,2024-01-01,7,2024-08-01,3889341.9897266403,5893110.826175236,926364.5220756213,ilheus-ISSQN,ilheus,ISSQN
2024-01-01,2024-01-01,8,2024-09-01,5508903.5798269035,5965380.641796229,926364.5220756213,ilheus-ISSQN,ilheus,ISSQN
2024-01-01,2024-01-01,9,2024-10-01,2820464.6937535256,6036204.639307298,926364.5220756213,ilheus-ISSQN,ilheus,ISSQN
2024-01-01,2024-01-01,10,2024-11-01,2956552.948719671,6105611.7435090495,926364.5220756213,ilheus-ISSQN,ilheus,ISSQN
2024-01-01,2024-01-01,11,2024-12-01,5455209.451691351,6173630.300537268,926364.5220756213,ilheus-ISSQN,ilheus,ISSQN
2024-01-01,2024-01-01,12,2025-01-01,8082815.120692073,6240288.089439575,926364.5220756213,ilheus-ISSQN,ilheus,ISSQN
2024-02-01,2024-02-01,1,2024-03-01,7043675.816064964,5561181.954946175,953601.4631272173,ilheus-ISSQN,ilheus,ISSQN
2024-02-01,2024-02-01,2,2024-04-01,5890123.897076042,5672287.0215585055,953601.4631272173,ilheus-ISSQN,ilheus,ISSQN
2024-02-01,2024-02-01,3,2024-05-01,5072550.794914876,5781169.075911973,953601.4631272173,ilheus-ISSQN,ilheus,ISSQN
2024-02-01,2024-02-01,4,2024-06-01,2370445.2289252775,5887872.596477756,953601.4631272173,ilheus-ISSQN,ilheus,ISSQN
2024-02-01,2024-02-01,5,2024-07-01,3169539.203390758,5992441.171792941,953601.4631272173,ilheus-ISSQN,ilheus,ISSQN
2024-02-01,2024-02-01,6,2024-08-01,3889341.9897266403,6094917.518266497,953601.4631272173,ilheus-ISSQN,ilheus,ISSQN
2024-02-01,2024-02-01,7,2024-09-01,5508903.5798269035,6195343.497628993,953601.4631272173,ilheus-ISSQN,ilheus,ISSQN
2024-02-01,2024-02-01,8,2024-10-01,2820464.6937535256,6293760.1340331705,953601.4631272173,ilheus-ISSQN,ilheus,ISSQN
2024-02-01,2024-02-01,9,2024-11-01,2956552.948719671,6390207.6308123665,953601.4631272173,ilheus-ISSQN,ilheus,ISSQN
2024-02-01,2024-02-01,10,2024-12-01,5455209.451691351,6484725.386903635,953601.4631272173,ilheus-ISSQN,ilheus,ISSQN
2024-02-01,2024-02-01,11,2025-01-01,8082815.120692073,6577352.012942266,953601.4631272173,ilheus-ISSQN,ilheus,ISSQN
2024-02-01,2024-02-01,12,2025-02-01,5641292.016177281,6668125.347034279,953601.4631272173,ilheus-ISSQN,ilheus,ISSQN
2024-03-01,2024-03-01,1,2024-04-01,5890123.897076042,5686478.246540761,964440.247410283,ilheus-ISSQN,ilheus,ISSQN
2024-03-01,2024-03-01,2,2024-05-01,5072550.794914876,5808156.593434439,964440.247410283,ilheus-ISSQN,ilheus,ISSQN
2024-03-01,2024-03-01,3,2024-06-01,2370445.2289252775,5927400.104519514,964440.247410283,ilheus-ISSQN,ilheus,ISSQN
2024-03-01,2024-03-01,4,2024-07-01,3169539.203390758,6044257.501902805,964440.247410283,ilheus-ISSQN,ilheus,ISSQN
2024-03-01,2024-03-01,5,2024-08-01,3889341.9897266403,6158776.532740915,964440.247410283,ilheus-ISSQN,ilheus,ISSQN
2024-03-01,2024-03-01,6,2024-09-01,5508903.5798269035,6271003.988749408,964440.247410283,ilheus-ISSQN,ilheus,ISSQN
2024-03-01,2024-03-01,7,2024-10-01,2820464.6937535256,6380985.725321584,964440.247410283,ilheus-ISSQN,ilheus,ISSQN
2024-03-01,2024-03-01,8,2024-11-01,2956552.948719671,6488766.680264698,964440.247410283,ilheus-ISSQN,ilheus,ISSQN
2024-03-01,2024-03-01,9,2024-12-01,5455209.451691351,6594390.892161244,964440.247410283,ilheus-ISSQN,ilheus,ISSQN
2024-03-01,2024-03-01,10,2025-01-01,8082815.120692073,6697901.518362827,964440.247410283,ilheus-ISSQN,ilheus,ISSQN
2024-03-01,2024-03-01,11,2025-02-01,5641292.016177281,6799340.852623973,964440.247410283,ilheus-ISSQN,ilheus,ISSQN
2024-03-01,2024-03-01,12,2025-03-01,4954483.22587178,6898750.3423830755,964440.247410283,ilheus-ISSQN,ilheus,ISSQN
2024-04-01,2024-04-01,1,2024-05-01,5072550.794914876,5810040.187316513,962492.8491805689,ilheus-ISSQN,ilheus,ISSQN
2024-04-01,2024-04-01,2,2024-06-01,2370445.2289252775,5931180.337998476,962492.8491805689,ilheus-ISSQN,ilheus,ISSQN
2024-04-01,2024-04-01,3,2024-07-01,3169539.203390758,6049897.685536976,962492.8491805689,ilheus-ISSQN,ilheus,ISSQN
2024-04-01,2024-04-01,4,2024-08-01,3889341.9897266403,6166240.685997478,962492.8491805689,ilheus-ISSQN,ilheus,ISSQN
2024-04-01,2024-04-01,5,2024-09-01,5508903.5798269035,6280256.826324087,962492.8491805689,ilheus-ISSQN,ilheus,ISSQN
2024-04-01,2024-04-01,6,2024-10-01,2820464.6937535256,6391992.6437219735,962492.8491805689,ilheus-ISSQN,ilheus,ISSQN
2024-04-01,2024-04-01,7,2024-11-01,2956552.948719671,6501493.744652157,962492.8491805689,ilheus-ISSQN,ilheus,ISSQN
2024-04-01,2024-04-01,8,2024-12-01,5455209.451691351,6608804.823446386,962492.8491805689,ilheus-ISSQN,ilheus,ISSQN
2024-04-01,2024-04-01,9,2025-01-01,8082815.120692073,6713969.680549726,962492.8491805689,ilheus-ISSQN,ilheus,ISSQN
2024-04-01,2024-04-01,10,2025-02-01,5641292.016177281,6817031.240398295,962492.8491805689,ilheus-ISSQN,ilheus,ISSQN
2024-04-01,2024-04-01,11,2025-03-01,4954483.22587178,6918031.568939443,962492.8491805689,ilheus-ISSQN,ilheus,ISSQN
2024-04-01,2024-04-01,12,2025-04-01,6055601.279153026,7017011.890801528,962492.8491805689,ilheus-ISSQN,ilheus,ISSQN
2024-05-01,2024-05-01,1,2024-06-01,2370445.2289252775,5917553.488143229,961592.4022747979,ilheus-ISSQN,ilheus,ISSQN
2024-05-01,2024-05-01,2,2024-07-01,3169539.203390758,6029771.207367368,961592.4022747979,ilheus-ISSQN,ilheus,ISSQN
2024-05-01,2024-05-01,3,2024-08-01,3889341.9897266403,6139744.572207024,961592.4022747979,ilheus-ISSQN,ilheus,ISSQN
2024-05-01,2024-05-01,4,2024-09-01,5508903.5798269035,6247518.469749888,961592.4022747979,ilheus-ISSQN,ilheus,ISSQN
2024-05-01,2024-05-01,5,2024-10-01,2820464.6937535256,6353136.889341895,961592.4022747979,ilheus-ISSQN,ilheus,ISSQN
2024-05-01,2024-05-01,6,2024-11-01,2956552.948719671,6456642.94054206,961592.4022747979,ilheus-ISSQN,ilheus,ISSQN
2024-05-01,2024-05-01,7,2024-12-01,5455209.451691351,6558078.870718222,961592.4022747979,ilheus-ISSQN,ilheus,ISSQN
2024-05-01,2024-05-01,8,2025-01-01,8082815.120692073,6657486.082290862,961592.4022747979,ilheus-ISSQN,ilheus,ISSQN
2024-05-01,2024-05-01,9,2025-02-01,5641292.016177281,6754905.149632049,961592.4022747979,ilheus-ISSQN,ilheus,ISSQN
2024-05-01,2024-05-01,10,2025-03-01,4954483.22587178,6850375.835626411,961592.4022747979,ilheus-ISSQN,ilheus,ISSQN
2024-05-01,2024-05-01,11,2025-04-01,6055601.279153026,6943937.107900887,961592.4022747979,ilheus-ISSQN,ilheus,ISSQN
2024-05-01,2024-05-01,12,2025-05-01,6458044.631085712,7035627.154729873,961592.4022747979,ilheus-ISSQN,ilheus,ISSQN
2024-06-01,2024-06-01,1,2024-07-01,3169539.203390758,5983347.228445686,985987.6117356059,ilheus-ISSQN,ilheus,ISSQN
2024-06-01,2024-06-01,2,2024-08-01,3889341.9897266403,6063350.286055207,985987.6117356059,ilheus-ISSQN,ilheus,ISSQN
2024-06-01,2024-06-01,3,2024-09-01,5508903.5798269035,6141752.293633822,985987.6117356059,ilheus-ISSQN,ilheus,ISSQN
2024-06-01,2024-06-01,4,2024-10-01,2820464.6937535256,6218585.291971948,985987.6117356059,ilheus-ISSQN,ilheus,ISSQN
2024-06-01,2024-06-01,5,2024-11-01,2956552.948719671,6293880.680648152,985987.6117356059,ilheus-ISSQN,ilheus,ISSQN
2024-06-01,2024-06-01,6,2024-12-01,5455209.451691351,6367669.230861313,985987.6117356059,ilheus-ISSQN,ilheus,ISSQN
2024-06-01,2024-06-01,7,2025-01-01,8082815.120692073,6439981.098005986,985987.6117356059,ilheus-ISSQN,ilheus,ISSQN
2024-06-01,2024-06-01,8,2025-02-01,5641292.016177281,6510845.8339961,985987.6117356059,ilheus-ISSQN,ilheus,ISSQN
2024-06-01,2024-06-01,9,2025-03-01,4954483.22587178,6580292.399342027,985987.6117356059,ilheus-ISSQN,ilheus,ISSQN
2024-06-01,2024-06-01,10,2025-04-01,6055601.279153026,6648349.174985965,985987.6117356059,ilheus-ISSQN,ilheus,ISSQN
2024-06-01,2024-06-01,11,2025-05-01,6458044.631085712,6715043.973900465,985987.6117356059,ilheus-ISSQN,ilheus,ISSQN
2024-06-01,2024-06-01,12,2025-06-01,5018115.34229184,6780404.052454846,985987.6117356059,ilheus-ISSQN,ilheus,ISSQN
2024-07-01,2024-07-01,1,2024-08-01,3889341.9897266403,6023753.1408880865,1007882.5363215416,ilheus-ISSQN,ilheus,ISSQN
2024-07-01,2024-07-01,2,2024-09-01,5508903.5798269035,6079738.771857912,1007882.5363215416,ilheus-ISSQN,ilheus,ISSQN
2024-07-01,2024-07-01,3,2024-10-01,2820464.6937535256,6134604.515606837,1007882.5363215416,ilheus-ISSQN,ilheus,ISSQN
2024-07-01,2024-07-01,4,2024-11-01,2956552.948719671,6188372.773371857,1007882.5363215416,ilheus-ISSQN,ilheus,ISSQN
2024-07-01,2024-07-01,5,2024-12-01,5455209.451691351,6241065.498295359,1007882.5363215416,ilheus-ISSQN,ilheus,ISSQN
2024-07-01,2024-07-01,6,2025-01-01,8082815.120692073,6292704.204388424,1007882.5363215416,ilheus-ISSQN,ilheus,ISSQN
2024-07-01,2024-07-01,7,2025-02-01,5641292.016177281,6343309.975314809,1007882.5363215416,ilheus-ISSQN,ilheus,ISSQN
2024-07-01,2024-07-01,8,2025-03-01,4954483.22587178,6392903.47299925,1007882.5363215416,ilheus-ISSQN,ilheus,ISSQN
2024-07-01,2024-07-01,9,2025-04-01,6055601.279153026,6441504.946063543,1007882.5363215416,ilheus-ISSQN,ilheus,ISSQN
2024-07-01,2024-07-01,10,2025-05-01,6458044.631085712,6489134.238093904,1007882.5363215416,ilheus-ISSQN,ilheus,ISSQN
2024-07-01,2024-07-01,11,2025-06-01,5018115.34229184,6535810.795742937,1007882.5363215416,ilheus-ISSQN,ilheus,ISSQN
2024-07-01,2024-07-01,12,2025-07-01,5248927.023642473,6581553.676669547,1007882.5363215416,ilheus-ISSQN,ilheus,ISSQN
2024-08-01,2024-08-01,1,2024-09-01,5508903.5798269035,6049801.16865531,1011958.1724375833,ilheus-ISSQN,ilheus,ISSQN
2024-08-01,2024-08-01,2,2024-10-01,2820464.6937535256,6088514.529346373,1011958.1724375833,ilheus-ISSQN,ilheus,ISSQN
2024-08-01,2024-08-01,3,2024-11-01,2956552.948719671,6126453.622823616,1011958.1724375833,ilheus-ISSQN,ilheus,ISSQN
2024-08-01,2024-08-01,4,2024-12-01,5455209.451691351,6163633.934431313,1011958.1724375833,ilheus-ISSQN,ilheus,ISSQN
2024-08-01,2024-08-01,5,2025-01-01,8082815.120692073,6200070.639806856,1011958.1724375833,ilheus-ISSQN,ilheus,ISSQN
2024-08-01,2024-08-01,6,2025-02-01,5641292.016177281,6235778.611074889,1011958.1724375833,ilheus-ISSQN,ilheus,ISSQN
2024-08-01,2024-08-01,7,2025-03-01,4954483.22587178,6270772.422917562,1011958.1724375833,ilheus-ISSQN,ilheus,ISSQN
2024-08-01,2024-08-01,8,2025-04-01,6055601.279153026,6305066.35852338,1011958.1724375833,ilheus-ISSQN,ilheus,ISSQN
2024-08-01,2024-08-01,9,2025-05-01,6458044.631085712,6338674.415417082,1011958.1724375833,ilheus-ISSQN,ilheus,ISSQN
2024-08-01,2024-08-01,10,2025-06-01,5018115.34229184,6371610.31117291,1011958.1724375833,ilheus-ISSQN,ilheus,ISSQN
2024-08-01,2024-08-01,11,2025-07-01,5248927.023642473,6403887.489013622,1011958.1724375833,ilheus-ISSQN,ilheus,ISSQN
2024-08-01,2024-08-01,12,2025-08-01,5721230.173206262,6435519.123297519,1011958.1724375833,ilheus-ISSQN,ilheus,ISSQN
2024-09-01,2024-09-01,1,2024-10-01,2820464.6937535256,6086591.732227835,1010087.382182715,ilheus-ISSQN,ilheus,ISSQN
2024-09-01,2024-09-01,2,2024-11-01,2956552.948719671,6119561.947928669,1010087.382182715,ilheus-ISSQN,ilheus,ISSQN
2024-09-01,2024-09-01,3,2024-12-01,5455209.451691351,6151871.870885428,1010087.382182715,ilheus-ISSQN,ilheus,ISSQN
2024-09-01,2024-09-01,4,2025-01-01,8082815.120692073,6183534.7247455325,1010087.382182715,ilheus-ISSQN,ilheus,ISSQN
2024-09-01,2024-09-01,5,2025-02-01,5641292.016177281,6214563.468327128,1010087.382182715,ilheus-ISSQN,ilheus,ISSQN
2024-09-01,2024-09-01,6,2025-03-01,4954483.22587178,6244970.800922802,1010087.382182715,ilheus-ISSQN,ilheus,ISSQN
2024-09-01,2024-09-01,7,2025-04-01,6055601.279153026,6274769.167497087,1010087.382182715,ilheus-ISSQN,ilheus,ISSQN
2024-09-01,2024-09-01,8,2025-05-01,6458044.631085712,6303970.763779881,1010087.382182715,ilheus-ISSQN,ilheus,ISSQN
2024-09-01,2024-09-01,9,2025-06-01,5018115.34229184,6332587.541257851,1010087.382182715,ilheus-ISSQN,ilheus,ISSQN
2024-09-01,2024-09-01,10,2025-07-01,5248927.023642473,6360631.212065879,1010087.382182715,ilheus-ISSQN,ilheus,ISSQN
2024-09-01,2024-09-01,11,2025-08-01,5721230.173206262,6388113.253780552,1010087.382182715,ilheus-ISSQN,ilheus,ISSQN
2024-09-01,2024-09-01,12,2025-09-01,6403331.52498959,6415044.914117644,1010087.382182715,ilheus-ISSQN,ilheus,ISSQN
2024-10-01,2024-10-01,1,2024-11-01,2956552.948719671,4832212.868468257,1001627.0981366361,ilheus-ISSQN,ilheus,ISSQN
2024-10-01,2024-10-01,2,2024-12-01,5455209.451691351,4828838.35167118,1001627.0981366361,ilheus-ISSQN,ilheus,ISSQN
2024-10-01,2024-10-01,3,2025-01-01,8082815.120692073,4825605.128817574,1001627.0981366361,ilheus-ISSQN,ilheus,ISSQN
2024-10-01,2024-10-01,4,2025-02-01,5641292.016177281,4822507.283807547,1001627.0981366361,ilheus-ISSQN,ilheus,ISSQN
2024-10-01,2024-10-01,5,2025-03-01,4954483.22587178,4819539.148253436,1001627.0981366361,ilheus-ISSQN,ilheus,ISSQN
2024-10-01,2024-10-01,6,2025-04-01,6055601.279153026,4816695.291107885,1001627.0981366361,ilheus-ISSQN,ilheus,ISSQN
2024-10-01,2024-10-01,7,2025-05-01,6458044.631085712,4813970.508726197,1001627.0981366361,ilheus-ISSQN,ilheus,ISSQN
2024-10-01,2024-10-01,8,2025-06-01,5018115.34229184,4811359.81534479,1001627.0981366361,ilheus-ISSQN,ilheus,ISSQN
2024-10-01,2024-10-01,9,2025-07-01,5248927.023642473,4808858.433958326,1001627.0981366361,ilheus-ISSQN,ilheus,ISSQN
2024-10-01,2024-10-01,10,2025-08-01,5721230.173206262,4806461.787578817,1001627.0981366361,ilheus-ISSQN,ilheus,ISSQN
2024-10-01,2024-10-01,11,2025-09-01,6403331.52498959,4804165.490860738,1001627.0981366361,ilheus-ISSQN,ilheus,ISSQN
2024-10-01,2024-10-01,12,2025-10-01,6050380.013429479,4801965.342076773,1001627.0981366361,ilheus-ISSQN,ilheus,ISSQN
2024-11-01,2024-11-01,1,2024-12-01,5455209.451691351,4320721.259847432,1002871.8644688234,ilheus-ISSQN,ilheus,ISSQN
2024-11-01,2024-11-01,2,2025-01-01,8082815.120692073,4320350.229724948,1002871.8644688234,ilheus-ISSQN,ilheus,ISSQN
2024-11-01,2024-11-01,3,2025-02-01,5641292.016177281,4320053.369326919,1002871.8644688234,ilheus-ISSQN,ilheus,ISSQN
2024-11-01,2024-11-01,4,2025-03-01,4954483.22587178,4319815.8519649105,1002871.8644688234,ilheus-ISSQN,ilheus,ISSQN
2024-11-01,2024-11-01,5,2025-04-01,6055601.279153026,4319625.814837594,1002871.8644688234,ilheus-ISSQN,ilheus,ISSQN
2024-11-01,2024-11-01,6,2025-05-01,6458044.631085712,4319473.766543299,1002871.8644688234,ilheus-ISSQN,ilheus,ISSQN
2024-11-01,2024-11-01,7,2025-06-01,5018115.34229184,4319352.113032091,1002871.8644688234,ilheus-ISSQN,ilheus,ISSQN
2024-11-01,2024-11-01,8,2025-07-01,5248927.023642473,4319254.778321052,1002871.8644688234,ilheus-ISSQN,ilheus,ISSQN
2024-11-01,2024-11-01,9,2025-08-01,5721230.173206262,4319176.901029399,1002871.8644688234,ilheus-ISSQN,ilheus,ISSQN
2024-11-01,2024-11-01,10,2025-09-01,6403331.52498959,4319114.591576885,1002871.8644688234,ilheus-ISSQN,ilheus,ISSQN
2024-11-01,2024-11-01,11,2025-10-01,6050380.013429479,4319064.737918777,1002871.8644688234,ilheus-ISSQN,ilheus,ISSQN
2024-11-01,2024-11-01,12,2025-11-01,7406094.559415126,4319024.850114817,1002871.8644688234,ilheus-ISSQN,ilheus,ISSQN
2024-12-01,2024-12-01,1,2025-01-01,8082815.120692073,4517299.223128782,999427.914243729,ilheus-ISSQN,ilheus,ISSQN
2024-12-01,2024-12-01,2,2025-02-01,5641292.016177281,4512945.027091274,999427.914243729,ilheus-ISSQN,ilheus,ISSQN
2024-12-01,2024-12-01,3,2025-03-01,4954483.22587178,4509461.060344694,999427.914243729,ilheus-ISSQN,ilheus,ISSQN
2024-12-01,2024-12-01,4,2025-04-01,6055601.279153026,4506673.398928735,999427.914243729,ilheus-ISSQN,ilheus,ISSQN
2024-12-01,2024-12-01,5,2025-05-01,6458044.631085712,4504442.879312654,999427.914243729,ilheus-ISSQN,ilheus,ISSQN
2024-12-01,2024-12-01,6,2025-06-01,5018115.34229184,4502658.151178439,999427.914243729,ilheus-ISSQN,ilheus,ISSQN
2024-12-01,2024-12-01,7,2025-07-01,5248927.023642473,4501230.118674223,999427.914243729,ilheus-ISSQN,ilheus,ISSQN
2024-12-01,2024-12-01,8,2025-08-01,5721230.173206262,4500087.492638356,999427.914243729,ilheus-ISSQN,ilheus,ISSQN
2024-12-01,2024-12-01,9,2025-09-01,6403331.52498959,4499173.231755647,999427.914243729,ilheus-ISSQN,ilheus,ISSQN
2024-12-01,2024-12-01,10,2025-10-01,6050380.013429479,4498441.694983848,999427.914243729,ilheus-ISSQN,ilheus,ISSQN
2024-12-01,2024-12-01,11,2025-11-01,7406094.559415126,4497856.363095965,999427.914243729,ilheus-ISSQN,ilheus,ISSQN
2024-12-01,2024-12-01,12,2025-12-01,11649189.87,4497388.01559495,999427.914243729,ilheus-ISSQN,ilheus,ISSQN
2025-01-01,2025-01-01,1,2025-02-01,5641292.016177281,6044823.502834705,1001523.1632268749,ilheus-ISSQN,ilheus,ISSQN
2025-01-01,2025-01-01,2,2025-03-01,4954483.22587178,6044029.646518744,1001523.1632268749,ilheus-ISSQN,ilheus,ISSQN
2025-01-01,2025-01-01,3,2025-04-01,6055601.279153026,6043251.667329102,1001523.1632268749,ilheus-ISSQN,ilheus,ISSQN
2025-01-01,2025-01-01,4,2025-05-01,6458044.631085712,6042489.247723253,1001523.1632268749,ilheus-ISSQN,ilheus,ISSQN
2025-01-01,2025-01-01,5,2025-06-01,5018115.34229184,6041742.076509522,1001523.1632268749,ilheus-ISSQN,ilheus,ISSQN
2025-01-01,2025-01-01,6,2025-07-01,5248927.023642473,6041009.848720065,1001523.1632268749,ilheus-ISSQN,ilheus,ISSQN
2025-01-01,2025-01-01,7,2025-08-01,5721230.173206262,6040292.265486397,1001523.1632268749,ilheus-ISSQN,ilheus,ISSQN
2025-01-01,2025-01-01,8,2025-09-01,6403331.52498959,6039589.033917403,1001523.1632268749,ilheus-ISSQN,ilheus,ISSQN
2025-01-01,2025-01-01,9,2025-10-01,6050380.013429479,6038899.866979788,1001523.1632268749,ilheus-ISSQN,ilheus,ISSQN
2025-01-01,2025-01-01,10,2025-11-01,7406094.559415126,6038224.483380926,1001523.1632268749,ilheus-ISSQN,ilheus,ISSQN
2025-01-01,2025-01-01,11,2025-12-01,11649189.87,6037562.607454041,1001523.1632268749,ilheus-ISSQN,ilheus,ISSQN
2025-02-01,2025-02-01,1,2025-03-01,4954483.22587178,6026206.541286975,1023738.8665384654,ilheus-ISSQN,ilheus,ISSQN
2025-02-01,2025-02-01,2,2025-04-01,6055601.279153026,6020051.643031884,1023738.8665384654,ilheus-ISSQN,ilheus,ISSQN
2025-02-01,2025-02-01,3,2025-05-01,6458044.631085712,6014020.688477441,1023738.8665384654,ilheus-ISSQN,ilheus,ISSQN
2025-02-01,2025-02-01,4,2025-06-01,5018115.34229184,6008111.181718709,1023738.8665384654,ilheus-ISSQN,ilheus,ISSQN
2025-02-01,2025-02-01,5,2025-07-01,5248927.023642473,6002320.677111811,1023738.8665384654,ilheus-ISSQN,ilheus,ISSQN
2025-02-01,2025-02-01,6,2025-08-01,5721230.173206262,5996646.7782618,1023738.8665384654,ilheus-ISSQN,ilheus,ISSQN
2025-02-01,2025-02-01,7,2025-09-01,6403331.52498959,5991087.137030913,1023738.8665384654,ilheus-ISSQN,ilheus,ISSQN
2025-02-01,2025-02-01,8,2025-10-01,6050380.013429479,5985639.452566793,1023738.8665384654,ilheus-ISSQN,ilheus,ISSQN
2025-02-01,2025-02-01,9,2025-11-01,7406094.559415126,5980301.470350291,1023738.8665384654,ilheus-ISSQN,ilheus,ISSQN
2025-02-01,2025-02-01,10,2025-12-01,11649189.87,5975070.98126243,1023738.8665384654,ilheus-ISSQN,ilheus,ISSQN
2025-03-01,2025-03-01,1,2025-04-01,6055601.279153026,5485654.964907001,1033337.5487335529,ilheus-ISSQN,ilheus,ISSQN
2025-03-01,2025-03-01,2,2025-05-01,6458044.631085712,5491597.973679,1033337.5487335529,ilheus-ISSQN,ilheus,ISSQN
2025-03-01,2025-03-01,3,2025-06-01,5018115.34229184,5497422.119298279,1033337.5487335529,ilheus-ISSQN,ilheus,ISSQN
2025-03-01,2025-03-01,4,2025-07-01,5248927.023642473,5503129.779087441,1033337.5487335529,ilheus-ISSQN,ilheus,ISSQN
2025-03-01,2025-03-01,5,2025-08-01,5721230.173206262,5508723.282821443,1033337.5487335529,ilheus-ISSQN,ilheus,ISSQN
2025-03-01,2025-03-01,6,2025-09-01,6403331.52498959,5514204.913678577,1033337.5487335529,ilheus-ISSQN,ilheus,ISSQN
2025-03-01,2025-03-01,7,2025-10-01,6050380.013429479,5519576.909172426,1033337.5487335529,ilheus-ISSQN,ilheus,ISSQN
2025-03-01,2025-03-01,8,2025-11-01,7406094.559415126,5524841.462065181,1033337.5487335529,ilheus-ISSQN,ilheus,ISSQN
2025-03-01,2025-03-01,9,2025-12-01,11649189.87,5530000.721262687,1033337.5487335529,ilheus-ISSQN,ilheus,ISSQN
2025-04-01,2025-04-01,1,2025-05-01,6458044.631085712,5521797.037496093,1025588.7972455479,ilheus-ISSQN,ilheus,ISSQN
2025-04-01,2025-04-01,2,2025-06-01,5018115.34229184,5530685.573580442,1025588.7972455479,ilheus-ISSQN,ilheus,ISSQN
2025-04-01,2025-04-01,3,2025-07-01,5248927.023642473,5539395.4695248045,1025588.7972455479,ilheus-ISSQN,ilheus,ISSQN
2025-04-01,2025-04-01,4,2025-08-01,5721230.173206262,5547930.315605384,1025588.7972455479,ilheus-ISSQN,ilheus,ISSQN
2025-04-01,2025-04-01,5,2025-09-01,6403331.52498959,5556293.629941689,1025588.7972455479,ilheus-ISSQN,ilheus,ISSQN
2025-04-01,2025-04-01,6,2025-10-01,6050380.013429479,5564488.859946712,1025588.7972455479,ilheus-ISSQN,ilheus,ISSQN
2025-04-01,2025-04-01,7,2025-11-01,7406094.559415126,5572519.383747987,1025588.7972455479,ilheus-ISSQN,ilheus,ISSQN
2025-04-01,2025-04-01,8,2025-12-01,11649189.87,5580388.5115800705,1025588.7972455479,ilheus-ISSQN,ilheus,ISSQN
2025-05-01,2025-05-01,1,2025-06-01,5018115.34229184,5633631.622644889,1028773.7975900194,ilheus-ISSQN,ilheus,ISSQN
2025-05-01,2025-05-01,2,2025-07-01,5248927.023642473,5645743.7688525105,1028773.7975900194,ilheus-ISSQN,ilheus,ISSQN
2025-05-01,2025-05-01,3,2025-08-01,5721230.173206262,5657613.61259301,1028773.7975900194,ilheus-ISSQN,ilheus,ISSQN
2025-05-01,2025-05-01,4,2025-09-01,6403331.52498959,5669246.001106881,1028773.7975900194,ilheus-ISSQN,ilheus,ISSQN
2025-05-01,2025-05-01,5,2025-10-01,6050380.013429479,5680645.68466598,1028773.7975900194,ilheus-ISSQN,ilheus,ISSQN
2025-05-01,2025-05-01,6,2025-11-01,7406094.559415126,5691817.318513372,1028773.7975900194,ilheus-ISSQN,ilheus,ISSQN
2025-05-01,2025-05-01,7,2025-12-01,11649189.87,5702765.464764379,1028773.7975900194,ilheus-ISSQN,ilheus,ISSQN
2025-06-01,2025-06-01,1,2025-07-01,5248927.023642473,5558474.733780965,1042974.6424652522,ilheus-ISSQN,ilheus,ISSQN
2025-06-01,2025-06-01,2,2025-08-01,5721230.173206262,5568906.644915447,1042974.6424652522,ilheus-ISSQN,ilheus,ISSQN
2025-06-01,2025-06-01,3,2025-09-01,6403331.52498959,5579129.664609179,1042974.6424652522,ilheus-ISSQN,ilheus,ISSQN
2025-06-01,2025-06-01,4,2025-10-01,6050380.013429479,5589147.975761486,1042974.6424652522,ilheus-ISSQN,ilheus,ISSQN
2025-06-01,2025-06-01,5,2025-11-01,7406094.559415126,5598965.677512169,1042974.6424652522,ilheus-ISSQN,ilheus,ISSQN
2025-06-01,2025-06-01,6,2025-12-01,11649189.87,5608586.786918736,1042974.6424652522,ilheus-ISSQN,ilheus,ISSQN
2025-07-01,2025-07-01,1,2025-08-01,5721230.173206262,5539675.890332951,1051986.9309677433,ilheus-ISSQN,ilheus,ISSQN
2025-07-01,2025-07-01,2,2025-09-01,6403331.52498959,5548490.802981997,1051986.9309677433,ilheus-ISSQN,ilheus,ISSQN
2025-07-01,2025-07-01,3,2025-10-01,6050380.013429479,5557129.417378062,1051986.9309677433,ilheus-ISSQN,ilheus,ISSQN
2025-07-01,2025-07-01,4,2025-11-01,7406094.559415126,5565595.259486206,1051986.9309677433,ilheus-ISSQN,ilheus,ISSQN
2025-07-01,2025-07-01,5,2025-12-01,11649189.87,5573891.784752186,1051986.9309677433,ilheus-ISSQN,ilheus,ISSQN
2025-08-01,2025-08-01,1,2025-09-01,6403331.52498959,5545419.658297507,1058710.2176273284,ilheus-ISSQN,ilheus,ISSQN
2025-08-01,2025-08-01,2,2025-10-01,6050380.013429479,5555596.381043088,1058710.2176273284,ilheus-ISSQN,ilheus,ISSQN
2025-08-01,2025-08-01,3,2025-11-01,7406094.559415126,5565562.559987448,1058710.2176273284,ilheus-ISSQN,ilheus,ISSQN
2025-08-01,2025-08-01,4,2025-12-01,11649189.87,5575322.551021316,1058710.2176273284,ilheus-ISSQN,ilheus,ISSQN
2025-09-01,2025-09-01,1,2025-10-01,6050380.013429479,5620332.815773704,1057306.0956404512,ilheus-ISSQN,ilheus,ISSQN
2025-09-01,2025-09-01,2,2025-11-01,7406094.559415126,5634965.034728133,1057306.0956404512,ilheus-ISSQN,ilheus,ISSQN
2025-09-01,2025-09-01,3,2025-12-01,11649189.87,5649303.687372973,1057306.0956404512,ilheus-ISSQN,ilheus,ISSQN
2025-10-01,2025-10-01,1,2025-11-01,7406094.559415126,5659967.965754985,1075718.0382170232,ilheus-ISSQN,ilheus,ISSQN
2025-10-01,2025-10-01,2,2025-12-01,11649189.87,5677001.518158438,1075718.0382170232,ilheus-ISSQN,ilheus,ISSQN
2025-11-01,2025-11-01,1,2025-12-01,11649189.87,5796239.62501856,1104069.4968092788,ilheus-ISSQN,ilheus,ISSQN
