origin,train_end,step,target_date,y_true,y_pred,insample_scale,serie,municipio,tributo
2020-12-01,2020-12-01,1,2021-01-01,69000723.36417782,64860006.75623657,10145027.427750492,salvador-IPTU,salvador,IPTU
2020-12-01,2020-12-01,2,2021-02-01,321045951.24377316,322273301.8165441,10145027.427750492,salvador-IPTU,salvador,IPTU
2020-12-01,2020-12-01,3,2021-03-01,127432294.82771966,62138085.08693051,10145027.427750492,salvador-IPTU,salvador,IPTU
2020-12-01,2020-12-01,4,2021-04-01,57077310.06476509,40076137.813402295,10145027.427750492,salvador-IPTU,salvador,IPTU
2020-12-01,2020-12-01,5,2021-05-01,62874566.758613415,42660434.28581108,10145027.427750492,salvador-IPTU,salvador,IPTU
2020-12-01,2020-12-01,6,2021-06-01,64970539.980599545,48632258.2196629,10145027.427750492,salvador-IPTU,salvador,IPTU
2020-12-01,2020-12-01,7,2021-07-01,59657057.5193954,50311286.93855657,10145027.427750492,salvador-IPTU,salvador,IPTU
2020-12-01,2020-12-01,8,2021-08-01,67559564.12545998,44042715.41809161,10145027.427750492,salvador-IPTU,salvador,IPTU
2020-12-01,2020-12-01,9,2021-09-01,59308358.66786285,45843906.04074209,10145027.427750492,salvador-IPTU,salvador,IPTU
2020-12-01,2020-12-01,10,2021-10-01,53898960.48452419,79255650.46019118,10145027.427750492,salvador-IPTU,salvador,IPTU
2020-12-01,2020-12-01,11,2021-11-01,55536055.336053334,79852826.02359614,10145027.427750492,salvador-IPTU,salvador,IPTU
2020-12-01,2020-12-01,12,2021-12-01,60702736.74751406,83868049.00371067,10145027.427750492,salvador-IPTU,salvador,IPTU
2021-01-01,2021-01-01,1,2021-02-01,321045951.24377316,322273301.8165441,9997872.250671698,salvador-IPTU,salvador,IPTU
2021-01-01,2021-01-01,2,2021-03-01,127432294.82771966,62138085.08693051,9997872.250671698,salvador-IPTU,salvador,IPTU
2021-01-01,2021-01-01,3,2021-04-01,57077310.06476509,40076137.813402295,9997872.250671698,salvador-IPTU,salvador,IPTU
2021-01-01,2021-01-01,4,2021-05-01,62874566.758613415,42660434.28581108,9997872.250671698,salvador-IPTU,salvador,IPTU
2021-01-01,2021-01-01,5,2021-06-01,64970539.980599545,48632258.2196629,9997872.250671698,salvador-IPTU,salvador,IPTU
2021-01-01,2021-01-01,6,2021-07-01,59657057.5193954,50311286.93855657,9997872.250671698,salvador-IPTU,salvador,IPTU
2021-01-01,2021-01-01,7,2021-08-01,67559564.12545998,44042715.41809161,9997872.250671698,salvador-IPTU,salvador,IPTU
2021-01-01,2021-01-01,8,2021-09-01,59308358.66786285,45843906.04074209,9997872.250671698,salvador-IPTU,salvador,IPTU
2021-01-01,2021-01-01,9,2021-10-01,53898960.48452419,79255650.46019118,9997872.250671698,salvador-IPTU,salvador,IPTU
2021-01-01,2021-01-01,10,2021-11-01,55536055.336053334,79852826.02359614,9997872.250671698,salvador-IPTU,salvador,IPTU
2021-01-01,2021-01-01,11,2021-12-01,60702736.74751406,83868049.00371067,9997872.250671698,salvador-IPTU,salvador,IPTU
2021-01-01,2021-01-01,12,2022-01-01,65044094.43652048,63691445.13029255,9997872.250671698,salvador-IPTU,salvador,IPTU
2021-02-01,2021-02-01,1,2021-03-01,127432294.82771966,62003173.969662994,9942045.743510159,salvador-IPTU,salvador,IPTU
2021-02-01,2021-02-01,2,2021-04-01,57077310.06476509,39941226.696134776,9942045.743510159,salvador-IPTU,salvador,IPTU
2021-02-01,2021-02-01,3,2021-05-01,62874566.758613415,42525523.16854356,9942045.743510159,salvador-IPTU,salvador,IPTU
2021-02-01,2021-02-01,4,2021-06-01,64970539.980599545,48497347.10239538,9942045.743510159,salvador-IPTU,salvador,IPTU
2021-02-01,2021-02-01,5,2021-07-01,59657057.5193954,50176375.82128905,9942045.743510159,salvador-IPTU,salvador,IPTU
2021-02-01,2021-02-01,6,2021-08-01,67559564.12545998,43907804.30082409,9942045.743510159,salvador-IPTU,salvador,IPTU
2021-02-01,2021-02-01,7,2021-09-01,59308358.66786285,45708994.92347457,9942045.743510159,salvador-IPTU,salvador,IPTU
2021-02-01,2021-02-01,8,2021-10-01,53898960.48452419,79120739.34292366,9942045.743510159,salvador-IPTU,salvador,IPTU
2021-02-01,2021-02-01,9,2021-11-01,55536055.336053334,79717914.90632862,9942045.743510159,salvador-IPTU,salvador,IPTU
2021-02-01,2021-02-01,10,2021-12-01,60702736.74751406,83733137.88644315,9942045.743510159,salvador-IPTU,salvador,IPTU
2021-02-01,2021-02-01,11,2022-01-01,65044094.43652048,63556534.01302503,9942045.743510159,salvador-IPTU,salvador,IPTU
2021-02-01,2021-02-01,12,2022-02-01,287530945.4916237,315601761.8926204,9942045.743510159,salvador-IPTU,salvador,IPTU
2021-03-01,2021-03-01,1,2021-04-01,57077310.06476509,39941226.696134776,10736377.263564026,salvador-IPTU,salvador,IPTU
2021-03-01,2021-03-01,2,2021-05-01,62874566.758613415,42525523.16854356,10736377.263564026,salvador-IPTU,salvador,IPTU
2021-03-01,2021-03-01,3,2021-06-01,64970539.980599545,48497347.10239538,10736377.263564026,salvador-IPTU,salvador,IPTU
2021-03-01,2021-03-01,4,2021-07-01,59657057.5193954,50176375.82128905,10736377.263564026,salvador-IPTU,salvador,IPTU
2021-03-01,2021-03-01,5,2021-08-01,67559564.12545998,43907804.30082409,10736377.263564026,salvador-IPTU,salvador,IPTU
2021-03-01,2021-03-01,6,2021-09-01,59308358.66786285,45708994.92347457,10736377.263564026,salvador-IPTU,salvador,IPTU
2021-03-01,2021-03-01,7,2021-10-01,53898960.48452419,79120739.34292366,10736377.263564026,salvador-IPTU,salvador,IPTU
2021-03-01,2021-03-01,8,2021-11-01,55536055.336053334,79717914.90632862,10736377.263564026,salvador-IPTU,salvador,IPTU
2021-03-01,2021-03-01,9,2021-12-01,60702736.74751406,83733137.88644315,10736377.263564026,salvador-IPTU,salvador,IPTU
2021-03-01,2021-03-01,10,2022-01-01,65044094.43652048,63556534.01302503,10736377.263564026,salvador-IPTU,salvador,IPTU
2021-03-01,2021-03-01,11,2022-02-01,287530945.4916237,315601761.8926204,10736377.263564026,salvador-IPTU,salvador,IPTU
2021-03-01,2021-03-01,12,2022-03-01,123924826.15024877,121988105.47656687,10736377.263564026,salvador-IPTU,salvador,IPTU
2021-04-01,2021-04-01,1,2021-05-01,62874566.758613415,45209556.758899674,10751307.212843925,salvador-IPTU,salvador,IPTU
2021-04-01,2021-04-01,2,2021-06-01,64970539.980599545,51181380.69275149,10751307.212843925,salvador-IPTU,salvador,IPTU
2021-04-01,2021-04-01,3,2021-07-01,59657057.5193954,52860409.41164516,10751307.212843925,salvador-IPTU,salvador,IPTU
2021-04-01,2021-04-01,4,2021-08-01,67559564.12545998,46591837.8911802,10751307.212843925,salvador-IPTU,salvador,IPTU
2021-04-01,2021-04-01,5,2021-09-01,59308358.66786285,48393028.513830684,10751307.212843925,salvador-IPTU,salvador,IPTU
2021-04-01,2021-04-01,6,2021-10-01,53898960.48452419,81804772.93327977,10751307.212843925,salvador-IPTU,salvador,IPTU
2021-04-01,2021-04-01,7,2021-11-01,55536055.336053334,82401948.49668473,10751307.212843925,salvador-IPTU,salvador,IPTU
2021-04-01,2021-04-01,8,2021-12-01,60702736.74751406,86417171.47679926,10751307.212843925,salvador-IPTU,salvador,IPTU
2021-04-01,2021-04-01,9,2022-01-01,65044094.43652048,66240567.60338114,10751307.212843925,salvador-IPTU,salvador,IPTU
2021-04-01,2021-04-01,10,2022-02-01,287530945.4916237,318285795.4829765,10751307.212843925,salvador-IPTU,salvador,IPTU
2021-04-01,2021-04-01,11,2022-03-01,123924826.15024877,124672139.06692298,10751307.212843925,salvador-IPTU,salvador,IPTU
2021-04-01,2021-04-01,12,2022-04-01,61648619.59981778,54317154.30396841,10751307.212843925,salvador-IPTU,salvador,IPTU
2021-05-01,2021-05-01,1,2021-06-01,64970539.980599545,59203202.649314925,10815207.936321974,salvador-IPTU,salvador,IPTU
2021-05-01,2021-05-01,2,2021-07-01,59657057.5193954,60882231.36820859,10815207.936321974,salvador-IPTU,salvador,IPTU
2021-05-01,2021-05-01,3,2021-08-01,67559564.12545998,54613659.84774363,10815207.936321974,salvador-IPTU,salvador,IPTU
2021-05-01,2021-05-01,4,2021-09-01,59308358.66786285,56414850.47039412,10815207.936321974,salvador-IPTU,salvador,IPTU
2021-05-01,2021-05-01,5,2021-10-01,53898960.48452419,89826594.8898432,10815207.936321974,salvador-IPTU,salvador,IPTU
2021-05-01,2021-05-01,6,2021-11-01,55536055.336053334,90423770.45324816,10815207.936321974,salvador-IPTU,salvador,IPTU
2021-05-01,2021-05-01,7,2021-12-01,60702736.74751406,94438993.4333627,10815207.936321974,salvador-IPTU,salvador,IPTU
2021-05-01,2021-05-01,8,2022-01-01,65044094.43652048,74262389.55994457,10815207.936321974,salvador-IPTU,salvador,IPTU
2021-05-01,2021-05-01,9,2022-02-01,287530945.4916237,326307617.4395399,10815207.936321974,salvador-IPTU,salvador,IPTU
2021-05-01,2021-05-01,10,2022-03-01,123924826.15024877,132693961.0234864,10815207.936321974,salvador-IPTU,salvador,IPTU
2021-05-01,2021-05-01,11,2022-04-01,61648619.59981778,62338976.26053184,10815207.936321974,salvador-IPTU,salvador,IPTU
2021-05-01,2021-05-01,12,2022-05-01,68259379.93383087,68136232.95438017,10815207.936321974,salvador-IPTU,salvador,IPTU
2021-06-01,2021-06-01,1,2021-07-01,59657057.5193954,66981013.94470629,10818447.263454236,salvador-IPTU,salvador,IPTU
2021-06-01,2021-06-01,2,2021-08-01,67559564.12545998,60712442.424241334,10818447.263454236,salvador-IPTU,salvador,IPTU
2021-06-01,2021-06-01,3,2021-09-01,59308358.66786285,62513633.04689181,10818447.263454236,salvador-IPTU,salvador,IPTU
2021-06-01,2021-06-01,4,2021-10-01,53898960.48452419,95925377.4663409,10818447.263454236,salvador-IPTU,salvador,IPTU
2021-06-01,2021-06-01,5,2021-11-01,55536055.336053334,96522553.02974586,10818447.263454236,salvador-IPTU,salvador,IPTU
2021-06-01,2021-06-01,6,2021-12-01,60702736.74751406,100537776.0098604,10818447.263454236,salvador-IPTU,salvador,IPTU
2021-06-01,2021-06-01,7,2022-01-01,65044094.43652048,80361172.13644227,10818447.263454236,salvador-IPTU,salvador,IPTU
2021-06-01,2021-06-01,8,2022-02-01,287530945.4916237,332406400.0160376,10818447.263454236,salvador-IPTU,salvador,IPTU
2021-06-01,2021-06-01,9,2022-03-01,123924826.15024877,138792743.5999841,10818447.263454236,salvador-IPTU,salvador,IPTU
2021-06-01,2021-06-01,10,2022-04-01,61648619.59981778,68437758.83702953,10818447.263454236,salvador-IPTU,salvador,IPTU
2021-06-01,2021-06-01,11,2022-05-01,68259379.93383087,74235015.53087786,10818447.263454236,salvador-IPTU,salvador,IPTU
2021-06-01,2021-06-01,12,2022-06-01,60097620.00360337,76330988.75286399,10818447.263454236,salvador-IPTU,salvador,IPTU
2021-07-01,2021-07-01,1,2021-08-01,67559564.12545998,60712442.424241334,10717224.05574527,salvador-IPTU,salvador,IPTU
2021-07-01,2021-07-01,2,2021-09-01,59308358.66786285,62513633.04689181,10717224.05574527,salvador-IPTU,salvador,IPTU
2021-07-01,2021-07-01,3,2021-10-01,53898960.48452419,95925377.4663409,10717224.05574527,salvador-IPTU,salvador,IPTU
2021-07-01,2021-07-01,4,2021-11-01,55536055.336053334,96522553.02974586,10717224.05574527,salvador-IPTU,salvador,IPTU
2021-07-01,2021-07-01,5,2021-12-01,60702736.74751406,100537776.0098604,10717224.05574527,salvador-IPTU,salvador,IPTU
2021-07-01,2021-07-01,6,2022-01-01,65044094.43652048,80361172.13644227,10717224.05574527,salvador-IPTU,salvador,IPTU
2021-07-01,2021-07-01,7,2022-02-01,287530945.4916237,332406400.0160376,10717224.05574527,salvador-IPTU,salvador,IPTU
2021-07-01,2021-07-01,8,2022-03-01,123924826.15024877,138792743.5999841,10717224.05574527,salvador-IPTU,salvador,IPTU
2021-07-01,2021-07-01,9,2022-04-01,61648619.59981778,68437758.83702953,10717224.05574527,salvador-IPTU,salvador,IPTU
2021-07-01,2021-07-01,10,2022-05-01,68259379.93383087,74235015.53087786,10717224.05574527,salvador-IPTU,salvador,IPTU
2021-07-01,2021-07-01,11,2022-06-01,60097620.00360337,76330988.75286399,10717224.05574527,salvador-IPTU,salvador,IPTU
2021-07-01,2021-07-01,12,2022-07-01,66773806.91903504,71017506.29165985,10717224.05574527,salvador-IPTU,salvador,IPTU
2021-08-01,2021-08-01,1,2021-09-01,59308358.66786285,64451558.402824655,10827376.208947297,salvador-IPTU,salvador,IPTU
2021-08-01,2021-08-01,2,2021-10-01,53898960.48452419,97863302.82227373,10827376.208947297,salvador-IPTU,salvador,IPTU
2021-08-01,2021-08-01,3,2021-11-01,55536055.336053334,98460478.38567871,10827376.208947297,salvador-IPTU,salvador,IPTU
2021-08-01,2021-08-01,4,2021-12-01,60702736.74751406,102475701.36579323,10827376.208947297,salvador-IPTU,salvador,IPTU
2021-08-01,2021-08-01,5,2022-01-01,65044094.43652048,82299097.4923751,10827376.208947297,salvador-IPTU,salvador,IPTU
2021-08-01,2021-08-01,6,2022-02-01,287530945.4916237,334344325.3719705,10827376.208947297,salvador-IPTU,salvador,IPTU
2021-08-01,2021-08-01,7,2022-03-01,123924826.15024877,140730668.95591694,10827376.208947297,salvador-IPTU,salvador,IPTU
2021-08-01,2021-08-01,8,2022-04-01,61648619.59981778,70375684.19296238,10827376.208947297,salvador-IPTU,salvador,IPTU
2021-08-01,2021-08-01,9,2022-05-01,68259379.93383087,76172940.8868107,10827376.208947297,salvador-IPTU,salvador,IPTU
2021-08-01,2021-08-01,10,2022-06-01,60097620.00360337,78268914.10879683,10827376.208947297,salvador-IPTU,salvador,IPTU
2021-08-01,2021-08-01,11,2022-07-01,66773806.91903504,72955431.6475927,10827376.208947297,salvador-IPTU,salvador,IPTU
2021-08-01,2021-08-01,12,2022-08-01,66532703.77148832,80857938.25365728,10827376.208947297,salvador-IPTU,salvador,IPTU
2021-09-01,2021-09-01,1,2021-10-01,53898960.48452419,97863302.82227373,10788648.64640075,salvador-IPTU,salvador,IPTU
2021-09-01,2021-09-01,2,2021-11-01,55536055.336053334,98460478.38567871,10788648.64640075,salvador-IPTU,salvador,IPTU
2021-09-01,2021-09-01,3,2021-12-01,60702736.74751406,102475701.36579323,10788648.64640075,salvador-IPTU,salvador,IPTU
2021-09-01,2021-09-01,4,2022-01-01,65044094.43652048,82299097.4923751,10788648.64640075,salvador-IPTU,salvador,IPTU
2021-09-01,2021-09-01,5,2022-02-01,287530945.4916237,334344325.3719705,10788648.64640075,salvador-IPTU,salvador,IPTU
2021-09-01,2021-09-01,6,2022-03-01,123924826.15024877,140730668.95591694,10788648.64640075,salvador-IPTU,salvador,IPTU
2021-09-01,2021-09-01,7,2022-04-01,61648619.59981778,70375684.19296238,10788648.64640075,salvador-IPTU,salvador,IPTU
2021-09-01,2021-09-01,8,2022-05-01,68259379.93383087,76172940.8868107,10788648.64640075,salvador-IPTU,salvador,IPTU
2021-09-01,2021-09-01,9,2022-06-01,60097620.00360337,78268914.10879683,10788648.64640075,salvador-IPTU,salvador,IPTU
2021-09-01,2021-09-01,10,2022-07-01,66773806.91903504,72955431.6475927,10788648.64640075,salvador-IPTU,salvador,IPTU
2021-09-01,2021-09-01,11,2022-08-01,66532703.77148832,80857938.25365728,10788648.64640075,salvador-IPTU,salvador,IPTU
2021-09-01,2021-09-01,12,2022-09-01,65121867.4887068,72606732.79606014,10788648.64640075,salvador-IPTU,salvador,IPTU
2021-10-01,2021-10-01,1,2021-11-01,55536055.336053334,96522553.02974586,11072610.35444577,salvador-IPTU,salvador,IPTU
2021-10-01,2021-10-01,2,2021-12-01,60702736.74751406,100537776.0098604,11072610.35444577,salvador-IPTU,salvador,IPTU
2021-10-01,2021-10-01,3,2022-01-01,65044094.43652048,80361172.13644227,11072610.35444577,salvador-IPTU,salvador,IPTU
2021-10-01,2021-10-01,4,2022-02-01,287530945.4916237,332406400.0160376,11072610.35444577,salvador-IPTU,salvador,IPTU
2021-10-01,2021-10-01,5,2022-03-01,123924826.15024877,138792743.5999841,11072610.35444577,salvador-IPTU,salvador,IPTU
2021-10-01,2021-10-01,6,2022-04-01,61648619.59981778,68437758.83702953,11072610.35444577,salvador-IPTU,salvador,IPTU
2021-10-01,2021-10-01,7,2022-05-01,68259379.93383087,74235015.53087786,11072610.35444577,salvador-IPTU,salvador,IPTU
2021-10-01,2021-10-01,8,2022-06-01,60097620.00360337,76330988.75286399,11072610.35444577,salvador-IPTU,salvador,IPTU
2021-10-01,2021-10-01,9,2022-07-01,66773806.91903504,71017506.29165985,11072610.35444577,salvador-IPTU,salvador,IPTU
2021-10-01,2021-10-01,10,2022-08-01,66532703.77148832,78920012.89772443,11072610.35444577,salvador-IPTU,salvador,IPTU
2021-10-01,2021-10-01,11,2022-09-01,65121867.4887068,70668807.4401273,11072610.35444577,salvador-IPTU,salvador,IPTU
2021-10-01,2021-10-01,12,2022-10-01,63488690.92613522,65259409.25678864,11072610.35444577,salvador-IPTU,salvador,IPTU
2021-11-01,2021-11-01,1,2021-12-01,60702736.74751406,98769416.19773938,11333926.390600452,salvador-IPTU,salvador,IPTU
2021-11-01,2021-11-01,2,2022-01-01,65044094.43652048,78592812.32432126,11333926.390600452,salvador-IPTU,salvador,IPTU
2021-11-01,2021-11-01,3,2022-02-01,287530945.4916237,330638040.2039166,11333926.390600452,salvador-IPTU,salvador,IPTU
2021-11-01,2021-11-01,4,2022-03-01,123924826.15024877,137024383.78786308,11333926.390600452,salvador-IPTU,salvador,IPTU
2021-11-01,2021-11-01,5,2022-04-01,61648619.59981778,66669399.02490851,11333926.390600452,salvador-IPTU,salvador,IPTU
2021-11-01,2021-11-01,6,2022-05-01,68259379.93383087,72466655.71875684,11333926.390600452,salvador-IPTU,salvador,IPTU
2021-11-01,2021-11-01,7,2022-06-01,60097620.00360337,74562628.94074297,11333926.390600452,salvador-IPTU,salvador,IPTU
2021-11-01,2021-11-01,8,2022-07-01,66773806.91903504,69249146.47953883,11333926.390600452,salvador-IPTU,salvador,IPTU
2021-11-01,2021-11-01,9,2022-08-01,66532703.77148832,77151653.08560342,11333926.390600452,salvador-IPTU,salvador,IPTU
2021-11-01,2021-11-01,10,2022-09-01,65121867.4887068,68900447.62800628,11333926.390600452,salvador-IPTU,salvador,IPTU
2021-11-01,2021-11-01,11,2022-10-01,63488690.92613522,63491049.44466762,11333926.390600452,salvador-IPTU,salvador,IPTU
2021-11-01,2021-11-01,12,2022-11-01,66039562.927257076,65128144.29619676,11333926.390600452,salvador-IPTU,salvador,IPTU
2021-12-01,2021-12-01,1,2022-01-01,65044094.43652048,75096556.73427235,11571991.169759918,salvador-IPTU,salvador,IPTU
2021-12-01,2021-12-01,2,2022-02-01,287530945.4916237,327141784.6138677,11571991.169759918,salvador-IPTU,salvador,IPTU
2021-12-01,2021-12-01,3,2022-03-01,123924826.15024877,133528128.19781418,11571991.169759918,salvador-IPTU,salvador,IPTU
2021-12-01,2021-12-01,4,2022-04-01,61648619.59981778,63173143.43485961,11571991.169759918,salvador-IPTU,salvador,IPTU
2021-12-01,2021-12-01,5,2022-05-01,68259379.93383087,68970400.12870795,11571991.169759918,salvador-IPTU,salvador,IPTU
2021-12-01,2021-12-01,6,2022-06-01,60097620.00360337,71066373.35069406,11571991.169759918,salvador-IPTU,salvador,IPTU
2021-12-01,2021-12-01,7,2022-07-01,66773806.91903504,65752890.88948993,11571991.169759918,salvador-IPTU,salvador,IPTU
2021-12-01,2021-12-01,8,2022-08-01,66532703.77148832,73655397.4955545,11571991.169759918,salvador-IPTU,salvador,IPTU
2021-12-01,2021-12-01,9,2022-09-01,65121867.4887068,65404192.03795737,11571991.169759918,salvador-IPTU,salvador,IPTU
2021-12-01,2021-12-01,10,2022-10-01,63488690.92613522,59994793.85461871,11571991.169759918,salvador-IPTU,salvador,IPTU
2021-12-01,2021-12-01,11,2022-11-01,66039562.927257076,61631888.70614786,11571991.169759918,salvador-IPTU,salvador,IPTU
2021-12-01,2021-12-01,12,2022-12-01,64797642.90815615,66798570.117608584,11571991.169759918,salvador-IPTU,salvador,IPTU
2022-01-01,2022-01-01,1,2022-02-01,287530945.4916237,327141784.6138677,11467671.139046185,salvador-IPTU,salvador,IPTU
2022-01-01,2022-01-01,2,2022-03-01,123924826.15024877,133528128.19781418,11467671.139046185,salvador-IPTU,salvador,IPTU
2022-01-01,2022-01-01,3,2022-04-01,61648619.59981778,63173143.43485961,11467671.139046185,salvador-IPTU,salvador,IPTU
2022-01-01,2022-01-01,4,2022-05-01,68259379.93383087,68970400.12870795,11467671.139046185,salvador-IPTU,salvador,IPTU
2022-01-01,2022-01-01,5,2022-06-01,60097620.00360337,71066373.35069406,11467671.139046185,salvador-IPTU,salvador,IPTU
2022-01-01,2022-01-01,6,2022-07-01,66773806.91903504,65752890.88948993,11467671.139046185,salvador-IPTU,salvador,IPTU
2022-01-01,2022-01-01,7,2022-08-01,66532703.77148832,73655397.4955545,11467671.139046185,salvador-IPTU,salvador,IPTU
2022-01-01,2022-01-01,8,2022-09-01,65121867.4887068,65404192.03795737,11467671.139046185,salvador-IPTU,salvador,IPTU
2022-01-01,2022-01-01,9,2022-10-01,63488690.92613522,59994793.85461871,11467671.139046185,salvador-IPTU,salvador,IPTU
2022-01-01,2022-01-01,10,2022-11-01,66039562.927257076,61631888.70614786,11467671.139046185,salvador-IPTU,salvador,IPTU
2022-01-01,2022-01-01,11,2022-12-01,64797642.90815615,66798570.117608584,11467671.139046185,salvador-IPTU,salvador,IPTU
2022-01-01,2022-01-01,12,2023-01-01,71842672.13965991,71139927.806615,11467671.139046185,salvador-IPTU,salvador,IPTU
2022-02-01,2022-02-01,1,2022-03-01,123924826.15024877,133528128.19781418,11765608.09327731,salvador-IPTU,salvador,IPTU
2022-02-01,2022-02-01,2,2022-04-01,61648619.59981778,63173143.43485961,11765608.09327731,salvador-IPTU,salvador,IPTU
2022-02-01,2022-02-01,3,2022-05-01,68259379.93383087,68970400.12870795,11765608.09327731,salvador-IPTU,salvador,IPTU
2022-02-01,2022-02-01,4,2022-06-01,60097620.00360337,71066373.35069406,11765608.09327731,salvador-IPTU,salvador,IPTU
2022-02-01,2022-02-01,5,2022-07-01,66773806.91903504,65752890.88948993,11765608.09327731,salvador-IPTU,salvador,IPTU
2022-02-01,2022-02-01,6,2022-08-01,66532703.77148832,73655397.4955545,11765608.09327731,salvador-IPTU,salvador,IPTU
2022-02-01,2022-02-01,7,2022-09-01,65121867.4887068,65404192.03795737,11765608.09327731,salvador-IPTU,salvador,IPTU
2022-02-01,2022-02-01,8,2022-10-01,63488690.92613522,59994793.85461871,11765608.09327731,salvador-IPTU,salvador,IPTU
2022-02-01,2022-02-01,9,2022-11-01,66039562.927257076,61631888.70614786,11765608.09327731,salvador-IPTU,salvador,IPTU
2022-02-01,2022-02-01,10,2022-12-01,64797642.90815615,66798570.117608584,11765608.09327731,salvador-IPTU,salvador,IPTU
2022-02-01,2022-02-01,11,2023-01-01,71842672.13965991,71139927.806615,11765608.09327731,salvador-IPTU,salvador,IPTU
2022-02-01,2022-02-01,12,2023-02-01,312279669.4451977,293626778.86171824,11765608.09327731,salvador-IPTU,salvador,IPTU
2022-03-01,2022-03-01,1,2022-04-01,61648619.59981778,57341821.89950642,11655499.567733224,salvador-IPTU,salvador,IPTU
2022-03-01,2022-03-01,2,2022-05-01,68259379.93383087,63139078.59335475,11655499.567733224,salvador-IPTU,salvador,IPTU
2022-03-01,2022-03-01,3,2022-06-01,60097620.00360337,65235051.81534088,11655499.567733224,salvador-IPTU,salvador,IPTU
2022-03-01,2022-03-01,4,2022-07-01,66773806.91903504,59921569.354136735,11655499.567733224,salvador-IPTU,salvador,IPTU
2022-03-01,2022-03-01,5,2022-08-01,66532703.77148832,67824075.96020132,11655499.567733224,salvador-IPTU,salvador,IPTU
2022-03-01,2022-03-01,6,2022-09-01,65121867.4887068,59572870.50260419,11655499.567733224,salvador-IPTU,salvador,IPTU
2022-03-01,2022-03-01,7,2022-10-01,63488690.92613522,54163472.31926553,11655499.567733224,salvador-IPTU,salvador,IPTU
2022-03-01,2022-03-01,8,2022-11-01,66039562.927257076,55800567.170794666,11655499.567733224,salvador-IPTU,salvador,IPTU
2022-03-01,2022-03-01,9,2022-12-01,64797642.90815615,60967248.58225539,11655499.567733224,salvador-IPTU,salvador,IPTU
2022-03-01,2022-03-01,10,2023-01-01,71842672.13965991,65308606.27126181,11655499.567733224,salvador-IPTU,salvador,IPTU
2022-03-01,2022-03-01,11,2023-02-01,312279669.4451977,287795457.32636505,11655499.567733224,salvador-IPTU,salvador,IPTU
2022-03-01,2022-03-01,12,2023-03-01,85661910.80764559,124189337.9849901,11655499.567733224,salvador-IPTU,salvador,IPTU
2022-04-01,2022-04-01,1,2022-05-01,68259379.93383087,63139078.59335475,11562286.540987426,salvador-IPTU,salvador,IPTU
2022-04-01,2022-04-01,2,2022-06-01,60097620.00360337,65235051.81534088,11562286.540987426,salvador-IPTU,salvador,IPTU
2022-04-01,2022-04-01,3,2022-07-01,66773806.91903504,59921569.354136735,11562286.540987426,salvador-IPTU,salvador,IPTU
2022-04-01,2022-04-01,4,2022-08-01,66532703.77148832,67824075.96020132,11562286.540987426,salvador-IPTU,salvador,IPTU
2022-04-01,2022-04-01,5,2022-09-01,65121867.4887068,59572870.50260419,11562286.540987426,salvador-IPTU,salvador,IPTU
2022-04-01,2022-04-01,6,2022-10-01,63488690.92613522,54163472.31926553,11562286.540987426,salvador-IPTU,salvador,IPTU
2022-04-01,2022-04-01,7,2022-11-01,66039562.927257076,55800567.170794666,11562286.540987426,salvador-IPTU,salvador,IPTU
2022-04-01,2022-04-01,8,2022-12-01,64797642.90815615,60967248.58225539,11562286.540987426,salvador-IPTU,salvador,IPTU
2022-04-01,2022-04-01,9,2023-01-01,71842672.13965991,65308606.27126181,11562286.540987426,salvador-IPTU,salvador,IPTU
2022-04-01,2022-04-01,10,2023-02-01,312279669.4451977,287795457.32636505,11562286.540987426,salvador-IPTU,salvador,IPTU
2022-04-01,2022-04-01,11,2023-03-01,85661910.80764559,124189337.9849901,11562286.540987426,salvador-IPTU,salvador,IPTU
2022-04-01,2022-04-01,12,2023-04-01,68003023.29737547,61913131.43455912,11562286.540987426,salvador-IPTU,salvador,IPTU
2022-05-01,2022-05-01,1,2022-06-01,60097620.00360337,65235051.81534088,11482059.614159247,salvador-IPTU,salvador,IPTU
2022-05-01,2022-05-01,2,2022-07-01,66773806.91903504,59921569.354136735,11482059.614159247,salvador-IPTU,salvador,IPTU
2022-05-01,2022-05-01,3,2022-08-01,66532703.77148832,67824075.96020132,11482059.614159247,salvador-IPTU,salvador,IPTU
2022-05-01,2022-05-01,4,2022-09-01,65121867.4887068,59572870.50260419,11482059.614159247,salvador-IPTU,salvador,IPTU
2022-05-01,2022-05-01,5,2022-10-01,63488690.92613522,54163472.31926553,11482059.614159247,salvador-IPTU,salvador,IPTU
2022-05-01,2022-05-01,6,2022-11-01,66039562.927257076,55800567.170794666,11482059.614159247,salvador-IPTU,salvador,IPTU
2022-05-01,2022-05-01,7,2022-12-01,64797642.90815615,60967248.58225539,11482059.614159247,salvador-IPTU,salvador,IPTU
2022-05-01,2022-05-01,8,2023-01-01,71842672.13965991,65308606.27126181,11482059.614159247,salvador-IPTU,salvador,IPTU
2022-05-01,2022-05-01,9,2023-02-01,312279669.4451977,287795457.32636505,11482059.614159247,salvador-IPTU,salvador,IPTU
2022-05-01,2022-05-01,10,2023-03-01,85661910.80764559,124189337.9849901,11482059.614159247,salvador-IPTU,salvador,IPTU
2022-05-01,2022-05-01,11,2023-04-01,68003023.29737547,61913131.43455912,11482059.614159247,salvador-IPTU,salvador,IPTU
2022-05-01,2022-05-01,12,2023-05-01,80927117.99548042,68523891.76857221,11482059.614159247,salvador-IPTU,salvador,IPTU
2022-06-01,2022-06-01,1,2022-07-01,66773806.91903504,55925008.71683128,11397327.054708438,salvador-IPTU,salvador,IPTU
2022-06-01,2022-06-01,2,2022-08-01,66532703.77148832,63827515.32289587,11397327.054708438,salvador-IPTU,salvador,IPTU
2022-06-01,2022-06-01,3,2022-09-01,65121867.4887068,55576309.86529873,11397327.054708438,salvador-IPTU,salvador,IPTU
2022-06-01,2022-06-01,4,2022-10-01,63488690.92613522,50166911.681960076,11397327.054708438,salvador-IPTU,salvador,IPTU
2022-06-01,2022-06-01,5,2022-11-01,66039562.927257076,51804006.53348921,11397327.054708438,salvador-IPTU,salvador,IPTU
2022-06-01,2022-06-01,6,2022-12-01,64797642.90815615,56970687.94494994,11397327.054708438,salvador-IPTU,salvador,IPTU
2022-06-01,2022-06-01,7,2023-01-01,71842672.13965991,61312045.63395636,11397327.054708438,salvador-IPTU,salvador,IPTU
2022-06-01,2022-06-01,8,2023-02-01,312279669.4451977,283798896.68905956,11397327.054708438,salvador-IPTU,salvador,IPTU
2022-06-01,2022-06-01,9,2023-03-01,85661910.80764559,120192777.34768465,11397327.054708438,salvador-IPTU,salvador,IPTU
2022-06-01,2022-06-01,10,2023-04-01,68003023.29737547,57916570.79725367,11397327.054708438,salvador-IPTU,salvador,IPTU
2022-06-01,2022-06-01,11,2023-05-01,80927117.99548042,64527331.13126676,11397327.054708438,salvador-IPTU,salvador,IPTU
2022-06-01,2022-06-01,12,2023-06-01,69943842.947167,56365571.201039255,11397327.054708438,salvador-IPTU,salvador,IPTU
2022-07-01,2022-07-01,1,2022-08-01,66532703.77148832,63827515.32289587,11343142.527429085,salvador-IPTU,salvador,IPTU
2022-07-01,2022-07-01,2,2022-09-01,65121867.4887068,55576309.86529873,11343142.527429085,salvador-IPTU,salvador,IPTU
2022-07-01,2022-07-01,3,2022-10-01,63488690.92613522,50166911.681960076,11343142.527429085,salvador-IPTU,salvador,IPTU
2022-07-01,2022-07-01,4,2022-11-01,66039562.927257076,51804006.53348921,11343142.527429085,salvador-IPTU,salvador,IPTU
2022-07-01,2022-07-01,5,2022-12-01,64797642.90815615,56970687.94494994,11343142.527429085,salvador-IPTU,salvador,IPTU
2022-07-01,2022-07-01,6,2023-01-01,71842672.13965991,61312045.63395636,11343142.527429085,salvador-IPTU,salvador,IPTU
2022-07-01,2022-07-01,7,2023-02-01,312279669.4451977,283798896.68905956,11343142.527429085,salvador-IPTU,salvador,IPTU
2022-07-01,2022-07-01,8,2023-03-01,85661910.80764559,120192777.34768465,11343142.527429085,salvador-IPTU,salvador,IPTU
2022-07-01,2022-07-01,9,2023-04-01,68003023.29737547,57916570.79725367,11343142.527429085,salvador-IPTU,salvador,IPTU
2022-07-01,2022-07-01,10,2023-05-01,80927117.99548042,64527331.13126676,11343142.527429085,salvador-IPTU,salvador,IPTU
2022-07-01,2022-07-01,11,2023-06-01,69943842.947167,56365571.201039255,11343142.527429085,salvador-IPTU,salvador,IPTU
2022-07-01,2022-07-01,12,2023-07-01,68426714.10914947,63041758.11647092,11343142.527429085,salvador-IPTU,salvador,IPTU
2022-08-01,2022-08-01,1,2022-09-01,65121867.4887068,55576309.86529873,11214189.000260867,salvador-IPTU,salvador,IPTU
2022-08-01,2022-08-01,2,2022-10-01,63488690.92613522,50166911.681960076,11214189.000260867,salvador-IPTU,salvador,IPTU
2022-08-01,2022-08-01,3,2022-11-01,66039562.927257076,51804006.53348921,11214189.000260867,salvador-IPTU,salvador,IPTU
2022-08-01,2022-08-01,4,2022-12-01,64797642.90815615,56970687.94494994,11214189.000260867,salvador-IPTU,salvador,IPTU
2022-08-01,2022-08-01,5,2023-01-01,71842672.13965991,61312045.63395636,11214189.000260867,salvador-IPTU,salvador,IPTU
2022-08-01,2022-08-01,6,2023-02-01,312279669.4451977,283798896.68905956,11214189.000260867,salvador-IPTU,salvador,IPTU
2022-08-01,2022-08-01,7,2023-03-01,85661910.80764559,120192777.34768465,11214189.000260867,salvador-IPTU,salvador,IPTU
2022-08-01,2022-08-01,8,2023-04-01,68003023.29737547,57916570.79725367,11214189.000260867,salvador-IPTU,salvador,IPTU
2022-08-01,2022-08-01,9,2023-05-01,80927117.99548042,64527331.13126676,11214189.000260867,salvador-IPTU,salvador,IPTU
2022-08-01,2022-08-01,10,2023-06-01,69943842.947167,56365571.201039255,11214189.000260867,salvador-IPTU,salvador,IPTU
2022-08-01,2022-08-01,11,2023-07-01,68426714.10914947,63041758.11647092,11214189.000260867,salvador-IPTU,salvador,IPTU
2022-08-01,2022-08-01,12,2023-08-01,71716634.04572195,62800654.968924195,11214189.000260867,salvador-IPTU,salvador,IPTU
2022-09-01,2022-09-01,1,2022-10-01,63488690.92613522,50166911.681960076,11147513.936317448,salvador-IPTU,salvador,IPTU
2022-09-01,2022-09-01,2,2022-11-01,66039562.927257076,51804006.53348921,11147513.936317448,salvador-IPTU,salvador,IPTU
2022-09-01,2022-09-01,3,2022-12-01,64797642.90815615,56970687.94494994,11147513.936317448,salvador-IPTU,salvador,IPTU
2022-09-01,2022-09-01,4,2023-01-01,71842672.13965991,61312045.63395636,11147513.936317448,salvador-IPTU,salvador,IPTU
2022-09-01,2022-09-01,5,2023-02-01,312279669.4451977,283798896.68905956,11147513.936317448,salvador-IPTU,salvador,IPTU
2022-09-01,2022-09-01,6,2023-03-01,85661910.80764559,120192777.34768465,11147513.936317448,salvador-IPTU,salvador,IPTU
2022-09-01,2022-09-01,7,2023-04-01,68003023.29737547,57916570.79725367,11147513.936317448,salvador-IPTU,salvador,IPTU
2022-09-01,2022-09-01,8,2023-05-01,80927117.99548042,64527331.13126676,11147513.936317448,salvador-IPTU,salvador,IPTU
2022-09-01,2022-09-01,9,2023-06-01,69943842.947167,56365571.201039255,11147513.936317448,salvador-IPTU,salvador,IPTU
2022-09-01,2022-09-01,10,2023-07-01,68426714.10914947,63041758.11647092,11147513.936317448,salvador-IPTU,salvador,IPTU
2022-09-01,2022-09-01,11,2023-08-01,71716634.04572195,62800654.968924195,11147513.936317448,salvador-IPTU,salvador,IPTU
2022-09-01,2022-09-01,12,2023-09-01,64678015.45114056,61389818.68614268,11147513.936317448,salvador-IPTU,salvador,IPTU
2022-10-01,2022-10-01,1,2022-11-01,66039562.927257076,53268890.82033205,11128516.576625906,salvador-IPTU,salvador,IPTU
2022-10-01,2022-10-01,2,2022-12-01,64797642.90815615,58435572.23179278,11128516.576625906,salvador-IPTU,salvador,IPTU
2022-10-01,2022-10-01,3,2023-01-01,71842672.13965991,62776929.920799196,11128516.576625906,salvador-IPTU,salvador,IPTU
2022-10-01,2022-10-01,4,2023-02-01,312279669.4451977,285263780.97590244,11128516.576625906,salvador-IPTU,salvador,IPTU
2022-10-01,2022-10-01,5,2023-03-01,85661910.80764559,121657661.63452749,11128516.576625906,salvador-IPTU,salvador,IPTU
2022-10-01,2022-10-01,6,2023-04-01,68003023.29737547,59381455.084096506,11128516.576625906,salvador-IPTU,salvador,IPTU
2022-10-01,2022-10-01,7,2023-05-01,80927117.99548042,65992215.418109596,11128516.576625906,salvador-IPTU,salvador,IPTU
2022-10-01,2022-10-01,8,2023-06-01,69943842.947167,57830455.48788209,11128516.576625906,salvador-IPTU,salvador,IPTU
2022-10-01,2022-10-01,9,2023-07-01,68426714.10914947,64506642.403313756,11128516.576625906,salvador-IPTU,salvador,IPTU
2022-10-01,2022-10-01,10,2023-08-01,71716634.04572195,64265539.25576703,11128516.576625906,salvador-IPTU,salvador,IPTU
2022-10-01,2022-10-01,11,2023-09-01,64678015.45114056,62854702.97298552,11128516.576625906,salvador-IPTU,salvador,IPTU
2022-10-01,2022-10-01,12,2023-10-01,70665245.44717538,61221526.410413936,11128516.576625906,salvador-IPTU,salvador,IPTU
2022-11-01,2022-11-01,1,2022-12-01,64797642.90815615,62474961.338054575,11120986.34788588,salvador-IPTU,salvador,IPTU
2022-11-01,2022-11-01,2,2023-01-01,71842672.13965991,66816319.02706099,11120986.34788588,salvador-IPTU,salvador,IPTU
2022-11-01,2022-11-01,3,2023-02-01,312279669.4451977,289303170.0821642,11120986.34788588,salvador-IPTU,salvador,IPTU
2022-11-01,2022-11-01,4,2023-03-01,85661910.80764559,125697050.74078928,11120986.34788588,salvador-IPTU,salvador,IPTU
2022-11-01,2022-11-01,5,2023-04-01,68003023.29737547,63420844.190358296,11120986.34788588,salvador-IPTU,salvador,IPTU
2022-11-01,2022-11-01,6,2023-05-01,80927117.99548042,70031604.52437139,11120986.34788588,salvador-IPTU,salvador,IPTU
2022-11-01,2022-11-01,7,2023-06-01,69943842.947167,61869844.59414388,11120986.34788588,salvador-IPTU,salvador,IPTU
2022-11-01,2022-11-01,8,2023-07-01,68426714.10914947,68546031.50957555,11120986.34788588,salvador-IPTU,salvador,IPTU
2022-11-01,2022-11-01,9,2023-08-01,71716634.04572195,68304928.36202884,11120986.34788588,salvador-IPTU,salvador,IPTU
2022-11-01,2022-11-01,10,2023-09-01,64678015.45114056,66894092.07924731,11120986.34788588,salvador-IPTU,salvador,IPTU
2022-11-01,2022-11-01,11,2023-10-01,70665245.44717538,65260915.51667573,11120986.34788588,salvador-IPTU,salvador,IPTU
2022-11-01,2022-11-01,12,2023-11-01,64278105.00756604,67811787.51779759,11120986.34788588,salvador-IPTU,salvador,IPTU
2022-12-01,2022-12-01,1,2023-01-01,71842672.13965991,69377202.28436787,11037342.536132976,salvador-IPTU,salvador,IPTU
2022-12-01,2022-12-01,2,2023-02-01,312279669.4451977,291864053.3394711,11037342.536132976,salvador-IPTU,salvador,IPTU
2022-12-01,2022-12-01,3,2023-03-01,85661910.80764559,128257933.99809615,11037342.536132976,salvador-IPTU,salvador,IPTU
2022-12-01,2022-12-01,4,2023-04-01,68003023.29737547,65981727.44766517,11037342.536132976,salvador-IPTU,salvador,IPTU
2022-12-01,2022-12-01,5,2023-05-01,80927117.99548042,72592487.78167826,11037342.536132976,salvador-IPTU,salvador,IPTU
2022-12-01,2022-12-01,6,2023-06-01,69943842.947167,64430727.851450756,11037342.536132976,salvador-IPTU,salvador,IPTU
2022-12-01,2022-12-01,7,2023-07-01,68426714.10914947,71106914.76688243,11037342.536132976,salvador-IPTU,salvador,IPTU
2022-12-01,2022-12-01,8,2023-08-01,71716634.04572195,70865811.61933571,11037342.536132976,salvador-IPTU,salvador,IPTU
2022-12-01,2022-12-01,9,2023-09-01,64678015.45114056,69454975.33655418,11037342.536132976,salvador-IPTU,salvador,IPTU
2022-12-01,2022-12-01,10,2023-10-01,70665245.44717538,67821798.77398261,11037342.536132976,salvador-IPTU,salvador,IPTU
2022-12-01,2022-12-01,11,2023-11-01,64278105.00756604,70372670.77510446,11037342.536132976,salvador-IPTU,salvador,IPTU
2022-12-01,2022-12-01,12,2023-12-01,104574689.04816487,69130750.75600354,11037342.536132976,salvador-IPTU,salvador,IPTU
2023-01-01,2023-01-01,1,2023-02-01,312279669.4451977,292509006.8467588,10987474.714568347,salvador-IPTU,salvador,IPTU
2023-01-01,2023-01-01,2,2023-03-01,85661910.80764559,128902887.50538385,10987474.714568347,salvador-IPTU,salvador,IPTU
2023-01-01,2023-01-01,3,2023-04-01,68003023.29737547,66626680.95495286,10987474.714568347,salvador-IPTU,salvador,IPTU
2023-01-01,2023-01-01,4,2023-05-01,80927117.99548042,73237441.28896594,10987474.714568347,salvador-IPTU,salvador,IPTU
2023-01-01,2023-01-01,5,2023-06-01,69943842.947167,65075681.358738445,10987474.714568347,salvador-IPTU,salvador,IPTU
2023-01-01,2023-01-01,6,2023-07-01,68426714.10914947,71751868.27417012,10987474.714568347,salvador-IPTU,salvador,IPTU
2023-01-01,2023-01-01,7,2023-08-01,71716634.04572195,71510765.12662339,10987474.714568347,salvador-IPTU,salvador,IPTU
2023-01-01,2023-01-01,8,2023-09-01,64678015.45114056,70099928.84384188,10987474.714568347,salvador-IPTU,salvador,IPTU
2023-01-01,2023-01-01,9,2023-10-01,70665245.44717538,68466752.2812703,10987474.714568347,salvador-IPTU,salvador,IPTU
2023-01-01,2023-01-01,10,2023-11-01,64278105.00756604,71017624.28239214,10987474.714568347,salvador-IPTU,salvador,IPTU
2023-01-01,2023-01-01,11,2023-12-01,104574689.04816487,69775704.26329122,10987474.714568347,salvador-IPTU,salvador,IPTU
2023-01-01,2023-01-01,12,2024-01-01,171289802.2674211,76820733.494795,10987474.714568347,salvador-IPTU,salvador,IPTU
2023-02-01,2023-02-01,1,2023-03-01,85661910.80764559,129523987.14827947,11147489.240603298,salvador-IPTU,salvador,IPTU
2023-02-01,2023-02-01,2,2023-04-01,68003023.29737547,67247780.59784849,11147489.240603298,salvador-IPTU,salvador,IPTU
2023-02-01,2023-02-01,3,2023-05-01,80927117.99548042,73858540.93186158,11147489.240603298,salvador-IPTU,salvador,IPTU
2023-02-01,2023-02-01,4,2023-06-01,69943842.947167,65696781.001634076,11147489.240603298,salvador-IPTU,salvador,IPTU
2023-02-01,2023-02-01,5,2023-07-01,68426714.10914947,72372967.91706574,11147489.240603298,salvador-IPTU,salvador,IPTU
2023-02-01,2023-02-01,6,2023-08-01,71716634.04572195,72131864.76951902,11147489.240603298,salvador-IPTU,salvador,IPTU
2023-02-01,2023-02-01,7,2023-09-01,64678015.45114056,70721028.4867375,11147489.240603298,salvador-IPTU,salvador,IPTU
2023-02-01,2023-02-01,8,2023-10-01,70665245.44717538,69087851.92416592,11147489.240603298,salvador-IPTU,salvador,IPTU
2023-02-01,2023-02-01,9,2023-11-01,64278105.00756604,71638723.92528778,11147489.240603298,salvador-IPTU,salvador,IPTU
2023-02-01,2023-02-01,10,2023-12-01,104574689.04816487,70396803.90618685,11147489.240603298,salvador-IPTU,salvador,IPTU
2023-02-01,2023-02-01,11,2024-01-01,171289802.2674211,77441833.13769062,11147489.240603298,salvador-IPTU,salvador,IPTU
2023-02-01,2023-02-01,12,2024-02-01,340945987.3121734,317878830.4432284,11147489.240603298,salvador-IPTU,salvador,IPTU
2023-03-01,2023-03-01,1,2023-04-01,68003023.29737547,67247780.59784849,11459160.8049941,salvador-IPTU,salvador,IPTU
2023-03-01,2023-03-01,2,2023-05-01,80927117.99548042,73858540.93186158,11459160.8049941,salvador-IPTU,salvador,IPTU
2023-03-01,2023-03-01,3,2023-06-01,69943842.947167,65696781.001634076,11459160.8049941,salvador-IPTU,salvador,IPTU
2023-03-01,2023-03-01,4,2023-07-01,68426714.10914947,72372967.91706574,11459160.8049941,salvador-IPTU,salvador,IPTU
2023-03-01,2023-03-01,5,2023-08-01,71716634.04572195,72131864.76951902,11459160.8049941,salvador-IPTU,salvador,IPTU
2023-03-01,2023-03-01,6,2023-09-01,64678015.45114056,70721028.4867375,11459160.8049941,salvador-IPTU,salvador,IPTU
2023-03-01,2023-03-01,7,2023-10-01,70665245.44717538,69087851.92416592,11459160.8049941,salvador-IPTU,salvador,IPTU
2023-03-01,2023-03-01,8,2023-11-01,64278105.00756604,71638723.92528778,11459160.8049941,salvador-IPTU,salvador,IPTU
2023-03-01,2023-03-01,9,2023-12-01,104574689.04816487,70396803.90618685,11459160.8049941,salvador-IPTU,salvador,IPTU
2023-03-01,2023-03-01,10,2024-01-01,171289802.2674211,77441833.13769062,11459160.8049941,salvador-IPTU,salvador,IPTU
2023-03-01,2023-03-01,11,2024-02-01,340945987.3121734,317878830.4432284,11459160.8049941,salvador-IPTU,salvador,IPTU
2023-03-01,2023-03-01,12,2024-03-01,83011395.96234319,91261071.8056763,11459160.8049941,salvador-IPTU,salvador,IPTU
2023-04-01,2023-04-01,1,2023-05-01,80927117.99548042,74343336.1930317,11401152.201500507,salvador-IPTU,salvador,IPTU
2023-04-01,2023-04-01,2,2023-06-01,69943842.947167,66181576.26280419,11401152.201500507,salvador-IPTU,salvador,IPTU
2023-04-01,2023-04-01,3,2023-07-01,68426714.10914947,72857763.17823586,11401152.201500507,salvador-IPTU,salvador,IPTU
2023-04-01,2023-04-01,4,2023-08-01,71716634.04572195,72616660.03068914,11401152.201500507,salvador-IPTU,salvador,IPTU
2023-04-01,2023-04-01,5,2023-09-01,64678015.45114056,71205823.74790761,11401152.201500507,salvador-IPTU,salvador,IPTU
2023-04-01,2023-04-01,6,2023-10-01,70665245.44717538,69572647.18533604,11401152.201500507,salvador-IPTU,salvador,IPTU
2023-04-01,2023-04-01,7,2023-11-01,64278105.00756604,72123519.1864579,11401152.201500507,salvador-IPTU,salvador,IPTU
2023-04-01,2023-04-01,8,2023-12-01,104574689.04816487,70881599.16735697,11401152.201500507,salvador-IPTU,salvador,IPTU
2023-04-01,2023-04-01,9,2024-01-01,171289802.2674211,77926628.39886072,11401152.201500507,salvador-IPTU,salvador,IPTU
2023-04-01,2023-04-01,10,2024-02-01,340945987.3121734,318363625.7043985,11401152.201500507,salvador-IPTU,salvador,IPTU
2023-04-01,2023-04-01,11,2024-03-01,83011395.96234319,91745867.0668464,11401152.201500507,salvador-IPTU,salvador,IPTU
2023-04-01,2023-04-01,12,2024-04-01,90762029.71183957,74086979.55657628,11401152.201500507,salvador-IPTU,salvador,IPTU
2023-05-01,2023-05-01,1,2023-06-01,69943842.947167,66674110.703951925,11415383.503299935,salvador-IPTU,salvador,IPTU
2023-05-01,2023-05-01,2,2023-07-01,68426714.10914947,73350297.6193836,11415383.503299935,salvador-IPTU,salvador,IPTU
2023-05-01,2023-05-01,3,2023-08-01,71716634.04572195,73109194.47183688,11415383.503299935,salvador-IPTU,salvador,IPTU
2023-05-01,2023-05-01,4,2023-09-01,64678015.45114056,71698358.18905535,11415383.503299935,salvador-IPTU,salvador,IPTU
2023-05-01,2023-05-01,5,2023-10-01,70665245.44717538,70065181.62648378,11415383.503299935,salvador-IPTU,salvador,IPTU
2023-05-01,2023-05-01,6,2023-11-01,64278105.00756604,72616053.62760563,11415383.503299935,salvador-IPTU,salvador,IPTU
2023-05-01,2023-05-01,7,2023-12-01,104574689.04816487,71374133.60850471,11415383.503299935,salvador-IPTU,salvador,IPTU
2023-05-01,2023-05-01,8,2024-01-01,171289802.2674211,78419162.84000847,11415383.503299935,salvador-IPTU,salvador,IPTU
2023-05-01,2023-05-01,9,2024-02-01,340945987.3121734,318856160.14554626,11415383.503299935,salvador-IPTU,salvador,IPTU
2023-05-01,2023-05-01,10,2024-03-01,83011395.96234319,92238401.50799415,11415383.503299935,salvador-IPTU,salvador,IPTU
2023-05-01,2023-05-01,11,2024-04-01,90762029.71183957,74579513.99772403,11415383.503299935,salvador-IPTU,salvador,IPTU
2023-05-01,2023-05-01,12,2024-05-01,79993888.20816118,87503608.69582897,11415383.503299935,salvador-IPTU,salvador,IPTU
2023-06-01,2023-06-01,1,2023-07-01,68426714.10914947,73731470.47042458,11397948.38596953,salvador-IPTU,salvador,IPTU
2023-06-01,2023-06-01,2,2023-08-01,71716634.04572195,73490367.32287785,11397948.38596953,salvador-IPTU,salvador,IPTU
2023-06-01,2023-06-01,3,2023-09-01,64678015.45114056,72079531.04009633,11397948.38596953,salvador-IPTU,salvador,IPTU
2023-06-01,2023-06-01,4,2023-10-01,70665245.44717538,70446354.47752476,11397948.38596953,salvador-IPTU,salvador,IPTU
2023-06-01,2023-06-01,5,2023-11-01,64278105.00756604,72997226.4786466,11397948.38596953,salvador-IPTU,salvador,IPTU
2023-06-01,2023-06-01,6,2023-12-01,104574689.04816487,71755306.45954569,11397948.38596953,salvador-IPTU,salvador,IPTU
2023-06-01,2023-06-01,7,2024-01-01,171289802.2674211,78800335.69104944,11397948.38596953,salvador-IPTU,salvador,IPTU
2023-06-01,2023-06-01,8,2024-02-01,340945987.3121734,319237332.9965872,11397948.38596953,salvador-IPTU,salvador,IPTU
2023-06-01,2023-06-01,9,2024-03-01,83011395.96234319,92619574.35903512,11397948.38596953,salvador-IPTU,salvador,IPTU
2023-06-01,2023-06-01,10,2024-04-01,90762029.71183957,74960686.848765,11397948.38596953,salvador-IPTU,salvador,IPTU
2023-06-01,2023-06-01,11,2024-05-01,79993888.20816118,87884781.54686995,11397948.38596953,salvador-IPTU,salvador,IPTU
2023-06-01,2023-06-01,12,2024-06-01,71206487.06124279,76901506.49855652,11397948.38596953,salvador-IPTU,salvador,IPTU
2023-07-01,2023-07-01,1,2023-08-01,71716634.04572195,73109194.47183688,11290860.021179913,salvador-IPTU,salvador,IPTU
2023-07-01,2023-07-01,2,2023-09-01,64678015.45114056,71698358.18905535,11290860.021179913,salvador-IPTU,salvador,IPTU
2023-07-01,2023-07-01,3,2023-10-01,70665245.44717538,70065181.62648378,11290860.021179913,salvador-IPTU,salvador,IPTU
2023-07-01,2023-07-01,4,2023-11-01,64278105.00756604,72616053.62760563,11290860.021179913,salvador-IPTU,salvador,IPTU
2023-07-01,2023-07-01,5,2023-12-01,104574689.04816487,71374133.60850471,11290860.021179913,salvador-IPTU,salvador,IPTU
2023-07-01,2023-07-01,6,2024-01-01,171289802.2674211,78419162.84000847,11290860.021179913,salvador-IPTU,salvador,IPTU
2023-07-01,2023-07-01,7,2024-02-01,340945987.3121734,318856160.14554626,11290860.021179913,salvador-IPTU,salvador,IPTU
2023-07-01,2023-07-01,8,2024-03-01,83011395.96234319,92238401.50799415,11290860.021179913,salvador-IPTU,salvador,IPTU
2023-07-01,2023-07-01,9,2024-04-01,90762029.71183957,74579513.99772403,11290860.021179913,salvador-IPTU,salvador,IPTU
2023-07-01,2023-07-01,10,2024-05-01,79993888.20816118,87503608.69582897,11290860.021179913,salvador-IPTU,salvador,IPTU
2023-07-01,2023-07-01,11,2024-06-01,71206487.06124279,76520333.64751555,11290860.021179913,salvador-IPTU,salvador,IPTU
2023-07-01,2023-07-01,12,2024-07-01,73709055.35130495,75003204.80949803,11290860.021179913,salvador-IPTU,salvador,IPTU
2023-08-01,2023-08-01,1,2023-09-01,64678015.45114056,71698358.18905535,11224480.350017453,salvador-IPTU,salvador,IPTU
2023-08-01,2023-08-01,2,2023-10-01,70665245.44717538,70065181.62648378,11224480.350017453,salvador-IPTU,salvador,IPTU
2023-08-01,2023-08-01,3,2023-11-01,64278105.00756604,72616053.62760563,11224480.350017453,salvador-IPTU,salvador,IPTU
2023-08-01,2023-08-01,4,2023-12-01,104574689.04816487,71374133.60850471,11224480.350017453,salvador-IPTU,salvador,IPTU
2023-08-01,2023-08-01,5,2024-01-01,171289802.2674211,78419162.84000847,11224480.350017453,salvador-IPTU,salvador,IPTU
2023-08-01,2023-08-01,6,2024-02-01,340945987.3121734,318856160.14554626,11224480.350017453,salvador-IPTU,salvador,IPTU
2023-08-01,2023-08-01,7,2024-03-01,83011395.96234319,92238401.50799415,11224480.350017453,salvador-IPTU,salvador,IPTU
2023-08-01,2023-08-01,8,2024-04-01,90762029.71183957,74579513.99772403,11224480.350017453,salvador-IPTU,salvador,IPTU
2023-08-01,2023-08-01,9,2024-05-01,79993888.20816118,87503608.69582897,11224480.350017453,salvador-IPTU,salvador,IPTU
2023-08-01,2023-08-01,10,2024-06-01,71206487.06124279,76520333.64751555,11224480.350017453,salvador-IPTU,salvador,IPTU
2023-08-01,2023-08-01,11,2024-07-01,73709055.35130495,75003204.80949803,11224480.350017453,salvador-IPTU,salvador,IPTU
2023-08-01,2023-08-01,12,2024-08-01,101732876.40822683,78293124.7460705,11224480.350017453,salvador-IPTU,salvador,IPTU
2023-09-01,2023-09-01,1,2023-10-01,70665245.44717538,70065181.62648378,11108559.615474965,salvador-IPTU,salvador,IPTU
2023-09-01,2023-09-01,2,2023-11-01,64278105.00756604,72616053.62760563,11108559.615474965,salvador-IPTU,salvador,IPTU
2023-09-01,2023-09-01,3,2023-12-01,104574689.04816487,71374133.60850471,11108559.615474965,salvador-IPTU,salvador,IPTU
2023-09-01,2023-09-01,4,2024-01-01,171289802.2674211,78419162.84000847,11108559.615474965,salvador-IPTU,salvador,IPTU
2023-09-01,2023-09-01,5,2024-02-01,340945987.3121734,318856160.14554626,11108559.615474965,salvador-IPTU,salvador,IPTU
2023-09-01,2023-09-01,6,2024-03-01,83011395.96234319,92238401.50799415,11108559.615474965,salvador-IPTU,salvador,IPTU
2023-09-01,2023-09-01,7,2024-04-01,90762029.71183957,74579513.99772403,11108559.615474965,salvador-IPTU,salvador,IPTU
2023-09-01,2023-09-01,8,2024-05-01,79993888.20816118,87503608.69582897,11108559.615474965,salvador-IPTU,salvador,IPTU
2023-09-01,2023-09-01,9,2024-06-01,71206487.06124279,76520333.64751555,11108559.615474965,salvador-IPTU,salvador,IPTU
2023-09-01,2023-09-01,10,2024-07-01,73709055.35130495,75003204.80949803,11108559.615474965,salvador-IPTU,salvador,IPTU
2023-09-01,2023-09-01,11,2024-08-01,101732876.40822683,78293124.7460705,11108559.615474965,salvador-IPTU,salvador,IPTU
2023-09-01,2023-09-01,12,2024-09-01,84187344.93966614,71254506.15148912,11108559.615474965,salvador-IPTU,salvador,IPTU
2023-10-01,2023-10-01,1,2023-11-01,64278105.00756604,72616053.62760563,11066729.77404481,salvador-IPTU,salvador,IPTU
2023-10-01,2023-10-01,2,2023-12-01,104574689.04816487,71374133.60850471,11066729.77404481,salvador-IPTU,salvador,IPTU
2023-10-01,2023-10-01,3,2024-01-01,171289802.2674211,78419162.84000847,11066729.77404481,salvador-IPTU,salvador,IPTU
2023-10-01,2023-10-01,4,2024-02-01,340945987.3121734,318856160.14554626,11066729.77404481,salvador-IPTU,salvador,IPTU
2023-10-01,2023-10-01,5,2024-03-01,83011395.96234319,92238401.50799415,11066729.77404481,salvador-IPTU,salvador,IPTU
2023-10-01,2023-10-01,6,2024-04-01,90762029.71183957,74579513.99772403,11066729.77404481,salvador-IPTU,salvador,IPTU
2023-10-01,2023-10-01,7,2024-05-01,79993888.20816118,87503608.69582897,11066729.77404481,salvador-IPTU,salvador,IPTU
2023-10-01,2023-10-01,8,2024-06-01,71206487.06124279,76520333.64751555,11066729.77404481,salvador-IPTU,salvador,IPTU
2023-10-01,2023-10-01,9,2024-07-01,73709055.35130495,75003204.80949803,11066729.77404481,salvador-IPTU,salvador,IPTU
2023-10-01,2023-10-01,10,2024-08-01,101732876.40822683,78293124.7460705,11066729.77404481,salvador-IPTU,salvador,IPTU
2023-10-01,2023-10-01,11,2024-09-01,84187344.93966614,71254506.15148912,11066729.77404481,salvador-IPTU,salvador,IPTU
2023-10-01,2023-10-01,12,2024-10-01,87790278.56480853,77241736.14752394,11066729.77404481,salvador-IPTU,salvador,IPTU
2023-11-01,2023-11-01,1,2023-12-01,104574689.04816487,70566809.8940518,10968779.54399898,salvador-IPTU,salvador,IPTU
2023-11-01,2023-11-01,2,2024-01-01,171289802.2674211,77611839.12555557,10968779.54399898,salvador-IPTU,salvador,IPTU
2023-11-01,2023-11-01,3,2024-02-01,340945987.3121734,318048836.43109334,10968779.54399898,salvador-IPTU,salvador,IPTU
2023-11-01,2023-11-01,4,2024-03-01,83011395.96234319,91431077.79354125,10968779.54399898,salvador-IPTU,salvador,IPTU
2023-11-01,2023-11-01,5,2024-04-01,90762029.71183957,73772190.28327113,10968779.54399898,salvador-IPTU,salvador,IPTU
2023-11-01,2023-11-01,6,2024-05-01,79993888.20816118,86696284.98137608,10968779.54399898,salvador-IPTU,salvador,IPTU
2023-11-01,2023-11-01,7,2024-06-01,71206487.06124279,75713009.93306266,10968779.54399898,salvador-IPTU,salvador,IPTU
2023-11-01,2023-11-01,8,2024-07-01,73709055.35130495,74195881.09504513,10968779.54399898,salvador-IPTU,salvador,IPTU
2023-11-01,2023-11-01,9,2024-08-01,101732876.40822683,77485801.03161761,10968779.54399898,salvador-IPTU,salvador,IPTU
2023-11-01,2023-11-01,10,2024-09-01,84187344.93966614,70447182.43703622,10968779.54399898,salvador-IPTU,salvador,IPTU
2023-11-01,2023-11-01,11,2024-10-01,87790278.56480853,76434412.43307105,10968779.54399898,salvador-IPTU,salvador,IPTU
2023-11-01,2023-11-01,12,2024-11-01,62217090.58048794,70047271.9934617,10968779.54399898,salvador-IPTU,salvador,IPTU
2023-12-01,2023-12-01,1,2024-01-01,171289802.2674211,78419162.84000847,11268865.654374084,salvador-IPTU,salvador,IPTU
2023-12-01,2023-12-01,2,2024-02-01,340945987.3121734,318856160.14554626,11268865.654374084,salvador-IPTU,salvador,IPTU
2023-12-01,2023-12-01,3,2024-03-01,83011395.96234319,92238401.50799415,11268865.654374084,salvador-IPTU,salvador,IPTU
2023-12-01,2023-12-01,4,2024-04-01,90762029.71183957,74579513.99772403,11268865.654374084,salvador-IPTU,salvador,IPTU
2023-12-01,2023-12-01,5,2024-05-01,79993888.20816118,87503608.69582897,11268865.654374084,salvador-IPTU,salvador,IPTU
2023-12-01,2023-12-01,6,2024-06-01,71206487.06124279,76520333.64751555,11268865.654374084,salvador-IPTU,salvador,IPTU
2023-12-01,2023-12-01,7,2024-07-01,73709055.35130495,75003204.80949803,11268865.654374084,salvador-IPTU,salvador,IPTU
2023-12-01,2023-12-01,8,2024-08-01,101732876.40822683,78293124.7460705,11268865.654374084,salvador-IPTU,salvador,IPTU
2023-12-01,2023-12-01,9,2024-09-01,84187344.93966614,71254506.15148912,11268865.654374084,salvador-IPTU,salvador,IPTU
2023-12-01,2023-12-01,10,2024-10-01,87790278.56480853,77241736.14752394,11268865.654374084,salvador-IPTU,salvador,IPTU
2023-12-01,2023-12-01,11,2024-11-01,62217090.58048794,70854595.7079146,11268865.654374084,salvador-IPTU,salvador,IPTU
2023-12-01,2023-12-01,12,2024-12-01,79938734.8290157,111151179.74851343,11268865.654374084,salvador-IPTU,salvador,IPTU
2024-01-01,2024-01-01,1,2024-02-01,340945987.3121734,319045148.55449665,12177919.9272956,salvador-IPTU,salvador,IPTU
2024-01-01,2024-01-01,2,2024-03-01,83011395.96234319,92427389.91694452,12177919.9272956,salvador-IPTU,salvador,IPTU
2024-01-01,2024-01-01,3,2024-04-01,90762029.71183957,74768502.4066744,12177919.9272956,salvador-IPTU,salvador,IPTU
2024-01-01,2024-01-01,4,2024-05-01,79993888.20816118,87692597.10477935,12177919.9272956,salvador-IPTU,salvador,IPTU
2024-01-01,2024-01-01,5,2024-06-01,71206487.06124279,76709322.05646592,12177919.9272956,salvador-IPTU,salvador,IPTU
2024-01-01,2024-01-01,6,2024-07-01,73709055.35130495,75192193.2184484,12177919.9272956,salvador-IPTU,salvador,IPTU
2024-01-01,2024-01-01,7,2024-08-01,101732876.40822683,78482113.15502088,12177919.9272956,salvador-IPTU,salvador,IPTU
2024-01-01,2024-01-01,8,2024-09-01,84187344.93966614,71443494.56043948,12177919.9272956,salvador-IPTU,salvador,IPTU
2024-01-01,2024-01-01,9,2024-10-01,87790278.56480853,77430724.55647431,12177919.9272956,salvador-IPTU,salvador,IPTU
2024-01-01,2024-01-01,10,2024-11-01,62217090.58048794,71043584.11686496,12177919.9272956,salvador-IPTU,salvador,IPTU
2024-01-01,2024-01-01,11,2024-12-01,79938734.8290157,111340168.1574638,12177919.9272956,salvador-IPTU,salvador,IPTU
2024-01-01,2024-01-01,12,2025-01-01,76872966.26960947,178055281.37672,12177919.9272956,salvador-IPTU,salvador,IPTU
2024-02-01,2024-02-01,1,2024-03-01,83011395.96234319,92427389.91694452,12346168.885863764,salvador-IPTU,salvador,IPTU
2024-02-01,2024-02-01,2,2024-04-01,90762029.71183957,74768502.4066744,12346168.885863764,salvador-IPTU,salvador,IPTU
2024-02-01,2024-02-01,3,2024-05-01,79993888.20816118,87692597.10477935,12346168.885863764,salvador-IPTU,salvador,IPTU
2024-02-01,2024-02-01,4,2024-06-01,71206487.06124279,76709322.05646592,12346168.885863764,salvador-IPTU,salvador,IPTU
2024-02-01,2024-02-01,5,2024-07-01,73709055.35130495,75192193.2184484,12346168.885863764,salvador-IPTU,salvador,IPTU
2024-02-01,2024-02-01,6,2024-08-01,101732876.40822683,78482113.15502088,12346168.885863764,salvador-IPTU,salvador,IPTU
2024-02-01,2024-02-01,7,2024-09-01,84187344.93966614,71443494.56043948,12346168.885863764,salvador-IPTU,salvador,IPTU
2024-02-01,2024-02-01,8,2024-10-01,87790278.56480853,77430724.55647431,12346168.885863764,salvador-IPTU,salvador,IPTU
2024-02-01,2024-02-01,9,2024-11-01,62217090.58048794,71043584.11686496,12346168.885863764,salvador-IPTU,salvador,IPTU
2024-02-01,2024-02-01,10,2024-12-01,79938734.8290157,111340168.1574638,12346168.885863764,salvador-IPTU,salvador,IPTU
2024-02-01,2024-02-01,11,2025-01-01,76872966.26960947,178055281.37672,12346168.885863764,salvador-IPTU,salvador,IPTU
2024-02-01,2024-02-01,12,2025-02-01,357310287.70151484,347711466.4214724,12346168.885863764,salvador-IPTU,salvador,IPTU
2024-03-01,2024-03-01,1,2024-04-01,90762029.71183957,74768502.4066744,12248232.986464154,salvador-IPTU,salvador,IPTU
2024-03-01,2024-03-01,2,2024-05-01,79993888.20816118,87692597.10477935,12248232.986464154,salvador-IPTU,salvador,IPTU
2024-03-01,2024-03-01,3,2024-06-01,71206487.06124279,76709322.05646592,12248232.986464154,salvador-IPTU,salvador,IPTU
2024-03-01,2024-03-01,4,2024-07-01,73709055.35130495,75192193.2184484,12248232.986464154,salvador-IPTU,salvador,IPTU
2024-03-01,2024-03-01,5,2024-08-01,101732876.40822683,78482113.15502088,12248232.986464154,salvador-IPTU,salvador,IPTU
2024-03-01,2024-03-01,6,2024-09-01,84187344.93966614,71443494.56043948,12248232.986464154,salvador-IPTU,salvador,IPTU
2024-03-01,2024-03-01,7,2024-10-01,87790278.56480853,77430724.55647431,12248232.986464154,salvador-IPTU,salvador,IPTU
2024-03-01,2024-03-01,8,2024-11-01,62217090.58048794,71043584.11686496,12248232.986464154,salvador-IPTU,salvador,IPTU
2024-03-01,2024-03-01,9,2024-12-01,79938734.8290157,111340168.1574638,12248232.986464154,salvador-IPTU,salvador,IPTU
2024-03-01,2024-03-01,10,2025-01-01,76872966.26960947,178055281.37672,12248232.986464154,salvador-IPTU,salvador,IPTU
2024-03-01,2024-03-01,11,2025-02-01,357310287.70151484,347711466.4214724,12248232.986464154,salvador-IPTU,salvador,IPTU
2024-03-01,2024-03-01,12,2025-03-01,74202146.27427402,89776875.07164212,12248232.986464154,salvador-IPTU,salvador,IPTU
2024-04-01,2024-04-01,1,2024-05-01,79993888.20816118,89438506.72778231,12353340.720744152,salvador-IPTU,salvador,IPTU
2024-04-01,2024-04-01,2,2024-06-01,71206487.06124279,78455231.67946889,12353340.720744152,salvador-IPTU,salvador,IPTU
2024-04-01,2024-04-01,3,2024-07-01,73709055.35130495,76938102.84145136,12353340.720744152,salvador-IPTU,salvador,IPTU
2024-04-01,2024-04-01,4,2024-08-01,101732876.40822683,80228022.77802384,12353340.720744152,salvador-IPTU,salvador,IPTU
2024-04-01,2024-04-01,5,2024-09-01,84187344.93966614,73189404.18344246,12353340.720744152,salvador-IPTU,salvador,IPTU
2024-04-01,2024-04-01,6,2024-10-01,87790278.56480853,79176634.17947727,12353340.720744152,salvador-IPTU,salvador,IPTU
2024-04-01,2024-04-01,7,2024-11-01,62217090.58048794,72789493.73986794,12353340.720744152,salvador-IPTU,salvador,IPTU
2024-04-01,2024-04-01,8,2024-12-01,79938734.8290157,113086077.78046677,12353340.720744152,salvador-IPTU,salvador,IPTU
2024-04-01,2024-04-01,9,2025-01-01,76872966.26960947,179801190.999723,12353340.720744152,salvador-IPTU,salvador,IPTU
2024-04-01,2024-04-01,10,2025-02-01,357310287.70151484,349457376.0444753,12353340.720744152,salvador-IPTU,salvador,IPTU
2024-04-01,2024-04-01,11,2025-03-01,74202146.27427402,91522784.69464508,12353340.720744152,salvador-IPTU,salvador,IPTU
2024-04-01,2024-04-01,12,2025-04-01,74811908.70994155,99273418.44414146,12353340.720744152,salvador-IPTU,salvador,IPTU
2024-05-01,2024-05-01,1,2024-06-01,71206487.06124279,76124085.3448039,12240270.315462716,salvador-IPTU,salvador,IPTU
2024-05-01,2024-05-01,2,2024-07-01,73709055.35130495,74606956.50678638,12240270.315462716,salvador-IPTU,salvador,IPTU
2024-05-01,2024-05-01,3,2024-08-01,101732876.40822683,77896876.44335884,12240270.315462716,salvador-IPTU,salvador,IPTU
2024-05-01,2024-05-01,4,2024-09-01,84187344.93966614,70858257.84877746,12240270.315462716,salvador-IPTU,salvador,IPTU
2024-05-01,2024-05-01,5,2024-10-01,87790278.56480853,76845487.84481227,12240270.315462716,salvador-IPTU,salvador,IPTU
2024-05-01,2024-05-01,6,2024-11-01,62217090.58048794,70458347.40520294,12240270.315462716,salvador-IPTU,salvador,IPTU
2024-05-01,2024-05-01,7,2024-12-01,79938734.8290157,110754931.44580176,12240270.315462716,salvador-IPTU,salvador,IPTU
2024-05-01,2024-05-01,8,2025-01-01,76872966.26960947,177470044.665058,12240270.315462716,salvador-IPTU,salvador,IPTU
2024-05-01,2024-05-01,9,2025-02-01,357310287.70151484,347126229.7098103,12240270.315462716,salvador-IPTU,salvador,IPTU
2024-05-01,2024-05-01,10,2025-03-01,74202146.27427402,89191638.35998008,12240270.315462716,salvador-IPTU,salvador,IPTU
2024-05-01,2024-05-01,11,2025-04-01,74811908.70994155,96942272.10947648,12240270.315462716,salvador-IPTU,salvador,IPTU
2024-05-01,2024-05-01,12,2025-05-01,72101614.35445404,86174130.60579807,12240270.315462716,salvador-IPTU,salvador,IPTU
2024-06-01,2024-06-01,1,2024-07-01,73709055.35130495,71845132.8413235,12132646.529174611,salvador-IPTU,salvador,IPTU
2024-06-01,2024-06-01,2,2024-08-01,101732876.40822683,75135052.77789599,12132646.529174611,salvador-IPTU,salvador,IPTU
2024-06-01,2024-06-01,3,2024-09-01,84187344.93966614,68096434.18331459,12132646.529174611,salvador-IPTU,salvador,IPTU
2024-06-01,2024-06-01,4,2024-10-01,87790278.56480853,74083664.17934942,12132646.529174611,salvador-IPTU,salvador,IPTU
2024-06-01,2024-06-01,5,2024-11-01,62217090.58048794,67696523.73974007,12132646.529174611,salvador-IPTU,salvador,IPTU
2024-06-01,2024-06-01,6,2024-12-01,79938734.8290157,107993107.78033891,12132646.529174611,salvador-IPTU,salvador,IPTU
2024-06-01,2024-06-01,7,2025-01-01,76872966.26960947,174708220.99959514,12132646.529174611,salvador-IPTU,salvador,IPTU
2024-06-01,2024-06-01,8,2025-02-01,357310287.70151484,344364406.04434747,12132646.529174611,salvador-IPTU,salvador,IPTU
2024-06-01,2024-06-01,9,2025-03-01,74202146.27427402,86429814.69451723,12132646.529174611,salvador-IPTU,salvador,IPTU
2024-06-01,2024-06-01,10,2025-04-01,74811908.70994155,94180448.4440136,12132646.529174611,salvador-IPTU,salvador,IPTU
2024-06-01,2024-06-01,11,2025-05-01,72101614.35445404,83412306.94033521,12132646.529174611,salvador-IPTU,salvador,IPTU
2024-06-01,2024-06-01,12,2025-06-01,65029224.51471878,74624905.79341683,12132646.529174611,salvador-IPTU,salvador,IPTU
2024-07-01,2024-07-01,1,2024-08-01,101732876.40822683,76949769.8039165,12066138.710854037,salvador-IPTU,salvador,IPTU
2024-07-01,2024-07-01,2,2024-09-01,84187344.93966614,69911151.20933512,12066138.710854037,salvador-IPTU,salvador,IPTU
2024-07-01,2024-07-01,3,2024-10-01,87790278.56480853,75898381.20536993,12066138.710854037,salvador-IPTU,salvador,IPTU
2024-07-01,2024-07-01,4,2024-11-01,62217090.58048794,69511240.7657606,12066138.710854037,salvador-IPTU,salvador,IPTU
2024-07-01,2024-07-01,5,2024-12-01,79938734.8290157,109807824.80635943,12066138.710854037,salvador-IPTU,salvador,IPTU
2024-07-01,2024-07-01,6,2025-01-01,76872966.26960947,176522938.02561566,12066138.710854037,salvador-IPTU,salvador,IPTU
2024-07-01,2024-07-01,7,2025-02-01,357310287.70151484,346179123.070368,12066138.710854037,salvador-IPTU,salvador,IPTU
2024-07-01,2024-07-01,8,2025-03-01,74202146.27427402,88244531.72053774,12066138.710854037,salvador-IPTU,salvador,IPTU
2024-07-01,2024-07-01,9,2025-04-01,74811908.70994155,95995165.47003412,12066138.710854037,salvador-IPTU,salvador,IPTU
2024-07-01,2024-07-01,10,2025-05-01,72101614.35445404,85227023.96635573,12066138.710854037,salvador-IPTU,salvador,IPTU
2024-07-01,2024-07-01,11,2025-06-01,65029224.51471878,76439622.81943734,12066138.710854037,salvador-IPTU,salvador,IPTU
2024-07-01,2024-07-01,12,2025-07-01,73109536.2810681,78942191.1094995,12066138.710854037,salvador-IPTU,salvador,IPTU
2024-08-01,2024-08-01,1,2024-09-01,84187344.93966614,70907463.33273838,12238735.861350678,salvador-IPTU,salvador,IPTU
2024-08-01,2024-08-01,2,2024-10-01,87790278.56480853,76894693.3287732,12238735.861350678,salvador-IPTU,salvador,IPTU
2024-08-01,2024-08-01,3,2024-11-01,62217090.58048794,70507552.88916387,12238735.861350678,salvador-IPTU,salvador,IPTU
2024-08-01,2024-08-01,4,2024-12-01,79938734.8290157,110804136.92976269,12238735.861350678,salvador-IPTU,salvador,IPTU
2024-08-01,2024-08-01,5,2025-01-01,76872966.26960947,177519250.1490189,12238735.861350678,salvador-IPTU,salvador,IPTU
2024-08-01,2024-08-01,6,2025-02-01,357310287.70151484,347175435.19377124,12238735.861350678,salvador-IPTU,salvador,IPTU
2024-08-01,2024-08-01,7,2025-03-01,74202146.27427402,89240843.843941,12238735.861350678,salvador-IPTU,salvador,IPTU
2024-08-01,2024-08-01,8,2025-04-01,74811908.70994155,96991477.59343739,12238735.861350678,salvador-IPTU,salvador,IPTU
2024-08-01,2024-08-01,9,2025-05-01,72101614.35445404,86223336.08975899,12238735.861350678,salvador-IPTU,salvador,IPTU
2024-08-01,2024-08-01,10,2025-06-01,65029224.51471878,77435934.9428406,12238735.861350678,salvador-IPTU,salvador,IPTU
2024-08-01,2024-08-01,11,2025-07-01,73109536.2810681,79938503.23290277,12238735.861350678,salvador-IPTU,salvador,IPTU
2024-08-01,2024-08-01,12,2025-08-01,72024794.89278775,107962324.28982465,12238735.861350678,salvador-IPTU,salvador,IPTU
2024-09-01,2024-09-01,1,2024-10-01,87790278.56480853,84008187.45195825,12307979.610180916,salvador-IPTU,salvador,IPTU
2024-09-01,2024-09-01,2,2024-11-01,62217090.58048794,77621047.01234892,12307979.610180916,salvador-IPTU,salvador,IPTU
2024-09-01,2024-09-01,3,2024-12-01,79938734.8290157,117917631.05294774,12307979.610180916,salvador-IPTU,salvador,IPTU
2024-09-01,2024-09-01,4,2025-01-01,76872966.26960947,184632744.27220398,12307979.610180916,salvador-IPTU,salvador,IPTU
2024-09-01,2024-09-01,5,2025-02-01,357310287.70151484,354288929.3169563,12307979.610180916,salvador-IPTU,salvador,IPTU
2024-09-01,2024-09-01,6,2025-03-01,74202146.27427402,96354337.96712606,12307979.610180916,salvador-IPTU,salvador,IPTU
2024-09-01,2024-09-01,7,2025-04-01,74811908.70994155,104104971.71662244,12307979.610180916,salvador-IPTU,salvador,IPTU
2024-09-01,2024-09-01,8,2025-05-01,72101614.35445404,93336830.21294405,12307979.610180916,salvador-IPTU,salvador,IPTU
2024-09-01,2024-09-01,9,2025-06-01,65029224.51471878,84549429.06602566,12307979.610180916,salvador-IPTU,salvador,IPTU
2024-09-01,2024-09-01,10,2025-07-01,73109536.2810681,87051997.35608782,12307979.610180916,salvador-IPTU,salvador,IPTU
2024-09-01,2024-09-01,11,2025-08-01,72024794.89278775,115075818.4130097,12307979.610180916,salvador-IPTU,salvador,IPTU
2024-09-01,2024-09-01,12,2025-09-01,77720211.54924531,97530286.94444901,12307979.610180916,salvador-IPTU,salvador,IPTU
2024-10-01,2024-10-01,1,2024-11-01,62217090.58048794,82595286.3106454,12353423.511194617,salvador-IPTU,salvador,IPTU
2024-10-01,2024-10-01,2,2024-12-01,79938734.8290157,122891870.35124424,12353423.511194617,salvador-IPTU,salvador,IPTU
2024-10-01,2024-10-01,3,2025-01-01,76872966.26960947,189606983.57050046,12353423.511194617,salvador-IPTU,salvador,IPTU
2024-10-01,2024-10-01,4,2025-02-01,357310287.70151484,359263168.6152528,12353423.511194617,salvador-IPTU,salvador,IPTU
2024-10-01,2024-10-01,5,2025-03-01,74202146.27427402,101328577.26542255,12353423.511194617,salvador-IPTU,salvador,IPTU
2024-10-01,2024-10-01,6,2025-04-01,74811908.70994155,109079211.01491894,12353423.511194617,salvador-IPTU,salvador,IPTU
2024-10-01,2024-10-01,7,2025-05-01,72101614.35445404,98311069.51124054,12353423.511194617,salvador-IPTU,salvador,IPTU
2024-10-01,2024-10-01,8,2025-06-01,65029224.51471878,89523668.36432216,12353423.511194617,salvador-IPTU,salvador,IPTU
2024-10-01,2024-10-01,9,2025-07-01,73109536.2810681,92026236.65438432,12353423.511194617,salvador-IPTU,salvador,IPTU
2024-10-01,2024-10-01,10,2025-08-01,72024794.89278775,120050057.7113062,12353423.511194617,salvador-IPTU,salvador,IPTU
2024-10-01,2024-10-01,11,2025-09-01,77720211.54924531,102504526.2427455,12353423.511194617,salvador-IPTU,salvador,IPTU
2024-10-01,2024-10-01,12,2025-10-01,69023680.11592714,106107459.8678879,12353423.511194617,salvador-IPTU,salvador,IPTU
2024-11-01,2024-11-01,1,2024-12-01,79938734.8290157,122891870.35124424,12257232.772090722,salvador-IPTU,salvador,IPTU
2024-11-01,2024-11-01,2,2025-01-01,76872966.26960947,189606983.57050046,12257232.772090722,salvador-IPTU,salvador,IPTU
2024-11-01,2024-11-01,3,2025-02-01,357310287.70151484,359263168.6152528,12257232.772090722,salvador-IPTU,salvador,IPTU
2024-11-01,2024-11-01,4,2025-03-01,74202146.27427402,101328577.26542255,12257232.772090722,salvador-IPTU,salvador,IPTU
2024-11-01,2024-11-01,5,2025-04-01,74811908.70994155,109079211.01491894,12257232.772090722,salvador-IPTU,salvador,IPTU
2024-11-01,2024-11-01,6,2025-05-01,72101614.35445404,98311069.51124054,12257232.772090722,salvador-IPTU,salvador,IPTU
2024-11-01,2024-11-01,7,2025-06-01,65029224.51471878,89523668.36432216,12257232.772090722,salvador-IPTU,salvador,IPTU
2024-11-01,2024-11-01,8,2025-07-01,73109536.2810681,92026236.65438432,12257232.772090722,salvador-IPTU,salvador,IPTU
2024-11-01,2024-11-01,9,2025-08-01,72024794.89278775,120050057.7113062,12257232.772090722,salvador-IPTU,salvador,IPTU
2024-11-01,2024-11-01,10,2025-09-01,77720211.54924531,102504526.2427455,12257232.772090722,salvador-IPTU,salvador,IPTU
2024-11-01,2024-11-01,11,2025-10-01,69023680.11592714,106107459.8678879,12257232.772090722,salvador-IPTU,salvador,IPTU
2024-11-01,2024-11-01,12,2025-11-01,69525795.59107803,80534271.8835673,12257232.772090722,salvador-IPTU,salvador,IPTU
2024-12-01,2024-12-01,1,2025-01-01,76872966.26960947,182493489.4473154,12371850.563267188,salvador-IPTU,salvador,IPTU
2024-12-01,2024-12-01,2,2025-02-01,357310287.70151484,352149674.49206775,12371850.563267188,salvador-IPTU,salvador,IPTU
2024-12-01,2024-12-01,3,2025-03-01,74202146.27427402,94215083.1422375,12371850.563267188,salvador-IPTU,salvador,IPTU
2024-12-01,2024-12-01,4,2025-04-01,74811908.70994155,101965716.89173388,12371850.563267188,salvador-IPTU,salvador,IPTU
2024-12-01,2024-12-01,5,2025-05-01,72101614.35445404,91197575.38805549,12371850.563267188,salvador-IPTU,salvador,IPTU
2024-12-01,2024-12-01,6,2025-06-01,65029224.51471878,82410174.2411371,12371850.563267188,salvador-IPTU,salvador,IPTU
2024-12-01,2024-12-01,7,2025-07-01,73109536.2810681,84912742.53119926,12371850.563267188,salvador-IPTU,salvador,IPTU
2024-12-01,2024-12-01,8,2025-08-01,72024794.89278775,112936563.58812115,12371850.563267188,salvador-IPTU,salvador,IPTU
2024-12-01,2024-12-01,9,2025-09-01,77720211.54924531,95391032.11956045,12371850.563267188,salvador-IPTU,salvador,IPTU
2024-12-01,2024-12-01,10,2025-10-01,69023680.11592714,98993965.74470285,12371850.563267188,salvador-IPTU,salvador,IPTU
2024-12-01,2024-12-01,11,2025-11-01,69525795.59107803,73420777.76038225,12371850.563267188,salvador-IPTU,salvador,IPTU
2024-12-01,2024-12-01,12,2025-12-01,133086096.84,91142422.00891002,12371850.563267188,salvador-IPTU,salvador,IPTU
2025-01-01,2025-01-01,1,2025-02-01,357310287.70151484,344218479.9902891,13124556.851657504,salvador-IPTU,salvador,IPTU
2025-01-01,2025-01-01,2,2025-03-01,74202146.27427402,86283888.64045882,13124556.851657504,salvador-IPTU,salvador,IPTU
2025-01-01,2025-01-01,3,2025-04-01,74811908.70994155,94034522.38995521,13124556.851657504,salvador-IPTU,salvador,IPTU
2025-01-01,2025-01-01,4,2025-05-01,72101614.35445404,83266380.88627681,13124556.851657504,salvador-IPTU,salvador,IPTU
2025-01-01,2025-01-01,5,2025-06-01,65029224.51471878,74478979.73935843,13124556.851657504,salvador-IPTU,salvador,IPTU
2025-01-01,2025-01-01,6,2025-07-01,73109536.2810681,76981548.02942058,13124556.851657504,salvador-IPTU,salvador,IPTU
2025-01-01,2025-01-01,7,2025-08-01,72024794.89278775,105005369.08634247,13124556.851657504,salvador-IPTU,salvador,IPTU
2025-01-01,2025-01-01,8,2025-09-01,77720211.54924531,87459837.61778177,13124556.851657504,salvador-IPTU,salvador,IPTU
2025-01-01,2025-01-01,9,2025-10-01,69023680.11592714,91062771.24292417,13124556.851657504,salvador-IPTU,salvador,IPTU
2025-01-01,2025-01-01,10,2025-11-01,69525795.59107803,65489583.25860357,13124556.851657504,salvador-IPTU,salvador,IPTU
2025-01-01,2025-01-01,11,2025-12-01,133086096.84,83211227.50713134,13124556.851657504,salvador-IPTU,salvador,IPTU
2025-02-01,2025-02-01,1,2025-03-01,74202146.27427402,86283888.64045882,13154009.065636449,salvador-IPTU,salvador,IPTU
2025-02-01,2025-02-01,2,2025-04-01,74811908.70994155,94034522.38995521,13154009.065636449,salvador-IPTU,salvador,IPTU
2025-02-01,2025-02-01,3,2025-05-01,72101614.35445404,83266380.88627681,13154009.065636449,salvador-IPTU,salvador,IPTU
2025-02-01,2025-02-01,4,2025-06-01,65029224.51471878,74478979.73935843,13154009.065636449,salvador-IPTU,salvador,IPTU
2025-02-01,2025-02-01,5,2025-07-01,73109536.2810681,76981548.02942058,13154009.065636449,salvador-IPTU,salvador,IPTU
2025-02-01,2025-02-01,6,2025-08-01,72024794.89278775,105005369.08634247,13154009.065636449,salvador-IPTU,salvador,IPTU
2025-02-01,2025-02-01,7,2025-09-01,77720211.54924531,87459837.61778177,13154009.065636449,salvador-IPTU,salvador,IPTU
2025-02-01,2025-02-01,8,2025-10-01,69023680.11592714,91062771.24292417,13154009.065636449,salvador-IPTU,salvador,IPTU
2025-02-01,2025-02-01,9,2025-11-01,69525795.59107803,65489583.25860357,13154009.065636449,salvador-IPTU,salvador,IPTU
2025-02-01,2025-02-01,10,2025-12-01,133086096.84,83211227.50713134,13154009.065636449,salvador-IPTU,salvador,IPTU
2025-03-01,2025-03-01,1,2025-04-01,74811908.70994155,94034522.38995521,13114867.089261968,salvador-IPTU,salvador,IPTU
2025-03-01,2025-03-01,2,2025-05-01,72101614.35445404,83266380.88627681,13114867.089261968,salvador-IPTU,salvador,IPTU
2025-03-01,2025-03-01,3,2025-06-01,65029224.51471878,74478979.73935843,13114867.089261968,salvador-IPTU,salvador,IPTU
2025-03-01,2025-03-01,4,2025-07-01,73109536.2810681,76981548.02942058,13114867.089261968,salvador-IPTU,salvador,IPTU
2025-03-01,2025-03-01,5,2025-08-01,72024794.89278775,105005369.08634247,13114867.089261968,salvador-IPTU,salvador,IPTU
2025-03-01,2025-03-01,6,2025-09-01,77720211.54924531,87459837.61778177,13114867.089261968,salvador-IPTU,salvador,IPTU
2025-03-01,2025-03-01,7,2025-10-01,69023680.11592714,91062771.24292417,13114867.089261968,salvador-IPTU,salvador,IPTU
2025-03-01,2025-03-01,8,2025-11-01,69525795.59107803,65489583.25860357,13114867.089261968,salvador-IPTU,salvador,IPTU
2025-03-01,2025-03-01,9,2025-12-01,133086096.84,83211227.50713134,13114867.089261968,salvador-IPTU,salvador,IPTU
2025-04-01,2025-04-01,1,2025-05-01,72101614.35445404,80158595.37153944,13140181.85633908,salvador-IPTU,salvador,IPTU
2025-04-01,2025-04-01,2,2025-06-01,65029224.51471878,71371194.22462106,13140181.85633908,salvador-IPTU,salvador,IPTU
2025-04-01,2025-04-01,3,2025-07-01,73109536.2810681,73873762.51468322,13140181.85633908,salvador-IPTU,salvador,IPTU
2025-04-01,2025-04-01,4,2025-08-01,72024794.89278775,101897583.57160512,13140181.85633908,salvador-IPTU,salvador,IPTU
2025-04-01,2025-04-01,5,2025-09-01,77720211.54924531,84352052.10304442,13140181.85633908,salvador-IPTU,salvador,IPTU
2025-04-01,2025-04-01,6,2025-10-01,69023680.11592714,87954985.72818682,13140181.85633908,salvador-IPTU,salvador,IPTU
2025-04-01,2025-04-01,7,2025-11-01,69525795.59107803,62381797.74386621,13140181.85633908,salvador-IPTU,salvador,IPTU
2025-04-01,2025-04-01,8,2025-12-01,133086096.84,80103441.99239397,13140181.85633908,salvador-IPTU,salvador,IPTU
2025-05-01,2025-05-01,1,2025-06-01,65029224.51471878,70807301.90474163,13093740.192598974,salvador-IPTU,salvador,IPTU
2025-05-01,2025-05-01,2,2025-07-01,73109536.2810681,73309870.19480379,13093740.192598974,salvador-IPTU,salvador,IPTU
2025-05-01,2025-05-01,3,2025-08-01,72024794.89278775,101333691.25172567,13093740.192598974,salvador-IPTU,salvador,IPTU
2025-05-01,2025-05-01,4,2025-09-01,77720211.54924531,83788159.78316498,13093740.192598974,salvador-IPTU,salvador,IPTU
2025-05-01,2025-05-01,5,2025-10-01,69023680.11592714,87391093.40830737,13093740.192598974,salvador-IPTU,salvador,IPTU
2025-05-01,2025-05-01,6,2025-11-01,69525795.59107803,61817905.42398678,13093740.192598974,salvador-IPTU,salvador,IPTU
2025-05-01,2025-05-01,7,2025-12-01,133086096.84,79539549.67251454,13093740.192598974,salvador-IPTU,salvador,IPTU
2025-06-01,2025-06-01,1,2025-07-01,73109536.2810681,69589916.86450389,13033069.336054457,salvador-IPTU,salvador,IPTU
2025-06-01,2025-06-01,2,2025-08-01,72024794.89278775,97613737.92142577,13033069.336054457,salvador-IPTU,salvador,IPTU
2025-06-01,2025-06-01,3,2025-09-01,77720211.54924531,80068206.45286508,13033069.336054457,salvador-IPTU,salvador,IPTU
2025-06-01,2025-06-01,4,2025-10-01,69023680.11592714,83671140.07800747,13033069.336054457,salvador-IPTU,salvador,IPTU
2025-06-01,2025-06-01,5,2025-11-01,69525795.59107803,58097952.09368688,13033069.336054457,salvador-IPTU,salvador,IPTU
2025-06-01,2025-06-01,6,2025-12-01,133086096.84,75819596.34221464,13033069.336054457,salvador-IPTU,salvador,IPTU
2025-07-01,2025-07-01,1,2025-08-01,72024794.89278775,97613737.92142577,12924951.507656043,salvador-IPTU,salvador,IPTU
2025-07-01,2025-07-01,2,2025-09-01,77720211.54924531,80068206.45286508,12924951.507656043,salvador-IPTU,salvador,IPTU
2025-07-01,2025-07-01,3,2025-10-01,69023680.11592714,83671140.07800747,12924951.507656043,salvador-IPTU,salvador,IPTU
2025-07-01,2025-07-01,4,2025-11-01,69525795.59107803,58097952.09368688,12924951.507656043,salvador-IPTU,salvador,IPTU
2025-07-01,2025-07-01,5,2025-12-01,133086096.84,75819596.34221464,12924951.507656043,salvador-IPTU,salvador,IPTU
2025-08-01,2025-08-01,1,2025-09-01,77720211.54924531,77152576.73955056,13069633.662895553,salvador-IPTU,salvador,IPTU
2025-08-01,2025-08-01,2,2025-10-01,69023680.11592714,80755510.36469296,13069633.662895553,salvador-IPTU,salvador,IPTU
2025-08-01,2025-08-01,3,2025-11-01,69525795.59107803,55182322.38037236,13069633.662895553,salvador-IPTU,salvador,IPTU
2025-08-01,2025-08-01,4,2025-12-01,133086096.84,72903966.62890013,13069633.662895553,salvador-IPTU,salvador,IPTU
2025-09-01,2025-09-01,1,2025-10-01,69023680.11592714,80610574.94274455,13013202.036635086,salvador-IPTU,salvador,IPTU
2025-09-01,2025-09-01,2,2025-11-01,69525795.59107803,55037386.95842396,13013202.036635086,salvador-IPTU,salvador,IPTU
2025-09-01,2025-09-01,3,2025-12-01,133086096.84,72759031.20695172,13013202.036635086,salvador-IPTU,salvador,IPTU
2025-10-01,2025-10-01,1,2025-11-01,69525795.59107803,53866328.80959979,13061959.633349037,salvador-IPTU,salvador,IPTU
2025-10-01,2025-10-01,2,2025-12-01,133086096.84,71587973.05812755,13061959.633349037,salvador-IPTU,salvador,IPTU
2025-11-01,2025-11-01,1,2025-12-01,133086096.84,71587973.05812755,13013612.955846861,salvador-IPTU,salvador,IPTU
2020-12-01,2020-12-01,1,2021-01-01,106606457.19607326,114246165.22312012,9594906.942543963,salvador-ISSQN,salvador,ISSQN
2020-12-01,2020-12-01,2,2021-02-01,114204022.76247141,114733614.43469247,9594906.942543963,salvador-ISSQN,salvador,ISSQN
2020-12-01,2020-12-01,3,2021-03-01,120896788.44024572,122110570.23946187,9594906.942543963,salvador-ISSQN,salvador,ISSQN
2020-12-01,2020-12-01,4,2021-04-01,114103811.56111069,102155749.55758128,9594906.942543963,salvador-ISSQN,salvador,ISSQN
2020-12-01,2020-12-01,5,2021-05-01,113131968.70718983,88272852.30676642,9594906.942543963,salvador-ISSQN,salvador,ISSQN
2020-12-01,2020-12-01,6,2021-06-01,116471904.49873734,90902538.36105782,9594906.942543963,salvador-ISSQN,salvador,ISSQN
2020-12-01,2020-12-01,7,2021-07-01,130256096.11011124,102236618.85159686,9594906.942543963,salvador-ISSQN,salvador,ISSQN
2020-12-01,2020-12-01,8,2021-08-01,155566183.28985867,99650250.15414667,9594906.942543963,salvador-ISSQN,salvador,ISSQN
2020-12-01,2020-12-01,9,2021-09-01,137803337.4548178,110457380.35599416,9594906.942543963,salvador-ISSQN,salvador,ISSQN
2020-12-01,2020-12-01,10,2021-10-01,133191157.75487636,118195925.09591135,9594906.942543963,salvador-ISSQN,salvador,ISSQN
2020-12-01,2020-12-01,11,2021-11-01,144735405.66712868,125956015.92842808,9594906.942543963,salvador-ISSQN,salvador,ISSQN
2020-12-01,2020-12-01,12,2021-12-01,173727685.14791396,153113744.25743055,9594906.942543963,salvador-ISSQN,salvador,ISSQN
2021-01-01,2021-01-01,1,2021-02-01,114204022.76247141,112662840.7450226,9760599.940792616,salvador-ISSQN,salvador,ISSQN
2021-01-01,2021-01-01,2,2021-03-01,120896788.44024572,120039796.54979199,9760599.940792616,salvador-ISSQN,salvador,ISSQN
2021-01-01,2021-01-01,3,2021-04-01,114103811.56111069,100084975.86791143,9760599.940792616,salvador-ISSQN,salvador,ISSQN
2021-01-01,2021-01-01,4,2021-05-01,113131968.70718983,86202078.61709657,9760599.940792616,salvador-ISSQN,salvador,ISSQN
2021-01-01,2021-01-01,5,2021-06-01,116471904.49873734,88831764.67138797,9760599.940792616,salvador-ISSQN,salvador,ISSQN
2021-01-01,2021-01-01,6,2021-07-01,130256096.11011124,100165845.16192701,9760599.940792616,salvador-ISSQN,salvador,ISSQN
2021-01-01,2021-01-01,7,2021-08-01,155566183.28985867,97579476.46447682,9760599.940792616,salvador-ISSQN,salvador,ISSQN
2021-01-01,2021-01-01,8,2021-09-01,137803337.4548178,108386606.66632429,9760599.940792616,salvador-ISSQN,salvador,ISSQN
2021-01-01,2021-01-01,9,2021-10-01,133191157.75487636,116125151.4062415,9760599.940792616,salvador-ISSQN,salvador,ISSQN
2021-01-01,2021-01-01,10,2021-11-01,144735405.66712868,123885242.23875824,9760599.940792616,salvador-ISSQN,salvador,ISSQN
2021-01-01,2021-01-01,11,2021-12-01,173727685.14791396,151042970.5677607,9760599.940792616,salvador-ISSQN,salvador,ISSQN
2021-01-01,2021-01-01,12,2022-01-01,122149190.55838329,92473211.69773847,9760599.940792616,salvador-ISSQN,salvador,ISSQN
2021-02-01,2021-02-01,1,2021-03-01,120896788.44024572,119927578.84664172,9806268.707568316,salvador-ISSQN,salvador,ISSQN
2021-02-01,2021-02-01,2,2021-04-01,114103811.56111069,99972758.16476116,9806268.707568316,salvador-ISSQN,salvador,ISSQN
2021-02-01,2021-02-01,3,2021-05-01,113131968.70718983,86089860.9139463,9806268.707568316,salvador-ISSQN,salvador,ISSQN
2021-02-01,2021-02-01,4,2021-06-01,116471904.49873734,88719546.9682377,9806268.707568316,salvador-ISSQN,salvador,ISSQN
2021-02-01,2021-02-01,5,2021-07-01,130256096.11011124,100053627.45877674,9806268.707568316,salvador-ISSQN,salvador,ISSQN
2021-02-01,2021-02-01,6,2021-08-01,155566183.28985867,97467258.76132655,9806268.707568316,salvador-ISSQN,salvador,ISSQN
2021-02-01,2021-02-01,7,2021-09-01,137803337.4548178,108274388.96317402,9806268.707568316,salvador-ISSQN,salvador,ISSQN
2021-02-01,2021-02-01,8,2021-10-01,133191157.75487636,116012933.70309123,9806268.707568316,salvador-ISSQN,salvador,ISSQN
2021-02-01,2021-02-01,9,2021-11-01,144735405.66712868,123773024.53560796,9806268.707568316,salvador-ISSQN,salvador,ISSQN
2021-02-01,2021-02-01,10,2021-12-01,173727685.14791396,150930752.86461043,9806268.707568316,salvador-ISSQN,salvador,ISSQN
2021-02-01,2021-02-01,11,2022-01-01,122149190.55838329,92360993.9945882,9806268.707568316,salvador-ISSQN,salvador,ISSQN
2021-02-01,2021-02-01,12,2022-02-01,114236272.5266531,99958559.56098634,9806268.707568316,salvador-ISSQN,salvador,ISSQN
2021-03-01,2021-03-01,1,2021-04-01,114103811.56111069,99630663.10126361,9861347.832970107,salvador-ISSQN,salvador,ISSQN
2021-03-01,2021-03-01,2,2021-05-01,113131968.70718983,85747765.85044876,9861347.832970107,salvador-ISSQN,salvador,ISSQN
2021-03-01,2021-03-01,3,2021-06-01,116471904.49873734,88377451.90474015,9861347.832970107,salvador-ISSQN,salvador,ISSQN
2021-03-01,2021-03-01,4,2021-07-01,130256096.11011124,99711532.3952792,9861347.832970107,salvador-ISSQN,salvador,ISSQN
2021-03-01,2021-03-01,5,2021-08-01,155566183.28985867,97125163.69782901,9861347.832970107,salvador-ISSQN,salvador,ISSQN
2021-03-01,2021-03-01,6,2021-09-01,137803337.4548178,107932293.89967647,9861347.832970107,salvador-ISSQN,salvador,ISSQN
2021-03-01,2021-03-01,7,2021-10-01,133191157.75487636,115670838.63959369,9861347.832970107,salvador-ISSQN,salvador,ISSQN
2021-03-01,2021-03-01,8,2021-11-01,144735405.66712868,123430929.47211042,9861347.832970107,salvador-ISSQN,salvador,ISSQN
2021-03-01,2021-03-01,9,2021-12-01,173727685.14791396,150588657.8011129,9861347.832970107,salvador-ISSQN,salvador,ISSQN
2021-03-01,2021-03-01,10,2022-01-01,122149190.55838329,92018898.93109065,9861347.832970107,salvador-ISSQN,salvador,ISSQN
2021-03-01,2021-03-01,11,2022-02-01,114236272.5266531,99616464.4974888,9861347.832970107,salvador-ISSQN,salvador,ISSQN
2021-03-01,2021-03-01,12,2022-03-01,127772172.220623,106309230.1752631,9861347.832970107,salvador-ISSQN,salvador,ISSQN
2021-04-01,2021-04-01,1,2021-05-01,113131968.70718983,85747765.85044876,9709051.92628519,salvador-ISSQN,salvador,ISSQN
2021-04-01,2021-04-01,2,2021-06-01,116471904.49873734,88377451.90474015,9709051.92628519,salvador-ISSQN,salvador,ISSQN
2021-04-01,2021-04-01,3,2021-07-01,130256096.11011124,99711532.3952792,9709051.92628519,salvador-ISSQN,salvador,ISSQN
2021-04-01,2021-04-01,4,2021-08-01,155566183.28985867,97125163.69782901,9709051.92628519,salvador-ISSQN,salvador,ISSQN
2021-04-01,2021-04-01,5,2021-09-01,137803337.4548178,107932293.89967647,9709051.92628519,salvador-ISSQN,salvador,ISSQN
2021-04-01,2021-04-01,6,2021-10-01,133191157.75487636,115670838.63959369,9709051.92628519,salvador-ISSQN,salvador,ISSQN
2021-04-01,2021-04-01,7,2021-11-01,144735405.66712868,123430929.47211042,9709051.92628519,salvador-ISSQN,salvador,ISSQN
2021-04-01,2021-04-01,8,2021-12-01,173727685.14791396,150588657.8011129,9709051.92628519,salvador-ISSQN,salvador,ISSQN
2021-04-01,2021-04-01,9,2022-01-01,122149190.55838329,92018898.93109065,9709051.92628519,salvador-ISSQN,salvador,ISSQN
2021-04-01,2021-04-01,10,2022-02-01,114236272.5266531,99616464.4974888,9709051.92628519,salvador-ISSQN,salvador,ISSQN
2021-04-01,2021-04-01,11,2022-03-01,127772172.220623,106309230.1752631,9709051.92628519,salvador-ISSQN,salvador,ISSQN
2021-04-01,2021-04-01,12,2022-04-01,125087559.77891354,99516253.29612806,9709051.92628519,salvador-ISSQN,salvador,ISSQN
2021-05-01,2021-05-01,1,2021-06-01,116471904.49873734,90030851.62533922,9756553.351907857,salvador-ISSQN,salvador,ISSQN
2021-05-01,2021-05-01,2,2021-07-01,130256096.11011124,101364932.11587827,9756553.351907857,salvador-ISSQN,salvador,ISSQN
2021-05-01,2021-05-01,3,2021-08-01,155566183.28985867,98778563.41842808,9756553.351907857,salvador-ISSQN,salvador,ISSQN
2021-05-01,2021-05-01,4,2021-09-01,137803337.4548178,109585693.62027556,9756553.351907857,salvador-ISSQN,salvador,ISSQN
2021-05-01,2021-05-01,5,2021-10-01,133191157.75487636,117324238.36019276,9756553.351907857,salvador-ISSQN,salvador,ISSQN
2021-05-01,2021-05-01,6,2021-11-01,144735405.66712868,125084329.19270949,9756553.351907857,salvador-ISSQN,salvador,ISSQN
2021-05-01,2021-05-01,7,2021-12-01,173727685.14791396,152242057.52171195,9756553.351907857,salvador-ISSQN,salvador,ISSQN
2021-05-01,2021-05-01,8,2022-01-01,122149190.55838329,93672298.65168972,9756553.351907857,salvador-ISSQN,salvador,ISSQN
2021-05-01,2021-05-01,9,2022-02-01,114236272.5266531,101269864.21808787,9756553.351907857,salvador-ISSQN,salvador,ISSQN
2021-05-01,2021-05-01,10,2022-03-01,127772172.220623,107962629.89586218,9756553.351907857,salvador-ISSQN,salvador,ISSQN
2021-05-01,2021-05-01,11,2022-04-01,125087559.77891354,101169653.01672715,9756553.351907857,salvador-ISSQN,salvador,ISSQN
2021-05-01,2021-05-01,12,2022-05-01,158617101.47339234,100197810.16280629,9756553.351907857,salvador-ISSQN,salvador,ISSQN
2021-06-01,2021-06-01,1,2021-07-01,130256096.11011124,101819244.88252608,9813376.700045837,salvador-ISSQN,salvador,ISSQN
2021-06-01,2021-06-01,2,2021-08-01,155566183.28985867,99232876.1850759,9813376.700045837,salvador-ISSQN,salvador,ISSQN
2021-06-01,2021-06-01,3,2021-09-01,137803337.4548178,110040006.38692337,9813376.700045837,salvador-ISSQN,salvador,ISSQN
2021-06-01,2021-06-01,4,2021-10-01,133191157.75487636,117778551.12684058,9813376.700045837,salvador-ISSQN,salvador,ISSQN
2021-06-01,2021-06-01,5,2021-11-01,144735405.66712868,125538641.9593573,9813376.700045837,salvador-ISSQN,salvador,ISSQN
2021-06-01,2021-06-01,6,2021-12-01,173727685.14791396,152696370.28835976,9813376.700045837,salvador-ISSQN,salvador,ISSQN
2021-06-01,2021-06-01,7,2022-01-01,122149190.55838329,94126611.41833754,9813376.700045837,salvador-ISSQN,salvador,ISSQN
2021-06-01,2021-06-01,8,2022-02-01,114236272.5266531,101724176.98473568,9813376.700045837,salvador-ISSQN,salvador,ISSQN
2021-06-01,2021-06-01,9,2022-03-01,127772172.220623,108416942.66251,9813376.700045837,salvador-ISSQN,salvador,ISSQN
2021-06-01,2021-06-01,10,2022-04-01,125087559.77891354,101623965.78337497,9813376.700045837,salvador-ISSQN,salvador,ISSQN
2021-06-01,2021-06-01,11,2022-05-01,158617101.47339234,100652122.9294541,9813376.700045837,salvador-ISSQN,salvador,ISSQN
2021-06-01,2021-06-01,12,2022-06-01,140282250.49272528,103992058.72100161,9813376.700045837,salvador-ISSQN,salvador,ISSQN
2021-07-01,2021-07-01,1,2021-08-01,155566183.28985867,101011323.95818526,9905072.651535444,salvador-ISSQN,salvador,ISSQN
2021-07-01,2021-07-01,2,2021-09-01,137803337.4548178,111818454.16003272,9905072.651535444,salvador-ISSQN,salvador,ISSQN
2021-07-01,2021-07-01,3,2021-10-01,133191157.75487636,119556998.89994994,9905072.651535444,salvador-ISSQN,salvador,ISSQN
2021-07-01,2021-07-01,4,2021-11-01,144735405.66712868,127317089.73246667,9905072.651535444,salvador-ISSQN,salvador,ISSQN
2021-07-01,2021-07-01,5,2021-12-01,173727685.14791396,154474818.06146914,9905072.651535444,salvador-ISSQN,salvador,ISSQN
2021-07-01,2021-07-01,6,2022-01-01,122149190.55838329,95905059.1914469,9905072.651535444,salvador-ISSQN,salvador,ISSQN
2021-07-01,2021-07-01,7,2022-02-01,114236272.5266531,103502624.75784504,9905072.651535444,salvador-ISSQN,salvador,ISSQN
2021-07-01,2021-07-01,8,2022-03-01,127772172.220623,110195390.43561935,9905072.651535444,salvador-ISSQN,salvador,ISSQN
2021-07-01,2021-07-01,9,2022-04-01,125087559.77891354,103402413.55648431,9905072.651535444,salvador-ISSQN,salvador,ISSQN
2021-07-01,2021-07-01,10,2022-05-01,158617101.47339234,102430570.70256346,9905072.651535444,salvador-ISSQN,salvador,ISSQN
2021-07-01,2021-07-01,11,2022-06-01,140282250.49272528,105770506.49411097,9905072.651535444,salvador-ISSQN,salvador,ISSQN
2021-07-01,2021-07-01,12,2022-07-01,136077881.4518655,119554698.10548487,9905072.651535444,salvador-ISSQN,salvador,ISSQN
2021-08-01,2021-08-01,1,2021-09-01,137803337.4548178,117552302.50334981,10404313.661469439,salvador-ISSQN,salvador,ISSQN
2021-08-01,2021-08-01,2,2021-10-01,133191157.75487636,125290847.24326701,10404313.661469439,salvador-ISSQN,salvador,ISSQN
2021-08-01,2021-08-01,3,2021-11-01,144735405.66712868,133050938.07578374,10404313.661469439,salvador-ISSQN,salvador,ISSQN
2021-08-01,2021-08-01,4,2021-12-01,173727685.14791396,160208666.40478623,10404313.661469439,salvador-ISSQN,salvador,ISSQN
2021-08-01,2021-08-01,5,2022-01-01,122149190.55838329,101638907.53476398,10404313.661469439,salvador-ISSQN,salvador,ISSQN
2021-08-01,2021-08-01,6,2022-02-01,114236272.5266531,109236473.10116212,10404313.661469439,salvador-ISSQN,salvador,ISSQN
2021-08-01,2021-08-01,7,2022-03-01,127772172.220623,115929238.77893643,10404313.661469439,salvador-ISSQN,salvador,ISSQN
2021-08-01,2021-08-01,8,2022-04-01,125087559.77891354,109136261.8998014,10404313.661469439,salvador-ISSQN,salvador,ISSQN
2021-08-01,2021-08-01,9,2022-05-01,158617101.47339234,108164419.04588054,10404313.661469439,salvador-ISSQN,salvador,ISSQN
2021-08-01,2021-08-01,10,2022-06-01,140282250.49272528,111504354.83742805,10404313.661469439,salvador-ISSQN,salvador,ISSQN
2021-08-01,2021-08-01,11,2022-07-01,136077881.4518655,125288546.44880195,10404313.661469439,salvador-ISSQN,salvador,ISSQN
2021-08-01,2021-08-01,12,2022-08-01,143715514.76575464,150598633.6285494,10404313.661469439,salvador-ISSQN,salvador,ISSQN
2021-09-01,2021-09-01,1,2021-10-01,133191157.75487636,129751226.3080329,10475026.293769283,salvador-ISSQN,salvador,ISSQN
2021-09-01,2021-09-01,2,2021-11-01,144735405.66712868,137511317.14054963,10475026.293769283,salvador-ISSQN,salvador,ISSQN
2021-09-01,2021-09-01,3,2021-12-01,173727685.14791396,164669045.4695521,10475026.293769283,salvador-ISSQN,salvador,ISSQN
2021-09-01,2021-09-01,4,2022-01-01,122149190.55838329,106099286.59952986,10475026.293769283,salvador-ISSQN,salvador,ISSQN
2021-09-01,2021-09-01,5,2022-02-01,114236272.5266531,113696852.165928,10475026.293769283,salvador-ISSQN,salvador,ISSQN
2021-09-01,2021-09-01,6,2022-03-01,127772172.220623,120389617.84370232,10475026.293769283,salvador-ISSQN,salvador,ISSQN
2021-09-01,2021-09-01,7,2022-04-01,125087559.77891354,113596640.96456727,10475026.293769283,salvador-ISSQN,salvador,ISSQN
2021-09-01,2021-09-01,8,2022-05-01,158617101.47339234,112624798.11064643,10475026.293769283,salvador-ISSQN,salvador,ISSQN
2021-09-01,2021-09-01,9,2022-06-01,140282250.49272528,115964733.90219393,10475026.293769283,salvador-ISSQN,salvador,ISSQN
2021-09-01,2021-09-01,10,2022-07-01,136077881.4518655,129748925.51356784,10475026.293769283,salvador-ISSQN,salvador,ISSQN
2021-09-01,2021-09-01,11,2022-08-01,143715514.76575464,155059012.69331527,10475026.293769283,salvador-ISSQN,salvador,ISSQN
2021-09-01,2021-09-01,12,2022-09-01,160697582.0766429,137296166.8582744,10475026.293769283,salvador-ISSQN,salvador,ISSQN
2021-10-01,2021-10-01,1,2021-11-01,144735405.66712868,139427663.2596753,10367279.644576866,salvador-ISSQN,salvador,ISSQN
2021-10-01,2021-10-01,2,2021-12-01,173727685.14791396,166585391.58867776,10367279.644576866,salvador-ISSQN,salvador,ISSQN
2021-10-01,2021-10-01,3,2022-01-01,122149190.55838329,108015632.71865553,10367279.644576866,salvador-ISSQN,salvador,ISSQN
2021-10-01,2021-10-01,4,2022-02-01,114236272.5266531,115613198.28505367,10367279.644576866,salvador-ISSQN,salvador,ISSQN
2021-10-01,2021-10-01,5,2022-03-01,127772172.220623,122305963.96282798,10367279.644576866,salvador-ISSQN,salvador,ISSQN
2021-10-01,2021-10-01,6,2022-04-01,125087559.77891354,115512987.08369295,10367279.644576866,salvador-ISSQN,salvador,ISSQN
2021-10-01,2021-10-01,7,2022-05-01,158617101.47339234,114541144.22977209,10367279.644576866,salvador-ISSQN,salvador,ISSQN
2021-10-01,2021-10-01,8,2022-06-01,140282250.49272528,117881080.0213196,10367279.644576866,salvador-ISSQN,salvador,ISSQN
2021-10-01,2021-10-01,9,2022-07-01,136077881.4518655,131665271.6326935,10367279.644576866,salvador-ISSQN,salvador,ISSQN
2021-10-01,2021-10-01,10,2022-08-01,143715514.76575464,156975358.81244093,10367279.644576866,salvador-ISSQN,salvador,ISSQN
2021-10-01,2021-10-01,11,2022-09-01,160697582.0766429,139212512.97740006,10367279.644576866,salvador-ISSQN,salvador,ISSQN
2021-10-01,2021-10-01,12,2022-10-01,153494428.37310088,134600333.2774586,10367279.644576866,salvador-ISSQN,salvador,ISSQN
2021-11-01,2021-11-01,1,2021-12-01,173727685.14791396,170001055.45626336,10315866.099301636,salvador-ISSQN,salvador,ISSQN
2021-11-01,2021-11-01,2,2022-01-01,122149190.55838329,111431296.58624113,10315866.099301636,salvador-ISSQN,salvador,ISSQN
2021-11-01,2021-11-01,3,2022-02-01,114236272.5266531,119028862.15263927,10315866.099301636,salvador-ISSQN,salvador,ISSQN
2021-11-01,2021-11-01,4,2022-03-01,127772172.220623,125721627.83041358,10315866.099301636,salvador-ISSQN,salvador,ISSQN
2021-11-01,2021-11-01,5,2022-04-01,125087559.77891354,118928650.95127854,10315866.099301636,salvador-ISSQN,salvador,ISSQN
2021-11-01,2021-11-01,6,2022-05-01,158617101.47339234,117956808.09735769,10315866.099301636,salvador-ISSQN,salvador,ISSQN
2021-11-01,2021-11-01,7,2022-06-01,140282250.49272528,121296743.8889052,10315866.099301636,salvador-ISSQN,salvador,ISSQN
2021-11-01,2021-11-01,8,2022-07-01,136077881.4518655,135080935.5002791,10315866.099301636,salvador-ISSQN,salvador,ISSQN
2021-11-01,2021-11-01,9,2022-08-01,143715514.76575464,160391022.68002653,10315866.099301636,salvador-ISSQN,salvador,ISSQN
2021-11-01,2021-11-01,10,2022-09-01,160697582.0766429,142628176.84498566,10315866.099301636,salvador-ISSQN,salvador,ISSQN
2021-11-01,2021-11-01,11,2022-10-01,153494428.37310088,138015997.1450442,10315866.099301636,salvador-ISSQN,salvador,ISSQN
2021-11-01,2021-11-01,12,2022-11-01,145852410.06631136,149560245.05729654,10315866.099301636,salvador-ISSQN,salvador,ISSQN
2021-12-01,2021-12-01,1,2022-01-01,122149190.55838329,114240650.70200032,10291360.585169924,salvador-ISSQN,salvador,ISSQN
2021-12-01,2021-12-01,2,2022-02-01,114236272.5266531,121838216.26839846,10291360.585169924,salvador-ISSQN,salvador,ISSQN
2021-12-01,2021-12-01,3,2022-03-01,127772172.220623,128530981.94617277,10291360.585169924,salvador-ISSQN,salvador,ISSQN
2021-12-01,2021-12-01,4,2022-04-01,125087559.77891354,121738005.06703775,10291360.585169924,salvador-ISSQN,salvador,ISSQN
2021-12-01,2021-12-01,5,2022-05-01,158617101.47339234,120766162.21311688,10291360.585169924,salvador-ISSQN,salvador,ISSQN
2021-12-01,2021-12-01,6,2022-06-01,140282250.49272528,124106098.00466439,10291360.585169924,salvador-ISSQN,salvador,ISSQN
2021-12-01,2021-12-01,7,2022-07-01,136077881.4518655,137890289.6160383,10291360.585169924,salvador-ISSQN,salvador,ISSQN
2021-12-01,2021-12-01,8,2022-08-01,143715514.76575464,163200376.79578573,10291360.585169924,salvador-ISSQN,salvador,ISSQN
2021-12-01,2021-12-01,9,2022-09-01,160697582.0766429,145437530.96074486,10291360.585169924,salvador-ISSQN,salvador,ISSQN
2021-12-01,2021-12-01,10,2022-10-01,153494428.37310088,140825351.2608034,10291360.585169924,salvador-ISSQN,salvador,ISSQN
2021-12-01,2021-12-01,11,2022-11-01,145852410.06631136,152369599.17305574,10291360.585169924,salvador-ISSQN,salvador,ISSQN
2021-12-01,2021-12-01,12,2022-12-01,173647289.37823588,181361878.65384102,10291360.585169924,salvador-ISSQN,salvador,ISSQN
2022-01-01,2022-01-01,1,2022-02-01,114236272.5266531,124878079.59925987,10363297.198555406,salvador-ISSQN,salvador,ISSQN
2022-01-01,2022-01-01,2,2022-03-01,127772172.220623,131570845.27703418,10363297.198555406,salvador-ISSQN,salvador,ISSQN
2022-01-01,2022-01-01,3,2022-04-01,125087559.77891354,124777868.39789915,10363297.198555406,salvador-ISSQN,salvador,ISSQN
2022-01-01,2022-01-01,4,2022-05-01,158617101.47339234,123806025.54397829,10363297.198555406,salvador-ISSQN,salvador,ISSQN
2022-01-01,2022-01-01,5,2022-06-01,140282250.49272528,127145961.3355258,10363297.198555406,salvador-ISSQN,salvador,ISSQN
2022-01-01,2022-01-01,6,2022-07-01,136077881.4518655,140930152.9468997,10363297.198555406,salvador-ISSQN,salvador,ISSQN
2022-01-01,2022-01-01,7,2022-08-01,143715514.76575464,166240240.1266471,10363297.198555406,salvador-ISSQN,salvador,ISSQN
2022-01-01,2022-01-01,8,2022-09-01,160697582.0766429,148477394.29160625,10363297.198555406,salvador-ISSQN,salvador,ISSQN
2022-01-01,2022-01-01,9,2022-10-01,153494428.37310088,143865214.59166482,10363297.198555406,salvador-ISSQN,salvador,ISSQN
2022-01-01,2022-01-01,10,2022-11-01,145852410.06631136,155409462.50391716,10363297.198555406,salvador-ISSQN,salvador,ISSQN
2022-01-01,2022-01-01,11,2022-12-01,173647289.37823588,184401741.9847024,10363297.198555406,salvador-ISSQN,salvador,ISSQN
2022-01-01,2022-01-01,12,2023-01-01,135212874.65426108,132823247.39517175,10363297.198555406,salvador-ISSQN,salvador,ISSQN
2022-02-01,2022-02-01,1,2022-03-01,127772172.220623,131570845.27703418,10223688.449442249,salvador-ISSQN,salvador,ISSQN
2022-02-01,2022-02-01,2,2022-04-01,125087559.77891354,124777868.39789915,10223688.449442249,salvador-ISSQN,salvador,ISSQN
2022-02-01,2022-02-01,3,2022-05-01,158617101.47339234,123806025.54397829,10223688.449442249,salvador-ISSQN,salvador,ISSQN
2022-02-01,2022-02-01,4,2022-06-01,140282250.49272528,127145961.3355258,10223688.449442249,salvador-ISSQN,salvador,ISSQN
2022-02-01,2022-02-01,5,2022-07-01,136077881.4518655,140930152.9468997,10223688.449442249,salvador-ISSQN,salvador,ISSQN
2022-02-01,2022-02-01,6,2022-08-01,143715514.76575464,166240240.1266471,10223688.449442249,salvador-ISSQN,salvador,ISSQN
2022-02-01,2022-02-01,7,2022-09-01,160697582.0766429,148477394.29160625,10223688.449442249,salvador-ISSQN,salvador,ISSQN
2022-02-01,2022-02-01,8,2022-10-01,153494428.37310088,143865214.59166482,10223688.449442249,salvador-ISSQN,salvador,ISSQN
2022-02-01,2022-02-01,9,2022-11-01,145852410.06631136,155409462.50391716,10223688.449442249,salvador-ISSQN,salvador,ISSQN
2022-02-01,2022-02-01,10,2022-12-01,173647289.37823588,184401741.9847024,10223688.449442249,salvador-ISSQN,salvador,ISSQN
2022-02-01,2022-02-01,11,2023-01-01,135212874.65426108,132823247.39517175,10223688.449442249,salvador-ISSQN,salvador,ISSQN
2022-02-01,2022-02-01,12,2023-02-01,132887451.56330125,124910329.36344156,10223688.449442249,salvador-ISSQN,salvador,ISSQN
2022-03-01,2022-03-01,1,2022-04-01,125087559.77891354,124777868.39789915,10179044.387188049,salvador-ISSQN,salvador,ISSQN
2022-03-01,2022-03-01,2,2022-05-01,158617101.47339234,123806025.54397829,10179044.387188049,salvador-ISSQN,salvador,ISSQN
2022-03-01,2022-03-01,3,2022-06-01,140282250.49272528,127145961.3355258,10179044.387188049,salvador-ISSQN,salvador,ISSQN
2022-03-01,2022-03-01,4,2022-07-01,136077881.4518655,140930152.9468997,10179044.387188049,salvador-ISSQN,salvador,ISSQN
2022-03-01,2022-03-01,5,2022-08-01,143715514.76575464,166240240.1266471,10179044.387188049,salvador-ISSQN,salvador,ISSQN
2022-03-01,2022-03-01,6,2022-09-01,160697582.0766429,148477394.29160625,10179044.387188049,salvador-ISSQN,salvador,ISSQN
2022-03-01,2022-03-01,7,2022-10-01,153494428.37310088,143865214.59166482,10179044.387188049,salvador-ISSQN,salvador,ISSQN
2022-03-01,2022-03-01,8,2022-11-01,145852410.06631136,155409462.50391716,10179044.387188049,salvador-ISSQN,salvador,ISSQN
2022-03-01,2022-03-01,9,2022-12-01,173647289.37823588,184401741.9847024,10179044.387188049,salvador-ISSQN,salvador,ISSQN
2022-03-01,2022-03-01,10,2023-01-01,135212874.65426108,132823247.39517175,10179044.387188049,salvador-ISSQN,salvador,ISSQN
2022-03-01,2022-03-01,11,2023-02-01,132887451.56330125,124910329.36344156,10179044.387188049,salvador-ISSQN,salvador,ISSQN
2022-03-01,2022-03-01,12,2023-03-01,145681238.28892994,138446229.05741146,10179044.387188049,salvador-ISSQN,salvador,ISSQN
2022-04-01,2022-04-01,1,2022-05-01,158617101.47339234,125022165.11197048,10189632.595485613,salvador-ISSQN,salvador,ISSQN
2022-04-01,2022-04-01,2,2022-06-01,140282250.49272528,128362100.90351799,10189632.595485613,salvador-ISSQN,salvador,ISSQN
2022-04-01,2022-04-01,3,2022-07-01,136077881.4518655,142146292.5148919,10189632.595485613,salvador-ISSQN,salvador,ISSQN
2022-04-01,2022-04-01,4,2022-08-01,143715514.76575464,167456379.69463933,10189632.595485613,salvador-ISSQN,salvador,ISSQN
2022-04-01,2022-04-01,5,2022-09-01,160697582.0766429,149693533.85959846,10189632.595485613,salvador-ISSQN,salvador,ISSQN
2022-04-01,2022-04-01,6,2022-10-01,153494428.37310088,145081354.159657,10189632.595485613,salvador-ISSQN,salvador,ISSQN
2022-04-01,2022-04-01,7,2022-11-01,145852410.06631136,156625602.07190934,10189632.595485613,salvador-ISSQN,salvador,ISSQN
2022-04-01,2022-04-01,8,2022-12-01,173647289.37823588,185617881.55269462,10189632.595485613,salvador-ISSQN,salvador,ISSQN
2022-04-01,2022-04-01,9,2023-01-01,135212874.65426108,134039386.96316394,10189632.595485613,salvador-ISSQN,salvador,ISSQN
2022-04-01,2022-04-01,10,2023-02-01,132887451.56330125,126126468.93143375,10189632.595485613,salvador-ISSQN,salvador,ISSQN
2022-04-01,2022-04-01,11,2023-03-01,145681238.28892994,139662368.62540364,10189632.595485613,salvador-ISSQN,salvador,ISSQN
2022-04-01,2022-04-01,12,2023-04-01,143508604.1514569,136977756.18369418,10189632.595485613,salvador-ISSQN,salvador,ISSQN
2022-05-01,2022-05-01,1,2022-06-01,140282250.49272528,128717225.77214605,10648015.714585831,salvador-ISSQN,salvador,ISSQN
2022-05-01,2022-05-01,2,2022-07-01,136077881.4518655,142501417.38351995,10648015.714585831,salvador-ISSQN,salvador,ISSQN
2022-05-01,2022-05-01,3,2022-08-01,143715514.76575464,167811504.56326738,10648015.714585831,salvador-ISSQN,salvador,ISSQN
2022-05-01,2022-05-01,4,2022-09-01,160697582.0766429,150048658.7282265,10648015.714585831,salvador-ISSQN,salvador,ISSQN
2022-05-01,2022-05-01,5,2022-10-01,153494428.37310088,145436479.0282851,10648015.714585831,salvador-ISSQN,salvador,ISSQN
2022-05-01,2022-05-01,6,2022-11-01,145852410.06631136,156980726.9405374,10648015.714585831,salvador-ISSQN,salvador,ISSQN
2022-05-01,2022-05-01,7,2022-12-01,173647289.37823588,185973006.42132267,10648015.714585831,salvador-ISSQN,salvador,ISSQN
2022-05-01,2022-05-01,8,2023-01-01,135212874.65426108,134394511.831792,10648015.714585831,salvador-ISSQN,salvador,ISSQN
2022-05-01,2022-05-01,9,2023-02-01,132887451.56330125,126481593.8000618,10648015.714585831,salvador-ISSQN,salvador,ISSQN
2022-05-01,2022-05-01,10,2023-03-01,145681238.28892994,140017493.49403173,10648015.714585831,salvador-ISSQN,salvador,ISSQN
2022-05-01,2022-05-01,11,2023-04-01,143508604.1514569,137332881.05232227,10648015.714585831,salvador-ISSQN,salvador,ISSQN
2022-05-01,2022-05-01,12,2023-05-01,145983428.00425628,170862422.74680105,10648015.714585831,salvador-ISSQN,salvador,ISSQN
2022-06-01,2022-06-01,1,2022-07-01,136077881.4518655,143389712.86409202,10816763.538680729,salvador-ISSQN,salvador,ISSQN
2022-06-01,2022-06-01,2,2022-08-01,143715514.76575464,168699800.04383945,10816763.538680729,salvador-ISSQN,salvador,ISSQN
2022-06-01,2022-06-01,3,2022-09-01,160697582.0766429,150936954.2087986,10816763.538680729,salvador-ISSQN,salvador,ISSQN
2022-06-01,2022-06-01,4,2022-10-01,153494428.37310088,146324774.50885713,10816763.538680729,salvador-ISSQN,salvador,ISSQN
2022-06-01,2022-06-01,5,2022-11-01,145852410.06631136,157869022.42110947,10816763.538680729,salvador-ISSQN,salvador,ISSQN
2022-06-01,2022-06-01,6,2022-12-01,173647289.37823588,186861301.90189475,10816763.538680729,salvador-ISSQN,salvador,ISSQN
2022-06-01,2022-06-01,7,2023-01-01,135212874.65426108,135282807.31236407,10816763.538680729,salvador-ISSQN,salvador,ISSQN
2022-06-01,2022-06-01,8,2023-02-01,132887451.56330125,127369889.28063387,10816763.538680729,salvador-ISSQN,salvador,ISSQN
2022-06-01,2022-06-01,9,2023-03-01,145681238.28892994,140905788.97460377,10816763.538680729,salvador-ISSQN,salvador,ISSQN
2022-06-01,2022-06-01,10,2023-04-01,143508604.1514569,138221176.5328943,10816763.538680729,salvador-ISSQN,salvador,ISSQN
2022-06-01,2022-06-01,11,2023-05-01,145983428.00425628,171750718.22737312,10816763.538680729,salvador-ISSQN,salvador,ISSQN
2022-06-01,2022-06-01,12,2023-06-01,147945962.3126708,153415867.24670607,10816763.538680729,salvador-ISSQN,salvador,ISSQN
2022-07-01,2022-07-01,1,2022-08-01,143715514.76575464,165333791.9396693,10753535.966567736,salvador-ISSQN,salvador,ISSQN
2022-07-01,2022-07-01,2,2022-09-01,160697582.0766429,147570946.10462844,10753535.966567736,salvador-ISSQN,salvador,ISSQN
2022-07-01,2022-07-01,3,2022-10-01,153494428.37310088,142958766.40468702,10753535.966567736,salvador-ISSQN,salvador,ISSQN
2022-07-01,2022-07-01,4,2022-11-01,145852410.06631136,154503014.31693935,10753535.966567736,salvador-ISSQN,salvador,ISSQN
2022-07-01,2022-07-01,5,2022-12-01,173647289.37823588,183495293.7977246,10753535.966567736,salvador-ISSQN,salvador,ISSQN
2022-07-01,2022-07-01,6,2023-01-01,135212874.65426108,131916799.20819394,10753535.966567736,salvador-ISSQN,salvador,ISSQN
2022-07-01,2022-07-01,7,2023-02-01,132887451.56330125,124003881.17646375,10753535.966567736,salvador-ISSQN,salvador,ISSQN
2022-07-01,2022-07-01,8,2023-03-01,145681238.28892994,137539780.87043366,10753535.966567736,salvador-ISSQN,salvador,ISSQN
2022-07-01,2022-07-01,9,2023-04-01,143508604.1514569,134855168.4287242,10753535.966567736,salvador-ISSQN,salvador,ISSQN
2022-07-01,2022-07-01,10,2023-05-01,145983428.00425628,168384710.12320298,10753535.966567736,salvador-ISSQN,salvador,ISSQN
2022-07-01,2022-07-01,11,2023-06-01,147945962.3126708,150049859.14253592,10753535.966567736,salvador-ISSQN,salvador,ISSQN
2022-07-01,2022-07-01,12,2023-07-01,149804608.7464599,145845490.10167617,10753535.966567736,salvador-ISSQN,salvador,ISSQN
2022-08-01,2022-08-01,1,2022-09-01,160697582.0766429,145516763.88591567,10767250.123536939,salvador-ISSQN,salvador,ISSQN
2022-08-01,2022-08-01,2,2022-10-01,153494428.37310088,140904584.18597424,10767250.123536939,salvador-ISSQN,salvador,ISSQN
2022-08-01,2022-08-01,3,2022-11-01,145852410.06631136,152448832.09822655,10767250.123536939,salvador-ISSQN,salvador,ISSQN
2022-08-01,2022-08-01,4,2022-12-01,173647289.37823588,181441111.57901183,10767250.123536939,salvador-ISSQN,salvador,ISSQN
2022-08-01,2022-08-01,5,2023-01-01,135212874.65426108,129862616.98948115,10767250.123536939,salvador-ISSQN,salvador,ISSQN
2022-08-01,2022-08-01,6,2023-02-01,132887451.56330125,121949698.95775098,10767250.123536939,salvador-ISSQN,salvador,ISSQN
2022-08-01,2022-08-01,7,2023-03-01,145681238.28892994,135485598.65172088,10767250.123536939,salvador-ISSQN,salvador,ISSQN
2022-08-01,2022-08-01,8,2023-04-01,143508604.1514569,132800986.21001142,10767250.123536939,salvador-ISSQN,salvador,ISSQN
2022-08-01,2022-08-01,9,2023-05-01,145983428.00425628,166330527.9044902,10767250.123536939,salvador-ISSQN,salvador,ISSQN
2022-08-01,2022-08-01,10,2023-06-01,147945962.3126708,147995676.92382315,10767250.123536939,salvador-ISSQN,salvador,ISSQN
2022-08-01,2022-08-01,11,2023-07-01,149804608.7464599,143791307.88296336,10767250.123536939,salvador-ISSQN,salvador,ISSQN
2022-08-01,2022-08-01,12,2023-08-01,158308919.14379752,151428941.1968525,10767250.123536939,salvador-ISSQN,salvador,ISSQN
2022-09-01,2022-09-01,1,2022-10-01,153494428.37310088,140904584.18597424,10916966.104997287,salvador-ISSQN,salvador,ISSQN
2022-09-01,2022-09-01,2,2022-11-01,145852410.06631136,152448832.09822655,10916966.104997287,salvador-ISSQN,salvador,ISSQN
2022-09-01,2022-09-01,3,2022-12-01,173647289.37823588,181441111.57901183,10916966.104997287,salvador-ISSQN,salvador,ISSQN
2022-09-01,2022-09-01,4,2023-01-01,135212874.65426108,129862616.98948115,10916966.104997287,salvador-ISSQN,salvador,ISSQN
2022-09-01,2022-09-01,5,2023-02-01,132887451.56330125,121949698.95775098,10916966.104997287,salvador-ISSQN,salvador,ISSQN
2022-09-01,2022-09-01,6,2023-03-01,145681238.28892994,135485598.65172088,10916966.104997287,salvador-ISSQN,salvador,ISSQN
2022-09-01,2022-09-01,7,2023-04-01,143508604.1514569,132800986.21001142,10916966.104997287,salvador-ISSQN,salvador,ISSQN
2022-09-01,2022-09-01,8,2023-05-01,145983428.00425628,166330527.9044902,10916966.104997287,salvador-ISSQN,salvador,ISSQN
2022-09-01,2022-09-01,9,2023-06-01,147945962.3126708,147995676.92382315,10916966.104997287,salvador-ISSQN,salvador,ISSQN
2022-09-01,2022-09-01,10,2023-07-01,149804608.7464599,143791307.88296336,10916966.104997287,salvador-ISSQN,salvador,ISSQN
2022-09-01,2022-09-01,11,2023-08-01,158308919.14379752,151428941.1968525,10916966.104997287,salvador-ISSQN,salvador,ISSQN
2022-09-01,2022-09-01,12,2023-09-01,149291086.55814052,168411008.50774077,10916966.104997287,salvador-ISSQN,salvador,ISSQN
2022-10-01,2022-10-01,1,2022-11-01,145852410.06631136,154503014.31693935,11031433.233207375,salvador-ISSQN,salvador,ISSQN
2022-10-01,2022-10-01,2,2022-12-01,173647289.37823588,183495293.7977246,11031433.233207375,salvador-ISSQN,salvador,ISSQN
2022-10-01,2022-10-01,3,2023-01-01,135212874.65426108,131916799.20819394,11031433.233207375,salvador-ISSQN,salvador,ISSQN
2022-10-01,2022-10-01,4,2023-02-01,132887451.56330125,124003881.17646375,11031433.233207375,salvador-ISSQN,salvador,ISSQN
2022-10-01,2022-10-01,5,2023-03-01,145681238.28892994,137539780.87043366,11031433.233207375,salvador-ISSQN,salvador,ISSQN
2022-10-01,2022-10-01,6,2023-04-01,143508604.1514569,134855168.4287242,11031433.233207375,salvador-ISSQN,salvador,ISSQN
2022-10-01,2022-10-01,7,2023-05-01,145983428.00425628,168384710.12320298,11031433.233207375,salvador-ISSQN,salvador,ISSQN
2022-10-01,2022-10-01,8,2023-06-01,147945962.3126708,150049859.14253592,11031433.233207375,salvador-ISSQN,salvador,ISSQN
2022-10-01,2022-10-01,9,2023-07-01,149804608.7464599,145845490.10167617,11031433.233207375,salvador-ISSQN,salvador,ISSQN
2022-10-01,2022-10-01,10,2023-08-01,158308919.14379752,153483123.4155653,11031433.233207375,salvador-ISSQN,salvador,ISSQN
2022-10-01,2022-10-01,11,2023-09-01,149291086.55814052,170465190.72645354,11031433.233207375,salvador-ISSQN,salvador,ISSQN
2022-10-01,2022-10-01,12,2023-10-01,162466226.3022135,163262037.02291155,11031433.233207375,salvador-ISSQN,salvador,ISSQN
2022-11-01,2022-11-01,1,2022-12-01,173647289.37823588,183495293.7977246,10911982.283399848,salvador-ISSQN,salvador,ISSQN
2022-11-01,2022-11-01,2,2023-01-01,135212874.65426108,131916799.20819394,10911982.283399848,salvador-ISSQN,salvador,ISSQN
2022-11-01,2022-11-01,3,2023-02-01,132887451.56330125,124003881.17646375,10911982.283399848,salvador-ISSQN,salvador,ISSQN
2022-11-01,2022-11-01,4,2023-03-01,145681238.28892994,137539780.87043366,10911982.283399848,salvador-ISSQN,salvador,ISSQN
2022-11-01,2022-11-01,5,2023-04-01,143508604.1514569,134855168.4287242,10911982.283399848,salvador-ISSQN,salvador,ISSQN
2022-11-01,2022-11-01,6,2023-05-01,145983428.00425628,168384710.12320298,10911982.283399848,salvador-ISSQN,salvador,ISSQN
2022-11-01,2022-11-01,7,2023-06-01,147945962.3126708,150049859.14253592,10911982.283399848,salvador-ISSQN,salvador,ISSQN
2022-11-01,2022-11-01,8,2023-07-01,149804608.7464599,145845490.10167617,10911982.283399848,salvador-ISSQN,salvador,ISSQN
2022-11-01,2022-11-01,9,2023-08-01,158308919.14379752,153483123.4155653,10911982.283399848,salvador-ISSQN,salvador,ISSQN
2022-11-01,2022-11-01,10,2023-09-01,149291086.55814052,170465190.72645354,10911982.283399848,salvador-ISSQN,salvador,ISSQN
2022-11-01,2022-11-01,11,2023-10-01,162466226.3022135,163262037.02291155,10911982.283399848,salvador-ISSQN,salvador,ISSQN
2022-11-01,2022-11-01,12,2023-11-01,163312814.20696488,155620018.71612203,10911982.283399848,salvador-ISSQN,salvador,ISSQN
2022-12-01,2022-12-01,1,2023-01-01,135212874.65426108,131078756.55747336,10783034.82490316,salvador-ISSQN,salvador,ISSQN
2022-12-01,2022-12-01,2,2023-02-01,132887451.56330125,123165838.52574316,10783034.82490316,salvador-ISSQN,salvador,ISSQN
2022-12-01,2022-12-01,3,2023-03-01,145681238.28892994,136701738.21971306,10783034.82490316,salvador-ISSQN,salvador,ISSQN
2022-12-01,2022-12-01,4,2023-04-01,143508604.1514569,134017125.7780036,10783034.82490316,salvador-ISSQN,salvador,ISSQN
2022-12-01,2022-12-01,5,2023-05-01,145983428.00425628,167546667.4724824,10783034.82490316,salvador-ISSQN,salvador,ISSQN
2022-12-01,2022-12-01,6,2023-06-01,147945962.3126708,149211816.49181536,10783034.82490316,salvador-ISSQN,salvador,ISSQN
2022-12-01,2022-12-01,7,2023-07-01,149804608.7464599,145007447.45095557,10783034.82490316,salvador-ISSQN,salvador,ISSQN
2022-12-01,2022-12-01,8,2023-08-01,158308919.14379752,152645080.76484472,10783034.82490316,salvador-ISSQN,salvador,ISSQN
2022-12-01,2022-12-01,9,2023-09-01,149291086.55814052,169627148.07573298,10783034.82490316,salvador-ISSQN,salvador,ISSQN
2022-12-01,2022-12-01,10,2023-10-01,162466226.3022135,162423994.37219095,10783034.82490316,salvador-ISSQN,salvador,ISSQN
2022-12-01,2022-12-01,11,2023-11-01,163312814.20696488,154781976.06540143,10783034.82490316,salvador-ISSQN,salvador,ISSQN
2022-12-01,2022-12-01,12,2023-12-01,187215660.76514104,182576855.37732595,10783034.82490316,salvador-ISSQN,salvador,ISSQN
2023-01-01,2023-01-01,1,2023-02-01,132887451.56330125,123165838.52574316,10809865.99279698,salvador-ISSQN,salvador,ISSQN
2023-01-01,2023-01-01,2,2023-03-01,145681238.28892994,136701738.21971306,10809865.99279698,salvador-ISSQN,salvador,ISSQN
2023-01-01,2023-01-01,3,2023-04-01,143508604.1514569,134017125.7780036,10809865.99279698,salvador-ISSQN,salvador,ISSQN
2023-01-01,2023-01-01,4,2023-05-01,145983428.00425628,167546667.4724824,10809865.99279698,salvador-ISSQN,salvador,ISSQN
2023-01-01,2023-01-01,5,2023-06-01,147945962.3126708,149211816.49181536,10809865.99279698,salvador-ISSQN,salvador,ISSQN
2023-01-01,2023-01-01,6,2023-07-01,149804608.7464599,145007447.45095557,10809865.99279698,salvador-ISSQN,salvador,ISSQN
2023-01-01,2023-01-01,7,2023-08-01,158308919.14379752,152645080.76484472,10809865.99279698,salvador-ISSQN,salvador,ISSQN
2023-01-01,2023-01-01,8,2023-09-01,149291086.55814052,169627148.07573298,10809865.99279698,salvador-ISSQN,salvador,ISSQN
2023-01-01,2023-01-01,9,2023-10-01,162466226.3022135,162423994.37219095,10809865.99279698,salvador-ISSQN,salvador,ISSQN
2023-01-01,2023-01-01,10,2023-11-01,163312814.20696488,154781976.06540143,10809865.99279698,salvador-ISSQN,salvador,ISSQN
2023-01-01,2023-01-01,11,2023-12-01,187215660.76514104,182576855.37732595,10809865.99279698,salvador-ISSQN,salvador,ISSQN
2023-01-01,2023-01-01,12,2024-01-01,204327604.53179494,144142440.65335116,10809865.99279698,salvador-ISSQN,salvador,ISSQN
2023-02-01,2023-02-01,1,2023-03-01,145681238.28892994,139795888.37746334,10901044.051446412,salvador-ISSQN,salvador,ISSQN
2023-02-01,2023-02-01,2,2023-04-01,143508604.1514569,137111275.93575388,10901044.051446412,salvador-ISSQN,salvador,ISSQN
2023-02-01,2023-02-01,3,2023-05-01,145983428.00425628,170640817.63023266,10901044.051446412,salvador-ISSQN,salvador,ISSQN
2023-02-01,2023-02-01,4,2023-06-01,147945962.3126708,152305966.6495656,10901044.051446412,salvador-ISSQN,salvador,ISSQN
2023-02-01,2023-02-01,5,2023-07-01,149804608.7464599,148101597.60870582,10901044.051446412,salvador-ISSQN,salvador,ISSQN
2023-02-01,2023-02-01,6,2023-08-01,158308919.14379752,155739230.92259496,10901044.051446412,salvador-ISSQN,salvador,ISSQN
2023-02-01,2023-02-01,7,2023-09-01,149291086.55814052,172721298.23348323,10901044.051446412,salvador-ISSQN,salvador,ISSQN
2023-02-01,2023-02-01,8,2023-10-01,162466226.3022135,165518144.5299412,10901044.051446412,salvador-ISSQN,salvador,ISSQN
2023-02-01,2023-02-01,9,2023-11-01,163312814.20696488,157876126.22315168,10901044.051446412,salvador-ISSQN,salvador,ISSQN
2023-02-01,2023-02-01,10,2023-12-01,187215660.76514104,185671005.5350762,10901044.051446412,salvador-ISSQN,salvador,ISSQN
2023-02-01,2023-02-01,11,2024-01-01,204327604.53179494,147236590.8111014,10901044.051446412,salvador-ISSQN,salvador,ISSQN
2023-02-01,2023-02-01,12,2024-02-01,159278235.93683836,144911167.7201416,10901044.051446412,salvador-ISSQN,salvador,ISSQN
2023-03-01,2023-03-01,1,2023-04-01,143508604.1514569,140573934.8610059,10981596.028651705,salvador-ISSQN,salvador,ISSQN
2023-03-01,2023-03-01,2,2023-05-01,145983428.00425628,174103476.5554847,10981596.028651705,salvador-ISSQN,salvador,ISSQN
2023-03-01,2023-03-01,3,2023-06-01,147945962.3126708,155768625.57481766,10981596.028651705,salvador-ISSQN,salvador,ISSQN
2023-03-01,2023-03-01,4,2023-07-01,149804608.7464599,151564256.53395787,10981596.028651705,salvador-ISSQN,salvador,ISSQN
2023-03-01,2023-03-01,5,2023-08-01,158308919.14379752,159201889.847847,10981596.028651705,salvador-ISSQN,salvador,ISSQN
2023-03-01,2023-03-01,6,2023-09-01,149291086.55814052,176183957.15873528,10981596.028651705,salvador-ISSQN,salvador,ISSQN
2023-03-01,2023-03-01,7,2023-10-01,162466226.3022135,168980803.45519325,10981596.028651705,salvador-ISSQN,salvador,ISSQN
2023-03-01,2023-03-01,8,2023-11-01,163312814.20696488,161338785.14840373,10981596.028651705,salvador-ISSQN,salvador,ISSQN
2023-03-01,2023-03-01,9,2023-12-01,187215660.76514104,189133664.46032825,10981596.028651705,salvador-ISSQN,salvador,ISSQN
2023-03-01,2023-03-01,10,2024-01-01,204327604.53179494,150699249.73635346,10981596.028651705,salvador-ISSQN,salvador,ISSQN
2023-03-01,2023-03-01,11,2024-02-01,159278235.93683836,148373826.6453936,10981596.028651705,salvador-ISSQN,salvador,ISSQN
2023-03-01,2023-03-01,12,2024-03-01,162189752.8885526,161167613.3710223,10981596.028651705,salvador-ISSQN,salvador,ISSQN
2023-04-01,2023-04-01,1,2023-05-01,145983428.00425628,176782156.6938175,11066135.214377748,salvador-ISSQN,salvador,ISSQN
2023-04-01,2023-04-01,2,2023-06-01,147945962.3126708,158447305.71315044,11066135.214377748,salvador-ISSQN,salvador,ISSQN
2023-04-01,2023-04-01,3,2023-07-01,149804608.7464599,154242936.67229062,11066135.214377748,salvador-ISSQN,salvador,ISSQN
2023-04-01,2023-04-01,4,2023-08-01,158308919.14379752,161880569.98617977,11066135.214377748,salvador-ISSQN,salvador,ISSQN
2023-04-01,2023-04-01,5,2023-09-01,149291086.55814052,178862637.29706806,11066135.214377748,salvador-ISSQN,salvador,ISSQN
2023-04-01,2023-04-01,6,2023-10-01,162466226.3022135,171659483.593526,11066135.214377748,salvador-ISSQN,salvador,ISSQN
2023-04-01,2023-04-01,7,2023-11-01,163312814.20696488,164017465.2867365,11066135.214377748,salvador-ISSQN,salvador,ISSQN
2023-04-01,2023-04-01,8,2023-12-01,187215660.76514104,191812344.598661,11066135.214377748,salvador-ISSQN,salvador,ISSQN
2023-04-01,2023-04-01,9,2024-01-01,204327604.53179494,153377929.87468624,11066135.214377748,salvador-ISSQN,salvador,ISSQN
2023-04-01,2023-04-01,10,2024-02-01,159278235.93683836,151052506.7837264,11066135.214377748,salvador-ISSQN,salvador,ISSQN
2023-04-01,2023-04-01,11,2024-03-01,162189752.8885526,163846293.50935507,11066135.214377748,salvador-ISSQN,salvador,ISSQN
2023-04-01,2023-04-01,12,2024-04-01,170382067.58095023,161673659.37188202,11066135.214377748,salvador-ISSQN,salvador,ISSQN
2023-05-01,2023-05-01,1,2023-06-01,147945962.3126708,155768625.57481766,11083748.003757054,salvador-ISSQN,salvador,ISSQN
2023-05-01,2023-05-01,2,2023-07-01,149804608.7464599,151564256.53395787,11083748.003757054,salvador-ISSQN,salvador,ISSQN
2023-05-01,2023-05-01,3,2023-08-01,158308919.14379752,159201889.847847,11083748.003757054,salvador-ISSQN,salvador,ISSQN
2023-05-01,2023-05-01,4,2023-09-01,149291086.55814052,176183957.15873528,11083748.003757054,salvador-ISSQN,salvador,ISSQN
2023-05-01,2023-05-01,5,2023-10-01,162466226.3022135,168980803.45519325,11083748.003757054,salvador-ISSQN,salvador,ISSQN
2023-05-01,2023-05-01,6,2023-11-01,163312814.20696488,161338785.14840373,11083748.003757054,salvador-ISSQN,salvador,ISSQN
2023-05-01,2023-05-01,7,2023-12-01,187215660.76514104,189133664.46032825,11083748.003757054,salvador-ISSQN,salvador,ISSQN
2023-05-01,2023-05-01,8,2024-01-01,204327604.53179494,150699249.73635346,11083748.003757054,salvador-ISSQN,salvador,ISSQN
2023-05-01,2023-05-01,9,2024-02-01,159278235.93683836,148373826.6453936,11083748.003757054,salvador-ISSQN,salvador,ISSQN
2023-05-01,2023-05-01,10,2024-03-01,162189752.8885526,161167613.3710223,11083748.003757054,salvador-ISSQN,salvador,ISSQN
2023-05-01,2023-05-01,11,2024-04-01,170382067.58095023,158994979.23354927,11083748.003757054,salvador-ISSQN,salvador,ISSQN
2023-05-01,2023-05-01,12,2024-05-01,166327769.7078219,161469803.08634865,11083748.003757054,salvador-ISSQN,salvador,ISSQN
2023-06-01,2023-06-01,1,2023-07-01,149804608.7464599,146441579.40977716,11045747.601714704,salvador-ISSQN,salvador,ISSQN
2023-06-01,2023-06-01,2,2023-08-01,158308919.14379752,154079212.7236663,11045747.601714704,salvador-ISSQN,salvador,ISSQN
2023-06-01,2023-06-01,3,2023-09-01,149291086.55814052,171061280.03455454,11045747.601714704,salvador-ISSQN,salvador,ISSQN
2023-06-01,2023-06-01,4,2023-10-01,162466226.3022135,163858126.33101255,11045747.601714704,salvador-ISSQN,salvador,ISSQN
2023-06-01,2023-06-01,5,2023-11-01,163312814.20696488,156216108.02422303,11045747.601714704,salvador-ISSQN,salvador,ISSQN
2023-06-01,2023-06-01,6,2023-12-01,187215660.76514104,184010987.33614755,11045747.601714704,salvador-ISSQN,salvador,ISSQN
2023-06-01,2023-06-01,7,2024-01-01,204327604.53179494,145576572.61217272,11045747.601714704,salvador-ISSQN,salvador,ISSQN
2023-06-01,2023-06-01,8,2024-02-01,159278235.93683836,143251149.5212129,11045747.601714704,salvador-ISSQN,salvador,ISSQN
2023-06-01,2023-06-01,9,2024-03-01,162189752.8885526,156044936.2468416,11045747.601714704,salvador-ISSQN,salvador,ISSQN
2023-06-01,2023-06-01,10,2024-04-01,170382067.58095023,153872302.10936856,11045747.601714704,salvador-ISSQN,salvador,ISSQN
2023-06-01,2023-06-01,11,2024-05-01,166327769.7078219,156347125.96216792,11045747.601714704,salvador-ISSQN,salvador,ISSQN
2023-06-01,2023-06-01,12,2024-06-01,159858497.2817491,158309660.27058244,11045747.601714704,salvador-ISSQN,salvador,ISSQN
2023-07-01,2023-07-01,1,2023-08-01,158308919.14379752,157110720.46099073,11075208.917021073,salvador-ISSQN,salvador,ISSQN
2023-07-01,2023-07-01,2,2023-09-01,149291086.55814052,174092787.77187902,11075208.917021073,salvador-ISSQN,salvador,ISSQN
2023-07-01,2023-07-01,3,2023-10-01,162466226.3022135,166889634.06833696,11075208.917021073,salvador-ISSQN,salvador,ISSQN
2023-07-01,2023-07-01,4,2023-11-01,163312814.20696488,159247615.76154745,11075208.917021073,salvador-ISSQN,salvador,ISSQN
2023-07-01,2023-07-01,5,2023-12-01,187215660.76514104,187042495.07347196,11075208.917021073,salvador-ISSQN,salvador,ISSQN
2023-07-01,2023-07-01,6,2024-01-01,204327604.53179494,148608080.3494972,11075208.917021073,salvador-ISSQN,salvador,ISSQN
2023-07-01,2023-07-01,7,2024-02-01,159278235.93683836,146282657.25853735,11075208.917021073,salvador-ISSQN,salvador,ISSQN
2023-07-01,2023-07-01,8,2024-03-01,162189752.8885526,159076443.98416603,11075208.917021073,salvador-ISSQN,salvador,ISSQN
2023-07-01,2023-07-01,9,2024-04-01,170382067.58095023,156903809.84669298,11075208.917021073,salvador-ISSQN,salvador,ISSQN
2023-07-01,2023-07-01,10,2024-05-01,166327769.7078219,159378633.6994924,11075208.917021073,salvador-ISSQN,salvador,ISSQN
2023-07-01,2023-07-01,11,2024-06-01,159858497.2817491,161341168.0079069,11075208.917021073,salvador-ISSQN,salvador,ISSQN
2023-07-01,2023-07-01,12,2024-07-01,169912894.89976043,163199814.441696,11075208.917021073,salvador-ISSQN,salvador,ISSQN
2023-08-01,2023-08-01,1,2023-09-01,149291086.55814052,174857647.91296154,11113450.17203218,salvador-ISSQN,salvador,ISSQN
2023-08-01,2023-08-01,2,2023-10-01,162466226.3022135,167654494.20941952,11113450.17203218,salvador-ISSQN,salvador,ISSQN
2023-08-01,2023-08-01,3,2023-11-01,163312814.20696488,160012475.90263,11113450.17203218,salvador-ISSQN,salvador,ISSQN
2023-08-01,2023-08-01,4,2023-12-01,187215660.76514104,187807355.21455452,11113450.17203218,salvador-ISSQN,salvador,ISSQN
2023-08-01,2023-08-01,5,2024-01-01,204327604.53179494,149372940.49057972,11113450.17203218,salvador-ISSQN,salvador,ISSQN
2023-08-01,2023-08-01,6,2024-02-01,159278235.93683836,147047517.39961988,11113450.17203218,salvador-ISSQN,salvador,ISSQN
2023-08-01,2023-08-01,7,2024-03-01,162189752.8885526,159841304.12524858,11113450.17203218,salvador-ISSQN,salvador,ISSQN
2023-08-01,2023-08-01,8,2024-04-01,170382067.58095023,157668669.98777553,11113450.17203218,salvador-ISSQN,salvador,ISSQN
2023-08-01,2023-08-01,9,2024-05-01,166327769.7078219,160143493.84057492,11113450.17203218,salvador-ISSQN,salvador,ISSQN
2023-08-01,2023-08-01,10,2024-06-01,159858497.2817491,162106028.14898944,11113450.17203218,salvador-ISSQN,salvador,ISSQN
2023-08-01,2023-08-01,11,2024-07-01,169912894.89976043,163964674.58277854,11113450.17203218,salvador-ISSQN,salvador,ISSQN
2023-08-01,2023-08-01,12,2024-08-01,179459931.33462426,172468984.98011616,11113450.17203218,salvador-ISSQN,salvador,ISSQN
2023-09-01,2023-09-01,1,2023-10-01,162466226.3022135,166889634.06833696,11116601.197263042,salvador-ISSQN,salvador,ISSQN
2023-09-01,2023-09-01,2,2023-11-01,163312814.20696488,159247615.76154745,11116601.197263042,salvador-ISSQN,salvador,ISSQN
2023-09-01,2023-09-01,3,2023-12-01,187215660.76514104,187042495.07347196,11116601.197263042,salvador-ISSQN,salvador,ISSQN
2023-09-01,2023-09-01,4,2024-01-01,204327604.53179494,148608080.3494972,11116601.197263042,salvador-ISSQN,salvador,ISSQN
2023-09-01,2023-09-01,5,2024-02-01,159278235.93683836,146282657.25853735,11116601.197263042,salvador-ISSQN,salvador,ISSQN
2023-09-01,2023-09-01,6,2024-03-01,162189752.8885526,159076443.98416603,11116601.197263042,salvador-ISSQN,salvador,ISSQN
2023-09-01,2023-09-01,7,2024-04-01,170382067.58095023,156903809.84669298,11116601.197263042,salvador-ISSQN,salvador,ISSQN
2023-09-01,2023-09-01,8,2024-05-01,166327769.7078219,159378633.6994924,11116601.197263042,salvador-ISSQN,salvador,ISSQN
2023-09-01,2023-09-01,9,2024-06-01,159858497.2817491,161341168.0079069,11116601.197263042,salvador-ISSQN,salvador,ISSQN
2023-09-01,2023-09-01,10,2024-07-01,169912894.89976043,163199814.441696,11116601.197263042,salvador-ISSQN,salvador,ISSQN
2023-09-01,2023-09-01,11,2024-08-01,179459931.33462426,171704124.8390336,11116601.197263042,salvador-ISSQN,salvador,ISSQN
2023-09-01,2023-09-01,12,2024-09-01,184543486.4872822,162686292.2533766,11116601.197263042,salvador-ISSQN,salvador,ISSQN
2023-10-01,2023-10-01,1,2023-11-01,163312814.20696488,156870151.07880658,11093784.141218888,salvador-ISSQN,salvador,ISSQN
2023-10-01,2023-10-01,2,2023-12-01,187215660.76514104,184665030.3907311,11093784.141218888,salvador-ISSQN,salvador,ISSQN
2023-10-01,2023-10-01,3,2024-01-01,204327604.53179494,146230615.66675627,11093784.141218888,salvador-ISSQN,salvador,ISSQN
2023-10-01,2023-10-01,4,2024-02-01,159278235.93683836,143905192.57579646,11093784.141218888,salvador-ISSQN,salvador,ISSQN
2023-10-01,2023-10-01,5,2024-03-01,162189752.8885526,156698979.30142516,11093784.141218888,salvador-ISSQN,salvador,ISSQN
2023-10-01,2023-10-01,6,2024-04-01,170382067.58095023,154526345.1639521,11093784.141218888,salvador-ISSQN,salvador,ISSQN
2023-10-01,2023-10-01,7,2024-05-01,166327769.7078219,157001169.01675147,11093784.141218888,salvador-ISSQN,salvador,ISSQN
2023-10-01,2023-10-01,8,2024-06-01,159858497.2817491,158963703.325166,11093784.141218888,salvador-ISSQN,salvador,ISSQN
2023-10-01,2023-10-01,9,2024-07-01,169912894.89976043,160822349.75895512,11093784.141218888,salvador-ISSQN,salvador,ISSQN
2023-10-01,2023-10-01,10,2024-08-01,179459931.33462426,169326660.15629274,11093784.141218888,salvador-ISSQN,salvador,ISSQN
2023-10-01,2023-10-01,11,2024-09-01,184543486.4872822,160308827.57063574,11093784.141218888,salvador-ISSQN,salvador,ISSQN
2023-10-01,2023-10-01,12,2024-10-01,179016330.2612471,173483967.3147087,11093784.141218888,salvador-ISSQN,salvador,ISSQN
2023-11-01,2023-11-01,1,2023-12-01,187215660.76514104,187042495.07347196,11160801.193844516,salvador-ISSQN,salvador,ISSQN
2023-11-01,2023-11-01,2,2024-01-01,204327604.53179494,148608080.3494972,11160801.193844516,salvador-ISSQN,salvador,ISSQN
2023-11-01,2023-11-01,3,2024-02-01,159278235.93683836,146282657.25853735,11160801.193844516,salvador-ISSQN,salvador,ISSQN
2023-11-01,2023-11-01,4,2024-03-01,162189752.8885526,159076443.98416603,11160801.193844516,salvador-ISSQN,salvador,ISSQN
2023-11-01,2023-11-01,5,2024-04-01,170382067.58095023,156903809.84669298,11160801.193844516,salvador-ISSQN,salvador,ISSQN
2023-11-01,2023-11-01,6,2024-05-01,166327769.7078219,159378633.6994924,11160801.193844516,salvador-ISSQN,salvador,ISSQN
2023-11-01,2023-11-01,7,2024-06-01,159858497.2817491,161341168.0079069,11160801.193844516,salvador-ISSQN,salvador,ISSQN
2023-11-01,2023-11-01,8,2024-07-01,169912894.89976043,163199814.441696,11160801.193844516,salvador-ISSQN,salvador,ISSQN
2023-11-01,2023-11-01,9,2024-08-01,179459931.33462426,171704124.8390336,11160801.193844516,salvador-ISSQN,salvador,ISSQN
2023-11-01,2023-11-01,10,2024-09-01,184543486.4872822,162686292.2533766,11160801.193844516,salvador-ISSQN,salvador,ISSQN
2023-11-01,2023-11-01,11,2024-10-01,179016330.2612471,175861431.99744958,11160801.193844516,salvador-ISSQN,salvador,ISSQN
2023-11-01,2023-11-01,12,2024-11-01,170272112.29129708,176708019.902201,11160801.193844516,salvador-ISSQN,salvador,ISSQN
2023-12-01,2023-12-01,1,2024-01-01,204327604.53179494,148860423.99501085,11185880.050022231,salvador-ISSQN,salvador,ISSQN
2023-12-01,2023-12-01,2,2024-02-01,159278235.93683836,146535000.90405104,11185880.050022231,salvador-ISSQN,salvador,ISSQN
2023-12-01,2023-12-01,3,2024-03-01,162189752.8885526,159328787.62967974,11185880.050022231,salvador-ISSQN,salvador,ISSQN
2023-12-01,2023-12-01,4,2024-04-01,170382067.58095023,157156153.4922067,11185880.050022231,salvador-ISSQN,salvador,ISSQN
2023-12-01,2023-12-01,5,2024-05-01,166327769.7078219,159630977.34500605,11185880.050022231,salvador-ISSQN,salvador,ISSQN
2023-12-01,2023-12-01,6,2024-06-01,159858497.2817491,161593511.65342057,11185880.050022231,salvador-ISSQN,salvador,ISSQN
2023-12-01,2023-12-01,7,2024-07-01,169912894.89976043,163452158.0872097,11185880.050022231,salvador-ISSQN,salvador,ISSQN
2023-12-01,2023-12-01,8,2024-08-01,179459931.33462426,171956468.48454732,11185880.050022231,salvador-ISSQN,salvador,ISSQN
2023-12-01,2023-12-01,9,2024-09-01,184543486.4872822,162938635.89889032,11185880.050022231,salvador-ISSQN,salvador,ISSQN
2023-12-01,2023-12-01,10,2024-10-01,179016330.2612471,176113775.6429633,11185880.050022231,salvador-ISSQN,salvador,ISSQN
2023-12-01,2023-12-01,11,2024-11-01,170272112.29129708,176960363.54771465,11185880.050022231,salvador-ISSQN,salvador,ISSQN
2023-12-01,2023-12-01,12,2024-12-01,201564378.85060686,200863210.1058908,11185880.050022231,salvador-ISSQN,salvador,ISSQN
2024-01-01,2024-01-01,1,2024-02-01,159278235.93683836,147047517.39961988,11783084.68741926,salvador-ISSQN,salvador,ISSQN
2024-01-01,2024-01-01,2,2024-03-01,162189752.8885526,159841304.12524858,11783084.68741926,salvador-ISSQN,salvador,ISSQN
2024-01-01,2024-01-01,3,2024-04-01,170382067.58095023,157668669.98777553,11783084.68741926,salvador-ISSQN,salvador,ISSQN
2024-01-01,2024-01-01,4,2024-05-01,166327769.7078219,160143493.84057492,11783084.68741926,salvador-ISSQN,salvador,ISSQN
2024-01-01,2024-01-01,5,2024-06-01,159858497.2817491,162106028.14898944,11783084.68741926,salvador-ISSQN,salvador,ISSQN
2024-01-01,2024-01-01,6,2024-07-01,169912894.89976043,163964674.58277854,11783084.68741926,salvador-ISSQN,salvador,ISSQN
2024-01-01,2024-01-01,7,2024-08-01,179459931.33462426,172468984.98011616,11783084.68741926,salvador-ISSQN,salvador,ISSQN
2024-01-01,2024-01-01,8,2024-09-01,184543486.4872822,163451152.39445916,11783084.68741926,salvador-ISSQN,salvador,ISSQN
2024-01-01,2024-01-01,9,2024-10-01,179016330.2612471,176626292.13853213,11783084.68741926,salvador-ISSQN,salvador,ISSQN
2024-01-01,2024-01-01,10,2024-11-01,170272112.29129708,177472880.04328352,11783084.68741926,salvador-ISSQN,salvador,ISSQN
2024-01-01,2024-01-01,11,2024-12-01,201564378.85060686,201375726.60145968,11783084.68741926,salvador-ISSQN,salvador,ISSQN
2024-01-01,2024-01-01,12,2025-01-01,165418720.9248767,218487670.36811358,11783084.68741926,salvador-ISSQN,salvador,ISSQN
2024-02-01,2024-02-01,1,2024-03-01,162189752.8885526,159841304.12524858,11932142.847481687,salvador-ISSQN,salvador,ISSQN
2024-02-01,2024-02-01,2,2024-04-01,170382067.58095023,157668669.98777553,11932142.847481687,salvador-ISSQN,salvador,ISSQN
2024-02-01,2024-02-01,3,2024-05-01,166327769.7078219,160143493.84057492,11932142.847481687,salvador-ISSQN,salvador,ISSQN
2024-02-01,2024-02-01,4,2024-06-01,159858497.2817491,162106028.14898944,11932142.847481687,salvador-ISSQN,salvador,ISSQN
2024-02-01,2024-02-01,5,2024-07-01,169912894.89976043,163964674.58277854,11932142.847481687,salvador-ISSQN,salvador,ISSQN
2024-02-01,2024-02-01,6,2024-08-01,179459931.33462426,172468984.98011616,11932142.847481687,salvador-ISSQN,salvador,ISSQN
2024-02-01,2024-02-01,7,2024-09-01,184543486.4872822,163451152.39445916,11932142.847481687,salvador-ISSQN,salvador,ISSQN
2024-02-01,2024-02-01,8,2024-10-01,179016330.2612471,176626292.13853213,11932142.847481687,salvador-ISSQN,salvador,ISSQN
2024-02-01,2024-02-01,9,2024-11-01,170272112.29129708,177472880.04328352,11932142.847481687,salvador-ISSQN,salvador,ISSQN
2024-02-01,2024-02-01,10,2024-12-01,201564378.85060686,201375726.60145968,11932142.847481687,salvador-ISSQN,salvador,ISSQN
2024-02-01,2024-02-01,11,2025-01-01,165418720.9248767,218487670.36811358,11932142.847481687,salvador-ISSQN,salvador,ISSQN
2024-02-01,2024-02-01,12,2025-02-01,168682440.2340401,173438301.773157,11932142.847481687,salvador-ISSQN,salvador,ISSQN
2024-03-01,2024-03-01,1,2024-04-01,170382067.58095023,157668669.98777553,11978368.82477604,salvador-ISSQN,salvador,ISSQN
2024-03-01,2024-03-01,2,2024-05-01,166327769.7078219,160143493.84057492,11978368.82477604,salvador-ISSQN,salvador,ISSQN
2024-03-01,2024-03-01,3,2024-06-01,159858497.2817491,162106028.14898944,11978368.82477604,salvador-ISSQN,salvador,ISSQN
2024-03-01,2024-03-01,4,2024-07-01,169912894.89976043,163964674.58277854,11978368.82477604,salvador-ISSQN,salvador,ISSQN
2024-03-01,2024-03-01,5,2024-08-01,179459931.33462426,172468984.98011616,11978368.82477604,salvador-ISSQN,salvador,ISSQN
2024-03-01,2024-03-01,6,2024-09-01,184543486.4872822,163451152.39445916,11978368.82477604,salvador-ISSQN,salvador,ISSQN
2024-03-01,2024-03-01,7,2024-10-01,179016330.2612471,176626292.13853213,11978368.82477604,salvador-ISSQN,salvador,ISSQN
2024-03-01,2024-03-01,8,2024-11-01,170272112.29129708,177472880.04328352,11978368.82477604,salvador-ISSQN,salvador,ISSQN
2024-03-01,2024-03-01,9,2024-12-01,201564378.85060686,201375726.60145968,11978368.82477604,salvador-ISSQN,salvador,ISSQN
2024-03-01,2024-03-01,10,2025-01-01,165418720.9248767,218487670.36811358,11978368.82477604,salvador-ISSQN,salvador,ISSQN
2024-03-01,2024-03-01,11,2025-02-01,168682440.2340401,173438301.773157,11978368.82477604,salvador-ISSQN,salvador,ISSQN
2024-03-01,2024-03-01,12,2025-03-01,175688943.8790584,176349818.72487125,11978368.82477604,salvador-ISSQN,salvador,ISSQN
2024-04-01,2024-04-01,1,2024-05-01,166327769.7078219,160143493.84057492,12127319.770823214,salvador-ISSQN,salvador,ISSQN
2024-04-01,2024-04-01,2,2024-06-01,159858497.2817491,162106028.14898944,12127319.770823214,salvador-ISSQN,salvador,ISSQN
2024-04-01,2024-04-01,3,2024-07-01,169912894.89976043,163964674.58277854,12127319.770823214,salvador-ISSQN,salvador,ISSQN
2024-04-01,2024-04-01,4,2024-08-01,179459931.33462426,172468984.98011616,12127319.770823214,salvador-ISSQN,salvador,ISSQN
2024-04-01,2024-04-01,5,2024-09-01,184543486.4872822,163451152.39445916,12127319.770823214,salvador-ISSQN,salvador,ISSQN
2024-04-01,2024-04-01,6,2024-10-01,179016330.2612471,176626292.13853213,12127319.770823214,salvador-ISSQN,salvador,ISSQN
2024-04-01,2024-04-01,7,2024-11-01,170272112.29129708,177472880.04328352,12127319.770823214,salvador-ISSQN,salvador,ISSQN
2024-04-01,2024-04-01,8,2024-12-01,201564378.85060686,201375726.60145968,12127319.770823214,salvador-ISSQN,salvador,ISSQN
2024-04-01,2024-04-01,9,2025-01-01,165418720.9248767,218487670.36811358,12127319.770823214,salvador-ISSQN,salvador,ISSQN
2024-04-01,2024-04-01,10,2025-02-01,168682440.2340401,173438301.773157,12127319.770823214,salvador-ISSQN,salvador,ISSQN
2024-04-01,2024-04-01,11,2025-03-01,175688943.8790584,176349818.72487125,12127319.770823214,salvador-ISSQN,salvador,ISSQN
2024-04-01,2024-04-01,12,2025-04-01,181535033.12456664,184542133.41726887,12127319.770823214,salvador-ISSQN,salvador,ISSQN
2024-05-01,2024-05-01,1,2024-06-01,159858497.2817491,163496921.80150357,12208676.423622644,salvador-ISSQN,salvador,ISSQN
2024-05-01,2024-05-01,2,2024-07-01,169912894.89976043,165355568.23529267,12208676.423622644,salvador-ISSQN,salvador,ISSQN
2024-05-01,2024-05-01,3,2024-08-01,179459931.33462426,173859878.6326303,12208676.423622644,salvador-ISSQN,salvador,ISSQN
2024-05-01,2024-05-01,4,2024-09-01,184543486.4872822,164842046.0469733,12208676.423622644,salvador-ISSQN,salvador,ISSQN
2024-05-01,2024-05-01,5,2024-10-01,179016330.2612471,178017185.79104626,12208676.423622644,salvador-ISSQN,salvador,ISSQN
2024-05-01,2024-05-01,6,2024-11-01,170272112.29129708,178863773.69579765,12208676.423622644,salvador-ISSQN,salvador,ISSQN
2024-05-01,2024-05-01,7,2024-12-01,201564378.85060686,202766620.2539738,12208676.423622644,salvador-ISSQN,salvador,ISSQN
2024-05-01,2024-05-01,8,2025-01-01,165418720.9248767,219878564.0206277,12208676.423622644,salvador-ISSQN,salvador,ISSQN
2024-05-01,2024-05-01,9,2025-02-01,168682440.2340401,174829195.42567113,12208676.423622644,salvador-ISSQN,salvador,ISSQN
2024-05-01,2024-05-01,10,2025-03-01,175688943.8790584,177740712.37738538,12208676.423622644,salvador-ISSQN,salvador,ISSQN
2024-05-01,2024-05-01,11,2025-04-01,181535033.12456664,185933027.069783,12208676.423622644,salvador-ISSQN,salvador,ISSQN
2024-05-01,2024-05-01,12,2025-05-01,181276769.84444195,181878729.19665468,12208676.423622644,salvador-ISSQN,salvador,ISSQN
2024-06-01,2024-06-01,1,2024-07-01,169912894.89976043,165355568.23529267,12205773.076029072,salvador-ISSQN,salvador,ISSQN
2024-06-01,2024-06-01,2,2024-08-01,179459931.33462426,173859878.6326303,12205773.076029072,salvador-ISSQN,salvador,ISSQN
2024-06-01,2024-06-01,3,2024-09-01,184543486.4872822,164842046.0469733,12205773.076029072,salvador-ISSQN,salvador,ISSQN
2024-06-01,2024-06-01,4,2024-10-01,179016330.2612471,178017185.79104626,12205773.076029072,salvador-ISSQN,salvador,ISSQN
2024-06-01,2024-06-01,5,2024-11-01,170272112.29129708,178863773.69579765,12205773.076029072,salvador-ISSQN,salvador,ISSQN
2024-06-01,2024-06-01,6,2024-12-01,201564378.85060686,202766620.2539738,12205773.076029072,salvador-ISSQN,salvador,ISSQN
2024-06-01,2024-06-01,7,2025-01-01,165418720.9248767,219878564.0206277,12205773.076029072,salvador-ISSQN,salvador,ISSQN
2024-06-01,2024-06-01,8,2025-02-01,168682440.2340401,174829195.42567113,12205773.076029072,salvador-ISSQN,salvador,ISSQN
2024-06-01,2024-06-01,9,2025-03-01,175688943.8790584,177740712.37738538,12205773.076029072,salvador-ISSQN,salvador,ISSQN
2024-06-01,2024-06-01,10,2025-04-01,181535033.12456664,185933027.069783,12205773.076029072,salvador-ISSQN,salvador,ISSQN
2024-06-01,2024-06-01,11,2025-05-01,181276769.84444195,181878729.19665468,12205773.076029072,salvador-ISSQN,salvador,ISSQN
2024-06-01,2024-06-01,12,2025-06-01,168323445.51961663,175409456.77058187,12205773.076029072,salvador-ISSQN,salvador,ISSQN
2024-07-01,2024-07-01,1,2024-08-01,179459931.33462426,175293378.51393563,12282496.503963746,salvador-ISSQN,salvador,ISSQN
2024-07-01,2024-07-01,2,2024-09-01,184543486.4872822,166275545.92827863,12282496.503963746,salvador-ISSQN,salvador,ISSQN
2024-07-01,2024-07-01,3,2024-10-01,179016330.2612471,179450685.6723516,12282496.503963746,salvador-ISSQN,salvador,ISSQN
2024-07-01,2024-07-01,4,2024-11-01,170272112.29129708,180297273.57710296,12282496.503963746,salvador-ISSQN,salvador,ISSQN
2024-07-01,2024-07-01,5,2024-12-01,201564378.85060686,204200120.13527912,12282496.503963746,salvador-ISSQN,salvador,ISSQN
2024-07-01,2024-07-01,6,2025-01-01,165418720.9248767,221312063.901933,12282496.503963746,salvador-ISSQN,salvador,ISSQN
2024-07-01,2024-07-01,7,2025-02-01,168682440.2340401,176262695.30697644,12282496.503963746,salvador-ISSQN,salvador,ISSQN
2024-07-01,2024-07-01,8,2025-03-01,175688943.8790584,179174212.2586907,12282496.503963746,salvador-ISSQN,salvador,ISSQN
2024-07-01,2024-07-01,9,2025-04-01,181535033.12456664,187366526.9510883,12282496.503963746,salvador-ISSQN,salvador,ISSQN
2024-07-01,2024-07-01,10,2025-05-01,181276769.84444195,183312229.07796,12282496.503963746,salvador-ISSQN,salvador,ISSQN
2024-07-01,2024-07-01,11,2025-06-01,168323445.51961663,176842956.65188718,12282496.503963746,salvador-ISSQN,salvador,ISSQN
2024-07-01,2024-07-01,12,2025-07-01,172403341.7654783,186897354.26989853,12282496.503963746,salvador-ISSQN,salvador,ISSQN
2024-08-01,2024-08-01,1,2024-09-01,184543486.4872822,168075431.70511752,12367770.693260504,salvador-ISSQN,salvador,ISSQN
2024-08-01,2024-08-01,2,2024-10-01,179016330.2612471,181250571.4491905,12367770.693260504,salvador-ISSQN,salvador,ISSQN
2024-08-01,2024-08-01,3,2024-11-01,170272112.29129708,182097159.35394192,12367770.693260504,salvador-ISSQN,salvador,ISSQN
2024-08-01,2024-08-01,4,2024-12-01,201564378.85060686,206000005.91211808,12367770.693260504,salvador-ISSQN,salvador,ISSQN
2024-08-01,2024-08-01,5,2025-01-01,165418720.9248767,223111949.67877197,12367770.693260504,salvador-ISSQN,salvador,ISSQN
2024-08-01,2024-08-01,6,2025-02-01,168682440.2340401,178062581.0838154,12367770.693260504,salvador-ISSQN,salvador,ISSQN
2024-08-01,2024-08-01,7,2025-03-01,175688943.8790584,180974098.0355296,12367770.693260504,salvador-ISSQN,salvador,ISSQN
2024-08-01,2024-08-01,8,2025-04-01,181535033.12456664,189166412.72792727,12367770.693260504,salvador-ISSQN,salvador,ISSQN
2024-08-01,2024-08-01,9,2025-05-01,181276769.84444195,185112114.8547989,12367770.693260504,salvador-ISSQN,salvador,ISSQN
2024-08-01,2024-08-01,10,2025-06-01,168323445.51961663,178642842.42872614,12367770.693260504,salvador-ISSQN,salvador,ISSQN
2024-08-01,2024-08-01,11,2025-07-01,172403341.7654783,188697240.04673743,12367770.693260504,salvador-ISSQN,salvador,ISSQN
2024-08-01,2024-08-01,12,2025-08-01,184564790.1691121,198244276.4816013,12367770.693260504,salvador-ISSQN,salvador,ISSQN
2024-09-01,2024-09-01,1,2024-10-01,179016330.2612471,182692540.23064655,12585719.543126041,salvador-ISSQN,salvador,ISSQN
2024-09-01,2024-09-01,2,2024-11-01,170272112.29129708,183539128.13539797,12585719.543126041,salvador-ISSQN,salvador,ISSQN
2024-09-01,2024-09-01,3,2024-12-01,201564378.85060686,207441974.69357413,12585719.543126041,salvador-ISSQN,salvador,ISSQN
2024-09-01,2024-09-01,4,2025-01-01,165418720.9248767,224553918.46022803,12585719.543126041,salvador-ISSQN,salvador,ISSQN
2024-09-01,2024-09-01,5,2025-02-01,168682440.2340401,179504549.86527145,12585719.543126041,salvador-ISSQN,salvador,ISSQN
2024-09-01,2024-09-01,6,2025-03-01,175688943.8790584,182416066.81698567,12585719.543126041,salvador-ISSQN,salvador,ISSQN
2024-09-01,2024-09-01,7,2025-04-01,181535033.12456664,190608381.50938332,12585719.543126041,salvador-ISSQN,salvador,ISSQN
2024-09-01,2024-09-01,8,2025-05-01,181276769.84444195,186554083.63625497,12585719.543126041,salvador-ISSQN,salvador,ISSQN
2024-09-01,2024-09-01,9,2025-06-01,168323445.51961663,180084811.2101822,12585719.543126041,salvador-ISSQN,salvador,ISSQN
2024-09-01,2024-09-01,10,2025-07-01,172403341.7654783,190139208.8281935,12585719.543126041,salvador-ISSQN,salvador,ISSQN
2024-09-01,2024-09-01,11,2025-08-01,184564790.1691121,199686245.26305735,12585719.543126041,salvador-ISSQN,salvador,ISSQN
2024-09-01,2024-09-01,12,2025-09-01,187039213.58700693,204769800.41571528,12585719.543126041,salvador-ISSQN,salvador,ISSQN
2024-10-01,2024-10-01,1,2024-11-01,170272112.29129708,183539128.13539797,12623119.3961063,salvador-ISSQN,salvador,ISSQN
2024-10-01,2024-10-01,2,2024-12-01,201564378.85060686,207441974.69357413,12623119.3961063,salvador-ISSQN,salvador,ISSQN
2024-10-01,2024-10-01,3,2025-01-01,165418720.9248767,224553918.46022803,12623119.3961063,salvador-ISSQN,salvador,ISSQN
2024-10-01,2024-10-01,4,2025-02-01,168682440.2340401,179504549.86527145,12623119.3961063,salvador-ISSQN,salvador,ISSQN
2024-10-01,2024-10-01,5,2025-03-01,175688943.8790584,182416066.81698567,12623119.3961063,salvador-ISSQN,salvador,ISSQN
2024-10-01,2024-10-01,6,2025-04-01,181535033.12456664,190608381.50938332,12623119.3961063,salvador-ISSQN,salvador,ISSQN
2024-10-01,2024-10-01,7,2025-05-01,181276769.84444195,186554083.63625497,12623119.3961063,salvador-ISSQN,salvador,ISSQN
2024-10-01,2024-10-01,8,2025-06-01,168323445.51961663,180084811.2101822,12623119.3961063,salvador-ISSQN,salvador,ISSQN
2024-10-01,2024-10-01,9,2025-07-01,172403341.7654783,190139208.8281935,12623119.3961063,salvador-ISSQN,salvador,ISSQN
2024-10-01,2024-10-01,10,2025-08-01,184564790.1691121,199686245.26305735,12623119.3961063,salvador-ISSQN,salvador,ISSQN
2024-10-01,2024-10-01,11,2025-09-01,187039213.58700693,204769800.41571528,12623119.3961063,salvador-ISSQN,salvador,ISSQN
2024-10-01,2024-10-01,12,2025-10-01,195235211.1399195,199242644.18968016,12623119.3961063,salvador-ISSQN,salvador,ISSQN
2024-11-01,2024-11-01,1,2024-12-01,201564378.85060686,207441974.69357413,12570186.486650469,salvador-ISSQN,salvador,ISSQN
2024-11-01,2024-11-01,2,2025-01-01,165418720.9248767,224553918.46022803,12570186.486650469,salvador-ISSQN,salvador,ISSQN
2024-11-01,2024-11-01,3,2025-02-01,168682440.2340401,179504549.86527145,12570186.486650469,salvador-ISSQN,salvador,ISSQN
2024-11-01,2024-11-01,4,2025-03-01,175688943.8790584,182416066.81698567,12570186.486650469,salvador-ISSQN,salvador,ISSQN
2024-11-01,2024-11-01,5,2025-04-01,181535033.12456664,190608381.50938332,12570186.486650469,salvador-ISSQN,salvador,ISSQN
2024-11-01,2024-11-01,6,2025-05-01,181276769.84444195,186554083.63625497,12570186.486650469,salvador-ISSQN,salvador,ISSQN
2024-11-01,2024-11-01,7,2025-06-01,168323445.51961663,180084811.2101822,12570186.486650469,salvador-ISSQN,salvador,ISSQN
2024-11-01,2024-11-01,8,2025-07-01,172403341.7654783,190139208.8281935,12570186.486650469,salvador-ISSQN,salvador,ISSQN
2024-11-01,2024-11-01,9,2025-08-01,184564790.1691121,199686245.26305735,12570186.486650469,salvador-ISSQN,salvador,ISSQN
2024-11-01,2024-11-01,10,2025-09-01,187039213.58700693,204769800.41571528,12570186.486650469,salvador-ISSQN,salvador,ISSQN
2024-11-01,2024-11-01,11,2025-10-01,195235211.1399195,199242644.18968016,12570186.486650469,salvador-ISSQN,salvador,ISSQN
2024-11-01,2024-11-01,12,2025-11-01,192262765.6760926,190498426.21973014,12570186.486650469,salvador-ISSQN,salvador,ISSQN
2024-12-01,2024-12-01,1,2025-01-01,165418720.9248767,224553918.46022803,12586654.371824685,salvador-ISSQN,salvador,ISSQN
2024-12-01,2024-12-01,2,2025-02-01,168682440.2340401,179504549.86527145,12586654.371824685,salvador-ISSQN,salvador,ISSQN
2024-12-01,2024-12-01,3,2025-03-01,175688943.8790584,182416066.81698567,12586654.371824685,salvador-ISSQN,salvador,ISSQN
2024-12-01,2024-12-01,4,2025-04-01,181535033.12456664,190608381.50938332,12586654.371824685,salvador-ISSQN,salvador,ISSQN
2024-12-01,2024-12-01,5,2025-05-01,181276769.84444195,186554083.63625497,12586654.371824685,salvador-ISSQN,salvador,ISSQN
2024-12-01,2024-12-01,6,2025-06-01,168323445.51961663,180084811.2101822,12586654.371824685,salvador-ISSQN,salvador,ISSQN
2024-12-01,2024-12-01,7,2025-07-01,172403341.7654783,190139208.8281935,12586654.371824685,salvador-ISSQN,salvador,ISSQN
2024-12-01,2024-12-01,8,2025-08-01,184564790.1691121,199686245.26305735,12586654.371824685,salvador-ISSQN,salvador,ISSQN
2024-12-01,2024-12-01,9,2025-09-01,187039213.58700693,204769800.41571528,12586654.371824685,salvador-ISSQN,salvador,ISSQN
2024-12-01,2024-12-01,10,2025-10-01,195235211.1399195,199242644.18968016,12586654.371824685,salvador-ISSQN,salvador,ISSQN
2024-12-01,2024-12-01,11,2025-11-01,192262765.6760926,190498426.21973014,12586654.371824685,salvador-ISSQN,salvador,ISSQN
2024-12-01,2024-12-01,12,2025-12-01,211689477.99,221790692.77903992,12586654.371824685,salvador-ISSQN,salvador,ISSQN
2025-01-01,2025-01-01,1,2025-02-01,168682440.2340401,177607430.99300542,12828142.71343105,salvador-ISSQN,salvador,ISSQN
2025-01-01,2025-01-01,2,2025-03-01,175688943.8790584,180518947.94471967,12828142.71343105,salvador-ISSQN,salvador,ISSQN
2025-01-01,2025-01-01,3,2025-04-01,181535033.12456664,188711262.6371173,12828142.71343105,salvador-ISSQN,salvador,ISSQN
2025-01-01,2025-01-01,4,2025-05-01,181276769.84444195,184656964.76398897,12828142.71343105,salvador-ISSQN,salvador,ISSQN
2025-01-01,2025-01-01,5,2025-06-01,168323445.51961663,178187692.33791617,12828142.71343105,salvador-ISSQN,salvador,ISSQN
2025-01-01,2025-01-01,6,2025-07-01,172403341.7654783,188242089.9559275,12828142.71343105,salvador-ISSQN,salvador,ISSQN
2025-01-01,2025-01-01,7,2025-08-01,184564790.1691121,197789126.39079133,12828142.71343105,salvador-ISSQN,salvador,ISSQN
2025-01-01,2025-01-01,8,2025-09-01,187039213.58700693,202872681.54344925,12828142.71343105,salvador-ISSQN,salvador,ISSQN
2025-01-01,2025-01-01,9,2025-10-01,195235211.1399195,197345525.31741416,12828142.71343105,salvador-ISSQN,salvador,ISSQN
2025-01-01,2025-01-01,10,2025-11-01,192262765.6760926,188601307.34746414,12828142.71343105,salvador-ISSQN,salvador,ISSQN
2025-01-01,2025-01-01,11,2025-12-01,211689477.99,219893573.90677392,12828142.71343105,salvador-ISSQN,salvador,ISSQN
2025-02-01,2025-02-01,1,2025-03-01,175688943.8790584,178719062.16788074,12797016.00055624,salvador-ISSQN,salvador,ISSQN
2025-02-01,2025-02-01,2,2025-04-01,181535033.12456664,186911376.86027837,12797016.00055624,salvador-ISSQN,salvador,ISSQN
2025-02-01,2025-02-01,3,2025-05-01,181276769.84444195,182857078.98715004,12797016.00055624,salvador-ISSQN,salvador,ISSQN
2025-02-01,2025-02-01,4,2025-06-01,168323445.51961663,176387806.56107724,12797016.00055624,salvador-ISSQN,salvador,ISSQN
2025-02-01,2025-02-01,5,2025-07-01,172403341.7654783,186442204.17908856,12797016.00055624,salvador-ISSQN,salvador,ISSQN
2025-02-01,2025-02-01,6,2025-08-01,184564790.1691121,195989240.6139524,12797016.00055624,salvador-ISSQN,salvador,ISSQN
2025-02-01,2025-02-01,7,2025-09-01,187039213.58700693,201072795.76661032,12797016.00055624,salvador-ISSQN,salvador,ISSQN
2025-02-01,2025-02-01,8,2025-10-01,195235211.1399195,195545639.54057524,12797016.00055624,salvador-ISSQN,salvador,ISSQN
2025-02-01,2025-02-01,9,2025-11-01,192262765.6760926,186801421.57062522,12797016.00055624,salvador-ISSQN,salvador,ISSQN
2025-02-01,2025-02-01,10,2025-12-01,211689477.99,218093688.129935,12797016.00055624,salvador-ISSQN,salvador,ISSQN
2025-03-01,2025-03-01,1,2025-04-01,181535033.12456664,185831478.60319996,12803341.901366595,salvador-ISSQN,salvador,ISSQN
2025-03-01,2025-03-01,2,2025-05-01,181276769.84444195,181777180.7300716,12803341.901366595,salvador-ISSQN,salvador,ISSQN
2025-03-01,2025-03-01,3,2025-06-01,168323445.51961663,175307908.30399883,12803341.901366595,salvador-ISSQN,salvador,ISSQN
2025-03-01,2025-03-01,4,2025-07-01,172403341.7654783,185362305.92201012,12803341.901366595,salvador-ISSQN,salvador,ISSQN
2025-03-01,2025-03-01,5,2025-08-01,184564790.1691121,194909342.356874,12803341.901366595,salvador-ISSQN,salvador,ISSQN
2025-03-01,2025-03-01,6,2025-09-01,187039213.58700693,199992897.50953192,12803341.901366595,salvador-ISSQN,salvador,ISSQN
2025-03-01,2025-03-01,7,2025-10-01,195235211.1399195,194465741.2834968,12803341.901366595,salvador-ISSQN,salvador,ISSQN
2025-03-01,2025-03-01,8,2025-11-01,192262765.6760926,185721523.31354678,12803341.901366595,salvador-ISSQN,salvador,ISSQN
2025-03-01,2025-03-01,9,2025-12-01,211689477.99,217013789.87285656,12803341.901366595,salvador-ISSQN,salvador,ISSQN
2025-04-01,2025-04-01,1,2025-05-01,181276769.84444195,180251724.2458077,12788606.398172393,salvador-ISSQN,salvador,ISSQN
2025-04-01,2025-04-01,2,2025-06-01,168323445.51961663,173782451.8197349,12788606.398172393,salvador-ISSQN,salvador,ISSQN
2025-04-01,2025-04-01,3,2025-07-01,172403341.7654783,183836849.43774623,12788606.398172393,salvador-ISSQN,salvador,ISSQN
2025-04-01,2025-04-01,4,2025-08-01,184564790.1691121,193383885.87261006,12788606.398172393,salvador-ISSQN,salvador,ISSQN
2025-04-01,2025-04-01,5,2025-09-01,187039213.58700693,198467441.025268,12788606.398172393,salvador-ISSQN,salvador,ISSQN
2025-04-01,2025-04-01,6,2025-10-01,195235211.1399195,192940284.7992329,12788606.398172393,salvador-ISSQN,salvador,ISSQN
2025-04-01,2025-04-01,7,2025-11-01,192262765.6760926,184196066.82928288,12788606.398172393,salvador-ISSQN,salvador,ISSQN
2025-04-01,2025-04-01,8,2025-12-01,211689477.99,215488333.38859266,12788606.398172393,salvador-ISSQN,salvador,ISSQN
2025-05-01,2025-05-01,1,2025-06-01,168323445.51961663,173782451.8197349,12807724.926831223,salvador-ISSQN,salvador,ISSQN
2025-05-01,2025-05-01,2,2025-07-01,172403341.7654783,183836849.43774623,12807724.926831223,salvador-ISSQN,salvador,ISSQN
2025-05-01,2025-05-01,3,2025-08-01,184564790.1691121,193383885.87261006,12807724.926831223,salvador-ISSQN,salvador,ISSQN
2025-05-01,2025-05-01,4,2025-09-01,187039213.58700693,198467441.025268,12807724.926831223,salvador-ISSQN,salvador,ISSQN
2025-05-01,2025-05-01,5,2025-10-01,195235211.1399195,192940284.7992329,12807724.926831223,salvador-ISSQN,salvador,ISSQN
2025-05-01,2025-05-01,6,2025-11-01,192262765.6760926,184196066.82928288,12807724.926831223,salvador-ISSQN,salvador,ISSQN
2025-05-01,2025-05-01,7,2025-12-01,211689477.99,215488333.38859266,12807724.926831223,salvador-ISSQN,salvador,ISSQN
2025-06-01,2025-06-01,1,2025-07-01,172403341.7654783,183836849.43774623,12769630.394471891,salvador-ISSQN,salvador,ISSQN
2025-06-01,2025-06-01,2,2025-08-01,184564790.1691121,193383885.87261006,12769630.394471891,salvador-ISSQN,salvador,ISSQN
2025-06-01,2025-06-01,3,2025-09-01,187039213.58700693,198467441.025268,12769630.394471891,salvador-ISSQN,salvador,ISSQN
2025-06-01,2025-06-01,4,2025-10-01,195235211.1399195,192940284.7992329,12769630.394471891,salvador-ISSQN,salvador,ISSQN
2025-06-01,2025-06-01,5,2025-11-01,192262765.6760926,184196066.82928288,12769630.394471891,salvador-ISSQN,salvador,ISSQN
2025-06-01,2025-06-01,6,2025-12-01,211689477.99,215488333.38859266,12769630.394471891,salvador-ISSQN,salvador,ISSQN
2025-07-01,2025-07-01,1,2025-08-01,184564790.1691121,191786009.60168535,12680246.18987403,salvador-ISSQN,salvador,ISSQN
2025-07-01,2025-07-01,2,2025-09-01,187039213.58700693,196869564.75434327,12680246.18987403,salvador-ISSQN,salvador,ISSQN
2025-07-01,2025-07-01,3,2025-10-01,195235211.1399195,191342408.5283082,12680246.18987403,salvador-ISSQN,salvador,ISSQN
2025-07-01,2025-07-01,4,2025-11-01,192262765.6760926,182598190.5583582,12680246.18987403,salvador-ISSQN,salvador,ISSQN
2025-07-01,2025-07-01,5,2025-12-01,211689477.99,213890457.11766797,12680246.18987403,salvador-ISSQN,salvador,ISSQN
2025-08-01,2025-08-01,1,2025-09-01,187039213.58700693,194822071.40769127,12614941.126465531,salvador-ISSQN,salvador,ISSQN
2025-08-01,2025-08-01,2,2025-10-01,195235211.1399195,189294915.18165618,12614941.126465531,salvador-ISSQN,salvador,ISSQN
2025-08-01,2025-08-01,3,2025-11-01,192262765.6760926,180550697.21170616,12614941.126465531,salvador-ISSQN,salvador,ISSQN
2025-08-01,2025-08-01,4,2025-12-01,211689477.99,211842963.77101594,12614941.126465531,salvador-ISSQN,salvador,ISSQN
2025-09-01,2025-09-01,1,2025-10-01,195235211.1399195,187950906.52878174,12528452.117689969,salvador-ISSQN,salvador,ISSQN
2025-09-01,2025-09-01,2,2025-11-01,192262765.6760926,179206688.55883172,12528452.117689969,salvador-ISSQN,salvador,ISSQN
2025-09-01,2025-09-01,3,2025-12-01,211689477.99,210498955.1181415,12528452.117689969,salvador-ISSQN,salvador,ISSQN
2025-10-01,2025-10-01,1,2025-11-01,192262765.6760926,179206688.55883172,12559726.937698293,salvador-ISSQN,salvador,ISSQN
2025-10-01,2025-10-01,2,2025-12-01,211689477.99,210498955.1181415,12559726.937698293,salvador-ISSQN,salvador,ISSQN
2025-11-01,2025-11-01,1,2025-12-01,211689477.99,211842963.77101594,12638978.420447009,salvador-ISSQN,salvador,ISSQN
2020-12-01,2020-12-01,1,2021-01-01,5574464.266987887,3933226.1389042092,9834237.621829418,camacari-IPTU,camacari,IPTU
2020-12-01,2020-12-01,2,2021-02-01,6895054.255048427,4855124.765185743,9834237.621829418,camacari-IPTU,camacari,IPTU
2020-12-01,2020-12-01,3,2021-03-01,112702246.07639827,42987088.09159951,9834237.621829418,camacari-IPTU,camacari,IPTU
2020-12-01,2020-12-01,4,2021-04-01,19209490.334815037,53567151.98195692,9834237.621829418,camacari-IPTU,camacari,IPTU
2020-12-01,2020-12-01,5,2021-05-01,26237779.75309817,11216425.210551858,9834237.621829418,camacari-IPTU,camacari,IPTU
2020-12-01,2020-12-01,6,2021-06-01,6780175.600741205,6833731.660185473,9834237.621829418,camacari-IPTU,camacari,IPTU
2020-12-01,2020-12-01,7,2021-07-01,8409795.03666179,7126817.7318658335,9834237.621829418,camacari-IPTU,camacari,IPTU
2020-12-01,2020-12-01,8,2021-08-01,8180263.29398786,7754777.092185151,9834237.621829418,camacari-IPTU,camacari,IPTU
2020-12-01,2020-12-01,9,2021-09-01,7259633.949597636,7033177.144075765,9834237.621829418,camacari-IPTU,camacari,IPTU
2020-12-01,2020-12-01,10,2021-10-01,9096487.604462316,8534769.682726953,9834237.621829418,camacari-IPTU,camacari,IPTU
2020-12-01,2020-12-01,11,2021-11-01,7282535.99270146,7645657.296550542,9834237.621829418,camacari-IPTU,camacari,IPTU
2020-12-01,2020-12-01,12,2021-12-01,7197779.503408926,14654380.599665826,9834237.621829418,camacari-IPTU,camacari,IPTU
2021-01-01,2021-01-01,1,2021-02-01,6895054.255048427,4855124.765185743,9688977.182049995,camacari-IPTU,camacari,IPTU
2021-01-01,2021-01-01,2,2021-03-01,112702246.07639827,42987088.09159951,9688977.182049995,camacari-IPTU,camacari,IPTU
2021-01-01,2021-01-01,3,2021-04-01,19209490.334815037,53567151.98195692,9688977.182049995,camacari-IPTU,camacari,IPTU
2021-01-01,2021-01-01,4,2021-05-01,26237779.75309817,11216425.210551858,9688977.182049995,camacari-IPTU,camacari,IPTU
2021-01-01,2021-01-01,5,2021-06-01,6780175.600741205,6833731.660185473,9688977.182049995,camacari-IPTU,camacari,IPTU
2021-01-01,2021-01-01,6,2021-07-01,8409795.03666179,7126817.7318658335,9688977.182049995,camacari-IPTU,camacari,IPTU
2021-01-01,2021-01-01,7,2021-08-01,8180263.29398786,7754777.092185151,9688977.182049995,camacari-IPTU,camacari,IPTU
2021-01-01,2021-01-01,8,2021-09-01,7259633.949597636,7033177.144075765,9688977.182049995,camacari-IPTU,camacari,IPTU
2021-01-01,2021-01-01,9,2021-10-01,9096487.604462316,8534769.682726953,9688977.182049995,camacari-IPTU,camacari,IPTU
2021-01-01,2021-01-01,10,2021-11-01,7282535.99270146,7645657.296550542,9688977.182049995,camacari-IPTU,camacari,IPTU
2021-01-01,2021-01-01,11,2021-12-01,7197779.503408926,14654380.599665826,9688977.182049995,camacari-IPTU,camacari,IPTU
2021-01-01,2021-01-01,12,2022-01-01,4837683.587523954,4906576.934188846,9688977.182049995,camacari-IPTU,camacari,IPTU
2021-02-01,2021-02-01,1,2021-03-01,112702246.07639827,42987088.09159951,9554833.068743763,camacari-IPTU,camacari,IPTU
2021-02-01,2021-02-01,2,2021-04-01,19209490.334815037,53567151.98195692,9554833.068743763,camacari-IPTU,camacari,IPTU
2021-02-01,2021-02-01,3,2021-05-01,26237779.75309817,11216425.210551858,9554833.068743763,camacari-IPTU,camacari,IPTU
2021-02-01,2021-02-01,4,2021-06-01,6780175.600741205,6833731.660185473,9554833.068743763,camacari-IPTU,camacari,IPTU
2021-02-01,2021-02-01,5,2021-07-01,8409795.03666179,7126817.7318658335,9554833.068743763,camacari-IPTU,camacari,IPTU
2021-02-01,2021-02-01,6,2021-08-01,8180263.29398786,7754777.092185151,9554833.068743763,camacari-IPTU,camacari,IPTU
2021-02-01,2021-02-01,7,2021-09-01,7259633.949597636,7033177.144075765,9554833.068743763,camacari-IPTU,camacari,IPTU
2021-02-01,2021-02-01,8,2021-10-01,9096487.604462316,8534769.682726953,9554833.068743763,camacari-IPTU,camacari,IPTU
2021-02-01,2021-02-01,9,2021-11-01,7282535.99270146,7645657.296550542,9554833.068743763,camacari-IPTU,camacari,IPTU
2021-02-01,2021-02-01,10,2021-12-01,7197779.503408926,14654380.599665826,9554833.068743763,camacari-IPTU,camacari,IPTU
2021-02-01,2021-02-01,11,2022-01-01,4837683.587523954,4906576.934188846,9554833.068743763,camacari-IPTU,camacari,IPTU
2021-02-01,2021-02-01,12,2022-02-01,10747333.805839347,6227166.922249385,9554833.068743763,camacari-IPTU,camacari,IPTU
2021-03-01,2021-03-01,1,2021-04-01,19209490.334815037,53567151.98195692,10499157.47482719,camacari-IPTU,camacari,IPTU
2021-03-01,2021-03-01,2,2021-05-01,26237779.75309817,11216425.210551858,10499157.47482719,camacari-IPTU,camacari,IPTU
2021-03-01,2021-03-01,3,2021-06-01,6780175.600741205,6833731.660185473,10499157.47482719,camacari-IPTU,camacari,IPTU
2021-03-01,2021-03-01,4,2021-07-01,8409795.03666179,7126817.7318658335,10499157.47482719,camacari-IPTU,camacari,IPTU
2021-03-01,2021-03-01,5,2021-08-01,8180263.29398786,7754777.092185151,10499157.47482719,camacari-IPTU,camacari,IPTU
2021-03-01,2021-03-01,6,2021-09-01,7259633.949597636,7033177.144075765,10499157.47482719,camacari-IPTU,camacari,IPTU
2021-03-01,2021-03-01,7,2021-10-01,9096487.604462316,8534769.682726953,10499157.47482719,camacari-IPTU,camacari,IPTU
2021-03-01,2021-03-01,8,2021-11-01,7282535.99270146,7645657.296550542,10499157.47482719,camacari-IPTU,camacari,IPTU
2021-03-01,2021-03-01,9,2021-12-01,7197779.503408926,14654380.599665826,10499157.47482719,camacari-IPTU,camacari,IPTU
2021-03-01,2021-03-01,10,2022-01-01,4837683.587523954,4906576.934188846,10499157.47482719,camacari-IPTU,camacari,IPTU
2021-03-01,2021-03-01,11,2022-02-01,10747333.805839347,6227166.922249385,10499157.47482719,camacari-IPTU,camacari,IPTU
2021-03-01,2021-03-01,12,2022-03-01,127432797.50553215,112034358.74359922,10499157.47482719,camacari-IPTU,camacari,IPTU
2021-04-01,2021-04-01,1,2021-05-01,26237779.75309817,11216425.210551858,10882382.342094596,camacari-IPTU,camacari,IPTU
2021-04-01,2021-04-01,2,2021-06-01,6780175.600741205,6833731.660185473,10882382.342094596,camacari-IPTU,camacari,IPTU
2021-04-01,2021-04-01,3,2021-07-01,8409795.03666179,7126817.7318658335,10882382.342094596,camacari-IPTU,camacari,IPTU
2021-04-01,2021-04-01,4,2021-08-01,8180263.29398786,7754777.092185151,10882382.342094596,camacari-IPTU,camacari,IPTU
2021-04-01,2021-04-01,5,2021-09-01,7259633.949597636,7033177.144075765,10882382.342094596,camacari-IPTU,camacari,IPTU
2021-04-01,2021-04-01,6,2021-10-01,9096487.604462316,8534769.682726953,10882382.342094596,camacari-IPTU,camacari,IPTU
2021-04-01,2021-04-01,7,2021-11-01,7282535.99270146,7645657.296550542,10882382.342094596,camacari-IPTU,camacari,IPTU
2021-04-01,2021-04-01,8,2021-12-01,7197779.503408926,14654380.599665826,10882382.342094596,camacari-IPTU,camacari,IPTU
2021-04-01,2021-04-01,9,2022-01-01,4837683.587523954,4906576.934188846,10882382.342094596,camacari-IPTU,camacari,IPTU
2021-04-01,2021-04-01,10,2022-02-01,10747333.805839347,6227166.922249385,10882382.342094596,camacari-IPTU,camacari,IPTU
2021-04-01,2021-04-01,11,2022-03-01,127432797.50553215,112034358.74359922,10882382.342094596,camacari-IPTU,camacari,IPTU
2021-04-01,2021-04-01,12,2022-04-01,40453619.22855426,18541603.002015993,10882382.342094596,camacari-IPTU,camacari,IPTU
2021-05-01,2021-05-01,1,2021-06-01,6780175.600741205,6833731.660185473,10935783.647750793,camacari-IPTU,camacari,IPTU
2021-05-01,2021-05-01,2,2021-07-01,8409795.03666179,7126817.7318658335,10935783.647750793,camacari-IPTU,camacari,IPTU
2021-05-01,2021-05-01,3,2021-08-01,8180263.29398786,7754777.092185151,10935783.647750793,camacari-IPTU,camacari,IPTU
2021-05-01,2021-05-01,4,2021-09-01,7259633.949597636,7033177.144075765,10935783.647750793,camacari-IPTU,camacari,IPTU
2021-05-01,2021-05-01,5,2021-10-01,9096487.604462316,8534769.682726953,10935783.647750793,camacari-IPTU,camacari,IPTU
2021-05-01,2021-05-01,6,2021-11-01,7282535.99270146,7645657.296550542,10935783.647750793,camacari-IPTU,camacari,IPTU
2021-05-01,2021-05-01,7,2021-12-01,7197779.503408926,14654380.599665826,10935783.647750793,camacari-IPTU,camacari,IPTU
2021-05-01,2021-05-01,8,2022-01-01,4837683.587523954,4906576.934188846,10935783.647750793,camacari-IPTU,camacari,IPTU
2021-05-01,2021-05-01,9,2022-02-01,10747333.805839347,6227166.922249385,10935783.647750793,camacari-IPTU,camacari,IPTU
2021-05-01,2021-05-01,10,2022-03-01,127432797.50553215,112034358.74359922,10935783.647750793,camacari-IPTU,camacari,IPTU
2021-05-01,2021-05-01,11,2022-04-01,40453619.22855426,18541603.002015993,10935783.647750793,camacari-IPTU,camacari,IPTU
2021-05-01,2021-05-01,12,2022-05-01,21962579.319788303,25569892.420299128,10935783.647750793,camacari-IPTU,camacari,IPTU
2021-06-01,2021-06-01,1,2021-07-01,8409795.03666179,6956866.633881416,10781020.91660674,camacari-IPTU,camacari,IPTU
2021-06-01,2021-06-01,2,2021-08-01,8180263.29398786,7584825.9942007335,10781020.91660674,camacari-IPTU,camacari,IPTU
2021-06-01,2021-06-01,3,2021-09-01,7259633.949597636,6863226.046091348,10781020.91660674,camacari-IPTU,camacari,IPTU
2021-06-01,2021-06-01,4,2021-10-01,9096487.604462316,8364818.584742536,10781020.91660674,camacari-IPTU,camacari,IPTU
2021-06-01,2021-06-01,5,2021-11-01,7282535.99270146,7475706.198566125,10781020.91660674,camacari-IPTU,camacari,IPTU
2021-06-01,2021-06-01,6,2021-12-01,7197779.503408926,14484429.50168141,10781020.91660674,camacari-IPTU,camacari,IPTU
2021-06-01,2021-06-01,7,2022-01-01,4837683.587523954,4736625.836204428,10781020.91660674,camacari-IPTU,camacari,IPTU
2021-06-01,2021-06-01,8,2022-02-01,10747333.805839347,6057215.824264968,10781020.91660674,camacari-IPTU,camacari,IPTU
2021-06-01,2021-06-01,9,2022-03-01,127432797.50553215,111864407.6456148,10781020.91660674,camacari-IPTU,camacari,IPTU
2021-06-01,2021-06-01,10,2022-04-01,40453619.22855426,18371651.90403158,10781020.91660674,camacari-IPTU,camacari,IPTU
2021-06-01,2021-06-01,11,2022-05-01,21962579.319788303,25399941.322314713,10781020.91660674,camacari-IPTU,camacari,IPTU
2021-06-01,2021-06-01,12,2022-06-01,12354716.21055757,5942337.169957746,10781020.91660674,camacari-IPTU,camacari,IPTU
2021-07-01,2021-07-01,1,2021-08-01,8180263.29398786,8369487.714860995,10629290.604000622,camacari-IPTU,camacari,IPTU
2021-07-01,2021-07-01,2,2021-09-01,7259633.949597636,7647887.76675161,10629290.604000622,camacari-IPTU,camacari,IPTU
2021-07-01,2021-07-01,3,2021-10-01,9096487.604462316,9149480.305402797,10629290.604000622,camacari-IPTU,camacari,IPTU
2021-07-01,2021-07-01,4,2021-11-01,7282535.99270146,8260367.919226387,10629290.604000622,camacari-IPTU,camacari,IPTU
2021-07-01,2021-07-01,5,2021-12-01,7197779.503408926,15269091.222341672,10629290.604000622,camacari-IPTU,camacari,IPTU
2021-07-01,2021-07-01,6,2022-01-01,4837683.587523954,5521287.55686469,10629290.604000622,camacari-IPTU,camacari,IPTU
2021-07-01,2021-07-01,7,2022-02-01,10747333.805839347,6841877.54492523,10629290.604000622,camacari-IPTU,camacari,IPTU
2021-07-01,2021-07-01,8,2022-03-01,127432797.50553215,112649069.36627507,10629290.604000622,camacari-IPTU,camacari,IPTU
2021-07-01,2021-07-01,9,2022-04-01,40453619.22855426,19156313.62469184,10629290.604000622,camacari-IPTU,camacari,IPTU
2021-07-01,2021-07-01,10,2022-05-01,21962579.319788303,26184603.042974975,10629290.604000622,camacari-IPTU,camacari,IPTU
2021-07-01,2021-07-01,11,2022-06-01,12354716.21055757,6726998.890618008,10629290.604000622,camacari-IPTU,camacari,IPTU
2021-07-01,2021-07-01,12,2022-07-01,17752542.53971789,8356618.3265385935,10629290.604000622,camacari-IPTU,camacari,IPTU
2021-08-01,2021-08-01,1,2021-09-01,7259633.949597636,7887408.897375098,10476542.229397617,camacari-IPTU,camacari,IPTU
2021-08-01,2021-08-01,2,2021-10-01,9096487.604462316,9389001.436026286,10476542.229397617,camacari-IPTU,camacari,IPTU
2021-08-01,2021-08-01,3,2021-11-01,7282535.99270146,8499889.049849875,10476542.229397617,camacari-IPTU,camacari,IPTU
2021-08-01,2021-08-01,4,2021-12-01,7197779.503408926,15508612.35296516,10476542.229397617,camacari-IPTU,camacari,IPTU
2021-08-01,2021-08-01,5,2022-01-01,4837683.587523954,5760808.687488179,10476542.229397617,camacari-IPTU,camacari,IPTU
2021-08-01,2021-08-01,6,2022-02-01,10747333.805839347,7081398.675548718,10476542.229397617,camacari-IPTU,camacari,IPTU
2021-08-01,2021-08-01,7,2022-03-01,127432797.50553215,112888590.49689856,10476542.229397617,camacari-IPTU,camacari,IPTU
2021-08-01,2021-08-01,8,2022-04-01,40453619.22855426,19395834.755315326,10476542.229397617,camacari-IPTU,camacari,IPTU
2021-08-01,2021-08-01,9,2022-05-01,21962579.319788303,26424124.17359846,10476542.229397617,camacari-IPTU,camacari,IPTU
2021-08-01,2021-08-01,10,2022-06-01,12354716.21055757,6966520.021241496,10476542.229397617,camacari-IPTU,camacari,IPTU
2021-08-01,2021-08-01,11,2022-07-01,17752542.53971789,8596139.457162082,10476542.229397617,camacari-IPTU,camacari,IPTU
2021-08-01,2021-08-01,12,2022-08-01,15164896.700699635,8366607.7144881515,10476542.229397617,camacari-IPTU,camacari,IPTU
2021-09-01,2021-09-01,1,2021-10-01,9096487.604462316,9389001.436026286,10331105.827917611,camacari-IPTU,camacari,IPTU
2021-09-01,2021-09-01,2,2021-11-01,7282535.99270146,8499889.049849875,10331105.827917611,camacari-IPTU,camacari,IPTU
2021-09-01,2021-09-01,3,2021-12-01,7197779.503408926,15508612.35296516,10331105.827917611,camacari-IPTU,camacari,IPTU
2021-09-01,2021-09-01,4,2022-01-01,4837683.587523954,5760808.687488179,10331105.827917611,camacari-IPTU,camacari,IPTU
2021-09-01,2021-09-01,5,2022-02-01,10747333.805839347,7081398.675548718,10331105.827917611,camacari-IPTU,camacari,IPTU
2021-09-01,2021-09-01,6,2022-03-01,127432797.50553215,112888590.49689856,10331105.827917611,camacari-IPTU,camacari,IPTU
2021-09-01,2021-09-01,7,2022-04-01,40453619.22855426,19395834.755315326,10331105.827917611,camacari-IPTU,camacari,IPTU
2021-09-01,2021-09-01,8,2022-05-01,21962579.319788303,26424124.17359846,10331105.827917611,camacari-IPTU,camacari,IPTU
2021-09-01,2021-09-01,9,2022-06-01,12354716.21055757,6966520.021241496,10331105.827917611,camacari-IPTU,camacari,IPTU
2021-09-01,2021-09-01,10,2022-07-01,17752542.53971789,8596139.457162082,10331105.827917611,camacari-IPTU,camacari,IPTU
2021-09-01,2021-09-01,11,2022-08-01,15164896.700699635,8366607.7144881515,10331105.827917611,camacari-IPTU,camacari,IPTU
2021-09-01,2021-09-01,12,2022-09-01,12832045.767347911,7445978.370097928,10331105.827917611,camacari-IPTU,camacari,IPTU
2021-10-01,2021-10-01,1,2021-11-01,7282535.99270146,8568004.909816202,10185035.30767684,camacari-IPTU,camacari,IPTU
2021-10-01,2021-10-01,2,2021-12-01,7197779.503408926,15576728.212931486,10185035.30767684,camacari-IPTU,camacari,IPTU
2021-10-01,2021-10-01,3,2022-01-01,4837683.587523954,5828924.547454506,10185035.30767684,camacari-IPTU,camacari,IPTU
2021-10-01,2021-10-01,4,2022-02-01,10747333.805839347,7149514.535515046,10185035.30767684,camacari-IPTU,camacari,IPTU
2021-10-01,2021-10-01,5,2022-03-01,127432797.50553215,112956706.35686488,10185035.30767684,camacari-IPTU,camacari,IPTU
2021-10-01,2021-10-01,6,2022-04-01,40453619.22855426,19463950.615281656,10185035.30767684,camacari-IPTU,camacari,IPTU
2021-10-01,2021-10-01,7,2022-05-01,21962579.319788303,26492240.03356479,10185035.30767684,camacari-IPTU,camacari,IPTU
2021-10-01,2021-10-01,8,2022-06-01,12354716.21055757,7034635.881207824,10185035.30767684,camacari-IPTU,camacari,IPTU
2021-10-01,2021-10-01,9,2022-07-01,17752542.53971789,8664255.317128409,10185035.30767684,camacari-IPTU,camacari,IPTU
2021-10-01,2021-10-01,10,2022-08-01,15164896.700699635,8434723.574454479,10185035.30767684,camacari-IPTU,camacari,IPTU
2021-10-01,2021-10-01,11,2022-09-01,12832045.767347911,7514094.230064254,10185035.30767684,camacari-IPTU,camacari,IPTU
2021-10-01,2021-10-01,12,2022-10-01,13457745.956336224,9350947.884928934,10185035.30767684,camacari-IPTU,camacari,IPTU
2021-11-01,2021-11-01,1,2021-12-01,7197779.503408926,15576728.212931486,10056105.35456376,camacari-IPTU,camacari,IPTU
2021-11-01,2021-11-01,2,2022-01-01,4837683.587523954,5828924.547454506,10056105.35456376,camacari-IPTU,camacari,IPTU
2021-11-01,2021-11-01,3,2022-02-01,10747333.805839347,7149514.535515046,10056105.35456376,camacari-IPTU,camacari,IPTU
2021-11-01,2021-11-01,4,2022-03-01,127432797.50553215,112956706.35686488,10056105.35456376,camacari-IPTU,camacari,IPTU
2021-11-01,2021-11-01,5,2022-04-01,40453619.22855426,19463950.615281656,10056105.35456376,camacari-IPTU,camacari,IPTU
2021-11-01,2021-11-01,6,2022-05-01,21962579.319788303,26492240.03356479,10056105.35456376,camacari-IPTU,camacari,IPTU
2021-11-01,2021-11-01,7,2022-06-01,12354716.21055757,7034635.881207824,10056105.35456376,camacari-IPTU,camacari,IPTU
2021-11-01,2021-11-01,8,2022-07-01,17752542.53971789,8664255.317128409,10056105.35456376,camacari-IPTU,camacari,IPTU
2021-11-01,2021-11-01,9,2022-08-01,15164896.700699635,8434723.574454479,10056105.35456376,camacari-IPTU,camacari,IPTU
2021-11-01,2021-11-01,10,2022-09-01,12832045.767347911,7514094.230064254,10056105.35456376,camacari-IPTU,camacari,IPTU
2021-11-01,2021-11-01,11,2022-10-01,13457745.956336224,9350947.884928934,10056105.35456376,camacari-IPTU,camacari,IPTU
2021-11-01,2021-11-01,12,2022-11-01,12616930.535112843,7536996.273168078,10056105.35456376,camacari-IPTU,camacari,IPTU
2021-12-01,2021-12-01,1,2022-01-01,4837683.587523954,5400178.995957881,10029277.341709485,camacari-IPTU,camacari,IPTU
2021-12-01,2021-12-01,2,2022-02-01,10747333.805839347,6720768.984018421,10029277.341709485,camacari-IPTU,camacari,IPTU
2021-12-01,2021-12-01,3,2022-03-01,127432797.50553215,112527960.80536826,10029277.341709485,camacari-IPTU,camacari,IPTU
2021-12-01,2021-12-01,4,2022-04-01,40453619.22855426,19035205.06378503,10029277.341709485,camacari-IPTU,camacari,IPTU
2021-12-01,2021-12-01,5,2022-05-01,21962579.319788303,26063494.482068166,10029277.341709485,camacari-IPTU,camacari,IPTU
2021-12-01,2021-12-01,6,2022-06-01,12354716.21055757,6605890.329711199,10029277.341709485,camacari-IPTU,camacari,IPTU
2021-12-01,2021-12-01,7,2022-07-01,17752542.53971789,8235509.765631786,10029277.341709485,camacari-IPTU,camacari,IPTU
2021-12-01,2021-12-01,8,2022-08-01,15164896.700699635,8005978.022957854,10029277.341709485,camacari-IPTU,camacari,IPTU
2021-12-01,2021-12-01,9,2022-09-01,12832045.767347911,7085348.678567631,10029277.341709485,camacari-IPTU,camacari,IPTU
2021-12-01,2021-12-01,10,2022-10-01,13457745.956336224,8922202.333432311,10029277.341709485,camacari-IPTU,camacari,IPTU
2021-12-01,2021-12-01,11,2022-11-01,12616930.535112843,7108250.721671455,10029277.341709485,camacari-IPTU,camacari,IPTU
2021-12-01,2021-12-01,12,2022-12-01,12784174.1801717,7023494.232378921,10029277.341709485,camacari-IPTU,camacari,IPTU
2022-01-01,2022-01-01,1,2022-02-01,10747333.805839347,6553138.425911675,9901982.866884204,camacari-IPTU,camacari,IPTU
2022-01-01,2022-01-01,2,2022-03-01,127432797.50553215,112360330.24726152,9901982.866884204,camacari-IPTU,camacari,IPTU
2022-01-01,2022-01-01,3,2022-04-01,40453619.22855426,18867574.505678285,9901982.866884204,camacari-IPTU,camacari,IPTU
2022-01-01,2022-01-01,4,2022-05-01,21962579.319788303,25895863.92396142,9901982.866884204,camacari-IPTU,camacari,IPTU
2022-01-01,2022-01-01,5,2022-06-01,12354716.21055757,6438259.771604453,9901982.866884204,camacari-IPTU,camacari,IPTU
2022-01-01,2022-01-01,6,2022-07-01,17752542.53971789,8067879.207525039,9901982.866884204,camacari-IPTU,camacari,IPTU
2022-01-01,2022-01-01,7,2022-08-01,15164896.700699635,7838347.464851108,9901982.866884204,camacari-IPTU,camacari,IPTU
2022-01-01,2022-01-01,8,2022-09-01,12832045.767347911,6917718.120460885,9901982.866884204,camacari-IPTU,camacari,IPTU
2022-01-01,2022-01-01,9,2022-10-01,13457745.956336224,8754571.775325565,9901982.866884204,camacari-IPTU,camacari,IPTU
2022-01-01,2022-01-01,10,2022-11-01,12616930.535112843,6940620.163564708,9901982.866884204,camacari-IPTU,camacari,IPTU
2022-01-01,2022-01-01,11,2022-12-01,12784174.1801717,6855863.674272174,9901982.866884204,camacari-IPTU,camacari,IPTU
2022-01-01,2022-01-01,12,2023-01-01,7047786.234635349,4495767.758387202,9901982.866884204,camacari-IPTU,camacari,IPTU
2022-02-01,2022-02-01,1,2022-03-01,127432797.50553215,112360330.24726152,9820230.119369429,camacari-IPTU,camacari,IPTU
2022-02-01,2022-02-01,2,2022-04-01,40453619.22855426,18867574.505678285,9820230.119369429,camacari-IPTU,camacari,IPTU
2022-02-01,2022-02-01,3,2022-05-01,21962579.319788303,25895863.92396142,9820230.119369429,camacari-IPTU,camacari,IPTU
2022-02-01,2022-02-01,4,2022-06-01,12354716.21055757,6438259.771604453,9820230.119369429,camacari-IPTU,camacari,IPTU
2022-02-01,2022-02-01,5,2022-07-01,17752542.53971789,8067879.207525039,9820230.119369429,camacari-IPTU,camacari,IPTU
2022-02-01,2022-02-01,6,2022-08-01,15164896.700699635,7838347.464851108,9820230.119369429,camacari-IPTU,camacari,IPTU
2022-02-01,2022-02-01,7,2022-09-01,12832045.767347911,6917718.120460885,9820230.119369429,camacari-IPTU,camacari,IPTU
2022-02-01,2022-02-01,8,2022-10-01,13457745.956336224,8754571.775325565,9820230.119369429,camacari-IPTU,camacari,IPTU
2022-02-01,2022-02-01,9,2022-11-01,12616930.535112843,6940620.163564708,9820230.119369429,camacari-IPTU,camacari,IPTU
2022-02-01,2022-02-01,10,2022-12-01,12784174.1801717,6855863.674272174,9820230.119369429,camacari-IPTU,camacari,IPTU
2022-02-01,2022-02-01,11,2023-01-01,7047786.234635349,4495767.758387202,9820230.119369429,camacari-IPTU,camacari,IPTU
2022-02-01,2022-02-01,12,2023-02-01,12018263.329091424,10405417.976702595,9820230.119369429,camacari-IPTU,camacari,IPTU
2022-03-01,2022-03-01,1,2022-04-01,40453619.22855426,18867574.505678285,9885701.07016629,camacari-IPTU,camacari,IPTU
2022-03-01,2022-03-01,2,2022-05-01,21962579.319788303,25895863.92396142,9885701.07016629,camacari-IPTU,camacari,IPTU
2022-03-01,2022-03-01,3,2022-06-01,12354716.21055757,6438259.771604453,9885701.07016629,camacari-IPTU,camacari,IPTU
2022-03-01,2022-03-01,4,2022-07-01,17752542.53971789,8067879.207525039,9885701.07016629,camacari-IPTU,camacari,IPTU
2022-03-01,2022-03-01,5,2022-08-01,15164896.700699635,7838347.464851108,9885701.07016629,camacari-IPTU,camacari,IPTU
2022-03-01,2022-03-01,6,2022-09-01,12832045.767347911,6917718.120460885,9885701.07016629,camacari-IPTU,camacari,IPTU
2022-03-01,2022-03-01,7,2022-10-01,13457745.956336224,8754571.775325565,9885701.07016629,camacari-IPTU,camacari,IPTU
2022-03-01,2022-03-01,8,2022-11-01,12616930.535112843,6940620.163564708,9885701.07016629,camacari-IPTU,camacari,IPTU
2022-03-01,2022-03-01,9,2022-12-01,12784174.1801717,6855863.674272174,9885701.07016629,camacari-IPTU,camacari,IPTU
2022-03-01,2022-03-01,10,2023-01-01,7047786.234635349,4495767.758387202,9885701.07016629,camacari-IPTU,camacari,IPTU
2022-03-01,2022-03-01,11,2023-02-01,12018263.329091424,10405417.976702595,9885701.07016629,camacari-IPTU,camacari,IPTU
2022-03-01,2022-03-01,12,2023-03-01,113631532.97417936,127090881.67639539,9885701.07016629,camacari-IPTU,camacari,IPTU
2022-04-01,2022-04-01,1,2022-05-01,21962579.319788303,26063494.482068166,10035154.06784488,camacari-IPTU,camacari,IPTU
2022-04-01,2022-04-01,2,2022-06-01,12354716.21055757,6605890.329711199,10035154.06784488,camacari-IPTU,camacari,IPTU
2022-04-01,2022-04-01,3,2022-07-01,17752542.53971789,8235509.765631786,10035154.06784488,camacari-IPTU,camacari,IPTU
2022-04-01,2022-04-01,4,2022-08-01,15164896.700699635,8005978.022957854,10035154.06784488,camacari-IPTU,camacari,IPTU
2022-04-01,2022-04-01,5,2022-09-01,12832045.767347911,7085348.678567631,10035154.06784488,camacari-IPTU,camacari,IPTU
2022-04-01,2022-04-01,6,2022-10-01,13457745.956336224,8922202.333432311,10035154.06784488,camacari-IPTU,camacari,IPTU
2022-04-01,2022-04-01,7,2022-11-01,12616930.535112843,7108250.721671455,10035154.06784488,camacari-IPTU,camacari,IPTU
2022-04-01,2022-04-01,8,2022-12-01,12784174.1801717,7023494.232378921,10035154.06784488,camacari-IPTU,camacari,IPTU
2022-04-01,2022-04-01,9,2023-01-01,7047786.234635349,4663398.316493949,10035154.06784488,camacari-IPTU,camacari,IPTU
2022-04-01,2022-04-01,10,2023-02-01,12018263.329091424,10573048.534809342,10035154.06784488,camacari-IPTU,camacari,IPTU
2022-04-01,2022-04-01,11,2023-03-01,113631532.97417936,127258512.23450214,10035154.06784488,camacari-IPTU,camacari,IPTU
2022-04-01,2022-04-01,12,2023-04-01,19541386.126198694,40279333.957524255,10035154.06784488,camacari-IPTU,camacari,IPTU
2022-05-01,2022-05-01,1,2022-06-01,12354716.21055757,6438259.771604453,9960349.475188581,camacari-IPTU,camacari,IPTU
2022-05-01,2022-05-01,2,2022-07-01,17752542.53971789,8067879.207525039,9960349.475188581,camacari-IPTU,camacari,IPTU
2022-05-01,2022-05-01,3,2022-08-01,15164896.700699635,7838347.464851108,9960349.475188581,camacari-IPTU,camacari,IPTU
2022-05-01,2022-05-01,4,2022-09-01,12832045.767347911,6917718.120460885,9960349.475188581,camacari-IPTU,camacari,IPTU
2022-05-01,2022-05-01,5,2022-10-01,13457745.956336224,8754571.775325565,9960349.475188581,camacari-IPTU,camacari,IPTU
2022-05-01,2022-05-01,6,2022-11-01,12616930.535112843,6940620.163564708,9960349.475188581,camacari-IPTU,camacari,IPTU
2022-05-01,2022-05-01,7,2022-12-01,12784174.1801717,6855863.674272174,9960349.475188581,camacari-IPTU,camacari,IPTU
2022-05-01,2022-05-01,8,2023-01-01,7047786.234635349,4495767.758387202,9960349.475188581,camacari-IPTU,camacari,IPTU
2022-05-01,2022-05-01,9,2023-02-01,12018263.329091424,10405417.976702595,9960349.475188581,camacari-IPTU,camacari,IPTU
2022-05-01,2022-05-01,10,2023-03-01,113631532.97417936,127090881.67639539,9960349.475188581,camacari-IPTU,camacari,IPTU
2022-05-01,2022-05-01,11,2023-04-01,19541386.126198694,40111703.39941751,9960349.475188581,camacari-IPTU,camacari,IPTU
2022-05-01,2022-05-01,12,2023-05-01,14150456.746575596,21620663.49065155,9960349.475188581,camacari-IPTU,camacari,IPTU
2022-06-01,2022-06-01,1,2022-07-01,17752542.53971789,8235509.765631786,9904121.156401757,camacari-IPTU,camacari,IPTU
2022-06-01,2022-06-01,2,2022-08-01,15164896.700699635,8005978.022957854,9904121.156401757,camacari-IPTU,camacari,IPTU
2022-06-01,2022-06-01,3,2022-09-01,12832045.767347911,7085348.678567631,9904121.156401757,camacari-IPTU,camacari,IPTU
2022-06-01,2022-06-01,4,2022-10-01,13457745.956336224,8922202.333432311,9904121.156401757,camacari-IPTU,camacari,IPTU
2022-06-01,2022-06-01,5,2022-11-01,12616930.535112843,7108250.721671455,9904121.156401757,camacari-IPTU,camacari,IPTU
2022-06-01,2022-06-01,6,2022-12-01,12784174.1801717,7023494.232378921,9904121.156401757,camacari-IPTU,camacari,IPTU
2022-06-01,2022-06-01,7,2023-01-01,7047786.234635349,4663398.316493949,9904121.156401757,camacari-IPTU,camacari,IPTU
2022-06-01,2022-06-01,8,2023-02-01,12018263.329091424,10573048.534809342,9904121.156401757,camacari-IPTU,camacari,IPTU
2022-06-01,2022-06-01,9,2023-03-01,113631532.97417936,127258512.23450214,9904121.156401757,camacari-IPTU,camacari,IPTU
2022-06-01,2022-06-01,10,2023-04-01,19541386.126198694,40279333.957524255,9904121.156401757,camacari-IPTU,camacari,IPTU
2022-06-01,2022-06-01,11,2023-05-01,14150456.746575596,21788294.0487583,9904121.156401757,camacari-IPTU,camacari,IPTU
2022-06-01,2022-06-01,12,2023-06-01,13391841.733009398,12180430.939527566,9904121.156401757,camacari-IPTU,camacari,IPTU
2022-07-01,2022-07-01,1,2022-08-01,15164896.700699635,8005978.022957854,9897015.160789788,camacari-IPTU,camacari,IPTU
2022-07-01,2022-07-01,2,2022-09-01,12832045.767347911,7085348.678567631,9897015.160789788,camacari-IPTU,camacari,IPTU
2022-07-01,2022-07-01,3,2022-10-01,13457745.956336224,8922202.333432311,9897015.160789788,camacari-IPTU,camacari,IPTU
2022-07-01,2022-07-01,4,2022-11-01,12616930.535112843,7108250.721671455,9897015.160789788,camacari-IPTU,camacari,IPTU
2022-07-01,2022-07-01,5,2022-12-01,12784174.1801717,7023494.232378921,9897015.160789788,camacari-IPTU,camacari,IPTU
2022-07-01,2022-07-01,6,2023-01-01,7047786.234635349,4663398.316493949,9897015.160789788,camacari-IPTU,camacari,IPTU
2022-07-01,2022-07-01,7,2023-02-01,12018263.329091424,10573048.534809342,9897015.160789788,camacari-IPTU,camacari,IPTU
2022-07-01,2022-07-01,8,2023-03-01,113631532.97417936,127258512.23450214,9897015.160789788,camacari-IPTU,camacari,IPTU
2022-07-01,2022-07-01,9,2023-04-01,19541386.126198694,40279333.957524255,9897015.160789788,camacari-IPTU,camacari,IPTU
2022-07-01,2022-07-01,10,2023-05-01,14150456.746575596,21788294.0487583,9897015.160789788,camacari-IPTU,camacari,IPTU
2022-07-01,2022-07-01,11,2023-06-01,13391841.733009398,12180430.939527566,9897015.160789788,camacari-IPTU,camacari,IPTU
2022-07-01,2022-07-01,12,2023-07-01,21133842.2574917,17578257.268687885,9897015.160789788,camacari-IPTU,camacari,IPTU
2022-08-01,2022-08-01,1,2022-09-01,12832045.767347911,9132689.019461257,9860610.388863811,camacari-IPTU,camacari,IPTU
2022-08-01,2022-08-01,2,2022-10-01,13457745.956336224,10969542.674325937,9860610.388863811,camacari-IPTU,camacari,IPTU
2022-08-01,2022-08-01,3,2022-11-01,12616930.535112843,9155591.06256508,9860610.388863811,camacari-IPTU,camacari,IPTU
2022-08-01,2022-08-01,4,2022-12-01,12784174.1801717,9070834.573272547,9860610.388863811,camacari-IPTU,camacari,IPTU
2022-08-01,2022-08-01,5,2023-01-01,7047786.234635349,6710738.657387575,9860610.388863811,camacari-IPTU,camacari,IPTU
2022-08-01,2022-08-01,6,2023-02-01,12018263.329091424,12620388.875702968,9860610.388863811,camacari-IPTU,camacari,IPTU
2022-08-01,2022-08-01,7,2023-03-01,113631532.97417936,129305852.57539576,9860610.388863811,camacari-IPTU,camacari,IPTU
2022-08-01,2022-08-01,8,2023-04-01,19541386.126198694,42326674.29841788,9860610.388863811,camacari-IPTU,camacari,IPTU
2022-08-01,2022-08-01,9,2023-05-01,14150456.746575596,23835634.389651924,9860610.388863811,camacari-IPTU,camacari,IPTU
2022-08-01,2022-08-01,10,2023-06-01,13391841.733009398,14227771.280421192,9860610.388863811,camacari-IPTU,camacari,IPTU
2022-08-01,2022-08-01,11,2023-07-01,21133842.2574917,19625597.60958151,9860610.388863811,camacari-IPTU,camacari,IPTU
2022-08-01,2022-08-01,12,2023-08-01,24362535.303448137,17037951.770563256,9860610.388863811,camacari-IPTU,camacari,IPTU
2022-09-01,2022-09-01,1,2022-10-01,13457745.956336224,13808833.288732914,9807669.665763643,camacari-IPTU,camacari,IPTU
2022-09-01,2022-09-01,2,2022-11-01,12616930.535112843,11994881.676972058,9807669.665763643,camacari-IPTU,camacari,IPTU
2022-09-01,2022-09-01,3,2022-12-01,12784174.1801717,11910125.187679524,9807669.665763643,camacari-IPTU,camacari,IPTU
2022-09-01,2022-09-01,4,2023-01-01,7047786.234635349,9550029.271794552,9807669.665763643,camacari-IPTU,camacari,IPTU
2022-09-01,2022-09-01,5,2023-02-01,12018263.329091424,15459679.490109945,9807669.665763643,camacari-IPTU,camacari,IPTU
2022-09-01,2022-09-01,6,2023-03-01,113631532.97417936,132145143.18980274,9807669.665763643,camacari-IPTU,camacari,IPTU
2022-09-01,2022-09-01,7,2023-04-01,19541386.126198694,45165964.91282486,9807669.665763643,camacari-IPTU,camacari,IPTU
2022-09-01,2022-09-01,8,2023-05-01,14150456.746575596,26674925.0040589,9807669.665763643,camacari-IPTU,camacari,IPTU
2022-09-01,2022-09-01,9,2023-06-01,13391841.733009398,17067061.89482817,9807669.665763643,camacari-IPTU,camacari,IPTU
2022-09-01,2022-09-01,10,2023-07-01,21133842.2574917,22464888.22398849,9807669.665763643,camacari-IPTU,camacari,IPTU
2022-09-01,2022-09-01,11,2023-08-01,24362535.303448137,19877242.384970233,9807669.665763643,camacari-IPTU,camacari,IPTU
2022-09-01,2022-09-01,12,2023-09-01,15466271.334168883,17544391.451618508,9807669.665763643,camacari-IPTU,camacari,IPTU
2022-10-01,2022-10-01,1,2022-11-01,12616930.535112843,12249371.077513551,9741250.015594255,camacari-IPTU,camacari,IPTU
2022-10-01,2022-10-01,2,2022-12-01,12784174.1801717,12164614.588221017,9741250.015594255,camacari-IPTU,camacari,IPTU
2022-10-01,2022-10-01,3,2023-01-01,7047786.234635349,9804518.672336046,9741250.015594255,camacari-IPTU,camacari,IPTU
2022-10-01,2022-10-01,4,2023-02-01,12018263.329091424,15714168.890651438,9741250.015594255,camacari-IPTU,camacari,IPTU
2022-10-01,2022-10-01,5,2023-03-01,113631532.97417936,132399632.59034424,9741250.015594255,camacari-IPTU,camacari,IPTU
2022-10-01,2022-10-01,6,2023-04-01,19541386.126198694,45420454.31336635,9741250.015594255,camacari-IPTU,camacari,IPTU
2022-10-01,2022-10-01,7,2023-05-01,14150456.746575596,26929414.404600397,9741250.015594255,camacari-IPTU,camacari,IPTU
2022-10-01,2022-10-01,8,2023-06-01,13391841.733009398,17321551.295369662,9741250.015594255,camacari-IPTU,camacari,IPTU
2022-10-01,2022-10-01,9,2023-07-01,21133842.2574917,22719377.62452998,9741250.015594255,camacari-IPTU,camacari,IPTU
2022-10-01,2022-10-01,10,2023-08-01,24362535.303448137,20131731.785511725,9741250.015594255,camacari-IPTU,camacari,IPTU
2022-10-01,2022-10-01,11,2023-09-01,15466271.334168883,17798880.852160003,9741250.015594255,camacari-IPTU,camacari,IPTU
2022-10-01,2022-10-01,12,2023-10-01,16948768.265746012,18424581.041148316,9741250.015594255,camacari-IPTU,camacari,IPTU
2022-11-01,2022-11-01,1,2022-12-01,12784174.1801717,12651182.683489755,9688155.37133904,camacari-IPTU,camacari,IPTU
2022-11-01,2022-11-01,2,2023-01-01,7047786.234635349,10291086.767604783,9688155.37133904,camacari-IPTU,camacari,IPTU
2022-11-01,2022-11-01,3,2023-02-01,12018263.329091424,16200736.985920176,9688155.37133904,camacari-IPTU,camacari,IPTU
2022-11-01,2022-11-01,4,2023-03-01,113631532.97417936,132886200.68561298,9688155.37133904,camacari-IPTU,camacari,IPTU
2022-11-01,2022-11-01,5,2023-04-01,19541386.126198694,45907022.408635095,9688155.37133904,camacari-IPTU,camacari,IPTU
2022-11-01,2022-11-01,6,2023-05-01,14150456.746575596,27415982.49986913,9688155.37133904,camacari-IPTU,camacari,IPTU
2022-11-01,2022-11-01,7,2023-06-01,13391841.733009398,17808119.3906384,9688155.37133904,camacari-IPTU,camacari,IPTU
2022-11-01,2022-11-01,8,2023-07-01,21133842.2574917,23205945.71979872,9688155.37133904,camacari-IPTU,camacari,IPTU
2022-11-01,2022-11-01,9,2023-08-01,24362535.303448137,20618299.880780466,9688155.37133904,camacari-IPTU,camacari,IPTU
2022-11-01,2022-11-01,10,2023-09-01,15466271.334168883,18285448.94742874,9688155.37133904,camacari-IPTU,camacari,IPTU
2022-11-01,2022-11-01,11,2023-10-01,16948768.265746012,18911149.136417054,9688155.37133904,camacari-IPTU,camacari,IPTU
2022-11-01,2022-11-01,12,2023-11-01,19405524.354567923,18070333.715193674,9688155.37133904,camacari-IPTU,camacari,IPTU
2022-12-01,2022-12-01,1,2023-01-01,7047786.234635349,10411159.801307274,9639324.886879798,camacari-IPTU,camacari,IPTU
2022-12-01,2022-12-01,2,2023-02-01,12018263.329091424,16320810.019622667,9639324.886879798,camacari-IPTU,camacari,IPTU
2022-12-01,2022-12-01,3,2023-03-01,113631532.97417936,133006273.71931547,9639324.886879798,camacari-IPTU,camacari,IPTU
2022-12-01,2022-12-01,4,2023-04-01,19541386.126198694,46027095.44233759,9639324.886879798,camacari-IPTU,camacari,IPTU
2022-12-01,2022-12-01,5,2023-05-01,14150456.746575596,27536055.533571623,9639324.886879798,camacari-IPTU,camacari,IPTU
2022-12-01,2022-12-01,6,2023-06-01,13391841.733009398,17928192.42434089,9639324.886879798,camacari-IPTU,camacari,IPTU
2022-12-01,2022-12-01,7,2023-07-01,21133842.2574917,23326018.75350121,9639324.886879798,camacari-IPTU,camacari,IPTU
2022-12-01,2022-12-01,8,2023-08-01,24362535.303448137,20738372.914482955,9639324.886879798,camacari-IPTU,camacari,IPTU
2022-12-01,2022-12-01,9,2023-09-01,15466271.334168883,18405521.981131233,9639324.886879798,camacari-IPTU,camacari,IPTU
2022-12-01,2022-12-01,10,2023-10-01,16948768.265746012,19031222.170119546,9639324.886879798,camacari-IPTU,camacari,IPTU
2022-12-01,2022-12-01,11,2023-11-01,19405524.354567923,18190406.748896163,9639324.886879798,camacari-IPTU,camacari,IPTU
2022-12-01,2022-12-01,12,2023-12-01,21991343.83026119,18357650.393955022,9639324.886879798,camacari-IPTU,camacari,IPTU
2023-01-01,2023-01-01,1,2023-02-01,12018263.329091424,16320810.019622667,9551922.272294289,camacari-IPTU,camacari,IPTU
2023-01-01,2023-01-01,2,2023-03-01,113631532.97417936,133006273.71931547,9551922.272294289,camacari-IPTU,camacari,IPTU
2023-01-01,2023-01-01,3,2023-04-01,19541386.126198694,46027095.44233759,9551922.272294289,camacari-IPTU,camacari,IPTU
2023-01-01,2023-01-01,4,2023-05-01,14150456.746575596,27536055.533571623,9551922.272294289,camacari-IPTU,camacari,IPTU
2023-01-01,2023-01-01,5,2023-06-01,13391841.733009398,17928192.42434089,9551922.272294289,camacari-IPTU,camacari,IPTU
2023-01-01,2023-01-01,6,2023-07-01,21133842.2574917,23326018.75350121,9551922.272294289,camacari-IPTU,camacari,IPTU
2023-01-01,2023-01-01,7,2023-08-01,24362535.303448137,20738372.914482955,9551922.272294289,camacari-IPTU,camacari,IPTU
2023-01-01,2023-01-01,8,2023-09-01,15466271.334168883,18405521.981131233,9551922.272294289,camacari-IPTU,camacari,IPTU
2023-01-01,2023-01-01,9,2023-10-01,16948768.265746012,19031222.170119546,9551922.272294289,camacari-IPTU,camacari,IPTU
2023-01-01,2023-01-01,10,2023-11-01,19405524.354567923,18190406.748896163,9551922.272294289,camacari-IPTU,camacari,IPTU
2023-01-01,2023-01-01,11,2023-12-01,21991343.83026119,18357650.393955022,9551922.272294289,camacari-IPTU,camacari,IPTU
2023-01-01,2023-01-01,12,2024-01-01,9096349.782186696,12621262.44841867,9551922.272294289,camacari-IPTU,camacari,IPTU
2023-02-01,2023-02-01,1,2023-03-01,113631532.97417936,133006273.71931547,9455631.658933334,camacari-IPTU,camacari,IPTU
2023-02-01,2023-02-01,2,2023-04-01,19541386.126198694,46027095.44233759,9455631.658933334,camacari-IPTU,camacari,IPTU
2023-02-01,2023-02-01,3,2023-05-01,14150456.746575596,27536055.533571623,9455631.658933334,camacari-IPTU,camacari,IPTU
2023-02-01,2023-02-01,4,2023-06-01,13391841.733009398,17928192.42434089,9455631.658933334,camacari-IPTU,camacari,IPTU
2023-02-01,2023-02-01,5,2023-07-01,21133842.2574917,23326018.75350121,9455631.658933334,camacari-IPTU,camacari,IPTU
2023-02-01,2023-02-01,6,2023-08-01,24362535.303448137,20738372.914482955,9455631.658933334,camacari-IPTU,camacari,IPTU
2023-02-01,2023-02-01,7,2023-09-01,15466271.334168883,18405521.981131233,9455631.658933334,camacari-IPTU,camacari,IPTU
2023-02-01,2023-02-01,8,2023-10-01,16948768.265746012,19031222.170119546,9455631.658933334,camacari-IPTU,camacari,IPTU
2023-02-01,2023-02-01,9,2023-11-01,19405524.354567923,18190406.748896163,9455631.658933334,camacari-IPTU,camacari,IPTU
2023-02-01,2023-02-01,10,2023-12-01,21991343.83026119,18357650.393955022,9455631.658933334,camacari-IPTU,camacari,IPTU
2023-02-01,2023-02-01,11,2024-01-01,9096349.782186696,12621262.44841867,9455631.658933334,camacari-IPTU,camacari,IPTU
2023-02-01,2023-02-01,12,2024-02-01,12207925.201341806,17591739.542874746,9455631.658933334,camacari-IPTU,camacari,IPTU
2023-03-01,2023-03-01,1,2023-04-01,19541386.126198694,45907022.408635095,9505581.46206459,camacari-IPTU,camacari,IPTU
2023-03-01,2023-03-01,2,2023-05-01,14150456.746575596,27415982.49986913,9505581.46206459,camacari-IPTU,camacari,IPTU
2023-03-01,2023-03-01,3,2023-06-01,13391841.733009398,17808119.3906384,9505581.46206459,camacari-IPTU,camacari,IPTU
2023-03-01,2023-03-01,4,2023-07-01,21133842.2574917,23205945.71979872,9505581.46206459,camacari-IPTU,camacari,IPTU
2023-03-01,2023-03-01,5,2023-08-01,24362535.303448137,20618299.880780466,9505581.46206459,camacari-IPTU,camacari,IPTU
2023-03-01,2023-03-01,6,2023-09-01,15466271.334168883,18285448.94742874,9505581.46206459,camacari-IPTU,camacari,IPTU
2023-03-01,2023-03-01,7,2023-10-01,16948768.265746012,18911149.136417054,9505581.46206459,camacari-IPTU,camacari,IPTU
2023-03-01,2023-03-01,8,2023-11-01,19405524.354567923,18070333.715193674,9505581.46206459,camacari-IPTU,camacari,IPTU
2023-03-01,2023-03-01,9,2023-12-01,21991343.83026119,18237577.36025253,9505581.46206459,camacari-IPTU,camacari,IPTU
2023-03-01,2023-03-01,10,2024-01-01,9096349.782186696,12501189.414716179,9505581.46206459,camacari-IPTU,camacari,IPTU
2023-03-01,2023-03-01,11,2024-02-01,12207925.201341806,17471666.509172253,9505581.46206459,camacari-IPTU,camacari,IPTU
2023-03-01,2023-03-01,12,2024-03-01,117568232.72774635,119084936.15426019,9505581.46206459,camacari-IPTU,camacari,IPTU
2023-04-01,2023-04-01,1,2023-05-01,14150456.746575596,26810405.76693095,9635202.503431534,camacari-IPTU,camacari,IPTU
2023-04-01,2023-04-01,2,2023-06-01,13391841.733009398,17202542.65770022,9635202.503431534,camacari-IPTU,camacari,IPTU
2023-04-01,2023-04-01,3,2023-07-01,21133842.2574917,22600368.986860536,9635202.503431534,camacari-IPTU,camacari,IPTU
2023-04-01,2023-04-01,4,2023-08-01,24362535.303448137,20012723.14784228,9635202.503431534,camacari-IPTU,camacari,IPTU
2023-04-01,2023-04-01,5,2023-09-01,15466271.334168883,17679872.214490555,9635202.503431534,camacari-IPTU,camacari,IPTU
2023-04-01,2023-04-01,6,2023-10-01,16948768.265746012,18305572.40347887,9635202.503431534,camacari-IPTU,camacari,IPTU
2023-04-01,2023-04-01,7,2023-11-01,19405524.354567923,17464756.98225549,9635202.503431534,camacari-IPTU,camacari,IPTU
2023-04-01,2023-04-01,8,2023-12-01,21991343.83026119,17632000.627314344,9635202.503431534,camacari-IPTU,camacari,IPTU
2023-04-01,2023-04-01,9,2024-01-01,9096349.782186696,11895612.681777995,9635202.503431534,camacari-IPTU,camacari,IPTU
2023-04-01,2023-04-01,10,2024-02-01,12207925.201341806,16866089.776234068,9635202.503431534,camacari-IPTU,camacari,IPTU
2023-04-01,2023-04-01,11,2024-03-01,117568232.72774635,118479359.421322,9635202.503431534,camacari-IPTU,camacari,IPTU
2023-04-01,2023-04-01,12,2024-04-01,12092110.726040576,24389212.57334134,9635202.503431534,camacari-IPTU,camacari,IPTU
2023-05-01,2023-05-01,1,2023-06-01,13391841.733009398,17202542.65770022,9614718.459271772,camacari-IPTU,camacari,IPTU
2023-05-01,2023-05-01,2,2023-07-01,21133842.2574917,22600368.986860536,9614718.459271772,camacari-IPTU,camacari,IPTU
2023-05-01,2023-05-01,3,2023-08-01,24362535.303448137,20012723.14784228,9614718.459271772,camacari-IPTU,camacari,IPTU
2023-05-01,2023-05-01,4,2023-09-01,15466271.334168883,17679872.214490555,9614718.459271772,camacari-IPTU,camacari,IPTU
2023-05-01,2023-05-01,5,2023-10-01,16948768.265746012,18305572.40347887,9614718.459271772,camacari-IPTU,camacari,IPTU
2023-05-01,2023-05-01,6,2023-11-01,19405524.354567923,17464756.98225549,9614718.459271772,camacari-IPTU,camacari,IPTU
2023-05-01,2023-05-01,7,2023-12-01,21991343.83026119,17632000.627314344,9614718.459271772,camacari-IPTU,camacari,IPTU
2023-05-01,2023-05-01,8,2024-01-01,9096349.782186696,11895612.681777995,9614718.459271772,camacari-IPTU,camacari,IPTU
2023-05-01,2023-05-01,9,2024-02-01,12207925.201341806,16866089.776234068,9614718.459271772,camacari-IPTU,camacari,IPTU
2023-05-01,2023-05-01,10,2024-03-01,117568232.72774635,118479359.421322,9614718.459271772,camacari-IPTU,camacari,IPTU
2023-05-01,2023-05-01,11,2024-04-01,12092110.726040576,24389212.57334134,9614718.459271772,camacari-IPTU,camacari,IPTU
2023-05-01,2023-05-01,12,2024-05-01,12281670.577505508,18998283.19371824,9614718.459271772,camacari-IPTU,camacari,IPTU
2023-06-01,2023-06-01,1,2023-07-01,21133842.2574917,21038223.039210543,9519411.871084886,camacari-IPTU,camacari,IPTU
2023-06-01,2023-06-01,2,2023-08-01,24362535.303448137,18450577.200192288,9519411.871084886,camacari-IPTU,camacari,IPTU
2023-06-01,2023-06-01,3,2023-09-01,15466271.334168883,16117726.266840562,9519411.871084886,camacari-IPTU,camacari,IPTU
2023-06-01,2023-06-01,4,2023-10-01,16948768.265746012,16743426.455828875,9519411.871084886,camacari-IPTU,camacari,IPTU
2023-06-01,2023-06-01,5,2023-11-01,19405524.354567923,15902611.034605496,9519411.871084886,camacari-IPTU,camacari,IPTU
2023-06-01,2023-06-01,6,2023-12-01,21991343.83026119,16069854.679664351,9519411.871084886,camacari-IPTU,camacari,IPTU
2023-06-01,2023-06-01,7,2024-01-01,9096349.782186696,10333466.734128002,9519411.871084886,camacari-IPTU,camacari,IPTU
2023-06-01,2023-06-01,8,2024-02-01,12207925.201341806,15303943.828584075,9519411.871084886,camacari-IPTU,camacari,IPTU
2023-06-01,2023-06-01,9,2024-03-01,117568232.72774635,116917213.473672,9519411.871084886,camacari-IPTU,camacari,IPTU
2023-06-01,2023-06-01,10,2024-04-01,12092110.726040576,22827066.625691347,9519411.871084886,camacari-IPTU,camacari,IPTU
2023-06-01,2023-06-01,11,2024-05-01,12281670.577505508,17436137.246068247,9519411.871084886,camacari-IPTU,camacari,IPTU
2023-06-01,2023-06-01,12,2024-06-01,15668723.095071422,16677522.23250205,9519411.871084886,camacari-IPTU,camacari,IPTU
2023-07-01,2023-07-01,1,2023-08-01,24362535.303448137,17960597.883142237,9451960.089180367,camacari-IPTU,camacari,IPTU
2023-07-01,2023-07-01,2,2023-09-01,15466271.334168883,15627746.949790515,9451960.089180367,camacari-IPTU,camacari,IPTU
2023-07-01,2023-07-01,3,2023-10-01,16948768.265746012,16253447.138778828,9451960.089180367,camacari-IPTU,camacari,IPTU
2023-07-01,2023-07-01,4,2023-11-01,19405524.354567923,15412631.717555445,9451960.089180367,camacari-IPTU,camacari,IPTU
2023-07-01,2023-07-01,5,2023-12-01,21991343.83026119,15579875.362614304,9451960.089180367,camacari-IPTU,camacari,IPTU
2023-07-01,2023-07-01,6,2024-01-01,9096349.782186696,9843487.417077951,9451960.089180367,camacari-IPTU,camacari,IPTU
2023-07-01,2023-07-01,7,2024-02-01,12207925.201341806,14813964.511534028,9451960.089180367,camacari-IPTU,camacari,IPTU
2023-07-01,2023-07-01,8,2024-03-01,117568232.72774635,116427234.15662196,9451960.089180367,camacari-IPTU,camacari,IPTU
2023-07-01,2023-07-01,9,2024-04-01,12092110.726040576,22337087.308641296,9451960.089180367,camacari-IPTU,camacari,IPTU
2023-07-01,2023-07-01,10,2024-05-01,12281670.577505508,16946157.9290182,9451960.089180367,camacari-IPTU,camacari,IPTU
2023-07-01,2023-07-01,11,2024-06-01,15668723.095071422,16187542.915452,9451960.089180367,camacari-IPTU,camacari,IPTU
2023-07-01,2023-07-01,12,2024-07-01,11582225.949920287,23929543.439934302,9451960.089180367,camacari-IPTU,camacari,IPTU
2023-08-01,2023-08-01,1,2023-09-01,15466271.334168883,15627746.949790515,9449195.725197412,camacari-IPTU,camacari,IPTU
2023-08-01,2023-08-01,2,2023-10-01,16948768.265746012,16253447.138778828,9449195.725197412,camacari-IPTU,camacari,IPTU
2023-08-01,2023-08-01,3,2023-11-01,19405524.354567923,15412631.717555445,9449195.725197412,camacari-IPTU,camacari,IPTU
2023-08-01,2023-08-01,4,2023-12-01,21991343.83026119,15579875.362614304,9449195.725197412,camacari-IPTU,camacari,IPTU
2023-08-01,2023-08-01,5,2024-01-01,9096349.782186696,9843487.417077951,9449195.725197412,camacari-IPTU,camacari,IPTU
2023-08-01,2023-08-01,6,2024-02-01,12207925.201341806,14813964.511534028,9449195.725197412,camacari-IPTU,camacari,IPTU
2023-08-01,2023-08-01,7,2024-03-01,117568232.72774635,116427234.15662196,9449195.725197412,camacari-IPTU,camacari,IPTU
2023-08-01,2023-08-01,8,2024-04-01,12092110.726040576,22337087.308641296,9449195.725197412,camacari-IPTU,camacari,IPTU
2023-08-01,2023-08-01,9,2024-05-01,12281670.577505508,16946157.9290182,9449195.725197412,camacari-IPTU,camacari,IPTU
2023-08-01,2023-08-01,10,2024-06-01,15668723.095071422,16187542.915452,9449195.725197412,camacari-IPTU,camacari,IPTU
2023-08-01,2023-08-01,11,2024-07-01,11582225.949920287,23929543.439934302,9449195.725197412,camacari-IPTU,camacari,IPTU
2023-08-01,2023-08-01,12,2024-08-01,10773832.024935024,27158236.48589074,9449195.725197412,camacari-IPTU,camacari,IPTU
2023-09-01,2023-09-01,1,2023-10-01,16948768.265746012,15879910.063302409,9375916.476182612,camacari-IPTU,camacari,IPTU
2023-09-01,2023-09-01,2,2023-11-01,19405524.354567923,15039094.642079026,9375916.476182612,camacari-IPTU,camacari,IPTU
2023-09-01,2023-09-01,3,2023-12-01,21991343.83026119,15206338.287137885,9375916.476182612,camacari-IPTU,camacari,IPTU
2023-09-01,2023-09-01,4,2024-01-01,9096349.782186696,9469950.341601532,9375916.476182612,camacari-IPTU,camacari,IPTU
2023-09-01,2023-09-01,5,2024-02-01,12207925.201341806,14440427.436057609,9375916.476182612,camacari-IPTU,camacari,IPTU
2023-09-01,2023-09-01,6,2024-03-01,117568232.72774635,116053697.08114554,9375916.476182612,camacari-IPTU,camacari,IPTU
2023-09-01,2023-09-01,7,2024-04-01,12092110.726040576,21963550.233164877,9375916.476182612,camacari-IPTU,camacari,IPTU
2023-09-01,2023-09-01,8,2024-05-01,12281670.577505508,16572620.85354178,9375916.476182612,camacari-IPTU,camacari,IPTU
2023-09-01,2023-09-01,9,2024-06-01,15668723.095071422,15814005.83997558,9375916.476182612,camacari-IPTU,camacari,IPTU
2023-09-01,2023-09-01,10,2024-07-01,11582225.949920287,23556006.364457883,9375916.476182612,camacari-IPTU,camacari,IPTU
2023-09-01,2023-09-01,11,2024-08-01,10773832.024935024,26784699.41041432,9375916.476182612,camacari-IPTU,camacari,IPTU
2023-09-01,2023-09-01,12,2024-09-01,10296585.057692552,17888435.441135067,9375916.476182612,camacari-IPTU,camacari,IPTU
2023-10-01,2023-10-01,1,2023-11-01,19405524.354567923,15039094.642079026,9313311.219089283,camacari-IPTU,camacari,IPTU
2023-10-01,2023-10-01,2,2023-12-01,21991343.83026119,15206338.287137885,9313311.219089283,camacari-IPTU,camacari,IPTU
2023-10-01,2023-10-01,3,2024-01-01,9096349.782186696,9469950.341601532,9313311.219089283,camacari-IPTU,camacari,IPTU
2023-10-01,2023-10-01,4,2024-02-01,12207925.201341806,14440427.436057609,9313311.219089283,camacari-IPTU,camacari,IPTU
2023-10-01,2023-10-01,5,2024-03-01,117568232.72774635,116053697.08114554,9313311.219089283,camacari-IPTU,camacari,IPTU
2023-10-01,2023-10-01,6,2024-04-01,12092110.726040576,21963550.233164877,9313311.219089283,camacari-IPTU,camacari,IPTU
2023-10-01,2023-10-01,7,2024-05-01,12281670.577505508,16572620.85354178,9313311.219089283,camacari-IPTU,camacari,IPTU
2023-10-01,2023-10-01,8,2024-06-01,15668723.095071422,15814005.83997558,9313311.219089283,camacari-IPTU,camacari,IPTU
2023-10-01,2023-10-01,9,2024-07-01,11582225.949920287,23556006.364457883,9313311.219089283,camacari-IPTU,camacari,IPTU
2023-10-01,2023-10-01,10,2024-08-01,10773832.024935024,26784699.41041432,9313311.219089283,camacari-IPTU,camacari,IPTU
2023-10-01,2023-10-01,11,2024-09-01,10296585.057692552,17888435.441135067,9313311.219089283,camacari-IPTU,camacari,IPTU
2023-10-01,2023-10-01,12,2024-10-01,10512439.143674947,19370932.372712195,9313311.219089283,camacari-IPTU,camacari,IPTU
2023-11-01,2023-11-01,1,2023-12-01,21991343.83026119,15206338.287137885,9286735.246461555,camacari-IPTU,camacari,IPTU
2023-11-01,2023-11-01,2,2024-01-01,9096349.782186696,9469950.341601532,9286735.246461555,camacari-IPTU,camacari,IPTU
2023-11-01,2023-11-01,3,2024-02-01,12207925.201341806,14440427.436057609,9286735.246461555,camacari-IPTU,camacari,IPTU
2023-11-01,2023-11-01,4,2024-03-01,117568232.72774635,116053697.08114554,9286735.246461555,camacari-IPTU,camacari,IPTU
2023-11-01,2023-11-01,5,2024-04-01,12092110.726040576,21963550.233164877,9286735.246461555,camacari-IPTU,camacari,IPTU
2023-11-01,2023-11-01,6,2024-05-01,12281670.577505508,16572620.85354178,9286735.246461555,camacari-IPTU,camacari,IPTU
2023-11-01,2023-11-01,7,2024-06-01,15668723.095071422,15814005.83997558,9286735.246461555,camacari-IPTU,camacari,IPTU
2023-11-01,2023-11-01,8,2024-07-01,11582225.949920287,23556006.364457883,9286735.246461555,camacari-IPTU,camacari,IPTU
2023-11-01,2023-11-01,9,2024-08-01,10773832.024935024,26784699.41041432,9286735.246461555,camacari-IPTU,camacari,IPTU
2023-11-01,2023-11-01,10,2024-09-01,10296585.057692552,17888435.441135067,9286735.246461555,camacari-IPTU,camacari,IPTU
2023-11-01,2023-11-01,11,2024-10-01,10512439.143674947,19370932.372712195,9286735.246461555,camacari-IPTU,camacari,IPTU
2023-11-01,2023-11-01,12,2024-11-01,9462604.711222298,21827688.461534105,9286735.246461555,camacari-IPTU,camacari,IPTU
2023-12-01,2023-12-01,1,2024-01-01,9096349.782186696,9469950.341601532,9285906.438166013,camacari-IPTU,camacari,IPTU
2023-12-01,2023-12-01,2,2024-02-01,12207925.201341806,14440427.436057609,9285906.438166013,camacari-IPTU,camacari,IPTU
2023-12-01,2023-12-01,3,2024-03-01,117568232.72774635,116053697.08114554,9285906.438166013,camacari-IPTU,camacari,IPTU
2023-12-01,2023-12-01,4,2024-04-01,12092110.726040576,21963550.233164877,9285906.438166013,camacari-IPTU,camacari,IPTU
2023-12-01,2023-12-01,5,2024-05-01,12281670.577505508,16572620.85354178,9285906.438166013,camacari-IPTU,camacari,IPTU
2023-12-01,2023-12-01,6,2024-06-01,15668723.095071422,15814005.83997558,9285906.438166013,camacari-IPTU,camacari,IPTU
2023-12-01,2023-12-01,7,2024-07-01,11582225.949920287,23556006.364457883,9285906.438166013,camacari-IPTU,camacari,IPTU
2023-12-01,2023-12-01,8,2024-08-01,10773832.024935024,26784699.41041432,9285906.438166013,camacari-IPTU,camacari,IPTU
2023-12-01,2023-12-01,9,2024-09-01,10296585.057692552,17888435.441135067,9285906.438166013,camacari-IPTU,camacari,IPTU
2023-12-01,2023-12-01,10,2024-10-01,10512439.143674947,19370932.372712195,9285906.438166013,camacari-IPTU,camacari,IPTU
2023-12-01,2023-12-01,11,2024-11-01,9462604.711222298,21827688.461534105,9285906.438166013,camacari-IPTU,camacari,IPTU
2023-12-01,2023-12-01,12,2024-12-01,13905224.647661604,24413507.937227372,9285906.438166013,camacari-IPTU,camacari,IPTU
2024-01-01,2024-01-01,1,2024-02-01,12207925.201341806,14359657.886277582,9211294.655788543,camacari-IPTU,camacari,IPTU
2024-01-01,2024-01-01,2,2024-03-01,117568232.72774635,115972927.53136551,9211294.655788543,camacari-IPTU,camacari,IPTU
2024-01-01,2024-01-01,3,2024-04-01,12092110.726040576,21882780.683384854,9211294.655788543,camacari-IPTU,camacari,IPTU
2024-01-01,2024-01-01,4,2024-05-01,12281670.577505508,16491851.303761754,9211294.655788543,camacari-IPTU,camacari,IPTU
2024-01-01,2024-01-01,5,2024-06-01,15668723.095071422,15733236.290195558,9211294.655788543,camacari-IPTU,camacari,IPTU
2024-01-01,2024-01-01,6,2024-07-01,11582225.949920287,23475236.81467786,9211294.655788543,camacari-IPTU,camacari,IPTU
2024-01-01,2024-01-01,7,2024-08-01,10773832.024935024,26703929.860634297,9211294.655788543,camacari-IPTU,camacari,IPTU
2024-01-01,2024-01-01,8,2024-09-01,10296585.057692552,17807665.89135504,9211294.655788543,camacari-IPTU,camacari,IPTU
2024-01-01,2024-01-01,9,2024-10-01,10512439.143674947,19290162.822932173,9211294.655788543,camacari-IPTU,camacari,IPTU
2024-01-01,2024-01-01,10,2024-11-01,9462604.711222298,21746918.911754083,9211294.655788543,camacari-IPTU,camacari,IPTU
2024-01-01,2024-01-01,11,2024-12-01,13905224.647661604,24332738.38744735,9211294.655788543,camacari-IPTU,camacari,IPTU
2024-01-01,2024-01-01,12,2025-01-01,6388575.092741284,11437744.339372855,9211294.655788543,camacari-IPTU,camacari,IPTU
2024-02-01,2024-02-01,1,2024-03-01,117568232.72774635,115972927.53136551,9119237.178405501,camacari-IPTU,camacari,IPTU
2024-02-01,2024-02-01,2,2024-04-01,12092110.726040576,21882780.683384854,9119237.178405501,camacari-IPTU,camacari,IPTU
2024-02-01,2024-02-01,3,2024-05-01,12281670.577505508,16491851.303761754,9119237.178405501,camacari-IPTU,camacari,IPTU
2024-02-01,2024-02-01,4,2024-06-01,15668723.095071422,15733236.290195558,9119237.178405501,camacari-IPTU,camacari,IPTU
2024-02-01,2024-02-01,5,2024-07-01,11582225.949920287,23475236.81467786,9119237.178405501,camacari-IPTU,camacari,IPTU
2024-02-01,2024-02-01,6,2024-08-01,10773832.024935024,26703929.860634297,9119237.178405501,camacari-IPTU,camacari,IPTU
2024-02-01,2024-02-01,7,2024-09-01,10296585.057692552,17807665.89135504,9119237.178405501,camacari-IPTU,camacari,IPTU
2024-02-01,2024-02-01,8,2024-10-01,10512439.143674947,19290162.822932173,9119237.178405501,camacari-IPTU,camacari,IPTU
2024-02-01,2024-02-01,9,2024-11-01,9462604.711222298,21746918.911754083,9119237.178405501,camacari-IPTU,camacari,IPTU
2024-02-01,2024-02-01,10,2024-12-01,13905224.647661604,24332738.38744735,9119237.178405501,camacari-IPTU,camacari,IPTU
2024-02-01,2024-02-01,11,2025-01-01,6388575.092741284,11437744.339372855,9119237.178405501,camacari-IPTU,camacari,IPTU
2024-02-01,2024-02-01,12,2025-02-01,12542878.821337909,14549319.758527964,9119237.178405501,camacari-IPTU,camacari,IPTU
2024-03-01,2024-03-01,1,2024-04-01,12092110.726040576,22549148.768496085,9066888.315528343,camacari-IPTU,camacari,IPTU
2024-03-01,2024-03-01,2,2024-05-01,12281670.577505508,17158219.38887299,9066888.315528343,camacari-IPTU,camacari,IPTU
2024-03-01,2024-03-01,3,2024-06-01,15668723.095071422,16399604.375306789,9066888.315528343,camacari-IPTU,camacari,IPTU
2024-03-01,2024-03-01,4,2024-07-01,11582225.949920287,24141604.89978909,9066888.315528343,camacari-IPTU,camacari,IPTU
2024-03-01,2024-03-01,5,2024-08-01,10773832.024935024,27370297.945745528,9066888.315528343,camacari-IPTU,camacari,IPTU
2024-03-01,2024-03-01,6,2024-09-01,10296585.057692552,18474033.976466276,9066888.315528343,camacari-IPTU,camacari,IPTU
2024-03-01,2024-03-01,7,2024-10-01,10512439.143674947,19956530.908043403,9066888.315528343,camacari-IPTU,camacari,IPTU
2024-03-01,2024-03-01,8,2024-11-01,9462604.711222298,22413286.996865314,9066888.315528343,camacari-IPTU,camacari,IPTU
2024-03-01,2024-03-01,9,2024-12-01,13905224.647661604,24999106.47255858,9066888.315528343,camacari-IPTU,camacari,IPTU
2024-03-01,2024-03-01,10,2025-01-01,6388575.092741284,12104112.424484087,9066888.315528343,camacari-IPTU,camacari,IPTU
2024-03-01,2024-03-01,11,2025-02-01,12542878.821337909,15215687.843639197,9066888.315528343,camacari-IPTU,camacari,IPTU
2024-03-01,2024-03-01,12,2025-03-01,120152088.70043229,120575995.37004374,9066888.315528343,camacari-IPTU,camacari,IPTU
2024-04-01,2024-04-01,1,2024-05-01,12281670.577505508,17158219.38887299,9050712.186374642,camacari-IPTU,camacari,IPTU
2024-04-01,2024-04-01,2,2024-06-01,15668723.095071422,16399604.375306789,9050712.186374642,camacari-IPTU,camacari,IPTU
2024-04-01,2024-04-01,3,2024-07-01,11582225.949920287,24141604.89978909,9050712.186374642,camacari-IPTU,camacari,IPTU
2024-04-01,2024-04-01,4,2024-08-01,10773832.024935024,27370297.945745528,9050712.186374642,camacari-IPTU,camacari,IPTU
2024-04-01,2024-04-01,5,2024-09-01,10296585.057692552,18474033.976466276,9050712.186374642,camacari-IPTU,camacari,IPTU
2024-04-01,2024-04-01,6,2024-10-01,10512439.143674947,19956530.908043403,9050712.186374642,camacari-IPTU,camacari,IPTU
2024-04-01,2024-04-01,7,2024-11-01,9462604.711222298,22413286.996865314,9050712.186374642,camacari-IPTU,camacari,IPTU
2024-04-01,2024-04-01,8,2024-12-01,13905224.647661604,24999106.47255858,9050712.186374642,camacari-IPTU,camacari,IPTU
2024-04-01,2024-04-01,9,2025-01-01,6388575.092741284,12104112.424484087,9050712.186374642,camacari-IPTU,camacari,IPTU
2024-04-01,2024-04-01,10,2025-02-01,12542878.821337909,15215687.843639197,9050712.186374642,camacari-IPTU,camacari,IPTU
2024-04-01,2024-04-01,11,2025-03-01,120152088.70043229,120575995.37004374,9050712.186374642,camacari-IPTU,camacari,IPTU
2024-04-01,2024-04-01,12,2025-04-01,11946177.334066126,15099873.368337967,9050712.186374642,camacari-IPTU,camacari,IPTU
2024-05-01,2024-05-01,1,2024-06-01,15668723.095071422,16399604.375306789,8979604.007985488,camacari-IPTU,camacari,IPTU
2024-05-01,2024-05-01,2,2024-07-01,11582225.949920287,24141604.89978909,8979604.007985488,camacari-IPTU,camacari,IPTU
2024-05-01,2024-05-01,3,2024-08-01,10773832.024935024,27370297.945745528,8979604.007985488,camacari-IPTU,camacari,IPTU
2024-05-01,2024-05-01,4,2024-09-01,10296585.057692552,18474033.976466276,8979604.007985488,camacari-IPTU,camacari,IPTU
2024-05-01,2024-05-01,5,2024-10-01,10512439.143674947,19956530.908043403,8979604.007985488,camacari-IPTU,camacari,IPTU
2024-05-01,2024-05-01,6,2024-11-01,9462604.711222298,22413286.996865314,8979604.007985488,camacari-IPTU,camacari,IPTU
2024-05-01,2024-05-01,7,2024-12-01,13905224.647661604,24999106.47255858,8979604.007985488,camacari-IPTU,camacari,IPTU
2024-05-01,2024-05-01,8,2025-01-01,6388575.092741284,12104112.424484087,8979604.007985488,camacari-IPTU,camacari,IPTU
2024-05-01,2024-05-01,9,2025-02-01,12542878.821337909,15215687.843639197,8979604.007985488,camacari-IPTU,camacari,IPTU
2024-05-01,2024-05-01,10,2025-03-01,120152088.70043229,120575995.37004374,8979604.007985488,camacari-IPTU,camacari,IPTU
2024-05-01,2024-05-01,11,2025-04-01,11946177.334066126,15099873.368337967,8979604.007985488,camacari-IPTU,camacari,IPTU
2024-05-01,2024-05-01,12,2025-05-01,12492744.777130071,15289433.2198029,8979604.007985488,camacari-IPTU,camacari,IPTU
2024-06-01,2024-06-01,1,2024-07-01,11582225.949920287,24141604.89978909,8913891.040868592,camacari-IPTU,camacari,IPTU
2024-06-01,2024-06-01,2,2024-08-01,10773832.024935024,27370297.945745528,8913891.040868592,camacari-IPTU,camacari,IPTU
2024-06-01,2024-06-01,3,2024-09-01,10296585.057692552,18474033.976466276,8913891.040868592,camacari-IPTU,camacari,IPTU
2024-06-01,2024-06-01,4,2024-10-01,10512439.143674947,19956530.908043403,8913891.040868592,camacari-IPTU,camacari,IPTU
2024-06-01,2024-06-01,5,2024-11-01,9462604.711222298,22413286.996865314,8913891.040868592,camacari-IPTU,camacari,IPTU
2024-06-01,2024-06-01,6,2024-12-01,13905224.647661604,24999106.47255858,8913891.040868592,camacari-IPTU,camacari,IPTU
2024-06-01,2024-06-01,7,2025-01-01,6388575.092741284,12104112.424484087,8913891.040868592,camacari-IPTU,camacari,IPTU
2024-06-01,2024-06-01,8,2025-02-01,12542878.821337909,15215687.843639197,8913891.040868592,camacari-IPTU,camacari,IPTU
2024-06-01,2024-06-01,9,2025-03-01,120152088.70043229,120575995.37004374,8913891.040868592,camacari-IPTU,camacari,IPTU
2024-06-01,2024-06-01,10,2025-04-01,11946177.334066126,15099873.368337967,8913891.040868592,camacari-IPTU,camacari,IPTU
2024-06-01,2024-06-01,11,2025-05-01,12492744.777130071,15289433.2198029,8913891.040868592,camacari-IPTU,camacari,IPTU
2024-06-01,2024-06-01,12,2025-06-01,10060501.5409044,18676485.737368815,8913891.040868592,camacari-IPTU,camacari,IPTU
2024-07-01,2024-07-01,1,2024-08-01,10773832.024935024,26818088.767889634,8920082.548312308,camacari-IPTU,camacari,IPTU
2024-07-01,2024-07-01,2,2024-09-01,10296585.057692552,17921824.79861038,8920082.548312308,camacari-IPTU,camacari,IPTU
2024-07-01,2024-07-01,3,2024-10-01,10512439.143674947,19404321.73018751,8920082.548312308,camacari-IPTU,camacari,IPTU
2024-07-01,2024-07-01,4,2024-11-01,9462604.711222298,21861077.81900942,8920082.548312308,camacari-IPTU,camacari,IPTU
2024-07-01,2024-07-01,5,2024-12-01,13905224.647661604,24446897.294702686,8920082.548312308,camacari-IPTU,camacari,IPTU
2024-07-01,2024-07-01,6,2025-01-01,6388575.092741284,11551903.246628195,8920082.548312308,camacari-IPTU,camacari,IPTU
2024-07-01,2024-07-01,7,2025-02-01,12542878.821337909,14663478.665783305,8920082.548312308,camacari-IPTU,camacari,IPTU
2024-07-01,2024-07-01,8,2025-03-01,120152088.70043229,120023786.19218785,8920082.548312308,camacari-IPTU,camacari,IPTU
2024-07-01,2024-07-01,9,2025-04-01,11946177.334066126,14547664.190482073,8920082.548312308,camacari-IPTU,camacari,IPTU
2024-07-01,2024-07-01,10,2025-05-01,12492744.777130071,14737224.041947007,8920082.548312308,camacari-IPTU,camacari,IPTU
2024-07-01,2024-07-01,11,2025-06-01,10060501.5409044,18124276.55951292,8920082.548312308,camacari-IPTU,camacari,IPTU
2024-07-01,2024-07-01,12,2025-07-01,11088846.80433917,14037779.414361786,8920082.548312308,camacari-IPTU,camacari,IPTU
2024-08-01,2024-08-01,1,2024-09-01,10296585.057692552,17628993.788975567,8964973.132256545,camacari-IPTU,camacari,IPTU
2024-08-01,2024-08-01,2,2024-10-01,10512439.143674947,19111490.720552698,8964973.132256545,camacari-IPTU,camacari,IPTU
2024-08-01,2024-08-01,3,2024-11-01,9462604.711222298,21568246.809374608,8964973.132256545,camacari-IPTU,camacari,IPTU
2024-08-01,2024-08-01,4,2024-12-01,13905224.647661604,24154066.285067875,8964973.132256545,camacari-IPTU,camacari,IPTU
2024-08-01,2024-08-01,5,2025-01-01,6388575.092741284,11259072.236993382,8964973.132256545,camacari-IPTU,camacari,IPTU
2024-08-01,2024-08-01,6,2025-02-01,12542878.821337909,14370647.656148491,8964973.132256545,camacari-IPTU,camacari,IPTU
2024-08-01,2024-08-01,7,2025-03-01,120152088.70043229,119730955.18255304,8964973.132256545,camacari-IPTU,camacari,IPTU
2024-08-01,2024-08-01,8,2025-04-01,11946177.334066126,14254833.180847261,8964973.132256545,camacari-IPTU,camacari,IPTU
2024-08-01,2024-08-01,9,2025-05-01,12492744.777130071,14444393.032312194,8964973.132256545,camacari-IPTU,camacari,IPTU
2024-08-01,2024-08-01,10,2025-06-01,10060501.5409044,17831445.549878106,8964973.132256545,camacari-IPTU,camacari,IPTU
2024-08-01,2024-08-01,11,2025-07-01,11088846.80433917,13744948.404726973,8964973.132256545,camacari-IPTU,camacari,IPTU
2024-08-01,2024-08-01,12,2025-08-01,10811979.522146849,12936554.47974171,8964973.132256545,camacari-IPTU,camacari,IPTU
2024-09-01,2024-09-01,1,2024-10-01,10512439.143674947,18067880.975646876,8928827.543153876,camacari-IPTU,camacari,IPTU
2024-09-01,2024-09-01,2,2024-11-01,9462604.711222298,20524637.064468786,8928827.543153876,camacari-IPTU,camacari,IPTU
2024-09-01,2024-09-01,3,2024-12-01,13905224.647661604,23110456.540162053,8928827.543153876,camacari-IPTU,camacari,IPTU
2024-09-01,2024-09-01,4,2025-01-01,6388575.092741284,10215462.492087562,8928827.543153876,camacari-IPTU,camacari,IPTU
2024-09-01,2024-09-01,5,2025-02-01,12542878.821337909,13327037.911242671,8928827.543153876,camacari-IPTU,camacari,IPTU
2024-09-01,2024-09-01,6,2025-03-01,120152088.70043229,118687345.43764722,8928827.543153876,camacari-IPTU,camacari,IPTU
2024-09-01,2024-09-01,7,2025-04-01,11946177.334066126,13211223.43594144,8928827.543153876,camacari-IPTU,camacari,IPTU
2024-09-01,2024-09-01,8,2025-05-01,12492744.777130071,13400783.287406374,8928827.543153876,camacari-IPTU,camacari,IPTU
2024-09-01,2024-09-01,9,2025-06-01,10060501.5409044,16787835.804972287,8928827.543153876,camacari-IPTU,camacari,IPTU
2024-09-01,2024-09-01,10,2025-07-01,11088846.80433917,12701338.659821153,8928827.543153876,camacari-IPTU,camacari,IPTU
2024-09-01,2024-09-01,11,2025-08-01,10811979.522146849,11892944.73483589,8928827.543153876,camacari-IPTU,camacari,IPTU
2024-09-01,2024-09-01,12,2025-09-01,10378202.791861642,11415697.767593417,8928827.543153876,camacari-IPTU,camacari,IPTU
2024-10-01,2024-10-01,1,2024-11-01,9462604.711222298,18565962.20615807,8905313.407105925,camacari-IPTU,camacari,IPTU
2024-10-01,2024-10-01,2,2024-12-01,13905224.647661604,21151781.681851335,8905313.407105925,camacari-IPTU,camacari,IPTU
2024-10-01,2024-10-01,3,2025-01-01,6388575.092741284,8256787.633776844,8905313.407105925,camacari-IPTU,camacari,IPTU
2024-10-01,2024-10-01,4,2025-02-01,12542878.821337909,11368363.052931953,8905313.407105925,camacari-IPTU,camacari,IPTU
2024-10-01,2024-10-01,5,2025-03-01,120152088.70043229,116728670.5793365,8905313.407105925,camacari-IPTU,camacari,IPTU
2024-10-01,2024-10-01,6,2025-04-01,11946177.334066126,11252548.577630723,8905313.407105925,camacari-IPTU,camacari,IPTU
2024-10-01,2024-10-01,7,2025-05-01,12492744.777130071,11442108.429095656,8905313.407105925,camacari-IPTU,camacari,IPTU
2024-10-01,2024-10-01,8,2025-06-01,10060501.5409044,14829160.94666157,8905313.407105925,camacari-IPTU,camacari,IPTU
2024-10-01,2024-10-01,9,2025-07-01,11088846.80433917,10742663.801510435,8905313.407105925,camacari-IPTU,camacari,IPTU
2024-10-01,2024-10-01,10,2025-08-01,10811979.522146849,9934269.876525171,8905313.407105925,camacari-IPTU,camacari,IPTU
2024-10-01,2024-10-01,11,2025-09-01,10378202.791861642,9457022.9092827,8905313.407105925,camacari-IPTU,camacari,IPTU
2024-10-01,2024-10-01,12,2025-10-01,16987225.41352915,9672876.995265095,8905313.407105925,camacari-IPTU,camacari,IPTU
2024-11-01,2024-11-01,1,2024-12-01,13905224.647661604,18472107.60748798,8915010.661650222,camacari-IPTU,camacari,IPTU
2024-11-01,2024-11-01,2,2025-01-01,6388575.092741284,5577113.559413487,8915010.661650222,camacari-IPTU,camacari,IPTU
2024-11-01,2024-11-01,3,2025-02-01,12542878.821337909,8688688.978568597,8915010.661650222,camacari-IPTU,camacari,IPTU
2024-11-01,2024-11-01,4,2025-03-01,120152088.70043229,114048996.50497314,8915010.661650222,camacari-IPTU,camacari,IPTU
2024-11-01,2024-11-01,5,2025-04-01,11946177.334066126,8572874.503267366,8915010.661650222,camacari-IPTU,camacari,IPTU
2024-11-01,2024-11-01,6,2025-05-01,12492744.777130071,8762434.3547323,8915010.661650222,camacari-IPTU,camacari,IPTU
2024-11-01,2024-11-01,7,2025-06-01,10060501.5409044,12149486.872298213,8915010.661650222,camacari-IPTU,camacari,IPTU
2024-11-01,2024-11-01,8,2025-07-01,11088846.80433917,8062989.727147078,8915010.661650222,camacari-IPTU,camacari,IPTU
2024-11-01,2024-11-01,9,2025-08-01,10811979.522146849,7254595.802161815,8915010.661650222,camacari-IPTU,camacari,IPTU
2024-11-01,2024-11-01,10,2025-09-01,10378202.791861642,6777348.834919343,8915010.661650222,camacari-IPTU,camacari,IPTU
2024-11-01,2024-11-01,11,2025-10-01,16987225.41352915,6993202.920901738,8915010.661650222,camacari-IPTU,camacari,IPTU
2024-11-01,2024-11-01,12,2025-11-01,29661422.3237848,5943368.488449089,8915010.661650222,camacari-IPTU,camacari,IPTU
2024-12-01,2024-12-01,1,2025-01-01,6388575.092741284,3293342.0829129983,8907335.7405479,camacari-IPTU,camacari,IPTU
2024-12-01,2024-12-01,2,2025-02-01,12542878.821337909,6404917.502068108,8907335.7405479,camacari-IPTU,camacari,IPTU
2024-12-01,2024-12-01,3,2025-03-01,120152088.70043229,111765225.02847266,8907335.7405479,camacari-IPTU,camacari,IPTU
2024-12-01,2024-12-01,4,2025-04-01,11946177.334066126,6289103.026766878,8907335.7405479,camacari-IPTU,camacari,IPTU
2024-12-01,2024-12-01,5,2025-05-01,12492744.777130071,6478662.87823181,8907335.7405479,camacari-IPTU,camacari,IPTU
2024-12-01,2024-12-01,6,2025-06-01,10060501.5409044,9865715.395797724,8907335.7405479,camacari-IPTU,camacari,IPTU
2024-12-01,2024-12-01,7,2025-07-01,11088846.80433917,5779218.250646589,8907335.7405479,camacari-IPTU,camacari,IPTU
2024-12-01,2024-12-01,8,2025-08-01,10811979.522146849,4970824.325661326,8907335.7405479,camacari-IPTU,camacari,IPTU
2024-12-01,2024-12-01,9,2025-09-01,10378202.791861642,4493577.358418854,8907335.7405479,camacari-IPTU,camacari,IPTU
2024-12-01,2024-12-01,10,2025-10-01,16987225.41352915,4709431.444401249,8907335.7405479,camacari-IPTU,camacari,IPTU
2024-12-01,2024-12-01,11,2025-11-01,29661422.3237848,3659597.0119486004,8907335.7405479,camacari-IPTU,camacari,IPTU
2024-12-01,2024-12-01,12,2025-12-01,28872249.34,8102216.948387906,8907335.7405479,camacari-IPTU,camacari,IPTU
2025-01-01,2025-01-01,1,2025-02-01,12542878.821337909,6404917.502068108,8850459.033657052,camacari-IPTU,camacari,IPTU
2025-01-01,2025-01-01,2,2025-03-01,120152088.70043229,111765225.02847266,8850459.033657052,camacari-IPTU,camacari,IPTU
2025-01-01,2025-01-01,3,2025-04-01,11946177.334066126,6289103.026766878,8850459.033657052,camacari-IPTU,camacari,IPTU
2025-01-01,2025-01-01,4,2025-05-01,12492744.777130071,6478662.87823181,8850459.033657052,camacari-IPTU,camacari,IPTU
2025-01-01,2025-01-01,5,2025-06-01,10060501.5409044,9865715.395797724,8850459.033657052,camacari-IPTU,camacari,IPTU
2025-01-01,2025-01-01,6,2025-07-01,11088846.80433917,5779218.250646589,8850459.033657052,camacari-IPTU,camacari,IPTU
2025-01-01,2025-01-01,7,2025-08-01,10811979.522146849,4970824.325661326,8850459.033657052,camacari-IPTU,camacari,IPTU
2025-01-01,2025-01-01,8,2025-09-01,10378202.791861642,4493577.358418854,8850459.033657052,camacari-IPTU,camacari,IPTU
2025-01-01,2025-01-01,9,2025-10-01,16987225.41352915,4709431.444401249,8850459.033657052,camacari-IPTU,camacari,IPTU
2025-01-01,2025-01-01,10,2025-11-01,29661422.3237848,3659597.0119486004,8850459.033657052,camacari-IPTU,camacari,IPTU
2025-01-01,2025-01-01,11,2025-12-01,28872249.34,8102216.948387906,8850459.033657052,camacari-IPTU,camacari,IPTU
2025-02-01,2025-02-01,1,2025-03-01,120152088.70043229,111765225.02847266,8773045.348078314,camacari-IPTU,camacari,IPTU
2025-02-01,2025-02-01,2,2025-04-01,11946177.334066126,6289103.026766878,8773045.348078314,camacari-IPTU,camacari,IPTU
2025-02-01,2025-02-01,3,2025-05-01,12492744.777130071,6478662.87823181,8773045.348078314,camacari-IPTU,camacari,IPTU
2025-02-01,2025-02-01,4,2025-06-01,10060501.5409044,9865715.395797724,8773045.348078314,camacari-IPTU,camacari,IPTU
2025-02-01,2025-02-01,5,2025-07-01,11088846.80433917,5779218.250646589,8773045.348078314,camacari-IPTU,camacari,IPTU
2025-02-01,2025-02-01,6,2025-08-01,10811979.522146849,4970824.325661326,8773045.348078314,camacari-IPTU,camacari,IPTU
2025-02-01,2025-02-01,7,2025-09-01,10378202.791861642,4493577.358418854,8773045.348078314,camacari-IPTU,camacari,IPTU
2025-02-01,2025-02-01,8,2025-10-01,16987225.41352915,4709431.444401249,8773045.348078314,camacari-IPTU,camacari,IPTU
2025-02-01,2025-02-01,9,2025-11-01,29661422.3237848,3659597.0119486004,8773045.348078314,camacari-IPTU,camacari,IPTU
2025-02-01,2025-02-01,10,2025-12-01,28872249.34,8102216.948387906,8773045.348078314,camacari-IPTU,camacari,IPTU
2025-03-01,2025-03-01,1,2025-04-01,11946177.334066126,6289103.026766878,8717286.885236941,camacari-IPTU,camacari,IPTU
2025-03-01,2025-03-01,2,2025-05-01,12492744.777130071,6478662.87823181,8717286.885236941,camacari-IPTU,camacari,IPTU
2025-03-01,2025-03-01,3,2025-06-01,10060501.5409044,9865715.395797724,8717286.885236941,camacari-IPTU,camacari,IPTU
2025-03-01,2025-03-01,4,2025-07-01,11088846.80433917,5779218.250646589,8717286.885236941,camacari-IPTU,camacari,IPTU
2025-03-01,2025-03-01,5,2025-08-01,10811979.522146849,4970824.325661326,8717286.885236941,camacari-IPTU,camacari,IPTU
2025-03-01,2025-03-01,6,2025-09-01,10378202.791861642,4493577.358418854,8717286.885236941,camacari-IPTU,camacari,IPTU
2025-03-01,2025-03-01,7,2025-10-01,16987225.41352915,4709431.444401249,8717286.885236941,camacari-IPTU,camacari,IPTU
2025-03-01,2025-03-01,8,2025-11-01,29661422.3237848,3659597.0119486004,8717286.885236941,camacari-IPTU,camacari,IPTU
2025-03-01,2025-03-01,9,2025-12-01,28872249.34,8102216.948387906,8717286.885236941,camacari-IPTU,camacari,IPTU
2025-04-01,2025-04-01,1,2025-05-01,12492744.777130071,8342940.094544636,8640756.943332814,camacari-IPTU,camacari,IPTU
2025-04-01,2025-04-01,2,2025-06-01,10060501.5409044,11729992.61211055,8640756.943332814,camacari-IPTU,camacari,IPTU
2025-04-01,2025-04-01,3,2025-07-01,11088846.80433917,7643495.466959415,8640756.943332814,camacari-IPTU,camacari,IPTU
2025-04-01,2025-04-01,4,2025-08-01,10811979.522146849,6835101.5419741515,8640756.943332814,camacari-IPTU,camacari,IPTU
2025-04-01,2025-04-01,5,2025-09-01,10378202.791861642,6357854.57473168,8640756.943332814,camacari-IPTU,camacari,IPTU
2025-04-01,2025-04-01,6,2025-10-01,16987225.41352915,6573708.660714075,8640756.943332814,camacari-IPTU,camacari,IPTU
2025-04-01,2025-04-01,7,2025-11-01,29661422.3237848,5523874.228261426,8640756.943332814,camacari-IPTU,camacari,IPTU
2025-04-01,2025-04-01,8,2025-12-01,28872249.34,9966494.164700732,8640756.943332814,camacari-IPTU,camacari,IPTU
2025-05-01,2025-05-01,1,2025-06-01,10060501.5409044,11729992.61211055,8566157.980999112,camacari-IPTU,camacari,IPTU
2025-05-01,2025-05-01,2,2025-07-01,11088846.80433917,7643495.466959415,8566157.980999112,camacari-IPTU,camacari,IPTU
2025-05-01,2025-05-01,3,2025-08-01,10811979.522146849,6835101.5419741515,8566157.980999112,camacari-IPTU,camacari,IPTU
2025-05-01,2025-05-01,4,2025-09-01,10378202.791861642,6357854.57473168,8566157.980999112,camacari-IPTU,camacari,IPTU
2025-05-01,2025-05-01,5,2025-10-01,16987225.41352915,6573708.660714075,8566157.980999112,camacari-IPTU,camacari,IPTU
2025-05-01,2025-05-01,6,2025-11-01,29661422.3237848,5523874.228261426,8566157.980999112,camacari-IPTU,camacari,IPTU
2025-05-01,2025-05-01,7,2025-12-01,28872249.34,9966494.164700732,8566157.980999112,camacari-IPTU,camacari,IPTU
2025-06-01,2025-06-01,1,2025-07-01,11088846.80433917,6193272.034598611,8540211.170237428,camacari-IPTU,camacari,IPTU
2025-06-01,2025-06-01,2,2025-08-01,10811979.522146849,5384878.109613348,8540211.170237428,camacari-IPTU,camacari,IPTU
2025-06-01,2025-06-01,3,2025-09-01,10378202.791861642,4907631.142370876,8540211.170237428,camacari-IPTU,camacari,IPTU
2025-06-01,2025-06-01,4,2025-10-01,16987225.41352915,5123485.228353271,8540211.170237428,camacari-IPTU,camacari,IPTU
2025-06-01,2025-06-01,5,2025-11-01,29661422.3237848,4073650.7959006224,8540211.170237428,camacari-IPTU,camacari,IPTU
2025-06-01,2025-06-01,6,2025-12-01,28872249.34,8516270.732339928,8540211.170237428,camacari-IPTU,camacari,IPTU
2025-07-01,2025-07-01,1,2025-08-01,10811979.522146849,6835101.5419741515,8470238.717849111,camacari-IPTU,camacari,IPTU
2025-07-01,2025-07-01,2,2025-09-01,10378202.791861642,6357854.57473168,8470238.717849111,camacari-IPTU,camacari,IPTU
2025-07-01,2025-07-01,3,2025-10-01,16987225.41352915,6573708.660714075,8470238.717849111,camacari-IPTU,camacari,IPTU
2025-07-01,2025-07-01,4,2025-11-01,29661422.3237848,5523874.228261426,8470238.717849111,camacari-IPTU,camacari,IPTU
2025-07-01,2025-07-01,5,2025-12-01,28872249.34,9966494.164700732,8470238.717849111,camacari-IPTU,camacari,IPTU
2025-08-01,2025-08-01,1,2025-09-01,10378202.791861642,8696008.140179288,8397548.276291894,camacari-IPTU,camacari,IPTU
2025-08-01,2025-08-01,2,2025-10-01,16987225.41352915,8911862.226161683,8397548.276291894,camacari-IPTU,camacari,IPTU
2025-08-01,2025-08-01,3,2025-11-01,29661422.3237848,7862027.793709034,8397548.276291894,camacari-IPTU,camacari,IPTU
2025-08-01,2025-08-01,4,2025-12-01,28872249.34,12304647.73014834,8397548.276291894,camacari-IPTU,camacari,IPTU
2025-09-01,2025-09-01,1,2025-10-01,16987225.41352915,10192782.874897163,8326471.946872041,camacari-IPTU,camacari,IPTU
2025-09-01,2025-09-01,2,2025-11-01,29661422.3237848,9142948.442444514,8326471.946872041,camacari-IPTU,camacari,IPTU
2025-09-01,2025-09-01,3,2025-12-01,28872249.34,13585568.37888382,8326471.946872041,camacari-IPTU,camacari,IPTU
2025-10-01,2025-10-01,1,2025-11-01,29661422.3237848,9408711.763840986,8310779.6953718895,camacari-IPTU,camacari,IPTU
2025-10-01,2025-10-01,2,2025-12-01,28872249.34,13851331.700280292,8310779.6953718895,camacari-IPTU,camacari,IPTU
2025-11-01,2025-11-01,1,2025-12-01,28872249.34,13965107.263352063,8410679.17366761,camacari-IPTU,camacari,IPTU
2020-12-01,2020-12-01,1,2021-01-01,16543166.329284055,17621178.922044937,1493060.8991192745,camacari-ISSQN,camacari,ISSQN
2020-12-01,2020-12-01,2,2021-02-01,14407952.673525412,17499171.874374785,1493060.8991192745,camacari-ISSQN,camacari,ISSQN
2020-12-01,2020-12-01,3,2021-03-01,14855886.310192015,14154452.806318676,1493060.8991192745,camacari-ISSQN,camacari,ISSQN
2020-12-01,2020-12-01,4,2021-04-01,15524759.746510506,14359513.727487653,1493060.8991192745,camacari-ISSQN,camacari,ISSQN
2020-12-01,2020-12-01,5,2021-05-01,15908108.22397056,11522277.537165629,1493060.8991192745,camacari-ISSQN,camacari,ISSQN
2020-12-01,2020-12-01,6,2021-06-01,16430714.61503123,10495744.961850733,1493060.8991192745,camacari-ISSQN,camacari,ISSQN
2020-12-01,2020-12-01,7,2021-07-01,15765340.012123786,12594447.74414765,1493060.8991192745,camacari-ISSQN,camacari,ISSQN
2020-12-01,2020-12-01,8,2021-08-01,17793395.258316882,12159047.191216368,1493060.8991192745,camacari-ISSQN,camacari,ISSQN
2020-12-01,2020-12-01,9,2021-09-01,17701014.731764168,12802065.111297984,1493060.8991192745,camacari-ISSQN,camacari,ISSQN
2020-12-01,2020-12-01,10,2021-10-01,17758714.841657992,13177613.07811306,1493060.8991192745,camacari-ISSQN,camacari,ISSQN
2020-12-01,2020-12-01,11,2021-11-01,17407028.491258733,14010660.098360242,1493060.8991192745,camacari-ISSQN,camacari,ISSQN
2020-12-01,2020-12-01,12,2021-12-01,20432534.845650554,16038317.857457738,1493060.8991192745,camacari-ISSQN,camacari,ISSQN
2021-01-01,2021-01-01,1,2021-02-01,14407952.673525412,16905287.6913824,1505343.2058992474,camacari-ISSQN,camacari,ISSQN
2021-01-01,2021-01-01,2,2021-03-01,14855886.310192015,13560568.623326294,1505343.2058992474,camacari-ISSQN,camacari,ISSQN
2021-01-01,2021-01-01,3,2021-04-01,15524759.746510506,13765629.54449527,1505343.2058992474,camacari-ISSQN,camacari,ISSQN
2021-01-01,2021-01-01,4,2021-05-01,15908108.22397056,10928393.354173247,1505343.2058992474,camacari-ISSQN,camacari,ISSQN
2021-01-01,2021-01-01,5,2021-06-01,16430714.61503123,9901860.778858349,1505343.2058992474,camacari-ISSQN,camacari,ISSQN
2021-01-01,2021-01-01,6,2021-07-01,15765340.012123786,12000563.561155267,1505343.2058992474,camacari-ISSQN,camacari,ISSQN
2021-01-01,2021-01-01,7,2021-08-01,17793395.258316882,11565163.008223984,1505343.2058992474,camacari-ISSQN,camacari,ISSQN
2021-01-01,2021-01-01,8,2021-09-01,17701014.731764168,12208180.9283056,1505343.2058992474,camacari-ISSQN,camacari,ISSQN
2021-01-01,2021-01-01,9,2021-10-01,17758714.841657992,12583728.895120677,1505343.2058992474,camacari-ISSQN,camacari,ISSQN
2021-01-01,2021-01-01,10,2021-11-01,17407028.491258733,13416775.91536786,1505343.2058992474,camacari-ISSQN,camacari,ISSQN
2021-01-01,2021-01-01,11,2021-12-01,20432534.845650554,15444433.674465355,1505343.2058992474,camacari-ISSQN,camacari,ISSQN
2021-01-01,2021-01-01,12,2022-01-01,21092285.296450797,14785013.126354937,1505343.2058992474,camacari-ISSQN,camacari,ISSQN
2021-02-01,2021-02-01,1,2021-03-01,14855886.310192015,13198145.611935157,1549700.383558713,camacari-ISSQN,camacari,ISSQN
2021-02-01,2021-02-01,2,2021-04-01,15524759.746510506,13403206.533104135,1549700.383558713,camacari-ISSQN,camacari,ISSQN
2021-02-01,2021-02-01,3,2021-05-01,15908108.22397056,10565970.34278211,1549700.383558713,camacari-ISSQN,camacari,ISSQN
2021-02-01,2021-02-01,4,2021-06-01,16430714.61503123,9539437.767467214,1549700.383558713,camacari-ISSQN,camacari,ISSQN
2021-02-01,2021-02-01,5,2021-07-01,15765340.012123786,11638140.549764132,1549700.383558713,camacari-ISSQN,camacari,ISSQN
2021-02-01,2021-02-01,6,2021-08-01,17793395.258316882,11202739.99683285,1549700.383558713,camacari-ISSQN,camacari,ISSQN
2021-02-01,2021-02-01,7,2021-09-01,17701014.731764168,11845757.916914465,1549700.383558713,camacari-ISSQN,camacari,ISSQN
2021-02-01,2021-02-01,8,2021-10-01,17758714.841657992,12221305.883729542,1549700.383558713,camacari-ISSQN,camacari,ISSQN
2021-02-01,2021-02-01,9,2021-11-01,17407028.491258733,13054352.903976724,1549700.383558713,camacari-ISSQN,camacari,ISSQN
2021-02-01,2021-02-01,10,2021-12-01,20432534.845650554,15082010.66307422,1549700.383558713,camacari-ISSQN,camacari,ISSQN
2021-02-01,2021-02-01,11,2022-01-01,21092285.296450797,14422590.1149638,1549700.383558713,camacari-ISSQN,camacari,ISSQN
2021-02-01,2021-02-01,12,2022-02-01,16186897.483220601,12287376.459205156,1549700.383558713,camacari-ISSQN,camacari,ISSQN
2021-03-01,2021-03-01,1,2021-04-01,15524759.746510506,13403206.533104135,1532448.5602651364,camacari-ISSQN,camacari,ISSQN
2021-03-01,2021-03-01,2,2021-05-01,15908108.22397056,10565970.34278211,1532448.5602651364,camacari-ISSQN,camacari,ISSQN
2021-03-01,2021-03-01,3,2021-06-01,16430714.61503123,9539437.767467214,1532448.5602651364,camacari-ISSQN,camacari,ISSQN
2021-03-01,2021-03-01,4,2021-07-01,15765340.012123786,11638140.549764132,1532448.5602651364,camacari-ISSQN,camacari,ISSQN
2021-03-01,2021-03-01,5,2021-08-01,17793395.258316882,11202739.99683285,1532448.5602651364,camacari-ISSQN,camacari,ISSQN
2021-03-01,2021-03-01,6,2021-09-01,17701014.731764168,11845757.916914465,1532448.5602651364,camacari-ISSQN,camacari,ISSQN
2021-03-01,2021-03-01,7,2021-10-01,17758714.841657992,12221305.883729542,1532448.5602651364,camacari-ISSQN,camacari,ISSQN
2021-03-01,2021-03-01,8,2021-11-01,17407028.491258733,13054352.903976724,1532448.5602651364,camacari-ISSQN,camacari,ISSQN
2021-03-01,2021-03-01,9,2021-12-01,20432534.845650554,15082010.66307422,1532448.5602651364,camacari-ISSQN,camacari,ISSQN
2021-03-01,2021-03-01,10,2022-01-01,21092285.296450797,14422590.1149638,1532448.5602651364,camacari-ISSQN,camacari,ISSQN
2021-03-01,2021-03-01,11,2022-02-01,16186897.483220601,12287376.459205156,1532448.5602651364,camacari-ISSQN,camacari,ISSQN
2021-03-01,2021-03-01,12,2022-03-01,20609813.782492623,12735310.09587176,1532448.5602651364,camacari-ISSQN,camacari,ISSQN
2021-04-01,2021-04-01,1,2021-05-01,15908108.22397056,10565970.34278211,1508519.317121714,camacari-ISSQN,camacari,ISSQN
2021-04-01,2021-04-01,2,2021-06-01,16430714.61503123,9539437.767467214,1508519.317121714,camacari-ISSQN,camacari,ISSQN
2021-04-01,2021-04-01,3,2021-07-01,15765340.012123786,11638140.549764132,1508519.317121714,camacari-ISSQN,camacari,ISSQN
2021-04-01,2021-04-01,4,2021-08-01,17793395.258316882,11202739.99683285,1508519.317121714,camacari-ISSQN,camacari,ISSQN
2021-04-01,2021-04-01,5,2021-09-01,17701014.731764168,11845757.916914465,1508519.317121714,camacari-ISSQN,camacari,ISSQN
2021-04-01,2021-04-01,6,2021-10-01,17758714.841657992,12221305.883729542,1508519.317121714,camacari-ISSQN,camacari,ISSQN
2021-04-01,2021-04-01,7,2021-11-01,17407028.491258733,13054352.903976724,1508519.317121714,camacari-ISSQN,camacari,ISSQN
2021-04-01,2021-04-01,8,2021-12-01,20432534.845650554,15082010.66307422,1508519.317121714,camacari-ISSQN,camacari,ISSQN
2021-04-01,2021-04-01,9,2022-01-01,21092285.296450797,14422590.1149638,1508519.317121714,camacari-ISSQN,camacari,ISSQN
2021-04-01,2021-04-01,10,2022-02-01,16186897.483220601,12287376.459205156,1508519.317121714,camacari-ISSQN,camacari,ISSQN
2021-04-01,2021-04-01,11,2022-03-01,20609813.782492623,12735310.09587176,1508519.317121714,camacari-ISSQN,camacari,ISSQN
2021-04-01,2021-04-01,12,2022-04-01,17759980.546359718,13404183.53219025,1508519.317121714,camacari-ISSQN,camacari,ISSQN
2021-05-01,2021-05-01,1,2021-06-01,16430714.61503123,9901860.778858349,1534873.8148101212,camacari-ISSQN,camacari,ISSQN
2021-05-01,2021-05-01,2,2021-07-01,15765340.012123786,12000563.561155267,1534873.8148101212,camacari-ISSQN,camacari,ISSQN
2021-05-01,2021-05-01,3,2021-08-01,17793395.258316882,11565163.008223984,1534873.8148101212,camacari-ISSQN,camacari,ISSQN
2021-05-01,2021-05-01,4,2021-09-01,17701014.731764168,12208180.9283056,1534873.8148101212,camacari-ISSQN,camacari,ISSQN
2021-05-01,2021-05-01,5,2021-10-01,17758714.841657992,12583728.895120677,1534873.8148101212,camacari-ISSQN,camacari,ISSQN
2021-05-01,2021-05-01,6,2021-11-01,17407028.491258733,13416775.91536786,1534873.8148101212,camacari-ISSQN,camacari,ISSQN
2021-05-01,2021-05-01,7,2021-12-01,20432534.845650554,15444433.674465355,1534873.8148101212,camacari-ISSQN,camacari,ISSQN
2021-05-01,2021-05-01,8,2022-01-01,21092285.296450797,14785013.126354937,1534873.8148101212,camacari-ISSQN,camacari,ISSQN
2021-05-01,2021-05-01,9,2022-02-01,16186897.483220601,12649799.470596291,1534873.8148101212,camacari-ISSQN,camacari,ISSQN
2021-05-01,2021-05-01,10,2022-03-01,20609813.782492623,13097733.107262895,1534873.8148101212,camacari-ISSQN,camacari,ISSQN
2021-05-01,2021-05-01,11,2022-04-01,17759980.546359718,13766606.543581385,1534873.8148101212,camacari-ISSQN,camacari,ISSQN
2021-05-01,2021-05-01,12,2022-05-01,16931826.340154935,14149955.021041442,1534873.8148101212,camacari-ISSQN,camacari,ISSQN
2021-06-01,2021-06-01,1,2021-07-01,15765340.012123786,12594447.74414765,1583901.4938772975,camacari-ISSQN,camacari,ISSQN
2021-06-01,2021-06-01,2,2021-08-01,17793395.258316882,12159047.191216368,1583901.4938772975,camacari-ISSQN,camacari,ISSQN
2021-06-01,2021-06-01,3,2021-09-01,17701014.731764168,12802065.111297984,1583901.4938772975,camacari-ISSQN,camacari,ISSQN
2021-06-01,2021-06-01,4,2021-10-01,17758714.841657992,13177613.07811306,1583901.4938772975,camacari-ISSQN,camacari,ISSQN
2021-06-01,2021-06-01,5,2021-11-01,17407028.491258733,14010660.098360242,1583901.4938772975,camacari-ISSQN,camacari,ISSQN
2021-06-01,2021-06-01,6,2021-12-01,20432534.845650554,16038317.857457738,1583901.4938772975,camacari-ISSQN,camacari,ISSQN
2021-06-01,2021-06-01,7,2022-01-01,21092285.296450797,15378897.309347318,1583901.4938772975,camacari-ISSQN,camacari,ISSQN
2021-06-01,2021-06-01,8,2022-02-01,16186897.483220601,13243683.653588675,1583901.4938772975,camacari-ISSQN,camacari,ISSQN
2021-06-01,2021-06-01,9,2022-03-01,20609813.782492623,13691617.290255278,1583901.4938772975,camacari-ISSQN,camacari,ISSQN
2021-06-01,2021-06-01,10,2022-04-01,17759980.546359718,14360490.726573769,1583901.4938772975,camacari-ISSQN,camacari,ISSQN
2021-06-01,2021-06-01,11,2022-05-01,16931826.340154935,14743839.204033824,1583901.4938772975,camacari-ISSQN,camacari,ISSQN
2021-06-01,2021-06-01,12,2022-06-01,17868945.717301447,15266445.595094493,1583901.4938772975,camacari-ISSQN,camacari,ISSQN
2021-07-01,2021-07-01,1,2021-08-01,17793395.258316882,12576112.515705522,1590210.7737901646,camacari-ISSQN,camacari,ISSQN
2021-07-01,2021-07-01,2,2021-09-01,17701014.731764168,13219130.435787138,1590210.7737901646,camacari-ISSQN,camacari,ISSQN
2021-07-01,2021-07-01,3,2021-10-01,17758714.841657992,13594678.402602214,1590210.7737901646,camacari-ISSQN,camacari,ISSQN
2021-07-01,2021-07-01,4,2021-11-01,17407028.491258733,14427725.422849396,1590210.7737901646,camacari-ISSQN,camacari,ISSQN
2021-07-01,2021-07-01,5,2021-12-01,20432534.845650554,16455383.181946892,1590210.7737901646,camacari-ISSQN,camacari,ISSQN
2021-07-01,2021-07-01,6,2022-01-01,21092285.296450797,15795962.633836472,1590210.7737901646,camacari-ISSQN,camacari,ISSQN
2021-07-01,2021-07-01,7,2022-02-01,16186897.483220601,13660748.978077829,1590210.7737901646,camacari-ISSQN,camacari,ISSQN
2021-07-01,2021-07-01,8,2022-03-01,20609813.782492623,14108682.614744432,1590210.7737901646,camacari-ISSQN,camacari,ISSQN
2021-07-01,2021-07-01,9,2022-04-01,17759980.546359718,14777556.051062923,1590210.7737901646,camacari-ISSQN,camacari,ISSQN
2021-07-01,2021-07-01,10,2022-05-01,16931826.340154935,15160904.528522978,1590210.7737901646,camacari-ISSQN,camacari,ISSQN
2021-07-01,2021-07-01,11,2022-06-01,17868945.717301447,15683510.919583647,1590210.7737901646,camacari-ISSQN,camacari,ISSQN
2021-07-01,2021-07-01,12,2022-07-01,18361779.51930217,15018136.316676203,1590210.7737901646,camacari-ISSQN,camacari,ISSQN
2021-08-01,2021-08-01,1,2021-09-01,17701014.731764168,13396227.484067328,1632561.777810365,camacari-ISSQN,camacari,ISSQN
2021-08-01,2021-08-01,2,2021-10-01,17758714.841657992,13771775.450882405,1632561.777810365,camacari-ISSQN,camacari,ISSQN
2021-08-01,2021-08-01,3,2021-11-01,17407028.491258733,14604822.471129585,1632561.777810365,camacari-ISSQN,camacari,ISSQN
2021-08-01,2021-08-01,4,2021-12-01,20432534.845650554,16632480.230227083,1632561.777810365,camacari-ISSQN,camacari,ISSQN
2021-08-01,2021-08-01,5,2022-01-01,21092285.296450797,15973059.682116661,1632561.777810365,camacari-ISSQN,camacari,ISSQN
2021-08-01,2021-08-01,6,2022-02-01,16186897.483220601,13837846.02635802,1632561.777810365,camacari-ISSQN,camacari,ISSQN
2021-08-01,2021-08-01,7,2022-03-01,20609813.782492623,14285779.663024623,1632561.777810365,camacari-ISSQN,camacari,ISSQN
2021-08-01,2021-08-01,8,2022-04-01,17759980.546359718,14954653.099343114,1632561.777810365,camacari-ISSQN,camacari,ISSQN
2021-08-01,2021-08-01,9,2022-05-01,16931826.340154935,15338001.576803166,1632561.777810365,camacari-ISSQN,camacari,ISSQN
2021-08-01,2021-08-01,10,2022-06-01,17868945.717301447,15860607.967863835,1632561.777810365,camacari-ISSQN,camacari,ISSQN
2021-08-01,2021-08-01,11,2022-07-01,18361779.51930217,15195233.364956394,1632561.777810365,camacari-ISSQN,camacari,ISSQN
2021-08-01,2021-08-01,12,2022-08-01,19637963.915173445,17223288.61114949,1632561.777810365,camacari-ISSQN,camacari,ISSQN
2021-09-01,2021-09-01,1,2021-10-01,17758714.841657992,14110952.839561157,1663027.2679946995,camacari-ISSQN,camacari,ISSQN
2021-09-01,2021-09-01,2,2021-11-01,17407028.491258733,14943999.859808337,1663027.2679946995,camacari-ISSQN,camacari,ISSQN
2021-09-01,2021-09-01,3,2021-12-01,20432534.845650554,16971657.618905835,1663027.2679946995,camacari-ISSQN,camacari,ISSQN
2021-09-01,2021-09-01,4,2022-01-01,21092285.296450797,16312237.070795413,1663027.2679946995,camacari-ISSQN,camacari,ISSQN
2021-09-01,2021-09-01,5,2022-02-01,16186897.483220601,14177023.415036771,1663027.2679946995,camacari-ISSQN,camacari,ISSQN
2021-09-01,2021-09-01,6,2022-03-01,20609813.782492623,14624957.051703375,1663027.2679946995,camacari-ISSQN,camacari,ISSQN
2021-09-01,2021-09-01,7,2022-04-01,17759980.546359718,15293830.488021865,1663027.2679946995,camacari-ISSQN,camacari,ISSQN
2021-09-01,2021-09-01,8,2022-05-01,16931826.340154935,15677178.965481918,1663027.2679946995,camacari-ISSQN,camacari,ISSQN
2021-09-01,2021-09-01,9,2022-06-01,17868945.717301447,16199785.356542587,1663027.2679946995,camacari-ISSQN,camacari,ISSQN
2021-09-01,2021-09-01,10,2022-07-01,18361779.51930217,15534410.753635146,1663027.2679946995,camacari-ISSQN,camacari,ISSQN
2021-09-01,2021-09-01,11,2022-08-01,19637963.915173445,17562465.99982824,1663027.2679946995,camacari-ISSQN,camacari,ISSQN
2021-09-01,2021-09-01,12,2022-09-01,21330305.533095423,17470085.473275527,1663027.2679946995,camacari-ISSQN,camacari,ISSQN
2021-10-01,2021-10-01,1,2021-11-01,17407028.491258733,16178729.241859736,1688081.631932035,camacari-ISSQN,camacari,ISSQN
2021-10-01,2021-10-01,2,2021-12-01,20432534.845650554,18206387.000957232,1688081.631932035,camacari-ISSQN,camacari,ISSQN
2021-10-01,2021-10-01,3,2022-01-01,21092285.296450797,17546966.45284681,1688081.631932035,camacari-ISSQN,camacari,ISSQN
2021-10-01,2021-10-01,4,2022-02-01,16186897.483220601,15411752.797088169,1688081.631932035,camacari-ISSQN,camacari,ISSQN
2021-10-01,2021-10-01,5,2022-03-01,20609813.782492623,15859686.433754772,1688081.631932035,camacari-ISSQN,camacari,ISSQN
2021-10-01,2021-10-01,6,2022-04-01,17759980.546359718,16528559.870073263,1688081.631932035,camacari-ISSQN,camacari,ISSQN
2021-10-01,2021-10-01,7,2022-05-01,16931826.340154935,16911908.347533315,1688081.631932035,camacari-ISSQN,camacari,ISSQN
2021-10-01,2021-10-01,8,2022-06-01,17868945.717301447,17434514.738593988,1688081.631932035,camacari-ISSQN,camacari,ISSQN
2021-10-01,2021-10-01,9,2022-07-01,18361779.51930217,16769140.135686543,1688081.631932035,camacari-ISSQN,camacari,ISSQN
2021-10-01,2021-10-01,10,2022-08-01,19637963.915173445,18797195.38187964,1688081.631932035,camacari-ISSQN,camacari,ISSQN
2021-10-01,2021-10-01,11,2022-09-01,21330305.533095423,18704814.855326924,1688081.631932035,camacari-ISSQN,camacari,ISSQN
2021-10-01,2021-10-01,12,2022-10-01,20448732.012382615,18762514.96522075,1688081.631932035,camacari-ISSQN,camacari,ISSQN
2021-11-01,2021-11-01,1,2021-12-01,20432534.845650554,19321948.187895052,1695743.853636679,camacari-ISSQN,camacari,ISSQN
2021-11-01,2021-11-01,2,2022-01-01,21092285.296450797,18662527.63978463,1695743.853636679,camacari-ISSQN,camacari,ISSQN
2021-11-01,2021-11-01,3,2022-02-01,16186897.483220601,16527313.984025989,1695743.853636679,camacari-ISSQN,camacari,ISSQN
2021-11-01,2021-11-01,4,2022-03-01,20609813.782492623,16975247.620692592,1695743.853636679,camacari-ISSQN,camacari,ISSQN
2021-11-01,2021-11-01,5,2022-04-01,17759980.546359718,17644121.057011083,1695743.853636679,camacari-ISSQN,camacari,ISSQN
2021-11-01,2021-11-01,6,2022-05-01,16931826.340154935,18027469.534471136,1695743.853636679,camacari-ISSQN,camacari,ISSQN
2021-11-01,2021-11-01,7,2022-06-01,17868945.717301447,18550075.925531805,1695743.853636679,camacari-ISSQN,camacari,ISSQN
2021-11-01,2021-11-01,8,2022-07-01,18361779.51930217,17884701.322624363,1695743.853636679,camacari-ISSQN,camacari,ISSQN
2021-11-01,2021-11-01,9,2022-08-01,19637963.915173445,19912756.56881746,1695743.853636679,camacari-ISSQN,camacari,ISSQN
2021-11-01,2021-11-01,10,2022-09-01,21330305.533095423,19820376.042264745,1695743.853636679,camacari-ISSQN,camacari,ISSQN
2021-11-01,2021-11-01,11,2022-10-01,20448732.012382615,19878076.15215857,1695743.853636679,camacari-ISSQN,camacari,ISSQN
2021-11-01,2021-11-01,12,2022-11-01,21417476.473871592,19526389.80175931,1695743.853636679,camacari-ISSQN,camacari,ISSQN
2021-12-01,2021-12-01,1,2022-01-01,21092285.296450797,19269996.84919903,1717052.2441175042,camacari-ISSQN,camacari,ISSQN
2021-12-01,2021-12-01,2,2022-02-01,16186897.483220601,17134783.193440385,1717052.2441175042,camacari-ISSQN,camacari,ISSQN
2021-12-01,2021-12-01,3,2022-03-01,20609813.782492623,17582716.83010699,1717052.2441175042,camacari-ISSQN,camacari,ISSQN
2021-12-01,2021-12-01,4,2022-04-01,17759980.546359718,18251590.26642548,1717052.2441175042,camacari-ISSQN,camacari,ISSQN
2021-12-01,2021-12-01,5,2022-05-01,16931826.340154935,18634938.743885536,1717052.2441175042,camacari-ISSQN,camacari,ISSQN
2021-12-01,2021-12-01,6,2022-06-01,17868945.717301447,19157545.134946205,1717052.2441175042,camacari-ISSQN,camacari,ISSQN
2021-12-01,2021-12-01,7,2022-07-01,18361779.51930217,18492170.53203876,1717052.2441175042,camacari-ISSQN,camacari,ISSQN
2021-12-01,2021-12-01,8,2022-08-01,19637963.915173445,20520225.778231855,1717052.2441175042,camacari-ISSQN,camacari,ISSQN
2021-12-01,2021-12-01,9,2022-09-01,21330305.533095423,20427845.25167914,1717052.2441175042,camacari-ISSQN,camacari,ISSQN
2021-12-01,2021-12-01,10,2022-10-01,20448732.012382615,20485545.361572966,1717052.2441175042,camacari-ISSQN,camacari,ISSQN
2021-12-01,2021-12-01,11,2022-11-01,21417476.473871592,20133859.011173707,1717052.2441175042,camacari-ISSQN,camacari,ISSQN
2021-12-01,2021-12-01,12,2022-12-01,25036250.719354104,23159365.365565527,1717052.2441175042,camacari-ISSQN,camacari,ISSQN
2022-01-01,2022-01-01,1,2022-02-01,16186897.483220601,17633707.49108755,1755847.6786798225,camacari-ISSQN,camacari,ISSQN
2022-01-01,2022-01-01,2,2022-03-01,20609813.782492623,18081641.12775415,1755847.6786798225,camacari-ISSQN,camacari,ISSQN
2022-01-01,2022-01-01,3,2022-04-01,17759980.546359718,18750514.564072642,1755847.6786798225,camacari-ISSQN,camacari,ISSQN
2022-01-01,2022-01-01,4,2022-05-01,16931826.340154935,19133863.041532695,1755847.6786798225,camacari-ISSQN,camacari,ISSQN
2022-01-01,2022-01-01,5,2022-06-01,17868945.717301447,19656469.432593368,1755847.6786798225,camacari-ISSQN,camacari,ISSQN
2022-01-01,2022-01-01,6,2022-07-01,18361779.51930217,18991094.829685923,1755847.6786798225,camacari-ISSQN,camacari,ISSQN
2022-01-01,2022-01-01,7,2022-08-01,19637963.915173445,21019150.07587902,1755847.6786798225,camacari-ISSQN,camacari,ISSQN
2022-01-01,2022-01-01,8,2022-09-01,21330305.533095423,20926769.549326304,1755847.6786798225,camacari-ISSQN,camacari,ISSQN
2022-01-01,2022-01-01,9,2022-10-01,20448732.012382615,20984469.65922013,1755847.6786798225,camacari-ISSQN,camacari,ISSQN
2022-01-01,2022-01-01,10,2022-11-01,21417476.473871592,20632783.30882087,1755847.6786798225,camacari-ISSQN,camacari,ISSQN
2022-01-01,2022-01-01,11,2022-12-01,25036250.719354104,23658289.66321269,1755847.6786798225,camacari-ISSQN,camacari,ISSQN
2022-01-01,2022-01-01,12,2023-01-01,29157384.457611956,24318040.114012934,1755847.6786798225,camacari-ISSQN,camacari,ISSQN
2022-02-01,2022-02-01,1,2022-03-01,20609813.782492623,18081641.12775415,1756159.802071922,camacari-ISSQN,camacari,ISSQN
2022-02-01,2022-02-01,2,2022-04-01,17759980.546359718,18750514.564072642,1756159.802071922,camacari-ISSQN,camacari,ISSQN
2022-02-01,2022-02-01,3,2022-05-01,16931826.340154935,19133863.041532695,1756159.802071922,camacari-ISSQN,camacari,ISSQN
2022-02-01,2022-02-01,4,2022-06-01,17868945.717301447,19656469.432593368,1756159.802071922,camacari-ISSQN,camacari,ISSQN
2022-02-01,2022-02-01,5,2022-07-01,18361779.51930217,18991094.829685923,1756159.802071922,camacari-ISSQN,camacari,ISSQN
2022-02-01,2022-02-01,6,2022-08-01,19637963.915173445,21019150.07587902,1756159.802071922,camacari-ISSQN,camacari,ISSQN
2022-02-01,2022-02-01,7,2022-09-01,21330305.533095423,20926769.549326304,1756159.802071922,camacari-ISSQN,camacari,ISSQN
2022-02-01,2022-02-01,8,2022-10-01,20448732.012382615,20984469.65922013,1756159.802071922,camacari-ISSQN,camacari,ISSQN
2022-02-01,2022-02-01,9,2022-11-01,21417476.473871592,20632783.30882087,1756159.802071922,camacari-ISSQN,camacari,ISSQN
2022-02-01,2022-02-01,10,2022-12-01,25036250.719354104,23658289.66321269,1756159.802071922,camacari-ISSQN,camacari,ISSQN
2022-02-01,2022-02-01,11,2023-01-01,29157384.457611956,24318040.114012934,1756159.802071922,camacari-ISSQN,camacari,ISSQN
2022-02-01,2022-02-01,12,2023-02-01,18854324.324541107,19412652.30078274,1756159.802071922,camacari-ISSQN,camacari,ISSQN
2022-03-01,2022-03-01,1,2022-04-01,17759980.546359718,18848150.102442645,1809463.3710083044,camacari-ISSQN,camacari,ISSQN
2022-03-01,2022-03-01,2,2022-05-01,16931826.340154935,19231498.579902697,1809463.3710083044,camacari-ISSQN,camacari,ISSQN
2022-03-01,2022-03-01,3,2022-06-01,17868945.717301447,19754104.970963366,1809463.3710083044,camacari-ISSQN,camacari,ISSQN
2022-03-01,2022-03-01,4,2022-07-01,18361779.51930217,19088730.368055925,1809463.3710083044,camacari-ISSQN,camacari,ISSQN
2022-03-01,2022-03-01,5,2022-08-01,19637963.915173445,21116785.61424902,1809463.3710083044,camacari-ISSQN,camacari,ISSQN
2022-03-01,2022-03-01,6,2022-09-01,21330305.533095423,21024405.087696306,1809463.3710083044,camacari-ISSQN,camacari,ISSQN
2022-03-01,2022-03-01,7,2022-10-01,20448732.012382615,21082105.197590128,1809463.3710083044,camacari-ISSQN,camacari,ISSQN
2022-03-01,2022-03-01,8,2022-11-01,21417476.473871592,20730418.84719087,1809463.3710083044,camacari-ISSQN,camacari,ISSQN
2022-03-01,2022-03-01,9,2022-12-01,25036250.719354104,23755925.201582693,1809463.3710083044,camacari-ISSQN,camacari,ISSQN
2022-03-01,2022-03-01,10,2023-01-01,29157384.457611956,24415675.652382933,1809463.3710083044,camacari-ISSQN,camacari,ISSQN
2022-03-01,2022-03-01,11,2023-02-01,18854324.324541107,19510287.83915274,1809463.3710083044,camacari-ISSQN,camacari,ISSQN
2022-03-01,2022-03-01,12,2023-03-01,20203586.524565566,23933204.13842476,1809463.3710083044,camacari-ISSQN,camacari,ISSQN
2022-04-01,2022-04-01,1,2022-05-01,16931826.340154935,19231498.579902697,1815065.4424404216,camacari-ISSQN,camacari,ISSQN
2022-04-01,2022-04-01,2,2022-06-01,17868945.717301447,19754104.970963366,1815065.4424404216,camacari-ISSQN,camacari,ISSQN
2022-04-01,2022-04-01,3,2022-07-01,18361779.51930217,19088730.368055925,1815065.4424404216,camacari-ISSQN,camacari,ISSQN
2022-04-01,2022-04-01,4,2022-08-01,19637963.915173445,21116785.61424902,1815065.4424404216,camacari-ISSQN,camacari,ISSQN
2022-04-01,2022-04-01,5,2022-09-01,21330305.533095423,21024405.087696306,1815065.4424404216,camacari-ISSQN,camacari,ISSQN
2022-04-01,2022-04-01,6,2022-10-01,20448732.012382615,21082105.197590128,1815065.4424404216,camacari-ISSQN,camacari,ISSQN
2022-04-01,2022-04-01,7,2022-11-01,21417476.473871592,20730418.84719087,1815065.4424404216,camacari-ISSQN,camacari,ISSQN
2022-04-01,2022-04-01,8,2022-12-01,25036250.719354104,23755925.201582693,1815065.4424404216,camacari-ISSQN,camacari,ISSQN
2022-04-01,2022-04-01,9,2023-01-01,29157384.457611956,24415675.652382933,1815065.4424404216,camacari-ISSQN,camacari,ISSQN
2022-04-01,2022-04-01,10,2023-02-01,18854324.324541107,19510287.83915274,1815065.4424404216,camacari-ISSQN,camacari,ISSQN
2022-04-01,2022-04-01,11,2023-03-01,20203586.524565566,23933204.13842476,1815065.4424404216,camacari-ISSQN,camacari,ISSQN
2022-04-01,2022-04-01,12,2023-04-01,23075077.619267482,21083370.902291857,1815065.4424404216,camacari-ISSQN,camacari,ISSQN
2022-05-01,2022-05-01,1,2022-06-01,17868945.717301447,19754104.970963366,1804788.2044370964,camacari-ISSQN,camacari,ISSQN
2022-05-01,2022-05-01,2,2022-07-01,18361779.51930217,19088730.368055925,1804788.2044370964,camacari-ISSQN,camacari,ISSQN
2022-05-01,2022-05-01,3,2022-08-01,19637963.915173445,21116785.61424902,1804788.2044370964,camacari-ISSQN,camacari,ISSQN
2022-05-01,2022-05-01,4,2022-09-01,21330305.533095423,21024405.087696306,1804788.2044370964,camacari-ISSQN,camacari,ISSQN
2022-05-01,2022-05-01,5,2022-10-01,20448732.012382615,21082105.197590128,1804788.2044370964,camacari-ISSQN,camacari,ISSQN
2022-05-01,2022-05-01,6,2022-11-01,21417476.473871592,20730418.84719087,1804788.2044370964,camacari-ISSQN,camacari,ISSQN
2022-05-01,2022-05-01,7,2022-12-01,25036250.719354104,23755925.201582693,1804788.2044370964,camacari-ISSQN,camacari,ISSQN
2022-05-01,2022-05-01,8,2023-01-01,29157384.457611956,24415675.652382933,1804788.2044370964,camacari-ISSQN,camacari,ISSQN
2022-05-01,2022-05-01,9,2023-02-01,18854324.324541107,19510287.83915274,1804788.2044370964,camacari-ISSQN,camacari,ISSQN
2022-05-01,2022-05-01,10,2023-03-01,20203586.524565566,23933204.13842476,1804788.2044370964,camacari-ISSQN,camacari,ISSQN
2022-05-01,2022-05-01,11,2023-04-01,23075077.619267482,21083370.902291857,1804788.2044370964,camacari-ISSQN,camacari,ISSQN
2022-05-01,2022-05-01,12,2023-05-01,18314045.276733518,20255216.69608707,1804788.2044370964,camacari-ISSQN,camacari,ISSQN
2022-06-01,2022-06-01,1,2022-07-01,18361779.51930217,18497924.39617643,1800088.7544093158,camacari-ISSQN,camacari,ISSQN
2022-06-01,2022-06-01,2,2022-08-01,19637963.915173445,20525979.642369527,1800088.7544093158,camacari-ISSQN,camacari,ISSQN
2022-06-01,2022-06-01,3,2022-09-01,21330305.533095423,20433599.115816813,1800088.7544093158,camacari-ISSQN,camacari,ISSQN
2022-06-01,2022-06-01,4,2022-10-01,20448732.012382615,20491299.225710638,1800088.7544093158,camacari-ISSQN,camacari,ISSQN
2022-06-01,2022-06-01,5,2022-11-01,21417476.473871592,20139612.87531138,1800088.7544093158,camacari-ISSQN,camacari,ISSQN
2022-06-01,2022-06-01,6,2022-12-01,25036250.719354104,23165119.2297032,1800088.7544093158,camacari-ISSQN,camacari,ISSQN
2022-06-01,2022-06-01,7,2023-01-01,29157384.457611956,23824869.680503443,1800088.7544093158,camacari-ISSQN,camacari,ISSQN
2022-06-01,2022-06-01,8,2023-02-01,18854324.324541107,18919481.86727325,1800088.7544093158,camacari-ISSQN,camacari,ISSQN
2022-06-01,2022-06-01,9,2023-03-01,20203586.524565566,23342398.16654527,1800088.7544093158,camacari-ISSQN,camacari,ISSQN
2022-06-01,2022-06-01,10,2023-04-01,23075077.619267482,20492564.930412363,1800088.7544093158,camacari-ISSQN,camacari,ISSQN
2022-06-01,2022-06-01,11,2023-05-01,18314045.276733518,19664410.72420758,1800088.7544093158,camacari-ISSQN,camacari,ISSQN
2022-06-01,2022-06-01,12,2023-06-01,19136367.451210137,20601530.101354092,1800088.7544093158,camacari-ISSQN,camacari,ISSQN
2022-07-01,2022-07-01,1,2022-08-01,19637963.915173445,20706588.996034116,1810169.1436848738,camacari-ISSQN,camacari,ISSQN
2022-07-01,2022-07-01,2,2022-09-01,21330305.533095423,20614208.4694814,1810169.1436848738,camacari-ISSQN,camacari,ISSQN
2022-07-01,2022-07-01,3,2022-10-01,20448732.012382615,20671908.579375222,1810169.1436848738,camacari-ISSQN,camacari,ISSQN
2022-07-01,2022-07-01,4,2022-11-01,21417476.473871592,20320222.228975967,1810169.1436848738,camacari-ISSQN,camacari,ISSQN
2022-07-01,2022-07-01,5,2022-12-01,25036250.719354104,23345728.583367787,1810169.1436848738,camacari-ISSQN,camacari,ISSQN
2022-07-01,2022-07-01,6,2023-01-01,29157384.457611956,24005479.034168027,1810169.1436848738,camacari-ISSQN,camacari,ISSQN
2022-07-01,2022-07-01,7,2023-02-01,18854324.324541107,19100091.220937833,1810169.1436848738,camacari-ISSQN,camacari,ISSQN
2022-07-01,2022-07-01,8,2023-03-01,20203586.524565566,23523007.520209856,1810169.1436848738,camacari-ISSQN,camacari,ISSQN
2022-07-01,2022-07-01,9,2023-04-01,23075077.619267482,20673174.28407695,1810169.1436848738,camacari-ISSQN,camacari,ISSQN
2022-07-01,2022-07-01,10,2023-05-01,18314045.276733518,19845020.077872165,1810169.1436848738,camacari-ISSQN,camacari,ISSQN
2022-07-01,2022-07-01,11,2023-06-01,19136367.451210137,20782139.455018677,1810169.1436848738,camacari-ISSQN,camacari,ISSQN
2022-07-01,2022-07-01,12,2023-07-01,21036673.873442713,21274973.2570194,1810169.1436848738,camacari-ISSQN,camacari,ISSQN
2022-08-01,2022-08-01,1,2022-09-01,21330305.533095423,20116844.885277964,1810599.1375995204,camacari-ISSQN,camacari,ISSQN
2022-08-01,2022-08-01,2,2022-10-01,20448732.012382615,20174544.995171793,1810599.1375995204,camacari-ISSQN,camacari,ISSQN
2022-08-01,2022-08-01,3,2022-11-01,21417476.473871592,19822858.64477253,1810599.1375995204,camacari-ISSQN,camacari,ISSQN
2022-08-01,2022-08-01,4,2022-12-01,25036250.719354104,22848364.99916435,1810599.1375995204,camacari-ISSQN,camacari,ISSQN
2022-08-01,2022-08-01,5,2023-01-01,29157384.457611956,23508115.449964598,1810599.1375995204,camacari-ISSQN,camacari,ISSQN
2022-08-01,2022-08-01,6,2023-02-01,18854324.324541107,18602727.6367344,1810599.1375995204,camacari-ISSQN,camacari,ISSQN
2022-08-01,2022-08-01,7,2023-03-01,20203586.524565566,23025643.93600642,1810599.1375995204,camacari-ISSQN,camacari,ISSQN
2022-08-01,2022-08-01,8,2023-04-01,23075077.619267482,20175810.699873514,1810599.1375995204,camacari-ISSQN,camacari,ISSQN
2022-08-01,2022-08-01,9,2023-05-01,18314045.276733518,19347656.493668735,1810599.1375995204,camacari-ISSQN,camacari,ISSQN
2022-08-01,2022-08-01,10,2023-06-01,19136367.451210137,20284775.870815247,1810599.1375995204,camacari-ISSQN,camacari,ISSQN
2022-08-01,2022-08-01,11,2023-07-01,21036673.873442713,20777609.67281597,1810599.1375995204,camacari-ISSQN,camacari,ISSQN
2022-08-01,2022-08-01,12,2023-08-01,21575949.02090314,22053794.068687245,1810599.1375995204,camacari-ISSQN,camacari,ISSQN
2022-09-01,2022-09-01,1,2022-10-01,20448732.012382615,20174544.995171793,1833052.1211023813,camacari-ISSQN,camacari,ISSQN
2022-09-01,2022-09-01,2,2022-11-01,21417476.473871592,19822858.64477253,1833052.1211023813,camacari-ISSQN,camacari,ISSQN
2022-09-01,2022-09-01,3,2022-12-01,25036250.719354104,22848364.99916435,1833052.1211023813,camacari-ISSQN,camacari,ISSQN
2022-09-01,2022-09-01,4,2023-01-01,29157384.457611956,23508115.449964598,1833052.1211023813,camacari-ISSQN,camacari,ISSQN
2022-09-01,2022-09-01,5,2023-02-01,18854324.324541107,18602727.6367344,1833052.1211023813,camacari-ISSQN,camacari,ISSQN
2022-09-01,2022-09-01,6,2023-03-01,20203586.524565566,23025643.93600642,1833052.1211023813,camacari-ISSQN,camacari,ISSQN
2022-09-01,2022-09-01,7,2023-04-01,23075077.619267482,20175810.699873514,1833052.1211023813,camacari-ISSQN,camacari,ISSQN
2022-09-01,2022-09-01,8,2023-05-01,18314045.276733518,19347656.493668735,1833052.1211023813,camacari-ISSQN,camacari,ISSQN
2022-09-01,2022-09-01,9,2023-06-01,19136367.451210137,20284775.870815247,1833052.1211023813,camacari-ISSQN,camacari,ISSQN
2022-09-01,2022-09-01,10,2023-07-01,21036673.873442713,20777609.67281597,1833052.1211023813,camacari-ISSQN,camacari,ISSQN
2022-09-01,2022-09-01,11,2023-08-01,21575949.02090314,22053794.068687245,1833052.1211023813,camacari-ISSQN,camacari,ISSQN
2022-09-01,2022-09-01,12,2023-09-01,20002492.205724116,23746135.686609223,1833052.1211023813,camacari-ISSQN,camacari,ISSQN
2022-10-01,2022-10-01,1,2022-11-01,21417476.473871592,19822858.64477253,1843502.9143904576,camacari-ISSQN,camacari,ISSQN
2022-10-01,2022-10-01,2,2022-12-01,25036250.719354104,22848364.99916435,1843502.9143904576,camacari-ISSQN,camacari,ISSQN
2022-10-01,2022-10-01,3,2023-01-01,29157384.457611956,23508115.449964598,1843502.9143904576,camacari-ISSQN,camacari,ISSQN
2022-10-01,2022-10-01,4,2023-02-01,18854324.324541107,18602727.6367344,1843502.9143904576,camacari-ISSQN,camacari,ISSQN
2022-10-01,2022-10-01,5,2023-03-01,20203586.524565566,23025643.93600642,1843502.9143904576,camacari-ISSQN,camacari,ISSQN
2022-10-01,2022-10-01,6,2023-04-01,23075077.619267482,20175810.699873514,1843502.9143904576,camacari-ISSQN,camacari,ISSQN
2022-10-01,2022-10-01,7,2023-05-01,18314045.276733518,19347656.493668735,1843502.9143904576,camacari-ISSQN,camacari,ISSQN
2022-10-01,2022-10-01,8,2023-06-01,19136367.451210137,20284775.870815247,1843502.9143904576,camacari-ISSQN,camacari,ISSQN
2022-10-01,2022-10-01,9,2023-07-01,21036673.873442713,20777609.67281597,1843502.9143904576,camacari-ISSQN,camacari,ISSQN
2022-10-01,2022-10-01,10,2023-08-01,21575949.02090314,22053794.068687245,1843502.9143904576,camacari-ISSQN,camacari,ISSQN
2022-10-01,2022-10-01,11,2023-09-01,20002492.205724116,23746135.686609223,1843502.9143904576,camacari-ISSQN,camacari,ISSQN
2022-10-01,2022-10-01,12,2023-10-01,20505785.038989563,22864562.165896416,1843502.9143904576,camacari-ISSQN,camacari,ISSQN
2022-11-01,2022-11-01,1,2022-12-01,25036250.719354104,23075763.18460206,1869610.6862967513,camacari-ISSQN,camacari,ISSQN
2022-11-01,2022-11-01,2,2023-01-01,29157384.457611956,23735513.6354023,1869610.6862967513,camacari-ISSQN,camacari,ISSQN
2022-11-01,2022-11-01,3,2023-02-01,18854324.324541107,18830125.822172105,1869610.6862967513,camacari-ISSQN,camacari,ISSQN
2022-11-01,2022-11-01,4,2023-03-01,20203586.524565566,23253042.12144413,1869610.6862967513,camacari-ISSQN,camacari,ISSQN
2022-11-01,2022-11-01,5,2023-04-01,23075077.619267482,20403208.885311224,1869610.6862967513,camacari-ISSQN,camacari,ISSQN
2022-11-01,2022-11-01,6,2023-05-01,18314045.276733518,19575054.679106437,1869610.6862967513,camacari-ISSQN,camacari,ISSQN
2022-11-01,2022-11-01,7,2023-06-01,19136367.451210137,20512174.05625295,1869610.6862967513,camacari-ISSQN,camacari,ISSQN
2022-11-01,2022-11-01,8,2023-07-01,21036673.873442713,21005007.858253673,1869610.6862967513,camacari-ISSQN,camacari,ISSQN
2022-11-01,2022-11-01,9,2023-08-01,21575949.02090314,22281192.254124947,1869610.6862967513,camacari-ISSQN,camacari,ISSQN
2022-11-01,2022-11-01,10,2023-09-01,20002492.205724116,23973533.872046925,1869610.6862967513,camacari-ISSQN,camacari,ISSQN
2022-11-01,2022-11-01,11,2023-10-01,20505785.038989563,23091960.351334117,1869610.6862967513,camacari-ISSQN,camacari,ISSQN
2022-11-01,2022-11-01,12,2023-11-01,25611611.938634984,24060704.812823094,1869610.6862967513,camacari-ISSQN,camacari,ISSQN
2022-12-01,2022-12-01,1,2023-01-01,29157384.457611956,23735513.6354023,1902159.5575754035,camacari-ISSQN,camacari,ISSQN
2022-12-01,2022-12-01,2,2023-02-01,18854324.324541107,18830125.822172105,1902159.5575754035,camacari-ISSQN,camacari,ISSQN
2022-12-01,2022-12-01,3,2023-03-01,20203586.524565566,23253042.12144413,1902159.5575754035,camacari-ISSQN,camacari,ISSQN
2022-12-01,2022-12-01,4,2023-04-01,23075077.619267482,20403208.885311224,1902159.5575754035,camacari-ISSQN,camacari,ISSQN
2022-12-01,2022-12-01,5,2023-05-01,18314045.276733518,19575054.679106437,1902159.5575754035,camacari-ISSQN,camacari,ISSQN
2022-12-01,2022-12-01,6,2023-06-01,19136367.451210137,20512174.05625295,1902159.5575754035,camacari-ISSQN,camacari,ISSQN
2022-12-01,2022-12-01,7,2023-07-01,21036673.873442713,21005007.858253673,1902159.5575754035,camacari-ISSQN,camacari,ISSQN
2022-12-01,2022-12-01,8,2023-08-01,21575949.02090314,22281192.254124947,1902159.5575754035,camacari-ISSQN,camacari,ISSQN
2022-12-01,2022-12-01,9,2023-09-01,20002492.205724116,23973533.872046925,1902159.5575754035,camacari-ISSQN,camacari,ISSQN
2022-12-01,2022-12-01,10,2023-10-01,20505785.038989563,23091960.351334117,1902159.5575754035,camacari-ISSQN,camacari,ISSQN
2022-12-01,2022-12-01,11,2023-11-01,25611611.938634984,24060704.812823094,1902159.5575754035,camacari-ISSQN,camacari,ISSQN
2022-12-01,2022-12-01,12,2023-12-01,23583900.23543129,27679479.058305606,1902159.5575754035,camacari-ISSQN,camacari,ISSQN
2023-01-01,2023-01-01,1,2023-02-01,18854324.324541107,18830125.822172105,1974664.7293822947,camacari-ISSQN,camacari,ISSQN
2023-01-01,2023-01-01,2,2023-03-01,20203586.524565566,23253042.12144413,1974664.7293822947,camacari-ISSQN,camacari,ISSQN
2023-01-01,2023-01-01,3,2023-04-01,23075077.619267482,20403208.885311224,1974664.7293822947,camacari-ISSQN,camacari,ISSQN
2023-01-01,2023-01-01,4,2023-05-01,18314045.276733518,19575054.679106437,1974664.7293822947,camacari-ISSQN,camacari,ISSQN
2023-01-01,2023-01-01,5,2023-06-01,19136367.451210137,20512174.05625295,1974664.7293822947,camacari-ISSQN,camacari,ISSQN
2023-01-01,2023-01-01,6,2023-07-01,21036673.873442713,21005007.858253673,1974664.7293822947,camacari-ISSQN,camacari,ISSQN
2023-01-01,2023-01-01,7,2023-08-01,21575949.02090314,22281192.254124947,1974664.7293822947,camacari-ISSQN,camacari,ISSQN
2023-01-01,2023-01-01,8,2023-09-01,20002492.205724116,23973533.872046925,1974664.7293822947,camacari-ISSQN,camacari,ISSQN
2023-01-01,2023-01-01,9,2023-10-01,20505785.038989563,23091960.351334117,1974664.7293822947,camacari-ISSQN,camacari,ISSQN
2023-01-01,2023-01-01,10,2023-11-01,25611611.938634984,24060704.812823094,1974664.7293822947,camacari-ISSQN,camacari,ISSQN
2023-01-01,2023-01-01,11,2023-12-01,23583900.23543129,27679479.058305606,1974664.7293822947,camacari-ISSQN,camacari,ISSQN
2023-01-01,2023-01-01,12,2024-01-01,22986387.186458543,31800612.79656346,1974664.7293822947,camacari-ISSQN,camacari,ISSQN
2023-02-01,2023-02-01,1,2023-03-01,20203586.524565566,23288535.788515188,1982720.1027769253,camacari-ISSQN,camacari,ISSQN
2023-02-01,2023-02-01,2,2023-04-01,23075077.619267482,20438702.552382283,1982720.1027769253,camacari-ISSQN,camacari,ISSQN
2023-02-01,2023-02-01,3,2023-05-01,18314045.276733518,19610548.3461775,1982720.1027769253,camacari-ISSQN,camacari,ISSQN
2023-02-01,2023-02-01,4,2023-06-01,19136367.451210137,20547667.723324012,1982720.1027769253,camacari-ISSQN,camacari,ISSQN
2023-02-01,2023-02-01,5,2023-07-01,21036673.873442713,21040501.525324736,1982720.1027769253,camacari-ISSQN,camacari,ISSQN
2023-02-01,2023-02-01,6,2023-08-01,21575949.02090314,22316685.92119601,1982720.1027769253,camacari-ISSQN,camacari,ISSQN
2023-02-01,2023-02-01,7,2023-09-01,20002492.205724116,24009027.53911799,1982720.1027769253,camacari-ISSQN,camacari,ISSQN
2023-02-01,2023-02-01,8,2023-10-01,20505785.038989563,23127454.01840518,1982720.1027769253,camacari-ISSQN,camacari,ISSQN
2023-02-01,2023-02-01,9,2023-11-01,25611611.938634984,24096198.479894157,1982720.1027769253,camacari-ISSQN,camacari,ISSQN
2023-02-01,2023-02-01,10,2023-12-01,23583900.23543129,27714972.72537667,1982720.1027769253,camacari-ISSQN,camacari,ISSQN
2023-02-01,2023-02-01,11,2024-01-01,22986387.186458543,31836106.46363452,1982720.1027769253,camacari-ISSQN,camacari,ISSQN
2023-02-01,2023-02-01,12,2024-02-01,23872500.478948027,21533046.330563672,1982720.1027769253,camacari-ISSQN,camacari,ISSQN
2023-03-01,2023-03-01,1,2023-04-01,23075077.619267482,20391913.720609162,1964599.4953648578,camacari-ISSQN,camacari,ISSQN
2023-03-01,2023-03-01,2,2023-05-01,18314045.276733518,19563759.51440438,1964599.4953648578,camacari-ISSQN,camacari,ISSQN
2023-03-01,2023-03-01,3,2023-06-01,19136367.451210137,20500878.89155089,1964599.4953648578,camacari-ISSQN,camacari,ISSQN
2023-03-01,2023-03-01,4,2023-07-01,21036673.873442713,20993712.693551615,1964599.4953648578,camacari-ISSQN,camacari,ISSQN
2023-03-01,2023-03-01,5,2023-08-01,21575949.02090314,22269897.08942289,1964599.4953648578,camacari-ISSQN,camacari,ISSQN
2023-03-01,2023-03-01,6,2023-09-01,20002492.205724116,23962238.707344867,1964599.4953648578,camacari-ISSQN,camacari,ISSQN
2023-03-01,2023-03-01,7,2023-10-01,20505785.038989563,23080665.18663206,1964599.4953648578,camacari-ISSQN,camacari,ISSQN
2023-03-01,2023-03-01,8,2023-11-01,25611611.938634984,24049409.648121037,1964599.4953648578,camacari-ISSQN,camacari,ISSQN
2023-03-01,2023-03-01,9,2023-12-01,23583900.23543129,27668183.89360355,1964599.4953648578,camacari-ISSQN,camacari,ISSQN
2023-03-01,2023-03-01,10,2024-01-01,22986387.186458543,31789317.6318614,1964599.4953648578,camacari-ISSQN,camacari,ISSQN
2023-03-01,2023-03-01,11,2024-02-01,23872500.478948027,21486257.49879055,1964599.4953648578,camacari-ISSQN,camacari,ISSQN
2023-03-01,2023-03-01,12,2024-03-01,21240482.31230949,22835519.69881501,1964599.4953648578,camacari-ISSQN,camacari,ISSQN
2023-04-01,2023-04-01,1,2023-05-01,18314045.276733518,19610548.3461775,2002673.3314732998,camacari-ISSQN,camacari,ISSQN
2023-04-01,2023-04-01,2,2023-06-01,19136367.451210137,20547667.723324012,2002673.3314732998,camacari-ISSQN,camacari,ISSQN
2023-04-01,2023-04-01,3,2023-07-01,21036673.873442713,21040501.525324736,2002673.3314732998,camacari-ISSQN,camacari,ISSQN
2023-04-01,2023-04-01,4,2023-08-01,21575949.02090314,22316685.92119601,2002673.3314732998,camacari-ISSQN,camacari,ISSQN
2023-04-01,2023-04-01,5,2023-09-01,20002492.205724116,24009027.53911799,2002673.3314732998,camacari-ISSQN,camacari,ISSQN
2023-04-01,2023-04-01,6,2023-10-01,20505785.038989563,23127454.01840518,2002673.3314732998,camacari-ISSQN,camacari,ISSQN
2023-04-01,2023-04-01,7,2023-11-01,25611611.938634984,24096198.479894157,2002673.3314732998,camacari-ISSQN,camacari,ISSQN
2023-04-01,2023-04-01,8,2023-12-01,23583900.23543129,27714972.72537667,2002673.3314732998,camacari-ISSQN,camacari,ISSQN
2023-04-01,2023-04-01,9,2024-01-01,22986387.186458543,31836106.46363452,2002673.3314732998,camacari-ISSQN,camacari,ISSQN
2023-04-01,2023-04-01,10,2024-02-01,23872500.478948027,21533046.330563672,2002673.3314732998,camacari-ISSQN,camacari,ISSQN
2023-04-01,2023-04-01,11,2024-03-01,21240482.31230949,22882308.53058813,2002673.3314732998,camacari-ISSQN,camacari,ISSQN
2023-04-01,2023-04-01,12,2024-04-01,22746532.296000022,25753799.625290047,2002673.3314732998,camacari-ISSQN,camacari,ISSQN
2023-05-01,2023-05-01,1,2023-06-01,19136367.451210137,20547667.723324012,1995701.9337778534,camacari-ISSQN,camacari,ISSQN
2023-05-01,2023-05-01,2,2023-07-01,21036673.873442713,21040501.525324736,1995701.9337778534,camacari-ISSQN,camacari,ISSQN
2023-05-01,2023-05-01,3,2023-08-01,21575949.02090314,22316685.92119601,1995701.9337778534,camacari-ISSQN,camacari,ISSQN
2023-05-01,2023-05-01,4,2023-09-01,20002492.205724116,24009027.53911799,1995701.9337778534,camacari-ISSQN,camacari,ISSQN
2023-05-01,2023-05-01,5,2023-10-01,20505785.038989563,23127454.01840518,1995701.9337778534,camacari-ISSQN,camacari,ISSQN
2023-05-01,2023-05-01,6,2023-11-01,25611611.938634984,24096198.479894157,1995701.9337778534,camacari-ISSQN,camacari,ISSQN
2023-05-01,2023-05-01,7,2023-12-01,23583900.23543129,27714972.72537667,1995701.9337778534,camacari-ISSQN,camacari,ISSQN
2023-05-01,2023-05-01,8,2024-01-01,22986387.186458543,31836106.46363452,1995701.9337778534,camacari-ISSQN,camacari,ISSQN
2023-05-01,2023-05-01,9,2024-02-01,23872500.478948027,21533046.330563672,1995701.9337778534,camacari-ISSQN,camacari,ISSQN
2023-05-01,2023-05-01,10,2024-03-01,21240482.31230949,22882308.53058813,1995701.9337778534,camacari-ISSQN,camacari,ISSQN
2023-05-01,2023-05-01,11,2024-04-01,22746532.296000022,25753799.625290047,1995701.9337778534,camacari-ISSQN,camacari,ISSQN
2023-05-01,2023-05-01,12,2024-05-01,19444201.33987925,20992767.282756083,1995701.9337778534,camacari-ISSQN,camacari,ISSQN
2023-06-01,2023-06-01,1,2023-07-01,21036673.873442713,21040501.525324736,1987609.931557085,camacari-ISSQN,camacari,ISSQN
2023-06-01,2023-06-01,2,2023-08-01,21575949.02090314,22316685.92119601,1987609.931557085,camacari-ISSQN,camacari,ISSQN
2023-06-01,2023-06-01,3,2023-09-01,20002492.205724116,24009027.53911799,1987609.931557085,camacari-ISSQN,camacari,ISSQN
2023-06-01,2023-06-01,4,2023-10-01,20505785.038989563,23127454.01840518,1987609.931557085,camacari-ISSQN,camacari,ISSQN
2023-06-01,2023-06-01,5,2023-11-01,25611611.938634984,24096198.479894157,1987609.931557085,camacari-ISSQN,camacari,ISSQN
2023-06-01,2023-06-01,6,2023-12-01,23583900.23543129,27714972.72537667,1987609.931557085,camacari-ISSQN,camacari,ISSQN
2023-06-01,2023-06-01,7,2024-01-01,22986387.186458543,31836106.46363452,1987609.931557085,camacari-ISSQN,camacari,ISSQN
2023-06-01,2023-06-01,8,2024-02-01,23872500.478948027,21533046.330563672,1987609.931557085,camacari-ISSQN,camacari,ISSQN
2023-06-01,2023-06-01,9,2024-03-01,21240482.31230949,22882308.53058813,1987609.931557085,camacari-ISSQN,camacari,ISSQN
2023-06-01,2023-06-01,10,2024-04-01,22746532.296000022,25753799.625290047,1987609.931557085,camacari-ISSQN,camacari,ISSQN
2023-06-01,2023-06-01,11,2024-05-01,19444201.33987925,20992767.282756083,1987609.931557085,camacari-ISSQN,camacari,ISSQN
2023-06-01,2023-06-01,12,2024-06-01,16493090.02262242,21815089.457232703,1987609.931557085,camacari-ISSQN,camacari,ISSQN
2023-07-01,2023-07-01,1,2023-08-01,21575949.02090314,22320419.677606028,1995162.5076294306,camacari-ISSQN,camacari,ISSQN
2023-07-01,2023-07-01,2,2023-09-01,20002492.205724116,24012761.295528006,1995162.5076294306,camacari-ISSQN,camacari,ISSQN
2023-07-01,2023-07-01,3,2023-10-01,20505785.038989563,23131187.774815198,1995162.5076294306,camacari-ISSQN,camacari,ISSQN
2023-07-01,2023-07-01,4,2023-11-01,25611611.938634984,24099932.236304175,1995162.5076294306,camacari-ISSQN,camacari,ISSQN
2023-07-01,2023-07-01,5,2023-12-01,23583900.23543129,27718706.481786687,1995162.5076294306,camacari-ISSQN,camacari,ISSQN
2023-07-01,2023-07-01,6,2024-01-01,22986387.186458543,31839840.22004454,1995162.5076294306,camacari-ISSQN,camacari,ISSQN
2023-07-01,2023-07-01,7,2024-02-01,23872500.478948027,21536780.08697369,1995162.5076294306,camacari-ISSQN,camacari,ISSQN
2023-07-01,2023-07-01,8,2024-03-01,21240482.31230949,22886042.28699815,1995162.5076294306,camacari-ISSQN,camacari,ISSQN
2023-07-01,2023-07-01,9,2024-04-01,22746532.296000022,25757533.381700065,1995162.5076294306,camacari-ISSQN,camacari,ISSQN
2023-07-01,2023-07-01,10,2024-05-01,19444201.33987925,20996501.0391661,1995162.5076294306,camacari-ISSQN,camacari,ISSQN
2023-07-01,2023-07-01,11,2024-06-01,16493090.02262242,21818823.21364272,1995162.5076294306,camacari-ISSQN,camacari,ISSQN
2023-07-01,2023-07-01,12,2024-07-01,19435833.10529593,23719129.635875296,1995162.5076294306,camacari-ISSQN,camacari,ISSQN
2023-08-01,2023-08-01,1,2023-09-01,20002492.205724116,24012761.295528006,1994541.0141305204,camacari-ISSQN,camacari,ISSQN
2023-08-01,2023-08-01,2,2023-10-01,20505785.038989563,23131187.774815198,1994541.0141305204,camacari-ISSQN,camacari,ISSQN
2023-08-01,2023-08-01,3,2023-11-01,25611611.938634984,24099932.236304175,1994541.0141305204,camacari-ISSQN,camacari,ISSQN
2023-08-01,2023-08-01,4,2023-12-01,23583900.23543129,27718706.481786687,1994541.0141305204,camacari-ISSQN,camacari,ISSQN
2023-08-01,2023-08-01,5,2024-01-01,22986387.186458543,31839840.22004454,1994541.0141305204,camacari-ISSQN,camacari,ISSQN
2023-08-01,2023-08-01,6,2024-02-01,23872500.478948027,21536780.08697369,1994541.0141305204,camacari-ISSQN,camacari,ISSQN
2023-08-01,2023-08-01,7,2024-03-01,21240482.31230949,22886042.28699815,1994541.0141305204,camacari-ISSQN,camacari,ISSQN
2023-08-01,2023-08-01,8,2024-04-01,22746532.296000022,25757533.381700065,1994541.0141305204,camacari-ISSQN,camacari,ISSQN
2023-08-01,2023-08-01,9,2024-05-01,19444201.33987925,20996501.0391661,1994541.0141305204,camacari-ISSQN,camacari,ISSQN
2023-08-01,2023-08-01,10,2024-06-01,16493090.02262242,21818823.21364272,1994541.0141305204,camacari-ISSQN,camacari,ISSQN
2023-08-01,2023-08-01,11,2024-07-01,19435833.10529593,23719129.635875296,1994541.0141305204,camacari-ISSQN,camacari,ISSQN
2023-08-01,2023-08-01,12,2024-08-01,19835674.60459411,24258404.783335723,1994541.0141305204,camacari-ISSQN,camacari,ISSQN
2023-09-01,2023-09-01,1,2023-10-01,20505785.038989563,23119892.61011314,1987371.8992191309,camacari-ISSQN,camacari,ISSQN
2023-09-01,2023-09-01,2,2023-11-01,25611611.938634984,24088637.071602117,1987371.8992191309,camacari-ISSQN,camacari,ISSQN
2023-09-01,2023-09-01,3,2023-12-01,23583900.23543129,27707411.31708463,1987371.8992191309,camacari-ISSQN,camacari,ISSQN
2023-09-01,2023-09-01,4,2024-01-01,22986387.186458543,31828545.05534248,1987371.8992191309,camacari-ISSQN,camacari,ISSQN
2023-09-01,2023-09-01,5,2024-02-01,23872500.478948027,21525484.92227163,1987371.8992191309,camacari-ISSQN,camacari,ISSQN
2023-09-01,2023-09-01,6,2024-03-01,21240482.31230949,22874747.12229609,1987371.8992191309,camacari-ISSQN,camacari,ISSQN
2023-09-01,2023-09-01,7,2024-04-01,22746532.296000022,25746238.216998007,1987371.8992191309,camacari-ISSQN,camacari,ISSQN
2023-09-01,2023-09-01,8,2024-05-01,19444201.33987925,20985205.874464042,1987371.8992191309,camacari-ISSQN,camacari,ISSQN
2023-09-01,2023-09-01,9,2024-06-01,16493090.02262242,21807528.048940662,1987371.8992191309,camacari-ISSQN,camacari,ISSQN
2023-09-01,2023-09-01,10,2024-07-01,19435833.10529593,23707834.471173238,1987371.8992191309,camacari-ISSQN,camacari,ISSQN
2023-09-01,2023-09-01,11,2024-08-01,19835674.60459411,24247109.618633665,1987371.8992191309,camacari-ISSQN,camacari,ISSQN
2023-09-01,2023-09-01,12,2024-09-01,17906349.079996813,22673652.80345464,1987371.8992191309,camacari-ISSQN,camacari,ISSQN
2023-10-01,2023-10-01,1,2023-11-01,25611611.938634984,23720182.447396692,1966836.5920636822,camacari-ISSQN,camacari,ISSQN
2023-10-01,2023-10-01,2,2023-12-01,23583900.23543129,27338956.692879204,1966836.5920636822,camacari-ISSQN,camacari,ISSQN
2023-10-01,2023-10-01,3,2024-01-01,22986387.186458543,31460090.431137055,1966836.5920636822,camacari-ISSQN,camacari,ISSQN
2023-10-01,2023-10-01,4,2024-02-01,23872500.478948027,21157030.298066206,1966836.5920636822,camacari-ISSQN,camacari,ISSQN
2023-10-01,2023-10-01,5,2024-03-01,21240482.31230949,22506292.498090666,1966836.5920636822,camacari-ISSQN,camacari,ISSQN
2023-10-01,2023-10-01,6,2024-04-01,22746532.296000022,25377783.59279258,1966836.5920636822,camacari-ISSQN,camacari,ISSQN
2023-10-01,2023-10-01,7,2024-05-01,19444201.33987925,20616751.250258617,1966836.5920636822,camacari-ISSQN,camacari,ISSQN
2023-10-01,2023-10-01,8,2024-06-01,16493090.02262242,21439073.424735237,1966836.5920636822,camacari-ISSQN,camacari,ISSQN
2023-10-01,2023-10-01,9,2024-07-01,19435833.10529593,23339379.846967813,1966836.5920636822,camacari-ISSQN,camacari,ISSQN
2023-10-01,2023-10-01,10,2024-08-01,19835674.60459411,23878654.99442824,1966836.5920636822,camacari-ISSQN,camacari,ISSQN
2023-10-01,2023-10-01,11,2024-09-01,17906349.079996813,22305198.179249216,1966836.5920636822,camacari-ISSQN,camacari,ISSQN
2023-10-01,2023-10-01,12,2024-10-01,20102987.31695594,22808491.012514662,1966836.5920636822,camacari-ISSQN,camacari,ISSQN
2023-11-01,2023-11-01,1,2023-12-01,23583900.23543129,27338956.692879204,1990281.8433552582,camacari-ISSQN,camacari,ISSQN
2023-11-01,2023-11-01,2,2024-01-01,22986387.186458543,31460090.431137055,1990281.8433552582,camacari-ISSQN,camacari,ISSQN
2023-11-01,2023-11-01,3,2024-02-01,23872500.478948027,21157030.298066206,1990281.8433552582,camacari-ISSQN,camacari,ISSQN
2023-11-01,2023-11-01,4,2024-03-01,21240482.31230949,22506292.498090666,1990281.8433552582,camacari-ISSQN,camacari,ISSQN
2023-11-01,2023-11-01,5,2024-04-01,22746532.296000022,25377783.59279258,1990281.8433552582,camacari-ISSQN,camacari,ISSQN
2023-11-01,2023-11-01,6,2024-05-01,19444201.33987925,20616751.250258617,1990281.8433552582,camacari-ISSQN,camacari,ISSQN
2023-11-01,2023-11-01,7,2024-06-01,16493090.02262242,21439073.424735237,1990281.8433552582,camacari-ISSQN,camacari,ISSQN
2023-11-01,2023-11-01,8,2024-07-01,19435833.10529593,23339379.846967813,1990281.8433552582,camacari-ISSQN,camacari,ISSQN
2023-11-01,2023-11-01,9,2024-08-01,19835674.60459411,23878654.99442824,1990281.8433552582,camacari-ISSQN,camacari,ISSQN
2023-11-01,2023-11-01,10,2024-09-01,17906349.079996813,22305198.179249216,1990281.8433552582,camacari-ISSQN,camacari,ISSQN
2023-11-01,2023-11-01,11,2024-10-01,20102987.31695594,22808491.012514662,1990281.8433552582,camacari-ISSQN,camacari,ISSQN
2023-11-01,2023-11-01,12,2024-11-01,23924007.188177645,27914317.912160084,1990281.8433552582,camacari-ISSQN,camacari,ISSQN
2023-12-01,2023-12-01,1,2024-01-01,22986387.186458543,30817486.478766095,1984678.3916945036,camacari-ISSQN,camacari,ISSQN
2023-12-01,2023-12-01,2,2024-02-01,23872500.478948027,20514426.345695246,1984678.3916945036,camacari-ISSQN,camacari,ISSQN
2023-12-01,2023-12-01,3,2024-03-01,21240482.31230949,21863688.545719706,1984678.3916945036,camacari-ISSQN,camacari,ISSQN
2023-12-01,2023-12-01,4,2024-04-01,22746532.296000022,24735179.64042162,1984678.3916945036,camacari-ISSQN,camacari,ISSQN
2023-12-01,2023-12-01,5,2024-05-01,19444201.33987925,19974147.297887657,1984678.3916945036,camacari-ISSQN,camacari,ISSQN
2023-12-01,2023-12-01,6,2024-06-01,16493090.02262242,20796469.472364277,1984678.3916945036,camacari-ISSQN,camacari,ISSQN
2023-12-01,2023-12-01,7,2024-07-01,19435833.10529593,22696775.894596852,1984678.3916945036,camacari-ISSQN,camacari,ISSQN
2023-12-01,2023-12-01,8,2024-08-01,19835674.60459411,23236051.04205728,1984678.3916945036,camacari-ISSQN,camacari,ISSQN
2023-12-01,2023-12-01,9,2024-09-01,17906349.079996813,21662594.226878256,1984678.3916945036,camacari-ISSQN,camacari,ISSQN
2023-12-01,2023-12-01,10,2024-10-01,20102987.31695594,22165887.0601437,1984678.3916945036,camacari-ISSQN,camacari,ISSQN
2023-12-01,2023-12-01,11,2024-11-01,23924007.188177645,27271713.959789123,1984678.3916945036,camacari-ISSQN,camacari,ISSQN
2023-12-01,2023-12-01,12,2024-12-01,23738153.513783302,25244002.25658543,1984678.3916945036,camacari-ISSQN,camacari,ISSQN
2024-01-01,2024-01-01,1,2024-02-01,23872500.478948027,20179144.65978474,2027836.3182868634,camacari-ISSQN,camacari,ISSQN
2024-01-01,2024-01-01,2,2024-03-01,21240482.31230949,21528406.859809205,2027836.3182868634,camacari-ISSQN,camacari,ISSQN
2024-01-01,2024-01-01,3,2024-04-01,22746532.296000022,24399897.95451112,2027836.3182868634,camacari-ISSQN,camacari,ISSQN
2024-01-01,2024-01-01,4,2024-05-01,19444201.33987925,19638865.611977153,2027836.3182868634,camacari-ISSQN,camacari,ISSQN
2024-01-01,2024-01-01,5,2024-06-01,16493090.02262242,20461187.786453776,2027836.3182868634,camacari-ISSQN,camacari,ISSQN
2024-01-01,2024-01-01,6,2024-07-01,19435833.10529593,22361494.20868635,2027836.3182868634,camacari-ISSQN,camacari,ISSQN
2024-01-01,2024-01-01,7,2024-08-01,19835674.60459411,22900769.356146775,2027836.3182868634,camacari-ISSQN,camacari,ISSQN
2024-01-01,2024-01-01,8,2024-09-01,17906349.079996813,21327312.540967755,2027836.3182868634,camacari-ISSQN,camacari,ISSQN
2024-01-01,2024-01-01,9,2024-10-01,20102987.31695594,21830605.3742332,2027836.3182868634,camacari-ISSQN,camacari,ISSQN
2024-01-01,2024-01-01,10,2024-11-01,23924007.188177645,26936432.27387862,2027836.3182868634,camacari-ISSQN,camacari,ISSQN
2024-01-01,2024-01-01,11,2024-12-01,23738153.513783302,24908720.570674926,2027836.3182868634,camacari-ISSQN,camacari,ISSQN
2024-01-01,2024-01-01,12,2025-01-01,23623568.323823698,24311207.521702178,2027836.3182868634,camacari-ISSQN,camacari,ISSQN
2024-02-01,2024-02-01,1,2024-03-01,21240482.31230949,21528406.859809205,2058349.9900840071,camacari-ISSQN,camacari,ISSQN
2024-02-01,2024-02-01,2,2024-04-01,22746532.296000022,24399897.95451112,2058349.9900840071,camacari-ISSQN,camacari,ISSQN
2024-02-01,2024-02-01,3,2024-05-01,19444201.33987925,19638865.611977153,2058349.9900840071,camacari-ISSQN,camacari,ISSQN
2024-02-01,2024-02-01,4,2024-06-01,16493090.02262242,20461187.786453776,2058349.9900840071,camacari-ISSQN,camacari,ISSQN
2024-02-01,2024-02-01,5,2024-07-01,19435833.10529593,22361494.20868635,2058349.9900840071,camacari-ISSQN,camacari,ISSQN
2024-02-01,2024-02-01,6,2024-08-01,19835674.60459411,22900769.356146775,2058349.9900840071,camacari-ISSQN,camacari,ISSQN
2024-02-01,2024-02-01,7,2024-09-01,17906349.079996813,21327312.540967755,2058349.9900840071,camacari-ISSQN,camacari,ISSQN
2024-02-01,2024-02-01,8,2024-10-01,20102987.31695594,21830605.3742332,2058349.9900840071,camacari-ISSQN,camacari,ISSQN
2024-02-01,2024-02-01,9,2024-11-01,23924007.188177645,26936432.27387862,2058349.9900840071,camacari-ISSQN,camacari,ISSQN
2024-02-01,2024-02-01,10,2024-12-01,23738153.513783302,24908720.570674926,2058349.9900840071,camacari-ISSQN,camacari,ISSQN
2024-02-01,2024-02-01,11,2025-01-01,23623568.323823698,24311207.521702178,2058349.9900840071,camacari-ISSQN,camacari,ISSQN
2024-02-01,2024-02-01,12,2025-02-01,20422464.894915722,25197320.81419166,2058349.9900840071,camacari-ISSQN,camacari,ISSQN
2024-03-01,2024-03-01,1,2024-04-01,22746532.296000022,24399897.95451112,2048032.2708684506,camacari-ISSQN,camacari,ISSQN
2024-03-01,2024-03-01,2,2024-05-01,19444201.33987925,19638865.611977153,2048032.2708684506,camacari-ISSQN,camacari,ISSQN
2024-03-01,2024-03-01,3,2024-06-01,16493090.02262242,20461187.786453776,2048032.2708684506,camacari-ISSQN,camacari,ISSQN
2024-03-01,2024-03-01,4,2024-07-01,19435833.10529593,22361494.20868635,2048032.2708684506,camacari-ISSQN,camacari,ISSQN
2024-03-01,2024-03-01,5,2024-08-01,19835674.60459411,22900769.356146775,2048032.2708684506,camacari-ISSQN,camacari,ISSQN
2024-03-01,2024-03-01,6,2024-09-01,17906349.079996813,21327312.540967755,2048032.2708684506,camacari-ISSQN,camacari,ISSQN
2024-03-01,2024-03-01,7,2024-10-01,20102987.31695594,21830605.3742332,2048032.2708684506,camacari-ISSQN,camacari,ISSQN
2024-03-01,2024-03-01,8,2024-11-01,23924007.188177645,26936432.27387862,2048032.2708684506,camacari-ISSQN,camacari,ISSQN
2024-03-01,2024-03-01,9,2024-12-01,23738153.513783302,24908720.570674926,2048032.2708684506,camacari-ISSQN,camacari,ISSQN
2024-03-01,2024-03-01,10,2025-01-01,23623568.323823698,24311207.521702178,2048032.2708684506,camacari-ISSQN,camacari,ISSQN
2024-03-01,2024-03-01,11,2025-02-01,20422464.894915722,25197320.81419166,2048032.2708684506,camacari-ISSQN,camacari,ISSQN
2024-03-01,2024-03-01,12,2025-03-01,19211250.317555815,22565302.647553124,2048032.2708684506,camacari-ISSQN,camacari,ISSQN
2024-04-01,2024-04-01,1,2024-05-01,19444201.33987925,19466204.037559822,2030837.4013924408,camacari-ISSQN,camacari,ISSQN
2024-04-01,2024-04-01,2,2024-06-01,16493090.02262242,20288526.212036446,2030837.4013924408,camacari-ISSQN,camacari,ISSQN
2024-04-01,2024-04-01,3,2024-07-01,19435833.10529593,22188832.63426902,2030837.4013924408,camacari-ISSQN,camacari,ISSQN
2024-04-01,2024-04-01,4,2024-08-01,19835674.60459411,22728107.781729445,2030837.4013924408,camacari-ISSQN,camacari,ISSQN
2024-04-01,2024-04-01,5,2024-09-01,17906349.079996813,21154650.966550425,2030837.4013924408,camacari-ISSQN,camacari,ISSQN
2024-04-01,2024-04-01,6,2024-10-01,20102987.31695594,21657943.79981587,2030837.4013924408,camacari-ISSQN,camacari,ISSQN
2024-04-01,2024-04-01,7,2024-11-01,23924007.188177645,26763770.69946129,2030837.4013924408,camacari-ISSQN,camacari,ISSQN
2024-04-01,2024-04-01,8,2024-12-01,23738153.513783302,24736058.996257596,2030837.4013924408,camacari-ISSQN,camacari,ISSQN
2024-04-01,2024-04-01,9,2025-01-01,23623568.323823698,24138545.947284847,2030837.4013924408,camacari-ISSQN,camacari,ISSQN
2024-04-01,2024-04-01,10,2025-02-01,20422464.894915722,25024659.23977433,2030837.4013924408,camacari-ISSQN,camacari,ISSQN
2024-04-01,2024-04-01,11,2025-03-01,19211250.317555815,22392641.073135793,2030837.4013924408,camacari-ISSQN,camacari,ISSQN
2024-04-01,2024-04-01,12,2025-04-01,20064010.88338034,23898691.05682633,2030837.4013924408,camacari-ISSQN,camacari,ISSQN
2024-05-01,2024-05-01,1,2024-06-01,16493090.02262242,20219893.376654964,2021919.7643800972,camacari-ISSQN,camacari,ISSQN
2024-05-01,2024-05-01,2,2024-07-01,19435833.10529593,22120199.79888754,2021919.7643800972,camacari-ISSQN,camacari,ISSQN
2024-05-01,2024-05-01,3,2024-08-01,19835674.60459411,22659474.946347967,2021919.7643800972,camacari-ISSQN,camacari,ISSQN
2024-05-01,2024-05-01,4,2024-09-01,17906349.079996813,21086018.131168943,2021919.7643800972,camacari-ISSQN,camacari,ISSQN
2024-05-01,2024-05-01,5,2024-10-01,20102987.31695594,21589310.96443439,2021919.7643800972,camacari-ISSQN,camacari,ISSQN
2024-05-01,2024-05-01,6,2024-11-01,23924007.188177645,26695137.86407981,2021919.7643800972,camacari-ISSQN,camacari,ISSQN
2024-05-01,2024-05-01,7,2024-12-01,23738153.513783302,24667426.160876118,2021919.7643800972,camacari-ISSQN,camacari,ISSQN
2024-05-01,2024-05-01,8,2025-01-01,23623568.323823698,24069913.11190337,2021919.7643800972,camacari-ISSQN,camacari,ISSQN
2024-05-01,2024-05-01,9,2025-02-01,20422464.894915722,24956026.404392853,2021919.7643800972,camacari-ISSQN,camacari,ISSQN
2024-05-01,2024-05-01,10,2025-03-01,19211250.317555815,22324008.237754315,2021919.7643800972,camacari-ISSQN,camacari,ISSQN
2024-05-01,2024-05-01,11,2025-04-01,20064010.88338034,23830058.22144485,2021919.7643800972,camacari-ISSQN,camacari,ISSQN
2024-05-01,2024-05-01,12,2025-05-01,23108414.164161336,20527727.265324075,2021919.7643800972,camacari-ISSQN,camacari,ISSQN
2024-06-01,2024-06-01,1,2024-07-01,19435833.10529593,21583648.280618146,2028011.506186054,camacari-ISSQN,camacari,ISSQN
2024-06-01,2024-06-01,2,2024-08-01,19835674.60459411,22122923.428078577,2028011.506186054,camacari-ISSQN,camacari,ISSQN
2024-06-01,2024-06-01,3,2024-09-01,17906349.079996813,20549466.61289955,2028011.506186054,camacari-ISSQN,camacari,ISSQN
2024-06-01,2024-06-01,4,2024-10-01,20102987.31695594,21052759.446164995,2028011.506186054,camacari-ISSQN,camacari,ISSQN
2024-06-01,2024-06-01,5,2024-11-01,23924007.188177645,26158586.34581042,2028011.506186054,camacari-ISSQN,camacari,ISSQN
2024-06-01,2024-06-01,6,2024-12-01,23738153.513783302,24130874.642606728,2028011.506186054,camacari-ISSQN,camacari,ISSQN
2024-06-01,2024-06-01,7,2025-01-01,23623568.323823698,23533361.59363398,2028011.506186054,camacari-ISSQN,camacari,ISSQN
2024-06-01,2024-06-01,8,2025-02-01,20422464.894915722,24419474.886123464,2028011.506186054,camacari-ISSQN,camacari,ISSQN
2024-06-01,2024-06-01,9,2025-03-01,19211250.317555815,21787456.719484925,2028011.506186054,camacari-ISSQN,camacari,ISSQN
2024-06-01,2024-06-01,10,2025-04-01,20064010.88338034,23293506.703175455,2028011.506186054,camacari-ISSQN,camacari,ISSQN
2024-06-01,2024-06-01,11,2025-05-01,23108414.164161336,19991175.74705468,2028011.506186054,camacari-ISSQN,camacari,ISSQN
2024-06-01,2024-06-01,12,2025-06-01,25608048.4628075,17040064.429797854,2028011.506186054,camacari-ISSQN,camacari,ISSQN
2024-07-01,2024-07-01,1,2024-08-01,19835674.60459411,21440202.872572884,2023864.217467226,camacari-ISSQN,camacari,ISSQN
2024-07-01,2024-07-01,2,2024-09-01,17906349.079996813,19866746.05739386,2023864.217467226,camacari-ISSQN,camacari,ISSQN
2024-07-01,2024-07-01,3,2024-10-01,20102987.31695594,20370038.890659306,2023864.217467226,camacari-ISSQN,camacari,ISSQN
2024-07-01,2024-07-01,4,2024-11-01,23924007.188177645,25475865.790304728,2023864.217467226,camacari-ISSQN,camacari,ISSQN
2024-07-01,2024-07-01,5,2024-12-01,23738153.513783302,23448154.087101035,2023864.217467226,camacari-ISSQN,camacari,ISSQN
2024-07-01,2024-07-01,6,2025-01-01,23623568.323823698,22850641.038128287,2023864.217467226,camacari-ISSQN,camacari,ISSQN
2024-07-01,2024-07-01,7,2025-02-01,20422464.894915722,23736754.33061777,2023864.217467226,camacari-ISSQN,camacari,ISSQN
2024-07-01,2024-07-01,8,2025-03-01,19211250.317555815,21104736.163979232,2023864.217467226,camacari-ISSQN,camacari,ISSQN
2024-07-01,2024-07-01,9,2025-04-01,20064010.88338034,22610786.147669766,2023864.217467226,camacari-ISSQN,camacari,ISSQN
2024-07-01,2024-07-01,10,2025-05-01,23108414.164161336,19308455.191548992,2023864.217467226,camacari-ISSQN,camacari,ISSQN
2024-07-01,2024-07-01,11,2025-06-01,25608048.4628075,16357343.874292163,2023864.217467226,camacari-ISSQN,camacari,ISSQN
2024-07-01,2024-07-01,12,2025-07-01,21995204.621536642,19300086.956965674,2023864.217467226,camacari-ISSQN,camacari,ISSQN
2024-08-01,2024-08-01,1,2024-09-01,17906349.079996813,19174312.880404733,2021137.3924560896,camacari-ISSQN,camacari,ISSQN
2024-08-01,2024-08-01,2,2024-10-01,20102987.31695594,19677605.71367018,2021137.3924560896,camacari-ISSQN,camacari,ISSQN
2024-08-01,2024-08-01,3,2024-11-01,23924007.188177645,24783432.6133156,2021137.3924560896,camacari-ISSQN,camacari,ISSQN
2024-08-01,2024-08-01,4,2024-12-01,23738153.513783302,22755720.910111908,2021137.3924560896,camacari-ISSQN,camacari,ISSQN
2024-08-01,2024-08-01,5,2025-01-01,23623568.323823698,22158207.86113916,2021137.3924560896,camacari-ISSQN,camacari,ISSQN
2024-08-01,2024-08-01,6,2025-02-01,20422464.894915722,23044321.153628644,2021137.3924560896,camacari-ISSQN,camacari,ISSQN
2024-08-01,2024-08-01,7,2025-03-01,19211250.317555815,20412302.986990105,2021137.3924560896,camacari-ISSQN,camacari,ISSQN
2024-08-01,2024-08-01,8,2025-04-01,20064010.88338034,21918352.97068064,2021137.3924560896,camacari-ISSQN,camacari,ISSQN
2024-08-01,2024-08-01,9,2025-05-01,23108414.164161336,18616022.014559865,2021137.3924560896,camacari-ISSQN,camacari,ISSQN
2024-08-01,2024-08-01,10,2025-06-01,25608048.4628075,15664910.697303036,2021137.3924560896,camacari-ISSQN,camacari,ISSQN
2024-08-01,2024-08-01,11,2025-07-01,21995204.621536642,18607653.779976547,2021137.3924560896,camacari-ISSQN,camacari,ISSQN
2024-08-01,2024-08-01,12,2025-08-01,21128408.23347808,19007495.27927473,2021137.3924560896,camacari-ISSQN,camacari,ISSQN
2024-09-01,2024-09-01,1,2024-10-01,20102987.31695594,19615337.135394424,2021851.7327729582,camacari-ISSQN,camacari,ISSQN
2024-09-01,2024-09-01,2,2024-11-01,23924007.188177645,24721164.03503985,2021851.7327729582,camacari-ISSQN,camacari,ISSQN
2024-09-01,2024-09-01,3,2024-12-01,23738153.513783302,22693452.331836157,2021851.7327729582,camacari-ISSQN,camacari,ISSQN
2024-09-01,2024-09-01,4,2025-01-01,23623568.323823698,22095939.28286341,2021851.7327729582,camacari-ISSQN,camacari,ISSQN
2024-09-01,2024-09-01,5,2025-02-01,20422464.894915722,22982052.575352892,2021851.7327729582,camacari-ISSQN,camacari,ISSQN
2024-09-01,2024-09-01,6,2025-03-01,19211250.317555815,20350034.408714354,2021851.7327729582,camacari-ISSQN,camacari,ISSQN
2024-09-01,2024-09-01,7,2025-04-01,20064010.88338034,21856084.392404884,2021851.7327729582,camacari-ISSQN,camacari,ISSQN
2024-09-01,2024-09-01,8,2025-05-01,23108414.164161336,18553753.43628411,2021851.7327729582,camacari-ISSQN,camacari,ISSQN
2024-09-01,2024-09-01,9,2025-06-01,25608048.4628075,15602642.119027283,2021851.7327729582,camacari-ISSQN,camacari,ISSQN
2024-09-01,2024-09-01,10,2025-07-01,21995204.621536642,18545385.20170079,2021851.7327729582,camacari-ISSQN,camacari,ISSQN
2024-09-01,2024-09-01,11,2025-08-01,21128408.23347808,18945226.700998977,2021851.7327729582,camacari-ISSQN,camacari,ISSQN
2024-09-01,2024-09-01,12,2025-09-01,24511070.04857661,17015901.176401675,2021851.7327729582,camacari-ISSQN,camacari,ISSQN
2024-10-01,2024-10-01,1,2024-11-01,23924007.188177645,24684037.835656766,2006577.6383320212,camacari-ISSQN,camacari,ISSQN
2024-10-01,2024-10-01,2,2024-12-01,23738153.513783302,22656326.132453073,2006577.6383320212,camacari-ISSQN,camacari,ISSQN
2024-10-01,2024-10-01,3,2025-01-01,23623568.323823698,22058813.083480325,2006577.6383320212,camacari-ISSQN,camacari,ISSQN
2024-10-01,2024-10-01,4,2025-02-01,20422464.894915722,22944926.37596981,2006577.6383320212,camacari-ISSQN,camacari,ISSQN
2024-10-01,2024-10-01,5,2025-03-01,19211250.317555815,20312908.20933127,2006577.6383320212,camacari-ISSQN,camacari,ISSQN
2024-10-01,2024-10-01,6,2025-04-01,20064010.88338034,21818958.193021804,2006577.6383320212,camacari-ISSQN,camacari,ISSQN
2024-10-01,2024-10-01,7,2025-05-01,23108414.164161336,18516627.23690103,2006577.6383320212,camacari-ISSQN,camacari,ISSQN
2024-10-01,2024-10-01,8,2025-06-01,25608048.4628075,15565515.919644201,2006577.6383320212,camacari-ISSQN,camacari,ISSQN
2024-10-01,2024-10-01,9,2025-07-01,21995204.621536642,18508259.00231771,2006577.6383320212,camacari-ISSQN,camacari,ISSQN
2024-10-01,2024-10-01,10,2025-08-01,21128408.23347808,18908100.501615893,2006577.6383320212,camacari-ISSQN,camacari,ISSQN
2024-10-01,2024-10-01,11,2025-09-01,24511070.04857661,16978774.977018595,2006577.6383320212,camacari-ISSQN,camacari,ISSQN
2024-10-01,2024-10-01,12,2025-10-01,22282587.251372285,19175413.21397772,2006577.6383320212,camacari-ISSQN,camacari,ISSQN
2024-11-01,2024-11-01,1,2024-12-01,23738153.513783302,22057304.609396495,2003596.583305155,camacari-ISSQN,camacari,ISSQN
2024-11-01,2024-11-01,2,2025-01-01,23623568.323823698,21459791.560423747,2003596.583305155,camacari-ISSQN,camacari,ISSQN
2024-11-01,2024-11-01,3,2025-02-01,20422464.894915722,22345904.85291323,2003596.583305155,camacari-ISSQN,camacari,ISSQN
2024-11-01,2024-11-01,4,2025-03-01,19211250.317555815,19713886.686274692,2003596.583305155,camacari-ISSQN,camacari,ISSQN
2024-11-01,2024-11-01,5,2025-04-01,20064010.88338034,21219936.669965222,2003596.583305155,camacari-ISSQN,camacari,ISSQN
2024-11-01,2024-11-01,6,2025-05-01,23108414.164161336,17917605.71384445,2003596.583305155,camacari-ISSQN,camacari,ISSQN
2024-11-01,2024-11-01,7,2025-06-01,25608048.4628075,14966494.396587621,2003596.583305155,camacari-ISSQN,camacari,ISSQN
2024-11-01,2024-11-01,8,2025-07-01,21995204.621536642,17909237.47926113,2003596.583305155,camacari-ISSQN,camacari,ISSQN
2024-11-01,2024-11-01,9,2025-08-01,21128408.23347808,18309078.978559315,2003596.583305155,camacari-ISSQN,camacari,ISSQN
2024-11-01,2024-11-01,10,2025-09-01,24511070.04857661,16379753.453962015,2003596.583305155,camacari-ISSQN,camacari,ISSQN
2024-11-01,2024-11-01,11,2025-10-01,22282587.251372285,18576391.690921143,2003596.583305155,camacari-ISSQN,camacari,ISSQN
2024-11-01,2024-11-01,12,2025-11-01,25054929.950006504,22397411.56214285,2003596.583305155,camacari-ISSQN,camacari,ISSQN
2024-12-01,2024-12-01,1,2025-01-01,23623568.323823698,21984567.94136834,1986473.0341852186,camacari-ISSQN,camacari,ISSQN
2024-12-01,2024-12-01,2,2025-02-01,20422464.894915722,22870681.233857825,1986473.0341852186,camacari-ISSQN,camacari,ISSQN
2024-12-01,2024-12-01,3,2025-03-01,19211250.317555815,20238663.067219287,1986473.0341852186,camacari-ISSQN,camacari,ISSQN
2024-12-01,2024-12-01,4,2025-04-01,20064010.88338034,21744713.050909817,1986473.0341852186,camacari-ISSQN,camacari,ISSQN
2024-12-01,2024-12-01,5,2025-05-01,23108414.164161336,18442382.094789043,1986473.0341852186,camacari-ISSQN,camacari,ISSQN
2024-12-01,2024-12-01,6,2025-06-01,25608048.4628075,15491270.777532216,1986473.0341852186,camacari-ISSQN,camacari,ISSQN
2024-12-01,2024-12-01,7,2025-07-01,21995204.621536642,18434013.860205725,1986473.0341852186,camacari-ISSQN,camacari,ISSQN
2024-12-01,2024-12-01,8,2025-08-01,21128408.23347808,18833855.35950391,1986473.0341852186,camacari-ISSQN,camacari,ISSQN
2024-12-01,2024-12-01,9,2025-09-01,24511070.04857661,16904529.834906608,1986473.0341852186,camacari-ISSQN,camacari,ISSQN
2024-12-01,2024-12-01,10,2025-10-01,22282587.251372285,19101168.071865737,1986473.0341852186,camacari-ISSQN,camacari,ISSQN
2024-12-01,2024-12-01,11,2025-11-01,25054929.950006504,22922187.943087444,1986473.0341852186,camacari-ISSQN,camacari,ISSQN
2024-12-01,2024-12-01,12,2025-12-01,34645157.78,22736334.268693097,1986473.0341852186,camacari-ISSQN,camacari,ISSQN
2025-01-01,2025-01-01,1,2025-02-01,20422464.894915722,23506828.956297487,1974094.20944375,camacari-ISSQN,camacari,ISSQN
2025-01-01,2025-01-01,2,2025-03-01,19211250.317555815,20874810.78965895,1974094.20944375,camacari-ISSQN,camacari,ISSQN
2025-01-01,2025-01-01,3,2025-04-01,20064010.88338034,22380860.77334948,1974094.20944375,camacari-ISSQN,camacari,ISSQN
2025-01-01,2025-01-01,4,2025-05-01,23108414.164161336,19078529.817228705,1974094.20944375,camacari-ISSQN,camacari,ISSQN
2025-01-01,2025-01-01,5,2025-06-01,25608048.4628075,16127418.499971878,1974094.20944375,camacari-ISSQN,camacari,ISSQN
2025-01-01,2025-01-01,6,2025-07-01,21995204.621536642,19070161.582645386,1974094.20944375,camacari-ISSQN,camacari,ISSQN
2025-01-01,2025-01-01,7,2025-08-01,21128408.23347808,19470003.08194357,1974094.20944375,camacari-ISSQN,camacari,ISSQN
2025-01-01,2025-01-01,8,2025-09-01,24511070.04857661,17540677.55734627,1974094.20944375,camacari-ISSQN,camacari,ISSQN
2025-01-01,2025-01-01,9,2025-10-01,22282587.251372285,19737315.7943054,1974094.20944375,camacari-ISSQN,camacari,ISSQN
2025-01-01,2025-01-01,10,2025-11-01,25054929.950006504,23558335.665527105,1974094.20944375,camacari-ISSQN,camacari,ISSQN
2025-01-01,2025-01-01,11,2025-12-01,34645157.78,23372481.99113276,1974094.20944375,camacari-ISSQN,camacari,ISSQN
2025-02-01,2025-02-01,1,2025-03-01,19211250.317555815,20238663.067219287,1987511.858303646,camacari-ISSQN,camacari,ISSQN
2025-02-01,2025-02-01,2,2025-04-01,20064010.88338034,21744713.050909817,1987511.858303646,camacari-ISSQN,camacari,ISSQN
2025-02-01,2025-02-01,3,2025-05-01,23108414.164161336,18442382.094789043,1987511.858303646,camacari-ISSQN,camacari,ISSQN
2025-02-01,2025-02-01,4,2025-06-01,25608048.4628075,15491270.777532216,1987511.858303646,camacari-ISSQN,camacari,ISSQN
2025-02-01,2025-02-01,5,2025-07-01,21995204.621536642,18434013.860205725,1987511.858303646,camacari-ISSQN,camacari,ISSQN
2025-02-01,2025-02-01,6,2025-08-01,21128408.23347808,18833855.35950391,1987511.858303646,camacari-ISSQN,camacari,ISSQN
2025-02-01,2025-02-01,7,2025-09-01,24511070.04857661,16904529.834906608,1987511.858303646,camacari-ISSQN,camacari,ISSQN
2025-02-01,2025-02-01,8,2025-10-01,22282587.251372285,19101168.071865737,1987511.858303646,camacari-ISSQN,camacari,ISSQN
2025-02-01,2025-02-01,9,2025-11-01,25054929.950006504,22922187.943087444,1987511.858303646,camacari-ISSQN,camacari,ISSQN
2025-02-01,2025-02-01,10,2025-12-01,34645157.78,22736334.268693097,1987511.858303646,camacari-ISSQN,camacari,ISSQN
2025-03-01,2025-03-01,1,2025-04-01,20064010.88338034,21102309.53669796,1987887.7153887814,camacari-ISSQN,camacari,ISSQN
2025-03-01,2025-03-01,2,2025-05-01,23108414.164161336,17799978.580577187,1987887.7153887814,camacari-ISSQN,camacari,ISSQN
2025-03-01,2025-03-01,3,2025-06-01,25608048.4628075,14848867.263320358,1987887.7153887814,camacari-ISSQN,camacari,ISSQN
2025-03-01,2025-03-01,4,2025-07-01,21995204.621536642,17791610.34599387,1987887.7153887814,camacari-ISSQN,camacari,ISSQN
2025-03-01,2025-03-01,5,2025-08-01,21128408.23347808,18191451.84529205,1987887.7153887814,camacari-ISSQN,camacari,ISSQN
2025-03-01,2025-03-01,6,2025-09-01,24511070.04857661,16262126.320694752,1987887.7153887814,camacari-ISSQN,camacari,ISSQN
2025-03-01,2025-03-01,7,2025-10-01,22282587.251372285,18458764.557653878,1987887.7153887814,camacari-ISSQN,camacari,ISSQN
2025-03-01,2025-03-01,8,2025-11-01,25054929.950006504,22279784.428875584,1987887.7153887814,camacari-ISSQN,camacari,ISSQN
2025-03-01,2025-03-01,9,2025-12-01,34645157.78,22093930.75448124,1987887.7153887814,camacari-ISSQN,camacari,ISSQN
2025-04-01,2025-04-01,1,2025-05-01,23108414.164161336,17730261.756496064,1994089.8019712004,camacari-ISSQN,camacari,ISSQN
2025-04-01,2025-04-01,2,2025-06-01,25608048.4628075,14779150.439239236,1994089.8019712004,camacari-ISSQN,camacari,ISSQN
2025-04-01,2025-04-01,3,2025-07-01,21995204.621536642,17721893.521912746,1994089.8019712004,camacari-ISSQN,camacari,ISSQN
2025-04-01,2025-04-01,4,2025-08-01,21128408.23347808,18121735.021210928,1994089.8019712004,camacari-ISSQN,camacari,ISSQN
2025-04-01,2025-04-01,5,2025-09-01,24511070.04857661,16192409.49661363,1994089.8019712004,camacari-ISSQN,camacari,ISSQN
2025-04-01,2025-04-01,6,2025-10-01,22282587.251372285,18389047.733572755,1994089.8019712004,camacari-ISSQN,camacari,ISSQN
2025-04-01,2025-04-01,7,2025-11-01,25054929.950006504,22210067.60479446,1994089.8019712004,camacari-ISSQN,camacari,ISSQN
2025-04-01,2025-04-01,8,2025-12-01,34645157.78,22024213.93040012,1994089.8019712004,camacari-ISSQN,camacari,ISSQN
2025-05-01,2025-05-01,1,2025-06-01,25608048.4628075,14779150.439239236,2008869.651726164,camacari-ISSQN,camacari,ISSQN
2025-05-01,2025-05-01,2,2025-07-01,21995204.621536642,17721893.521912746,2008869.651726164,camacari-ISSQN,camacari,ISSQN
2025-05-01,2025-05-01,3,2025-08-01,21128408.23347808,18121735.021210928,2008869.651726164,camacari-ISSQN,camacari,ISSQN
2025-05-01,2025-05-01,4,2025-09-01,24511070.04857661,16192409.49661363,2008869.651726164,camacari-ISSQN,camacari,ISSQN
2025-05-01,2025-05-01,5,2025-10-01,22282587.251372285,18389047.733572755,2008869.651726164,camacari-ISSQN,camacari,ISSQN
2025-05-01,2025-05-01,6,2025-11-01,25054929.950006504,22210067.60479446,2008869.651726164,camacari-ISSQN,camacari,ISSQN
2025-05-01,2025-05-01,7,2025-12-01,34645157.78,22024213.93040012,2008869.651726164,camacari-ISSQN,camacari,ISSQN
2025-06-01,2025-06-01,1,2025-07-01,21995204.621536642,17791610.34599387,2071203.763905628,camacari-ISSQN,camacari,ISSQN
2025-06-01,2025-06-01,2,2025-08-01,21128408.23347808,18191451.84529205,2071203.763905628,camacari-ISSQN,camacari,ISSQN
2025-06-01,2025-06-01,3,2025-09-01,24511070.04857661,16262126.320694752,2071203.763905628,camacari-ISSQN,camacari,ISSQN
2025-06-01,2025-06-01,4,2025-10-01,22282587.251372285,18458764.557653878,2071203.763905628,camacari-ISSQN,camacari,ISSQN
2025-06-01,2025-06-01,5,2025-11-01,25054929.950006504,22279784.428875584,2071203.763905628,camacari-ISSQN,camacari,ISSQN
2025-06-01,2025-06-01,6,2025-12-01,34645157.78,22093930.75448124,2071203.763905628,camacari-ISSQN,camacari,ISSQN
2025-07-01,2025-07-01,1,2025-08-01,21128408.23347808,18790473.36834863,2075448.7008824549,camacari-ISSQN,camacari,ISSQN
2025-07-01,2025-07-01,2,2025-09-01,24511070.04857661,16861147.843751334,2075448.7008824549,camacari-ISSQN,camacari,ISSQN
2025-07-01,2025-07-01,3,2025-10-01,22282587.251372285,19057786.080710456,2075448.7008824549,camacari-ISSQN,camacari,ISSQN
2025-07-01,2025-07-01,4,2025-11-01,25054929.950006504,22878805.951932162,2075448.7008824549,camacari-ISSQN,camacari,ISSQN
2025-07-01,2025-07-01,5,2025-12-01,34645157.78,22692952.277537823,2075448.7008824549,camacari-ISSQN,camacari,ISSQN
2025-08-01,2025-08-01,1,2025-09-01,24511070.04857661,17782076.858156007,2068701.1571583299,camacari-ISSQN,camacari,ISSQN
2025-08-01,2025-08-01,2,2025-10-01,22282587.251372285,19978715.095115133,2068701.1571583299,camacari-ISSQN,camacari,ISSQN
2025-08-01,2025-08-01,3,2025-11-01,25054929.950006504,23799734.96633684,2068701.1571583299,camacari-ISSQN,camacari,ISSQN
2025-08-01,2025-08-01,4,2025-12-01,34645157.78,23613881.291942496,2068701.1571583299,camacari-ISSQN,camacari,ISSQN
2025-09-01,2025-09-01,1,2025-10-01,22282587.251372285,20498704.524814524,2107470.5572559494,camacari-ISSQN,camacari,ISSQN
2025-09-01,2025-09-01,2,2025-11-01,25054929.950006504,24319724.39603623,2107470.5572559494,camacari-ISSQN,camacari,ISSQN
2025-09-01,2025-09-01,3,2025-12-01,34645157.78,24133870.721641883,2107470.5572559494,camacari-ISSQN,camacari,ISSQN
2025-10-01,2025-10-01,1,2025-11-01,25054929.950006504,24888964.571302205,2108081.823164088,camacari-ISSQN,camacari,ISSQN
2025-10-01,2025-10-01,2,2025-12-01,34645157.78,24703110.896907866,2108081.823164088,camacari-ISSQN,camacari,ISSQN
2025-11-01,2025-11-01,1,2025-12-01,34645157.78,24949981.709139716,2099870.402480599,camacari-ISSQN,camacari,ISSQN
2020-12-01,2020-12-01,1,2021-01-01,1795567.5947821462,2182057.834537331,953745.3597039464,ilheus-IPTU,ilheus,IPTU
2020-12-01,2020-12-01,2,2021-02-01,3299371.1233388623,1990380.237736316,953745.3597039464,ilheus-IPTU,ilheus,IPTU
2020-12-01,2020-12-01,3,2021-03-01,5552858.751004397,3237085.3464359306,953745.3597039464,ilheus-IPTU,ilheus,IPTU
2020-12-01,2020-12-01,4,2021-04-01,6389822.232549553,3069742.3305660645,953745.3597039464,ilheus-IPTU,ilheus,IPTU
2020-12-01,2020-12-01,5,2021-05-01,2697666.1907480466,1924286.0161395236,953745.3597039464,ilheus-IPTU,ilheus,IPTU
2020-12-01,2020-12-01,6,2021-06-01,2339335.1332101556,1313468.822420288,953745.3597039464,ilheus-IPTU,ilheus,IPTU
2020-12-01,2020-12-01,7,2021-07-01,2272131.235213842,1677344.544250824,953745.3597039464,ilheus-IPTU,ilheus,IPTU
2020-12-01,2020-12-01,8,2021-08-01,2213100.429243627,2214334.151581987,953745.3597039464,ilheus-IPTU,ilheus,IPTU
2020-12-01,2020-12-01,9,2021-09-01,2623149.9363260926,1678575.412633497,953745.3597039464,ilheus-IPTU,ilheus,IPTU
2020-12-01,2020-12-01,10,2021-10-01,1271908.2831416863,2005685.9355447814,953745.3597039464,ilheus-IPTU,ilheus,IPTU
2020-12-01,2020-12-01,11,2021-11-01,974523.3692654738,1787513.865983462,953745.3597039464,ilheus-IPTU,ilheus,IPTU
2020-12-01,2020-12-01,12,2021-12-01,1072570.4015688638,1797960.071870064,953745.3597039464,ilheus-IPTU,ilheus,IPTU
2021-01-01,2021-01-01,1,2021-02-01,3299371.1233388623,1933769.5925750919,944553.3693287106,ilheus-IPTU,ilheus,IPTU
2021-01-01,2021-01-01,2,2021-03-01,5552858.751004397,3180474.701274706,944553.3693287106,ilheus-IPTU,ilheus,IPTU
2021-01-01,2021-01-01,3,2021-04-01,6389822.232549553,3013131.68540484,944553.3693287106,ilheus-IPTU,ilheus,IPTU
2021-01-01,2021-01-01,4,2021-05-01,2697666.1907480466,1867675.3709782995,944553.3693287106,ilheus-IPTU,ilheus,IPTU
2021-01-01,2021-01-01,5,2021-06-01,2339335.1332101556,1256858.177259064,944553.3693287106,ilheus-IPTU,ilheus,IPTU
2021-01-01,2021-01-01,6,2021-07-01,2272131.235213842,1620733.8990896,944553.3693287106,ilheus-IPTU,ilheus,IPTU
2021-01-01,2021-01-01,7,2021-08-01,2213100.429243627,2157723.506420763,944553.3693287106,ilheus-IPTU,ilheus,IPTU
2021-01-01,2021-01-01,8,2021-09-01,2623149.9363260926,1621964.767472273,944553.3693287106,ilheus-IPTU,ilheus,IPTU
2021-01-01,2021-01-01,9,2021-10-01,1271908.2831416863,1949075.2903835573,944553.3693287106,ilheus-IPTU,ilheus,IPTU
2021-01-01,2021-01-01,10,2021-11-01,974523.3692654738,1730903.220822238,944553.3693287106,ilheus-IPTU,ilheus,IPTU
2021-01-01,2021-01-01,11,2021-12-01,1072570.4015688638,1741349.4267088398,944553.3693287106,ilheus-IPTU,ilheus,IPTU
2021-01-01,2021-01-01,12,2022-01-01,2343065.624318597,1732413.2425615427,944553.3693287106,ilheus-IPTU,ilheus,IPTU
2021-02-01,2021-02-01,1,2021-03-01,5552858.751004397,3237085.3464359306,950325.8501224922,ilheus-IPTU,ilheus,IPTU
2021-02-01,2021-02-01,2,2021-04-01,6389822.232549553,3069742.3305660645,950325.8501224922,ilheus-IPTU,ilheus,IPTU
2021-02-01,2021-02-01,3,2021-05-01,2697666.1907480466,1924286.0161395236,950325.8501224922,ilheus-IPTU,ilheus,IPTU
2021-02-01,2021-02-01,4,2021-06-01,2339335.1332101556,1313468.822420288,950325.8501224922,ilheus-IPTU,ilheus,IPTU
2021-02-01,2021-02-01,5,2021-07-01,2272131.235213842,1677344.544250824,950325.8501224922,ilheus-IPTU,ilheus,IPTU
2021-02-01,2021-02-01,6,2021-08-01,2213100.429243627,2214334.151581987,950325.8501224922,ilheus-IPTU,ilheus,IPTU
2021-02-01,2021-02-01,7,2021-09-01,2623149.9363260926,1678575.412633497,950325.8501224922,ilheus-IPTU,ilheus,IPTU
2021-02-01,2021-02-01,8,2021-10-01,1271908.2831416863,2005685.9355447814,950325.8501224922,ilheus-IPTU,ilheus,IPTU
2021-02-01,2021-02-01,9,2021-11-01,974523.3692654738,1787513.865983462,950325.8501224922,ilheus-IPTU,ilheus,IPTU
2021-02-01,2021-02-01,10,2021-12-01,1072570.4015688638,1797960.071870064,950325.8501224922,ilheus-IPTU,ilheus,IPTU
2021-02-01,2021-02-01,11,2022-01-01,2343065.624318597,1789023.8877227667,950325.8501224922,ilheus-IPTU,ilheus,IPTU
2021-02-01,2021-02-01,12,2022-02-01,2250002.33291625,3292827.4162794827,950325.8501224922,ilheus-IPTU,ilheus,IPTU
2021-03-01,2021-03-01,1,2021-04-01,6389822.232549553,3101551.6593686542,971895.7524619619,ilheus-IPTU,ilheus,IPTU
2021-03-01,2021-03-01,2,2021-05-01,2697666.1907480466,1956095.3449421136,971895.7524619619,ilheus-IPTU,ilheus,IPTU
2021-03-01,2021-03-01,3,2021-06-01,2339335.1332101556,1345278.1512228781,971895.7524619619,ilheus-IPTU,ilheus,IPTU
2021-03-01,2021-03-01,4,2021-07-01,2272131.235213842,1709153.873053414,971895.7524619619,ilheus-IPTU,ilheus,IPTU
2021-03-01,2021-03-01,5,2021-08-01,2213100.429243627,2246143.480384577,971895.7524619619,ilheus-IPTU,ilheus,IPTU
2021-03-01,2021-03-01,6,2021-09-01,2623149.9363260926,1710384.741436087,971895.7524619619,ilheus-IPTU,ilheus,IPTU
2021-03-01,2021-03-01,7,2021-10-01,1271908.2831416863,2037495.2643473714,971895.7524619619,ilheus-IPTU,ilheus,IPTU
2021-03-01,2021-03-01,8,2021-11-01,974523.3692654738,1819323.194786052,971895.7524619619,ilheus-IPTU,ilheus,IPTU
2021-03-01,2021-03-01,9,2021-12-01,1072570.4015688638,1829769.400672654,971895.7524619619,ilheus-IPTU,ilheus,IPTU
2021-03-01,2021-03-01,10,2022-01-01,2343065.624318597,1820833.2165253568,971895.7524619619,ilheus-IPTU,ilheus,IPTU
2021-03-01,2021-03-01,11,2022-02-01,2250002.33291625,3324636.745082073,971895.7524619619,ilheus-IPTU,ilheus,IPTU
2021-03-01,2021-03-01,12,2022-03-01,4925305.417483921,5578124.3727476075,971895.7524619619,ilheus-IPTU,ilheus,IPTU
2021-04-01,2021-04-01,1,2021-05-01,2697666.1907480466,1956095.3449421136,1008483.884375433,ilheus-IPTU,ilheus,IPTU
2021-04-01,2021-04-01,2,2021-06-01,2339335.1332101556,1345278.1512228781,1008483.884375433,ilheus-IPTU,ilheus,IPTU
2021-04-01,2021-04-01,3,2021-07-01,2272131.235213842,1709153.873053414,1008483.884375433,ilheus-IPTU,ilheus,IPTU
2021-04-01,2021-04-01,4,2021-08-01,2213100.429243627,2246143.480384577,1008483.884375433,ilheus-IPTU,ilheus,IPTU
2021-04-01,2021-04-01,5,2021-09-01,2623149.9363260926,1710384.741436087,1008483.884375433,ilheus-IPTU,ilheus,IPTU
2021-04-01,2021-04-01,6,2021-10-01,1271908.2831416863,2037495.2643473714,1008483.884375433,ilheus-IPTU,ilheus,IPTU
2021-04-01,2021-04-01,7,2021-11-01,974523.3692654738,1819323.194786052,1008483.884375433,ilheus-IPTU,ilheus,IPTU
2021-04-01,2021-04-01,8,2021-12-01,1072570.4015688638,1829769.400672654,1008483.884375433,ilheus-IPTU,ilheus,IPTU
2021-04-01,2021-04-01,9,2022-01-01,2343065.624318597,1820833.2165253568,1008483.884375433,ilheus-IPTU,ilheus,IPTU
2021-04-01,2021-04-01,10,2022-02-01,2250002.33291625,3324636.745082073,1008483.884375433,ilheus-IPTU,ilheus,IPTU
2021-04-01,2021-04-01,11,2022-03-01,4925305.417483921,5578124.3727476075,1008483.884375433,ilheus-IPTU,ilheus,IPTU
2021-04-01,2021-04-01,12,2022-04-01,8219106.086628274,6415087.854292763,1008483.884375433,ilheus-IPTU,ilheus,IPTU
2021-05-01,2021-05-01,1,2021-06-01,2339335.1332101556,1413453.7459247643,1004766.2318088748,ilheus-IPTU,ilheus,IPTU
2021-05-01,2021-05-01,2,2021-07-01,2272131.235213842,1777329.4677553005,1004766.2318088748,ilheus-IPTU,ilheus,IPTU
2021-05-01,2021-05-01,3,2021-08-01,2213100.429243627,2314319.0750864632,1004766.2318088748,ilheus-IPTU,ilheus,IPTU
2021-05-01,2021-05-01,4,2021-09-01,2623149.9363260926,1778560.3361379732,1004766.2318088748,ilheus-IPTU,ilheus,IPTU
2021-05-01,2021-05-01,5,2021-10-01,1271908.2831416863,2105670.859049258,1004766.2318088748,ilheus-IPTU,ilheus,IPTU
2021-05-01,2021-05-01,6,2021-11-01,974523.3692654738,1887498.7894879384,1004766.2318088748,ilheus-IPTU,ilheus,IPTU
2021-05-01,2021-05-01,7,2021-12-01,1072570.4015688638,1897944.9953745403,1004766.2318088748,ilheus-IPTU,ilheus,IPTU
2021-05-01,2021-05-01,8,2022-01-01,2343065.624318597,1889008.811227243,1004766.2318088748,ilheus-IPTU,ilheus,IPTU
2021-05-01,2021-05-01,9,2022-02-01,2250002.33291625,3392812.339783959,1004766.2318088748,ilheus-IPTU,ilheus,IPTU
2021-05-01,2021-05-01,10,2022-03-01,4925305.417483921,5646299.967449494,1004766.2318088748,ilheus-IPTU,ilheus,IPTU
2021-05-01,2021-05-01,11,2022-04-01,8219106.086628274,6483263.44899465,1004766.2318088748,ilheus-IPTU,ilheus,IPTU
2021-05-01,2021-05-01,12,2022-05-01,2431580.1184551804,2791107.4071931434,1004766.2318088748,ilheus-IPTU,ilheus,IPTU
2021-06-01,2021-06-01,1,2021-07-01,2272131.235213842,1923778.448520821,1004986.782898596,ilheus-IPTU,ilheus,IPTU
2021-06-01,2021-06-01,2,2021-08-01,2213100.429243627,2460768.055851984,1004986.782898596,ilheus-IPTU,ilheus,IPTU
2021-06-01,2021-06-01,3,2021-09-01,2623149.9363260926,1925009.3169034938,1004986.782898596,ilheus-IPTU,ilheus,IPTU
2021-06-01,2021-06-01,4,2021-10-01,1271908.2831416863,2252119.8398147784,1004986.782898596,ilheus-IPTU,ilheus,IPTU
2021-06-01,2021-06-01,5,2021-11-01,974523.3692654738,2033947.770253459,1004986.782898596,ilheus-IPTU,ilheus,IPTU
2021-06-01,2021-06-01,6,2021-12-01,1072570.4015688638,2044393.976140061,1004986.782898596,ilheus-IPTU,ilheus,IPTU
2021-06-01,2021-06-01,7,2022-01-01,2343065.624318597,2035457.7919927635,1004986.782898596,ilheus-IPTU,ilheus,IPTU
2021-06-01,2021-06-01,8,2022-02-01,2250002.33291625,3539261.3205494797,1004986.782898596,ilheus-IPTU,ilheus,IPTU
2021-06-01,2021-06-01,9,2022-03-01,4925305.417483921,5792748.948215014,1004986.782898596,ilheus-IPTU,ilheus,IPTU
2021-06-01,2021-06-01,10,2022-04-01,8219106.086628274,6629712.42976017,1004986.782898596,ilheus-IPTU,ilheus,IPTU
2021-06-01,2021-06-01,11,2022-05-01,2431580.1184551804,2937556.387958664,1004986.782898596,ilheus-IPTU,ilheus,IPTU
2021-06-01,2021-06-01,12,2022-06-01,2631240.8458854207,2579225.330420773,1004986.782898596,ilheus-IPTU,ilheus,IPTU
2021-07-01,2021-07-01,1,2021-08-01,2213100.429243627,2686183.9389738236,998766.7261971788,ilheus-IPTU,ilheus,IPTU
2021-07-01,2021-07-01,2,2021-09-01,2623149.9363260926,2150425.200025333,998766.7261971788,ilheus-IPTU,ilheus,IPTU
2021-07-01,2021-07-01,3,2021-10-01,1271908.2831416863,2477535.7229366177,998766.7261971788,ilheus-IPTU,ilheus,IPTU
2021-07-01,2021-07-01,4,2021-11-01,974523.3692654738,2259363.6533752983,998766.7261971788,ilheus-IPTU,ilheus,IPTU
2021-07-01,2021-07-01,5,2021-12-01,1072570.4015688638,2269809.8592619,998766.7261971788,ilheus-IPTU,ilheus,IPTU
2021-07-01,2021-07-01,6,2022-01-01,2343065.624318597,2260873.675114603,998766.7261971788,ilheus-IPTU,ilheus,IPTU
2021-07-01,2021-07-01,7,2022-02-01,2250002.33291625,3764677.2036713194,998766.7261971788,ilheus-IPTU,ilheus,IPTU
2021-07-01,2021-07-01,8,2022-03-01,4925305.417483921,6018164.831336854,998766.7261971788,ilheus-IPTU,ilheus,IPTU
2021-07-01,2021-07-01,9,2022-04-01,8219106.086628274,6855128.31288201,998766.7261971788,ilheus-IPTU,ilheus,IPTU
2021-07-01,2021-07-01,10,2022-05-01,2431580.1184551804,3162972.2710805032,998766.7261971788,ilheus-IPTU,ilheus,IPTU
2021-07-01,2021-07-01,11,2022-06-01,2631240.8458854207,2804641.2135426123,998766.7261971788,ilheus-IPTU,ilheus,IPTU
2021-07-01,2021-07-01,12,2022-07-01,1925861.261515704,2737437.3155462984,998766.7261971788,ilheus-IPTU,ilheus,IPTU
2021-08-01,2021-08-01,1,2021-09-01,2623149.9363260926,2047946.2204746753,984193.3541854223,ilheus-IPTU,ilheus,IPTU
2021-08-01,2021-08-01,2,2021-10-01,1271908.2831416863,2375056.74338596,984193.3541854223,ilheus-IPTU,ilheus,IPTU
2021-08-01,2021-08-01,3,2021-11-01,974523.3692654738,2156884.6738246405,984193.3541854223,ilheus-IPTU,ilheus,IPTU
2021-08-01,2021-08-01,4,2021-12-01,1072570.4015688638,2167330.8797112424,984193.3541854223,ilheus-IPTU,ilheus,IPTU
2021-08-01,2021-08-01,5,2022-01-01,2343065.624318597,2158394.695563945,984193.3541854223,ilheus-IPTU,ilheus,IPTU
2021-08-01,2021-08-01,6,2022-02-01,2250002.33291625,3662198.224120661,984193.3541854223,ilheus-IPTU,ilheus,IPTU
2021-08-01,2021-08-01,7,2022-03-01,4925305.417483921,5915685.851786196,984193.3541854223,ilheus-IPTU,ilheus,IPTU
2021-08-01,2021-08-01,8,2022-04-01,8219106.086628274,6752649.333331352,984193.3541854223,ilheus-IPTU,ilheus,IPTU
2021-08-01,2021-08-01,9,2022-05-01,2431580.1184551804,3060493.2915298454,984193.3541854223,ilheus-IPTU,ilheus,IPTU
2021-08-01,2021-08-01,10,2022-06-01,2631240.8458854207,2702162.2339919545,984193.3541854223,ilheus-IPTU,ilheus,IPTU
2021-08-01,2021-08-01,11,2022-07-01,1925861.261515704,2634958.3359956406,984193.3541854223,ilheus-IPTU,ilheus,IPTU
2021-08-01,2021-08-01,12,2022-08-01,2006116.8972595204,2575927.530025426,984193.3541854223,ilheus-IPTU,ilheus,IPTU
2021-09-01,2021-09-01,1,2021-10-01,1271908.2831416863,2689769.368330552,983524.3319020569,ilheus-IPTU,ilheus,IPTU
2021-09-01,2021-09-01,2,2021-11-01,974523.3692654738,2471597.2987692324,983524.3319020569,ilheus-IPTU,ilheus,IPTU
2021-09-01,2021-09-01,3,2021-12-01,1072570.4015688638,2482043.5046558343,983524.3319020569,ilheus-IPTU,ilheus,IPTU
2021-09-01,2021-09-01,4,2022-01-01,2343065.624318597,2473107.320508537,983524.3319020569,ilheus-IPTU,ilheus,IPTU
2021-09-01,2021-09-01,5,2022-02-01,2250002.33291625,3976910.8490652535,983524.3319020569,ilheus-IPTU,ilheus,IPTU
2021-09-01,2021-09-01,6,2022-03-01,4925305.417483921,6230398.476730788,983524.3319020569,ilheus-IPTU,ilheus,IPTU
2021-09-01,2021-09-01,7,2022-04-01,8219106.086628274,7067361.958275944,983524.3319020569,ilheus-IPTU,ilheus,IPTU
2021-09-01,2021-09-01,8,2022-05-01,2431580.1184551804,3375205.9164744373,983524.3319020569,ilheus-IPTU,ilheus,IPTU
2021-09-01,2021-09-01,9,2022-06-01,2631240.8458854207,3016874.8589365464,983524.3319020569,ilheus-IPTU,ilheus,IPTU
2021-09-01,2021-09-01,10,2022-07-01,1925861.261515704,2949670.9609402325,983524.3319020569,ilheus-IPTU,ilheus,IPTU
2021-09-01,2021-09-01,11,2022-08-01,2006116.8972595204,2890640.154970018,983524.3319020569,ilheus-IPTU,ilheus,IPTU
2021-09-01,2021-09-01,12,2022-09-01,1876735.4807647243,3300689.6620524833,983524.3319020569,ilheus-IPTU,ilheus,IPTU
2021-10-01,2021-10-01,1,2021-11-01,974523.3692654738,2471597.2987692324,980050.0037243485,ilheus-IPTU,ilheus,IPTU
2021-10-01,2021-10-01,2,2021-12-01,1072570.4015688638,2482043.5046558343,980050.0037243485,ilheus-IPTU,ilheus,IPTU
2021-10-01,2021-10-01,3,2022-01-01,2343065.624318597,2473107.320508537,980050.0037243485,ilheus-IPTU,ilheus,IPTU
2021-10-01,2021-10-01,4,2022-02-01,2250002.33291625,3976910.8490652535,980050.0037243485,ilheus-IPTU,ilheus,IPTU
2021-10-01,2021-10-01,5,2022-03-01,4925305.417483921,6230398.476730788,980050.0037243485,ilheus-IPTU,ilheus,IPTU
2021-10-01,2021-10-01,6,2022-04-01,8219106.086628274,7067361.958275944,980050.0037243485,ilheus-IPTU,ilheus,IPTU
2021-10-01,2021-10-01,7,2022-05-01,2431580.1184551804,3375205.9164744373,980050.0037243485,ilheus-IPTU,ilheus,IPTU
2021-10-01,2021-10-01,8,2022-06-01,2631240.8458854207,3016874.8589365464,980050.0037243485,ilheus-IPTU,ilheus,IPTU
2021-10-01,2021-10-01,9,2022-07-01,1925861.261515704,2949670.9609402325,980050.0037243485,ilheus-IPTU,ilheus,IPTU
2021-10-01,2021-10-01,10,2022-08-01,2006116.8972595204,2890640.154970018,980050.0037243485,ilheus-IPTU,ilheus,IPTU
2021-10-01,2021-10-01,11,2022-09-01,1876735.4807647243,3300689.6620524833,980050.0037243485,ilheus-IPTU,ilheus,IPTU
2021-10-01,2021-10-01,12,2022-10-01,2213546.4406881514,1949448.0088680773,980050.0037243485,ilheus-IPTU,ilheus,IPTU
2021-11-01,2021-11-01,1,2021-12-01,1072570.4015688638,2482043.5046558343,977789.2178096024,ilheus-IPTU,ilheus,IPTU
2021-11-01,2021-11-01,2,2022-01-01,2343065.624318597,2473107.320508537,977789.2178096024,ilheus-IPTU,ilheus,IPTU
2021-11-01,2021-11-01,3,2022-02-01,2250002.33291625,3976910.8490652535,977789.2178096024,ilheus-IPTU,ilheus,IPTU
2021-11-01,2021-11-01,4,2022-03-01,4925305.417483921,6230398.476730788,977789.2178096024,ilheus-IPTU,ilheus,IPTU
2021-11-01,2021-11-01,5,2022-04-01,8219106.086628274,7067361.958275944,977789.2178096024,ilheus-IPTU,ilheus,IPTU
2021-11-01,2021-11-01,6,2022-05-01,2431580.1184551804,3375205.9164744373,977789.2178096024,ilheus-IPTU,ilheus,IPTU
2021-11-01,2021-11-01,7,2022-06-01,2631240.8458854207,3016874.8589365464,977789.2178096024,ilheus-IPTU,ilheus,IPTU
2021-11-01,2021-11-01,8,2022-07-01,1925861.261515704,2949670.9609402325,977789.2178096024,ilheus-IPTU,ilheus,IPTU
2021-11-01,2021-11-01,9,2022-08-01,2006116.8972595204,2890640.154970018,977789.2178096024,ilheus-IPTU,ilheus,IPTU
2021-11-01,2021-11-01,10,2022-09-01,1876735.4807647243,3300689.6620524833,977789.2178096024,ilheus-IPTU,ilheus,IPTU
2021-11-01,2021-11-01,11,2022-10-01,2213546.4406881514,1949448.0088680773,977789.2178096024,ilheus-IPTU,ilheus,IPTU
2021-11-01,2021-11-01,12,2022-11-01,1586036.0844479885,1652063.0949918646,977789.2178096024,ilheus-IPTU,ilheus,IPTU
2021-12-01,2021-12-01,1,2022-01-01,2343065.624318597,2473107.320508537,974374.5533589215,ilheus-IPTU,ilheus,IPTU
2021-12-01,2021-12-01,2,2022-02-01,2250002.33291625,3976910.8490652535,974374.5533589215,ilheus-IPTU,ilheus,IPTU
2021-12-01,2021-12-01,3,2022-03-01,4925305.417483921,6230398.476730788,974374.5533589215,ilheus-IPTU,ilheus,IPTU
2021-12-01,2021-12-01,4,2022-04-01,8219106.086628274,7067361.958275944,974374.5533589215,ilheus-IPTU,ilheus,IPTU
2021-12-01,2021-12-01,5,2022-05-01,2431580.1184551804,3375205.9164744373,974374.5533589215,ilheus-IPTU,ilheus,IPTU
2021-12-01,2021-12-01,6,2022-06-01,2631240.8458854207,3016874.8589365464,974374.5533589215,ilheus-IPTU,ilheus,IPTU
2021-12-01,2021-12-01,7,2022-07-01,1925861.261515704,2949670.9609402325,974374.5533589215,ilheus-IPTU,ilheus,IPTU
2021-12-01,2021-12-01,8,2022-08-01,2006116.8972595204,2890640.154970018,974374.5533589215,ilheus-IPTU,ilheus,IPTU
2021-12-01,2021-12-01,9,2022-09-01,1876735.4807647243,3300689.6620524833,974374.5533589215,ilheus-IPTU,ilheus,IPTU
2021-12-01,2021-12-01,10,2022-10-01,2213546.4406881514,1949448.0088680773,974374.5533589215,ilheus-IPTU,ilheus,IPTU
2021-12-01,2021-12-01,11,2022-11-01,1586036.0844479885,1652063.0949918646,974374.5533589215,ilheus-IPTU,ilheus,IPTU
2021-12-01,2021-12-01,12,2022-12-01,1694091.5193373812,1750110.1272952547,974374.5533589215,ilheus-IPTU,ilheus,IPTU
2022-01-01,2022-01-01,1,2022-02-01,2250002.33291625,3976910.8490652535,968526.9297449152,ilheus-IPTU,ilheus,IPTU
2022-01-01,2022-01-01,2,2022-03-01,4925305.417483921,6230398.476730788,968526.9297449152,ilheus-IPTU,ilheus,IPTU
2022-01-01,2022-01-01,3,2022-04-01,8219106.086628274,7067361.958275944,968526.9297449152,ilheus-IPTU,ilheus,IPTU
2022-01-01,2022-01-01,4,2022-05-01,2431580.1184551804,3375205.9164744373,968526.9297449152,ilheus-IPTU,ilheus,IPTU
2022-01-01,2022-01-01,5,2022-06-01,2631240.8458854207,3016874.8589365464,968526.9297449152,ilheus-IPTU,ilheus,IPTU
2022-01-01,2022-01-01,6,2022-07-01,1925861.261515704,2949670.9609402325,968526.9297449152,ilheus-IPTU,ilheus,IPTU
2022-01-01,2022-01-01,7,2022-08-01,2006116.8972595204,2890640.154970018,968526.9297449152,ilheus-IPTU,ilheus,IPTU
2022-01-01,2022-01-01,8,2022-09-01,1876735.4807647243,3300689.6620524833,968526.9297449152,ilheus-IPTU,ilheus,IPTU
2022-01-01,2022-01-01,9,2022-10-01,2213546.4406881514,1949448.0088680773,968526.9297449152,ilheus-IPTU,ilheus,IPTU
2022-01-01,2022-01-01,10,2022-11-01,1586036.0844479885,1652063.0949918646,968526.9297449152,ilheus-IPTU,ilheus,IPTU
2022-01-01,2022-01-01,11,2022-12-01,1694091.5193373812,1750110.1272952547,968526.9297449152,ilheus-IPTU,ilheus,IPTU
2022-01-01,2022-01-01,12,2023-01-01,1843283.8297266124,3020605.350044988,968526.9297449152,ilheus-IPTU,ilheus,IPTU
2022-02-01,2022-02-01,1,2022-03-01,4925305.417483921,6120729.257724442,969619.387321641,ilheus-IPTU,ilheus,IPTU
2022-02-01,2022-02-01,2,2022-04-01,8219106.086628274,6957692.739269597,969619.387321641,ilheus-IPTU,ilheus,IPTU
2022-02-01,2022-02-01,3,2022-05-01,2431580.1184551804,3265536.6974680913,969619.387321641,ilheus-IPTU,ilheus,IPTU
2022-02-01,2022-02-01,4,2022-06-01,2631240.8458854207,2907205.6399302003,969619.387321641,ilheus-IPTU,ilheus,IPTU
2022-02-01,2022-02-01,5,2022-07-01,1925861.261515704,2840001.7419338864,969619.387321641,ilheus-IPTU,ilheus,IPTU
2022-02-01,2022-02-01,6,2022-08-01,2006116.8972595204,2780970.9359636717,969619.387321641,ilheus-IPTU,ilheus,IPTU
2022-02-01,2022-02-01,7,2022-09-01,1876735.4807647243,3191020.443046137,969619.387321641,ilheus-IPTU,ilheus,IPTU
2022-02-01,2022-02-01,8,2022-10-01,2213546.4406881514,1839778.7898617308,969619.387321641,ilheus-IPTU,ilheus,IPTU
2022-02-01,2022-02-01,9,2022-11-01,1586036.0844479885,1542393.8759855183,969619.387321641,ilheus-IPTU,ilheus,IPTU
2022-02-01,2022-02-01,10,2022-12-01,1694091.5193373812,1640440.9082889082,969619.387321641,ilheus-IPTU,ilheus,IPTU
2022-02-01,2022-02-01,11,2023-01-01,1843283.8297266124,2910936.1310386416,969619.387321641,ilheus-IPTU,ilheus,IPTU
2022-02-01,2022-02-01,12,2023-02-01,2815202.2643191377,2817872.8396362946,969619.387321641,ilheus-IPTU,ilheus,IPTU
2022-03-01,2022-03-01,1,2022-04-01,8219106.086628274,6659682.532618908,965058.506604292,ilheus-IPTU,ilheus,IPTU
2022-03-01,2022-03-01,2,2022-05-01,2431580.1184551804,2967526.4908174025,965058.506604292,ilheus-IPTU,ilheus,IPTU
2022-03-01,2022-03-01,3,2022-06-01,2631240.8458854207,2609195.4332795115,965058.506604292,ilheus-IPTU,ilheus,IPTU
2022-03-01,2022-03-01,4,2022-07-01,1925861.261515704,2541991.5352831976,965058.506604292,ilheus-IPTU,ilheus,IPTU
2022-03-01,2022-03-01,5,2022-08-01,2006116.8972595204,2482960.7293129824,965058.506604292,ilheus-IPTU,ilheus,IPTU
2022-03-01,2022-03-01,6,2022-09-01,1876735.4807647243,2893010.2363954484,965058.506604292,ilheus-IPTU,ilheus,IPTU
2022-03-01,2022-03-01,7,2022-10-01,2213546.4406881514,1541768.583211042,965058.506604292,ilheus-IPTU,ilheus,IPTU
2022-03-01,2022-03-01,8,2022-11-01,1586036.0844479885,1244383.6693348293,965058.506604292,ilheus-IPTU,ilheus,IPTU
2022-03-01,2022-03-01,9,2022-12-01,1694091.5193373812,1342430.7016382194,965058.506604292,ilheus-IPTU,ilheus,IPTU
2022-03-01,2022-03-01,10,2023-01-01,1843283.8297266124,2612925.9243879523,965058.506604292,ilheus-IPTU,ilheus,IPTU
2022-03-01,2022-03-01,11,2023-02-01,2815202.2643191377,2519862.632985606,965058.506604292,ilheus-IPTU,ilheus,IPTU
2022-03-01,2022-03-01,12,2023-03-01,6457345.5598513875,5195165.717553277,965058.506604292,ilheus-IPTU,ilheus,IPTU
2022-04-01,2022-04-01,1,2022-05-01,2431580.1184551804,2967526.4908174025,976429.8927552714,ilheus-IPTU,ilheus,IPTU
2022-04-01,2022-04-01,2,2022-06-01,2631240.8458854207,2609195.4332795115,976429.8927552714,ilheus-IPTU,ilheus,IPTU
2022-04-01,2022-04-01,3,2022-07-01,1925861.261515704,2541991.5352831976,976429.8927552714,ilheus-IPTU,ilheus,IPTU
2022-04-01,2022-04-01,4,2022-08-01,2006116.8972595204,2482960.7293129824,976429.8927552714,ilheus-IPTU,ilheus,IPTU
2022-04-01,2022-04-01,5,2022-09-01,1876735.4807647243,2893010.2363954484,976429.8927552714,ilheus-IPTU,ilheus,IPTU
2022-04-01,2022-04-01,6,2022-10-01,2213546.4406881514,1541768.583211042,976429.8927552714,ilheus-IPTU,ilheus,IPTU
2022-04-01,2022-04-01,7,2022-11-01,1586036.0844479885,1244383.6693348293,976429.8927552714,ilheus-IPTU,ilheus,IPTU
2022-04-01,2022-04-01,8,2022-12-01,1694091.5193373812,1342430.7016382194,976429.8927552714,ilheus-IPTU,ilheus,IPTU
2022-04-01,2022-04-01,9,2023-01-01,1843283.8297266124,2612925.9243879523,976429.8927552714,ilheus-IPTU,ilheus,IPTU
2022-04-01,2022-04-01,10,2023-02-01,2815202.2643191377,2519862.632985606,976429.8927552714,ilheus-IPTU,ilheus,IPTU
2022-04-01,2022-04-01,11,2023-03-01,6457345.5598513875,5195165.717553277,976429.8927552714,ilheus-IPTU,ilheus,IPTU
2022-04-01,2022-04-01,12,2023-04-01,7796975.713490462,8488966.38669763,976429.8927552714,ilheus-IPTU,ilheus,IPTU
2022-05-01,2022-05-01,1,2022-06-01,2631240.8458854207,2202403.382364853,967204.6483336816,ilheus-IPTU,ilheus,IPTU
2022-05-01,2022-05-01,2,2022-07-01,1925861.261515704,2135199.484368539,967204.6483336816,ilheus-IPTU,ilheus,IPTU
2022-05-01,2022-05-01,3,2022-08-01,2006116.8972595204,2076168.6783983242,967204.6483336816,ilheus-IPTU,ilheus,IPTU
2022-05-01,2022-05-01,4,2022-09-01,1876735.4807647243,2486218.1854807897,967204.6483336816,ilheus-IPTU,ilheus,IPTU
2022-05-01,2022-05-01,5,2022-10-01,2213546.4406881514,1134976.5322963835,967204.6483336816,ilheus-IPTU,ilheus,IPTU
2022-05-01,2022-05-01,6,2022-11-01,1586036.0844479885,837591.618420171,967204.6483336816,ilheus-IPTU,ilheus,IPTU
2022-05-01,2022-05-01,7,2022-12-01,1694091.5193373812,935638.650723561,967204.6483336816,ilheus-IPTU,ilheus,IPTU
2022-05-01,2022-05-01,8,2023-01-01,1843283.8297266124,2206133.873473294,967204.6483336816,ilheus-IPTU,ilheus,IPTU
2022-05-01,2022-05-01,9,2023-02-01,2815202.2643191377,2113070.582070947,967204.6483336816,ilheus-IPTU,ilheus,IPTU
2022-05-01,2022-05-01,10,2023-03-01,6457345.5598513875,4788373.666638618,967204.6483336816,ilheus-IPTU,ilheus,IPTU
2022-05-01,2022-05-01,11,2023-04-01,7796975.713490462,8082174.335782971,967204.6483336816,ilheus-IPTU,ilheus,IPTU
2022-05-01,2022-05-01,12,2023-05-01,3071104.1275374345,2294648.3676098776,967204.6483336816,ilheus-IPTU,ilheus,IPTU
2022-06-01,2022-06-01,1,2022-07-01,1925861.261515704,2135199.484368539,958546.9696713942,ilheus-IPTU,ilheus,IPTU
2022-06-01,2022-06-01,2,2022-08-01,2006116.8972595204,2076168.6783983242,958546.9696713942,ilheus-IPTU,ilheus,IPTU
2022-06-01,2022-06-01,3,2022-09-01,1876735.4807647243,2486218.1854807897,958546.9696713942,ilheus-IPTU,ilheus,IPTU
2022-06-01,2022-06-01,4,2022-10-01,2213546.4406881514,1134976.5322963835,958546.9696713942,ilheus-IPTU,ilheus,IPTU
2022-06-01,2022-06-01,5,2022-11-01,1586036.0844479885,837591.618420171,958546.9696713942,ilheus-IPTU,ilheus,IPTU
2022-06-01,2022-06-01,6,2022-12-01,1694091.5193373812,935638.650723561,958546.9696713942,ilheus-IPTU,ilheus,IPTU
2022-06-01,2022-06-01,7,2023-01-01,1843283.8297266124,2206133.873473294,958546.9696713942,ilheus-IPTU,ilheus,IPTU
2022-06-01,2022-06-01,8,2023-02-01,2815202.2643191377,2113070.582070947,958546.9696713942,ilheus-IPTU,ilheus,IPTU
2022-06-01,2022-06-01,9,2023-03-01,6457345.5598513875,4788373.666638618,958546.9696713942,ilheus-IPTU,ilheus,IPTU
2022-06-01,2022-06-01,10,2023-04-01,7796975.713490462,8082174.335782971,958546.9696713942,ilheus-IPTU,ilheus,IPTU
2022-06-01,2022-06-01,11,2023-05-01,3071104.1275374345,2294648.3676098776,958546.9696713942,ilheus-IPTU,ilheus,IPTU
2022-06-01,2022-06-01,12,2023-06-01,1730961.630794251,2494309.095040118,958546.9696713942,ilheus-IPTU,ilheus,IPTU
2022-07-01,2022-07-01,1,2022-08-01,2006116.8972595204,1906922.406248125,950796.6279502137,ilheus-IPTU,ilheus,IPTU
2022-07-01,2022-07-01,2,2022-09-01,1876735.4807647243,2316971.9133305904,950796.6279502137,ilheus-IPTU,ilheus,IPTU
2022-07-01,2022-07-01,3,2022-10-01,2213546.4406881514,965730.2601461844,950796.6279502137,ilheus-IPTU,ilheus,IPTU
2022-07-01,2022-07-01,4,2022-11-01,1586036.0844479885,668345.3462699718,950796.6279502137,ilheus-IPTU,ilheus,IPTU
2022-07-01,2022-07-01,5,2022-12-01,1694091.5193373812,766392.3785733618,950796.6279502137,ilheus-IPTU,ilheus,IPTU
2022-07-01,2022-07-01,6,2023-01-01,1843283.8297266124,2036887.601323095,950796.6279502137,ilheus-IPTU,ilheus,IPTU
2022-07-01,2022-07-01,7,2023-02-01,2815202.2643191377,1943824.309920748,950796.6279502137,ilheus-IPTU,ilheus,IPTU
2022-07-01,2022-07-01,8,2023-03-01,6457345.5598513875,4619127.394488419,950796.6279502137,ilheus-IPTU,ilheus,IPTU
2022-07-01,2022-07-01,9,2023-04-01,7796975.713490462,7912928.063632772,950796.6279502137,ilheus-IPTU,ilheus,IPTU
2022-07-01,2022-07-01,10,2023-05-01,3071104.1275374345,2125402.095459678,950796.6279502137,ilheus-IPTU,ilheus,IPTU
2022-07-01,2022-07-01,11,2023-06-01,1730961.630794251,2325062.8228899185,950796.6279502137,ilheus-IPTU,ilheus,IPTU
2022-07-01,2022-07-01,12,2023-07-01,1301640.6279949658,1619683.238520202,950796.6279502137,ilheus-IPTU,ilheus,IPTU
2022-08-01,2022-08-01,1,2022-09-01,1876735.4807647243,2316971.9133305904,941498.9642506375,ilheus-IPTU,ilheus,IPTU
2022-08-01,2022-08-01,2,2022-10-01,2213546.4406881514,965730.2601461844,941498.9642506375,ilheus-IPTU,ilheus,IPTU
2022-08-01,2022-08-01,3,2022-11-01,1586036.0844479885,668345.3462699718,941498.9642506375,ilheus-IPTU,ilheus,IPTU
2022-08-01,2022-08-01,4,2022-12-01,1694091.5193373812,766392.3785733618,941498.9642506375,ilheus-IPTU,ilheus,IPTU
2022-08-01,2022-08-01,5,2023-01-01,1843283.8297266124,2036887.601323095,941498.9642506375,ilheus-IPTU,ilheus,IPTU
2022-08-01,2022-08-01,6,2023-02-01,2815202.2643191377,1943824.309920748,941498.9642506375,ilheus-IPTU,ilheus,IPTU
2022-08-01,2022-08-01,7,2023-03-01,6457345.5598513875,4619127.394488419,941498.9642506375,ilheus-IPTU,ilheus,IPTU
2022-08-01,2022-08-01,8,2023-04-01,7796975.713490462,7912928.063632772,941498.9642506375,ilheus-IPTU,ilheus,IPTU
2022-08-01,2022-08-01,9,2023-05-01,3071104.1275374345,2125402.095459678,941498.9642506375,ilheus-IPTU,ilheus,IPTU
2022-08-01,2022-08-01,10,2023-06-01,1730961.630794251,2325062.8228899185,941498.9642506375,ilheus-IPTU,ilheus,IPTU
2022-08-01,2022-08-01,11,2023-07-01,1301640.6279949658,1619683.238520202,941498.9642506375,ilheus-IPTU,ilheus,IPTU
2022-08-01,2022-08-01,12,2023-08-01,2424253.599531383,1699938.8742640184,941498.9642506375,ilheus-IPTU,ilheus,IPTU
2022-09-01,2022-09-01,1,2022-10-01,2213546.4406881514,784996.6295323796,939090.5135260785,ilheus-IPTU,ilheus,IPTU
2022-09-01,2022-09-01,2,2022-11-01,1586036.0844479885,487611.715656167,939090.5135260785,ilheus-IPTU,ilheus,IPTU
2022-09-01,2022-09-01,3,2022-12-01,1694091.5193373812,585658.747959557,939090.5135260785,ilheus-IPTU,ilheus,IPTU
2022-09-01,2022-09-01,4,2023-01-01,1843283.8297266124,1856153.9707092901,939090.5135260785,ilheus-IPTU,ilheus,IPTU
2022-09-01,2022-09-01,5,2023-02-01,2815202.2643191377,1763090.6793069432,939090.5135260785,ilheus-IPTU,ilheus,IPTU
2022-09-01,2022-09-01,6,2023-03-01,6457345.5598513875,4438393.763874615,939090.5135260785,ilheus-IPTU,ilheus,IPTU
2022-09-01,2022-09-01,7,2023-04-01,7796975.713490462,7732194.4330189675,939090.5135260785,ilheus-IPTU,ilheus,IPTU
2022-09-01,2022-09-01,8,2023-05-01,3071104.1275374345,1944668.4648458736,939090.5135260785,ilheus-IPTU,ilheus,IPTU
2022-09-01,2022-09-01,9,2023-06-01,1730961.630794251,2144329.1922761137,939090.5135260785,ilheus-IPTU,ilheus,IPTU
2022-09-01,2022-09-01,10,2023-07-01,1301640.6279949658,1438949.6079063972,939090.5135260785,ilheus-IPTU,ilheus,IPTU
2022-09-01,2022-09-01,11,2023-08-01,2424253.599531383,1519205.2436502136,939090.5135260785,ilheus-IPTU,ilheus,IPTU
2022-09-01,2022-09-01,12,2023-09-01,2013764.6094781046,1389823.8271554175,939090.5135260785,ilheus-IPTU,ilheus,IPTU
2022-10-01,2022-10-01,1,2022-11-01,1586036.0844479885,668345.3462699718,939121.5823555954,ilheus-IPTU,ilheus,IPTU
2022-10-01,2022-10-01,2,2022-12-01,1694091.5193373812,766392.3785733618,939121.5823555954,ilheus-IPTU,ilheus,IPTU
2022-10-01,2022-10-01,3,2023-01-01,1843283.8297266124,2036887.601323095,939121.5823555954,ilheus-IPTU,ilheus,IPTU
2022-10-01,2022-10-01,4,2023-02-01,2815202.2643191377,1943824.309920748,939121.5823555954,ilheus-IPTU,ilheus,IPTU
2022-10-01,2022-10-01,5,2023-03-01,6457345.5598513875,4619127.394488419,939121.5823555954,ilheus-IPTU,ilheus,IPTU
2022-10-01,2022-10-01,6,2023-04-01,7796975.713490462,7912928.063632772,939121.5823555954,ilheus-IPTU,ilheus,IPTU
2022-10-01,2022-10-01,7,2023-05-01,3071104.1275374345,2125402.095459678,939121.5823555954,ilheus-IPTU,ilheus,IPTU
2022-10-01,2022-10-01,8,2023-06-01,1730961.630794251,2325062.8228899185,939121.5823555954,ilheus-IPTU,ilheus,IPTU
2022-10-01,2022-10-01,9,2023-07-01,1301640.6279949658,1619683.238520202,939121.5823555954,ilheus-IPTU,ilheus,IPTU
2022-10-01,2022-10-01,10,2023-08-01,2424253.599531383,1699938.8742640184,939121.5823555954,ilheus-IPTU,ilheus,IPTU
2022-10-01,2022-10-01,11,2023-09-01,2013764.6094781046,1570557.4577692223,939121.5823555954,ilheus-IPTU,ilheus,IPTU
2022-10-01,2022-10-01,12,2023-10-01,1586701.2293386583,1907368.4176926494,939121.5823555954,ilheus-IPTU,ilheus,IPTU
2022-11-01,2022-11-01,1,2022-12-01,1694091.5193373812,836035.5994303774,935174.4875703775,ilheus-IPTU,ilheus,IPTU
2022-11-01,2022-11-01,2,2023-01-01,1843283.8297266124,2106530.8221801105,935174.4875703775,ilheus-IPTU,ilheus,IPTU
2022-11-01,2022-11-01,3,2023-02-01,2815202.2643191377,2013467.5307777636,935174.4875703775,ilheus-IPTU,ilheus,IPTU
2022-11-01,2022-11-01,4,2023-03-01,6457345.5598513875,4688770.615345435,935174.4875703775,ilheus-IPTU,ilheus,IPTU
2022-11-01,2022-11-01,5,2023-04-01,7796975.713490462,7982571.284489788,935174.4875703775,ilheus-IPTU,ilheus,IPTU
2022-11-01,2022-11-01,6,2023-05-01,3071104.1275374345,2195045.316316694,935174.4875703775,ilheus-IPTU,ilheus,IPTU
2022-11-01,2022-11-01,7,2023-06-01,1730961.630794251,2394706.0437469343,935174.4875703775,ilheus-IPTU,ilheus,IPTU
2022-11-01,2022-11-01,8,2023-07-01,1301640.6279949658,1689326.4593772176,935174.4875703775,ilheus-IPTU,ilheus,IPTU
2022-11-01,2022-11-01,9,2023-08-01,2424253.599531383,1769582.095121034,935174.4875703775,ilheus-IPTU,ilheus,IPTU
2022-11-01,2022-11-01,10,2023-09-01,2013764.6094781046,1640200.678626238,935174.4875703775,ilheus-IPTU,ilheus,IPTU
2022-11-01,2022-11-01,11,2023-10-01,1586701.2293386583,1977011.638549665,935174.4875703775,ilheus-IPTU,ilheus,IPTU
2022-11-01,2022-11-01,12,2023-11-01,1229128.6609010594,1349501.2823095021,935174.4875703775,ilheus-IPTU,ilheus,IPTU
2022-12-01,2022-12-01,1,2023-01-01,1843283.8297266124,2385526.714664176,931440.5188822601,ilheus-IPTU,ilheus,IPTU
2022-12-01,2022-12-01,2,2023-02-01,2815202.2643191377,2292463.423261829,931440.5188822601,ilheus-IPTU,ilheus,IPTU
2022-12-01,2022-12-01,3,2023-03-01,6457345.5598513875,4967766.5078295,931440.5188822601,ilheus-IPTU,ilheus,IPTU
2022-12-01,2022-12-01,4,2023-04-01,7796975.713490462,8261567.176973853,931440.5188822601,ilheus-IPTU,ilheus,IPTU
2022-12-01,2022-12-01,5,2023-05-01,3071104.1275374345,2474041.2088007596,931440.5188822601,ilheus-IPTU,ilheus,IPTU
2022-12-01,2022-12-01,6,2023-06-01,1730961.630794251,2673701.936231,931440.5188822601,ilheus-IPTU,ilheus,IPTU
2022-12-01,2022-12-01,7,2023-07-01,1301640.6279949658,1968322.3518612832,931440.5188822601,ilheus-IPTU,ilheus,IPTU
2022-12-01,2022-12-01,8,2023-08-01,2424253.599531383,2048577.9876050996,931440.5188822601,ilheus-IPTU,ilheus,IPTU
2022-12-01,2022-12-01,9,2023-09-01,2013764.6094781046,1919196.5711103035,931440.5188822601,ilheus-IPTU,ilheus,IPTU
2022-12-01,2022-12-01,10,2023-10-01,1586701.2293386583,2256007.5310337306,931440.5188822601,ilheus-IPTU,ilheus,IPTU
2022-12-01,2022-12-01,11,2023-11-01,1229128.6609010594,1628497.1747935677,931440.5188822601,ilheus-IPTU,ilheus,IPTU
2022-12-01,2022-12-01,12,2023-12-01,1538686.7153930117,1736552.6096829604,931440.5188822601,ilheus-IPTU,ilheus,IPTU
2023-01-01,2023-01-01,1,2023-02-01,2815202.2643191377,2013467.5307777636,926362.1809494332,ilheus-IPTU,ilheus,IPTU
2023-01-01,2023-01-01,2,2023-03-01,6457345.5598513875,4688770.615345435,926362.1809494332,ilheus-IPTU,ilheus,IPTU
2023-01-01,2023-01-01,3,2023-04-01,7796975.713490462,7982571.284489788,926362.1809494332,ilheus-IPTU,ilheus,IPTU
2023-01-01,2023-01-01,4,2023-05-01,3071104.1275374345,2195045.316316694,926362.1809494332,ilheus-IPTU,ilheus,IPTU
2023-01-01,2023-01-01,5,2023-06-01,1730961.630794251,2394706.0437469343,926362.1809494332,ilheus-IPTU,ilheus,IPTU
2023-01-01,2023-01-01,6,2023-07-01,1301640.6279949658,1689326.4593772176,926362.1809494332,ilheus-IPTU,ilheus,IPTU
2023-01-01,2023-01-01,7,2023-08-01,2424253.599531383,1769582.095121034,926362.1809494332,ilheus-IPTU,ilheus,IPTU
2023-01-01,2023-01-01,8,2023-09-01,2013764.6094781046,1640200.678626238,926362.1809494332,ilheus-IPTU,ilheus,IPTU
2023-01-01,2023-01-01,9,2023-10-01,1586701.2293386583,1977011.638549665,926362.1809494332,ilheus-IPTU,ilheus,IPTU
2023-01-01,2023-01-01,10,2023-11-01,1229128.6609010594,1349501.2823095021,926362.1809494332,ilheus-IPTU,ilheus,IPTU
2023-01-01,2023-01-01,11,2023-12-01,1538686.7153930117,1457556.7171988948,926362.1809494332,ilheus-IPTU,ilheus,IPTU
2023-01-01,2023-01-01,12,2024-01-01,2421833.300556963,1606749.027588126,926362.1809494332,ilheus-IPTU,ilheus,IPTU
2023-02-01,2023-02-01,1,2023-03-01,6457345.5598513875,4967766.5078295,922162.6199081944,ilheus-IPTU,ilheus,IPTU
2023-02-01,2023-02-01,2,2023-04-01,7796975.713490462,8261567.176973853,922162.6199081944,ilheus-IPTU,ilheus,IPTU
2023-02-01,2023-02-01,3,2023-05-01,3071104.1275374345,2474041.2088007596,922162.6199081944,ilheus-IPTU,ilheus,IPTU
2023-02-01,2023-02-01,4,2023-06-01,1730961.630794251,2673701.936231,922162.6199081944,ilheus-IPTU,ilheus,IPTU
2023-02-01,2023-02-01,5,2023-07-01,1301640.6279949658,1968322.3518612832,922162.6199081944,ilheus-IPTU,ilheus,IPTU
2023-02-01,2023-02-01,6,2023-08-01,2424253.599531383,2048577.9876050996,922162.6199081944,ilheus-IPTU,ilheus,IPTU
2023-02-01,2023-02-01,7,2023-09-01,2013764.6094781046,1919196.5711103035,922162.6199081944,ilheus-IPTU,ilheus,IPTU
2023-02-01,2023-02-01,8,2023-10-01,1586701.2293386583,2256007.5310337306,922162.6199081944,ilheus-IPTU,ilheus,IPTU
2023-02-01,2023-02-01,9,2023-11-01,1229128.6609010594,1628497.1747935677,922162.6199081944,ilheus-IPTU,ilheus,IPTU
2023-02-01,2023-02-01,10,2023-12-01,1538686.7153930117,1736552.6096829604,922162.6199081944,ilheus-IPTU,ilheus,IPTU
2023-02-01,2023-02-01,11,2024-01-01,2421833.300556963,1885744.9200721916,922162.6199081944,ilheus-IPTU,ilheus,IPTU
2023-02-01,2023-02-01,12,2024-02-01,2645795.772083337,2857663.354664717,922162.6199081944,ilheus-IPTU,ilheus,IPTU
2023-03-01,2023-03-01,1,2023-04-01,7796975.713490462,8647658.90866735,929172.7063732435,ilheus-IPTU,ilheus,IPTU
2023-03-01,2023-03-01,2,2023-05-01,3071104.1275374345,2860132.940494257,929172.7063732435,ilheus-IPTU,ilheus,IPTU
2023-03-01,2023-03-01,3,2023-06-01,1730961.630794251,3059793.6679244973,929172.7063732435,ilheus-IPTU,ilheus,IPTU
2023-03-01,2023-03-01,4,2023-07-01,1301640.6279949658,2354414.08355478,929172.7063732435,ilheus-IPTU,ilheus,IPTU
2023-03-01,2023-03-01,5,2023-08-01,2424253.599531383,2434669.7192985965,929172.7063732435,ilheus-IPTU,ilheus,IPTU
2023-03-01,2023-03-01,6,2023-09-01,2013764.6094781046,2305288.3028038004,929172.7063732435,ilheus-IPTU,ilheus,IPTU
2023-03-01,2023-03-01,7,2023-10-01,1586701.2293386583,2642099.262727228,929172.7063732435,ilheus-IPTU,ilheus,IPTU
2023-03-01,2023-03-01,8,2023-11-01,1229128.6609010594,2014588.906487065,929172.7063732435,ilheus-IPTU,ilheus,IPTU
2023-03-01,2023-03-01,9,2023-12-01,1538686.7153930117,2122644.3413764574,929172.7063732435,ilheus-IPTU,ilheus,IPTU
2023-03-01,2023-03-01,10,2024-01-01,2421833.300556963,2271836.651765689,929172.7063732435,ilheus-IPTU,ilheus,IPTU
2023-03-01,2023-03-01,11,2024-02-01,2645795.772083337,3243755.086358214,929172.7063732435,ilheus-IPTU,ilheus,IPTU
2023-03-01,2023-03-01,12,2024-03-01,5197363.375781737,6885898.381890464,929172.7063732435,ilheus-IPTU,ilheus,IPTU
2023-04-01,2023-04-01,1,2023-05-01,3071104.1275374345,2474041.2088007596,923410.8616773863,ilheus-IPTU,ilheus,IPTU
2023-04-01,2023-04-01,2,2023-06-01,1730961.630794251,2673701.936231,923410.8616773863,ilheus-IPTU,ilheus,IPTU
2023-04-01,2023-04-01,3,2023-07-01,1301640.6279949658,1968322.3518612832,923410.8616773863,ilheus-IPTU,ilheus,IPTU
2023-04-01,2023-04-01,4,2023-08-01,2424253.599531383,2048577.9876050996,923410.8616773863,ilheus-IPTU,ilheus,IPTU
2023-04-01,2023-04-01,5,2023-09-01,2013764.6094781046,1919196.5711103035,923410.8616773863,ilheus-IPTU,ilheus,IPTU
2023-04-01,2023-04-01,6,2023-10-01,1586701.2293386583,2256007.5310337306,923410.8616773863,ilheus-IPTU,ilheus,IPTU
2023-04-01,2023-04-01,7,2023-11-01,1229128.6609010594,1628497.1747935677,923410.8616773863,ilheus-IPTU,ilheus,IPTU
2023-04-01,2023-04-01,8,2023-12-01,1538686.7153930117,1736552.6096829604,923410.8616773863,ilheus-IPTU,ilheus,IPTU
2023-04-01,2023-04-01,9,2024-01-01,2421833.300556963,1885744.9200721916,923410.8616773863,ilheus-IPTU,ilheus,IPTU
2023-04-01,2023-04-01,10,2024-02-01,2645795.772083337,2857663.354664717,923410.8616773863,ilheus-IPTU,ilheus,IPTU
2023-04-01,2023-04-01,11,2024-03-01,5197363.375781737,6499806.650196967,923410.8616773863,ilheus-IPTU,ilheus,IPTU
2023-04-01,2023-04-01,12,2024-04-01,8479100.268538596,7839436.803836041,923410.8616773863,ilheus-IPTU,ilheus,IPTU
2023-05-01,2023-05-01,1,2023-06-01,1730961.630794251,3059793.6679244973,920221.1217605872,ilheus-IPTU,ilheus,IPTU
2023-05-01,2023-05-01,2,2023-07-01,1301640.6279949658,2354414.08355478,920221.1217605872,ilheus-IPTU,ilheus,IPTU
2023-05-01,2023-05-01,3,2023-08-01,2424253.599531383,2434669.7192985965,920221.1217605872,ilheus-IPTU,ilheus,IPTU
2023-05-01,2023-05-01,4,2023-09-01,2013764.6094781046,2305288.3028038004,920221.1217605872,ilheus-IPTU,ilheus,IPTU
2023-05-01,2023-05-01,5,2023-10-01,1586701.2293386583,2642099.262727228,920221.1217605872,ilheus-IPTU,ilheus,IPTU
2023-05-01,2023-05-01,6,2023-11-01,1229128.6609010594,2014588.906487065,920221.1217605872,ilheus-IPTU,ilheus,IPTU
2023-05-01,2023-05-01,7,2023-12-01,1538686.7153930117,2122644.3413764574,920221.1217605872,ilheus-IPTU,ilheus,IPTU
2023-05-01,2023-05-01,8,2024-01-01,2421833.300556963,2271836.651765689,920221.1217605872,ilheus-IPTU,ilheus,IPTU
2023-05-01,2023-05-01,9,2024-02-01,2645795.772083337,3243755.086358214,920221.1217605872,ilheus-IPTU,ilheus,IPTU
2023-05-01,2023-05-01,10,2024-03-01,5197363.375781737,6885898.381890464,920221.1217605872,ilheus-IPTU,ilheus,IPTU
2023-05-01,2023-05-01,11,2024-04-01,8479100.268538596,8225528.535529538,920221.1217605872,ilheus-IPTU,ilheus,IPTU
2023-05-01,2023-05-01,12,2024-05-01,3547912.302911079,3499656.949576511,920221.1217605872,ilheus-IPTU,ilheus,IPTU
2023-06-01,2023-06-01,1,2023-07-01,1301640.6279949658,2104969.4612250943,919999.5450198159,ilheus-IPTU,ilheus,IPTU
2023-06-01,2023-06-01,2,2023-08-01,2424253.599531383,2185225.0969689107,919999.5450198159,ilheus-IPTU,ilheus,IPTU
2023-06-01,2023-06-01,3,2023-09-01,2013764.6094781046,2055843.6804741148,919999.5450198159,ilheus-IPTU,ilheus,IPTU
2023-06-01,2023-06-01,4,2023-10-01,1586701.2293386583,2392654.640397542,919999.5450198159,ilheus-IPTU,ilheus,IPTU
2023-06-01,2023-06-01,5,2023-11-01,1229128.6609010594,1765144.284157379,919999.5450198159,ilheus-IPTU,ilheus,IPTU
2023-06-01,2023-06-01,6,2023-12-01,1538686.7153930117,1873199.7190467718,919999.5450198159,ilheus-IPTU,ilheus,IPTU
2023-06-01,2023-06-01,7,2024-01-01,2421833.300556963,2022392.029436003,919999.5450198159,ilheus-IPTU,ilheus,IPTU
2023-06-01,2023-06-01,8,2024-02-01,2645795.772083337,2994310.464028528,919999.5450198159,ilheus-IPTU,ilheus,IPTU
2023-06-01,2023-06-01,9,2024-03-01,5197363.375781737,6636453.759560778,919999.5450198159,ilheus-IPTU,ilheus,IPTU
2023-06-01,2023-06-01,10,2024-04-01,8479100.268538596,7976083.913199852,919999.5450198159,ilheus-IPTU,ilheus,IPTU
2023-06-01,2023-06-01,11,2024-05-01,3547912.302911079,3250212.327246825,919999.5450198159,ilheus-IPTU,ilheus,IPTU
2023-06-01,2023-06-01,12,2024-06-01,1346108.831895152,1910069.8305036416,919999.5450198159,ilheus-IPTU,ilheus,IPTU
2023-07-01,2023-07-01,1,2023-08-01,2424253.599531383,2185225.0969689107,916749.2273110348,ilheus-IPTU,ilheus,IPTU
2023-07-01,2023-07-01,2,2023-09-01,2013764.6094781046,2055843.6804741148,916749.2273110348,ilheus-IPTU,ilheus,IPTU
2023-07-01,2023-07-01,3,2023-10-01,1586701.2293386583,2392654.640397542,916749.2273110348,ilheus-IPTU,ilheus,IPTU
2023-07-01,2023-07-01,4,2023-11-01,1229128.6609010594,1765144.284157379,916749.2273110348,ilheus-IPTU,ilheus,IPTU
2023-07-01,2023-07-01,5,2023-12-01,1538686.7153930117,1873199.7190467718,916749.2273110348,ilheus-IPTU,ilheus,IPTU
2023-07-01,2023-07-01,6,2024-01-01,2421833.300556963,2022392.029436003,916749.2273110348,ilheus-IPTU,ilheus,IPTU
2023-07-01,2023-07-01,7,2024-02-01,2645795.772083337,2994310.464028528,916749.2273110348,ilheus-IPTU,ilheus,IPTU
2023-07-01,2023-07-01,8,2024-03-01,5197363.375781737,6636453.759560778,916749.2273110348,ilheus-IPTU,ilheus,IPTU
2023-07-01,2023-07-01,9,2024-04-01,8479100.268538596,7976083.913199852,916749.2273110348,ilheus-IPTU,ilheus,IPTU
2023-07-01,2023-07-01,10,2024-05-01,3547912.302911079,3250212.327246825,916749.2273110348,ilheus-IPTU,ilheus,IPTU
2023-07-01,2023-07-01,11,2024-06-01,1346108.831895152,1910069.8305036416,916749.2273110348,ilheus-IPTU,ilheus,IPTU
2023-07-01,2023-07-01,12,2024-07-01,1525676.4134805854,1480748.8277043563,916749.2273110348,ilheus-IPTU,ilheus,IPTU
2023-08-01,2023-08-01,1,2023-09-01,2013764.6094781046,2368403.7976020994,911329.5259519133,ilheus-IPTU,ilheus,IPTU
2023-08-01,2023-08-01,2,2023-10-01,1586701.2293386583,2705214.7575255265,911329.5259519133,ilheus-IPTU,ilheus,IPTU
2023-08-01,2023-08-01,3,2023-11-01,1229128.6609010594,2077704.4012853636,911329.5259519133,ilheus-IPTU,ilheus,IPTU
2023-08-01,2023-08-01,4,2023-12-01,1538686.7153930117,2185759.8361747563,911329.5259519133,ilheus-IPTU,ilheus,IPTU
2023-08-01,2023-08-01,5,2024-01-01,2421833.300556963,2334952.1465639872,911329.5259519133,ilheus-IPTU,ilheus,IPTU
2023-08-01,2023-08-01,6,2024-02-01,2645795.772083337,3306870.5811565127,911329.5259519133,ilheus-IPTU,ilheus,IPTU
2023-08-01,2023-08-01,7,2024-03-01,5197363.375781737,6949013.876688763,911329.5259519133,ilheus-IPTU,ilheus,IPTU
2023-08-01,2023-08-01,8,2024-04-01,8479100.268538596,8288644.030327837,911329.5259519133,ilheus-IPTU,ilheus,IPTU
2023-08-01,2023-08-01,9,2024-05-01,3547912.302911079,3562772.4443748095,911329.5259519133,ilheus-IPTU,ilheus,IPTU
2023-08-01,2023-08-01,10,2024-06-01,1346108.831895152,2222629.9476316264,911329.5259519133,ilheus-IPTU,ilheus,IPTU
2023-08-01,2023-08-01,11,2024-07-01,1525676.4134805854,1793308.9448323408,911329.5259519133,ilheus-IPTU,ilheus,IPTU
2023-08-01,2023-08-01,12,2024-08-01,1524774.8231291657,2915921.916368758,911329.5259519133,ilheus-IPTU,ilheus,IPTU
2023-09-01,2023-09-01,1,2023-10-01,1586701.2293386583,2705214.7575255265,903003.7152289185,ilheus-IPTU,ilheus,IPTU
2023-09-01,2023-09-01,2,2023-11-01,1229128.6609010594,2077704.4012853636,903003.7152289185,ilheus-IPTU,ilheus,IPTU
2023-09-01,2023-09-01,3,2023-12-01,1538686.7153930117,2185759.8361747563,903003.7152289185,ilheus-IPTU,ilheus,IPTU
2023-09-01,2023-09-01,4,2024-01-01,2421833.300556963,2334952.1465639872,903003.7152289185,ilheus-IPTU,ilheus,IPTU
2023-09-01,2023-09-01,5,2024-02-01,2645795.772083337,3306870.5811565127,903003.7152289185,ilheus-IPTU,ilheus,IPTU
2023-09-01,2023-09-01,6,2024-03-01,5197363.375781737,6949013.876688763,903003.7152289185,ilheus-IPTU,ilheus,IPTU
2023-09-01,2023-09-01,7,2024-04-01,8479100.268538596,8288644.030327837,903003.7152289185,ilheus-IPTU,ilheus,IPTU
2023-09-01,2023-09-01,8,2024-05-01,3547912.302911079,3562772.4443748095,903003.7152289185,ilheus-IPTU,ilheus,IPTU
2023-09-01,2023-09-01,9,2024-06-01,1346108.831895152,2222629.9476316264,903003.7152289185,ilheus-IPTU,ilheus,IPTU
2023-09-01,2023-09-01,10,2024-07-01,1525676.4134805854,1793308.9448323408,903003.7152289185,ilheus-IPTU,ilheus,IPTU
2023-09-01,2023-09-01,11,2024-08-01,1524774.8231291657,2915921.916368758,903003.7152289185,ilheus-IPTU,ilheus,IPTU
2023-09-01,2023-09-01,12,2024-09-01,2251010.9817227167,2505432.92631548,903003.7152289185,ilheus-IPTU,ilheus,IPTU
2023-10-01,2023-10-01,1,2023-11-01,1229128.6609010594,1863618.99994061,900065.8588046691,ilheus-IPTU,ilheus,IPTU
2023-10-01,2023-10-01,2,2023-12-01,1538686.7153930117,1971674.4348300025,900065.8588046691,ilheus-IPTU,ilheus,IPTU
2023-10-01,2023-10-01,3,2024-01-01,2421833.300556963,2120866.745219234,900065.8588046691,ilheus-IPTU,ilheus,IPTU
2023-10-01,2023-10-01,4,2024-02-01,2645795.772083337,3092785.179811759,900065.8588046691,ilheus-IPTU,ilheus,IPTU
2023-10-01,2023-10-01,5,2024-03-01,5197363.375781737,6734928.475344009,900065.8588046691,ilheus-IPTU,ilheus,IPTU
2023-10-01,2023-10-01,6,2024-04-01,8479100.268538596,8074558.628983083,900065.8588046691,ilheus-IPTU,ilheus,IPTU
2023-10-01,2023-10-01,7,2024-05-01,3547912.302911079,3348687.0430300557,900065.8588046691,ilheus-IPTU,ilheus,IPTU
2023-10-01,2023-10-01,8,2024-06-01,1346108.831895152,2008544.5462868726,900065.8588046691,ilheus-IPTU,ilheus,IPTU
2023-10-01,2023-10-01,9,2024-07-01,1525676.4134805854,1579223.543487587,900065.8588046691,ilheus-IPTU,ilheus,IPTU
2023-10-01,2023-10-01,10,2024-08-01,1524774.8231291657,2701836.515024004,900065.8588046691,ilheus-IPTU,ilheus,IPTU
2023-10-01,2023-10-01,11,2024-09-01,2251010.9817227167,2291347.524970726,900065.8588046691,ilheus-IPTU,ilheus,IPTU
2023-10-01,2023-10-01,12,2024-10-01,2022162.6259630015,1864284.1448312798,900065.8588046691,ilheus-IPTU,ilheus,IPTU
2023-11-01,2023-11-01,1,2023-12-01,1538686.7153930117,1584152.3719206068,894348.4015914297,ilheus-IPTU,ilheus,IPTU
2023-11-01,2023-11-01,2,2024-01-01,2421833.300556963,1733344.682309838,894348.4015914297,ilheus-IPTU,ilheus,IPTU
2023-11-01,2023-11-01,3,2024-02-01,2645795.772083337,2705263.1169023635,894348.4015914297,ilheus-IPTU,ilheus,IPTU
2023-11-01,2023-11-01,4,2024-03-01,5197363.375781737,6347406.412434613,894348.4015914297,ilheus-IPTU,ilheus,IPTU
2023-11-01,2023-11-01,5,2024-04-01,8479100.268538596,7687036.566073688,894348.4015914297,ilheus-IPTU,ilheus,IPTU
2023-11-01,2023-11-01,6,2024-05-01,3547912.302911079,2961164.98012066,894348.4015914297,ilheus-IPTU,ilheus,IPTU
2023-11-01,2023-11-01,7,2024-06-01,1346108.831895152,1621022.4833774767,894348.4015914297,ilheus-IPTU,ilheus,IPTU
2023-11-01,2023-11-01,8,2024-07-01,1525676.4134805854,1191701.4805781913,894348.4015914297,ilheus-IPTU,ilheus,IPTU
2023-11-01,2023-11-01,9,2024-08-01,1524774.8231291657,2314314.452114608,894348.4015914297,ilheus-IPTU,ilheus,IPTU
2023-11-01,2023-11-01,10,2024-09-01,2251010.9817227167,1903825.4620613302,894348.4015914297,ilheus-IPTU,ilheus,IPTU
2023-11-01,2023-11-01,11,2024-10-01,2022162.6259630015,1476762.0819218839,894348.4015914297,ilheus-IPTU,ilheus,IPTU
2023-11-01,2023-11-01,12,2024-11-01,2201702.753328437,1119189.513484285,894348.4015914297,ilheus-IPTU,ilheus,IPTU
2023-12-01,2023-12-01,1,2024-01-01,2421833.300556963,1587127.715980963,886651.072449273,ilheus-IPTU,ilheus,IPTU
2023-12-01,2023-12-01,2,2024-02-01,2645795.772083337,2559046.1505734883,886651.072449273,ilheus-IPTU,ilheus,IPTU
2023-12-01,2023-12-01,3,2024-03-01,5197363.375781737,6201189.446105738,886651.072449273,ilheus-IPTU,ilheus,IPTU
2023-12-01,2023-12-01,4,2024-04-01,8479100.268538596,7540819.599744813,886651.072449273,ilheus-IPTU,ilheus,IPTU
2023-12-01,2023-12-01,5,2024-05-01,3547912.302911079,2814948.013791785,886651.072449273,ilheus-IPTU,ilheus,IPTU
2023-12-01,2023-12-01,6,2024-06-01,1346108.831895152,1474805.5170486018,886651.072449273,ilheus-IPTU,ilheus,IPTU
2023-12-01,2023-12-01,7,2024-07-01,1525676.4134805854,1045484.5142493164,886651.072449273,ilheus-IPTU,ilheus,IPTU
2023-12-01,2023-12-01,8,2024-08-01,1524774.8231291657,2168097.4857857334,886651.072449273,ilheus-IPTU,ilheus,IPTU
2023-12-01,2023-12-01,9,2024-09-01,2251010.9817227167,1757608.4957324553,886651.072449273,ilheus-IPTU,ilheus,IPTU
2023-12-01,2023-12-01,10,2024-10-01,2022162.6259630015,1330545.115593009,886651.072449273,ilheus-IPTU,ilheus,IPTU
2023-12-01,2023-12-01,11,2024-11-01,2201702.753328437,972972.54715541,886651.072449273,ilheus-IPTU,ilheus,IPTU
2023-12-01,2023-12-01,12,2024-12-01,1694424.8208521737,1282530.6016473623,886651.072449273,ilheus-IPTU,ilheus,IPTU
2024-01-01,2024-01-01,1,2024-02-01,2645795.772083337,2806014.426703643,883474.7672779439,ilheus-IPTU,ilheus,IPTU
2024-01-01,2024-01-01,2,2024-03-01,5197363.375781737,6448157.722235893,883474.7672779439,ilheus-IPTU,ilheus,IPTU
2024-01-01,2024-01-01,3,2024-04-01,8479100.268538596,7787787.875874967,883474.7672779439,ilheus-IPTU,ilheus,IPTU
2024-01-01,2024-01-01,4,2024-05-01,3547912.302911079,3061916.28992194,883474.7672779439,ilheus-IPTU,ilheus,IPTU
2024-01-01,2024-01-01,5,2024-06-01,1346108.831895152,1721773.7931787565,883474.7672779439,ilheus-IPTU,ilheus,IPTU
2024-01-01,2024-01-01,6,2024-07-01,1525676.4134805854,1292452.7903794711,883474.7672779439,ilheus-IPTU,ilheus,IPTU
2024-01-01,2024-01-01,7,2024-08-01,1524774.8231291657,2415065.761915888,883474.7672779439,ilheus-IPTU,ilheus,IPTU
2024-01-01,2024-01-01,8,2024-09-01,2251010.9817227167,2004576.77186261,883474.7672779439,ilheus-IPTU,ilheus,IPTU
2024-01-01,2024-01-01,9,2024-10-01,2022162.6259630015,1577513.3917231637,883474.7672779439,ilheus-IPTU,ilheus,IPTU
2024-01-01,2024-01-01,10,2024-11-01,2201702.753328437,1219940.8232855648,883474.7672779439,ilheus-IPTU,ilheus,IPTU
2024-01-01,2024-01-01,11,2024-12-01,1694424.8208521737,1529498.877777517,883474.7672779439,ilheus-IPTU,ilheus,IPTU
2024-01-01,2024-01-01,12,2025-01-01,2108465.286890068,2412645.462941468,883474.7672779439,ilheus-IPTU,ilheus,IPTU
2024-02-01,2024-02-01,1,2024-03-01,5197363.375781737,6294939.9117613025,876188.356308126,ilheus-IPTU,ilheus,IPTU
2024-02-01,2024-02-01,2,2024-04-01,8479100.268538596,7634570.065400377,876188.356308126,ilheus-IPTU,ilheus,IPTU
2024-02-01,2024-02-01,3,2024-05-01,3547912.302911079,2908698.4794473494,876188.356308126,ilheus-IPTU,ilheus,IPTU
2024-02-01,2024-02-01,4,2024-06-01,1346108.831895152,1568555.9827041659,876188.356308126,ilheus-IPTU,ilheus,IPTU
2024-02-01,2024-02-01,5,2024-07-01,1525676.4134805854,1139234.9799048807,876188.356308126,ilheus-IPTU,ilheus,IPTU
2024-02-01,2024-02-01,6,2024-08-01,1524774.8231291657,2261847.951441298,876188.356308126,ilheus-IPTU,ilheus,IPTU
2024-02-01,2024-02-01,7,2024-09-01,2251010.9817227167,1851358.9613880194,876188.356308126,ilheus-IPTU,ilheus,IPTU
2024-02-01,2024-02-01,8,2024-10-01,2022162.6259630015,1424295.581248573,876188.356308126,ilheus-IPTU,ilheus,IPTU
2024-02-01,2024-02-01,9,2024-11-01,2201702.753328437,1066723.0128109744,876188.356308126,ilheus-IPTU,ilheus,IPTU
2024-02-01,2024-02-01,10,2024-12-01,1694424.8208521737,1376281.0673029264,876188.356308126,ilheus-IPTU,ilheus,IPTU
2024-02-01,2024-02-01,11,2025-01-01,2108465.286890068,2259427.652466878,876188.356308126,ilheus-IPTU,ilheus,IPTU
2024-02-01,2024-02-01,12,2025-02-01,2371216.706139471,2483390.123993252,876188.356308126,ilheus-IPTU,ilheus,IPTU
2024-03-01,2024-03-01,1,2024-04-01,8479100.268538596,7533818.755599097,880065.0616390505,ilheus-IPTU,ilheus,IPTU
2024-03-01,2024-03-01,2,2024-05-01,3547912.302911079,2807947.1696460694,880065.0616390505,ilheus-IPTU,ilheus,IPTU
2024-03-01,2024-03-01,3,2024-06-01,1346108.831895152,1467804.6729028863,880065.0616390505,ilheus-IPTU,ilheus,IPTU
2024-03-01,2024-03-01,4,2024-07-01,1525676.4134805854,1038483.6701036008,880065.0616390505,ilheus-IPTU,ilheus,IPTU
2024-03-01,2024-03-01,5,2024-08-01,1524774.8231291657,2161096.6416400177,880065.0616390505,ilheus-IPTU,ilheus,IPTU
2024-03-01,2024-03-01,6,2024-09-01,2251010.9817227167,1750607.6515867398,880065.0616390505,ilheus-IPTU,ilheus,IPTU
2024-03-01,2024-03-01,7,2024-10-01,2022162.6259630015,1323544.2714472935,880065.0616390505,ilheus-IPTU,ilheus,IPTU
2024-03-01,2024-03-01,8,2024-11-01,2201702.753328437,965971.7030096945,880065.0616390505,ilheus-IPTU,ilheus,IPTU
2024-03-01,2024-03-01,9,2024-12-01,1694424.8208521737,1275529.7575016469,880065.0616390505,ilheus-IPTU,ilheus,IPTU
2024-03-01,2024-03-01,10,2025-01-01,2108465.286890068,2158676.342665598,880065.0616390505,ilheus-IPTU,ilheus,IPTU
2024-03-01,2024-03-01,11,2025-02-01,2371216.706139471,2382638.814191972,880065.0616390505,ilheus-IPTU,ilheus,IPTU
2024-03-01,2024-03-01,12,2025-03-01,3310719.619677425,4934206.417890373,880065.0616390505,ilheus-IPTU,ilheus,IPTU
2024-04-01,2024-04-01,1,2024-05-01,3547912.302911079,2908698.4794473494,878085.6565731413,ilheus-IPTU,ilheus,IPTU
2024-04-01,2024-04-01,2,2024-06-01,1346108.831895152,1568555.9827041659,878085.6565731413,ilheus-IPTU,ilheus,IPTU
2024-04-01,2024-04-01,3,2024-07-01,1525676.4134805854,1139234.9799048807,878085.6565731413,ilheus-IPTU,ilheus,IPTU
2024-04-01,2024-04-01,4,2024-08-01,1524774.8231291657,2261847.951441298,878085.6565731413,ilheus-IPTU,ilheus,IPTU
2024-04-01,2024-04-01,5,2024-09-01,2251010.9817227167,1851358.9613880194,878085.6565731413,ilheus-IPTU,ilheus,IPTU
2024-04-01,2024-04-01,6,2024-10-01,2022162.6259630015,1424295.581248573,878085.6565731413,ilheus-IPTU,ilheus,IPTU
2024-04-01,2024-04-01,7,2024-11-01,2201702.753328437,1066723.0128109744,878085.6565731413,ilheus-IPTU,ilheus,IPTU
2024-04-01,2024-04-01,8,2024-12-01,1694424.8208521737,1376281.0673029264,878085.6565731413,ilheus-IPTU,ilheus,IPTU
2024-04-01,2024-04-01,9,2025-01-01,2108465.286890068,2259427.652466878,878085.6565731413,ilheus-IPTU,ilheus,IPTU
2024-04-01,2024-04-01,10,2025-02-01,2371216.706139471,2483390.123993252,878085.6565731413,ilheus-IPTU,ilheus,IPTU
2024-04-01,2024-04-01,11,2025-03-01,3310719.619677425,5034957.727691652,878085.6565731413,ilheus-IPTU,ilheus,IPTU
2024-04-01,2024-04-01,12,2025-04-01,6114395.71252974,8316694.620448511,878085.6565731413,ilheus-IPTU,ilheus,IPTU
2024-05-01,2024-05-01,1,2024-06-01,1346108.831895152,1568555.9827041659,874112.6122048295,ilheus-IPTU,ilheus,IPTU
2024-05-01,2024-05-01,2,2024-07-01,1525676.4134805854,1139234.9799048807,874112.6122048295,ilheus-IPTU,ilheus,IPTU
2024-05-01,2024-05-01,3,2024-08-01,1524774.8231291657,2261847.951441298,874112.6122048295,ilheus-IPTU,ilheus,IPTU
2024-05-01,2024-05-01,4,2024-09-01,2251010.9817227167,1851358.9613880194,874112.6122048295,ilheus-IPTU,ilheus,IPTU
2024-05-01,2024-05-01,5,2024-10-01,2022162.6259630015,1424295.581248573,874112.6122048295,ilheus-IPTU,ilheus,IPTU
2024-05-01,2024-05-01,6,2024-11-01,2201702.753328437,1066723.0128109744,874112.6122048295,ilheus-IPTU,ilheus,IPTU
2024-05-01,2024-05-01,7,2024-12-01,1694424.8208521737,1376281.0673029264,874112.6122048295,ilheus-IPTU,ilheus,IPTU
2024-05-01,2024-05-01,8,2025-01-01,2108465.286890068,2259427.652466878,874112.6122048295,ilheus-IPTU,ilheus,IPTU
2024-05-01,2024-05-01,9,2025-02-01,2371216.706139471,2483390.123993252,874112.6122048295,ilheus-IPTU,ilheus,IPTU
2024-05-01,2024-05-01,10,2025-03-01,3310719.619677425,5034957.727691652,874112.6122048295,ilheus-IPTU,ilheus,IPTU
2024-05-01,2024-05-01,11,2025-04-01,6114395.71252974,8316694.620448511,874112.6122048295,ilheus-IPTU,ilheus,IPTU
2024-05-01,2024-05-01,12,2025-05-01,10674921.144211657,3385506.654820994,874112.6122048295,ilheus-IPTU,ilheus,IPTU
2024-06-01,2024-06-01,1,2024-07-01,1525676.4134805854,1139234.9799048807,869315.9473684988,ilheus-IPTU,ilheus,IPTU
2024-06-01,2024-06-01,2,2024-08-01,1524774.8231291657,2261847.951441298,869315.9473684988,ilheus-IPTU,ilheus,IPTU
2024-06-01,2024-06-01,3,2024-09-01,2251010.9817227167,1851358.9613880194,869315.9473684988,ilheus-IPTU,ilheus,IPTU
2024-06-01,2024-06-01,4,2024-10-01,2022162.6259630015,1424295.581248573,869315.9473684988,ilheus-IPTU,ilheus,IPTU
2024-06-01,2024-06-01,5,2024-11-01,2201702.753328437,1066723.0128109744,869315.9473684988,ilheus-IPTU,ilheus,IPTU
2024-06-01,2024-06-01,6,2024-12-01,1694424.8208521737,1376281.0673029264,869315.9473684988,ilheus-IPTU,ilheus,IPTU
2024-06-01,2024-06-01,7,2025-01-01,2108465.286890068,2259427.652466878,869315.9473684988,ilheus-IPTU,ilheus,IPTU
2024-06-01,2024-06-01,8,2025-02-01,2371216.706139471,2483390.123993252,869315.9473684988,ilheus-IPTU,ilheus,IPTU
2024-06-01,2024-06-01,9,2025-03-01,3310719.619677425,5034957.727691652,869315.9473684988,ilheus-IPTU,ilheus,IPTU
2024-06-01,2024-06-01,10,2025-04-01,6114395.71252974,8316694.620448511,869315.9473684988,ilheus-IPTU,ilheus,IPTU
2024-06-01,2024-06-01,11,2025-05-01,10674921.144211657,3385506.654820994,869315.9473684988,ilheus-IPTU,ilheus,IPTU
2024-06-01,2024-06-01,12,2025-06-01,2481588.5542101185,1183703.183805067,869315.9473684988,ilheus-IPTU,ilheus,IPTU
2024-07-01,2024-07-01,1,2024-08-01,1524774.8231291657,2415065.761915888,863051.0914278884,ilheus-IPTU,ilheus,IPTU
2024-07-01,2024-07-01,2,2024-09-01,2251010.9817227167,2004576.77186261,863051.0914278884,ilheus-IPTU,ilheus,IPTU
2024-07-01,2024-07-01,3,2024-10-01,2022162.6259630015,1577513.3917231637,863051.0914278884,ilheus-IPTU,ilheus,IPTU
2024-07-01,2024-07-01,4,2024-11-01,2201702.753328437,1219940.8232855648,863051.0914278884,ilheus-IPTU,ilheus,IPTU
2024-07-01,2024-07-01,5,2024-12-01,1694424.8208521737,1529498.877777517,863051.0914278884,ilheus-IPTU,ilheus,IPTU
2024-07-01,2024-07-01,6,2025-01-01,2108465.286890068,2412645.462941468,863051.0914278884,ilheus-IPTU,ilheus,IPTU
2024-07-01,2024-07-01,7,2025-02-01,2371216.706139471,2636607.9344678423,863051.0914278884,ilheus-IPTU,ilheus,IPTU
2024-07-01,2024-07-01,8,2025-03-01,3310719.619677425,5188175.538166243,863051.0914278884,ilheus-IPTU,ilheus,IPTU
2024-07-01,2024-07-01,9,2025-04-01,6114395.71252974,8469912.4309231,863051.0914278884,ilheus-IPTU,ilheus,IPTU
2024-07-01,2024-07-01,10,2025-05-01,10674921.144211657,3538724.4652955844,863051.0914278884,ilheus-IPTU,ilheus,IPTU
2024-07-01,2024-07-01,11,2025-06-01,2481588.5542101185,1336920.9942796575,863051.0914278884,ilheus-IPTU,ilheus,IPTU
2024-07-01,2024-07-01,12,2025-07-01,3060644.6314035594,1516488.5758650908,863051.0914278884,ilheus-IPTU,ilheus,IPTU
2024-08-01,2024-08-01,1,2024-09-01,2251010.9817227167,1851358.9613880194,863401.3576295645,ilheus-IPTU,ilheus,IPTU
2024-08-01,2024-08-01,2,2024-10-01,2022162.6259630015,1424295.581248573,863401.3576295645,ilheus-IPTU,ilheus,IPTU
2024-08-01,2024-08-01,3,2024-11-01,2201702.753328437,1066723.0128109744,863401.3576295645,ilheus-IPTU,ilheus,IPTU
2024-08-01,2024-08-01,4,2024-12-01,1694424.8208521737,1376281.0673029264,863401.3576295645,ilheus-IPTU,ilheus,IPTU
2024-08-01,2024-08-01,5,2025-01-01,2108465.286890068,2259427.652466878,863401.3576295645,ilheus-IPTU,ilheus,IPTU
2024-08-01,2024-08-01,6,2025-02-01,2371216.706139471,2483390.123993252,863401.3576295645,ilheus-IPTU,ilheus,IPTU
2024-08-01,2024-08-01,7,2025-03-01,3310719.619677425,5034957.727691652,863401.3576295645,ilheus-IPTU,ilheus,IPTU
2024-08-01,2024-08-01,8,2025-04-01,6114395.71252974,8316694.620448511,863401.3576295645,ilheus-IPTU,ilheus,IPTU
2024-08-01,2024-08-01,9,2025-05-01,10674921.144211657,3385506.654820994,863401.3576295645,ilheus-IPTU,ilheus,IPTU
2024-08-01,2024-08-01,10,2025-06-01,2481588.5542101185,1183703.183805067,863401.3576295645,ilheus-IPTU,ilheus,IPTU
2024-08-01,2024-08-01,11,2025-07-01,3060644.6314035594,1363270.7653905004,863401.3576295645,ilheus-IPTU,ilheus,IPTU
2024-08-01,2024-08-01,12,2025-08-01,3181433.012194698,1362369.1750390804,863401.3576295645,ilheus-IPTU,ilheus,IPTU
2024-09-01,2024-09-01,1,2024-10-01,2022162.6259630015,1424295.581248573,857437.9768163745,ilheus-IPTU,ilheus,IPTU
2024-09-01,2024-09-01,2,2024-11-01,2201702.753328437,1066723.0128109744,857437.9768163745,ilheus-IPTU,ilheus,IPTU
2024-09-01,2024-09-01,3,2024-12-01,1694424.8208521737,1376281.0673029264,857437.9768163745,ilheus-IPTU,ilheus,IPTU
2024-09-01,2024-09-01,4,2025-01-01,2108465.286890068,2259427.652466878,857437.9768163745,ilheus-IPTU,ilheus,IPTU
2024-09-01,2024-09-01,5,2025-02-01,2371216.706139471,2483390.123993252,857437.9768163745,ilheus-IPTU,ilheus,IPTU
2024-09-01,2024-09-01,6,2025-03-01,3310719.619677425,5034957.727691652,857437.9768163745,ilheus-IPTU,ilheus,IPTU
2024-09-01,2024-09-01,7,2025-04-01,6114395.71252974,8316694.620448511,857437.9768163745,ilheus-IPTU,ilheus,IPTU
2024-09-01,2024-09-01,8,2025-05-01,10674921.144211657,3385506.654820994,857437.9768163745,ilheus-IPTU,ilheus,IPTU
2024-09-01,2024-09-01,9,2025-06-01,2481588.5542101185,1183703.183805067,857437.9768163745,ilheus-IPTU,ilheus,IPTU
2024-09-01,2024-09-01,10,2025-07-01,3060644.6314035594,1363270.7653905004,857437.9768163745,ilheus-IPTU,ilheus,IPTU
2024-09-01,2024-09-01,11,2025-08-01,3181433.012194698,1362369.1750390804,857437.9768163745,ilheus-IPTU,ilheus,IPTU
2024-09-01,2024-09-01,12,2025-09-01,2176992.6733736745,2088605.3336326317,857437.9768163745,ilheus-IPTU,ilheus,IPTU
2024-10-01,2024-10-01,1,2024-11-01,2201702.753328437,1263444.1516716843,853457.0656824873,ilheus-IPTU,ilheus,IPTU
2024-10-01,2024-10-01,2,2024-12-01,1694424.8208521737,1573002.2061636369,853457.0656824873,ilheus-IPTU,ilheus,IPTU
2024-10-01,2024-10-01,3,2025-01-01,2108465.286890068,2456148.791327588,853457.0656824873,ilheus-IPTU,ilheus,IPTU
2024-10-01,2024-10-01,4,2025-02-01,2371216.706139471,2680111.262853962,853457.0656824873,ilheus-IPTU,ilheus,IPTU
2024-10-01,2024-10-01,5,2025-03-01,3310719.619677425,5231678.866552362,853457.0656824873,ilheus-IPTU,ilheus,IPTU
2024-10-01,2024-10-01,6,2025-04-01,6114395.71252974,8513415.759309221,853457.0656824873,ilheus-IPTU,ilheus,IPTU
2024-10-01,2024-10-01,7,2025-05-01,10674921.144211657,3582227.793681704,853457.0656824873,ilheus-IPTU,ilheus,IPTU
2024-10-01,2024-10-01,8,2025-06-01,2481588.5542101185,1380424.322665777,853457.0656824873,ilheus-IPTU,ilheus,IPTU
2024-10-01,2024-10-01,9,2025-07-01,3060644.6314035594,1559991.9042512104,853457.0656824873,ilheus-IPTU,ilheus,IPTU
2024-10-01,2024-10-01,10,2025-08-01,3181433.012194698,1559090.3138997909,853457.0656824873,ilheus-IPTU,ilheus,IPTU
2024-10-01,2024-10-01,11,2025-09-01,2176992.6733736745,2285326.4724933417,853457.0656824873,ilheus-IPTU,ilheus,IPTU
2024-10-01,2024-10-01,12,2025-10-01,3969900.331450771,2056478.1167336265,853457.0656824873,ilheus-IPTU,ilheus,IPTU
2024-11-01,2024-11-01,1,2024-12-01,1694424.8208521737,1769327.7942581275,854570.3089230938,ilheus-IPTU,ilheus,IPTU
2024-11-01,2024-11-01,2,2025-01-01,2108465.286890068,2652474.379422079,854570.3089230938,ilheus-IPTU,ilheus,IPTU
2024-11-01,2024-11-01,3,2025-02-01,2371216.706139471,2876436.850948453,854570.3089230938,ilheus-IPTU,ilheus,IPTU
2024-11-01,2024-11-01,4,2025-03-01,3310719.619677425,5428004.454646853,854570.3089230938,ilheus-IPTU,ilheus,IPTU
2024-11-01,2024-11-01,5,2025-04-01,6114395.71252974,8709741.347403713,854570.3089230938,ilheus-IPTU,ilheus,IPTU
2024-11-01,2024-11-01,6,2025-05-01,10674921.144211657,3778553.381776195,854570.3089230938,ilheus-IPTU,ilheus,IPTU
2024-11-01,2024-11-01,7,2025-06-01,2481588.5542101185,1576749.910760268,854570.3089230938,ilheus-IPTU,ilheus,IPTU
2024-11-01,2024-11-01,8,2025-07-01,3060644.6314035594,1756317.4923457014,854570.3089230938,ilheus-IPTU,ilheus,IPTU
2024-11-01,2024-11-01,9,2025-08-01,3181433.012194698,1755415.9019942814,854570.3089230938,ilheus-IPTU,ilheus,IPTU
2024-11-01,2024-11-01,10,2025-09-01,2176992.6733736745,2481652.0605878327,854570.3089230938,ilheus-IPTU,ilheus,IPTU
2024-11-01,2024-11-01,11,2025-10-01,3969900.331450771,2252803.7048281175,854570.3089230938,ilheus-IPTU,ilheus,IPTU
2024-11-01,2024-11-01,12,2025-11-01,2599706.7557239616,2432343.832193553,854570.3089230938,ilheus-IPTU,ilheus,IPTU
2024-12-01,2024-12-01,1,2025-01-01,2108465.286890068,2652474.379422079,848099.6403725019,ilheus-IPTU,ilheus,IPTU
2024-12-01,2024-12-01,2,2025-02-01,2371216.706139471,2876436.850948453,848099.6403725019,ilheus-IPTU,ilheus,IPTU
2024-12-01,2024-12-01,3,2025-03-01,3310719.619677425,5428004.454646853,848099.6403725019,ilheus-IPTU,ilheus,IPTU
2024-12-01,2024-12-01,4,2025-04-01,6114395.71252974,8709741.347403713,848099.6403725019,ilheus-IPTU,ilheus,IPTU
2024-12-01,2024-12-01,5,2025-05-01,10674921.144211657,3778553.381776195,848099.6403725019,ilheus-IPTU,ilheus,IPTU
2024-12-01,2024-12-01,6,2025-06-01,2481588.5542101185,1576749.910760268,848099.6403725019,ilheus-IPTU,ilheus,IPTU
2024-12-01,2024-12-01,7,2025-07-01,3060644.6314035594,1756317.4923457014,848099.6403725019,ilheus-IPTU,ilheus,IPTU
2024-12-01,2024-12-01,8,2025-08-01,3181433.012194698,1755415.9019942814,848099.6403725019,ilheus-IPTU,ilheus,IPTU
2024-12-01,2024-12-01,9,2025-09-01,2176992.6733736745,2481652.0605878327,848099.6403725019,ilheus-IPTU,ilheus,IPTU
2024-12-01,2024-12-01,10,2025-10-01,3969900.331450771,2252803.7048281175,848099.6403725019,ilheus-IPTU,ilheus,IPTU
2024-12-01,2024-12-01,11,2025-11-01,2599706.7557239616,2432343.832193553,848099.6403725019,ilheus-IPTU,ilheus,IPTU
2024-12-01,2024-12-01,12,2025-12-01,4295550.76,1925065.8997172895,848099.6403725019,ilheus-IPTU,ilheus,IPTU
2025-01-01,2025-01-01,1,2025-02-01,2371216.706139471,2835682.717555728,843193.8456320835,ilheus-IPTU,ilheus,IPTU
2025-01-01,2025-01-01,2,2025-03-01,3310719.619677425,5387250.321254129,843193.8456320835,ilheus-IPTU,ilheus,IPTU
2025-01-01,2025-01-01,3,2025-04-01,6114395.71252974,8668987.214010987,843193.8456320835,ilheus-IPTU,ilheus,IPTU
2025-01-01,2025-01-01,4,2025-05-01,10674921.144211657,3737799.24838347,843193.8456320835,ilheus-IPTU,ilheus,IPTU
2025-01-01,2025-01-01,5,2025-06-01,2481588.5542101185,1535995.777367543,843193.8456320835,ilheus-IPTU,ilheus,IPTU
2025-01-01,2025-01-01,6,2025-07-01,3060644.6314035594,1715563.3589529763,843193.8456320835,ilheus-IPTU,ilheus,IPTU
2025-01-01,2025-01-01,7,2025-08-01,3181433.012194698,1714661.7686015565,843193.8456320835,ilheus-IPTU,ilheus,IPTU
2025-01-01,2025-01-01,8,2025-09-01,2176992.6733736745,2440897.9271951076,843193.8456320835,ilheus-IPTU,ilheus,IPTU
2025-01-01,2025-01-01,9,2025-10-01,3969900.331450771,2212049.5714353924,843193.8456320835,ilheus-IPTU,ilheus,IPTU
2025-01-01,2025-01-01,10,2025-11-01,2599706.7557239616,2391589.698800828,843193.8456320835,ilheus-IPTU,ilheus,IPTU
2025-01-01,2025-01-01,11,2025-12-01,4295550.76,1884311.7663245646,843193.8456320835,ilheus-IPTU,ilheus,IPTU
2025-02-01,2025-02-01,1,2025-03-01,3310719.619677425,5387250.321254129,838024.6203621906,ilheus-IPTU,ilheus,IPTU
2025-02-01,2025-02-01,2,2025-04-01,6114395.71252974,8668987.214010987,838024.6203621906,ilheus-IPTU,ilheus,IPTU
2025-02-01,2025-02-01,3,2025-05-01,10674921.144211657,3737799.24838347,838024.6203621906,ilheus-IPTU,ilheus,IPTU
2025-02-01,2025-02-01,4,2025-06-01,2481588.5542101185,1535995.777367543,838024.6203621906,ilheus-IPTU,ilheus,IPTU
2025-02-01,2025-02-01,5,2025-07-01,3060644.6314035594,1715563.3589529763,838024.6203621906,ilheus-IPTU,ilheus,IPTU
2025-02-01,2025-02-01,6,2025-08-01,3181433.012194698,1714661.7686015565,838024.6203621906,ilheus-IPTU,ilheus,IPTU
2025-02-01,2025-02-01,7,2025-09-01,2176992.6733736745,2440897.9271951076,838024.6203621906,ilheus-IPTU,ilheus,IPTU
2025-02-01,2025-02-01,8,2025-10-01,3969900.331450771,2212049.5714353924,838024.6203621906,ilheus-IPTU,ilheus,IPTU
2025-02-01,2025-02-01,9,2025-11-01,2599706.7557239616,2391589.698800828,838024.6203621906,ilheus-IPTU,ilheus,IPTU
2025-02-01,2025-02-01,10,2025-12-01,4295550.76,1884311.7663245646,838024.6203621906,ilheus-IPTU,ilheus,IPTU
2025-03-01,2025-03-01,1,2025-04-01,6114395.71252974,8668987.214010987,847471.6396031106,ilheus-IPTU,ilheus,IPTU
2025-03-01,2025-03-01,2,2025-05-01,10674921.144211657,3737799.24838347,847471.6396031106,ilheus-IPTU,ilheus,IPTU
2025-03-01,2025-03-01,3,2025-06-01,2481588.5542101185,1535995.777367543,847471.6396031106,ilheus-IPTU,ilheus,IPTU
2025-03-01,2025-03-01,4,2025-07-01,3060644.6314035594,1715563.3589529763,847471.6396031106,ilheus-IPTU,ilheus,IPTU
2025-03-01,2025-03-01,5,2025-08-01,3181433.012194698,1714661.7686015565,847471.6396031106,ilheus-IPTU,ilheus,IPTU
2025-03-01,2025-03-01,6,2025-09-01,2176992.6733736745,2440897.9271951076,847471.6396031106,ilheus-IPTU,ilheus,IPTU
2025-03-01,2025-03-01,7,2025-10-01,3969900.331450771,2212049.5714353924,847471.6396031106,ilheus-IPTU,ilheus,IPTU
2025-03-01,2025-03-01,8,2025-11-01,2599706.7557239616,2391589.698800828,847471.6396031106,ilheus-IPTU,ilheus,IPTU
2025-03-01,2025-03-01,9,2025-12-01,4295550.76,1884311.7663245646,847471.6396031106,ilheus-IPTU,ilheus,IPTU
2025-04-01,2025-04-01,1,2025-05-01,10674921.144211657,3488491.822668727,861018.362071019,ilheus-IPTU,ilheus,IPTU
2025-04-01,2025-04-01,2,2025-06-01,2481588.5542101185,1286688.3516528,861018.362071019,ilheus-IPTU,ilheus,IPTU
2025-04-01,2025-04-01,3,2025-07-01,3060644.6314035594,1466255.9332382334,861018.362071019,ilheus-IPTU,ilheus,IPTU
2025-04-01,2025-04-01,4,2025-08-01,3181433.012194698,1465354.3428868137,861018.362071019,ilheus-IPTU,ilheus,IPTU
2025-04-01,2025-04-01,5,2025-09-01,2176992.6733736745,2191590.5014803647,861018.362071019,ilheus-IPTU,ilheus,IPTU
2025-04-01,2025-04-01,6,2025-10-01,3969900.331450771,1962742.1457206495,861018.362071019,ilheus-IPTU,ilheus,IPTU
2025-04-01,2025-04-01,7,2025-11-01,2599706.7557239616,2142282.273086085,861018.362071019,ilheus-IPTU,ilheus,IPTU
2025-04-01,2025-04-01,8,2025-12-01,4295550.76,1635004.3406098217,861018.362071019,ilheus-IPTU,ilheus,IPTU
2025-05-01,2025-05-01,1,2025-06-01,2481588.5542101185,1286688.3516528,916469.6052500417,ilheus-IPTU,ilheus,IPTU
2025-05-01,2025-05-01,2,2025-07-01,3060644.6314035594,1466255.9332382334,916469.6052500417,ilheus-IPTU,ilheus,IPTU
2025-05-01,2025-05-01,3,2025-08-01,3181433.012194698,1465354.3428868137,916469.6052500417,ilheus-IPTU,ilheus,IPTU
2025-05-01,2025-05-01,4,2025-09-01,2176992.6733736745,2191590.5014803647,916469.6052500417,ilheus-IPTU,ilheus,IPTU
2025-05-01,2025-05-01,5,2025-10-01,3969900.331450771,1962742.1457206495,916469.6052500417,ilheus-IPTU,ilheus,IPTU
2025-05-01,2025-05-01,6,2025-11-01,2599706.7557239616,2142282.273086085,916469.6052500417,ilheus-IPTU,ilheus,IPTU
2025-05-01,2025-05-01,7,2025-12-01,4295550.76,1635004.3406098217,916469.6052500417,ilheus-IPTU,ilheus,IPTU
2025-06-01,2025-06-01,1,2025-07-01,3060644.6314035594,1715563.3589529763,918390.7466278042,ilheus-IPTU,ilheus,IPTU
2025-06-01,2025-06-01,2,2025-08-01,3181433.012194698,1714661.7686015565,918390.7466278042,ilheus-IPTU,ilheus,IPTU
2025-06-01,2025-06-01,3,2025-09-01,2176992.6733736745,2440897.9271951076,918390.7466278042,ilheus-IPTU,ilheus,IPTU
2025-06-01,2025-06-01,4,2025-10-01,3969900.331450771,2212049.5714353924,918390.7466278042,ilheus-IPTU,ilheus,IPTU
2025-06-01,2025-06-01,5,2025-11-01,2599706.7557239616,2391589.698800828,918390.7466278042,ilheus-IPTU,ilheus,IPTU
2025-06-01,2025-06-01,6,2025-12-01,4295550.76,1884311.7663245646,918390.7466278042,ilheus-IPTU,ilheus,IPTU
2025-07-01,2025-07-01,1,2025-08-01,3181433.012194698,1721267.0619810526,923752.2898564578,ilheus-IPTU,ilheus,IPTU
2025-07-01,2025-07-01,2,2025-09-01,2176992.6733736745,2447503.220574604,923752.2898564578,ilheus-IPTU,ilheus,IPTU
2025-07-01,2025-07-01,3,2025-10-01,3969900.331450771,2218654.8648148887,923752.2898564578,ilheus-IPTU,ilheus,IPTU
2025-07-01,2025-07-01,4,2025-11-01,2599706.7557239616,2398194.992180324,923752.2898564578,ilheus-IPTU,ilheus,IPTU
2025-07-01,2025-07-01,5,2025-12-01,4295550.76,1890917.0597040607,923752.2898564578,ilheus-IPTU,ilheus,IPTU
2025-08-01,2025-08-01,1,2025-09-01,2176992.6733736745,2587364.8661571946,930070.4441599844,ilheus-IPTU,ilheus,IPTU
2025-08-01,2025-08-01,2,2025-10-01,3969900.331450771,2358516.510397479,930070.4441599844,ilheus-IPTU,ilheus,IPTU
2025-08-01,2025-08-01,3,2025-11-01,2599706.7557239616,2538056.6377629144,930070.4441599844,ilheus-IPTU,ilheus,IPTU
2025-08-01,2025-08-01,4,2025-12-01,4295550.76,2030778.7052866514,930070.4441599844,ilheus-IPTU,ilheus,IPTU
2025-09-01,2025-09-01,1,2025-10-01,3969900.331450771,2317762.3770047543,922753.7592385233,ilheus-IPTU,ilheus,IPTU
2025-09-01,2025-09-01,2,2025-11-01,2599706.7557239616,2497302.5043701897,922753.7592385233,ilheus-IPTU,ilheus,IPTU
2025-09-01,2025-09-01,3,2025-12-01,4295550.76,1990024.5718939262,922753.7592385233,ilheus-IPTU,ilheus,IPTU
2025-10-01,2025-10-01,1,2025-11-01,2599706.7557239616,2765858.852271707,931440.0638677542,ilheus-IPTU,ilheus,IPTU
2025-10-01,2025-10-01,2,2025-12-01,4295550.76,2258580.9197954433,931440.0638677542,ilheus-IPTU,ilheus,IPTU
2025-11-01,2025-11-01,1,2025-12-01,4295550.76,1971295.874779517,926957.407888996,ilheus-IPTU,ilheus,IPTU
2020-12-01,2020-12-01,1,2021-01-01,3833776.027698853,4595742.601039787,885601.6145158762,ilheus-ISSQN,ilheus,ISSQN
2020-12-01,2020-12-01,2,2021-02-01,1588571.2894411306,3176958.785229141,885601.6145158762,ilheus-ISSQN,ilheus,ISSQN
2020-12-01,2020-12-01,3,2021-03-01,3669865.341790646,3325750.3291182723,885601.6145158762,ilheus-ISSQN,ilheus,ISSQN
2020-12-01,2020-12-01,4,2021-04-01,4153557.2956896494,4314465.854959659,885601.6145158762,ilheus-ISSQN,ilheus,ISSQN
2020-12-01,2020-12-01,5,2021-05-01,3453122.4012055863,2541852.2314902777,885601.6145158762,ilheus-ISSQN,ilheus,ISSQN
2020-12-01,2020-12-01,6,2021-06-01,3570687.46514713,2961738.256076348,885601.6145158762,ilheus-ISSQN,ilheus,ISSQN
2020-12-01,2020-12-01,7,2021-07-01,5196171.231922152,6129434.161547271,885601.6145158762,ilheus-ISSQN,ilheus,ISSQN
2020-12-01,2020-12-01,8,2021-08-01,4443752.31085364,3496487.1936106114,885601.6145158762,ilheus-ISSQN,ilheus,ISSQN
2020-12-01,2020-12-01,9,2021-09-01,4222245.176809426,3889057.745123145,885601.6145158762,ilheus-ISSQN,ilheus,ISSQN
2020-12-01,2020-12-01,10,2021-10-01,2634720.4943755055,3738602.9688924495,885601.6145158762,ilheus-ISSQN,ilheus,ISSQN
2020-12-01,2020-12-01,11,2021-11-01,1977895.37325985,2783551.324269009,885601.6145158762,ilheus-ISSQN,ilheus,ISSQN
2020-12-01,2020-12-01,12,2021-12-01,1851041.825639648,2607433.0793428877,885601.6145158762,ilheus-ISSQN,ilheus,ISSQN
2021-01-01,2021-01-01,1,2021-02-01,1588571.2894411306,2963134.3633942977,880346.2880424437,ilheus-ISSQN,ilheus,ISSQN
2021-01-01,2021-01-01,2,2021-03-01,3669865.341790646,3111925.907283428,880346.2880424437,ilheus-ISSQN,ilheus,ISSQN
2021-01-01,2021-01-01,3,2021-04-01,4153557.2956896494,4100641.433124815,880346.2880424437,ilheus-ISSQN,ilheus,ISSQN
2021-01-01,2021-01-01,4,2021-05-01,3453122.4012055863,2328027.8096554345,880346.2880424437,ilheus-ISSQN,ilheus,ISSQN
2021-01-01,2021-01-01,5,2021-06-01,3570687.46514713,2747913.834241505,880346.2880424437,ilheus-ISSQN,ilheus,ISSQN
2021-01-01,2021-01-01,6,2021-07-01,5196171.231922152,5915609.739712426,880346.2880424437,ilheus-ISSQN,ilheus,ISSQN
2021-01-01,2021-01-01,7,2021-08-01,4443752.31085364,3282662.771775768,880346.2880424437,ilheus-ISSQN,ilheus,ISSQN
2021-01-01,2021-01-01,8,2021-09-01,4222245.176809426,3675233.323288301,880346.2880424437,ilheus-ISSQN,ilheus,ISSQN
2021-01-01,2021-01-01,9,2021-10-01,2634720.4943755055,3524778.5470576063,880346.2880424437,ilheus-ISSQN,ilheus,ISSQN
2021-01-01,2021-01-01,10,2021-11-01,1977895.37325985,2569726.9024341647,880346.2880424437,ilheus-ISSQN,ilheus,ISSQN
2021-01-01,2021-01-01,11,2021-12-01,1851041.825639648,2393608.6575080445,880346.2880424437,ilheus-ISSQN,ilheus,ISSQN
2021-01-01,2021-01-01,12,2022-01-01,4595502.996233166,3816891.4795684433,880346.2880424437,ilheus-ISSQN,ilheus,ISSQN
2021-02-01,2021-02-01,1,2021-03-01,3669865.341790646,2881899.6224488188,888589.8579463329,ilheus-ISSQN,ilheus,ISSQN
2021-02-01,2021-02-01,2,2021-04-01,4153557.2956896494,3870615.1482902057,888589.8579463329,ilheus-ISSQN,ilheus,ISSQN
2021-02-01,2021-02-01,3,2021-05-01,3453122.4012055863,2098001.524820825,888589.8579463329,ilheus-ISSQN,ilheus,ISSQN
2021-02-01,2021-02-01,4,2021-06-01,3570687.46514713,2517887.5494068954,888589.8579463329,ilheus-ISSQN,ilheus,ISSQN
2021-02-01,2021-02-01,5,2021-07-01,5196171.231922152,5685583.454877817,888589.8579463329,ilheus-ISSQN,ilheus,ISSQN
2021-02-01,2021-02-01,6,2021-08-01,4443752.31085364,3052636.486941159,888589.8579463329,ilheus-ISSQN,ilheus,ISSQN
2021-02-01,2021-02-01,7,2021-09-01,4222245.176809426,3445207.0384536916,888589.8579463329,ilheus-ISSQN,ilheus,ISSQN
2021-02-01,2021-02-01,8,2021-10-01,2634720.4943755055,3294752.262222997,888589.8579463329,ilheus-ISSQN,ilheus,ISSQN
2021-02-01,2021-02-01,9,2021-11-01,1977895.37325985,2339700.6175995553,888589.8579463329,ilheus-ISSQN,ilheus,ISSQN
2021-02-01,2021-02-01,10,2021-12-01,1851041.825639648,2163582.372673435,888589.8579463329,ilheus-ISSQN,ilheus,ISSQN
2021-02-01,2021-02-01,11,2022-01-01,4595502.996233166,3586865.194733834,888589.8579463329,ilheus-ISSQN,ilheus,ISSQN
2021-02-01,2021-02-01,12,2022-02-01,3599759.875636779,1341660.4564761117,888589.8579463329,ilheus-ISSQN,ilheus,ISSQN
2021-03-01,2021-03-01,1,2021-04-01,4153557.2956896494,4100641.433124815,883073.4298261817,ilheus-ISSQN,ilheus,ISSQN
2021-03-01,2021-03-01,2,2021-05-01,3453122.4012055863,2328027.8096554345,883073.4298261817,ilheus-ISSQN,ilheus,ISSQN
2021-03-01,2021-03-01,3,2021-06-01,3570687.46514713,2747913.834241505,883073.4298261817,ilheus-ISSQN,ilheus,ISSQN
2021-03-01,2021-03-01,4,2021-07-01,5196171.231922152,5915609.739712426,883073.4298261817,ilheus-ISSQN,ilheus,ISSQN
2021-03-01,2021-03-01,5,2021-08-01,4443752.31085364,3282662.771775768,883073.4298261817,ilheus-ISSQN,ilheus,ISSQN
2021-03-01,2021-03-01,6,2021-09-01,4222245.176809426,3675233.323288301,883073.4298261817,ilheus-ISSQN,ilheus,ISSQN
2021-03-01,2021-03-01,7,2021-10-01,2634720.4943755055,3524778.5470576063,883073.4298261817,ilheus-ISSQN,ilheus,ISSQN
2021-03-01,2021-03-01,8,2021-11-01,1977895.37325985,2569726.9024341647,883073.4298261817,ilheus-ISSQN,ilheus,ISSQN
2021-03-01,2021-03-01,9,2021-12-01,1851041.825639648,2393608.6575080445,883073.4298261817,ilheus-ISSQN,ilheus,ISSQN
2021-03-01,2021-03-01,10,2022-01-01,4595502.996233166,3816891.4795684433,883073.4298261817,ilheus-ISSQN,ilheus,ISSQN
2021-03-01,2021-03-01,11,2022-02-01,3599759.875636779,1571686.741310721,883073.4298261817,ilheus-ISSQN,ilheus,ISSQN
2021-03-01,2021-03-01,12,2022-03-01,3916152.370216925,3652980.7936602365,883073.4298261817,ilheus-ISSQN,ilheus,ISSQN
2021-04-01,2021-04-01,1,2021-05-01,3453122.4012055863,2324639.4680045014,869838.3967731856,ilheus-ISSQN,ilheus,ISSQN
2021-04-01,2021-04-01,2,2021-06-01,3570687.46514713,2744525.4925905718,869838.3967731856,ilheus-ISSQN,ilheus,ISSQN
2021-04-01,2021-04-01,3,2021-07-01,5196171.231922152,5912221.398061493,869838.3967731856,ilheus-ISSQN,ilheus,ISSQN
2021-04-01,2021-04-01,4,2021-08-01,4443752.31085364,3279274.430124835,869838.3967731856,ilheus-ISSQN,ilheus,ISSQN
2021-04-01,2021-04-01,5,2021-09-01,4222245.176809426,3671844.9816373684,869838.3967731856,ilheus-ISSQN,ilheus,ISSQN
2021-04-01,2021-04-01,6,2021-10-01,2634720.4943755055,3521390.2054066733,869838.3967731856,ilheus-ISSQN,ilheus,ISSQN
2021-04-01,2021-04-01,7,2021-11-01,1977895.37325985,2566338.560783232,869838.3967731856,ilheus-ISSQN,ilheus,ISSQN
2021-04-01,2021-04-01,8,2021-12-01,1851041.825639648,2390220.3158571115,869838.3967731856,ilheus-ISSQN,ilheus,ISSQN
2021-04-01,2021-04-01,9,2022-01-01,4595502.996233166,3813503.1379175107,869838.3967731856,ilheus-ISSQN,ilheus,ISSQN
2021-04-01,2021-04-01,10,2022-02-01,3599759.875636779,1568298.3996597882,869838.3967731856,ilheus-ISSQN,ilheus,ISSQN
2021-04-01,2021-04-01,11,2022-03-01,3916152.370216925,3649592.4520093035,869838.3967731856,ilheus-ISSQN,ilheus,ISSQN
2021-04-01,2021-04-01,12,2022-04-01,4291180.637975705,4133284.405908307,869838.3967731856,ilheus-ISSQN,ilheus,ISSQN
2021-05-01,2021-05-01,1,2021-06-01,3570687.46514713,2804218.0384572716,873505.6528754403,ilheus-ISSQN,ilheus,ISSQN
2021-05-01,2021-05-01,2,2021-07-01,5196171.231922152,5971913.943928193,873505.6528754403,ilheus-ISSQN,ilheus,ISSQN
2021-05-01,2021-05-01,3,2021-08-01,4443752.31085364,3338966.975991535,873505.6528754403,ilheus-ISSQN,ilheus,ISSQN
2021-05-01,2021-05-01,4,2021-09-01,4222245.176809426,3731537.527504068,873505.6528754403,ilheus-ISSQN,ilheus,ISSQN
2021-05-01,2021-05-01,5,2021-10-01,2634720.4943755055,3581082.751273373,873505.6528754403,ilheus-ISSQN,ilheus,ISSQN
2021-05-01,2021-05-01,6,2021-11-01,1977895.37325985,2626031.1066499315,873505.6528754403,ilheus-ISSQN,ilheus,ISSQN
2021-05-01,2021-05-01,7,2021-12-01,1851041.825639648,2449912.8617238114,873505.6528754403,ilheus-ISSQN,ilheus,ISSQN
2021-05-01,2021-05-01,8,2022-01-01,4595502.996233166,3873195.68378421,873505.6528754403,ilheus-ISSQN,ilheus,ISSQN
2021-05-01,2021-05-01,9,2022-02-01,3599759.875636779,1627990.945526488,873505.6528754403,ilheus-ISSQN,ilheus,ISSQN
2021-05-01,2021-05-01,10,2022-03-01,3916152.370216925,3709284.9978760034,873505.6528754403,ilheus-ISSQN,ilheus,ISSQN
2021-05-01,2021-05-01,11,2022-04-01,4291180.637975705,4192976.951775007,873505.6528754403,ilheus-ISSQN,ilheus,ISSQN
2021-05-01,2021-05-01,12,2022-05-01,5257128.1446916275,3492542.0572909433,873505.6528754403,ilheus-ISSQN,ilheus,ISSQN
2021-06-01,2021-06-01,1,2021-07-01,5196171.231922152,6129434.161547271,872481.1593890731,ilheus-ISSQN,ilheus,ISSQN
2021-06-01,2021-06-01,2,2021-08-01,4443752.31085364,3496487.1936106114,872481.1593890731,ilheus-ISSQN,ilheus,ISSQN
2021-06-01,2021-06-01,3,2021-09-01,4222245.176809426,3889057.745123145,872481.1593890731,ilheus-ISSQN,ilheus,ISSQN
2021-06-01,2021-06-01,4,2021-10-01,2634720.4943755055,3738602.9688924495,872481.1593890731,ilheus-ISSQN,ilheus,ISSQN
2021-06-01,2021-06-01,5,2021-11-01,1977895.37325985,2783551.324269009,872481.1593890731,ilheus-ISSQN,ilheus,ISSQN
2021-06-01,2021-06-01,6,2021-12-01,1851041.825639648,2607433.0793428877,872481.1593890731,ilheus-ISSQN,ilheus,ISSQN
2021-06-01,2021-06-01,7,2022-01-01,4595502.996233166,4030715.9014032874,872481.1593890731,ilheus-ISSQN,ilheus,ISSQN
2021-06-01,2021-06-01,8,2022-02-01,3599759.875636779,1785511.1631455647,872481.1593890731,ilheus-ISSQN,ilheus,ISSQN
2021-06-01,2021-06-01,9,2022-03-01,3916152.370216925,3866805.2154950798,872481.1593890731,ilheus-ISSQN,ilheus,ISSQN
2021-06-01,2021-06-01,10,2022-04-01,4291180.637975705,4350497.169394083,872481.1593890731,ilheus-ISSQN,ilheus,ISSQN
2021-06-01,2021-06-01,11,2022-05-01,5257128.1446916275,3650062.2749100206,872481.1593890731,ilheus-ISSQN,ilheus,ISSQN
2021-06-01,2021-06-01,12,2022-06-01,5307608.8770729955,3767627.3388515646,872481.1593890731,ilheus-ISSQN,ilheus,ISSQN
2021-07-01,2021-07-01,1,2021-08-01,4443752.31085364,3338966.975991535,870448.9488895449,ilheus-ISSQN,ilheus,ISSQN
2021-07-01,2021-07-01,2,2021-09-01,4222245.176809426,3731537.527504068,870448.9488895449,ilheus-ISSQN,ilheus,ISSQN
2021-07-01,2021-07-01,3,2021-10-01,2634720.4943755055,3581082.751273373,870448.9488895449,ilheus-ISSQN,ilheus,ISSQN
2021-07-01,2021-07-01,4,2021-11-01,1977895.37325985,2626031.1066499315,870448.9488895449,ilheus-ISSQN,ilheus,ISSQN
2021-07-01,2021-07-01,5,2021-12-01,1851041.825639648,2449912.8617238114,870448.9488895449,ilheus-ISSQN,ilheus,ISSQN
2021-07-01,2021-07-01,6,2022-01-01,4595502.996233166,3873195.68378421,870448.9488895449,ilheus-ISSQN,ilheus,ISSQN
2021-07-01,2021-07-01,7,2022-02-01,3599759.875636779,1627990.945526488,870448.9488895449,ilheus-ISSQN,ilheus,ISSQN
2021-07-01,2021-07-01,8,2022-03-01,3916152.370216925,3709284.9978760034,870448.9488895449,ilheus-ISSQN,ilheus,ISSQN
2021-07-01,2021-07-01,9,2022-04-01,4291180.637975705,4192976.951775007,870448.9488895449,ilheus-ISSQN,ilheus,ISSQN
2021-07-01,2021-07-01,10,2022-05-01,5257128.1446916275,3492542.0572909433,870448.9488895449,ilheus-ISSQN,ilheus,ISSQN
2021-07-01,2021-07-01,11,2022-06-01,5307608.8770729955,3610107.1212324873,870448.9488895449,ilheus-ISSQN,ilheus,ISSQN
2021-07-01,2021-07-01,12,2022-07-01,4379280.2105701715,5235590.8880075095,870448.9488895449,ilheus-ISSQN,ilheus,ISSQN
2021-08-01,2021-08-01,1,2021-09-01,4222245.176809426,3889057.745123145,874474.7730374555,ilheus-ISSQN,ilheus,ISSQN
2021-08-01,2021-08-01,2,2021-10-01,2634720.4943755055,3738602.9688924495,874474.7730374555,ilheus-ISSQN,ilheus,ISSQN
2021-08-01,2021-08-01,3,2021-11-01,1977895.37325985,2783551.324269009,874474.7730374555,ilheus-ISSQN,ilheus,ISSQN
2021-08-01,2021-08-01,4,2021-12-01,1851041.825639648,2607433.0793428877,874474.7730374555,ilheus-ISSQN,ilheus,ISSQN
2021-08-01,2021-08-01,5,2022-01-01,4595502.996233166,4030715.9014032874,874474.7730374555,ilheus-ISSQN,ilheus,ISSQN
2021-08-01,2021-08-01,6,2022-02-01,3599759.875636779,1785511.1631455647,874474.7730374555,ilheus-ISSQN,ilheus,ISSQN
2021-08-01,2021-08-01,7,2022-03-01,3916152.370216925,3866805.2154950798,874474.7730374555,ilheus-ISSQN,ilheus,ISSQN
2021-08-01,2021-08-01,8,2022-04-01,4291180.637975705,4350497.169394083,874474.7730374555,ilheus-ISSQN,ilheus,ISSQN
2021-08-01,2021-08-01,9,2022-05-01,5257128.1446916275,3650062.2749100206,874474.7730374555,ilheus-ISSQN,ilheus,ISSQN
2021-08-01,2021-08-01,10,2022-06-01,5307608.8770729955,3767627.3388515646,874474.7730374555,ilheus-ISSQN,ilheus,ISSQN
2021-08-01,2021-08-01,11,2022-07-01,4379280.2105701715,5393111.105626587,874474.7730374555,ilheus-ISSQN,ilheus,ISSQN
2021-08-01,2021-08-01,12,2022-08-01,4468730.572282989,4640692.184558074,874474.7730374555,ilheus-ISSQN,ilheus,ISSQN
2021-09-01,2021-09-01,1,2021-10-01,2634720.4943755055,3738602.9688924495,869484.2300280825,ilheus-ISSQN,ilheus,ISSQN
2021-09-01,2021-09-01,2,2021-11-01,1977895.37325985,2783551.324269009,869484.2300280825,ilheus-ISSQN,ilheus,ISSQN
2021-09-01,2021-09-01,3,2021-12-01,1851041.825639648,2607433.0793428877,869484.2300280825,ilheus-ISSQN,ilheus,ISSQN
2021-09-01,2021-09-01,4,2022-01-01,4595502.996233166,4030715.9014032874,869484.2300280825,ilheus-ISSQN,ilheus,ISSQN
2021-09-01,2021-09-01,5,2022-02-01,3599759.875636779,1785511.1631455647,869484.2300280825,ilheus-ISSQN,ilheus,ISSQN
2021-09-01,2021-09-01,6,2022-03-01,3916152.370216925,3866805.2154950798,869484.2300280825,ilheus-ISSQN,ilheus,ISSQN
2021-09-01,2021-09-01,7,2022-04-01,4291180.637975705,4350497.169394083,869484.2300280825,ilheus-ISSQN,ilheus,ISSQN
2021-09-01,2021-09-01,8,2022-05-01,5257128.1446916275,3650062.2749100206,869484.2300280825,ilheus-ISSQN,ilheus,ISSQN
2021-09-01,2021-09-01,9,2022-06-01,5307608.8770729955,3767627.3388515646,869484.2300280825,ilheus-ISSQN,ilheus,ISSQN
2021-09-01,2021-09-01,10,2022-07-01,4379280.2105701715,5393111.105626587,869484.2300280825,ilheus-ISSQN,ilheus,ISSQN
2021-09-01,2021-09-01,11,2022-08-01,4468730.572282989,4640692.184558074,869484.2300280825,ilheus-ISSQN,ilheus,ISSQN
2021-09-01,2021-09-01,12,2022-09-01,5802108.660436498,4419185.050513861,869484.2300280825,ilheus-ISSQN,ilheus,ISSQN
2021-10-01,2021-10-01,1,2021-11-01,1977895.37325985,2626031.1066499315,870019.3496107172,ilheus-ISSQN,ilheus,ISSQN
2021-10-01,2021-10-01,2,2021-12-01,1851041.825639648,2449912.8617238114,870019.3496107172,ilheus-ISSQN,ilheus,ISSQN
2021-10-01,2021-10-01,3,2022-01-01,4595502.996233166,3873195.68378421,870019.3496107172,ilheus-ISSQN,ilheus,ISSQN
2021-10-01,2021-10-01,4,2022-02-01,3599759.875636779,1627990.945526488,870019.3496107172,ilheus-ISSQN,ilheus,ISSQN
2021-10-01,2021-10-01,5,2022-03-01,3916152.370216925,3709284.9978760034,870019.3496107172,ilheus-ISSQN,ilheus,ISSQN
2021-10-01,2021-10-01,6,2022-04-01,4291180.637975705,4192976.951775007,870019.3496107172,ilheus-ISSQN,ilheus,ISSQN
2021-10-01,2021-10-01,7,2022-05-01,5257128.1446916275,3492542.0572909433,870019.3496107172,ilheus-ISSQN,ilheus,ISSQN
2021-10-01,2021-10-01,8,2022-06-01,5307608.8770729955,3610107.1212324873,870019.3496107172,ilheus-ISSQN,ilheus,ISSQN
2021-10-01,2021-10-01,9,2022-07-01,4379280.2105701715,5235590.8880075095,870019.3496107172,ilheus-ISSQN,ilheus,ISSQN
2021-10-01,2021-10-01,10,2022-08-01,4468730.572282989,4483171.966938997,870019.3496107172,ilheus-ISSQN,ilheus,ISSQN
2021-10-01,2021-10-01,11,2022-09-01,5802108.660436498,4261664.8328947835,870019.3496107172,ilheus-ISSQN,ilheus,ISSQN
2021-10-01,2021-10-01,12,2022-10-01,3184201.4593452825,2674140.1504608626,870019.3496107172,ilheus-ISSQN,ilheus,ISSQN
2021-11-01,2021-11-01,1,2021-12-01,1851041.825639648,2145995.513037416,866339.0218317595,ilheus-ISSQN,ilheus,ISSQN
2021-11-01,2021-11-01,2,2022-01-01,4595502.996233166,3569278.335097816,866339.0218317595,ilheus-ISSQN,ilheus,ISSQN
2021-11-01,2021-11-01,3,2022-02-01,3599759.875636779,1324073.5968400931,866339.0218317595,ilheus-ISSQN,ilheus,ISSQN
2021-11-01,2021-11-01,4,2022-03-01,3916152.370216925,3405367.649189608,866339.0218317595,ilheus-ISSQN,ilheus,ISSQN
2021-11-01,2021-11-01,5,2022-04-01,4291180.637975705,3889059.6030886117,866339.0218317595,ilheus-ISSQN,ilheus,ISSQN
2021-11-01,2021-11-01,6,2022-05-01,5257128.1446916275,3188624.708604549,866339.0218317595,ilheus-ISSQN,ilheus,ISSQN
2021-11-01,2021-11-01,7,2022-06-01,5307608.8770729955,3306189.772546093,866339.0218317595,ilheus-ISSQN,ilheus,ISSQN
2021-11-01,2021-11-01,8,2022-07-01,4379280.2105701715,4931673.539321115,866339.0218317595,ilheus-ISSQN,ilheus,ISSQN
2021-11-01,2021-11-01,9,2022-08-01,4468730.572282989,4179254.6182526024,866339.0218317595,ilheus-ISSQN,ilheus,ISSQN
2021-11-01,2021-11-01,10,2022-09-01,5802108.660436498,3957747.484208389,866339.0218317595,ilheus-ISSQN,ilheus,ISSQN
2021-11-01,2021-11-01,11,2022-10-01,3184201.4593452825,2370222.8017744683,866339.0218317595,ilheus-ISSQN,ilheus,ISSQN
2021-11-01,2021-11-01,12,2022-11-01,2246811.650573443,1713397.6806588126,866339.0218317595,ilheus-ISSQN,ilheus,ISSQN
2021-12-01,2021-12-01,1,2022-01-01,4595502.996233166,3572065.9949166626,862076.6934729686,ilheus-ISSQN,ilheus,ISSQN
2021-12-01,2021-12-01,2,2022-02-01,3599759.875636779,1326861.2566589399,862076.6934729686,ilheus-ISSQN,ilheus,ISSQN
2021-12-01,2021-12-01,3,2022-03-01,3916152.370216925,3408155.309008455,862076.6934729686,ilheus-ISSQN,ilheus,ISSQN
2021-12-01,2021-12-01,4,2022-04-01,4291180.637975705,3891847.2629074585,862076.6934729686,ilheus-ISSQN,ilheus,ISSQN
2021-12-01,2021-12-01,5,2022-05-01,5257128.1446916275,3191412.368423396,862076.6934729686,ilheus-ISSQN,ilheus,ISSQN
2021-12-01,2021-12-01,6,2022-06-01,5307608.8770729955,3308977.4323649397,862076.6934729686,ilheus-ISSQN,ilheus,ISSQN
2021-12-01,2021-12-01,7,2022-07-01,4379280.2105701715,4934461.199139962,862076.6934729686,ilheus-ISSQN,ilheus,ISSQN
2021-12-01,2021-12-01,8,2022-08-01,4468730.572282989,4182042.278071449,862076.6934729686,ilheus-ISSQN,ilheus,ISSQN
2021-12-01,2021-12-01,9,2022-09-01,5802108.660436498,3960535.144027236,862076.6934729686,ilheus-ISSQN,ilheus,ISSQN
2021-12-01,2021-12-01,10,2022-10-01,3184201.4593452825,2373010.461593315,862076.6934729686,ilheus-ISSQN,ilheus,ISSQN
2021-12-01,2021-12-01,11,2022-11-01,2246811.650573443,1716185.3404776594,862076.6934729686,ilheus-ISSQN,ilheus,ISSQN
2021-12-01,2021-12-01,12,2022-12-01,5275407.576307106,1589331.7928574572,862076.6934729686,ilheus-ISSQN,ilheus,ISSQN
2022-01-01,2022-01-01,1,2022-02-01,3599759.875636779,1871650.5993537006,860702.0397066857,ilheus-ISSQN,ilheus,ISSQN
2022-01-01,2022-01-01,2,2022-03-01,3916152.370216925,3952944.651703216,860702.0397066857,ilheus-ISSQN,ilheus,ISSQN
2022-01-01,2022-01-01,3,2022-04-01,4291180.637975705,4436636.60560222,860702.0397066857,ilheus-ISSQN,ilheus,ISSQN
2022-01-01,2022-01-01,4,2022-05-01,5257128.1446916275,3736201.711118156,860702.0397066857,ilheus-ISSQN,ilheus,ISSQN
2022-01-01,2022-01-01,5,2022-06-01,5307608.8770729955,3853766.7750597,860702.0397066857,ilheus-ISSQN,ilheus,ISSQN
2022-01-01,2022-01-01,6,2022-07-01,4379280.2105701715,5479250.541834722,860702.0397066857,ilheus-ISSQN,ilheus,ISSQN
2022-01-01,2022-01-01,7,2022-08-01,4468730.572282989,4726831.620766209,860702.0397066857,ilheus-ISSQN,ilheus,ISSQN
2022-01-01,2022-01-01,8,2022-09-01,5802108.660436498,4505324.486721996,860702.0397066857,ilheus-ISSQN,ilheus,ISSQN
2022-01-01,2022-01-01,9,2022-10-01,3184201.4593452825,2917799.8042880753,860702.0397066857,ilheus-ISSQN,ilheus,ISSQN
2022-01-01,2022-01-01,10,2022-11-01,2246811.650573443,2260974.68317242,860702.0397066857,ilheus-ISSQN,ilheus,ISSQN
2022-01-01,2022-01-01,11,2022-12-01,5275407.576307106,2134121.135552218,860702.0397066857,ilheus-ISSQN,ilheus,ISSQN
2022-01-01,2022-01-01,12,2023-01-01,7044916.168374341,4878582.306145736,860702.0397066857,ilheus-ISSQN,ilheus,ISSQN
2022-02-01,2022-02-01,1,2022-03-01,3916152.370216925,4205456.437674408,876249.1551997798,ilheus-ISSQN,ilheus,ISSQN
2022-02-01,2022-02-01,2,2022-04-01,4291180.637975705,4689148.391573411,876249.1551997798,ilheus-ISSQN,ilheus,ISSQN
2022-02-01,2022-02-01,3,2022-05-01,5257128.1446916275,3988713.497089348,876249.1551997798,ilheus-ISSQN,ilheus,ISSQN
2022-02-01,2022-02-01,4,2022-06-01,5307608.8770729955,4106278.5610308917,876249.1551997798,ilheus-ISSQN,ilheus,ISSQN
2022-02-01,2022-02-01,5,2022-07-01,4379280.2105701715,5731762.327805914,876249.1551997798,ilheus-ISSQN,ilheus,ISSQN
2022-02-01,2022-02-01,6,2022-08-01,4468730.572282989,4979343.406737401,876249.1551997798,ilheus-ISSQN,ilheus,ISSQN
2022-02-01,2022-02-01,7,2022-09-01,5802108.660436498,4757836.272693188,876249.1551997798,ilheus-ISSQN,ilheus,ISSQN
2022-02-01,2022-02-01,8,2022-10-01,3184201.4593452825,3170311.590259267,876249.1551997798,ilheus-ISSQN,ilheus,ISSQN
2022-02-01,2022-02-01,9,2022-11-01,2246811.650573443,2513486.469143612,876249.1551997798,ilheus-ISSQN,ilheus,ISSQN
2022-02-01,2022-02-01,10,2022-12-01,5275407.576307106,2386632.92152341,876249.1551997798,ilheus-ISSQN,ilheus,ISSQN
2022-02-01,2022-02-01,11,2023-01-01,7044916.168374341,5131094.092116928,876249.1551997798,ilheus-ISSQN,ilheus,ISSQN
2022-02-01,2022-02-01,12,2023-02-01,5490957.798547088,4135350.9715205403,876249.1551997798,ilheus-ISSQN,ilheus,ISSQN
2022-03-01,2022-03-01,1,2022-04-01,4291180.637975705,4541764.462598147,867849.6601761332,ilheus-ISSQN,ilheus,ISSQN
2022-03-01,2022-03-01,2,2022-05-01,5257128.1446916275,3841329.5681140837,867849.6601761332,ilheus-ISSQN,ilheus,ISSQN
2022-03-01,2022-03-01,3,2022-06-01,5307608.8770729955,3958894.6320556276,867849.6601761332,ilheus-ISSQN,ilheus,ISSQN
2022-03-01,2022-03-01,4,2022-07-01,4379280.2105701715,5584378.39883065,867849.6601761332,ilheus-ISSQN,ilheus,ISSQN
2022-03-01,2022-03-01,5,2022-08-01,4468730.572282989,4831959.477762137,867849.6601761332,ilheus-ISSQN,ilheus,ISSQN
2022-03-01,2022-03-01,6,2022-09-01,5802108.660436498,4610452.343717923,867849.6601761332,ilheus-ISSQN,ilheus,ISSQN
2022-03-01,2022-03-01,7,2022-10-01,3184201.4593452825,3022927.661284003,867849.6601761332,ilheus-ISSQN,ilheus,ISSQN
2022-03-01,2022-03-01,8,2022-11-01,2246811.650573443,2366102.540168348,867849.6601761332,ilheus-ISSQN,ilheus,ISSQN
2022-03-01,2022-03-01,9,2022-12-01,5275407.576307106,2239248.9925481454,867849.6601761332,ilheus-ISSQN,ilheus,ISSQN
2022-03-01,2022-03-01,10,2023-01-01,7044916.168374341,4983710.163141664,867849.6601761332,ilheus-ISSQN,ilheus,ISSQN
2022-03-01,2022-03-01,11,2023-02-01,5490957.798547088,3987967.042545276,867849.6601761332,ilheus-ISSQN,ilheus,ISSQN
2022-03-01,2022-03-01,12,2023-03-01,5017034.708914244,4304359.537125423,867849.6601761332,ilheus-ISSQN,ilheus,ISSQN
2022-04-01,2022-04-01,1,2022-05-01,5257128.1446916275,3841329.5681140837,858241.4191512637,ilheus-ISSQN,ilheus,ISSQN
2022-04-01,2022-04-01,2,2022-06-01,5307608.8770729955,3958894.6320556276,858241.4191512637,ilheus-ISSQN,ilheus,ISSQN
2022-04-01,2022-04-01,3,2022-07-01,4379280.2105701715,5584378.39883065,858241.4191512637,ilheus-ISSQN,ilheus,ISSQN
2022-04-01,2022-04-01,4,2022-08-01,4468730.572282989,4831959.477762137,858241.4191512637,ilheus-ISSQN,ilheus,ISSQN
2022-04-01,2022-04-01,5,2022-09-01,5802108.660436498,4610452.343717923,858241.4191512637,ilheus-ISSQN,ilheus,ISSQN
2022-04-01,2022-04-01,6,2022-10-01,3184201.4593452825,3022927.661284003,858241.4191512637,ilheus-ISSQN,ilheus,ISSQN
2022-04-01,2022-04-01,7,2022-11-01,2246811.650573443,2366102.540168348,858241.4191512637,ilheus-ISSQN,ilheus,ISSQN
2022-04-01,2022-04-01,8,2022-12-01,5275407.576307106,2239248.9925481454,858241.4191512637,ilheus-ISSQN,ilheus,ISSQN
2022-04-01,2022-04-01,9,2023-01-01,7044916.168374341,4983710.163141664,858241.4191512637,ilheus-ISSQN,ilheus,ISSQN
2022-04-01,2022-04-01,10,2023-02-01,5490957.798547088,3987967.042545276,858241.4191512637,ilheus-ISSQN,ilheus,ISSQN
2022-04-01,2022-04-01,11,2023-03-01,5017034.708914244,4304359.537125423,858241.4191512637,ilheus-ISSQN,ilheus,ISSQN
2022-04-01,2022-04-01,12,2023-04-01,5120423.472637157,4679387.804884203,858241.4191512637,ilheus-ISSQN,ilheus,ISSQN
2022-05-01,2022-05-01,1,2022-06-01,5307608.8770729955,3958894.6320556276,870524.072714053,ilheus-ISSQN,ilheus,ISSQN
2022-05-01,2022-05-01,2,2022-07-01,4379280.2105701715,5584378.39883065,870524.072714053,ilheus-ISSQN,ilheus,ISSQN
2022-05-01,2022-05-01,3,2022-08-01,4468730.572282989,4831959.477762137,870524.072714053,ilheus-ISSQN,ilheus,ISSQN
2022-05-01,2022-05-01,4,2022-09-01,5802108.660436498,4610452.343717923,870524.072714053,ilheus-ISSQN,ilheus,ISSQN
2022-05-01,2022-05-01,5,2022-10-01,3184201.4593452825,3022927.661284003,870524.072714053,ilheus-ISSQN,ilheus,ISSQN
2022-05-01,2022-05-01,6,2022-11-01,2246811.650573443,2366102.540168348,870524.072714053,ilheus-ISSQN,ilheus,ISSQN
2022-05-01,2022-05-01,7,2022-12-01,5275407.576307106,2239248.9925481454,870524.072714053,ilheus-ISSQN,ilheus,ISSQN
2022-05-01,2022-05-01,8,2023-01-01,7044916.168374341,4983710.163141664,870524.072714053,ilheus-ISSQN,ilheus,ISSQN
2022-05-01,2022-05-01,9,2023-02-01,5490957.798547088,3987967.042545276,870524.072714053,ilheus-ISSQN,ilheus,ISSQN
2022-05-01,2022-05-01,10,2023-03-01,5017034.708914244,4304359.537125423,870524.072714053,ilheus-ISSQN,ilheus,ISSQN
2022-05-01,2022-05-01,11,2023-04-01,5120423.472637157,4679387.804884203,870524.072714053,ilheus-ISSQN,ilheus,ISSQN
2022-05-01,2022-05-01,12,2023-05-01,5944098.506612575,5645335.311600124,870524.072714053,ilheus-ISSQN,ilheus,ISSQN
2022-06-01,2022-06-01,1,2022-07-01,4379280.2105701715,5584378.39883065,881631.7309090763,ilheus-ISSQN,ilheus,ISSQN
2022-06-01,2022-06-01,2,2022-08-01,4468730.572282989,4831959.477762137,881631.7309090763,ilheus-ISSQN,ilheus,ISSQN
2022-06-01,2022-06-01,3,2022-09-01,5802108.660436498,4610452.343717923,881631.7309090763,ilheus-ISSQN,ilheus,ISSQN
2022-06-01,2022-06-01,4,2022-10-01,3184201.4593452825,3022927.661284003,881631.7309090763,ilheus-ISSQN,ilheus,ISSQN
2022-06-01,2022-06-01,5,2022-11-01,2246811.650573443,2366102.540168348,881631.7309090763,ilheus-ISSQN,ilheus,ISSQN
2022-06-01,2022-06-01,6,2022-12-01,5275407.576307106,2239248.9925481454,881631.7309090763,ilheus-ISSQN,ilheus,ISSQN
2022-06-01,2022-06-01,7,2023-01-01,7044916.168374341,4983710.163141664,881631.7309090763,ilheus-ISSQN,ilheus,ISSQN
2022-06-01,2022-06-01,8,2023-02-01,5490957.798547088,3987967.042545276,881631.7309090763,ilheus-ISSQN,ilheus,ISSQN
2022-06-01,2022-06-01,9,2023-03-01,5017034.708914244,4304359.537125423,881631.7309090763,ilheus-ISSQN,ilheus,ISSQN
2022-06-01,2022-06-01,10,2023-04-01,5120423.472637157,4679387.804884203,881631.7309090763,ilheus-ISSQN,ilheus,ISSQN
2022-06-01,2022-06-01,11,2023-05-01,5944098.506612575,5645335.311600124,881631.7309090763,ilheus-ISSQN,ilheus,ISSQN
2022-06-01,2022-06-01,12,2023-06-01,5820348.99620249,5695816.0439814925,881631.7309090763,ilheus-ISSQN,ilheus,ISSQN
2022-07-01,2022-07-01,1,2022-08-01,4468730.572282989,4831959.477762137,880812.2282564548,ilheus-ISSQN,ilheus,ISSQN
2022-07-01,2022-07-01,2,2022-09-01,5802108.660436498,4610452.343717923,880812.2282564548,ilheus-ISSQN,ilheus,ISSQN
2022-07-01,2022-07-01,3,2022-10-01,3184201.4593452825,3022927.661284003,880812.2282564548,ilheus-ISSQN,ilheus,ISSQN
2022-07-01,2022-07-01,4,2022-11-01,2246811.650573443,2366102.540168348,880812.2282564548,ilheus-ISSQN,ilheus,ISSQN
2022-07-01,2022-07-01,5,2022-12-01,5275407.576307106,2239248.9925481454,880812.2282564548,ilheus-ISSQN,ilheus,ISSQN
2022-07-01,2022-07-01,6,2023-01-01,7044916.168374341,4983710.163141664,880812.2282564548,ilheus-ISSQN,ilheus,ISSQN
2022-07-01,2022-07-01,7,2023-02-01,5490957.798547088,3987967.042545276,880812.2282564548,ilheus-ISSQN,ilheus,ISSQN
2022-07-01,2022-07-01,8,2023-03-01,5017034.708914244,4304359.537125423,880812.2282564548,ilheus-ISSQN,ilheus,ISSQN
2022-07-01,2022-07-01,9,2023-04-01,5120423.472637157,4679387.804884203,880812.2282564548,ilheus-ISSQN,ilheus,ISSQN
2022-07-01,2022-07-01,10,2023-05-01,5944098.506612575,5645335.311600124,880812.2282564548,ilheus-ISSQN,ilheus,ISSQN
2022-07-01,2022-07-01,11,2023-06-01,5820348.99620249,5695816.0439814925,880812.2282564548,ilheus-ISSQN,ilheus,ISSQN
2022-07-01,2022-07-01,12,2023-07-01,6410704.047477755,4767487.3774786685,880812.2282564548,ilheus-ISSQN,ilheus,ISSQN
2022-08-01,2022-08-01,1,2022-09-01,5802108.660436498,4414200.362165594,870114.3036711158,ilheus-ISSQN,ilheus,ISSQN
2022-08-01,2022-08-01,2,2022-10-01,3184201.4593452825,2826675.6797316726,870114.3036711158,ilheus-ISSQN,ilheus,ISSQN
2022-08-01,2022-08-01,3,2022-11-01,2246811.650573443,2169850.5586160175,870114.3036711158,ilheus-ISSQN,ilheus,ISSQN
2022-08-01,2022-08-01,4,2022-12-01,5275407.576307106,2042997.0109958153,870114.3036711158,ilheus-ISSQN,ilheus,ISSQN
2022-08-01,2022-08-01,5,2023-01-01,7044916.168374341,4787458.181589333,870114.3036711158,ilheus-ISSQN,ilheus,ISSQN
2022-08-01,2022-08-01,6,2023-02-01,5490957.798547088,3791715.060992946,870114.3036711158,ilheus-ISSQN,ilheus,ISSQN
2022-08-01,2022-08-01,7,2023-03-01,5017034.708914244,4108107.555573093,870114.3036711158,ilheus-ISSQN,ilheus,ISSQN
2022-08-01,2022-08-01,8,2023-04-01,5120423.472637157,4483135.823331872,870114.3036711158,ilheus-ISSQN,ilheus,ISSQN
2022-08-01,2022-08-01,9,2023-05-01,5944098.506612575,5449083.330047795,870114.3036711158,ilheus-ISSQN,ilheus,ISSQN
2022-08-01,2022-08-01,10,2023-06-01,5820348.99620249,5499564.062429163,870114.3036711158,ilheus-ISSQN,ilheus,ISSQN
2022-08-01,2022-08-01,11,2023-07-01,6410704.047477755,4571235.395926339,870114.3036711158,ilheus-ISSQN,ilheus,ISSQN
2022-08-01,2022-08-01,12,2023-08-01,5321090.6821164945,4660685.757639156,870114.3036711158,ilheus-ISSQN,ilheus,ISSQN
2022-09-01,2022-09-01,1,2022-10-01,3184201.4593452825,2826675.6797316726,878876.6392261275,ilheus-ISSQN,ilheus,ISSQN
2022-09-01,2022-09-01,2,2022-11-01,2246811.650573443,2169850.5586160175,878876.6392261275,ilheus-ISSQN,ilheus,ISSQN
2022-09-01,2022-09-01,3,2022-12-01,5275407.576307106,2042997.0109958153,878876.6392261275,ilheus-ISSQN,ilheus,ISSQN
2022-09-01,2022-09-01,4,2023-01-01,7044916.168374341,4787458.181589333,878876.6392261275,ilheus-ISSQN,ilheus,ISSQN
2022-09-01,2022-09-01,5,2023-02-01,5490957.798547088,3791715.060992946,878876.6392261275,ilheus-ISSQN,ilheus,ISSQN
2022-09-01,2022-09-01,6,2023-03-01,5017034.708914244,4108107.555573093,878876.6392261275,ilheus-ISSQN,ilheus,ISSQN
2022-09-01,2022-09-01,7,2023-04-01,5120423.472637157,4483135.823331872,878876.6392261275,ilheus-ISSQN,ilheus,ISSQN
2022-09-01,2022-09-01,8,2023-05-01,5944098.506612575,5449083.330047795,878876.6392261275,ilheus-ISSQN,ilheus,ISSQN
2022-09-01,2022-09-01,9,2023-06-01,5820348.99620249,5499564.062429163,878876.6392261275,ilheus-ISSQN,ilheus,ISSQN
2022-09-01,2022-09-01,10,2023-07-01,6410704.047477755,4571235.395926339,878876.6392261275,ilheus-ISSQN,ilheus,ISSQN
2022-09-01,2022-09-01,11,2023-08-01,5321090.6821164945,4660685.757639156,878876.6392261275,ilheus-ISSQN,ilheus,ISSQN
2022-09-01,2022-09-01,12,2023-09-01,4693378.384150494,5994063.845792665,878876.6392261275,ilheus-ISSQN,ilheus,ISSQN
2022-10-01,2022-10-01,1,2022-11-01,2246811.650573443,2375779.3699578783,874859.6188083673,ilheus-ISSQN,ilheus,ISSQN
2022-10-01,2022-10-01,2,2022-12-01,5275407.576307106,2248925.822337676,874859.6188083673,ilheus-ISSQN,ilheus,ISSQN
2022-10-01,2022-10-01,3,2023-01-01,7044916.168374341,4993386.992931195,874859.6188083673,ilheus-ISSQN,ilheus,ISSQN
2022-10-01,2022-10-01,4,2023-02-01,5490957.798547088,3997643.872334807,874859.6188083673,ilheus-ISSQN,ilheus,ISSQN
2022-10-01,2022-10-01,5,2023-03-01,5017034.708914244,4314036.366914953,874859.6188083673,ilheus-ISSQN,ilheus,ISSQN
2022-10-01,2022-10-01,6,2023-04-01,5120423.472637157,4689064.634673733,874859.6188083673,ilheus-ISSQN,ilheus,ISSQN
2022-10-01,2022-10-01,7,2023-05-01,5944098.506612575,5655012.141389656,874859.6188083673,ilheus-ISSQN,ilheus,ISSQN
2022-10-01,2022-10-01,8,2023-06-01,5820348.99620249,5705492.873771024,874859.6188083673,ilheus-ISSQN,ilheus,ISSQN
2022-10-01,2022-10-01,9,2023-07-01,6410704.047477755,4777164.2072682,874859.6188083673,ilheus-ISSQN,ilheus,ISSQN
2022-10-01,2022-10-01,10,2023-08-01,5321090.6821164945,4866614.568981017,874859.6188083673,ilheus-ISSQN,ilheus,ISSQN
2022-10-01,2022-10-01,11,2023-09-01,4693378.384150494,6199992.657134526,874859.6188083673,ilheus-ISSQN,ilheus,ISSQN
2022-10-01,2022-10-01,12,2023-10-01,2707167.420455185,3582085.4560433105,874859.6188083673,ilheus-ISSQN,ilheus,ISSQN
2022-11-01,2022-11-01,1,2022-12-01,5275407.576307106,2260240.446781333,867559.0966216832,ilheus-ISSQN,ilheus,ISSQN
2022-11-01,2022-11-01,2,2023-01-01,7044916.168374341,5004701.617374851,867559.0966216832,ilheus-ISSQN,ilheus,ISSQN
2022-11-01,2022-11-01,3,2023-02-01,5490957.798547088,4008958.496778464,867559.0966216832,ilheus-ISSQN,ilheus,ISSQN
2022-11-01,2022-11-01,4,2023-03-01,5017034.708914244,4325350.99135861,867559.0966216832,ilheus-ISSQN,ilheus,ISSQN
2022-11-01,2022-11-01,5,2023-04-01,5120423.472637157,4700379.25911739,867559.0966216832,ilheus-ISSQN,ilheus,ISSQN
2022-11-01,2022-11-01,6,2023-05-01,5944098.506612575,5666326.765833313,867559.0966216832,ilheus-ISSQN,ilheus,ISSQN
2022-11-01,2022-11-01,7,2023-06-01,5820348.99620249,5716807.498214681,867559.0966216832,ilheus-ISSQN,ilheus,ISSQN
2022-11-01,2022-11-01,8,2023-07-01,6410704.047477755,4788478.831711857,867559.0966216832,ilheus-ISSQN,ilheus,ISSQN
2022-11-01,2022-11-01,9,2023-08-01,5321090.6821164945,4877929.193424674,867559.0966216832,ilheus-ISSQN,ilheus,ISSQN
2022-11-01,2022-11-01,10,2023-09-01,4693378.384150494,6211307.281578183,867559.0966216832,ilheus-ISSQN,ilheus,ISSQN
2022-11-01,2022-11-01,11,2023-10-01,2707167.420455185,3593400.0804869677,867559.0966216832,ilheus-ISSQN,ilheus,ISSQN
2022-11-01,2022-11-01,12,2023-11-01,4091370.0444003586,2656010.2717151283,867559.0966216832,ilheus-ISSQN,ilheus,ISSQN
2022-12-01,2022-12-01,1,2023-01-01,7044916.168374341,5251106.962985211,897997.271074609,ilheus-ISSQN,ilheus,ISSQN
2022-12-01,2022-12-01,2,2023-02-01,5490957.798547088,4255363.842388824,897997.271074609,ilheus-ISSQN,ilheus,ISSQN
2022-12-01,2022-12-01,3,2023-03-01,5017034.708914244,4571756.3369689705,897997.271074609,ilheus-ISSQN,ilheus,ISSQN
2022-12-01,2022-12-01,4,2023-04-01,5120423.472637157,4946784.60472775,897997.271074609,ilheus-ISSQN,ilheus,ISSQN
2022-12-01,2022-12-01,5,2023-05-01,5944098.506612575,5912732.111443672,897997.271074609,ilheus-ISSQN,ilheus,ISSQN
2022-12-01,2022-12-01,6,2023-06-01,5820348.99620249,5963212.84382504,897997.271074609,ilheus-ISSQN,ilheus,ISSQN
2022-12-01,2022-12-01,7,2023-07-01,6410704.047477755,5034884.177322216,897997.271074609,ilheus-ISSQN,ilheus,ISSQN
2022-12-01,2022-12-01,8,2023-08-01,5321090.6821164945,5124334.539035033,897997.271074609,ilheus-ISSQN,ilheus,ISSQN
2022-12-01,2022-12-01,9,2023-09-01,4693378.384150494,6457712.627188543,897997.271074609,ilheus-ISSQN,ilheus,ISSQN
2022-12-01,2022-12-01,10,2023-10-01,2707167.420455185,3839805.426097328,897997.271074609,ilheus-ISSQN,ilheus,ISSQN
2022-12-01,2022-12-01,11,2023-11-01,4091370.0444003586,2902415.6173254885,897997.271074609,ilheus-ISSQN,ilheus,ISSQN
2022-12-01,2022-12-01,12,2023-12-01,4824284.21153272,5931011.543059151,897997.271074609,ilheus-ISSQN,ilheus,ISSQN
2023-01-01,2023-01-01,1,2023-02-01,5490957.798547088,4664432.099935203,916249.2228518628,ilheus-ISSQN,ilheus,ISSQN
2023-01-01,2023-01-01,2,2023-03-01,5017034.708914244,4980824.59451535,916249.2228518628,ilheus-ISSQN,ilheus,ISSQN
2023-01-01,2023-01-01,3,2023-04-01,5120423.472637157,5355852.862274129,916249.2228518628,ilheus-ISSQN,ilheus,ISSQN
2023-01-01,2023-01-01,4,2023-05-01,5944098.506612575,6321800.368990052,916249.2228518628,ilheus-ISSQN,ilheus,ISSQN
2023-01-01,2023-01-01,5,2023-06-01,5820348.99620249,6372281.10137142,916249.2228518628,ilheus-ISSQN,ilheus,ISSQN
2023-01-01,2023-01-01,6,2023-07-01,6410704.047477755,5443952.434868596,916249.2228518628,ilheus-ISSQN,ilheus,ISSQN
2023-01-01,2023-01-01,7,2023-08-01,5321090.6821164945,5533402.796581413,916249.2228518628,ilheus-ISSQN,ilheus,ISSQN
2023-01-01,2023-01-01,8,2023-09-01,4693378.384150494,6866780.884734922,916249.2228518628,ilheus-ISSQN,ilheus,ISSQN
2023-01-01,2023-01-01,9,2023-10-01,2707167.420455185,4248873.683643707,916249.2228518628,ilheus-ISSQN,ilheus,ISSQN
2023-01-01,2023-01-01,10,2023-11-01,4091370.0444003586,3311483.8748718677,916249.2228518628,ilheus-ISSQN,ilheus,ISSQN
2023-01-01,2023-01-01,11,2023-12-01,4824284.21153272,6340079.80060553,916249.2228518628,ilheus-ISSQN,ilheus,ISSQN
2023-01-01,2023-01-01,12,2024-01-01,6855005.067285447,8109588.392672765,916249.2228518628,ilheus-ISSQN,ilheus,ISSQN
2023-02-01,2023-02-01,1,2023-03-01,5017034.708914244,4980824.59451535,927585.83564324,ilheus-ISSQN,ilheus,ISSQN
2023-02-01,2023-02-01,2,2023-04-01,5120423.472637157,5355852.862274129,927585.83564324,ilheus-ISSQN,ilheus,ISSQN
2023-02-01,2023-02-01,3,2023-05-01,5944098.506612575,6321800.368990052,927585.83564324,ilheus-ISSQN,ilheus,ISSQN
2023-02-01,2023-02-01,4,2023-06-01,5820348.99620249,6372281.10137142,927585.83564324,ilheus-ISSQN,ilheus,ISSQN
2023-02-01,2023-02-01,5,2023-07-01,6410704.047477755,5443952.434868596,927585.83564324,ilheus-ISSQN,ilheus,ISSQN
2023-02-01,2023-02-01,6,2023-08-01,5321090.6821164945,5533402.796581413,927585.83564324,ilheus-ISSQN,ilheus,ISSQN
2023-02-01,2023-02-01,7,2023-09-01,4693378.384150494,6866780.884734922,927585.83564324,ilheus-ISSQN,ilheus,ISSQN
2023-02-01,2023-02-01,8,2023-10-01,2707167.420455185,4248873.683643707,927585.83564324,ilheus-ISSQN,ilheus,ISSQN
2023-02-01,2023-02-01,9,2023-11-01,4091370.0444003586,3311483.8748718677,927585.83564324,ilheus-ISSQN,ilheus,ISSQN
2023-02-01,2023-02-01,10,2023-12-01,4824284.21153272,6340079.80060553,927585.83564324,ilheus-ISSQN,ilheus,ISSQN
2023-02-01,2023-02-01,11,2024-01-01,6855005.067285447,8109588.392672765,927585.83564324,ilheus-ISSQN,ilheus,ISSQN
2023-02-01,2023-02-01,12,2024-02-01,9086542.543679124,6555630.022845512,927585.83564324,ilheus-ISSQN,ilheus,ISSQN
2023-03-01,2023-03-01,1,2023-04-01,5120423.472637157,5631553.5491379,929577.7494714478,ilheus-ISSQN,ilheus,ISSQN
2023-03-01,2023-03-01,2,2023-05-01,5944098.506612575,6597501.055853822,929577.7494714478,ilheus-ISSQN,ilheus,ISSQN
2023-03-01,2023-03-01,3,2023-06-01,5820348.99620249,6647981.78823519,929577.7494714478,ilheus-ISSQN,ilheus,ISSQN
2023-03-01,2023-03-01,4,2023-07-01,6410704.047477755,5719653.121732366,929577.7494714478,ilheus-ISSQN,ilheus,ISSQN
2023-03-01,2023-03-01,5,2023-08-01,5321090.6821164945,5809103.483445183,929577.7494714478,ilheus-ISSQN,ilheus,ISSQN
2023-03-01,2023-03-01,6,2023-09-01,4693378.384150494,7142481.571598693,929577.7494714478,ilheus-ISSQN,ilheus,ISSQN
2023-03-01,2023-03-01,7,2023-10-01,2707167.420455185,4524574.370507478,929577.7494714478,ilheus-ISSQN,ilheus,ISSQN
2023-03-01,2023-03-01,8,2023-11-01,4091370.0444003586,3587184.5617356384,929577.7494714478,ilheus-ISSQN,ilheus,ISSQN
2023-03-01,2023-03-01,9,2023-12-01,4824284.21153272,6615780.487469301,929577.7494714478,ilheus-ISSQN,ilheus,ISSQN
2023-03-01,2023-03-01,10,2024-01-01,6855005.067285447,8385289.079536536,929577.7494714478,ilheus-ISSQN,ilheus,ISSQN
2023-03-01,2023-03-01,11,2024-02-01,9086542.543679124,6831330.709709283,929577.7494714478,ilheus-ISSQN,ilheus,ISSQN
2023-03-01,2023-03-01,12,2024-03-01,7043675.816064964,6357407.620076438,929577.7494714478,ilheus-ISSQN,ilheus,ISSQN
2023-04-01,2023-04-01,1,2023-05-01,5944098.506612575,6597501.055853822,928437.5799849707,ilheus-ISSQN,ilheus,ISSQN
2023-04-01,2023-04-01,2,2023-06-01,5820348.99620249,6647981.78823519,928437.5799849707,ilheus-ISSQN,ilheus,ISSQN
2023-04-01,2023-04-01,3,2023-07-01,6410704.047477755,5719653.121732366,928437.5799849707,ilheus-ISSQN,ilheus,ISSQN
2023-04-01,2023-04-01,4,2023-08-01,5321090.6821164945,5809103.483445183,928437.5799849707,ilheus-ISSQN,ilheus,ISSQN
2023-04-01,2023-04-01,5,2023-09-01,4693378.384150494,7142481.571598693,928437.5799849707,ilheus-ISSQN,ilheus,ISSQN
2023-04-01,2023-04-01,6,2023-10-01,2707167.420455185,4524574.370507478,928437.5799849707,ilheus-ISSQN,ilheus,ISSQN
2023-04-01,2023-04-01,7,2023-11-01,4091370.0444003586,3587184.5617356384,928437.5799849707,ilheus-ISSQN,ilheus,ISSQN
2023-04-01,2023-04-01,8,2023-12-01,4824284.21153272,6615780.487469301,928437.5799849707,ilheus-ISSQN,ilheus,ISSQN
2023-04-01,2023-04-01,9,2024-01-01,6855005.067285447,8385289.079536536,928437.5799849707,ilheus-ISSQN,ilheus,ISSQN
2023-04-01,2023-04-01,10,2024-02-01,9086542.543679124,6831330.709709283,928437.5799849707,ilheus-ISSQN,ilheus,ISSQN
2023-04-01,2023-04-01,11,2024-03-01,7043675.816064964,6357407.620076438,928437.5799849707,ilheus-ISSQN,ilheus,ISSQN
2023-04-01,2023-04-01,12,2024-04-01,5890123.897076042,6460796.383799352,928437.5799849707,ilheus-ISSQN,ilheus,ISSQN
2023-05-01,2023-05-01,1,2023-06-01,5820348.99620249,6272671.463752381,925724.4651752627,ilheus-ISSQN,ilheus,ISSQN
2023-05-01,2023-05-01,2,2023-07-01,6410704.047477755,5344342.7972495565,925724.4651752627,ilheus-ISSQN,ilheus,ISSQN
2023-05-01,2023-05-01,3,2023-08-01,5321090.6821164945,5433793.158962374,925724.4651752627,ilheus-ISSQN,ilheus,ISSQN
2023-05-01,2023-05-01,4,2023-09-01,4693378.384150494,6767171.247115883,925724.4651752627,ilheus-ISSQN,ilheus,ISSQN
2023-05-01,2023-05-01,5,2023-10-01,2707167.420455185,4149264.046024668,925724.4651752627,ilheus-ISSQN,ilheus,ISSQN
2023-05-01,2023-05-01,6,2023-11-01,4091370.0444003586,3211874.2372528287,925724.4651752627,ilheus-ISSQN,ilheus,ISSQN
2023-05-01,2023-05-01,7,2023-12-01,4824284.21153272,6240470.162986491,925724.4651752627,ilheus-ISSQN,ilheus,ISSQN
2023-05-01,2023-05-01,8,2024-01-01,6855005.067285447,8009978.755053726,925724.4651752627,ilheus-ISSQN,ilheus,ISSQN
2023-05-01,2023-05-01,9,2024-02-01,9086542.543679124,6456020.385226473,925724.4651752627,ilheus-ISSQN,ilheus,ISSQN
2023-05-01,2023-05-01,10,2024-03-01,7043675.816064964,5982097.295593629,925724.4651752627,ilheus-ISSQN,ilheus,ISSQN
2023-05-01,2023-05-01,11,2024-04-01,5890123.897076042,6085486.059316542,925724.4651752627,ilheus-ISSQN,ilheus,ISSQN
2023-05-01,2023-05-01,12,2024-05-01,5072550.794914876,6909161.09329196,925724.4651752627,ilheus-ISSQN,ilheus,ISSQN
2023-06-01,2023-06-01,1,2023-07-01,6410704.047477755,5137386.808861371,921135.7502191985,ilheus-ISSQN,ilheus,ISSQN
2023-06-01,2023-06-01,2,2023-08-01,5321090.6821164945,5226837.170574188,921135.7502191985,ilheus-ISSQN,ilheus,ISSQN
2023-06-01,2023-06-01,3,2023-09-01,4693378.384150494,6560215.258727698,921135.7502191985,ilheus-ISSQN,ilheus,ISSQN
2023-06-01,2023-06-01,4,2023-10-01,2707167.420455185,3942308.057636482,921135.7502191985,ilheus-ISSQN,ilheus,ISSQN
2023-06-01,2023-06-01,5,2023-11-01,4091370.0444003586,3004918.248864643,921135.7502191985,ilheus-ISSQN,ilheus,ISSQN
2023-06-01,2023-06-01,6,2023-12-01,4824284.21153272,6033514.1745983055,921135.7502191985,ilheus-ISSQN,ilheus,ISSQN
2023-06-01,2023-06-01,7,2024-01-01,6855005.067285447,7803022.766665541,921135.7502191985,ilheus-ISSQN,ilheus,ISSQN
2023-06-01,2023-06-01,8,2024-02-01,9086542.543679124,6249064.396838288,921135.7502191985,ilheus-ISSQN,ilheus,ISSQN
2023-06-01,2023-06-01,9,2024-03-01,7043675.816064964,5775141.307205443,921135.7502191985,ilheus-ISSQN,ilheus,ISSQN
2023-06-01,2023-06-01,10,2024-04-01,5890123.897076042,5878530.070928357,921135.7502191985,ilheus-ISSQN,ilheus,ISSQN
2023-06-01,2023-06-01,11,2024-05-01,5072550.794914876,6702205.104903774,921135.7502191985,ilheus-ISSQN,ilheus,ISSQN
2023-06-01,2023-06-01,12,2024-06-01,2370445.2289252775,6578455.59449369,921135.7502191985,ilheus-ISSQN,ilheus,ISSQN
2023-07-01,2023-07-01,1,2023-08-01,5321090.6821164945,5433793.158962374,933336.7182047851,ilheus-ISSQN,ilheus,ISSQN
2023-07-01,2023-07-01,2,2023-09-01,4693378.384150494,6767171.247115883,933336.7182047851,ilheus-ISSQN,ilheus,ISSQN
2023-07-01,2023-07-01,3,2023-10-01,2707167.420455185,4149264.046024668,933336.7182047851,ilheus-ISSQN,ilheus,ISSQN
2023-07-01,2023-07-01,4,2023-11-01,4091370.0444003586,3211874.2372528287,933336.7182047851,ilheus-ISSQN,ilheus,ISSQN
2023-07-01,2023-07-01,5,2023-12-01,4824284.21153272,6240470.162986491,933336.7182047851,ilheus-ISSQN,ilheus,ISSQN
2023-07-01,2023-07-01,6,2024-01-01,6855005.067285447,8009978.755053726,933336.7182047851,ilheus-ISSQN,ilheus,ISSQN
2023-07-01,2023-07-01,7,2024-02-01,9086542.543679124,6456020.385226473,933336.7182047851,ilheus-ISSQN,ilheus,ISSQN
2023-07-01,2023-07-01,8,2024-03-01,7043675.816064964,5982097.295593629,933336.7182047851,ilheus-ISSQN,ilheus,ISSQN
2023-07-01,2023-07-01,9,2024-04-01,5890123.897076042,6085486.059316542,933336.7182047851,ilheus-ISSQN,ilheus,ISSQN
2023-07-01,2023-07-01,10,2024-05-01,5072550.794914876,6909161.09329196,933336.7182047851,ilheus-ISSQN,ilheus,ISSQN
2023-07-01,2023-07-01,11,2024-06-01,2370445.2289252775,6785411.582881875,933336.7182047851,ilheus-ISSQN,ilheus,ISSQN
2023-07-01,2023-07-01,12,2024-07-01,3169539.203390758,7375766.63415714,933336.7182047851,ilheus-ISSQN,ilheus,ISSQN
2023-08-01,2023-08-01,1,2023-09-01,4693378.384150494,6778729.88470191,932456.5376790104,ilheus-ISSQN,ilheus,ISSQN
2023-08-01,2023-08-01,2,2023-10-01,2707167.420455185,4160822.6836106945,932456.5376790104,ilheus-ISSQN,ilheus,ISSQN
2023-08-01,2023-08-01,3,2023-11-01,4091370.0444003586,3223432.874838855,932456.5376790104,ilheus-ISSQN,ilheus,ISSQN
2023-08-01,2023-08-01,4,2023-12-01,4824284.21153272,6252028.800572518,932456.5376790104,ilheus-ISSQN,ilheus,ISSQN
2023-08-01,2023-08-01,5,2024-01-01,6855005.067285447,8021537.392639753,932456.5376790104,ilheus-ISSQN,ilheus,ISSQN
2023-08-01,2023-08-01,6,2024-02-01,9086542.543679124,6467579.022812501,932456.5376790104,ilheus-ISSQN,ilheus,ISSQN
2023-08-01,2023-08-01,7,2024-03-01,7043675.816064964,5993655.933179656,932456.5376790104,ilheus-ISSQN,ilheus,ISSQN
2023-08-01,2023-08-01,8,2024-04-01,5890123.897076042,6097044.696902569,932456.5376790104,ilheus-ISSQN,ilheus,ISSQN
2023-08-01,2023-08-01,9,2024-05-01,5072550.794914876,6920719.730877987,932456.5376790104,ilheus-ISSQN,ilheus,ISSQN
2023-08-01,2023-08-01,10,2024-06-01,2370445.2289252775,6796970.220467903,932456.5376790104,ilheus-ISSQN,ilheus,ISSQN
2023-08-01,2023-08-01,11,2024-07-01,3169539.203390758,7387325.271743167,932456.5376790104,ilheus-ISSQN,ilheus,ISSQN
2023-08-01,2023-08-01,12,2024-08-01,3889341.9897266403,6297711.906381907,932456.5376790104,ilheus-ISSQN,ilheus,ISSQN
2023-09-01,2023-09-01,1,2023-10-01,2707167.420455185,4025002.9315927615,934351.9542231717,ilheus-ISSQN,ilheus,ISSQN
2023-09-01,2023-09-01,2,2023-11-01,4091370.0444003586,3087613.122820922,934351.9542231717,ilheus-ISSQN,ilheus,ISSQN
2023-09-01,2023-09-01,3,2023-12-01,4824284.21153272,6116209.048554584,934351.9542231717,ilheus-ISSQN,ilheus,ISSQN
2023-09-01,2023-09-01,4,2024-01-01,6855005.067285447,7885717.64062182,934351.9542231717,ilheus-ISSQN,ilheus,ISSQN
2023-09-01,2023-09-01,5,2024-02-01,9086542.543679124,6331759.270794567,934351.9542231717,ilheus-ISSQN,ilheus,ISSQN
2023-09-01,2023-09-01,6,2024-03-01,7043675.816064964,5857836.181161722,934351.9542231717,ilheus-ISSQN,ilheus,ISSQN
2023-09-01,2023-09-01,7,2024-04-01,5890123.897076042,5961224.9448846355,934351.9542231717,ilheus-ISSQN,ilheus,ISSQN
2023-09-01,2023-09-01,8,2024-05-01,5072550.794914876,6784899.978860054,934351.9542231717,ilheus-ISSQN,ilheus,ISSQN
2023-09-01,2023-09-01,9,2024-06-01,2370445.2289252775,6661150.468449969,934351.9542231717,ilheus-ISSQN,ilheus,ISSQN
2023-09-01,2023-09-01,10,2024-07-01,3169539.203390758,7251505.519725233,934351.9542231717,ilheus-ISSQN,ilheus,ISSQN
2023-09-01,2023-09-01,11,2024-08-01,3889341.9897266403,6161892.154363973,934351.9542231717,ilheus-ISSQN,ilheus,ISSQN
2023-09-01,2023-09-01,12,2024-09-01,5508903.5798269035,5534179.856397973,934351.9542231717,ilheus-ISSQN,ilheus,ISSQN
2023-10-01,2023-10-01,1,2023-11-01,4091370.0444003586,3087613.122820922,929486.8700175006,ilheus-ISSQN,ilheus,ISSQN
2023-10-01,2023-10-01,2,2023-12-01,4824284.21153272,6116209.048554584,929486.8700175006,ilheus-ISSQN,ilheus,ISSQN
2023-10-01,2023-10-01,3,2024-01-01,6855005.067285447,7885717.64062182,929486.8700175006,ilheus-ISSQN,ilheus,ISSQN
2023-10-01,2023-10-01,4,2024-02-01,9086542.543679124,6331759.270794567,929486.8700175006,ilheus-ISSQN,ilheus,ISSQN
2023-10-01,2023-10-01,5,2024-03-01,7043675.816064964,5857836.181161722,929486.8700175006,ilheus-ISSQN,ilheus,ISSQN
2023-10-01,2023-10-01,6,2024-04-01,5890123.897076042,5961224.9448846355,929486.8700175006,ilheus-ISSQN,ilheus,ISSQN
2023-10-01,2023-10-01,7,2024-05-01,5072550.794914876,6784899.978860054,929486.8700175006,ilheus-ISSQN,ilheus,ISSQN
2023-10-01,2023-10-01,8,2024-06-01,2370445.2289252775,6661150.468449969,929486.8700175006,ilheus-ISSQN,ilheus,ISSQN
2023-10-01,2023-10-01,9,2024-07-01,3169539.203390758,7251505.519725233,929486.8700175006,ilheus-ISSQN,ilheus,ISSQN
2023-10-01,2023-10-01,10,2024-08-01,3889341.9897266403,6161892.154363973,929486.8700175006,ilheus-ISSQN,ilheus,ISSQN
2023-10-01,2023-10-01,11,2024-09-01,5508903.5798269035,5534179.856397973,929486.8700175006,ilheus-ISSQN,ilheus,ISSQN
2023-10-01,2023-10-01,12,2024-10-01,2820464.6937535256,3547968.8927026642,929486.8700175006,ilheus-ISSQN,ilheus,ISSQN
2023-11-01,2023-11-01,1,2023-12-01,4824284.21153272,6252028.800572518,939119.2018470734,ilheus-ISSQN,ilheus,ISSQN
2023-11-01,2023-11-01,2,2024-01-01,6855005.067285447,8021537.392639753,939119.2018470734,ilheus-ISSQN,ilheus,ISSQN
2023-11-01,2023-11-01,3,2024-02-01,9086542.543679124,6467579.022812501,939119.2018470734,ilheus-ISSQN,ilheus,ISSQN
2023-11-01,2023-11-01,4,2024-03-01,7043675.816064964,5993655.933179656,939119.2018470734,ilheus-ISSQN,ilheus,ISSQN
2023-11-01,2023-11-01,5,2024-04-01,5890123.897076042,6097044.696902569,939119.2018470734,ilheus-ISSQN,ilheus,ISSQN
2023-11-01,2023-11-01,6,2024-05-01,5072550.794914876,6920719.730877987,939119.2018470734,ilheus-ISSQN,ilheus,ISSQN
2023-11-01,2023-11-01,7,2024-06-01,2370445.2289252775,6796970.220467903,939119.2018470734,ilheus-ISSQN,ilheus,ISSQN
2023-11-01,2023-11-01,8,2024-07-01,3169539.203390758,7387325.271743167,939119.2018470734,ilheus-ISSQN,ilheus,ISSQN
2023-11-01,2023-11-01,9,2024-08-01,3889341.9897266403,6297711.906381907,939119.2018470734,ilheus-ISSQN,ilheus,ISSQN
2023-11-01,2023-11-01,10,2024-09-01,5508903.5798269035,5669999.608415906,939119.2018470734,ilheus-ISSQN,ilheus,ISSQN
2023-11-01,2023-11-01,11,2024-10-01,2820464.6937535256,3683788.644720597,939119.2018470734,ilheus-ISSQN,ilheus,ISSQN
2023-11-01,2023-11-01,12,2024-11-01,2956552.948719671,5067991.268665771,939119.2018470734,ilheus-ISSQN,ilheus,ISSQN
2023-12-01,2023-12-01,1,2024-01-01,6855005.067285447,7885717.64062182,934035.9118775664,ilheus-ISSQN,ilheus,ISSQN
2023-12-01,2023-12-01,2,2024-02-01,9086542.543679124,6331759.270794567,934035.9118775664,ilheus-ISSQN,ilheus,ISSQN
2023-12-01,2023-12-01,3,2024-03-01,7043675.816064964,5857836.181161722,934035.9118775664,ilheus-ISSQN,ilheus,ISSQN
2023-12-01,2023-12-01,4,2024-04-01,5890123.897076042,5961224.9448846355,934035.9118775664,ilheus-ISSQN,ilheus,ISSQN
2023-12-01,2023-12-01,5,2024-05-01,5072550.794914876,6784899.978860054,934035.9118775664,ilheus-ISSQN,ilheus,ISSQN
2023-12-01,2023-12-01,6,2024-06-01,2370445.2289252775,6661150.468449969,934035.9118775664,ilheus-ISSQN,ilheus,ISSQN
2023-12-01,2023-12-01,7,2024-07-01,3169539.203390758,7251505.519725233,934035.9118775664,ilheus-ISSQN,ilheus,ISSQN
2023-12-01,2023-12-01,8,2024-08-01,3889341.9897266403,6161892.154363973,934035.9118775664,ilheus-ISSQN,ilheus,ISSQN
2023-12-01,2023-12-01,9,2024-09-01,5508903.5798269035,5534179.856397973,934035.9118775664,ilheus-ISSQN,ilheus,ISSQN
2023-12-01,2023-12-01,10,2024-10-01,2820464.6937535256,3547968.8927026642,934035.9118775664,ilheus-ISSQN,ilheus,ISSQN
2023-12-01,2023-12-01,11,2024-11-01,2956552.948719671,4932171.516647838,934035.9118775664,ilheus-ISSQN,ilheus,ISSQN
2023-12-01,2023-12-01,12,2024-12-01,5455209.451691351,5665085.683780199,934035.9118775664,ilheus-ISSQN,ilheus,ISSQN
2024-01-01,2024-01-01,1,2024-02-01,9086542.543679124,6249064.396838288,926364.5220756213,ilheus-ISSQN,ilheus,ISSQN
2024-01-01,2024-01-01,2,2024-03-01,7043675.816064964,5775141.307205443,926364.5220756213,ilheus-ISSQN,ilheus,ISSQN
2024-01-01,2024-01-01,3,2024-04-01,5890123.897076042,5878530.070928357,926364.5220756213,ilheus-ISSQN,ilheus,ISSQN
2024-01-01,2024-01-01,4,2024-05-01,5072550.794914876,6702205.104903774,926364.5220756213,ilheus-ISSQN,ilheus,ISSQN
2024-01-01,2024-01-01,5,2024-06-01,2370445.2289252775,6578455.59449369,926364.5220756213,ilheus-ISSQN,ilheus,ISSQN
2024-01-01,2024-01-01,6,2024-07-01,3169539.203390758,7168810.645768954,926364.5220756213,ilheus-ISSQN,ilheus,ISSQN
2024-01-01,2024-01-01,7,2024-08-01,3889341.9897266403,6079197.280407694,926364.5220756213,ilheus-ISSQN,ilheus,ISSQN
2024-01-01,2024-01-01,8,2024-09-01,5508903.5798269035,5451484.982441694,926364.5220756213,ilheus-ISSQN,ilheus,ISSQN
2024-01-01,2024-01-01,9,2024-10-01,2820464.6937535256,3465274.018746385,926364.5220756213,ilheus-ISSQN,ilheus,ISSQN
2024-01-01,2024-01-01,10,2024-11-01,2956552.948719671,4849476.642691558,926364.5220756213,ilheus-ISSQN,ilheus,ISSQN
2024-01-01,2024-01-01,11,2024-12-01,5455209.451691351,5582390.80982392,926364.5220756213,ilheus-ISSQN,ilheus,ISSQN
2024-01-01,2024-01-01,12,2025-01-01,8082815.120692073,7613111.665576647,926364.5220756213,ilheus-ISSQN,ilheus,ISSQN
2024-02-01,2024-02-01,1,2024-03-01,7043675.816064964,5775141.307205443,953601.4631272173,ilheus-ISSQN,ilheus,ISSQN
2024-02-01,2024-02-01,2,2024-04-01,5890123.897076042,5878530.070928357,953601.4631272173,ilheus-ISSQN,ilheus,ISSQN
2024-02-01,2024-02-01,3,2024-05-01,5072550.794914876,6702205.104903774,953601.4631272173,ilheus-ISSQN,ilheus,ISSQN
2024-02-01,2024-02-01,4,2024-06-01,2370445.2289252775,6578455.59449369,953601.4631272173,ilheus-ISSQN,ilheus,ISSQN
2024-02-01,2024-02-01,5,2024-07-01,3169539.203390758,7168810.645768954,953601.4631272173,ilheus-ISSQN,ilheus,ISSQN
2024-02-01,2024-02-01,6,2024-08-01,3889341.9897266403,6079197.280407694,953601.4631272173,ilheus-ISSQN,ilheus,ISSQN
2024-02-01,2024-02-01,7,2024-09-01,5508903.5798269035,5451484.982441694,953601.4631272173,ilheus-ISSQN,ilheus,ISSQN
2024-02-01,2024-02-01,8,2024-10-01,2820464.6937535256,3465274.018746385,953601.4631272173,ilheus-ISSQN,ilheus,ISSQN
2024-02-01,2024-02-01,9,2024-11-01,2956552.948719671,4849476.642691558,953601.4631272173,ilheus-ISSQN,ilheus,ISSQN
2024-02-01,2024-02-01,10,2024-12-01,5455209.451691351,5582390.80982392,953601.4631272173,ilheus-ISSQN,ilheus,ISSQN
2024-02-01,2024-02-01,11,2025-01-01,8082815.120692073,7613111.665576647,953601.4631272173,ilheus-ISSQN,ilheus,ISSQN
2024-02-01,2024-02-01,12,2025-02-01,5641292.016177281,9844649.141970323,953601.4631272173,ilheus-ISSQN,ilheus,ISSQN
2024-03-01,2024-03-01,1,2024-04-01,5890123.897076042,5878530.070928357,964440.247410283,ilheus-ISSQN,ilheus,ISSQN
2024-03-01,2024-03-01,2,2024-05-01,5072550.794914876,6702205.104903774,964440.247410283,ilheus-ISSQN,ilheus,ISSQN
2024-03-01,2024-03-01,3,2024-06-01,2370445.2289252775,6578455.59449369,964440.247410283,ilheus-ISSQN,ilheus,ISSQN
2024-03-01,2024-03-01,4,2024-07-01,3169539.203390758,7168810.645768954,964440.247410283,ilheus-ISSQN,ilheus,ISSQN
2024-03-01,2024-03-01,5,2024-08-01,3889341.9897266403,6079197.280407694,964440.247410283,ilheus-ISSQN,ilheus,ISSQN
2024-03-01,2024-03-01,6,2024-09-01,5508903.5798269035,5451484.982441694,964440.247410283,ilheus-ISSQN,ilheus,ISSQN
2024-03-01,2024-03-01,7,2024-10-01,2820464.6937535256,3465274.018746385,964440.247410283,ilheus-ISSQN,ilheus,ISSQN
2024-03-01,2024-03-01,8,2024-11-01,2956552.948719671,4849476.642691558,964440.247410283,ilheus-ISSQN,ilheus,ISSQN
2024-03-01,2024-03-01,9,2024-12-01,5455209.451691351,5582390.80982392,964440.247410283,ilheus-ISSQN,ilheus,ISSQN
2024-03-01,2024-03-01,10,2025-01-01,8082815.120692073,7613111.665576647,964440.247410283,ilheus-ISSQN,ilheus,ISSQN
2024-03-01,2024-03-01,11,2025-02-01,5641292.016177281,9844649.141970323,964440.247410283,ilheus-ISSQN,ilheus,ISSQN
2024-03-01,2024-03-01,12,2025-03-01,4954483.22587178,7801782.414356164,964440.247410283,ilheus-ISSQN,ilheus,ISSQN
2024-04-01,2024-04-01,1,2024-05-01,5072550.794914876,6672433.8997924905,962492.8491805689,ilheus-ISSQN,ilheus,ISSQN
2024-04-01,2024-04-01,2,2024-06-01,2370445.2289252775,6548684.389382407,962492.8491805689,ilheus-ISSQN,ilheus,ISSQN
2024-04-01,2024-04-01,3,2024-07-01,3169539.203390758,7139039.440657672,962492.8491805689,ilheus-ISSQN,ilheus,ISSQN
2024-04-01,2024-04-01,4,2024-08-01,3889341.9897266403,6049426.075296411,962492.8491805689,ilheus-ISSQN,ilheus,ISSQN
2024-04-01,2024-04-01,5,2024-09-01,5508903.5798269035,5421713.77733041,962492.8491805689,ilheus-ISSQN,ilheus,ISSQN
2024-04-01,2024-04-01,6,2024-10-01,2820464.6937535256,3435502.8136351015,962492.8491805689,ilheus-ISSQN,ilheus,ISSQN
2024-04-01,2024-04-01,7,2024-11-01,2956552.948719671,4819705.437580274,962492.8491805689,ilheus-ISSQN,ilheus,ISSQN
2024-04-01,2024-04-01,8,2024-12-01,5455209.451691351,5552619.604712637,962492.8491805689,ilheus-ISSQN,ilheus,ISSQN
2024-04-01,2024-04-01,9,2025-01-01,8082815.120692073,7583340.460465364,962492.8491805689,ilheus-ISSQN,ilheus,ISSQN
2024-04-01,2024-04-01,10,2025-02-01,5641292.016177281,9814877.93685904,962492.8491805689,ilheus-ISSQN,ilheus,ISSQN
2024-04-01,2024-04-01,11,2025-03-01,4954483.22587178,7772011.209244881,962492.8491805689,ilheus-ISSQN,ilheus,ISSQN
2024-04-01,2024-04-01,12,2025-04-01,6055601.279153026,6618459.290255958,962492.8491805689,ilheus-ISSQN,ilheus,ISSQN
2024-05-01,2024-05-01,1,2024-06-01,2370445.2289252775,6461569.26798668,961592.4022747979,ilheus-ISSQN,ilheus,ISSQN
2024-05-01,2024-05-01,2,2024-07-01,3169539.203390758,7051924.319261945,961592.4022747979,ilheus-ISSQN,ilheus,ISSQN
2024-05-01,2024-05-01,3,2024-08-01,3889341.9897266403,5962310.953900685,961592.4022747979,ilheus-ISSQN,ilheus,ISSQN
2024-05-01,2024-05-01,4,2024-09-01,5508903.5798269035,5334598.655934684,961592.4022747979,ilheus-ISSQN,ilheus,ISSQN
2024-05-01,2024-05-01,5,2024-10-01,2820464.6937535256,3348387.6922393753,961592.4022747979,ilheus-ISSQN,ilheus,ISSQN
2024-05-01,2024-05-01,6,2024-11-01,2956552.948719671,4732590.316184549,961592.4022747979,ilheus-ISSQN,ilheus,ISSQN
2024-05-01,2024-05-01,7,2024-12-01,5455209.451691351,5465504.48331691,961592.4022747979,ilheus-ISSQN,ilheus,ISSQN
2024-05-01,2024-05-01,8,2025-01-01,8082815.120692073,7496225.3390696375,961592.4022747979,ilheus-ISSQN,ilheus,ISSQN
2024-05-01,2024-05-01,9,2025-02-01,5641292.016177281,9727762.815463314,961592.4022747979,ilheus-ISSQN,ilheus,ISSQN
2024-05-01,2024-05-01,10,2025-03-01,4954483.22587178,7684896.087849154,961592.4022747979,ilheus-ISSQN,ilheus,ISSQN
2024-05-01,2024-05-01,11,2025-04-01,6055601.279153026,6531344.168860232,961592.4022747979,ilheus-ISSQN,ilheus,ISSQN
2024-05-01,2024-05-01,12,2025-05-01,6458044.631085712,5713771.066699066,961592.4022747979,ilheus-ISSQN,ilheus,ISSQN
2024-06-01,2024-06-01,1,2024-07-01,3169539.203390758,6700598.709152751,985987.6117356059,ilheus-ISSQN,ilheus,ISSQN
2024-06-01,2024-06-01,2,2024-08-01,3889341.9897266403,5610985.34379149,985987.6117356059,ilheus-ISSQN,ilheus,ISSQN
2024-06-01,2024-06-01,3,2024-09-01,5508903.5798269035,4983273.04582549,985987.6117356059,ilheus-ISSQN,ilheus,ISSQN
2024-06-01,2024-06-01,4,2024-10-01,2820464.6937535256,2997062.082130181,985987.6117356059,ilheus-ISSQN,ilheus,ISSQN
2024-06-01,2024-06-01,5,2024-11-01,2956552.948719671,4381264.7060753545,985987.6117356059,ilheus-ISSQN,ilheus,ISSQN
2024-06-01,2024-06-01,6,2024-12-01,5455209.451691351,5114178.873207716,985987.6117356059,ilheus-ISSQN,ilheus,ISSQN
2024-06-01,2024-06-01,7,2025-01-01,8082815.120692073,7144899.728960443,985987.6117356059,ilheus-ISSQN,ilheus,ISSQN
2024-06-01,2024-06-01,8,2025-02-01,5641292.016177281,9376437.20535412,985987.6117356059,ilheus-ISSQN,ilheus,ISSQN
2024-06-01,2024-06-01,9,2025-03-01,4954483.22587178,7333570.47773996,985987.6117356059,ilheus-ISSQN,ilheus,ISSQN
2024-06-01,2024-06-01,10,2025-04-01,6055601.279153026,6180018.558751038,985987.6117356059,ilheus-ISSQN,ilheus,ISSQN
2024-06-01,2024-06-01,11,2025-05-01,6458044.631085712,5362445.456589872,985987.6117356059,ilheus-ISSQN,ilheus,ISSQN
2024-06-01,2024-06-01,12,2025-06-01,5018115.34229184,2660339.8906002734,985987.6117356059,ilheus-ISSQN,ilheus,ISSQN
2024-07-01,2024-07-01,1,2024-08-01,3889341.9897266403,5000573.449184855,1007882.5363215416,ilheus-ISSQN,ilheus,ISSQN
2024-07-01,2024-07-01,2,2024-09-01,5508903.5798269035,4372861.151218854,1007882.5363215416,ilheus-ISSQN,ilheus,ISSQN
2024-07-01,2024-07-01,3,2024-10-01,2820464.6937535256,2386650.1875235457,1007882.5363215416,ilheus-ISSQN,ilheus,ISSQN
2024-07-01,2024-07-01,4,2024-11-01,2956552.948719671,3770852.811468719,1007882.5363215416,ilheus-ISSQN,ilheus,ISSQN
2024-07-01,2024-07-01,5,2024-12-01,5455209.451691351,4503766.978601081,1007882.5363215416,ilheus-ISSQN,ilheus,ISSQN
2024-07-01,2024-07-01,6,2025-01-01,8082815.120692073,6534487.834353808,1007882.5363215416,ilheus-ISSQN,ilheus,ISSQN
2024-07-01,2024-07-01,7,2025-02-01,5641292.016177281,8766025.310747484,1007882.5363215416,ilheus-ISSQN,ilheus,ISSQN
2024-07-01,2024-07-01,8,2025-03-01,4954483.22587178,6723158.583133325,1007882.5363215416,ilheus-ISSQN,ilheus,ISSQN
2024-07-01,2024-07-01,9,2025-04-01,6055601.279153026,5569606.664144402,1007882.5363215416,ilheus-ISSQN,ilheus,ISSQN
2024-07-01,2024-07-01,10,2025-05-01,6458044.631085712,4752033.561983237,1007882.5363215416,ilheus-ISSQN,ilheus,ISSQN
2024-07-01,2024-07-01,11,2025-06-01,5018115.34229184,2049927.995993638,1007882.5363215416,ilheus-ISSQN,ilheus,ISSQN
2024-07-01,2024-07-01,12,2025-07-01,5248927.023642473,2849021.9704591185,1007882.5363215416,ilheus-ISSQN,ilheus,ISSQN
2024-08-01,2024-08-01,1,2024-09-01,5508903.5798269035,4229299.6823182525,1011958.1724375833,ilheus-ISSQN,ilheus,ISSQN
2024-08-01,2024-08-01,2,2024-10-01,2820464.6937535256,2243088.718622944,1011958.1724375833,ilheus-ISSQN,ilheus,ISSQN
2024-08-01,2024-08-01,3,2024-11-01,2956552.948719671,3627291.342568117,1011958.1724375833,ilheus-ISSQN,ilheus,ISSQN
2024-08-01,2024-08-01,4,2024-12-01,5455209.451691351,4360205.509700479,1011958.1724375833,ilheus-ISSQN,ilheus,ISSQN
2024-08-01,2024-08-01,5,2025-01-01,8082815.120692073,6390926.365453206,1011958.1724375833,ilheus-ISSQN,ilheus,ISSQN
2024-08-01,2024-08-01,6,2025-02-01,5641292.016177281,8622463.841846883,1011958.1724375833,ilheus-ISSQN,ilheus,ISSQN
2024-08-01,2024-08-01,7,2025-03-01,4954483.22587178,6579597.114232723,1011958.1724375833,ilheus-ISSQN,ilheus,ISSQN
2024-08-01,2024-08-01,8,2025-04-01,6055601.279153026,5426045.195243801,1011958.1724375833,ilheus-ISSQN,ilheus,ISSQN
2024-08-01,2024-08-01,9,2025-05-01,6458044.631085712,4608472.093082635,1011958.1724375833,ilheus-ISSQN,ilheus,ISSQN
2024-08-01,2024-08-01,10,2025-06-01,5018115.34229184,1906366.527093036,1011958.1724375833,ilheus-ISSQN,ilheus,ISSQN
2024-08-01,2024-08-01,11,2025-07-01,5248927.023642473,2705460.5015585166,1011958.1724375833,ilheus-ISSQN,ilheus,ISSQN
2024-08-01,2024-08-01,12,2025-08-01,5721230.173206262,3425263.287894399,1011958.1724375833,ilheus-ISSQN,ilheus,ISSQN
2024-09-01,2024-09-01,1,2024-10-01,2820464.6937535256,2386650.1875235457,1010087.382182715,ilheus-ISSQN,ilheus,ISSQN
2024-09-01,2024-09-01,2,2024-11-01,2956552.948719671,3770852.811468719,1010087.382182715,ilheus-ISSQN,ilheus,ISSQN
2024-09-01,2024-09-01,3,2024-12-01,5455209.451691351,4503766.978601081,1010087.382182715,ilheus-ISSQN,ilheus,ISSQN
2024-09-01,2024-09-01,4,2025-01-01,8082815.120692073,6534487.834353808,1010087.382182715,ilheus-ISSQN,ilheus,ISSQN
2024-09-01,2024-09-01,5,2025-02-01,5641292.016177281,8766025.310747484,1010087.382182715,ilheus-ISSQN,ilheus,ISSQN
2024-09-01,2024-09-01,6,2025-03-01,4954483.22587178,6723158.583133325,1010087.382182715,ilheus-ISSQN,ilheus,ISSQN
2024-09-01,2024-09-01,7,2025-04-01,6055601.279153026,5569606.664144402,1010087.382182715,ilheus-ISSQN,ilheus,ISSQN
2024-09-01,2024-09-01,8,2025-05-01,6458044.631085712,4752033.561983237,1010087.382182715,ilheus-ISSQN,ilheus,ISSQN
2024-09-01,2024-09-01,9,2025-06-01,5018115.34229184,2049927.995993638,1010087.382182715,ilheus-ISSQN,ilheus,ISSQN
2024-09-01,2024-09-01,10,2025-07-01,5248927.023642473,2849021.9704591185,1010087.382182715,ilheus-ISSQN,ilheus,ISSQN
2024-09-01,2024-09-01,11,2025-08-01,5721230.173206262,3568824.7567950008,1010087.382182715,ilheus-ISSQN,ilheus,ISSQN
2024-09-01,2024-09-01,12,2025-09-01,6403331.52498959,5188386.346895264,1010087.382182715,ilheus-ISSQN,ilheus,ISSQN
2024-10-01,2024-10-01,1,2024-11-01,2956552.948719671,4053063.130505082,1001627.0981366361,ilheus-ISSQN,ilheus,ISSQN
2024-10-01,2024-10-01,2,2024-12-01,5455209.451691351,4785977.297637444,1001627.0981366361,ilheus-ISSQN,ilheus,ISSQN
2024-10-01,2024-10-01,3,2025-01-01,8082815.120692073,6816698.153390171,1001627.0981366361,ilheus-ISSQN,ilheus,ISSQN
2024-10-01,2024-10-01,4,2025-02-01,5641292.016177281,9048235.629783846,1001627.0981366361,ilheus-ISSQN,ilheus,ISSQN
2024-10-01,2024-10-01,5,2025-03-01,4954483.22587178,7005368.902169688,1001627.0981366361,ilheus-ISSQN,ilheus,ISSQN
2024-10-01,2024-10-01,6,2025-04-01,6055601.279153026,5851816.983180766,1001627.0981366361,ilheus-ISSQN,ilheus,ISSQN
2024-10-01,2024-10-01,7,2025-05-01,6458044.631085712,5034243.8810196,1001627.0981366361,ilheus-ISSQN,ilheus,ISSQN
2024-10-01,2024-10-01,8,2025-06-01,5018115.34229184,2332138.315030001,1001627.0981366361,ilheus-ISSQN,ilheus,ISSQN
2024-10-01,2024-10-01,9,2025-07-01,5248927.023642473,3131232.289495481,1001627.0981366361,ilheus-ISSQN,ilheus,ISSQN
2024-10-01,2024-10-01,10,2025-08-01,5721230.173206262,3851035.075831364,1001627.0981366361,ilheus-ISSQN,ilheus,ISSQN
2024-10-01,2024-10-01,11,2025-09-01,6403331.52498959,5470596.665931627,1001627.0981366361,ilheus-ISSQN,ilheus,ISSQN
2024-10-01,2024-10-01,12,2025-10-01,6050380.013429479,2782157.7798582492,1001627.0981366361,ilheus-ISSQN,ilheus,ISSQN
2024-11-01,2024-11-01,1,2024-12-01,5455209.451691351,4503766.978601081,1002871.8644688234,ilheus-ISSQN,ilheus,ISSQN
2024-11-01,2024-11-01,2,2025-01-01,8082815.120692073,6534487.834353808,1002871.8644688234,ilheus-ISSQN,ilheus,ISSQN
2024-11-01,2024-11-01,3,2025-02-01,5641292.016177281,8766025.310747484,1002871.8644688234,ilheus-ISSQN,ilheus,ISSQN
2024-11-01,2024-11-01,4,2025-03-01,4954483.22587178,6723158.583133325,1002871.8644688234,ilheus-ISSQN,ilheus,ISSQN
2024-11-01,2024-11-01,5,2025-04-01,6055601.279153026,5569606.664144402,1002871.8644688234,ilheus-ISSQN,ilheus,ISSQN
2024-11-01,2024-11-01,6,2025-05-01,6458044.631085712,4752033.561983237,1002871.8644688234,ilheus-ISSQN,ilheus,ISSQN
2024-11-01,2024-11-01,7,2025-06-01,5018115.34229184,2049927.995993638,1002871.8644688234,ilheus-ISSQN,ilheus,ISSQN
2024-11-01,2024-11-01,8,2025-07-01,5248927.023642473,2849021.9704591185,1002871.8644688234,ilheus-ISSQN,ilheus,ISSQN
2024-11-01,2024-11-01,9,2025-08-01,5721230.173206262,3568824.7567950008,1002871.8644688234,ilheus-ISSQN,ilheus,ISSQN
2024-11-01,2024-11-01,10,2025-09-01,6403331.52498959,5188386.346895264,1002871.8644688234,ilheus-ISSQN,ilheus,ISSQN
2024-11-01,2024-11-01,11,2025-10-01,6050380.013429479,2499947.460821886,1002871.8644688234,ilheus-ISSQN,ilheus,ISSQN
2024-11-01,2024-11-01,12,2025-11-01,7406094.559415126,2636035.7157880315,1002871.8644688234,ilheus-ISSQN,ilheus,ISSQN
2024-12-01,2024-12-01,1,2025-01-01,8082815.120692073,6816698.153390171,999427.914243729,ilheus-ISSQN,ilheus,ISSQN
2024-12-01,2024-12-01,2,2025-02-01,5641292.016177281,9048235.629783846,999427.914243729,ilheus-ISSQN,ilheus,ISSQN
2024-12-01,2024-12-01,3,2025-03-01,4954483.22587178,7005368.902169688,999427.914243729,ilheus-ISSQN,ilheus,ISSQN
2024-12-01,2024-12-01,4,2025-04-01,6055601.279153026,5851816.983180766,999427.914243729,ilheus-ISSQN,ilheus,ISSQN
2024-12-01,2024-12-01,5,2025-05-01,6458044.631085712,5034243.8810196,999427.914243729,ilheus-ISSQN,ilheus,ISSQN
2024-12-01,2024-12-01,6,2025-06-01,5018115.34229184,2332138.315030001,999427.914243729,ilheus-ISSQN,ilheus,ISSQN
2024-12-01,2024-12-01,7,2025-07-01,5248927.023642473,3131232.289495481,999427.914243729,ilheus-ISSQN,ilheus,ISSQN
2024-12-01,2024-12-01,8,2025-08-01,5721230.173206262,3851035.075831364,999427.914243729,ilheus-ISSQN,ilheus,ISSQN
2024-12-01,2024-12-01,9,2025-09-01,6403331.52498959,5470596.665931627,999427.914243729,ilheus-ISSQN,ilheus,ISSQN
2024-12-01,2024-12-01,10,2025-10-01,6050380.013429479,2782157.7798582492,999427.914243729,ilheus-ISSQN,ilheus,ISSQN
2024-12-01,2024-12-01,11,2025-11-01,7406094.559415126,2918246.0348243946,999427.914243729,ilheus-ISSQN,ilheus,ISSQN
2024-12-01,2024-12-01,12,2025-12-01,11649189.87,5416902.5377960745,999427.914243729,ilheus-ISSQN,ilheus,ISSQN
2025-01-01,2025-01-01,1,2025-02-01,5641292.016177281,9458653.800407609,1001523.1632268749,ilheus-ISSQN,ilheus,ISSQN
2025-01-01,2025-01-01,2,2025-03-01,4954483.22587178,7415787.072793449,1001523.1632268749,ilheus-ISSQN,ilheus,ISSQN
2025-01-01,2025-01-01,3,2025-04-01,6055601.279153026,6262235.153804528,1001523.1632268749,ilheus-ISSQN,ilheus,ISSQN
2025-01-01,2025-01-01,4,2025-05-01,6458044.631085712,5444662.051643361,1001523.1632268749,ilheus-ISSQN,ilheus,ISSQN
2025-01-01,2025-01-01,5,2025-06-01,5018115.34229184,2742556.4856537627,1001523.1632268749,ilheus-ISSQN,ilheus,ISSQN
2025-01-01,2025-01-01,6,2025-07-01,5248927.023642473,3541650.4601192437,1001523.1632268749,ilheus-ISSQN,ilheus,ISSQN
2025-01-01,2025-01-01,7,2025-08-01,5721230.173206262,4261453.2464551255,1001523.1632268749,ilheus-ISSQN,ilheus,ISSQN
2025-01-01,2025-01-01,8,2025-09-01,6403331.52498959,5881014.836555389,1001523.1632268749,ilheus-ISSQN,ilheus,ISSQN
2025-01-01,2025-01-01,9,2025-10-01,6050380.013429479,3192575.950482011,1001523.1632268749,ilheus-ISSQN,ilheus,ISSQN
2025-01-01,2025-01-01,10,2025-11-01,7406094.559415126,3328664.205448156,1001523.1632268749,ilheus-ISSQN,ilheus,ISSQN
2025-01-01,2025-01-01,11,2025-12-01,11649189.87,5827320.708419836,1001523.1632268749,ilheus-ISSQN,ilheus,ISSQN
2025-02-01,2025-02-01,1,2025-03-01,4954483.22587178,6664550.596865285,1023738.8665384654,ilheus-ISSQN,ilheus,ISSQN
2025-02-01,2025-02-01,2,2025-04-01,6055601.279153026,5510998.6778763635,1023738.8665384654,ilheus-ISSQN,ilheus,ISSQN
2025-02-01,2025-02-01,3,2025-05-01,6458044.631085712,4693425.575715197,1023738.8665384654,ilheus-ISSQN,ilheus,ISSQN
2025-02-01,2025-02-01,4,2025-06-01,5018115.34229184,1991320.0097255984,1023738.8665384654,ilheus-ISSQN,ilheus,ISSQN
2025-02-01,2025-02-01,5,2025-07-01,5248927.023642473,2790413.9841910787,1023738.8665384654,ilheus-ISSQN,ilheus,ISSQN
2025-02-01,2025-02-01,6,2025-08-01,5721230.173206262,3510216.7705269614,1023738.8665384654,ilheus-ISSQN,ilheus,ISSQN
2025-02-01,2025-02-01,7,2025-09-01,6403331.52498959,5129778.360627225,1023738.8665384654,ilheus-ISSQN,ilheus,ISSQN
2025-02-01,2025-02-01,8,2025-10-01,6050380.013429479,2441339.4745538468,1023738.8665384654,ilheus-ISSQN,ilheus,ISSQN
2025-02-01,2025-02-01,9,2025-11-01,7406094.559415126,2577427.729519992,1023738.8665384654,ilheus-ISSQN,ilheus,ISSQN
2025-02-01,2025-02-01,10,2025-12-01,11649189.87,5076084.232491672,1023738.8665384654,ilheus-ISSQN,ilheus,ISSQN
2025-03-01,2025-03-01,1,2025-04-01,6055601.279153026,4886941.49338685,1033337.5487335529,ilheus-ISSQN,ilheus,ISSQN
2025-03-01,2025-03-01,2,2025-05-01,6458044.631085712,4069368.391225683,1033337.5487335529,ilheus-ISSQN,ilheus,ISSQN
2025-03-01,2025-03-01,3,2025-06-01,5018115.34229184,1367262.8252360844,1033337.5487335529,ilheus-ISSQN,ilheus,ISSQN
2025-03-01,2025-03-01,4,2025-07-01,5248927.023642473,2166356.799701565,1033337.5487335529,ilheus-ISSQN,ilheus,ISSQN
2025-03-01,2025-03-01,5,2025-08-01,5721230.173206262,2886159.586037447,1033337.5487335529,ilheus-ISSQN,ilheus,ISSQN
2025-03-01,2025-03-01,6,2025-09-01,6403331.52498959,4505721.17613771,1033337.5487335529,ilheus-ISSQN,ilheus,ISSQN
2025-03-01,2025-03-01,7,2025-10-01,6050380.013429479,1817282.2900643325,1033337.5487335529,ilheus-ISSQN,ilheus,ISSQN
2025-03-01,2025-03-01,8,2025-11-01,7406094.559415126,1953370.545030478,1033337.5487335529,ilheus-ISSQN,ilheus,ISSQN
2025-03-01,2025-03-01,9,2025-12-01,11649189.87,4452027.048002157,1033337.5487335529,ilheus-ISSQN,ilheus,ISSQN
2025-04-01,2025-04-01,1,2025-05-01,6458044.631085712,4069368.391225683,1025588.7972455479,ilheus-ISSQN,ilheus,ISSQN
2025-04-01,2025-04-01,2,2025-06-01,5018115.34229184,1367262.8252360844,1025588.7972455479,ilheus-ISSQN,ilheus,ISSQN
2025-04-01,2025-04-01,3,2025-07-01,5248927.023642473,2166356.799701565,1025588.7972455479,ilheus-ISSQN,ilheus,ISSQN
2025-04-01,2025-04-01,4,2025-08-01,5721230.173206262,2886159.586037447,1025588.7972455479,ilheus-ISSQN,ilheus,ISSQN
2025-04-01,2025-04-01,5,2025-09-01,6403331.52498959,4505721.17613771,1025588.7972455479,ilheus-ISSQN,ilheus,ISSQN
2025-04-01,2025-04-01,6,2025-10-01,6050380.013429479,1817282.2900643325,1025588.7972455479,ilheus-ISSQN,ilheus,ISSQN
2025-04-01,2025-04-01,7,2025-11-01,7406094.559415126,1953370.545030478,1025588.7972455479,ilheus-ISSQN,ilheus,ISSQN
2025-04-01,2025-04-01,8,2025-12-01,11649189.87,4452027.048002157,1025588.7972455479,ilheus-ISSQN,ilheus,ISSQN
2025-05-01,2025-05-01,1,2025-06-01,5018115.34229184,1859685.3177341039,1028773.7975900194,ilheus-ISSQN,ilheus,ISSQN
2025-05-01,2025-05-01,2,2025-07-01,5248927.023642473,2658779.2921995847,1028773.7975900194,ilheus-ISSQN,ilheus,ISSQN
2025-05-01,2025-05-01,3,2025-08-01,5721230.173206262,3378582.0785354665,1028773.7975900194,ilheus-ISSQN,ilheus,ISSQN
2025-05-01,2025-05-01,4,2025-09-01,6403331.52498959,4998143.66863573,1028773.7975900194,ilheus-ISSQN,ilheus,ISSQN
2025-05-01,2025-05-01,5,2025-10-01,6050380.013429479,2309704.782562352,1028773.7975900194,ilheus-ISSQN,ilheus,ISSQN
2025-05-01,2025-05-01,6,2025-11-01,7406094.559415126,2445793.037528497,1028773.7975900194,ilheus-ISSQN,ilheus,ISSQN
2025-05-01,2025-05-01,7,2025-12-01,11649189.87,4944449.540500177,1028773.7975900194,ilheus-ISSQN,ilheus,ISSQN
2025-06-01,2025-06-01,1,2025-07-01,5248927.023642473,3308926.5310784196,1042974.6424652522,ilheus-ISSQN,ilheus,ISSQN
2025-06-01,2025-06-01,2,2025-08-01,5721230.173206262,4028729.3174143024,1042974.6424652522,ilheus-ISSQN,ilheus,ISSQN
2025-06-01,2025-06-01,3,2025-09-01,6403331.52498959,5648290.907514566,1042974.6424652522,ilheus-ISSQN,ilheus,ISSQN
2025-06-01,2025-06-01,4,2025-10-01,6050380.013429479,2959852.0214411877,1042974.6424652522,ilheus-ISSQN,ilheus,ISSQN
2025-06-01,2025-06-01,5,2025-11-01,7406094.559415126,3095940.276407333,1042974.6424652522,ilheus-ISSQN,ilheus,ISSQN
2025-06-01,2025-06-01,6,2025-12-01,11649189.87,5594596.779379013,1042974.6424652522,ilheus-ISSQN,ilheus,ISSQN
2025-07-01,2025-07-01,1,2025-08-01,5721230.173206262,4287543.300844448,1051986.9309677433,ilheus-ISSQN,ilheus,ISSQN
2025-07-01,2025-07-01,2,2025-09-01,6403331.52498959,5907104.89094471,1051986.9309677433,ilheus-ISSQN,ilheus,ISSQN
2025-07-01,2025-07-01,3,2025-10-01,6050380.013429479,3218666.0048713326,1051986.9309677433,ilheus-ISSQN,ilheus,ISSQN
2025-07-01,2025-07-01,4,2025-11-01,7406094.559415126,3354754.259837478,1051986.9309677433,ilheus-ISSQN,ilheus,ISSQN
2025-07-01,2025-07-01,5,2025-12-01,11649189.87,5853410.762809157,1051986.9309677433,ilheus-ISSQN,ilheus,ISSQN
2025-08-01,2025-08-01,1,2025-09-01,6403331.52498959,6232128.797744423,1058710.2176273284,ilheus-ISSQN,ilheus,ISSQN
2025-08-01,2025-08-01,2,2025-10-01,6050380.013429479,3543689.9116710457,1058710.2176273284,ilheus-ISSQN,ilheus,ISSQN
2025-08-01,2025-08-01,3,2025-11-01,7406094.559415126,3679778.166637191,1058710.2176273284,ilheus-ISSQN,ilheus,ISSQN
2025-08-01,2025-08-01,4,2025-12-01,11649189.87,6178434.6696088705,1058710.2176273284,ilheus-ISSQN,ilheus,ISSQN
2025-09-01,2025-09-01,1,2025-10-01,6050380.013429479,3583141.286414184,1057306.0956404512,ilheus-ISSQN,ilheus,ISSQN
2025-09-01,2025-09-01,2,2025-11-01,7406094.559415126,3719229.5413803295,1057306.0956404512,ilheus-ISSQN,ilheus,ISSQN
2025-09-01,2025-09-01,3,2025-12-01,11649189.87,6217886.04435201,1057306.0956404512,ilheus-ISSQN,ilheus,ISSQN
2025-10-01,2025-10-01,1,2025-11-01,7406094.559415126,4017671.9480043272,1075718.0382170232,ilheus-ISSQN,ilheus,ISSQN
2025-10-01,2025-10-01,2,2025-12-01,11649189.87,6516328.450976007,1075718.0382170232,ilheus-ISSQN,ilheus,ISSQN
2025-11-01,2025-11-01,1,2025-12-01,11649189.87,6761861.396480082,1104069.4968092788,ilheus-ISSQN,ilheus,ISSQN
