origin,train_end,step,target_date,y_true,y_pred,insample_scale,serie,municipio,tributo
2020-12-01,2020-12-01,1,2021-01-01,69000723.36417782,73442065.22949617,10145027.427750492,salvador-IPTU,salvador,IPTU
2020-12-01,2020-12-01,2,2021-02-01,321045951.24377316,389839801.7736802,10145027.427750492,salvador-IPTU,salvador,IPTU
2020-12-01,2020-12-01,3,2021-03-01,127432294.82771966,77928631.81565449,10145027.427750492,salvador-IPTU,salvador,IPTU
2020-12-01,2020-12-01,4,2021-04-01,57077310.06476509,66837732.73937952,10145027.427750492,salvador-IPTU,salvador,IPTU
2020-12-01,2020-12-01,5,2021-05-01,62874566.758613415,64409900.95773122,10145027.427750492,salvador-IPTU,salvador,IPTU
2020-12-01,2020-12-01,6,2021-06-01,64970539.980599545,65850368.82419504,10145027.427750492,salvador-IPTU,salvador,IPTU
2020-12-01,2020-12-01,7,2021-07-01,59657057.5193954,72758132.8153346,10145027.427750492,salvador-IPTU,salvador,IPTU
2020-12-01,2020-12-01,8,2021-08-01,67559564.12545998,64864029.745215945,10145027.427750492,salvador-IPTU,salvador,IPTU
2020-12-01,2020-12-01,9,2021-09-01,59308358.66786285,65195362.722124554,10145027.427750492,salvador-IPTU,salvador,IPTU
2020-12-01,2020-12-01,10,2021-10-01,53898960.48452419,67745364.73825966,10145027.427750492,salvador-IPTU,salvador,IPTU
2020-12-01,2020-12-01,11,2021-11-01,55536055.336053334,68091472.34401453,10145027.427750492,salvador-IPTU,salvador,IPTU
2020-12-01,2020-12-01,12,2021-12-01,60702736.74751406,77793695.20123766,10145027.427750492,salvador-IPTU,salvador,IPTU
2021-01-01,2021-01-01,1,2021-02-01,321045951.24377316,389745154.6822612,9997872.250671698,salvador-IPTU,salvador,IPTU
2021-01-01,2021-01-01,2,2021-03-01,127432294.82771966,76614423.75973673,9997872.250671698,salvador-IPTU,salvador,IPTU
2021-01-01,2021-01-01,3,2021-04-01,57077310.06476509,64388966.907102786,9997872.250671698,salvador-IPTU,salvador,IPTU
2021-01-01,2021-01-01,4,2021-05-01,62874566.758613415,61777218.54937227,9997872.250671698,salvador-IPTU,salvador,IPTU
2021-01-01,2021-01-01,5,2021-06-01,64970539.980599545,63059329.03377997,9997872.250671698,salvador-IPTU,salvador,IPTU
2021-01-01,2021-01-01,6,2021-07-01,59657057.5193954,69530735.7628854,9997872.250671698,salvador-IPTU,salvador,IPTU
2021-01-01,2021-01-01,7,2021-08-01,67559564.12545998,61195243.16684673,9997872.250671698,salvador-IPTU,salvador,IPTU
2021-01-01,2021-01-01,8,2021-09-01,59308358.66786285,61511436.57849642,9997872.250671698,salvador-IPTU,salvador,IPTU
2021-01-01,2021-01-01,9,2021-10-01,53898960.48452419,64645866.21244853,9997872.250671698,salvador-IPTU,salvador,IPTU
2021-01-01,2021-01-01,10,2021-11-01,55536055.336053334,63851770.050661944,9997872.250671698,salvador-IPTU,salvador,IPTU
2021-01-01,2021-01-01,11,2021-12-01,60702736.74751406,73563490.30151354,9997872.250671698,salvador-IPTU,salvador,IPTU
2021-01-01,2021-01-01,12,2022-01-01,65044094.43652048,72985192.22829375,9997872.250671698,salvador-IPTU,salvador,IPTU
2021-02-01,2021-02-01,1,2021-03-01,127432294.82771966,74994656.86967346,9942045.743510159,salvador-IPTU,salvador,IPTU
2021-02-01,2021-02-01,2,2021-04-01,57077310.06476509,62180777.81869507,9942045.743510159,salvador-IPTU,salvador,IPTU
2021-02-01,2021-02-01,3,2021-05-01,62874566.758613415,60951450.38551892,9942045.743510159,salvador-IPTU,salvador,IPTU
2021-02-01,2021-02-01,4,2021-06-01,64970539.980599545,60982129.456170775,9942045.743510159,salvador-IPTU,salvador,IPTU
2021-02-01,2021-02-01,5,2021-07-01,59657057.5193954,67266346.07782534,9942045.743510159,salvador-IPTU,salvador,IPTU
2021-02-01,2021-02-01,6,2021-08-01,67559564.12545998,60326039.515546724,9942045.743510159,salvador-IPTU,salvador,IPTU
2021-02-01,2021-02-01,7,2021-09-01,59308358.66786285,59185081.54921307,9942045.743510159,salvador-IPTU,salvador,IPTU
2021-02-01,2021-02-01,8,2021-10-01,53898960.48452419,62703255.52626641,9942045.743510159,salvador-IPTU,salvador,IPTU
2021-02-01,2021-02-01,9,2021-11-01,55536055.336053334,62330828.585243754,9942045.743510159,salvador-IPTU,salvador,IPTU
2021-02-01,2021-02-01,10,2021-12-01,60702736.74751406,70667685.37244402,9942045.743510159,salvador-IPTU,salvador,IPTU
2021-02-01,2021-02-01,11,2022-01-01,65044094.43652048,68756566.71876712,9942045.743510159,salvador-IPTU,salvador,IPTU
2021-02-01,2021-02-01,12,2022-02-01,287530945.4916237,364991854.7159262,9942045.743510159,salvador-IPTU,salvador,IPTU
2021-03-01,2021-03-01,1,2021-04-01,57077310.06476509,70370362.35169451,10736377.263564026,salvador-IPTU,salvador,IPTU
2021-03-01,2021-03-01,2,2021-05-01,62874566.758613415,67505928.83018208,10736377.263564026,salvador-IPTU,salvador,IPTU
2021-03-01,2021-03-01,3,2021-06-01,64970539.980599545,66807920.8809429,10736377.263564026,salvador-IPTU,salvador,IPTU
2021-03-01,2021-03-01,4,2021-07-01,59657057.5193954,75586303.0016466,10736377.263564026,salvador-IPTU,salvador,IPTU
2021-03-01,2021-03-01,5,2021-08-01,67559564.12545998,66154237.53805387,10736377.263564026,salvador-IPTU,salvador,IPTU
2021-03-01,2021-03-01,6,2021-09-01,59308358.66786285,65305024.32698688,10736377.263564026,salvador-IPTU,salvador,IPTU
2021-03-01,2021-03-01,7,2021-10-01,53898960.48452419,68126030.77383891,10736377.263564026,salvador-IPTU,salvador,IPTU
2021-03-01,2021-03-01,8,2021-11-01,55536055.336053334,68324574.05449992,10736377.263564026,salvador-IPTU,salvador,IPTU
2021-03-01,2021-03-01,9,2021-12-01,60702736.74751406,77440418.79050215,10736377.263564026,salvador-IPTU,salvador,IPTU
2021-03-01,2021-03-01,10,2022-01-01,65044094.43652048,76926372.67811272,10736377.263564026,salvador-IPTU,salvador,IPTU
2021-03-01,2021-03-01,11,2022-02-01,287530945.4916237,398169888.2797769,10736377.263564026,salvador-IPTU,salvador,IPTU
2021-03-01,2021-03-01,12,2022-03-01,123924826.15024877,87722981.8644372,10736377.263564026,salvador-IPTU,salvador,IPTU
2021-04-01,2021-04-01,1,2021-05-01,62874566.758613415,63721192.87391438,10751307.212843925,salvador-IPTU,salvador,IPTU
2021-04-01,2021-04-01,2,2021-06-01,64970539.980599545,65285912.89512815,10751307.212843925,salvador-IPTU,salvador,IPTU
2021-04-01,2021-04-01,3,2021-07-01,59657057.5193954,69894966.2612471,10751307.212843925,salvador-IPTU,salvador,IPTU
2021-04-01,2021-04-01,4,2021-08-01,67559564.12545998,65002227.94713694,10751307.212843925,salvador-IPTU,salvador,IPTU
2021-04-01,2021-04-01,5,2021-09-01,59308358.66786285,66877339.6684694,10751307.212843925,salvador-IPTU,salvador,IPTU
2021-04-01,2021-04-01,6,2021-10-01,53898960.48452419,65784491.64719186,10751307.212843925,salvador-IPTU,salvador,IPTU
2021-04-01,2021-04-01,7,2021-11-01,55536055.336053334,66127276.18486334,10751307.212843925,salvador-IPTU,salvador,IPTU
2021-04-01,2021-04-01,8,2021-12-01,60702736.74751406,74411325.52318075,10751307.212843925,salvador-IPTU,salvador,IPTU
2021-04-01,2021-04-01,9,2022-01-01,65044094.43652048,74467459.24358767,10751307.212843925,salvador-IPTU,salvador,IPTU
2021-04-01,2021-04-01,10,2022-02-01,287530945.4916237,383822387.395298,10751307.212843925,salvador-IPTU,salvador,IPTU
2021-04-01,2021-04-01,11,2022-03-01,123924826.15024877,80022803.66251642,10751307.212843925,salvador-IPTU,salvador,IPTU
2021-04-01,2021-04-01,12,2022-04-01,61648619.59981778,66022584.02447191,10751307.212843925,salvador-IPTU,salvador,IPTU
2021-05-01,2021-05-01,1,2021-06-01,64970539.980599545,63462578.17881577,10815207.936321974,salvador-IPTU,salvador,IPTU
2021-05-01,2021-05-01,2,2021-07-01,59657057.5193954,70563403.71710382,10815207.936321974,salvador-IPTU,salvador,IPTU
2021-05-01,2021-05-01,3,2021-08-01,67559564.12545998,62994511.92764187,10815207.936321974,salvador-IPTU,salvador,IPTU
2021-05-01,2021-05-01,4,2021-09-01,59308358.66786285,62191028.43745224,10815207.936321974,salvador-IPTU,salvador,IPTU
2021-05-01,2021-05-01,5,2021-10-01,53898960.48452419,63625054.818328306,10815207.936321974,salvador-IPTU,salvador,IPTU
2021-05-01,2021-05-01,6,2021-11-01,55536055.336053334,64200310.50992378,10815207.936321974,salvador-IPTU,salvador,IPTU
2021-05-01,2021-05-01,7,2021-12-01,60702736.74751406,73925957.8582012,10815207.936321974,salvador-IPTU,salvador,IPTU
2021-05-01,2021-05-01,8,2022-01-01,65044094.43652048,71968992.17021827,10815207.936321974,salvador-IPTU,salvador,IPTU
2021-05-01,2021-05-01,9,2022-02-01,287530945.4916237,377563017.7287506,10815207.936321974,salvador-IPTU,salvador,IPTU
2021-05-01,2021-05-01,10,2022-03-01,123924826.15024877,84004360.89393266,10815207.936321974,salvador-IPTU,salvador,IPTU
2021-05-01,2021-05-01,11,2022-04-01,61648619.59981778,64763940.47589792,10815207.936321974,salvador-IPTU,salvador,IPTU
2021-05-01,2021-05-01,12,2022-05-01,68259379.93383087,62885870.15948981,10815207.936321974,salvador-IPTU,salvador,IPTU
2021-06-01,2021-06-01,1,2021-07-01,59657057.5193954,71460862.53363712,10818447.263454236,salvador-IPTU,salvador,IPTU
2021-06-01,2021-06-01,2,2021-08-01,67559564.12545998,62902503.70537961,10818447.263454236,salvador-IPTU,salvador,IPTU
2021-06-01,2021-06-01,3,2021-09-01,59308358.66786285,62817362.11188522,10818447.263454236,salvador-IPTU,salvador,IPTU
2021-06-01,2021-06-01,4,2021-10-01,53898960.48452419,66065359.736448,10818447.263454236,salvador-IPTU,salvador,IPTU
2021-06-01,2021-06-01,5,2021-11-01,55536055.336053334,64337964.008044064,10818447.263454236,salvador-IPTU,salvador,IPTU
2021-06-01,2021-06-01,6,2021-12-01,60702736.74751406,74199258.95975988,10818447.263454236,salvador-IPTU,salvador,IPTU
2021-06-01,2021-06-01,7,2022-01-01,65044094.43652048,73620042.62372346,10818447.263454236,salvador-IPTU,salvador,IPTU
2021-06-01,2021-06-01,8,2022-02-01,287530945.4916237,387407521.9681879,10818447.263454236,salvador-IPTU,salvador,IPTU
2021-06-01,2021-06-01,9,2022-03-01,123924826.15024877,83854095.6471676,10818447.263454236,salvador-IPTU,salvador,IPTU
2021-06-01,2021-06-01,10,2022-04-01,61648619.59981778,65206456.68700412,10818447.263454236,salvador-IPTU,salvador,IPTU
2021-06-01,2021-06-01,11,2022-05-01,68259379.93383087,64515442.58140674,10818447.263454236,salvador-IPTU,salvador,IPTU
2021-06-01,2021-06-01,12,2022-06-01,60097620.00360337,64757974.92221554,10818447.263454236,salvador-IPTU,salvador,IPTU
2021-07-01,2021-07-01,1,2021-08-01,67559564.12545998,61547316.48068614,10717224.05574527,salvador-IPTU,salvador,IPTU
2021-07-01,2021-07-01,2,2021-09-01,59308358.66786285,61778580.44777801,10717224.05574527,salvador-IPTU,salvador,IPTU
2021-07-01,2021-07-01,3,2021-10-01,53898960.48452419,63713548.38009327,10717224.05574527,salvador-IPTU,salvador,IPTU
2021-07-01,2021-07-01,4,2021-11-01,55536055.336053334,65577376.472625725,10717224.05574527,salvador-IPTU,salvador,IPTU
2021-07-01,2021-07-01,5,2021-12-01,60702736.74751406,78060776.83419958,10717224.05574527,salvador-IPTU,salvador,IPTU
2021-07-01,2021-07-01,6,2022-01-01,65044094.43652048,72100540.75845489,10717224.05574527,salvador-IPTU,salvador,IPTU
2021-07-01,2021-07-01,7,2022-02-01,287530945.4916237,370785071.1812991,10717224.05574527,salvador-IPTU,salvador,IPTU
2021-07-01,2021-07-01,8,2022-03-01,123924826.15024877,78092704.44496731,10717224.05574527,salvador-IPTU,salvador,IPTU
2021-07-01,2021-07-01,9,2022-04-01,61648619.59981778,63305804.864928156,10717224.05574527,salvador-IPTU,salvador,IPTU
2021-07-01,2021-07-01,10,2022-05-01,68259379.93383087,61362847.37277484,10717224.05574527,salvador-IPTU,salvador,IPTU
2021-07-01,2021-07-01,11,2022-06-01,60097620.00360337,62864647.473136604,10717224.05574527,salvador-IPTU,salvador,IPTU
2021-07-01,2021-07-01,12,2022-07-01,66773806.91903504,68393267.77163653,10717224.05574527,salvador-IPTU,salvador,IPTU
2021-08-01,2021-08-01,1,2021-09-01,59308358.66786285,62980414.81127248,10827376.208947297,salvador-IPTU,salvador,IPTU
2021-08-01,2021-08-01,2,2021-10-01,53898960.48452419,63934143.45233526,10827376.208947297,salvador-IPTU,salvador,IPTU
2021-08-01,2021-08-01,3,2021-11-01,55536055.336053334,64777477.21199719,10827376.208947297,salvador-IPTU,salvador,IPTU
2021-08-01,2021-08-01,4,2021-12-01,60702736.74751406,74027257.99826652,10827376.208947297,salvador-IPTU,salvador,IPTU
2021-08-01,2021-08-01,5,2022-01-01,65044094.43652048,71840197.12984303,10827376.208947297,salvador-IPTU,salvador,IPTU
2021-08-01,2021-08-01,6,2022-02-01,287530945.4916237,382406879.11691153,10827376.208947297,salvador-IPTU,salvador,IPTU
2021-08-01,2021-08-01,7,2022-03-01,123924826.15024877,83167832.96071549,10827376.208947297,salvador-IPTU,salvador,IPTU
2021-08-01,2021-08-01,8,2022-04-01,61648619.59981778,64618390.5832969,10827376.208947297,salvador-IPTU,salvador,IPTU
2021-08-01,2021-08-01,9,2022-05-01,68259379.93383087,63541279.06117265,10827376.208947297,salvador-IPTU,salvador,IPTU
2021-08-01,2021-08-01,10,2022-06-01,60097620.00360337,63974116.29008937,10827376.208947297,salvador-IPTU,salvador,IPTU
2021-08-01,2021-08-01,11,2022-07-01,66773806.91903504,68610713.09929644,10827376.208947297,salvador-IPTU,salvador,IPTU
2021-08-01,2021-08-01,12,2022-08-01,66532703.77148832,63318481.40704202,10827376.208947297,salvador-IPTU,salvador,IPTU
2021-09-01,2021-09-01,1,2021-10-01,53898960.48452419,67613344.68966416,10788648.64640075,salvador-IPTU,salvador,IPTU
2021-09-01,2021-09-01,2,2021-11-01,55536055.336053334,67976582.63037807,10788648.64640075,salvador-IPTU,salvador,IPTU
2021-09-01,2021-09-01,3,2021-12-01,60702736.74751406,77502050.5206675,10788648.64640075,salvador-IPTU,salvador,IPTU
2021-09-01,2021-09-01,4,2022-01-01,65044094.43652048,77281673.59225518,10788648.64640075,salvador-IPTU,salvador,IPTU
2021-09-01,2021-09-01,5,2022-02-01,287530945.4916237,402636898.114084,10788648.64640075,salvador-IPTU,salvador,IPTU
2021-09-01,2021-09-01,6,2022-03-01,123924826.15024877,90914738.57166217,10788648.64640075,salvador-IPTU,salvador,IPTU
2021-09-01,2021-09-01,7,2022-04-01,61648619.59981778,69806844.50065972,10788648.64640075,salvador-IPTU,salvador,IPTU
2021-09-01,2021-09-01,8,2022-05-01,68259379.93383087,67993508.99163084,10788648.64640075,salvador-IPTU,salvador,IPTU
2021-09-01,2021-09-01,9,2022-06-01,60097620.00360337,69732857.25114533,10788648.64640075,salvador-IPTU,salvador,IPTU
2021-09-01,2021-09-01,10,2022-07-01,66773806.91903504,74565595.61757627,10788648.64640075,salvador-IPTU,salvador,IPTU
2021-09-01,2021-09-01,11,2022-08-01,66532703.77148832,69083598.29874577,10788648.64640075,salvador-IPTU,salvador,IPTU
2021-09-01,2021-09-01,12,2022-09-01,65121867.4887068,68394680.80852236,10788648.64640075,salvador-IPTU,salvador,IPTU
2021-10-01,2021-10-01,1,2021-11-01,55536055.336053334,66996041.659945555,11072610.35444577,salvador-IPTU,salvador,IPTU
2021-10-01,2021-10-01,2,2021-12-01,60702736.74751406,76372674.17960387,11072610.35444577,salvador-IPTU,salvador,IPTU
2021-10-01,2021-10-01,3,2022-01-01,65044094.43652048,76300583.66475028,11072610.35444577,salvador-IPTU,salvador,IPTU
2021-10-01,2021-10-01,4,2022-02-01,287530945.4916237,397211751.0133508,11072610.35444577,salvador-IPTU,salvador,IPTU
2021-10-01,2021-10-01,5,2022-03-01,123924826.15024877,89478864.31686594,11072610.35444577,salvador-IPTU,salvador,IPTU
2021-10-01,2021-10-01,6,2022-04-01,61648619.59981778,68353860.29244332,11072610.35444577,salvador-IPTU,salvador,IPTU
2021-10-01,2021-10-01,7,2022-05-01,68259379.93383087,67164529.57759929,11072610.35444577,salvador-IPTU,salvador,IPTU
2021-10-01,2021-10-01,8,2022-06-01,60097620.00360337,69066964.01499619,11072610.35444577,salvador-IPTU,salvador,IPTU
2021-10-01,2021-10-01,9,2022-07-01,66773806.91903504,74459389.57461883,11072610.35444577,salvador-IPTU,salvador,IPTU
2021-10-01,2021-10-01,10,2022-08-01,66532703.77148832,68510232.72746594,11072610.35444577,salvador-IPTU,salvador,IPTU
2021-10-01,2021-10-01,11,2022-09-01,65121867.4887068,67210523.51730445,11072610.35444577,salvador-IPTU,salvador,IPTU
2021-10-01,2021-10-01,12,2022-10-01,63488690.92613522,68582339.55164091,11072610.35444577,salvador-IPTU,salvador,IPTU
2021-11-01,2021-11-01,1,2021-12-01,60702736.74751406,72941184.63547584,11333926.390600452,salvador-IPTU,salvador,IPTU
2021-11-01,2021-11-01,2,2022-01-01,65044094.43652048,68379358.12989998,11333926.390600452,salvador-IPTU,salvador,IPTU
2021-11-01,2021-11-01,3,2022-02-01,287530945.4916237,351405521.09777474,11333926.390600452,salvador-IPTU,salvador,IPTU
2021-11-01,2021-11-01,4,2022-03-01,123924826.15024877,78107573.15962438,11333926.390600452,salvador-IPTU,salvador,IPTU
2021-11-01,2021-11-01,5,2022-04-01,61648619.59981778,63526468.4218088,11333926.390600452,salvador-IPTU,salvador,IPTU
2021-11-01,2021-11-01,6,2022-05-01,68259379.93383087,61268577.50373789,11333926.390600452,salvador-IPTU,salvador,IPTU
2021-11-01,2021-11-01,7,2022-06-01,60097620.00360337,61334705.504629515,11333926.390600452,salvador-IPTU,salvador,IPTU
2021-11-01,2021-11-01,8,2022-07-01,66773806.91903504,65693926.319347516,11333926.390600452,salvador-IPTU,salvador,IPTU
2021-11-01,2021-11-01,9,2022-08-01,66532703.77148832,60884833.07540468,11333926.390600452,salvador-IPTU,salvador,IPTU
2021-11-01,2021-11-01,10,2022-09-01,65121867.4887068,58523513.07444247,11333926.390600452,salvador-IPTU,salvador,IPTU
2021-11-01,2021-11-01,11,2022-10-01,63488690.92613522,60461839.4759537,11333926.390600452,salvador-IPTU,salvador,IPTU
2021-11-01,2021-11-01,12,2022-11-01,66039562.927257076,58809554.69743112,11333926.390600452,salvador-IPTU,salvador,IPTU
2021-12-01,2021-12-01,1,2022-01-01,65044094.43652048,67149598.43125091,11571991.169759918,salvador-IPTU,salvador,IPTU
2021-12-01,2021-12-01,2,2022-02-01,287530945.4916237,348385709.1621378,11571991.169759918,salvador-IPTU,salvador,IPTU
2021-12-01,2021-12-01,3,2022-03-01,123924826.15024877,77283615.34871486,11571991.169759918,salvador-IPTU,salvador,IPTU
2021-12-01,2021-12-01,4,2022-04-01,61648619.59981778,61057863.995238945,11571991.169759918,salvador-IPTU,salvador,IPTU
2021-12-01,2021-12-01,5,2022-05-01,68259379.93383087,58872201.37784331,11571991.169759918,salvador-IPTU,salvador,IPTU
2021-12-01,2021-12-01,6,2022-06-01,60097620.00360337,59401241.549592435,11571991.169759918,salvador-IPTU,salvador,IPTU
2021-12-01,2021-12-01,7,2022-07-01,66773806.91903504,63897430.926576495,11571991.169759918,salvador-IPTU,salvador,IPTU
2021-12-01,2021-12-01,8,2022-08-01,66532703.77148832,59130568.07383674,11571991.169759918,salvador-IPTU,salvador,IPTU
2021-12-01,2021-12-01,9,2022-09-01,65121867.4887068,60283502.362856165,11571991.169759918,salvador-IPTU,salvador,IPTU
2021-12-01,2021-12-01,10,2022-10-01,63488690.92613522,58539993.85048059,11571991.169759918,salvador-IPTU,salvador,IPTU
2021-12-01,2021-12-01,11,2022-11-01,66039562.927257076,57758891.4340162,11571991.169759918,salvador-IPTU,salvador,IPTU
2021-12-01,2021-12-01,12,2022-12-01,64797642.90815615,65857784.30956778,11571991.169759918,salvador-IPTU,salvador,IPTU
2022-01-01,2022-01-01,1,2022-02-01,287530945.4916237,348166810.08548224,11467671.139046185,salvador-IPTU,salvador,IPTU
2022-01-01,2022-01-01,2,2022-03-01,123924826.15024877,77575288.00110422,11467671.139046185,salvador-IPTU,salvador,IPTU
2022-01-01,2022-01-01,3,2022-04-01,61648619.59981778,60682373.1754278,11467671.139046185,salvador-IPTU,salvador,IPTU
2022-01-01,2022-01-01,4,2022-05-01,68259379.93383087,59067593.764866635,11467671.139046185,salvador-IPTU,salvador,IPTU
2022-01-01,2022-01-01,5,2022-06-01,60097620.00360337,59625317.549667455,11467671.139046185,salvador-IPTU,salvador,IPTU
2022-01-01,2022-01-01,6,2022-07-01,66773806.91903504,64907538.8177283,11467671.139046185,salvador-IPTU,salvador,IPTU
2022-01-01,2022-01-01,7,2022-08-01,66532703.77148832,59539803.49729624,11467671.139046185,salvador-IPTU,salvador,IPTU
2022-01-01,2022-01-01,8,2022-09-01,65121867.4887068,58575997.15179496,11467671.139046185,salvador-IPTU,salvador,IPTU
2022-01-01,2022-01-01,9,2022-10-01,63488690.92613522,58339348.99126487,11467671.139046185,salvador-IPTU,salvador,IPTU
2022-01-01,2022-01-01,10,2022-11-01,66039562.927257076,59799408.67622518,11467671.139046185,salvador-IPTU,salvador,IPTU
2022-01-01,2022-01-01,11,2022-12-01,64797642.90815615,66929120.846968114,11467671.139046185,salvador-IPTU,salvador,IPTU
2022-01-01,2022-01-01,12,2023-01-01,71842672.13965991,66798171.868671544,11467671.139046185,salvador-IPTU,salvador,IPTU
2022-02-01,2022-02-01,1,2022-03-01,123924826.15024877,68333355.50196815,11765608.09327731,salvador-IPTU,salvador,IPTU
2022-02-01,2022-02-01,2,2022-04-01,61648619.59981778,56614224.65501158,11765608.09327731,salvador-IPTU,salvador,IPTU
2022-02-01,2022-02-01,3,2022-05-01,68259379.93383087,54882022.82321889,11765608.09327731,salvador-IPTU,salvador,IPTU
2022-02-01,2022-02-01,4,2022-06-01,60097620.00360337,55678341.45180759,11765608.09327731,salvador-IPTU,salvador,IPTU
2022-02-01,2022-02-01,5,2022-07-01,66773806.91903504,60713716.415526114,11765608.09327731,salvador-IPTU,salvador,IPTU
2022-02-01,2022-02-01,6,2022-08-01,66532703.77148832,55993896.78605213,11765608.09327731,salvador-IPTU,salvador,IPTU
2022-02-01,2022-02-01,7,2022-09-01,65121867.4887068,54690688.081164174,11765608.09327731,salvador-IPTU,salvador,IPTU
2022-02-01,2022-02-01,8,2022-10-01,63488690.92613522,55286926.42072216,11765608.09327731,salvador-IPTU,salvador,IPTU
2022-02-01,2022-02-01,9,2022-11-01,66039562.927257076,55924332.78057329,11765608.09327731,salvador-IPTU,salvador,IPTU
2022-02-01,2022-02-01,10,2022-12-01,64797642.90815615,64255571.09264747,11765608.09327731,salvador-IPTU,salvador,IPTU
2022-02-01,2022-02-01,11,2023-01-01,71842672.13965991,62578880.63439301,11765608.09327731,salvador-IPTU,salvador,IPTU
2022-02-01,2022-02-01,12,2023-02-01,312279669.4451977,317911515.2133154,11765608.09327731,salvador-IPTU,salvador,IPTU
2022-03-01,2022-03-01,1,2022-04-01,61648619.59981778,64327419.74671197,11655499.567733224,salvador-IPTU,salvador,IPTU
2022-03-01,2022-03-01,2,2022-05-01,68259379.93383087,63018121.68424797,11655499.567733224,salvador-IPTU,salvador,IPTU
2022-03-01,2022-03-01,3,2022-06-01,60097620.00360337,64262884.34857043,11655499.567733224,salvador-IPTU,salvador,IPTU
2022-03-01,2022-03-01,4,2022-07-01,66773806.91903504,67504415.69321646,11655499.567733224,salvador-IPTU,salvador,IPTU
2022-03-01,2022-03-01,5,2022-08-01,66532703.77148832,63273205.322173,11655499.567733224,salvador-IPTU,salvador,IPTU
2022-03-01,2022-03-01,6,2022-09-01,65121867.4887068,62456619.93552374,11655499.567733224,salvador-IPTU,salvador,IPTU
2022-03-01,2022-03-01,7,2022-10-01,63488690.92613522,63451500.850354984,11655499.567733224,salvador-IPTU,salvador,IPTU
2022-03-01,2022-03-01,8,2022-11-01,66039562.927257076,64153946.52208871,11655499.567733224,salvador-IPTU,salvador,IPTU
2022-03-01,2022-03-01,9,2022-12-01,64797642.90815615,70640686.61723758,11655499.567733224,salvador-IPTU,salvador,IPTU
2022-03-01,2022-03-01,10,2023-01-01,71842672.13965991,71437047.06204231,11655499.567733224,salvador-IPTU,salvador,IPTU
2022-03-01,2022-03-01,11,2023-02-01,312279669.4451977,365479581.2378099,11655499.567733224,salvador-IPTU,salvador,IPTU
2022-03-01,2022-03-01,12,2023-03-01,85661910.80764559,87590690.52803183,11655499.567733224,salvador-IPTU,salvador,IPTU
2022-04-01,2022-04-01,1,2022-05-01,68259379.93383087,62281995.17339409,11562286.540987426,salvador-IPTU,salvador,IPTU
2022-04-01,2022-04-01,2,2022-06-01,60097620.00360337,63535524.93835508,11562286.540987426,salvador-IPTU,salvador,IPTU
2022-04-01,2022-04-01,3,2022-07-01,66773806.91903504,67753999.0922569,11562286.540987426,salvador-IPTU,salvador,IPTU
2022-04-01,2022-04-01,4,2022-08-01,66532703.77148832,62556533.456338264,11562286.540987426,salvador-IPTU,salvador,IPTU
2022-04-01,2022-04-01,5,2022-09-01,65121867.4887068,61509610.70843447,11562286.540987426,salvador-IPTU,salvador,IPTU
2022-04-01,2022-04-01,6,2022-10-01,63488690.92613522,62176148.99456985,11562286.540987426,salvador-IPTU,salvador,IPTU
2022-04-01,2022-04-01,7,2022-11-01,66039562.927257076,62779182.218789354,11562286.540987426,salvador-IPTU,salvador,IPTU
2022-04-01,2022-04-01,8,2022-12-01,64797642.90815615,70189013.98251049,11562286.540987426,salvador-IPTU,salvador,IPTU
2022-04-01,2022-04-01,9,2023-01-01,71842672.13965991,70746885.94259778,11562286.540987426,salvador-IPTU,salvador,IPTU
2022-04-01,2022-04-01,10,2023-02-01,312279669.4451977,360597089.7460462,11562286.540987426,salvador-IPTU,salvador,IPTU
2022-04-01,2022-04-01,11,2023-03-01,85661910.80764559,87117599.73884667,11562286.540987426,salvador-IPTU,salvador,IPTU
2022-04-01,2022-04-01,12,2023-04-01,68003023.29737547,63468844.382742606,11562286.540987426,salvador-IPTU,salvador,IPTU
2022-05-01,2022-05-01,1,2022-06-01,60097620.00360337,67743183.34745687,11482059.614159247,salvador-IPTU,salvador,IPTU
2022-05-01,2022-05-01,2,2022-07-01,66773806.91903504,72984375.53845038,11482059.614159247,salvador-IPTU,salvador,IPTU
2022-05-01,2022-05-01,3,2022-08-01,66532703.77148832,67532689.56910999,11482059.614159247,salvador-IPTU,salvador,IPTU
2022-05-01,2022-05-01,4,2022-09-01,65121867.4887068,66596729.74368426,11482059.614159247,salvador-IPTU,salvador,IPTU
2022-05-01,2022-05-01,5,2022-10-01,63488690.92613522,67195604.99586017,11482059.614159247,salvador-IPTU,salvador,IPTU
2022-05-01,2022-05-01,6,2022-11-01,66039562.927257076,67863307.4038848,11482059.614159247,salvador-IPTU,salvador,IPTU
2022-05-01,2022-05-01,7,2022-12-01,64797642.90815615,77805332.04053944,11482059.614159247,salvador-IPTU,salvador,IPTU
2022-05-01,2022-05-01,8,2023-01-01,71842672.13965991,77875510.66095476,11482059.614159247,salvador-IPTU,salvador,IPTU
2022-05-01,2022-05-01,9,2023-02-01,312279669.4451977,400137114.9718902,11482059.614159247,salvador-IPTU,salvador,IPTU
2022-05-01,2022-05-01,10,2023-03-01,85661910.80764559,95855526.7850483,11482059.614159247,salvador-IPTU,salvador,IPTU
2022-05-01,2022-05-01,11,2023-04-01,68003023.29737547,70741497.2686735,11482059.614159247,salvador-IPTU,salvador,IPTU
2022-05-01,2022-05-01,12,2023-05-01,80927117.99548042,70413829.01552771,11482059.614159247,salvador-IPTU,salvador,IPTU
2022-06-01,2022-06-01,1,2022-07-01,66773806.91903504,72486649.00288245,11397327.054708438,salvador-IPTU,salvador,IPTU
2022-06-01,2022-06-01,2,2022-08-01,66532703.77148832,67093631.74217616,11397327.054708438,salvador-IPTU,salvador,IPTU
2022-06-01,2022-06-01,3,2022-09-01,65121867.4887068,65926107.67928359,11397327.054708438,salvador-IPTU,salvador,IPTU
2022-06-01,2022-06-01,4,2022-10-01,63488690.92613522,67444285.11276732,11397327.054708438,salvador-IPTU,salvador,IPTU
2022-06-01,2022-06-01,5,2022-11-01,66039562.927257076,68007789.96625419,11397327.054708438,salvador-IPTU,salvador,IPTU
2022-06-01,2022-06-01,6,2022-12-01,64797642.90815615,77342790.755098,11397327.054708438,salvador-IPTU,salvador,IPTU
2022-06-01,2022-06-01,7,2023-01-01,71842672.13965991,77764600.99758275,11397327.054708438,salvador-IPTU,salvador,IPTU
2022-06-01,2022-06-01,8,2023-02-01,312279669.4451977,398399369.1272266,11397327.054708438,salvador-IPTU,salvador,IPTU
2022-06-01,2022-06-01,9,2023-03-01,85661910.80764559,95425753.37572531,11397327.054708438,salvador-IPTU,salvador,IPTU
2022-06-01,2022-06-01,10,2023-04-01,68003023.29737547,70250723.0293227,11397327.054708438,salvador-IPTU,salvador,IPTU
2022-06-01,2022-06-01,11,2023-05-01,80927117.99548042,69824077.35184346,11397327.054708438,salvador-IPTU,salvador,IPTU
2022-06-01,2022-06-01,12,2023-06-01,69943842.947167,69934544.20965315,11397327.054708438,salvador-IPTU,salvador,IPTU
2022-07-01,2022-07-01,1,2022-08-01,66532703.77148832,61895807.478907906,11343142.527429085,salvador-IPTU,salvador,IPTU
2022-07-01,2022-07-01,2,2022-09-01,65121867.4887068,60437373.236378506,11343142.527429085,salvador-IPTU,salvador,IPTU
2022-07-01,2022-07-01,3,2022-10-01,63488690.92613522,60896157.82224044,11343142.527429085,salvador-IPTU,salvador,IPTU
2022-07-01,2022-07-01,4,2022-11-01,66039562.927257076,61916209.218000025,11343142.527429085,salvador-IPTU,salvador,IPTU
2022-07-01,2022-07-01,5,2022-12-01,64797642.90815615,69958670.71061428,11343142.527429085,salvador-IPTU,salvador,IPTU
2022-07-01,2022-07-01,6,2023-01-01,71842672.13965991,69700759.73298053,11343142.527429085,salvador-IPTU,salvador,IPTU
2022-07-01,2022-07-01,7,2023-02-01,312279669.4451977,358546652.82855153,11343142.527429085,salvador-IPTU,salvador,IPTU
2022-07-01,2022-07-01,8,2023-03-01,85661910.80764559,85923928.03904803,11343142.527429085,salvador-IPTU,salvador,IPTU
2022-07-01,2022-07-01,9,2023-04-01,68003023.29737547,63053958.59147872,11343142.527429085,salvador-IPTU,salvador,IPTU
2022-07-01,2022-07-01,10,2023-05-01,80927117.99548042,61918019.568666644,11343142.527429085,salvador-IPTU,salvador,IPTU
2022-07-01,2022-07-01,11,2023-06-01,69943842.947167,62199453.136049844,11343142.527429085,salvador-IPTU,salvador,IPTU
2022-07-01,2022-07-01,12,2023-07-01,68426714.10914947,68165762.28858434,11343142.527429085,salvador-IPTU,salvador,IPTU
2022-08-01,2022-08-01,1,2022-09-01,65121867.4887068,62021748.27046272,11214189.000260867,salvador-IPTU,salvador,IPTU
2022-08-01,2022-08-01,2,2022-10-01,63488690.92613522,61883750.63195026,11214189.000260867,salvador-IPTU,salvador,IPTU
2022-08-01,2022-08-01,3,2022-11-01,66039562.927257076,62241736.82111057,11214189.000260867,salvador-IPTU,salvador,IPTU
2022-08-01,2022-08-01,4,2022-12-01,64797642.90815615,74417520.56318556,11214189.000260867,salvador-IPTU,salvador,IPTU
2022-08-01,2022-08-01,5,2023-01-01,71842672.13965991,69982537.55485901,11214189.000260867,salvador-IPTU,salvador,IPTU
2022-08-01,2022-08-01,6,2023-02-01,312279669.4451977,357792293.2076407,11214189.000260867,salvador-IPTU,salvador,IPTU
2022-08-01,2022-08-01,7,2023-03-01,85661910.80764559,84373066.70227169,11214189.000260867,salvador-IPTU,salvador,IPTU
2022-08-01,2022-08-01,8,2023-04-01,68003023.29737547,63930980.94177954,11214189.000260867,salvador-IPTU,salvador,IPTU
2022-08-01,2022-08-01,9,2023-05-01,80927117.99548042,61655351.76684433,11214189.000260867,salvador-IPTU,salvador,IPTU
2022-08-01,2022-08-01,10,2023-06-01,69943842.947167,62925311.41811003,11214189.000260867,salvador-IPTU,salvador,IPTU
2022-08-01,2022-08-01,11,2023-07-01,68426714.10914947,69591281.67781478,11214189.000260867,salvador-IPTU,salvador,IPTU
2022-08-01,2022-08-01,12,2023-08-01,71716634.04572195,62957345.39114681,11214189.000260867,salvador-IPTU,salvador,IPTU
2022-09-01,2022-09-01,1,2022-10-01,63488690.92613522,63163608.94269132,11147513.936317448,salvador-IPTU,salvador,IPTU
2022-09-01,2022-09-01,2,2022-11-01,66039562.927257076,64340002.585501656,11147513.936317448,salvador-IPTU,salvador,IPTU
2022-09-01,2022-09-01,3,2022-12-01,64797642.90815615,72444885.64236796,11147513.936317448,salvador-IPTU,salvador,IPTU
2022-09-01,2022-09-01,4,2023-01-01,71842672.13965991,71096351.96908766,11147513.936317448,salvador-IPTU,salvador,IPTU
2022-09-01,2022-09-01,5,2023-02-01,312279669.4451977,362129941.5942117,11147513.936317448,salvador-IPTU,salvador,IPTU
2022-09-01,2022-09-01,6,2023-03-01,85661910.80764559,84431185.71690507,11147513.936317448,salvador-IPTU,salvador,IPTU
2022-09-01,2022-09-01,7,2023-04-01,68003023.29737547,63078039.01994992,11147513.936317448,salvador-IPTU,salvador,IPTU
2022-09-01,2022-09-01,8,2023-05-01,80927117.99548042,64019640.321253695,11147513.936317448,salvador-IPTU,salvador,IPTU
2022-09-01,2022-09-01,9,2023-06-01,69943842.947167,63502224.47517602,11147513.936317448,salvador-IPTU,salvador,IPTU
2022-09-01,2022-09-01,10,2023-07-01,68426714.10914947,69318160.727265,11147513.936317448,salvador-IPTU,salvador,IPTU
2022-09-01,2022-09-01,11,2023-08-01,71716634.04572195,63993254.76966164,11147513.936317448,salvador-IPTU,salvador,IPTU
2022-09-01,2022-09-01,12,2023-09-01,64678015.45114056,63023907.45684929,11147513.936317448,salvador-IPTU,salvador,IPTU
2022-10-01,2022-10-01,1,2022-11-01,66039562.927257076,63523334.05203996,11128516.576625906,salvador-IPTU,salvador,IPTU
2022-10-01,2022-10-01,2,2022-12-01,64797642.90815615,71445715.56972536,11128516.576625906,salvador-IPTU,salvador,IPTU
2022-10-01,2022-10-01,3,2023-01-01,71842672.13965991,72362449.78153896,11128516.576625906,salvador-IPTU,salvador,IPTU
2022-10-01,2022-10-01,4,2023-02-01,312279669.4451977,367482640.8978737,11128516.576625906,salvador-IPTU,salvador,IPTU
2022-10-01,2022-10-01,5,2023-03-01,85661910.80764559,88648978.49834836,11128516.576625906,salvador-IPTU,salvador,IPTU
2022-10-01,2022-10-01,6,2023-04-01,68003023.29737547,64985212.55746907,11128516.576625906,salvador-IPTU,salvador,IPTU
2022-10-01,2022-10-01,7,2023-05-01,80927117.99548042,64863442.57192032,11128516.576625906,salvador-IPTU,salvador,IPTU
2022-10-01,2022-10-01,8,2023-06-01,69943842.947167,64504233.570539825,11128516.576625906,salvador-IPTU,salvador,IPTU
2022-10-01,2022-10-01,9,2023-07-01,68426714.10914947,69352577.55917686,11128516.576625906,salvador-IPTU,salvador,IPTU
2022-10-01,2022-10-01,10,2023-08-01,71716634.04572195,64761632.952509195,11128516.576625906,salvador-IPTU,salvador,IPTU
2022-10-01,2022-10-01,11,2023-09-01,64678015.45114056,62808476.44751277,11128516.576625906,salvador-IPTU,salvador,IPTU
2022-10-01,2022-10-01,12,2023-10-01,70665245.44717538,62681942.94350177,11128516.576625906,salvador-IPTU,salvador,IPTU
2022-11-01,2022-11-01,1,2022-12-01,64797642.90815615,72406067.68983676,11120986.34788588,salvador-IPTU,salvador,IPTU
2022-11-01,2022-11-01,2,2023-01-01,71842672.13965991,71859929.17515184,11120986.34788588,salvador-IPTU,salvador,IPTU
2022-11-01,2022-11-01,3,2023-02-01,312279669.4451977,365560601.8278246,11120986.34788588,salvador-IPTU,salvador,IPTU
2022-11-01,2022-11-01,4,2023-03-01,85661910.80764559,88727275.4853082,11120986.34788588,salvador-IPTU,salvador,IPTU
2022-11-01,2022-11-01,5,2023-04-01,68003023.29737547,65656331.41376856,11120986.34788588,salvador-IPTU,salvador,IPTU
2022-11-01,2022-11-01,6,2023-05-01,80927117.99548042,64422215.72376708,11120986.34788588,salvador-IPTU,salvador,IPTU
2022-11-01,2022-11-01,7,2023-06-01,69943842.947167,63568781.01232912,11120986.34788588,salvador-IPTU,salvador,IPTU
2022-11-01,2022-11-01,8,2023-07-01,68426714.10914947,69502042.6127822,11120986.34788588,salvador-IPTU,salvador,IPTU
2022-11-01,2022-11-01,9,2023-08-01,71716634.04572195,62971376.71951028,11120986.34788588,salvador-IPTU,salvador,IPTU
2022-11-01,2022-11-01,10,2023-09-01,64678015.45114056,63269835.65096984,11120986.34788588,salvador-IPTU,salvador,IPTU
2022-11-01,2022-11-01,11,2023-10-01,70665245.44717538,63682922.627569586,11120986.34788588,salvador-IPTU,salvador,IPTU
2022-11-01,2022-11-01,12,2023-11-01,64278105.00756604,64112556.06458411,11120986.34788588,salvador-IPTU,salvador,IPTU
2022-12-01,2022-12-01,1,2023-01-01,71842672.13965991,71325450.1931326,11037342.536132976,salvador-IPTU,salvador,IPTU
2022-12-01,2022-12-01,2,2023-02-01,312279669.4451977,361704144.41711885,11037342.536132976,salvador-IPTU,salvador,IPTU
2022-12-01,2022-12-01,3,2023-03-01,85661910.80764559,89111882.8648655,11037342.536132976,salvador-IPTU,salvador,IPTU
2022-12-01,2022-12-01,4,2023-04-01,68003023.29737547,64586620.723181985,11037342.536132976,salvador-IPTU,salvador,IPTU
2022-12-01,2022-12-01,5,2023-05-01,80927117.99548042,63838824.25666575,11037342.536132976,salvador-IPTU,salvador,IPTU
2022-12-01,2022-12-01,6,2023-06-01,69943842.947167,62776672.7120828,11037342.536132976,salvador-IPTU,salvador,IPTU
2022-12-01,2022-12-01,7,2023-07-01,68426714.10914947,67960435.65289205,11037342.536132976,salvador-IPTU,salvador,IPTU
2022-12-01,2022-12-01,8,2023-08-01,71716634.04572195,62616890.601686396,11037342.536132976,salvador-IPTU,salvador,IPTU
2022-12-01,2022-12-01,9,2023-09-01,64678015.45114056,60987702.16090245,11037342.536132976,salvador-IPTU,salvador,IPTU
2022-12-01,2022-12-01,10,2023-10-01,70665245.44717538,62842101.18806942,11037342.536132976,salvador-IPTU,salvador,IPTU
2022-12-01,2022-12-01,11,2023-11-01,64278105.00756604,63406331.24203912,11037342.536132976,salvador-IPTU,salvador,IPTU
2022-12-01,2022-12-01,12,2023-12-01,104574689.04816487,69766021.99082781,11037342.536132976,salvador-IPTU,salvador,IPTU
2023-01-01,2023-01-01,1,2023-02-01,312279669.4451977,366610065.41561383,10987474.714568347,salvador-IPTU,salvador,IPTU
2023-01-01,2023-01-01,2,2023-03-01,85661910.80764559,86511628.317699,10987474.714568347,salvador-IPTU,salvador,IPTU
2023-01-01,2023-01-01,3,2023-04-01,68003023.29737547,63595392.52663167,10987474.714568347,salvador-IPTU,salvador,IPTU
2023-01-01,2023-01-01,4,2023-05-01,80927117.99548042,62811467.359970294,10987474.714568347,salvador-IPTU,salvador,IPTU
2023-01-01,2023-01-01,5,2023-06-01,69943842.947167,62465976.3904769,10987474.714568347,salvador-IPTU,salvador,IPTU
2023-01-01,2023-01-01,6,2023-07-01,68426714.10914947,69080016.60959555,10987474.714568347,salvador-IPTU,salvador,IPTU
2023-01-01,2023-01-01,7,2023-08-01,71716634.04572195,62963514.4781758,10987474.714568347,salvador-IPTU,salvador,IPTU
2023-01-01,2023-01-01,8,2023-09-01,64678015.45114056,62089372.47058917,10987474.714568347,salvador-IPTU,salvador,IPTU
2023-01-01,2023-01-01,9,2023-10-01,70665245.44717538,62781627.63329816,10987474.714568347,salvador-IPTU,salvador,IPTU
2023-01-01,2023-01-01,10,2023-11-01,64278105.00756604,62975222.24220154,10987474.714568347,salvador-IPTU,salvador,IPTU
2023-01-01,2023-01-01,11,2023-12-01,104574689.04816487,69925493.54705094,10987474.714568347,salvador-IPTU,salvador,IPTU
2023-01-01,2023-01-01,12,2024-01-01,171289802.2674211,71038908.79056343,10987474.714568347,salvador-IPTU,salvador,IPTU
2023-02-01,2023-02-01,1,2023-03-01,85661910.80764559,85755842.1992293,11147489.240603298,salvador-IPTU,salvador,IPTU
2023-02-01,2023-02-01,2,2023-04-01,68003023.29737547,62388641.648969896,11147489.240603298,salvador-IPTU,salvador,IPTU
2023-02-01,2023-02-01,3,2023-05-01,80927117.99548042,62099642.36343712,11147489.240603298,salvador-IPTU,salvador,IPTU
2023-02-01,2023-02-01,4,2023-06-01,69943842.947167,62666178.673403166,11147489.240603298,salvador-IPTU,salvador,IPTU
2023-02-01,2023-02-01,5,2023-07-01,68426714.10914947,66636910.49270655,11147489.240603298,salvador-IPTU,salvador,IPTU
2023-02-01,2023-02-01,6,2023-08-01,71716634.04572195,61674819.47226369,11147489.240603298,salvador-IPTU,salvador,IPTU
2023-02-01,2023-02-01,7,2023-09-01,64678015.45114056,60508142.34292888,11147489.240603298,salvador-IPTU,salvador,IPTU
2023-02-01,2023-02-01,8,2023-10-01,70665245.44717538,61322417.163881674,11147489.240603298,salvador-IPTU,salvador,IPTU
2023-02-01,2023-02-01,9,2023-11-01,64278105.00756604,61954930.55743171,11147489.240603298,salvador-IPTU,salvador,IPTU
2023-02-01,2023-02-01,10,2023-12-01,104574689.04816487,69872586.15596521,11147489.240603298,salvador-IPTU,salvador,IPTU
2023-02-01,2023-02-01,11,2024-01-01,171289802.2674211,69561370.55409244,11147489.240603298,salvador-IPTU,salvador,IPTU
2023-02-01,2023-02-01,12,2024-02-01,340945987.3121734,351456757.093213,11147489.240603298,salvador-IPTU,salvador,IPTU
2023-03-01,2023-03-01,1,2023-04-01,68003023.29737547,62554764.78608357,11459160.8049941,salvador-IPTU,salvador,IPTU
2023-03-01,2023-03-01,2,2023-05-01,80927117.99548042,62169816.1901465,11459160.8049941,salvador-IPTU,salvador,IPTU
2023-03-01,2023-03-01,3,2023-06-01,69943842.947167,61925132.133891635,11459160.8049941,salvador-IPTU,salvador,IPTU
2023-03-01,2023-03-01,4,2023-07-01,68426714.10914947,67441065.17771214,11459160.8049941,salvador-IPTU,salvador,IPTU
2023-03-01,2023-03-01,5,2023-08-01,71716634.04572195,61962938.95689247,11459160.8049941,salvador-IPTU,salvador,IPTU
2023-03-01,2023-03-01,6,2023-09-01,64678015.45114056,61265347.793178916,11459160.8049941,salvador-IPTU,salvador,IPTU
2023-03-01,2023-03-01,7,2023-10-01,70665245.44717538,61540472.80620244,11459160.8049941,salvador-IPTU,salvador,IPTU
2023-03-01,2023-03-01,8,2023-11-01,64278105.00756604,61985786.74900386,11459160.8049941,salvador-IPTU,salvador,IPTU
2023-03-01,2023-03-01,9,2023-12-01,104574689.04816487,69274827.56496827,11459160.8049941,salvador-IPTU,salvador,IPTU
2023-03-01,2023-03-01,10,2024-01-01,171289802.2674211,70094421.41736135,11459160.8049941,salvador-IPTU,salvador,IPTU
2023-03-01,2023-03-01,11,2024-02-01,340945987.3121734,351366427.34069157,11459160.8049941,salvador-IPTU,salvador,IPTU
2023-03-01,2023-03-01,12,2024-03-01,83011395.96234319,84703571.5823767,11459160.8049941,salvador-IPTU,salvador,IPTU
2023-04-01,2023-04-01,1,2023-05-01,80927117.99548042,62339791.544433266,11401152.201500507,salvador-IPTU,salvador,IPTU
2023-04-01,2023-04-01,2,2023-06-01,69943842.947167,62369222.71124653,11401152.201500507,salvador-IPTU,salvador,IPTU
2023-04-01,2023-04-01,3,2023-07-01,68426714.10914947,67236685.90415189,11401152.201500507,salvador-IPTU,salvador,IPTU
2023-04-01,2023-04-01,4,2023-08-01,71716634.04572195,63646862.90497308,11401152.201500507,salvador-IPTU,salvador,IPTU
2023-04-01,2023-04-01,5,2023-09-01,64678015.45114056,62132097.62173019,11401152.201500507,salvador-IPTU,salvador,IPTU
2023-04-01,2023-04-01,6,2023-10-01,70665245.44717538,61746236.95599036,11401152.201500507,salvador-IPTU,salvador,IPTU
2023-04-01,2023-04-01,7,2023-11-01,64278105.00756604,63391976.19348325,11401152.201500507,salvador-IPTU,salvador,IPTU
2023-04-01,2023-04-01,8,2023-12-01,104574689.04816487,71112100.60764082,11401152.201500507,salvador-IPTU,salvador,IPTU
2023-04-01,2023-04-01,9,2024-01-01,171289802.2674211,70736999.38801676,11401152.201500507,salvador-IPTU,salvador,IPTU
2023-04-01,2023-04-01,10,2024-02-01,340945987.3121734,351245060.7099204,11401152.201500507,salvador-IPTU,salvador,IPTU
2023-04-01,2023-04-01,11,2024-03-01,83011395.96234319,86446652.38681915,11401152.201500507,salvador-IPTU,salvador,IPTU
2023-04-01,2023-04-01,12,2024-04-01,90762029.71183957,63116083.55764876,11401152.201500507,salvador-IPTU,salvador,IPTU
2023-05-01,2023-05-01,1,2023-06-01,69943842.947167,69313407.98530568,11415383.503299935,salvador-IPTU,salvador,IPTU
2023-05-01,2023-05-01,2,2023-07-01,68426714.10914947,74601824.25145045,11415383.503299935,salvador-IPTU,salvador,IPTU
2023-05-01,2023-05-01,3,2023-08-01,71716634.04572195,69705145.74340628,11415383.503299935,salvador-IPTU,salvador,IPTU
2023-05-01,2023-05-01,4,2023-09-01,64678015.45114056,68474172.84093828,11415383.503299935,salvador-IPTU,salvador,IPTU
2023-05-01,2023-05-01,5,2023-10-01,70665245.44717538,69439539.3452584,11415383.503299935,salvador-IPTU,salvador,IPTU
2023-05-01,2023-05-01,6,2023-11-01,64278105.00756604,70342595.05437133,11415383.503299935,salvador-IPTU,salvador,IPTU
2023-05-01,2023-05-01,7,2023-12-01,104574689.04816487,78697477.61562367,11415383.503299935,salvador-IPTU,salvador,IPTU
2023-05-01,2023-05-01,8,2024-01-01,171289802.2674211,79717443.2596365,11415383.503299935,salvador-IPTU,salvador,IPTU
2023-05-01,2023-05-01,9,2024-02-01,340945987.3121734,399459108.36136574,11415383.503299935,salvador-IPTU,salvador,IPTU
2023-05-01,2023-05-01,10,2024-03-01,83011395.96234319,98565086.40103827,11415383.503299935,salvador-IPTU,salvador,IPTU
2023-05-01,2023-05-01,11,2024-04-01,90762029.71183957,72497612.90798971,11415383.503299935,salvador-IPTU,salvador,IPTU
2023-05-01,2023-05-01,12,2024-05-01,79993888.20816118,73434367.63214362,11415383.503299935,salvador-IPTU,salvador,IPTU
2023-06-01,2023-06-01,1,2023-07-01,68426714.10914947,69773628.20234789,11397948.38596953,salvador-IPTU,salvador,IPTU
2023-06-01,2023-06-01,2,2023-08-01,71716634.04572195,64752373.06188026,11397948.38596953,salvador-IPTU,salvador,IPTU
2023-06-01,2023-06-01,3,2023-09-01,64678015.45114056,63181008.83797913,11397948.38596953,salvador-IPTU,salvador,IPTU
2023-06-01,2023-06-01,4,2023-10-01,70665245.44717538,64306679.65025348,11397948.38596953,salvador-IPTU,salvador,IPTU
2023-06-01,2023-06-01,5,2023-11-01,64278105.00756604,64852944.81633949,11397948.38596953,salvador-IPTU,salvador,IPTU
2023-06-01,2023-06-01,6,2023-12-01,104574689.04816487,71888726.18077053,11397948.38596953,salvador-IPTU,salvador,IPTU
2023-06-01,2023-06-01,7,2024-01-01,171289802.2674211,73920946.30966637,11397948.38596953,salvador-IPTU,salvador,IPTU
2023-06-01,2023-06-01,8,2024-02-01,340945987.3121734,367829681.8898277,11397948.38596953,salvador-IPTU,salvador,IPTU
2023-06-01,2023-06-01,9,2024-03-01,83011395.96234319,90464862.04657188,11397948.38596953,salvador-IPTU,salvador,IPTU
2023-06-01,2023-06-01,10,2024-04-01,90762029.71183957,66717773.84073157,11397948.38596953,salvador-IPTU,salvador,IPTU
2023-06-01,2023-06-01,11,2024-05-01,79993888.20816118,66936297.20742539,11397948.38596953,salvador-IPTU,salvador,IPTU
2023-06-01,2023-06-01,12,2024-06-01,71206487.06124279,66175761.614622675,11397948.38596953,salvador-IPTU,salvador,IPTU
2023-07-01,2023-07-01,1,2023-08-01,71716634.04572195,64328929.92454546,11290860.021179913,salvador-IPTU,salvador,IPTU
2023-07-01,2023-07-01,2,2023-09-01,64678015.45114056,63268381.43329092,11290860.021179913,salvador-IPTU,salvador,IPTU
2023-07-01,2023-07-01,3,2023-10-01,70665245.44717538,64226691.92744548,11290860.021179913,salvador-IPTU,salvador,IPTU
2023-07-01,2023-07-01,4,2023-11-01,64278105.00756604,64793287.06600846,11290860.021179913,salvador-IPTU,salvador,IPTU
2023-07-01,2023-07-01,5,2023-12-01,104574689.04816487,71982927.20388982,11290860.021179913,salvador-IPTU,salvador,IPTU
2023-07-01,2023-07-01,6,2024-01-01,171289802.2674211,73765887.34905015,11290860.021179913,salvador-IPTU,salvador,IPTU
2023-07-01,2023-07-01,7,2024-02-01,340945987.3121734,370943488.4703205,11290860.021179913,salvador-IPTU,salvador,IPTU
2023-07-01,2023-07-01,8,2024-03-01,83011395.96234319,90228039.81110145,11290860.021179913,salvador-IPTU,salvador,IPTU
2023-07-01,2023-07-01,9,2024-04-01,90762029.71183957,66389824.79171906,11290860.021179913,salvador-IPTU,salvador,IPTU
2023-07-01,2023-07-01,10,2024-05-01,79993888.20816118,67157570.24678311,11290860.021179913,salvador-IPTU,salvador,IPTU
2023-07-01,2023-07-01,11,2024-06-01,71206487.06124279,66191685.85428624,11290860.021179913,salvador-IPTU,salvador,IPTU
2023-07-01,2023-07-01,12,2024-07-01,73709055.35130495,71153003.87855446,11290860.021179913,salvador-IPTU,salvador,IPTU
2023-08-01,2023-08-01,1,2023-09-01,64678015.45114056,67803436.11634265,11224480.350017453,salvador-IPTU,salvador,IPTU
2023-08-01,2023-08-01,2,2023-10-01,70665245.44717538,68463780.77509724,11224480.350017453,salvador-IPTU,salvador,IPTU
2023-08-01,2023-08-01,3,2023-11-01,64278105.00756604,69544667.98012923,11224480.350017453,salvador-IPTU,salvador,IPTU
2023-08-01,2023-08-01,4,2023-12-01,104574689.04816487,77452837.46440324,11224480.350017453,salvador-IPTU,salvador,IPTU
2023-08-01,2023-08-01,5,2024-01-01,171289802.2674211,78989738.95772742,11224480.350017453,salvador-IPTU,salvador,IPTU
2023-08-01,2023-08-01,6,2024-02-01,340945987.3121734,396073950.1631203,11224480.350017453,salvador-IPTU,salvador,IPTU
2023-08-01,2023-08-01,7,2024-03-01,83011395.96234319,97374398.75419565,11224480.350017453,salvador-IPTU,salvador,IPTU
2023-08-01,2023-08-01,8,2024-04-01,90762029.71183957,71857025.07223164,11224480.350017453,salvador-IPTU,salvador,IPTU
2023-08-01,2023-08-01,9,2024-05-01,79993888.20816118,72761246.0079153,11224480.350017453,salvador-IPTU,salvador,IPTU
2023-08-01,2023-08-01,10,2024-06-01,71206487.06124279,71891664.73109318,11224480.350017453,salvador-IPTU,salvador,IPTU
2023-08-01,2023-08-01,11,2024-07-01,73709055.35130495,77169659.0400931,11224480.350017453,salvador-IPTU,salvador,IPTU
2023-08-01,2023-08-01,12,2024-08-01,101732876.40822683,72511469.99520543,11224480.350017453,salvador-IPTU,salvador,IPTU
2023-09-01,2023-09-01,1,2023-10-01,70665245.44717538,63959333.89132595,11108559.615474965,salvador-IPTU,salvador,IPTU
2023-09-01,2023-09-01,2,2023-11-01,64278105.00756604,64531563.78578593,11108559.615474965,salvador-IPTU,salvador,IPTU
2023-09-01,2023-09-01,3,2023-12-01,104574689.04816487,72407848.39517313,11108559.615474965,salvador-IPTU,salvador,IPTU
2023-09-01,2023-09-01,4,2024-01-01,171289802.2674211,73833305.10007593,11108559.615474965,salvador-IPTU,salvador,IPTU
2023-09-01,2023-09-01,5,2024-02-01,340945987.3121734,367631737.1398413,11108559.615474965,salvador-IPTU,salvador,IPTU
2023-09-01,2023-09-01,6,2024-03-01,83011395.96234319,89881927.08680038,11108559.615474965,salvador-IPTU,salvador,IPTU
2023-09-01,2023-09-01,7,2024-04-01,90762029.71183957,66353367.67254429,11108559.615474965,salvador-IPTU,salvador,IPTU
2023-09-01,2023-09-01,8,2024-05-01,79993888.20816118,66790384.46660569,11108559.615474965,salvador-IPTU,salvador,IPTU
2023-09-01,2023-09-01,9,2024-06-01,71206487.06124279,66080550.10928605,11108559.615474965,salvador-IPTU,salvador,IPTU
2023-09-01,2023-09-01,10,2024-07-01,73709055.35130495,70285138.09226598,11108559.615474965,salvador-IPTU,salvador,IPTU
2023-09-01,2023-09-01,11,2024-08-01,101732876.40822683,66162267.06096954,11108559.615474965,salvador-IPTU,salvador,IPTU
2023-09-01,2023-09-01,12,2024-09-01,84187344.93966614,64325582.346842855,11108559.615474965,salvador-IPTU,salvador,IPTU
2023-10-01,2023-10-01,1,2023-11-01,64278105.00756604,64997599.04471465,11066729.77404481,salvador-IPTU,salvador,IPTU
2023-10-01,2023-10-01,2,2023-12-01,104574689.04816487,71992623.3900547,11066729.77404481,salvador-IPTU,salvador,IPTU
2023-10-01,2023-10-01,3,2024-01-01,171289802.2674211,73736027.52843267,11066729.77404481,salvador-IPTU,salvador,IPTU
2023-10-01,2023-10-01,4,2024-02-01,340945987.3121734,369470857.6886076,11066729.77404481,salvador-IPTU,salvador,IPTU
2023-10-01,2023-10-01,5,2024-03-01,83011395.96234319,91004582.8663929,11066729.77404481,salvador-IPTU,salvador,IPTU
2023-10-01,2023-10-01,6,2024-04-01,90762029.71183957,66017826.55388835,11066729.77404481,salvador-IPTU,salvador,IPTU
2023-10-01,2023-10-01,7,2024-05-01,79993888.20816118,66955072.62670764,11066729.77404481,salvador-IPTU,salvador,IPTU
2023-10-01,2023-10-01,8,2024-06-01,71206487.06124279,66313523.613742545,11066729.77404481,salvador-IPTU,salvador,IPTU
2023-10-01,2023-10-01,9,2024-07-01,73709055.35130495,70443048.53465955,11066729.77404481,salvador-IPTU,salvador,IPTU
2023-10-01,2023-10-01,10,2024-08-01,101732876.40822683,66333675.7101317,11066729.77404481,salvador-IPTU,salvador,IPTU
2023-10-01,2023-10-01,11,2024-09-01,84187344.93966614,64594932.27816359,11066729.77404481,salvador-IPTU,salvador,IPTU
2023-10-01,2023-10-01,12,2024-10-01,87790278.56480853,65386321.202019766,11066729.77404481,salvador-IPTU,salvador,IPTU
2023-11-01,2023-11-01,1,2023-12-01,104574689.04816487,78015787.71975376,10968779.54399898,salvador-IPTU,salvador,IPTU
2023-11-01,2023-11-01,2,2024-01-01,171289802.2674211,78816253.67293113,10968779.54399898,salvador-IPTU,salvador,IPTU
2023-11-01,2023-11-01,3,2024-02-01,340945987.3121734,398712791.5068701,10968779.54399898,salvador-IPTU,salvador,IPTU
2023-11-01,2023-11-01,4,2024-03-01,83011395.96234319,97479756.27255046,10968779.54399898,salvador-IPTU,salvador,IPTU
2023-11-01,2023-11-01,5,2024-04-01,90762029.71183957,71880650.03591143,10968779.54399898,salvador-IPTU,salvador,IPTU
2023-11-01,2023-11-01,6,2024-05-01,79993888.20816118,72523205.4012869,10968779.54399898,salvador-IPTU,salvador,IPTU
2023-11-01,2023-11-01,7,2024-06-01,71206487.06124279,72047091.82905082,10968779.54399898,salvador-IPTU,salvador,IPTU
2023-11-01,2023-11-01,8,2024-07-01,73709055.35130495,77360590.16561282,10968779.54399898,salvador-IPTU,salvador,IPTU
2023-11-01,2023-11-01,9,2024-08-01,101732876.40822683,72827772.26239246,10968779.54399898,salvador-IPTU,salvador,IPTU
2023-11-01,2023-11-01,10,2024-09-01,84187344.93966614,71057553.7612623,10968779.54399898,salvador-IPTU,salvador,IPTU
2023-11-01,2023-11-01,11,2024-10-01,87790278.56480853,72221058.34903869,10968779.54399898,salvador-IPTU,salvador,IPTU
2023-11-01,2023-11-01,12,2024-11-01,62217090.58048794,72789895.65482853,10968779.54399898,salvador-IPTU,salvador,IPTU
2023-12-01,2023-12-01,1,2024-01-01,171289802.2674211,80121898.87195538,11268865.654374084,salvador-IPTU,salvador,IPTU
2023-12-01,2023-12-01,2,2024-02-01,340945987.3121734,404110968.593043,11268865.654374084,salvador-IPTU,salvador,IPTU
2023-12-01,2023-12-01,3,2024-03-01,83011395.96234319,98644777.31685093,11268865.654374084,salvador-IPTU,salvador,IPTU
2023-12-01,2023-12-01,4,2024-04-01,90762029.71183957,72147005.38278604,11268865.654374084,salvador-IPTU,salvador,IPTU
2023-12-01,2023-12-01,5,2024-05-01,79993888.20816118,73807244.83894713,11268865.654374084,salvador-IPTU,salvador,IPTU
2023-12-01,2023-12-01,6,2024-06-01,71206487.06124279,72787041.24811432,11268865.654374084,salvador-IPTU,salvador,IPTU
2023-12-01,2023-12-01,7,2024-07-01,73709055.35130495,77244077.94841981,11268865.654374084,salvador-IPTU,salvador,IPTU
2023-12-01,2023-12-01,8,2024-08-01,101732876.40822683,73404696.532798,11268865.654374084,salvador-IPTU,salvador,IPTU
2023-12-01,2023-12-01,9,2024-09-01,84187344.93966614,71981196.70481788,11268865.654374084,salvador-IPTU,salvador,IPTU
2023-12-01,2023-12-01,10,2024-10-01,87790278.56480853,72984879.14764124,11268865.654374084,salvador-IPTU,salvador,IPTU
2023-12-01,2023-12-01,11,2024-11-01,62217090.58048794,73037822.85945818,11268865.654374084,salvador-IPTU,salvador,IPTU
2023-12-01,2023-12-01,12,2024-12-01,79938734.8290157,84650597.57265906,11268865.654374084,salvador-IPTU,salvador,IPTU
2024-01-01,2024-01-01,1,2024-02-01,340945987.3121734,419172323.04249084,12177919.9272956,salvador-IPTU,salvador,IPTU
2024-01-01,2024-01-01,2,2024-03-01,83011395.96234319,102527972.63671306,12177919.9272956,salvador-IPTU,salvador,IPTU
2024-01-01,2024-01-01,3,2024-04-01,90762029.71183957,74690948.78894295,12177919.9272956,salvador-IPTU,salvador,IPTU
2024-01-01,2024-01-01,4,2024-05-01,79993888.20816118,75813901.7474541,12177919.9272956,salvador-IPTU,salvador,IPTU
2024-01-01,2024-01-01,5,2024-06-01,71206487.06124279,74165336.89994001,12177919.9272956,salvador-IPTU,salvador,IPTU
2024-01-01,2024-01-01,6,2024-07-01,73709055.35130495,79310393.49709749,12177919.9272956,salvador-IPTU,salvador,IPTU
2024-01-01,2024-01-01,7,2024-08-01,101732876.40822683,75491040.04629044,12177919.9272956,salvador-IPTU,salvador,IPTU
2024-01-01,2024-01-01,8,2024-09-01,84187344.93966614,73494171.22834198,12177919.9272956,salvador-IPTU,salvador,IPTU
2024-01-01,2024-01-01,9,2024-10-01,87790278.56480853,75749133.24305488,12177919.9272956,salvador-IPTU,salvador,IPTU
2024-01-01,2024-01-01,10,2024-11-01,62217090.58048794,75539266.05576147,12177919.9272956,salvador-IPTU,salvador,IPTU
2024-01-01,2024-01-01,11,2024-12-01,79938734.8290157,85602362.54497956,12177919.9272956,salvador-IPTU,salvador,IPTU
2024-01-01,2024-01-01,12,2025-01-01,76872966.26960947,94233488.34139088,12177919.9272956,salvador-IPTU,salvador,IPTU
2024-02-01,2024-02-01,1,2024-03-01,83011395.96234319,100697069.94307809,12346168.885863764,salvador-IPTU,salvador,IPTU
2024-02-01,2024-02-01,2,2024-04-01,90762029.71183957,73813063.9525428,12346168.885863764,salvador-IPTU,salvador,IPTU
2024-02-01,2024-02-01,3,2024-05-01,79993888.20816118,74801227.75698419,12346168.885863764,salvador-IPTU,salvador,IPTU
2024-02-01,2024-02-01,4,2024-06-01,71206487.06124279,74278412.99660043,12346168.885863764,salvador-IPTU,salvador,IPTU
2024-02-01,2024-02-01,5,2024-07-01,73709055.35130495,79395341.71999209,12346168.885863764,salvador-IPTU,salvador,IPTU
2024-02-01,2024-02-01,6,2024-08-01,101732876.40822683,75145534.8137071,12346168.885863764,salvador-IPTU,salvador,IPTU
2024-02-01,2024-02-01,7,2024-09-01,84187344.93966614,73046057.60780299,12346168.885863764,salvador-IPTU,salvador,IPTU
2024-02-01,2024-02-01,8,2024-10-01,87790278.56480853,74470472.0504667,12346168.885863764,salvador-IPTU,salvador,IPTU
2024-02-01,2024-02-01,9,2024-11-01,62217090.58048794,74327347.47059198,12346168.885863764,salvador-IPTU,salvador,IPTU
2024-02-01,2024-02-01,10,2024-12-01,79938734.8290157,85920156.94593896,12346168.885863764,salvador-IPTU,salvador,IPTU
2024-02-01,2024-02-01,11,2025-01-01,76872966.26960947,93609615.07468197,12346168.885863764,salvador-IPTU,salvador,IPTU
2024-02-01,2024-02-01,12,2025-02-01,357310287.70151484,428498927.01123047,12346168.885863764,salvador-IPTU,salvador,IPTU
2024-03-01,2024-03-01,1,2024-04-01,90762029.71183957,73644734.62390576,12248232.986464154,salvador-IPTU,salvador,IPTU
2024-03-01,2024-03-01,2,2024-05-01,79993888.20816118,74724469.13039792,12248232.986464154,salvador-IPTU,salvador,IPTU
2024-03-01,2024-03-01,3,2024-06-01,71206487.06124279,73899348.8088185,12248232.986464154,salvador-IPTU,salvador,IPTU
2024-03-01,2024-03-01,4,2024-07-01,73709055.35130495,78893239.6117418,12248232.986464154,salvador-IPTU,salvador,IPTU
2024-03-01,2024-03-01,5,2024-08-01,101732876.40822683,74763378.25478466,12248232.986464154,salvador-IPTU,salvador,IPTU
2024-03-01,2024-03-01,6,2024-09-01,84187344.93966614,73013211.72025752,12248232.986464154,salvador-IPTU,salvador,IPTU
2024-03-01,2024-03-01,7,2024-10-01,87790278.56480853,73898257.48520204,12248232.986464154,salvador-IPTU,salvador,IPTU
2024-03-01,2024-03-01,8,2024-11-01,62217090.58048794,73764038.24994048,12248232.986464154,salvador-IPTU,salvador,IPTU
2024-03-01,2024-03-01,9,2024-12-01,79938734.8290157,85354637.20473021,12248232.986464154,salvador-IPTU,salvador,IPTU
2024-03-01,2024-03-01,10,2025-01-01,76872966.26960947,92719743.57246056,12248232.986464154,salvador-IPTU,salvador,IPTU
2024-03-01,2024-03-01,11,2025-02-01,357310287.70151484,423637024.3484409,12248232.986464154,salvador-IPTU,salvador,IPTU
2024-03-01,2024-03-01,12,2025-03-01,74202146.27427402,103850803.86652486,12248232.986464154,salvador-IPTU,salvador,IPTU
2024-04-01,2024-04-01,1,2024-05-01,79993888.20816118,74981441.70369153,12353340.720744152,salvador-IPTU,salvador,IPTU
2024-04-01,2024-04-01,2,2024-06-01,71206487.06124279,73792422.87780157,12353340.720744152,salvador-IPTU,salvador,IPTU
2024-04-01,2024-04-01,3,2024-07-01,73709055.35130495,79191963.94026956,12353340.720744152,salvador-IPTU,salvador,IPTU
2024-04-01,2024-04-01,4,2024-08-01,101732876.40822683,74624618.03831246,12353340.720744152,salvador-IPTU,salvador,IPTU
2024-04-01,2024-04-01,5,2024-09-01,84187344.93966614,72988304.56448595,12353340.720744152,salvador-IPTU,salvador,IPTU
2024-04-01,2024-04-01,6,2024-10-01,87790278.56480853,74453678.40949035,12353340.720744152,salvador-IPTU,salvador,IPTU
2024-04-01,2024-04-01,7,2024-11-01,62217090.58048794,74392097.41643298,12353340.720744152,salvador-IPTU,salvador,IPTU
2024-04-01,2024-04-01,8,2024-12-01,79938734.8290157,86277943.90353386,12353340.720744152,salvador-IPTU,salvador,IPTU
2024-04-01,2024-04-01,9,2025-01-01,76872966.26960947,93452946.98792712,12353340.720744152,salvador-IPTU,salvador,IPTU
2024-04-01,2024-04-01,10,2025-02-01,357310287.70151484,429891188.67309004,12353340.720744152,salvador-IPTU,salvador,IPTU
2024-04-01,2024-04-01,11,2025-03-01,74202146.27427402,105287958.72241023,12353340.720744152,salvador-IPTU,salvador,IPTU
2024-04-01,2024-04-01,12,2025-04-01,74811908.70994155,80183274.42606568,12353340.720744152,salvador-IPTU,salvador,IPTU
2024-05-01,2024-05-01,1,2024-06-01,71206487.06124279,73851889.48416205,12240270.315462716,salvador-IPTU,salvador,IPTU
2024-05-01,2024-05-01,2,2024-07-01,73709055.35130495,78974370.53751162,12240270.315462716,salvador-IPTU,salvador,IPTU
2024-05-01,2024-05-01,3,2024-08-01,101732876.40822683,74683274.2926592,12240270.315462716,salvador-IPTU,salvador,IPTU
2024-05-01,2024-05-01,4,2024-09-01,84187344.93966614,73140511.35656394,12240270.315462716,salvador-IPTU,salvador,IPTU
2024-05-01,2024-05-01,5,2024-10-01,87790278.56480853,74428830.59759147,12240270.315462716,salvador-IPTU,salvador,IPTU
2024-05-01,2024-05-01,6,2024-11-01,62217090.58048794,74560911.75518587,12240270.315462716,salvador-IPTU,salvador,IPTU
2024-05-01,2024-05-01,7,2024-12-01,79938734.8290157,85286095.72649108,12240270.315462716,salvador-IPTU,salvador,IPTU
2024-05-01,2024-05-01,8,2025-01-01,76872966.26960947,93515885.07586081,12240270.315462716,salvador-IPTU,salvador,IPTU
2024-05-01,2024-05-01,9,2025-02-01,357310287.70151484,430160260.7154587,12240270.315462716,salvador-IPTU,salvador,IPTU
2024-05-01,2024-05-01,10,2025-03-01,74202146.27427402,104523790.74031936,12240270.315462716,salvador-IPTU,salvador,IPTU
2024-05-01,2024-05-01,11,2025-04-01,74811908.70994155,79811973.3512515,12240270.315462716,salvador-IPTU,salvador,IPTU
2024-05-01,2024-05-01,12,2025-05-01,72101614.35445404,79133196.34728827,12240270.315462716,salvador-IPTU,salvador,IPTU
2024-06-01,2024-06-01,1,2024-07-01,73709055.35130495,79094774.65407625,12132646.529174611,salvador-IPTU,salvador,IPTU
2024-06-01,2024-06-01,2,2024-08-01,101732876.40822683,74952187.5562058,12132646.529174611,salvador-IPTU,salvador,IPTU
2024-06-01,2024-06-01,3,2024-09-01,84187344.93966614,73428012.46646792,12132646.529174611,salvador-IPTU,salvador,IPTU
2024-06-01,2024-06-01,4,2024-10-01,87790278.56480853,74600243.67520925,12132646.529174611,salvador-IPTU,salvador,IPTU
2024-06-01,2024-06-01,5,2024-11-01,62217090.58048794,75181537.53154063,12132646.529174611,salvador-IPTU,salvador,IPTU
2024-06-01,2024-06-01,6,2024-12-01,79938734.8290157,87116755.39735645,12132646.529174611,salvador-IPTU,salvador,IPTU
2024-06-01,2024-06-01,7,2025-01-01,76872966.26960947,94167870.20856486,12132646.529174611,salvador-IPTU,salvador,IPTU
2024-06-01,2024-06-01,8,2025-02-01,357310287.70151484,431755573.39618266,12132646.529174611,salvador-IPTU,salvador,IPTU
2024-06-01,2024-06-01,9,2025-03-01,74202146.27427402,107112926.18062487,12132646.529174611,salvador-IPTU,salvador,IPTU
2024-06-01,2024-06-01,10,2025-04-01,74811908.70994155,80317203.62214497,12132646.529174611,salvador-IPTU,salvador,IPTU
2024-06-01,2024-06-01,11,2025-05-01,72101614.35445404,79598106.31652476,12132646.529174611,salvador-IPTU,salvador,IPTU
2024-06-01,2024-06-01,12,2025-06-01,65029224.51471878,77967989.7504202,12132646.529174611,salvador-IPTU,salvador,IPTU
2024-07-01,2024-07-01,1,2024-08-01,101732876.40822683,74389351.8683487,12066138.710854037,salvador-IPTU,salvador,IPTU
2024-07-01,2024-07-01,2,2024-09-01,84187344.93966614,72222772.27288088,12066138.710854037,salvador-IPTU,salvador,IPTU
2024-07-01,2024-07-01,3,2024-10-01,87790278.56480853,74431714.6972248,12066138.710854037,salvador-IPTU,salvador,IPTU
2024-07-01,2024-07-01,4,2024-11-01,62217090.58048794,73981274.58797304,12066138.710854037,salvador-IPTU,salvador,IPTU
2024-07-01,2024-07-01,5,2024-12-01,79938734.8290157,85325993.52178802,12066138.710854037,salvador-IPTU,salvador,IPTU
2024-07-01,2024-07-01,6,2025-01-01,76872966.26960947,92689389.10077973,12066138.710854037,salvador-IPTU,salvador,IPTU
2024-07-01,2024-07-01,7,2025-02-01,357310287.70151484,423287348.35411876,12066138.710854037,salvador-IPTU,salvador,IPTU
2024-07-01,2024-07-01,8,2025-03-01,74202146.27427402,105313130.49298304,12066138.710854037,salvador-IPTU,salvador,IPTU
2024-07-01,2024-07-01,9,2025-04-01,74811908.70994155,79110686.1643931,12066138.710854037,salvador-IPTU,salvador,IPTU
2024-07-01,2024-07-01,10,2025-05-01,72101614.35445404,79558107.755299,12066138.710854037,salvador-IPTU,salvador,IPTU
2024-07-01,2024-07-01,11,2025-06-01,65029224.51471878,77978006.06989825,12066138.710854037,salvador-IPTU,salvador,IPTU
2024-07-01,2024-07-01,12,2025-07-01,73109536.2810681,83328484.06475724,12066138.710854037,salvador-IPTU,salvador,IPTU
2024-08-01,2024-08-01,1,2024-09-01,84187344.93966614,73633930.04069032,12238735.861350678,salvador-IPTU,salvador,IPTU
2024-08-01,2024-08-01,2,2024-10-01,87790278.56480853,74634018.35134101,12238735.861350678,salvador-IPTU,salvador,IPTU
2024-08-01,2024-08-01,3,2024-11-01,62217090.58048794,74936868.39927389,12238735.861350678,salvador-IPTU,salvador,IPTU
2024-08-01,2024-08-01,4,2024-12-01,79938734.8290157,87640597.48238882,12238735.861350678,salvador-IPTU,salvador,IPTU
2024-08-01,2024-08-01,5,2025-01-01,76872966.26960947,93997707.15108079,12238735.861350678,salvador-IPTU,salvador,IPTU
2024-08-01,2024-08-01,6,2025-02-01,357310287.70151484,430056985.9112332,12238735.861350678,salvador-IPTU,salvador,IPTU
2024-08-01,2024-08-01,7,2025-03-01,74202146.27427402,106544732.19691403,12238735.861350678,salvador-IPTU,salvador,IPTU
2024-08-01,2024-08-01,8,2025-04-01,74811908.70994155,80032347.36295682,12238735.861350678,salvador-IPTU,salvador,IPTU
2024-08-01,2024-08-01,9,2025-05-01,72101614.35445404,79545180.76705454,12238735.861350678,salvador-IPTU,salvador,IPTU
2024-08-01,2024-08-01,10,2025-06-01,65029224.51471878,78619014.83927181,12238735.861350678,salvador-IPTU,salvador,IPTU
2024-08-01,2024-08-01,11,2025-07-01,73109536.2810681,82846854.3148469,12238735.861350678,salvador-IPTU,salvador,IPTU
2024-08-01,2024-08-01,12,2025-08-01,72024794.89278775,81352957.11311671,12238735.861350678,salvador-IPTU,salvador,IPTU
2024-09-01,2024-09-01,1,2024-10-01,87790278.56480853,75187235.89379185,12307979.610180916,salvador-IPTU,salvador,IPTU
2024-09-01,2024-09-01,2,2024-11-01,62217090.58048794,74099391.21655336,12307979.610180916,salvador-IPTU,salvador,IPTU
2024-09-01,2024-09-01,3,2024-12-01,79938734.8290157,85162391.18926387,12307979.610180916,salvador-IPTU,salvador,IPTU
2024-09-01,2024-09-01,4,2025-01-01,76872966.26960947,93251172.47205146,12307979.610180916,salvador-IPTU,salvador,IPTU
2024-09-01,2024-09-01,5,2025-02-01,357310287.70151484,424930167.063405,12307979.610180916,salvador-IPTU,salvador,IPTU
2024-09-01,2024-09-01,6,2025-03-01,74202146.27427402,105582393.26929303,12307979.610180916,salvador-IPTU,salvador,IPTU
2024-09-01,2024-09-01,7,2025-04-01,74811908.70994155,79307552.542086,12307979.610180916,salvador-IPTU,salvador,IPTU
2024-09-01,2024-09-01,8,2025-05-01,72101614.35445404,79633042.92555267,12307979.610180916,salvador-IPTU,salvador,IPTU
2024-09-01,2024-09-01,9,2025-06-01,65029224.51471878,77682928.64131738,12307979.610180916,salvador-IPTU,salvador,IPTU
2024-09-01,2024-09-01,10,2025-07-01,73109536.2810681,83264467.57936755,12307979.610180916,salvador-IPTU,salvador,IPTU
2024-09-01,2024-09-01,11,2025-08-01,72024794.89278775,81326663.42074846,12307979.610180916,salvador-IPTU,salvador,IPTU
2024-09-01,2024-09-01,12,2025-09-01,77720211.54924531,78010190.75745602,12307979.610180916,salvador-IPTU,salvador,IPTU
2024-10-01,2024-10-01,1,2024-11-01,62217090.58048794,75857218.94394866,12353423.511194617,salvador-IPTU,salvador,IPTU
2024-10-01,2024-10-01,2,2024-12-01,79938734.8290157,86543576.41275355,12353423.511194617,salvador-IPTU,salvador,IPTU
2024-10-01,2024-10-01,3,2025-01-01,76872966.26960947,93837818.41436091,12353423.511194617,salvador-IPTU,salvador,IPTU
2024-10-01,2024-10-01,4,2025-02-01,357310287.70151484,431855357.6760977,12353423.511194617,salvador-IPTU,salvador,IPTU
2024-10-01,2024-10-01,5,2025-03-01,74202146.27427402,104224416.47632743,12353423.511194617,salvador-IPTU,salvador,IPTU
2024-10-01,2024-10-01,6,2025-04-01,74811908.70994155,81193223.40882914,12353423.511194617,salvador-IPTU,salvador,IPTU
2024-10-01,2024-10-01,7,2025-05-01,72101614.35445404,80469150.29282886,12353423.511194617,salvador-IPTU,salvador,IPTU
2024-10-01,2024-10-01,8,2025-06-01,65029224.51471878,78273799.42414904,12353423.511194617,salvador-IPTU,salvador,IPTU
2024-10-01,2024-10-01,9,2025-07-01,73109536.2810681,84277809.4549666,12353423.511194617,salvador-IPTU,salvador,IPTU
2024-10-01,2024-10-01,10,2025-08-01,72024794.89278775,82637372.06236517,12353423.511194617,salvador-IPTU,salvador,IPTU
2024-10-01,2024-10-01,11,2025-09-01,77720211.54924531,79133548.5957454,12353423.511194617,salvador-IPTU,salvador,IPTU
2024-10-01,2024-10-01,12,2025-10-01,69023680.11592714,81013970.43832514,12353423.511194617,salvador-IPTU,salvador,IPTU
2024-11-01,2024-11-01,1,2024-12-01,79938734.8290157,86430263.03792429,12257232.772090722,salvador-IPTU,salvador,IPTU
2024-11-01,2024-11-01,2,2025-01-01,76872966.26960947,93522832.37851153,12257232.772090722,salvador-IPTU,salvador,IPTU
2024-11-01,2024-11-01,3,2025-02-01,357310287.70151484,428459810.74370104,12257232.772090722,salvador-IPTU,salvador,IPTU
2024-11-01,2024-11-01,4,2025-03-01,74202146.27427402,104547430.2465789,12257232.772090722,salvador-IPTU,salvador,IPTU
2024-11-01,2024-11-01,5,2025-04-01,74811908.70994155,79941957.63074641,12257232.772090722,salvador-IPTU,salvador,IPTU
2024-11-01,2024-11-01,6,2025-05-01,72101614.35445404,79866589.55151746,12257232.772090722,salvador-IPTU,salvador,IPTU
2024-11-01,2024-11-01,7,2025-06-01,65029224.51471878,77756301.80469316,12257232.772090722,salvador-IPTU,salvador,IPTU
2024-11-01,2024-11-01,8,2025-07-01,73109536.2810681,83063487.99724802,12257232.772090722,salvador-IPTU,salvador,IPTU
2024-11-01,2024-11-01,9,2025-08-01,72024794.89278775,81998128.65281053,12257232.772090722,salvador-IPTU,salvador,IPTU
2024-11-01,2024-11-01,10,2025-09-01,77720211.54924531,79039376.346584,12257232.772090722,salvador-IPTU,salvador,IPTU
2024-11-01,2024-11-01,11,2025-10-01,69023680.11592714,80603430.08049965,12257232.772090722,salvador-IPTU,salvador,IPTU
2024-11-01,2024-11-01,12,2025-11-01,69525795.59107803,77796151.62302892,12257232.772090722,salvador-IPTU,salvador,IPTU
2024-12-01,2024-12-01,1,2025-01-01,76872966.26960947,93851372.93767495,12371850.563267188,salvador-IPTU,salvador,IPTU
2024-12-01,2024-12-01,2,2025-02-01,357310287.70151484,430302116.8945916,12371850.563267188,salvador-IPTU,salvador,IPTU
2024-12-01,2024-12-01,3,2025-03-01,74202146.27427402,105609568.9954603,12371850.563267188,salvador-IPTU,salvador,IPTU
2024-12-01,2024-12-01,4,2025-04-01,74811908.70994155,80405158.12844522,12371850.563267188,salvador-IPTU,salvador,IPTU
2024-12-01,2024-12-01,5,2025-05-01,72101614.35445404,79588011.98942111,12371850.563267188,salvador-IPTU,salvador,IPTU
2024-12-01,2024-12-01,6,2025-06-01,65029224.51471878,78599285.51203212,12371850.563267188,salvador-IPTU,salvador,IPTU
2024-12-01,2024-12-01,7,2025-07-01,73109536.2810681,83751892.8449904,12371850.563267188,salvador-IPTU,salvador,IPTU
2024-12-01,2024-12-01,8,2025-08-01,72024794.89278775,81688387.80354452,12371850.563267188,salvador-IPTU,salvador,IPTU
2024-12-01,2024-12-01,9,2025-09-01,77720211.54924531,78421457.21072291,12371850.563267188,salvador-IPTU,salvador,IPTU
2024-12-01,2024-12-01,10,2025-10-01,69023680.11592714,80660827.01171008,12371850.563267188,salvador-IPTU,salvador,IPTU
2024-12-01,2024-12-01,11,2025-11-01,69525795.59107803,77198962.70145664,12371850.563267188,salvador-IPTU,salvador,IPTU
2024-12-01,2024-12-01,12,2025-12-01,133086096.84,91021890.8605589,12371850.563267188,salvador-IPTU,salvador,IPTU
2025-01-01,2025-01-01,1,2025-02-01,357310287.70151484,427192143.8032962,13124556.851657504,salvador-IPTU,salvador,IPTU
2025-01-01,2025-01-01,2,2025-03-01,74202146.27427402,106499080.93861894,13124556.851657504,salvador-IPTU,salvador,IPTU
2025-01-01,2025-01-01,3,2025-04-01,74811908.70994155,80007682.6288371,13124556.851657504,salvador-IPTU,salvador,IPTU
2025-01-01,2025-01-01,4,2025-05-01,72101614.35445404,79137344.75112066,13124556.851657504,salvador-IPTU,salvador,IPTU
2025-01-01,2025-01-01,5,2025-06-01,65029224.51471878,77919014.49043824,13124556.851657504,salvador-IPTU,salvador,IPTU
2025-01-01,2025-01-01,6,2025-07-01,73109536.2810681,82529312.07501857,13124556.851657504,salvador-IPTU,salvador,IPTU
2025-01-01,2025-01-01,7,2025-08-01,72024794.89278775,81032956.79682276,13124556.851657504,salvador-IPTU,salvador,IPTU
2025-01-01,2025-01-01,8,2025-09-01,77720211.54924531,78463641.6313453,13124556.851657504,salvador-IPTU,salvador,IPTU
2025-01-01,2025-01-01,9,2025-10-01,69023680.11592714,79976232.14681444,13124556.851657504,salvador-IPTU,salvador,IPTU
2025-01-01,2025-01-01,10,2025-11-01,69525795.59107803,77592299.51663889,13124556.851657504,salvador-IPTU,salvador,IPTU
2025-01-01,2025-01-01,11,2025-12-01,133086096.84,88648841.01389632,13124556.851657504,salvador-IPTU,salvador,IPTU
2025-02-01,2025-02-01,1,2025-03-01,74202146.27427402,103221524.1277806,13154009.065636449,salvador-IPTU,salvador,IPTU
2025-02-01,2025-02-01,2,2025-04-01,74811908.70994155,78712023.80873045,13154009.065636449,salvador-IPTU,salvador,IPTU
2025-02-01,2025-02-01,3,2025-05-01,72101614.35445404,78983839.79937911,13154009.065636449,salvador-IPTU,salvador,IPTU
2025-02-01,2025-02-01,4,2025-06-01,65029224.51471878,77159195.32464689,13154009.065636449,salvador-IPTU,salvador,IPTU
2025-02-01,2025-02-01,5,2025-07-01,73109536.2810681,82495538.46879736,13154009.065636449,salvador-IPTU,salvador,IPTU
2025-02-01,2025-02-01,6,2025-08-01,72024794.89278775,80638637.37776251,13154009.065636449,salvador-IPTU,salvador,IPTU
2025-02-01,2025-02-01,7,2025-09-01,77720211.54924531,77254070.94249478,13154009.065636449,salvador-IPTU,salvador,IPTU
2025-02-01,2025-02-01,8,2025-10-01,69023680.11592714,79100496.86053386,13154009.065636449,salvador-IPTU,salvador,IPTU
2025-02-01,2025-02-01,9,2025-11-01,69525795.59107803,76680723.64904548,13154009.065636449,salvador-IPTU,salvador,IPTU
2025-02-01,2025-02-01,10,2025-12-01,133086096.84,90551280.72035682,13154009.065636449,salvador-IPTU,salvador,IPTU
2025-03-01,2025-03-01,1,2025-04-01,74811908.70994155,70911874.7974914,13114867.089261968,salvador-IPTU,salvador,IPTU
2025-03-01,2025-03-01,2,2025-05-01,72101614.35445404,70662148.38938655,13114867.089261968,salvador-IPTU,salvador,IPTU
2025-03-01,2025-03-01,3,2025-06-01,65029224.51471878,68608557.17774914,13114867.089261968,salvador-IPTU,salvador,IPTU
2025-03-01,2025-03-01,4,2025-07-01,73109536.2810681,73715009.40628062,13114867.089261968,salvador-IPTU,salvador,IPTU
2025-03-01,2025-03-01,5,2025-08-01,72024794.89278775,72996228.18144667,13114867.089261968,salvador-IPTU,salvador,IPTU
2025-03-01,2025-03-01,6,2025-09-01,77720211.54924531,68628423.29379457,13114867.089261968,salvador-IPTU,salvador,IPTU
2025-03-01,2025-03-01,7,2025-10-01,69023680.11592714,70618207.02648917,13114867.089261968,salvador-IPTU,salvador,IPTU
2025-03-01,2025-03-01,8,2025-11-01,69525795.59107803,67164356.22832039,13114867.089261968,salvador-IPTU,salvador,IPTU
2025-03-01,2025-03-01,9,2025-12-01,133086096.84,78638860.85752827,13114867.089261968,salvador-IPTU,salvador,IPTU
2025-04-01,2025-04-01,1,2025-05-01,72101614.35445404,78070322.0425115,13140181.85633908,salvador-IPTU,salvador,IPTU
2025-04-01,2025-04-01,2,2025-06-01,65029224.51471878,76581473.62298533,13140181.85633908,salvador-IPTU,salvador,IPTU
2025-04-01,2025-04-01,3,2025-07-01,73109536.2810681,81269651.35094899,13140181.85633908,salvador-IPTU,salvador,IPTU
2025-04-01,2025-04-01,4,2025-08-01,72024794.89278775,79733177.74153022,13140181.85633908,salvador-IPTU,salvador,IPTU
2025-04-01,2025-04-01,5,2025-09-01,77720211.54924531,76383388.552298,13140181.85633908,salvador-IPTU,salvador,IPTU
2025-04-01,2025-04-01,6,2025-10-01,69023680.11592714,78350932.28524798,13140181.85633908,salvador-IPTU,salvador,IPTU
2025-04-01,2025-04-01,7,2025-11-01,69525795.59107803,75920269.52972363,13140181.85633908,salvador-IPTU,salvador,IPTU
2025-04-01,2025-04-01,8,2025-12-01,133086096.84,88497825.19389355,13140181.85633908,salvador-IPTU,salvador,IPTU
2025-05-01,2025-05-01,1,2025-06-01,65029224.51471878,76390676.42754643,13093740.192598974,salvador-IPTU,salvador,IPTU
2025-05-01,2025-05-01,2,2025-07-01,73109536.2810681,81661964.08544387,13093740.192598974,salvador-IPTU,salvador,IPTU
2025-05-01,2025-05-01,3,2025-08-01,72024794.89278775,79842014.3140019,13093740.192598974,salvador-IPTU,salvador,IPTU
2025-05-01,2025-05-01,4,2025-09-01,77720211.54924531,76584103.69759218,13093740.192598974,salvador-IPTU,salvador,IPTU
2025-05-01,2025-05-01,5,2025-10-01,69023680.11592714,78663924.21518855,13093740.192598974,salvador-IPTU,salvador,IPTU
2025-05-01,2025-05-01,6,2025-11-01,69525795.59107803,75780807.36353345,13093740.192598974,salvador-IPTU,salvador,IPTU
2025-05-01,2025-05-01,7,2025-12-01,133086096.84,88981449.3535474,13093740.192598974,salvador-IPTU,salvador,IPTU
2025-06-01,2025-06-01,1,2025-07-01,73109536.2810681,72428475.36058393,13033069.336054457,salvador-IPTU,salvador,IPTU
2025-06-01,2025-06-01,2,2025-08-01,72024794.89278775,71189415.72877347,13033069.336054457,salvador-IPTU,salvador,IPTU
2025-06-01,2025-06-01,3,2025-09-01,77720211.54924531,67651486.79858233,13033069.336054457,salvador-IPTU,salvador,IPTU
2025-06-01,2025-06-01,4,2025-10-01,69023680.11592714,68989943.50692217,13033069.336054457,salvador-IPTU,salvador,IPTU
2025-06-01,2025-06-01,5,2025-11-01,69525795.59107803,66717613.723125845,13033069.336054457,salvador-IPTU,salvador,IPTU
2025-06-01,2025-06-01,6,2025-12-01,133086096.84,78349975.30163866,13033069.336054457,salvador-IPTU,salvador,IPTU
2025-07-01,2025-07-01,1,2025-08-01,72024794.89278775,79958414.75177723,12924951.507656043,salvador-IPTU,salvador,IPTU
2025-07-01,2025-07-01,2,2025-09-01,77720211.54924531,76218096.97629541,12924951.507656043,salvador-IPTU,salvador,IPTU
2025-07-01,2025-07-01,3,2025-10-01,69023680.11592714,78369096.50387253,12924951.507656043,salvador-IPTU,salvador,IPTU
2025-07-01,2025-07-01,4,2025-11-01,69525795.59107803,75658121.0463386,12924951.507656043,salvador-IPTU,salvador,IPTU
2025-07-01,2025-07-01,5,2025-12-01,133086096.84,88294662.11822182,12924951.507656043,salvador-IPTU,salvador,IPTU
2025-08-01,2025-08-01,1,2025-09-01,77720211.54924531,76093325.0920416,13069633.662895553,salvador-IPTU,salvador,IPTU
2025-08-01,2025-08-01,2,2025-10-01,69023680.11592714,78024492.86829543,13069633.662895553,salvador-IPTU,salvador,IPTU
2025-08-01,2025-08-01,3,2025-11-01,69525795.59107803,75964291.04957661,13069633.662895553,salvador-IPTU,salvador,IPTU
2025-08-01,2025-08-01,4,2025-12-01,133086096.84,87661729.68295518,13069633.662895553,salvador-IPTU,salvador,IPTU
2025-09-01,2025-09-01,1,2025-10-01,69023680.11592714,78152576.12412207,13013202.036635086,salvador-IPTU,salvador,IPTU
2025-09-01,2025-09-01,2,2025-11-01,69525795.59107803,75575590.19375901,13013202.036635086,salvador-IPTU,salvador,IPTU
2025-09-01,2025-09-01,3,2025-12-01,133086096.84,87462622.47867323,13013202.036635086,salvador-IPTU,salvador,IPTU
2025-10-01,2025-10-01,1,2025-11-01,69525795.59107803,74870640.70094255,13061959.633349037,salvador-IPTU,salvador,IPTU
2025-10-01,2025-10-01,2,2025-12-01,133086096.84,88023096.16304766,13061959.633349037,salvador-IPTU,salvador,IPTU
2025-11-01,2025-11-01,1,2025-12-01,133086096.84,88567451.55402538,13013612.955846861,salvador-IPTU,salvador,IPTU
2020-12-01,2020-12-01,1,2021-01-01,106606457.19607326,121398368.97340783,9594906.942543963,salvador-ISSQN,salvador,ISSQN
2020-12-01,2020-12-01,2,2021-02-01,114204022.76247141,123103327.90887015,9594906.942543963,salvador-ISSQN,salvador,ISSQN
2020-12-01,2020-12-01,3,2021-03-01,120896788.44024572,133297927.09277381,9594906.942543963,salvador-ISSQN,salvador,ISSQN
2020-12-01,2020-12-01,4,2021-04-01,114103811.56111069,127368205.69889818,9594906.942543963,salvador-ISSQN,salvador,ISSQN
2020-12-01,2020-12-01,5,2021-05-01,113131968.70718983,127444744.21617411,9594906.942543963,salvador-ISSQN,salvador,ISSQN
2020-12-01,2020-12-01,6,2021-06-01,116471904.49873734,124817770.40905719,9594906.942543963,salvador-ISSQN,salvador,ISSQN
2020-12-01,2020-12-01,7,2021-07-01,130256096.11011124,126599138.89381045,9594906.942543963,salvador-ISSQN,salvador,ISSQN
2020-12-01,2020-12-01,8,2021-08-01,155566183.28985867,125136413.93846983,9594906.942543963,salvador-ISSQN,salvador,ISSQN
2020-12-01,2020-12-01,9,2021-09-01,137803337.4548178,134378050.82384554,9594906.942543963,salvador-ISSQN,salvador,ISSQN
2020-12-01,2020-12-01,10,2021-10-01,133191157.75487636,129068119.04148073,9594906.942543963,salvador-ISSQN,salvador,ISSQN
2020-12-01,2020-12-01,11,2021-11-01,144735405.66712868,133495648.83494782,9594906.942543963,salvador-ISSQN,salvador,ISSQN
2020-12-01,2020-12-01,12,2021-12-01,173727685.14791396,164375928.59667712,9594906.942543963,salvador-ISSQN,salvador,ISSQN
2021-01-01,2021-01-01,1,2021-02-01,114204022.76247141,115420560.31028946,9760599.940792616,salvador-ISSQN,salvador,ISSQN
2021-01-01,2021-01-01,2,2021-03-01,120896788.44024572,125340994.10753566,9760599.940792616,salvador-ISSQN,salvador,ISSQN
2021-01-01,2021-01-01,3,2021-04-01,114103811.56111069,119562518.38240333,9760599.940792616,salvador-ISSQN,salvador,ISSQN
2021-01-01,2021-01-01,4,2021-05-01,113131968.70718983,120913668.75066352,9760599.940792616,salvador-ISSQN,salvador,ISSQN
2021-01-01,2021-01-01,5,2021-06-01,116471904.49873734,118073165.90536986,9760599.940792616,salvador-ISSQN,salvador,ISSQN
2021-01-01,2021-01-01,6,2021-07-01,130256096.11011124,120122347.38702708,9760599.940792616,salvador-ISSQN,salvador,ISSQN
2021-01-01,2021-01-01,7,2021-08-01,155566183.28985867,117721547.14732407,9760599.940792616,salvador-ISSQN,salvador,ISSQN
2021-01-01,2021-01-01,8,2021-09-01,137803337.4548178,127860198.5883998,9760599.940792616,salvador-ISSQN,salvador,ISSQN
2021-01-01,2021-01-01,9,2021-10-01,133191157.75487636,125514785.09836495,9760599.940792616,salvador-ISSQN,salvador,ISSQN
2021-01-01,2021-01-01,10,2021-11-01,144735405.66712868,124773814.92428994,9760599.940792616,salvador-ISSQN,salvador,ISSQN
2021-01-01,2021-01-01,11,2021-12-01,173727685.14791396,155940008.9858963,9760599.940792616,salvador-ISSQN,salvador,ISSQN
2021-01-01,2021-01-01,12,2022-01-01,122149190.55838329,113320784.40755826,9760599.940792616,salvador-ISSQN,salvador,ISSQN
2021-02-01,2021-02-01,1,2021-03-01,120896788.44024572,125103975.49854015,9806268.707568316,salvador-ISSQN,salvador,ISSQN
2021-02-01,2021-02-01,2,2021-04-01,114103811.56111069,119979461.52020143,9806268.707568316,salvador-ISSQN,salvador,ISSQN
2021-02-01,2021-02-01,3,2021-05-01,113131968.70718983,121040213.68330078,9806268.707568316,salvador-ISSQN,salvador,ISSQN
2021-02-01,2021-02-01,4,2021-06-01,116471904.49873734,117714532.0530801,9806268.707568316,salvador-ISSQN,salvador,ISSQN
2021-02-01,2021-02-01,5,2021-07-01,130256096.11011124,119609412.75682516,9806268.707568316,salvador-ISSQN,salvador,ISSQN
2021-02-01,2021-02-01,6,2021-08-01,155566183.28985867,118100139.27943586,9806268.707568316,salvador-ISSQN,salvador,ISSQN
2021-02-01,2021-02-01,7,2021-09-01,137803337.4548178,126599487.8078545,9806268.707568316,salvador-ISSQN,salvador,ISSQN
2021-02-01,2021-02-01,8,2021-10-01,133191157.75487636,121207838.69492202,9806268.707568316,salvador-ISSQN,salvador,ISSQN
2021-02-01,2021-02-01,9,2021-11-01,144735405.66712868,122571491.75887793,9806268.707568316,salvador-ISSQN,salvador,ISSQN
2021-02-01,2021-02-01,10,2021-12-01,173727685.14791396,153828944.54782334,9806268.707568316,salvador-ISSQN,salvador,ISSQN
2021-02-01,2021-02-01,11,2022-01-01,122149190.55838329,112079499.5338421,9806268.707568316,salvador-ISSQN,salvador,ISSQN
2021-02-01,2021-02-01,12,2022-02-01,114236272.5266531,114848233.72295347,9806268.707568316,salvador-ISSQN,salvador,ISSQN
2021-03-01,2021-03-01,1,2021-04-01,114103811.56111069,119564835.5022788,9861347.832970107,salvador-ISSQN,salvador,ISSQN
2021-03-01,2021-03-01,2,2021-05-01,113131968.70718983,118442423.91476278,9861347.832970107,salvador-ISSQN,salvador,ISSQN
2021-03-01,2021-03-01,3,2021-06-01,116471904.49873734,116115961.180596,9861347.832970107,salvador-ISSQN,salvador,ISSQN
2021-03-01,2021-03-01,4,2021-07-01,130256096.11011124,118557907.6015903,9861347.832970107,salvador-ISSQN,salvador,ISSQN
2021-03-01,2021-03-01,5,2021-08-01,155566183.28985867,117998222.52170679,9861347.832970107,salvador-ISSQN,salvador,ISSQN
2021-03-01,2021-03-01,6,2021-09-01,137803337.4548178,124200091.2896123,9861347.832970107,salvador-ISSQN,salvador,ISSQN
2021-03-01,2021-03-01,7,2021-10-01,133191157.75487636,120103177.23118927,9861347.832970107,salvador-ISSQN,salvador,ISSQN
2021-03-01,2021-03-01,8,2021-11-01,144735405.66712868,122499447.83855848,9861347.832970107,salvador-ISSQN,salvador,ISSQN
2021-03-01,2021-03-01,9,2021-12-01,173727685.14791396,152184521.01978615,9861347.832970107,salvador-ISSQN,salvador,ISSQN
2021-03-01,2021-03-01,10,2022-01-01,122149190.55838329,110986969.39176595,9861347.832970107,salvador-ISSQN,salvador,ISSQN
2021-03-01,2021-03-01,11,2022-02-01,114236272.5266531,113816164.59375665,9861347.832970107,salvador-ISSQN,salvador,ISSQN
2021-03-01,2021-03-01,12,2022-03-01,127772172.220623,122041351.39522792,9861347.832970107,salvador-ISSQN,salvador,ISSQN
2021-04-01,2021-04-01,1,2021-05-01,113131968.70718983,117602736.3238616,9709051.92628519,salvador-ISSQN,salvador,ISSQN
2021-04-01,2021-04-01,2,2021-06-01,116471904.49873734,115632937.11032096,9709051.92628519,salvador-ISSQN,salvador,ISSQN
2021-04-01,2021-04-01,3,2021-07-01,130256096.11011124,118801117.99632256,9709051.92628519,salvador-ISSQN,salvador,ISSQN
2021-04-01,2021-04-01,4,2021-08-01,155566183.28985867,117224455.21657127,9709051.92628519,salvador-ISSQN,salvador,ISSQN
2021-04-01,2021-04-01,5,2021-09-01,137803337.4548178,123407014.14404464,9709051.92628519,salvador-ISSQN,salvador,ISSQN
2021-04-01,2021-04-01,6,2021-10-01,133191157.75487636,118784255.64724232,9709051.92628519,salvador-ISSQN,salvador,ISSQN
2021-04-01,2021-04-01,7,2021-11-01,144735405.66712868,121615304.28241885,9709051.92628519,salvador-ISSQN,salvador,ISSQN
2021-04-01,2021-04-01,8,2021-12-01,173727685.14791396,150403100.79716587,9709051.92628519,salvador-ISSQN,salvador,ISSQN
2021-04-01,2021-04-01,9,2022-01-01,122149190.55838329,109352000.95305231,9709051.92628519,salvador-ISSQN,salvador,ISSQN
2021-04-01,2021-04-01,10,2022-02-01,114236272.5266531,112672463.59022823,9709051.92628519,salvador-ISSQN,salvador,ISSQN
2021-04-01,2021-04-01,11,2022-03-01,127772172.220623,119991432.16701902,9709051.92628519,salvador-ISSQN,salvador,ISSQN
2021-04-01,2021-04-01,12,2022-04-01,125087559.77891354,117027281.66144522,9709051.92628519,salvador-ISSQN,salvador,ISSQN
2021-05-01,2021-05-01,1,2021-06-01,116471904.49873734,112717370.29106386,9756553.351907857,salvador-ISSQN,salvador,ISSQN
2021-05-01,2021-05-01,2,2021-07-01,130256096.11011124,113003278.0310586,9756553.351907857,salvador-ISSQN,salvador,ISSQN
2021-05-01,2021-05-01,3,2021-08-01,155566183.28985867,113580427.92435464,9756553.351907857,salvador-ISSQN,salvador,ISSQN
2021-05-01,2021-05-01,4,2021-09-01,137803337.4548178,122095988.61285685,9756553.351907857,salvador-ISSQN,salvador,ISSQN
2021-05-01,2021-05-01,5,2021-10-01,133191157.75487636,119259939.7321714,9756553.351907857,salvador-ISSQN,salvador,ISSQN
2021-05-01,2021-05-01,6,2021-11-01,144735405.66712868,119387179.48139174,9756553.351907857,salvador-ISSQN,salvador,ISSQN
2021-05-01,2021-05-01,7,2021-12-01,173727685.14791396,147938075.60520494,9756553.351907857,salvador-ISSQN,salvador,ISSQN
2021-05-01,2021-05-01,8,2022-01-01,122149190.55838329,107756929.15110044,9756553.351907857,salvador-ISSQN,salvador,ISSQN
2021-05-01,2021-05-01,9,2022-02-01,114236272.5266531,109783399.63156615,9756553.351907857,salvador-ISSQN,salvador,ISSQN
2021-05-01,2021-05-01,10,2022-03-01,127772172.220623,119921265.54096618,9756553.351907857,salvador-ISSQN,salvador,ISSQN
2021-05-01,2021-05-01,11,2022-04-01,125087559.77891354,115241767.83179316,9756553.351907857,salvador-ISSQN,salvador,ISSQN
2021-05-01,2021-05-01,12,2022-05-01,158617101.47339234,115012681.2101477,9756553.351907857,salvador-ISSQN,salvador,ISSQN
2021-06-01,2021-06-01,1,2021-07-01,130256096.11011124,117896699.06649192,9813376.700045837,salvador-ISSQN,salvador,ISSQN
2021-06-01,2021-06-01,2,2021-08-01,155566183.28985867,116513897.64307863,9813376.700045837,salvador-ISSQN,salvador,ISSQN
2021-06-01,2021-06-01,3,2021-09-01,137803337.4548178,123668965.22250123,9813376.700045837,salvador-ISSQN,salvador,ISSQN
2021-06-01,2021-06-01,4,2021-10-01,133191157.75487636,121530809.15655415,9813376.700045837,salvador-ISSQN,salvador,ISSQN
2021-06-01,2021-06-01,5,2021-11-01,144735405.66712868,122476178.9831962,9813376.700045837,salvador-ISSQN,salvador,ISSQN
2021-06-01,2021-06-01,6,2021-12-01,173727685.14791396,150378720.263616,9813376.700045837,salvador-ISSQN,salvador,ISSQN
2021-06-01,2021-06-01,7,2022-01-01,122149190.55838329,110742565.94824742,9813376.700045837,salvador-ISSQN,salvador,ISSQN
2021-06-01,2021-06-01,8,2022-02-01,114236272.5266531,113133679.98853041,9813376.700045837,salvador-ISSQN,salvador,ISSQN
2021-06-01,2021-06-01,9,2022-03-01,127772172.220623,122571587.9955236,9813376.700045837,salvador-ISSQN,salvador,ISSQN
2021-06-01,2021-06-01,10,2022-04-01,125087559.77891354,116686172.97544071,9813376.700045837,salvador-ISSQN,salvador,ISSQN
2021-06-01,2021-06-01,11,2022-05-01,158617101.47339234,117754046.65299337,9813376.700045837,salvador-ISSQN,salvador,ISSQN
2021-06-01,2021-06-01,12,2022-06-01,140282250.49272528,114734335.579399,9813376.700045837,salvador-ISSQN,salvador,ISSQN
2021-07-01,2021-07-01,1,2021-08-01,155566183.28985867,119756598.10910985,9905072.651535444,salvador-ISSQN,salvador,ISSQN
2021-07-01,2021-07-01,2,2021-09-01,137803337.4548178,127810637.26338243,9905072.651535444,salvador-ISSQN,salvador,ISSQN
2021-07-01,2021-07-01,3,2021-10-01,133191157.75487636,125241918.81073478,9905072.651535444,salvador-ISSQN,salvador,ISSQN
2021-07-01,2021-07-01,4,2021-11-01,144735405.66712868,127136543.81798951,9905072.651535444,salvador-ISSQN,salvador,ISSQN
2021-07-01,2021-07-01,5,2021-12-01,173727685.14791396,156349233.2222289,9905072.651535444,salvador-ISSQN,salvador,ISSQN
2021-07-01,2021-07-01,6,2022-01-01,122149190.55838329,113485326.43178293,9905072.651535444,salvador-ISSQN,salvador,ISSQN
2021-07-01,2021-07-01,7,2022-02-01,114236272.5266531,116338874.22411992,9905072.651535444,salvador-ISSQN,salvador,ISSQN
2021-07-01,2021-07-01,8,2022-03-01,127772172.220623,125385661.63343559,9905072.651535444,salvador-ISSQN,salvador,ISSQN
2021-07-01,2021-07-01,9,2022-04-01,125087559.77891354,119573728.59315538,9905072.651535444,salvador-ISSQN,salvador,ISSQN
2021-07-01,2021-07-01,10,2022-05-01,158617101.47339234,121282607.61193772,9905072.651535444,salvador-ISSQN,salvador,ISSQN
2021-07-01,2021-07-01,11,2022-06-01,140282250.49272528,118212965.2964456,9905072.651535444,salvador-ISSQN,salvador,ISSQN
2021-07-01,2021-07-01,12,2022-07-01,136077881.4518655,121106477.40655348,9905072.651535444,salvador-ISSQN,salvador,ISSQN
2021-08-01,2021-08-01,1,2021-09-01,137803337.4548178,134827311.56063914,10404313.661469439,salvador-ISSQN,salvador,ISSQN
2021-08-01,2021-08-01,2,2021-10-01,133191157.75487636,128806782.025257,10404313.661469439,salvador-ISSQN,salvador,ISSQN
2021-08-01,2021-08-01,3,2021-11-01,144735405.66712868,133247793.37168947,10404313.661469439,salvador-ISSQN,salvador,ISSQN
2021-08-01,2021-08-01,4,2021-12-01,173727685.14791396,162294678.2980719,10404313.661469439,salvador-ISSQN,salvador,ISSQN
2021-08-01,2021-08-01,5,2022-01-01,122149190.55838329,117226978.40612435,10404313.661469439,salvador-ISSQN,salvador,ISSQN
2021-08-01,2021-08-01,6,2022-02-01,114236272.5266531,119464568.7141864,10404313.661469439,salvador-ISSQN,salvador,ISSQN
2021-08-01,2021-08-01,7,2022-03-01,127772172.220623,133487017.15579396,10404313.661469439,salvador-ISSQN,salvador,ISSQN
2021-08-01,2021-08-01,8,2022-04-01,125087559.77891354,124181818.53997742,10404313.661469439,salvador-ISSQN,salvador,ISSQN
2021-08-01,2021-08-01,9,2022-05-01,158617101.47339234,125569309.66512533,10404313.661469439,salvador-ISSQN,salvador,ISSQN
2021-08-01,2021-08-01,10,2022-06-01,140282250.49272528,122448509.1255347,10404313.661469439,salvador-ISSQN,salvador,ISSQN
2021-08-01,2021-08-01,11,2022-07-01,136077881.4518655,126157529.43124099,10404313.661469439,salvador-ISSQN,salvador,ISSQN
2021-08-01,2021-08-01,12,2022-08-01,143715514.76575464,130202724.35164893,10404313.661469439,salvador-ISSQN,salvador,ISSQN
2021-09-01,2021-09-01,1,2021-10-01,133191157.75487636,135475032.78590965,10475026.293769283,salvador-ISSQN,salvador,ISSQN
2021-09-01,2021-09-01,2,2021-11-01,144735405.66712868,135308934.77439678,10475026.293769283,salvador-ISSQN,salvador,ISSQN
2021-09-01,2021-09-01,3,2021-12-01,173727685.14791396,168493858.6582526,10475026.293769283,salvador-ISSQN,salvador,ISSQN
2021-09-01,2021-09-01,4,2022-01-01,122149190.55838329,122074436.55827324,10475026.293769283,salvador-ISSQN,salvador,ISSQN
2021-09-01,2021-09-01,5,2022-02-01,114236272.5266531,123680429.5611647,10475026.293769283,salvador-ISSQN,salvador,ISSQN
2021-09-01,2021-09-01,6,2022-03-01,127772172.220623,132383816.4428137,10475026.293769283,salvador-ISSQN,salvador,ISSQN
2021-09-01,2021-09-01,7,2022-04-01,125087559.77891354,126590054.32768701,10475026.293769283,salvador-ISSQN,salvador,ISSQN
2021-09-01,2021-09-01,8,2022-05-01,158617101.47339234,128042033.85464513,10475026.293769283,salvador-ISSQN,salvador,ISSQN
2021-09-01,2021-09-01,9,2022-06-01,140282250.49272528,125739914.34045158,10475026.293769283,salvador-ISSQN,salvador,ISSQN
2021-09-01,2021-09-01,10,2022-07-01,136077881.4518655,131618840.33180343,10475026.293769283,salvador-ISSQN,salvador,ISSQN
2021-09-01,2021-09-01,11,2022-08-01,143715514.76575464,133837236.98540959,10475026.293769283,salvador-ISSQN,salvador,ISSQN
2021-09-01,2021-09-01,12,2022-09-01,160697582.0766429,137808893.1162077,10475026.293769283,salvador-ISSQN,salvador,ISSQN
2021-10-01,2021-10-01,1,2021-11-01,144735405.66712868,132576410.31891389,10367279.644576866,salvador-ISSQN,salvador,ISSQN
2021-10-01,2021-10-01,2,2021-12-01,173727685.14791396,168708146.7847305,10367279.644576866,salvador-ISSQN,salvador,ISSQN
2021-10-01,2021-10-01,3,2022-01-01,122149190.55838329,122452757.83290316,10367279.644576866,salvador-ISSQN,salvador,ISSQN
2021-10-01,2021-10-01,4,2022-02-01,114236272.5266531,125553459.84785971,10367279.644576866,salvador-ISSQN,salvador,ISSQN
2021-10-01,2021-10-01,5,2022-03-01,127772172.220623,133927821.23040411,10367279.644576866,salvador-ISSQN,salvador,ISSQN
2021-10-01,2021-10-01,6,2022-04-01,125087559.77891354,129714482.23927112,10367279.644576866,salvador-ISSQN,salvador,ISSQN
2021-10-01,2021-10-01,7,2022-05-01,158617101.47339234,129557004.47522388,10367279.644576866,salvador-ISSQN,salvador,ISSQN
2021-10-01,2021-10-01,8,2022-06-01,140282250.49272528,127116642.0195276,10367279.644576866,salvador-ISSQN,salvador,ISSQN
2021-10-01,2021-10-01,9,2022-07-01,136077881.4518655,131884511.9268658,10367279.644576866,salvador-ISSQN,salvador,ISSQN
2021-10-01,2021-10-01,10,2022-08-01,143715514.76575464,132928589.51505935,10367279.644576866,salvador-ISSQN,salvador,ISSQN
2021-10-01,2021-10-01,11,2022-09-01,160697582.0766429,138952689.42085528,10367279.644576866,salvador-ISSQN,salvador,ISSQN
2021-10-01,2021-10-01,12,2022-10-01,153494428.37310088,134572959.56933016,10367279.644576866,salvador-ISSQN,salvador,ISSQN
2021-11-01,2021-11-01,1,2021-12-01,173727685.14791396,172428395.0611864,10315866.099301636,salvador-ISSQN,salvador,ISSQN
2021-11-01,2021-11-01,2,2022-01-01,122149190.55838329,122459854.23409174,10315866.099301636,salvador-ISSQN,salvador,ISSQN
2021-11-01,2021-11-01,3,2022-02-01,114236272.5266531,125516008.2466417,10315866.099301636,salvador-ISSQN,salvador,ISSQN
2021-11-01,2021-11-01,4,2022-03-01,127772172.220623,135573608.58485854,10315866.099301636,salvador-ISSQN,salvador,ISSQN
2021-11-01,2021-11-01,5,2022-04-01,125087559.77891354,131159329.90814936,10315866.099301636,salvador-ISSQN,salvador,ISSQN
2021-11-01,2021-11-01,6,2022-05-01,158617101.47339234,130790645.2293574,10315866.099301636,salvador-ISSQN,salvador,ISSQN
2021-11-01,2021-11-01,7,2022-06-01,140282250.49272528,129066913.22086635,10315866.099301636,salvador-ISSQN,salvador,ISSQN
2021-11-01,2021-11-01,8,2022-07-01,136077881.4518655,131852385.65165423,10315866.099301636,salvador-ISSQN,salvador,ISSQN
2021-11-01,2021-11-01,9,2022-08-01,143715514.76575464,134090384.48292056,10315866.099301636,salvador-ISSQN,salvador,ISSQN
2021-11-01,2021-11-01,10,2022-09-01,160697582.0766429,138464262.36183745,10315866.099301636,salvador-ISSQN,salvador,ISSQN
2021-11-01,2021-11-01,11,2022-10-01,153494428.37310088,137067492.99823666,10315866.099301636,salvador-ISSQN,salvador,ISSQN
2021-11-01,2021-11-01,12,2022-11-01,145852410.06631136,138206479.89246613,10315866.099301636,salvador-ISSQN,salvador,ISSQN
2021-12-01,2021-12-01,1,2022-01-01,122149190.55838329,125505371.94958882,10291360.585169924,salvador-ISSQN,salvador,ISSQN
2021-12-01,2021-12-01,2,2022-02-01,114236272.5266531,128886909.5454067,10291360.585169924,salvador-ISSQN,salvador,ISSQN
2021-12-01,2021-12-01,3,2022-03-01,127772172.220623,139181713.0415808,10291360.585169924,salvador-ISSQN,salvador,ISSQN
2021-12-01,2021-12-01,4,2022-04-01,125087559.77891354,132578307.11294818,10291360.585169924,salvador-ISSQN,salvador,ISSQN
2021-12-01,2021-12-01,5,2022-05-01,158617101.47339234,132473621.41621605,10291360.585169924,salvador-ISSQN,salvador,ISSQN
2021-12-01,2021-12-01,6,2022-06-01,140282250.49272528,129554778.48694976,10291360.585169924,salvador-ISSQN,salvador,ISSQN
2021-12-01,2021-12-01,7,2022-07-01,136077881.4518655,133327980.98842199,10291360.585169924,salvador-ISSQN,salvador,ISSQN
2021-12-01,2021-12-01,8,2022-08-01,143715514.76575464,135744278.45911437,10291360.585169924,salvador-ISSQN,salvador,ISSQN
2021-12-01,2021-12-01,9,2022-09-01,160697582.0766429,143025060.70395288,10291360.585169924,salvador-ISSQN,salvador,ISSQN
2021-12-01,2021-12-01,10,2022-10-01,153494428.37310088,138724338.40535593,10291360.585169924,salvador-ISSQN,salvador,ISSQN
2021-12-01,2021-12-01,11,2022-11-01,145852410.06631136,139471749.2004613,10291360.585169924,salvador-ISSQN,salvador,ISSQN
2021-12-01,2021-12-01,12,2022-12-01,173647289.37823588,174387595.09191188,10291360.585169924,salvador-ISSQN,salvador,ISSQN
2022-01-01,2022-01-01,1,2022-02-01,114236272.5266531,124310235.53815416,10363297.198555406,salvador-ISSQN,salvador,ISSQN
2022-01-01,2022-01-01,2,2022-03-01,127772172.220623,134325018.722223,10363297.198555406,salvador-ISSQN,salvador,ISSQN
2022-01-01,2022-01-01,3,2022-04-01,125087559.77891354,130146384.81286769,10363297.198555406,salvador-ISSQN,salvador,ISSQN
2022-01-01,2022-01-01,4,2022-05-01,158617101.47339234,131384261.1297518,10363297.198555406,salvador-ISSQN,salvador,ISSQN
2022-01-01,2022-01-01,5,2022-06-01,140282250.49272528,129411877.81555483,10363297.198555406,salvador-ISSQN,salvador,ISSQN
2022-01-01,2022-01-01,6,2022-07-01,136077881.4518655,132152606.19090235,10363297.198555406,salvador-ISSQN,salvador,ISSQN
2022-01-01,2022-01-01,7,2022-08-01,143715514.76575464,134268961.88810655,10363297.198555406,salvador-ISSQN,salvador,ISSQN
2022-01-01,2022-01-01,8,2022-09-01,160697582.0766429,140149200.2625792,10363297.198555406,salvador-ISSQN,salvador,ISSQN
2022-01-01,2022-01-01,9,2022-10-01,153494428.37310088,133905510.45215353,10363297.198555406,salvador-ISSQN,salvador,ISSQN
2022-01-01,2022-01-01,10,2022-11-01,145852410.06631136,142862327.76595122,10363297.198555406,salvador-ISSQN,salvador,ISSQN
2022-01-01,2022-01-01,11,2022-12-01,173647289.37823588,170754176.67630795,10363297.198555406,salvador-ISSQN,salvador,ISSQN
2022-01-01,2022-01-01,12,2023-01-01,135212874.65426108,122962019.84128262,10363297.198555406,salvador-ISSQN,salvador,ISSQN
2022-02-01,2022-02-01,1,2022-03-01,127772172.220623,132736712.91566937,10223688.449442249,salvador-ISSQN,salvador,ISSQN
2022-02-01,2022-02-01,2,2022-04-01,125087559.77891354,127639752.8197812,10223688.449442249,salvador-ISSQN,salvador,ISSQN
2022-02-01,2022-02-01,3,2022-05-01,158617101.47339234,127950589.3177478,10223688.449442249,salvador-ISSQN,salvador,ISSQN
2022-02-01,2022-02-01,4,2022-06-01,140282250.49272528,125046929.43096858,10223688.449442249,salvador-ISSQN,salvador,ISSQN
2022-02-01,2022-02-01,5,2022-07-01,136077881.4518655,129282609.73309563,10223688.449442249,salvador-ISSQN,salvador,ISSQN
2022-02-01,2022-02-01,6,2022-08-01,143715514.76575464,131984331.06000754,10223688.449442249,salvador-ISSQN,salvador,ISSQN
2022-02-01,2022-02-01,7,2022-09-01,160697582.0766429,135244678.89189515,10223688.449442249,salvador-ISSQN,salvador,ISSQN
2022-02-01,2022-02-01,8,2022-10-01,153494428.37310088,133458093.40933064,10223688.449442249,salvador-ISSQN,salvador,ISSQN
2022-02-01,2022-02-01,9,2022-11-01,145852410.06631136,136192625.92904478,10223688.449442249,salvador-ISSQN,salvador,ISSQN
2022-02-01,2022-02-01,10,2022-12-01,173647289.37823588,167828511.20088324,10223688.449442249,salvador-ISSQN,salvador,ISSQN
2022-02-01,2022-02-01,11,2023-01-01,135212874.65426108,120261616.30243503,10223688.449442249,salvador-ISSQN,salvador,ISSQN
2022-02-01,2022-02-01,12,2023-02-01,132887451.56330125,120707872.28600004,10223688.449442249,salvador-ISSQN,salvador,ISSQN
2022-03-01,2022-03-01,1,2022-04-01,125087559.77891354,124620664.29354364,10179044.387188049,salvador-ISSQN,salvador,ISSQN
2022-03-01,2022-03-01,2,2022-05-01,158617101.47339234,125252910.61266598,10179044.387188049,salvador-ISSQN,salvador,ISSQN
2022-03-01,2022-03-01,3,2022-06-01,140282250.49272528,121572811.17116393,10179044.387188049,salvador-ISSQN,salvador,ISSQN
2022-03-01,2022-03-01,4,2022-07-01,136077881.4518655,123725591.13911088,10179044.387188049,salvador-ISSQN,salvador,ISSQN
2022-03-01,2022-03-01,5,2022-08-01,143715514.76575464,128907234.65167862,10179044.387188049,salvador-ISSQN,salvador,ISSQN
2022-03-01,2022-03-01,6,2022-09-01,160697582.0766429,132640213.82151122,10179044.387188049,salvador-ISSQN,salvador,ISSQN
2022-03-01,2022-03-01,7,2022-10-01,153494428.37310088,129199174.83773863,10179044.387188049,salvador-ISSQN,salvador,ISSQN
2022-03-01,2022-03-01,8,2022-11-01,145852410.06631136,131462019.30730115,10179044.387188049,salvador-ISSQN,salvador,ISSQN
2022-03-01,2022-03-01,9,2022-12-01,173647289.37823588,162056192.04791772,10179044.387188049,salvador-ISSQN,salvador,ISSQN
2022-03-01,2022-03-01,10,2023-01-01,135212874.65426108,116991643.31287448,10179044.387188049,salvador-ISSQN,salvador,ISSQN
2022-03-01,2022-03-01,11,2023-02-01,132887451.56330125,117955657.22727604,10179044.387188049,salvador-ISSQN,salvador,ISSQN
2022-03-01,2022-03-01,12,2023-03-01,145681238.28892994,129571346.8204353,10179044.387188049,salvador-ISSQN,salvador,ISSQN
2022-04-01,2022-04-01,1,2022-05-01,158617101.47339234,124269202.8654584,10189632.595485613,salvador-ISSQN,salvador,ISSQN
2022-04-01,2022-04-01,2,2022-06-01,140282250.49272528,123482198.20773618,10189632.595485613,salvador-ISSQN,salvador,ISSQN
2022-04-01,2022-04-01,3,2022-07-01,136077881.4518655,126413934.61495155,10189632.595485613,salvador-ISSQN,salvador,ISSQN
2022-04-01,2022-04-01,4,2022-08-01,143715514.76575464,128331601.81587207,10189632.595485613,salvador-ISSQN,salvador,ISSQN
2022-04-01,2022-04-01,5,2022-09-01,160697582.0766429,134745761.17140877,10189632.595485613,salvador-ISSQN,salvador,ISSQN
2022-04-01,2022-04-01,6,2022-10-01,153494428.37310088,131915099.22109982,10189632.595485613,salvador-ISSQN,salvador,ISSQN
2022-04-01,2022-04-01,7,2022-11-01,145852410.06631136,134363893.95540568,10189632.595485613,salvador-ISSQN,salvador,ISSQN
2022-04-01,2022-04-01,8,2022-12-01,173647289.37823588,165818431.14040643,10189632.595485613,salvador-ISSQN,salvador,ISSQN
2022-04-01,2022-04-01,9,2023-01-01,135212874.65426108,119437784.21227433,10189632.595485613,salvador-ISSQN,salvador,ISSQN
2022-04-01,2022-04-01,10,2023-02-01,132887451.56330125,119945787.01100883,10189632.595485613,salvador-ISSQN,salvador,ISSQN
2022-04-01,2022-04-01,11,2023-03-01,145681238.28892994,128556675.77561535,10189632.595485613,salvador-ISSQN,salvador,ISSQN
2022-04-01,2022-04-01,12,2023-04-01,143508604.1514569,124255361.61187208,10189632.595485613,salvador-ISSQN,salvador,ISSQN
2022-05-01,2022-05-01,1,2022-06-01,140282250.49272528,132108154.65658426,10648015.714585831,salvador-ISSQN,salvador,ISSQN
2022-05-01,2022-05-01,2,2022-07-01,136077881.4518655,134720830.47231287,10648015.714585831,salvador-ISSQN,salvador,ISSQN
2022-05-01,2022-05-01,3,2022-08-01,143715514.76575464,137537254.21730444,10648015.714585831,salvador-ISSQN,salvador,ISSQN
2022-05-01,2022-05-01,4,2022-09-01,160697582.0766429,142875546.82125956,10648015.714585831,salvador-ISSQN,salvador,ISSQN
2022-05-01,2022-05-01,5,2022-10-01,153494428.37310088,140033453.7610727,10648015.714585831,salvador-ISSQN,salvador,ISSQN
2022-05-01,2022-05-01,6,2022-11-01,145852410.06631136,143071648.32909575,10648015.714585831,salvador-ISSQN,salvador,ISSQN
2022-05-01,2022-05-01,7,2022-12-01,173647289.37823588,174575220.83115026,10648015.714585831,salvador-ISSQN,salvador,ISSQN
2022-05-01,2022-05-01,8,2023-01-01,135212874.65426108,126383011.05250661,10648015.714585831,salvador-ISSQN,salvador,ISSQN
2022-05-01,2022-05-01,9,2023-02-01,132887451.56330125,126679575.60750686,10648015.714585831,salvador-ISSQN,salvador,ISSQN
2022-05-01,2022-05-01,10,2023-03-01,145681238.28892994,139434224.902427,10648015.714585831,salvador-ISSQN,salvador,ISSQN
2022-05-01,2022-05-01,11,2023-04-01,143508604.1514569,132664099.58761147,10648015.714585831,salvador-ISSQN,salvador,ISSQN
2022-05-01,2022-05-01,12,2023-05-01,145983428.00425628,136945303.31751436,10648015.714585831,salvador-ISSQN,salvador,ISSQN
2022-06-01,2022-06-01,1,2022-07-01,136077881.4518655,139091992.03138483,10816763.538680729,salvador-ISSQN,salvador,ISSQN
2022-06-01,2022-06-01,2,2022-08-01,143715514.76575464,140443780.77352455,10816763.538680729,salvador-ISSQN,salvador,ISSQN
2022-06-01,2022-06-01,3,2022-09-01,160697582.0766429,146943968.1349758,10816763.538680729,salvador-ISSQN,salvador,ISSQN
2022-06-01,2022-06-01,4,2022-10-01,153494428.37310088,143259287.87400934,10816763.538680729,salvador-ISSQN,salvador,ISSQN
2022-06-01,2022-06-01,5,2022-11-01,145852410.06631136,146605264.6459235,10816763.538680729,salvador-ISSQN,salvador,ISSQN
2022-06-01,2022-06-01,6,2022-12-01,173647289.37823588,178994800.7124632,10816763.538680729,salvador-ISSQN,salvador,ISSQN
2022-06-01,2022-06-01,7,2023-01-01,135212874.65426108,128749228.09705134,10816763.538680729,salvador-ISSQN,salvador,ISSQN
2022-06-01,2022-06-01,8,2023-02-01,132887451.56330125,129905674.227988,10816763.538680729,salvador-ISSQN,salvador,ISSQN
2022-06-01,2022-06-01,9,2023-03-01,145681238.28892994,141695831.44631183,10816763.538680729,salvador-ISSQN,salvador,ISSQN
2022-06-01,2022-06-01,10,2023-04-01,143508604.1514569,134667434.91876936,10816763.538680729,salvador-ISSQN,salvador,ISSQN
2022-06-01,2022-06-01,11,2023-05-01,145983428.00425628,139303225.7194345,10816763.538680729,salvador-ISSQN,salvador,ISSQN
2022-06-01,2022-06-01,12,2023-06-01,147945962.3126708,135471882.50228986,10816763.538680729,salvador-ISSQN,salvador,ISSQN
2022-07-01,2022-07-01,1,2022-08-01,143715514.76575464,140263495.08891654,10753535.966567736,salvador-ISSQN,salvador,ISSQN
2022-07-01,2022-07-01,2,2022-09-01,160697582.0766429,146506102.11210087,10753535.966567736,salvador-ISSQN,salvador,ISSQN
2022-07-01,2022-07-01,3,2022-10-01,153494428.37310088,142726970.31108057,10753535.966567736,salvador-ISSQN,salvador,ISSQN
2022-07-01,2022-07-01,4,2022-11-01,145852410.06631136,145405176.23076814,10753535.966567736,salvador-ISSQN,salvador,ISSQN
2022-07-01,2022-07-01,5,2022-12-01,173647289.37823588,179823395.50097108,10753535.966567736,salvador-ISSQN,salvador,ISSQN
2022-07-01,2022-07-01,6,2023-01-01,135212874.65426108,128935366.10385653,10753535.966567736,salvador-ISSQN,salvador,ISSQN
2022-07-01,2022-07-01,7,2023-02-01,132887451.56330125,130747453.5004864,10753535.966567736,salvador-ISSQN,salvador,ISSQN
2022-07-01,2022-07-01,8,2023-03-01,145681238.28892994,142372153.2764007,10753535.966567736,salvador-ISSQN,salvador,ISSQN
2022-07-01,2022-07-01,9,2023-04-01,143508604.1514569,134530013.75604984,10753535.966567736,salvador-ISSQN,salvador,ISSQN
2022-07-01,2022-07-01,10,2023-05-01,145983428.00425628,139535411.23657197,10753535.966567736,salvador-ISSQN,salvador,ISSQN
2022-07-01,2022-07-01,11,2023-06-01,147945962.3126708,134947023.68755546,10753535.966567736,salvador-ISSQN,salvador,ISSQN
2022-07-01,2022-07-01,12,2023-07-01,149804608.7464599,137357677.07225344,10753535.966567736,salvador-ISSQN,salvador,ISSQN
2022-08-01,2022-08-01,1,2022-09-01,160697582.0766429,145629951.4061395,10767250.123536939,salvador-ISSQN,salvador,ISSQN
2022-08-01,2022-08-01,2,2022-10-01,153494428.37310088,141122872.03661117,10767250.123536939,salvador-ISSQN,salvador,ISSQN
2022-08-01,2022-08-01,3,2022-11-01,145852410.06631136,144029523.93384388,10767250.123536939,salvador-ISSQN,salvador,ISSQN
2022-08-01,2022-08-01,4,2022-12-01,173647289.37823588,176677774.22091973,10767250.123536939,salvador-ISSQN,salvador,ISSQN
2022-08-01,2022-08-01,5,2023-01-01,135212874.65426108,128882489.97286609,10767250.123536939,salvador-ISSQN,salvador,ISSQN
2022-08-01,2022-08-01,6,2023-02-01,132887451.56330125,130190443.91677715,10767250.123536939,salvador-ISSQN,salvador,ISSQN
2022-08-01,2022-08-01,7,2023-03-01,145681238.28892994,139992116.07092562,10767250.123536939,salvador-ISSQN,salvador,ISSQN
2022-08-01,2022-08-01,8,2023-04-01,143508604.1514569,133771425.97522849,10767250.123536939,salvador-ISSQN,salvador,ISSQN
2022-08-01,2022-08-01,9,2023-05-01,145983428.00425628,140306292.10609227,10767250.123536939,salvador-ISSQN,salvador,ISSQN
2022-08-01,2022-08-01,10,2023-06-01,147945962.3126708,135805159.4333752,10767250.123536939,salvador-ISSQN,salvador,ISSQN
2022-08-01,2022-08-01,11,2023-07-01,149804608.7464599,136491328.46515462,10767250.123536939,salvador-ISSQN,salvador,ISSQN
2022-08-01,2022-08-01,12,2023-08-01,158308919.14379752,141203272.7304557,10767250.123536939,salvador-ISSQN,salvador,ISSQN
2022-09-01,2022-09-01,1,2022-10-01,153494428.37310088,144856529.78162172,10916966.104997287,salvador-ISSQN,salvador,ISSQN
2022-09-01,2022-09-01,2,2022-11-01,145852410.06631136,148935637.053471,10916966.104997287,salvador-ISSQN,salvador,ISSQN
2022-09-01,2022-09-01,3,2022-12-01,173647289.37823588,184280357.80330414,10916966.104997287,salvador-ISSQN,salvador,ISSQN
2022-09-01,2022-09-01,4,2023-01-01,135212874.65426108,133374253.18551871,10916966.104997287,salvador-ISSQN,salvador,ISSQN
2022-09-01,2022-09-01,5,2023-02-01,132887451.56330125,134622742.6490427,10916966.104997287,salvador-ISSQN,salvador,ISSQN
2022-09-01,2022-09-01,6,2023-03-01,145681238.28892994,149404217.0886162,10916966.104997287,salvador-ISSQN,salvador,ISSQN
2022-09-01,2022-09-01,7,2023-04-01,143508604.1514569,140573768.878377,10916966.104997287,salvador-ISSQN,salvador,ISSQN
2022-09-01,2022-09-01,8,2023-05-01,145983428.00425628,146355034.09267417,10916966.104997287,salvador-ISSQN,salvador,ISSQN
2022-09-01,2022-09-01,9,2023-06-01,147945962.3126708,139666694.74714735,10916966.104997287,salvador-ISSQN,salvador,ISSQN
2022-09-01,2022-09-01,10,2023-07-01,149804608.7464599,144003840.81176063,10916966.104997287,salvador-ISSQN,salvador,ISSQN
2022-09-01,2022-09-01,11,2023-08-01,158308919.14379752,143685356.6251669,10916966.104997287,salvador-ISSQN,salvador,ISSQN
2022-09-01,2022-09-01,12,2023-09-01,149291086.55814052,153341932.49186322,10916966.104997287,salvador-ISSQN,salvador,ISSQN
2022-10-01,2022-10-01,1,2022-11-01,145852410.06631136,152158970.93155777,11031433.233207375,salvador-ISSQN,salvador,ISSQN
2022-10-01,2022-10-01,2,2022-12-01,173647289.37823588,188285235.09615535,11031433.233207375,salvador-ISSQN,salvador,ISSQN
2022-10-01,2022-10-01,3,2023-01-01,135212874.65426108,136221640.24593392,11031433.233207375,salvador-ISSQN,salvador,ISSQN
2022-10-01,2022-10-01,4,2023-02-01,132887451.56330125,138609183.4051264,11031433.233207375,salvador-ISSQN,salvador,ISSQN
2022-10-01,2022-10-01,5,2023-03-01,145681238.28892994,153144750.5132431,11031433.233207375,salvador-ISSQN,salvador,ISSQN
2022-10-01,2022-10-01,6,2023-04-01,143508604.1514569,144083268.8897625,11031433.233207375,salvador-ISSQN,salvador,ISSQN
2022-10-01,2022-10-01,7,2023-05-01,145983428.00425628,148727581.13663512,11031433.233207375,salvador-ISSQN,salvador,ISSQN
2022-10-01,2022-10-01,8,2023-06-01,147945962.3126708,142207814.79137778,11031433.233207375,salvador-ISSQN,salvador,ISSQN
2022-10-01,2022-10-01,9,2023-07-01,149804608.7464599,145907686.44469807,11031433.233207375,salvador-ISSQN,salvador,ISSQN
2022-10-01,2022-10-01,10,2023-08-01,158308919.14379752,150892855.59490222,11031433.233207375,salvador-ISSQN,salvador,ISSQN
2022-10-01,2022-10-01,11,2023-09-01,149291086.55814052,156622335.3149658,11031433.233207375,salvador-ISSQN,salvador,ISSQN
2022-10-01,2022-10-01,12,2023-10-01,162466226.3022135,150908460.76464376,11031433.233207375,salvador-ISSQN,salvador,ISSQN
2022-11-01,2022-11-01,1,2022-12-01,173647289.37823588,186427969.68507352,10911982.283399848,salvador-ISSQN,salvador,ISSQN
2022-11-01,2022-11-01,2,2023-01-01,135212874.65426108,134303004.39993918,10911982.283399848,salvador-ISSQN,salvador,ISSQN
2022-11-01,2022-11-01,3,2023-02-01,132887451.56330125,136532575.07319763,10911982.283399848,salvador-ISSQN,salvador,ISSQN
2022-11-01,2022-11-01,4,2023-03-01,145681238.28892994,151122280.6003913,10911982.283399848,salvador-ISSQN,salvador,ISSQN
2022-11-01,2022-11-01,5,2023-04-01,143508604.1514569,142511746.78896573,10911982.283399848,salvador-ISSQN,salvador,ISSQN
2022-11-01,2022-11-01,6,2023-05-01,145983428.00425628,147921330.3333217,10911982.283399848,salvador-ISSQN,salvador,ISSQN
2022-11-01,2022-11-01,7,2023-06-01,147945962.3126708,142112114.7141887,10911982.283399848,salvador-ISSQN,salvador,ISSQN
2022-11-01,2022-11-01,8,2023-07-01,149804608.7464599,142832275.87517506,10911982.283399848,salvador-ISSQN,salvador,ISSQN
2022-11-01,2022-11-01,9,2023-08-01,158308919.14379752,147844695.24910405,10911982.283399848,salvador-ISSQN,salvador,ISSQN
2022-11-01,2022-11-01,10,2023-09-01,149291086.55814052,153161139.70471978,10911982.283399848,salvador-ISSQN,salvador,ISSQN
2022-11-01,2022-11-01,11,2023-10-01,162466226.3022135,147223083.87124482,10911982.283399848,salvador-ISSQN,salvador,ISSQN
2022-11-01,2022-11-01,12,2023-11-01,163312814.20696488,149357452.39126644,10911982.283399848,salvador-ISSQN,salvador,ISSQN
2022-12-01,2022-12-01,1,2023-01-01,135212874.65426108,129844064.62421067,10783034.82490316,salvador-ISSQN,salvador,ISSQN
2022-12-01,2022-12-01,2,2023-02-01,132887451.56330125,130860169.30567734,10783034.82490316,salvador-ISSQN,salvador,ISSQN
2022-12-01,2022-12-01,3,2023-03-01,145681238.28892994,143501239.00410327,10783034.82490316,salvador-ISSQN,salvador,ISSQN
2022-12-01,2022-12-01,4,2023-04-01,143508604.1514569,137019557.92579818,10783034.82490316,salvador-ISSQN,salvador,ISSQN
2022-12-01,2022-12-01,5,2023-05-01,145983428.00425628,140874966.1446577,10783034.82490316,salvador-ISSQN,salvador,ISSQN
2022-12-01,2022-12-01,6,2023-06-01,147945962.3126708,136144397.22102016,10783034.82490316,salvador-ISSQN,salvador,ISSQN
2022-12-01,2022-12-01,7,2023-07-01,149804608.7464599,139820509.84907022,10783034.82490316,salvador-ISSQN,salvador,ISSQN
2022-12-01,2022-12-01,8,2023-08-01,158308919.14379752,140805062.497548,10783034.82490316,salvador-ISSQN,salvador,ISSQN
2022-12-01,2022-12-01,9,2023-09-01,149291086.55814052,149966646.93271643,10783034.82490316,salvador-ISSQN,salvador,ISSQN
2022-12-01,2022-12-01,10,2023-10-01,162466226.3022135,145568882.0916375,10783034.82490316,salvador-ISSQN,salvador,ISSQN
2022-12-01,2022-12-01,11,2023-11-01,163312814.20696488,146751782.5039248,10783034.82490316,salvador-ISSQN,salvador,ISSQN
2022-12-01,2022-12-01,12,2023-12-01,187215660.76514104,181154812.74319464,10783034.82490316,salvador-ISSQN,salvador,ISSQN
2023-01-01,2023-01-01,1,2023-02-01,132887451.56330125,132696844.58523388,10809865.99279698,salvador-ISSQN,salvador,ISSQN
2023-01-01,2023-01-01,2,2023-03-01,145681238.28892994,144546221.1061274,10809865.99279698,salvador-ISSQN,salvador,ISSQN
2023-01-01,2023-01-01,3,2023-04-01,143508604.1514569,136915768.13865086,10809865.99279698,salvador-ISSQN,salvador,ISSQN
2023-01-01,2023-01-01,4,2023-05-01,145983428.00425628,141730307.11579564,10809865.99279698,salvador-ISSQN,salvador,ISSQN
2023-01-01,2023-01-01,5,2023-06-01,147945962.3126708,138037131.37997895,10809865.99279698,salvador-ISSQN,salvador,ISSQN
2023-01-01,2023-01-01,6,2023-07-01,149804608.7464599,140672909.26034346,10809865.99279698,salvador-ISSQN,salvador,ISSQN
2023-01-01,2023-01-01,7,2023-08-01,158308919.14379752,144810581.9766938,10809865.99279698,salvador-ISSQN,salvador,ISSQN
2023-01-01,2023-01-01,8,2023-09-01,149291086.55814052,151158690.56547883,10809865.99279698,salvador-ISSQN,salvador,ISSQN
2023-01-01,2023-01-01,9,2023-10-01,162466226.3022135,147219468.92690042,10809865.99279698,salvador-ISSQN,salvador,ISSQN
2023-01-01,2023-01-01,10,2023-11-01,163312814.20696488,148406357.6945974,10809865.99279698,salvador-ISSQN,salvador,ISSQN
2023-01-01,2023-01-01,11,2023-12-01,187215660.76514104,179891346.76334476,10809865.99279698,salvador-ISSQN,salvador,ISSQN
2023-01-01,2023-01-01,12,2024-01-01,204327604.53179494,131969892.53031886,10809865.99279698,salvador-ISSQN,salvador,ISSQN
2023-02-01,2023-02-01,1,2023-03-01,145681238.28892994,147243869.1879283,10901044.051446412,salvador-ISSQN,salvador,ISSQN
2023-02-01,2023-02-01,2,2023-04-01,143508604.1514569,139413641.0455749,10901044.051446412,salvador-ISSQN,salvador,ISSQN
2023-02-01,2023-02-01,3,2023-05-01,145983428.00425628,144851717.1552169,10901044.051446412,salvador-ISSQN,salvador,ISSQN
2023-02-01,2023-02-01,4,2023-06-01,147945962.3126708,138597672.22649378,10901044.051446412,salvador-ISSQN,salvador,ISSQN
2023-02-01,2023-02-01,5,2023-07-01,149804608.7464599,142661718.32314113,10901044.051446412,salvador-ISSQN,salvador,ISSQN
2023-02-01,2023-02-01,6,2023-08-01,158308919.14379752,147451692.6155847,10901044.051446412,salvador-ISSQN,salvador,ISSQN
2023-02-01,2023-02-01,7,2023-09-01,149291086.55814052,151198830.66576898,10901044.051446412,salvador-ISSQN,salvador,ISSQN
2023-02-01,2023-02-01,8,2023-10-01,162466226.3022135,146047633.79701877,10901044.051446412,salvador-ISSQN,salvador,ISSQN
2023-02-01,2023-02-01,9,2023-11-01,163312814.20696488,147614721.90208858,10901044.051446412,salvador-ISSQN,salvador,ISSQN
2023-02-01,2023-02-01,10,2023-12-01,187215660.76514104,182206999.37299612,10901044.051446412,salvador-ISSQN,salvador,ISSQN
2023-02-01,2023-02-01,11,2024-01-01,204327604.53179494,132287343.86310066,10901044.051446412,salvador-ISSQN,salvador,ISSQN
2023-02-01,2023-02-01,12,2024-02-01,159278235.93683836,133080078.1103951,10901044.051446412,salvador-ISSQN,salvador,ISSQN
2023-03-01,2023-03-01,1,2023-04-01,143508604.1514569,139651305.26772812,10981596.028651705,salvador-ISSQN,salvador,ISSQN
2023-03-01,2023-03-01,2,2023-05-01,145983428.00425628,144235471.7365896,10981596.028651705,salvador-ISSQN,salvador,ISSQN
2023-03-01,2023-03-01,3,2023-06-01,147945962.3126708,139368600.59939492,10981596.028651705,salvador-ISSQN,salvador,ISSQN
2023-03-01,2023-03-01,4,2023-07-01,149804608.7464599,142683671.20255178,10981596.028651705,salvador-ISSQN,salvador,ISSQN
2023-03-01,2023-03-01,5,2023-08-01,158308919.14379752,145980489.67892435,10981596.028651705,salvador-ISSQN,salvador,ISSQN
2023-03-01,2023-03-01,6,2023-09-01,149291086.55814052,152572685.29585525,10981596.028651705,salvador-ISSQN,salvador,ISSQN
2023-03-01,2023-03-01,7,2023-10-01,162466226.3022135,145032902.44472882,10981596.028651705,salvador-ISSQN,salvador,ISSQN
2023-03-01,2023-03-01,8,2023-11-01,163312814.20696488,148006752.89431706,10981596.028651705,salvador-ISSQN,salvador,ISSQN
2023-03-01,2023-03-01,9,2023-12-01,187215660.76514104,182058600.92909107,10981596.028651705,salvador-ISSQN,salvador,ISSQN
2023-03-01,2023-03-01,10,2024-01-01,204327604.53179494,132542727.72141379,10981596.028651705,salvador-ISSQN,salvador,ISSQN
2023-03-01,2023-03-01,11,2024-02-01,159278235.93683836,133791056.25182657,10981596.028651705,salvador-ISSQN,salvador,ISSQN
2023-03-01,2023-03-01,12,2024-03-01,162189752.8885526,145202328.1822429,10981596.028651705,salvador-ISSQN,salvador,ISSQN
2023-04-01,2023-04-01,1,2023-05-01,145983428.00425628,143370538.9465258,11066135.214377748,salvador-ISSQN,salvador,ISSQN
2023-04-01,2023-04-01,2,2023-06-01,147945962.3126708,139322177.98870426,11066135.214377748,salvador-ISSQN,salvador,ISSQN
2023-04-01,2023-04-01,3,2023-07-01,149804608.7464599,141225499.04445085,11066135.214377748,salvador-ISSQN,salvador,ISSQN
2023-04-01,2023-04-01,4,2023-08-01,158308919.14379752,144359157.60403955,11066135.214377748,salvador-ISSQN,salvador,ISSQN
2023-04-01,2023-04-01,5,2023-09-01,149291086.55814052,151621322.04426566,11066135.214377748,salvador-ISSQN,salvador,ISSQN
2023-04-01,2023-04-01,6,2023-10-01,162466226.3022135,147188527.7870526,11066135.214377748,salvador-ISSQN,salvador,ISSQN
2023-04-01,2023-04-01,7,2023-11-01,163312814.20696488,150347528.3196816,11066135.214377748,salvador-ISSQN,salvador,ISSQN
2023-04-01,2023-04-01,8,2023-12-01,187215660.76514104,185012089.45611253,11066135.214377748,salvador-ISSQN,salvador,ISSQN
2023-04-01,2023-04-01,9,2024-01-01,204327604.53179494,131509836.88060676,11066135.214377748,salvador-ISSQN,salvador,ISSQN
2023-04-01,2023-04-01,10,2024-02-01,159278235.93683836,134018561.35756561,11066135.214377748,salvador-ISSQN,salvador,ISSQN
2023-04-01,2023-04-01,11,2024-03-01,162189752.8885526,144346431.1188451,11066135.214377748,salvador-ISSQN,salvador,ISSQN
2023-04-01,2023-04-01,12,2024-04-01,170382067.58095023,139926349.6509909,11066135.214377748,salvador-ISSQN,salvador,ISSQN
2023-05-01,2023-05-01,1,2023-06-01,147945962.3126708,138046574.67646676,11083748.003757054,salvador-ISSQN,salvador,ISSQN
2023-05-01,2023-05-01,2,2023-07-01,149804608.7464599,139933861.0247245,11083748.003757054,salvador-ISSQN,salvador,ISSQN
2023-05-01,2023-05-01,3,2023-08-01,158308919.14379752,144964647.38699308,11083748.003757054,salvador-ISSQN,salvador,ISSQN
2023-05-01,2023-05-01,4,2023-09-01,149291086.55814052,152166585.94018537,11083748.003757054,salvador-ISSQN,salvador,ISSQN
2023-05-01,2023-05-01,5,2023-10-01,162466226.3022135,145316666.6592251,11083748.003757054,salvador-ISSQN,salvador,ISSQN
2023-05-01,2023-05-01,6,2023-11-01,163312814.20696488,149052636.94034138,11083748.003757054,salvador-ISSQN,salvador,ISSQN
2023-05-01,2023-05-01,7,2023-12-01,187215660.76514104,181350264.86037293,11083748.003757054,salvador-ISSQN,salvador,ISSQN
2023-05-01,2023-05-01,8,2024-01-01,204327604.53179494,131416045.96356879,11083748.003757054,salvador-ISSQN,salvador,ISSQN
2023-05-01,2023-05-01,9,2024-02-01,159278235.93683836,132537550.41557716,11083748.003757054,salvador-ISSQN,salvador,ISSQN
2023-05-01,2023-05-01,10,2024-03-01,162189752.8885526,146399602.38731742,11083748.003757054,salvador-ISSQN,salvador,ISSQN
2023-05-01,2023-05-01,11,2024-04-01,170382067.58095023,140154810.75431952,11083748.003757054,salvador-ISSQN,salvador,ISSQN
2023-05-01,2023-05-01,12,2024-05-01,166327769.7078219,148280728.71388268,11083748.003757054,salvador-ISSQN,salvador,ISSQN
2023-06-01,2023-06-01,1,2023-07-01,149804608.7464599,144409696.82304415,11045747.601714704,salvador-ISSQN,salvador,ISSQN
2023-06-01,2023-06-01,2,2023-08-01,158308919.14379752,148114717.8235316,11045747.601714704,salvador-ISSQN,salvador,ISSQN
2023-06-01,2023-06-01,3,2023-09-01,149291086.55814052,155352935.72491074,11045747.601714704,salvador-ISSQN,salvador,ISSQN
2023-06-01,2023-06-01,4,2023-10-01,162466226.3022135,150211029.80254692,11045747.601714704,salvador-ISSQN,salvador,ISSQN
2023-06-01,2023-06-01,5,2023-11-01,163312814.20696488,151112611.62900242,11045747.601714704,salvador-ISSQN,salvador,ISSQN
2023-06-01,2023-06-01,6,2023-12-01,187215660.76514104,185356602.34254724,11045747.601714704,salvador-ISSQN,salvador,ISSQN
2023-06-01,2023-06-01,7,2024-01-01,204327604.53179494,134644400.12897334,11045747.601714704,salvador-ISSQN,salvador,ISSQN
2023-06-01,2023-06-01,8,2024-02-01,159278235.93683836,134632798.32712975,11045747.601714704,salvador-ISSQN,salvador,ISSQN
2023-06-01,2023-06-01,9,2024-03-01,162189752.8885526,146447680.41492254,11045747.601714704,salvador-ISSQN,salvador,ISSQN
2023-06-01,2023-06-01,10,2024-04-01,170382067.58095023,141545136.35427397,11045747.601714704,salvador-ISSQN,salvador,ISSQN
2023-06-01,2023-06-01,11,2024-05-01,166327769.7078219,146159443.94944203,11045747.601714704,salvador-ISSQN,salvador,ISSQN
2023-06-01,2023-06-01,12,2024-06-01,159858497.2817491,141656177.8778314,11045747.601714704,salvador-ISSQN,salvador,ISSQN
2023-07-01,2023-07-01,1,2023-08-01,158308919.14379752,150728872.4771771,11075208.917021073,salvador-ISSQN,salvador,ISSQN
2023-07-01,2023-07-01,2,2023-09-01,149291086.55814052,157122117.84747916,11075208.917021073,salvador-ISSQN,salvador,ISSQN
2023-07-01,2023-07-01,3,2023-10-01,162466226.3022135,153536641.7060695,11075208.917021073,salvador-ISSQN,salvador,ISSQN
2023-07-01,2023-07-01,4,2023-11-01,163312814.20696488,154629108.17371356,11075208.917021073,salvador-ISSQN,salvador,ISSQN
2023-07-01,2023-07-01,5,2023-12-01,187215660.76514104,190217782.0547007,11075208.917021073,salvador-ISSQN,salvador,ISSQN
2023-07-01,2023-07-01,6,2024-01-01,204327604.53179494,136827449.9339228,11075208.917021073,salvador-ISSQN,salvador,ISSQN
2023-07-01,2023-07-01,7,2024-02-01,159278235.93683836,138376437.76159498,11075208.917021073,salvador-ISSQN,salvador,ISSQN
2023-07-01,2023-07-01,8,2024-03-01,162189752.8885526,148914480.38953865,11075208.917021073,salvador-ISSQN,salvador,ISSQN
2023-07-01,2023-07-01,9,2024-04-01,170382067.58095023,144049592.40546408,11075208.917021073,salvador-ISSQN,salvador,ISSQN
2023-07-01,2023-07-01,10,2024-05-01,166327769.7078219,149093216.68022346,11075208.917021073,salvador-ISSQN,salvador,ISSQN
2023-07-01,2023-07-01,11,2024-06-01,159858497.2817491,143941455.79207194,11075208.917021073,salvador-ISSQN,salvador,ISSQN
2023-07-01,2023-07-01,12,2024-07-01,169912894.89976043,146479907.2848237,11075208.917021073,salvador-ISSQN,salvador,ISSQN
2023-08-01,2023-08-01,1,2023-09-01,149291086.55814052,160872378.17140463,11113450.17203218,salvador-ISSQN,salvador,ISSQN
2023-08-01,2023-08-01,2,2023-10-01,162466226.3022135,156005798.3733726,11113450.17203218,salvador-ISSQN,salvador,ISSQN
2023-08-01,2023-08-01,3,2023-11-01,163312814.20696488,155675013.61712795,11113450.17203218,salvador-ISSQN,salvador,ISSQN
2023-08-01,2023-08-01,4,2023-12-01,187215660.76514104,191602429.42791232,11113450.17203218,salvador-ISSQN,salvador,ISSQN
2023-08-01,2023-08-01,5,2024-01-01,204327604.53179494,139354946.13233232,11113450.17203218,salvador-ISSQN,salvador,ISSQN
2023-08-01,2023-08-01,6,2024-02-01,159278235.93683836,140354532.4677428,11113450.17203218,salvador-ISSQN,salvador,ISSQN
2023-08-01,2023-08-01,7,2024-03-01,162189752.8885526,152796523.39499804,11113450.17203218,salvador-ISSQN,salvador,ISSQN
2023-08-01,2023-08-01,8,2024-04-01,170382067.58095023,147429060.70709428,11113450.17203218,salvador-ISSQN,salvador,ISSQN
2023-08-01,2023-08-01,9,2024-05-01,166327769.7078219,151915731.78638697,11113450.17203218,salvador-ISSQN,salvador,ISSQN
2023-08-01,2023-08-01,10,2024-06-01,159858497.2817491,147766402.0459368,11113450.17203218,salvador-ISSQN,salvador,ISSQN
2023-08-01,2023-08-01,11,2024-07-01,169912894.89976043,150297655.2265399,11113450.17203218,salvador-ISSQN,salvador,ISSQN
2023-08-01,2023-08-01,12,2024-08-01,179459931.33462426,155714623.55174887,11113450.17203218,salvador-ISSQN,salvador,ISSQN
2023-09-01,2023-09-01,1,2023-10-01,162466226.3022135,149081728.39334816,11116601.197263042,salvador-ISSQN,salvador,ISSQN
2023-09-01,2023-09-01,2,2023-11-01,163312814.20696488,151269481.9397287,11116601.197263042,salvador-ISSQN,salvador,ISSQN
2023-09-01,2023-09-01,3,2023-12-01,187215660.76514104,188012839.1448408,11116601.197263042,salvador-ISSQN,salvador,ISSQN
2023-09-01,2023-09-01,4,2024-01-01,204327604.53179494,136476209.10904408,11116601.197263042,salvador-ISSQN,salvador,ISSQN
2023-09-01,2023-09-01,5,2024-02-01,159278235.93683836,138564935.15378132,11116601.197263042,salvador-ISSQN,salvador,ISSQN
2023-09-01,2023-09-01,6,2024-03-01,162189752.8885526,152009673.04574963,11116601.197263042,salvador-ISSQN,salvador,ISSQN
2023-09-01,2023-09-01,7,2024-04-01,170382067.58095023,145127958.9650292,11116601.197263042,salvador-ISSQN,salvador,ISSQN
2023-09-01,2023-09-01,8,2024-05-01,166327769.7078219,149055647.51158038,11116601.197263042,salvador-ISSQN,salvador,ISSQN
2023-09-01,2023-09-01,9,2024-06-01,159858497.2817491,145500561.8822938,11116601.197263042,salvador-ISSQN,salvador,ISSQN
2023-09-01,2023-09-01,10,2024-07-01,169912894.89976043,148073072.68292284,11116601.197263042,salvador-ISSQN,salvador,ISSQN
2023-09-01,2023-09-01,11,2024-08-01,179459931.33462426,147171483.8088162,11116601.197263042,salvador-ISSQN,salvador,ISSQN
2023-09-01,2023-09-01,12,2024-09-01,184543486.4872822,156033524.64118668,11116601.197263042,salvador-ISSQN,salvador,ISSQN
2023-10-01,2023-10-01,1,2023-11-01,163312814.20696488,156498883.96941707,11093784.141218888,salvador-ISSQN,salvador,ISSQN
2023-10-01,2023-10-01,2,2023-12-01,187215660.76514104,193069453.58560878,11093784.141218888,salvador-ISSQN,salvador,ISSQN
2023-10-01,2023-10-01,3,2024-01-01,204327604.53179494,141224783.77029732,11093784.141218888,salvador-ISSQN,salvador,ISSQN
2023-10-01,2023-10-01,4,2024-02-01,159278235.93683836,142343071.09232786,11093784.141218888,salvador-ISSQN,salvador,ISSQN
2023-10-01,2023-10-01,5,2024-03-01,162189752.8885526,157446343.7001014,11093784.141218888,salvador-ISSQN,salvador,ISSQN
2023-10-01,2023-10-01,6,2024-04-01,170382067.58095023,148542836.88951433,11093784.141218888,salvador-ISSQN,salvador,ISSQN
2023-10-01,2023-10-01,7,2024-05-01,166327769.7078219,153620874.10761622,11093784.141218888,salvador-ISSQN,salvador,ISSQN
2023-10-01,2023-10-01,8,2024-06-01,159858497.2817491,148207329.9504031,11093784.141218888,salvador-ISSQN,salvador,ISSQN
2023-10-01,2023-10-01,9,2024-07-01,169912894.89976043,150979907.89521715,11093784.141218888,salvador-ISSQN,salvador,ISSQN
2023-10-01,2023-10-01,10,2024-08-01,179459931.33462426,156640840.86976773,11093784.141218888,salvador-ISSQN,salvador,ISSQN
2023-10-01,2023-10-01,11,2024-09-01,184543486.4872822,159855209.51761743,11093784.141218888,salvador-ISSQN,salvador,ISSQN
2023-10-01,2023-10-01,12,2024-10-01,179016330.2612471,155820544.1095618,11093784.141218888,salvador-ISSQN,salvador,ISSQN
2023-11-01,2023-11-01,1,2023-12-01,187215660.76514104,195375658.86285424,11160801.193844516,salvador-ISSQN,salvador,ISSQN
2023-11-01,2023-11-01,2,2024-01-01,204327604.53179494,142499869.2665932,11160801.193844516,salvador-ISSQN,salvador,ISSQN
2023-11-01,2023-11-01,3,2024-02-01,159278235.93683836,144151460.59842488,11160801.193844516,salvador-ISSQN,salvador,ISSQN
2023-11-01,2023-11-01,4,2024-03-01,162189752.8885526,160528471.5374962,11160801.193844516,salvador-ISSQN,salvador,ISSQN
2023-11-01,2023-11-01,5,2024-04-01,170382067.58095023,151122335.81971094,11160801.193844516,salvador-ISSQN,salvador,ISSQN
2023-11-01,2023-11-01,6,2024-05-01,166327769.7078219,154810913.13061973,11160801.193844516,salvador-ISSQN,salvador,ISSQN
2023-11-01,2023-11-01,7,2024-06-01,159858497.2817491,150165805.77638444,11160801.193844516,salvador-ISSQN,salvador,ISSQN
2023-11-01,2023-11-01,8,2024-07-01,169912894.89976043,150168918.70423993,11160801.193844516,salvador-ISSQN,salvador,ISSQN
2023-11-01,2023-11-01,9,2024-08-01,179459931.33462426,157779298.31198192,11160801.193844516,salvador-ISSQN,salvador,ISSQN
2023-11-01,2023-11-01,10,2024-09-01,184543486.4872822,160983696.6109741,11160801.193844516,salvador-ISSQN,salvador,ISSQN
2023-11-01,2023-11-01,11,2024-10-01,179016330.2612471,159410317.0244472,11160801.193844516,salvador-ISSQN,salvador,ISSQN
2023-11-01,2023-11-01,12,2024-11-01,170272112.29129708,158515590.1934303,11160801.193844516,salvador-ISSQN,salvador,ISSQN
2023-12-01,2023-12-01,1,2024-01-01,204327604.53179494,139883630.39693677,11185880.050022231,salvador-ISSQN,salvador,ISSQN
2023-12-01,2023-12-01,2,2024-02-01,159278235.93683836,140982576.49854496,11185880.050022231,salvador-ISSQN,salvador,ISSQN
2023-12-01,2023-12-01,3,2024-03-01,162189752.8885526,157420444.41175684,11185880.050022231,salvador-ISSQN,salvador,ISSQN
2023-12-01,2023-12-01,4,2024-04-01,170382067.58095023,147834156.40357086,11185880.050022231,salvador-ISSQN,salvador,ISSQN
2023-12-01,2023-12-01,5,2024-05-01,166327769.7078219,152158368.11884025,11185880.050022231,salvador-ISSQN,salvador,ISSQN
2023-12-01,2023-12-01,6,2024-06-01,159858497.2817491,146485227.78182474,11185880.050022231,salvador-ISSQN,salvador,ISSQN
2023-12-01,2023-12-01,7,2024-07-01,169912894.89976043,149560506.3257197,11185880.050022231,salvador-ISSQN,salvador,ISSQN
2023-12-01,2023-12-01,8,2024-08-01,179459931.33462426,155178072.75771853,11185880.050022231,salvador-ISSQN,salvador,ISSQN
2023-12-01,2023-12-01,9,2024-09-01,184543486.4872822,158996072.1278251,11185880.050022231,salvador-ISSQN,salvador,ISSQN
2023-12-01,2023-12-01,10,2024-10-01,179016330.2612471,155679851.19602546,11185880.050022231,salvador-ISSQN,salvador,ISSQN
2023-12-01,2023-12-01,11,2024-11-01,170272112.29129708,157362783.622971,11185880.050022231,salvador-ISSQN,salvador,ISSQN
2023-12-01,2023-12-01,12,2024-12-01,201564378.85060686,191741351.42752436,11185880.050022231,salvador-ISSQN,salvador,ISSQN
2024-01-01,2024-01-01,1,2024-02-01,159278235.93683836,162855274.290051,11783084.68741926,salvador-ISSQN,salvador,ISSQN
2024-01-01,2024-01-01,2,2024-03-01,162189752.8885526,180861435.178408,11783084.68741926,salvador-ISSQN,salvador,ISSQN
2024-01-01,2024-01-01,3,2024-04-01,170382067.58095023,169854842.723552,11783084.68741926,salvador-ISSQN,salvador,ISSQN
2024-01-01,2024-01-01,4,2024-05-01,166327769.7078219,174815159.05560452,11783084.68741926,salvador-ISSQN,salvador,ISSQN
2024-01-01,2024-01-01,5,2024-06-01,159858497.2817491,169714867.86308107,11783084.68741926,salvador-ISSQN,salvador,ISSQN
2024-01-01,2024-01-01,6,2024-07-01,169912894.89976043,172376096.78158325,11783084.68741926,salvador-ISSQN,salvador,ISSQN
2024-01-01,2024-01-01,7,2024-08-01,179459931.33462426,178823616.54749817,11783084.68741926,salvador-ISSQN,salvador,ISSQN
2024-01-01,2024-01-01,8,2024-09-01,184543486.4872822,181554531.04099423,11783084.68741926,salvador-ISSQN,salvador,ISSQN
2024-01-01,2024-01-01,9,2024-10-01,179016330.2612471,175859398.95585433,11783084.68741926,salvador-ISSQN,salvador,ISSQN
2024-01-01,2024-01-01,10,2024-11-01,170272112.29129708,178135085.61749822,11783084.68741926,salvador-ISSQN,salvador,ISSQN
2024-01-01,2024-01-01,11,2024-12-01,201564378.85060686,217788251.22430798,11783084.68741926,salvador-ISSQN,salvador,ISSQN
2024-01-01,2024-01-01,12,2025-01-01,165418720.9248767,165718674.40540114,11783084.68741926,salvador-ISSQN,salvador,ISSQN
2024-02-01,2024-02-01,1,2024-03-01,162189752.8885526,180149491.68810326,11932142.847481687,salvador-ISSQN,salvador,ISSQN
2024-02-01,2024-02-01,2,2024-04-01,170382067.58095023,167973950.04990602,11932142.847481687,salvador-ISSQN,salvador,ISSQN
2024-02-01,2024-02-01,3,2024-05-01,166327769.7078219,173214819.94428474,11932142.847481687,salvador-ISSQN,salvador,ISSQN
2024-02-01,2024-02-01,4,2024-06-01,159858497.2817491,166483958.30133286,11932142.847481687,salvador-ISSQN,salvador,ISSQN
2024-02-01,2024-02-01,5,2024-07-01,169912894.89976043,170368597.53193977,11932142.847481687,salvador-ISSQN,salvador,ISSQN
2024-02-01,2024-02-01,6,2024-08-01,179459931.33462426,175182237.98446015,11932142.847481687,salvador-ISSQN,salvador,ISSQN
2024-02-01,2024-02-01,7,2024-09-01,184543486.4872822,179652037.91899925,11932142.847481687,salvador-ISSQN,salvador,ISSQN
2024-02-01,2024-02-01,8,2024-10-01,179016330.2612471,176524633.13984036,11932142.847481687,salvador-ISSQN,salvador,ISSQN
2024-02-01,2024-02-01,9,2024-11-01,170272112.29129708,177349292.4083464,11932142.847481687,salvador-ISSQN,salvador,ISSQN
2024-02-01,2024-02-01,10,2024-12-01,201564378.85060686,216675389.8047553,11932142.847481687,salvador-ISSQN,salvador,ISSQN
2024-02-01,2024-02-01,11,2025-01-01,165418720.9248767,164774319.22825027,11932142.847481687,salvador-ISSQN,salvador,ISSQN
2024-02-01,2024-02-01,12,2025-02-01,168682440.2340401,161599827.84535262,11932142.847481687,salvador-ISSQN,salvador,ISSQN
2024-03-01,2024-03-01,1,2024-04-01,170382067.58095023,161400798.45013905,11978368.82477604,salvador-ISSQN,salvador,ISSQN
2024-03-01,2024-03-01,2,2024-05-01,166327769.7078219,166328392.90845725,11978368.82477604,salvador-ISSQN,salvador,ISSQN
2024-03-01,2024-03-01,3,2024-06-01,159858497.2817491,160893995.31328052,11978368.82477604,salvador-ISSQN,salvador,ISSQN
2024-03-01,2024-03-01,4,2024-07-01,169912894.89976043,162420244.39137843,11978368.82477604,salvador-ISSQN,salvador,ISSQN
2024-03-01,2024-03-01,5,2024-08-01,179459931.33462426,168839839.03984174,11978368.82477604,salvador-ISSQN,salvador,ISSQN
2024-03-01,2024-03-01,6,2024-09-01,184543486.4872822,173103134.2830223,11978368.82477604,salvador-ISSQN,salvador,ISSQN
2024-03-01,2024-03-01,7,2024-10-01,179016330.2612471,171061267.93678758,11978368.82477604,salvador-ISSQN,salvador,ISSQN
2024-03-01,2024-03-01,8,2024-11-01,170272112.29129708,171473404.12653354,11978368.82477604,salvador-ISSQN,salvador,ISSQN
2024-03-01,2024-03-01,9,2024-12-01,201564378.85060686,208638922.1430803,11978368.82477604,salvador-ISSQN,salvador,ISSQN
2024-03-01,2024-03-01,10,2025-01-01,165418720.9248767,158954772.51587805,11978368.82477604,salvador-ISSQN,salvador,ISSQN
2024-03-01,2024-03-01,11,2025-02-01,168682440.2340401,155505857.12014472,11978368.82477604,salvador-ISSQN,salvador,ISSQN
2024-03-01,2024-03-01,12,2025-03-01,175688943.8790584,171739168.48618495,11978368.82477604,salvador-ISSQN,salvador,ISSQN
2024-04-01,2024-04-01,1,2024-05-01,166327769.7078219,169526492.70703512,12127319.770823214,salvador-ISSQN,salvador,ISSQN
2024-04-01,2024-04-01,2,2024-06-01,159858497.2817491,164970901.04201415,12127319.770823214,salvador-ISSQN,salvador,ISSQN
2024-04-01,2024-04-01,3,2024-07-01,169912894.89976043,167810788.7615782,12127319.770823214,salvador-ISSQN,salvador,ISSQN
2024-04-01,2024-04-01,4,2024-08-01,179459931.33462426,174581310.700726,12127319.770823214,salvador-ISSQN,salvador,ISSQN
2024-04-01,2024-04-01,5,2024-09-01,184543486.4872822,177180368.49879685,12127319.770823214,salvador-ISSQN,salvador,ISSQN
2024-04-01,2024-04-01,6,2024-10-01,179016330.2612471,173909973.40868518,12127319.770823214,salvador-ISSQN,salvador,ISSQN
2024-04-01,2024-04-01,7,2024-11-01,170272112.29129708,175097353.5923163,12127319.770823214,salvador-ISSQN,salvador,ISSQN
2024-04-01,2024-04-01,8,2024-12-01,201564378.85060686,213302676.27760056,12127319.770823214,salvador-ISSQN,salvador,ISSQN
2024-04-01,2024-04-01,9,2025-01-01,165418720.9248767,161957267.80659696,12127319.770823214,salvador-ISSQN,salvador,ISSQN
2024-04-01,2024-04-01,10,2025-02-01,168682440.2340401,158622583.0287389,12127319.770823214,salvador-ISSQN,salvador,ISSQN
2024-04-01,2024-04-01,11,2025-03-01,175688943.8790584,174289392.48444718,12127319.770823214,salvador-ISSQN,salvador,ISSQN
2024-04-01,2024-04-01,12,2025-04-01,181535033.12456664,165678540.79155293,12127319.770823214,salvador-ISSQN,salvador,ISSQN
2024-05-01,2024-05-01,1,2024-06-01,159858497.2817491,162675675.3464431,12208676.423622644,salvador-ISSQN,salvador,ISSQN
2024-05-01,2024-05-01,2,2024-07-01,169912894.89976043,165200156.88223064,12208676.423622644,salvador-ISSQN,salvador,ISSQN
2024-05-01,2024-05-01,3,2024-08-01,179459931.33462426,171497256.22476578,12208676.423622644,salvador-ISSQN,salvador,ISSQN
2024-05-01,2024-05-01,4,2024-09-01,184543486.4872822,174462268.33870038,12208676.423622644,salvador-ISSQN,salvador,ISSQN
2024-05-01,2024-05-01,5,2024-10-01,179016330.2612471,170880716.71827665,12208676.423622644,salvador-ISSQN,salvador,ISSQN
2024-05-01,2024-05-01,6,2024-11-01,170272112.29129708,172563445.8087965,12208676.423622644,salvador-ISSQN,salvador,ISSQN
2024-05-01,2024-05-01,7,2024-12-01,201564378.85060686,210122790.3019826,12208676.423622644,salvador-ISSQN,salvador,ISSQN
2024-05-01,2024-05-01,8,2025-01-01,165418720.9248767,159564442.1471327,12208676.423622644,salvador-ISSQN,salvador,ISSQN
2024-05-01,2024-05-01,9,2025-02-01,168682440.2340401,156787966.7773752,12208676.423622644,salvador-ISSQN,salvador,ISSQN
2024-05-01,2024-05-01,10,2025-03-01,175688943.8790584,174021953.13400513,12208676.423622644,salvador-ISSQN,salvador,ISSQN
2024-05-01,2024-05-01,11,2025-04-01,181535033.12456664,163776157.28034848,12208676.423622644,salvador-ISSQN,salvador,ISSQN
2024-05-01,2024-05-01,12,2025-05-01,181276769.84444195,168373732.04107603,12208676.423622644,salvador-ISSQN,salvador,ISSQN
2024-06-01,2024-06-01,1,2024-07-01,169912894.89976043,166586887.99413857,12205773.076029072,salvador-ISSQN,salvador,ISSQN
2024-06-01,2024-06-01,2,2024-08-01,179459931.33462426,169819241.9608764,12205773.076029072,salvador-ISSQN,salvador,ISSQN
2024-06-01,2024-06-01,3,2024-09-01,184543486.4872822,175137300.55993277,12205773.076029072,salvador-ISSQN,salvador,ISSQN
2024-06-01,2024-06-01,4,2024-10-01,179016330.2612471,167563542.6397576,12205773.076029072,salvador-ISSQN,salvador,ISSQN
2024-06-01,2024-06-01,5,2024-11-01,170272112.29129708,171798900.2032106,12205773.076029072,salvador-ISSQN,salvador,ISSQN
2024-06-01,2024-06-01,6,2024-12-01,201564378.85060686,210101501.3767354,12205773.076029072,salvador-ISSQN,salvador,ISSQN
2024-06-01,2024-06-01,7,2025-01-01,165418720.9248767,158992871.32020485,12205773.076029072,salvador-ISSQN,salvador,ISSQN
2024-06-01,2024-06-01,8,2025-02-01,168682440.2340401,156238760.3166446,12205773.076029072,salvador-ISSQN,salvador,ISSQN
2024-06-01,2024-06-01,9,2025-03-01,175688943.8790584,171184238.19265404,12205773.076029072,salvador-ISSQN,salvador,ISSQN
2024-06-01,2024-06-01,10,2025-04-01,181535033.12456664,163924645.58151758,12205773.076029072,salvador-ISSQN,salvador,ISSQN
2024-06-01,2024-06-01,11,2025-05-01,181276769.84444195,166840013.45143712,12205773.076029072,salvador-ISSQN,salvador,ISSQN
2024-06-01,2024-06-01,12,2025-06-01,168323445.51961663,161907956.53121617,12205773.076029072,salvador-ISSQN,salvador,ISSQN
2024-07-01,2024-07-01,1,2024-08-01,179459931.33462426,174065646.2935701,12282496.503963746,salvador-ISSQN,salvador,ISSQN
2024-07-01,2024-07-01,2,2024-09-01,184543486.4872822,179218108.02088434,12282496.503963746,salvador-ISSQN,salvador,ISSQN
2024-07-01,2024-07-01,3,2024-10-01,179016330.2612471,175706525.4361009,12282496.503963746,salvador-ISSQN,salvador,ISSQN
2024-07-01,2024-07-01,4,2024-11-01,170272112.29129708,177721206.50566673,12282496.503963746,salvador-ISSQN,salvador,ISSQN
2024-07-01,2024-07-01,5,2024-12-01,201564378.85060686,217086046.43162706,12282496.503963746,salvador-ISSQN,salvador,ISSQN
2024-07-01,2024-07-01,6,2025-01-01,165418720.9248767,165527315.07693782,12282496.503963746,salvador-ISSQN,salvador,ISSQN
2024-07-01,2024-07-01,7,2025-02-01,168682440.2340401,161089044.77581522,12282496.503963746,salvador-ISSQN,salvador,ISSQN
2024-07-01,2024-07-01,8,2025-03-01,175688943.8790584,176275744.38981017,12282496.503963746,salvador-ISSQN,salvador,ISSQN
2024-07-01,2024-07-01,9,2025-04-01,181535033.12456664,169207737.52943045,12282496.503963746,salvador-ISSQN,salvador,ISSQN
2024-07-01,2024-07-01,10,2025-05-01,181276769.84444195,175047639.41579142,12282496.503963746,salvador-ISSQN,salvador,ISSQN
2024-07-01,2024-07-01,11,2025-06-01,168323445.51961663,169463245.55884624,12282496.503963746,salvador-ISSQN,salvador,ISSQN
2024-07-01,2024-07-01,12,2025-07-01,172403341.7654783,173965938.8019302,12282496.503963746,salvador-ISSQN,salvador,ISSQN
2024-08-01,2024-08-01,1,2024-09-01,184543486.4872822,182847146.38900962,12367770.693260504,salvador-ISSQN,salvador,ISSQN
2024-08-01,2024-08-01,2,2024-10-01,179016330.2612471,177571474.31432143,12367770.693260504,salvador-ISSQN,salvador,ISSQN
2024-08-01,2024-08-01,3,2024-11-01,170272112.29129708,182576288.3444256,12367770.693260504,salvador-ISSQN,salvador,ISSQN
2024-08-01,2024-08-01,4,2024-12-01,201564378.85060686,220844448.1652129,12367770.693260504,salvador-ISSQN,salvador,ISSQN
2024-08-01,2024-08-01,5,2025-01-01,165418720.9248767,167666928.2896195,12367770.693260504,salvador-ISSQN,salvador,ISSQN
2024-08-01,2024-08-01,6,2025-02-01,168682440.2340401,164057362.06145814,12367770.693260504,salvador-ISSQN,salvador,ISSQN
2024-08-01,2024-08-01,7,2025-03-01,175688943.8790584,175922621.4946434,12367770.693260504,salvador-ISSQN,salvador,ISSQN
2024-08-01,2024-08-01,8,2025-04-01,181535033.12456664,172631299.88313508,12367770.693260504,salvador-ISSQN,salvador,ISSQN
2024-08-01,2024-08-01,9,2025-05-01,181276769.84444195,179092220.1082034,12367770.693260504,salvador-ISSQN,salvador,ISSQN
2024-08-01,2024-08-01,10,2025-06-01,168323445.51961663,172532716.77589387,12367770.693260504,salvador-ISSQN,salvador,ISSQN
2024-08-01,2024-08-01,11,2025-07-01,172403341.7654783,174715647.69532797,12367770.693260504,salvador-ISSQN,salvador,ISSQN
2024-08-01,2024-08-01,12,2025-08-01,184564790.1691121,181705076.0406154,12367770.693260504,salvador-ISSQN,salvador,ISSQN
2024-09-01,2024-09-01,1,2024-10-01,179016330.2612471,175002039.96206892,12585719.543126041,salvador-ISSQN,salvador,ISSQN
2024-09-01,2024-09-01,2,2024-11-01,170272112.29129708,176452019.2828947,12585719.543126041,salvador-ISSQN,salvador,ISSQN
2024-09-01,2024-09-01,3,2024-12-01,201564378.85060686,214004900.8986298,12585719.543126041,salvador-ISSQN,salvador,ISSQN
2024-09-01,2024-09-01,4,2025-01-01,165418720.9248767,160969121.2164153,12585719.543126041,salvador-ISSQN,salvador,ISSQN
2024-09-01,2024-09-01,5,2025-02-01,168682440.2340401,159063963.82615748,12585719.543126041,salvador-ISSQN,salvador,ISSQN
2024-09-01,2024-09-01,6,2025-03-01,175688943.8790584,171288005.7564404,12585719.543126041,salvador-ISSQN,salvador,ISSQN
2024-09-01,2024-09-01,7,2025-04-01,181535033.12456664,166515059.59642053,12585719.543126041,salvador-ISSQN,salvador,ISSQN
2024-09-01,2024-09-01,8,2025-05-01,181276769.84444195,177454537.40614283,12585719.543126041,salvador-ISSQN,salvador,ISSQN
2024-09-01,2024-09-01,9,2025-06-01,168323445.51961663,165896804.905262,12585719.543126041,salvador-ISSQN,salvador,ISSQN
2024-09-01,2024-09-01,10,2025-07-01,172403341.7654783,167183938.98925695,12585719.543126041,salvador-ISSQN,salvador,ISSQN
2024-09-01,2024-09-01,11,2025-08-01,184564790.1691121,175408525.70317066,12585719.543126041,salvador-ISSQN,salvador,ISSQN
2024-09-01,2024-09-01,12,2025-09-01,187039213.58700693,179604297.02387553,12585719.543126041,salvador-ISSQN,salvador,ISSQN
2024-10-01,2024-10-01,1,2024-11-01,170272112.29129708,179591112.82468337,12623119.3961063,salvador-ISSQN,salvador,ISSQN
2024-10-01,2024-10-01,2,2024-12-01,201564378.85060686,222390631.90105304,12623119.3961063,salvador-ISSQN,salvador,ISSQN
2024-10-01,2024-10-01,3,2025-01-01,165418720.9248767,168114527.45827794,12623119.3961063,salvador-ISSQN,salvador,ISSQN
2024-10-01,2024-10-01,4,2025-02-01,168682440.2340401,166618814.6913421,12623119.3961063,salvador-ISSQN,salvador,ISSQN
2024-10-01,2024-10-01,5,2025-03-01,175688943.8790584,178854998.4171446,12623119.3961063,salvador-ISSQN,salvador,ISSQN
2024-10-01,2024-10-01,6,2025-04-01,181535033.12456664,174304586.7878609,12623119.3961063,salvador-ISSQN,salvador,ISSQN
2024-10-01,2024-10-01,7,2025-05-01,181276769.84444195,179395692.49171242,12623119.3961063,salvador-ISSQN,salvador,ISSQN
2024-10-01,2024-10-01,8,2025-06-01,168323445.51961663,174841340.0199803,12623119.3961063,salvador-ISSQN,salvador,ISSQN
2024-10-01,2024-10-01,9,2025-07-01,172403341.7654783,178092405.28287494,12623119.3961063,salvador-ISSQN,salvador,ISSQN
2024-10-01,2024-10-01,10,2025-08-01,184564790.1691121,184701364.31327432,12623119.3961063,salvador-ISSQN,salvador,ISSQN
2024-10-01,2024-10-01,11,2025-09-01,187039213.58700693,186287547.46437845,12623119.3961063,salvador-ISSQN,salvador,ISSQN
2024-10-01,2024-10-01,12,2025-10-01,195235211.1399195,183502165.68672308,12623119.3961063,salvador-ISSQN,salvador,ISSQN
2024-11-01,2024-11-01,1,2024-12-01,201564378.85060686,217429202.98501185,12570186.486650469,salvador-ISSQN,salvador,ISSQN
2024-11-01,2024-11-01,2,2025-01-01,165418720.9248767,165987496.57361946,12570186.486650469,salvador-ISSQN,salvador,ISSQN
2024-11-01,2024-11-01,3,2025-02-01,168682440.2340401,162464879.46864584,12570186.486650469,salvador-ISSQN,salvador,ISSQN
2024-11-01,2024-11-01,4,2025-03-01,175688943.8790584,180236573.45786476,12570186.486650469,salvador-ISSQN,salvador,ISSQN
2024-11-01,2024-11-01,5,2025-04-01,181535033.12456664,171155967.48053324,12570186.486650469,salvador-ISSQN,salvador,ISSQN
2024-11-01,2024-11-01,6,2025-05-01,181276769.84444195,176144580.06500903,12570186.486650469,salvador-ISSQN,salvador,ISSQN
2024-11-01,2024-11-01,7,2025-06-01,168323445.51961663,170438155.4546316,12570186.486650469,salvador-ISSQN,salvador,ISSQN
2024-11-01,2024-11-01,8,2025-07-01,172403341.7654783,176580112.84436437,12570186.486650469,salvador-ISSQN,salvador,ISSQN
2024-11-01,2024-11-01,9,2025-08-01,184564790.1691121,181225860.6444049,12570186.486650469,salvador-ISSQN,salvador,ISSQN
2024-11-01,2024-11-01,10,2025-09-01,187039213.58700693,187890715.13024673,12570186.486650469,salvador-ISSQN,salvador,ISSQN
2024-11-01,2024-11-01,11,2025-10-01,195235211.1399195,182274054.91673785,12570186.486650469,salvador-ISSQN,salvador,ISSQN
2024-11-01,2024-11-01,12,2025-11-01,192262765.6760926,179946497.18679097,12570186.486650469,salvador-ISSQN,salvador,ISSQN
2024-12-01,2024-12-01,1,2025-01-01,165418720.9248767,160927839.25445542,12586654.371824685,salvador-ISSQN,salvador,ISSQN
2024-12-01,2024-12-01,2,2025-02-01,168682440.2340401,157830761.11600778,12586654.371824685,salvador-ISSQN,salvador,ISSQN
2024-12-01,2024-12-01,3,2025-03-01,175688943.8790584,173067450.73479095,12586654.371824685,salvador-ISSQN,salvador,ISSQN
2024-12-01,2024-12-01,4,2025-04-01,181535033.12456664,164601907.6106213,12586654.371824685,salvador-ISSQN,salvador,ISSQN
2024-12-01,2024-12-01,5,2025-05-01,181276769.84444195,170562612.78499398,12586654.371824685,salvador-ISSQN,salvador,ISSQN
2024-12-01,2024-12-01,6,2025-06-01,168323445.51961663,163540903.45534766,12586654.371824685,salvador-ISSQN,salvador,ISSQN
2024-12-01,2024-12-01,7,2025-07-01,172403341.7654783,168129174.78336516,12586654.371824685,salvador-ISSQN,salvador,ISSQN
2024-12-01,2024-12-01,8,2025-08-01,184564790.1691121,172488288.1445609,12586654.371824685,salvador-ISSQN,salvador,ISSQN
2024-12-01,2024-12-01,9,2025-09-01,187039213.58700693,176668399.16362837,12586654.371824685,salvador-ISSQN,salvador,ISSQN
2024-12-01,2024-12-01,10,2025-10-01,195235211.1399195,166929735.8763598,12586654.371824685,salvador-ISSQN,salvador,ISSQN
2024-12-01,2024-12-01,11,2025-11-01,192262765.6760926,172508350.33349228,12586654.371824685,salvador-ISSQN,salvador,ISSQN
2024-12-01,2024-12-01,12,2025-12-01,211689477.99,212286540.62231004,12586654.371824685,salvador-ISSQN,salvador,ISSQN
2025-01-01,2025-01-01,1,2025-02-01,168682440.2340401,158027920.49195403,12828142.71343105,salvador-ISSQN,salvador,ISSQN
2025-01-01,2025-01-01,2,2025-03-01,175688943.8790584,175841003.35767567,12828142.71343105,salvador-ISSQN,salvador,ISSQN
2025-01-01,2025-01-01,3,2025-04-01,181535033.12456664,166003234.56000426,12828142.71343105,salvador-ISSQN,salvador,ISSQN
2025-01-01,2025-01-01,4,2025-05-01,181276769.84444195,171225115.5815819,12828142.71343105,salvador-ISSQN,salvador,ISSQN
2025-01-01,2025-01-01,5,2025-06-01,168323445.51961663,165055942.1712117,12828142.71343105,salvador-ISSQN,salvador,ISSQN
2025-01-01,2025-01-01,6,2025-07-01,172403341.7654783,166081445.3805894,12828142.71343105,salvador-ISSQN,salvador,ISSQN
2025-01-01,2025-01-01,7,2025-08-01,184564790.1691121,173815765.16458404,12828142.71343105,salvador-ISSQN,salvador,ISSQN
2025-01-01,2025-01-01,8,2025-09-01,187039213.58700693,174871598.79043144,12828142.71343105,salvador-ISSQN,salvador,ISSQN
2025-01-01,2025-01-01,9,2025-10-01,195235211.1399195,178075522.77528566,12828142.71343105,salvador-ISSQN,salvador,ISSQN
2025-01-01,2025-01-01,10,2025-11-01,192262765.6760926,174234197.2420509,12828142.71343105,salvador-ISSQN,salvador,ISSQN
2025-01-01,2025-01-01,11,2025-12-01,211689477.99,209387434.33828765,12828142.71343105,salvador-ISSQN,salvador,ISSQN
2025-02-01,2025-02-01,1,2025-03-01,175688943.8790584,175866316.12939644,12797016.00055624,salvador-ISSQN,salvador,ISSQN
2025-02-01,2025-02-01,2,2025-04-01,181535033.12456664,169094803.50724357,12797016.00055624,salvador-ISSQN,salvador,ISSQN
2025-02-01,2025-02-01,3,2025-05-01,181276769.84444195,171564960.65311334,12797016.00055624,salvador-ISSQN,salvador,ISSQN
2025-02-01,2025-02-01,4,2025-06-01,168323445.51961663,169647518.23434258,12797016.00055624,salvador-ISSQN,salvador,ISSQN
2025-02-01,2025-02-01,5,2025-07-01,172403341.7654783,176378805.1985231,12797016.00055624,salvador-ISSQN,salvador,ISSQN
2025-02-01,2025-02-01,6,2025-08-01,184564790.1691121,178344337.41381848,12797016.00055624,salvador-ISSQN,salvador,ISSQN
2025-02-01,2025-02-01,7,2025-09-01,187039213.58700693,186849826.1708095,12797016.00055624,salvador-ISSQN,salvador,ISSQN
2025-02-01,2025-02-01,8,2025-10-01,195235211.1399195,185369886.05892596,12797016.00055624,salvador-ISSQN,salvador,ISSQN
2025-02-01,2025-02-01,9,2025-11-01,192262765.6760926,186754465.62130487,12797016.00055624,salvador-ISSQN,salvador,ISSQN
2025-02-01,2025-02-01,10,2025-12-01,211689477.99,225615117.0326345,12797016.00055624,salvador-ISSQN,salvador,ISSQN
2025-03-01,2025-03-01,1,2025-04-01,181535033.12456664,170688045.94304603,12803341.901366595,salvador-ISSQN,salvador,ISSQN
2025-03-01,2025-03-01,2,2025-05-01,181276769.84444195,176457779.84565735,12803341.901366595,salvador-ISSQN,salvador,ISSQN
2025-03-01,2025-03-01,3,2025-06-01,168323445.51961663,172281709.02071297,12803341.901366595,salvador-ISSQN,salvador,ISSQN
2025-03-01,2025-03-01,4,2025-07-01,172403341.7654783,179669147.8857365,12803341.901366595,salvador-ISSQN,salvador,ISSQN
2025-03-01,2025-03-01,5,2025-08-01,184564790.1691121,180776049.7253824,12803341.901366595,salvador-ISSQN,salvador,ISSQN
2025-03-01,2025-03-01,6,2025-09-01,187039213.58700693,187220918.36814407,12803341.901366595,salvador-ISSQN,salvador,ISSQN
2025-03-01,2025-03-01,7,2025-10-01,195235211.1399195,183777137.95440954,12803341.901366595,salvador-ISSQN,salvador,ISSQN
2025-03-01,2025-03-01,8,2025-11-01,192262765.6760926,184887639.09492782,12803341.901366595,salvador-ISSQN,salvador,ISSQN
2025-03-01,2025-03-01,9,2025-12-01,211689477.99,227043973.33768153,12803341.901366595,salvador-ISSQN,salvador,ISSQN
2025-04-01,2025-04-01,1,2025-05-01,181276769.84444195,178926170.05126446,12788606.398172393,salvador-ISSQN,salvador,ISSQN
2025-04-01,2025-04-01,2,2025-06-01,168323445.51961663,173288756.6543878,12788606.398172393,salvador-ISSQN,salvador,ISSQN
2025-04-01,2025-04-01,3,2025-07-01,172403341.7654783,177840766.3745339,12788606.398172393,salvador-ISSQN,salvador,ISSQN
2025-04-01,2025-04-01,4,2025-08-01,184564790.1691121,181459365.36920133,12788606.398172393,salvador-ISSQN,salvador,ISSQN
2025-04-01,2025-04-01,5,2025-09-01,187039213.58700693,189071230.97675422,12788606.398172393,salvador-ISSQN,salvador,ISSQN
2025-04-01,2025-04-01,6,2025-10-01,195235211.1399195,184288650.71550515,12788606.398172393,salvador-ISSQN,salvador,ISSQN
2025-04-01,2025-04-01,7,2025-11-01,192262765.6760926,185501870.15896308,12788606.398172393,salvador-ISSQN,salvador,ISSQN
2025-04-01,2025-04-01,8,2025-12-01,211689477.99,224247469.82426977,12788606.398172393,salvador-ISSQN,salvador,ISSQN
2025-05-01,2025-05-01,1,2025-06-01,168323445.51961663,177002429.88675565,12807724.926831223,salvador-ISSQN,salvador,ISSQN
2025-05-01,2025-05-01,2,2025-07-01,172403341.7654783,180577567.87004083,12807724.926831223,salvador-ISSQN,salvador,ISSQN
2025-05-01,2025-05-01,3,2025-08-01,184564790.1691121,182006541.33937222,12807724.926831223,salvador-ISSQN,salvador,ISSQN
2025-05-01,2025-05-01,4,2025-09-01,187039213.58700693,188948424.93349493,12807724.926831223,salvador-ISSQN,salvador,ISSQN
2025-05-01,2025-05-01,5,2025-10-01,195235211.1399195,183958377.11902994,12807724.926831223,salvador-ISSQN,salvador,ISSQN
2025-05-01,2025-05-01,6,2025-11-01,192262765.6760926,182109565.18750548,12807724.926831223,salvador-ISSQN,salvador,ISSQN
2025-05-01,2025-05-01,7,2025-12-01,211689477.99,227887208.79419127,12807724.926831223,salvador-ISSQN,salvador,ISSQN
2025-06-01,2025-06-01,1,2025-07-01,172403341.7654783,175763695.68434605,12769630.394471891,salvador-ISSQN,salvador,ISSQN
2025-06-01,2025-06-01,2,2025-08-01,184564790.1691121,179433984.7226315,12769630.394471891,salvador-ISSQN,salvador,ISSQN
2025-06-01,2025-06-01,3,2025-09-01,187039213.58700693,187069256.0164456,12769630.394471891,salvador-ISSQN,salvador,ISSQN
2025-06-01,2025-06-01,4,2025-10-01,195235211.1399195,184197694.19101703,12769630.394471891,salvador-ISSQN,salvador,ISSQN
2025-06-01,2025-06-01,5,2025-11-01,192262765.6760926,184616143.68889874,12769630.394471891,salvador-ISSQN,salvador,ISSQN
2025-06-01,2025-06-01,6,2025-12-01,211689477.99,223944101.22759715,12769630.394471891,salvador-ISSQN,salvador,ISSQN
2025-07-01,2025-07-01,1,2025-08-01,184564790.1691121,177803845.22172406,12680246.18987403,salvador-ISSQN,salvador,ISSQN
2025-07-01,2025-07-01,2,2025-09-01,187039213.58700693,185291638.46572685,12680246.18987403,salvador-ISSQN,salvador,ISSQN
2025-07-01,2025-07-01,3,2025-10-01,195235211.1399195,185371308.09391397,12680246.18987403,salvador-ISSQN,salvador,ISSQN
2025-07-01,2025-07-01,4,2025-11-01,192262765.6760926,179939365.59238714,12680246.18987403,salvador-ISSQN,salvador,ISSQN
2025-07-01,2025-07-01,5,2025-12-01,211689477.99,221789845.00213996,12680246.18987403,salvador-ISSQN,salvador,ISSQN
2025-08-01,2025-08-01,1,2025-09-01,187039213.58700693,189462842.1568145,12614941.126465531,salvador-ISSQN,salvador,ISSQN
2025-08-01,2025-08-01,2,2025-10-01,195235211.1399195,182924322.75823694,12614941.126465531,salvador-ISSQN,salvador,ISSQN
2025-08-01,2025-08-01,3,2025-11-01,192262765.6760926,187058121.3550621,12614941.126465531,salvador-ISSQN,salvador,ISSQN
2025-08-01,2025-08-01,4,2025-12-01,211689477.99,227407525.73373902,12614941.126465531,salvador-ISSQN,salvador,ISSQN
2025-09-01,2025-09-01,1,2025-10-01,195235211.1399195,177633070.2780048,12528452.117689969,salvador-ISSQN,salvador,ISSQN
2025-09-01,2025-09-01,2,2025-11-01,192262765.6760926,180550078.17549595,12528452.117689969,salvador-ISSQN,salvador,ISSQN
2025-09-01,2025-09-01,3,2025-12-01,211689477.99,221699960.2500589,12528452.117689969,salvador-ISSQN,salvador,ISSQN
2025-10-01,2025-10-01,1,2025-11-01,192262765.6760926,187234585.2832323,12559726.937698293,salvador-ISSQN,salvador,ISSQN
2025-10-01,2025-10-01,2,2025-12-01,211689477.99,226326466.43353933,12559726.937698293,salvador-ISSQN,salvador,ISSQN
2025-11-01,2025-11-01,1,2025-12-01,211689477.99,229905116.8075899,12638978.420447009,salvador-ISSQN,salvador,ISSQN
2020-12-01,2020-12-01,1,2021-01-01,5574464.266987887,5247387.569198985,9834237.621829418,camacari-IPTU,camacari,IPTU
2020-12-01,2020-12-01,2,2021-02-01,6895054.255048427,10690160.42241335,9834237.621829418,camacari-IPTU,camacari,IPTU
2020-12-01,2020-12-01,3,2021-03-01,112702246.07639827,31917195.639786173,9834237.621829418,camacari-IPTU,camacari,IPTU
2020-12-01,2020-12-01,4,2021-04-01,19209490.334815037,37494442.78852619,9834237.621829418,camacari-IPTU,camacari,IPTU
2020-12-01,2020-12-01,5,2021-05-01,26237779.75309817,10837767.025243174,9834237.621829418,camacari-IPTU,camacari,IPTU
2020-12-01,2020-12-01,6,2021-06-01,6780175.600741205,10283090.572556522,9834237.621829418,camacari-IPTU,camacari,IPTU
2020-12-01,2020-12-01,7,2021-07-01,8409795.03666179,8700880.180699363,9834237.621829418,camacari-IPTU,camacari,IPTU
2020-12-01,2020-12-01,8,2021-08-01,8180263.29398786,10820435.38751029,9834237.621829418,camacari-IPTU,camacari,IPTU
2020-12-01,2020-12-01,9,2021-09-01,7259633.949597636,7851712.573022911,9834237.621829418,camacari-IPTU,camacari,IPTU
2020-12-01,2020-12-01,10,2021-10-01,9096487.604462316,7120718.57611946,9834237.621829418,camacari-IPTU,camacari,IPTU
2020-12-01,2020-12-01,11,2021-11-01,7282535.99270146,8107674.571763202,9834237.621829418,camacari-IPTU,camacari,IPTU
2020-12-01,2020-12-01,12,2021-12-01,7197779.503408926,7950859.3487094985,9834237.621829418,camacari-IPTU,camacari,IPTU
2021-01-01,2021-01-01,1,2021-02-01,6895054.255048427,10389443.147830168,9688977.182049995,camacari-IPTU,camacari,IPTU
2021-01-01,2021-01-01,2,2021-03-01,112702246.07639827,31385534.577686172,9688977.182049995,camacari-IPTU,camacari,IPTU
2021-01-01,2021-01-01,3,2021-04-01,19209490.334815037,38448288.12140363,9688977.182049995,camacari-IPTU,camacari,IPTU
2021-01-01,2021-01-01,4,2021-05-01,26237779.75309817,10029415.732804747,9688977.182049995,camacari-IPTU,camacari,IPTU
2021-01-01,2021-01-01,5,2021-06-01,6780175.600741205,9862161.417466696,9688977.182049995,camacari-IPTU,camacari,IPTU
2021-01-01,2021-01-01,6,2021-07-01,8409795.03666179,8617441.704590306,9688977.182049995,camacari-IPTU,camacari,IPTU
2021-01-01,2021-01-01,7,2021-08-01,8180263.29398786,9728895.245848646,9688977.182049995,camacari-IPTU,camacari,IPTU
2021-01-01,2021-01-01,8,2021-09-01,7259633.949597636,8188770.612690082,9688977.182049995,camacari-IPTU,camacari,IPTU
2021-01-01,2021-01-01,9,2021-10-01,9096487.604462316,7080943.668437105,9688977.182049995,camacari-IPTU,camacari,IPTU
2021-01-01,2021-01-01,10,2021-11-01,7282535.99270146,8102867.060408116,9688977.182049995,camacari-IPTU,camacari,IPTU
2021-01-01,2021-01-01,11,2021-12-01,7197779.503408926,8030876.915043251,9688977.182049995,camacari-IPTU,camacari,IPTU
2021-01-01,2021-01-01,12,2022-01-01,4837683.587523954,5077265.097478414,9688977.182049995,camacari-IPTU,camacari,IPTU
2021-02-01,2021-02-01,1,2021-03-01,112702246.07639827,32339432.609780755,9554833.068743763,camacari-IPTU,camacari,IPTU
2021-02-01,2021-02-01,2,2021-04-01,19209490.334815037,39050843.40848703,9554833.068743763,camacari-IPTU,camacari,IPTU
2021-02-01,2021-02-01,3,2021-05-01,26237779.75309817,10076700.07540478,9554833.068743763,camacari-IPTU,camacari,IPTU
2021-02-01,2021-02-01,4,2021-06-01,6780175.600741205,9606005.445554134,9554833.068743763,camacari-IPTU,camacari,IPTU
2021-02-01,2021-02-01,5,2021-07-01,8409795.03666179,8723062.669060932,9554833.068743763,camacari-IPTU,camacari,IPTU
2021-02-01,2021-02-01,6,2021-08-01,8180263.29398786,9735348.412702182,9554833.068743763,camacari-IPTU,camacari,IPTU
2021-02-01,2021-02-01,7,2021-09-01,7259633.949597636,7847434.368263968,9554833.068743763,camacari-IPTU,camacari,IPTU
2021-02-01,2021-02-01,8,2021-10-01,9096487.604462316,6966192.054245892,9554833.068743763,camacari-IPTU,camacari,IPTU
2021-02-01,2021-02-01,9,2021-11-01,7282535.99270146,8026396.781543637,9554833.068743763,camacari-IPTU,camacari,IPTU
2021-02-01,2021-02-01,10,2021-12-01,7197779.503408926,7812879.541993346,9554833.068743763,camacari-IPTU,camacari,IPTU
2021-02-01,2021-02-01,11,2022-01-01,4837683.587523954,5105902.005542083,9554833.068743763,camacari-IPTU,camacari,IPTU
2021-02-01,2021-02-01,12,2022-02-01,10747333.805839347,9800039.465502737,9554833.068743763,camacari-IPTU,camacari,IPTU
2021-03-01,2021-03-01,1,2021-04-01,19209490.334815037,43316948.71360911,10499157.47482719,camacari-IPTU,camacari,IPTU
2021-03-01,2021-03-01,2,2021-05-01,26237779.75309817,11111642.729562527,10499157.47482719,camacari-IPTU,camacari,IPTU
2021-03-01,2021-03-01,3,2021-06-01,6780175.600741205,10596138.315287065,10499157.47482719,camacari-IPTU,camacari,IPTU
2021-03-01,2021-03-01,4,2021-07-01,8409795.03666179,9554076.015569566,10499157.47482719,camacari-IPTU,camacari,IPTU
2021-03-01,2021-03-01,5,2021-08-01,8180263.29398786,10705381.345544476,10499157.47482719,camacari-IPTU,camacari,IPTU
2021-03-01,2021-03-01,6,2021-09-01,7259633.949597636,8474326.332998242,10499157.47482719,camacari-IPTU,camacari,IPTU
2021-03-01,2021-03-01,7,2021-10-01,9096487.604462316,7616067.912450005,10499157.47482719,camacari-IPTU,camacari,IPTU
2021-03-01,2021-03-01,8,2021-11-01,7282535.99270146,8710942.989131466,10499157.47482719,camacari-IPTU,camacari,IPTU
2021-03-01,2021-03-01,9,2021-12-01,7197779.503408926,8443766.404226067,10499157.47482719,camacari-IPTU,camacari,IPTU
2021-03-01,2021-03-01,10,2022-01-01,4837683.587523954,5526170.684977126,10499157.47482719,camacari-IPTU,camacari,IPTU
2021-03-01,2021-03-01,11,2022-02-01,10747333.805839347,10670661.674075315,10499157.47482719,camacari-IPTU,camacari,IPTU
2021-03-01,2021-03-01,12,2022-03-01,127432797.50553215,42208499.23686715,10499157.47482719,camacari-IPTU,camacari,IPTU
2021-04-01,2021-04-01,1,2021-05-01,26237779.75309817,10442990.351338472,10882382.342094596,camacari-IPTU,camacari,IPTU
2021-04-01,2021-04-01,2,2021-06-01,6780175.600741205,9946206.921211185,10882382.342094596,camacari-IPTU,camacari,IPTU
2021-04-01,2021-04-01,3,2021-07-01,8409795.03666179,8968723.8843032,10882382.342094596,camacari-IPTU,camacari,IPTU
2021-04-01,2021-04-01,4,2021-08-01,8180263.29398786,10016587.973638974,10882382.342094596,camacari-IPTU,camacari,IPTU
2021-04-01,2021-04-01,5,2021-09-01,7259633.949597636,8048306.779569877,10882382.342094596,camacari-IPTU,camacari,IPTU
2021-04-01,2021-04-01,6,2021-10-01,9096487.604462316,7129594.571385799,10882382.342094596,camacari-IPTU,camacari,IPTU
2021-04-01,2021-04-01,7,2021-11-01,7282535.99270146,8241014.717338272,10882382.342094596,camacari-IPTU,camacari,IPTU
2021-04-01,2021-04-01,8,2021-12-01,7197779.503408926,7980198.058643915,10882382.342094596,camacari-IPTU,camacari,IPTU
2021-04-01,2021-04-01,9,2022-01-01,4837683.587523954,5226118.573591565,10882382.342094596,camacari-IPTU,camacari,IPTU
2021-04-01,2021-04-01,10,2022-02-01,10747333.805839347,10075935.799811704,10882382.342094596,camacari-IPTU,camacari,IPTU
2021-04-01,2021-04-01,11,2022-03-01,127432797.50553215,40131155.52077345,10882382.342094596,camacari-IPTU,camacari,IPTU
2021-04-01,2021-04-01,12,2022-04-01,40453619.22855426,36411636.99939783,10882382.342094596,camacari-IPTU,camacari,IPTU
2021-05-01,2021-05-01,1,2021-06-01,6780175.600741205,10691150.57462939,10935783.647750793,camacari-IPTU,camacari,IPTU
2021-05-01,2021-05-01,2,2021-07-01,8409795.03666179,9698248.433420042,10935783.647750793,camacari-IPTU,camacari,IPTU
2021-05-01,2021-05-01,3,2021-08-01,8180263.29398786,10740733.95523878,10935783.647750793,camacari-IPTU,camacari,IPTU
2021-05-01,2021-05-01,4,2021-09-01,7259633.949597636,8645129.72019704,10935783.647750793,camacari-IPTU,camacari,IPTU
2021-05-01,2021-05-01,5,2021-10-01,9096487.604462316,7657392.365462863,10935783.647750793,camacari-IPTU,camacari,IPTU
2021-05-01,2021-05-01,6,2021-11-01,7282535.99270146,8802410.47374982,10935783.647750793,camacari-IPTU,camacari,IPTU
2021-05-01,2021-05-01,7,2021-12-01,7197779.503408926,8560702.867769433,10935783.647750793,camacari-IPTU,camacari,IPTU
2021-05-01,2021-05-01,8,2022-01-01,4837683.587523954,5598915.826898515,10935783.647750793,camacari-IPTU,camacari,IPTU
2021-05-01,2021-05-01,9,2022-02-01,10747333.805839347,10741408.44329573,10935783.647750793,camacari-IPTU,camacari,IPTU
2021-05-01,2021-05-01,10,2022-03-01,127432797.50553215,43039947.65198931,10935783.647750793,camacari-IPTU,camacari,IPTU
2021-05-01,2021-05-01,11,2022-04-01,40453619.22855426,39368054.4338555,10935783.647750793,camacari-IPTU,camacari,IPTU
2021-05-01,2021-05-01,12,2022-05-01,21962579.319788303,12624781.919108585,10935783.647750793,camacari-IPTU,camacari,IPTU
2021-06-01,2021-06-01,1,2021-07-01,8409795.03666179,9281974.617518539,10781020.91660674,camacari-IPTU,camacari,IPTU
2021-06-01,2021-06-01,2,2021-08-01,8180263.29398786,10362737.572484367,10781020.91660674,camacari-IPTU,camacari,IPTU
2021-06-01,2021-06-01,3,2021-09-01,7259633.949597636,8316738.798626454,10781020.91660674,camacari-IPTU,camacari,IPTU
2021-06-01,2021-06-01,4,2021-10-01,9096487.604462316,7375734.100398544,10781020.91660674,camacari-IPTU,camacari,IPTU
2021-06-01,2021-06-01,5,2021-11-01,7282535.99270146,8494542.288584007,10781020.91660674,camacari-IPTU,camacari,IPTU
2021-06-01,2021-06-01,6,2021-12-01,7197779.503408926,8254087.304443661,10781020.91660674,camacari-IPTU,camacari,IPTU
2021-06-01,2021-06-01,7,2022-01-01,4837683.587523954,5389189.32493877,10781020.91660674,camacari-IPTU,camacari,IPTU
2021-06-01,2021-06-01,8,2022-02-01,10747333.805839347,10357530.439921329,10781020.91660674,camacari-IPTU,camacari,IPTU
2021-06-01,2021-06-01,9,2022-03-01,127432797.50553215,41362316.45201453,10781020.91660674,camacari-IPTU,camacari,IPTU
2021-06-01,2021-06-01,10,2022-04-01,40453619.22855426,37516971.08330286,10781020.91660674,camacari-IPTU,camacari,IPTU
2021-06-01,2021-06-01,11,2022-05-01,21962579.319788303,12238167.012096502,10781020.91660674,camacari-IPTU,camacari,IPTU
2021-06-01,2021-06-01,12,2022-06-01,12354716.21055757,9648241.759179663,10781020.91660674,camacari-IPTU,camacari,IPTU
2021-07-01,2021-07-01,1,2021-08-01,8180263.29398786,10169391.893688085,10629290.604000622,camacari-IPTU,camacari,IPTU
2021-07-01,2021-07-01,2,2021-09-01,7259633.949597636,7906527.95907966,10629290.604000622,camacari-IPTU,camacari,IPTU
2021-07-01,2021-07-01,3,2021-10-01,9096487.604462316,7331446.69550552,10629290.604000622,camacari-IPTU,camacari,IPTU
2021-07-01,2021-07-01,4,2021-11-01,7282535.99270146,8303853.017979215,10629290.604000622,camacari-IPTU,camacari,IPTU
2021-07-01,2021-07-01,5,2021-12-01,7197779.503408926,8009618.688514157,10629290.604000622,camacari-IPTU,camacari,IPTU
2021-07-01,2021-07-01,6,2022-01-01,4837683.587523954,5362933.030155448,10629290.604000622,camacari-IPTU,camacari,IPTU
2021-07-01,2021-07-01,7,2022-02-01,10747333.805839347,10090970.078372361,10629290.604000622,camacari-IPTU,camacari,IPTU
2021-07-01,2021-07-01,8,2022-03-01,127432797.50553215,40966976.747709505,10629290.604000622,camacari-IPTU,camacari,IPTU
2021-07-01,2021-07-01,9,2022-04-01,40453619.22855426,37040941.3855503,10629290.604000622,camacari-IPTU,camacari,IPTU
2021-07-01,2021-07-01,10,2022-05-01,21962579.319788303,11910084.919315636,10629290.604000622,camacari-IPTU,camacari,IPTU
2021-07-01,2021-07-01,11,2022-06-01,12354716.21055757,9375944.413668513,10629290.604000622,camacari-IPTU,camacari,IPTU
2021-07-01,2021-07-01,12,2022-07-01,17752542.53971789,8851643.424031872,10629290.604000622,camacari-IPTU,camacari,IPTU
2021-08-01,2021-08-01,1,2021-09-01,7259633.949597636,8294146.877220756,10476542.229397617,camacari-IPTU,camacari,IPTU
2021-08-01,2021-08-01,2,2021-10-01,9096487.604462316,7228806.886235013,10476542.229397617,camacari-IPTU,camacari,IPTU
2021-08-01,2021-08-01,3,2021-11-01,7282535.99270146,8241794.759648702,10476542.229397617,camacari-IPTU,camacari,IPTU
2021-08-01,2021-08-01,4,2021-12-01,7197779.503408926,7980247.218990818,10476542.229397617,camacari-IPTU,camacari,IPTU
2021-08-01,2021-08-01,5,2022-01-01,4837683.587523954,5184251.503161248,10476542.229397617,camacari-IPTU,camacari,IPTU
2021-08-01,2021-08-01,6,2022-02-01,10747333.805839347,10206322.970392868,10476542.229397617,camacari-IPTU,camacari,IPTU
2021-08-01,2021-08-01,7,2022-03-01,127432797.50553215,40045847.47320568,10476542.229397617,camacari-IPTU,camacari,IPTU
2021-08-01,2021-08-01,8,2022-04-01,40453619.22855426,36567214.016673125,10476542.229397617,camacari-IPTU,camacari,IPTU
2021-08-01,2021-08-01,9,2022-05-01,21962579.319788303,11895435.50337926,10476542.229397617,camacari-IPTU,camacari,IPTU
2021-08-01,2021-08-01,10,2022-06-01,12354716.21055757,9340647.502379432,10476542.229397617,camacari-IPTU,camacari,IPTU
2021-08-01,2021-08-01,11,2022-07-01,17752542.53971789,8785219.41557169,10476542.229397617,camacari-IPTU,camacari,IPTU
2021-08-01,2021-08-01,12,2022-08-01,15164896.700699635,9856923.206672467,10476542.229397617,camacari-IPTU,camacari,IPTU
2021-09-01,2021-09-01,1,2021-10-01,9096487.604462316,7138086.52493843,10331105.827917611,camacari-IPTU,camacari,IPTU
2021-09-01,2021-09-01,2,2021-11-01,7282535.99270146,8244563.894199946,10331105.827917611,camacari-IPTU,camacari,IPTU
2021-09-01,2021-09-01,3,2021-12-01,7197779.503408926,8002668.274631456,10331105.827917611,camacari-IPTU,camacari,IPTU
2021-09-01,2021-09-01,4,2022-01-01,4837683.587523954,5236827.656096186,10331105.827917611,camacari-IPTU,camacari,IPTU
2021-09-01,2021-09-01,5,2022-02-01,10747333.805839347,10079867.630453521,10331105.827917611,camacari-IPTU,camacari,IPTU
2021-09-01,2021-09-01,6,2022-03-01,127432797.50553215,40090090.56841318,10331105.827917611,camacari-IPTU,camacari,IPTU
2021-09-01,2021-09-01,7,2022-04-01,40453619.22855426,36552623.836048335,10331105.827917611,camacari-IPTU,camacari,IPTU
2021-09-01,2021-09-01,8,2022-05-01,21962579.319788303,11903929.586615244,10331105.827917611,camacari-IPTU,camacari,IPTU
2021-09-01,2021-09-01,9,2022-06-01,12354716.21055757,9359844.970657649,10331105.827917611,camacari-IPTU,camacari,IPTU
2021-09-01,2021-09-01,10,2022-07-01,17752542.53971789,8883774.836229466,10331105.827917611,camacari-IPTU,camacari,IPTU
2021-09-01,2021-09-01,11,2022-08-01,15164896.700699635,9702212.626000296,10331105.827917611,camacari-IPTU,camacari,IPTU
2021-09-01,2021-09-01,12,2022-09-01,12832045.767347911,7913820.852187793,10331105.827917611,camacari-IPTU,camacari,IPTU
2021-10-01,2021-10-01,1,2021-11-01,7282535.99270146,8409547.335444376,10185035.30767684,camacari-IPTU,camacari,IPTU
2021-10-01,2021-10-01,2,2021-12-01,7197779.503408926,8160184.270708172,10185035.30767684,camacari-IPTU,camacari,IPTU
2021-10-01,2021-10-01,3,2022-01-01,4837683.587523954,5329406.827890351,10185035.30767684,camacari-IPTU,camacari,IPTU
2021-10-01,2021-10-01,4,2022-02-01,10747333.805839347,10231448.629377492,10185035.30767684,camacari-IPTU,camacari,IPTU
2021-10-01,2021-10-01,5,2022-03-01,127432797.50553215,40807118.90112059,10185035.30767684,camacari-IPTU,camacari,IPTU
2021-10-01,2021-10-01,6,2022-04-01,40453619.22855426,37010041.82130087,10185035.30767684,camacari-IPTU,camacari,IPTU
2021-10-01,2021-10-01,7,2022-05-01,21962579.319788303,12111076.295967016,10185035.30767684,camacari-IPTU,camacari,IPTU
2021-10-01,2021-10-01,8,2022-06-01,12354716.21055757,9515933.62607372,10185035.30767684,camacari-IPTU,camacari,IPTU
2021-10-01,2021-10-01,9,2022-07-01,17752542.53971789,9031378.270827565,10185035.30767684,camacari-IPTU,camacari,IPTU
2021-10-01,2021-10-01,10,2022-08-01,15164896.700699635,9863563.4007962,10185035.30767684,camacari-IPTU,camacari,IPTU
2021-10-01,2021-10-01,11,2022-09-01,12832045.767347911,8039784.675975114,10185035.30767684,camacari-IPTU,camacari,IPTU
2021-10-01,2021-10-01,12,2022-10-01,13457745.956336224,7499435.826985345,10185035.30767684,camacari-IPTU,camacari,IPTU
2021-11-01,2021-11-01,1,2021-12-01,7197779.503408926,8048364.320625578,10056105.35456376,camacari-IPTU,camacari,IPTU
2021-11-01,2021-11-01,2,2022-01-01,4837683.587523954,5288430.119746656,10056105.35456376,camacari-IPTU,camacari,IPTU
2021-11-01,2021-11-01,3,2022-02-01,10747333.805839347,10144740.13337866,10056105.35456376,camacari-IPTU,camacari,IPTU
2021-11-01,2021-11-01,4,2022-03-01,127432797.50553215,40463920.79202409,10056105.35456376,camacari-IPTU,camacari,IPTU
2021-11-01,2021-11-01,5,2022-04-01,40453619.22855426,36579575.197954655,10056105.35456376,camacari-IPTU,camacari,IPTU
2021-11-01,2021-11-01,6,2022-05-01,21962579.319788303,11898647.23300366,10056105.35456376,camacari-IPTU,camacari,IPTU
2021-11-01,2021-11-01,7,2022-06-01,12354716.21055757,9415069.707583811,10056105.35456376,camacari-IPTU,camacari,IPTU
2021-11-01,2021-11-01,8,2022-07-01,17752542.53971789,8929547.388176262,10056105.35456376,camacari-IPTU,camacari,IPTU
2021-11-01,2021-11-01,9,2022-08-01,15164896.700699635,9824234.774797935,10056105.35456376,camacari-IPTU,camacari,IPTU
2021-11-01,2021-11-01,10,2022-09-01,12832045.767347911,7969173.615490806,10056105.35456376,camacari-IPTU,camacari,IPTU
2021-11-01,2021-11-01,11,2022-10-01,13457745.956336224,7448380.573021011,10056105.35456376,camacari-IPTU,camacari,IPTU
2021-11-01,2021-11-01,12,2022-11-01,12616930.535112843,8151552.313404953,10056105.35456376,camacari-IPTU,camacari,IPTU
2021-12-01,2021-12-01,1,2022-01-01,4837683.587523954,5229990.732110579,10029277.341709485,camacari-IPTU,camacari,IPTU
2021-12-01,2021-12-01,2,2022-02-01,10747333.805839347,10053658.89471166,10029277.341709485,camacari-IPTU,camacari,IPTU
2021-12-01,2021-12-01,3,2022-03-01,127432797.50553215,40221397.06243104,10029277.341709485,camacari-IPTU,camacari,IPTU
2021-12-01,2021-12-01,4,2022-04-01,40453619.22855426,36273717.17955065,10029277.341709485,camacari-IPTU,camacari,IPTU
2021-12-01,2021-12-01,5,2022-05-01,21962579.319788303,11849748.536675284,10029277.341709485,camacari-IPTU,camacari,IPTU
2021-12-01,2021-12-01,6,2022-06-01,12354716.21055757,9391642.907937335,10029277.341709485,camacari-IPTU,camacari,IPTU
2021-12-01,2021-12-01,7,2022-07-01,17752542.53971789,8874945.064892367,10029277.341709485,camacari-IPTU,camacari,IPTU
2021-12-01,2021-12-01,8,2022-08-01,15164896.700699635,9674432.08244415,10029277.341709485,camacari-IPTU,camacari,IPTU
2021-12-01,2021-12-01,9,2022-09-01,12832045.767347911,7946037.903813748,10029277.341709485,camacari-IPTU,camacari,IPTU
2021-12-01,2021-12-01,10,2022-10-01,13457745.956336224,7374298.592169936,10029277.341709485,camacari-IPTU,camacari,IPTU
2021-12-01,2021-12-01,11,2022-11-01,12616930.535112843,8079198.892178547,10029277.341709485,camacari-IPTU,camacari,IPTU
2021-12-01,2021-12-01,12,2022-12-01,12784174.1801717,7855153.407471874,10029277.341709485,camacari-IPTU,camacari,IPTU
2022-01-01,2022-01-01,1,2022-02-01,10747333.805839347,10036849.63007361,9901982.866884204,camacari-IPTU,camacari,IPTU
2022-01-01,2022-01-01,2,2022-03-01,127432797.50553215,39854818.42197113,9901982.866884204,camacari-IPTU,camacari,IPTU
2022-01-01,2022-01-01,3,2022-04-01,40453619.22855426,36237409.36756171,9901982.866884204,camacari-IPTU,camacari,IPTU
2022-01-01,2022-01-01,4,2022-05-01,21962579.319788303,11807061.575326376,9901982.866884204,camacari-IPTU,camacari,IPTU
2022-01-01,2022-01-01,5,2022-06-01,12354716.21055757,9333561.576561227,9901982.866884204,camacari-IPTU,camacari,IPTU
2022-01-01,2022-01-01,6,2022-07-01,17752542.53971789,8820568.95720325,9901982.866884204,camacari-IPTU,camacari,IPTU
2022-01-01,2022-01-01,7,2022-08-01,15164896.700699635,9674245.307410732,9901982.866884204,camacari-IPTU,camacari,IPTU
2022-01-01,2022-01-01,8,2022-09-01,12832045.767347911,7867031.050516587,9901982.866884204,camacari-IPTU,camacari,IPTU
2022-01-01,2022-01-01,9,2022-10-01,13457745.956336224,7337835.193633278,9901982.866884204,camacari-IPTU,camacari,IPTU
2022-01-01,2022-01-01,10,2022-11-01,12616930.535112843,8036457.480289904,9901982.866884204,camacari-IPTU,camacari,IPTU
2022-01-01,2022-01-01,11,2022-12-01,12784174.1801717,7829892.415290015,9901982.866884204,camacari-IPTU,camacari,IPTU
2022-01-01,2022-01-01,12,2023-01-01,7047786.234635349,5139524.611208301,9901982.866884204,camacari-IPTU,camacari,IPTU
2022-02-01,2022-02-01,1,2022-03-01,127432797.50553215,38053629.20990647,9820230.119369429,camacari-IPTU,camacari,IPTU
2022-02-01,2022-02-01,2,2022-04-01,40453619.22855426,34800480.83947683,9820230.119369429,camacari-IPTU,camacari,IPTU
2022-02-01,2022-02-01,3,2022-05-01,21962579.319788303,11830778.868782982,9820230.119369429,camacari-IPTU,camacari,IPTU
2022-02-01,2022-02-01,4,2022-06-01,12354716.21055757,9402446.863063928,9820230.119369429,camacari-IPTU,camacari,IPTU
2022-02-01,2022-02-01,5,2022-07-01,17752542.53971789,8795654.753145028,9820230.119369429,camacari-IPTU,camacari,IPTU
2022-02-01,2022-02-01,6,2022-08-01,15164896.700699635,9671985.77933025,9820230.119369429,camacari-IPTU,camacari,IPTU
2022-02-01,2022-02-01,7,2022-09-01,12832045.767347911,8112251.583488097,9820230.119369429,camacari-IPTU,camacari,IPTU
2022-02-01,2022-02-01,8,2022-10-01,13457745.956336224,7205987.425308974,9820230.119369429,camacari-IPTU,camacari,IPTU
2022-02-01,2022-02-01,9,2022-11-01,12616930.535112843,8015399.328659956,9820230.119369429,camacari-IPTU,camacari,IPTU
2022-02-01,2022-02-01,10,2022-12-01,12784174.1801717,8072793.8014411,9820230.119369429,camacari-IPTU,camacari,IPTU
2022-02-01,2022-02-01,11,2023-01-01,7047786.234635349,5288368.100433766,9820230.119369429,camacari-IPTU,camacari,IPTU
2022-02-01,2022-02-01,12,2023-02-01,12018263.329091424,10249682.658485161,9820230.119369429,camacari-IPTU,camacari,IPTU
2022-03-01,2022-03-01,1,2022-04-01,40453619.22855426,46184660.012484655,9885701.07016629,camacari-IPTU,camacari,IPTU
2022-03-01,2022-03-01,2,2022-05-01,21962579.319788303,15837514.72697046,9885701.07016629,camacari-IPTU,camacari,IPTU
2022-03-01,2022-03-01,3,2022-06-01,12354716.21055757,11486132.1449378,9885701.07016629,camacari-IPTU,camacari,IPTU
2022-03-01,2022-03-01,4,2022-07-01,17752542.53971789,11195989.283869768,9885701.07016629,camacari-IPTU,camacari,IPTU
2022-03-01,2022-03-01,5,2022-08-01,15164896.700699635,12794840.100820096,9885701.07016629,camacari-IPTU,camacari,IPTU
2022-03-01,2022-03-01,6,2022-09-01,12832045.767347911,10150057.413568756,9885701.07016629,camacari-IPTU,camacari,IPTU
2022-03-01,2022-03-01,7,2022-10-01,13457745.956336224,9570004.447705073,9885701.07016629,camacari-IPTU,camacari,IPTU
2022-03-01,2022-03-01,8,2022-11-01,12616930.535112843,11580123.886951234,9885701.07016629,camacari-IPTU,camacari,IPTU
2022-03-01,2022-03-01,9,2022-12-01,12784174.1801717,10246840.388790393,9885701.07016629,camacari-IPTU,camacari,IPTU
2022-03-01,2022-03-01,10,2023-01-01,7047786.234635349,7613704.555882718,9885701.07016629,camacari-IPTU,camacari,IPTU
2022-03-01,2022-03-01,11,2023-02-01,12018263.329091424,14421040.674067305,9885701.07016629,camacari-IPTU,camacari,IPTU
2022-03-01,2022-03-01,12,2023-03-01,113631532.97417936,68290735.32733776,9885701.07016629,camacari-IPTU,camacari,IPTU
2022-04-01,2022-04-01,1,2022-05-01,21962579.319788303,15652637.709168848,10035154.06784488,camacari-IPTU,camacari,IPTU
2022-04-01,2022-04-01,2,2022-06-01,12354716.21055757,11640893.4191843,10035154.06784488,camacari-IPTU,camacari,IPTU
2022-04-01,2022-04-01,3,2022-07-01,17752542.53971789,11066112.395321716,10035154.06784488,camacari-IPTU,camacari,IPTU
2022-04-01,2022-04-01,4,2022-08-01,15164896.700699635,13047231.249332534,10035154.06784488,camacari-IPTU,camacari,IPTU
2022-04-01,2022-04-01,5,2022-09-01,12832045.767347911,11089752.700035315,10035154.06784488,camacari-IPTU,camacari,IPTU
2022-04-01,2022-04-01,6,2022-10-01,13457745.956336224,9593375.743351532,10035154.06784488,camacari-IPTU,camacari,IPTU
2022-04-01,2022-04-01,7,2022-11-01,12616930.535112843,10984926.511791257,10035154.06784488,camacari-IPTU,camacari,IPTU
2022-04-01,2022-04-01,8,2022-12-01,12784174.1801717,9577941.894046567,10035154.06784488,camacari-IPTU,camacari,IPTU
2022-04-01,2022-04-01,9,2023-01-01,7047786.234635349,7555412.657032813,10035154.06784488,camacari-IPTU,camacari,IPTU
2022-04-01,2022-04-01,10,2023-02-01,12018263.329091424,13492891.743867155,10035154.06784488,camacari-IPTU,camacari,IPTU
2022-04-01,2022-04-01,11,2023-03-01,113631532.97417936,65794844.13484111,10035154.06784488,camacari-IPTU,camacari,IPTU
2022-04-01,2022-04-01,12,2023-04-01,19541386.126198694,51372408.16814705,10035154.06784488,camacari-IPTU,camacari,IPTU
2022-05-01,2022-05-01,1,2022-06-01,12354716.21055757,11761781.538545651,9960349.475188581,camacari-IPTU,camacari,IPTU
2022-05-01,2022-05-01,2,2022-07-01,17752542.53971789,11916555.671198148,9960349.475188581,camacari-IPTU,camacari,IPTU
2022-05-01,2022-05-01,3,2022-08-01,15164896.700699635,13055143.907369742,9960349.475188581,camacari-IPTU,camacari,IPTU
2022-05-01,2022-05-01,4,2022-09-01,12832045.767347911,11120297.537809215,9960349.475188581,camacari-IPTU,camacari,IPTU
2022-05-01,2022-05-01,5,2022-10-01,13457745.956336224,8839994.293588724,9960349.475188581,camacari-IPTU,camacari,IPTU
2022-05-01,2022-05-01,6,2022-11-01,12616930.535112843,10326274.316595696,9960349.475188581,camacari-IPTU,camacari,IPTU
2022-05-01,2022-05-01,7,2022-12-01,12784174.1801717,10241883.65798659,9960349.475188581,camacari-IPTU,camacari,IPTU
2022-05-01,2022-05-01,8,2023-01-01,7047786.234635349,7448965.31957068,9960349.475188581,camacari-IPTU,camacari,IPTU
2022-05-01,2022-05-01,9,2023-02-01,12018263.329091424,13811364.850819128,9960349.475188581,camacari-IPTU,camacari,IPTU
2022-05-01,2022-05-01,10,2023-03-01,113631532.97417936,66804541.76014742,9960349.475188581,camacari-IPTU,camacari,IPTU
2022-05-01,2022-05-01,11,2023-04-01,19541386.126198694,50855744.15858459,9960349.475188581,camacari-IPTU,camacari,IPTU
2022-05-01,2022-05-01,12,2023-05-01,14150456.746575596,19170115.323518183,9960349.475188581,camacari-IPTU,camacari,IPTU
2022-06-01,2022-06-01,1,2022-07-01,17752542.53971789,13472063.853301123,9904121.156401757,camacari-IPTU,camacari,IPTU
2022-06-01,2022-06-01,2,2022-08-01,15164896.700699635,12796278.235964824,9904121.156401757,camacari-IPTU,camacari,IPTU
2022-06-01,2022-06-01,3,2022-09-01,12832045.767347911,10758700.013284745,9904121.156401757,camacari-IPTU,camacari,IPTU
2022-06-01,2022-06-01,4,2022-10-01,13457745.956336224,9438116.364622492,9904121.156401757,camacari-IPTU,camacari,IPTU
2022-06-01,2022-06-01,5,2022-11-01,12616930.535112843,11005232.830824401,9904121.156401757,camacari-IPTU,camacari,IPTU
2022-06-01,2022-06-01,6,2022-12-01,12784174.1801717,10364252.13678288,9904121.156401757,camacari-IPTU,camacari,IPTU
2022-06-01,2022-06-01,7,2023-01-01,7047786.234635349,7555274.431075329,9904121.156401757,camacari-IPTU,camacari,IPTU
2022-06-01,2022-06-01,8,2023-02-01,12018263.329091424,14158556.738876838,9904121.156401757,camacari-IPTU,camacari,IPTU
2022-06-01,2022-06-01,9,2023-03-01,113631532.97417936,66964743.60048608,9904121.156401757,camacari-IPTU,camacari,IPTU
2022-06-01,2022-06-01,10,2023-04-01,19541386.126198694,53591393.955326125,9904121.156401757,camacari-IPTU,camacari,IPTU
2022-06-01,2022-06-01,11,2023-05-01,14150456.746575596,19849281.280639533,9904121.156401757,camacari-IPTU,camacari,IPTU
2022-06-01,2022-06-01,12,2023-06-01,13391841.733009398,13379622.513071084,9904121.156401757,camacari-IPTU,camacari,IPTU
2022-07-01,2022-07-01,1,2022-08-01,15164896.700699635,12506232.731448293,9897015.160789788,camacari-IPTU,camacari,IPTU
2022-07-01,2022-07-01,2,2022-09-01,12832045.767347911,10802824.112777015,9897015.160789788,camacari-IPTU,camacari,IPTU
2022-07-01,2022-07-01,3,2022-10-01,13457745.956336224,10494483.423235675,9897015.160789788,camacari-IPTU,camacari,IPTU
2022-07-01,2022-07-01,4,2022-11-01,12616930.535112843,11244442.078125516,9897015.160789788,camacari-IPTU,camacari,IPTU
2022-07-01,2022-07-01,5,2022-12-01,12784174.1801717,10668642.22583615,9897015.160789788,camacari-IPTU,camacari,IPTU
2022-07-01,2022-07-01,6,2023-01-01,7047786.234635349,7780735.957102741,9897015.160789788,camacari-IPTU,camacari,IPTU
2022-07-01,2022-07-01,7,2023-02-01,12018263.329091424,13746356.162406925,9897015.160789788,camacari-IPTU,camacari,IPTU
2022-07-01,2022-07-01,8,2023-03-01,113631532.97417936,68817220.29270768,9897015.160789788,camacari-IPTU,camacari,IPTU
2022-07-01,2022-07-01,9,2023-04-01,19541386.126198694,54024852.0015018,9897015.160789788,camacari-IPTU,camacari,IPTU
2022-07-01,2022-07-01,10,2023-05-01,14150456.746575596,19424845.46157417,9897015.160789788,camacari-IPTU,camacari,IPTU
2022-07-01,2022-07-01,11,2023-06-01,13391841.733009398,12808985.54221542,9897015.160789788,camacari-IPTU,camacari,IPTU
2022-07-01,2022-07-01,12,2023-07-01,21133842.2574917,13419756.602151021,9897015.160789788,camacari-IPTU,camacari,IPTU
2022-08-01,2022-08-01,1,2022-09-01,12832045.767347911,10194862.50680261,9860610.388863811,camacari-IPTU,camacari,IPTU
2022-08-01,2022-08-01,2,2022-10-01,13457745.956336224,10079717.765849216,9860610.388863811,camacari-IPTU,camacari,IPTU
2022-08-01,2022-08-01,3,2022-11-01,12616930.535112843,10113263.758029953,9860610.388863811,camacari-IPTU,camacari,IPTU
2022-08-01,2022-08-01,4,2022-12-01,12784174.1801717,10780388.346011601,9860610.388863811,camacari-IPTU,camacari,IPTU
2022-08-01,2022-08-01,5,2023-01-01,7047786.234635349,7566107.080732398,9860610.388863811,camacari-IPTU,camacari,IPTU
2022-08-01,2022-08-01,6,2023-02-01,12018263.329091424,13869663.67878277,9860610.388863811,camacari-IPTU,camacari,IPTU
2022-08-01,2022-08-01,7,2023-03-01,113631532.97417936,67821486.260001,9860610.388863811,camacari-IPTU,camacari,IPTU
2022-08-01,2022-08-01,8,2023-04-01,19541386.126198694,52073237.94358084,9860610.388863811,camacari-IPTU,camacari,IPTU
2022-08-01,2022-08-01,9,2023-05-01,14150456.746575596,20206184.649578094,9860610.388863811,camacari-IPTU,camacari,IPTU
2022-08-01,2022-08-01,10,2023-06-01,13391841.733009398,14310938.878006484,9860610.388863811,camacari-IPTU,camacari,IPTU
2022-08-01,2022-08-01,11,2023-07-01,21133842.2574917,13597569.24921379,9860610.388863811,camacari-IPTU,camacari,IPTU
2022-08-01,2022-08-01,12,2023-08-01,24362535.303448137,14815734.536997082,9860610.388863811,camacari-IPTU,camacari,IPTU
2022-09-01,2022-09-01,1,2022-10-01,13457745.956336224,9169517.462547198,9807669.665763643,camacari-IPTU,camacari,IPTU
2022-09-01,2022-09-01,2,2022-11-01,12616930.535112843,10020981.44551111,9807669.665763643,camacari-IPTU,camacari,IPTU
2022-09-01,2022-09-01,3,2022-12-01,12784174.1801717,9728535.99713456,9807669.665763643,camacari-IPTU,camacari,IPTU
2022-09-01,2022-09-01,4,2023-01-01,7047786.234635349,6384414.12113103,9807669.665763643,camacari-IPTU,camacari,IPTU
2022-09-01,2022-09-01,5,2023-02-01,12018263.329091424,12591678.563689325,9807669.665763643,camacari-IPTU,camacari,IPTU
2022-09-01,2022-09-01,6,2023-03-01,113631532.97417936,58918971.18479456,9807669.665763643,camacari-IPTU,camacari,IPTU
2022-09-01,2022-09-01,7,2023-04-01,19541386.126198694,46282499.87911625,9807669.665763643,camacari-IPTU,camacari,IPTU
2022-09-01,2022-09-01,8,2023-05-01,14150456.746575596,15798367.786432961,9807669.665763643,camacari-IPTU,camacari,IPTU
2022-09-01,2022-09-01,9,2023-06-01,13391841.733009398,11870461.063284582,9807669.665763643,camacari-IPTU,camacari,IPTU
2022-09-01,2022-09-01,10,2023-07-01,21133842.2574917,11842785.493668841,9807669.665763643,camacari-IPTU,camacari,IPTU
2022-09-01,2022-09-01,11,2023-08-01,24362535.303448137,12508717.611827124,9807669.665763643,camacari-IPTU,camacari,IPTU
2022-09-01,2022-09-01,12,2023-09-01,15466271.334168883,10188755.033949684,9807669.665763643,camacari-IPTU,camacari,IPTU
2022-10-01,2022-10-01,1,2022-11-01,12616930.535112843,11997240.47085105,9741250.015594255,camacari-IPTU,camacari,IPTU
2022-10-01,2022-10-01,2,2022-12-01,12784174.1801717,11082442.84149497,9741250.015594255,camacari-IPTU,camacari,IPTU
2022-10-01,2022-10-01,3,2023-01-01,7047786.234635349,7864079.038048524,9741250.015594255,camacari-IPTU,camacari,IPTU
2022-10-01,2022-10-01,4,2023-02-01,12018263.329091424,14135630.65713889,9741250.015594255,camacari-IPTU,camacari,IPTU
2022-10-01,2022-10-01,5,2023-03-01,113631532.97417936,72039095.95075834,9741250.015594255,camacari-IPTU,camacari,IPTU
2022-10-01,2022-10-01,6,2023-04-01,19541386.126198694,55419475.228386246,9741250.015594255,camacari-IPTU,camacari,IPTU
2022-10-01,2022-10-01,7,2023-05-01,14150456.746575596,19283162.16344765,9741250.015594255,camacari-IPTU,camacari,IPTU
2022-10-01,2022-10-01,8,2023-06-01,13391841.733009398,13522868.379015151,9741250.015594255,camacari-IPTU,camacari,IPTU
2022-10-01,2022-10-01,9,2023-07-01,21133842.2574917,14390338.225946218,9741250.015594255,camacari-IPTU,camacari,IPTU
2022-10-01,2022-10-01,10,2023-08-01,24362535.303448137,15029814.110275354,9741250.015594255,camacari-IPTU,camacari,IPTU
2022-10-01,2022-10-01,11,2023-09-01,15466271.334168883,13024428.38031968,9741250.015594255,camacari-IPTU,camacari,IPTU
2022-10-01,2022-10-01,12,2023-10-01,16948768.265746012,12721821.891014913,9741250.015594255,camacari-IPTU,camacari,IPTU
2022-11-01,2022-11-01,1,2022-12-01,12784174.1801717,10611236.317648886,9688155.37133904,camacari-IPTU,camacari,IPTU
2022-11-01,2022-11-01,2,2023-01-01,7047786.234635349,8047455.035352458,9688155.37133904,camacari-IPTU,camacari,IPTU
2022-11-01,2022-11-01,3,2023-02-01,12018263.329091424,15185172.257424619,9688155.37133904,camacari-IPTU,camacari,IPTU
2022-11-01,2022-11-01,4,2023-03-01,113631532.97417936,70424267.06893767,9688155.37133904,camacari-IPTU,camacari,IPTU
2022-11-01,2022-11-01,5,2023-04-01,19541386.126198694,55161662.43523754,9688155.37133904,camacari-IPTU,camacari,IPTU
2022-11-01,2022-11-01,6,2023-05-01,14150456.746575596,18988054.00312988,9688155.37133904,camacari-IPTU,camacari,IPTU
2022-11-01,2022-11-01,7,2023-06-01,13391841.733009398,14587874.946611376,9688155.37133904,camacari-IPTU,camacari,IPTU
2022-11-01,2022-11-01,8,2023-07-01,21133842.2574917,14868005.341209877,9688155.37133904,camacari-IPTU,camacari,IPTU
2022-11-01,2022-11-01,9,2023-08-01,24362535.303448137,14526404.304628422,9688155.37133904,camacari-IPTU,camacari,IPTU
2022-11-01,2022-11-01,10,2023-09-01,15466271.334168883,12033418.054654632,9688155.37133904,camacari-IPTU,camacari,IPTU
2022-11-01,2022-11-01,11,2023-10-01,16948768.265746012,12183669.592210533,9688155.37133904,camacari-IPTU,camacari,IPTU
2022-11-01,2022-11-01,12,2023-11-01,19405524.354567923,12928077.082755776,9688155.37133904,camacari-IPTU,camacari,IPTU
2022-12-01,2022-12-01,1,2023-01-01,7047786.234635349,8064631.061378671,9639324.886879798,camacari-IPTU,camacari,IPTU
2022-12-01,2022-12-01,2,2023-02-01,12018263.329091424,13635923.065673567,9639324.886879798,camacari-IPTU,camacari,IPTU
2022-12-01,2022-12-01,3,2023-03-01,113631532.97417936,73742990.10602364,9639324.886879798,camacari-IPTU,camacari,IPTU
2022-12-01,2022-12-01,4,2023-04-01,19541386.126198694,55424791.74071004,9639324.886879798,camacari-IPTU,camacari,IPTU
2022-12-01,2022-12-01,5,2023-05-01,14150456.746575596,19377511.57297602,9639324.886879798,camacari-IPTU,camacari,IPTU
2022-12-01,2022-12-01,6,2023-06-01,13391841.733009398,14418963.108389078,9639324.886879798,camacari-IPTU,camacari,IPTU
2022-12-01,2022-12-01,7,2023-07-01,21133842.2574917,13684637.581230784,9639324.886879798,camacari-IPTU,camacari,IPTU
2022-12-01,2022-12-01,8,2023-08-01,24362535.303448137,14222997.160672145,9639324.886879798,camacari-IPTU,camacari,IPTU
2022-12-01,2022-12-01,9,2023-09-01,15466271.334168883,13011691.022500414,9639324.886879798,camacari-IPTU,camacari,IPTU
2022-12-01,2022-12-01,10,2023-10-01,16948768.265746012,12136934.47644045,9639324.886879798,camacari-IPTU,camacari,IPTU
2022-12-01,2022-12-01,11,2023-11-01,19405524.354567923,13477874.24711754,9639324.886879798,camacari-IPTU,camacari,IPTU
2022-12-01,2022-12-01,12,2023-12-01,21991343.83026119,12680431.567857731,9639324.886879798,camacari-IPTU,camacari,IPTU
2023-01-01,2023-01-01,1,2023-02-01,12018263.329091424,16696943.92251641,9551922.272294289,camacari-IPTU,camacari,IPTU
2023-01-01,2023-01-01,2,2023-03-01,113631532.97417936,71264519.80121742,9551922.272294289,camacari-IPTU,camacari,IPTU
2023-01-01,2023-01-01,3,2023-04-01,19541386.126198694,57143960.60245993,9551922.272294289,camacari-IPTU,camacari,IPTU
2023-01-01,2023-01-01,4,2023-05-01,14150456.746575596,20620327.39750355,9551922.272294289,camacari-IPTU,camacari,IPTU
2023-01-01,2023-01-01,5,2023-06-01,13391841.733009398,13550906.558200145,9551922.272294289,camacari-IPTU,camacari,IPTU
2023-01-01,2023-01-01,6,2023-07-01,21133842.2574917,12979298.912191093,9551922.272294289,camacari-IPTU,camacari,IPTU
2023-01-01,2023-01-01,7,2023-08-01,24362535.303448137,14338835.61084642,9551922.272294289,camacari-IPTU,camacari,IPTU
2023-01-01,2023-01-01,8,2023-09-01,15466271.334168883,13740451.840173699,9551922.272294289,camacari-IPTU,camacari,IPTU
2023-01-01,2023-01-01,9,2023-10-01,16948768.265746012,12035071.575176543,9551922.272294289,camacari-IPTU,camacari,IPTU
2023-01-01,2023-01-01,10,2023-11-01,19405524.354567923,14273461.646946842,9551922.272294289,camacari-IPTU,camacari,IPTU
2023-01-01,2023-01-01,11,2023-12-01,21991343.83026119,13819332.950277809,9551922.272294289,camacari-IPTU,camacari,IPTU
2023-01-01,2023-01-01,12,2024-01-01,9096349.782186696,9389766.824087929,9551922.272294289,camacari-IPTU,camacari,IPTU
2023-02-01,2023-02-01,1,2023-03-01,113631532.97417936,68137958.59489423,9455631.658933334,camacari-IPTU,camacari,IPTU
2023-02-01,2023-02-01,2,2023-04-01,19541386.126198694,54316434.23205933,9455631.658933334,camacari-IPTU,camacari,IPTU
2023-02-01,2023-02-01,3,2023-05-01,14150456.746575596,20409583.465035874,9455631.658933334,camacari-IPTU,camacari,IPTU
2023-02-01,2023-02-01,4,2023-06-01,13391841.733009398,13453928.92678203,9455631.658933334,camacari-IPTU,camacari,IPTU
2023-02-01,2023-02-01,5,2023-07-01,21133842.2574917,14199360.277585797,9455631.658933334,camacari-IPTU,camacari,IPTU
2023-02-01,2023-02-01,6,2023-08-01,24362535.303448137,13820309.376605744,9455631.658933334,camacari-IPTU,camacari,IPTU
2023-02-01,2023-02-01,7,2023-09-01,15466271.334168883,12859439.532927115,9455631.658933334,camacari-IPTU,camacari,IPTU
2023-02-01,2023-02-01,8,2023-10-01,16948768.265746012,12249647.143235952,9455631.658933334,camacari-IPTU,camacari,IPTU
2023-02-01,2023-02-01,9,2023-11-01,19405524.354567923,13199169.258050889,9455631.658933334,camacari-IPTU,camacari,IPTU
2023-02-01,2023-02-01,10,2023-12-01,21991343.83026119,13629931.219330952,9455631.658933334,camacari-IPTU,camacari,IPTU
2023-02-01,2023-02-01,11,2024-01-01,9096349.782186696,8927706.252403397,9455631.658933334,camacari-IPTU,camacari,IPTU
2023-02-01,2023-02-01,12,2024-02-01,12207925.201341806,16803120.59866943,9455631.658933334,camacari-IPTU,camacari,IPTU
2023-03-01,2023-03-01,1,2023-04-01,19541386.126198694,57361144.94417965,9505581.46206459,camacari-IPTU,camacari,IPTU
2023-03-01,2023-03-01,2,2023-05-01,14150456.746575596,21749593.237260822,9505581.46206459,camacari-IPTU,camacari,IPTU
2023-03-01,2023-03-01,3,2023-06-01,13391841.733009398,13000767.420502823,9505581.46206459,camacari-IPTU,camacari,IPTU
2023-03-01,2023-03-01,4,2023-07-01,21133842.2574917,14059426.900588108,9505581.46206459,camacari-IPTU,camacari,IPTU
2023-03-01,2023-03-01,5,2023-08-01,24362535.303448137,14602602.363814915,9505581.46206459,camacari-IPTU,camacari,IPTU
2023-03-01,2023-03-01,6,2023-09-01,15466271.334168883,14154818.339097278,9505581.46206459,camacari-IPTU,camacari,IPTU
2023-03-01,2023-03-01,7,2023-10-01,16948768.265746012,11868046.085560562,9505581.46206459,camacari-IPTU,camacari,IPTU
2023-03-01,2023-03-01,8,2023-11-01,19405524.354567923,12931025.720552672,9505581.46206459,camacari-IPTU,camacari,IPTU
2023-03-01,2023-03-01,9,2023-12-01,21991343.83026119,13433883.939393206,9505581.46206459,camacari-IPTU,camacari,IPTU
2023-03-01,2023-03-01,10,2024-01-01,9096349.782186696,9393785.840986107,9505581.46206459,camacari-IPTU,camacari,IPTU
2023-03-01,2023-03-01,11,2024-02-01,12207925.201341806,16190772.485644933,9505581.46206459,camacari-IPTU,camacari,IPTU
2023-03-01,2023-03-01,12,2024-03-01,117568232.72774635,89321122.22459893,9505581.46206459,camacari-IPTU,camacari,IPTU
2023-04-01,2023-04-01,1,2023-05-01,14150456.746575596,19869085.043412786,9635202.503431534,camacari-IPTU,camacari,IPTU
2023-04-01,2023-04-01,2,2023-06-01,13391841.733009398,13145538.677942827,9635202.503431534,camacari-IPTU,camacari,IPTU
2023-04-01,2023-04-01,3,2023-07-01,21133842.2574917,14382984.949479772,9635202.503431534,camacari-IPTU,camacari,IPTU
2023-04-01,2023-04-01,4,2023-08-01,24362535.303448137,15580819.499591904,9635202.503431534,camacari-IPTU,camacari,IPTU
2023-04-01,2023-04-01,5,2023-09-01,15466271.334168883,12146088.083453052,9635202.503431534,camacari-IPTU,camacari,IPTU
2023-04-01,2023-04-01,6,2023-10-01,16948768.265746012,12345425.274726031,9635202.503431534,camacari-IPTU,camacari,IPTU
2023-04-01,2023-04-01,7,2023-11-01,19405524.354567923,13239043.137123318,9635202.503431534,camacari-IPTU,camacari,IPTU
2023-04-01,2023-04-01,8,2023-12-01,21991343.83026119,12702767.659907918,9635202.503431534,camacari-IPTU,camacari,IPTU
2023-04-01,2023-04-01,9,2024-01-01,9096349.782186696,8858487.975748828,9635202.503431534,camacari-IPTU,camacari,IPTU
2023-04-01,2023-04-01,10,2024-02-01,12207925.201341806,16222540.635282828,9635202.503431534,camacari-IPTU,camacari,IPTU
2023-04-01,2023-04-01,11,2024-03-01,117568232.72774635,82821186.60958368,9635202.503431534,camacari-IPTU,camacari,IPTU
2023-04-01,2023-04-01,12,2024-04-01,12092110.726040576,55464268.24070376,9635202.503431534,camacari-IPTU,camacari,IPTU
2023-05-01,2023-05-01,1,2023-06-01,13391841.733009398,14036482.26446401,9614718.459271772,camacari-IPTU,camacari,IPTU
2023-05-01,2023-05-01,2,2023-07-01,21133842.2574917,14083677.266221067,9614718.459271772,camacari-IPTU,camacari,IPTU
2023-05-01,2023-05-01,3,2023-08-01,24362535.303448137,15291327.695834031,9614718.459271772,camacari-IPTU,camacari,IPTU
2023-05-01,2023-05-01,4,2023-09-01,15466271.334168883,12811761.201372296,9614718.459271772,camacari-IPTU,camacari,IPTU
2023-05-01,2023-05-01,5,2023-10-01,16948768.265746012,11959508.259900276,9614718.459271772,camacari-IPTU,camacari,IPTU
2023-05-01,2023-05-01,6,2023-11-01,19405524.354567923,13221690.763995979,9614718.459271772,camacari-IPTU,camacari,IPTU
2023-05-01,2023-05-01,7,2023-12-01,21991343.83026119,12776880.04527114,9614718.459271772,camacari-IPTU,camacari,IPTU
2023-05-01,2023-05-01,8,2024-01-01,9096349.782186696,8616841.899314262,9614718.459271772,camacari-IPTU,camacari,IPTU
2023-05-01,2023-05-01,9,2024-02-01,12207925.201341806,16550184.840739368,9614718.459271772,camacari-IPTU,camacari,IPTU
2023-05-01,2023-05-01,10,2024-03-01,117568232.72774635,78716837.43213445,9614718.459271772,camacari-IPTU,camacari,IPTU
2023-05-01,2023-05-01,11,2024-04-01,12092110.726040576,52862895.06672959,9614718.459271772,camacari-IPTU,camacari,IPTU
2023-05-01,2023-05-01,12,2024-05-01,12281670.577505508,27048305.809936795,9614718.459271772,camacari-IPTU,camacari,IPTU
2023-06-01,2023-06-01,1,2023-07-01,21133842.2574917,15023928.899151804,9519411.871084886,camacari-IPTU,camacari,IPTU
2023-06-01,2023-06-01,2,2023-08-01,24362535.303448137,14414620.254059857,9519411.871084886,camacari-IPTU,camacari,IPTU
2023-06-01,2023-06-01,3,2023-09-01,15466271.334168883,11615689.470753003,9519411.871084886,camacari-IPTU,camacari,IPTU
2023-06-01,2023-06-01,4,2023-10-01,16948768.265746012,12047293.884144526,9519411.871084886,camacari-IPTU,camacari,IPTU
2023-06-01,2023-06-01,5,2023-11-01,19405524.354567923,12947016.97524794,9519411.871084886,camacari-IPTU,camacari,IPTU
2023-06-01,2023-06-01,6,2023-12-01,21991343.83026119,12035846.616910603,9519411.871084886,camacari-IPTU,camacari,IPTU
2023-06-01,2023-06-01,7,2024-01-01,9096349.782186696,8753577.720946437,9519411.871084886,camacari-IPTU,camacari,IPTU
2023-06-01,2023-06-01,8,2024-02-01,12207925.201341806,16963094.45003116,9519411.871084886,camacari-IPTU,camacari,IPTU
2023-06-01,2023-06-01,9,2024-03-01,117568232.72774635,77747705.36943161,9519411.871084886,camacari-IPTU,camacari,IPTU
2023-06-01,2023-06-01,10,2024-04-01,12092110.726040576,52773706.64736298,9519411.871084886,camacari-IPTU,camacari,IPTU
2023-06-01,2023-06-01,11,2024-05-01,12281670.577505508,23950276.230850816,9519411.871084886,camacari-IPTU,camacari,IPTU
2023-06-01,2023-06-01,12,2024-06-01,15668723.095071422,14572881.888763636,9519411.871084886,camacari-IPTU,camacari,IPTU
2023-07-01,2023-07-01,1,2023-08-01,24362535.303448137,15574722.656590555,9451960.089180367,camacari-IPTU,camacari,IPTU
2023-07-01,2023-07-01,2,2023-09-01,15466271.334168883,12711403.44088513,9451960.089180367,camacari-IPTU,camacari,IPTU
2023-07-01,2023-07-01,3,2023-10-01,16948768.265746012,13135683.36522575,9451960.089180367,camacari-IPTU,camacari,IPTU
2023-07-01,2023-07-01,4,2023-11-01,19405524.354567923,13910619.77318108,9451960.089180367,camacari-IPTU,camacari,IPTU
2023-07-01,2023-07-01,5,2023-12-01,21991343.83026119,13952119.88173179,9451960.089180367,camacari-IPTU,camacari,IPTU
2023-07-01,2023-07-01,6,2024-01-01,9096349.782186696,9516939.386733292,9451960.089180367,camacari-IPTU,camacari,IPTU
2023-07-01,2023-07-01,7,2024-02-01,12207925.201341806,16293102.96532043,9451960.089180367,camacari-IPTU,camacari,IPTU
2023-07-01,2023-07-01,8,2024-03-01,117568232.72774635,92388038.29760946,9451960.089180367,camacari-IPTU,camacari,IPTU
2023-07-01,2023-07-01,9,2024-04-01,12092110.726040576,61884491.78517237,9451960.089180367,camacari-IPTU,camacari,IPTU
2023-07-01,2023-07-01,10,2024-05-01,12281670.577505508,23108632.514005713,9451960.089180367,camacari-IPTU,camacari,IPTU
2023-07-01,2023-07-01,11,2024-06-01,15668723.095071422,16579001.50097607,9451960.089180367,camacari-IPTU,camacari,IPTU
2023-07-01,2023-07-01,12,2024-07-01,11582225.949920287,16520804.486594966,9451960.089180367,camacari-IPTU,camacari,IPTU
2023-08-01,2023-08-01,1,2023-09-01,15466271.334168883,12269445.845847901,9449195.725197412,camacari-IPTU,camacari,IPTU
2023-08-01,2023-08-01,2,2023-10-01,16948768.265746012,11006304.75386033,9449195.725197412,camacari-IPTU,camacari,IPTU
2023-08-01,2023-08-01,3,2023-11-01,19405524.354567923,12299137.54778002,9449195.725197412,camacari-IPTU,camacari,IPTU
2023-08-01,2023-08-01,4,2023-12-01,21991343.83026119,13778737.723806659,9449195.725197412,camacari-IPTU,camacari,IPTU
2023-08-01,2023-08-01,5,2024-01-01,9096349.782186696,9041764.54432732,9449195.725197412,camacari-IPTU,camacari,IPTU
2023-08-01,2023-08-01,6,2024-02-01,12207925.201341806,16502794.709288772,9449195.725197412,camacari-IPTU,camacari,IPTU
2023-08-01,2023-08-01,7,2024-03-01,117568232.72774635,83810209.44587606,9449195.725197412,camacari-IPTU,camacari,IPTU
2023-08-01,2023-08-01,8,2024-04-01,12092110.726040576,57818639.521874614,9449195.725197412,camacari-IPTU,camacari,IPTU
2023-08-01,2023-08-01,9,2024-05-01,12281670.577505508,24614037.830607872,9449195.725197412,camacari-IPTU,camacari,IPTU
2023-08-01,2023-08-01,10,2024-06-01,15668723.095071422,14767062.314274095,9449195.725197412,camacari-IPTU,camacari,IPTU
2023-08-01,2023-08-01,11,2024-07-01,11582225.949920287,16016509.748801759,9449195.725197412,camacari-IPTU,camacari,IPTU
2023-08-01,2023-08-01,12,2024-08-01,10773832.024935024,16590613.471765134,9449195.725197412,camacari-IPTU,camacari,IPTU
2023-09-01,2023-09-01,1,2023-10-01,16948768.265746012,12143297.951229695,9375916.476182612,camacari-IPTU,camacari,IPTU
2023-09-01,2023-09-01,2,2023-11-01,19405524.354567923,14105966.003286824,9375916.476182612,camacari-IPTU,camacari,IPTU
2023-09-01,2023-09-01,3,2023-12-01,21991343.83026119,13432600.9537109,9375916.476182612,camacari-IPTU,camacari,IPTU
2023-09-01,2023-09-01,4,2024-01-01,9096349.782186696,9611990.499052942,9375916.476182612,camacari-IPTU,camacari,IPTU
2023-09-01,2023-09-01,5,2024-02-01,12207925.201341806,17553763.664510928,9375916.476182612,camacari-IPTU,camacari,IPTU
2023-09-01,2023-09-01,6,2024-03-01,117568232.72774635,89519326.92680494,9375916.476182612,camacari-IPTU,camacari,IPTU
2023-09-01,2023-09-01,7,2024-04-01,12092110.726040576,61405620.21734436,9375916.476182612,camacari-IPTU,camacari,IPTU
2023-09-01,2023-09-01,8,2024-05-01,12281670.577505508,25953260.01091797,9375916.476182612,camacari-IPTU,camacari,IPTU
2023-09-01,2023-09-01,9,2024-06-01,15668723.095071422,17231076.347783387,9375916.476182612,camacari-IPTU,camacari,IPTU
2023-09-01,2023-09-01,10,2024-07-01,11582225.949920287,16677825.42492712,9375916.476182612,camacari-IPTU,camacari,IPTU
2023-09-01,2023-09-01,11,2024-08-01,10773832.024935024,19663763.766049575,9375916.476182612,camacari-IPTU,camacari,IPTU
2023-09-01,2023-09-01,12,2024-09-01,10296585.057692552,15645922.711070394,9375916.476182612,camacari-IPTU,camacari,IPTU
2023-10-01,2023-10-01,1,2023-11-01,19405524.354567923,13272825.420862725,9313311.219089283,camacari-IPTU,camacari,IPTU
2023-10-01,2023-10-01,2,2023-12-01,21991343.83026119,14235872.679871637,9313311.219089283,camacari-IPTU,camacari,IPTU
2023-10-01,2023-10-01,3,2024-01-01,9096349.782186696,10305940.25170432,9313311.219089283,camacari-IPTU,camacari,IPTU
2023-10-01,2023-10-01,4,2024-02-01,12207925.201341806,16521297.391902411,9313311.219089283,camacari-IPTU,camacari,IPTU
2023-10-01,2023-10-01,5,2024-03-01,117568232.72774635,94865493.59772667,9313311.219089283,camacari-IPTU,camacari,IPTU
2023-10-01,2023-10-01,6,2024-04-01,12092110.726040576,63449509.31240137,9313311.219089283,camacari-IPTU,camacari,IPTU
2023-10-01,2023-10-01,7,2024-05-01,12281670.577505508,23842134.26280554,9313311.219089283,camacari-IPTU,camacari,IPTU
2023-10-01,2023-10-01,8,2024-06-01,15668723.095071422,18066569.963031597,9313311.219089283,camacari-IPTU,camacari,IPTU
2023-10-01,2023-10-01,9,2024-07-01,11582225.949920287,17887737.718828443,9313311.219089283,camacari-IPTU,camacari,IPTU
2023-10-01,2023-10-01,10,2024-08-01,10773832.024935024,21799059.535802066,9313311.219089283,camacari-IPTU,camacari,IPTU
2023-10-01,2023-10-01,11,2024-09-01,10296585.057692552,17021874.493020646,9313311.219089283,camacari-IPTU,camacari,IPTU
2023-10-01,2023-10-01,12,2024-10-01,10512439.143674947,15455069.161108924,9313311.219089283,camacari-IPTU,camacari,IPTU
2023-11-01,2023-11-01,1,2023-12-01,21991343.83026119,13084927.088436294,9286735.246461555,camacari-IPTU,camacari,IPTU
2023-11-01,2023-11-01,2,2024-01-01,9096349.782186696,9081377.449159147,9286735.246461555,camacari-IPTU,camacari,IPTU
2023-11-01,2023-11-01,3,2024-02-01,12207925.201341806,16182797.587985411,9286735.246461555,camacari-IPTU,camacari,IPTU
2023-11-01,2023-11-01,4,2024-03-01,117568232.72774635,87456817.26356256,9286735.246461555,camacari-IPTU,camacari,IPTU
2023-11-01,2023-11-01,5,2024-04-01,12092110.726040576,54922510.49746334,9286735.246461555,camacari-IPTU,camacari,IPTU
2023-11-01,2023-11-01,6,2024-05-01,12281670.577505508,23752120.34440156,9286735.246461555,camacari-IPTU,camacari,IPTU
2023-11-01,2023-11-01,7,2024-06-01,15668723.095071422,16472689.707797298,9286735.246461555,camacari-IPTU,camacari,IPTU
2023-11-01,2023-11-01,8,2024-07-01,11582225.949920287,16271501.370488478,9286735.246461555,camacari-IPTU,camacari,IPTU
2023-11-01,2023-11-01,9,2024-08-01,10773832.024935024,18916436.909506172,9286735.246461555,camacari-IPTU,camacari,IPTU
2023-11-01,2023-11-01,10,2024-09-01,10296585.057692552,16432065.918754488,9286735.246461555,camacari-IPTU,camacari,IPTU
2023-11-01,2023-11-01,11,2024-10-01,10512439.143674947,14541930.490192255,9286735.246461555,camacari-IPTU,camacari,IPTU
2023-11-01,2023-11-01,12,2024-11-01,9462604.711222298,15173058.586844921,9286735.246461555,camacari-IPTU,camacari,IPTU
2023-12-01,2023-12-01,1,2024-01-01,9096349.782186696,9477618.410102053,9285906.438166013,camacari-IPTU,camacari,IPTU
2023-12-01,2023-12-01,2,2024-02-01,12207925.201341806,16711204.010226123,9285906.438166013,camacari-IPTU,camacari,IPTU
2023-12-01,2023-12-01,3,2024-03-01,117568232.72774635,89916989.00751483,9285906.438166013,camacari-IPTU,camacari,IPTU
2023-12-01,2023-12-01,4,2024-04-01,12092110.726040576,59431915.20358327,9285906.438166013,camacari-IPTU,camacari,IPTU
2023-12-01,2023-12-01,5,2024-05-01,12281670.577505508,23675851.484283548,9285906.438166013,camacari-IPTU,camacari,IPTU
2023-12-01,2023-12-01,6,2024-06-01,15668723.095071422,16211787.686532702,9285906.438166013,camacari-IPTU,camacari,IPTU
2023-12-01,2023-12-01,7,2024-07-01,11582225.949920287,17469248.390701942,9285906.438166013,camacari-IPTU,camacari,IPTU
2023-12-01,2023-12-01,8,2024-08-01,10773832.024935024,18192268.432575736,9285906.438166013,camacari-IPTU,camacari,IPTU
2023-12-01,2023-12-01,9,2024-09-01,10296585.057692552,14272697.627371108,9285906.438166013,camacari-IPTU,camacari,IPTU
2023-12-01,2023-12-01,10,2024-10-01,10512439.143674947,15785819.85684151,9285906.438166013,camacari-IPTU,camacari,IPTU
2023-12-01,2023-12-01,11,2024-11-01,9462604.711222298,15971218.896012174,9285906.438166013,camacari-IPTU,camacari,IPTU
2023-12-01,2023-12-01,12,2024-12-01,13905224.647661604,16723220.835594798,9285906.438166013,camacari-IPTU,camacari,IPTU
2024-01-01,2024-01-01,1,2024-02-01,12207925.201341806,17025895.47414422,9211294.655788543,camacari-IPTU,camacari,IPTU
2024-01-01,2024-01-01,2,2024-03-01,117568232.72774635,90337228.95765795,9211294.655788543,camacari-IPTU,camacari,IPTU
2024-01-01,2024-01-01,3,2024-04-01,12092110.726040576,61464235.695059605,9211294.655788543,camacari-IPTU,camacari,IPTU
2024-01-01,2024-01-01,4,2024-05-01,12281670.577505508,22810673.12668087,9211294.655788543,camacari-IPTU,camacari,IPTU
2024-01-01,2024-01-01,5,2024-06-01,15668723.095071422,17007482.284516834,9211294.655788543,camacari-IPTU,camacari,IPTU
2024-01-01,2024-01-01,6,2024-07-01,11582225.949920287,18581010.033413444,9211294.655788543,camacari-IPTU,camacari,IPTU
2024-01-01,2024-01-01,7,2024-08-01,10773832.024935024,19161519.472163484,9211294.655788543,camacari-IPTU,camacari,IPTU
2024-01-01,2024-01-01,8,2024-09-01,10296585.057692552,15341980.579013167,9211294.655788543,camacari-IPTU,camacari,IPTU
2024-01-01,2024-01-01,9,2024-10-01,10512439.143674947,15103137.411285393,9211294.655788543,camacari-IPTU,camacari,IPTU
2024-01-01,2024-01-01,10,2024-11-01,9462604.711222298,16262994.391688582,9211294.655788543,camacari-IPTU,camacari,IPTU
2024-01-01,2024-01-01,11,2024-12-01,13905224.647661604,16039755.6947744,9211294.655788543,camacari-IPTU,camacari,IPTU
2024-01-01,2024-01-01,12,2025-01-01,6388575.092741284,11009436.896004835,9211294.655788543,camacari-IPTU,camacari,IPTU
2024-02-01,2024-02-01,1,2024-03-01,117568232.72774635,81995850.2776971,9119237.178405501,camacari-IPTU,camacari,IPTU
2024-02-01,2024-02-01,2,2024-04-01,12092110.726040576,55349843.65445626,9119237.178405501,camacari-IPTU,camacari,IPTU
2024-02-01,2024-02-01,3,2024-05-01,12281670.577505508,23182228.739593167,9119237.178405501,camacari-IPTU,camacari,IPTU
2024-02-01,2024-02-01,4,2024-06-01,15668723.095071422,18093298.563236672,9119237.178405501,camacari-IPTU,camacari,IPTU
2024-02-01,2024-02-01,5,2024-07-01,11582225.949920287,17724885.85205793,9119237.178405501,camacari-IPTU,camacari,IPTU
2024-02-01,2024-02-01,6,2024-08-01,10773832.024935024,19846565.207802743,9119237.178405501,camacari-IPTU,camacari,IPTU
2024-02-01,2024-02-01,7,2024-09-01,10296585.057692552,15990294.433917366,9119237.178405501,camacari-IPTU,camacari,IPTU
2024-02-01,2024-02-01,8,2024-10-01,10512439.143674947,15038986.642709993,9119237.178405501,camacari-IPTU,camacari,IPTU
2024-02-01,2024-02-01,9,2024-11-01,9462604.711222298,16580823.471480822,9119237.178405501,camacari-IPTU,camacari,IPTU
2024-02-01,2024-02-01,10,2024-12-01,13905224.647661604,16556039.806367522,9119237.178405501,camacari-IPTU,camacari,IPTU
2024-02-01,2024-02-01,11,2025-01-01,6388575.092741284,10425117.420147398,9119237.178405501,camacari-IPTU,camacari,IPTU
2024-02-01,2024-02-01,12,2025-02-01,12542878.821337909,19491180.141740322,9119237.178405501,camacari-IPTU,camacari,IPTU
2024-03-01,2024-03-01,1,2024-04-01,12092110.726040576,56818073.90044913,9066888.315528343,camacari-IPTU,camacari,IPTU
2024-03-01,2024-03-01,2,2024-05-01,12281670.577505508,22848657.94147256,9066888.315528343,camacari-IPTU,camacari,IPTU
2024-03-01,2024-03-01,3,2024-06-01,15668723.095071422,17773849.023288954,9066888.315528343,camacari-IPTU,camacari,IPTU
2024-03-01,2024-03-01,4,2024-07-01,11582225.949920287,16775041.925168363,9066888.315528343,camacari-IPTU,camacari,IPTU
2024-03-01,2024-03-01,5,2024-08-01,10773832.024935024,19128294.344638035,9066888.315528343,camacari-IPTU,camacari,IPTU
2024-03-01,2024-03-01,6,2024-09-01,10296585.057692552,18307928.367263287,9066888.315528343,camacari-IPTU,camacari,IPTU
2024-03-01,2024-03-01,7,2024-10-01,10512439.143674947,15312785.171409937,9066888.315528343,camacari-IPTU,camacari,IPTU
2024-03-01,2024-03-01,8,2024-11-01,9462604.711222298,16474841.953654813,9066888.315528343,camacari-IPTU,camacari,IPTU
2024-03-01,2024-03-01,9,2024-12-01,13905224.647661604,16608632.347806565,9066888.315528343,camacari-IPTU,camacari,IPTU
2024-03-01,2024-03-01,10,2025-01-01,6388575.092741284,10784290.982011935,9066888.315528343,camacari-IPTU,camacari,IPTU
2024-03-01,2024-03-01,11,2025-02-01,12542878.821337909,18717410.560319718,9066888.315528343,camacari-IPTU,camacari,IPTU
2024-03-01,2024-03-01,12,2025-03-01,120152088.70043229,103890477.53858341,9066888.315528343,camacari-IPTU,camacari,IPTU
2024-04-01,2024-04-01,1,2024-05-01,12281670.577505508,23570545.664272696,9050712.186374642,camacari-IPTU,camacari,IPTU
2024-04-01,2024-04-01,2,2024-06-01,15668723.095071422,16858173.15911765,9050712.186374642,camacari-IPTU,camacari,IPTU
2024-04-01,2024-04-01,3,2024-07-01,11582225.949920287,18380265.88928012,9050712.186374642,camacari-IPTU,camacari,IPTU
2024-04-01,2024-04-01,4,2024-08-01,10773832.024935024,20510817.55953667,9050712.186374642,camacari-IPTU,camacari,IPTU
2024-04-01,2024-04-01,5,2024-09-01,10296585.057692552,15936574.37425475,9050712.186374642,camacari-IPTU,camacari,IPTU
2024-04-01,2024-04-01,6,2024-10-01,10512439.143674947,15966055.626707528,9050712.186374642,camacari-IPTU,camacari,IPTU
2024-04-01,2024-04-01,7,2024-11-01,9462604.711222298,17668449.93248779,9050712.186374642,camacari-IPTU,camacari,IPTU
2024-04-01,2024-04-01,8,2024-12-01,13905224.647661604,16383536.592079945,9050712.186374642,camacari-IPTU,camacari,IPTU
2024-04-01,2024-04-01,9,2025-01-01,6388575.092741284,11558241.085992392,9050712.186374642,camacari-IPTU,camacari,IPTU
2024-04-01,2024-04-01,10,2025-02-01,12542878.821337909,20052386.08718298,9050712.186374642,camacari-IPTU,camacari,IPTU
2024-04-01,2024-04-01,11,2025-03-01,120152088.70043229,108735431.46161184,9050712.186374642,camacari-IPTU,camacari,IPTU
2024-04-01,2024-04-01,12,2025-04-01,11946177.334066126,64150328.13847282,9050712.186374642,camacari-IPTU,camacari,IPTU
2024-05-01,2024-05-01,1,2024-06-01,15668723.095071422,15710569.066612119,8979604.007985488,camacari-IPTU,camacari,IPTU
2024-05-01,2024-05-01,2,2024-07-01,11582225.949920287,18824898.036707122,8979604.007985488,camacari-IPTU,camacari,IPTU
2024-05-01,2024-05-01,3,2024-08-01,10773832.024935024,20015533.32625365,8979604.007985488,camacari-IPTU,camacari,IPTU
2024-05-01,2024-05-01,4,2024-09-01,10296585.057692552,15611615.229937179,8979604.007985488,camacari-IPTU,camacari,IPTU
2024-05-01,2024-05-01,5,2024-10-01,10512439.143674947,14808609.743011635,8979604.007985488,camacari-IPTU,camacari,IPTU
2024-05-01,2024-05-01,6,2024-11-01,9462604.711222298,16659386.767233903,8979604.007985488,camacari-IPTU,camacari,IPTU
2024-05-01,2024-05-01,7,2024-12-01,13905224.647661604,15606464.740938358,8979604.007985488,camacari-IPTU,camacari,IPTU
2024-05-01,2024-05-01,8,2025-01-01,6388575.092741284,10382143.00045037,8979604.007985488,camacari-IPTU,camacari,IPTU
2024-05-01,2024-05-01,9,2025-02-01,12542878.821337909,17662402.204115,8979604.007985488,camacari-IPTU,camacari,IPTU
2024-05-01,2024-05-01,10,2025-03-01,120152088.70043229,99387487.069186,8979604.007985488,camacari-IPTU,camacari,IPTU
2024-05-01,2024-05-01,11,2025-04-01,11946177.334066126,56858929.29272597,8979604.007985488,camacari-IPTU,camacari,IPTU
2024-05-01,2024-05-01,12,2025-05-01,12492744.777130071,25131977.41149765,8979604.007985488,camacari-IPTU,camacari,IPTU
2024-06-01,2024-06-01,1,2024-07-01,11582225.949920287,20145101.736804977,8913891.040868592,camacari-IPTU,camacari,IPTU
2024-06-01,2024-06-01,2,2024-08-01,10773832.024935024,19476102.73903775,8913891.040868592,camacari-IPTU,camacari,IPTU
2024-06-01,2024-06-01,3,2024-09-01,10296585.057692552,16231321.623569055,8913891.040868592,camacari-IPTU,camacari,IPTU
2024-06-01,2024-06-01,4,2024-10-01,10512439.143674947,15347013.752502974,8913891.040868592,camacari-IPTU,camacari,IPTU
2024-06-01,2024-06-01,5,2024-11-01,9462604.711222298,17003539.948786445,8913891.040868592,camacari-IPTU,camacari,IPTU
2024-06-01,2024-06-01,6,2024-12-01,13905224.647661604,15364034.025682572,8913891.040868592,camacari-IPTU,camacari,IPTU
2024-06-01,2024-06-01,7,2025-01-01,6388575.092741284,11166014.249735503,8913891.040868592,camacari-IPTU,camacari,IPTU
2024-06-01,2024-06-01,8,2025-02-01,12542878.821337909,19985723.002979945,8913891.040868592,camacari-IPTU,camacari,IPTU
2024-06-01,2024-06-01,9,2025-03-01,120152088.70043229,110903019.23523395,8913891.040868592,camacari-IPTU,camacari,IPTU
2024-06-01,2024-06-01,10,2025-04-01,11946177.334066126,62395357.99580085,8913891.040868592,camacari-IPTU,camacari,IPTU
2024-06-01,2024-06-01,11,2025-05-01,12492744.777130071,24719218.869632516,8913891.040868592,camacari-IPTU,camacari,IPTU
2024-06-01,2024-06-01,12,2025-06-01,10060501.5409044,18194491.51559619,8913891.040868592,camacari-IPTU,camacari,IPTU
2024-07-01,2024-07-01,1,2024-08-01,10773832.024935024,14938673.878369423,8920082.548312308,camacari-IPTU,camacari,IPTU
2024-07-01,2024-07-01,2,2024-09-01,10296585.057692552,11786566.984309662,8920082.548312308,camacari-IPTU,camacari,IPTU
2024-07-01,2024-07-01,3,2024-10-01,10512439.143674947,11217711.91297948,8920082.548312308,camacari-IPTU,camacari,IPTU
2024-07-01,2024-07-01,4,2024-11-01,9462604.711222298,12116430.52803622,8920082.548312308,camacari-IPTU,camacari,IPTU
2024-07-01,2024-07-01,5,2024-12-01,13905224.647661604,11982968.466136275,8920082.548312308,camacari-IPTU,camacari,IPTU
2024-07-01,2024-07-01,6,2025-01-01,6388575.092741284,7308252.391556939,8920082.548312308,camacari-IPTU,camacari,IPTU
2024-07-01,2024-07-01,7,2025-02-01,12542878.821337909,13744519.819196638,8920082.548312308,camacari-IPTU,camacari,IPTU
2024-07-01,2024-07-01,8,2025-03-01,120152088.70043229,74696058.43257599,8920082.548312308,camacari-IPTU,camacari,IPTU
2024-07-01,2024-07-01,9,2025-04-01,11946177.334066126,41900916.59957426,8920082.548312308,camacari-IPTU,camacari,IPTU
2024-07-01,2024-07-01,10,2025-05-01,12492744.777130071,16812098.164865278,8920082.548312308,camacari-IPTU,camacari,IPTU
2024-07-01,2024-07-01,11,2025-06-01,10060501.5409044,13526702.198170928,8920082.548312308,camacari-IPTU,camacari,IPTU
2024-07-01,2024-07-01,12,2025-07-01,11088846.80433917,13646524.077641912,8920082.548312308,camacari-IPTU,camacari,IPTU
2024-08-01,2024-08-01,1,2024-09-01,10296585.057692552,16232119.667614436,8964973.132256545,camacari-IPTU,camacari,IPTU
2024-08-01,2024-08-01,2,2024-10-01,10512439.143674947,16271691.411004318,8964973.132256545,camacari-IPTU,camacari,IPTU
2024-08-01,2024-08-01,3,2024-11-01,9462604.711222298,16987728.6861318,8964973.132256545,camacari-IPTU,camacari,IPTU
2024-08-01,2024-08-01,4,2024-12-01,13905224.647661604,17520301.24642369,8964973.132256545,camacari-IPTU,camacari,IPTU
2024-08-01,2024-08-01,5,2025-01-01,6388575.092741284,10427951.349964375,8964973.132256545,camacari-IPTU,camacari,IPTU
2024-08-01,2024-08-01,6,2025-02-01,12542878.821337909,18353343.774527885,8964973.132256545,camacari-IPTU,camacari,IPTU
2024-08-01,2024-08-01,7,2025-03-01,120152088.70043229,98936754.38055429,8964973.132256545,camacari-IPTU,camacari,IPTU
2024-08-01,2024-08-01,8,2025-04-01,11946177.334066126,54916371.50330746,8964973.132256545,camacari-IPTU,camacari,IPTU
2024-08-01,2024-08-01,9,2025-05-01,12492744.777130071,26187857.86974015,8964973.132256545,camacari-IPTU,camacari,IPTU
2024-08-01,2024-08-01,10,2025-06-01,10060501.5409044,18195010.06892931,8964973.132256545,camacari-IPTU,camacari,IPTU
2024-08-01,2024-08-01,11,2025-07-01,11088846.80433917,18719918.30212697,8964973.132256545,camacari-IPTU,camacari,IPTU
2024-08-01,2024-08-01,12,2025-08-01,10811979.522146849,21260091.223747525,8964973.132256545,camacari-IPTU,camacari,IPTU
2024-09-01,2024-09-01,1,2024-10-01,10512439.143674947,14306752.809246149,8928827.543153876,camacari-IPTU,camacari,IPTU
2024-09-01,2024-09-01,2,2024-11-01,9462604.711222298,14081752.456949182,8928827.543153876,camacari-IPTU,camacari,IPTU
2024-09-01,2024-09-01,3,2024-12-01,13905224.647661604,15708541.452058824,8928827.543153876,camacari-IPTU,camacari,IPTU
2024-09-01,2024-09-01,4,2025-01-01,6388575.092741284,10014639.12614793,8928827.543153876,camacari-IPTU,camacari,IPTU
2024-09-01,2024-09-01,5,2025-02-01,12542878.821337909,16945159.053888142,8928827.543153876,camacari-IPTU,camacari,IPTU
2024-09-01,2024-09-01,6,2025-03-01,120152088.70043229,96390602.88584553,8928827.543153876,camacari-IPTU,camacari,IPTU
2024-09-01,2024-09-01,7,2025-04-01,11946177.334066126,56991356.18993019,8928827.543153876,camacari-IPTU,camacari,IPTU
2024-09-01,2024-09-01,8,2025-05-01,12492744.777130071,23868265.317264,8928827.543153876,camacari-IPTU,camacari,IPTU
2024-09-01,2024-09-01,9,2025-06-01,10060501.5409044,17722853.74638206,8928827.543153876,camacari-IPTU,camacari,IPTU
2024-09-01,2024-09-01,10,2025-07-01,11088846.80433917,17419619.27240774,8928827.543153876,camacari-IPTU,camacari,IPTU
2024-09-01,2024-09-01,11,2025-08-01,10811979.522146849,17912072.925413147,8928827.543153876,camacari-IPTU,camacari,IPTU
2024-09-01,2024-09-01,12,2025-09-01,10378202.791861642,15454807.996936988,8928827.543153876,camacari-IPTU,camacari,IPTU
2024-10-01,2024-10-01,1,2024-11-01,9462604.711222298,13888861.458985083,8905313.407105925,camacari-IPTU,camacari,IPTU
2024-10-01,2024-10-01,2,2024-12-01,13905224.647661604,16189419.948502123,8905313.407105925,camacari-IPTU,camacari,IPTU
2024-10-01,2024-10-01,3,2025-01-01,6388575.092741284,10371913.983964706,8905313.407105925,camacari-IPTU,camacari,IPTU
2024-10-01,2024-10-01,4,2025-02-01,12542878.821337909,17948751.01157627,8905313.407105925,camacari-IPTU,camacari,IPTU
2024-10-01,2024-10-01,5,2025-03-01,120152088.70043229,100391102.73911315,8905313.407105925,camacari-IPTU,camacari,IPTU
2024-10-01,2024-10-01,6,2025-04-01,11946177.334066126,55878961.71004472,8905313.407105925,camacari-IPTU,camacari,IPTU
2024-10-01,2024-10-01,7,2025-05-01,12492744.777130071,24091142.850697987,8905313.407105925,camacari-IPTU,camacari,IPTU
2024-10-01,2024-10-01,8,2025-06-01,10060501.5409044,18346549.46444674,8905313.407105925,camacari-IPTU,camacari,IPTU
2024-10-01,2024-10-01,9,2025-07-01,11088846.80433917,16296295.944944229,8905313.407105925,camacari-IPTU,camacari,IPTU
2024-10-01,2024-10-01,10,2025-08-01,10811979.522146849,19700521.12568516,8905313.407105925,camacari-IPTU,camacari,IPTU
2024-10-01,2024-10-01,11,2025-09-01,10378202.791861642,15240905.557313679,8905313.407105925,camacari-IPTU,camacari,IPTU
2024-10-01,2024-10-01,12,2025-10-01,16987225.41352915,15563817.442575812,8905313.407105925,camacari-IPTU,camacari,IPTU
2024-11-01,2024-11-01,1,2024-12-01,13905224.647661604,11357121.364203086,8915010.661650222,camacari-IPTU,camacari,IPTU
2024-11-01,2024-11-01,2,2025-01-01,6388575.092741284,6907081.36259055,8915010.661650222,camacari-IPTU,camacari,IPTU
2024-11-01,2024-11-01,3,2025-02-01,12542878.821337909,12990455.136370912,8915010.661650222,camacari-IPTU,camacari,IPTU
2024-11-01,2024-11-01,4,2025-03-01,120152088.70043229,69842047.30236247,8915010.661650222,camacari-IPTU,camacari,IPTU
2024-11-01,2024-11-01,5,2025-04-01,11946177.334066126,39629849.01772383,8915010.661650222,camacari-IPTU,camacari,IPTU
2024-11-01,2024-11-01,6,2025-05-01,12492744.777130071,15851950.758654738,8915010.661650222,camacari-IPTU,camacari,IPTU
2024-11-01,2024-11-01,7,2025-06-01,10060501.5409044,12828447.599834764,8915010.661650222,camacari-IPTU,camacari,IPTU
2024-11-01,2024-11-01,8,2025-07-01,11088846.80433917,13035026.35274144,8915010.661650222,camacari-IPTU,camacari,IPTU
2024-11-01,2024-11-01,9,2025-08-01,10811979.522146849,13637252.952010455,8915010.661650222,camacari-IPTU,camacari,IPTU
2024-11-01,2024-11-01,10,2025-09-01,10378202.791861642,11045947.2571228,8915010.661650222,camacari-IPTU,camacari,IPTU
2024-11-01,2024-11-01,11,2025-10-01,16987225.41352915,10594507.975969965,8915010.661650222,camacari-IPTU,camacari,IPTU
2024-11-01,2024-11-01,12,2025-11-01,29661422.3237848,11205075.53610311,8915010.661650222,camacari-IPTU,camacari,IPTU
2024-12-01,2024-12-01,1,2025-01-01,6388575.092741284,7000353.556655782,8907335.7405479,camacari-IPTU,camacari,IPTU
2024-12-01,2024-12-01,2,2025-02-01,12542878.821337909,13286463.730502158,8907335.7405479,camacari-IPTU,camacari,IPTU
2024-12-01,2024-12-01,3,2025-03-01,120152088.70043229,71550144.97874723,8907335.7405479,camacari-IPTU,camacari,IPTU
2024-12-01,2024-12-01,4,2025-04-01,11946177.334066126,40080117.273175456,8907335.7405479,camacari-IPTU,camacari,IPTU
2024-12-01,2024-12-01,5,2025-05-01,12492744.777130071,16108254.211792655,8907335.7405479,camacari-IPTU,camacari,IPTU
2024-12-01,2024-12-01,6,2025-06-01,10060501.5409044,12968078.875965951,8907335.7405479,camacari-IPTU,camacari,IPTU
2024-12-01,2024-12-01,7,2025-07-01,11088846.80433917,13059617.238402113,8907335.7405479,camacari-IPTU,camacari,IPTU
2024-12-01,2024-12-01,8,2025-08-01,10811979.522146849,13986741.617235716,8907335.7405479,camacari-IPTU,camacari,IPTU
2024-12-01,2024-12-01,9,2025-09-01,10378202.791861642,11228924.092441209,8907335.7405479,camacari-IPTU,camacari,IPTU
2024-12-01,2024-12-01,10,2025-10-01,16987225.41352915,10805632.980512094,8907335.7405479,camacari-IPTU,camacari,IPTU
2024-12-01,2024-12-01,11,2025-11-01,29661422.3237848,11430633.87356966,8907335.7405479,camacari-IPTU,camacari,IPTU
2024-12-01,2024-12-01,12,2025-12-01,28872249.34,11762245.97523016,8907335.7405479,camacari-IPTU,camacari,IPTU
2025-01-01,2025-01-01,1,2025-02-01,12542878.821337909,18184809.362788185,8850459.033657052,camacari-IPTU,camacari,IPTU
2025-01-01,2025-01-01,2,2025-03-01,120152088.70043229,88131285.62644805,8850459.033657052,camacari-IPTU,camacari,IPTU
2025-01-01,2025-01-01,3,2025-04-01,11946177.334066126,51027540.8437451,8850459.033657052,camacari-IPTU,camacari,IPTU
2025-01-01,2025-01-01,4,2025-05-01,12492744.777130071,20112628.88720798,8850459.033657052,camacari-IPTU,camacari,IPTU
2025-01-01,2025-01-01,5,2025-06-01,10060501.5409044,16379194.480160426,8850459.033657052,camacari-IPTU,camacari,IPTU
2025-01-01,2025-01-01,6,2025-07-01,11088846.80433917,15714557.060458284,8850459.033657052,camacari-IPTU,camacari,IPTU
2025-01-01,2025-01-01,7,2025-08-01,10811979.522146849,18138880.140924882,8850459.033657052,camacari-IPTU,camacari,IPTU
2025-01-01,2025-01-01,8,2025-09-01,10378202.791861642,15191088.755889963,8850459.033657052,camacari-IPTU,camacari,IPTU
2025-01-01,2025-01-01,9,2025-10-01,16987225.41352915,14470779.936575633,8850459.033657052,camacari-IPTU,camacari,IPTU
2025-01-01,2025-01-01,10,2025-11-01,29661422.3237848,15166052.05534875,8850459.033657052,camacari-IPTU,camacari,IPTU
2025-01-01,2025-01-01,11,2025-12-01,28872249.34,15878546.982776495,8850459.033657052,camacari-IPTU,camacari,IPTU
2025-02-01,2025-02-01,1,2025-03-01,120152088.70043229,65266151.294308044,8773045.348078314,camacari-IPTU,camacari,IPTU
2025-02-01,2025-02-01,2,2025-04-01,11946177.334066126,38273602.67458368,8773045.348078314,camacari-IPTU,camacari,IPTU
2025-02-01,2025-02-01,3,2025-05-01,12492744.777130071,16115806.783507934,8773045.348078314,camacari-IPTU,camacari,IPTU
2025-02-01,2025-02-01,4,2025-06-01,10060501.5409044,12831308.21969973,8773045.348078314,camacari-IPTU,camacari,IPTU
2025-02-01,2025-02-01,5,2025-07-01,11088846.80433917,12978381.583344469,8773045.348078314,camacari-IPTU,camacari,IPTU
2025-02-01,2025-02-01,6,2025-08-01,10811979.522146849,14031722.665180532,8773045.348078314,camacari-IPTU,camacari,IPTU
2025-02-01,2025-02-01,7,2025-09-01,10378202.791861642,10994915.975340275,8773045.348078314,camacari-IPTU,camacari,IPTU
2025-02-01,2025-02-01,8,2025-10-01,16987225.41352915,10746283.026489178,8773045.348078314,camacari-IPTU,camacari,IPTU
2025-02-01,2025-02-01,9,2025-11-01,29661422.3237848,11296145.60612029,8773045.348078314,camacari-IPTU,camacari,IPTU
2025-02-01,2025-02-01,10,2025-12-01,28872249.34,11501267.780810308,8773045.348078314,camacari-IPTU,camacari,IPTU
2025-03-01,2025-03-01,1,2025-04-01,11946177.334066126,41082439.400470674,8717286.885236941,camacari-IPTU,camacari,IPTU
2025-03-01,2025-03-01,2,2025-05-01,12492744.777130071,16564424.620388584,8717286.885236941,camacari-IPTU,camacari,IPTU
2025-03-01,2025-03-01,3,2025-06-01,10060501.5409044,13436295.988763263,8717286.885236941,camacari-IPTU,camacari,IPTU
2025-03-01,2025-03-01,4,2025-07-01,11088846.80433917,13690483.094195835,8717286.885236941,camacari-IPTU,camacari,IPTU
2025-03-01,2025-03-01,5,2025-08-01,10811979.522146849,14270612.94436137,8717286.885236941,camacari-IPTU,camacari,IPTU
2025-03-01,2025-03-01,6,2025-09-01,10378202.791861642,11548082.45214249,8717286.885236941,camacari-IPTU,camacari,IPTU
2025-03-01,2025-03-01,7,2025-10-01,16987225.41352915,11183037.089368718,8717286.885236941,camacari-IPTU,camacari,IPTU
2025-03-01,2025-03-01,8,2025-11-01,29661422.3237848,11709777.311697502,8717286.885236941,camacari-IPTU,camacari,IPTU
2025-03-01,2025-03-01,9,2025-12-01,28872249.34,12077217.827881372,8717286.885236941,camacari-IPTU,camacari,IPTU
2025-04-01,2025-04-01,1,2025-05-01,12492744.777130071,14901759.450315619,8640756.943332814,camacari-IPTU,camacari,IPTU
2025-04-01,2025-04-01,2,2025-06-01,10060501.5409044,11992069.476510946,8640756.943332814,camacari-IPTU,camacari,IPTU
2025-04-01,2025-04-01,3,2025-07-01,11088846.80433917,12259532.322149297,8640756.943332814,camacari-IPTU,camacari,IPTU
2025-04-01,2025-04-01,4,2025-08-01,10811979.522146849,12909688.994568974,8640756.943332814,camacari-IPTU,camacari,IPTU
2025-04-01,2025-04-01,5,2025-09-01,10378202.791861642,10467326.733143603,8640756.943332814,camacari-IPTU,camacari,IPTU
2025-04-01,2025-04-01,6,2025-10-01,16987225.41352915,10050514.782817785,8640756.943332814,camacari-IPTU,camacari,IPTU
2025-04-01,2025-04-01,7,2025-11-01,29661422.3237848,10560682.488190154,8640756.943332814,camacari-IPTU,camacari,IPTU
2025-04-01,2025-04-01,8,2025-12-01,28872249.34,11141176.655111112,8640756.943332814,camacari-IPTU,camacari,IPTU
2025-05-01,2025-05-01,1,2025-06-01,10060501.5409044,12598018.165832343,8566157.980999112,camacari-IPTU,camacari,IPTU
2025-05-01,2025-05-01,2,2025-07-01,11088846.80433917,12213704.169596508,8566157.980999112,camacari-IPTU,camacari,IPTU
2025-05-01,2025-05-01,3,2025-08-01,10811979.522146849,13246923.221863294,8566157.980999112,camacari-IPTU,camacari,IPTU
2025-05-01,2025-05-01,4,2025-09-01,10378202.791861642,10501003.680260913,8566157.980999112,camacari-IPTU,camacari,IPTU
2025-05-01,2025-05-01,5,2025-10-01,16987225.41352915,9833109.233119162,8566157.980999112,camacari-IPTU,camacari,IPTU
2025-05-01,2025-05-01,6,2025-11-01,29661422.3237848,10715070.92454685,8566157.980999112,camacari-IPTU,camacari,IPTU
2025-05-01,2025-05-01,7,2025-12-01,28872249.34,10659207.199727405,8566157.980999112,camacari-IPTU,camacari,IPTU
2025-06-01,2025-06-01,1,2025-07-01,11088846.80433917,11531663.600895675,8540211.170237428,camacari-IPTU,camacari,IPTU
2025-06-01,2025-06-01,2,2025-08-01,10811979.522146849,12821272.693456618,8540211.170237428,camacari-IPTU,camacari,IPTU
2025-06-01,2025-06-01,3,2025-09-01,10378202.791861642,10295667.79852695,8540211.170237428,camacari-IPTU,camacari,IPTU
2025-06-01,2025-06-01,4,2025-10-01,16987225.41352915,10049748.727858102,8540211.170237428,camacari-IPTU,camacari,IPTU
2025-06-01,2025-06-01,5,2025-11-01,29661422.3237848,9951395.95014228,8540211.170237428,camacari-IPTU,camacari,IPTU
2025-06-01,2025-06-01,6,2025-12-01,28872249.34,10545182.150740966,8540211.170237428,camacari-IPTU,camacari,IPTU
2025-07-01,2025-07-01,1,2025-08-01,10811979.522146849,12548992.708535902,8470238.717849111,camacari-IPTU,camacari,IPTU
2025-07-01,2025-07-01,2,2025-09-01,10378202.791861642,10087151.304841721,8470238.717849111,camacari-IPTU,camacari,IPTU
2025-07-01,2025-07-01,3,2025-10-01,16987225.41352915,9713397.244677685,8470238.717849111,camacari-IPTU,camacari,IPTU
2025-07-01,2025-07-01,4,2025-11-01,29661422.3237848,10357931.151678158,8470238.717849111,camacari-IPTU,camacari,IPTU
2025-07-01,2025-07-01,5,2025-12-01,28872249.34,10493856.155479569,8470238.717849111,camacari-IPTU,camacari,IPTU
2025-08-01,2025-08-01,1,2025-09-01,10378202.791861642,10083911.894470997,8397548.276291894,camacari-IPTU,camacari,IPTU
2025-08-01,2025-08-01,2,2025-10-01,16987225.41352915,9520509.242025869,8397548.276291894,camacari-IPTU,camacari,IPTU
2025-08-01,2025-08-01,3,2025-11-01,29661422.3237848,10150859.803338613,8397548.276291894,camacari-IPTU,camacari,IPTU
2025-08-01,2025-08-01,4,2025-12-01,28872249.34,10477483.99009165,8397548.276291894,camacari-IPTU,camacari,IPTU
2025-09-01,2025-09-01,1,2025-10-01,16987225.41352915,9625989.73780047,8326471.946872041,camacari-IPTU,camacari,IPTU
2025-09-01,2025-09-01,2,2025-11-01,29661422.3237848,10202366.01654963,8326471.946872041,camacari-IPTU,camacari,IPTU
2025-09-01,2025-09-01,3,2025-12-01,28872249.34,10493631.980501581,8326471.946872041,camacari-IPTU,camacari,IPTU
2025-10-01,2025-10-01,1,2025-11-01,29661422.3237848,10746903.917260893,8310779.6953718895,camacari-IPTU,camacari,IPTU
2025-10-01,2025-10-01,2,2025-12-01,28872249.34,11096246.044528814,8310779.6953718895,camacari-IPTU,camacari,IPTU
2025-11-01,2025-11-01,1,2025-12-01,28872249.34,12049027.395924738,8410679.17366761,camacari-IPTU,camacari,IPTU
2020-12-01,2020-12-01,1,2021-01-01,16543166.329284055,18561059.81091404,1493060.8991192745,camacari-ISSQN,camacari,ISSQN
2020-12-01,2020-12-01,2,2021-02-01,14407952.673525412,13930793.494055545,1493060.8991192745,camacari-ISSQN,camacari,ISSQN
2020-12-01,2020-12-01,3,2021-03-01,14855886.310192015,13891253.036087396,1493060.8991192745,camacari-ISSQN,camacari,ISSQN
2020-12-01,2020-12-01,4,2021-04-01,15524759.746510506,14245534.74617297,1493060.8991192745,camacari-ISSQN,camacari,ISSQN
2020-12-01,2020-12-01,5,2021-05-01,15908108.22397056,13198820.40883947,1493060.8991192745,camacari-ISSQN,camacari,ISSQN
2020-12-01,2020-12-01,6,2021-06-01,16430714.61503123,14027203.81607416,1493060.8991192745,camacari-ISSQN,camacari,ISSQN
2020-12-01,2020-12-01,7,2021-07-01,15765340.012123786,14726972.48241794,1493060.8991192745,camacari-ISSQN,camacari,ISSQN
2020-12-01,2020-12-01,8,2021-08-01,17793395.258316882,14277935.09320439,1493060.8991192745,camacari-ISSQN,camacari,ISSQN
2020-12-01,2020-12-01,9,2021-09-01,17701014.731764168,15455334.979956368,1493060.8991192745,camacari-ISSQN,camacari,ISSQN
2020-12-01,2020-12-01,10,2021-10-01,17758714.841657992,15448662.419837862,1493060.8991192745,camacari-ISSQN,camacari,ISSQN
2020-12-01,2020-12-01,11,2021-11-01,17407028.491258733,14989618.7769854,1493060.8991192745,camacari-ISSQN,camacari,ISSQN
2020-12-01,2020-12-01,12,2021-12-01,20432534.845650554,16522907.260640409,1493060.8991192745,camacari-ISSQN,camacari,ISSQN
2021-01-01,2021-01-01,1,2021-02-01,14407952.673525412,13642686.931412432,1505343.2058992474,camacari-ISSQN,camacari,ISSQN
2021-01-01,2021-01-01,2,2021-03-01,14855886.310192015,13374938.435767334,1505343.2058992474,camacari-ISSQN,camacari,ISSQN
2021-01-01,2021-01-01,3,2021-04-01,15524759.746510506,13733277.547110548,1505343.2058992474,camacari-ISSQN,camacari,ISSQN
2021-01-01,2021-01-01,4,2021-05-01,15908108.22397056,12789819.90839036,1505343.2058992474,camacari-ISSQN,camacari,ISSQN
2021-01-01,2021-01-01,5,2021-06-01,16430714.61503123,13644614.289470721,1505343.2058992474,camacari-ISSQN,camacari,ISSQN
2021-01-01,2021-01-01,6,2021-07-01,15765340.012123786,14173303.821129108,1505343.2058992474,camacari-ISSQN,camacari,ISSQN
2021-01-01,2021-01-01,7,2021-08-01,17793395.258316882,13930065.376132898,1505343.2058992474,camacari-ISSQN,camacari,ISSQN
2021-01-01,2021-01-01,8,2021-09-01,17701014.731764168,14755899.474501543,1505343.2058992474,camacari-ISSQN,camacari,ISSQN
2021-01-01,2021-01-01,9,2021-10-01,17758714.841657992,15198886.171047961,1505343.2058992474,camacari-ISSQN,camacari,ISSQN
2021-01-01,2021-01-01,10,2021-11-01,17407028.491258733,14754734.681625798,1505343.2058992474,camacari-ISSQN,camacari,ISSQN
2021-01-01,2021-01-01,11,2021-12-01,20432534.845650554,15981501.096171662,1505343.2058992474,camacari-ISSQN,camacari,ISSQN
2021-01-01,2021-01-01,12,2022-01-01,21092285.296450797,17574156.208928335,1505343.2058992474,camacari-ISSQN,camacari,ISSQN
2021-02-01,2021-02-01,1,2021-03-01,14855886.310192015,13814741.95761319,1549700.383558713,camacari-ISSQN,camacari,ISSQN
2021-02-01,2021-02-01,2,2021-04-01,15524759.746510506,14182126.135362204,1549700.383558713,camacari-ISSQN,camacari,ISSQN
2021-02-01,2021-02-01,3,2021-05-01,15908108.22397056,13192582.375672728,1549700.383558713,camacari-ISSQN,camacari,ISSQN
2021-02-01,2021-02-01,4,2021-06-01,16430714.61503123,14182790.500922367,1549700.383558713,camacari-ISSQN,camacari,ISSQN
2021-02-01,2021-02-01,5,2021-07-01,15765340.012123786,14570148.16869228,1549700.383558713,camacari-ISSQN,camacari,ISSQN
2021-02-01,2021-02-01,6,2021-08-01,17793395.258316882,14249168.48111069,1549700.383558713,camacari-ISSQN,camacari,ISSQN
2021-02-01,2021-02-01,7,2021-09-01,17701014.731764168,15460730.198300192,1549700.383558713,camacari-ISSQN,camacari,ISSQN
2021-02-01,2021-02-01,8,2021-10-01,17758714.841657992,15320935.960060993,1549700.383558713,camacari-ISSQN,camacari,ISSQN
2021-02-01,2021-02-01,9,2021-11-01,17407028.491258733,15149174.63593663,1549700.383558713,camacari-ISSQN,camacari,ISSQN
2021-02-01,2021-02-01,10,2021-12-01,20432534.845650554,16472020.322539685,1549700.383558713,camacari-ISSQN,camacari,ISSQN
2021-02-01,2021-02-01,11,2022-01-01,21092285.296450797,18357798.784468833,1549700.383558713,camacari-ISSQN,camacari,ISSQN
2021-02-01,2021-02-01,12,2022-02-01,16186897.483220601,14065304.620358393,1549700.383558713,camacari-ISSQN,camacari,ISSQN
2021-03-01,2021-03-01,1,2021-04-01,15524759.746510506,14132819.446589338,1532448.5602651364,camacari-ISSQN,camacari,ISSQN
2021-03-01,2021-03-01,2,2021-05-01,15908108.22397056,13053294.8591368,1532448.5602651364,camacari-ISSQN,camacari,ISSQN
2021-03-01,2021-03-01,3,2021-06-01,16430714.61503123,13804070.59698434,1532448.5602651364,camacari-ISSQN,camacari,ISSQN
2021-03-01,2021-03-01,4,2021-07-01,15765340.012123786,14640512.755804898,1532448.5602651364,camacari-ISSQN,camacari,ISSQN
2021-03-01,2021-03-01,5,2021-08-01,17793395.258316882,14396103.471893406,1532448.5602651364,camacari-ISSQN,camacari,ISSQN
2021-03-01,2021-03-01,6,2021-09-01,17701014.731764168,15403993.41762762,1532448.5602651364,camacari-ISSQN,camacari,ISSQN
2021-03-01,2021-03-01,7,2021-10-01,17758714.841657992,15221208.03328222,1532448.5602651364,camacari-ISSQN,camacari,ISSQN
2021-03-01,2021-03-01,8,2021-11-01,17407028.491258733,15155800.362890482,1532448.5602651364,camacari-ISSQN,camacari,ISSQN
2021-03-01,2021-03-01,9,2021-12-01,20432534.845650554,16276840.436478345,1532448.5602651364,camacari-ISSQN,camacari,ISSQN
2021-03-01,2021-03-01,10,2022-01-01,21092285.296450797,18360649.187465765,1532448.5602651364,camacari-ISSQN,camacari,ISSQN
2021-03-01,2021-03-01,11,2022-02-01,16186897.483220601,14154648.785702271,1532448.5602651364,camacari-ISSQN,camacari,ISSQN
2021-03-01,2021-03-01,12,2022-03-01,20609813.782492623,13750547.884708766,1532448.5602651364,camacari-ISSQN,camacari,ISSQN
2021-04-01,2021-04-01,1,2021-05-01,15908108.22397056,13145098.725745585,1508519.317121714,camacari-ISSQN,camacari,ISSQN
2021-04-01,2021-04-01,2,2021-06-01,16430714.61503123,13983930.611608092,1508519.317121714,camacari-ISSQN,camacari,ISSQN
2021-04-01,2021-04-01,3,2021-07-01,15765340.012123786,14314530.755224803,1508519.317121714,camacari-ISSQN,camacari,ISSQN
2021-04-01,2021-04-01,4,2021-08-01,17793395.258316882,14653767.040341763,1508519.317121714,camacari-ISSQN,camacari,ISSQN
2021-04-01,2021-04-01,5,2021-09-01,17701014.731764168,15507922.424161684,1508519.317121714,camacari-ISSQN,camacari,ISSQN
2021-04-01,2021-04-01,6,2021-10-01,17758714.841657992,15601020.418864526,1508519.317121714,camacari-ISSQN,camacari,ISSQN
2021-04-01,2021-04-01,7,2021-11-01,17407028.491258733,15098444.713222668,1508519.317121714,camacari-ISSQN,camacari,ISSQN
2021-04-01,2021-04-01,8,2021-12-01,20432534.845650554,16568639.731332365,1508519.317121714,camacari-ISSQN,camacari,ISSQN
2021-04-01,2021-04-01,9,2022-01-01,21092285.296450797,18349717.931924123,1508519.317121714,camacari-ISSQN,camacari,ISSQN
2021-04-01,2021-04-01,10,2022-02-01,16186897.483220601,13900713.001142807,1508519.317121714,camacari-ISSQN,camacari,ISSQN
2021-04-01,2021-04-01,11,2022-03-01,20609813.782492623,13914289.838033753,1508519.317121714,camacari-ISSQN,camacari,ISSQN
2021-04-01,2021-04-01,12,2022-04-01,17759980.546359718,14280368.419749435,1508519.317121714,camacari-ISSQN,camacari,ISSQN
2021-05-01,2021-05-01,1,2021-06-01,16430714.61503123,14060913.37417701,1534873.8148101212,camacari-ISSQN,camacari,ISSQN
2021-05-01,2021-05-01,2,2021-07-01,15765340.012123786,14647921.098066133,1534873.8148101212,camacari-ISSQN,camacari,ISSQN
2021-05-01,2021-05-01,3,2021-08-01,17793395.258316882,14225441.925249467,1534873.8148101212,camacari-ISSQN,camacari,ISSQN
2021-05-01,2021-05-01,4,2021-09-01,17701014.731764168,15543563.540643984,1534873.8148101212,camacari-ISSQN,camacari,ISSQN
2021-05-01,2021-05-01,5,2021-10-01,17758714.841657992,15489178.530511897,1534873.8148101212,camacari-ISSQN,camacari,ISSQN
2021-05-01,2021-05-01,6,2021-11-01,17407028.491258733,15365746.87631832,1534873.8148101212,camacari-ISSQN,camacari,ISSQN
2021-05-01,2021-05-01,7,2021-12-01,20432534.845650554,16468659.087206073,1534873.8148101212,camacari-ISSQN,camacari,ISSQN
2021-05-01,2021-05-01,8,2022-01-01,21092285.296450797,18389244.027256556,1534873.8148101212,camacari-ISSQN,camacari,ISSQN
2021-05-01,2021-05-01,9,2022-02-01,16186897.483220601,13942694.74671782,1534873.8148101212,camacari-ISSQN,camacari,ISSQN
2021-05-01,2021-05-01,10,2022-03-01,20609813.782492623,13887981.439621175,1534873.8148101212,camacari-ISSQN,camacari,ISSQN
2021-05-01,2021-05-01,11,2022-04-01,17759980.546359718,14366340.16591393,1534873.8148101212,camacari-ISSQN,camacari,ISSQN
2021-05-01,2021-05-01,12,2022-05-01,16931826.340154935,13606287.730414202,1534873.8148101212,camacari-ISSQN,camacari,ISSQN
2021-06-01,2021-06-01,1,2021-07-01,15765340.012123786,15430028.528602546,1583901.4938772975,camacari-ISSQN,camacari,ISSQN
2021-06-01,2021-06-01,2,2021-08-01,17793395.258316882,15195521.226342995,1583901.4938772975,camacari-ISSQN,camacari,ISSQN
2021-06-01,2021-06-01,3,2021-09-01,17701014.731764168,16431754.239807673,1583901.4938772975,camacari-ISSQN,camacari,ISSQN
2021-06-01,2021-06-01,4,2021-10-01,17758714.841657992,16299854.061007412,1583901.4938772975,camacari-ISSQN,camacari,ISSQN
2021-06-01,2021-06-01,5,2021-11-01,17407028.491258733,16031672.318826001,1583901.4938772975,camacari-ISSQN,camacari,ISSQN
2021-06-01,2021-06-01,6,2021-12-01,20432534.845650554,17623525.504853122,1583901.4938772975,camacari-ISSQN,camacari,ISSQN
2021-06-01,2021-06-01,7,2022-01-01,21092285.296450797,19500049.033626467,1583901.4938772975,camacari-ISSQN,camacari,ISSQN
2021-06-01,2021-06-01,8,2022-02-01,16186897.483220601,14919898.421220874,1583901.4938772975,camacari-ISSQN,camacari,ISSQN
2021-06-01,2021-06-01,9,2022-03-01,20609813.782492623,14893521.010221476,1583901.4938772975,camacari-ISSQN,camacari,ISSQN
2021-06-01,2021-06-01,10,2022-04-01,17759980.546359718,15297517.281444015,1583901.4938772975,camacari-ISSQN,camacari,ISSQN
2021-06-01,2021-06-01,11,2022-05-01,16931826.340154935,14311675.730877127,1583901.4938772975,camacari-ISSQN,camacari,ISSQN
2021-06-01,2021-06-01,12,2022-06-01,17868945.717301447,15206596.860229103,1583901.4938772975,camacari-ISSQN,camacari,ISSQN
2021-07-01,2021-07-01,1,2021-08-01,17793395.258316882,13981961.369837323,1590210.7737901646,camacari-ISSQN,camacari,ISSQN
2021-07-01,2021-07-01,2,2021-09-01,17701014.731764168,15703046.274393635,1590210.7737901646,camacari-ISSQN,camacari,ISSQN
2021-07-01,2021-07-01,3,2021-10-01,17758714.841657992,15570414.187807322,1590210.7737901646,camacari-ISSQN,camacari,ISSQN
2021-07-01,2021-07-01,4,2021-11-01,17407028.491258733,15490092.958485752,1590210.7737901646,camacari-ISSQN,camacari,ISSQN
2021-07-01,2021-07-01,5,2021-12-01,20432534.845650554,16704732.971645966,1590210.7737901646,camacari-ISSQN,camacari,ISSQN
2021-07-01,2021-07-01,6,2022-01-01,21092285.296450797,18444417.57992609,1590210.7737901646,camacari-ISSQN,camacari,ISSQN
2021-07-01,2021-07-01,7,2022-02-01,16186897.483220601,14146317.429389374,1590210.7737901646,camacari-ISSQN,camacari,ISSQN
2021-07-01,2021-07-01,8,2022-03-01,20609813.782492623,13978478.824922504,1590210.7737901646,camacari-ISSQN,camacari,ISSQN
2021-07-01,2021-07-01,9,2022-04-01,17759980.546359718,14322158.172549643,1590210.7737901646,camacari-ISSQN,camacari,ISSQN
2021-07-01,2021-07-01,10,2022-05-01,16931826.340154935,13532031.703212483,1590210.7737901646,camacari-ISSQN,camacari,ISSQN
2021-07-01,2021-07-01,11,2022-06-01,17868945.717301447,14400393.194069799,1590210.7737901646,camacari-ISSQN,camacari,ISSQN
2021-07-01,2021-07-01,12,2022-07-01,18361779.51930217,14643469.718715975,1590210.7737901646,camacari-ISSQN,camacari,ISSQN
2021-08-01,2021-08-01,1,2021-09-01,17701014.731764168,16212576.791673424,1632561.777810365,camacari-ISSQN,camacari,ISSQN
2021-08-01,2021-08-01,2,2021-10-01,17758714.841657992,16097601.854884744,1632561.777810365,camacari-ISSQN,camacari,ISSQN
2021-08-01,2021-08-01,3,2021-11-01,17407028.491258733,15989182.766116565,1632561.777810365,camacari-ISSQN,camacari,ISSQN
2021-08-01,2021-08-01,4,2021-12-01,20432534.845650554,17154828.016064588,1632561.777810365,camacari-ISSQN,camacari,ISSQN
2021-08-01,2021-08-01,5,2022-01-01,21092285.296450797,19266956.440812804,1632561.777810365,camacari-ISSQN,camacari,ISSQN
2021-08-01,2021-08-01,6,2022-02-01,16186897.483220601,14619117.198667116,1632561.777810365,camacari-ISSQN,camacari,ISSQN
2021-08-01,2021-08-01,7,2022-03-01,20609813.782492623,14694035.836548608,1632561.777810365,camacari-ISSQN,camacari,ISSQN
2021-08-01,2021-08-01,8,2022-04-01,17759980.546359718,15065729.35199154,1632561.777810365,camacari-ISSQN,camacari,ISSQN
2021-08-01,2021-08-01,9,2022-05-01,16931826.340154935,14217812.902196044,1632561.777810365,camacari-ISSQN,camacari,ISSQN
2021-08-01,2021-08-01,10,2022-06-01,17868945.717301447,15104421.54258782,1632561.777810365,camacari-ISSQN,camacari,ISSQN
2021-08-01,2021-08-01,11,2022-07-01,18361779.51930217,15756081.919428049,1632561.777810365,camacari-ISSQN,camacari,ISSQN
2021-08-01,2021-08-01,12,2022-08-01,19637963.915173445,15665439.461683657,1632561.777810365,camacari-ISSQN,camacari,ISSQN
2021-09-01,2021-09-01,1,2021-10-01,17758714.841657992,16242707.185849259,1663027.2679946995,camacari-ISSQN,camacari,ISSQN
2021-09-01,2021-09-01,2,2021-11-01,17407028.491258733,16370967.165531168,1663027.2679946995,camacari-ISSQN,camacari,ISSQN
2021-09-01,2021-09-01,3,2021-12-01,20432534.845650554,17722641.47400346,1663027.2679946995,camacari-ISSQN,camacari,ISSQN
2021-09-01,2021-09-01,4,2022-01-01,21092285.296450797,19742566.044438098,1663027.2679946995,camacari-ISSQN,camacari,ISSQN
2021-09-01,2021-09-01,5,2022-02-01,16186897.483220601,15212848.980872687,1663027.2679946995,camacari-ISSQN,camacari,ISSQN
2021-09-01,2021-09-01,6,2022-03-01,20609813.782492623,15035145.416048318,1663027.2679946995,camacari-ISSQN,camacari,ISSQN
2021-09-01,2021-09-01,7,2022-04-01,17759980.546359718,15523006.585736051,1663027.2679946995,camacari-ISSQN,camacari,ISSQN
2021-09-01,2021-09-01,8,2022-05-01,16931826.340154935,14587801.095363056,1663027.2679946995,camacari-ISSQN,camacari,ISSQN
2021-09-01,2021-09-01,9,2022-06-01,17868945.717301447,15417025.183268366,1663027.2679946995,camacari-ISSQN,camacari,ISSQN
2021-09-01,2021-09-01,10,2022-07-01,18361779.51930217,15783201.341718012,1663027.2679946995,camacari-ISSQN,camacari,ISSQN
2021-09-01,2021-09-01,11,2022-08-01,19637963.915173445,16147924.64589018,1663027.2679946995,camacari-ISSQN,camacari,ISSQN
2021-09-01,2021-09-01,12,2022-09-01,21330305.533095423,16875536.680450633,1663027.2679946995,camacari-ISSQN,camacari,ISSQN
2021-10-01,2021-10-01,1,2021-11-01,17407028.491258733,16484112.20810692,1688081.631932035,camacari-ISSQN,camacari,ISSQN
2021-10-01,2021-10-01,2,2021-12-01,20432534.845650554,18390356.79186257,1688081.631932035,camacari-ISSQN,camacari,ISSQN
2021-10-01,2021-10-01,3,2022-01-01,21092285.296450797,20736915.235378083,1688081.631932035,camacari-ISSQN,camacari,ISSQN
2021-10-01,2021-10-01,4,2022-02-01,16186897.483220601,16030388.570497058,1688081.631932035,camacari-ISSQN,camacari,ISSQN
2021-10-01,2021-10-01,5,2022-03-01,20609813.782492623,15851557.160619484,1688081.631932035,camacari-ISSQN,camacari,ISSQN
2021-10-01,2021-10-01,6,2022-04-01,17759980.546359718,16197207.700395983,1688081.631932035,camacari-ISSQN,camacari,ISSQN
2021-10-01,2021-10-01,7,2022-05-01,16931826.340154935,15246788.151749548,1688081.631932035,camacari-ISSQN,camacari,ISSQN
2021-10-01,2021-10-01,8,2022-06-01,17868945.717301447,16108664.017543226,1688081.631932035,camacari-ISSQN,camacari,ISSQN
2021-10-01,2021-10-01,9,2022-07-01,18361779.51930217,17055067.55567293,1688081.631932035,camacari-ISSQN,camacari,ISSQN
2021-10-01,2021-10-01,10,2022-08-01,19637963.915173445,16840852.067688353,1688081.631932035,camacari-ISSQN,camacari,ISSQN
2021-10-01,2021-10-01,11,2022-09-01,21330305.533095423,17426683.521230403,1688081.631932035,camacari-ISSQN,camacari,ISSQN
2021-10-01,2021-10-01,12,2022-10-01,20448732.012382615,17587924.32664257,1688081.631932035,camacari-ISSQN,camacari,ISSQN
2021-11-01,2021-11-01,1,2021-12-01,20432534.845650554,18401450.212755796,1695743.853636679,camacari-ISSQN,camacari,ISSQN
2021-11-01,2021-11-01,2,2022-01-01,21092285.296450797,20732685.867894094,1695743.853636679,camacari-ISSQN,camacari,ISSQN
2021-11-01,2021-11-01,3,2022-02-01,16186897.483220601,16001753.07322219,1695743.853636679,camacari-ISSQN,camacari,ISSQN
2021-11-01,2021-11-01,4,2022-03-01,20609813.782492623,15782151.483628254,1695743.853636679,camacari-ISSQN,camacari,ISSQN
2021-11-01,2021-11-01,5,2022-04-01,17759980.546359718,16269848.575541915,1695743.853636679,camacari-ISSQN,camacari,ISSQN
2021-11-01,2021-11-01,6,2022-05-01,16931826.340154935,15164763.788226701,1695743.853636679,camacari-ISSQN,camacari,ISSQN
2021-11-01,2021-11-01,7,2022-06-01,17868945.717301447,16001649.604492849,1695743.853636679,camacari-ISSQN,camacari,ISSQN
2021-11-01,2021-11-01,8,2022-07-01,18361779.51930217,16466070.429620458,1695743.853636679,camacari-ISSQN,camacari,ISSQN
2021-11-01,2021-11-01,9,2022-08-01,19637963.915173445,17169255.316656437,1695743.853636679,camacari-ISSQN,camacari,ISSQN
2021-11-01,2021-11-01,10,2022-09-01,21330305.533095423,17422782.20618816,1695743.853636679,camacari-ISSQN,camacari,ISSQN
2021-11-01,2021-11-01,11,2022-10-01,20448732.012382615,17548413.328485448,1695743.853636679,camacari-ISSQN,camacari,ISSQN
2021-11-01,2021-11-01,12,2022-11-01,21417476.473871592,17150406.45527621,1695743.853636679,camacari-ISSQN,camacari,ISSQN
2021-12-01,2021-12-01,1,2022-01-01,21092285.296450797,21460164.780867953,1717052.2441175042,camacari-ISSQN,camacari,ISSQN
2021-12-01,2021-12-01,2,2022-02-01,16186897.483220601,16413021.035930471,1717052.2441175042,camacari-ISSQN,camacari,ISSQN
2021-12-01,2021-12-01,3,2022-03-01,20609813.782492623,16382928.125398116,1717052.2441175042,camacari-ISSQN,camacari,ISSQN
2021-12-01,2021-12-01,4,2022-04-01,17759980.546359718,16950589.31469012,1717052.2441175042,camacari-ISSQN,camacari,ISSQN
2021-12-01,2021-12-01,5,2022-05-01,16931826.340154935,15802106.732624853,1717052.2441175042,camacari-ISSQN,camacari,ISSQN
2021-12-01,2021-12-01,6,2022-06-01,17868945.717301447,16849958.306132194,1717052.2441175042,camacari-ISSQN,camacari,ISSQN
2021-12-01,2021-12-01,7,2022-07-01,18361779.51930217,17130495.869906668,1717052.2441175042,camacari-ISSQN,camacari,ISSQN
2021-12-01,2021-12-01,8,2022-08-01,19637963.915173445,17286521.467560086,1717052.2441175042,camacari-ISSQN,camacari,ISSQN
2021-12-01,2021-12-01,9,2022-09-01,21330305.533095423,17867313.054282594,1717052.2441175042,camacari-ISSQN,camacari,ISSQN
2021-12-01,2021-12-01,10,2022-10-01,20448732.012382615,18130059.90575972,1717052.2441175042,camacari-ISSQN,camacari,ISSQN
2021-12-01,2021-12-01,11,2022-11-01,21417476.473871592,18045733.114913557,1717052.2441175042,camacari-ISSQN,camacari,ISSQN
2021-12-01,2021-12-01,12,2022-12-01,25036250.719354104,19540391.586761743,1717052.2441175042,camacari-ISSQN,camacari,ISSQN
2022-01-01,2022-01-01,1,2022-02-01,16186897.483220601,16694782.419558803,1755847.6786798225,camacari-ISSQN,camacari,ISSQN
2022-01-01,2022-01-01,2,2022-03-01,20609813.782492623,16483310.733290892,1755847.6786798225,camacari-ISSQN,camacari,ISSQN
2022-01-01,2022-01-01,3,2022-04-01,17759980.546359718,16690432.763163127,1755847.6786798225,camacari-ISSQN,camacari,ISSQN
2022-01-01,2022-01-01,4,2022-05-01,16931826.340154935,15865912.446073458,1755847.6786798225,camacari-ISSQN,camacari,ISSQN
2022-01-01,2022-01-01,5,2022-06-01,17868945.717301447,16261977.879456343,1755847.6786798225,camacari-ISSQN,camacari,ISSQN
2022-01-01,2022-01-01,6,2022-07-01,18361779.51930217,16970825.985683654,1755847.6786798225,camacari-ISSQN,camacari,ISSQN
2022-01-01,2022-01-01,7,2022-08-01,19637963.915173445,17111726.87452253,1755847.6786798225,camacari-ISSQN,camacari,ISSQN
2022-01-01,2022-01-01,8,2022-09-01,21330305.533095423,17683038.64812994,1755847.6786798225,camacari-ISSQN,camacari,ISSQN
2022-01-01,2022-01-01,9,2022-10-01,20448732.012382615,16758201.079240855,1755847.6786798225,camacari-ISSQN,camacari,ISSQN
2022-01-01,2022-01-01,10,2022-11-01,21417476.473871592,17234050.93844837,1755847.6786798225,camacari-ISSQN,camacari,ISSQN
2022-01-01,2022-01-01,11,2022-12-01,25036250.719354104,19469206.11609769,1755847.6786798225,camacari-ISSQN,camacari,ISSQN
2022-01-01,2022-01-01,12,2023-01-01,29157384.457611956,21527009.588690158,1755847.6786798225,camacari-ISSQN,camacari,ISSQN
2022-02-01,2022-02-01,1,2022-03-01,20609813.782492623,16279524.601760706,1756159.802071922,camacari-ISSQN,camacari,ISSQN
2022-02-01,2022-02-01,2,2022-04-01,17759980.546359718,16353839.751614608,1756159.802071922,camacari-ISSQN,camacari,ISSQN
2022-02-01,2022-02-01,3,2022-05-01,16931826.340154935,15719285.761292448,1756159.802071922,camacari-ISSQN,camacari,ISSQN
2022-02-01,2022-02-01,4,2022-06-01,17868945.717301447,16374036.562636258,1756159.802071922,camacari-ISSQN,camacari,ISSQN
2022-02-01,2022-02-01,5,2022-07-01,18361779.51930217,16976912.716354694,1756159.802071922,camacari-ISSQN,camacari,ISSQN
2022-02-01,2022-02-01,6,2022-08-01,19637963.915173445,17111970.394607957,1756159.802071922,camacari-ISSQN,camacari,ISSQN
2022-02-01,2022-02-01,7,2022-09-01,21330305.533095423,18043701.588699635,1756159.802071922,camacari-ISSQN,camacari,ISSQN
2022-02-01,2022-02-01,8,2022-10-01,20448732.012382615,17880137.73746988,1756159.802071922,camacari-ISSQN,camacari,ISSQN
2022-02-01,2022-02-01,9,2022-11-01,21417476.473871592,17308723.90003602,1756159.802071922,camacari-ISSQN,camacari,ISSQN
2022-02-01,2022-02-01,10,2022-12-01,25036250.719354104,19117737.93836409,1756159.802071922,camacari-ISSQN,camacari,ISSQN
2022-02-01,2022-02-01,11,2023-01-01,29157384.457611956,21233406.70809486,1756159.802071922,camacari-ISSQN,camacari,ISSQN
2022-02-01,2022-02-01,12,2023-02-01,18854324.324541107,16324488.916951377,1756159.802071922,camacari-ISSQN,camacari,ISSQN
2022-03-01,2022-03-01,1,2022-04-01,17759980.546359718,17847480.99588561,1809463.3710083044,camacari-ISSQN,camacari,ISSQN
2022-03-01,2022-03-01,2,2022-05-01,16931826.340154935,16636194.816794164,1809463.3710083044,camacari-ISSQN,camacari,ISSQN
2022-03-01,2022-03-01,3,2022-06-01,17868945.717301447,17467459.45230538,1809463.3710083044,camacari-ISSQN,camacari,ISSQN
2022-03-01,2022-03-01,4,2022-07-01,18361779.51930217,18186936.246437285,1809463.3710083044,camacari-ISSQN,camacari,ISSQN
2022-03-01,2022-03-01,5,2022-08-01,19637963.915173445,17731290.717362028,1809463.3710083044,camacari-ISSQN,camacari,ISSQN
2022-03-01,2022-03-01,6,2022-09-01,21330305.533095423,18347672.563856117,1809463.3710083044,camacari-ISSQN,camacari,ISSQN
2022-03-01,2022-03-01,7,2022-10-01,20448732.012382615,18510940.08456933,1809463.3710083044,camacari-ISSQN,camacari,ISSQN
2022-03-01,2022-03-01,8,2022-11-01,21417476.473871592,18714978.949728888,1809463.3710083044,camacari-ISSQN,camacari,ISSQN
2022-03-01,2022-03-01,9,2022-12-01,25036250.719354104,20427024.849850606,1809463.3710083044,camacari-ISSQN,camacari,ISSQN
2022-03-01,2022-03-01,10,2023-01-01,29157384.457611956,22478543.263832137,1809463.3710083044,camacari-ISSQN,camacari,ISSQN
2022-03-01,2022-03-01,11,2023-02-01,18854324.324541107,17523602.414540086,1809463.3710083044,camacari-ISSQN,camacari,ISSQN
2022-03-01,2022-03-01,12,2023-03-01,20203586.524565566,17817682.198954944,1809463.3710083044,camacari-ISSQN,camacari,ISSQN
2022-04-01,2022-04-01,1,2022-05-01,16931826.340154935,16014991.146672271,1815065.4424404216,camacari-ISSQN,camacari,ISSQN
2022-04-01,2022-04-01,2,2022-06-01,17868945.717301447,17021407.440614138,1815065.4424404216,camacari-ISSQN,camacari,ISSQN
2022-04-01,2022-04-01,3,2022-07-01,18361779.51930217,17475045.216541577,1815065.4424404216,camacari-ISSQN,camacari,ISSQN
2022-04-01,2022-04-01,4,2022-08-01,19637963.915173445,17398722.106209006,1815065.4424404216,camacari-ISSQN,camacari,ISSQN
2022-04-01,2022-04-01,5,2022-09-01,21330305.533095423,18692549.866298445,1815065.4424404216,camacari-ISSQN,camacari,ISSQN
2022-04-01,2022-04-01,6,2022-10-01,20448732.012382615,18638294.205674578,1815065.4424404216,camacari-ISSQN,camacari,ISSQN
2022-04-01,2022-04-01,7,2022-11-01,21417476.473871592,17970301.564135976,1815065.4424404216,camacari-ISSQN,camacari,ISSQN
2022-04-01,2022-04-01,8,2022-12-01,25036250.719354104,20096954.57493309,1815065.4424404216,camacari-ISSQN,camacari,ISSQN
2022-04-01,2022-04-01,9,2023-01-01,29157384.457611956,21721564.53235418,1815065.4424404216,camacari-ISSQN,camacari,ISSQN
2022-04-01,2022-04-01,10,2023-02-01,18854324.324541107,16468667.423446812,1815065.4424404216,camacari-ISSQN,camacari,ISSQN
2022-04-01,2022-04-01,11,2023-03-01,20203586.524565566,17051023.858397044,1815065.4424404216,camacari-ISSQN,camacari,ISSQN
2022-04-01,2022-04-01,12,2023-04-01,23075077.619267482,17251994.0869333,1815065.4424404216,camacari-ISSQN,camacari,ISSQN
2022-05-01,2022-05-01,1,2022-06-01,17868945.717301447,17786268.601270888,1804788.2044370964,camacari-ISSQN,camacari,ISSQN
2022-05-01,2022-05-01,2,2022-07-01,18361779.51930217,18414527.061433565,1804788.2044370964,camacari-ISSQN,camacari,ISSQN
2022-05-01,2022-05-01,3,2022-08-01,19637963.915173445,18057125.061131857,1804788.2044370964,camacari-ISSQN,camacari,ISSQN
2022-05-01,2022-05-01,4,2022-09-01,21330305.533095423,19164785.844209667,1804788.2044370964,camacari-ISSQN,camacari,ISSQN
2022-05-01,2022-05-01,5,2022-10-01,20448732.012382615,19242147.369563956,1804788.2044370964,camacari-ISSQN,camacari,ISSQN
2022-05-01,2022-05-01,6,2022-11-01,21417476.473871592,18910902.21310551,1804788.2044370964,camacari-ISSQN,camacari,ISSQN
2022-05-01,2022-05-01,7,2022-12-01,25036250.719354104,20710129.054566734,1804788.2044370964,camacari-ISSQN,camacari,ISSQN
2022-05-01,2022-05-01,8,2023-01-01,29157384.457611956,22864254.096798446,1804788.2044370964,camacari-ISSQN,camacari,ISSQN
2022-05-01,2022-05-01,9,2023-02-01,18854324.324541107,17579685.988302637,1804788.2044370964,camacari-ISSQN,camacari,ISSQN
2022-05-01,2022-05-01,10,2023-03-01,20203586.524565566,17706407.426197257,1804788.2044370964,camacari-ISSQN,camacari,ISSQN
2022-05-01,2022-05-01,11,2023-04-01,23075077.619267482,17689060.80738527,1804788.2044370964,camacari-ISSQN,camacari,ISSQN
2022-05-01,2022-05-01,12,2023-05-01,18314045.276733518,16876877.144469675,1804788.2044370964,camacari-ISSQN,camacari,ISSQN
2022-06-01,2022-06-01,1,2022-07-01,18361779.51930217,18164488.08514741,1800088.7544093158,camacari-ISSQN,camacari,ISSQN
2022-06-01,2022-06-01,2,2022-08-01,19637963.915173445,18007170.70565363,1800088.7544093158,camacari-ISSQN,camacari,ISSQN
2022-06-01,2022-06-01,3,2022-09-01,21330305.533095423,18739567.738276742,1800088.7544093158,camacari-ISSQN,camacari,ISSQN
2022-06-01,2022-06-01,4,2022-10-01,20448732.012382615,19077488.84141739,1800088.7544093158,camacari-ISSQN,camacari,ISSQN
2022-06-01,2022-06-01,5,2022-11-01,21417476.473871592,18588159.811519902,1800088.7544093158,camacari-ISSQN,camacari,ISSQN
2022-06-01,2022-06-01,6,2022-12-01,25036250.719354104,20346347.226441313,1800088.7544093158,camacari-ISSQN,camacari,ISSQN
2022-06-01,2022-06-01,7,2023-01-01,29157384.457611956,22561566.58936368,1800088.7544093158,camacari-ISSQN,camacari,ISSQN
2022-06-01,2022-06-01,8,2023-02-01,18854324.324541107,17819549.081794314,1800088.7544093158,camacari-ISSQN,camacari,ISSQN
2022-06-01,2022-06-01,9,2023-03-01,20203586.524565566,17879318.499340303,1800088.7544093158,camacari-ISSQN,camacari,ISSQN
2022-06-01,2022-06-01,10,2023-04-01,23075077.619267482,17865233.553042363,1800088.7544093158,camacari-ISSQN,camacari,ISSQN
2022-06-01,2022-06-01,11,2023-05-01,18314045.276733518,16786054.630424093,1800088.7544093158,camacari-ISSQN,camacari,ISSQN
2022-06-01,2022-06-01,12,2023-06-01,19136367.451210137,17694535.5675409,1800088.7544093158,camacari-ISSQN,camacari,ISSQN
2022-07-01,2022-07-01,1,2022-08-01,19637963.915173445,18569287.8810574,1810169.1436848738,camacari-ISSQN,camacari,ISSQN
2022-07-01,2022-07-01,2,2022-09-01,21330305.533095423,19453246.02440365,1810169.1436848738,camacari-ISSQN,camacari,ISSQN
2022-07-01,2022-07-01,3,2022-10-01,20448732.012382615,19140106.870431863,1810169.1436848738,camacari-ISSQN,camacari,ISSQN
2022-07-01,2022-07-01,4,2022-11-01,21417476.473871592,18935639.044133116,1810169.1436848738,camacari-ISSQN,camacari,ISSQN
2022-07-01,2022-07-01,5,2022-12-01,25036250.719354104,20209057.57986096,1810169.1436848738,camacari-ISSQN,camacari,ISSQN
2022-07-01,2022-07-01,6,2023-01-01,29157384.457611956,23070386.84171892,1810169.1436848738,camacari-ISSQN,camacari,ISSQN
2022-07-01,2022-07-01,7,2023-02-01,18854324.324541107,17432598.796588585,1810169.1436848738,camacari-ISSQN,camacari,ISSQN
2022-07-01,2022-07-01,8,2023-03-01,20203586.524565566,17686259.46938295,1810169.1436848738,camacari-ISSQN,camacari,ISSQN
2022-07-01,2022-07-01,9,2023-04-01,23075077.619267482,17452610.239051268,1810169.1436848738,camacari-ISSQN,camacari,ISSQN
2022-07-01,2022-07-01,10,2023-05-01,18314045.276733518,17005386.88031504,1810169.1436848738,camacari-ISSQN,camacari,ISSQN
2022-07-01,2022-07-01,11,2023-06-01,19136367.451210137,17933074.546630863,1810169.1436848738,camacari-ISSQN,camacari,ISSQN
2022-07-01,2022-07-01,12,2023-07-01,21036673.873442713,18227877.83812018,1810169.1436848738,camacari-ISSQN,camacari,ISSQN
2022-08-01,2022-08-01,1,2022-09-01,21330305.533095423,19714008.890262604,1810599.1375995204,camacari-ISSQN,camacari,ISSQN
2022-08-01,2022-08-01,2,2022-10-01,20448732.012382615,19940263.14182606,1810599.1375995204,camacari-ISSQN,camacari,ISSQN
2022-08-01,2022-08-01,3,2022-11-01,21417476.473871592,19223423.393217627,1810599.1375995204,camacari-ISSQN,camacari,ISSQN
2022-08-01,2022-08-01,4,2022-12-01,25036250.719354104,21080852.84158069,1810599.1375995204,camacari-ISSQN,camacari,ISSQN
2022-08-01,2022-08-01,5,2023-01-01,29157384.457611956,23467233.625157915,1810599.1375995204,camacari-ISSQN,camacari,ISSQN
2022-08-01,2022-08-01,6,2023-02-01,18854324.324541107,17826139.99131779,1810599.1375995204,camacari-ISSQN,camacari,ISSQN
2022-08-01,2022-08-01,7,2023-03-01,20203586.524565566,18257822.48876299,1810599.1375995204,camacari-ISSQN,camacari,ISSQN
2022-08-01,2022-08-01,8,2023-04-01,23075077.619267482,17919990.321652025,1810599.1375995204,camacari-ISSQN,camacari,ISSQN
2022-08-01,2022-08-01,9,2023-05-01,18314045.276733518,17111568.346783597,1810599.1375995204,camacari-ISSQN,camacari,ISSQN
2022-08-01,2022-08-01,10,2023-06-01,19136367.451210137,18047202.37476859,1810599.1375995204,camacari-ISSQN,camacari,ISSQN
2022-08-01,2022-08-01,11,2023-07-01,21036673.873442713,18552926.922190387,1810599.1375995204,camacari-ISSQN,camacari,ISSQN
2022-08-01,2022-08-01,12,2023-08-01,21575949.02090314,18876448.266066723,1810599.1375995204,camacari-ISSQN,camacari,ISSQN
2022-09-01,2022-09-01,1,2022-10-01,20448732.012382615,20335469.60587546,1833052.1211023813,camacari-ISSQN,camacari,ISSQN
2022-09-01,2022-09-01,2,2022-11-01,21417476.473871592,19811284.741334926,1833052.1211023813,camacari-ISSQN,camacari,ISSQN
2022-09-01,2022-09-01,3,2022-12-01,25036250.719354104,21774958.985099882,1833052.1211023813,camacari-ISSQN,camacari,ISSQN
2022-09-01,2022-09-01,4,2023-01-01,29157384.457611956,24196129.63598509,1833052.1211023813,camacari-ISSQN,camacari,ISSQN
2022-09-01,2022-09-01,5,2023-02-01,18854324.324541107,18456199.999753274,1833052.1211023813,camacari-ISSQN,camacari,ISSQN
2022-09-01,2022-09-01,6,2023-03-01,20203586.524565566,18629330.256899025,1833052.1211023813,camacari-ISSQN,camacari,ISSQN
2022-09-01,2022-09-01,7,2023-04-01,23075077.619267482,18797903.15749223,1833052.1211023813,camacari-ISSQN,camacari,ISSQN
2022-09-01,2022-09-01,8,2023-05-01,18314045.276733518,17500856.845426634,1833052.1211023813,camacari-ISSQN,camacari,ISSQN
2022-09-01,2022-09-01,9,2023-06-01,19136367.451210137,18731431.03962229,1833052.1211023813,camacari-ISSQN,camacari,ISSQN
2022-09-01,2022-09-01,10,2023-07-01,21036673.873442713,18864400.60442375,1833052.1211023813,camacari-ISSQN,camacari,ISSQN
2022-09-01,2022-09-01,11,2023-08-01,21575949.02090314,19059479.158804905,1833052.1211023813,camacari-ISSQN,camacari,ISSQN
2022-09-01,2022-09-01,12,2023-09-01,20002492.205724116,20267457.790591486,1833052.1211023813,camacari-ISSQN,camacari,ISSQN
2022-10-01,2022-10-01,1,2022-11-01,21417476.473871592,20053471.60259059,1843502.9143904576,camacari-ISSQN,camacari,ISSQN
2022-10-01,2022-10-01,2,2022-12-01,25036250.719354104,21760465.727141753,1843502.9143904576,camacari-ISSQN,camacari,ISSQN
2022-10-01,2022-10-01,3,2023-01-01,29157384.457611956,24181749.05990034,1843502.9143904576,camacari-ISSQN,camacari,ISSQN
2022-10-01,2022-10-01,4,2023-02-01,18854324.324541107,18577849.93561657,1843502.9143904576,camacari-ISSQN,camacari,ISSQN
2022-10-01,2022-10-01,5,2023-03-01,20203586.524565566,18820429.61997698,1843502.9143904576,camacari-ISSQN,camacari,ISSQN
2022-10-01,2022-10-01,6,2023-04-01,23075077.619267482,18890354.857830163,1843502.9143904576,camacari-ISSQN,camacari,ISSQN
2022-10-01,2022-10-01,7,2023-05-01,18314045.276733518,17488378.973520275,1843502.9143904576,camacari-ISSQN,camacari,ISSQN
2022-10-01,2022-10-01,8,2023-06-01,19136367.451210137,18593120.27564552,1843502.9143904576,camacari-ISSQN,camacari,ISSQN
2022-10-01,2022-10-01,9,2023-07-01,21036673.873442713,19112175.632417116,1843502.9143904576,camacari-ISSQN,camacari,ISSQN
2022-10-01,2022-10-01,10,2023-08-01,21575949.02090314,19321180.04221854,1843502.9143904576,camacari-ISSQN,camacari,ISSQN
2022-10-01,2022-10-01,11,2023-09-01,20002492.205724116,20512417.776223075,1843502.9143904576,camacari-ISSQN,camacari,ISSQN
2022-10-01,2022-10-01,12,2023-10-01,20505785.038989563,20056035.671597224,1843502.9143904576,camacari-ISSQN,camacari,ISSQN
2022-11-01,2022-11-01,1,2022-12-01,25036250.719354104,22553075.217585433,1869610.6862967513,camacari-ISSQN,camacari,ISSQN
2022-11-01,2022-11-01,2,2023-01-01,29157384.457611956,25024065.362747908,1869610.6862967513,camacari-ISSQN,camacari,ISSQN
2022-11-01,2022-11-01,3,2023-02-01,18854324.324541107,19082269.476661425,1869610.6862967513,camacari-ISSQN,camacari,ISSQN
2022-11-01,2022-11-01,4,2023-03-01,20203586.524565566,19481300.201414812,1869610.6862967513,camacari-ISSQN,camacari,ISSQN
2022-11-01,2022-11-01,5,2023-04-01,23075077.619267482,19468373.54787332,1869610.6862967513,camacari-ISSQN,camacari,ISSQN
2022-11-01,2022-11-01,6,2023-05-01,18314045.276733518,18391815.519995086,1869610.6862967513,camacari-ISSQN,camacari,ISSQN
2022-11-01,2022-11-01,7,2023-06-01,19136367.451210137,19277174.51401622,1869610.6862967513,camacari-ISSQN,camacari,ISSQN
2022-11-01,2022-11-01,8,2023-07-01,21036673.873442713,19719265.68002816,1869610.6862967513,camacari-ISSQN,camacari,ISSQN
2022-11-01,2022-11-01,9,2023-08-01,21575949.02090314,19858304.964736667,1869610.6862967513,camacari-ISSQN,camacari,ISSQN
2022-11-01,2022-11-01,10,2023-09-01,20002492.205724116,21172395.458120648,1869610.6862967513,camacari-ISSQN,camacari,ISSQN
2022-11-01,2022-11-01,11,2023-10-01,20505785.038989563,20856702.521443732,1869610.6862967513,camacari-ISSQN,camacari,ISSQN
2022-11-01,2022-11-01,12,2023-11-01,25611611.938634984,20670717.54131492,1869610.6862967513,camacari-ISSQN,camacari,ISSQN
2022-12-01,2022-12-01,1,2023-01-01,29157384.457611956,26042681.707013153,1902159.5575754035,camacari-ISSQN,camacari,ISSQN
2022-12-01,2022-12-01,2,2023-02-01,18854324.324541107,19854817.66621727,1902159.5575754035,camacari-ISSQN,camacari,ISSQN
2022-12-01,2022-12-01,3,2023-03-01,20203586.524565566,20122863.855471507,1902159.5575754035,camacari-ISSQN,camacari,ISSQN
2022-12-01,2022-12-01,4,2023-04-01,23075077.619267482,20093233.295695778,1902159.5575754035,camacari-ISSQN,camacari,ISSQN
2022-12-01,2022-12-01,5,2023-05-01,18314045.276733518,18839792.613481365,1902159.5575754035,camacari-ISSQN,camacari,ISSQN
2022-12-01,2022-12-01,6,2023-06-01,19136367.451210137,19988077.060302105,1902159.5575754035,camacari-ISSQN,camacari,ISSQN
2022-12-01,2022-12-01,7,2023-07-01,21036673.873442713,20222081.82896635,1902159.5575754035,camacari-ISSQN,camacari,ISSQN
2022-12-01,2022-12-01,8,2023-08-01,21575949.02090314,20498934.7936435,1902159.5575754035,camacari-ISSQN,camacari,ISSQN
2022-12-01,2022-12-01,9,2023-09-01,20002492.205724116,21665470.457375098,1902159.5575754035,camacari-ISSQN,camacari,ISSQN
2022-12-01,2022-12-01,10,2023-10-01,20505785.038989563,21507727.4404122,1902159.5575754035,camacari-ISSQN,camacari,ISSQN
2022-12-01,2022-12-01,11,2023-11-01,25611611.938634984,21290500.357153855,1902159.5575754035,camacari-ISSQN,camacari,ISSQN
2022-12-01,2022-12-01,12,2023-12-01,23583900.23543129,23536298.646623887,1902159.5575754035,camacari-ISSQN,camacari,ISSQN
2023-01-01,2023-01-01,1,2023-02-01,18854324.324541107,20758454.31230883,1974664.7293822947,camacari-ISSQN,camacari,ISSQN
2023-01-01,2023-01-01,2,2023-03-01,20203586.524565566,21117375.774365764,1974664.7293822947,camacari-ISSQN,camacari,ISSQN
2023-01-01,2023-01-01,3,2023-04-01,23075077.619267482,21312261.6101385,1974664.7293822947,camacari-ISSQN,camacari,ISSQN
2023-01-01,2023-01-01,4,2023-05-01,18314045.276733518,19972736.666261956,1974664.7293822947,camacari-ISSQN,camacari,ISSQN
2023-01-01,2023-01-01,5,2023-06-01,19136367.451210137,21190215.754229076,1974664.7293822947,camacari-ISSQN,camacari,ISSQN
2023-01-01,2023-01-01,6,2023-07-01,21036673.873442713,21652566.191352233,1974664.7293822947,camacari-ISSQN,camacari,ISSQN
2023-01-01,2023-01-01,7,2023-08-01,21575949.02090314,22323637.92715299,1974664.7293822947,camacari-ISSQN,camacari,ISSQN
2023-01-01,2023-01-01,8,2023-09-01,20002492.205724116,22811491.900731374,1974664.7293822947,camacari-ISSQN,camacari,ISSQN
2023-01-01,2023-01-01,9,2023-10-01,20505785.038989563,22546319.338413373,1974664.7293822947,camacari-ISSQN,camacari,ISSQN
2023-01-01,2023-01-01,10,2023-11-01,25611611.938634984,21351500.35399738,1974664.7293822947,camacari-ISSQN,camacari,ISSQN
2023-01-01,2023-01-01,11,2023-12-01,23583900.23543129,24464242.44599766,1974664.7293822947,camacari-ISSQN,camacari,ISSQN
2023-01-01,2023-01-01,12,2024-01-01,22986387.186458543,27299931.247408748,1974664.7293822947,camacari-ISSQN,camacari,ISSQN
2023-02-01,2023-02-01,1,2023-03-01,20203586.524565566,20521154.64981032,1982720.1027769253,camacari-ISSQN,camacari,ISSQN
2023-02-01,2023-02-01,2,2023-04-01,23075077.619267482,20360648.421597525,1982720.1027769253,camacari-ISSQN,camacari,ISSQN
2023-02-01,2023-02-01,3,2023-05-01,18314045.276733518,19203355.279914282,1982720.1027769253,camacari-ISSQN,camacari,ISSQN
2023-02-01,2023-02-01,4,2023-06-01,19136367.451210137,20386652.345568396,1982720.1027769253,camacari-ISSQN,camacari,ISSQN
2023-02-01,2023-02-01,5,2023-07-01,21036673.873442713,20694826.064912777,1982720.1027769253,camacari-ISSQN,camacari,ISSQN
2023-02-01,2023-02-01,6,2023-08-01,21575949.02090314,21193867.251491997,1982720.1027769253,camacari-ISSQN,camacari,ISSQN
2023-02-01,2023-02-01,7,2023-09-01,20002492.205724116,22032827.865714867,1982720.1027769253,camacari-ISSQN,camacari,ISSQN
2023-02-01,2023-02-01,8,2023-10-01,20505785.038989563,21882388.754194017,1982720.1027769253,camacari-ISSQN,camacari,ISSQN
2023-02-01,2023-02-01,9,2023-11-01,25611611.938634984,20765440.635294046,1982720.1027769253,camacari-ISSQN,camacari,ISSQN
2023-02-01,2023-02-01,10,2023-12-01,23583900.23543129,23736214.12294255,1982720.1027769253,camacari-ISSQN,camacari,ISSQN
2023-02-01,2023-02-01,11,2024-01-01,22986387.186458543,26448396.264627114,1982720.1027769253,camacari-ISSQN,camacari,ISSQN
2023-02-01,2023-02-01,12,2024-02-01,23872500.478948027,19971664.337752387,1982720.1027769253,camacari-ISSQN,camacari,ISSQN
2023-03-01,2023-03-01,1,2023-04-01,23075077.619267482,20378578.11156281,1964599.4953648578,camacari-ISSQN,camacari,ISSQN
2023-03-01,2023-03-01,2,2023-05-01,18314045.276733518,19134119.297475003,1964599.4953648578,camacari-ISSQN,camacari,ISSQN
2023-03-01,2023-03-01,3,2023-06-01,19136367.451210137,20246890.459583066,1964599.4953648578,camacari-ISSQN,camacari,ISSQN
2023-03-01,2023-03-01,4,2023-07-01,21036673.873442713,20593412.311137658,1964599.4953648578,camacari-ISSQN,camacari,ISSQN
2023-03-01,2023-03-01,5,2023-08-01,21575949.02090314,20872324.030413423,1964599.4953648578,camacari-ISSQN,camacari,ISSQN
2023-03-01,2023-03-01,6,2023-09-01,20002492.205724116,22005802.138052568,1964599.4953648578,camacari-ISSQN,camacari,ISSQN
2023-03-01,2023-03-01,7,2023-10-01,20505785.038989563,21535854.09336649,1964599.4953648578,camacari-ISSQN,camacari,ISSQN
2023-03-01,2023-03-01,8,2023-11-01,25611611.938634984,20555838.07418674,1964599.4953648578,camacari-ISSQN,camacari,ISSQN
2023-03-01,2023-03-01,9,2023-12-01,23583900.23543129,23570005.75852825,1964599.4953648578,camacari-ISSQN,camacari,ISSQN
2023-03-01,2023-03-01,10,2024-01-01,22986387.186458543,26325930.166801218,1964599.4953648578,camacari-ISSQN,camacari,ISSQN
2023-03-01,2023-03-01,11,2024-02-01,23872500.478948027,19891067.135952055,1964599.4953648578,camacari-ISSQN,camacari,ISSQN
2023-03-01,2023-03-01,12,2024-03-01,21240482.31230949,20422089.223724928,1964599.4953648578,camacari-ISSQN,camacari,ISSQN
2023-04-01,2023-04-01,1,2023-05-01,18314045.276733518,20067760.615210965,2002673.3314732998,camacari-ISSQN,camacari,ISSQN
2023-04-01,2023-04-01,2,2023-06-01,19136367.451210137,20949221.5502858,2002673.3314732998,camacari-ISSQN,camacari,ISSQN
2023-04-01,2023-04-01,3,2023-07-01,21036673.873442713,21541956.771931723,2002673.3314732998,camacari-ISSQN,camacari,ISSQN
2023-04-01,2023-04-01,4,2023-08-01,21575949.02090314,21572368.48099374,2002673.3314732998,camacari-ISSQN,camacari,ISSQN
2023-04-01,2023-04-01,5,2023-09-01,20002492.205724116,23011533.468152914,2002673.3314732998,camacari-ISSQN,camacari,ISSQN
2023-04-01,2023-04-01,6,2023-10-01,20505785.038989563,22715564.56530604,2002673.3314732998,camacari-ISSQN,camacari,ISSQN
2023-04-01,2023-04-01,7,2023-11-01,25611611.938634984,22445406.022932127,2002673.3314732998,camacari-ISSQN,camacari,ISSQN
2023-04-01,2023-04-01,8,2023-12-01,23583900.23543129,24554490.238880027,2002673.3314732998,camacari-ISSQN,camacari,ISSQN
2023-04-01,2023-04-01,9,2024-01-01,22986387.186458543,27185651.573079728,2002673.3314732998,camacari-ISSQN,camacari,ISSQN
2023-04-01,2023-04-01,10,2024-02-01,23872500.478948027,20417962.47436987,2002673.3314732998,camacari-ISSQN,camacari,ISSQN
2023-04-01,2023-04-01,11,2024-03-01,21240482.31230949,21056816.97448558,2002673.3314732998,camacari-ISSQN,camacari,ISSQN
2023-04-01,2023-04-01,12,2024-04-01,22746532.296000022,21201832.309432574,2002673.3314732998,camacari-ISSQN,camacari,ISSQN
2023-05-01,2023-05-01,1,2023-06-01,19136367.451210137,20274627.52734267,1995701.9337778534,camacari-ISSQN,camacari,ISSQN
2023-05-01,2023-05-01,2,2023-07-01,21036673.873442713,20854400.371932603,1995701.9337778534,camacari-ISSQN,camacari,ISSQN
2023-05-01,2023-05-01,3,2023-08-01,21575949.02090314,21042538.717472974,1995701.9337778534,camacari-ISSQN,camacari,ISSQN
2023-05-01,2023-05-01,4,2023-09-01,20002492.205724116,22179232.416338217,1995701.9337778534,camacari-ISSQN,camacari,ISSQN
2023-05-01,2023-05-01,5,2023-10-01,20505785.038989563,21450957.997916646,1995701.9337778534,camacari-ISSQN,camacari,ISSQN
2023-05-01,2023-05-01,6,2023-11-01,25611611.938634984,21400487.31837753,1995701.9337778534,camacari-ISSQN,camacari,ISSQN
2023-05-01,2023-05-01,7,2023-12-01,23583900.23543129,23895001.02001748,1995701.9337778534,camacari-ISSQN,camacari,ISSQN
2023-05-01,2023-05-01,8,2024-01-01,22986387.186458543,26671915.163842898,1995701.9337778534,camacari-ISSQN,camacari,ISSQN
2023-05-01,2023-05-01,9,2024-02-01,23872500.478948027,20185441.8271011,1995701.9337778534,camacari-ISSQN,camacari,ISSQN
2023-05-01,2023-05-01,10,2024-03-01,21240482.31230949,20504980.05855709,1995701.9337778534,camacari-ISSQN,camacari,ISSQN
2023-05-01,2023-05-01,11,2024-04-01,22746532.296000022,20950725.363035705,1995701.9337778534,camacari-ISSQN,camacari,ISSQN
2023-05-01,2023-05-01,12,2024-05-01,19444201.33987925,19236741.25218742,1995701.9337778534,camacari-ISSQN,camacari,ISSQN
2023-06-01,2023-06-01,1,2023-07-01,21036673.873442713,20623978.43383239,1987609.931557085,camacari-ISSQN,camacari,ISSQN
2023-06-01,2023-06-01,2,2023-08-01,21575949.02090314,20865568.56064232,1987609.931557085,camacari-ISSQN,camacari,ISSQN
2023-06-01,2023-06-01,3,2023-09-01,20002492.205724116,21659775.722818293,1987609.931557085,camacari-ISSQN,camacari,ISSQN
2023-06-01,2023-06-01,4,2023-10-01,20505785.038989563,21376602.09845144,1987609.931557085,camacari-ISSQN,camacari,ISSQN
2023-06-01,2023-06-01,5,2023-11-01,25611611.938634984,20537031.925049935,1987609.931557085,camacari-ISSQN,camacari,ISSQN
2023-06-01,2023-06-01,6,2023-12-01,23583900.23543129,23147851.241274226,1987609.931557085,camacari-ISSQN,camacari,ISSQN
2023-06-01,2023-06-01,7,2024-01-01,22986387.186458543,26036635.34310516,1987609.931557085,camacari-ISSQN,camacari,ISSQN
2023-06-01,2023-06-01,8,2024-02-01,23872500.478948027,19733437.59957391,1987609.931557085,camacari-ISSQN,camacari,ISSQN
2023-06-01,2023-06-01,9,2024-03-01,21240482.31230949,20200689.398537472,1987609.931557085,camacari-ISSQN,camacari,ISSQN
2023-06-01,2023-06-01,10,2024-04-01,22746532.296000022,20507574.950095482,1987609.931557085,camacari-ISSQN,camacari,ISSQN
2023-06-01,2023-06-01,11,2024-05-01,19444201.33987925,18849852.858746845,1987609.931557085,camacari-ISSQN,camacari,ISSQN
2023-06-01,2023-06-01,12,2024-06-01,16493090.02262242,19882736.232162222,1987609.931557085,camacari-ISSQN,camacari,ISSQN
2023-07-01,2023-07-01,1,2023-08-01,21575949.02090314,20642816.730731055,1995162.5076294306,camacari-ISSQN,camacari,ISSQN
2023-07-01,2023-07-01,2,2023-09-01,20002492.205724116,22183518.56095196,1995162.5076294306,camacari-ISSQN,camacari,ISSQN
2023-07-01,2023-07-01,3,2023-10-01,20505785.038989563,21822289.697832834,1995162.5076294306,camacari-ISSQN,camacari,ISSQN
2023-07-01,2023-07-01,4,2023-11-01,25611611.938634984,21529324.01116742,1995162.5076294306,camacari-ISSQN,camacari,ISSQN
2023-07-01,2023-07-01,5,2023-12-01,23583900.23543129,23722446.655508652,1995162.5076294306,camacari-ISSQN,camacari,ISSQN
2023-07-01,2023-07-01,6,2024-01-01,22986387.186458543,26689962.360980283,1995162.5076294306,camacari-ISSQN,camacari,ISSQN
2023-07-01,2023-07-01,7,2024-02-01,23872500.478948027,19883884.948529378,1995162.5076294306,camacari-ISSQN,camacari,ISSQN
2023-07-01,2023-07-01,8,2024-03-01,21240482.31230949,20435377.77215616,1995162.5076294306,camacari-ISSQN,camacari,ISSQN
2023-07-01,2023-07-01,9,2024-04-01,22746532.296000022,20684336.21916687,1995162.5076294306,camacari-ISSQN,camacari,ISSQN
2023-07-01,2023-07-01,10,2024-05-01,19444201.33987925,19040806.91987073,1995162.5076294306,camacari-ISSQN,camacari,ISSQN
2023-07-01,2023-07-01,11,2024-06-01,16493090.02262242,20085548.540448107,1995162.5076294306,camacari-ISSQN,camacari,ISSQN
2023-07-01,2023-07-01,12,2024-07-01,19435833.10529593,20595625.397465844,1995162.5076294306,camacari-ISSQN,camacari,ISSQN
2023-08-01,2023-08-01,1,2023-09-01,20002492.205724116,22125471.163652748,1994541.0141305204,camacari-ISSQN,camacari,ISSQN
2023-08-01,2023-08-01,2,2023-10-01,20505785.038989563,21765219.504742682,1994541.0141305204,camacari-ISSQN,camacari,ISSQN
2023-08-01,2023-08-01,3,2023-11-01,25611611.938634984,21535763.060895648,1994541.0141305204,camacari-ISSQN,camacari,ISSQN
2023-08-01,2023-08-01,4,2023-12-01,23583900.23543129,23968137.42421199,1994541.0141305204,camacari-ISSQN,camacari,ISSQN
2023-08-01,2023-08-01,5,2024-01-01,22986387.186458543,26576067.654361807,1994541.0141305204,camacari-ISSQN,camacari,ISSQN
2023-08-01,2023-08-01,6,2024-02-01,23872500.478948027,20049482.886156406,1994541.0141305204,camacari-ISSQN,camacari,ISSQN
2023-08-01,2023-08-01,7,2024-03-01,21240482.31230949,20509215.52613554,1994541.0141305204,camacari-ISSQN,camacari,ISSQN
2023-08-01,2023-08-01,8,2024-04-01,22746532.296000022,20652602.05936176,1994541.0141305204,camacari-ISSQN,camacari,ISSQN
2023-08-01,2023-08-01,9,2024-05-01,19444201.33987925,19254667.91854122,1994541.0141305204,camacari-ISSQN,camacari,ISSQN
2023-08-01,2023-08-01,10,2024-06-01,16493090.02262242,20118973.270013,1994541.0141305204,camacari-ISSQN,camacari,ISSQN
2023-08-01,2023-08-01,11,2024-07-01,19435833.10529593,20892871.834947176,1994541.0141305204,camacari-ISSQN,camacari,ISSQN
2023-08-01,2023-08-01,12,2024-08-01,19835674.60459411,21292133.532018084,1994541.0141305204,camacari-ISSQN,camacari,ISSQN
2023-09-01,2023-09-01,1,2023-10-01,20505785.038989563,21197942.31089052,1987371.8992191309,camacari-ISSQN,camacari,ISSQN
2023-09-01,2023-09-01,2,2023-11-01,25611611.938634984,20416815.95530949,1987371.8992191309,camacari-ISSQN,camacari,ISSQN
2023-09-01,2023-09-01,3,2023-12-01,23583900.23543129,22985324.44040911,1987371.8992191309,camacari-ISSQN,camacari,ISSQN
2023-09-01,2023-09-01,4,2024-01-01,22986387.186458543,25721578.05766065,1987371.8992191309,camacari-ISSQN,camacari,ISSQN
2023-09-01,2023-09-01,5,2024-02-01,23872500.478948027,19424772.357665133,1987371.8992191309,camacari-ISSQN,camacari,ISSQN
2023-09-01,2023-09-01,6,2024-03-01,21240482.31230949,19803576.66902635,1987371.8992191309,camacari-ISSQN,camacari,ISSQN
2023-09-01,2023-09-01,7,2024-04-01,22746532.296000022,20211537.767424516,1987371.8992191309,camacari-ISSQN,camacari,ISSQN
2023-09-01,2023-09-01,8,2024-05-01,19444201.33987925,18613544.101793613,1987371.8992191309,camacari-ISSQN,camacari,ISSQN
2023-09-01,2023-09-01,9,2024-06-01,16493090.02262242,19625474.84146655,1987371.8992191309,camacari-ISSQN,camacari,ISSQN
2023-09-01,2023-09-01,10,2024-07-01,19435833.10529593,20257441.206678387,1987371.8992191309,camacari-ISSQN,camacari,ISSQN
2023-09-01,2023-09-01,11,2024-08-01,19835674.60459411,20469900.282424547,1987371.8992191309,camacari-ISSQN,camacari,ISSQN
2023-09-01,2023-09-01,12,2024-09-01,17906349.079996813,21208364.20383617,1987371.8992191309,camacari-ISSQN,camacari,ISSQN
2023-10-01,2023-10-01,1,2023-11-01,25611611.938634984,20086296.7672321,1966836.5920636822,camacari-ISSQN,camacari,ISSQN
2023-10-01,2023-10-01,2,2023-12-01,23583900.23543129,23142529.67997988,1966836.5920636822,camacari-ISSQN,camacari,ISSQN
2023-10-01,2023-10-01,3,2024-01-01,22986387.186458543,25893426.03315271,1966836.5920636822,camacari-ISSQN,camacari,ISSQN
2023-10-01,2023-10-01,4,2024-02-01,23872500.478948027,19338946.965356722,1966836.5920636822,camacari-ISSQN,camacari,ISSQN
2023-10-01,2023-10-01,5,2024-03-01,21240482.31230949,19831430.440579083,1966836.5920636822,camacari-ISSQN,camacari,ISSQN
2023-10-01,2023-10-01,6,2024-04-01,22746532.296000022,20116574.371701732,1966836.5920636822,camacari-ISSQN,camacari,ISSQN
2023-10-01,2023-10-01,7,2024-05-01,19444201.33987925,18620329.863928013,1966836.5920636822,camacari-ISSQN,camacari,ISSQN
2023-10-01,2023-10-01,8,2024-06-01,16493090.02262242,19651947.956773043,1966836.5920636822,camacari-ISSQN,camacari,ISSQN
2023-10-01,2023-10-01,9,2024-07-01,19435833.10529593,20182398.813496966,1966836.5920636822,camacari-ISSQN,camacari,ISSQN
2023-10-01,2023-10-01,10,2024-08-01,19835674.60459411,20236595.75013555,1966836.5920636822,camacari-ISSQN,camacari,ISSQN
2023-10-01,2023-10-01,11,2024-09-01,17906349.079996813,21005241.921433106,1966836.5920636822,camacari-ISSQN,camacari,ISSQN
2023-10-01,2023-10-01,12,2024-10-01,20102987.31695594,20834908.171517562,1966836.5920636822,camacari-ISSQN,camacari,ISSQN
2023-11-01,2023-11-01,1,2023-12-01,23583900.23543129,24697570.714207508,1990281.8433552582,camacari-ISSQN,camacari,ISSQN
2023-11-01,2023-11-01,2,2024-01-01,22986387.186458543,27354281.800529327,1990281.8433552582,camacari-ISSQN,camacari,ISSQN
2023-11-01,2023-11-01,3,2024-02-01,23872500.478948027,20491802.289088726,1990281.8433552582,camacari-ISSQN,camacari,ISSQN
2023-11-01,2023-11-01,4,2024-03-01,21240482.31230949,21068414.375133038,1990281.8433552582,camacari-ISSQN,camacari,ISSQN
2023-11-01,2023-11-01,5,2024-04-01,22746532.296000022,21176375.874046538,1990281.8433552582,camacari-ISSQN,camacari,ISSQN
2023-11-01,2023-11-01,6,2024-05-01,19444201.33987925,19566878.22755335,1990281.8433552582,camacari-ISSQN,camacari,ISSQN
2023-11-01,2023-11-01,7,2024-06-01,16493090.02262242,20867898.62387143,1990281.8433552582,camacari-ISSQN,camacari,ISSQN
2023-11-01,2023-11-01,8,2024-07-01,19435833.10529593,21406504.01701681,1990281.8433552582,camacari-ISSQN,camacari,ISSQN
2023-11-01,2023-11-01,9,2024-08-01,19835674.60459411,21742247.0149674,1990281.8433552582,camacari-ISSQN,camacari,ISSQN
2023-11-01,2023-11-01,10,2024-09-01,17906349.079996813,22898794.926642284,1990281.8433552582,camacari-ISSQN,camacari,ISSQN
2023-11-01,2023-11-01,11,2024-10-01,20102987.31695594,22434288.146324527,1990281.8433552582,camacari-ISSQN,camacari,ISSQN
2023-11-01,2023-11-01,12,2024-11-01,23924007.188177645,22464721.681788545,1990281.8433552582,camacari-ISSQN,camacari,ISSQN
2023-12-01,2023-12-01,1,2024-01-01,22986387.186458543,26865861.350522216,1984678.3916945036,camacari-ISSQN,camacari,ISSQN
2023-12-01,2023-12-01,2,2024-02-01,23872500.478948027,20230534.170432765,1984678.3916945036,camacari-ISSQN,camacari,ISSQN
2023-12-01,2023-12-01,3,2024-03-01,21240482.31230949,20710361.007535126,1984678.3916945036,camacari-ISSQN,camacari,ISSQN
2023-12-01,2023-12-01,4,2024-04-01,22746532.296000022,21016877.380747568,1984678.3916945036,camacari-ISSQN,camacari,ISSQN
2023-12-01,2023-12-01,5,2024-05-01,19444201.33987925,19400641.323408637,1984678.3916945036,camacari-ISSQN,camacari,ISSQN
2023-12-01,2023-12-01,6,2024-06-01,16493090.02262242,20452699.34889472,1984678.3916945036,camacari-ISSQN,camacari,ISSQN
2023-12-01,2023-12-01,7,2024-07-01,19435833.10529593,21080808.605955932,1984678.3916945036,camacari-ISSQN,camacari,ISSQN
2023-12-01,2023-12-01,8,2024-08-01,19835674.60459411,21382617.23852758,1984678.3916945036,camacari-ISSQN,camacari,ISSQN
2023-12-01,2023-12-01,9,2024-09-01,17906349.079996813,22285415.651363537,1984678.3916945036,camacari-ISSQN,camacari,ISSQN
2023-12-01,2023-12-01,10,2024-10-01,20102987.31695594,22098818.58507324,1984678.3916945036,camacari-ISSQN,camacari,ISSQN
2023-12-01,2023-12-01,11,2024-11-01,23924007.188177645,22374220.98880818,1984678.3916945036,camacari-ISSQN,camacari,ISSQN
2023-12-01,2023-12-01,12,2024-12-01,23738153.513783302,24196980.507661775,1984678.3916945036,camacari-ISSQN,camacari,ISSQN
2024-01-01,2024-01-01,1,2024-02-01,23872500.478948027,19187120.404452097,2027836.3182868634,camacari-ISSQN,camacari,ISSQN
2024-01-01,2024-01-01,2,2024-03-01,21240482.31230949,19796891.679736756,2027836.3182868634,camacari-ISSQN,camacari,ISSQN
2024-01-01,2024-01-01,3,2024-04-01,22746532.296000022,20063104.478760496,2027836.3182868634,camacari-ISSQN,camacari,ISSQN
2024-01-01,2024-01-01,4,2024-05-01,19444201.33987925,18388097.816252712,2027836.3182868634,camacari-ISSQN,camacari,ISSQN
2024-01-01,2024-01-01,5,2024-06-01,16493090.02262242,19522435.27833123,2027836.3182868634,camacari-ISSQN,camacari,ISSQN
2024-01-01,2024-01-01,6,2024-07-01,19435833.10529593,20168960.50815633,2027836.3182868634,camacari-ISSQN,camacari,ISSQN
2024-01-01,2024-01-01,7,2024-08-01,19835674.60459411,20525152.788438234,2027836.3182868634,camacari-ISSQN,camacari,ISSQN
2024-01-01,2024-01-01,8,2024-09-01,17906349.079996813,21170039.428337686,2027836.3182868634,camacari-ISSQN,camacari,ISSQN
2024-01-01,2024-01-01,9,2024-10-01,20102987.31695594,21180507.88275199,2027836.3182868634,camacari-ISSQN,camacari,ISSQN
2024-01-01,2024-01-01,10,2024-11-01,23924007.188177645,20945911.315581426,2027836.3182868634,camacari-ISSQN,camacari,ISSQN
2024-01-01,2024-01-01,11,2024-12-01,23738153.513783302,22931907.117691565,2027836.3182868634,camacari-ISSQN,camacari,ISSQN
2024-01-01,2024-01-01,12,2025-01-01,23623568.323823698,25303369.34931588,2027836.3182868634,camacari-ISSQN,camacari,ISSQN
2024-02-01,2024-02-01,1,2024-03-01,21240482.31230949,21001148.088602338,2058349.9900840071,camacari-ISSQN,camacari,ISSQN
2024-02-01,2024-02-01,2,2024-04-01,22746532.296000022,21434817.42082285,2058349.9900840071,camacari-ISSQN,camacari,ISSQN
2024-02-01,2024-02-01,3,2024-05-01,19444201.33987925,19853716.188883558,2058349.9900840071,camacari-ISSQN,camacari,ISSQN
2024-02-01,2024-02-01,4,2024-06-01,16493090.02262242,20904600.860227186,2058349.9900840071,camacari-ISSQN,camacari,ISSQN
2024-02-01,2024-02-01,5,2024-07-01,19435833.10529593,21240721.771314904,2058349.9900840071,camacari-ISSQN,camacari,ISSQN
2024-02-01,2024-02-01,6,2024-08-01,19835674.60459411,21579020.893967144,2058349.9900840071,camacari-ISSQN,camacari,ISSQN
2024-02-01,2024-02-01,7,2024-09-01,17906349.079996813,22504619.70246723,2058349.9900840071,camacari-ISSQN,camacari,ISSQN
2024-02-01,2024-02-01,8,2024-10-01,20102987.31695594,22319905.856731404,2058349.9900840071,camacari-ISSQN,camacari,ISSQN
2024-02-01,2024-02-01,9,2024-11-01,23924007.188177645,22807878.681096956,2058349.9900840071,camacari-ISSQN,camacari,ISSQN
2024-02-01,2024-02-01,10,2024-12-01,23738153.513783302,24549267.115823828,2058349.9900840071,camacari-ISSQN,camacari,ISSQN
2024-02-01,2024-02-01,11,2025-01-01,23623568.323823698,27152257.570032865,2058349.9900840071,camacari-ISSQN,camacari,ISSQN
2024-02-01,2024-02-01,12,2025-02-01,20422464.894915722,20990859.066808816,2058349.9900840071,camacari-ISSQN,camacari,ISSQN
2024-03-01,2024-03-01,1,2024-04-01,22746532.296000022,21543779.173190854,2048032.2708684506,camacari-ISSQN,camacari,ISSQN
2024-03-01,2024-03-01,2,2024-05-01,19444201.33987925,19856912.349940896,2048032.2708684506,camacari-ISSQN,camacari,ISSQN
2024-03-01,2024-03-01,3,2024-06-01,16493090.02262242,21093242.284088843,2048032.2708684506,camacari-ISSQN,camacari,ISSQN
2024-03-01,2024-03-01,4,2024-07-01,19435833.10529593,21744331.389600992,2048032.2708684506,camacari-ISSQN,camacari,ISSQN
2024-03-01,2024-03-01,5,2024-08-01,19835674.60459411,21808513.803747065,2048032.2708684506,camacari-ISSQN,camacari,ISSQN
2024-03-01,2024-03-01,6,2024-09-01,17906349.079996813,22718579.291034713,2048032.2708684506,camacari-ISSQN,camacari,ISSQN
2024-03-01,2024-03-01,7,2024-10-01,20102987.31695594,22552175.00097102,2048032.2708684506,camacari-ISSQN,camacari,ISSQN
2024-03-01,2024-03-01,8,2024-11-01,23924007.188177645,22296451.338026617,2048032.2708684506,camacari-ISSQN,camacari,ISSQN
2024-03-01,2024-03-01,9,2024-12-01,23738153.513783302,24634845.49255258,2048032.2708684506,camacari-ISSQN,camacari,ISSQN
2024-03-01,2024-03-01,10,2025-01-01,23623568.323823698,27044611.1039252,2048032.2708684506,camacari-ISSQN,camacari,ISSQN
2024-03-01,2024-03-01,11,2025-02-01,20422464.894915722,21001792.93819131,2048032.2708684506,camacari-ISSQN,camacari,ISSQN
2024-03-01,2024-03-01,12,2025-03-01,19211250.317555815,21252609.596821785,2048032.2708684506,camacari-ISSQN,camacari,ISSQN
2024-04-01,2024-04-01,1,2024-05-01,19444201.33987925,20117213.568732817,2030837.4013924408,camacari-ISSQN,camacari,ISSQN
2024-04-01,2024-04-01,2,2024-06-01,16493090.02262242,21265294.89951967,2030837.4013924408,camacari-ISSQN,camacari,ISSQN
2024-04-01,2024-04-01,3,2024-07-01,19435833.10529593,21993171.817372233,2030837.4013924408,camacari-ISSQN,camacari,ISSQN
2024-04-01,2024-04-01,4,2024-08-01,19835674.60459411,22086478.179779626,2030837.4013924408,camacari-ISSQN,camacari,ISSQN
2024-04-01,2024-04-01,5,2024-09-01,17906349.079996813,22975154.302045878,2030837.4013924408,camacari-ISSQN,camacari,ISSQN
2024-04-01,2024-04-01,6,2024-10-01,20102987.31695594,22473395.839441754,2030837.4013924408,camacari-ISSQN,camacari,ISSQN
2024-04-01,2024-04-01,7,2024-11-01,23924007.188177645,23373746.589271605,2030837.4013924408,camacari-ISSQN,camacari,ISSQN
2024-04-01,2024-04-01,8,2024-12-01,23738153.513783302,24930616.270888813,2030837.4013924408,camacari-ISSQN,camacari,ISSQN
2024-04-01,2024-04-01,9,2025-01-01,23623568.323823698,27542598.50478547,2030837.4013924408,camacari-ISSQN,camacari,ISSQN
2024-04-01,2024-04-01,10,2025-02-01,20422464.894915722,21351873.616623487,2030837.4013924408,camacari-ISSQN,camacari,ISSQN
2024-04-01,2024-04-01,11,2025-03-01,19211250.317555815,21546617.12998393,2030837.4013924408,camacari-ISSQN,camacari,ISSQN
2024-04-01,2024-04-01,12,2025-04-01,20064010.88338034,22003425.242043506,2030837.4013924408,camacari-ISSQN,camacari,ISSQN
2024-05-01,2024-05-01,1,2024-06-01,16493090.02262242,21142902.314873345,2021919.7643800972,camacari-ISSQN,camacari,ISSQN
2024-05-01,2024-05-01,2,2024-07-01,19435833.10529593,21272139.451079004,2021919.7643800972,camacari-ISSQN,camacari,ISSQN
2024-05-01,2024-05-01,3,2024-08-01,19835674.60459411,22112963.52390629,2021919.7643800972,camacari-ISSQN,camacari,ISSQN
2024-05-01,2024-05-01,4,2024-09-01,17906349.079996813,22497233.350671325,2021919.7643800972,camacari-ISSQN,camacari,ISSQN
2024-05-01,2024-05-01,5,2024-10-01,20102987.31695594,21449400.532097705,2021919.7643800972,camacari-ISSQN,camacari,ISSQN
2024-05-01,2024-05-01,6,2024-11-01,23924007.188177645,22548632.711033024,2021919.7643800972,camacari-ISSQN,camacari,ISSQN
2024-05-01,2024-05-01,7,2024-12-01,23738153.513783302,24205402.837954614,2021919.7643800972,camacari-ISSQN,camacari,ISSQN
2024-05-01,2024-05-01,8,2025-01-01,23623568.323823698,27044591.91105993,2021919.7643800972,camacari-ISSQN,camacari,ISSQN
2024-05-01,2024-05-01,9,2025-02-01,20422464.894915722,21204003.064941693,2021919.7643800972,camacari-ISSQN,camacari,ISSQN
2024-05-01,2024-05-01,10,2025-03-01,19211250.317555815,21228120.12949447,2021919.7643800972,camacari-ISSQN,camacari,ISSQN
2024-05-01,2024-05-01,11,2025-04-01,20064010.88338034,21574322.05678595,2021919.7643800972,camacari-ISSQN,camacari,ISSQN
2024-05-01,2024-05-01,12,2025-05-01,23108414.164161336,19991176.04587124,2021919.7643800972,camacari-ISSQN,camacari,ISSQN
2024-06-01,2024-06-01,1,2024-07-01,19435833.10529593,19898750.726058573,2028011.506186054,camacari-ISSQN,camacari,ISSQN
2024-06-01,2024-06-01,2,2024-08-01,19835674.60459411,20621486.850116998,2028011.506186054,camacari-ISSQN,camacari,ISSQN
2024-06-01,2024-06-01,3,2024-09-01,17906349.079996813,21273815.38011049,2028011.506186054,camacari-ISSQN,camacari,ISSQN
2024-06-01,2024-06-01,4,2024-10-01,20102987.31695594,21012225.724274933,2028011.506186054,camacari-ISSQN,camacari,ISSQN
2024-06-01,2024-06-01,5,2024-11-01,23924007.188177645,21214380.7913974,2028011.506186054,camacari-ISSQN,camacari,ISSQN
2024-06-01,2024-06-01,6,2024-12-01,23738153.513783302,22945818.55849131,2028011.506186054,camacari-ISSQN,camacari,ISSQN
2024-06-01,2024-06-01,7,2025-01-01,23623568.323823698,25295198.495939024,2028011.506186054,camacari-ISSQN,camacari,ISSQN
2024-06-01,2024-06-01,8,2025-02-01,20422464.894915722,19555289.435593348,2028011.506186054,camacari-ISSQN,camacari,ISSQN
2024-06-01,2024-06-01,9,2025-03-01,19211250.317555815,19755522.761291966,2028011.506186054,camacari-ISSQN,camacari,ISSQN
2024-06-01,2024-06-01,10,2025-04-01,20064010.88338034,20144403.895310637,2028011.506186054,camacari-ISSQN,camacari,ISSQN
2024-06-01,2024-06-01,11,2025-05-01,23108414.164161336,18523086.82518128,2028011.506186054,camacari-ISSQN,camacari,ISSQN
2024-06-01,2024-06-01,12,2025-06-01,25608048.4628075,19127127.83210691,2028011.506186054,camacari-ISSQN,camacari,ISSQN
2024-07-01,2024-07-01,1,2024-08-01,19835674.60459411,20178823.208085284,2023864.217467226,camacari-ISSQN,camacari,ISSQN
2024-07-01,2024-07-01,2,2024-09-01,17906349.079996813,20896833.64194955,2023864.217467226,camacari-ISSQN,camacari,ISSQN
2024-07-01,2024-07-01,3,2024-10-01,20102987.31695594,20770230.943678144,2023864.217467226,camacari-ISSQN,camacari,ISSQN
2024-07-01,2024-07-01,4,2024-11-01,23924007.188177645,20826162.19225753,2023864.217467226,camacari-ISSQN,camacari,ISSQN
2024-07-01,2024-07-01,5,2024-12-01,23738153.513783302,22470402.87876025,2023864.217467226,camacari-ISSQN,camacari,ISSQN
2024-07-01,2024-07-01,6,2025-01-01,23623568.323823698,24777185.908922836,2023864.217467226,camacari-ISSQN,camacari,ISSQN
2024-07-01,2024-07-01,7,2025-02-01,20422464.894915722,19314903.091877457,2023864.217467226,camacari-ISSQN,camacari,ISSQN
2024-07-01,2024-07-01,8,2025-03-01,19211250.317555815,19529408.082616284,2023864.217467226,camacari-ISSQN,camacari,ISSQN
2024-07-01,2024-07-01,9,2025-04-01,20064010.88338034,19971942.37845726,2023864.217467226,camacari-ISSQN,camacari,ISSQN
2024-07-01,2024-07-01,10,2025-05-01,23108414.164161336,18266589.49081139,2023864.217467226,camacari-ISSQN,camacari,ISSQN
2024-07-01,2024-07-01,11,2025-06-01,25608048.4628075,18821787.83816229,2023864.217467226,camacari-ISSQN,camacari,ISSQN
2024-07-01,2024-07-01,12,2025-07-01,21995204.621536642,19687668.96625005,2023864.217467226,camacari-ISSQN,camacari,ISSQN
2024-08-01,2024-08-01,1,2024-09-01,17906349.079996813,20733091.496221367,2021137.3924560896,camacari-ISSQN,camacari,ISSQN
2024-08-01,2024-08-01,2,2024-10-01,20102987.31695594,20657009.869392805,2021137.3924560896,camacari-ISSQN,camacari,ISSQN
2024-08-01,2024-08-01,3,2024-11-01,23924007.188177645,21099889.257399842,2021137.3924560896,camacari-ISSQN,camacari,ISSQN
2024-08-01,2024-08-01,4,2024-12-01,23738153.513783302,22753657.804126143,2021137.3924560896,camacari-ISSQN,camacari,ISSQN
2024-08-01,2024-08-01,5,2025-01-01,23623568.323823698,24987960.238228682,2021137.3924560896,camacari-ISSQN,camacari,ISSQN
2024-08-01,2024-08-01,6,2025-02-01,20422464.894915722,19431227.19181921,2021137.3924560896,camacari-ISSQN,camacari,ISSQN
2024-08-01,2024-08-01,7,2025-03-01,19211250.317555815,19595553.512053862,2021137.3924560896,camacari-ISSQN,camacari,ISSQN
2024-08-01,2024-08-01,8,2025-04-01,20064010.88338034,19919264.284256846,2021137.3924560896,camacari-ISSQN,camacari,ISSQN
2024-08-01,2024-08-01,9,2025-05-01,23108414.164161336,18259517.58517164,2021137.3924560896,camacari-ISSQN,camacari,ISSQN
2024-08-01,2024-08-01,10,2025-06-01,25608048.4628075,18797070.32710696,2021137.3924560896,camacari-ISSQN,camacari,ISSQN
2024-08-01,2024-08-01,11,2025-07-01,21995204.621536642,19659190.37273985,2021137.3924560896,camacari-ISSQN,camacari,ISSQN
2024-08-01,2024-08-01,12,2025-08-01,21128408.23347808,19874942.780456528,2021137.3924560896,camacari-ISSQN,camacari,ISSQN
2024-09-01,2024-09-01,1,2024-10-01,20102987.31695594,19575602.89537183,2021851.7327729582,camacari-ISSQN,camacari,ISSQN
2024-09-01,2024-09-01,2,2024-11-01,23924007.188177645,20035888.367513314,2021851.7327729582,camacari-ISSQN,camacari,ISSQN
2024-09-01,2024-09-01,3,2024-12-01,23738153.513783302,21842643.60201666,2021851.7327729582,camacari-ISSQN,camacari,ISSQN
2024-09-01,2024-09-01,4,2025-01-01,23623568.323823698,23927730.22637385,2021851.7327729582,camacari-ISSQN,camacari,ISSQN
2024-09-01,2024-09-01,5,2025-02-01,20422464.894915722,18559769.9403862,2021851.7327729582,camacari-ISSQN,camacari,ISSQN
2024-09-01,2024-09-01,6,2025-03-01,19211250.317555815,19002793.60821529,2021851.7327729582,camacari-ISSQN,camacari,ISSQN
2024-09-01,2024-09-01,7,2025-04-01,20064010.88338034,19169508.960986104,2021851.7327729582,camacari-ISSQN,camacari,ISSQN
2024-09-01,2024-09-01,8,2025-05-01,23108414.164161336,17497587.473401126,2021851.7327729582,camacari-ISSQN,camacari,ISSQN
2024-09-01,2024-09-01,9,2025-06-01,25608048.4628075,18078748.182455372,2021851.7327729582,camacari-ISSQN,camacari,ISSQN
2024-09-01,2024-09-01,10,2025-07-01,21995204.621536642,18882061.27348256,2021851.7327729582,camacari-ISSQN,camacari,ISSQN
2024-09-01,2024-09-01,11,2025-08-01,21128408.23347808,18921745.879129972,2021851.7327729582,camacari-ISSQN,camacari,ISSQN
2024-09-01,2024-09-01,12,2025-09-01,24511070.04857661,19411765.044339582,2021851.7327729582,camacari-ISSQN,camacari,ISSQN
2024-10-01,2024-10-01,1,2024-11-01,23924007.188177645,19850451.474832628,2006577.6383320212,camacari-ISSQN,camacari,ISSQN
2024-10-01,2024-10-01,2,2024-12-01,23738153.513783302,21807941.859490935,2006577.6383320212,camacari-ISSQN,camacari,ISSQN
2024-10-01,2024-10-01,3,2025-01-01,23623568.323823698,23978521.290122498,2006577.6383320212,camacari-ISSQN,camacari,ISSQN
2024-10-01,2024-10-01,4,2025-02-01,20422464.894915722,18582086.56753574,2006577.6383320212,camacari-ISSQN,camacari,ISSQN
2024-10-01,2024-10-01,5,2025-03-01,19211250.317555815,18927946.436681185,2006577.6383320212,camacari-ISSQN,camacari,ISSQN
2024-10-01,2024-10-01,6,2025-04-01,20064010.88338034,19159096.525969636,2006577.6383320212,camacari-ISSQN,camacari,ISSQN
2024-10-01,2024-10-01,7,2025-05-01,23108414.164161336,17527918.866293147,2006577.6383320212,camacari-ISSQN,camacari,ISSQN
2024-10-01,2024-10-01,8,2025-06-01,25608048.4628075,18129378.83579113,2006577.6383320212,camacari-ISSQN,camacari,ISSQN
2024-10-01,2024-10-01,9,2025-07-01,21995204.621536642,18908144.79892595,2006577.6383320212,camacari-ISSQN,camacari,ISSQN
2024-10-01,2024-10-01,10,2025-08-01,21128408.23347808,19201272.40833251,2006577.6383320212,camacari-ISSQN,camacari,ISSQN
2024-10-01,2024-10-01,11,2025-09-01,24511070.04857661,19726309.407087322,2006577.6383320212,camacari-ISSQN,camacari,ISSQN
2024-10-01,2024-10-01,12,2025-10-01,22282587.251372285,19715522.382890634,2006577.6383320212,camacari-ISSQN,camacari,ISSQN
2024-11-01,2024-11-01,1,2024-12-01,23738153.513783302,22975958.32197594,2003596.583305155,camacari-ISSQN,camacari,ISSQN
2024-11-01,2024-11-01,2,2025-01-01,23623568.323823698,25392128.00592473,2003596.583305155,camacari-ISSQN,camacari,ISSQN
2024-11-01,2024-11-01,3,2025-02-01,20422464.894915722,19814913.36842075,2003596.583305155,camacari-ISSQN,camacari,ISSQN
2024-11-01,2024-11-01,4,2025-03-01,19211250.317555815,19939762.007665027,2003596.583305155,camacari-ISSQN,camacari,ISSQN
2024-11-01,2024-11-01,5,2025-04-01,20064010.88338034,20164106.38261528,2003596.583305155,camacari-ISSQN,camacari,ISSQN
2024-11-01,2024-11-01,6,2025-05-01,23108414.164161336,18549338.757269353,2003596.583305155,camacari-ISSQN,camacari,ISSQN
2024-11-01,2024-11-01,7,2025-06-01,25608048.4628075,19151183.278790113,2003596.583305155,camacari-ISSQN,camacari,ISSQN
2024-11-01,2024-11-01,8,2025-07-01,21995204.621536642,19903819.725065228,2003596.583305155,camacari-ISSQN,camacari,ISSQN
2024-11-01,2024-11-01,9,2025-08-01,21128408.23347808,20022506.946669415,2003596.583305155,camacari-ISSQN,camacari,ISSQN
2024-11-01,2024-11-01,10,2025-09-01,24511070.04857661,20739384.767017487,2003596.583305155,camacari-ISSQN,camacari,ISSQN
2024-11-01,2024-11-01,11,2025-10-01,22282587.251372285,20677421.789430242,2003596.583305155,camacari-ISSQN,camacari,ISSQN
2024-11-01,2024-11-01,12,2025-11-01,25054929.950006504,21760043.272582717,2003596.583305155,camacari-ISSQN,camacari,ISSQN
2024-12-01,2024-12-01,1,2025-01-01,23623568.323823698,25729701.6491803,1986473.0341852186,camacari-ISSQN,camacari,ISSQN
2024-12-01,2024-12-01,2,2025-02-01,20422464.894915722,20133865.96176246,1986473.0341852186,camacari-ISSQN,camacari,ISSQN
2024-12-01,2024-12-01,3,2025-03-01,19211250.317555815,20151610.622942522,1986473.0341852186,camacari-ISSQN,camacari,ISSQN
2024-12-01,2024-12-01,4,2025-04-01,20064010.88338034,20621222.303042915,1986473.0341852186,camacari-ISSQN,camacari,ISSQN
2024-12-01,2024-12-01,5,2025-05-01,23108414.164161336,18857663.84037228,1986473.0341852186,camacari-ISSQN,camacari,ISSQN
2024-12-01,2024-12-01,6,2025-06-01,25608048.4628075,19393413.75705573,1986473.0341852186,camacari-ISSQN,camacari,ISSQN
2024-12-01,2024-12-01,7,2025-07-01,21995204.621536642,20341547.84614036,1986473.0341852186,camacari-ISSQN,camacari,ISSQN
2024-12-01,2024-12-01,8,2025-08-01,21128408.23347808,20464686.23306949,1986473.0341852186,camacari-ISSQN,camacari,ISSQN
2024-12-01,2024-12-01,9,2025-09-01,24511070.04857661,20880844.128557958,1986473.0341852186,camacari-ISSQN,camacari,ISSQN
2024-12-01,2024-12-01,10,2025-10-01,22282587.251372285,20829080.024257816,1986473.0341852186,camacari-ISSQN,camacari,ISSQN
2024-12-01,2024-12-01,11,2025-11-01,25054929.950006504,21616392.080619875,1986473.0341852186,camacari-ISSQN,camacari,ISSQN
2024-12-01,2024-12-01,12,2025-12-01,34645157.78,23545142.467133734,1986473.0341852186,camacari-ISSQN,camacari,ISSQN
2025-01-01,2025-01-01,1,2025-02-01,20422464.894915722,19261850.013819896,1974094.20944375,camacari-ISSQN,camacari,ISSQN
2025-01-01,2025-01-01,2,2025-03-01,19211250.317555815,19571995.088860672,1974094.20944375,camacari-ISSQN,camacari,ISSQN
2025-01-01,2025-01-01,3,2025-04-01,20064010.88338034,19955418.45148924,1974094.20944375,camacari-ISSQN,camacari,ISSQN
2025-01-01,2025-01-01,4,2025-05-01,23108414.164161336,18305979.86985394,1974094.20944375,camacari-ISSQN,camacari,ISSQN
2025-01-01,2025-01-01,5,2025-06-01,25608048.4628075,18817765.62824142,1974094.20944375,camacari-ISSQN,camacari,ISSQN
2025-01-01,2025-01-01,6,2025-07-01,21995204.621536642,19656398.555470545,1974094.20944375,camacari-ISSQN,camacari,ISSQN
2025-01-01,2025-01-01,7,2025-08-01,21128408.23347808,20024101.50658369,1974094.20944375,camacari-ISSQN,camacari,ISSQN
2025-01-01,2025-01-01,8,2025-09-01,24511070.04857661,20590016.891086433,1974094.20944375,camacari-ISSQN,camacari,ISSQN
2025-01-01,2025-01-01,9,2025-10-01,22282587.251372285,20287976.1254315,1974094.20944375,camacari-ISSQN,camacari,ISSQN
2025-01-01,2025-01-01,10,2025-11-01,25054929.950006504,21283590.402118046,1974094.20944375,camacari-ISSQN,camacari,ISSQN
2025-01-01,2025-01-01,11,2025-12-01,34645157.78,22785456.662607096,1974094.20944375,camacari-ISSQN,camacari,ISSQN
2025-02-01,2025-02-01,1,2025-03-01,19211250.317555815,19631060.136708047,1987511.858303646,camacari-ISSQN,camacari,ISSQN
2025-02-01,2025-02-01,2,2025-04-01,20064010.88338034,20345985.42039116,1987511.858303646,camacari-ISSQN,camacari,ISSQN
2025-02-01,2025-02-01,3,2025-05-01,23108414.164161336,18619470.370599456,1987511.858303646,camacari-ISSQN,camacari,ISSQN
2025-02-01,2025-02-01,4,2025-06-01,25608048.4628075,19279450.575128153,1987511.858303646,camacari-ISSQN,camacari,ISSQN
2025-02-01,2025-02-01,5,2025-07-01,21995204.621536642,20100485.795168176,1987511.858303646,camacari-ISSQN,camacari,ISSQN
2025-02-01,2025-02-01,6,2025-08-01,21128408.23347808,20109932.1645768,1987511.858303646,camacari-ISSQN,camacari,ISSQN
2025-02-01,2025-02-01,7,2025-09-01,24511070.04857661,20990396.514179837,1987511.858303646,camacari-ISSQN,camacari,ISSQN
2025-02-01,2025-02-01,8,2025-10-01,22282587.251372285,20678673.093815528,1987511.858303646,camacari-ISSQN,camacari,ISSQN
2025-02-01,2025-02-01,9,2025-11-01,25054929.950006504,21537856.911459006,1987511.858303646,camacari-ISSQN,camacari,ISSQN
2025-02-01,2025-02-01,10,2025-12-01,34645157.78,23163611.60846359,1987511.858303646,camacari-ISSQN,camacari,ISSQN
2025-03-01,2025-03-01,1,2025-04-01,20064010.88338034,20328762.12405347,1987887.7153887814,camacari-ISSQN,camacari,ISSQN
2025-03-01,2025-03-01,2,2025-05-01,23108414.164161336,18406896.985178236,1987887.7153887814,camacari-ISSQN,camacari,ISSQN
2025-03-01,2025-03-01,3,2025-06-01,25608048.4628075,19121157.94419418,1987887.7153887814,camacari-ISSQN,camacari,ISSQN
2025-03-01,2025-03-01,4,2025-07-01,21995204.621536642,19926237.52524535,1987887.7153887814,camacari-ISSQN,camacari,ISSQN
2025-03-01,2025-03-01,5,2025-08-01,21128408.23347808,20072714.354070704,1987887.7153887814,camacari-ISSQN,camacari,ISSQN
2025-03-01,2025-03-01,6,2025-09-01,24511070.04857661,20298494.582722764,1987887.7153887814,camacari-ISSQN,camacari,ISSQN
2025-03-01,2025-03-01,7,2025-10-01,22282587.251372285,20348991.27913563,1987887.7153887814,camacari-ISSQN,camacari,ISSQN
2025-03-01,2025-03-01,8,2025-11-01,25054929.950006504,21621369.06135715,1987887.7153887814,camacari-ISSQN,camacari,ISSQN
2025-03-01,2025-03-01,9,2025-12-01,34645157.78,22973763.799974512,1987887.7153887814,camacari-ISSQN,camacari,ISSQN
2025-04-01,2025-04-01,1,2025-05-01,23108414.164161336,18382074.6351576,1994089.8019712004,camacari-ISSQN,camacari,ISSQN
2025-04-01,2025-04-01,2,2025-06-01,25608048.4628075,19050265.633764904,1994089.8019712004,camacari-ISSQN,camacari,ISSQN
2025-04-01,2025-04-01,3,2025-07-01,21995204.621536642,19802243.857294317,1994089.8019712004,camacari-ISSQN,camacari,ISSQN
2025-04-01,2025-04-01,4,2025-08-01,21128408.23347808,20209787.079685055,1994089.8019712004,camacari-ISSQN,camacari,ISSQN
2025-04-01,2025-04-01,5,2025-09-01,24511070.04857661,20009927.311827786,1994089.8019712004,camacari-ISSQN,camacari,ISSQN
2025-04-01,2025-04-01,6,2025-10-01,22282587.251372285,20783632.464228425,1994089.8019712004,camacari-ISSQN,camacari,ISSQN
2025-04-01,2025-04-01,7,2025-11-01,25054929.950006504,21207303.577926986,1994089.8019712004,camacari-ISSQN,camacari,ISSQN
2025-04-01,2025-04-01,8,2025-12-01,34645157.78,22838388.1335851,1994089.8019712004,camacari-ISSQN,camacari,ISSQN
2025-05-01,2025-05-01,1,2025-06-01,25608048.4628075,20324501.325337406,2008869.651726164,camacari-ISSQN,camacari,ISSQN
2025-05-01,2025-05-01,2,2025-07-01,21995204.621536642,21091913.034305256,2008869.651726164,camacari-ISSQN,camacari,ISSQN
2025-05-01,2025-05-01,3,2025-08-01,21128408.23347808,21326388.631501652,2008869.651726164,camacari-ISSQN,camacari,ISSQN
2025-05-01,2025-05-01,4,2025-09-01,24511070.04857661,21503608.739529226,2008869.651726164,camacari-ISSQN,camacari,ISSQN
2025-05-01,2025-05-01,5,2025-10-01,22282587.251372285,22032054.31084856,2008869.651726164,camacari-ISSQN,camacari,ISSQN
2025-05-01,2025-05-01,6,2025-11-01,25054929.950006504,22683617.808021083,2008869.651726164,camacari-ISSQN,camacari,ISSQN
2025-05-01,2025-05-01,7,2025-12-01,34645157.78,24406804.45027675,2008869.651726164,camacari-ISSQN,camacari,ISSQN
2025-06-01,2025-06-01,1,2025-07-01,21995204.621536642,23180627.314462665,2071203.763905628,camacari-ISSQN,camacari,ISSQN
2025-06-01,2025-06-01,2,2025-08-01,21128408.23347808,23369466.002468165,2071203.763905628,camacari-ISSQN,camacari,ISSQN
2025-06-01,2025-06-01,3,2025-09-01,24511070.04857661,23441191.752785277,2071203.763905628,camacari-ISSQN,camacari,ISSQN
2025-06-01,2025-06-01,4,2025-10-01,22282587.251372285,23935431.518625125,2071203.763905628,camacari-ISSQN,camacari,ISSQN
2025-06-01,2025-06-01,5,2025-11-01,25054929.950006504,24742614.07376239,2071203.763905628,camacari-ISSQN,camacari,ISSQN
2025-06-01,2025-06-01,6,2025-12-01,34645157.78,26701257.15197727,2071203.763905628,camacari-ISSQN,camacari,ISSQN
2025-07-01,2025-07-01,1,2025-08-01,21128408.23347808,22906735.887146197,2075448.7008824549,camacari-ISSQN,camacari,ISSQN
2025-07-01,2025-07-01,2,2025-09-01,24511070.04857661,23312507.19483202,2075448.7008824549,camacari-ISSQN,camacari,ISSQN
2025-07-01,2025-07-01,3,2025-10-01,22282587.251372285,23320865.27005023,2075448.7008824549,camacari-ISSQN,camacari,ISSQN
2025-07-01,2025-07-01,4,2025-11-01,25054929.950006504,24208115.116796494,2075448.7008824549,camacari-ISSQN,camacari,ISSQN
2025-07-01,2025-07-01,5,2025-12-01,34645157.78,26063798.721666057,2075448.7008824549,camacari-ISSQN,camacari,ISSQN
2025-08-01,2025-08-01,1,2025-09-01,24511070.04857661,22142970.211390816,2068701.1571583299,camacari-ISSQN,camacari,ISSQN
2025-08-01,2025-08-01,2,2025-10-01,22282587.251372285,22582076.995505597,2068701.1571583299,camacari-ISSQN,camacari,ISSQN
2025-08-01,2025-08-01,3,2025-11-01,25054929.950006504,23867611.579579946,2068701.1571583299,camacari-ISSQN,camacari,ISSQN
2025-08-01,2025-08-01,4,2025-12-01,34645157.78,25375814.373139065,2068701.1571583299,camacari-ISSQN,camacari,ISSQN
2025-09-01,2025-09-01,1,2025-10-01,22282587.251372285,23276541.06931007,2107470.5572559494,camacari-ISSQN,camacari,ISSQN
2025-09-01,2025-09-01,2,2025-11-01,25054929.950006504,24443559.475405596,2107470.5572559494,camacari-ISSQN,camacari,ISSQN
2025-09-01,2025-09-01,3,2025-12-01,34645157.78,26159561.076301157,2107470.5572559494,camacari-ISSQN,camacari,ISSQN
2025-10-01,2025-10-01,1,2025-11-01,25054929.950006504,23968505.862759102,2108081.823164088,camacari-ISSQN,camacari,ISSQN
2025-10-01,2025-10-01,2,2025-12-01,34645157.78,25714826.30485341,2108081.823164088,camacari-ISSQN,camacari,ISSQN
2025-11-01,2025-11-01,1,2025-12-01,34645157.78,26150374.273599513,2099870.402480599,camacari-ISSQN,camacari,ISSQN
2020-12-01,2020-12-01,1,2021-01-01,1795567.5947821462,1578991.822560681,953745.3597039464,ilheus-IPTU,ilheus,IPTU
2020-12-01,2020-12-01,2,2021-02-01,3299371.1233388623,4321332.28024722,953745.3597039464,ilheus-IPTU,ilheus,IPTU
2020-12-01,2020-12-01,3,2021-03-01,5552858.751004397,4966430.004925735,953745.3597039464,ilheus-IPTU,ilheus,IPTU
2020-12-01,2020-12-01,4,2021-04-01,6389822.232549553,4392964.813553248,953745.3597039464,ilheus-IPTU,ilheus,IPTU
2020-12-01,2020-12-01,5,2021-05-01,2697666.1907480466,3635820.6068631327,953745.3597039464,ilheus-IPTU,ilheus,IPTU
2020-12-01,2020-12-01,6,2021-06-01,2339335.1332101556,2091021.8128221831,953745.3597039464,ilheus-IPTU,ilheus,IPTU
2020-12-01,2020-12-01,7,2021-07-01,2272131.235213842,2131481.082957072,953745.3597039464,ilheus-IPTU,ilheus,IPTU
2020-12-01,2020-12-01,8,2021-08-01,2213100.429243627,2375754.694634188,953745.3597039464,ilheus-IPTU,ilheus,IPTU
2020-12-01,2020-12-01,9,2021-09-01,2623149.9363260926,1838106.9654118645,953745.3597039464,ilheus-IPTU,ilheus,IPTU
2020-12-01,2020-12-01,10,2021-10-01,1271908.2831416863,1991700.6013496874,953745.3597039464,ilheus-IPTU,ilheus,IPTU
2020-12-01,2020-12-01,11,2021-11-01,974523.3692654738,1832061.8846665828,953745.3597039464,ilheus-IPTU,ilheus,IPTU
2020-12-01,2020-12-01,12,2021-12-01,1072570.4015688638,1948697.1523724352,953745.3597039464,ilheus-IPTU,ilheus,IPTU
2021-01-01,2021-01-01,1,2021-02-01,3299371.1233388623,4421622.666475457,944553.3693287106,ilheus-IPTU,ilheus,IPTU
2021-01-01,2021-01-01,2,2021-03-01,5552858.751004397,5246394.673152373,944553.3693287106,ilheus-IPTU,ilheus,IPTU
2021-01-01,2021-01-01,3,2021-04-01,6389822.232549553,4475793.3309216285,944553.3693287106,ilheus-IPTU,ilheus,IPTU
2021-01-01,2021-01-01,4,2021-05-01,2697666.1907480466,4034681.830495462,944553.3693287106,ilheus-IPTU,ilheus,IPTU
2021-01-01,2021-01-01,5,2021-06-01,2339335.1332101556,2263625.8898185478,944553.3693287106,ilheus-IPTU,ilheus,IPTU
2021-01-01,2021-01-01,6,2021-07-01,2272131.235213842,2158198.333484323,944553.3693287106,ilheus-IPTU,ilheus,IPTU
2021-01-01,2021-01-01,7,2021-08-01,2213100.429243627,2427332.434143258,944553.3693287106,ilheus-IPTU,ilheus,IPTU
2021-01-01,2021-01-01,8,2021-09-01,2623149.9363260926,1941397.0097051414,944553.3693287106,ilheus-IPTU,ilheus,IPTU
2021-01-01,2021-01-01,9,2021-10-01,1271908.2831416863,2025911.2116587625,944553.3693287106,ilheus-IPTU,ilheus,IPTU
2021-01-01,2021-01-01,10,2021-11-01,974523.3692654738,1983984.6774870248,944553.3693287106,ilheus-IPTU,ilheus,IPTU
2021-01-01,2021-01-01,11,2021-12-01,1072570.4015688638,2241382.6695401524,944553.3693287106,ilheus-IPTU,ilheus,IPTU
2021-01-01,2021-01-01,12,2022-01-01,2343065.624318597,1850711.3100128481,944553.3693287106,ilheus-IPTU,ilheus,IPTU
2021-02-01,2021-02-01,1,2021-03-01,5552858.751004397,4988520.855034943,950325.8501224922,ilheus-IPTU,ilheus,IPTU
2021-02-01,2021-02-01,2,2021-04-01,6389822.232549553,4455157.127344157,950325.8501224922,ilheus-IPTU,ilheus,IPTU
2021-02-01,2021-02-01,3,2021-05-01,2697666.1907480466,3757548.3412342044,950325.8501224922,ilheus-IPTU,ilheus,IPTU
2021-02-01,2021-02-01,4,2021-06-01,2339335.1332101556,2127211.826319182,950325.8501224922,ilheus-IPTU,ilheus,IPTU
2021-02-01,2021-02-01,5,2021-07-01,2272131.235213842,2036597.8736406418,950325.8501224922,ilheus-IPTU,ilheus,IPTU
2021-02-01,2021-02-01,6,2021-08-01,2213100.429243627,2330482.5016603987,950325.8501224922,ilheus-IPTU,ilheus,IPTU
2021-02-01,2021-02-01,7,2021-09-01,2623149.9363260926,1806044.5731167977,950325.8501224922,ilheus-IPTU,ilheus,IPTU
2021-02-01,2021-02-01,8,2021-10-01,1271908.2831416863,1994900.085240939,950325.8501224922,ilheus-IPTU,ilheus,IPTU
2021-02-01,2021-02-01,9,2021-11-01,974523.3692654738,1824314.2675938215,950325.8501224922,ilheus-IPTU,ilheus,IPTU
2021-02-01,2021-02-01,10,2021-12-01,1072570.4015688638,1859859.5080420643,950325.8501224922,ilheus-IPTU,ilheus,IPTU
2021-02-01,2021-02-01,11,2022-01-01,2343065.624318597,1751742.273328392,950325.8501224922,ilheus-IPTU,ilheus,IPTU
2021-02-01,2021-02-01,12,2022-02-01,2250002.33291625,4538765.717336444,950325.8501224922,ilheus-IPTU,ilheus,IPTU
2021-03-01,2021-03-01,1,2021-04-01,6389822.232549553,4297223.990578286,971895.7524619619,ilheus-IPTU,ilheus,IPTU
2021-03-01,2021-03-01,2,2021-05-01,2697666.1907480466,3949393.0836701803,971895.7524619619,ilheus-IPTU,ilheus,IPTU
2021-03-01,2021-03-01,3,2021-06-01,2339335.1332101556,2242988.172990268,971895.7524619619,ilheus-IPTU,ilheus,IPTU
2021-03-01,2021-03-01,4,2021-07-01,2272131.235213842,2158406.2849031296,971895.7524619619,ilheus-IPTU,ilheus,IPTU
2021-03-01,2021-03-01,5,2021-08-01,2213100.429243627,2483514.666596332,971895.7524619619,ilheus-IPTU,ilheus,IPTU
2021-03-01,2021-03-01,6,2021-09-01,2623149.9363260926,1919211.8017501752,971895.7524619619,ilheus-IPTU,ilheus,IPTU
2021-03-01,2021-03-01,7,2021-10-01,1271908.2831416863,2118021.9896360235,971895.7524619619,ilheus-IPTU,ilheus,IPTU
2021-03-01,2021-03-01,8,2021-11-01,974523.3692654738,1964036.5458260092,971895.7524619619,ilheus-IPTU,ilheus,IPTU
2021-03-01,2021-03-01,9,2021-12-01,1072570.4015688638,2082599.2572424635,971895.7524619619,ilheus-IPTU,ilheus,IPTU
2021-03-01,2021-03-01,10,2022-01-01,2343065.624318597,1817354.003316414,971895.7524619619,ilheus-IPTU,ilheus,IPTU
2021-03-01,2021-03-01,11,2022-02-01,2250002.33291625,4331665.940059019,971895.7524619619,ilheus-IPTU,ilheus,IPTU
2021-03-01,2021-03-01,12,2022-03-01,4925305.417483921,5845185.596919432,971895.7524619619,ilheus-IPTU,ilheus,IPTU
2021-04-01,2021-04-01,1,2021-05-01,2697666.1907480466,4181801.426134028,1008483.884375433,ilheus-IPTU,ilheus,IPTU
2021-04-01,2021-04-01,2,2021-06-01,2339335.1332101556,2333661.439703107,1008483.884375433,ilheus-IPTU,ilheus,IPTU
2021-04-01,2021-04-01,3,2021-07-01,2272131.235213842,2153226.085385332,1008483.884375433,ilheus-IPTU,ilheus,IPTU
2021-04-01,2021-04-01,4,2021-08-01,2213100.429243627,2527549.555367724,1008483.884375433,ilheus-IPTU,ilheus,IPTU
2021-04-01,2021-04-01,5,2021-09-01,2623149.9363260926,1849415.7755307101,1008483.884375433,ilheus-IPTU,ilheus,IPTU
2021-04-01,2021-04-01,6,2021-10-01,1271908.2831416863,2123652.2558705714,1008483.884375433,ilheus-IPTU,ilheus,IPTU
2021-04-01,2021-04-01,7,2021-11-01,974523.3692654738,1951648.0120892636,1008483.884375433,ilheus-IPTU,ilheus,IPTU
2021-04-01,2021-04-01,8,2021-12-01,1072570.4015688638,2146188.4945716066,1008483.884375433,ilheus-IPTU,ilheus,IPTU
2021-04-01,2021-04-01,9,2022-01-01,2343065.624318597,1862628.8937350102,1008483.884375433,ilheus-IPTU,ilheus,IPTU
2021-04-01,2021-04-01,10,2022-02-01,2250002.33291625,4569281.280857507,1008483.884375433,ilheus-IPTU,ilheus,IPTU
2021-04-01,2021-04-01,11,2022-03-01,4925305.417483921,6097534.804826103,1008483.884375433,ilheus-IPTU,ilheus,IPTU
2021-04-01,2021-04-01,12,2022-04-01,8219106.086628274,5410986.862218924,1008483.884375433,ilheus-IPTU,ilheus,IPTU
2021-05-01,2021-05-01,1,2021-06-01,2339335.1332101556,2316609.6463165903,1004766.2318088748,ilheus-IPTU,ilheus,IPTU
2021-05-01,2021-05-01,2,2021-07-01,2272131.235213842,2297299.012439312,1004766.2318088748,ilheus-IPTU,ilheus,IPTU
2021-05-01,2021-05-01,3,2021-08-01,2213100.429243627,2419265.324125259,1004766.2318088748,ilheus-IPTU,ilheus,IPTU
2021-05-01,2021-05-01,4,2021-09-01,2623149.9363260926,1911628.9207433423,1004766.2318088748,ilheus-IPTU,ilheus,IPTU
2021-05-01,2021-05-01,5,2021-10-01,1271908.2831416863,2085116.3963589054,1004766.2318088748,ilheus-IPTU,ilheus,IPTU
2021-05-01,2021-05-01,6,2021-11-01,974523.3692654738,1961978.8319123078,1004766.2318088748,ilheus-IPTU,ilheus,IPTU
2021-05-01,2021-05-01,7,2021-12-01,1072570.4015688638,2046037.4957537546,1004766.2318088748,ilheus-IPTU,ilheus,IPTU
2021-05-01,2021-05-01,8,2022-01-01,2343065.624318597,1858898.3722681678,1004766.2318088748,ilheus-IPTU,ilheus,IPTU
2021-05-01,2021-05-01,9,2022-02-01,2250002.33291625,4460703.655893594,1004766.2318088748,ilheus-IPTU,ilheus,IPTU
2021-05-01,2021-05-01,10,2022-03-01,4925305.417483921,5997492.4574377,1004766.2318088748,ilheus-IPTU,ilheus,IPTU
2021-05-01,2021-05-01,11,2022-04-01,8219106.086628274,5423213.125837408,1004766.2318088748,ilheus-IPTU,ilheus,IPTU
2021-05-01,2021-05-01,12,2022-05-01,2431580.1184551804,4276832.92488639,1004766.2318088748,ilheus-IPTU,ilheus,IPTU
2021-06-01,2021-06-01,1,2021-07-01,2272131.235213842,2188271.913572649,1004986.782898596,ilheus-IPTU,ilheus,IPTU
2021-06-01,2021-06-01,2,2021-08-01,2213100.429243627,2375382.0523412037,1004986.782898596,ilheus-IPTU,ilheus,IPTU
2021-06-01,2021-06-01,3,2021-09-01,2623149.9363260926,1880740.7419716762,1004986.782898596,ilheus-IPTU,ilheus,IPTU
2021-06-01,2021-06-01,4,2021-10-01,1271908.2831416863,2107549.454432332,1004986.782898596,ilheus-IPTU,ilheus,IPTU
2021-06-01,2021-06-01,5,2021-11-01,974523.3692654738,1923413.403455003,1004986.782898596,ilheus-IPTU,ilheus,IPTU
2021-06-01,2021-06-01,6,2021-12-01,1072570.4015688638,2018840.905204655,1004986.782898596,ilheus-IPTU,ilheus,IPTU
2021-06-01,2021-06-01,7,2022-01-01,2343065.624318597,1841531.0651672662,1004986.782898596,ilheus-IPTU,ilheus,IPTU
2021-06-01,2021-06-01,8,2022-02-01,2250002.33291625,4934557.167061306,1004986.782898596,ilheus-IPTU,ilheus,IPTU
2021-06-01,2021-06-01,9,2022-03-01,4925305.417483921,5908563.119029663,1004986.782898596,ilheus-IPTU,ilheus,IPTU
2021-06-01,2021-06-01,10,2022-04-01,8219106.086628274,5363097.657624869,1004986.782898596,ilheus-IPTU,ilheus,IPTU
2021-06-01,2021-06-01,11,2022-05-01,2431580.1184551804,4219897.217344233,1004986.782898596,ilheus-IPTU,ilheus,IPTU
2021-06-01,2021-06-01,12,2022-06-01,2631240.8458854207,2662690.230664981,1004986.782898596,ilheus-IPTU,ilheus,IPTU
2021-07-01,2021-07-01,1,2021-08-01,2213100.429243627,2382605.7762406063,998766.7261971788,ilheus-IPTU,ilheus,IPTU
2021-07-01,2021-07-01,2,2021-09-01,2623149.9363260926,2022297.3703566277,998766.7261971788,ilheus-IPTU,ilheus,IPTU
2021-07-01,2021-07-01,3,2021-10-01,1271908.2831416863,2190443.863428194,998766.7261971788,ilheus-IPTU,ilheus,IPTU
2021-07-01,2021-07-01,4,2021-11-01,974523.3692654738,1926239.9899492126,998766.7261971788,ilheus-IPTU,ilheus,IPTU
2021-07-01,2021-07-01,5,2021-12-01,1072570.4015688638,2084665.2812600771,998766.7261971788,ilheus-IPTU,ilheus,IPTU
2021-07-01,2021-07-01,6,2022-01-01,2343065.624318597,1858089.258972517,998766.7261971788,ilheus-IPTU,ilheus,IPTU
2021-07-01,2021-07-01,7,2022-02-01,2250002.33291625,4421521.680134975,998766.7261971788,ilheus-IPTU,ilheus,IPTU
2021-07-01,2021-07-01,8,2022-03-01,4925305.417483921,6159280.733203092,998766.7261971788,ilheus-IPTU,ilheus,IPTU
2021-07-01,2021-07-01,9,2022-04-01,8219106.086628274,5405686.139175806,998766.7261971788,ilheus-IPTU,ilheus,IPTU
2021-07-01,2021-07-01,10,2022-05-01,2431580.1184551804,4054395.102967027,998766.7261971788,ilheus-IPTU,ilheus,IPTU
2021-07-01,2021-07-01,11,2022-06-01,2631240.8458854207,2580850.923033075,998766.7261971788,ilheus-IPTU,ilheus,IPTU
2021-07-01,2021-07-01,12,2022-07-01,1925861.261515704,2499109.7370561194,998766.7261971788,ilheus-IPTU,ilheus,IPTU
2021-08-01,2021-08-01,1,2021-09-01,2623149.9363260926,1874112.6743086854,984193.3541854223,ilheus-IPTU,ilheus,IPTU
2021-08-01,2021-08-01,2,2021-10-01,1271908.2831416863,2076263.2951162346,984193.3541854223,ilheus-IPTU,ilheus,IPTU
2021-08-01,2021-08-01,3,2021-11-01,974523.3692654738,1927886.5955406283,984193.3541854223,ilheus-IPTU,ilheus,IPTU
2021-08-01,2021-08-01,4,2021-12-01,1072570.4015688638,2088785.6905625975,984193.3541854223,ilheus-IPTU,ilheus,IPTU
2021-08-01,2021-08-01,5,2022-01-01,2343065.624318597,1881368.666132823,984193.3541854223,ilheus-IPTU,ilheus,IPTU
2021-08-01,2021-08-01,6,2022-02-01,2250002.33291625,4522257.499539269,984193.3541854223,ilheus-IPTU,ilheus,IPTU
2021-08-01,2021-08-01,7,2022-03-01,4925305.417483921,6037561.039668027,984193.3541854223,ilheus-IPTU,ilheus,IPTU
2021-08-01,2021-08-01,8,2022-04-01,8219106.086628274,5310423.532245693,984193.3541854223,ilheus-IPTU,ilheus,IPTU
2021-08-01,2021-08-01,9,2022-05-01,2431580.1184551804,4398129.159884192,984193.3541854223,ilheus-IPTU,ilheus,IPTU
2021-08-01,2021-08-01,10,2022-06-01,2631240.8458854207,2638348.003891338,984193.3541854223,ilheus-IPTU,ilheus,IPTU
2021-08-01,2021-08-01,11,2022-07-01,1925861.261515704,2453396.0700277234,984193.3541854223,ilheus-IPTU,ilheus,IPTU
2021-08-01,2021-08-01,12,2022-08-01,2006116.8972595204,2798945.637221355,984193.3541854223,ilheus-IPTU,ilheus,IPTU
2021-09-01,2021-09-01,1,2021-10-01,1271908.2831416863,2041669.9091185029,983524.3319020569,ilheus-IPTU,ilheus,IPTU
2021-09-01,2021-09-01,2,2021-11-01,974523.3692654738,1914838.3276454313,983524.3319020569,ilheus-IPTU,ilheus,IPTU
2021-09-01,2021-09-01,3,2021-12-01,1072570.4015688638,2011978.7600605534,983524.3319020569,ilheus-IPTU,ilheus,IPTU
2021-09-01,2021-09-01,4,2022-01-01,2343065.624318597,1842822.498456777,983524.3319020569,ilheus-IPTU,ilheus,IPTU
2021-09-01,2021-09-01,5,2022-02-01,2250002.33291625,4902397.797044628,983524.3319020569,ilheus-IPTU,ilheus,IPTU
2021-09-01,2021-09-01,6,2022-03-01,4925305.417483921,5812562.148311588,983524.3319020569,ilheus-IPTU,ilheus,IPTU
2021-09-01,2021-09-01,7,2022-04-01,8219106.086628274,5340976.535103596,983524.3319020569,ilheus-IPTU,ilheus,IPTU
2021-09-01,2021-09-01,8,2022-05-01,2431580.1184551804,4272356.849103304,983524.3319020569,ilheus-IPTU,ilheus,IPTU
2021-09-01,2021-09-01,9,2022-06-01,2631240.8458854207,2686780.6529871137,983524.3319020569,ilheus-IPTU,ilheus,IPTU
2021-09-01,2021-09-01,10,2022-07-01,1925861.261515704,2511737.659379995,983524.3319020569,ilheus-IPTU,ilheus,IPTU
2021-09-01,2021-09-01,11,2022-08-01,2006116.8972595204,2660069.5296353297,983524.3319020569,ilheus-IPTU,ilheus,IPTU
2021-09-01,2021-09-01,12,2022-09-01,1876735.4807647243,2154635.2854586015,983524.3319020569,ilheus-IPTU,ilheus,IPTU
2021-10-01,2021-10-01,1,2021-11-01,974523.3692654738,1896066.7644498227,980050.0037243485,ilheus-IPTU,ilheus,IPTU
2021-10-01,2021-10-01,2,2021-12-01,1072570.4015688638,2055165.2873395241,980050.0037243485,ilheus-IPTU,ilheus,IPTU
2021-10-01,2021-10-01,3,2022-01-01,2343065.624318597,1850655.695254546,980050.0037243485,ilheus-IPTU,ilheus,IPTU
2021-10-01,2021-10-01,4,2022-02-01,2250002.33291625,4792197.151297233,980050.0037243485,ilheus-IPTU,ilheus,IPTU
2021-10-01,2021-10-01,5,2022-03-01,4925305.417483921,5972829.336410833,980050.0037243485,ilheus-IPTU,ilheus,IPTU
2021-10-01,2021-10-01,6,2022-04-01,8219106.086628274,5244806.634673579,980050.0037243485,ilheus-IPTU,ilheus,IPTU
2021-10-01,2021-10-01,7,2022-05-01,2431580.1184551804,4060462.2631194363,980050.0037243485,ilheus-IPTU,ilheus,IPTU
2021-10-01,2021-10-01,8,2022-06-01,2631240.8458854207,2503718.081323759,980050.0037243485,ilheus-IPTU,ilheus,IPTU
2021-10-01,2021-10-01,9,2022-07-01,1925861.261515704,2313140.58631095,980050.0037243485,ilheus-IPTU,ilheus,IPTU
2021-10-01,2021-10-01,10,2022-08-01,2006116.8972595204,2679029.1319690654,980050.0037243485,ilheus-IPTU,ilheus,IPTU
2021-10-01,2021-10-01,11,2022-09-01,1876735.4807647243,2231588.0755143105,980050.0037243485,ilheus-IPTU,ilheus,IPTU
2021-10-01,2021-10-01,12,2022-10-01,2213546.4406881514,2130296.874010394,980050.0037243485,ilheus-IPTU,ilheus,IPTU
2021-11-01,2021-11-01,1,2021-12-01,1072570.4015688638,1602855.548760816,977789.2178096024,ilheus-IPTU,ilheus,IPTU
2021-11-01,2021-11-01,2,2022-01-01,2343065.624318597,1539167.9823391607,977789.2178096024,ilheus-IPTU,ilheus,IPTU
2021-11-01,2021-11-01,3,2022-02-01,2250002.33291625,3660437.7938125064,977789.2178096024,ilheus-IPTU,ilheus,IPTU
2021-11-01,2021-11-01,4,2022-03-01,4925305.417483921,4787184.804552241,977789.2178096024,ilheus-IPTU,ilheus,IPTU
2021-11-01,2021-11-01,5,2022-04-01,8219106.086628274,4304188.359203076,977789.2178096024,ilheus-IPTU,ilheus,IPTU
2021-11-01,2021-11-01,6,2022-05-01,2431580.1184551804,3275754.4522996047,977789.2178096024,ilheus-IPTU,ilheus,IPTU
2021-11-01,2021-11-01,7,2022-06-01,2631240.8458854207,1992222.6197267682,977789.2178096024,ilheus-IPTU,ilheus,IPTU
2021-11-01,2021-11-01,8,2022-07-01,1925861.261515704,1916563.5164287924,977789.2178096024,ilheus-IPTU,ilheus,IPTU
2021-11-01,2021-11-01,9,2022-08-01,2006116.8972595204,2056421.0711629193,977789.2178096024,ilheus-IPTU,ilheus,IPTU
2021-11-01,2021-11-01,10,2022-09-01,1876735.4807647243,1721285.7989646601,977789.2178096024,ilheus-IPTU,ilheus,IPTU
2021-11-01,2021-11-01,11,2022-10-01,2213546.4406881514,1664849.1887332601,977789.2178096024,ilheus-IPTU,ilheus,IPTU
2021-11-01,2021-11-01,12,2022-11-01,1586036.0844479885,1440057.208815093,977789.2178096024,ilheus-IPTU,ilheus,IPTU
2021-12-01,2021-12-01,1,2022-01-01,2343065.624318597,1490247.0254198147,974374.5533589215,ilheus-IPTU,ilheus,IPTU
2021-12-01,2021-12-01,2,2022-02-01,2250002.33291625,3759550.976448145,974374.5533589215,ilheus-IPTU,ilheus,IPTU
2021-12-01,2021-12-01,3,2022-03-01,4925305.417483921,4754042.529852892,974374.5533589215,ilheus-IPTU,ilheus,IPTU
2021-12-01,2021-12-01,4,2022-04-01,8219106.086628274,4334049.754444287,974374.5533589215,ilheus-IPTU,ilheus,IPTU
2021-12-01,2021-12-01,5,2022-05-01,2431580.1184551804,3213021.5593469925,974374.5533589215,ilheus-IPTU,ilheus,IPTU
2021-12-01,2021-12-01,6,2022-06-01,2631240.8458854207,1968870.3147215378,974374.5533589215,ilheus-IPTU,ilheus,IPTU
2021-12-01,2021-12-01,7,2022-07-01,1925861.261515704,1853288.8380932042,974374.5533589215,ilheus-IPTU,ilheus,IPTU
2021-12-01,2021-12-01,8,2022-08-01,2006116.8972595204,1953950.7463000827,974374.5533589215,ilheus-IPTU,ilheus,IPTU
2021-12-01,2021-12-01,9,2022-09-01,1876735.4807647243,1680251.78095206,974374.5533589215,ilheus-IPTU,ilheus,IPTU
2021-12-01,2021-12-01,10,2022-10-01,2213546.4406881514,1562454.4738389158,974374.5533589215,ilheus-IPTU,ilheus,IPTU
2021-12-01,2021-12-01,11,2022-11-01,1586036.0844479885,1479810.9531330557,974374.5533589215,ilheus-IPTU,ilheus,IPTU
2021-12-01,2021-12-01,12,2022-12-01,1694091.5193373812,1611652.3603928545,974374.5533589215,ilheus-IPTU,ilheus,IPTU
2022-01-01,2022-01-01,1,2022-02-01,2250002.33291625,4616082.599158032,968526.9297449152,ilheus-IPTU,ilheus,IPTU
2022-01-01,2022-01-01,2,2022-03-01,4925305.417483921,5836678.283677749,968526.9297449152,ilheus-IPTU,ilheus,IPTU
2022-01-01,2022-01-01,3,2022-04-01,8219106.086628274,5273327.874624273,968526.9297449152,ilheus-IPTU,ilheus,IPTU
2022-01-01,2022-01-01,4,2022-05-01,2431580.1184551804,4403387.835057254,968526.9297449152,ilheus-IPTU,ilheus,IPTU
2022-01-01,2022-01-01,5,2022-06-01,2631240.8458854207,2508354.989304409,968526.9297449152,ilheus-IPTU,ilheus,IPTU
2022-01-01,2022-01-01,6,2022-07-01,1925861.261515704,2310089.072234991,968526.9297449152,ilheus-IPTU,ilheus,IPTU
2022-01-01,2022-01-01,7,2022-08-01,2006116.8972595204,2599952.0004764143,968526.9297449152,ilheus-IPTU,ilheus,IPTU
2022-01-01,2022-01-01,8,2022-09-01,1876735.4807647243,2187016.208373936,968526.9297449152,ilheus-IPTU,ilheus,IPTU
2022-01-01,2022-01-01,9,2022-10-01,2213546.4406881514,1995677.4941453887,968526.9297449152,ilheus-IPTU,ilheus,IPTU
2022-01-01,2022-01-01,10,2022-11-01,1586036.0844479885,1981902.0642765064,968526.9297449152,ilheus-IPTU,ilheus,IPTU
2022-01-01,2022-01-01,11,2022-12-01,1694091.5193373812,2138870.870996745,968526.9297449152,ilheus-IPTU,ilheus,IPTU
2022-01-01,2022-01-01,12,2023-01-01,1843283.8297266124,2092755.54356135,968526.9297449152,ilheus-IPTU,ilheus,IPTU
2022-02-01,2022-02-01,1,2022-03-01,4925305.417483921,4830519.512955478,969619.387321641,ilheus-IPTU,ilheus,IPTU
2022-02-01,2022-02-01,2,2022-04-01,8219106.086628274,4386610.57112055,969619.387321641,ilheus-IPTU,ilheus,IPTU
2022-02-01,2022-02-01,3,2022-05-01,2431580.1184551804,3271862.0151966605,969619.387321641,ilheus-IPTU,ilheus,IPTU
2022-02-01,2022-02-01,4,2022-06-01,2631240.8458854207,1982051.6490165857,969619.387321641,ilheus-IPTU,ilheus,IPTU
2022-02-01,2022-02-01,5,2022-07-01,1925861.261515704,2013091.9360245846,969619.387321641,ilheus-IPTU,ilheus,IPTU
2022-02-01,2022-02-01,6,2022-08-01,2006116.8972595204,2177468.830385448,969619.387321641,ilheus-IPTU,ilheus,IPTU
2022-02-01,2022-02-01,7,2022-09-01,1876735.4807647243,1733383.9862350102,969619.387321641,ilheus-IPTU,ilheus,IPTU
2022-02-01,2022-02-01,8,2022-10-01,2213546.4406881514,1630296.6018262715,969619.387321641,ilheus-IPTU,ilheus,IPTU
2022-02-01,2022-02-01,9,2022-11-01,1586036.0844479885,1477788.0733506226,969619.387321641,ilheus-IPTU,ilheus,IPTU
2022-02-01,2022-02-01,10,2022-12-01,1694091.5193373812,1609629.7784089532,969619.387321641,ilheus-IPTU,ilheus,IPTU
2022-02-01,2022-02-01,11,2023-01-01,1843283.8297266124,1667309.3720313362,969619.387321641,ilheus-IPTU,ilheus,IPTU
2022-02-01,2022-02-01,12,2023-02-01,2815202.2643191377,3541220.9731672285,969619.387321641,ilheus-IPTU,ilheus,IPTU
2022-03-01,2022-03-01,1,2022-04-01,8219106.086628274,4234881.161625361,965058.506604292,ilheus-IPTU,ilheus,IPTU
2022-03-01,2022-03-01,2,2022-05-01,2431580.1184551804,3121953.2360084937,965058.506604292,ilheus-IPTU,ilheus,IPTU
2022-03-01,2022-03-01,3,2022-06-01,2631240.8458854207,1988704.7996334338,965058.506604292,ilheus-IPTU,ilheus,IPTU
2022-03-01,2022-03-01,4,2022-07-01,1925861.261515704,1874620.5922070753,965058.506604292,ilheus-IPTU,ilheus,IPTU
2022-03-01,2022-03-01,5,2022-08-01,2006116.8972595204,2031943.3319919503,965058.506604292,ilheus-IPTU,ilheus,IPTU
2022-03-01,2022-03-01,6,2022-09-01,1876735.4807647243,1728153.7556490465,965058.506604292,ilheus-IPTU,ilheus,IPTU
2022-03-01,2022-03-01,7,2022-10-01,2213546.4406881514,1689197.678728769,965058.506604292,ilheus-IPTU,ilheus,IPTU
2022-03-01,2022-03-01,8,2022-11-01,1586036.0844479885,1462737.6135140087,965058.506604292,ilheus-IPTU,ilheus,IPTU
2022-03-01,2022-03-01,9,2022-12-01,1694091.5193373812,1556073.851748836,965058.506604292,ilheus-IPTU,ilheus,IPTU
2022-03-01,2022-03-01,10,2023-01-01,1843283.8297266124,1624999.7009900392,965058.506604292,ilheus-IPTU,ilheus,IPTU
2022-03-01,2022-03-01,11,2023-02-01,2815202.2643191377,3443490.253282825,965058.506604292,ilheus-IPTU,ilheus,IPTU
2022-03-01,2022-03-01,12,2023-03-01,6457345.5598513875,4845015.34173612,965058.506604292,ilheus-IPTU,ilheus,IPTU
2022-04-01,2022-04-01,1,2022-05-01,2431580.1184551804,3178436.971825203,976429.8927552714,ilheus-IPTU,ilheus,IPTU
2022-04-01,2022-04-01,2,2022-06-01,2631240.8458854207,2200132.8303146763,976429.8927552714,ilheus-IPTU,ilheus,IPTU
2022-04-01,2022-04-01,3,2022-07-01,1925861.261515704,1896146.2906821377,976429.8927552714,ilheus-IPTU,ilheus,IPTU
2022-04-01,2022-04-01,4,2022-08-01,2006116.8972595204,2207464.7275062692,976429.8927552714,ilheus-IPTU,ilheus,IPTU
2022-04-01,2022-04-01,5,2022-09-01,1876735.4807647243,1738439.48495045,976429.8927552714,ilheus-IPTU,ilheus,IPTU
2022-04-01,2022-04-01,6,2022-10-01,2213546.4406881514,1714336.582559389,976429.8927552714,ilheus-IPTU,ilheus,IPTU
2022-04-01,2022-04-01,7,2022-11-01,1586036.0844479885,1498962.6317963614,976429.8927552714,ilheus-IPTU,ilheus,IPTU
2022-04-01,2022-04-01,8,2022-12-01,1694091.5193373812,1586172.273891576,976429.8927552714,ilheus-IPTU,ilheus,IPTU
2022-04-01,2022-04-01,9,2023-01-01,1843283.8297266124,1671623.526140699,976429.8927552714,ilheus-IPTU,ilheus,IPTU
2022-04-01,2022-04-01,10,2023-02-01,2815202.2643191377,3553581.898497252,976429.8927552714,ilheus-IPTU,ilheus,IPTU
2022-04-01,2022-04-01,11,2023-03-01,6457345.5598513875,5007969.077290074,976429.8927552714,ilheus-IPTU,ilheus,IPTU
2022-04-01,2022-04-01,12,2023-04-01,7796975.713490462,4834410.654526169,976429.8927552714,ilheus-IPTU,ilheus,IPTU
2022-05-01,2022-05-01,1,2022-06-01,2631240.8458854207,1977507.5098752389,967204.6483336816,ilheus-IPTU,ilheus,IPTU
2022-05-01,2022-05-01,2,2022-07-01,1925861.261515704,1928442.29560538,967204.6483336816,ilheus-IPTU,ilheus,IPTU
2022-05-01,2022-05-01,3,2022-08-01,2006116.8972595204,1992199.9382694585,967204.6483336816,ilheus-IPTU,ilheus,IPTU
2022-05-01,2022-05-01,4,2022-09-01,1876735.4807647243,1686336.1594849147,967204.6483336816,ilheus-IPTU,ilheus,IPTU
2022-05-01,2022-05-01,5,2022-10-01,2213546.4406881514,1683223.5198425108,967204.6483336816,ilheus-IPTU,ilheus,IPTU
2022-05-01,2022-05-01,6,2022-11-01,1586036.0844479885,1519520.8816787144,967204.6483336816,ilheus-IPTU,ilheus,IPTU
2022-05-01,2022-05-01,7,2022-12-01,1694091.5193373812,1610538.3147787384,967204.6483336816,ilheus-IPTU,ilheus,IPTU
2022-05-01,2022-05-01,8,2023-01-01,1843283.8297266124,1670989.923246937,967204.6483336816,ilheus-IPTU,ilheus,IPTU
2022-05-01,2022-05-01,9,2023-02-01,2815202.2643191377,3591743.0902877147,967204.6483336816,ilheus-IPTU,ilheus,IPTU
2022-05-01,2022-05-01,10,2023-03-01,6457345.5598513875,5032565.392898751,967204.6483336816,ilheus-IPTU,ilheus,IPTU
2022-05-01,2022-05-01,11,2023-04-01,7796975.713490462,4804253.0007607415,967204.6483336816,ilheus-IPTU,ilheus,IPTU
2022-05-01,2022-05-01,12,2023-05-01,3071104.1275374345,3337689.887068418,967204.6483336816,ilheus-IPTU,ilheus,IPTU
2022-06-01,2022-06-01,1,2022-07-01,1925861.261515704,1961563.29843724,958546.9696713942,ilheus-IPTU,ilheus,IPTU
2022-06-01,2022-06-01,2,2022-08-01,2006116.8972595204,2012123.710952652,958546.9696713942,ilheus-IPTU,ilheus,IPTU
2022-06-01,2022-06-01,3,2022-09-01,1876735.4807647243,1735095.1474366512,958546.9696713942,ilheus-IPTU,ilheus,IPTU
2022-06-01,2022-06-01,4,2022-10-01,2213546.4406881514,1683253.9025567565,958546.9696713942,ilheus-IPTU,ilheus,IPTU
2022-06-01,2022-06-01,5,2022-11-01,1586036.0844479885,1516124.530396127,958546.9696713942,ilheus-IPTU,ilheus,IPTU
2022-06-01,2022-06-01,6,2022-12-01,1694091.5193373812,1588280.451843326,958546.9696713942,ilheus-IPTU,ilheus,IPTU
2022-06-01,2022-06-01,7,2023-01-01,1843283.8297266124,1673901.9479159901,958546.9696713942,ilheus-IPTU,ilheus,IPTU
2022-06-01,2022-06-01,8,2023-02-01,2815202.2643191377,3584443.6824767217,958546.9696713942,ilheus-IPTU,ilheus,IPTU
2022-06-01,2022-06-01,9,2023-03-01,6457345.5598513875,5029124.23939851,958546.9696713942,ilheus-IPTU,ilheus,IPTU
2022-06-01,2022-06-01,10,2023-04-01,7796975.713490462,4738542.688058603,958546.9696713942,ilheus-IPTU,ilheus,IPTU
2022-06-01,2022-06-01,11,2023-05-01,3071104.1275374345,3348028.0427214717,958546.9696713942,ilheus-IPTU,ilheus,IPTU
2022-06-01,2022-06-01,12,2023-06-01,1730961.630794251,2082776.3229700953,958546.9696713942,ilheus-IPTU,ilheus,IPTU
2022-07-01,2022-07-01,1,2022-08-01,2006116.8972595204,2133880.1989579936,950796.6279502137,ilheus-IPTU,ilheus,IPTU
2022-07-01,2022-07-01,2,2022-09-01,1876735.4807647243,1778953.5977695857,950796.6279502137,ilheus-IPTU,ilheus,IPTU
2022-07-01,2022-07-01,3,2022-10-01,2213546.4406881514,1751439.9812105747,950796.6279502137,ilheus-IPTU,ilheus,IPTU
2022-07-01,2022-07-01,4,2022-11-01,1586036.0844479885,1518770.6597558768,950796.6279502137,ilheus-IPTU,ilheus,IPTU
2022-07-01,2022-07-01,5,2022-12-01,1694091.5193373812,1625473.643163696,950796.6279502137,ilheus-IPTU,ilheus,IPTU
2022-07-01,2022-07-01,6,2023-01-01,1843283.8297266124,1685856.3041051554,950796.6279502137,ilheus-IPTU,ilheus,IPTU
2022-07-01,2022-07-01,7,2023-02-01,2815202.2643191377,3614460.605763948,950796.6279502137,ilheus-IPTU,ilheus,IPTU
2022-07-01,2022-07-01,8,2023-03-01,6457345.5598513875,5070528.357424185,950796.6279502137,ilheus-IPTU,ilheus,IPTU
2022-07-01,2022-07-01,9,2023-04-01,7796975.713490462,4807594.312013701,950796.6279502137,ilheus-IPTU,ilheus,IPTU
2022-07-01,2022-07-01,10,2023-05-01,3071104.1275374345,3227033.822546258,950796.6279502137,ilheus-IPTU,ilheus,IPTU
2022-07-01,2022-07-01,11,2023-06-01,1730961.630794251,2186454.7402150207,950796.6279502137,ilheus-IPTU,ilheus,IPTU
2022-07-01,2022-07-01,12,2023-07-01,1301640.6279949658,2002314.1204942442,950796.6279502137,ilheus-IPTU,ilheus,IPTU
2022-08-01,2022-08-01,1,2022-09-01,1876735.4807647243,1750722.010965204,941498.9642506375,ilheus-IPTU,ilheus,IPTU
2022-08-01,2022-08-01,2,2022-10-01,2213546.4406881514,1739490.3094910306,941498.9642506375,ilheus-IPTU,ilheus,IPTU
2022-08-01,2022-08-01,3,2022-11-01,1586036.0844479885,1571850.5403196623,941498.9642506375,ilheus-IPTU,ilheus,IPTU
2022-08-01,2022-08-01,4,2022-12-01,1694091.5193373812,1605849.5791453258,941498.9642506375,ilheus-IPTU,ilheus,IPTU
2022-08-01,2022-08-01,5,2023-01-01,1843283.8297266124,1696341.7704640136,941498.9642506375,ilheus-IPTU,ilheus,IPTU
2022-08-01,2022-08-01,6,2023-02-01,2815202.2643191377,3624442.070722663,941498.9642506375,ilheus-IPTU,ilheus,IPTU
2022-08-01,2022-08-01,7,2023-03-01,6457345.5598513875,5003655.741452674,941498.9642506375,ilheus-IPTU,ilheus,IPTU
2022-08-01,2022-08-01,8,2023-04-01,7796975.713490462,4845094.681958595,941498.9642506375,ilheus-IPTU,ilheus,IPTU
2022-08-01,2022-08-01,9,2023-05-01,3071104.1275374345,3334029.414853943,941498.9642506375,ilheus-IPTU,ilheus,IPTU
2022-08-01,2022-08-01,10,2023-06-01,1730961.630794251,2131164.3063224503,941498.9642506375,ilheus-IPTU,ilheus,IPTU
2022-08-01,2022-08-01,11,2023-07-01,1301640.6279949658,1957095.5701285074,941498.9642506375,ilheus-IPTU,ilheus,IPTU
2022-08-01,2022-08-01,12,2023-08-01,2424253.599531383,2157733.804783148,941498.9642506375,ilheus-IPTU,ilheus,IPTU
2022-09-01,2022-09-01,1,2022-10-01,2213546.4406881514,1740998.36538023,939090.5135260785,ilheus-IPTU,ilheus,IPTU
2022-09-01,2022-09-01,2,2022-11-01,1586036.0844479885,1548937.400973769,939090.5135260785,ilheus-IPTU,ilheus,IPTU
2022-09-01,2022-09-01,3,2022-12-01,1694091.5193373812,1672639.6345598141,939090.5135260785,ilheus-IPTU,ilheus,IPTU
2022-09-01,2022-09-01,4,2023-01-01,1843283.8297266124,1717465.525775323,939090.5135260785,ilheus-IPTU,ilheus,IPTU
2022-09-01,2022-09-01,5,2023-02-01,2815202.2643191377,3701172.601339042,939090.5135260785,ilheus-IPTU,ilheus,IPTU
2022-09-01,2022-09-01,6,2023-03-01,6457345.5598513875,5140804.075533441,939090.5135260785,ilheus-IPTU,ilheus,IPTU
2022-09-01,2022-09-01,7,2023-04-01,7796975.713490462,4939662.990326087,939090.5135260785,ilheus-IPTU,ilheus,IPTU
2022-09-01,2022-09-01,8,2023-05-01,3071104.1275374345,3420665.273215307,939090.5135260785,ilheus-IPTU,ilheus,IPTU
2022-09-01,2022-09-01,9,2023-06-01,1730961.630794251,2184693.6032356434,939090.5135260785,ilheus-IPTU,ilheus,IPTU
2022-09-01,2022-09-01,10,2023-07-01,1301640.6279949658,1957217.6898636401,939090.5135260785,ilheus-IPTU,ilheus,IPTU
2022-09-01,2022-09-01,11,2023-08-01,2424253.599531383,2157358.917384624,939090.5135260785,ilheus-IPTU,ilheus,IPTU
2022-09-01,2022-09-01,12,2023-09-01,2013764.6094781046,1852682.840687096,939090.5135260785,ilheus-IPTU,ilheus,IPTU
2022-10-01,2022-10-01,1,2022-11-01,1586036.0844479885,1672005.146098683,939121.5823555954,ilheus-IPTU,ilheus,IPTU
2022-10-01,2022-10-01,2,2022-12-01,1694091.5193373812,1780939.1390564968,939121.5823555954,ilheus-IPTU,ilheus,IPTU
2022-10-01,2022-10-01,3,2023-01-01,1843283.8297266124,1797433.0250770173,939121.5823555954,ilheus-IPTU,ilheus,IPTU
2022-10-01,2022-10-01,4,2023-02-01,2815202.2643191377,3791281.1704761083,939121.5823555954,ilheus-IPTU,ilheus,IPTU
2022-10-01,2022-10-01,5,2023-03-01,6457345.5598513875,5375079.909544611,939121.5823555954,ilheus-IPTU,ilheus,IPTU
2022-10-01,2022-10-01,6,2023-04-01,7796975.713490462,5051853.7657348635,939121.5823555954,ilheus-IPTU,ilheus,IPTU
2022-10-01,2022-10-01,7,2023-05-01,3071104.1275374345,3543280.714285959,939121.5823555954,ilheus-IPTU,ilheus,IPTU
2022-10-01,2022-10-01,8,2023-06-01,1730961.630794251,2320822.049850711,939121.5823555954,ilheus-IPTU,ilheus,IPTU
2022-10-01,2022-10-01,9,2023-07-01,1301640.6279949658,2126364.908641749,939121.5823555954,ilheus-IPTU,ilheus,IPTU
2022-10-01,2022-10-01,10,2023-08-01,2424253.599531383,2296526.9815848134,939121.5823555954,ilheus-IPTU,ilheus,IPTU
2022-10-01,2022-10-01,11,2023-09-01,2013764.6094781046,2047576.2156946356,939121.5823555954,ilheus-IPTU,ilheus,IPTU
2022-10-01,2022-10-01,12,2023-10-01,1586701.2293386583,2022837.3686378298,939121.5823555954,ilheus-IPTU,ilheus,IPTU
2022-11-01,2022-11-01,1,2022-12-01,1694091.5193373812,1640097.4594316299,935174.4875703775,ilheus-IPTU,ilheus,IPTU
2022-11-01,2022-11-01,2,2023-01-01,1843283.8297266124,1703538.556699546,935174.4875703775,ilheus-IPTU,ilheus,IPTU
2022-11-01,2022-11-01,3,2023-02-01,2815202.2643191377,3566780.655992583,935174.4875703775,ilheus-IPTU,ilheus,IPTU
2022-11-01,2022-11-01,4,2023-03-01,6457345.5598513875,5068721.873545035,935174.4875703775,ilheus-IPTU,ilheus,IPTU
2022-11-01,2022-11-01,5,2023-04-01,7796975.713490462,4749198.152054051,935174.4875703775,ilheus-IPTU,ilheus,IPTU
2022-11-01,2022-11-01,6,2023-05-01,3071104.1275374345,3185724.3754002308,935174.4875703775,ilheus-IPTU,ilheus,IPTU
2022-11-01,2022-11-01,7,2023-06-01,1730961.630794251,2192429.073304255,935174.4875703775,ilheus-IPTU,ilheus,IPTU
2022-11-01,2022-11-01,8,2023-07-01,1301640.6279949658,1980127.283292919,935174.4875703775,ilheus-IPTU,ilheus,IPTU
2022-11-01,2022-11-01,9,2023-08-01,2424253.599531383,2058382.0626061352,935174.4875703775,ilheus-IPTU,ilheus,IPTU
2022-11-01,2022-11-01,10,2023-09-01,2013764.6094781046,1789301.585669636,935174.4875703775,ilheus-IPTU,ilheus,IPTU
2022-11-01,2022-11-01,11,2023-10-01,1586701.2293386583,1836589.3913065263,935174.4875703775,ilheus-IPTU,ilheus,IPTU
2022-11-01,2022-11-01,12,2023-11-01,1229128.6609010594,1554508.2827621938,935174.4875703775,ilheus-IPTU,ilheus,IPTU
2022-12-01,2022-12-01,1,2023-01-01,1843283.8297266124,1686756.2469571787,931440.5188822601,ilheus-IPTU,ilheus,IPTU
2022-12-01,2022-12-01,2,2023-02-01,2815202.2643191377,3604605.091259578,931440.5188822601,ilheus-IPTU,ilheus,IPTU
2022-12-01,2022-12-01,3,2023-03-01,6457345.5598513875,5088271.740348432,931440.5188822601,ilheus-IPTU,ilheus,IPTU
2022-12-01,2022-12-01,4,2023-04-01,7796975.713490462,4915225.4223727165,931440.5188822601,ilheus-IPTU,ilheus,IPTU
2022-12-01,2022-12-01,5,2023-05-01,3071104.1275374345,3297654.3775270763,931440.5188822601,ilheus-IPTU,ilheus,IPTU
2022-12-01,2022-12-01,6,2023-06-01,1730961.630794251,2245741.055667044,931440.5188822601,ilheus-IPTU,ilheus,IPTU
2022-12-01,2022-12-01,7,2023-07-01,1301640.6279949658,2074902.3841854688,931440.5188822601,ilheus-IPTU,ilheus,IPTU
2022-12-01,2022-12-01,8,2023-08-01,2424253.599531383,2320390.384395497,931440.5188822601,ilheus-IPTU,ilheus,IPTU
2022-12-01,2022-12-01,9,2023-09-01,2013764.6094781046,1853176.5028748799,931440.5188822601,ilheus-IPTU,ilheus,IPTU
2022-12-01,2022-12-01,10,2023-10-01,1586701.2293386583,1868498.3579276332,931440.5188822601,ilheus-IPTU,ilheus,IPTU
2022-12-01,2022-12-01,11,2023-11-01,1229128.6609010594,1574743.695523022,931440.5188822601,ilheus-IPTU,ilheus,IPTU
2022-12-01,2022-12-01,12,2023-12-01,1538686.7153930117,1675325.7325862634,931440.5188822601,ilheus-IPTU,ilheus,IPTU
2023-01-01,2023-01-01,1,2023-02-01,2815202.2643191377,3630840.645572797,926362.1809494332,ilheus-IPTU,ilheus,IPTU
2023-01-01,2023-01-01,2,2023-03-01,6457345.5598513875,5206370.094059548,926362.1809494332,ilheus-IPTU,ilheus,IPTU
2023-01-01,2023-01-01,3,2023-04-01,7796975.713490462,4962354.629730702,926362.1809494332,ilheus-IPTU,ilheus,IPTU
2023-01-01,2023-01-01,4,2023-05-01,3071104.1275374345,3387857.443042193,926362.1809494332,ilheus-IPTU,ilheus,IPTU
2023-01-01,2023-01-01,5,2023-06-01,1730961.630794251,2188210.6443834305,926362.1809494332,ilheus-IPTU,ilheus,IPTU
2023-01-01,2023-01-01,6,2023-07-01,1301640.6279949658,2199637.6499023545,926362.1809494332,ilheus-IPTU,ilheus,IPTU
2023-01-01,2023-01-01,7,2023-08-01,2424253.599531383,2141027.4786872473,926362.1809494332,ilheus-IPTU,ilheus,IPTU
2023-01-01,2023-01-01,8,2023-09-01,2013764.6094781046,1801425.363814696,926362.1809494332,ilheus-IPTU,ilheus,IPTU
2023-01-01,2023-01-01,9,2023-10-01,1586701.2293386583,1797137.665708729,926362.1809494332,ilheus-IPTU,ilheus,IPTU
2023-01-01,2023-01-01,10,2023-11-01,1229128.6609010594,1593667.4776233386,926362.1809494332,ilheus-IPTU,ilheus,IPTU
2023-01-01,2023-01-01,11,2023-12-01,1538686.7153930117,1679056.83718572,926362.1809494332,ilheus-IPTU,ilheus,IPTU
2023-01-01,2023-01-01,12,2024-01-01,2421833.300556963,1784871.4040736754,926362.1809494332,ilheus-IPTU,ilheus,IPTU
2023-02-01,2023-02-01,1,2023-03-01,6457345.5598513875,5057989.581491594,922162.6199081944,ilheus-IPTU,ilheus,IPTU
2023-02-01,2023-02-01,2,2023-04-01,7796975.713490462,4922471.228654179,922162.6199081944,ilheus-IPTU,ilheus,IPTU
2023-02-01,2023-02-01,3,2023-05-01,3071104.1275374345,3403697.4154280312,922162.6199081944,ilheus-IPTU,ilheus,IPTU
2023-02-01,2023-02-01,4,2023-06-01,1730961.630794251,2082505.546319271,922162.6199081944,ilheus-IPTU,ilheus,IPTU
2023-02-01,2023-02-01,5,2023-07-01,1301640.6279949658,1948106.5786997373,922162.6199081944,ilheus-IPTU,ilheus,IPTU
2023-02-01,2023-02-01,6,2023-08-01,2424253.599531383,2115633.9276262694,922162.6199081944,ilheus-IPTU,ilheus,IPTU
2023-02-01,2023-02-01,7,2023-09-01,2013764.6094781046,1813381.6022529255,922162.6199081944,ilheus-IPTU,ilheus,IPTU
2023-02-01,2023-02-01,8,2023-10-01,1586701.2293386583,1808026.0397700493,922162.6199081944,ilheus-IPTU,ilheus,IPTU
2023-02-01,2023-02-01,9,2023-11-01,1229128.6609010594,1542391.5638604532,922162.6199081944,ilheus-IPTU,ilheus,IPTU
2023-02-01,2023-02-01,10,2023-12-01,1538686.7153930117,1642928.0272895868,922162.6199081944,ilheus-IPTU,ilheus,IPTU
2023-02-01,2023-02-01,11,2024-01-01,2421833.300556963,1745743.4492809933,922162.6199081944,ilheus-IPTU,ilheus,IPTU
2023-02-01,2023-02-01,12,2024-02-01,2645795.772083337,3574873.8819224383,922162.6199081944,ilheus-IPTU,ilheus,IPTU
2023-03-01,2023-03-01,1,2023-04-01,7796975.713490462,5019364.149007414,929172.7063732435,ilheus-IPTU,ilheus,IPTU
2023-03-01,2023-03-01,2,2023-05-01,3071104.1275374345,3488910.785164949,929172.7063732435,ilheus-IPTU,ilheus,IPTU
2023-03-01,2023-03-01,3,2023-06-01,1730961.630794251,2042783.768063423,929172.7063732435,ilheus-IPTU,ilheus,IPTU
2023-03-01,2023-03-01,4,2023-07-01,1301640.6279949658,1930734.0884396334,929172.7063732435,ilheus-IPTU,ilheus,IPTU
2023-03-01,2023-03-01,5,2023-08-01,2424253.599531383,2101037.0225663697,929172.7063732435,ilheus-IPTU,ilheus,IPTU
2023-03-01,2023-03-01,6,2023-09-01,2013764.6094781046,1808973.9453729212,929172.7063732435,ilheus-IPTU,ilheus,IPTU
2023-03-01,2023-03-01,7,2023-10-01,1586701.2293386583,1849692.6227545436,929172.7063732435,ilheus-IPTU,ilheus,IPTU
2023-03-01,2023-03-01,8,2023-11-01,1229128.6609010594,1554376.4668357454,929172.7063732435,ilheus-IPTU,ilheus,IPTU
2023-03-01,2023-03-01,9,2023-12-01,1538686.7153930117,1680867.1765878084,929172.7063732435,ilheus-IPTU,ilheus,IPTU
2023-03-01,2023-03-01,10,2024-01-01,2421833.300556963,1775132.7360742504,929172.7063732435,ilheus-IPTU,ilheus,IPTU
2023-03-01,2023-03-01,11,2024-02-01,2645795.772083337,3652046.5366359777,929172.7063732435,ilheus-IPTU,ilheus,IPTU
2023-03-01,2023-03-01,12,2024-03-01,5197363.375781737,5434139.501762125,929172.7063732435,ilheus-IPTU,ilheus,IPTU
2023-04-01,2023-04-01,1,2023-05-01,3071104.1275374345,3508540.6705604307,923410.8616773863,ilheus-IPTU,ilheus,IPTU
2023-04-01,2023-04-01,2,2023-06-01,1730961.630794251,2198492.317835798,923410.8616773863,ilheus-IPTU,ilheus,IPTU
2023-04-01,2023-04-01,3,2023-07-01,1301640.6279949658,2003496.011819361,923410.8616773863,ilheus-IPTU,ilheus,IPTU
2023-04-01,2023-04-01,4,2023-08-01,2424253.599531383,2178144.741435834,923410.8616773863,ilheus-IPTU,ilheus,IPTU
2023-04-01,2023-04-01,5,2023-09-01,2013764.6094781046,1839567.1788083022,923410.8616773863,ilheus-IPTU,ilheus,IPTU
2023-04-01,2023-04-01,6,2023-10-01,1586701.2293386583,1820554.71160962,923410.8616773863,ilheus-IPTU,ilheus,IPTU
2023-04-01,2023-04-01,7,2023-11-01,1229128.6609010594,1575288.3891850873,923410.8616773863,ilheus-IPTU,ilheus,IPTU
2023-04-01,2023-04-01,8,2023-12-01,1538686.7153930117,1731185.4116529252,923410.8616773863,ilheus-IPTU,ilheus,IPTU
2023-04-01,2023-04-01,9,2024-01-01,2421833.300556963,1806776.3397935792,923410.8616773863,ilheus-IPTU,ilheus,IPTU
2023-04-01,2023-04-01,10,2024-02-01,2645795.772083337,3678763.7396832365,923410.8616773863,ilheus-IPTU,ilheus,IPTU
2023-04-01,2023-04-01,11,2024-03-01,5197363.375781737,5381859.836352285,923410.8616773863,ilheus-IPTU,ilheus,IPTU
2023-04-01,2023-04-01,12,2024-04-01,8479100.268538596,5391114.746871639,923410.8616773863,ilheus-IPTU,ilheus,IPTU
2023-05-01,2023-05-01,1,2023-06-01,1730961.630794251,2146746.052387735,920221.1217605872,ilheus-IPTU,ilheus,IPTU
2023-05-01,2023-05-01,2,2023-07-01,1301640.6279949658,1954027.7239794799,920221.1217605872,ilheus-IPTU,ilheus,IPTU
2023-05-01,2023-05-01,3,2023-08-01,2424253.599531383,2166303.1186025306,920221.1217605872,ilheus-IPTU,ilheus,IPTU
2023-05-01,2023-05-01,4,2023-09-01,2013764.6094781046,1839707.6736070877,920221.1217605872,ilheus-IPTU,ilheus,IPTU
2023-05-01,2023-05-01,5,2023-10-01,1586701.2293386583,1802028.5496739885,920221.1217605872,ilheus-IPTU,ilheus,IPTU
2023-05-01,2023-05-01,6,2023-11-01,1229128.6609010594,1550211.687550442,920221.1217605872,ilheus-IPTU,ilheus,IPTU
2023-05-01,2023-05-01,7,2023-12-01,1538686.7153930117,1702185.465754037,920221.1217605872,ilheus-IPTU,ilheus,IPTU
2023-05-01,2023-05-01,8,2024-01-01,2421833.300556963,1766209.922737043,920221.1217605872,ilheus-IPTU,ilheus,IPTU
2023-05-01,2023-05-01,9,2024-02-01,2645795.772083337,3632086.9341081856,920221.1217605872,ilheus-IPTU,ilheus,IPTU
2023-05-01,2023-05-01,10,2024-03-01,5197363.375781737,5454946.751231208,920221.1217605872,ilheus-IPTU,ilheus,IPTU
2023-05-01,2023-05-01,11,2024-04-01,8479100.268538596,5302389.058710362,920221.1217605872,ilheus-IPTU,ilheus,IPTU
2023-05-01,2023-05-01,12,2024-05-01,3547912.302911079,3451104.005596178,920221.1217605872,ilheus-IPTU,ilheus,IPTU
2023-06-01,2023-06-01,1,2023-07-01,1301640.6279949658,1999605.0702162124,919999.5450198159,ilheus-IPTU,ilheus,IPTU
2023-06-01,2023-06-01,2,2023-08-01,2424253.599531383,2153571.1324966247,919999.5450198159,ilheus-IPTU,ilheus,IPTU
2023-06-01,2023-06-01,3,2023-09-01,2013764.6094781046,1807609.5054024912,919999.5450198159,ilheus-IPTU,ilheus,IPTU
2023-06-01,2023-06-01,4,2023-10-01,1586701.2293386583,1837834.3534124063,919999.5450198159,ilheus-IPTU,ilheus,IPTU
2023-06-01,2023-06-01,5,2023-11-01,1229128.6609010594,1612697.158289022,919999.5450198159,ilheus-IPTU,ilheus,IPTU
2023-06-01,2023-06-01,6,2023-12-01,1538686.7153930117,1674351.8377921586,919999.5450198159,ilheus-IPTU,ilheus,IPTU
2023-06-01,2023-06-01,7,2024-01-01,2421833.300556963,1767179.2147236194,919999.5450198159,ilheus-IPTU,ilheus,IPTU
2023-06-01,2023-06-01,8,2024-02-01,2645795.772083337,3546307.0496806465,919999.5450198159,ilheus-IPTU,ilheus,IPTU
2023-06-01,2023-06-01,9,2024-03-01,5197363.375781737,5543202.838577218,919999.5450198159,ilheus-IPTU,ilheus,IPTU
2023-06-01,2023-06-01,10,2024-04-01,8479100.268538596,5298946.676143906,919999.5450198159,ilheus-IPTU,ilheus,IPTU
2023-06-01,2023-06-01,11,2024-05-01,3547912.302911079,3378425.8346564677,919999.5450198159,ilheus-IPTU,ilheus,IPTU
2023-06-01,2023-06-01,12,2024-06-01,1346108.831895152,2082503.8963875254,919999.5450198159,ilheus-IPTU,ilheus,IPTU
2023-07-01,2023-07-01,1,2023-08-01,2424253.599531383,2183829.987068611,916749.2273110348,ilheus-IPTU,ilheus,IPTU
2023-07-01,2023-07-01,2,2023-09-01,2013764.6094781046,1775290.446130707,916749.2273110348,ilheus-IPTU,ilheus,IPTU
2023-07-01,2023-07-01,3,2023-10-01,1586701.2293386583,1849597.5335056968,916749.2273110348,ilheus-IPTU,ilheus,IPTU
2023-07-01,2023-07-01,4,2023-11-01,1229128.6609010594,1567820.8593137572,916749.2273110348,ilheus-IPTU,ilheus,IPTU
2023-07-01,2023-07-01,5,2023-12-01,1538686.7153930117,1645643.5687134452,916749.2273110348,ilheus-IPTU,ilheus,IPTU
2023-07-01,2023-07-01,6,2024-01-01,2421833.300556963,1734101.552107802,916749.2273110348,ilheus-IPTU,ilheus,IPTU
2023-07-01,2023-07-01,7,2024-02-01,2645795.772083337,3541101.31130252,916749.2273110348,ilheus-IPTU,ilheus,IPTU
2023-07-01,2023-07-01,8,2024-03-01,5197363.375781737,5315837.400058822,916749.2273110348,ilheus-IPTU,ilheus,IPTU
2023-07-01,2023-07-01,9,2024-04-01,8479100.268538596,5152307.059878158,916749.2273110348,ilheus-IPTU,ilheus,IPTU
2023-07-01,2023-07-01,10,2024-05-01,3547912.302911079,3313809.144292804,916749.2273110348,ilheus-IPTU,ilheus,IPTU
2023-07-01,2023-07-01,11,2024-06-01,1346108.831895152,2127618.624509691,916749.2273110348,ilheus-IPTU,ilheus,IPTU
2023-07-01,2023-07-01,12,2024-07-01,1525676.4134805854,1916925.6193768387,916749.2273110348,ilheus-IPTU,ilheus,IPTU
2023-08-01,2023-08-01,1,2023-09-01,2013764.6094781046,1774529.3749492015,911329.5259519133,ilheus-IPTU,ilheus,IPTU
2023-08-01,2023-08-01,2,2023-10-01,1586701.2293386583,1802598.5819812461,911329.5259519133,ilheus-IPTU,ilheus,IPTU
2023-08-01,2023-08-01,3,2023-11-01,1229128.6609010594,1523076.7858960994,911329.5259519133,ilheus-IPTU,ilheus,IPTU
2023-08-01,2023-08-01,4,2023-12-01,1538686.7153930117,1580960.4032257998,911329.5259519133,ilheus-IPTU,ilheus,IPTU
2023-08-01,2023-08-01,5,2024-01-01,2421833.300556963,1726662.627031885,911329.5259519133,ilheus-IPTU,ilheus,IPTU
2023-08-01,2023-08-01,6,2024-02-01,2645795.772083337,3644182.9290194903,911329.5259519133,ilheus-IPTU,ilheus,IPTU
2023-08-01,2023-08-01,7,2024-03-01,5197363.375781737,5316272.925906999,911329.5259519133,ilheus-IPTU,ilheus,IPTU
2023-08-01,2023-08-01,8,2024-04-01,8479100.268538596,5113558.29507771,911329.5259519133,ilheus-IPTU,ilheus,IPTU
2023-08-01,2023-08-01,9,2024-05-01,3547912.302911079,3300507.753815017,911329.5259519133,ilheus-IPTU,ilheus,IPTU
2023-08-01,2023-08-01,10,2024-06-01,1346108.831895152,2210384.0805319534,911329.5259519133,ilheus-IPTU,ilheus,IPTU
2023-08-01,2023-08-01,11,2024-07-01,1525676.4134805854,1888151.010775454,911329.5259519133,ilheus-IPTU,ilheus,IPTU
2023-08-01,2023-08-01,12,2024-08-01,1524774.8231291657,2118336.667529133,911329.5259519133,ilheus-IPTU,ilheus,IPTU
2023-09-01,2023-09-01,1,2023-10-01,1586701.2293386583,1879767.0916022477,903003.7152289185,ilheus-IPTU,ilheus,IPTU
2023-09-01,2023-09-01,2,2023-11-01,1229128.6609010594,1587606.4829593431,903003.7152289185,ilheus-IPTU,ilheus,IPTU
2023-09-01,2023-09-01,3,2023-12-01,1538686.7153930117,1733818.6046089085,903003.7152289185,ilheus-IPTU,ilheus,IPTU
2023-09-01,2023-09-01,4,2024-01-01,2421833.300556963,1784162.9645626142,903003.7152289185,ilheus-IPTU,ilheus,IPTU
2023-09-01,2023-09-01,5,2024-02-01,2645795.772083337,3665255.752456719,903003.7152289185,ilheus-IPTU,ilheus,IPTU
2023-09-01,2023-09-01,6,2024-03-01,5197363.375781737,5486684.116958756,903003.7152289185,ilheus-IPTU,ilheus,IPTU
2023-09-01,2023-09-01,7,2024-04-01,8479100.268538596,5370169.718867752,903003.7152289185,ilheus-IPTU,ilheus,IPTU
2023-09-01,2023-09-01,8,2024-05-01,3547912.302911079,3479871.836749363,903003.7152289185,ilheus-IPTU,ilheus,IPTU
2023-09-01,2023-09-01,9,2024-06-01,1346108.831895152,2135782.92682513,903003.7152289185,ilheus-IPTU,ilheus,IPTU
2023-09-01,2023-09-01,10,2024-07-01,1525676.4134805854,1922994.6237102498,903003.7152289185,ilheus-IPTU,ilheus,IPTU
2023-09-01,2023-09-01,11,2024-08-01,1524774.8231291657,2260659.4741539755,903003.7152289185,ilheus-IPTU,ilheus,IPTU
2023-09-01,2023-09-01,12,2024-09-01,2251010.9817227167,1861476.4264723423,903003.7152289185,ilheus-IPTU,ilheus,IPTU
2023-10-01,2023-10-01,1,2023-11-01,1229128.6609010594,1519758.5948415753,900065.8588046691,ilheus-IPTU,ilheus,IPTU
2023-10-01,2023-10-01,2,2023-12-01,1538686.7153930117,1654992.2333000537,900065.8588046691,ilheus-IPTU,ilheus,IPTU
2023-10-01,2023-10-01,3,2024-01-01,2421833.300556963,1725022.6863118287,900065.8588046691,ilheus-IPTU,ilheus,IPTU
2023-10-01,2023-10-01,4,2024-02-01,2645795.772083337,3488771.555817311,900065.8588046691,ilheus-IPTU,ilheus,IPTU
2023-10-01,2023-10-01,5,2024-03-01,5197363.375781737,5251356.553402858,900065.8588046691,ilheus-IPTU,ilheus,IPTU
2023-10-01,2023-10-01,6,2024-04-01,8479100.268538596,5119330.18900657,900065.8588046691,ilheus-IPTU,ilheus,IPTU
2023-10-01,2023-10-01,7,2024-05-01,3547912.302911079,3295853.25640677,900065.8588046691,ilheus-IPTU,ilheus,IPTU
2023-10-01,2023-10-01,8,2024-06-01,1346108.831895152,2169645.51147678,900065.8588046691,ilheus-IPTU,ilheus,IPTU
2023-10-01,2023-10-01,9,2024-07-01,1525676.4134805854,1991992.5391414098,900065.8588046691,ilheus-IPTU,ilheus,IPTU
2023-10-01,2023-10-01,10,2024-08-01,1524774.8231291657,2261242.1941111833,900065.8588046691,ilheus-IPTU,ilheus,IPTU
2023-10-01,2023-10-01,11,2024-09-01,2251010.9817227167,1897671.3523334716,900065.8588046691,ilheus-IPTU,ilheus,IPTU
2023-10-01,2023-10-01,12,2024-10-01,2022162.6259630015,1802367.3004707952,900065.8588046691,ilheus-IPTU,ilheus,IPTU
2023-11-01,2023-11-01,1,2023-12-01,1538686.7153930117,1664453.800757225,894348.4015914297,ilheus-IPTU,ilheus,IPTU
2023-11-01,2023-11-01,2,2024-01-01,2421833.300556963,1758443.2871862277,894348.4015914297,ilheus-IPTU,ilheus,IPTU
2023-11-01,2023-11-01,3,2024-02-01,2645795.772083337,3634608.7118408387,894348.4015914297,ilheus-IPTU,ilheus,IPTU
2023-11-01,2023-11-01,4,2024-03-01,5197363.375781737,5401290.358610204,894348.4015914297,ilheus-IPTU,ilheus,IPTU
2023-11-01,2023-11-01,5,2024-04-01,8479100.268538596,5234654.240085759,894348.4015914297,ilheus-IPTU,ilheus,IPTU
2023-11-01,2023-11-01,6,2024-05-01,3547912.302911079,3491500.4664901383,894348.4015914297,ilheus-IPTU,ilheus,IPTU
2023-11-01,2023-11-01,7,2024-06-01,1346108.831895152,2112818.966103201,894348.4015914297,ilheus-IPTU,ilheus,IPTU
2023-11-01,2023-11-01,8,2024-07-01,1525676.4134805854,1850150.9734160313,894348.4015914297,ilheus-IPTU,ilheus,IPTU
2023-11-01,2023-11-01,9,2024-08-01,1524774.8231291657,2193817.086706693,894348.4015914297,ilheus-IPTU,ilheus,IPTU
2023-11-01,2023-11-01,10,2024-09-01,2251010.9817227167,1827215.1583233308,894348.4015914297,ilheus-IPTU,ilheus,IPTU
2023-11-01,2023-11-01,11,2024-10-01,2022162.6259630015,1788808.534733579,894348.4015914297,ilheus-IPTU,ilheus,IPTU
2023-11-01,2023-11-01,12,2024-11-01,2201702.753328437,1520530.53210459,894348.4015914297,ilheus-IPTU,ilheus,IPTU
2023-12-01,2023-12-01,1,2024-01-01,2421833.300556963,1747428.7027455578,886651.072449273,ilheus-IPTU,ilheus,IPTU
2023-12-01,2023-12-01,2,2024-02-01,2645795.772083337,3569668.202433886,886651.072449273,ilheus-IPTU,ilheus,IPTU
2023-12-01,2023-12-01,3,2024-03-01,5197363.375781737,5299846.066071244,886651.072449273,ilheus-IPTU,ilheus,IPTU
2023-12-01,2023-12-01,4,2024-04-01,8479100.268538596,5085852.108728721,886651.072449273,ilheus-IPTU,ilheus,IPTU
2023-12-01,2023-12-01,5,2024-05-01,3547912.302911079,3383850.22891058,886651.072449273,ilheus-IPTU,ilheus,IPTU
2023-12-01,2023-12-01,6,2024-06-01,1346108.831895152,2133437.518877602,886651.072449273,ilheus-IPTU,ilheus,IPTU
2023-12-01,2023-12-01,7,2024-07-01,1525676.4134805854,1902243.8519545211,886651.072449273,ilheus-IPTU,ilheus,IPTU
2023-12-01,2023-12-01,8,2024-08-01,1524774.8231291657,2182190.8497367185,886651.072449273,ilheus-IPTU,ilheus,IPTU
2023-12-01,2023-12-01,9,2024-09-01,2251010.9817227167,1812511.5403677274,886651.072449273,ilheus-IPTU,ilheus,IPTU
2023-12-01,2023-12-01,10,2024-10-01,2022162.6259630015,1788794.3029870654,886651.072449273,ilheus-IPTU,ilheus,IPTU
2023-12-01,2023-12-01,11,2024-11-01,2201702.753328437,1488716.9451557107,886651.072449273,ilheus-IPTU,ilheus,IPTU
2023-12-01,2023-12-01,12,2024-12-01,1694424.8208521737,1657653.2196055735,886651.072449273,ilheus-IPTU,ilheus,IPTU
2024-01-01,2024-01-01,1,2024-02-01,2645795.772083337,3541813.9653272238,883474.7672779439,ilheus-IPTU,ilheus,IPTU
2024-01-01,2024-01-01,2,2024-03-01,5197363.375781737,5359237.501285797,883474.7672779439,ilheus-IPTU,ilheus,IPTU
2024-01-01,2024-01-01,3,2024-04-01,8479100.268538596,5238737.521043712,883474.7672779439,ilheus-IPTU,ilheus,IPTU
2024-01-01,2024-01-01,4,2024-05-01,3547912.302911079,3328890.981403296,883474.7672779439,ilheus-IPTU,ilheus,IPTU
2024-01-01,2024-01-01,5,2024-06-01,1346108.831895152,2186391.36616821,883474.7672779439,ilheus-IPTU,ilheus,IPTU
2024-01-01,2024-01-01,6,2024-07-01,1525676.4134805854,1920295.342530114,883474.7672779439,ilheus-IPTU,ilheus,IPTU
2024-01-01,2024-01-01,7,2024-08-01,1524774.8231291657,2092666.866679817,883474.7672779439,ilheus-IPTU,ilheus,IPTU
2024-01-01,2024-01-01,8,2024-09-01,2251010.9817227167,1813363.896354503,883474.7672779439,ilheus-IPTU,ilheus,IPTU
2024-01-01,2024-01-01,9,2024-10-01,2022162.6259630015,1813017.7695340693,883474.7672779439,ilheus-IPTU,ilheus,IPTU
2024-01-01,2024-01-01,10,2024-11-01,2201702.753328437,1573215.1228698127,883474.7672779439,ilheus-IPTU,ilheus,IPTU
2024-01-01,2024-01-01,11,2024-12-01,1694424.8208521737,1680046.9946978288,883474.7672779439,ilheus-IPTU,ilheus,IPTU
2024-01-01,2024-01-01,12,2025-01-01,2108465.286890068,1818886.7250375254,883474.7672779439,ilheus-IPTU,ilheus,IPTU
2024-02-01,2024-02-01,1,2024-03-01,5197363.375781737,5290464.86878173,876188.356308126,ilheus-IPTU,ilheus,IPTU
2024-02-01,2024-02-01,2,2024-04-01,8479100.268538596,5198917.393590563,876188.356308126,ilheus-IPTU,ilheus,IPTU
2024-02-01,2024-02-01,3,2024-05-01,3547912.302911079,3371909.823753863,876188.356308126,ilheus-IPTU,ilheus,IPTU
2024-02-01,2024-02-01,4,2024-06-01,1346108.831895152,2154915.601044655,876188.356308126,ilheus-IPTU,ilheus,IPTU
2024-02-01,2024-02-01,5,2024-07-01,1525676.4134805854,1952482.6857442306,876188.356308126,ilheus-IPTU,ilheus,IPTU
2024-02-01,2024-02-01,6,2024-08-01,1524774.8231291657,2227531.9994137385,876188.356308126,ilheus-IPTU,ilheus,IPTU
2024-02-01,2024-02-01,7,2024-09-01,2251010.9817227167,1854824.233882905,876188.356308126,ilheus-IPTU,ilheus,IPTU
2024-02-01,2024-02-01,8,2024-10-01,2022162.6259630015,1783038.8891487017,876188.356308126,ilheus-IPTU,ilheus,IPTU
2024-02-01,2024-02-01,9,2024-11-01,2201702.753328437,1467253.1196651512,876188.356308126,ilheus-IPTU,ilheus,IPTU
2024-02-01,2024-02-01,10,2024-12-01,1694424.8208521737,1649770.9135678133,876188.356308126,ilheus-IPTU,ilheus,IPTU
2024-02-01,2024-02-01,11,2025-01-01,2108465.286890068,1804095.8790236888,876188.356308126,ilheus-IPTU,ilheus,IPTU
2024-02-01,2024-02-01,12,2025-02-01,2371216.706139471,3497180.7713468284,876188.356308126,ilheus-IPTU,ilheus,IPTU
2024-03-01,2024-03-01,1,2024-04-01,8479100.268538596,5189093.900062307,880065.0616390505,ilheus-IPTU,ilheus,IPTU
2024-03-01,2024-03-01,2,2024-05-01,3547912.302911079,3428592.8544654525,880065.0616390505,ilheus-IPTU,ilheus,IPTU
2024-03-01,2024-03-01,3,2024-06-01,1346108.831895152,2066300.1464650948,880065.0616390505,ilheus-IPTU,ilheus,IPTU
2024-03-01,2024-03-01,4,2024-07-01,1525676.4134805854,1978115.3429136577,880065.0616390505,ilheus-IPTU,ilheus,IPTU
2024-03-01,2024-03-01,5,2024-08-01,1524774.8231291657,2159571.8230803916,880065.0616390505,ilheus-IPTU,ilheus,IPTU
2024-03-01,2024-03-01,6,2024-09-01,2251010.9817227167,1853809.3535301758,880065.0616390505,ilheus-IPTU,ilheus,IPTU
2024-03-01,2024-03-01,7,2024-10-01,2022162.6259630015,1799892.3413553326,880065.0616390505,ilheus-IPTU,ilheus,IPTU
2024-03-01,2024-03-01,8,2024-11-01,2201702.753328437,1527275.5166387798,880065.0616390505,ilheus-IPTU,ilheus,IPTU
2024-03-01,2024-03-01,9,2024-12-01,1694424.8208521737,1648716.7933548237,880065.0616390505,ilheus-IPTU,ilheus,IPTU
2024-03-01,2024-03-01,10,2025-01-01,2108465.286890068,1813588.5127124218,880065.0616390505,ilheus-IPTU,ilheus,IPTU
2024-03-01,2024-03-01,11,2025-02-01,2371216.706139471,3526471.4740521247,880065.0616390505,ilheus-IPTU,ilheus,IPTU
2024-03-01,2024-03-01,12,2025-03-01,3310719.619677425,5402328.649154467,880065.0616390505,ilheus-IPTU,ilheus,IPTU
2024-04-01,2024-04-01,1,2024-05-01,3547912.302911079,3445001.096801824,878085.6565731413,ilheus-IPTU,ilheus,IPTU
2024-04-01,2024-04-01,2,2024-06-01,1346108.831895152,2152996.9937636307,878085.6565731413,ilheus-IPTU,ilheus,IPTU
2024-04-01,2024-04-01,3,2024-07-01,1525676.4134805854,1964240.2328200173,878085.6565731413,ilheus-IPTU,ilheus,IPTU
2024-04-01,2024-04-01,4,2024-08-01,1524774.8231291657,2193557.4076211597,878085.6565731413,ilheus-IPTU,ilheus,IPTU
2024-04-01,2024-04-01,5,2024-09-01,2251010.9817227167,1871264.9044854536,878085.6565731413,ilheus-IPTU,ilheus,IPTU
2024-04-01,2024-04-01,6,2024-10-01,2022162.6259630015,1852452.8695405247,878085.6565731413,ilheus-IPTU,ilheus,IPTU
2024-04-01,2024-04-01,7,2024-11-01,2201702.753328437,1563151.9012503542,878085.6565731413,ilheus-IPTU,ilheus,IPTU
2024-04-01,2024-04-01,8,2024-12-01,1694424.8208521737,1692436.565821926,878085.6565731413,ilheus-IPTU,ilheus,IPTU
2024-04-01,2024-04-01,9,2025-01-01,2108465.286890068,1818339.8758595956,878085.6565731413,ilheus-IPTU,ilheus,IPTU
2024-04-01,2024-04-01,10,2025-02-01,2371216.706139471,3560309.718512514,878085.6565731413,ilheus-IPTU,ilheus,IPTU
2024-04-01,2024-04-01,11,2025-03-01,3310719.619677425,5436038.336382063,878085.6565731413,ilheus-IPTU,ilheus,IPTU
2024-04-01,2024-04-01,12,2025-04-01,6114395.71252974,5563962.3127902765,878085.6565731413,ilheus-IPTU,ilheus,IPTU
2024-05-01,2024-05-01,1,2024-06-01,1346108.831895152,2197938.2681886563,874112.6122048295,ilheus-IPTU,ilheus,IPTU
2024-05-01,2024-05-01,2,2024-07-01,1525676.4134805854,1926535.1641021387,874112.6122048295,ilheus-IPTU,ilheus,IPTU
2024-05-01,2024-05-01,3,2024-08-01,1524774.8231291657,2236762.8882161607,874112.6122048295,ilheus-IPTU,ilheus,IPTU
2024-05-01,2024-05-01,4,2024-09-01,2251010.9817227167,1884270.8804753092,874112.6122048295,ilheus-IPTU,ilheus,IPTU
2024-05-01,2024-05-01,5,2024-10-01,2022162.6259630015,1813367.3867577163,874112.6122048295,ilheus-IPTU,ilheus,IPTU
2024-05-01,2024-05-01,6,2024-11-01,2201702.753328437,1572400.6740231407,874112.6122048295,ilheus-IPTU,ilheus,IPTU
2024-05-01,2024-05-01,7,2024-12-01,1694424.8208521737,1669825.8681332353,874112.6122048295,ilheus-IPTU,ilheus,IPTU
2024-05-01,2024-05-01,8,2025-01-01,2108465.286890068,1851162.9569026357,874112.6122048295,ilheus-IPTU,ilheus,IPTU
2024-05-01,2024-05-01,9,2025-02-01,2371216.706139471,3600354.294855842,874112.6122048295,ilheus-IPTU,ilheus,IPTU
2024-05-01,2024-05-01,10,2025-03-01,3310719.619677425,5466166.774486948,874112.6122048295,ilheus-IPTU,ilheus,IPTU
2024-05-01,2024-05-01,11,2025-04-01,6114395.71252974,5675986.244599283,874112.6122048295,ilheus-IPTU,ilheus,IPTU
2024-05-01,2024-05-01,12,2025-05-01,10674921.144211657,3565057.3281431445,874112.6122048295,ilheus-IPTU,ilheus,IPTU
2024-06-01,2024-06-01,1,2024-07-01,1525676.4134805854,1893698.4420959188,869315.9473684988,ilheus-IPTU,ilheus,IPTU
2024-06-01,2024-06-01,2,2024-08-01,1524774.8231291657,2230647.3127070153,869315.9473684988,ilheus-IPTU,ilheus,IPTU
2024-06-01,2024-06-01,3,2024-09-01,2251010.9817227167,1838911.8227297554,869315.9473684988,ilheus-IPTU,ilheus,IPTU
2024-06-01,2024-06-01,4,2024-10-01,2022162.6259630015,1792255.925954959,869315.9473684988,ilheus-IPTU,ilheus,IPTU
2024-06-01,2024-06-01,5,2024-11-01,2201702.753328437,1561557.882451835,869315.9473684988,ilheus-IPTU,ilheus,IPTU
2024-06-01,2024-06-01,6,2024-12-01,1694424.8208521737,1682276.1350417358,869315.9473684988,ilheus-IPTU,ilheus,IPTU
2024-06-01,2024-06-01,7,2025-01-01,2108465.286890068,1841429.9349229634,869315.9473684988,ilheus-IPTU,ilheus,IPTU
2024-06-01,2024-06-01,8,2025-02-01,2371216.706139471,3532608.25801064,869315.9473684988,ilheus-IPTU,ilheus,IPTU
2024-06-01,2024-06-01,9,2025-03-01,3310719.619677425,5408917.474883713,869315.9473684988,ilheus-IPTU,ilheus,IPTU
2024-06-01,2024-06-01,10,2025-04-01,6114395.71252974,5640862.69539361,869315.9473684988,ilheus-IPTU,ilheus,IPTU
2024-06-01,2024-06-01,11,2025-05-01,10674921.144211657,3471510.31341429,869315.9473684988,ilheus-IPTU,ilheus,IPTU
2024-06-01,2024-06-01,12,2025-06-01,2481588.5542101185,2049653.746724308,869315.9473684988,ilheus-IPTU,ilheus,IPTU
2024-07-01,2024-07-01,1,2024-08-01,1524774.8231291657,2173826.523136815,863051.0914278884,ilheus-IPTU,ilheus,IPTU
2024-07-01,2024-07-01,2,2024-09-01,2251010.9817227167,1825967.2837122334,863051.0914278884,ilheus-IPTU,ilheus,IPTU
2024-07-01,2024-07-01,3,2024-10-01,2022162.6259630015,1751290.9243158826,863051.0914278884,ilheus-IPTU,ilheus,IPTU
2024-07-01,2024-07-01,4,2024-11-01,2201702.753328437,1515239.83402234,863051.0914278884,ilheus-IPTU,ilheus,IPTU
2024-07-01,2024-07-01,5,2024-12-01,1694424.8208521737,1630655.201356404,863051.0914278884,ilheus-IPTU,ilheus,IPTU
2024-07-01,2024-07-01,6,2025-01-01,2108465.286890068,1781107.5304564845,863051.0914278884,ilheus-IPTU,ilheus,IPTU
2024-07-01,2024-07-01,7,2025-02-01,2371216.706139471,3451931.1082574106,863051.0914278884,ilheus-IPTU,ilheus,IPTU
2024-07-01,2024-07-01,8,2025-03-01,3310719.619677425,5344927.846807558,863051.0914278884,ilheus-IPTU,ilheus,IPTU
2024-07-01,2024-07-01,9,2025-04-01,6114395.71252974,5380605.582281708,863051.0914278884,ilheus-IPTU,ilheus,IPTU
2024-07-01,2024-07-01,10,2025-05-01,10674921.144211657,3364634.4713505926,863051.0914278884,ilheus-IPTU,ilheus,IPTU
2024-07-01,2024-07-01,11,2025-06-01,2481588.5542101185,2064916.7858398764,863051.0914278884,ilheus-IPTU,ilheus,IPTU
2024-07-01,2024-07-01,12,2025-07-01,3060644.6314035594,1921782.7616346332,863051.0914278884,ilheus-IPTU,ilheus,IPTU
2024-08-01,2024-08-01,1,2024-09-01,2251010.9817227167,1803252.1059987661,863401.3576295645,ilheus-IPTU,ilheus,IPTU
2024-08-01,2024-08-01,2,2024-10-01,2022162.6259630015,1761685.4603860285,863401.3576295645,ilheus-IPTU,ilheus,IPTU
2024-08-01,2024-08-01,3,2024-11-01,2201702.753328437,1515118.8140363398,863401.3576295645,ilheus-IPTU,ilheus,IPTU
2024-08-01,2024-08-01,4,2024-12-01,1694424.8208521737,1644170.327133271,863401.3576295645,ilheus-IPTU,ilheus,IPTU
2024-08-01,2024-08-01,5,2025-01-01,2108465.286890068,1810517.7497355137,863401.3576295645,ilheus-IPTU,ilheus,IPTU
2024-08-01,2024-08-01,6,2025-02-01,2371216.706139471,3497917.7281985236,863401.3576295645,ilheus-IPTU,ilheus,IPTU
2024-08-01,2024-08-01,7,2025-03-01,3310719.619677425,5343635.353866279,863401.3576295645,ilheus-IPTU,ilheus,IPTU
2024-08-01,2024-08-01,8,2025-04-01,6114395.71252974,5412859.419998346,863401.3576295645,ilheus-IPTU,ilheus,IPTU
2024-08-01,2024-08-01,9,2025-05-01,10674921.144211657,3427209.872870067,863401.3576295645,ilheus-IPTU,ilheus,IPTU
2024-08-01,2024-08-01,10,2025-06-01,2481588.5542101185,2005640.45774185,863401.3576295645,ilheus-IPTU,ilheus,IPTU
2024-08-01,2024-08-01,11,2025-07-01,3060644.6314035594,1905033.3063622164,863401.3576295645,ilheus-IPTU,ilheus,IPTU
2024-08-01,2024-08-01,12,2025-08-01,3181433.012194698,2139957.1600148226,863401.3576295645,ilheus-IPTU,ilheus,IPTU
2024-09-01,2024-09-01,1,2024-10-01,2022162.6259630015,1761049.2096207172,857437.9768163745,ilheus-IPTU,ilheus,IPTU
2024-09-01,2024-09-01,2,2024-11-01,2201702.753328437,1486321.436121236,857437.9768163745,ilheus-IPTU,ilheus,IPTU
2024-09-01,2024-09-01,3,2024-12-01,1694424.8208521737,1607128.0467468684,857437.9768163745,ilheus-IPTU,ilheus,IPTU
2024-09-01,2024-09-01,4,2025-01-01,2108465.286890068,1782389.529606178,857437.9768163745,ilheus-IPTU,ilheus,IPTU
2024-09-01,2024-09-01,5,2025-02-01,2371216.706139471,3417744.871874782,857437.9768163745,ilheus-IPTU,ilheus,IPTU
2024-09-01,2024-09-01,6,2025-03-01,3310719.619677425,5171823.337745574,857437.9768163745,ilheus-IPTU,ilheus,IPTU
2024-09-01,2024-09-01,7,2025-04-01,6114395.71252974,5346596.88553171,857437.9768163745,ilheus-IPTU,ilheus,IPTU
2024-09-01,2024-09-01,8,2025-05-01,10674921.144211657,3307359.6396501963,857437.9768163745,ilheus-IPTU,ilheus,IPTU
2024-09-01,2024-09-01,9,2025-06-01,2481588.5542101185,1979779.947093525,857437.9768163745,ilheus-IPTU,ilheus,IPTU
2024-09-01,2024-09-01,10,2025-07-01,3060644.6314035594,1900854.676364971,857437.9768163745,ilheus-IPTU,ilheus,IPTU
2024-09-01,2024-09-01,11,2025-08-01,3181433.012194698,2183782.837936527,857437.9768163745,ilheus-IPTU,ilheus,IPTU
2024-09-01,2024-09-01,12,2025-09-01,2176992.6733736745,1883024.529463254,857437.9768163745,ilheus-IPTU,ilheus,IPTU
2024-10-01,2024-10-01,1,2024-11-01,2201702.753328437,1498247.7650705935,853457.0656824873,ilheus-IPTU,ilheus,IPTU
2024-10-01,2024-10-01,2,2024-12-01,1694424.8208521737,1691463.1403166545,853457.0656824873,ilheus-IPTU,ilheus,IPTU
2024-10-01,2024-10-01,3,2025-01-01,2108465.286890068,1778791.2382489522,853457.0656824873,ilheus-IPTU,ilheus,IPTU
2024-10-01,2024-10-01,4,2025-02-01,2371216.706139471,3474758.422882296,853457.0656824873,ilheus-IPTU,ilheus,IPTU
2024-10-01,2024-10-01,5,2025-03-01,3310719.619677425,5274842.603735781,853457.0656824873,ilheus-IPTU,ilheus,IPTU
2024-10-01,2024-10-01,6,2025-04-01,6114395.71252974,5471017.104883322,853457.0656824873,ilheus-IPTU,ilheus,IPTU
2024-10-01,2024-10-01,7,2025-05-01,10674921.144211657,3372346.0480116624,853457.0656824873,ilheus-IPTU,ilheus,IPTU
2024-10-01,2024-10-01,8,2025-06-01,2481588.5542101185,2080559.4249091146,853457.0656824873,ilheus-IPTU,ilheus,IPTU
2024-10-01,2024-10-01,9,2025-07-01,3060644.6314035594,1919376.014760441,853457.0656824873,ilheus-IPTU,ilheus,IPTU
2024-10-01,2024-10-01,10,2025-08-01,3181433.012194698,2141630.7509903437,853457.0656824873,ilheus-IPTU,ilheus,IPTU
2024-10-01,2024-10-01,11,2025-09-01,2176992.6733736745,1852000.2280732489,853457.0656824873,ilheus-IPTU,ilheus,IPTU
2024-10-01,2024-10-01,12,2025-10-01,3969900.331450771,1820464.5183521542,853457.0656824873,ilheus-IPTU,ilheus,IPTU
2024-11-01,2024-11-01,1,2024-12-01,1694424.8208521737,1636819.3707420798,854570.3089230938,ilheus-IPTU,ilheus,IPTU
2024-11-01,2024-11-01,2,2025-01-01,2108465.286890068,1832474.512066051,854570.3089230938,ilheus-IPTU,ilheus,IPTU
2024-11-01,2024-11-01,3,2025-02-01,2371216.706139471,3475538.5938002435,854570.3089230938,ilheus-IPTU,ilheus,IPTU
2024-11-01,2024-11-01,4,2025-03-01,3310719.619677425,5419574.537324587,854570.3089230938,ilheus-IPTU,ilheus,IPTU
2024-11-01,2024-11-01,5,2025-04-01,6114395.71252974,5482827.907324801,854570.3089230938,ilheus-IPTU,ilheus,IPTU
2024-11-01,2024-11-01,6,2025-05-01,10674921.144211657,3484275.440897766,854570.3089230938,ilheus-IPTU,ilheus,IPTU
2024-11-01,2024-11-01,7,2025-06-01,2481588.5542101185,2058551.3981586145,854570.3089230938,ilheus-IPTU,ilheus,IPTU
2024-11-01,2024-11-01,8,2025-07-01,3060644.6314035594,1918296.5429094154,854570.3089230938,ilheus-IPTU,ilheus,IPTU
2024-11-01,2024-11-01,9,2025-08-01,3181433.012194698,2143948.7164855534,854570.3089230938,ilheus-IPTU,ilheus,IPTU
2024-11-01,2024-11-01,10,2025-09-01,2176992.6733736745,1897617.7723672485,854570.3089230938,ilheus-IPTU,ilheus,IPTU
2024-11-01,2024-11-01,11,2025-10-01,3969900.331450771,1848156.7249572685,854570.3089230938,ilheus-IPTU,ilheus,IPTU
2024-11-01,2024-11-01,12,2025-11-01,2599706.7557239616,1613454.3988176836,854570.3089230938,ilheus-IPTU,ilheus,IPTU
2024-12-01,2024-12-01,1,2025-01-01,2108465.286890068,1797981.810742175,848099.6403725019,ilheus-IPTU,ilheus,IPTU
2024-12-01,2024-12-01,2,2025-02-01,2371216.706139471,3404010.0963534676,848099.6403725019,ilheus-IPTU,ilheus,IPTU
2024-12-01,2024-12-01,3,2025-03-01,3310719.619677425,5329197.025892808,848099.6403725019,ilheus-IPTU,ilheus,IPTU
2024-12-01,2024-12-01,4,2025-04-01,6114395.71252974,5378694.864381059,848099.6403725019,ilheus-IPTU,ilheus,IPTU
2024-12-01,2024-12-01,5,2025-05-01,10674921.144211657,3365367.133386716,848099.6403725019,ilheus-IPTU,ilheus,IPTU
2024-12-01,2024-12-01,6,2025-06-01,2481588.5542101185,2076196.985593581,848099.6403725019,ilheus-IPTU,ilheus,IPTU
2024-12-01,2024-12-01,7,2025-07-01,3060644.6314035594,1891565.313584111,848099.6403725019,ilheus-IPTU,ilheus,IPTU
2024-12-01,2024-12-01,8,2025-08-01,3181433.012194698,2153885.36171387,848099.6403725019,ilheus-IPTU,ilheus,IPTU
2024-12-01,2024-12-01,9,2025-09-01,2176992.6733736745,1874532.7170633005,848099.6403725019,ilheus-IPTU,ilheus,IPTU
2024-12-01,2024-12-01,10,2025-10-01,3969900.331450771,1787862.37952665,848099.6403725019,ilheus-IPTU,ilheus,IPTU
2024-12-01,2024-12-01,11,2025-11-01,2599706.7557239616,1590600.8182305251,848099.6403725019,ilheus-IPTU,ilheus,IPTU
2024-12-01,2024-12-01,12,2025-12-01,4295550.76,1653949.409177661,848099.6403725019,ilheus-IPTU,ilheus,IPTU
2025-01-01,2025-01-01,1,2025-02-01,2371216.706139471,3432966.876186611,843193.8456320835,ilheus-IPTU,ilheus,IPTU
2025-01-01,2025-01-01,2,2025-03-01,3310719.619677425,5330000.656419762,843193.8456320835,ilheus-IPTU,ilheus,IPTU
2025-01-01,2025-01-01,3,2025-04-01,6114395.71252974,5385580.316706586,843193.8456320835,ilheus-IPTU,ilheus,IPTU
2025-01-01,2025-01-01,4,2025-05-01,10674921.144211657,3390212.429683266,843193.8456320835,ilheus-IPTU,ilheus,IPTU
2025-01-01,2025-01-01,5,2025-06-01,2481588.5542101185,2053486.5289387072,843193.8456320835,ilheus-IPTU,ilheus,IPTU
2025-01-01,2025-01-01,6,2025-07-01,3060644.6314035594,1885260.742439007,843193.8456320835,ilheus-IPTU,ilheus,IPTU
2025-01-01,2025-01-01,7,2025-08-01,3181433.012194698,2120491.8149831155,843193.8456320835,ilheus-IPTU,ilheus,IPTU
2025-01-01,2025-01-01,8,2025-09-01,2176992.6733736745,1881471.6684088197,843193.8456320835,ilheus-IPTU,ilheus,IPTU
2025-01-01,2025-01-01,9,2025-10-01,3969900.331450771,1815220.1492584297,843193.8456320835,ilheus-IPTU,ilheus,IPTU
2025-01-01,2025-01-01,10,2025-11-01,2599706.7557239616,1582762.7712574892,843193.8456320835,ilheus-IPTU,ilheus,IPTU
2025-01-01,2025-01-01,11,2025-12-01,4295550.76,1655661.7213068942,843193.8456320835,ilheus-IPTU,ilheus,IPTU
2025-02-01,2025-02-01,1,2025-03-01,3310719.619677425,5333070.718273164,838024.6203621906,ilheus-IPTU,ilheus,IPTU
2025-02-01,2025-02-01,2,2025-04-01,6114395.71252974,5562094.089071381,838024.6203621906,ilheus-IPTU,ilheus,IPTU
2025-02-01,2025-02-01,3,2025-05-01,10674921.144211657,3353529.8137217877,838024.6203621906,ilheus-IPTU,ilheus,IPTU
2025-02-01,2025-02-01,4,2025-06-01,2481588.5542101185,2097471.316157641,838024.6203621906,ilheus-IPTU,ilheus,IPTU
2025-02-01,2025-02-01,5,2025-07-01,3060644.6314035594,1905744.8831719537,838024.6203621906,ilheus-IPTU,ilheus,IPTU
2025-02-01,2025-02-01,6,2025-08-01,3181433.012194698,2111295.7387998924,838024.6203621906,ilheus-IPTU,ilheus,IPTU
2025-02-01,2025-02-01,7,2025-09-01,2176992.6733736745,1887008.9123755705,838024.6203621906,ilheus-IPTU,ilheus,IPTU
2025-02-01,2025-02-01,8,2025-10-01,3969900.331450771,1832158.7702473528,838024.6203621906,ilheus-IPTU,ilheus,IPTU
2025-02-01,2025-02-01,9,2025-11-01,2599706.7557239616,1615064.2793117599,838024.6203621906,ilheus-IPTU,ilheus,IPTU
2025-02-01,2025-02-01,10,2025-12-01,4295550.76,1696424.7896819015,838024.6203621906,ilheus-IPTU,ilheus,IPTU
2025-03-01,2025-03-01,1,2025-04-01,6114395.71252974,5388163.602499657,847471.6396031106,ilheus-IPTU,ilheus,IPTU
2025-03-01,2025-03-01,2,2025-05-01,10674921.144211657,3427886.009698508,847471.6396031106,ilheus-IPTU,ilheus,IPTU
2025-03-01,2025-03-01,3,2025-06-01,2481588.5542101185,2056283.6773615282,847471.6396031106,ilheus-IPTU,ilheus,IPTU
2025-03-01,2025-03-01,4,2025-07-01,3060644.6314035594,1910104.8330461637,847471.6396031106,ilheus-IPTU,ilheus,IPTU
2025-03-01,2025-03-01,5,2025-08-01,3181433.012194698,2017859.921107758,847471.6396031106,ilheus-IPTU,ilheus,IPTU
2025-03-01,2025-03-01,6,2025-09-01,2176992.6733736745,1885435.5146507942,847471.6396031106,ilheus-IPTU,ilheus,IPTU
2025-03-01,2025-03-01,7,2025-10-01,3969900.331450771,1804224.3377006256,847471.6396031106,ilheus-IPTU,ilheus,IPTU
2025-03-01,2025-03-01,8,2025-11-01,2599706.7557239616,1560750.5289113787,847471.6396031106,ilheus-IPTU,ilheus,IPTU
2025-03-01,2025-03-01,9,2025-12-01,4295550.76,1639389.8902514316,847471.6396031106,ilheus-IPTU,ilheus,IPTU
2025-04-01,2025-04-01,1,2025-05-01,10674921.144211657,3459016.0228561168,861018.362071019,ilheus-IPTU,ilheus,IPTU
2025-04-01,2025-04-01,2,2025-06-01,2481588.5542101185,1974429.9632182012,861018.362071019,ilheus-IPTU,ilheus,IPTU
2025-04-01,2025-04-01,3,2025-07-01,3060644.6314035594,1882618.1767912912,861018.362071019,ilheus-IPTU,ilheus,IPTU
2025-04-01,2025-04-01,4,2025-08-01,3181433.012194698,2042845.429708554,861018.362071019,ilheus-IPTU,ilheus,IPTU
2025-04-01,2025-04-01,5,2025-09-01,2176992.6733736745,1865035.1069365162,861018.362071019,ilheus-IPTU,ilheus,IPTU
2025-04-01,2025-04-01,6,2025-10-01,3969900.331450771,1770091.0409960588,861018.362071019,ilheus-IPTU,ilheus,IPTU
2025-04-01,2025-04-01,7,2025-11-01,2599706.7557239616,1550737.7057917784,861018.362071019,ilheus-IPTU,ilheus,IPTU
2025-04-01,2025-04-01,8,2025-12-01,4295550.76,1668490.237967176,861018.362071019,ilheus-IPTU,ilheus,IPTU
2025-05-01,2025-05-01,1,2025-06-01,2481588.5542101185,2072743.3415036967,916469.6052500417,ilheus-IPTU,ilheus,IPTU
2025-05-01,2025-05-01,2,2025-07-01,3060644.6314035594,1922692.906767918,916469.6052500417,ilheus-IPTU,ilheus,IPTU
2025-05-01,2025-05-01,3,2025-08-01,3181433.012194698,2144289.4145384487,916469.6052500417,ilheus-IPTU,ilheus,IPTU
2025-05-01,2025-05-01,4,2025-09-01,2176992.6733736745,1936942.9427809892,916469.6052500417,ilheus-IPTU,ilheus,IPTU
2025-05-01,2025-05-01,5,2025-10-01,3969900.331450771,1868746.9685646815,916469.6052500417,ilheus-IPTU,ilheus,IPTU
2025-05-01,2025-05-01,6,2025-11-01,2599706.7557239616,1618660.4675848417,916469.6052500417,ilheus-IPTU,ilheus,IPTU
2025-05-01,2025-05-01,7,2025-12-01,4295550.76,1731814.9161999507,916469.6052500417,ilheus-IPTU,ilheus,IPTU
2025-06-01,2025-06-01,1,2025-07-01,3060644.6314035594,1949319.7402414607,918390.7466278042,ilheus-IPTU,ilheus,IPTU
2025-06-01,2025-06-01,2,2025-08-01,3181433.012194698,2121145.150613313,918390.7466278042,ilheus-IPTU,ilheus,IPTU
2025-06-01,2025-06-01,3,2025-09-01,2176992.6733736745,1922983.1522600472,918390.7466278042,ilheus-IPTU,ilheus,IPTU
2025-06-01,2025-06-01,4,2025-10-01,3969900.331450771,1859198.008701866,918390.7466278042,ilheus-IPTU,ilheus,IPTU
2025-06-01,2025-06-01,5,2025-11-01,2599706.7557239616,1617323.8972572668,918390.7466278042,ilheus-IPTU,ilheus,IPTU
2025-06-01,2025-06-01,6,2025-12-01,4295550.76,1749116.162011225,918390.7466278042,ilheus-IPTU,ilheus,IPTU
2025-07-01,2025-07-01,1,2025-08-01,3181433.012194698,2192017.3654266014,923752.2898564578,ilheus-IPTU,ilheus,IPTU
2025-07-01,2025-07-01,2,2025-09-01,2176992.6733736745,1957704.956957468,923752.2898564578,ilheus-IPTU,ilheus,IPTU
2025-07-01,2025-07-01,3,2025-10-01,3969900.331450771,1877691.3272036824,923752.2898564578,ilheus-IPTU,ilheus,IPTU
2025-07-01,2025-07-01,4,2025-11-01,2599706.7557239616,1661863.480684874,923752.2898564578,ilheus-IPTU,ilheus,IPTU
2025-07-01,2025-07-01,5,2025-12-01,4295550.76,1727100.03319589,923752.2898564578,ilheus-IPTU,ilheus,IPTU
2025-08-01,2025-08-01,1,2025-09-01,2176992.6733736745,1985749.3128617343,930070.4441599844,ilheus-IPTU,ilheus,IPTU
2025-08-01,2025-08-01,2,2025-10-01,3969900.331450771,1933128.116848679,930070.4441599844,ilheus-IPTU,ilheus,IPTU
2025-08-01,2025-08-01,3,2025-11-01,2599706.7557239616,1600465.0724716533,930070.4441599844,ilheus-IPTU,ilheus,IPTU
2025-08-01,2025-08-01,4,2025-12-01,4295550.76,1768526.3465438497,930070.4441599844,ilheus-IPTU,ilheus,IPTU
2025-09-01,2025-09-01,1,2025-10-01,3969900.331450771,1913905.2583333496,922753.7592385233,ilheus-IPTU,ilheus,IPTU
2025-09-01,2025-09-01,2,2025-11-01,2599706.7557239616,1644472.4100831237,922753.7592385233,ilheus-IPTU,ilheus,IPTU
2025-09-01,2025-09-01,3,2025-12-01,4295550.76,1717010.5186942364,922753.7592385233,ilheus-IPTU,ilheus,IPTU
2025-10-01,2025-10-01,1,2025-11-01,2599706.7557239616,1709029.8451523113,931440.0638677542,ilheus-IPTU,ilheus,IPTU
2025-10-01,2025-10-01,2,2025-12-01,4295550.76,1814226.2494941154,931440.0638677542,ilheus-IPTU,ilheus,IPTU
2025-11-01,2025-11-01,1,2025-12-01,4295550.76,1708239.8924363535,926957.407888996,ilheus-IPTU,ilheus,IPTU
2020-12-01,2020-12-01,1,2021-01-01,3833776.027698853,3163562.214194769,885601.6145158762,ilheus-ISSQN,ilheus,ISSQN
2020-12-01,2020-12-01,2,2021-02-01,1588571.2894411306,3163562.214194769,885601.6145158762,ilheus-ISSQN,ilheus,ISSQN
2020-12-01,2020-12-01,3,2021-03-01,3669865.341790646,3163562.214194769,885601.6145158762,ilheus-ISSQN,ilheus,ISSQN
2020-12-01,2020-12-01,4,2021-04-01,4153557.2956896494,3163562.214194769,885601.6145158762,ilheus-ISSQN,ilheus,ISSQN
2020-12-01,2020-12-01,5,2021-05-01,3453122.4012055863,3163562.214194769,885601.6145158762,ilheus-ISSQN,ilheus,ISSQN
2020-12-01,2020-12-01,6,2021-06-01,3570687.46514713,3163562.214194769,885601.6145158762,ilheus-ISSQN,ilheus,ISSQN
2020-12-01,2020-12-01,7,2021-07-01,5196171.231922152,3163562.214194769,885601.6145158762,ilheus-ISSQN,ilheus,ISSQN
2020-12-01,2020-12-01,8,2021-08-01,4443752.31085364,3163562.214194769,885601.6145158762,ilheus-ISSQN,ilheus,ISSQN
2020-12-01,2020-12-01,9,2021-09-01,4222245.176809426,3163562.214194769,885601.6145158762,ilheus-ISSQN,ilheus,ISSQN
2020-12-01,2020-12-01,10,2021-10-01,2634720.4943755055,3163562.214194769,885601.6145158762,ilheus-ISSQN,ilheus,ISSQN
2020-12-01,2020-12-01,11,2021-11-01,1977895.37325985,3163562.214194769,885601.6145158762,ilheus-ISSQN,ilheus,ISSQN
2020-12-01,2020-12-01,12,2021-12-01,1851041.825639648,3163562.214194769,885601.6145158762,ilheus-ISSQN,ilheus,ISSQN
2021-01-01,2021-01-01,1,2021-02-01,1588571.2894411306,3214551.2682775166,880346.2880424437,ilheus-ISSQN,ilheus,ISSQN
2021-01-01,2021-01-01,2,2021-03-01,3669865.341790646,3214551.2682775166,880346.2880424437,ilheus-ISSQN,ilheus,ISSQN
2021-01-01,2021-01-01,3,2021-04-01,4153557.2956896494,3214551.2682775166,880346.2880424437,ilheus-ISSQN,ilheus,ISSQN
2021-01-01,2021-01-01,4,2021-05-01,3453122.4012055863,3214551.2682775166,880346.2880424437,ilheus-ISSQN,ilheus,ISSQN
2021-01-01,2021-01-01,5,2021-06-01,3570687.46514713,3214551.2682775166,880346.2880424437,ilheus-ISSQN,ilheus,ISSQN
2021-01-01,2021-01-01,6,2021-07-01,5196171.231922152,3214551.2682775166,880346.2880424437,ilheus-ISSQN,ilheus,ISSQN
2021-01-01,2021-01-01,7,2021-08-01,4443752.31085364,3214551.2682775166,880346.2880424437,ilheus-ISSQN,ilheus,ISSQN
2021-01-01,2021-01-01,8,2021-09-01,4222245.176809426,3214551.2682775166,880346.2880424437,ilheus-ISSQN,ilheus,ISSQN
2021-01-01,2021-01-01,9,2021-10-01,2634720.4943755055,3214551.2682775166,880346.2880424437,ilheus-ISSQN,ilheus,ISSQN
2021-01-01,2021-01-01,10,2021-11-01,1977895.37325985,3214551.2682775166,880346.2880424437,ilheus-ISSQN,ilheus,ISSQN
2021-01-01,2021-01-01,11,2021-12-01,1851041.825639648,3214551.2682775166,880346.2880424437,ilheus-ISSQN,ilheus,ISSQN
2021-01-01,2021-01-01,12,2022-01-01,4595502.996233166,3214551.2682775166,880346.2880424437,ilheus-ISSQN,ilheus,ISSQN
2021-02-01,2021-02-01,1,2021-03-01,3669865.341790646,3043626.634320938,888589.8579463329,ilheus-ISSQN,ilheus,ISSQN
2021-02-01,2021-02-01,2,2021-04-01,4153557.2956896494,3043626.634320938,888589.8579463329,ilheus-ISSQN,ilheus,ISSQN
2021-02-01,2021-02-01,3,2021-05-01,3453122.4012055863,3043626.634320938,888589.8579463329,ilheus-ISSQN,ilheus,ISSQN
2021-02-01,2021-02-01,4,2021-06-01,3570687.46514713,3043626.634320938,888589.8579463329,ilheus-ISSQN,ilheus,ISSQN
2021-02-01,2021-02-01,5,2021-07-01,5196171.231922152,3043626.634320938,888589.8579463329,ilheus-ISSQN,ilheus,ISSQN
2021-02-01,2021-02-01,6,2021-08-01,4443752.31085364,3043626.634320938,888589.8579463329,ilheus-ISSQN,ilheus,ISSQN
2021-02-01,2021-02-01,7,2021-09-01,4222245.176809426,3043626.634320938,888589.8579463329,ilheus-ISSQN,ilheus,ISSQN
2021-02-01,2021-02-01,8,2021-10-01,2634720.4943755055,3043626.634320938,888589.8579463329,ilheus-ISSQN,ilheus,ISSQN
2021-02-01,2021-02-01,9,2021-11-01,1977895.37325985,3043626.634320938,888589.8579463329,ilheus-ISSQN,ilheus,ISSQN
2021-02-01,2021-02-01,10,2021-12-01,1851041.825639648,3043626.634320938,888589.8579463329,ilheus-ISSQN,ilheus,ISSQN
2021-02-01,2021-02-01,11,2022-01-01,4595502.996233166,3043626.634320938,888589.8579463329,ilheus-ISSQN,ilheus,ISSQN
2021-02-01,2021-02-01,12,2022-02-01,3599759.875636779,3043626.634320938,888589.8579463329,ilheus-ISSQN,ilheus,ISSQN
2021-03-01,2021-03-01,1,2021-04-01,4153557.2956896494,3088829.5792217837,883073.4298261817,ilheus-ISSQN,ilheus,ISSQN
2021-03-01,2021-03-01,2,2021-05-01,3453122.4012055863,3088829.5792217837,883073.4298261817,ilheus-ISSQN,ilheus,ISSQN
2021-03-01,2021-03-01,3,2021-06-01,3570687.46514713,3088829.5792217837,883073.4298261817,ilheus-ISSQN,ilheus,ISSQN
2021-03-01,2021-03-01,4,2021-07-01,5196171.231922152,3088829.5792217837,883073.4298261817,ilheus-ISSQN,ilheus,ISSQN
2021-03-01,2021-03-01,5,2021-08-01,4443752.31085364,3088829.5792217837,883073.4298261817,ilheus-ISSQN,ilheus,ISSQN
2021-03-01,2021-03-01,6,2021-09-01,4222245.176809426,3088829.5792217837,883073.4298261817,ilheus-ISSQN,ilheus,ISSQN
2021-03-01,2021-03-01,7,2021-10-01,2634720.4943755055,3088829.5792217837,883073.4298261817,ilheus-ISSQN,ilheus,ISSQN
2021-03-01,2021-03-01,8,2021-11-01,1977895.37325985,3088829.5792217837,883073.4298261817,ilheus-ISSQN,ilheus,ISSQN
2021-03-01,2021-03-01,9,2021-12-01,1851041.825639648,3088829.5792217837,883073.4298261817,ilheus-ISSQN,ilheus,ISSQN
2021-03-01,2021-03-01,10,2022-01-01,4595502.996233166,3088829.5792217837,883073.4298261817,ilheus-ISSQN,ilheus,ISSQN
2021-03-01,2021-03-01,11,2022-02-01,3599759.875636779,3088829.5792217837,883073.4298261817,ilheus-ISSQN,ilheus,ISSQN
2021-03-01,2021-03-01,12,2022-03-01,3916152.370216925,3088829.5792217837,883073.4298261817,ilheus-ISSQN,ilheus,ISSQN
2021-04-01,2021-04-01,1,2021-05-01,3453122.4012055863,3154158.3029499464,869838.3967731856,ilheus-ISSQN,ilheus,ISSQN
2021-04-01,2021-04-01,2,2021-06-01,3570687.46514713,3154158.3029499464,869838.3967731856,ilheus-ISSQN,ilheus,ISSQN
2021-04-01,2021-04-01,3,2021-07-01,5196171.231922152,3154158.3029499464,869838.3967731856,ilheus-ISSQN,ilheus,ISSQN
2021-04-01,2021-04-01,4,2021-08-01,4443752.31085364,3154158.3029499464,869838.3967731856,ilheus-ISSQN,ilheus,ISSQN
2021-04-01,2021-04-01,5,2021-09-01,4222245.176809426,3154158.3029499464,869838.3967731856,ilheus-ISSQN,ilheus,ISSQN
2021-04-01,2021-04-01,6,2021-10-01,2634720.4943755055,3154158.3029499464,869838.3967731856,ilheus-ISSQN,ilheus,ISSQN
2021-04-01,2021-04-01,7,2021-11-01,1977895.37325985,3154158.3029499464,869838.3967731856,ilheus-ISSQN,ilheus,ISSQN
2021-04-01,2021-04-01,8,2021-12-01,1851041.825639648,3154158.3029499464,869838.3967731856,ilheus-ISSQN,ilheus,ISSQN
2021-04-01,2021-04-01,9,2022-01-01,4595502.996233166,3154158.3029499464,869838.3967731856,ilheus-ISSQN,ilheus,ISSQN
2021-04-01,2021-04-01,10,2022-02-01,3599759.875636779,3154158.3029499464,869838.3967731856,ilheus-ISSQN,ilheus,ISSQN
2021-04-01,2021-04-01,11,2022-03-01,3916152.370216925,3154158.3029499464,869838.3967731856,ilheus-ISSQN,ilheus,ISSQN
2021-04-01,2021-04-01,12,2022-04-01,4291180.637975705,3154158.3029499464,869838.3967731856,ilheus-ISSQN,ilheus,ISSQN
2021-05-01,2021-05-01,1,2021-06-01,3570687.46514713,3173911.578692117,873505.6528754403,ilheus-ISSQN,ilheus,ISSQN
2021-05-01,2021-05-01,2,2021-07-01,5196171.231922152,3173911.578692117,873505.6528754403,ilheus-ISSQN,ilheus,ISSQN
2021-05-01,2021-05-01,3,2021-08-01,4443752.31085364,3173911.578692117,873505.6528754403,ilheus-ISSQN,ilheus,ISSQN
2021-05-01,2021-05-01,4,2021-09-01,4222245.176809426,3173911.578692117,873505.6528754403,ilheus-ISSQN,ilheus,ISSQN
2021-05-01,2021-05-01,5,2021-10-01,2634720.4943755055,3173911.578692117,873505.6528754403,ilheus-ISSQN,ilheus,ISSQN
2021-05-01,2021-05-01,6,2021-11-01,1977895.37325985,3173911.578692117,873505.6528754403,ilheus-ISSQN,ilheus,ISSQN
2021-05-01,2021-05-01,7,2021-12-01,1851041.825639648,3173911.578692117,873505.6528754403,ilheus-ISSQN,ilheus,ISSQN
2021-05-01,2021-05-01,8,2022-01-01,4595502.996233166,3173911.578692117,873505.6528754403,ilheus-ISSQN,ilheus,ISSQN
2021-05-01,2021-05-01,9,2022-02-01,3599759.875636779,3173911.578692117,873505.6528754403,ilheus-ISSQN,ilheus,ISSQN
2021-05-01,2021-05-01,10,2022-03-01,3916152.370216925,3173911.578692117,873505.6528754403,ilheus-ISSQN,ilheus,ISSQN
2021-05-01,2021-05-01,11,2022-04-01,4291180.637975705,3173911.578692117,873505.6528754403,ilheus-ISSQN,ilheus,ISSQN
2021-05-01,2021-05-01,12,2022-05-01,5257128.1446916275,3173911.578692117,873505.6528754403,ilheus-ISSQN,ilheus,ISSQN
2021-06-01,2021-06-01,1,2021-07-01,5196171.231922152,3200748.208933623,872481.1593890731,ilheus-ISSQN,ilheus,ISSQN
2021-06-01,2021-06-01,2,2021-08-01,4443752.31085364,3200748.208933623,872481.1593890731,ilheus-ISSQN,ilheus,ISSQN
2021-06-01,2021-06-01,3,2021-09-01,4222245.176809426,3200748.208933623,872481.1593890731,ilheus-ISSQN,ilheus,ISSQN
2021-06-01,2021-06-01,4,2021-10-01,2634720.4943755055,3200748.208933623,872481.1593890731,ilheus-ISSQN,ilheus,ISSQN
2021-06-01,2021-06-01,5,2021-11-01,1977895.37325985,3200748.208933623,872481.1593890731,ilheus-ISSQN,ilheus,ISSQN
2021-06-01,2021-06-01,6,2021-12-01,1851041.825639648,3200748.208933623,872481.1593890731,ilheus-ISSQN,ilheus,ISSQN
2021-06-01,2021-06-01,7,2022-01-01,4595502.996233166,3200748.208933623,872481.1593890731,ilheus-ISSQN,ilheus,ISSQN
2021-06-01,2021-06-01,8,2022-02-01,3599759.875636779,3200748.208933623,872481.1593890731,ilheus-ISSQN,ilheus,ISSQN
2021-06-01,2021-06-01,9,2022-03-01,3916152.370216925,3200748.208933623,872481.1593890731,ilheus-ISSQN,ilheus,ISSQN
2021-06-01,2021-06-01,10,2022-04-01,4291180.637975705,3200748.208933623,872481.1593890731,ilheus-ISSQN,ilheus,ISSQN
2021-06-01,2021-06-01,11,2022-05-01,5257128.1446916275,3200748.208933623,872481.1593890731,ilheus-ISSQN,ilheus,ISSQN
2021-06-01,2021-06-01,12,2022-06-01,5307608.8770729955,3200748.208933623,872481.1593890731,ilheus-ISSQN,ilheus,ISSQN
2021-07-01,2021-07-01,1,2021-08-01,4443752.31085364,3324895.2773247887,870448.9488895449,ilheus-ISSQN,ilheus,ISSQN
2021-07-01,2021-07-01,2,2021-09-01,4222245.176809426,3324895.2773247887,870448.9488895449,ilheus-ISSQN,ilheus,ISSQN
2021-07-01,2021-07-01,3,2021-10-01,2634720.4943755055,3324895.2773247887,870448.9488895449,ilheus-ISSQN,ilheus,ISSQN
2021-07-01,2021-07-01,4,2021-11-01,1977895.37325985,3324895.2773247887,870448.9488895449,ilheus-ISSQN,ilheus,ISSQN
2021-07-01,2021-07-01,5,2021-12-01,1851041.825639648,3324895.2773247887,870448.9488895449,ilheus-ISSQN,ilheus,ISSQN
2021-07-01,2021-07-01,6,2022-01-01,4595502.996233166,3324895.2773247887,870448.9488895449,ilheus-ISSQN,ilheus,ISSQN
2021-07-01,2021-07-01,7,2022-02-01,3599759.875636779,3324895.2773247887,870448.9488895449,ilheus-ISSQN,ilheus,ISSQN
2021-07-01,2021-07-01,8,2022-03-01,3916152.370216925,3324895.2773247887,870448.9488895449,ilheus-ISSQN,ilheus,ISSQN
2021-07-01,2021-07-01,9,2022-04-01,4291180.637975705,3324895.2773247887,870448.9488895449,ilheus-ISSQN,ilheus,ISSQN
2021-07-01,2021-07-01,10,2022-05-01,5257128.1446916275,3324895.2773247887,870448.9488895449,ilheus-ISSQN,ilheus,ISSQN
2021-07-01,2021-07-01,11,2022-06-01,5307608.8770729955,3324895.2773247887,870448.9488895449,ilheus-ISSQN,ilheus,ISSQN
2021-07-01,2021-07-01,12,2022-07-01,4379280.2105701715,3324895.2773247887,870448.9488895449,ilheus-ISSQN,ilheus,ISSQN
2021-08-01,2021-08-01,1,2021-09-01,4222245.176809426,3792438.1263984083,874474.7730374555,ilheus-ISSQN,ilheus,ISSQN
2021-08-01,2021-08-01,2,2021-10-01,2634720.4943755055,3832933.921247404,874474.7730374555,ilheus-ISSQN,ilheus,ISSQN
2021-08-01,2021-08-01,3,2021-11-01,1977895.37325985,2744253.6161795896,874474.7730374555,ilheus-ISSQN,ilheus,ISSQN
2021-08-01,2021-08-01,4,2021-12-01,1851041.825639648,3754707.9887227705,874474.7730374555,ilheus-ISSQN,ilheus,ISSQN
2021-08-01,2021-08-01,5,2022-01-01,4595502.996233166,3435927.767574445,874474.7730374555,ilheus-ISSQN,ilheus,ISSQN
2021-08-01,2021-08-01,6,2022-02-01,3599759.875636779,2282312.7694538417,874474.7730374555,ilheus-ISSQN,ilheus,ISSQN
2021-08-01,2021-08-01,7,2022-03-01,3916152.370216925,3439758.647260975,874474.7730374555,ilheus-ISSQN,ilheus,ISSQN
2021-08-01,2021-08-01,8,2022-04-01,4291180.637975705,3471399.6796467197,874474.7730374555,ilheus-ISSQN,ilheus,ISSQN
2021-08-01,2021-08-01,9,2022-05-01,5257128.1446916275,3563147.2244759584,874474.7730374555,ilheus-ISSQN,ilheus,ISSQN
2021-08-01,2021-08-01,10,2022-06-01,5307608.8770729955,3186321.967789314,874474.7730374555,ilheus-ISSQN,ilheus,ISSQN
2021-08-01,2021-08-01,11,2022-07-01,4379280.2105701715,4194204.755246609,874474.7730374555,ilheus-ISSQN,ilheus,ISSQN
2021-08-01,2021-08-01,12,2022-08-01,4468730.572282989,4050855.0865706885,874474.7730374555,ilheus-ISSQN,ilheus,ISSQN
2021-09-01,2021-09-01,1,2021-10-01,2634720.4943755055,3552739.4974716813,869484.2300280825,ilheus-ISSQN,ilheus,ISSQN
2021-09-01,2021-09-01,2,2021-11-01,1977895.37325985,2684633.371299635,869484.2300280825,ilheus-ISSQN,ilheus,ISSQN
2021-09-01,2021-09-01,3,2021-12-01,1851041.825639648,3474329.2368855886,869484.2300280825,ilheus-ISSQN,ilheus,ISSQN
2021-09-01,2021-09-01,4,2022-01-01,4595502.996233166,3356661.6430428526,869484.2300280825,ilheus-ISSQN,ilheus,ISSQN
2021-09-01,2021-09-01,5,2022-02-01,3599759.875636779,2306723.3477437715,869484.2300280825,ilheus-ISSQN,ilheus,ISSQN
2021-09-01,2021-09-01,6,2022-03-01,3916152.370216925,3414266.079628865,869484.2300280825,ilheus-ISSQN,ilheus,ISSQN
2021-09-01,2021-09-01,7,2022-04-01,4291180.637975705,3442719.833178016,869484.2300280825,ilheus-ISSQN,ilheus,ISSQN
2021-09-01,2021-09-01,8,2022-05-01,5257128.1446916275,3542278.639351002,869484.2300280825,ilheus-ISSQN,ilheus,ISSQN
2021-09-01,2021-09-01,9,2022-06-01,5307608.8770729955,3222415.0129810455,869484.2300280825,ilheus-ISSQN,ilheus,ISSQN
2021-09-01,2021-09-01,10,2022-07-01,4379280.2105701715,4104312.090332419,869484.2300280825,ilheus-ISSQN,ilheus,ISSQN
2021-09-01,2021-09-01,11,2022-08-01,4468730.572282989,3980916.809288566,869484.2300280825,ilheus-ISSQN,ilheus,ISSQN
2021-09-01,2021-09-01,12,2022-09-01,5802108.660436498,3817181.7809769167,869484.2300280825,ilheus-ISSQN,ilheus,ISSQN
2021-10-01,2021-10-01,1,2021-11-01,1977895.37325985,3395466.2454941887,870019.3496107172,ilheus-ISSQN,ilheus,ISSQN
2021-10-01,2021-10-01,2,2021-12-01,1851041.825639648,3395466.2454941887,870019.3496107172,ilheus-ISSQN,ilheus,ISSQN
2021-10-01,2021-10-01,3,2022-01-01,4595502.996233166,3395466.2454941887,870019.3496107172,ilheus-ISSQN,ilheus,ISSQN
2021-10-01,2021-10-01,4,2022-02-01,3599759.875636779,3395466.2454941887,870019.3496107172,ilheus-ISSQN,ilheus,ISSQN
2021-10-01,2021-10-01,5,2022-03-01,3916152.370216925,3395466.2454941887,870019.3496107172,ilheus-ISSQN,ilheus,ISSQN
2021-10-01,2021-10-01,6,2022-04-01,4291180.637975705,3395466.2454941887,870019.3496107172,ilheus-ISSQN,ilheus,ISSQN
2021-10-01,2021-10-01,7,2022-05-01,5257128.1446916275,3395466.2454941887,870019.3496107172,ilheus-ISSQN,ilheus,ISSQN
2021-10-01,2021-10-01,8,2022-06-01,5307608.8770729955,3395466.2454941887,870019.3496107172,ilheus-ISSQN,ilheus,ISSQN
2021-10-01,2021-10-01,9,2022-07-01,4379280.2105701715,3395466.2454941887,870019.3496107172,ilheus-ISSQN,ilheus,ISSQN
2021-10-01,2021-10-01,10,2022-08-01,4468730.572282989,3395466.2454941887,870019.3496107172,ilheus-ISSQN,ilheus,ISSQN
2021-10-01,2021-10-01,11,2022-09-01,5802108.660436498,3395466.2454941887,870019.3496107172,ilheus-ISSQN,ilheus,ISSQN
2021-10-01,2021-10-01,12,2022-10-01,3184201.4593452825,3395466.2454941887,870019.3496107172,ilheus-ISSQN,ilheus,ISSQN
2021-11-01,2021-11-01,1,2021-12-01,1851041.825639648,3601028.0304723023,866339.0218317595,ilheus-ISSQN,ilheus,ISSQN
2021-11-01,2021-11-01,2,2022-01-01,4595502.996233166,3216968.062482031,866339.0218317595,ilheus-ISSQN,ilheus,ISSQN
2021-11-01,2021-11-01,3,2022-02-01,3599759.875636779,2195500.447607455,866339.0218317595,ilheus-ISSQN,ilheus,ISSQN
2021-11-01,2021-11-01,4,2022-03-01,3916152.370216925,3217909.3696698733,866339.0218317595,ilheus-ISSQN,ilheus,ISSQN
2021-11-01,2021-11-01,5,2022-04-01,4291180.637975705,3133551.8041374837,866339.0218317595,ilheus-ISSQN,ilheus,ISSQN
2021-11-01,2021-11-01,6,2022-05-01,5257128.1446916275,3402133.516582808,866339.0218317595,ilheus-ISSQN,ilheus,ISSQN
2021-11-01,2021-11-01,7,2022-06-01,5307608.8770729955,3118484.6492474647,866339.0218317595,ilheus-ISSQN,ilheus,ISSQN
2021-11-01,2021-11-01,8,2022-07-01,4379280.2105701715,3940968.882484379,866339.0218317595,ilheus-ISSQN,ilheus,ISSQN
2021-11-01,2021-11-01,9,2022-08-01,4468730.572282989,3902616.1752628153,866339.0218317595,ilheus-ISSQN,ilheus,ISSQN
2021-11-01,2021-11-01,10,2022-09-01,5802108.660436498,3667644.7008782113,866339.0218317595,ilheus-ISSQN,ilheus,ISSQN
2021-11-01,2021-11-01,11,2022-10-01,3184201.4593452825,3425576.8697591913,866339.0218317595,ilheus-ISSQN,ilheus,ISSQN
2021-11-01,2021-11-01,12,2022-11-01,2246811.650573443,2485190.758155965,866339.0218317595,ilheus-ISSQN,ilheus,ISSQN
2021-12-01,2021-12-01,1,2022-01-01,4595502.996233166,3169764.137811609,862076.6934729686,ilheus-ISSQN,ilheus,ISSQN
2021-12-01,2021-12-01,2,2022-02-01,3599759.875636779,2117242.763544843,862076.6934729686,ilheus-ISSQN,ilheus,ISSQN
2021-12-01,2021-12-01,3,2022-03-01,3916152.370216925,3139810.2091863244,862076.6934729686,ilheus-ISSQN,ilheus,ISSQN
2021-12-01,2021-12-01,4,2022-04-01,4291180.637975705,3258631.6949782977,862076.6934729686,ilheus-ISSQN,ilheus,ISSQN
2021-12-01,2021-12-01,5,2022-05-01,5257128.1446916275,3228946.4595348756,862076.6934729686,ilheus-ISSQN,ilheus,ISSQN
2021-12-01,2021-12-01,6,2022-06-01,5307608.8770729955,3050333.89575746,862076.6934729686,ilheus-ISSQN,ilheus,ISSQN
2021-12-01,2021-12-01,7,2022-07-01,4379280.2105701715,3889069.8733014315,862076.6934729686,ilheus-ISSQN,ilheus,ISSQN
2021-12-01,2021-12-01,8,2022-08-01,4468730.572282989,3820025.974158398,862076.6934729686,ilheus-ISSQN,ilheus,ISSQN
2021-12-01,2021-12-01,9,2022-09-01,5802108.660436498,3580438.004737934,862076.6934729686,ilheus-ISSQN,ilheus,ISSQN
2021-12-01,2021-12-01,10,2022-10-01,3184201.4593452825,3351900.37281436,862076.6934729686,ilheus-ISSQN,ilheus,ISSQN
2021-12-01,2021-12-01,11,2022-11-01,2246811.650573443,2459003.2912042607,862076.6934729686,ilheus-ISSQN,ilheus,ISSQN
2021-12-01,2021-12-01,12,2022-12-01,5275407.576307106,3044712.8043477884,862076.6934729686,ilheus-ISSQN,ilheus,ISSQN
2022-01-01,2022-01-01,1,2022-02-01,3599759.875636779,2145881.9613186447,860702.0397066857,ilheus-ISSQN,ilheus,ISSQN
2022-01-01,2022-01-01,2,2022-03-01,3916152.370216925,3216812.8161601545,860702.0397066857,ilheus-ISSQN,ilheus,ISSQN
2022-01-01,2022-01-01,3,2022-04-01,4291180.637975705,3261448.061385397,860702.0397066857,ilheus-ISSQN,ilheus,ISSQN
2022-01-01,2022-01-01,4,2022-05-01,5257128.1446916275,3287607.474256422,860702.0397066857,ilheus-ISSQN,ilheus,ISSQN
2022-01-01,2022-01-01,5,2022-06-01,5307608.8770729955,2982915.935838461,860702.0397066857,ilheus-ISSQN,ilheus,ISSQN
2022-01-01,2022-01-01,6,2022-07-01,4379280.2105701715,3933382.896665782,860702.0397066857,ilheus-ISSQN,ilheus,ISSQN
2022-01-01,2022-01-01,7,2022-08-01,4468730.572282989,3795517.132624631,860702.0397066857,ilheus-ISSQN,ilheus,ISSQN
2022-01-01,2022-01-01,8,2022-09-01,5802108.660436498,3621040.547475372,860702.0397066857,ilheus-ISSQN,ilheus,ISSQN
2022-01-01,2022-01-01,9,2022-10-01,3184201.4593452825,3358027.037866611,860702.0397066857,ilheus-ISSQN,ilheus,ISSQN
2022-01-01,2022-01-01,10,2022-11-01,2246811.650573443,2452629.0129369027,860702.0397066857,ilheus-ISSQN,ilheus,ISSQN
2022-01-01,2022-01-01,11,2022-12-01,5275407.576307106,3256899.4514137097,860702.0397066857,ilheus-ISSQN,ilheus,ISSQN
2022-01-01,2022-01-01,12,2023-01-01,7044916.168374341,3335489.1790157203,860702.0397066857,ilheus-ISSQN,ilheus,ISSQN
2022-02-01,2022-02-01,1,2022-03-01,3916152.370216925,3270741.2252449635,876249.1551997798,ilheus-ISSQN,ilheus,ISSQN
2022-02-01,2022-02-01,2,2022-04-01,4291180.637975705,3270741.2252449635,876249.1551997798,ilheus-ISSQN,ilheus,ISSQN
2022-02-01,2022-02-01,3,2022-05-01,5257128.1446916275,3270741.2252449635,876249.1551997798,ilheus-ISSQN,ilheus,ISSQN
2022-02-01,2022-02-01,4,2022-06-01,5307608.8770729955,3270741.2252449635,876249.1551997798,ilheus-ISSQN,ilheus,ISSQN
2022-02-01,2022-02-01,5,2022-07-01,4379280.2105701715,3270741.2252449635,876249.1551997798,ilheus-ISSQN,ilheus,ISSQN
2022-02-01,2022-02-01,6,2022-08-01,4468730.572282989,3270741.2252449635,876249.1551997798,ilheus-ISSQN,ilheus,ISSQN
2022-02-01,2022-02-01,7,2022-09-01,5802108.660436498,3270741.2252449635,876249.1551997798,ilheus-ISSQN,ilheus,ISSQN
2022-02-01,2022-02-01,8,2022-10-01,3184201.4593452825,3270741.2252449635,876249.1551997798,ilheus-ISSQN,ilheus,ISSQN
2022-02-01,2022-02-01,9,2022-11-01,2246811.650573443,3270741.2252449635,876249.1551997798,ilheus-ISSQN,ilheus,ISSQN
2022-02-01,2022-02-01,10,2022-12-01,5275407.576307106,3270741.2252449635,876249.1551997798,ilheus-ISSQN,ilheus,ISSQN
2022-02-01,2022-02-01,11,2023-01-01,7044916.168374341,3270741.2252449635,876249.1551997798,ilheus-ISSQN,ilheus,ISSQN
2022-02-01,2022-02-01,12,2023-02-01,5490957.798547088,3270741.2252449635,876249.1551997798,ilheus-ISSQN,ilheus,ISSQN
2022-03-01,2022-03-01,1,2022-04-01,4291180.637975705,3277821.2838728926,867849.6601761332,ilheus-ISSQN,ilheus,ISSQN
2022-03-01,2022-03-01,2,2022-05-01,5257128.1446916275,3277821.2838728926,867849.6601761332,ilheus-ISSQN,ilheus,ISSQN
2022-03-01,2022-03-01,3,2022-06-01,5307608.8770729955,3277821.2838728926,867849.6601761332,ilheus-ISSQN,ilheus,ISSQN
2022-03-01,2022-03-01,4,2022-07-01,4379280.2105701715,3277821.2838728926,867849.6601761332,ilheus-ISSQN,ilheus,ISSQN
2022-03-01,2022-03-01,5,2022-08-01,4468730.572282989,3277821.2838728926,867849.6601761332,ilheus-ISSQN,ilheus,ISSQN
2022-03-01,2022-03-01,6,2022-09-01,5802108.660436498,3277821.2838728926,867849.6601761332,ilheus-ISSQN,ilheus,ISSQN
2022-03-01,2022-03-01,7,2022-10-01,3184201.4593452825,3277821.2838728926,867849.6601761332,ilheus-ISSQN,ilheus,ISSQN
2022-03-01,2022-03-01,8,2022-11-01,2246811.650573443,3277821.2838728926,867849.6601761332,ilheus-ISSQN,ilheus,ISSQN
2022-03-01,2022-03-01,9,2022-12-01,5275407.576307106,3277821.2838728926,867849.6601761332,ilheus-ISSQN,ilheus,ISSQN
2022-03-01,2022-03-01,10,2023-01-01,7044916.168374341,3277821.2838728926,867849.6601761332,ilheus-ISSQN,ilheus,ISSQN
2022-03-01,2022-03-01,11,2023-02-01,5490957.798547088,3277821.2838728926,867849.6601761332,ilheus-ISSQN,ilheus,ISSQN
2022-03-01,2022-03-01,12,2023-03-01,5017034.708914244,3277821.2838728926,867849.6601761332,ilheus-ISSQN,ilheus,ISSQN
2022-04-01,2022-04-01,1,2022-05-01,5257128.1446916275,3315456.213611249,858241.4191512637,ilheus-ISSQN,ilheus,ISSQN
2022-04-01,2022-04-01,2,2022-06-01,5307608.8770729955,3315456.213611249,858241.4191512637,ilheus-ISSQN,ilheus,ISSQN
2022-04-01,2022-04-01,3,2022-07-01,4379280.2105701715,3315456.213611249,858241.4191512637,ilheus-ISSQN,ilheus,ISSQN
2022-04-01,2022-04-01,4,2022-08-01,4468730.572282989,3315456.213611249,858241.4191512637,ilheus-ISSQN,ilheus,ISSQN
2022-04-01,2022-04-01,5,2022-09-01,5802108.660436498,3315456.213611249,858241.4191512637,ilheus-ISSQN,ilheus,ISSQN
2022-04-01,2022-04-01,6,2022-10-01,3184201.4593452825,3315456.213611249,858241.4191512637,ilheus-ISSQN,ilheus,ISSQN
2022-04-01,2022-04-01,7,2022-11-01,2246811.650573443,3315456.213611249,858241.4191512637,ilheus-ISSQN,ilheus,ISSQN
2022-04-01,2022-04-01,8,2022-12-01,5275407.576307106,3315456.213611249,858241.4191512637,ilheus-ISSQN,ilheus,ISSQN
2022-04-01,2022-04-01,9,2023-01-01,7044916.168374341,3315456.213611249,858241.4191512637,ilheus-ISSQN,ilheus,ISSQN
2022-04-01,2022-04-01,10,2023-02-01,5490957.798547088,3315456.213611249,858241.4191512637,ilheus-ISSQN,ilheus,ISSQN
2022-04-01,2022-04-01,11,2023-03-01,5017034.708914244,3315456.213611249,858241.4191512637,ilheus-ISSQN,ilheus,ISSQN
2022-04-01,2022-04-01,12,2023-04-01,5120423.472637157,3315456.213611249,858241.4191512637,ilheus-ISSQN,ilheus,ISSQN
2022-05-01,2022-05-01,1,2022-06-01,5307608.8770729955,3439557.9564519143,870524.072714053,ilheus-ISSQN,ilheus,ISSQN
2022-05-01,2022-05-01,2,2022-07-01,4379280.2105701715,3439557.9564519143,870524.072714053,ilheus-ISSQN,ilheus,ISSQN
2022-05-01,2022-05-01,3,2022-08-01,4468730.572282989,3439557.9564519143,870524.072714053,ilheus-ISSQN,ilheus,ISSQN
2022-05-01,2022-05-01,4,2022-09-01,5802108.660436498,3439557.9564519143,870524.072714053,ilheus-ISSQN,ilheus,ISSQN
2022-05-01,2022-05-01,5,2022-10-01,3184201.4593452825,3439557.9564519143,870524.072714053,ilheus-ISSQN,ilheus,ISSQN
2022-05-01,2022-05-01,6,2022-11-01,2246811.650573443,3439557.9564519143,870524.072714053,ilheus-ISSQN,ilheus,ISSQN
2022-05-01,2022-05-01,7,2022-12-01,5275407.576307106,3439557.9564519143,870524.072714053,ilheus-ISSQN,ilheus,ISSQN
2022-05-01,2022-05-01,8,2023-01-01,7044916.168374341,3439557.9564519143,870524.072714053,ilheus-ISSQN,ilheus,ISSQN
2022-05-01,2022-05-01,9,2023-02-01,5490957.798547088,3439557.9564519143,870524.072714053,ilheus-ISSQN,ilheus,ISSQN
2022-05-01,2022-05-01,10,2023-03-01,5017034.708914244,3439557.9564519143,870524.072714053,ilheus-ISSQN,ilheus,ISSQN
2022-05-01,2022-05-01,11,2023-04-01,5120423.472637157,3439557.9564519143,870524.072714053,ilheus-ISSQN,ilheus,ISSQN
2022-05-01,2022-05-01,12,2023-05-01,5944098.506612575,3439557.9564519143,870524.072714053,ilheus-ISSQN,ilheus,ISSQN
2022-06-01,2022-06-01,1,2022-07-01,4379280.2105701715,4649819.857345681,881631.7309090763,ilheus-ISSQN,ilheus,ISSQN
2022-06-01,2022-06-01,2,2022-08-01,4468730.572282989,4598747.410436818,881631.7309090763,ilheus-ISSQN,ilheus,ISSQN
2022-06-01,2022-06-01,3,2022-09-01,5802108.660436498,4286856.034020139,881631.7309090763,ilheus-ISSQN,ilheus,ISSQN
2022-06-01,2022-06-01,4,2022-10-01,3184201.4593452825,4026088.4134685267,881631.7309090763,ilheus-ISSQN,ilheus,ISSQN
2022-06-01,2022-06-01,5,2022-11-01,2246811.650573443,2909986.054155403,881631.7309090763,ilheus-ISSQN,ilheus,ISSQN
2022-06-01,2022-06-01,6,2022-12-01,5275407.576307106,3800710.821314919,881631.7309090763,ilheus-ISSQN,ilheus,ISSQN
2022-06-01,2022-06-01,7,2023-01-01,7044916.168374341,3931194.7734729093,881631.7309090763,ilheus-ISSQN,ilheus,ISSQN
2022-06-01,2022-06-01,8,2023-02-01,5490957.798547088,2704321.568486692,881631.7309090763,ilheus-ISSQN,ilheus,ISSQN
2022-06-01,2022-06-01,9,2023-03-01,5017034.708914244,3904131.744218319,881631.7309090763,ilheus-ISSQN,ilheus,ISSQN
2022-06-01,2022-06-01,10,2023-04-01,5120423.472637157,4090966.546965999,881631.7309090763,ilheus-ISSQN,ilheus,ISSQN
2022-06-01,2022-06-01,11,2023-05-01,5944098.506612575,4156054.914970245,881631.7309090763,ilheus-ISSQN,ilheus,ISSQN
2022-06-01,2022-06-01,12,2023-06-01,5820348.99620249,3605620.2342353207,881631.7309090763,ilheus-ISSQN,ilheus,ISSQN
2022-07-01,2022-07-01,1,2022-08-01,4468730.572282989,4553591.995043614,880812.2282564548,ilheus-ISSQN,ilheus,ISSQN
2022-07-01,2022-07-01,2,2022-09-01,5802108.660436498,4331517.268307522,880812.2282564548,ilheus-ISSQN,ilheus,ISSQN
2022-07-01,2022-07-01,3,2022-10-01,3184201.4593452825,4175653.69962889,880812.2282564548,ilheus-ISSQN,ilheus,ISSQN
2022-07-01,2022-07-01,4,2022-11-01,2246811.650573443,2900208.726642158,880812.2282564548,ilheus-ISSQN,ilheus,ISSQN
2022-07-01,2022-07-01,5,2022-12-01,5275407.576307106,3824690.9618622544,880812.2282564548,ilheus-ISSQN,ilheus,ISSQN
2022-07-01,2022-07-01,6,2023-01-01,7044916.168374341,3908687.698733606,880812.2282564548,ilheus-ISSQN,ilheus,ISSQN
2022-07-01,2022-07-01,7,2023-02-01,5490957.798547088,2663707.887230633,880812.2282564548,ilheus-ISSQN,ilheus,ISSQN
2022-07-01,2022-07-01,8,2023-03-01,5017034.708914244,3905524.632791766,880812.2282564548,ilheus-ISSQN,ilheus,ISSQN
2022-07-01,2022-07-01,9,2023-04-01,5120423.472637157,3924198.594322086,880812.2282564548,ilheus-ISSQN,ilheus,ISSQN
2022-07-01,2022-07-01,10,2023-05-01,5944098.506612575,3979674.905956952,880812.2282564548,ilheus-ISSQN,ilheus,ISSQN
2022-07-01,2022-07-01,11,2023-06-01,5820348.99620249,3588595.459731037,880812.2282564548,ilheus-ISSQN,ilheus,ISSQN
2022-07-01,2022-07-01,12,2023-07-01,6410704.047477755,4667018.2558741225,880812.2282564548,ilheus-ISSQN,ilheus,ISSQN
2022-08-01,2022-08-01,1,2022-09-01,5802108.660436498,3812992.3346977374,870114.3036711158,ilheus-ISSQN,ilheus,ISSQN
2022-08-01,2022-08-01,2,2022-10-01,3184201.4593452825,3812992.3346977374,870114.3036711158,ilheus-ISSQN,ilheus,ISSQN
2022-08-01,2022-08-01,3,2022-11-01,2246811.650573443,3812992.3346977374,870114.3036711158,ilheus-ISSQN,ilheus,ISSQN
2022-08-01,2022-08-01,4,2022-12-01,5275407.576307106,3812992.3346977374,870114.3036711158,ilheus-ISSQN,ilheus,ISSQN
2022-08-01,2022-08-01,5,2023-01-01,7044916.168374341,3812992.3346977374,870114.3036711158,ilheus-ISSQN,ilheus,ISSQN
2022-08-01,2022-08-01,6,2023-02-01,5490957.798547088,3812992.3346977374,870114.3036711158,ilheus-ISSQN,ilheus,ISSQN
2022-08-01,2022-08-01,7,2023-03-01,5017034.708914244,3812992.3346977374,870114.3036711158,ilheus-ISSQN,ilheus,ISSQN
2022-08-01,2022-08-01,8,2023-04-01,5120423.472637157,3812992.3346977374,870114.3036711158,ilheus-ISSQN,ilheus,ISSQN
2022-08-01,2022-08-01,9,2023-05-01,5944098.506612575,3812992.3346977374,870114.3036711158,ilheus-ISSQN,ilheus,ISSQN
2022-08-01,2022-08-01,10,2023-06-01,5820348.99620249,3812992.3346977374,870114.3036711158,ilheus-ISSQN,ilheus,ISSQN
2022-08-01,2022-08-01,11,2023-07-01,6410704.047477755,3812992.3346977374,870114.3036711158,ilheus-ISSQN,ilheus,ISSQN
2022-08-01,2022-08-01,12,2023-08-01,5321090.6821164945,3812992.3346977374,870114.3036711158,ilheus-ISSQN,ilheus,ISSQN
2022-09-01,2022-09-01,1,2022-10-01,3184201.4593452825,3960401.158648076,878876.6392261275,ilheus-ISSQN,ilheus,ISSQN
2022-09-01,2022-09-01,2,2022-11-01,2246811.650573443,2936856.186762049,878876.6392261275,ilheus-ISSQN,ilheus,ISSQN
2022-09-01,2022-09-01,3,2022-12-01,5275407.576307106,3529711.9003779544,878876.6392261275,ilheus-ISSQN,ilheus,ISSQN
2022-09-01,2022-09-01,4,2023-01-01,7044916.168374341,3980388.060512584,878876.6392261275,ilheus-ISSQN,ilheus,ISSQN
2022-09-01,2022-09-01,5,2023-02-01,5490957.798547088,2706216.5285629756,878876.6392261275,ilheus-ISSQN,ilheus,ISSQN
2022-09-01,2022-09-01,6,2023-03-01,5017034.708914244,3839732.4836863354,878876.6392261275,ilheus-ISSQN,ilheus,ISSQN
2022-09-01,2022-09-01,7,2023-04-01,5120423.472637157,3926023.7658848288,878876.6392261275,ilheus-ISSQN,ilheus,ISSQN
2022-09-01,2022-09-01,8,2023-05-01,5944098.506612575,4130549.475219805,878876.6392261275,ilheus-ISSQN,ilheus,ISSQN
2022-09-01,2022-09-01,9,2023-06-01,5820348.99620249,3678964.2495279373,878876.6392261275,ilheus-ISSQN,ilheus,ISSQN
2022-09-01,2022-09-01,10,2023-07-01,6410704.047477755,4679593.271864488,878876.6392261275,ilheus-ISSQN,ilheus,ISSQN
2022-09-01,2022-09-01,11,2023-08-01,5321090.6821164945,4623672.845385595,878876.6392261275,ilheus-ISSQN,ilheus,ISSQN
2022-09-01,2022-09-01,12,2023-09-01,4693378.384150494,4503903.051853206,878876.6392261275,ilheus-ISSQN,ilheus,ISSQN
2022-10-01,2022-10-01,1,2022-11-01,2246811.650573443,2921919.1239931365,874859.6188083673,ilheus-ISSQN,ilheus,ISSQN
2022-10-01,2022-10-01,2,2022-12-01,5275407.576307106,3875947.109042526,874859.6188083673,ilheus-ISSQN,ilheus,ISSQN
2022-10-01,2022-10-01,3,2023-01-01,7044916.168374341,3911110.4320568335,874859.6188083673,ilheus-ISSQN,ilheus,ISSQN
2022-10-01,2022-10-01,4,2023-02-01,5490957.798547088,2659718.019359077,874859.6188083673,ilheus-ISSQN,ilheus,ISSQN
2022-10-01,2022-10-01,5,2023-03-01,5017034.708914244,3721837.156211622,874859.6188083673,ilheus-ISSQN,ilheus,ISSQN
2022-10-01,2022-10-01,6,2023-04-01,5120423.472637157,3952666.417100768,874859.6188083673,ilheus-ISSQN,ilheus,ISSQN
2022-10-01,2022-10-01,7,2023-05-01,5944098.506612575,4040029.238545057,874859.6188083673,ilheus-ISSQN,ilheus,ISSQN
2022-10-01,2022-10-01,8,2023-06-01,5820348.99620249,3542530.700767504,874859.6188083673,ilheus-ISSQN,ilheus,ISSQN
2022-10-01,2022-10-01,9,2023-07-01,6410704.047477755,4645942.4639729075,874859.6188083673,ilheus-ISSQN,ilheus,ISSQN
2022-10-01,2022-10-01,10,2023-08-01,5321090.6821164945,4515435.719739933,874859.6188083673,ilheus-ISSQN,ilheus,ISSQN
2022-10-01,2022-10-01,11,2023-09-01,4693378.384150494,4388892.91873368,874859.6188083673,ilheus-ISSQN,ilheus,ISSQN
2022-10-01,2022-10-01,12,2023-10-01,2707167.420455185,3980496.721091777,874859.6188083673,ilheus-ISSQN,ilheus,ISSQN
2022-11-01,2022-11-01,1,2022-12-01,5275407.576307106,3493444.3871914023,867559.0966216832,ilheus-ISSQN,ilheus,ISSQN
2022-11-01,2022-11-01,2,2023-01-01,7044916.168374341,3760259.5333941774,867559.0966216832,ilheus-ISSQN,ilheus,ISSQN
2022-11-01,2022-11-01,3,2023-02-01,5490957.798547088,2563497.4517109003,867559.0966216832,ilheus-ISSQN,ilheus,ISSQN
2022-11-01,2022-11-01,4,2023-03-01,5017034.708914244,3595698.745725509,867559.0966216832,ilheus-ISSQN,ilheus,ISSQN
2022-11-01,2022-11-01,5,2023-04-01,5120423.472637157,3730897.0246597417,867559.0966216832,ilheus-ISSQN,ilheus,ISSQN
2022-11-01,2022-11-01,6,2023-05-01,5944098.506612575,3996283.16233881,867559.0966216832,ilheus-ISSQN,ilheus,ISSQN
2022-11-01,2022-11-01,7,2023-06-01,5820348.99620249,3637943.949381544,867559.0966216832,ilheus-ISSQN,ilheus,ISSQN
2022-11-01,2022-11-01,8,2023-07-01,6410704.047477755,4459597.992702751,867559.0966216832,ilheus-ISSQN,ilheus,ISSQN
2022-11-01,2022-11-01,9,2023-08-01,5321090.6821164945,4433066.061978374,867559.0966216832,ilheus-ISSQN,ilheus,ISSQN
2022-11-01,2022-11-01,10,2023-09-01,4693378.384150494,4240777.75538877,867559.0966216832,ilheus-ISSQN,ilheus,ISSQN
2022-11-01,2022-11-01,11,2023-10-01,2707167.420455185,3863036.6337085185,867559.0966216832,ilheus-ISSQN,ilheus,ISSQN
2022-11-01,2022-11-01,12,2023-11-01,4091370.0444003586,2702689.34982751,867559.0966216832,ilheus-ISSQN,ilheus,ISSQN
2022-12-01,2022-12-01,1,2023-01-01,7044916.168374341,3984941.7135212147,897997.271074609,ilheus-ISSQN,ilheus,ISSQN
2022-12-01,2022-12-01,2,2023-02-01,5490957.798547088,2714695.0607885285,897997.271074609,ilheus-ISSQN,ilheus,ISSQN
2022-12-01,2022-12-01,3,2023-03-01,5017034.708914244,3826451.18542181,897997.271074609,ilheus-ISSQN,ilheus,ISSQN
2022-12-01,2022-12-01,4,2023-04-01,5120423.472637157,4053132.7129335934,897997.271074609,ilheus-ISSQN,ilheus,ISSQN
2022-12-01,2022-12-01,5,2023-05-01,5944098.506612575,4178019.7423572466,897997.271074609,ilheus-ISSQN,ilheus,ISSQN
2022-12-01,2022-12-01,6,2023-06-01,5820348.99620249,3858398.807903829,897997.271074609,ilheus-ISSQN,ilheus,ISSQN
2022-12-01,2022-12-01,7,2023-07-01,6410704.047477755,4724667.831596086,897997.271074609,ilheus-ISSQN,ilheus,ISSQN
2022-12-01,2022-12-01,8,2023-08-01,5321090.6821164945,4598594.4743515635,897997.271074609,ilheus-ISSQN,ilheus,ISSQN
2022-12-01,2022-12-01,9,2023-09-01,4693378.384150494,4508866.829713201,897997.271074609,ilheus-ISSQN,ilheus,ISSQN
2022-12-01,2022-12-01,10,2023-10-01,2707167.420455185,4014406.5088940407,897997.271074609,ilheus-ISSQN,ilheus,ISSQN
2022-12-01,2022-12-01,11,2023-11-01,4091370.0444003586,2849057.3896758924,897997.271074609,ilheus-ISSQN,ilheus,ISSQN
2022-12-01,2022-12-01,12,2023-12-01,4824284.21153272,3885296.6387276766,897997.271074609,ilheus-ISSQN,ilheus,ISSQN
2023-01-01,2023-01-01,1,2023-02-01,5490957.798547088,2833788.91788966,916249.2228518628,ilheus-ISSQN,ilheus,ISSQN
2023-01-01,2023-01-01,2,2023-03-01,5017034.708914244,4237845.401515262,916249.2228518628,ilheus-ISSQN,ilheus,ISSQN
2023-01-01,2023-01-01,3,2023-04-01,5120423.472637157,4159758.40897818,916249.2228518628,ilheus-ISSQN,ilheus,ISSQN
2023-01-01,2023-01-01,4,2023-05-01,5944098.506612575,4294980.433094178,916249.2228518628,ilheus-ISSQN,ilheus,ISSQN
2023-01-01,2023-01-01,5,2023-06-01,5820348.99620249,3959044.4603165486,916249.2228518628,ilheus-ISSQN,ilheus,ISSQN
2023-01-01,2023-01-01,6,2023-07-01,6410704.047477755,4860084.55157158,916249.2228518628,ilheus-ISSQN,ilheus,ISSQN
2023-01-01,2023-01-01,7,2023-08-01,5321090.6821164945,4775281.363290135,916249.2228518628,ilheus-ISSQN,ilheus,ISSQN
2023-01-01,2023-01-01,8,2023-09-01,4693378.384150494,4655457.975025623,916249.2228518628,ilheus-ISSQN,ilheus,ISSQN
2023-01-01,2023-01-01,9,2023-10-01,2707167.420455185,4223037.968044075,916249.2228518628,ilheus-ISSQN,ilheus,ISSQN
2023-01-01,2023-01-01,10,2023-11-01,4091370.0444003586,2954314.5856044283,916249.2228518628,ilheus-ISSQN,ilheus,ISSQN
2023-01-01,2023-01-01,11,2023-12-01,4824284.21153272,4398451.6463549305,916249.2228518628,ilheus-ISSQN,ilheus,ISSQN
2023-01-01,2023-01-01,12,2024-01-01,6855005.067285447,4417914.959898648,916249.2228518628,ilheus-ISSQN,ilheus,ISSQN
2023-02-01,2023-02-01,1,2023-03-01,5017034.708914244,4788638.132149766,927585.83564324,ilheus-ISSQN,ilheus,ISSQN
2023-02-01,2023-02-01,2,2023-04-01,5120423.472637157,4817677.29957802,927585.83564324,ilheus-ISSQN,ilheus,ISSQN
2023-02-01,2023-02-01,3,2023-05-01,5944098.506612575,4899109.550703779,927585.83564324,ilheus-ISSQN,ilheus,ISSQN
2023-02-01,2023-02-01,4,2023-06-01,5820348.99620249,4634651.272752116,927585.83564324,ilheus-ISSQN,ilheus,ISSQN
2023-02-01,2023-02-01,5,2023-07-01,6410704.047477755,5520564.557174177,927585.83564324,ilheus-ISSQN,ilheus,ISSQN
2023-02-01,2023-02-01,6,2023-08-01,5321090.6821164945,5457620.78666174,927585.83564324,ilheus-ISSQN,ilheus,ISSQN
2023-02-01,2023-02-01,7,2023-09-01,4693378.384150494,5304369.456359668,927585.83564324,ilheus-ISSQN,ilheus,ISSQN
2023-02-01,2023-02-01,8,2023-10-01,2707167.420455185,4463528.862616628,927585.83564324,ilheus-ISSQN,ilheus,ISSQN
2023-02-01,2023-02-01,9,2023-11-01,4091370.0444003586,3320354.597056287,927585.83564324,ilheus-ISSQN,ilheus,ISSQN
2023-02-01,2023-02-01,10,2023-12-01,4824284.21153272,4647503.298186762,927585.83564324,ilheus-ISSQN,ilheus,ISSQN
2023-02-01,2023-02-01,11,2024-01-01,6855005.067285447,4963905.485176463,927585.83564324,ilheus-ISSQN,ilheus,ISSQN
2023-02-01,2023-02-01,12,2024-02-01,9086542.543679124,3432110.0146772778,927585.83564324,ilheus-ISSQN,ilheus,ISSQN
2023-03-01,2023-03-01,1,2023-04-01,5120423.472637157,4888168.10074947,929577.7494714478,ilheus-ISSQN,ilheus,ISSQN
2023-03-01,2023-03-01,2,2023-05-01,5944098.506612575,5040231.125440173,929577.7494714478,ilheus-ISSQN,ilheus,ISSQN
2023-03-01,2023-03-01,3,2023-06-01,5820348.99620249,4889950.682462799,929577.7494714478,ilheus-ISSQN,ilheus,ISSQN
2023-03-01,2023-03-01,4,2023-07-01,6410704.047477755,5744582.376056185,929577.7494714478,ilheus-ISSQN,ilheus,ISSQN
2023-03-01,2023-03-01,5,2023-08-01,5321090.6821164945,5592202.273699715,929577.7494714478,ilheus-ISSQN,ilheus,ISSQN
2023-03-01,2023-03-01,6,2023-09-01,4693378.384150494,5474734.538195317,929577.7494714478,ilheus-ISSQN,ilheus,ISSQN
2023-03-01,2023-03-01,7,2023-10-01,2707167.420455185,4847056.635446872,929577.7494714478,ilheus-ISSQN,ilheus,ISSQN
2023-03-01,2023-03-01,8,2023-11-01,4091370.0444003586,3427011.9229531856,929577.7494714478,ilheus-ISSQN,ilheus,ISSQN
2023-03-01,2023-03-01,9,2023-12-01,4824284.21153272,4859302.434044426,929577.7494714478,ilheus-ISSQN,ilheus,ISSQN
2023-03-01,2023-03-01,10,2024-01-01,6855005.067285447,5137095.515764792,929577.7494714478,ilheus-ISSQN,ilheus,ISSQN
2023-03-01,2023-03-01,11,2024-02-01,9086542.543679124,3544662.5860383976,929577.7494714478,ilheus-ISSQN,ilheus,ISSQN
2023-03-01,2023-03-01,12,2024-03-01,7043675.816064964,4779896.342777255,929577.7494714478,ilheus-ISSQN,ilheus,ISSQN
2023-04-01,2023-04-01,1,2023-05-01,5944098.506612575,5197922.562650951,928437.5799849707,ilheus-ISSQN,ilheus,ISSQN
2023-04-01,2023-04-01,2,2023-06-01,5820348.99620249,4712364.316671001,928437.5799849707,ilheus-ISSQN,ilheus,ISSQN
2023-04-01,2023-04-01,3,2023-07-01,6410704.047477755,5806223.754871433,928437.5799849707,ilheus-ISSQN,ilheus,ISSQN
2023-04-01,2023-04-01,4,2023-08-01,5321090.6821164945,5655228.154098613,928437.5799849707,ilheus-ISSQN,ilheus,ISSQN
2023-04-01,2023-04-01,5,2023-09-01,4693378.384150494,5484079.072242394,928437.5799849707,ilheus-ISSQN,ilheus,ISSQN
2023-04-01,2023-04-01,6,2023-10-01,2707167.420455185,4811059.13525299,928437.5799849707,ilheus-ISSQN,ilheus,ISSQN
2023-04-01,2023-04-01,7,2023-11-01,4091370.0444003586,3446299.006329854,928437.5799849707,ilheus-ISSQN,ilheus,ISSQN
2023-04-01,2023-04-01,8,2023-12-01,4824284.21153272,4894240.609190449,928437.5799849707,ilheus-ISSQN,ilheus,ISSQN
2023-04-01,2023-04-01,9,2024-01-01,6855005.067285447,5174662.838507719,928437.5799849707,ilheus-ISSQN,ilheus,ISSQN
2023-04-01,2023-04-01,10,2024-02-01,9086542.543679124,3578101.5010732533,928437.5799849707,ilheus-ISSQN,ilheus,ISSQN
2023-04-01,2023-04-01,11,2024-03-01,7043675.816064964,4887064.67805269,928437.5799849707,ilheus-ISSQN,ilheus,ISSQN
2023-04-01,2023-04-01,12,2024-04-01,5890123.897076042,4997117.508040686,928437.5799849707,ilheus-ISSQN,ilheus,ISSQN
2023-05-01,2023-05-01,1,2023-06-01,5820348.99620249,4752485.625858486,925724.4651752627,ilheus-ISSQN,ilheus,ISSQN
2023-05-01,2023-05-01,2,2023-07-01,6410704.047477755,5903084.356554705,925724.4651752627,ilheus-ISSQN,ilheus,ISSQN
2023-05-01,2023-05-01,3,2023-08-01,5321090.6821164945,5792337.535541164,925724.4651752627,ilheus-ISSQN,ilheus,ISSQN
2023-05-01,2023-05-01,4,2023-09-01,4693378.384150494,5744922.814318362,925724.4651752627,ilheus-ISSQN,ilheus,ISSQN
2023-05-01,2023-05-01,5,2023-10-01,2707167.420455185,4992550.5053806715,925724.4651752627,ilheus-ISSQN,ilheus,ISSQN
2023-05-01,2023-05-01,6,2023-11-01,4091370.0444003586,3512926.0964972065,925724.4651752627,ilheus-ISSQN,ilheus,ISSQN
2023-05-01,2023-05-01,7,2023-12-01,4824284.21153272,5052488.442915465,925724.4651752627,ilheus-ISSQN,ilheus,ISSQN
2023-05-01,2023-05-01,8,2024-01-01,6855005.067285447,5319759.788653926,925724.4651752627,ilheus-ISSQN,ilheus,ISSQN
2023-05-01,2023-05-01,9,2024-02-01,9086542.543679124,3622687.0345897344,925724.4651752627,ilheus-ISSQN,ilheus,ISSQN
2023-05-01,2023-05-01,10,2024-03-01,7043675.816064964,4909410.111857027,925724.4651752627,ilheus-ISSQN,ilheus,ISSQN
2023-05-01,2023-05-01,11,2024-04-01,5890123.897076042,5092929.377819888,925724.4651752627,ilheus-ISSQN,ilheus,ISSQN
2023-05-01,2023-05-01,12,2024-05-01,5072550.794914876,5355842.363611986,925724.4651752627,ilheus-ISSQN,ilheus,ISSQN
2023-06-01,2023-06-01,1,2023-07-01,6410704.047477755,6208113.875656205,921135.7502191985,ilheus-ISSQN,ilheus,ISSQN
2023-06-01,2023-06-01,2,2023-08-01,5321090.6821164945,6047583.461517708,921135.7502191985,ilheus-ISSQN,ilheus,ISSQN
2023-06-01,2023-06-01,3,2023-09-01,4693378.384150494,5900582.069367878,921135.7502191985,ilheus-ISSQN,ilheus,ISSQN
2023-06-01,2023-06-01,4,2023-10-01,2707167.420455185,5180504.287124804,921135.7502191985,ilheus-ISSQN,ilheus,ISSQN
2023-06-01,2023-06-01,5,2023-11-01,4091370.0444003586,3713727.0758805275,921135.7502191985,ilheus-ISSQN,ilheus,ISSQN
2023-06-01,2023-06-01,6,2023-12-01,4824284.21153272,5222032.60248685,921135.7502191985,ilheus-ISSQN,ilheus,ISSQN
2023-06-01,2023-06-01,7,2024-01-01,6855005.067285447,5545053.661673071,921135.7502191985,ilheus-ISSQN,ilheus,ISSQN
2023-06-01,2023-06-01,8,2024-02-01,9086542.543679124,3836251.2905609533,921135.7502191985,ilheus-ISSQN,ilheus,ISSQN
2023-06-01,2023-06-01,9,2024-03-01,7043675.816064964,5186883.930461999,921135.7502191985,ilheus-ISSQN,ilheus,ISSQN
2023-06-01,2023-06-01,10,2024-04-01,5890123.897076042,5344569.3945240695,921135.7502191985,ilheus-ISSQN,ilheus,ISSQN
2023-06-01,2023-06-01,11,2024-05-01,5072550.794914876,5575827.96091139,921135.7502191985,ilheus-ISSQN,ilheus,ISSQN
2023-06-01,2023-06-01,12,2024-06-01,2370445.2289252775,5122880.911132613,921135.7502191985,ilheus-ISSQN,ilheus,ISSQN
2023-07-01,2023-07-01,1,2023-08-01,5321090.6821164945,6080668.656578975,933336.7182047851,ilheus-ISSQN,ilheus,ISSQN
2023-07-01,2023-07-01,2,2023-09-01,4693378.384150494,5935692.443221935,933336.7182047851,ilheus-ISSQN,ilheus,ISSQN
2023-07-01,2023-07-01,3,2023-10-01,2707167.420455185,5310373.178628281,933336.7182047851,ilheus-ISSQN,ilheus,ISSQN
2023-07-01,2023-07-01,4,2023-11-01,4091370.0444003586,3719786.7294741888,933336.7182047851,ilheus-ISSQN,ilheus,ISSQN
2023-07-01,2023-07-01,5,2023-12-01,4824284.21153272,5203169.269042537,933336.7182047851,ilheus-ISSQN,ilheus,ISSQN
2023-07-01,2023-07-01,6,2024-01-01,6855005.067285447,5551493.071645297,933336.7182047851,ilheus-ISSQN,ilheus,ISSQN
2023-07-01,2023-07-01,7,2024-02-01,9086542.543679124,3839558.0232403707,933336.7182047851,ilheus-ISSQN,ilheus,ISSQN
2023-07-01,2023-07-01,8,2024-03-01,7043675.816064964,5282391.61095529,933336.7182047851,ilheus-ISSQN,ilheus,ISSQN
2023-07-01,2023-07-01,9,2024-04-01,5890123.897076042,5300511.5873545455,933336.7182047851,ilheus-ISSQN,ilheus,ISSQN
2023-07-01,2023-07-01,10,2024-05-01,5072550.794914876,5614201.016304527,933336.7182047851,ilheus-ISSQN,ilheus,ISSQN
2023-07-01,2023-07-01,11,2024-06-01,2370445.2289252775,5219341.621302974,933336.7182047851,ilheus-ISSQN,ilheus,ISSQN
2023-07-01,2023-07-01,12,2024-07-01,3169539.203390758,6265790.690289053,933336.7182047851,ilheus-ISSQN,ilheus,ISSQN
2023-08-01,2023-08-01,1,2023-09-01,4693378.384150494,5809965.157483434,932456.5376790104,ilheus-ISSQN,ilheus,ISSQN
2023-08-01,2023-08-01,2,2023-10-01,2707167.420455185,5046692.12569493,932456.5376790104,ilheus-ISSQN,ilheus,ISSQN
2023-08-01,2023-08-01,3,2023-11-01,4091370.0444003586,3637962.8301064544,932456.5376790104,ilheus-ISSQN,ilheus,ISSQN
2023-08-01,2023-08-01,4,2023-12-01,4824284.21153272,5052339.02255708,932456.5376790104,ilheus-ISSQN,ilheus,ISSQN
2023-08-01,2023-08-01,5,2024-01-01,6855005.067285447,5423388.17329802,932456.5376790104,ilheus-ISSQN,ilheus,ISSQN
2023-08-01,2023-08-01,6,2024-02-01,9086542.543679124,3751589.866096735,932456.5376790104,ilheus-ISSQN,ilheus,ISSQN
2023-08-01,2023-08-01,7,2024-03-01,7043675.816064964,5085100.825470508,932456.5376790104,ilheus-ISSQN,ilheus,ISSQN
2023-08-01,2023-08-01,8,2024-04-01,5890123.897076042,5230425.183984005,932456.5376790104,ilheus-ISSQN,ilheus,ISSQN
2023-08-01,2023-08-01,9,2024-05-01,5072550.794914876,5489228.223968859,932456.5376790104,ilheus-ISSQN,ilheus,ISSQN
2023-08-01,2023-08-01,10,2024-06-01,2370445.2289252775,5072847.093946554,932456.5376790104,ilheus-ISSQN,ilheus,ISSQN
2023-08-01,2023-08-01,11,2024-07-01,3169539.203390758,6125627.6474348735,932456.5376790104,ilheus-ISSQN,ilheus,ISSQN
2023-08-01,2023-08-01,12,2024-08-01,3889341.9897266403,5874547.542611863,932456.5376790104,ilheus-ISSQN,ilheus,ISSQN
2023-09-01,2023-09-01,1,2023-10-01,2707167.420455185,4858787.413927094,934351.9542231717,ilheus-ISSQN,ilheus,ISSQN
2023-09-01,2023-09-01,2,2023-11-01,4091370.0444003586,3494978.48656008,934351.9542231717,ilheus-ISSQN,ilheus,ISSQN
2023-09-01,2023-09-01,3,2023-12-01,4824284.21153272,4877806.588965363,934351.9542231717,ilheus-ISSQN,ilheus,ISSQN
2023-09-01,2023-09-01,4,2024-01-01,6855005.067285447,5216151.243362305,934351.9542231717,ilheus-ISSQN,ilheus,ISSQN
2023-09-01,2023-09-01,5,2024-02-01,9086542.543679124,3601961.202086226,934351.9542231717,ilheus-ISSQN,ilheus,ISSQN
2023-09-01,2023-09-01,6,2024-03-01,7043675.816064964,4962910.831274965,934351.9542231717,ilheus-ISSQN,ilheus,ISSQN
2023-09-01,2023-09-01,7,2024-04-01,5890123.897076042,5039999.882596543,934351.9542231717,ilheus-ISSQN,ilheus,ISSQN
2023-09-01,2023-09-01,8,2024-05-01,5072550.794914876,5282844.017394246,934351.9542231717,ilheus-ISSQN,ilheus,ISSQN
2023-09-01,2023-09-01,9,2024-06-01,2370445.2289252775,4884901.656370699,934351.9542231717,ilheus-ISSQN,ilheus,ISSQN
2023-09-01,2023-09-01,10,2024-07-01,3169539.203390758,5914579.328445508,934351.9542231717,ilheus-ISSQN,ilheus,ISSQN
2023-09-01,2023-09-01,11,2024-08-01,3889341.9897266403,5663656.082300972,934351.9542231717,ilheus-ISSQN,ilheus,ISSQN
2023-09-01,2023-09-01,12,2024-09-01,5508903.5798269035,5467439.431031325,934351.9542231717,ilheus-ISSQN,ilheus,ISSQN
2023-10-01,2023-10-01,1,2023-11-01,4091370.0444003586,3140700.1147103705,929486.8700175006,ilheus-ISSQN,ilheus,ISSQN
2023-10-01,2023-10-01,2,2023-12-01,4824284.21153272,4378510.109314508,929486.8700175006,ilheus-ISSQN,ilheus,ISSQN
2023-10-01,2023-10-01,3,2024-01-01,6855005.067285447,4689877.626576168,929486.8700175006,ilheus-ISSQN,ilheus,ISSQN
2023-10-01,2023-10-01,4,2024-02-01,9086542.543679124,3241525.109906932,929486.8700175006,ilheus-ISSQN,ilheus,ISSQN
2023-10-01,2023-10-01,5,2024-03-01,7043675.816064964,4359017.15385866,929486.8700175006,ilheus-ISSQN,ilheus,ISSQN
2023-10-01,2023-10-01,6,2024-04-01,5890123.897076042,4514438.01982395,929486.8700175006,ilheus-ISSQN,ilheus,ISSQN
2023-10-01,2023-10-01,7,2024-05-01,5072550.794914876,4750268.746717966,929486.8700175006,ilheus-ISSQN,ilheus,ISSQN
2023-10-01,2023-10-01,8,2024-06-01,2370445.2289252775,4392705.121651896,929486.8700175006,ilheus-ISSQN,ilheus,ISSQN
2023-10-01,2023-10-01,9,2024-07-01,3169539.203390758,5338993.158862937,929486.8700175006,ilheus-ISSQN,ilheus,ISSQN
2023-10-01,2023-10-01,10,2024-08-01,3889341.9897266403,5133803.801224947,929486.8700175006,ilheus-ISSQN,ilheus,ISSQN
2023-10-01,2023-10-01,11,2024-09-01,5508903.5798269035,4956697.582100578,929486.8700175006,ilheus-ISSQN,ilheus,ISSQN
2023-10-01,2023-10-01,12,2024-10-01,2820464.6937535256,4397158.410272915,929486.8700175006,ilheus-ISSQN,ilheus,ISSQN
2023-11-01,2023-11-01,1,2023-12-01,4824284.21153272,4649024.261816594,939119.2018470734,ilheus-ISSQN,ilheus,ISSQN
2023-11-01,2023-11-01,2,2024-01-01,6855005.067285447,4915849.094258546,939119.2018470734,ilheus-ISSQN,ilheus,ISSQN
2023-11-01,2023-11-01,3,2024-02-01,9086542.543679124,3360452.644190883,939119.2018470734,ilheus-ISSQN,ilheus,ISSQN
2023-11-01,2023-11-01,4,2024-03-01,7043675.816064964,4759796.334682413,939119.2018470734,ilheus-ISSQN,ilheus,ISSQN
2023-11-01,2023-11-01,5,2024-04-01,5890123.897076042,4689388.506397362,939119.2018470734,ilheus-ISSQN,ilheus,ISSQN
2023-11-01,2023-11-01,6,2024-05-01,5072550.794914876,4906676.854800907,939119.2018470734,ilheus-ISSQN,ilheus,ISSQN
2023-11-01,2023-11-01,7,2024-06-01,2370445.2289252775,4616966.997299633,939119.2018470734,ilheus-ISSQN,ilheus,ISSQN
2023-11-01,2023-11-01,8,2024-07-01,3169539.203390758,5544662.402310585,939119.2018470734,ilheus-ISSQN,ilheus,ISSQN
2023-11-01,2023-11-01,9,2024-08-01,3889341.9897266403,5320357.596419298,939119.2018470734,ilheus-ISSQN,ilheus,ISSQN
2023-11-01,2023-11-01,10,2024-09-01,5508903.5798269035,5141776.717828311,939119.2018470734,ilheus-ISSQN,ilheus,ISSQN
2023-11-01,2023-11-01,11,2024-10-01,2820464.6937535256,4581149.243853991,939119.2018470734,ilheus-ISSQN,ilheus,ISSQN
2023-11-01,2023-11-01,12,2024-11-01,2956552.948719671,3353629.1797137596,939119.2018470734,ilheus-ISSQN,ilheus,ISSQN
2023-12-01,2023-12-01,1,2024-01-01,6855005.067285447,4940743.085426688,934035.9118775664,ilheus-ISSQN,ilheus,ISSQN
2023-12-01,2023-12-01,2,2024-02-01,9086542.543679124,3397815.7637292095,934035.9118775664,ilheus-ISSQN,ilheus,ISSQN
2023-12-01,2023-12-01,3,2024-03-01,7043675.816064964,4604717.516686694,934035.9118775664,ilheus-ISSQN,ilheus,ISSQN
2023-12-01,2023-12-01,4,2024-04-01,5890123.897076042,4795748.661805662,934035.9118775664,ilheus-ISSQN,ilheus,ISSQN
2023-12-01,2023-12-01,5,2024-05-01,5072550.794914876,4985782.493602037,934035.9118775664,ilheus-ISSQN,ilheus,ISSQN
2023-12-01,2023-12-01,6,2024-06-01,2370445.2289252775,4709499.3795966925,934035.9118775664,ilheus-ISSQN,ilheus,ISSQN
2023-12-01,2023-12-01,7,2024-07-01,3169539.203390758,5617988.341340402,934035.9118775664,ilheus-ISSQN,ilheus,ISSQN
2023-12-01,2023-12-01,8,2024-08-01,3889341.9897266403,5380519.827831292,934035.9118775664,ilheus-ISSQN,ilheus,ISSQN
2023-12-01,2023-12-01,9,2024-09-01,5508903.5798269035,5207779.300894842,934035.9118775664,ilheus-ISSQN,ilheus,ISSQN
2023-12-01,2023-12-01,10,2024-10-01,2820464.6937535256,4653779.230590829,934035.9118775664,ilheus-ISSQN,ilheus,ISSQN
2023-12-01,2023-12-01,11,2024-11-01,2956552.948719671,3384964.1408910956,934035.9118775664,ilheus-ISSQN,ilheus,ISSQN
2023-12-01,2023-12-01,12,2024-12-01,5455209.451691351,4571361.68835394,934035.9118775664,ilheus-ISSQN,ilheus,ISSQN
2024-01-01,2024-01-01,1,2024-02-01,9086542.543679124,3571043.6139659197,926364.5220756213,ilheus-ISSQN,ilheus,ISSQN
2024-01-01,2024-01-01,2,2024-03-01,7043675.816064964,4893397.911009738,926364.5220756213,ilheus-ISSQN,ilheus,ISSQN
2024-01-01,2024-01-01,3,2024-04-01,5890123.897076042,4986621.8937046835,926364.5220756213,ilheus-ISSQN,ilheus,ISSQN
2024-01-01,2024-01-01,4,2024-05-01,5072550.794914876,5245820.024560557,926364.5220756213,ilheus-ISSQN,ilheus,ISSQN
2024-01-01,2024-01-01,5,2024-06-01,2370445.2289252775,4773510.7779824985,926364.5220756213,ilheus-ISSQN,ilheus,ISSQN
2024-01-01,2024-01-01,6,2024-07-01,3169539.203390758,5860575.975369821,926364.5220756213,ilheus-ISSQN,ilheus,ISSQN
2024-01-01,2024-01-01,7,2024-08-01,3889341.9897266403,5625284.163885136,926364.5220756213,ilheus-ISSQN,ilheus,ISSQN
2024-01-01,2024-01-01,8,2024-09-01,5508903.5798269035,5439718.319914011,926364.5220756213,ilheus-ISSQN,ilheus,ISSQN
2024-01-01,2024-01-01,9,2024-10-01,2820464.6937535256,4814215.642042972,926364.5220756213,ilheus-ISSQN,ilheus,ISSQN
2024-01-01,2024-01-01,10,2024-11-01,2956552.948719671,3546570.840887327,926364.5220756213,ilheus-ISSQN,ilheus,ISSQN
2024-01-01,2024-01-01,11,2024-12-01,5455209.451691351,4982844.418348777,926364.5220756213,ilheus-ISSQN,ilheus,ISSQN
2024-01-01,2024-01-01,12,2025-01-01,8082815.120692073,5341398.775489406,926364.5220756213,ilheus-ISSQN,ilheus,ISSQN
2024-02-01,2024-02-01,1,2024-03-01,7043675.816064964,5903882.554930123,953601.4631272173,ilheus-ISSQN,ilheus,ISSQN
2024-02-01,2024-02-01,2,2024-04-01,5890123.897076042,6027147.174563075,953601.4631272173,ilheus-ISSQN,ilheus,ISSQN
2024-02-01,2024-02-01,3,2024-05-01,5072550.794914876,6152985.3830694435,953601.4631272173,ilheus-ISSQN,ilheus,ISSQN
2024-02-01,2024-02-01,4,2024-06-01,2370445.2289252775,6281450.913302236,953601.4631272173,ilheus-ISSQN,ilheus,ISSQN
2024-02-01,2024-02-01,5,2024-07-01,3169539.203390758,6412598.619979546,953601.4631272173,ilheus-ISSQN,ilheus,ISSQN
2024-02-01,2024-02-01,6,2024-08-01,3889341.9897266403,6546484.503107518,953601.4631272173,ilheus-ISSQN,ilheus,ISSQN
2024-02-01,2024-02-01,7,2024-09-01,5508903.5798269035,6683165.731892257,953601.4631272173,ilheus-ISSQN,ilheus,ISSQN
2024-02-01,2024-02-01,8,2024-10-01,2820464.6937535256,6822700.669151088,953601.4631272173,ilheus-ISSQN,ilheus,ISSQN
2024-02-01,2024-02-01,9,2024-11-01,2956552.948719671,6965148.896233482,953601.4631272173,ilheus-ISSQN,ilheus,ISSQN
2024-02-01,2024-02-01,10,2024-12-01,5455209.451691351,7110571.238462195,953601.4631272173,ilheus-ISSQN,ilheus,ISSQN
2024-02-01,2024-02-01,11,2025-01-01,8082815.120692073,7259029.791105681,953601.4631272173,ilheus-ISSQN,ilheus,ISSQN
2024-02-01,2024-02-01,12,2025-02-01,5641292.016177281,7410587.945892786,953601.4631272173,ilheus-ISSQN,ilheus,ISSQN
2024-03-01,2024-03-01,1,2024-04-01,5890123.897076042,6049125.266539025,964440.247410283,ilheus-ISSQN,ilheus,ISSQN
2024-03-01,2024-03-01,2,2024-05-01,5072550.794914876,6182702.324287798,964440.247410283,ilheus-ISSQN,ilheus,ISSQN
2024-03-01,2024-03-01,3,2024-06-01,2370445.2289252775,6319229.036667716,964440.247410283,ilheus-ISSQN,ilheus,ISSQN
2024-03-01,2024-03-01,4,2024-07-01,3169539.203390758,6458770.538085761,964440.247410283,ilheus-ISSQN,ilheus,ISSQN
2024-03-01,2024-03-01,5,2024-08-01,3889341.9897266403,6601393.401249837,964440.247410283,ilheus-ISSQN,ilheus,ISSQN
2024-03-01,2024-03-01,6,2024-09-01,5508903.5798269035,6747165.668929398,964440.247410283,ilheus-ISSQN,ilheus,ISSQN
2024-03-01,2024-03-01,7,2024-10-01,2820464.6937535256,6896156.886417406,964440.247410283,ilheus-ISSQN,ilheus,ISSQN
2024-03-01,2024-03-01,8,2024-11-01,2956552.948719671,7048438.134709119,964440.247410283,ilheus-ISSQN,ilheus,ISSQN
2024-03-01,2024-03-01,9,2024-12-01,5455209.451691351,7204082.064413582,964440.247410283,ilheus-ISSQN,ilheus,ISSQN
2024-03-01,2024-03-01,10,2025-01-01,8082815.120692073,7363162.930413841,964440.247410283,ilheus-ISSQN,ilheus,ISSQN
2024-03-01,2024-03-01,11,2025-02-01,5641292.016177281,7525756.627292638,964440.247410283,ilheus-ISSQN,ilheus,ISSQN
2024-03-01,2024-03-01,12,2025-03-01,4954483.22587178,7691940.725540323,964440.247410283,ilheus-ISSQN,ilheus,ISSQN
2024-04-01,2024-04-01,1,2024-05-01,5072550.794914876,6178836.9170265235,962492.8491805689,ilheus-ISSQN,ilheus,ISSQN
2024-04-01,2024-04-01,2,2024-06-01,2370445.2289252775,6313892.695543905,962492.8491805689,ilheus-ISSQN,ilheus,ISSQN
2024-04-01,2024-04-01,3,2024-07-01,3169539.203390758,6451900.496190338,962492.8491805689,ilheus-ISSQN,ilheus,ISSQN
2024-04-01,2024-04-01,4,2024-08-01,3889341.9897266403,6592924.843673683,962492.8491805689,ilheus-ISSQN,ilheus,ISSQN
2024-04-01,2024-04-01,5,2024-09-01,5508903.5798269035,6737031.673069891,962492.8491805689,ilheus-ISSQN,ilheus,ISSQN
2024-04-01,2024-04-01,6,2024-10-01,2820464.6937535256,6884288.360650597,962492.8491805689,ilheus-ISSQN,ilheus,ISSQN
2024-04-01,2024-04-01,7,2024-11-01,2956552.948719671,7034763.755384461,962492.8491805689,ilheus-ISSQN,ilheus,ISSQN
2024-04-01,2024-04-01,8,2024-12-01,5455209.451691351,7188528.211127132,962492.8491805689,ilheus-ISSQN,ilheus,ISSQN
2024-04-01,2024-04-01,9,2025-01-01,8082815.120692073,7345653.6195146935,962492.8491805689,ilheus-ISSQN,ilheus,ISSQN
2024-04-01,2024-04-01,10,2025-02-01,5641292.016177281,7506213.443576209,962492.8491805689,ilheus-ISSQN,ilheus,ISSQN
2024-04-01,2024-04-01,11,2025-03-01,4954483.22587178,7670282.75208089,962492.8491805689,ilheus-ISSQN,ilheus,ISSQN
2024-04-01,2024-04-01,12,2025-04-01,6055601.279153026,7837938.254636094,962492.8491805689,ilheus-ISSQN,ilheus,ISSQN
2024-05-01,2024-05-01,1,2024-06-01,2370445.2289252775,6273033.366772298,961592.4022747979,ilheus-ISSQN,ilheus,ISSQN
2024-05-01,2024-05-01,2,2024-07-01,3169539.203390758,6402684.3593100505,961592.4022747979,ilheus-ISSQN,ilheus,ISSQN
2024-05-01,2024-05-01,3,2024-08-01,3889341.9897266403,6535014.977299047,961592.4022747979,ilheus-ISSQN,ilheus,ISSQN
2024-05-01,2024-05-01,4,2024-09-01,5508903.5798269035,6670080.603212005,961592.4022747979,ilheus-ISSQN,ilheus,ISSQN
2024-05-01,2024-05-01,5,2024-10-01,2820464.6937535256,6807937.764166067,961592.4022747979,ilheus-ISSQN,ilheus,ISSQN
2024-05-01,2024-05-01,6,2024-11-01,2956552.948719671,6948644.1555802645,961592.4022747979,ilheus-ISSQN,ilheus,ISSQN
2024-05-01,2024-05-01,7,2024-12-01,5455209.451691351,7092258.665322026,961592.4022747979,ilheus-ISSQN,ilheus,ISSQN
2024-05-01,2024-05-01,8,2025-01-01,8082815.120692073,7238841.398352616,961592.4022747979,ilheus-ISSQN,ilheus,ISSQN
2024-05-01,2024-05-01,9,2025-02-01,5641292.016177281,7388453.701882048,961592.4022747979,ilheus-ISSQN,ilheus,ISSQN
2024-05-01,2024-05-01,10,2025-03-01,4954483.22587178,7541158.191043917,961592.4022747979,ilheus-ISSQN,ilheus,ISSQN
2024-05-01,2024-05-01,11,2025-04-01,6055601.279153026,7697018.775100751,961592.4022747979,ilheus-ISSQN,ilheus,ISSQN
2024-05-01,2024-05-01,12,2025-05-01,6458044.631085712,7856100.68419109,961592.4022747979,ilheus-ISSQN,ilheus,ISSQN
2024-06-01,2024-06-01,1,2024-07-01,3169539.203390758,4884288.80205786,985987.6117356059,ilheus-ISSQN,ilheus,ISSQN
2024-06-01,2024-06-01,2,2024-08-01,3889341.9897266403,4884288.80205786,985987.6117356059,ilheus-ISSQN,ilheus,ISSQN
2024-06-01,2024-06-01,3,2024-09-01,5508903.5798269035,4884288.80205786,985987.6117356059,ilheus-ISSQN,ilheus,ISSQN
2024-06-01,2024-06-01,4,2024-10-01,2820464.6937535256,4884288.80205786,985987.6117356059,ilheus-ISSQN,ilheus,ISSQN
2024-06-01,2024-06-01,5,2024-11-01,2956552.948719671,4884288.80205786,985987.6117356059,ilheus-ISSQN,ilheus,ISSQN
2024-06-01,2024-06-01,6,2024-12-01,5455209.451691351,4884288.80205786,985987.6117356059,ilheus-ISSQN,ilheus,ISSQN
2024-06-01,2024-06-01,7,2025-01-01,8082815.120692073,4884288.80205786,985987.6117356059,ilheus-ISSQN,ilheus,ISSQN
2024-06-01,2024-06-01,8,2025-02-01,5641292.016177281,4884288.80205786,985987.6117356059,ilheus-ISSQN,ilheus,ISSQN
2024-06-01,2024-06-01,9,2025-03-01,4954483.22587178,4884288.80205786,985987.6117356059,ilheus-ISSQN,ilheus,ISSQN
2024-06-01,2024-06-01,10,2025-04-01,6055601.279153026,4884288.80205786,985987.6117356059,ilheus-ISSQN,ilheus,ISSQN
2024-06-01,2024-06-01,11,2025-05-01,6458044.631085712,4884288.80205786,985987.6117356059,ilheus-ISSQN,ilheus,ISSQN
2024-06-01,2024-06-01,12,2025-06-01,5018115.34229184,4884288.80205786,985987.6117356059,ilheus-ISSQN,ilheus,ISSQN
2024-07-01,2024-07-01,1,2024-08-01,3889341.9897266403,4611213.143791257,1007882.5363215416,ilheus-ISSQN,ilheus,ISSQN
2024-07-01,2024-07-01,2,2024-09-01,5508903.5798269035,4611213.143791257,1007882.5363215416,ilheus-ISSQN,ilheus,ISSQN
2024-07-01,2024-07-01,3,2024-10-01,2820464.6937535256,4611213.143791257,1007882.5363215416,ilheus-ISSQN,ilheus,ISSQN
2024-07-01,2024-07-01,4,2024-11-01,2956552.948719671,4611213.143791257,1007882.5363215416,ilheus-ISSQN,ilheus,ISSQN
2024-07-01,2024-07-01,5,2024-12-01,5455209.451691351,4611213.143791257,1007882.5363215416,ilheus-ISSQN,ilheus,ISSQN
2024-07-01,2024-07-01,6,2025-01-01,8082815.120692073,4611213.143791257,1007882.5363215416,ilheus-ISSQN,ilheus,ISSQN
2024-07-01,2024-07-01,7,2025-02-01,5641292.016177281,4611213.143791257,1007882.5363215416,ilheus-ISSQN,ilheus,ISSQN
2024-07-01,2024-07-01,8,2025-03-01,4954483.22587178,4611213.143791257,1007882.5363215416,ilheus-ISSQN,ilheus,ISSQN
2024-07-01,2024-07-01,9,2025-04-01,6055601.279153026,4611213.143791257,1007882.5363215416,ilheus-ISSQN,ilheus,ISSQN
2024-07-01,2024-07-01,10,2025-05-01,6458044.631085712,4611213.143791257,1007882.5363215416,ilheus-ISSQN,ilheus,ISSQN
2024-07-01,2024-07-01,11,2025-06-01,5018115.34229184,4611213.143791257,1007882.5363215416,ilheus-ISSQN,ilheus,ISSQN
2024-07-01,2024-07-01,12,2025-07-01,5248927.023642473,4611213.143791257,1007882.5363215416,ilheus-ISSQN,ilheus,ISSQN
2024-08-01,2024-08-01,1,2024-09-01,5508903.5798269035,4501079.593203312,1011958.1724375833,ilheus-ISSQN,ilheus,ISSQN
2024-08-01,2024-08-01,2,2024-10-01,2820464.6937535256,4501079.593203312,1011958.1724375833,ilheus-ISSQN,ilheus,ISSQN
2024-08-01,2024-08-01,3,2024-11-01,2956552.948719671,4501079.593203312,1011958.1724375833,ilheus-ISSQN,ilheus,ISSQN
2024-08-01,2024-08-01,4,2024-12-01,5455209.451691351,4501079.593203312,1011958.1724375833,ilheus-ISSQN,ilheus,ISSQN
2024-08-01,2024-08-01,5,2025-01-01,8082815.120692073,4501079.593203312,1011958.1724375833,ilheus-ISSQN,ilheus,ISSQN
2024-08-01,2024-08-01,6,2025-02-01,5641292.016177281,4501079.593203312,1011958.1724375833,ilheus-ISSQN,ilheus,ISSQN
2024-08-01,2024-08-01,7,2025-03-01,4954483.22587178,4501079.593203312,1011958.1724375833,ilheus-ISSQN,ilheus,ISSQN
2024-08-01,2024-08-01,8,2025-04-01,6055601.279153026,4501079.593203312,1011958.1724375833,ilheus-ISSQN,ilheus,ISSQN
2024-08-01,2024-08-01,9,2025-05-01,6458044.631085712,4501079.593203312,1011958.1724375833,ilheus-ISSQN,ilheus,ISSQN
2024-08-01,2024-08-01,10,2025-06-01,5018115.34229184,4501079.593203312,1011958.1724375833,ilheus-ISSQN,ilheus,ISSQN
2024-08-01,2024-08-01,11,2025-07-01,5248927.023642473,4501079.593203312,1011958.1724375833,ilheus-ISSQN,ilheus,ISSQN
2024-08-01,2024-08-01,12,2025-08-01,5721230.173206262,4501079.593203312,1011958.1724375833,ilheus-ISSQN,ilheus,ISSQN
2024-09-01,2024-09-01,1,2024-10-01,2820464.6937535256,4631563.401032403,1010087.382182715,ilheus-ISSQN,ilheus,ISSQN
2024-09-01,2024-09-01,2,2024-11-01,2956552.948719671,4631563.401032403,1010087.382182715,ilheus-ISSQN,ilheus,ISSQN
2024-09-01,2024-09-01,3,2024-12-01,5455209.451691351,4631563.401032403,1010087.382182715,ilheus-ISSQN,ilheus,ISSQN
2024-09-01,2024-09-01,4,2025-01-01,8082815.120692073,4631563.401032403,1010087.382182715,ilheus-ISSQN,ilheus,ISSQN
2024-09-01,2024-09-01,5,2025-02-01,5641292.016177281,4631563.401032403,1010087.382182715,ilheus-ISSQN,ilheus,ISSQN
2024-09-01,2024-09-01,6,2025-03-01,4954483.22587178,4631563.401032403,1010087.382182715,ilheus-ISSQN,ilheus,ISSQN
2024-09-01,2024-09-01,7,2025-04-01,6055601.279153026,4631563.401032403,1010087.382182715,ilheus-ISSQN,ilheus,ISSQN
2024-09-01,2024-09-01,8,2025-05-01,6458044.631085712,4631563.401032403,1010087.382182715,ilheus-ISSQN,ilheus,ISSQN
2024-09-01,2024-09-01,9,2025-06-01,5018115.34229184,4631563.401032403,1010087.382182715,ilheus-ISSQN,ilheus,ISSQN
2024-09-01,2024-09-01,10,2025-07-01,5248927.023642473,4631563.401032403,1010087.382182715,ilheus-ISSQN,ilheus,ISSQN
2024-09-01,2024-09-01,11,2025-08-01,5721230.173206262,4631563.401032403,1010087.382182715,ilheus-ISSQN,ilheus,ISSQN
2024-09-01,2024-09-01,12,2025-09-01,6403331.52498959,4631563.401032403,1010087.382182715,ilheus-ISSQN,ilheus,ISSQN
2024-10-01,2024-10-01,1,2024-11-01,2956552.948719671,4326151.763604527,1001627.0981366361,ilheus-ISSQN,ilheus,ISSQN
2024-10-01,2024-10-01,2,2024-12-01,5455209.451691351,4326151.763604527,1001627.0981366361,ilheus-ISSQN,ilheus,ISSQN
2024-10-01,2024-10-01,3,2025-01-01,8082815.120692073,4326151.763604527,1001627.0981366361,ilheus-ISSQN,ilheus,ISSQN
2024-10-01,2024-10-01,4,2025-02-01,5641292.016177281,4326151.763604527,1001627.0981366361,ilheus-ISSQN,ilheus,ISSQN
2024-10-01,2024-10-01,5,2025-03-01,4954483.22587178,4326151.763604527,1001627.0981366361,ilheus-ISSQN,ilheus,ISSQN
2024-10-01,2024-10-01,6,2025-04-01,6055601.279153026,4326151.763604527,1001627.0981366361,ilheus-ISSQN,ilheus,ISSQN
2024-10-01,2024-10-01,7,2025-05-01,6458044.631085712,4326151.763604527,1001627.0981366361,ilheus-ISSQN,ilheus,ISSQN
2024-10-01,2024-10-01,8,2025-06-01,5018115.34229184,4326151.763604527,1001627.0981366361,ilheus-ISSQN,ilheus,ISSQN
2024-10-01,2024-10-01,9,2025-07-01,5248927.023642473,4326151.763604527,1001627.0981366361,ilheus-ISSQN,ilheus,ISSQN
2024-10-01,2024-10-01,10,2025-08-01,5721230.173206262,4326151.763604527,1001627.0981366361,ilheus-ISSQN,ilheus,ISSQN
2024-10-01,2024-10-01,11,2025-09-01,6403331.52498959,4326151.763604527,1001627.0981366361,ilheus-ISSQN,ilheus,ISSQN
2024-10-01,2024-10-01,12,2025-10-01,6050380.013429479,4326151.763604527,1001627.0981366361,ilheus-ISSQN,ilheus,ISSQN
2024-11-01,2024-11-01,1,2024-12-01,5455209.451691351,4043808.132498906,1002871.8644688234,ilheus-ISSQN,ilheus,ISSQN
2024-11-01,2024-11-01,2,2025-01-01,8082815.120692073,4392844.164694763,1002871.8644688234,ilheus-ISSQN,ilheus,ISSQN
2024-11-01,2024-11-01,3,2025-02-01,5641292.016177281,3259937.040141791,1002871.8644688234,ilheus-ISSQN,ilheus,ISSQN
2024-11-01,2024-11-01,4,2025-03-01,4954483.22587178,4205356.8834690945,1002871.8644688234,ilheus-ISSQN,ilheus,ISSQN
2024-11-01,2024-11-01,5,2025-04-01,6055601.279153026,4199070.372623757,1002871.8644688234,ilheus-ISSQN,ilheus,ISSQN
2024-11-01,2024-11-01,6,2025-05-01,6458044.631085712,4336244.63463009,1002871.8644688234,ilheus-ISSQN,ilheus,ISSQN
2024-11-01,2024-11-01,7,2025-06-01,5018115.34229184,4026582.3197122337,1002871.8644688234,ilheus-ISSQN,ilheus,ISSQN
2024-11-01,2024-11-01,8,2025-07-01,5248927.023642473,4620302.598961054,1002871.8644688234,ilheus-ISSQN,ilheus,ISSQN
2024-11-01,2024-11-01,9,2025-08-01,5721230.173206262,4533576.619242601,1002871.8644688234,ilheus-ISSQN,ilheus,ISSQN
2024-11-01,2024-11-01,10,2025-09-01,6403331.52498959,4533806.46526311,1002871.8644688234,ilheus-ISSQN,ilheus,ISSQN
2024-11-01,2024-11-01,11,2025-10-01,6050380.013429479,3611278.4505187655,1002871.8644688234,ilheus-ISSQN,ilheus,ISSQN
2024-11-01,2024-11-01,12,2025-11-01,7406094.559415126,2915948.936234296,1002871.8644688234,ilheus-ISSQN,ilheus,ISSQN
2024-12-01,2024-12-01,1,2025-01-01,8082815.120692073,4700046.24814304,999427.914243729,ilheus-ISSQN,ilheus,ISSQN
2024-12-01,2024-12-01,2,2025-02-01,5641292.016177281,3465023.394996983,999427.914243729,ilheus-ISSQN,ilheus,ISSQN
2024-12-01,2024-12-01,3,2025-03-01,4954483.22587178,4488720.479108288,999427.914243729,ilheus-ISSQN,ilheus,ISSQN
2024-12-01,2024-12-01,4,2025-04-01,6055601.279153026,4497089.538863917,999427.914243729,ilheus-ISSQN,ilheus,ISSQN
2024-12-01,2024-12-01,5,2025-05-01,6458044.631085712,4625714.6018823795,999427.914243729,ilheus-ISSQN,ilheus,ISSQN
2024-12-01,2024-12-01,6,2025-06-01,5018115.34229184,3977952.5273157055,999427.914243729,ilheus-ISSQN,ilheus,ISSQN
2024-12-01,2024-12-01,7,2025-07-01,5248927.023642473,4893192.767598086,999427.914243729,ilheus-ISSQN,ilheus,ISSQN
2024-12-01,2024-12-01,8,2025-08-01,5721230.173206262,4816679.728662295,999427.914243729,ilheus-ISSQN,ilheus,ISSQN
2024-12-01,2024-12-01,9,2025-09-01,6403331.52498959,4830984.819633704,999427.914243729,ilheus-ISSQN,ilheus,ISSQN
2024-12-01,2024-12-01,10,2025-10-01,6050380.013429479,3851197.7031862307,999427.914243729,ilheus-ISSQN,ilheus,ISSQN
2024-12-01,2024-12-01,11,2025-11-01,7406094.559415126,3091713.493891698,999427.914243729,ilheus-ISSQN,ilheus,ISSQN
2024-12-01,2024-12-01,12,2025-12-01,11649189.87,4379327.420153947,999427.914243729,ilheus-ISSQN,ilheus,ISSQN
2025-01-01,2025-01-01,1,2025-02-01,5641292.016177281,3821539.75145599,1001523.1632268749,ilheus-ISSQN,ilheus,ISSQN
2025-01-01,2025-01-01,2,2025-03-01,4954483.22587178,4919377.134696749,1001523.1632268749,ilheus-ISSQN,ilheus,ISSQN
2025-01-01,2025-01-01,3,2025-04-01,6055601.279153026,4962639.255026142,1001523.1632268749,ilheus-ISSQN,ilheus,ISSQN
2025-01-01,2025-01-01,4,2025-05-01,6458044.631085712,5099772.492280098,1001523.1632268749,ilheus-ISSQN,ilheus,ISSQN
2025-01-01,2025-01-01,5,2025-06-01,5018115.34229184,4362367.367762713,1001523.1632268749,ilheus-ISSQN,ilheus,ISSQN
2025-01-01,2025-01-01,6,2025-07-01,5248927.023642473,5413097.659854873,1001523.1632268749,ilheus-ISSQN,ilheus,ISSQN
2025-01-01,2025-01-01,7,2025-08-01,5721230.173206262,5297740.444932268,1001523.1632268749,ilheus-ISSQN,ilheus,ISSQN
2025-01-01,2025-01-01,8,2025-09-01,6403331.52498959,5277511.8284986755,1001523.1632268749,ilheus-ISSQN,ilheus,ISSQN
2025-01-01,2025-01-01,9,2025-10-01,6050380.013429479,4201389.344284115,1001523.1632268749,ilheus-ISSQN,ilheus,ISSQN
2025-01-01,2025-01-01,10,2025-11-01,7406094.559415126,3383006.087175654,1001523.1632268749,ilheus-ISSQN,ilheus,ISSQN
2025-01-01,2025-01-01,11,2025-12-01,11649189.87,4660478.9271962335,1001523.1632268749,ilheus-ISSQN,ilheus,ISSQN
2025-02-01,2025-02-01,1,2025-03-01,4954483.22587178,5292691.21042064,1023738.8665384654,ilheus-ISSQN,ilheus,ISSQN
2025-02-01,2025-02-01,2,2025-04-01,6055601.279153026,5273964.440903811,1023738.8665384654,ilheus-ISSQN,ilheus,ISSQN
2025-02-01,2025-02-01,3,2025-05-01,6458044.631085712,5424965.4016418485,1023738.8665384654,ilheus-ISSQN,ilheus,ISSQN
2025-02-01,2025-02-01,4,2025-06-01,5018115.34229184,4647269.151427,1023738.8665384654,ilheus-ISSQN,ilheus,ISSQN
2025-02-01,2025-02-01,5,2025-07-01,5248927.023642473,5706988.363633027,1023738.8665384654,ilheus-ISSQN,ilheus,ISSQN
2025-02-01,2025-02-01,6,2025-08-01,5721230.173206262,5614431.902784965,1023738.8665384654,ilheus-ISSQN,ilheus,ISSQN
2025-02-01,2025-02-01,7,2025-09-01,6403331.52498959,5634285.53557396,1023738.8665384654,ilheus-ISSQN,ilheus,ISSQN
2025-02-01,2025-02-01,8,2025-10-01,6050380.013429479,4481414.322828277,1023738.8665384654,ilheus-ISSQN,ilheus,ISSQN
2025-02-01,2025-02-01,9,2025-11-01,7406094.559415126,3582069.7871904396,1023738.8665384654,ilheus-ISSQN,ilheus,ISSQN
2025-02-01,2025-02-01,10,2025-12-01,11649189.87,5092235.82141216,1023738.8665384654,ilheus-ISSQN,ilheus,ISSQN
2025-03-01,2025-03-01,1,2025-04-01,6055601.279153026,5216303.004746914,1033337.5487335529,ilheus-ISSQN,ilheus,ISSQN
2025-03-01,2025-03-01,2,2025-05-01,6458044.631085712,5357306.7302678665,1033337.5487335529,ilheus-ISSQN,ilheus,ISSQN
2025-03-01,2025-03-01,3,2025-06-01,5018115.34229184,4601965.447231604,1033337.5487335529,ilheus-ISSQN,ilheus,ISSQN
2025-03-01,2025-03-01,4,2025-07-01,5248927.023642473,5657046.636414357,1033337.5487335529,ilheus-ISSQN,ilheus,ISSQN
2025-03-01,2025-03-01,5,2025-08-01,5721230.173206262,5554793.355385402,1033337.5487335529,ilheus-ISSQN,ilheus,ISSQN
2025-03-01,2025-03-01,6,2025-09-01,6403331.52498959,5561572.753435538,1033337.5487335529,ilheus-ISSQN,ilheus,ISSQN
2025-03-01,2025-03-01,7,2025-10-01,6050380.013429479,4430539.1688736,1033337.5487335529,ilheus-ISSQN,ilheus,ISSQN
2025-03-01,2025-03-01,8,2025-11-01,7406094.559415126,3553426.1926141055,1033337.5487335529,ilheus-ISSQN,ilheus,ISSQN
2025-03-01,2025-03-01,9,2025-12-01,11649189.87,5032061.57083651,1033337.5487335529,ilheus-ISSQN,ilheus,ISSQN
2025-04-01,2025-04-01,1,2025-05-01,6458044.631085712,5503069.85952168,1025588.7972455479,ilheus-ISSQN,ilheus,ISSQN
2025-04-01,2025-04-01,2,2025-06-01,5018115.34229184,4751245.52894825,1025588.7972455479,ilheus-ISSQN,ilheus,ISSQN
2025-04-01,2025-04-01,3,2025-07-01,5248927.023642473,5798893.312847933,1025588.7972455479,ilheus-ISSQN,ilheus,ISSQN
2025-04-01,2025-04-01,4,2025-08-01,5721230.173206262,5704143.576690595,1025588.7972455479,ilheus-ISSQN,ilheus,ISSQN
2025-04-01,2025-04-01,5,2025-09-01,6403331.52498959,5676842.30156575,1025588.7972455479,ilheus-ISSQN,ilheus,ISSQN
2025-04-01,2025-04-01,6,2025-10-01,6050380.013429479,4542803.607821303,1025588.7972455479,ilheus-ISSQN,ilheus,ISSQN
2025-04-01,2025-04-01,7,2025-11-01,7406094.559415126,3639345.1434113677,1025588.7972455479,ilheus-ISSQN,ilheus,ISSQN
2025-04-01,2025-04-01,8,2025-12-01,11649189.87,5067312.3070312105,1025588.7972455479,ilheus-ISSQN,ilheus,ISSQN
2025-05-01,2025-05-01,1,2025-06-01,5018115.34229184,4889201.2244587075,1028773.7975900194,ilheus-ISSQN,ilheus,ISSQN
2025-05-01,2025-05-01,2,2025-07-01,5248927.023642473,6010881.319974097,1028773.7975900194,ilheus-ISSQN,ilheus,ISSQN
2025-05-01,2025-05-01,3,2025-08-01,5721230.173206262,5895067.496346008,1028773.7975900194,ilheus-ISSQN,ilheus,ISSQN
2025-05-01,2025-05-01,4,2025-09-01,6403331.52498959,5904617.036186532,1028773.7975900194,ilheus-ISSQN,ilheus,ISSQN
2025-05-01,2025-05-01,5,2025-10-01,6050380.013429479,4695189.246801313,1028773.7975900194,ilheus-ISSQN,ilheus,ISSQN
2025-05-01,2025-05-01,6,2025-11-01,7406094.559415126,3762154.2788076815,1028773.7975900194,ilheus-ISSQN,ilheus,ISSQN
2025-05-01,2025-05-01,7,2025-12-01,11649189.87,5200865.554429246,1028773.7975900194,ilheus-ISSQN,ilheus,ISSQN
2025-06-01,2025-06-01,1,2025-07-01,5248927.023642473,6049846.545184427,1042974.6424652522,ilheus-ISSQN,ilheus,ISSQN
2025-06-01,2025-06-01,2,2025-08-01,5721230.173206262,5925543.882343605,1042974.6424652522,ilheus-ISSQN,ilheus,ISSQN
2025-06-01,2025-06-01,3,2025-09-01,6403331.52498959,5950261.540390339,1042974.6424652522,ilheus-ISSQN,ilheus,ISSQN
2025-06-01,2025-06-01,4,2025-10-01,6050380.013429479,4724530.63635024,1042974.6424652522,ilheus-ISSQN,ilheus,ISSQN
2025-06-01,2025-06-01,5,2025-11-01,7406094.559415126,3779607.7546998863,1042974.6424652522,ilheus-ISSQN,ilheus,ISSQN
2025-06-01,2025-06-01,6,2025-12-01,11649189.87,5235806.265717618,1042974.6424652522,ilheus-ISSQN,ilheus,ISSQN
2025-07-01,2025-07-01,1,2025-08-01,5721230.173206262,5764682.399988348,1051986.9309677433,ilheus-ISSQN,ilheus,ISSQN
2025-07-01,2025-07-01,2,2025-09-01,6403331.52498959,5777306.242861393,1051986.9309677433,ilheus-ISSQN,ilheus,ISSQN
2025-07-01,2025-07-01,3,2025-10-01,6050380.013429479,4596192.107745426,1051986.9309677433,ilheus-ISSQN,ilheus,ISSQN
2025-07-01,2025-07-01,4,2025-11-01,7406094.559415126,3684726.6767741847,1051986.9309677433,ilheus-ISSQN,ilheus,ISSQN
2025-07-01,2025-07-01,5,2025-12-01,11649189.87,5238809.413249374,1051986.9309677433,ilheus-ISSQN,ilheus,ISSQN
2025-08-01,2025-08-01,1,2025-09-01,6403331.52498959,5776983.368761086,1058710.2176273284,ilheus-ISSQN,ilheus,ISSQN
2025-08-01,2025-08-01,2,2025-10-01,6050380.013429479,4579966.680287347,1058710.2176273284,ilheus-ISSQN,ilheus,ISSQN
2025-08-01,2025-08-01,3,2025-11-01,7406094.559415126,3673972.2452411004,1058710.2176273284,ilheus-ISSQN,ilheus,ISSQN
2025-08-01,2025-08-01,4,2025-12-01,11649189.87,5175684.06299562,1058710.2176273284,ilheus-ISSQN,ilheus,ISSQN
2025-09-01,2025-09-01,1,2025-10-01,6050380.013429479,4686310.412011851,1057306.0956404512,ilheus-ISSQN,ilheus,ISSQN
2025-09-01,2025-09-01,2,2025-11-01,7406094.559415126,3748085.749874363,1057306.0956404512,ilheus-ISSQN,ilheus,ISSQN
2025-09-01,2025-09-01,3,2025-12-01,11649189.87,5241144.9651432475,1057306.0956404512,ilheus-ISSQN,ilheus,ISSQN
2025-10-01,2025-10-01,1,2025-11-01,7406094.559415126,3923264.678009535,1075718.0382170232,ilheus-ISSQN,ilheus,ISSQN
2025-10-01,2025-10-01,2,2025-12-01,11649189.87,5581488.265009109,1075718.0382170232,ilheus-ISSQN,ilheus,ISSQN
2025-11-01,2025-11-01,1,2025-12-01,11649189.87,5714670.613309745,1104069.4968092788,ilheus-ISSQN,ilheus,ISSQN
