origin,train_end,step,target_date,y_true,y_pred,insample_scale,serie
2020-12-01,2020-12-01,1,2021-01-01,69000723.36417782,90709714.00680278,10145027.427750492,salvador-IPTU
2020-12-01,2020-12-01,2,2021-02-01,321045951.24377316,471902834.18086195,10145027.427750492,salvador-IPTU
2020-12-01,2020-12-01,3,2021-03-01,127432294.82771966,92914438.73317368,10145027.427750492,salvador-IPTU
2020-12-01,2020-12-01,4,2021-04-01,57077310.06476509,79051692.7011014,10145027.427750492,salvador-IPTU
2020-12-01,2020-12-01,5,2021-05-01,62874566.758613415,74430855.0195168,10145027.427750492,salvador-IPTU
2020-12-01,2020-12-01,6,2021-06-01,64970539.980599545,74839488.00890969,10145027.427750492,salvador-IPTU
2020-12-01,2020-12-01,7,2021-07-01,59657057.5193954,83535239.75252363,10145027.427750492,salvador-IPTU
2020-12-01,2020-12-01,8,2021-08-01,67559564.12545998,74465676.29967755,10145027.427750492,salvador-IPTU
2020-12-01,2020-12-01,9,2021-09-01,59308358.66786285,73407537.34740515,10145027.427750492,salvador-IPTU
2020-12-01,2020-12-01,10,2021-10-01,53898960.48452419,81827566.37731396,10145027.427750492,salvador-IPTU
2020-12-01,2020-12-01,11,2021-11-01,55536055.336053334,80092177.85775857,10145027.427750492,salvador-IPTU
2020-12-01,2020-12-01,12,2021-12-01,60702736.74751406,90859782.47796145,10145027.427750492,salvador-IPTU
2021-01-01,2021-01-01,1,2021-02-01,321045951.24377316,379305800.74863565,9997872.250671698,salvador-IPTU
2021-01-01,2021-01-01,2,2021-03-01,127432294.82771966,74843016.43677202,9997872.250671698,salvador-IPTU
2021-01-01,2021-01-01,3,2021-04-01,57077310.06476509,63808079.12401062,9997872.250671698,salvador-IPTU
2021-01-01,2021-01-01,4,2021-05-01,62874566.758613415,60230464.665995695,9997872.250671698,salvador-IPTU
2021-01-01,2021-01-01,5,2021-06-01,64970539.980599545,60688331.731619835,9997872.250671698,salvador-IPTU
2021-01-01,2021-01-01,6,2021-07-01,59657057.5193954,67869317.87861392,9997872.250671698,salvador-IPTU
2021-01-01,2021-01-01,7,2021-08-01,67559564.12545998,60701862.11712819,9997872.250671698,salvador-IPTU
2021-01-01,2021-01-01,8,2021-09-01,59308358.66786285,59964350.466571,9997872.250671698,salvador-IPTU
2021-01-01,2021-01-01,9,2021-10-01,53898960.48452419,67017866.681283265,9997872.250671698,salvador-IPTU
2021-01-01,2021-01-01,10,2021-11-01,55536055.336053334,65822129.86264509,9997872.250671698,salvador-IPTU
2021-01-01,2021-01-01,11,2021-12-01,60702736.74751406,74801028.83071096,9997872.250671698,salvador-IPTU
2021-01-01,2021-01-01,12,2022-01-01,65044094.43652048,72936103.55418606,9997872.250671698,salvador-IPTU
2021-02-01,2021-02-01,1,2021-03-01,127432294.82771966,64734210.84363142,9942045.743510159,salvador-IPTU
2021-02-01,2021-02-01,2,2021-04-01,57077310.06476509,55195267.424909115,9942045.743510159,salvador-IPTU
2021-02-01,2021-02-01,3,2021-05-01,62874566.758613415,52212027.285763375,9942045.743510159,salvador-IPTU
2021-02-01,2021-02-01,4,2021-06-01,64970539.980599545,52626546.70928227,9942045.743510159,salvador-IPTU
2021-02-01,2021-02-01,5,2021-07-01,59657057.5193954,58819577.5331126,9942045.743510159,salvador-IPTU
2021-02-01,2021-02-01,6,2021-08-01,67559564.12545998,52898793.14843997,9942045.743510159,salvador-IPTU
2021-02-01,2021-02-01,7,2021-09-01,59308358.66786285,52275546.16846578,9942045.743510159,salvador-IPTU
2021-02-01,2021-02-01,8,2021-10-01,53898960.48452419,58516337.85110866,9942045.743510159,salvador-IPTU
2021-02-01,2021-02-01,9,2021-11-01,55536055.336053334,57839282.825057045,9942045.743510159,salvador-IPTU
2021-02-01,2021-02-01,10,2021-12-01,60702736.74751406,65746707.19613132,9942045.743510159,salvador-IPTU
2021-02-01,2021-02-01,11,2022-01-01,65044094.43652048,64124148.01389229,9942045.743510159,salvador-IPTU
2021-02-01,2021-02-01,12,2022-02-01,287530945.4916237,329793918.0950128,9942045.743510159,salvador-IPTU
2021-03-01,2021-03-01,1,2021-04-01,57077310.06476509,46031035.43799819,10736377.263564026,salvador-IPTU
2021-03-01,2021-03-01,2,2021-05-01,62874566.758613415,48661501.7405534,10736377.263564026,salvador-IPTU
2021-03-01,2021-03-01,3,2021-06-01,64970539.980599545,54736108.749065705,10736377.263564026,salvador-IPTU
2021-03-01,2021-03-01,4,2021-07-01,59657057.5193954,56470170.39932661,10736377.263564026,salvador-IPTU
2021-03-01,2021-03-01,5,2021-08-01,67559564.12545998,50133655.129017726,10736377.263564026,salvador-IPTU
2021-03-01,2021-03-01,6,2021-09-01,59308358.66786285,51994690.72531302,10736377.263564026,salvador-IPTU
2021-03-01,2021-03-01,7,2021-10-01,53898960.48452419,85989452.71297216,10736377.263564026,salvador-IPTU
2021-03-01,2021-03-01,8,2021-11-01,55536055.336053334,86609496.41070087,10736377.263564026,salvador-IPTU
2021-03-01,2021-03-01,9,2021-12-01,60702736.74751406,90694718.64138892,10736377.263564026,salvador-IPTU
2021-03-01,2021-03-01,10,2022-01-01,65044094.43652048,70178184.59391488,10736377.263564026,salvador-IPTU
2021-03-01,2021-03-01,11,2022-02-01,287530945.4916237,326536319.7973035,10736377.263564026,salvador-IPTU
2021-03-01,2021-03-01,12,2022-03-01,123924826.15024877,129558156.52233951,10736377.263564026,salvador-IPTU
2021-04-01,2021-04-01,1,2021-05-01,62874566.758613415,72655611.10960728,10751307.212843925,salvador-IPTU
2021-04-01,2021-04-01,2,2021-06-01,64970539.980599545,76269173.65394796,10751307.212843925,salvador-IPTU
2021-04-01,2021-04-01,3,2021-07-01,59657057.5193954,81302326.90285705,10751307.212843925,salvador-IPTU
2021-04-01,2021-04-01,4,2021-08-01,67559564.12545998,66737832.1637499,10751307.212843925,salvador-IPTU
2021-04-01,2021-04-01,5,2021-09-01,59308358.66786285,65992734.62100519,10751307.212843925,salvador-IPTU
2021-04-01,2021-04-01,6,2021-10-01,53898960.48452419,80896028.7455482,10751307.212843925,salvador-IPTU
2021-04-01,2021-04-01,7,2021-11-01,55536055.336053334,69049388.61122829,10751307.212843925,salvador-IPTU
2021-04-01,2021-04-01,8,2021-12-01,60702736.74751406,73795877.31175831,10751307.212843925,salvador-IPTU
2021-04-01,2021-04-01,9,2022-01-01,65044094.43652048,67746227.61645505,10751307.212843925,salvador-IPTU
2021-04-01,2021-04-01,10,2022-02-01,287530945.4916237,361789722.61800313,10751307.212843925,salvador-IPTU
2021-04-01,2021-04-01,11,2022-03-01,123924826.15024877,103042238.7206922,10751307.212843925,salvador-IPTU
2021-04-01,2021-04-01,12,2022-04-01,61648619.59981778,57078263.05649565,10751307.212843925,salvador-IPTU
2021-05-01,2021-05-01,1,2021-06-01,64970539.980599545,69669060.15439354,10815207.936321974,salvador-IPTU
2021-05-01,2021-05-01,2,2021-07-01,59657057.5193954,74215698.50749758,10815207.936321974,salvador-IPTU
2021-05-01,2021-05-01,3,2021-08-01,67559564.12545998,61002632.95680798,10815207.936321974,salvador-IPTU
2021-05-01,2021-05-01,4,2021-09-01,59308358.66786285,60549398.34616643,10815207.936321974,salvador-IPTU
2021-05-01,2021-05-01,5,2021-10-01,53898960.48452419,73935887.77346289,10815207.936321974,salvador-IPTU
2021-05-01,2021-05-01,6,2021-11-01,55536055.336053334,63236999.27573894,10815207.936321974,salvador-IPTU
2021-05-01,2021-05-01,7,2021-12-01,60702736.74751406,67877730.89070556,10815207.936321974,salvador-IPTU
2021-05-01,2021-05-01,8,2022-01-01,65044094.43652048,62658191.88344195,10815207.936321974,salvador-IPTU
2021-05-01,2021-05-01,9,2022-02-01,287530945.4916237,335453170.9532001,10815207.936321974,salvador-IPTU
2021-05-01,2021-05-01,10,2022-03-01,123924826.15024877,94588988.6041826,10815207.936321974,salvador-IPTU
2021-05-01,2021-05-01,11,2022-04-01,61648619.59981778,52768217.03304778,10815207.936321974,salvador-IPTU
2021-05-01,2021-05-01,12,2022-05-01,68259379.93383087,62872700.28562813,10815207.936321974,salvador-IPTU
2021-06-01,2021-06-01,1,2021-07-01,59657057.5193954,70928826.86158289,10818447.263454236,salvador-IPTU
2021-06-01,2021-06-01,2,2021-08-01,67559564.12545998,58351130.017158255,10818447.263454236,salvador-IPTU
2021-06-01,2021-06-01,3,2021-09-01,59308358.66786285,58079696.86036051,10818447.263454236,salvador-IPTU
2021-06-01,2021-06-01,4,2021-10-01,53898960.48452419,70665291.70451564,10818447.263454236,salvador-IPTU
2021-06-01,2021-06-01,5,2021-11-01,55536055.336053334,60536278.45525321,10818447.263454236,salvador-IPTU
2021-06-01,2021-06-01,6,2021-12-01,60702736.74751406,65207489.44882581,10818447.263454236,salvador-IPTU
2021-06-01,2021-06-01,7,2022-01-01,65044094.43652048,60467028.849981986,10818447.263454236,salvador-IPTU
2021-06-01,2021-06-01,8,2022-02-01,287530945.4916237,324423127.5659223,10818447.263454236,salvador-IPTU
2021-06-01,2021-06-01,9,2022-03-01,123924826.15024877,90775680.58373915,10818447.263454236,salvador-IPTU
2021-06-01,2021-06-01,10,2022-04-01,61648619.59981778,50954950.80653059,10818447.263454236,salvador-IPTU
2021-06-01,2021-06-01,11,2022-05-01,68259379.93383087,60591245.96375724,10818447.263454236,salvador-IPTU
2021-06-01,2021-06-01,12,2022-06-01,60097620.00360337,64967828.38432882,10818447.263454236,salvador-IPTU
2021-07-01,2021-07-01,1,2021-08-01,67559564.12545998,52583902.242652476,10717224.05574527,salvador-IPTU
2021-07-01,2021-07-01,2,2021-09-01,59308358.66786285,52465540.6094555,10717224.05574527,salvador-IPTU
2021-07-01,2021-07-01,3,2021-10-01,53898960.48452419,63592126.710108146,10717224.05574527,salvador-IPTU
2021-07-01,2021-07-01,4,2021-11-01,55536055.336053334,54580630.516043425,10717224.05574527,salvador-IPTU
2021-07-01,2021-07-01,5,2021-12-01,60702736.74751406,59021052.113468274,10717224.05574527,salvador-IPTU
2021-07-01,2021-07-01,6,2022-01-01,65044094.43652048,55000330.10115446,10717224.05574527,salvador-IPTU
2021-07-01,2021-07-01,7,2022-02-01,287530945.4916237,295857341.54656345,10717224.05574527,salvador-IPTU
2021-07-01,2021-07-01,8,2022-03-01,123924826.15024877,82200309.87184052,10717224.05574527,salvador-IPTU
2021-07-01,2021-07-01,9,2022-04-01,61648619.59981778,46446216.35608824,10717224.05574527,salvador-IPTU
2021-07-01,2021-07-01,10,2022-05-01,68259379.93383087,55117706.075199544,10717224.05574527,salvador-IPTU
2021-07-01,2021-07-01,11,2022-06-01,60097620.00360337,58859363.347415455,10717224.05574527,salvador-IPTU
2021-07-01,2021-07-01,12,2022-07-01,66773806.91903504,59652878.33635177,10717224.05574527,salvador-IPTU
2021-08-01,2021-08-01,1,2021-09-01,59308358.66786285,61423517.20992697,10827376.208947297,salvador-IPTU
2021-08-01,2021-08-01,2,2021-10-01,53898960.48452419,74864711.32552025,10827376.208947297,salvador-IPTU
2021-08-01,2021-08-01,3,2021-11-01,55536055.336053334,64113943.85278819,10827376.208947297,salvador-IPTU
2021-08-01,2021-08-01,4,2021-12-01,60702736.74751406,68976027.40616834,10827376.208947297,salvador-IPTU
2021-08-01,2021-08-01,5,2022-01-01,65044094.43652048,63851266.19759592,10827376.208947297,salvador-IPTU
2021-08-01,2021-08-01,6,2022-02-01,287530945.4916237,342099202.66151446,10827376.208947297,salvador-IPTU
2021-08-01,2021-08-01,7,2022-03-01,123924826.15024877,95762636.45796591,10827376.208947297,salvador-IPTU
2021-08-01,2021-08-01,8,2022-04-01,61648619.59981778,53639563.616482615,10827376.208947297,salvador-IPTU
2021-08-01,2021-08-01,9,2022-05-01,68259379.93383087,63770754.13678904,10827376.208947297,salvador-IPTU
2021-08-01,2021-08-01,10,2022-06-01,60097620.00360337,68428207.87032253,10827376.208947297,salvador-IPTU
2021-08-01,2021-08-01,11,2022-07-01,66773806.91903504,69510546.38323694,10827376.208947297,salvador-IPTU
2021-08-01,2021-08-01,12,2022-08-01,66532703.77148832,67558915.36064056,10827376.208947297,salvador-IPTU
2021-09-01,2021-09-01,1,2021-10-01,53898960.48452419,96558831.62563139,10788648.64640075,salvador-IPTU
2021-09-01,2021-09-01,2,2021-11-01,55536055.336053334,93898096.41832535,10788648.64640075,salvador-IPTU
2021-09-01,2021-09-01,3,2021-12-01,60702736.74751406,96533334.00793011,10788648.64640075,salvador-IPTU
2021-09-01,2021-09-01,4,2022-01-01,65044094.43652048,74805461.25611953,10788648.64640075,salvador-IPTU
2021-09-01,2021-09-01,5,2022-02-01,287530945.4916237,348636600.5190362,10788648.64640075,salvador-IPTU
2021-09-01,2021-09-01,6,2022-03-01,123924826.15024877,131960685.46580818,10788648.64640075,salvador-IPTU
2021-09-01,2021-09-01,7,2022-04-01,61648619.59981778,58553811.73462551,10788648.64640075,salvador-IPTU
2021-09-01,2021-09-01,8,2022-05-01,68259379.93383087,63815873.192580774,10788648.64640075,salvador-IPTU
2021-09-01,2021-09-01,9,2022-06-01,60097620.00360337,65678572.77859259,10788648.64640075,salvador-IPTU
2021-09-01,2021-09-01,10,2022-07-01,66773806.91903504,60540448.37744973,10788648.64640075,salvador-IPTU
2021-09-01,2021-09-01,11,2022-08-01,66532703.77148832,67878963.26088767,10788648.64640075,salvador-IPTU
2021-09-01,2021-09-01,12,2022-09-01,65121867.4887068,59626844.14289068,10788648.64640075,salvador-IPTU
2021-10-01,2021-10-01,1,2021-11-01,55536055.336053334,58763028.90619076,11072610.35444577,salvador-IPTU
2021-10-01,2021-10-01,2,2021-12-01,60702736.74751406,66824808.40332545,11072610.35444577,salvador-IPTU
2021-10-01,2021-10-01,3,2022-01-01,65044094.43652048,65659018.18765824,11072610.35444577,salvador-IPTU
2021-10-01,2021-10-01,4,2022-02-01,287530945.4916237,334475266.4124894,11072610.35444577,salvador-IPTU
2021-10-01,2021-10-01,5,2022-03-01,123924826.15024877,78186023.11235677,11072610.35444577,salvador-IPTU
2021-10-01,2021-10-01,6,2022-04-01,61648619.59981778,59809382.11394518,11072610.35444577,salvador-IPTU
2021-10-01,2021-10-01,7,2022-05-01,68259379.93383087,56583848.232779756,11072610.35444577,salvador-IPTU
2021-10-01,2021-10-01,8,2022-06-01,60097620.00360337,57278999.57931,11072610.35444577,salvador-IPTU
2021-10-01,2021-10-01,9,2022-07-01,66773806.91903504,63366809.37286314,11072610.35444577,salvador-IPTU
2021-10-01,2021-10-01,10,2022-08-01,66532703.77148832,57056489.48015075,11072610.35444577,salvador-IPTU
2021-10-01,2021-10-01,11,2022-09-01,65121867.4887068,55654217.46747678,11072610.35444577,salvador-IPTU
2021-10-01,2021-10-01,12,2022-10-01,63488690.92613522,60403590.479067944,11072610.35444577,salvador-IPTU
2021-11-01,2021-11-01,1,2021-12-01,60702736.74751406,-47087310344904.6,11333926.390600452,salvador-IPTU
2021-11-01,2021-11-01,2,2022-01-01,65044094.43652048,75639489.08062084,11333926.390600452,salvador-IPTU
2021-11-01,2021-11-01,3,2022-02-01,287530945.4916237,-653696958393.3308,11333926.390600452,salvador-IPTU
2021-11-01,2021-11-01,4,2022-03-01,123924826.15024877,-18951913234376.07,11333926.390600452,salvador-IPTU
2021-11-01,2021-11-01,5,2022-04-01,61648619.59981778,-33196887810689.664,11333926.390600452,salvador-IPTU
2021-11-01,2021-11-01,6,2022-05-01,68259379.93383087,-23274255217964.867,11333926.390600452,salvador-IPTU
2021-11-01,2021-11-01,7,2022-06-01,60097620.00360337,-3083161150046.961,11333926.390600452,salvador-IPTU
2021-11-01,2021-11-01,8,2022-07-01,66773806.91903504,-4977641076804.378,11333926.390600452,salvador-IPTU
2021-11-01,2021-11-01,9,2022-08-01,66532703.77148832,-37526014145044.66,11333926.390600452,salvador-IPTU
2021-11-01,2021-11-01,10,2022-09-01,65121867.4887068,-8905263573521.613,11333926.390600452,salvador-IPTU
2021-11-01,2021-11-01,11,2022-10-01,63488690.92613522,-9102256608938.652,11333926.390600452,salvador-IPTU
2021-11-01,2021-11-01,12,2022-11-01,66039562.927257076,-5098574780454.571,11333926.390600452,salvador-IPTU
2021-12-01,2021-12-01,1,2022-01-01,65044094.43652048,61639937.36046475,11571991.169759918,salvador-IPTU
2021-12-01,2021-12-01,2,2022-02-01,287530945.4916237,314476752.2164209,11571991.169759918,salvador-IPTU
2021-12-01,2021-12-01,3,2022-03-01,123924826.15024877,73545144.63204043,11571991.169759918,salvador-IPTU
2021-12-01,2021-12-01,4,2022-04-01,61648619.59981778,56339522.63293373,11571991.169759918,salvador-IPTU
2021-12-01,2021-12-01,5,2022-05-01,68259379.93383087,53312245.700293,11571991.169759918,salvador-IPTU
2021-12-01,2021-12-01,6,2022-06-01,60097620.00360337,53960947.67997696,11571991.169759918,salvador-IPTU
2021-12-01,2021-12-01,7,2022-07-01,66773806.91903504,59647193.32840904,11571991.169759918,salvador-IPTU
2021-12-01,2021-12-01,8,2022-08-01,66532703.77148832,53808661.25853996,11571991.169759918,salvador-IPTU
2021-12-01,2021-12-01,9,2022-09-01,65121867.4887068,52478777.37679757,11571991.169759918,salvador-IPTU
2021-12-01,2021-12-01,10,2022-10-01,63488690.92613522,56907372.76377446,11571991.169759918,salvador-IPTU
2021-12-01,2021-12-01,11,2022-11-01,66039562.927257076,55210400.06800921,11571991.169759918,salvador-IPTU
2021-12-01,2021-12-01,12,2022-12-01,64797642.90815615,62421033.6873701,11571991.169759918,salvador-IPTU
2022-01-01,2022-01-01,1,2022-02-01,287530945.4916237,337102809.688424,11467671.139046185,salvador-IPTU
2022-01-01,2022-01-01,2,2022-03-01,123924826.15024877,73705762.04820059,11467671.139046185,salvador-IPTU
2022-01-01,2022-01-01,3,2022-04-01,61648619.59981778,54495630.98623007,11467671.139046185,salvador-IPTU
2022-01-01,2022-01-01,4,2022-05-01,68259379.93383087,53469324.26377453,11467671.139046185,salvador-IPTU
2022-01-01,2022-01-01,5,2022-06-01,60097620.00360337,54171729.3751281,11467671.139046185,salvador-IPTU
2022-01-01,2022-01-01,6,2022-07-01,66773806.91903504,58671924.279023945,11467671.139046185,salvador-IPTU
2022-01-01,2022-01-01,7,2022-08-01,66532703.77148832,53346965.32206915,11467671.139046185,salvador-IPTU
2022-01-01,2022-01-01,8,2022-09-01,65121867.4887068,52914147.90616782,11467671.139046185,salvador-IPTU
2022-01-01,2022-01-01,9,2022-10-01,63488690.92613522,55783546.20416756,11467671.139046185,salvador-IPTU
2022-01-01,2022-01-01,10,2022-11-01,66039562.927257076,52930460.82938752,11467671.139046185,salvador-IPTU
2022-01-01,2022-01-01,11,2022-12-01,64797642.90815615,61094382.34410578,11467671.139046185,salvador-IPTU
2022-01-01,2022-01-01,12,2023-01-01,71842672.13965991,65725452.211623356,11467671.139046185,salvador-IPTU
2022-02-01,2022-02-01,1,2022-03-01,123924826.15024877,-131488960.79114164,11765608.09327731,salvador-IPTU
2022-02-01,2022-02-01,2,2022-04-01,61648619.59981778,-202373780.083788,11765608.09327731,salvador-IPTU
2022-02-01,2022-02-01,3,2022-05-01,68259379.93383087,-270160955.2925397,11765608.09327731,salvador-IPTU
2022-02-01,2022-02-01,4,2022-06-01,60097620.00360337,-442867147.4454375,11765608.09327731,salvador-IPTU
2022-02-01,2022-02-01,5,2022-07-01,66773806.91903504,-620048801.6234953,11765608.09327731,salvador-IPTU
2022-02-01,2022-02-01,6,2022-08-01,66532703.77148832,-717477886.5353469,11765608.09327731,salvador-IPTU
2022-02-01,2022-02-01,7,2022-09-01,65121867.4887068,-796496336.6385529,11765608.09327731,salvador-IPTU
2022-02-01,2022-02-01,8,2022-10-01,63488690.92613522,-402464997.4260295,11765608.09327731,salvador-IPTU
2022-02-01,2022-02-01,9,2022-11-01,66039562.927257076,-73036144059.9048,11765608.09327731,salvador-IPTU
2022-02-01,2022-02-01,10,2022-12-01,64797642.90815615,-2014213830.2701285,11765608.09327731,salvador-IPTU
2022-02-01,2022-02-01,11,2023-01-01,71842672.13965991,-439114621.8699944,11765608.09327731,salvador-IPTU
2022-02-01,2022-02-01,12,2023-02-01,312279669.4451977,-7631172284.39955,11765608.09327731,salvador-IPTU
2022-03-01,2022-03-01,1,2022-04-01,61648619.59981778,71815274.74646835,11655499.567733224,salvador-IPTU
2022-03-01,2022-03-01,2,2022-05-01,68259379.93383087,67741495.56813017,11655499.567733224,salvador-IPTU
2022-03-01,2022-03-01,3,2022-06-01,60097620.00360337,68333072.51041776,11655499.567733224,salvador-IPTU
2022-03-01,2022-03-01,4,2022-07-01,66773806.91903504,75334669.57393542,11655499.567733224,salvador-IPTU
2022-03-01,2022-03-01,5,2022-08-01,66532703.77148832,67571948.06289451,11655499.567733224,salvador-IPTU
2022-03-01,2022-03-01,6,2022-09-01,65121867.4887068,65671913.39833865,11655499.567733224,salvador-IPTU
2022-03-01,2022-03-01,7,2022-10-01,63488690.92613522,71003360.92094849,11655499.567733224,salvador-IPTU
2022-03-01,2022-03-01,8,2022-11-01,66039562.927257076,68617018.96454641,11655499.567733224,salvador-IPTU
2022-03-01,2022-03-01,9,2022-12-01,64797642.90815615,77255542.02629842,11655499.567733224,salvador-IPTU
2022-03-01,2022-03-01,10,2023-01-01,71842672.13965991,76354381.66613472,11655499.567733224,salvador-IPTU
2022-03-01,2022-03-01,11,2023-02-01,312279669.4451977,381596495.3898978,11655499.567733224,salvador-IPTU
2022-03-01,2022-03-01,12,2023-03-01,85661910.80764559,102006649.69670932,11655499.567733224,salvador-IPTU
2022-04-01,2022-04-01,1,2022-05-01,68259379.93383087,62807975.12408259,11562286.540987426,salvador-IPTU
2022-04-01,2022-04-01,2,2022-06-01,60097620.00360337,63420691.415694796,11562286.540987426,salvador-IPTU
2022-04-01,2022-04-01,3,2022-07-01,66773806.91903504,70104011.35875888,11562286.540987426,salvador-IPTU
2022-04-01,2022-04-01,4,2022-08-01,66532703.77148832,62756268.38073023,11562286.540987426,salvador-IPTU
2022-04-01,2022-04-01,5,2022-09-01,65121867.4887068,61117284.05756897,11562286.540987426,salvador-IPTU
2022-04-01,2022-04-01,6,2022-10-01,63488690.92613522,66066674.261725105,11562286.540987426,salvador-IPTU
2022-04-01,2022-04-01,7,2022-11-01,66039562.927257076,63956328.68695898,11562286.540987426,salvador-IPTU
2022-04-01,2022-04-01,8,2022-12-01,64797642.90815615,72058852.92283797,11562286.540987426,salvador-IPTU
2022-04-01,2022-04-01,9,2023-01-01,71842672.13965991,71367962.59103045,11562286.540987426,salvador-IPTU
2022-04-01,2022-04-01,10,2023-02-01,312279669.4451977,356016076.7549889,11562286.540987426,salvador-IPTU
2022-04-01,2022-04-01,11,2023-03-01,85661910.80764559,95101297.37280872,11562286.540987426,salvador-IPTU
2022-04-01,2022-04-01,12,2023-04-01,68003023.29737547,65932420.87193548,11562286.540987426,salvador-IPTU
2022-05-01,2022-05-01,1,2022-06-01,60097620.00360337,32187938.695653845,11482059.614159247,salvador-IPTU
2022-05-01,2022-05-01,2,2022-07-01,66773806.91903504,16277381.799859593,11482059.614159247,salvador-IPTU
2022-05-01,2022-05-01,3,2022-08-01,66532703.77148832,7128876.402728975,11482059.614159247,salvador-IPTU
2022-05-01,2022-05-01,4,2022-09-01,65121867.4887068,3231783.185785665,11482059.614159247,salvador-IPTU
2022-05-01,2022-05-01,5,2022-10-01,63488690.92613522,-116444804.53751218,11482059.614159247,salvador-IPTU
2022-05-01,2022-05-01,6,2022-11-01,66039562.927257076,4619848123.80719,11482059.614159247,salvador-IPTU
2022-05-01,2022-05-01,7,2022-12-01,64797642.90815615,2537320085.53018,11482059.614159247,salvador-IPTU
2022-05-01,2022-05-01,8,2023-01-01,71842672.13965991,1267203896.1099515,11482059.614159247,salvador-IPTU
2022-05-01,2022-05-01,9,2023-02-01,312279669.4451977,3001187433.6097393,11482059.614159247,salvador-IPTU
2022-05-01,2022-05-01,10,2023-03-01,85661910.80764559,388707663.0395707,11482059.614159247,salvador-IPTU
2022-05-01,2022-05-01,11,2023-04-01,68003023.29737547,144770863.51688778,11482059.614159247,salvador-IPTU
2022-05-01,2022-05-01,12,2023-05-01,80927117.99548042,68241120.00317112,11482059.614159247,salvador-IPTU
2022-06-01,2022-06-01,1,2022-07-01,66773806.91903504,69995131.30826047,11397327.054708438,salvador-IPTU
2022-06-01,2022-06-01,2,2022-08-01,66532703.77148832,62660727.258771345,11397327.054708438,salvador-IPTU
2022-06-01,2022-06-01,3,2022-09-01,65121867.4887068,61041950.82342143,11397327.054708438,salvador-IPTU
2022-06-01,2022-06-01,4,2022-10-01,63488690.92613522,65998260.996725895,11397327.054708438,salvador-IPTU
2022-06-01,2022-06-01,5,2022-11-01,66039562.927257076,63907324.45095817,11397327.054708438,salvador-IPTU
2022-06-01,2022-06-01,6,2022-12-01,64797642.90815615,72016152.94372497,11397327.054708438,salvador-IPTU
2022-06-01,2022-06-01,7,2023-01-01,71842672.13965991,71349529.87436497,11397327.054708438,salvador-IPTU
2022-06-01,2022-06-01,8,2023-02-01,312279669.4451977,355944353.5629878,11397327.054708438,salvador-IPTU
2022-06-01,2022-06-01,9,2023-03-01,85661910.80764559,95078850.58358164,11397327.054708438,salvador-IPTU
2022-06-01,2022-06-01,10,2023-04-01,68003023.29737547,65919246.53478509,11397327.054708438,salvador-IPTU
2022-06-01,2022-06-01,11,2023-05-01,80927117.99548042,63293339.316721484,11397327.054708438,salvador-IPTU
2022-06-01,2022-06-01,12,2023-06-01,69943842.947167,62875295.77124926,11397327.054708438,salvador-IPTU
2022-07-01,2022-07-01,1,2022-08-01,66532703.77148832,61440231.96496056,11343142.527429085,salvador-IPTU
2022-07-01,2022-07-01,2,2022-09-01,65121867.4887068,59865991.960329324,11343142.527429085,salvador-IPTU
2022-07-01,2022-07-01,3,2022-10-01,63488690.92613522,64743901.983767696,11343142.527429085,salvador-IPTU
2022-07-01,2022-07-01,4,2022-11-01,66039562.927257076,62708177.68746779,11343142.527429085,salvador-IPTU
2022-07-01,2022-07-01,5,2022-12-01,64797642.90815615,70686183.80066106,11343142.527429085,salvador-IPTU
2022-07-01,2022-07-01,6,2023-01-01,71842672.13965991,70042754.64425558,11343142.527429085,salvador-IPTU
2022-07-01,2022-07-01,7,2023-02-01,312279669.4451977,349584178.40653235,11343142.527429085,salvador-IPTU
2022-07-01,2022-07-01,8,2023-03-01,85661910.80764559,93442681.42027748,11343142.527429085,salvador-IPTU
2022-07-01,2022-07-01,9,2023-04-01,68003023.29737547,64799670.479959734,11343142.527429085,salvador-IPTU
2022-07-01,2022-07-01,10,2023-05-01,80927117.99548042,62237124.48546526,11343142.527429085,salvador-IPTU
2022-07-01,2022-07-01,11,2023-06-01,69943842.947167,61825696.84914307,11343142.527429085,salvador-IPTU
2022-07-01,2022-07-01,12,2023-07-01,68426714.10914947,68271389.57019517,11343142.527429085,salvador-IPTU
2022-08-01,2022-08-01,1,2022-09-01,65121867.4887068,1040586543532.008,11214189.000260867,salvador-IPTU
2022-08-01,2022-08-01,2,2022-10-01,63488690.92613522,-5559022276255.081,11214189.000260867,salvador-IPTU
2022-08-01,2022-08-01,3,2022-11-01,66039562.927257076,-264198893355222.7,11214189.000260867,salvador-IPTU
2022-08-01,2022-08-01,4,2022-12-01,64797642.90815615,-17244849399265.887,11214189.000260867,salvador-IPTU
2022-08-01,2022-08-01,5,2023-01-01,71842672.13965991,76008414.51931225,11214189.000260867,salvador-IPTU
2022-08-01,2022-08-01,6,2023-02-01,312279669.4451977,160469984973323.62,11214189.000260867,salvador-IPTU
2022-08-01,2022-08-01,7,2023-03-01,85661910.80764559,-7611803250671.852,11214189.000260867,salvador-IPTU
2022-08-01,2022-08-01,8,2023-04-01,68003023.29737547,-10041927688672.795,11214189.000260867,salvador-IPTU
2022-08-01,2022-08-01,9,2023-05-01,80927117.99548042,-6652813493100.36,11214189.000260867,salvador-IPTU
2022-08-01,2022-08-01,10,2023-06-01,69943842.947167,-5401087126179.522,11214189.000260867,salvador-IPTU
2022-08-01,2022-08-01,11,2023-07-01,68426714.10914947,-15003428306024.45,11214189.000260867,salvador-IPTU
2022-08-01,2022-08-01,12,2023-08-01,71716634.04572195,-1669926428978.8196,11214189.000260867,salvador-IPTU
2022-09-01,2022-09-01,1,2022-10-01,63488690.92613522,68493447.72280838,11147513.936317448,salvador-IPTU
2022-09-01,2022-09-01,2,2022-11-01,66039562.927257076,66313563.539747156,11147513.936317448,salvador-IPTU
2022-09-01,2022-09-01,3,2022-12-01,64797642.90815615,74718175.23301922,11147513.936317448,salvador-IPTU
2022-09-01,2022-09-01,4,2023-01-01,71842672.13965991,73997805.38466728,11147513.936317448,salvador-IPTU
2022-09-01,2022-09-01,5,2023-02-01,312279669.4451977,369236580.1998849,11147513.936317448,salvador-IPTU
2022-09-01,2022-09-01,6,2023-03-01,85661910.80764559,98652889.68477497,11147513.936317448,salvador-IPTU
2022-09-01,2022-09-01,7,2023-04-01,68003023.29737547,68393343.11280915,11147513.936317448,salvador-IPTU
2022-09-01,2022-09-01,8,2023-05-01,80927117.99548042,65665100.99899961,11147513.936317448,salvador-IPTU
2022-09-01,2022-09-01,9,2023-06-01,69943842.947167,65217351.17046004,11147513.936317448,salvador-IPTU
2022-09-01,2022-09-01,10,2023-07-01,68426714.10914947,71989605.28919788,11147513.936317448,salvador-IPTU
2022-09-01,2022-09-01,11,2023-08-01,71716634.04572195,65226173.93203913,11147513.936317448,salvador-IPTU
2022-09-01,2022-09-01,12,2023-09-01,64678015.45114056,63470164.211295284,11147513.936317448,salvador-IPTU
2022-10-01,2022-10-01,1,2022-11-01,66039562.927257076,64243585.91142676,11128516.576625906,salvador-IPTU
2022-10-01,2022-10-01,2,2022-12-01,64797642.90815615,72425119.80973794,11128516.576625906,salvador-IPTU
2022-10-01,2022-10-01,3,2023-01-01,71842672.13965991,71779019.8945741,11128516.576625906,salvador-IPTU
2022-10-01,2022-10-01,4,2023-02-01,312279669.4451977,358230429.7650437,11128516.576625906,salvador-IPTU
2022-10-01,2022-10-01,5,2023-03-01,85661910.80764559,95730467.07485665,11128516.576625906,salvador-IPTU
2022-10-01,2022-10-01,6,2023-04-01,68003023.29737547,66378905.64765464,11128516.576625906,salvador-IPTU
2022-10-01,2022-10-01,7,2023-05-01,80927117.99548042,63761041.6845198,11128516.576625906,salvador-IPTU
2022-10-01,2022-10-01,8,2023-06-01,69943842.947167,63348552.27682789,11128516.576625906,salvador-IPTU
2022-10-01,2022-10-01,9,2023-07-01,68426714.10914947,69965905.98012416,11128516.576625906,salvador-IPTU
2022-10-01,2022-10-01,10,2023-08-01,71716634.04572195,63414312.147207916,11128516.576625906,salvador-IPTU
2022-10-01,2022-10-01,11,2023-09-01,64678015.45114056,61736210.8509768,11128516.576625906,salvador-IPTU
2022-10-01,2022-10-01,12,2023-10-01,70665245.44717538,65908570.710484415,11128516.576625906,salvador-IPTU
2022-11-01,2022-11-01,1,2022-12-01,64797642.90815615,70224808.69022372,11120986.34788588,salvador-IPTU
2022-11-01,2022-11-01,2,2023-01-01,71842672.13965991,67924661.18391792,11120986.34788588,salvador-IPTU
2022-11-01,2022-11-01,3,2023-02-01,312279669.4451977,320212920.77369297,11120986.34788588,salvador-IPTU
2022-11-01,2022-11-01,4,2023-03-01,85661910.80764559,111797154.6985302,11120986.34788588,salvador-IPTU
2022-11-01,2022-11-01,5,2023-04-01,68003023.29737547,54419747.42825016,11120986.34788588,salvador-IPTU
2022-11-01,2022-11-01,6,2023-05-01,80927117.99548042,62270934.26960752,11120986.34788588,salvador-IPTU
2022-11-01,2022-11-01,7,2023-06-01,69943842.947167,62083401.84284832,11120986.34788588,salvador-IPTU
2022-11-01,2022-11-01,8,2023-07-01,68426714.10914947,69621473.48326094,11120986.34788588,salvador-IPTU
2022-11-01,2022-11-01,9,2023-08-01,71716634.04572195,69058098.82271476,11120986.34788588,salvador-IPTU
2022-11-01,2022-11-01,10,2023-09-01,64678015.45114056,63684681.34158509,11120986.34788588,salvador-IPTU
2022-11-01,2022-11-01,11,2023-10-01,70665245.44717538,63848175.15940086,11120986.34788588,salvador-IPTU
2022-11-01,2022-11-01,12,2023-11-01,64278105.00756604,66039639.5789426,11120986.34788588,salvador-IPTU
2022-12-01,2022-12-01,1,2023-01-01,71842672.13965991,64967539.494145975,11037342.536132976,salvador-IPTU
2022-12-01,2022-12-01,2,2023-02-01,312279669.4451977,306376338.35792506,11037342.536132976,salvador-IPTU
2022-12-01,2022-12-01,3,2023-03-01,85661910.80764559,107008834.15734757,11037342.536132976,salvador-IPTU
2022-12-01,2022-12-01,4,2023-04-01,68003023.29737547,52123612.43166725,11037342.536132976,salvador-IPTU
2022-12-01,2022-12-01,5,2023-05-01,80927117.99548042,59685728.85443184,11037342.536132976,salvador-IPTU
2022-12-01,2022-12-01,6,2023-06-01,69943842.947167,59547254.62233509,11037342.536132976,salvador-IPTU
2022-12-01,2022-12-01,7,2023-07-01,68426714.10914947,66816503.43808929,11037342.536132976,salvador-IPTU
2022-12-01,2022-12-01,8,2023-08-01,71716634.04572195,66305626.52848911,11037342.536132976,salvador-IPTU
2022-12-01,2022-12-01,9,2023-09-01,64678015.45114056,61165320.46015344,11037342.536132976,salvador-IPTU
2022-12-01,2022-12-01,10,2023-10-01,70665245.44717538,61333447.56662142,11037342.536132976,salvador-IPTU
2022-12-01,2022-12-01,11,2023-11-01,64278105.00756604,63434280.84123324,11037342.536132976,salvador-IPTU
2022-12-01,2022-12-01,12,2023-12-01,104574689.04816487,65076389.96975554,11037342.536132976,salvador-IPTU
2023-01-01,2023-01-01,1,2023-02-01,312279669.4451977,350817151.51164323,10987474.714568347,salvador-IPTU
2023-01-01,2023-01-01,2,2023-03-01,85661910.80764559,93782451.84736332,10987474.714568347,salvador-IPTU
2023-01-01,2023-01-01,3,2023-04-01,68003023.29737547,65053444.046777375,10987474.714568347,salvador-IPTU
2023-01-01,2023-01-01,4,2023-05-01,80927117.99548042,62517259.50837372,10987474.714568347,salvador-IPTU
2023-01-01,2023-01-01,5,2023-06-01,69943842.947167,62140780.628385074,10987474.714568347,salvador-IPTU
2023-01-01,2023-01-01,6,2023-07-01,68426714.10914947,68668255.5680117,10987474.714568347,salvador-IPTU
2023-01-01,2023-01-01,7,2023-08-01,71716634.04572195,62265637.15791418,10987474.714568347,salvador-IPTU
2023-01-01,2023-01-01,8,2023-09-01,64678015.45114056,60648294.95937898,10987474.714568347,salvador-IPTU
2023-01-01,2023-01-01,9,2023-10-01,70665245.44717538,64774869.26366282,10987474.714568347,salvador-IPTU
2023-01-01,2023-01-01,10,2023-11-01,64278105.00756604,63188113.71818709,10987474.714568347,salvador-IPTU
2023-01-01,2023-01-01,11,2023-12-01,104574689.04816487,70184959.93484111,10987474.714568347,salvador-IPTU
2023-01-01,2023-01-01,12,2024-01-01,171289802.2674211,70332703.25437851,10987474.714568347,salvador-IPTU
2023-02-01,2023-02-01,1,2023-03-01,85661910.80764559,-354121958.61227196,11147489.240603298,salvador-IPTU
2023-02-01,2023-02-01,2,2023-04-01,68003023.29737547,2342796294.5842886,11147489.240603298,salvador-IPTU
2023-02-01,2023-02-01,3,2023-05-01,80927117.99548042,1097321226.430457,11147489.240603298,salvador-IPTU
2023-02-01,2023-02-01,4,2023-06-01,69943842.947167,1.6400609170859392e+16,11147489.240603298,salvador-IPTU
2023-02-01,2023-02-01,5,2023-07-01,68426714.10914947,1168285168.1213315,11147489.240603298,salvador-IPTU
2023-02-01,2023-02-01,6,2023-08-01,71716634.04572195,-63825331.69909283,11147489.240603298,salvador-IPTU
2023-02-01,2023-02-01,7,2023-09-01,64678015.45114056,-180802689.32839456,11147489.240603298,salvador-IPTU
2023-02-01,2023-02-01,8,2023-10-01,70665245.44717538,84064022.36625868,11147489.240603298,salvador-IPTU
2023-02-01,2023-02-01,9,2023-11-01,64278105.00756604,920247907.5534626,11147489.240603298,salvador-IPTU
2023-02-01,2023-02-01,10,2023-12-01,104574689.04816487,25472178.01518488,11147489.240603298,salvador-IPTU
2023-02-01,2023-02-01,11,2024-01-01,171289802.2674211,-1436413.854197891,11147489.240603298,salvador-IPTU
2023-02-01,2023-02-01,12,2024-02-01,340945987.3121734,639920684.3199646,11147489.240603298,salvador-IPTU
2023-03-01,2023-03-01,1,2023-04-01,68003023.29737547,60983067.16731804,11459160.8049941,salvador-IPTU
2023-03-01,2023-03-01,2,2023-05-01,80927117.99548042,58679302.21618621,11459160.8049941,salvador-IPTU
2023-03-01,2023-03-01,3,2023-06-01,69943842.947167,58398022.83062175,11459160.8049941,salvador-IPTU
2023-03-01,2023-03-01,4,2023-07-01,68426714.10914947,64620323.09388626,11459160.8049941,salvador-IPTU
2023-03-01,2023-03-01,5,2023-08-01,71716634.04572195,58654797.27384053,11459160.8049941,salvador-IPTU
2023-03-01,2023-03-01,6,2023-09-01,64678015.45114056,57185772.26625346,11459160.8049941,salvador-IPTU
2023-03-01,2023-03-01,7,2023-10-01,70665245.44717538,61184049.243732244,11459160.8049941,salvador-IPTU
2023-03-01,2023-03-01,8,2023-11-01,64278105.00756604,59736249.567492664,11459160.8049941,salvador-IPTU
2023-03-01,2023-03-01,9,2023-12-01,104574689.04816487,66375861.54829572,11459160.8049941,salvador-IPTU
2023-03-01,2023-03-01,10,2024-01-01,171289802.2674211,66580854.90300224,11459160.8049941,salvador-IPTU
2023-03-01,2023-03-01,11,2024-02-01,340945987.3121734,328123314.24925,11459160.8049941,salvador-IPTU
2023-03-01,2023-03-01,12,2024-03-01,83011395.96234319,87946929.35878012,11459160.8049941,salvador-IPTU
2023-04-01,2023-04-01,1,2023-05-01,80927117.99548042,61500491.312763445,11401152.201500507,salvador-IPTU
2023-04-01,2023-04-01,2,2023-06-01,69943842.947167,61149328.8826149,11401152.201500507,salvador-IPTU
2023-04-01,2023-04-01,3,2023-07-01,68426714.10914947,67595900.70906807,11401152.201500507,salvador-IPTU
2023-04-01,2023-04-01,4,2023-08-01,71716634.04572195,61316562.74125041,11401152.201500507,salvador-IPTU
2023-04-01,2023-04-01,5,2023-09-01,64678015.45114056,59742362.076363325,11401152.201500507,salvador-IPTU
2023-04-01,2023-04-01,6,2023-10-01,70665245.44717538,63828800.87443156,11401152.201500507,salvador-IPTU
2023-04-01,2023-04-01,7,2023-11-01,64278105.00756604,62285954.5863322,11401152.201500507,salvador-IPTU
2023-04-01,2023-04-01,8,2023-12-01,104574689.04816487,69191766.35760279,11401152.201500507,salvador-IPTU
2023-04-01,2023-04-01,9,2024-01-01,171289802.2674211,69325255.6511928,11401152.201500507,salvador-IPTU
2023-04-01,2023-04-01,10,2024-02-01,340945987.3121734,341643238.4112014,11401152.201500507,salvador-IPTU
2023-04-01,2023-04-01,11,2024-03-01,83011395.96234319,91372945.35763751,11401152.201500507,salvador-IPTU
2023-04-01,2023-04-01,12,2024-04-01,90762029.71183957,64367056.62787123,11401152.201500507,salvador-IPTU
2023-05-01,2023-05-01,1,2023-06-01,69943842.947167,69505690.29958805,11415383.503299935,salvador-IPTU
2023-05-01,2023-05-01,2,2023-07-01,68426714.10914947,76651018.82778457,11415383.503299935,salvador-IPTU
2023-05-01,2023-05-01,3,2023-08-01,71716634.04572195,69489060.91456482,11415383.503299935,salvador-IPTU
2023-05-01,2023-05-01,4,2023-09-01,64678015.45114056,67576260.33904323,11415383.503299935,salvador-IPTU
2023-05-01,2023-05-01,5,2023-10-01,70665245.44717538,72080012.20706463,11415383.503299935,salvador-IPTU
2023-05-01,2023-05-01,6,2023-11-01,64278105.00756604,70214088.94690527,11415383.503299935,salvador-IPTU
2023-05-01,2023-05-01,7,2023-12-01,104574689.04816487,77892417.25528204,11415383.503299935,salvador-IPTU
2023-05-01,2023-05-01,8,2024-01-01,171289802.2674211,77868589.51758967,11415383.503299935,salvador-IPTU
2023-05-01,2023-05-01,9,2024-02-01,340945987.3121734,383631686.8768498,11415383.503299935,salvador-IPTU
2023-05-01,2023-05-01,10,2024-03-01,83011395.96234319,102515414.3839644,11415383.503299935,salvador-IPTU
2023-05-01,2023-05-01,11,2024-04-01,90762029.71183957,72134195.2636828,11415383.503299935,salvador-IPTU
2023-05-01,2023-05-01,12,2024-05-01,79993888.20816118,71486050.86971231,11415383.503299935,salvador-IPTU
2023-06-01,2023-06-01,1,2023-07-01,68426714.10914947,76855724.55723995,11397948.38596953,salvador-IPTU
2023-06-01,2023-06-01,2,2023-08-01,71716634.04572195,69667243.8597587,11397948.38596953,salvador-IPTU
2023-06-01,2023-06-01,3,2023-09-01,64678015.45114056,67759204.34239575,11397948.38596953,salvador-IPTU
2023-06-01,2023-06-01,4,2023-10-01,70665245.44717538,72286901.5146535,11397948.38596953,salvador-IPTU
2023-06-01,2023-06-01,5,2023-11-01,64278105.00756604,70422265.08376494,11397948.38596953,salvador-IPTU
2023-06-01,2023-06-01,6,2023-12-01,104574689.04816487,78132956.15224701,11397948.38596953,salvador-IPTU
2023-06-01,2023-06-01,7,2024-01-01,171289802.2674211,78124580.32542387,11397948.38596953,salvador-IPTU
2023-06-01,2023-06-01,8,2024-02-01,340945987.3121734,384868630.4852327,11397948.38596953,salvador-IPTU
2023-06-01,2023-06-01,9,2024-03-01,83011395.96234319,102840402.51907262,11397948.38596953,salvador-IPTU
2023-06-01,2023-06-01,10,2024-04-01,90762029.71183957,72353826.227065,11397948.38596953,salvador-IPTU
2023-06-01,2023-06-01,11,2024-05-01,79993888.20816118,71726132.75151981,11397948.38596953,salvador-IPTU
2023-06-01,2023-06-01,12,2024-06-01,71206487.06124279,69608120.27552728,11397948.38596953,salvador-IPTU
2023-07-01,2023-07-01,1,2023-08-01,71716634.04572195,-4160404360710.7183,11290860.021179913,salvador-IPTU
2023-07-01,2023-07-01,2,2023-09-01,64678015.45114056,-40520891070504.305,11290860.021179913,salvador-IPTU
2023-07-01,2023-07-01,3,2023-10-01,70665245.44717538,2968838869278.7256,11290860.021179913,salvador-IPTU
2023-07-01,2023-07-01,4,2023-11-01,64278105.00756604,-186838546326901.4,11290860.021179913,salvador-IPTU
2023-07-01,2023-07-01,5,2023-12-01,104574689.04816487,-6689466916893.725,11290860.021179913,salvador-IPTU
2023-07-01,2023-07-01,6,2024-01-01,171289802.2674211,76269548.03908959,11290860.021179913,salvador-IPTU
2023-07-01,2023-07-01,7,2024-02-01,340945987.3121734,-239983853694271.4,11290860.021179913,salvador-IPTU
2023-07-01,2023-07-01,8,2024-03-01,83011395.96234319,-1236213039444.0325,11290860.021179913,salvador-IPTU
2023-07-01,2023-07-01,9,2024-04-01,90762029.71183957,8971496010177.412,11290860.021179913,salvador-IPTU
2023-07-01,2023-07-01,10,2024-05-01,79993888.20816118,-17192274982334.867,11290860.021179913,salvador-IPTU
2023-07-01,2023-07-01,11,2024-06-01,71206487.06124279,-19223376134966.633,11290860.021179913,salvador-IPTU
2023-07-01,2023-07-01,12,2024-07-01,73709055.35130495,1936499999261.8376,11290860.021179913,salvador-IPTU
2023-08-01,2023-08-01,1,2023-09-01,64678015.45114056,66811521.097491086,11224480.350017453,salvador-IPTU
2023-08-01,2023-08-01,2,2023-10-01,70665245.44717538,71294574.8116929,11224480.350017453,salvador-IPTU
2023-08-01,2023-08-01,3,2023-11-01,64278105.00756604,69483546.45886636,11224480.350017453,salvador-IPTU
2023-08-01,2023-08-01,4,2023-12-01,104574689.04816487,77107781.55621977,11224480.350017453,salvador-IPTU
2023-08-01,2023-08-01,5,2024-01-01,171289802.2674211,77142960.90026194,11224480.350017453,salvador-IPTU
2023-08-01,2023-08-01,6,2024-02-01,340945987.3121734,379998841.5937402,11224480.350017453,salvador-IPTU
2023-08-01,2023-08-01,7,2024-03-01,83011395.96234319,101531295.64157215,11224480.350017453,salvador-IPTU
2023-08-01,2023-08-01,8,2024-04-01,90762029.71183957,71419870.97997662,11224480.350017453,salvador-IPTU
2023-08-01,2023-08-01,9,2024-05-01,79993888.20816118,70849855.36883451,11224480.350017453,salvador-IPTU
2023-08-01,2023-08-01,10,2024-06-01,71206487.06124279,68755964.25411208,11224480.350017453,salvador-IPTU
2023-08-01,2023-08-01,11,2024-07-01,73709055.35130495,74990696.63138989,11224480.350017453,salvador-IPTU
2023-08-01,2023-08-01,12,2024-08-01,101732876.40822683,68912506.8802141,11224480.350017453,salvador-IPTU
2023-09-01,2023-09-01,1,2023-10-01,70665245.44717538,70319455.32100064,11108559.615474965,salvador-IPTU
2023-09-01,2023-09-01,2,2023-11-01,64278105.00756604,68550906.12286392,11108559.615474965,salvador-IPTU
2023-09-01,2023-09-01,3,2023-12-01,104574689.04816487,76090185.03934819,11108559.615474965,salvador-IPTU
2023-09-01,2023-09-01,4,2024-01-01,171289802.2674211,76147064.53749707,11108559.615474965,salvador-IPTU
2023-09-01,2023-09-01,5,2024-02-01,340945987.3121734,375135600.8963605,11108559.615474965,salvador-IPTU
2023-09-01,2023-09-01,6,2024-03-01,83011395.96234319,100248072.8906817,11108559.615474965,salvador-IPTU
2023-09-01,2023-09-01,7,2024-04-01,90762029.71183957,70525306.84447624,11108559.615474965,salvador-IPTU
2023-09-01,2023-09-01,8,2024-05-01,79993888.20816118,69983925.57011893,11108559.615474965,salvador-IPTU
2023-09-01,2023-09-01,9,2024-06-01,71206487.06124279,67925221.1793311,11108559.615474965,salvador-IPTU
2023-09-01,2023-09-01,10,2024-07-01,73709055.35130495,74102785.02416855,11108559.615474965,salvador-IPTU
2023-09-01,2023-09-01,11,2024-08-01,101732876.40822683,68110071.67176016,11108559.615474965,salvador-IPTU
2023-09-01,2023-09-01,12,2024-09-01,84187344.93966614,65677144.92144108,11108559.615474965,salvador-IPTU
2023-10-01,2023-10-01,1,2023-11-01,64278105.00756604,68710031.89780699,11066729.77404481,salvador-IPTU
2023-10-01,2023-10-01,2,2023-12-01,104574689.04816487,76272443.72150591,11066729.77404481,salvador-IPTU
2023-10-01,2023-10-01,3,2024-01-01,171289802.2674211,76336966.6238164,11066729.77404481,salvador-IPTU
2023-10-01,2023-10-01,4,2024-02-01,340945987.3121734,376082512.59878886,11066729.77404481,salvador-IPTU
2023-10-01,2023-10-01,5,2024-03-01,83011395.96234319,100513756.82750347,11066729.77404481,salvador-IPTU
2023-10-01,2023-10-01,6,2024-04-01,90762029.71183957,70717532.23522358,11066729.77404481,salvador-IPTU
2023-10-01,2023-10-01,7,2024-05-01,79993888.20816118,70180684.69505234,11066729.77404481,salvador-IPTU
2023-10-01,2023-10-01,8,2024-06-01,71206487.06124279,68120334.0575997,11066729.77404481,salvador-IPTU
2023-10-01,2023-10-01,9,2024-07-01,73709055.35130495,74320490.27084707,11066729.77404481,salvador-IPTU
2023-10-01,2023-10-01,10,2024-08-01,101732876.40822683,68316866.97886567,11066729.77404481,salvador-IPTU
2023-10-01,2023-10-01,11,2024-09-01,84187344.93966614,65879163.77630407,11066729.77404481,salvador-IPTU
2023-10-01,2023-10-01,12,2024-10-01,87790278.56480853,70398649.74432023,11066729.77404481,salvador-IPTU
2023-11-01,2023-11-01,1,2023-12-01,104574689.04816487,74141214.64449777,10968779.54399898,salvador-IPTU
2023-11-01,2023-11-01,2,2024-01-01,171289802.2674211,74230237.81212625,10968779.54399898,salvador-IPTU
2023-11-01,2023-11-01,3,2024-02-01,340945987.3121734,365872308.15751314,10968779.54399898,salvador-IPTU
2023-11-01,2023-11-01,4,2024-03-01,83011395.96234319,97814862.26952001,10968779.54399898,salvador-IPTU
2023-11-01,2023-11-01,5,2024-04-01,90762029.71183957,68848713.9833794,10968779.54399898,salvador-IPTU
2023-11-01,2023-11-01,6,2024-05-01,79993888.20816118,68344547.89689128,10968779.54399898,salvador-IPTU
2023-11-01,2023-11-01,7,2024-06-01,71206487.06124279,66358361.84177522,10968779.54399898,salvador-IPTU
2023-11-01,2023-11-01,8,2024-07-01,73709055.35130495,72414376.9504843,10968779.54399898,salvador-IPTU
2023-11-01,2023-11-01,9,2024-08-01,101732876.40822683,66592574.32867682,10968779.54399898,salvador-IPTU
2023-11-01,2023-11-01,10,2024-09-01,84187344.93966614,64227655.63959504,10968779.54399898,salvador-IPTU
2023-11-01,2023-11-01,11,2024-10-01,87790278.56480853,68656878.63865997,10968779.54399898,salvador-IPTU
2023-11-01,2023-11-01,12,2024-11-01,62217090.58048794,66444841.682633735,10968779.54399898,salvador-IPTU
2023-12-01,2023-12-01,1,2024-01-01,171289802.2674211,-71615153.58361433,11268865.654374084,salvador-IPTU
2023-12-01,2023-12-01,2,2024-02-01,340945987.3121734,-278408239.3265692,11268865.654374084,salvador-IPTU
2023-12-01,2023-12-01,3,2024-03-01,83011395.96234319,-88918065.17718548,11268865.654374084,salvador-IPTU
2023-12-01,2023-12-01,4,2024-04-01,90762029.71183957,-63561619.292939454,11268865.654374084,salvador-IPTU
2023-12-01,2023-12-01,5,2024-05-01,79993888.20816118,-90435185.88543822,11268865.654374084,salvador-IPTU
2023-12-01,2023-12-01,6,2024-06-01,71206487.06124279,-105771155.44859965,11268865.654374084,salvador-IPTU
2023-12-01,2023-12-01,7,2024-07-01,73709055.35130495,-172768675.92259175,11268865.654374084,salvador-IPTU
2023-12-01,2023-12-01,8,2024-08-01,101732876.40822683,-578266591.999509,11268865.654374084,salvador-IPTU
2023-12-01,2023-12-01,9,2024-09-01,84187344.93966614,531206658.8853161,11268865.654374084,salvador-IPTU
2023-12-01,2023-12-01,10,2024-10-01,87790278.56480853,-13457288021.932667,11268865.654374084,salvador-IPTU
2023-12-01,2023-12-01,11,2024-11-01,62217090.58048794,144294583.08843613,11268865.654374084,salvador-IPTU
2023-12-01,2023-12-01,12,2024-12-01,79938734.8290157,219249741.33696157,11268865.654374084,salvador-IPTU
2024-01-01,2024-01-01,1,2024-02-01,340945987.3121734,-1055199028634.1244,12177919.9272956,salvador-IPTU
2024-01-01,2024-01-01,2,2024-03-01,83011395.96234319,253587505898.1998,12177919.9272956,salvador-IPTU
2024-01-01,2024-01-01,3,2024-04-01,90762029.71183957,16656658411.107864,12177919.9272956,salvador-IPTU
2024-01-01,2024-01-01,4,2024-05-01,79993888.20816118,16976115676.833359,12177919.9272956,salvador-IPTU
2024-01-01,2024-01-01,5,2024-06-01,71206487.06124279,3124196750.220554,12177919.9272956,salvador-IPTU
2024-01-01,2024-01-01,6,2024-07-01,73709055.35130495,-52965019047.882,12177919.9272956,salvador-IPTU
2024-01-01,2024-01-01,7,2024-08-01,101732876.40822683,35017916207.89283,12177919.9272956,salvador-IPTU
2024-01-01,2024-01-01,8,2024-09-01,84187344.93966614,50820771510.03974,12177919.9272956,salvador-IPTU
2024-01-01,2024-01-01,9,2024-10-01,87790278.56480853,26296794094.225628,12177919.9272956,salvador-IPTU
2024-01-01,2024-01-01,10,2024-11-01,62217090.58048794,3597768959.8043685,12177919.9272956,salvador-IPTU
2024-01-01,2024-01-01,11,2024-12-01,79938734.8290157,-76302422058.11893,12177919.9272956,salvador-IPTU
2024-01-01,2024-01-01,12,2025-01-01,76872966.26960947,2004998033.7438033,12177919.9272956,salvador-IPTU
2024-02-01,2024-02-01,1,2024-03-01,83011395.96234319,-4384797424640.375,12346168.885863764,salvador-IPTU
2024-02-01,2024-02-01,2,2024-04-01,90762029.71183957,-3890370882921.768,12346168.885863764,salvador-IPTU
2024-02-01,2024-02-01,3,2024-05-01,79993888.20816118,-3480422468484.881,12346168.885863764,salvador-IPTU
2024-02-01,2024-02-01,4,2024-06-01,71206487.06124279,-2830871746995.351,12346168.885863764,salvador-IPTU
2024-02-01,2024-02-01,5,2024-07-01,73709055.35130495,-3945130748113.996,12346168.885863764,salvador-IPTU
2024-02-01,2024-02-01,6,2024-08-01,101732876.40822683,-3056929274123.2793,12346168.885863764,salvador-IPTU
2024-02-01,2024-02-01,7,2024-09-01,84187344.93966614,-2731834981159.415,12346168.885863764,salvador-IPTU
2024-02-01,2024-02-01,8,2024-10-01,87790278.56480853,-1327955686814.1514,12346168.885863764,salvador-IPTU
2024-02-01,2024-02-01,9,2024-11-01,62217090.58048794,10235711661922.672,12346168.885863764,salvador-IPTU
2024-02-01,2024-02-01,10,2024-12-01,79938734.8290157,-1983109614831.6982,12346168.885863764,salvador-IPTU
2024-02-01,2024-02-01,11,2025-01-01,76872966.26960947,76508451.06420289,12346168.885863764,salvador-IPTU
2024-02-01,2024-02-01,12,2025-02-01,357310287.70151484,-15118323671606.324,12346168.885863764,salvador-IPTU
2024-03-01,2024-03-01,1,2024-04-01,90762029.71183957,75710506.00988485,12248232.986464154,salvador-IPTU
2024-03-01,2024-03-01,2,2024-05-01,79993888.20816118,74688922.25283204,12248232.986464154,salvador-IPTU
2024-03-01,2024-03-01,3,2024-06-01,71206487.06124279,72116565.4051062,12248232.986464154,salvador-IPTU
2024-03-01,2024-03-01,4,2024-07-01,73709055.35130495,78301688.38293089,12248232.986464154,salvador-IPTU
2024-03-01,2024-03-01,5,2024-08-01,101732876.40822683,71521223.54454777,12248232.986464154,salvador-IPTU
2024-03-01,2024-03-01,6,2024-09-01,84187344.93966614,68621457.35204607,12248232.986464154,salvador-IPTU
2024-03-01,2024-03-01,7,2024-10-01,87790278.56480853,72850158.18955106,12248232.986464154,salvador-IPTU
2024-03-01,2024-03-01,8,2024-11-01,62217090.58048794,70258316.5520889,12248232.986464154,salvador-IPTU
2024-03-01,2024-03-01,9,2024-12-01,79938734.8290157,81521442.72333404,12248232.986464154,salvador-IPTU
2024-03-01,2024-03-01,10,2025-01-01,76872966.26960947,93183101.9164983,12248232.986464154,salvador-IPTU
2024-03-01,2024-03-01,11,2025-02-01,357310287.70151484,407056416.3193159,12248232.986464154,salvador-IPTU
2024-03-01,2024-03-01,12,2025-03-01,74202146.27427402,106708721.09027292,12248232.986464154,salvador-IPTU
2024-04-01,2024-04-01,1,2024-05-01,79993888.20816118,27952838.282457277,12353340.720744152,salvador-IPTU
2024-04-01,2024-04-01,2,2024-06-01,71206487.06124279,20046789.762089394,12353340.720744152,salvador-IPTU
2024-04-01,2024-04-01,3,2024-07-01,73709055.35130495,22287344.175826456,12353340.720744152,salvador-IPTU
2024-04-01,2024-04-01,4,2024-08-01,101732876.40822683,10945046.361922778,12353340.720744152,salvador-IPTU
2024-04-01,2024-04-01,5,2024-09-01,84187344.93966614,20431268.2019809,12353340.720744152,salvador-IPTU
2024-04-01,2024-04-01,6,2024-10-01,87790278.56480853,-644973856.4073972,12353340.720744152,salvador-IPTU
2024-04-01,2024-04-01,7,2024-11-01,62217090.58048794,13268229.47595713,12353340.720744152,salvador-IPTU
2024-04-01,2024-04-01,8,2024-12-01,79938734.8290157,98102868.4237448,12353340.720744152,salvador-IPTU
2024-04-01,2024-04-01,9,2025-01-01,76872966.26960947,1911200838.8519487,12353340.720744152,salvador-IPTU
2024-04-01,2024-04-01,10,2025-02-01,357310287.70151484,7872066455.366475,12353340.720744152,salvador-IPTU
2024-04-01,2024-04-01,11,2025-03-01,74202146.27427402,314280972.12097067,12353340.720744152,salvador-IPTU
2024-04-01,2024-04-01,12,2025-04-01,74811908.70994155,79568161.51084208,12353340.720744152,salvador-IPTU
2024-05-01,2024-05-01,1,2024-06-01,71206487.06124279,77740424.41415316,12240270.315462716,salvador-IPTU
2024-05-01,2024-05-01,2,2024-07-01,73709055.35130495,84542091.1345015,12240270.315462716,salvador-IPTU
2024-05-01,2024-05-01,3,2024-08-01,101732876.40822683,77058549.45986758,12240270.315462716,salvador-IPTU
2024-05-01,2024-05-01,4,2024-09-01,84187344.93966614,73993449.654793,12240270.315462716,salvador-IPTU
2024-05-01,2024-05-01,5,2024-10-01,87790278.56480853,78498237.95954667,12240270.315462716,salvador-IPTU
2024-05-01,2024-05-01,6,2024-11-01,62217090.58048794,75771830.11655368,12240270.315462716,salvador-IPTU
2024-05-01,2024-05-01,7,2024-12-01,79938734.8290157,87844233.2879615,12240270.315462716,salvador-IPTU
2024-05-01,2024-05-01,8,2025-01-01,76872966.26960947,100599978.5960652,12240270.315462716,salvador-IPTU
2024-05-01,2024-05-01,9,2025-02-01,357310287.70151484,436912086.41356504,12240270.315462716,salvador-IPTU
2024-05-01,2024-05-01,10,2025-03-01,74202146.27427402,114270032.58138037,12240270.315462716,salvador-IPTU
2024-05-01,2024-05-01,11,2025-04-01,74811908.70994155,82587489.55658641,12240270.315462716,salvador-IPTU
2024-05-01,2024-05-01,12,2025-05-01,72101614.35445404,80356661.77475648,12240270.315462716,salvador-IPTU
2024-06-01,2024-06-01,1,2024-07-01,73709055.35130495,77378757.70396963,12132646.529174611,salvador-IPTU
2024-06-01,2024-06-01,2,2024-08-01,101732876.40822683,81692065.87614281,12132646.529174611,salvador-IPTU
2024-06-01,2024-06-01,3,2024-09-01,84187344.93966614,74765345.44699949,12132646.529174611,salvador-IPTU
2024-06-01,2024-06-01,4,2024-10-01,87790278.56480853,78324199.6291534,12132646.529174611,salvador-IPTU
2024-06-01,2024-06-01,5,2024-11-01,62217090.58048794,75334892.80058531,12132646.529174611,salvador-IPTU
2024-06-01,2024-06-01,6,2024-12-01,79938734.8290157,95254330.84248966,12132646.529174611,salvador-IPTU
2024-06-01,2024-06-01,7,2025-01-01,76872966.26960947,106454933.45573397,12132646.529174611,salvador-IPTU
2024-06-01,2024-06-01,8,2025-02-01,357310287.70151484,282703256.0547403,12132646.529174611,salvador-IPTU
2024-06-01,2024-06-01,9,2025-03-01,74202146.27427402,90682872.99550635,12132646.529174611,salvador-IPTU
2024-06-01,2024-06-01,10,2025-04-01,74811908.70994155,84787247.89614223,12132646.529174611,salvador-IPTU
2024-06-01,2024-06-01,11,2025-05-01,72101614.35445404,78319915.77060474,12132646.529174611,salvador-IPTU
2024-06-01,2024-06-01,12,2025-06-01,65029224.51471878,71387108.58695465,12132646.529174611,salvador-IPTU
2024-07-01,2024-07-01,1,2024-08-01,101732876.40822683,9765511.074287474,12066138.710854037,salvador-IPTU
2024-07-01,2024-07-01,2,2024-09-01,84187344.93966614,7745508.919631326,12066138.710854037,salvador-IPTU
2024-07-01,2024-07-01,3,2024-10-01,87790278.56480853,8313762.831293714,12066138.710854037,salvador-IPTU
2024-07-01,2024-07-01,4,2024-11-01,62217090.58048794,7872422.587307516,12066138.710854037,salvador-IPTU
2024-07-01,2024-07-01,5,2024-12-01,79938734.8290157,17231271.818044662,12066138.710854037,salvador-IPTU
2024-07-01,2024-07-01,6,2025-01-01,76872966.26960947,50955372.09258351,12066138.710854037,salvador-IPTU
2024-07-01,2024-07-01,7,2025-02-01,357310287.70151484,842218413.3601639,12066138.710854037,salvador-IPTU
2024-07-01,2024-07-01,8,2025-03-01,74202146.27427402,-40085484.582646094,12066138.710854037,salvador-IPTU
2024-07-01,2024-07-01,9,2025-04-01,74811908.70994155,-16480557.78471833,12066138.710854037,salvador-IPTU
2024-07-01,2024-07-01,10,2025-05-01,72101614.35445404,-27808504.672997314,12066138.710854037,salvador-IPTU
2024-07-01,2024-07-01,11,2025-06-01,65029224.51471878,-43574998.09564812,12066138.710854037,salvador-IPTU
2024-07-01,2024-07-01,12,2025-07-01,73109536.2810681,69644456.17245391,12066138.710854037,salvador-IPTU
2024-08-01,2024-08-01,1,2024-09-01,84187344.93966614,84394356.98163284,12238735.861350678,salvador-IPTU
2024-08-01,2024-08-01,2,2024-10-01,87790278.56480853,88518590.74839322,12238735.861350678,salvador-IPTU
2024-08-01,2024-08-01,3,2024-11-01,62217090.58048794,85063820.09005012,12238735.861350678,salvador-IPTU
2024-08-01,2024-08-01,4,2024-12-01,79938734.8290157,107957096.8816968,12238735.861350678,salvador-IPTU
2024-08-01,2024-08-01,5,2025-01-01,76872966.26960947,120955630.27985923,12238735.861350678,salvador-IPTU
2024-08-01,2024-08-01,6,2025-02-01,357310287.70151484,317812378.6101525,12238735.861350678,salvador-IPTU
2024-08-01,2024-08-01,7,2025-03-01,74202146.27427402,101293863.16491435,12238735.861350678,salvador-IPTU
2024-08-01,2024-08-01,8,2025-04-01,74811908.70994155,95446012.20991024,12238735.861350678,salvador-IPTU
2024-08-01,2024-08-01,9,2025-05-01,72101614.35445404,88065638.70145208,12238735.861350678,salvador-IPTU
2024-08-01,2024-08-01,10,2025-06-01,65029224.51471878,80136371.17250416,12238735.861350678,salvador-IPTU
2024-08-01,2024-08-01,11,2025-07-01,73109536.2810681,85128802.544071,12238735.861350678,salvador-IPTU
2024-08-01,2024-08-01,12,2025-08-01,72024794.89278775,101964453.01845163,12238735.861350678,salvador-IPTU
2024-09-01,2024-09-01,1,2024-10-01,87790278.56480853,-691737041.9275069,12307979.610180916,salvador-IPTU
2024-09-01,2024-09-01,2,2024-11-01,62217090.58048794,5945529442.826552,12307979.610180916,salvador-IPTU
2024-09-01,2024-09-01,3,2024-12-01,79938734.8290157,2362571321.533121,12307979.610180916,salvador-IPTU
2024-09-01,2024-09-01,4,2025-01-01,76872966.26960947,58486694857.83896,12307979.610180916,salvador-IPTU
2024-09-01,2024-09-01,5,2025-02-01,357310287.70151484,-49831530424.68111,12307979.610180916,salvador-IPTU
2024-09-01,2024-09-01,6,2025-03-01,74202146.27427402,1467544645.2072852,12307979.610180916,salvador-IPTU
2024-09-01,2024-09-01,7,2025-04-01,74811908.70994155,296789722.9917303,12307979.610180916,salvador-IPTU
2024-09-01,2024-09-01,8,2025-05-01,72101614.35445404,425185827.403492,12307979.610180916,salvador-IPTU
2024-09-01,2024-09-01,9,2025-06-01,65029224.51471878,186413007.4108523,12307979.610180916,salvador-IPTU
2024-09-01,2024-09-01,10,2025-07-01,73109536.2810681,-276720382.6175394,12307979.610180916,salvador-IPTU
2024-09-01,2024-09-01,11,2025-08-01,72024794.89278775,29286550.22582282,12307979.610180916,salvador-IPTU
2024-09-01,2024-09-01,12,2025-09-01,77720211.54924531,4899964053.049653,12307979.610180916,salvador-IPTU
2024-10-01,2024-10-01,1,2024-11-01,62217090.58048794,62232966.1261973,12353423.511194617,salvador-IPTU
2024-10-01,2024-10-01,2,2024-12-01,79938734.8290157,-193753601.81619987,12353423.511194617,salvador-IPTU
2024-10-01,2024-10-01,3,2025-01-01,76872966.26960947,-427346.2987863201,12353423.511194617,salvador-IPTU
2024-10-01,2024-10-01,4,2025-02-01,357310287.70151484,-18729243.4682453,12353423.511194617,salvador-IPTU
2024-10-01,2024-10-01,5,2025-03-01,74202146.27427402,-1966013275.8995082,12353423.511194617,salvador-IPTU
2024-10-01,2024-10-01,6,2025-04-01,74811908.70994155,-542126510.7798694,12353423.511194617,salvador-IPTU
2024-10-01,2024-10-01,7,2025-05-01,72101614.35445404,-63382873.303467855,12353423.511194617,salvador-IPTU
2024-10-01,2024-10-01,8,2025-06-01,65029224.51471878,15165917.527846165,12353423.511194617,salvador-IPTU
2024-10-01,2024-10-01,9,2025-07-01,73109536.2810681,-241229138.84904554,12353423.511194617,salvador-IPTU
2024-10-01,2024-10-01,10,2025-08-01,72024794.89278775,-376998650.96801084,12353423.511194617,salvador-IPTU
2024-10-01,2024-10-01,11,2025-09-01,77720211.54924531,-202376523.31780678,12353423.511194617,salvador-IPTU
2024-10-01,2024-10-01,12,2025-10-01,69023680.11592714,-385112946.0019259,12353423.511194617,salvador-IPTU
2024-11-01,2024-11-01,1,2024-12-01,79938734.8290157,88253405.54788548,12257232.772090722,salvador-IPTU
2024-11-01,2024-11-01,2,2025-01-01,76872966.26960947,101817069.70391296,12257232.772090722,salvador-IPTU
2024-11-01,2024-11-01,3,2025-02-01,357310287.70151484,435921473.2352491,12257232.772090722,salvador-IPTU
2024-11-01,2024-11-01,4,2025-03-01,74202146.27427402,113795261.76687051,12257232.772090722,salvador-IPTU
2024-11-01,2024-11-01,5,2025-04-01,74811908.70994155,82081338.2445423,12257232.772090722,salvador-IPTU
2024-11-01,2024-11-01,6,2025-05-01,72101614.35445404,80041908.93011348,12257232.772090722,salvador-IPTU
2024-11-01,2024-11-01,7,2025-06-01,65029224.51471878,76729949.0043451,12257232.772090722,salvador-IPTU
2024-11-01,2024-11-01,8,2025-07-01,73109536.2810681,83345840.73285002,12257232.772090722,salvador-IPTU
2024-11-01,2024-11-01,9,2025-08-01,72024794.89278775,79896285.44675647,12257232.772090722,salvador-IPTU
2024-11-01,2024-11-01,10,2025-09-01,77720211.54924531,74870841.43275203,12257232.772090722,salvador-IPTU
2024-11-01,2024-11-01,11,2025-10-01,69023680.11592714,79201395.96048036,12257232.772090722,salvador-IPTU
2024-11-01,2024-11-01,12,2025-11-01,69525795.59107803,75129262.09912893,12257232.772090722,salvador-IPTU
2024-12-01,2024-12-01,1,2025-01-01,76872966.26960947,94580781.53278919,12371850.563267188,salvador-IPTU
2024-12-01,2024-12-01,2,2025-02-01,357310287.70151484,250922594.72049007,12371850.563267188,salvador-IPTU
2024-12-01,2024-12-01,3,2025-03-01,74202146.27427402,80454995.09269895,12371850.563267188,salvador-IPTU
2024-12-01,2024-12-01,4,2025-04-01,74811908.70994155,75290479.80196111,12371850.563267188,salvador-IPTU
2024-12-01,2024-12-01,5,2025-05-01,72101614.35445404,69575956.6899157,12371850.563267188,salvador-IPTU
2024-12-01,2024-12-01,6,2025-06-01,65029224.51471878,63446087.42770875,12371850.563267188,salvador-IPTU
2024-12-01,2024-12-01,7,2025-07-01,73109536.2810681,67507844.24851504,12371850.563267188,salvador-IPTU
2024-12-01,2024-12-01,8,2025-08-01,72024794.89278775,80525353.55690272,12371850.563267188,salvador-IPTU
2024-12-01,2024-12-01,9,2025-09-01,77720211.54924531,66658065.02563598,12371850.563267188,salvador-IPTU
2024-12-01,2024-12-01,10,2025-10-01,69023680.11592714,69672404.60985607,12371850.563267188,salvador-IPTU
2024-12-01,2024-12-01,11,2025-11-01,69525795.59107803,57997228.62158865,12371850.563267188,salvador-IPTU
2024-12-01,2024-12-01,12,2025-12-01,133086096.84,79933859.16937916,12371850.563267188,salvador-IPTU
2025-01-01,2025-01-01,1,2025-02-01,357310287.70151484,225657764.72121936,13124556.851657504,salvador-IPTU
2025-01-01,2025-01-01,2,2025-03-01,74202146.27427402,72858132.77839012,13124556.851657504,salvador-IPTU
2025-01-01,2025-01-01,3,2025-04-01,74811908.70994155,67543521.68823045,13124556.851657504,salvador-IPTU
2025-01-01,2025-01-01,4,2025-05-01,72101614.35445404,62536051.715655014,13124556.851657504,salvador-IPTU
2025-01-01,2025-01-01,5,2025-06-01,65029224.51471878,57186568.36763254,13124556.851657504,salvador-IPTU
2025-01-01,2025-01-01,6,2025-07-01,73109536.2810681,60987523.271835,13124556.851657504,salvador-IPTU
2025-01-01,2025-01-01,7,2025-08-01,72024794.89278775,72421189.02162509,13124556.851657504,salvador-IPTU
2025-01-01,2025-01-01,8,2025-09-01,77720211.54924531,59935404.85295727,13124556.851657504,salvador-IPTU
2025-01-01,2025-01-01,9,2025-10-01,69023680.11592714,62607312.02596293,13124556.851657504,salvador-IPTU
2025-01-01,2025-01-01,10,2025-11-01,69525795.59107803,52306532.25838635,13124556.851657504,salvador-IPTU
2025-01-01,2025-01-01,11,2025-12-01,133086096.84,71855115.75678787,13124556.851657504,salvador-IPTU
2025-02-01,2025-02-01,1,2025-03-01,74202146.27427402,97503221.76501198,13154009.065636449,salvador-IPTU
2025-02-01,2025-02-01,2,2025-04-01,74811908.70994155,70649105.88033675,13154009.065636449,salvador-IPTU
2025-02-01,2025-02-01,3,2025-05-01,72101614.35445404,68725356.36562717,13154009.065636449,salvador-IPTU
2025-02-01,2025-02-01,4,2025-06-01,65029224.51471878,65901596.13207668,13154009.065636449,salvador-IPTU
2025-02-01,2025-02-01,5,2025-07-01,73109536.2810681,71227006.7240152,13154009.065636449,salvador-IPTU
2025-02-01,2025-02-01,6,2025-08-01,72024794.89278775,68770350.98365554,13154009.065636449,salvador-IPTU
2025-02-01,2025-02-01,7,2025-09-01,77720211.54924531,64299662.7983551,13154009.065636449,salvador-IPTU
2025-02-01,2025-02-01,8,2025-10-01,69023680.11592714,68037988.65205291,13154009.065636449,salvador-IPTU
2025-02-01,2025-02-01,9,2025-11-01,69525795.59107803,64277916.18339821,13154009.065636449,salvador-IPTU
2025-02-01,2025-02-01,10,2025-12-01,133086096.84,74774153.7631692,13154009.065636449,salvador-IPTU
2025-03-01,2025-03-01,1,2025-04-01,74811908.70994155,63106015.08574643,13114867.089261968,salvador-IPTU
2025-03-01,2025-03-01,2,2025-05-01,72101614.35445404,61391241.447134756,13114867.089261968,salvador-IPTU
2025-03-01,2025-03-01,3,2025-06-01,65029224.51471878,58903955.75116278,13114867.089261968,salvador-IPTU
2025-03-01,2025-03-01,4,2025-07-01,73109536.2810681,63648543.26691967,13114867.089261968,salvador-IPTU
2025-03-01,2025-03-01,5,2025-08-01,72024794.89278775,61593382.721923396,13114867.089261968,salvador-IPTU
2025-03-01,2025-03-01,6,2025-09-01,77720211.54924531,57577909.37492947,13114867.089261968,salvador-IPTU
2025-03-01,2025-03-01,7,2025-10-01,69023680.11592714,60988464.55698004,13114867.089261968,salvador-IPTU
2025-03-01,2025-03-01,8,2025-11-01,69525795.59107803,57600956.040837415,13114867.089261968,salvador-IPTU
2025-03-01,2025-03-01,9,2025-12-01,133086096.84,67066855.86921361,13114867.089261968,salvador-IPTU
2025-04-01,2025-04-01,1,2025-05-01,72101614.35445404,66470739.92725894,13140181.85633908,salvador-IPTU
2025-04-01,2025-04-01,2,2025-06-01,65029224.51471878,63758800.41141617,13140181.85633908,salvador-IPTU
2025-04-01,2025-04-01,3,2025-07-01,73109536.2810681,68994973.96950942,13140181.85633908,salvador-IPTU
2025-04-01,2025-04-01,4,2025-08-01,72024794.89278775,66614428.34637641,13140181.85633908,salvador-IPTU
2025-04-01,2025-04-01,5,2025-09-01,77720211.54924531,62306101.13577988,13140181.85633908,salvador-IPTU
2025-04-01,2025-04-01,6,2025-10-01,69023680.11592714,65986184.54814738,13140181.85633908,salvador-IPTU
2025-04-01,2025-04-01,7,2025-11-01,69525795.59107803,62349779.36214632,13140181.85633908,salvador-IPTU
2025-04-01,2025-04-01,8,2025-12-01,133086096.84,72567404.2482126,13140181.85633908,salvador-IPTU
2025-05-01,2025-05-01,1,2025-06-01,65029224.51471878,66001498.28811491,13093740.192598974,salvador-IPTU
2025-05-01,2025-05-01,2,2025-07-01,73109536.2810681,71420571.79381795,13093740.192598974,salvador-IPTU
2025-05-01,2025-05-01,3,2025-08-01,72024794.89278775,68935297.34287749,13093740.192598974,salvador-IPTU
2025-05-01,2025-05-01,4,2025-09-01,77720211.54924531,64470243.08291043,13093740.192598974,salvador-IPTU
2025-05-01,2025-05-01,5,2025-10-01,69023680.11592714,68268713.30624816,13093740.192598974,salvador-IPTU
2025-05-01,2025-05-01,6,2025-11-01,69525795.59107803,64500187.36685498,13093740.192598974,salvador-IPTU
2025-05-01,2025-05-01,7,2025-12-01,133086096.84,75056625.31656392,13093740.192598974,salvador-IPTU
2025-06-01,2025-06-01,1,2025-07-01,73109536.2810681,270322645.57082665,13033069.336054457,salvador-IPTU
2025-06-01,2025-06-01,2,2025-08-01,72024794.89278775,1189525488.7870834,13033069.336054457,salvador-IPTU
2025-06-01,2025-06-01,3,2025-09-01,77720211.54924531,626462871.1708311,13033069.336054457,salvador-IPTU
2025-06-01,2025-06-01,4,2025-10-01,69023680.11592714,322482038.9011795,13033069.336054457,salvador-IPTU
2025-06-01,2025-06-01,5,2025-11-01,69525795.59107803,-573705262.092655,13033069.336054457,salvador-IPTU
2025-06-01,2025-06-01,6,2025-12-01,133086096.84,-5058048554.77499,13033069.336054457,salvador-IPTU
2025-07-01,2025-07-01,1,2025-08-01,72024794.89278775,86518050.43875752,12924951.507656043,salvador-IPTU
2025-07-01,2025-07-01,2,2025-09-01,77720211.54924531,122706541.02877326,12924951.507656043,salvador-IPTU
2025-07-01,2025-07-01,3,2025-10-01,69023680.11592714,-95989258.52744934,12924951.507656043,salvador-IPTU
2025-07-01,2025-07-01,4,2025-11-01,69525795.59107803,-19399619.856202673,12924951.507656043,salvador-IPTU
2025-07-01,2025-07-01,5,2025-12-01,133086096.84,584629447.2005087,12924951.507656043,salvador-IPTU
2025-08-01,2025-08-01,1,2025-09-01,77720211.54924531,581255127.7294357,13069633.662895553,salvador-IPTU
2025-08-01,2025-08-01,2,2025-10-01,69023680.11592714,1047969665.7324978,13069633.662895553,salvador-IPTU
2025-08-01,2025-08-01,3,2025-11-01,69525795.59107803,-2831028309453.5127,13069633.662895553,salvador-IPTU
2025-08-01,2025-08-01,4,2025-12-01,133086096.84,1303938848.6437254,13069633.662895553,salvador-IPTU
2025-09-01,2025-09-01,1,2025-10-01,69023680.11592714,-42784168.97488799,13013202.036635086,salvador-IPTU
2025-09-01,2025-09-01,2,2025-11-01,69525795.59107803,726343282.8200915,13013202.036635086,salvador-IPTU
2025-09-01,2025-09-01,3,2025-12-01,133086096.84,583519785.2323709,13013202.036635086,salvador-IPTU
2025-10-01,2025-10-01,1,2025-11-01,69525795.59107803,-273155995.59273416,13061959.633349037,salvador-IPTU
2025-10-01,2025-10-01,2,2025-12-01,133086096.84,1779929140.775657,13061959.633349037,salvador-IPTU
2025-11-01,2025-11-01,1,2025-12-01,133086096.84,20728067.337730113,13013612.955846861,salvador-IPTU
2020-12-01,2020-12-01,1,2021-01-01,106606457.19607326,121940513.54370326,9594906.942543963,salvador-ISSQN
2020-12-01,2020-12-01,2,2021-02-01,114204022.76247141,122804178.0576971,9594906.942543963,salvador-ISSQN
2020-12-01,2020-12-01,3,2021-03-01,120896788.44024572,132887340.86895087,9594906.942543963,salvador-ISSQN
2020-12-01,2020-12-01,4,2021-04-01,114103811.56111069,127134008.0851023,9594906.942543963,salvador-ISSQN
2020-12-01,2020-12-01,5,2021-05-01,113131968.70718983,128698438.0919727,9594906.942543963,salvador-ISSQN
2020-12-01,2020-12-01,6,2021-06-01,116471904.49873734,125018356.77723613,9594906.942543963,salvador-ISSQN
2020-12-01,2020-12-01,7,2021-07-01,130256096.11011124,127179926.9387822,9594906.942543963,salvador-ISSQN
2020-12-01,2020-12-01,8,2021-08-01,155566183.28985867,125836454.22947921,9594906.942543963,salvador-ISSQN
2020-12-01,2020-12-01,9,2021-09-01,137803337.4548178,135283196.74610892,9594906.942543963,salvador-ISSQN
2020-12-01,2020-12-01,10,2021-10-01,133191157.75487636,131367552.77119938,9594906.942543963,salvador-ISSQN
2020-12-01,2020-12-01,11,2021-11-01,144735405.66712868,132769057.27227016,9594906.942543963,salvador-ISSQN
2020-12-01,2020-12-01,12,2021-12-01,173727685.14791396,165533080.50291625,9594906.942543963,salvador-ISSQN
2021-01-01,2021-01-01,1,2021-02-01,114204022.76247141,113929202.24464062,9760599.940792616,salvador-ISSQN
2021-01-01,2021-01-01,2,2021-03-01,120896788.44024572,123439193.25671433,9760599.940792616,salvador-ISSQN
2021-01-01,2021-01-01,3,2021-04-01,114103811.56111069,118231233.65719363,9760599.940792616,salvador-ISSQN
2021-01-01,2021-01-01,4,2021-05-01,113131968.70718983,119823845.23292403,9760599.940792616,salvador-ISSQN
2021-01-01,2021-01-01,5,2021-06-01,116471904.49873734,116562151.37488839,9760599.940792616,salvador-ISSQN
2021-01-01,2021-01-01,6,2021-07-01,130256096.11011124,118725860.60311566,9760599.940792616,salvador-ISSQN
2021-01-01,2021-01-01,7,2021-08-01,155566183.28985867,117611574.44609757,9760599.940792616,salvador-ISSQN
2021-01-01,2021-01-01,8,2021-09-01,137803337.4548178,126564273.81546906,9760599.940792616,salvador-ISSQN
2021-01-01,2021-01-01,9,2021-10-01,133191157.75487636,123081401.93331085,9760599.940792616,salvador-ISSQN
2021-01-01,2021-01-01,10,2021-11-01,144735405.66712868,124537928.56397144,9760599.940792616,salvador-ISSQN
2021-01-01,2021-01-01,11,2021-12-01,173727685.14791396,155366704.48672763,9760599.940792616,salvador-ISSQN
2021-01-01,2021-01-01,12,2022-01-01,122149190.55838329,112123611.57814081,9760599.940792616,salvador-ISSQN
2021-02-01,2021-02-01,1,2021-03-01,120896788.44024572,120532439.98560323,9806268.707568316,salvador-ISSQN
2021-02-01,2021-02-01,2,2021-04-01,114103811.56111069,111646503.03507516,9806268.707568316,salvador-ISSQN
2021-02-01,2021-02-01,3,2021-05-01,113131968.70718983,111843694.63469772,9806268.707568316,salvador-ISSQN
2021-02-01,2021-02-01,4,2021-06-01,116471904.49873734,117191008.51661444,9806268.707568316,salvador-ISSQN
2021-02-01,2021-02-01,5,2021-07-01,130256096.11011124,126260066.77705127,9806268.707568316,salvador-ISSQN
2021-02-01,2021-02-01,6,2021-08-01,155566183.28985867,119459732.33355953,9806268.707568316,salvador-ISSQN
2021-02-01,2021-02-01,7,2021-09-01,137803337.4548178,125874269.36679006,9806268.707568316,salvador-ISSQN
2021-02-01,2021-02-01,8,2021-10-01,133191157.75487636,128659569.95285481,9806268.707568316,salvador-ISSQN
2021-02-01,2021-02-01,9,2021-11-01,144735405.66712868,129795666.45951124,9806268.707568316,salvador-ISSQN
2021-02-01,2021-02-01,10,2021-12-01,173727685.14791396,155445425.32085213,9806268.707568316,salvador-ISSQN
2021-02-01,2021-02-01,11,2022-01-01,122149190.55838329,105914421.58306612,9806268.707568316,salvador-ISSQN
2021-02-01,2021-02-01,12,2022-02-01,114236272.5266531,114201080.47117811,9806268.707568316,salvador-ISSQN
2021-03-01,2021-03-01,1,2021-04-01,114103811.56111069,116944648.02262048,9861347.832970107,salvador-ISSQN
2021-03-01,2021-03-01,2,2021-05-01,113131968.70718983,118536023.19481571,9861347.832970107,salvador-ISSQN
2021-03-01,2021-03-01,3,2021-06-01,116471904.49873734,115325961.37473787,9861347.832970107,salvador-ISSQN
2021-03-01,2021-03-01,4,2021-07-01,130256096.11011124,117481509.76992482,9861347.832970107,salvador-ISSQN
2021-03-01,2021-03-01,5,2021-08-01,155566183.28985867,116395479.70567806,9861347.832970107,salvador-ISSQN
2021-03-01,2021-03-01,6,2021-09-01,137803337.4548178,125268894.39453977,9861347.832970107,salvador-ISSQN
2021-03-01,2021-03-01,7,2021-10-01,133191157.75487636,121835873.0516356,9861347.832970107,salvador-ISSQN
2021-03-01,2021-03-01,8,2021-11-01,144735405.66712868,123293615.45071049,9861347.832970107,salvador-ISSQN
2021-03-01,2021-03-01,9,2021-12-01,173727685.14791396,153820139.48046938,9861347.832970107,salvador-ISSQN
2021-03-01,2021-03-01,10,2022-01-01,122149190.55838329,111008155.44789103,9861347.832970107,salvador-ISSQN
2021-03-01,2021-03-01,11,2022-02-01,114236272.5266531,112816886.62577572,9861347.832970107,salvador-ISSQN
2021-03-01,2021-03-01,12,2022-03-01,127772172.220623,121858771.81767203,9861347.832970107,salvador-ISSQN
2021-04-01,2021-04-01,1,2021-05-01,113131968.70718983,116919030.3805803,9709051.92628519,salvador-ISSQN
2021-04-01,2021-04-01,2,2021-06-01,116471904.49873734,113768604.37130065,9709051.92628519,salvador-ISSQN
2021-04-01,2021-04-01,3,2021-07-01,130256096.11011124,115914629.13557926,9709051.92628519,salvador-ISSQN
2021-04-01,2021-04-01,4,2021-08-01,155566183.28985867,114861227.30621576,9709051.92628519,salvador-ISSQN
2021-04-01,2021-04-01,5,2021-09-01,137803337.4548178,123635164.66046688,9709051.92628519,salvador-ISSQN
2021-04-01,2021-04-01,6,2021-10-01,133191157.75487636,120264758.5242058,9709051.92628519,salvador-ISSQN
2021-04-01,2021-04-01,7,2021-11-01,144735405.66712868,121723210.90404318,9709051.92628519,salvador-ISSQN
2021-04-01,2021-04-01,8,2021-12-01,173727685.14791396,151870289.86666673,9709051.92628519,salvador-ISSQN
2021-04-01,2021-04-01,9,2022-01-01,122149190.55838329,109619877.18518497,9709051.92628519,salvador-ISSQN
2021-04-01,2021-04-01,10,2022-02-01,114236272.5266531,111430853.91751067,9709051.92628519,salvador-ISSQN
2021-04-01,2021-04-01,11,2022-03-01,127772172.220623,120372259.17143969,9709051.92628519,salvador-ISSQN
2021-04-01,2021-04-01,12,2022-04-01,125087559.77891354,115106756.66512887,9709051.92628519,salvador-ISSQN
2021-05-01,2021-05-01,1,2021-06-01,116471904.49873734,111678283.59469664,9756553.351907857,salvador-ISSQN
2021-05-01,2021-05-01,2,2021-07-01,130256096.11011124,113807506.5534599,9756553.351907857,salvador-ISSQN
2021-05-01,2021-05-01,3,2021-08-01,155566183.28985867,112797479.6507466,9756553.351907857,salvador-ISSQN
2021-05-01,2021-05-01,4,2021-09-01,137803337.4548178,121434520.93743552,9756553.351907857,salvador-ISSQN
2021-05-01,2021-05-01,5,2021-10-01,133191157.75487636,118145593.93754731,9756553.351907857,salvador-ISSQN
2021-05-01,2021-05-01,6,2021-11-01,144735405.66712868,119603122.4376321,9756553.351907857,salvador-ISSQN
2021-05-01,2021-05-01,7,2021-12-01,173727685.14791396,149237919.85296124,9756553.351907857,salvador-ISSQN
2021-05-01,2021-05-01,8,2022-01-01,122149190.55838329,107743949.42766269,9756553.351907857,salvador-ISSQN
2021-05-01,2021-05-01,9,2022-02-01,114236272.5266531,109557566.97864433,9756553.351907857,salvador-ISSQN
2021-05-01,2021-05-01,10,2022-03-01,127772172.220623,118364539.10952821,9756553.351907857,salvador-ISSQN
2021-05-01,2021-05-01,11,2022-04-01,125087559.77891354,113206977.38164881,9756553.351907857,salvador-ISSQN
2021-05-01,2021-05-01,12,2022-05-01,158617101.47339234,114463446.60185456,9756553.351907857,salvador-ISSQN
2021-06-01,2021-06-01,1,2021-07-01,130256096.11011124,116538789.22210206,9813376.700045837,salvador-ISSQN
2021-06-01,2021-06-01,2,2021-08-01,155566183.28985867,115467614.15349399,9813376.700045837,salvador-ISSQN
2021-06-01,2021-06-01,3,2021-09-01,137803337.4548178,124294754.20305012,9813376.700045837,salvador-ISSQN
2021-06-01,2021-06-01,4,2021-10-01,133191157.75487636,120899376.78695692,9813376.700045837,salvador-ISSQN
2021-06-01,2021-06-01,5,2021-11-01,144735405.66712868,122355037.75730823,9813376.700045837,salvador-ISSQN
2021-06-01,2021-06-01,6,2021-12-01,173727685.14791396,152662175.62797213,9813376.700045837,salvador-ISSQN
2021-06-01,2021-06-01,7,2022-01-01,122149190.55838329,110186973.88045183,9813376.700045837,salvador-ISSQN
2021-06-01,2021-06-01,8,2022-02-01,114236272.5266531,111989168.949312,9813376.700045837,salvador-ISSQN
2021-06-01,2021-06-01,9,2022-03-01,127772172.220623,120970881.09001192,9813376.700045837,salvador-ISSQN
2021-06-01,2021-06-01,10,2022-04-01,125087559.77891354,115670756.82599653,9813376.700045837,salvador-ISSQN
2021-06-01,2021-06-01,11,2022-05-01,158617101.47339234,116923460.94295274,9813376.700045837,salvador-ISSQN
2021-06-01,2021-06-01,12,2022-06-01,140282250.49272528,114606943.18473898,9813376.700045837,salvador-ISSQN
2021-07-01,2021-07-01,1,2021-08-01,155566183.28985867,121741483.23108572,9905072.651535444,salvador-ISSQN
2021-07-01,2021-07-01,2,2021-09-01,137803337.4548178,128271211.02270693,9905072.651535444,salvador-ISSQN
2021-07-01,2021-07-01,3,2021-10-01,133191157.75487636,131088100.63226876,9905072.651535444,salvador-ISSQN
2021-07-01,2021-07-01,4,2021-11-01,144735405.66712868,132256435.28560826,9905072.651535444,salvador-ISSQN
2021-07-01,2021-07-01,5,2021-12-01,173727685.14791396,158355530.0060352,9905072.651535444,salvador-ISSQN
2021-07-01,2021-07-01,6,2022-01-01,122149190.55838329,107775921.4581254,9905072.651535444,salvador-ISSQN
2021-07-01,2021-07-01,7,2022-02-01,114236272.5266531,116218924.2037975,9905072.651535444,salvador-ISSQN
2021-07-01,2021-07-01,8,2022-03-01,127772172.220623,122866426.38550666,9905072.651535444,salvador-ISSQN
2021-07-01,2021-07-01,9,2022-04-01,125087559.77891354,114668132.48111485,9905072.651535444,salvador-ISSQN
2021-07-01,2021-07-01,10,2022-05-01,158617101.47339234,113676578.10484177,9905072.651535444,salvador-ISSQN
2021-07-01,2021-07-01,11,2022-06-01,140282250.49272528,118188661.09421158,9905072.651535444,salvador-ISSQN
2021-07-01,2021-07-01,12,2022-07-01,136077881.4518655,130255437.3018349,9905072.651535444,salvador-ISSQN
2021-08-01,2021-08-01,1,2021-09-01,137803337.4548178,145604335.8555601,10404313.661469439,salvador-ISSQN
2021-08-01,2021-08-01,2,2021-10-01,133191157.75487636,148788840.40219808,10404313.661469439,salvador-ISSQN
2021-08-01,2021-08-01,3,2021-11-01,144735405.66712868,150267481.66569823,10404313.661469439,salvador-ISSQN
2021-08-01,2021-08-01,4,2021-12-01,173727685.14791396,179123758.14750302,10404313.661469439,salvador-ISSQN
2021-08-01,2021-08-01,5,2022-01-01,122149190.55838329,119946482.05625911,10404313.661469439,salvador-ISSQN
2021-08-01,2021-08-01,6,2022-02-01,114236272.5266531,129151926.0833982,10404313.661469439,salvador-ISSQN
2021-08-01,2021-08-01,7,2022-03-01,127772172.220623,136887536.88301748,10404313.661469439,salvador-ISSQN
2021-08-01,2021-08-01,8,2022-04-01,125087559.77891354,127334447.76294412,10404313.661469439,salvador-ISSQN
2021-08-01,2021-08-01,9,2022-05-01,158617101.47339234,124949482.22455533,10404313.661469439,salvador-ISSQN
2021-08-01,2021-08-01,10,2022-06-01,140282250.49272528,129683238.03290793,10404313.661469439,salvador-ISSQN
2021-08-01,2021-08-01,11,2022-07-01,136077881.4518655,144699041.29810083,10404313.661469439,salvador-ISSQN
2021-08-01,2021-08-01,12,2022-08-01,143715514.76575464,155573705.68175676,10404313.661469439,salvador-ISSQN
2021-09-01,2021-09-01,1,2021-10-01,133191157.75487636,145332830.64668003,10475026.293769283,salvador-ISSQN
2021-09-01,2021-09-01,2,2021-11-01,144735405.66712868,146796231.01355138,10475026.293769283,salvador-ISSQN
2021-09-01,2021-09-01,3,2021-12-01,173727685.14791396,174953318.4257181,10475026.293769283,salvador-ISSQN
2021-09-01,2021-09-01,4,2022-01-01,122149190.55838329,117063646.70662746,10475026.293769283,salvador-ISSQN
2021-09-01,2021-09-01,5,2022-02-01,114236272.5266531,126039171.60185403,10475026.293769283,salvador-ISSQN
2021-09-01,2021-09-01,6,2022-03-01,127772172.220623,133608042.20535721,10475026.293769283,salvador-ISSQN
2021-09-01,2021-09-01,7,2022-04-01,125087559.77891354,124274498.94438915,10475026.293769283,salvador-ISSQN
2021-09-01,2021-09-01,8,2022-05-01,158617101.47339234,121881174.85118484,10475026.293769283,salvador-ISSQN
2021-09-01,2021-09-01,9,2022-06-01,140282250.49272528,126458783.46117029,10475026.293769283,salvador-ISSQN
2021-09-01,2021-09-01,10,2022-07-01,136077881.4518655,141152492.01164925,10475026.293769283,salvador-ISSQN
2021-09-01,2021-09-01,11,2022-08-01,143715514.76575464,152023740.3322208,10475026.293769283,salvador-ISSQN
2021-09-01,2021-09-01,12,2022-09-01,160697582.0766429,137809154.7156388,10475026.293769283,salvador-ISSQN
2021-10-01,2021-10-01,1,2021-11-01,144735405.66712868,141392744.987765,10367279.644576866,salvador-ISSQN
2021-10-01,2021-10-01,2,2021-12-01,173727685.14791396,168547318.236172,10367279.644576866,salvador-ISSQN
2021-10-01,2021-10-01,3,2022-01-01,122149190.55838329,112869256.73331393,10367279.644576866,salvador-ISSQN
2021-10-01,2021-10-01,4,2022-02-01,114236272.5266531,121552400.96704827,10367279.644576866,salvador-ISSQN
2021-10-01,2021-10-01,5,2022-03-01,127772172.220623,128859936.19999462,10367279.644576866,salvador-ISSQN
2021-10-01,2021-10-01,6,2022-04-01,125087559.77891354,119886416.88278577,10367279.644576866,salvador-ISSQN
2021-10-01,2021-10-01,7,2022-05-01,158617101.47339234,117647876.38885497,10367279.644576866,salvador-ISSQN
2021-10-01,2021-10-01,8,2022-06-01,140282250.49272528,122105320.32058802,10367279.644576866,salvador-ISSQN
2021-10-01,2021-10-01,9,2022-07-01,136077881.4518655,136240321.48280486,10367279.644576866,salvador-ISSQN
2021-10-01,2021-10-01,10,2022-08-01,143715514.76575464,146480003.95085365,10367279.644576866,salvador-ISSQN
2021-10-01,2021-10-01,11,2022-09-01,160697582.0766429,132826701.99446082,10367279.644576866,salvador-ISSQN
2021-10-01,2021-10-01,12,2022-10-01,153494428.37310088,133193331.0895134,10367279.644576866,salvador-ISSQN
2021-11-01,2021-11-01,1,2021-12-01,173727685.14791396,170297356.8106932,10315866.099301636,salvador-ISSQN
2021-11-01,2021-11-01,2,2022-01-01,122149190.55838329,113985257.4731579,10315866.099301636,salvador-ISSQN
2021-11-01,2021-11-01,3,2022-02-01,114236272.5266531,122741472.37247019,10315866.099301636,salvador-ISSQN
2021-11-01,2021-11-01,4,2022-03-01,127772172.220623,130122168.67370877,10315866.099301636,salvador-ISSQN
2021-11-01,2021-11-01,5,2022-04-01,125087559.77891354,121047437.37732837,10315866.099301636,salvador-ISSQN
2021-11-01,2021-11-01,6,2022-05-01,158617101.47339234,118744422.31036384,10315866.099301636,salvador-ISSQN
2021-11-01,2021-11-01,7,2022-06-01,140282250.49272528,123218834.46988818,10315866.099301636,salvador-ISSQN
2021-11-01,2021-11-01,8,2022-07-01,136077881.4518655,137514798.78866622,10315866.099301636,salvador-ISSQN
2021-11-01,2021-11-01,9,2022-08-01,143715514.76575464,148008665.53641105,10315866.099301636,salvador-ISSQN
2021-11-01,2021-11-01,10,2022-09-01,160697582.0766429,134178785.15834782,10315866.099301636,salvador-ISSQN
2021-11-01,2021-11-01,11,2022-10-01,153494428.37310088,134522384.92706385,10315866.099301636,salvador-ISSQN
2021-11-01,2021-11-01,12,2022-11-01,145852410.06631136,144737694.60476023,10315866.099301636,salvador-ISSQN
2021-12-01,2021-12-01,1,2022-01-01,122149190.55838329,114975548.69198288,10291360.585169924,salvador-ISSQN
2021-12-01,2021-12-01,2,2022-02-01,114236272.5266531,123807223.99426252,10291360.585169924,salvador-ISSQN
2021-12-01,2021-12-01,3,2022-03-01,127772172.220623,131251266.5409523,10291360.585169924,salvador-ISSQN
2021-12-01,2021-12-01,4,2022-04-01,125087559.77891354,122094891.72158627,10291360.585169924,salvador-ISSQN
2021-12-01,2021-12-01,5,2022-05-01,158617101.47339234,119766031.6726446,10291360.585169924,salvador-ISSQN
2021-12-01,2021-12-01,6,2022-06-01,140282250.49272528,124274374.12049215,10291360.585169924,salvador-ISSQN
2021-12-01,2021-12-01,7,2022-07-01,136077881.4518655,138693335.62717646,10291360.585169924,salvador-ISSQN
2021-12-01,2021-12-01,8,2022-08-01,143715514.76575464,149289649.73134202,10291360.585169924,salvador-ISSQN
2021-12-01,2021-12-01,9,2022-09-01,160697582.0766429,135337201.41359442,10291360.585169924,salvador-ISSQN
2021-12-01,2021-12-01,10,2022-10-01,153494428.37310088,135682676.19051957,10291360.585169924,salvador-ISSQN
2021-12-01,2021-12-01,11,2022-11-01,145852410.06631136,145992501.30779976,10291360.585169924,salvador-ISSQN
2021-12-01,2021-12-01,12,2022-12-01,173647289.37823588,173731219.9797193,10291360.585169924,salvador-ISSQN
2022-01-01,2022-01-01,1,2022-02-01,114236272.5266531,127458269.28700604,10363297.198555406,salvador-ISSQN
2022-01-01,2022-01-01,2,2022-03-01,127772172.220623,135099256.4957715,10363297.198555406,salvador-ISSQN
2022-01-01,2022-01-01,3,2022-04-01,125087559.77891354,125710993.065069,10363297.198555406,salvador-ISSQN
2022-01-01,2022-01-01,4,2022-05-01,158617101.47339234,123470357.16183469,10363297.198555406,salvador-ISSQN
2022-01-01,2022-01-01,5,2022-06-01,140282250.49272528,128193303.30504115,10363297.198555406,salvador-ISSQN
2022-01-01,2022-01-01,6,2022-07-01,136077881.4518655,142905042.90147364,10363297.198555406,salvador-ISSQN
2022-01-01,2022-01-01,7,2022-08-01,143715514.76575464,153149715.35324886,10363297.198555406,salvador-ISSQN
2022-01-01,2022-01-01,8,2022-09-01,160697582.0766429,138988249.15313557,10363297.198555406,salvador-ISSQN
2022-01-01,2022-01-01,9,2022-10-01,153494428.37310088,139473468.5837827,10363297.198555406,salvador-ISSQN
2022-01-01,2022-01-01,10,2022-11-01,145852410.06631136,149915322.24861407,10363297.198555406,salvador-ISSQN
2022-01-01,2022-01-01,11,2022-12-01,173647289.37823588,178357280.7038655,10363297.198555406,salvador-ISSQN
2022-01-01,2022-01-01,12,2023-01-01,135212874.65426108,122153398.06187066,10363297.198555406,salvador-ISSQN
2022-02-01,2022-02-01,1,2022-03-01,127772172.220623,128876507.44794776,10223688.449442249,salvador-ISSQN
2022-02-01,2022-02-01,2,2022-04-01,125087559.77891354,119853875.461453,10223688.449442249,salvador-ISSQN
2022-02-01,2022-02-01,3,2022-05-01,158617101.47339234,117455923.20456982,10223688.449442249,salvador-ISSQN
2022-02-01,2022-02-01,4,2022-06-01,140282250.49272528,121813321.31948483,10223688.449442249,salvador-ISSQN
2022-02-01,2022-02-01,5,2022-07-01,136077881.4518655,136038735.54495463,10223688.449442249,salvador-ISSQN
2022-02-01,2022-02-01,6,2022-08-01,143715514.76575464,146882505.8482329,10223688.449442249,salvador-ISSQN
2022-02-01,2022-02-01,7,2022-09-01,160697582.0766429,133064770.27164762,10223688.449442249,salvador-ISSQN
2022-02-01,2022-02-01,8,2022-10-01,153494428.37310088,133328841.95555052,10223688.449442249,salvador-ISSQN
2022-02-01,2022-02-01,9,2022-11-01,145852410.06631136,143578068.6188839,10223688.449442249,salvador-ISSQN
2022-02-01,2022-02-01,10,2022-12-01,173647289.37823588,170903390.58660224,10223688.449442249,salvador-ISSQN
2022-02-01,2022-02-01,11,2023-01-01,135212874.65426108,117002844.15626998,10223688.449442249,salvador-ISSQN
2022-02-01,2022-02-01,12,2023-02-01,132887451.56330125,114237483.43872203,10223688.449442249,salvador-ISSQN
2022-03-01,2022-03-01,1,2022-04-01,125087559.77891354,119417688.99258539,10179044.387188049,salvador-ISSQN
2022-03-01,2022-03-01,2,2022-05-01,158617101.47339234,117028870.78747845,10179044.387188049,salvador-ISSQN
2022-03-01,2022-03-01,3,2022-06-01,140282250.49272528,121371492.42336202,10179044.387188049,salvador-ISSQN
2022-03-01,2022-03-01,4,2022-07-01,136077881.4518655,135546586.68008208,10179044.387188049,salvador-ISSQN
2022-03-01,2022-03-01,5,2022-08-01,143715514.76575464,146351622.45999628,10179044.387188049,salvador-ISSQN
2022-03-01,2022-03-01,6,2022-09-01,160697582.0766429,132585855.88470027,10179044.387188049,salvador-ISSQN
2022-03-01,2022-03-01,7,2022-10-01,153494428.37310088,132850504.65670146,10179044.387188049,salvador-ISSQN
2022-03-01,2022-03-01,8,2022-11-01,145852410.06631136,143063009.27035788,10179044.387188049,salvador-ISSQN
2022-03-01,2022-03-01,9,2022-12-01,173647289.37823588,170289540.7495837,10179044.387188049,salvador-ISSQN
2022-03-01,2022-03-01,10,2023-01-01,135212874.65426108,116581582.07833047,10179044.387188049,salvador-ISSQN
2022-03-01,2022-03-01,11,2023-02-01,132887451.56330125,113825699.33648914,10179044.387188049,salvador-ISSQN
2022-03-01,2022-03-01,12,2023-03-01,145681238.28892994,127772445.50958876,10179044.387188049,salvador-ISSQN
2022-04-01,2022-04-01,1,2022-05-01,158617101.47339234,119398408.58189344,10189632.595485613,salvador-ISSQN
2022-04-01,2022-04-01,2,2022-06-01,140282250.49272528,123835723.66125427,10189632.595485613,salvador-ISSQN
2022-04-01,2022-04-01,3,2022-07-01,136077881.4518655,138288151.759097,10189632.595485613,salvador-ISSQN
2022-04-01,2022-04-01,4,2022-08-01,143715514.76575464,149264045.91243753,10189632.595485613,salvador-ISSQN
2022-04-01,2022-04-01,5,2022-09-01,160697582.0766429,135227759.04552576,10189632.595485613,salvador-ISSQN
2022-04-01,2022-04-01,6,2022-10-01,153494428.37310088,135499869.75261557,10189632.595485613,salvador-ISSQN
2022-04-01,2022-04-01,7,2022-11-01,145852410.06631136,145900593.37270275,10189632.595485613,salvador-ISSQN
2022-04-01,2022-04-01,8,2022-12-01,173647289.37823588,173660766.99751467,10189632.595485613,salvador-ISSQN
2022-04-01,2022-04-01,9,2023-01-01,135212874.65426108,118891214.04021816,10189632.595485613,salvador-ISSQN
2022-04-01,2022-04-01,10,2023-02-01,132887451.56330125,116101508.87602946,10189632.595485613,salvador-ISSQN
2022-04-01,2022-04-01,11,2023-03-01,145681238.28892994,130332948.89859062,10189632.595485613,salvador-ISSQN
2022-04-01,2022-04-01,12,2023-04-01,143508604.1514569,125089081.16521125,10189632.595485613,salvador-ISSQN
2022-05-01,2022-05-01,1,2022-06-01,140282250.49272528,139624569.5103954,10648015.714585831,salvador-ISSQN
2022-05-01,2022-05-01,2,2022-07-01,136077881.4518655,143820694.8651226,10648015.714585831,salvador-ISSQN
2022-05-01,2022-05-01,3,2022-08-01,143715514.76575464,147291327.42099762,10648015.714585831,salvador-ISSQN
2022-05-01,2022-05-01,4,2022-09-01,160697582.0766429,154609598.55592513,10648015.714585831,salvador-ISSQN
2022-05-01,2022-05-01,5,2022-10-01,153494428.37310088,149332736.70243645,10648015.714585831,salvador-ISSQN
2022-05-01,2022-05-01,6,2022-11-01,145852410.06631136,151542040.93462536,10648015.714585831,salvador-ISSQN
2022-05-01,2022-05-01,7,2022-12-01,173647289.37823588,186341317.2809535,10648015.714585831,salvador-ISSQN
2022-05-01,2022-05-01,8,2023-01-01,135212874.65426108,134585467.8578885,10648015.714585831,salvador-ISSQN
2022-05-01,2022-05-01,9,2023-02-01,132887451.56330125,135008479.00413173,10648015.714585831,salvador-ISSQN
2022-05-01,2022-05-01,10,2023-03-01,145681238.28892994,145732415.4136896,10648015.714585831,salvador-ISSQN
2022-05-01,2022-05-01,11,2023-04-01,143508604.1514569,139857924.409641,10648015.714585831,salvador-ISSQN
2022-05-01,2022-05-01,12,2023-05-01,145983428.00425628,146152126.4156463,10648015.714585831,salvador-ISSQN
2022-06-01,2022-06-01,1,2022-07-01,136077881.4518655,144247692.6734229,10816763.538680729,salvador-ISSQN
2022-06-01,2022-06-01,2,2022-08-01,143715514.76575464,147426110.40060234,10816763.538680729,salvador-ISSQN
2022-06-01,2022-06-01,3,2022-09-01,160697582.0766429,152901460.73386976,10816763.538680729,salvador-ISSQN
2022-06-01,2022-06-01,4,2022-10-01,153494428.37310088,148287244.56632692,10816763.538680729,salvador-ISSQN
2022-06-01,2022-06-01,5,2022-11-01,145852410.06631136,151568177.03649867,10816763.538680729,salvador-ISSQN
2022-06-01,2022-06-01,6,2022-12-01,173647289.37823588,187705065.29617682,10816763.538680729,salvador-ISSQN
2022-06-01,2022-06-01,7,2023-01-01,135212874.65426108,134294428.0669431,10816763.538680729,salvador-ISSQN
2022-06-01,2022-06-01,8,2023-02-01,132887451.56330125,134636739.08498925,10816763.538680729,salvador-ISSQN
2022-06-01,2022-06-01,9,2023-03-01,145681238.28892994,145890226.88314167,10816763.538680729,salvador-ISSQN
2022-06-01,2022-06-01,10,2023-04-01,143508604.1514569,139576873.96854183,10816763.538680729,salvador-ISSQN
2022-06-01,2022-06-01,11,2023-05-01,145983428.00425628,145657174.89617902,10816763.538680729,salvador-ISSQN
2022-06-01,2022-06-01,12,2023-06-01,147945962.3126708,140154079.27965876,10816763.538680729,salvador-ISSQN
2022-07-01,2022-07-01,1,2022-08-01,143715514.76575464,142924096.4729976,10753535.966567736,salvador-ISSQN
2022-07-01,2022-07-01,2,2022-09-01,160697582.0766429,148323318.19547227,10753535.966567736,salvador-ISSQN
2022-07-01,2022-07-01,3,2022-10-01,153494428.37310088,143921963.4347461,10753535.966567736,salvador-ISSQN
2022-07-01,2022-07-01,4,2022-11-01,145852410.06631136,147154466.62835866,10753535.966567736,salvador-ISSQN
2022-07-01,2022-07-01,5,2022-12-01,173647289.37823588,182287996.31114793,10753535.966567736,salvador-ISSQN
2022-07-01,2022-07-01,6,2023-01-01,135212874.65426108,130565838.14574628,10753535.966567736,salvador-ISSQN
2022-07-01,2022-07-01,7,2023-02-01,132887451.56330125,130859466.91573898,10753535.966567736,salvador-ISSQN
2022-07-01,2022-07-01,8,2023-03-01,145681238.28892994,141863061.304076,10753535.966567736,salvador-ISSQN
2022-07-01,2022-07-01,9,2023-04-01,143508604.1514569,135769224.47579128,10753535.966567736,salvador-ISSQN
2022-07-01,2022-07-01,10,2023-05-01,145983428.00425628,141756756.14473292,10753535.966567736,salvador-ISSQN
2022-07-01,2022-07-01,11,2023-06-01,147945962.3126708,136478332.1096044,10753535.966567736,salvador-ISSQN
2022-07-01,2022-07-01,12,2023-07-01,149804608.7464599,139185253.15206873,10753535.966567736,salvador-ISSQN
2022-08-01,2022-08-01,1,2022-09-01,160697582.0766429,148744885.3937654,10767250.123536939,salvador-ISSQN
2022-08-01,2022-08-01,2,2022-10-01,153494428.37310088,144328555.5249102,10767250.123536939,salvador-ISSQN
2022-08-01,2022-08-01,3,2022-11-01,145852410.06631136,147559707.66363817,10767250.123536939,salvador-ISSQN
2022-08-01,2022-08-01,4,2022-12-01,173647289.37823588,182791955.80869085,10767250.123536939,salvador-ISSQN
2022-08-01,2022-08-01,5,2023-01-01,135212874.65426108,130916797.33294615,10767250.123536939,salvador-ISSQN
2022-08-01,2022-08-01,6,2023-02-01,132887451.56330125,131204537.0728198,10767250.123536939,salvador-ISSQN
2022-08-01,2022-08-01,7,2023-03-01,145681238.28892994,142233943.21012226,10767250.123536939,salvador-ISSQN
2022-08-01,2022-08-01,8,2023-04-01,143508604.1514569,136122601.51944065,10767250.123536939,salvador-ISSQN
2022-08-01,2022-08-01,9,2023-05-01,145983428.00425628,142115683.54372573,10767250.123536939,salvador-ISSQN
2022-08-01,2022-08-01,10,2023-06-01,147945962.3126708,136819184.11358544,10767250.123536939,salvador-ISSQN
2022-08-01,2022-08-01,11,2023-07-01,149804608.7464599,139529004.18183103,10767250.123536939,salvador-ISSQN
2022-08-01,2022-08-01,12,2023-08-01,158308919.14379752,143395518.54597393,10767250.123536939,salvador-ISSQN
2022-09-01,2022-09-01,1,2022-10-01,153494428.37310088,150241685.43384016,10916966.104997287,salvador-ISSQN
2022-09-01,2022-09-01,2,2022-11-01,145852410.06631136,153525560.83089995,10916966.104997287,salvador-ISSQN
2022-09-01,2022-09-01,3,2022-12-01,173647289.37823588,190142955.41422737,10916966.104997287,salvador-ISSQN
2022-09-01,2022-09-01,4,2023-01-01,135212874.65426108,136033724.59274155,10916966.104997287,salvador-ISSQN
2022-09-01,2022-09-01,5,2023-02-01,132887451.56330125,136248791.72894746,10916966.104997287,salvador-ISSQN
2022-09-01,2022-09-01,6,2023-03-01,145681238.28892994,147639614.92266637,10916966.104997287,salvador-ISSQN
2022-09-01,2022-09-01,7,2023-04-01,143508604.1514569,141204437.86024264,10916966.104997287,salvador-ISSQN
2022-09-01,2022-09-01,8,2023-05-01,145983428.00425628,147340071.1980539,10916966.104997287,salvador-ISSQN
2022-09-01,2022-09-01,9,2023-06-01,147945962.3126708,141771463.80182987,10916966.104997287,salvador-ISSQN
2022-09-01,2022-09-01,10,2023-07-01,149804608.7464599,144517021.70660552,10916966.104997287,salvador-ISSQN
2022-09-01,2022-09-01,11,2023-08-01,158308919.14379752,148449011.21903008,10916966.104997287,salvador-ISSQN
2022-09-01,2022-09-01,12,2023-09-01,149291086.55814052,155887544.10580516,10916966.104997287,salvador-ISSQN
2022-10-01,2022-10-01,1,2022-11-01,145852410.06631136,155285240.33259115,11031433.233207375,salvador-ISSQN
2022-10-01,2022-10-01,2,2022-12-01,173647289.37823588,192302783.53818828,11031433.233207375,salvador-ISSQN
2022-10-01,2022-10-01,3,2023-01-01,135212874.65426108,137521928.17290643,11031433.233207375,salvador-ISSQN
2022-10-01,2022-10-01,4,2023-02-01,132887451.56330125,137740999.40804243,11031433.233207375,salvador-ISSQN
2022-10-01,2022-10-01,5,2023-03-01,145681238.28892994,149230937.5609955,11031433.233207375,salvador-ISSQN
2022-10-01,2022-10-01,6,2023-04-01,143508604.1514569,142706466.0175952,11031433.233207375,salvador-ISSQN
2022-10-01,2022-10-01,7,2023-05-01,145983428.00425628,148887022.89753878,11031433.233207375,salvador-ISSQN
2022-10-01,2022-10-01,8,2023-06-01,147945962.3126708,143227104.91785342,11031433.233207375,salvador-ISSQN
2022-10-01,2022-10-01,9,2023-07-01,149804608.7464599,145980209.6206055,11031433.233207375,salvador-ISSQN
2022-10-01,2022-10-01,10,2023-08-01,158308919.14379752,149928352.16321287,11031433.233207375,salvador-ISSQN
2022-10-01,2022-10-01,11,2023-09-01,149291086.55814052,157408258.43731713,11031433.233207375,salvador-ISSQN
2022-10-01,2022-10-01,12,2023-10-01,162466226.3022135,152249067.13366303,11031433.233207375,salvador-ISSQN
2022-11-01,2022-11-01,1,2022-12-01,173647289.37823588,186257776.476185,10911982.283399848,salvador-ISSQN
2022-11-01,2022-11-01,2,2023-01-01,135212874.65426108,133347831.94406813,10911982.283399848,salvador-ISSQN
2022-11-01,2022-11-01,3,2023-02-01,132887451.56330125,133567750.8438696,10911982.283399848,salvador-ISSQN
2022-11-01,2022-11-01,4,2023-03-01,145681238.28892994,144774547.32516357,10911982.283399848,salvador-ISSQN
2022-11-01,2022-11-01,5,2023-04-01,143508604.1514569,138504516.93801695,10911982.283399848,salvador-ISSQN
2022-11-01,2022-11-01,6,2023-05-01,145983428.00425628,144560576.38761163,10911982.283399848,salvador-ISSQN
2022-11-01,2022-11-01,7,2023-06-01,147945962.3126708,139150138.35434416,10911982.283399848,salvador-ISSQN
2022-11-01,2022-11-01,8,2023-07-01,149804608.7464599,141888416.12509525,10911982.283399848,salvador-ISSQN
2022-11-01,2022-11-01,9,2023-08-01,158308919.14379752,145779285.96994725,10911982.283399848,salvador-ISSQN
2022-11-01,2022-11-01,10,2023-09-01,149291086.55814052,153134355.4827716,10911982.283399848,salvador-ISSQN
2022-11-01,2022-11-01,11,2023-10-01,162466226.3022135,148184477.2406719,10911982.283399848,salvador-ISSQN
2022-11-01,2022-11-01,12,2023-11-01,163312814.20696488,149611345.7524881,10911982.283399848,salvador-ISSQN
2022-12-01,2022-12-01,1,2023-01-01,135212874.65426108,128606736.06752244,10783034.82490316,salvador-ISSQN
2022-12-01,2022-12-01,2,2023-02-01,132887451.56330125,128955033.70151591,10783034.82490316,salvador-ISSQN
2022-12-01,2022-12-01,3,2023-03-01,145681238.28892994,139817739.78898597,10783034.82490316,salvador-ISSQN
2022-12-01,2022-12-01,4,2023-04-01,143508604.1514569,133851677.32193622,10783034.82490316,salvador-ISSQN
2022-12-01,2022-12-01,5,2023-05-01,145983428.00425628,139773476.51442784,10783034.82490316,salvador-ISSQN
2022-12-01,2022-12-01,6,2023-06-01,147945962.3126708,134597917.93384692,10783034.82490316,salvador-ISSQN
2022-12-01,2022-12-01,7,2023-07-01,149804608.7464599,137309472.5429383,10783034.82490316,salvador-ISSQN
2022-12-01,2022-12-01,8,2023-08-01,158308919.14379752,141144912.8241173,10783034.82490316,salvador-ISSQN
2022-12-01,2022-12-01,9,2023-09-01,149291086.55814052,148310877.88860634,10783034.82490316,salvador-ISSQN
2022-12-01,2022-12-01,10,2023-10-01,162466226.3022135,143580396.98914263,10783034.82490316,salvador-ISSQN
2022-12-01,2022-12-01,11,2023-11-01,163312814.20696488,144995137.05074388,10783034.82490316,salvador-ISSQN
2022-12-01,2022-12-01,12,2023-12-01,187215660.76514104,178556678.00586772,10783034.82490316,salvador-ISSQN
2023-01-01,2023-01-01,1,2023-02-01,132887451.56330125,132367893.15297551,10809865.99279698,salvador-ISSQN
2023-01-01,2023-01-01,2,2023-03-01,145681238.28892994,143479270.84662986,10809865.99279698,salvador-ISSQN
2023-01-01,2023-01-01,3,2023-04-01,143508604.1514569,137285948.58747864,10809865.99279698,salvador-ISSQN
2023-01-01,2023-01-01,4,2023-05-01,145983428.00425628,143304938.61200476,10809865.99279698,salvador-ISSQN
2023-01-01,2023-01-01,5,2023-06-01,147945962.3126708,137960492.17869523,10809865.99279698,salvador-ISSQN
2023-01-01,2023-01-01,6,2023-07-01,149804608.7464599,140689095.16688365,10809865.99279698,salvador-ISSQN
2023-01-01,2023-01-01,7,2023-08-01,158308919.14379752,144562716.92494217,10809865.99279698,salvador-ISSQN
2023-01-01,2023-01-01,8,2023-09-01,149291086.55814052,151876656.87635848,10809865.99279698,salvador-ISSQN
2023-01-01,2023-01-01,9,2023-10-01,162466226.3022135,146983335.8424739,10809865.99279698,salvador-ISSQN
2023-01-01,2023-01-01,10,2023-11-01,163312814.20696488,148383622.08142263,10809865.99279698,salvador-ISSQN
2023-01-01,2023-01-01,11,2023-12-01,187215660.76514104,182724338.3730628,10809865.99279698,salvador-ISSQN
2023-01-01,2023-01-01,12,2024-01-01,204327604.53179494,132539974.10066253,10809865.99279698,salvador-ISSQN
2023-02-01,2023-02-01,1,2023-03-01,145681238.28892994,143759428.25743988,10901044.051446412,salvador-ISSQN
2023-02-01,2023-02-01,2,2023-04-01,143508604.1514569,137549059.39803863,10901044.051446412,salvador-ISSQN
2023-02-01,2023-02-01,3,2023-05-01,145983428.00425628,143575710.37749243,10901044.051446412,salvador-ISSQN
2023-02-01,2023-02-01,4,2023-06-01,147945962.3126708,138216076.96545792,10901044.051446412,salvador-ISSQN
2023-02-01,2023-02-01,5,2023-07-01,149804608.7464599,140944852.34603867,10901044.051446412,salvador-ISSQN
2023-02-01,2023-02-01,6,2023-08-01,158308919.14379752,144824104.09256497,10901044.051446412,salvador-ISSQN
2023-02-01,2023-02-01,7,2023-09-01,149291086.55814052,152147506.10593972,10901044.051446412,salvador-ISSQN
2023-02-01,2023-02-01,8,2023-10-01,162466226.3022135,147243609.0884714,10901044.051446412,salvador-ISSQN
2023-02-01,2023-02-01,9,2023-11-01,163312814.20696488,148644326.1055648,10901044.051446412,salvador-ISSQN
2023-02-01,2023-02-01,10,2023-12-01,187215660.76514104,183044219.65441462,10901044.051446412,salvador-ISSQN
2023-02-01,2023-02-01,11,2024-01-01,204327604.53179494,132779099.15159452,10901044.051446412,salvador-ISSQN
2023-02-01,2023-02-01,12,2024-02-01,159278235.93683836,132672782.63674465,10901044.051446412,salvador-ISSQN
2023-03-01,2023-03-01,1,2023-04-01,143508604.1514569,138483115.96235338,10981596.028651705,salvador-ISSQN
2023-03-01,2023-03-01,2,2023-05-01,145983428.00425628,144540690.51846766,10981596.028651705,salvador-ISSQN
2023-03-01,2023-03-01,3,2023-06-01,147945962.3126708,139131267.93995336,10981596.028651705,salvador-ISSQN
2023-03-01,2023-03-01,4,2023-07-01,149804608.7464599,141866441.08084872,10981596.028651705,salvador-ISSQN
2023-03-01,2023-03-01,5,2023-08-01,158308919.14379752,145758812.52878943,10981596.028651705,salvador-ISSQN
2023-03-01,2023-03-01,6,2023-09-01,149291086.55814052,153117881.62249923,10981596.028651705,salvador-ISSQN
2023-03-01,2023-03-01,7,2023-10-01,162466226.3022135,148168066.92631915,10981596.028651705,salvador-ISSQN
2023-03-01,2023-03-01,8,2023-11-01,163312814.20696488,149566255.09954432,10981596.028651705,salvador-ISSQN
2023-03-01,2023-03-01,9,2023-12-01,187215660.76514104,184172282.9019654,10981596.028651705,salvador-ISSQN
2023-03-01,2023-03-01,10,2024-01-01,204327604.53179494,133572266.48431759,10981596.028651705,salvador-ISSQN
2023-03-01,2023-03-01,11,2024-02-01,159278235.93683836,133462419.46344428,10981596.028651705,salvador-ISSQN
2023-03-01,2023-03-01,12,2024-03-01,162189752.8885526,144886288.7608411,10981596.028651705,salvador-ISSQN
2023-04-01,2023-04-01,1,2023-05-01,145983428.00425628,147221625.5429328,11066135.214377748,salvador-ISSQN
2023-04-01,2023-04-01,2,2023-06-01,147945962.3126708,141668659.23069018,11066135.214377748,salvador-ISSQN
2023-04-01,2023-04-01,3,2023-07-01,149804608.7464599,144419991.12557027,11066135.214377748,salvador-ISSQN
2023-04-01,2023-04-01,4,2023-08-01,158308919.14379752,148353490.30485407,11066135.214377748,salvador-ISSQN
2023-04-01,2023-04-01,5,2023-09-01,149291086.55814052,155807879.0600259,11066135.214377748,salvador-ISSQN
2023-04-01,2023-04-01,6,2023-10-01,162466226.3022135,150733334.21950504,11066135.214377748,salvador-ISSQN
2023-04-01,2023-04-01,7,2023-11-01,163312814.20696488,152124411.8281932,11066135.214377748,salvador-ISSQN
2023-04-01,2023-04-01,8,2023-12-01,187215660.76514104,187310168.04530528,11066135.214377748,salvador-ISSQN
2023-04-01,2023-04-01,9,2024-01-01,204327604.53179494,135788811.5731381,11066135.214377748,salvador-ISSQN
2023-04-01,2023-04-01,10,2024-02-01,159278235.93683836,135654435.7863186,11066135.214377748,salvador-ISSQN
2023-04-01,2023-04-01,11,2024-03-01,162189752.8885526,147240531.17320353,11066135.214377748,salvador-ISSQN
2023-04-01,2023-04-01,12,2024-04-01,170382067.58095023,141440903.0761929,11066135.214377748,salvador-ISSQN
2023-05-01,2023-05-01,1,2023-06-01,147945962.3126708,141061568.32718995,11083748.003757054,salvador-ISSQN
2023-05-01,2023-05-01,2,2023-07-01,149804608.7464599,143809934.6222432,11083748.003757054,salvador-ISSQN
2023-05-01,2023-05-01,3,2023-08-01,158308919.14379752,147731253.89143082,11083748.003757054,salvador-ISSQN
2023-05-01,2023-05-01,4,2023-09-01,149291086.55814052,155165846.2008814,11083748.003757054,salvador-ISSQN
2023-05-01,2023-05-01,5,2023-10-01,162466226.3022135,150122005.18072066,11083748.003757054,salvador-ISSQN
2023-05-01,2023-05-01,6,2023-11-01,163312814.20696488,151513736.56158152,11083748.003757054,salvador-ISSQN
2023-05-01,2023-05-01,7,2023-12-01,187215660.76514104,186562092.51855975,11083748.003757054,salvador-ISSQN
2023-05-01,2023-05-01,8,2024-01-01,204327604.53179494,135263828.46587846,11083748.003757054,salvador-ISSQN
2023-05-01,2023-05-01,9,2024-02-01,159278235.93683836,135127488.29279265,11083748.003757054,salvador-ISSQN
2023-05-01,2023-05-01,10,2024-03-01,162189752.8885526,146679539.23624444,11083748.003757054,salvador-ISSQN
2023-05-01,2023-05-01,11,2024-04-01,170382067.58095023,140908875.93425572,11083748.003757054,salvador-ISSQN
2023-05-01,2023-05-01,12,2024-05-01,166327769.7078219,146491957.1505566,11083748.003757054,salvador-ISSQN
2023-06-01,2023-06-01,1,2023-07-01,149804608.7464599,147372702.4785664,11045747.601714704,salvador-ISSQN
2023-06-01,2023-06-01,2,2023-08-01,158308919.14379752,151350158.20796016,11045747.601714704,salvador-ISSQN
2023-06-01,2023-06-01,3,2023-09-01,149291086.55814052,158920797.17277166,11045747.601714704,salvador-ISSQN
2023-06-01,2023-06-01,4,2023-10-01,162466226.3022135,153706455.25855035,11045747.601714704,salvador-ISSQN
2023-06-01,2023-06-01,5,2023-11-01,163312814.20696488,155086885.3602682,11045747.601714704,salvador-ISSQN
2023-06-01,2023-06-01,6,2023-12-01,187215660.76514104,190939414.5086882,11045747.601714704,salvador-ISSQN
2023-06-01,2023-06-01,7,2024-01-01,204327604.53179494,138355184.66455898,11045747.601714704,salvador-ISSQN
2023-06-01,2023-06-01,8,2024-02-01,159278235.93683836,138180421.27140924,11045747.601714704,salvador-ISSQN
2023-06-01,2023-06-01,9,2024-03-01,162189752.8885526,149951163.1911719,11045747.601714704,salvador-ISSQN
2023-06-01,2023-06-01,10,2024-04-01,170382067.58095023,144004652.48551273,11045747.601714704,salvador-ISSQN
2023-06-01,2023-06-01,11,2024-05-01,166327769.7078219,149679970.5225321,11045747.601714704,salvador-ISSQN
2023-06-01,2023-06-01,12,2024-06-01,159858497.2817491,145110682.50868133,11045747.601714704,salvador-ISSQN
2023-07-01,2023-07-01,1,2023-08-01,158308919.14379752,152637901.62635803,11075208.917021073,salvador-ISSQN
2023-07-01,2023-07-01,2,2023-09-01,149291086.55814052,160256018.31429103,11075208.917021073,salvador-ISSQN
2023-07-01,2023-07-01,3,2023-10-01,162466226.3022135,154977080.52334327,11075208.917021073,salvador-ISSQN
2023-07-01,2023-07-01,4,2023-11-01,163312814.20696488,156355521.72795337,11075208.917021073,salvador-ISSQN
2023-07-01,2023-07-01,5,2023-12-01,187215660.76514104,192490396.5399985,11075208.917021073,salvador-ISSQN
2023-07-01,2023-07-01,6,2024-01-01,204327604.53179494,139448308.3353722,11075208.917021073,salvador-ISSQN
2023-07-01,2023-07-01,7,2024-02-01,159278235.93683836,139266544.3626872,11075208.917021073,salvador-ISSQN
2023-07-01,2023-07-01,8,2024-03-01,162189752.8885526,151113708.85929015,11075208.917021073,salvador-ISSQN
2023-07-01,2023-07-01,9,2024-04-01,170382067.58095023,145103803.39296147,11075208.917021073,salvador-ISSQN
2023-07-01,2023-07-01,10,2024-05-01,166327769.7078219,150812812.09610534,11075208.917021073,salvador-ISSQN
2023-07-01,2023-07-01,11,2024-06-01,159858497.2817491,146184590.54114595,11075208.917021073,salvador-ISSQN
2023-07-01,2023-07-01,12,2024-07-01,169912894.89976043,148831455.49904755,11075208.917021073,salvador-ISSQN
2023-08-01,2023-08-01,1,2023-09-01,149291086.55814052,163362185.13022673,11113450.17203218,salvador-ISSQN
2023-08-01,2023-08-01,2,2023-10-01,162466226.3022135,157935289.93331975,11113450.17203218,salvador-ISSQN
2023-08-01,2023-08-01,3,2023-11-01,163312814.20696488,159301116.39495838,11113450.17203218,salvador-ISSQN
2023-08-01,2023-08-01,4,2023-12-01,187215660.76514104,196092776.22487047,11113450.17203218,salvador-ISSQN
2023-08-01,2023-08-01,5,2024-01-01,204327604.53179494,141973243.07783297,11113450.17203218,salvador-ISSQN
2023-08-01,2023-08-01,6,2024-02-01,159278235.93683836,141778581.7694248,11113450.17203218,salvador-ISSQN
2023-08-01,2023-08-01,7,2024-03-01,162189752.8885526,153806716.88264063,11113450.17203218,salvador-ISSQN
2023-08-01,2023-08-01,8,2024-04-01,170382067.58095023,147654484.15994048,11113450.17203218,salvador-ISSQN
2023-08-01,2023-08-01,9,2024-05-01,166327769.7078219,153432096.19339612,11113450.17203218,salvador-ISSQN
2023-08-01,2023-08-01,10,2024-06-01,159858497.2817491,148673987.876722,11113450.17203218,salvador-ISSQN
2023-08-01,2023-08-01,11,2024-07-01,169912894.89976043,151328772.0320918,11113450.17203218,salvador-ISSQN
2023-08-01,2023-08-01,12,2024-08-01,179459931.33462426,156064965.1292578,11113450.17203218,salvador-ISSQN
2023-09-01,2023-09-01,1,2023-10-01,162466226.3022135,151009614.85757035,11116601.197263042,salvador-ISSQN
2023-09-01,2023-09-01,2,2023-11-01,163312814.20696488,152397742.15861747,11116601.197263042,salvador-ISSQN
2023-09-01,2023-09-01,3,2023-12-01,187215660.76514104,187652973.5269202,11116601.197263042,salvador-ISSQN
2023-09-01,2023-09-01,4,2024-01-01,204327604.53179494,136051995.3103659,11116601.197263042,salvador-ISSQN
2023-09-01,2023-09-01,5,2024-02-01,159278235.93683836,135881854.8417325,11116601.197263042,salvador-ISSQN
2023-09-01,2023-09-01,6,2024-03-01,162189752.8885526,147492004.09333366,11116601.197263042,salvador-ISSQN
2023-09-01,2023-09-01,7,2024-04-01,170382067.58095023,141672448.4758859,11116601.197263042,salvador-ISSQN
2023-09-01,2023-09-01,8,2024-05-01,166327769.7078219,147284589.28735238,11116601.197263042,salvador-ISSQN
2023-09-01,2023-09-01,9,2024-06-01,159858497.2817491,142830056.33437127,11116601.197263042,salvador-ISSQN
2023-09-01,2023-09-01,10,2024-07-01,169912894.89976043,145460302.0924318,11116601.197263042,salvador-ISSQN
2023-09-01,2023-09-01,11,2024-08-01,179459931.33462426,150091946.59159613,11116601.197263042,salvador-ISSQN
2023-09-01,2023-09-01,12,2024-09-01,184543486.4872822,155066828.0058534,11116601.197263042,salvador-ISSQN
2023-10-01,2023-10-01,1,2023-11-01,163312814.20696488,158027948.38935003,11093784.141218888,salvador-ISSQN
2023-10-01,2023-10-01,2,2023-12-01,187215660.76514104,194576040.46742782,11093784.141218888,salvador-ISSQN
2023-10-01,2023-10-01,3,2024-01-01,204327604.53179494,140967134.01629686,11093784.141218888,salvador-ISSQN
2023-10-01,2023-10-01,4,2024-02-01,159278235.93683836,140644005.30640444,11093784.141218888,salvador-ISSQN
2023-10-01,2023-10-01,5,2024-03-01,162189752.8885526,152621687.1437408,11093784.141218888,salvador-ISSQN
2023-10-01,2023-10-01,6,2024-04-01,170382067.58095023,146509995.98026606,11093784.141218888,salvador-ISSQN
2023-10-01,2023-10-01,7,2024-05-01,166327769.7078219,152246260.39172232,11093784.141218888,salvador-ISSQN
2023-10-01,2023-10-01,8,2024-06-01,159858497.2817491,147584654.66868255,11093784.141218888,salvador-ISSQN
2023-10-01,2023-10-01,9,2024-07-01,169912894.89976043,150240855.41357002,11093784.141218888,salvador-ISSQN
2023-10-01,2023-10-01,10,2024-08-01,179459931.33462426,154947970.37034342,11093784.141218888,salvador-ISSQN
2023-10-01,2023-10-01,11,2024-09-01,184543486.4872822,160088584.01757178,11093784.141218888,salvador-ISSQN
2023-10-01,2023-10-01,12,2024-10-01,179016330.2612471,157550392.36173233,11093784.141218888,salvador-ISSQN
2023-11-01,2023-11-01,1,2023-12-01,187215660.76514104,197789396.65304968,11160801.193844516,salvador-ISSQN
2023-11-01,2023-11-01,2,2024-01-01,204327604.53179494,143224009.38604355,11160801.193844516,salvador-ISSQN
2023-11-01,2023-11-01,3,2024-02-01,159278235.93683836,142882192.79120073,11160801.193844516,salvador-ISSQN
2023-11-01,2023-11-01,4,2024-03-01,162189752.8885526,155018752.3698158,11160801.193844516,salvador-ISSQN
2023-11-01,2023-11-01,5,2024-04-01,170382067.58095023,148778747.747551,11160801.193844516,salvador-ISSQN
2023-11-01,2023-11-01,6,2024-05-01,166327769.7078219,154575594.39331245,11160801.193844516,salvador-ISSQN
2023-11-01,2023-11-01,7,2024-06-01,159858497.2817491,149802164.32227847,11160801.193844516,salvador-ISSQN
2023-11-01,2023-11-01,8,2024-07-01,169912894.89976043,152464246.73359188,11160801.193844516,salvador-ISSQN
2023-11-01,2023-11-01,9,2024-08-01,179459931.33462426,157214796.61484975,11160801.193844516,salvador-ISSQN
2023-11-01,2023-11-01,10,2024-09-01,184543486.4872822,162403383.0791917,11160801.193844516,salvador-ISSQN
2023-11-01,2023-11-01,11,2024-10-01,179016330.2612471,159778493.67908376,11160801.193844516,salvador-ISSQN
2023-11-01,2023-11-01,12,2024-11-01,170272112.29129708,161079019.703556,11160801.193844516,salvador-ISSQN
2023-12-01,2023-12-01,1,2024-01-01,204327604.53179494,139600970.9537865,11185880.050022231,salvador-ISSQN
2023-12-01,2023-12-01,2,2024-02-01,159278235.93683836,139258894.46178502,11185880.050022231,salvador-ISSQN
2023-12-01,2023-12-01,3,2024-03-01,162189752.8885526,151143300.7843099,11185880.050022231,salvador-ISSQN
2023-12-01,2023-12-01,4,2024-04-01,170382067.58095023,145103867.93348047,11185880.050022231,salvador-ISSQN
2023-12-01,2023-12-01,5,2024-05-01,166327769.7078219,150799058.0911533,11185880.050022231,salvador-ISSQN
2023-12-01,2023-12-01,6,2024-06-01,159858497.2817491,146212574.65176523,11185880.050022231,salvador-ISSQN
2023-12-01,2023-12-01,7,2024-07-01,169912894.89976043,148866630.7546093,11185880.050022231,salvador-ISSQN
2023-12-01,2023-12-01,8,2024-08-01,179459931.33462426,153542216.9043958,11185880.050022231,salvador-ISSQN
2023-12-01,2023-12-01,9,2024-09-01,184543486.4872822,158665562.74232808,11185880.050022231,salvador-ISSQN
2023-12-01,2023-12-01,10,2024-10-01,179016330.2612471,156173487.9884903,11185880.050022231,salvador-ISSQN
2023-12-01,2023-12-01,11,2024-11-01,170272112.29129708,157491558.20462132,11185880.050022231,salvador-ISSQN
2023-12-01,2023-12-01,12,2024-12-01,201564378.85060686,191778744.61312208,11185880.050022231,salvador-ISSQN
2024-01-01,2024-01-01,1,2024-02-01,159278235.93683836,167827297.9942245,11783084.68741926,salvador-ISSQN
2024-01-01,2024-01-01,2,2024-03-01,162189752.8885526,180950110.64697853,11783084.68741926,salvador-ISSQN
2024-01-01,2024-01-01,3,2024-04-01,170382067.58095023,173835070.71585688,11783084.68741926,salvador-ISSQN
2024-01-01,2024-01-01,4,2024-05-01,166327769.7078219,180686936.6408771,11783084.68741926,salvador-ISSQN
2024-01-01,2024-01-01,5,2024-06-01,159858497.2817491,173106012.21374634,11783084.68741926,salvador-ISSQN
2024-01-01,2024-01-01,6,2024-07-01,169912894.89976043,176205324.53526554,11783084.68741926,salvador-ISSQN
2024-01-01,2024-01-01,7,2024-08-01,179459931.33462426,181348530.96119735,11783084.68741926,salvador-ISSQN
2024-01-01,2024-01-01,8,2024-09-01,184543486.4872822,188772840.78302106,11783084.68741926,salvador-ISSQN
2024-01-01,2024-01-01,9,2024-10-01,179016330.2612471,183605386.82099533,11783084.68741926,salvador-ISSQN
2024-01-01,2024-01-01,10,2024-11-01,170272112.29129708,184388369.68031502,11783084.68741926,salvador-ISSQN
2024-01-01,2024-01-01,11,2024-12-01,201564378.85060686,223833090.54235843,11783084.68741926,salvador-ISSQN
2024-01-01,2024-01-01,12,2025-01-01,165418720.9248767,174038203.88880354,11783084.68741926,salvador-ISSQN
2024-02-01,2024-02-01,1,2024-03-01,162189752.8885526,175595734.65987793,11932142.847481687,salvador-ISSQN
2024-02-01,2024-02-01,2,2024-04-01,170382067.58095023,168821601.62118578,11932142.847481687,salvador-ISSQN
2024-02-01,2024-02-01,3,2024-05-01,166327769.7078219,175571719.97449842,11932142.847481687,salvador-ISSQN
2024-02-01,2024-02-01,4,2024-06-01,159858497.2817491,168238153.37646657,11932142.847481687,salvador-ISSQN
2024-02-01,2024-02-01,5,2024-07-01,169912894.89976043,171268233.8977254,11932142.847481687,salvador-ISSQN
2024-02-01,2024-02-01,6,2024-08-01,179459931.33462426,176430611.58294806,11932142.847481687,salvador-ISSQN
2024-02-01,2024-02-01,7,2024-09-01,184543486.4872822,183556603.01222098,11932142.847481687,salvador-ISSQN
2024-02-01,2024-02-01,8,2024-10-01,179016330.2612471,178557743.1606276,11932142.847481687,salvador-ISSQN
2024-02-01,2024-02-01,9,2024-11-01,170272112.29129708,179459983.33783674,11932142.847481687,salvador-ISSQN
2024-02-01,2024-02-01,10,2024-12-01,201564378.85060686,217953472.42786396,11932142.847481687,salvador-ISSQN
2024-02-01,2024-02-01,11,2025-01-01,165418720.9248767,169508767.8078579,11932142.847481687,salvador-ISSQN
2024-02-01,2024-02-01,12,2025-02-01,168682440.2340401,162458203.71540925,11932142.847481687,salvador-ISSQN
2024-03-01,2024-03-01,1,2024-04-01,170382067.58095023,163384355.98631123,11978368.82477604,salvador-ISSQN
2024-03-01,2024-03-01,2,2024-05-01,166327769.7078219,169993918.47185498,11978368.82477604,salvador-ISSQN
2024-03-01,2024-03-01,3,2024-06-01,159858497.2817491,162937959.00659195,11978368.82477604,salvador-ISSQN
2024-03-01,2024-03-01,4,2024-07-01,169912894.89976043,165897289.8039976,11978368.82477604,salvador-ISSQN
2024-03-01,2024-03-01,5,2024-08-01,179459931.33462426,171020115.54037723,11978368.82477604,salvador-ISSQN
2024-03-01,2024-03-01,6,2024-09-01,184543486.4872822,177876009.326432,11978368.82477604,salvador-ISSQN
2024-03-01,2024-03-01,7,2024-10-01,179016330.2612471,173075430.0693781,11978368.82477604,salvador-ISSQN
2024-03-01,2024-03-01,8,2024-11-01,170272112.29129708,174061223.3028191,11978368.82477604,salvador-ISSQN
2024-03-01,2024-03-01,9,2024-12-01,201564378.85060686,211481317.38697693,11978368.82477604,salvador-ISSQN
2024-03-01,2024-03-01,10,2025-01-01,165418720.9248767,164515728.32638597,11978368.82477604,salvador-ISSQN
2024-03-01,2024-03-01,11,2025-02-01,168682440.2340401,157580954.74119216,11978368.82477604,salvador-ISSQN
2024-03-01,2024-03-01,12,2025-03-01,175688943.8790584,169121639.66691294,11978368.82477604,salvador-ISSQN
2024-04-01,2024-04-01,1,2024-05-01,166327769.7078219,172807575.54316932,12127319.770823214,salvador-ISSQN
2024-04-01,2024-04-01,2,2024-06-01,159858497.2817491,165612465.7900957,12127319.770823214,salvador-ISSQN
2024-04-01,2024-04-01,3,2024-07-01,169912894.89976043,168601507.87476602,12127319.770823214,salvador-ISSQN
2024-04-01,2024-04-01,4,2024-08-01,179459931.33462426,173779896.07334864,12127319.770823214,salvador-ISSQN
2024-04-01,2024-04-01,5,2024-09-01,184543486.4872822,180734501.26332584,12127319.770823214,salvador-ISSQN
2024-04-01,2024-04-01,6,2024-10-01,179016330.2612471,175833801.3605523,12127319.770823214,salvador-ISSQN
2024-04-01,2024-04-01,7,2024-11-01,170272112.29129708,176805826.2376854,12127319.770823214,salvador-ISSQN
2024-04-01,2024-04-01,8,2024-12-01,201564378.85060686,214787111.88440976,12127319.770823214,salvador-ISSQN
2024-04-01,2024-04-01,9,2025-01-01,165418720.9248767,167056514.42643455,12127319.770823214,salvador-ISSQN
2024-04-01,2024-04-01,10,2025-02-01,168682440.2340401,160018162.76971015,12127319.770823214,salvador-ISSQN
2024-04-01,2024-04-01,11,2025-03-01,175688943.8790584,171731368.42002785,12127319.770823214,salvador-ISSQN
2024-04-01,2024-04-01,12,2025-04-01,181535033.12456664,166500806.50677478,12127319.770823214,salvador-ISSQN
2024-05-01,2024-05-01,1,2024-06-01,159858497.2817491,163221907.61215955,12208676.423622644,salvador-ISSQN
2024-05-01,2024-05-01,2,2024-07-01,169912894.89976043,166186461.77942544,12208676.423622644,salvador-ISSQN
2024-05-01,2024-05-01,3,2024-08-01,179459931.33462426,171326302.35160634,12208676.423622644,salvador-ISSQN
2024-05-01,2024-05-01,4,2024-09-01,184543486.4872822,178191575.61316162,12208676.423622644,salvador-ISSQN
2024-05-01,2024-05-01,5,2024-10-01,179016330.2612471,173383436.2702576,12208676.423622644,salvador-ISSQN
2024-05-01,2024-05-01,6,2024-11-01,170272112.29129708,174375380.49283528,12208676.423622644,salvador-ISSQN
2024-05-01,2024-05-01,7,2024-12-01,201564378.85060686,211868634.953244,12208676.423622644,salvador-ISSQN
2024-05-01,2024-05-01,8,2025-01-01,165418720.9248767,164818437.72566596,12208676.423622644,salvador-ISSQN
2024-05-01,2024-05-01,9,2025-02-01,168682440.2340401,157870265.19749644,12208676.423622644,salvador-ISSQN
2024-05-01,2024-05-01,10,2025-03-01,175688943.8790584,169437002.52105054,12208676.423622644,salvador-ISSQN
2024-05-01,2024-05-01,11,2025-04-01,181535033.12456664,164312309.09455034,12208676.423622644,salvador-ISSQN
2024-05-01,2024-05-01,12,2025-05-01,181276769.84444195,169875522.82016975,12208676.423622644,salvador-ISSQN
2024-06-01,2024-06-01,1,2024-07-01,169912894.89976043,164891579.2328966,12205773.076029072,salvador-ISSQN
2024-06-01,2024-06-01,2,2024-08-01,179459931.33462426,170004496.59477392,12205773.076029072,salvador-ISSQN
2024-06-01,2024-06-01,3,2024-09-01,184543486.4872822,176829467.471337,12205773.076029072,salvador-ISSQN
2024-06-01,2024-06-01,4,2024-10-01,179016330.2612471,172073422.20860028,12205773.076029072,salvador-ISSQN
2024-06-01,2024-06-01,5,2024-11-01,170272112.29129708,173072686.85907683,12205773.076029072,salvador-ISSQN
2024-06-01,2024-06-01,6,2024-12-01,201564378.85060686,210303076.19584247,12205773.076029072,salvador-ISSQN
2024-06-01,2024-06-01,7,2025-01-01,165418720.9248767,163612198.93067884,12205773.076029072,salvador-ISSQN
2024-06-01,2024-06-01,8,2025-02-01,168682440.2340401,156726326.46934834,12205773.076029072,salvador-ISSQN
2024-06-01,2024-06-01,9,2025-03-01,175688943.8790584,168220980.45820934,12205773.076029072,salvador-ISSQN
2024-06-01,2024-06-01,10,2025-04-01,181535033.12456664,163153082.35314995,12205773.076029072,salvador-ISSQN
2024-06-01,2024-06-01,11,2025-05-01,181276769.84444195,168685045.296736,12205773.076029072,salvador-ISSQN
2024-06-01,2024-06-01,12,2025-06-01,168323445.51961663,161694251.29360119,12205773.076029072,salvador-ISSQN
2024-07-01,2024-07-01,1,2024-08-01,179459931.33462426,171976735.35740882,12282496.503963746,salvador-ISSQN
2024-07-01,2024-07-01,2,2024-09-01,184543486.4872822,178864653.77740526,12282496.503963746,salvador-ISSQN
2024-07-01,2024-07-01,3,2024-10-01,179016330.2612471,174041468.52615502,12282496.503963746,salvador-ISSQN
2024-07-01,2024-07-01,4,2024-11-01,170272112.29129708,175039078.52632636,12282496.503963746,salvador-ISSQN
2024-07-01,2024-07-01,5,2024-12-01,201564378.85060686,212674160.06812277,12282496.503963746,salvador-ISSQN
2024-07-01,2024-07-01,6,2025-01-01,165418720.9248767,165447711.22914013,12282496.503963746,salvador-ISSQN
2024-07-01,2024-07-01,7,2025-02-01,168682440.2340401,158469885.03882647,12282496.503963746,salvador-ISSQN
2024-07-01,2024-07-01,8,2025-03-01,175688943.8790584,170080712.08123004,12282496.503963746,salvador-ISSQN
2024-07-01,2024-07-01,9,2025-04-01,181535033.12456664,164940184.67077643,12282496.503963746,salvador-ISSQN
2024-07-01,2024-07-01,10,2025-05-01,181276769.84444195,170521213.7457094,12282496.503963746,salvador-ISSQN
2024-07-01,2024-07-01,11,2025-06-01,168323445.51961663,163444186.4139761,12282496.503963746,salvador-ISSQN
2024-07-01,2024-07-01,12,2025-07-01,172403341.7654783,167079827.9112013,12282496.503963746,salvador-ISSQN
2024-08-01,2024-08-01,1,2024-09-01,184543486.4872822,181827689.64703873,12367770.693260504,salvador-ISSQN
2024-08-01,2024-08-01,2,2024-10-01,179016330.2612471,176901724.50653383,12367770.693260504,salvador-ISSQN
2024-08-01,2024-08-01,3,2024-11-01,170272112.29129708,177892001.0763811,12367770.693260504,salvador-ISSQN
2024-08-01,2024-08-01,4,2024-12-01,201564378.85060686,216112191.0791243,12367770.693260504,salvador-ISSQN
2024-08-01,2024-08-01,5,2025-01-01,165418720.9248767,168089415.32274863,12367770.693260504,salvador-ISSQN
2024-08-01,2024-08-01,6,2025-02-01,168682440.2340401,160992145.58954522,12367770.693260504,salvador-ISSQN
2024-08-01,2024-08-01,7,2025-03-01,175688943.8790584,172768180.66015327,12367770.693260504,salvador-ISSQN
2024-08-01,2024-08-01,8,2025-04-01,181535033.12456664,167525745.10406032,12367770.693260504,salvador-ISSQN
2024-08-01,2024-08-01,9,2025-05-01,181276769.84444195,173175652.8517221,12367770.693260504,salvador-ISSQN
2024-08-01,2024-08-01,10,2025-06-01,168323445.51961663,165971655.16737986,12367770.693260504,salvador-ISSQN
2024-08-01,2024-08-01,11,2025-07-01,172403341.7654783,169641604.0314722,12367770.693260504,salvador-ISSQN
2024-08-01,2024-08-01,12,2025-08-01,184564790.1691121,175269761.60460708,12367770.693260504,salvador-ISSQN
2024-09-01,2024-09-01,1,2024-10-01,179016330.2612471,177926158.22859806,12585719.543126041,salvador-ISSQN
2024-09-01,2024-09-01,2,2024-11-01,170272112.29129708,178913676.89309093,12585719.543126041,salvador-ISSQN
2024-09-01,2024-09-01,3,2024-12-01,201564378.85060686,217345139.68517002,12585719.543126041,salvador-ISSQN
2024-09-01,2024-09-01,4,2025-01-01,165418720.9248767,169039594.88554853,12585719.543126041,salvador-ISSQN
2024-09-01,2024-09-01,5,2025-02-01,168682440.2340401,161906647.854024,12585719.543126041,salvador-ISSQN
2024-09-01,2024-09-01,6,2025-03-01,175688943.8790584,173745368.61708617,12585719.543126041,salvador-ISSQN
2024-09-01,2024-09-01,7,2025-04-01,181535033.12456664,168466120.32627934,12585719.543126041,salvador-ISSQN
2024-09-01,2024-09-01,8,2025-05-01,181276769.84444195,174142197.99140406,12585719.543126041,salvador-ISSQN
2024-09-01,2024-09-01,9,2025-06-01,168323445.51961663,166893204.73791355,12585719.543126041,salvador-ISSQN
2024-09-01,2024-09-01,10,2025-07-01,172403341.7654783,170579181.29270488,12585719.543126041,salvador-ISSQN
2024-09-01,2024-09-01,11,2025-08-01,184564790.1691121,176229761.04800972,12585719.543126041,salvador-ISSQN
2024-09-01,2024-09-01,12,2025-09-01,187039213.58700693,182998953.7032982,12585719.543126041,salvador-ISSQN
2024-10-01,2024-10-01,1,2024-11-01,170272112.29129708,179341315.40340737,12623119.3961063,salvador-ISSQN
2024-10-01,2024-10-01,2,2024-12-01,201564378.85060686,217864084.94316772,12623119.3961063,salvador-ISSQN
2024-10-01,2024-10-01,3,2025-01-01,165418720.9248767,169447063.5543585,12623119.3961063,salvador-ISSQN
2024-10-01,2024-10-01,4,2025-02-01,168682440.2340401,162294494.3111928,12623119.3961063,salvador-ISSQN
2024-10-01,2024-10-01,5,2025-03-01,175688943.8790584,174161235.05535927,12623119.3961063,salvador-ISSQN
2024-10-01,2024-10-01,6,2025-04-01,181535033.12456664,168868417.3813343,12623119.3961063,salvador-ISSQN
2024-10-01,2024-10-01,7,2025-05-01,181276769.84444195,174557612.32853004,12623119.3961063,salvador-ISSQN
2024-10-01,2024-10-01,8,2025-06-01,168323445.51961663,167291841.02932948,12623119.3961063,salvador-ISSQN
2024-10-01,2024-10-01,9,2025-07-01,172403341.7654783,170986417.72102287,12623119.3961063,salvador-ISSQN
2024-10-01,2024-10-01,10,2025-08-01,184564790.1691121,176650067.90670598,12623119.3961063,salvador-ISSQN
2024-10-01,2024-10-01,11,2025-09-01,187039213.58700693,183435599.4348371,12623119.3961063,salvador-ISSQN
2024-10-01,2024-10-01,12,2025-10-01,195235211.1399195,178367043.5651228,12623119.3961063,salvador-ISSQN
2024-11-01,2024-11-01,1,2024-12-01,201564378.85060686,12850132504413.299,12570186.486650469,salvador-ISSQN
2024-11-01,2024-11-01,2,2025-01-01,165418720.9248767,122970359.61754261,12570186.486650469,salvador-ISSQN
2024-11-01,2024-11-01,3,2025-02-01,168682440.2340401,-1591963767350.2175,12570186.486650469,salvador-ISSQN
2024-11-01,2024-11-01,4,2025-03-01,175688943.8790584,-48290420968507.84,12570186.486650469,salvador-ISSQN
2024-11-01,2024-11-01,5,2025-04-01,181535033.12456664,-78934504877598.55,12570186.486650469,salvador-ISSQN
2024-11-01,2024-11-01,6,2025-05-01,181276769.84444195,-56905973347342.055,12570186.486650469,salvador-ISSQN
2024-11-01,2024-11-01,7,2025-06-01,168323445.51961663,-97422308223287.7,12570186.486650469,salvador-ISSQN
2024-11-01,2024-11-01,8,2025-07-01,172403341.7654783,-46084154341730.58,12570186.486650469,salvador-ISSQN
2024-11-01,2024-11-01,9,2025-08-01,184564790.1691121,-98302791190180.58,12570186.486650469,salvador-ISSQN
2024-11-01,2024-11-01,10,2025-09-01,187039213.58700693,-44688760769127.75,12570186.486650469,salvador-ISSQN
2024-11-01,2024-11-01,11,2025-10-01,195235211.1399195,-31482554660182.367,12570186.486650469,salvador-ISSQN
2024-11-01,2024-11-01,12,2025-11-01,192262765.6760926,-57543544206133.35,12570186.486650469,salvador-ISSQN
2024-12-01,2024-12-01,1,2025-01-01,165418720.9248767,162586196.43965644,12586654.371824685,salvador-ISSQN
2024-12-01,2024-12-01,2,2025-02-01,168682440.2340401,155778741.36731827,12586654.371824685,salvador-ISSQN
2024-12-01,2024-12-01,3,2025-03-01,175688943.8790584,167229364.54591137,12586654.371824685,salvador-ISSQN
2024-12-01,2024-12-01,4,2025-04-01,181535033.12456664,162201579.66667885,12586654.371824685,salvador-ISSQN
2024-12-01,2024-12-01,5,2025-05-01,181276769.84444195,167720957.74492618,12586654.371824685,salvador-ISSQN
2024-12-01,2024-12-01,6,2025-06-01,168323445.51961663,160794524.26408508,12586654.371824685,salvador-ISSQN
2024-12-01,2024-12-01,7,2025-07-01,172403341.7654783,164406584.73222128,12586654.371824685,salvador-ISSQN
2024-12-01,2024-12-01,8,2025-08-01,184564790.1691121,169910770.0030819,12586654.371824685,salvador-ISSQN
2024-12-01,2024-12-01,9,2025-09-01,187039213.58700693,176504435.1455068,12586654.371824685,salvador-ISSQN
2024-12-01,2024-12-01,10,2025-10-01,195235211.1399195,171683068.34909216,12586654.371824685,salvador-ISSQN
2024-12-01,2024-12-01,11,2025-11-01,192262765.6760926,171775360.42587546,12586654.371824685,salvador-ISSQN
2024-12-01,2024-12-01,12,2025-12-01,211689477.99,208216802.3992452,12586654.371824685,salvador-ISSQN
2025-01-01,2025-01-01,1,2025-02-01,168682440.2340401,156832282.98823905,12828142.71343105,salvador-ISSQN
2025-01-01,2025-01-01,2,2025-03-01,175688943.8790584,168356464.18685958,12828142.71343105,salvador-ISSQN
2025-01-01,2025-01-01,3,2025-04-01,181535033.12456664,163288943.2205614,12828142.71343105,salvador-ISSQN
2025-01-01,2025-01-01,4,2025-05-01,181276769.84444195,168841845.8077755,12828142.71343105,salvador-ISSQN
2025-01-01,2025-01-01,5,2025-06-01,168323445.51961663,161861044.7221355,12828142.71343105,salvador-ISSQN
2025-01-01,2025-01-01,6,2025-07-01,172403341.7654783,165490191.08467728,12828142.71343105,salvador-ISSQN
2025-01-01,2025-01-01,7,2025-08-01,184564790.1691121,171026695.21148247,12828142.71343105,salvador-ISSQN
2025-01-01,2025-01-01,8,2025-09-01,187039213.58700693,177650361.37065578,12828142.71343105,salvador-ISSQN
2025-01-01,2025-01-01,9,2025-10-01,195235211.1399195,172790730.70201132,12828142.71343105,salvador-ISSQN
2025-01-01,2025-01-01,10,2025-11-01,192262765.6760926,172880521.10057703,12828142.71343105,salvador-ISSQN
2025-01-01,2025-01-01,11,2025-12-01,211689477.99,209553551.94029152,12828142.71343105,salvador-ISSQN
2025-02-01,2025-02-01,1,2025-03-01,175688943.8790584,173200342.90555733,12797016.00055624,salvador-ISSQN
2025-02-01,2025-02-01,2,2025-04-01,181535033.12456664,167954999.7540388,12797016.00055624,salvador-ISSQN
2025-02-01,2025-02-01,3,2025-05-01,181276769.84444195,173625339.81538594,12797016.00055624,salvador-ISSQN
2025-02-01,2025-02-01,4,2025-06-01,168323445.51961663,166414620.72974813,12797016.00055624,salvador-ISSQN
2025-02-01,2025-02-01,5,2025-07-01,172403341.7654783,170104002.5023605,12797016.00055624,salvador-ISSQN
2025-02-01,2025-02-01,6,2025-08-01,184564790.1691121,175759201.33833712,12797016.00055624,salvador-ISSQN
2025-02-01,2025-02-01,7,2025-09-01,187039213.58700693,182523441.36807898,12797016.00055624,salvador-ISSQN
2025-02-01,2025-02-01,8,2025-10-01,195235211.1399195,177491303.29480398,12797016.00055624,salvador-ISSQN
2025-02-01,2025-02-01,9,2025-11-01,192262765.6760926,177547264.265334,12797016.00055624,salvador-ISSQN
2025-02-01,2025-02-01,10,2025-12-01,211689477.99,215175928.3450302,12797016.00055624,salvador-ISSQN
2025-03-01,2025-03-01,1,2025-04-01,181535033.12456664,168895308.4490158,12803341.901366595,salvador-ISSQN
2025-03-01,2025-03-01,2,2025-05-01,181276769.84444195,174592027.02092382,12803341.901366595,salvador-ISSQN
2025-03-01,2025-03-01,3,2025-06-01,168323445.51961663,167334093.17863426,12803341.901366595,salvador-ISSQN
2025-03-01,2025-03-01,4,2025-07-01,172403341.7654783,171041339.17968437,12803341.901366595,salvador-ISSQN
2025-03-01,2025-03-01,5,2025-08-01,184564790.1691121,176715868.12907368,12803341.901366595,salvador-ISSQN
2025-03-01,2025-03-01,6,2025-09-01,187039213.58700693,183520531.42914736,12803341.901366595,salvador-ISSQN
2025-03-01,2025-03-01,7,2025-10-01,195235211.1399195,178456956.0144781,12803341.901366595,salvador-ISSQN
2025-03-01,2025-03-01,8,2025-11-01,192262765.6760926,178509922.90041655,12803341.901366595,salvador-ISSQN
2025-03-01,2025-03-01,9,2025-12-01,211689477.99,216330033.27577004,12803341.901366595,salvador-ISSQN
2025-04-01,2025-04-01,1,2025-05-01,181276769.84444195,179684316.83117634,12788606.398172393,salvador-ISSQN
2025-04-01,2025-04-01,2,2025-06-01,168323445.51961663,172173734.86205825,12788606.398172393,salvador-ISSQN
2025-04-01,2025-04-01,3,2025-07-01,172403341.7654783,175953171.53390852,12788606.398172393,salvador-ISSQN
2025-04-01,2025-04-01,4,2025-08-01,184564790.1691121,181737604.4021513,12788606.398172393,salvador-ISSQN
2025-04-01,2025-04-01,5,2025-09-01,187039213.58700693,188709395.36852837,12788606.398172393,salvador-ISSQN
2025-04-01,2025-04-01,6,2025-10-01,195235211.1399195,183463844.0156105,12788606.398172393,salvador-ISSQN
2025-04-01,2025-04-01,7,2025-11-01,192262765.6760926,183467672.56493005,12788606.398172393,salvador-ISSQN
2025-04-01,2025-04-01,8,2025-12-01,211689477.99,222283990.81628352,12788606.398172393,salvador-ISSQN
2025-05-01,2025-05-01,1,2025-06-01,168323445.51961663,172782372.03683606,12807724.926831223,salvador-ISSQN
2025-05-01,2025-05-01,2,2025-07-01,172403341.7654783,176574121.09527162,12807724.926831223,salvador-ISSQN
2025-05-01,2025-05-01,3,2025-08-01,184564790.1691121,182374031.61471766,12807724.926831223,salvador-ISSQN
2025-05-01,2025-05-01,4,2025-09-01,187039213.58700693,189370994.7728312,12807724.926831223,salvador-ISSQN
2025-05-01,2025-05-01,5,2025-10-01,195235211.1399195,184105755.63132137,12807724.926831223,salvador-ISSQN
2025-05-01,2025-05-01,6,2025-11-01,192262765.6760926,184106587.9471252,12807724.926831223,salvador-ISSQN
2025-05-01,2025-05-01,7,2025-12-01,211689477.99,223054152.16923293,12807724.926831223,salvador-ISSQN
2025-06-01,2025-06-01,1,2025-07-01,172403341.7654783,174787828.76072702,12769630.394471891,salvador-ISSQN
2025-06-01,2025-06-01,2,2025-08-01,184564790.1691121,180555637.96937546,12769630.394471891,salvador-ISSQN
2025-06-01,2025-06-01,3,2025-09-01,187039213.58700693,187488259.63989908,12769630.394471891,salvador-ISSQN
2025-06-01,2025-06-01,4,2025-10-01,195235211.1399195,182291392.76801547,12769630.394471891,salvador-ISSQN
2025-06-01,2025-06-01,5,2025-11-01,192262765.6760926,182314991.0821274,12769630.394471891,salvador-ISSQN
2025-06-01,2025-06-01,6,2025-12-01,211689477.99,220908733.1377369,12769630.394471891,salvador-ISSQN
2025-07-01,2025-07-01,1,2025-08-01,184564790.1691121,180016775.63768262,12680246.18987403,salvador-ISSQN
2025-07-01,2025-07-01,2,2025-09-01,187039213.58700693,185721781.91844574,12680246.18987403,salvador-ISSQN
2025-07-01,2025-07-01,3,2025-10-01,195235211.1399195,181916510.83847713,12680246.18987403,salvador-ISSQN
2025-07-01,2025-07-01,4,2025-11-01,192262765.6760926,181274530.9983858,12680246.18987403,salvador-ISSQN
2025-07-01,2025-07-01,5,2025-12-01,211689477.99,219946781.67526674,12680246.18987403,salvador-ISSQN
2025-08-01,2025-08-01,1,2025-09-01,187039213.58700693,187484669.76887348,12614941.126465531,salvador-ISSQN
2025-08-01,2025-08-01,2,2025-10-01,195235211.1399195,183631009.75829703,12614941.126465531,salvador-ISSQN
2025-08-01,2025-08-01,3,2025-11-01,192262765.6760926,182957783.83843258,12614941.126465531,salvador-ISSQN
2025-08-01,2025-08-01,4,2025-12-01,211689477.99,221998077.15339172,12614941.126465531,salvador-ISSQN
2025-09-01,2025-09-01,1,2025-10-01,195235211.1399195,183465662.1859933,12528452.117689969,salvador-ISSQN
2025-09-01,2025-09-01,2,2025-11-01,192262765.6760926,182795684.3824231,12528452.117689969,salvador-ISSQN
2025-09-01,2025-09-01,3,2025-12-01,211689477.99,221803756.0259567,12528452.117689969,salvador-ISSQN
2025-10-01,2025-10-01,1,2025-11-01,192262765.6760926,187176562.8577566,12559726.937698293,salvador-ISSQN
2025-10-01,2025-10-01,2,2025-12-01,211689477.99,227107959.41454548,12559726.937698293,salvador-ISSQN
2025-11-01,2025-11-01,1,2025-12-01,211689477.99,229503260.72673538,12638978.420447009,salvador-ISSQN
2020-12-01,2020-12-01,1,2021-01-01,5574464.266987887,4201615.7204225045,9834237.621829418,camacari-IPTU
2020-12-01,2020-12-01,2,2021-02-01,6895054.255048427,-5061688.996000657,9834237.621829418,camacari-IPTU
2020-12-01,2020-12-01,3,2021-03-01,112702246.07639827,56104758.88721766,9834237.621829418,camacari-IPTU
2020-12-01,2020-12-01,4,2021-04-01,19209490.334815037,-113034896.15887234,9834237.621829418,camacari-IPTU
2020-12-01,2020-12-01,5,2021-05-01,26237779.75309817,-4287630.428930809,9834237.621829418,camacari-IPTU
2020-12-01,2020-12-01,6,2021-06-01,6780175.600741205,-2101122.3774220305,9834237.621829418,camacari-IPTU
2020-12-01,2020-12-01,7,2021-07-01,8409795.03666179,-2898393.895072868,9834237.621829418,camacari-IPTU
2020-12-01,2020-12-01,8,2021-08-01,8180263.29398786,-8015868.910962455,9834237.621829418,camacari-IPTU
2020-12-01,2020-12-01,9,2021-09-01,7259633.949597636,-27144929.73112849,9834237.621829418,camacari-IPTU
2020-12-01,2020-12-01,10,2021-10-01,9096487.604462316,10820583.174241038,9834237.621829418,camacari-IPTU
2020-12-01,2020-12-01,11,2021-11-01,7282535.99270146,4971487.052881004,9834237.621829418,camacari-IPTU
2020-12-01,2020-12-01,12,2021-12-01,7197779.503408926,4559386.683998201,9834237.621829418,camacari-IPTU
2021-01-01,2021-01-01,1,2021-02-01,6895054.255048427,5126614.694595642,9688977.182049995,camacari-IPTU
2021-01-01,2021-01-01,2,2021-03-01,112702246.07639827,8411650.074156027,9688977.182049995,camacari-IPTU
2021-01-01,2021-01-01,3,2021-04-01,19209490.334815037,-8405676285923.33,9688977.182049995,camacari-IPTU
2021-01-01,2021-01-01,4,2021-05-01,26237779.75309817,-372783.72885886463,9688977.182049995,camacari-IPTU
2021-01-01,2021-01-01,5,2021-06-01,6780175.600741205,-8363650.235901401,9688977.182049995,camacari-IPTU
2021-01-01,2021-01-01,6,2021-07-01,8409795.03666179,-73479037.65628535,9688977.182049995,camacari-IPTU
2021-01-01,2021-01-01,7,2021-08-01,8180263.29398786,-10320748.475854272,9688977.182049995,camacari-IPTU
2021-01-01,2021-01-01,8,2021-09-01,7259633.949597636,-3757154.3763751844,9688977.182049995,camacari-IPTU
2021-01-01,2021-01-01,9,2021-10-01,9096487.604462316,-4666753.3308647955,9688977.182049995,camacari-IPTU
2021-01-01,2021-01-01,10,2021-11-01,7282535.99270146,-3838017.490503576,9688977.182049995,camacari-IPTU
2021-01-01,2021-01-01,11,2021-12-01,7197779.503408926,-5206065.869445573,9688977.182049995,camacari-IPTU
2021-01-01,2021-01-01,12,2022-01-01,4837683.587523954,-1311386.5530418924,9688977.182049995,camacari-IPTU
2021-02-01,2021-02-01,1,2021-03-01,112702246.07639827,-1115598682478.639,9554833.068743763,camacari-IPTU
2021-02-01,2021-02-01,2,2021-04-01,19209490.334815037,-7045751354134.204,9554833.068743763,camacari-IPTU
2021-02-01,2021-02-01,3,2021-05-01,26237779.75309817,-1737888809191.5518,9554833.068743763,camacari-IPTU
2021-02-01,2021-02-01,4,2021-06-01,6780175.600741205,-1386316833651.8328,9554833.068743763,camacari-IPTU
2021-02-01,2021-02-01,5,2021-07-01,8409795.03666179,-1380894636115.8933,9554833.068743763,camacari-IPTU
2021-02-01,2021-02-01,6,2021-08-01,8180263.29398786,-2168012224652.7395,9554833.068743763,camacari-IPTU
2021-02-01,2021-02-01,7,2021-09-01,7259633.949597636,-5832130866036.178,9554833.068743763,camacari-IPTU
2021-02-01,2021-02-01,8,2021-10-01,9096487.604462316,-3740387656139.725,9554833.068743763,camacari-IPTU
2021-02-01,2021-02-01,9,2021-11-01,7282535.99270146,-3385613803372.4614,9554833.068743763,camacari-IPTU
2021-02-01,2021-02-01,10,2021-12-01,7197779.503408926,-15458722064869.99,9554833.068743763,camacari-IPTU
2021-02-01,2021-02-01,11,2022-01-01,4837683.587523954,10573271.545119617,9554833.068743763,camacari-IPTU
2021-02-01,2021-02-01,12,2022-02-01,10747333.805839347,-107813624814.52292,9554833.068743763,camacari-IPTU
2021-03-01,2021-03-01,1,2021-04-01,19209490.334815037,58504820277271.51,10499157.47482719,camacari-IPTU
2021-03-01,2021-03-01,2,2021-05-01,26237779.75309817,-44568447.211573794,10499157.47482719,camacari-IPTU
2021-03-01,2021-03-01,3,2021-06-01,6780175.600741205,-32574375.712505523,10499157.47482719,camacari-IPTU
2021-03-01,2021-03-01,4,2021-07-01,8409795.03666179,-29081198.444513313,10499157.47482719,camacari-IPTU
2021-03-01,2021-03-01,5,2021-08-01,8180263.29398786,19265370.511869583,10499157.47482719,camacari-IPTU
2021-03-01,2021-03-01,6,2021-09-01,7259633.949597636,7739249.325293402,10499157.47482719,camacari-IPTU
2021-03-01,2021-03-01,7,2021-10-01,9096487.604462316,4610304.8321642745,10499157.47482719,camacari-IPTU
2021-03-01,2021-03-01,8,2021-11-01,7282535.99270146,4325715.60470433,10499157.47482719,camacari-IPTU
2021-03-01,2021-03-01,9,2021-12-01,7197779.503408926,6523967.953720511,10499157.47482719,camacari-IPTU
2021-03-01,2021-03-01,10,2022-01-01,4837683.587523954,2840873.746197009,10499157.47482719,camacari-IPTU
2021-03-01,2021-03-01,11,2022-02-01,10747333.805839347,4468647.768220079,10499157.47482719,camacari-IPTU
2021-03-01,2021-03-01,12,2022-03-01,127432797.50553215,84806973.70019321,10499157.47482719,camacari-IPTU
2021-04-01,2021-04-01,1,2021-05-01,26237779.75309817,-9798438.250081133,10882382.342094596,camacari-IPTU
2021-04-01,2021-04-01,2,2021-06-01,6780175.600741205,-6700890.590650751,10882382.342094596,camacari-IPTU
2021-04-01,2021-04-01,3,2021-07-01,8409795.03666179,-19009569.29083919,10882382.342094596,camacari-IPTU
2021-04-01,2021-04-01,4,2021-08-01,8180263.29398786,13690365.697873086,10882382.342094596,camacari-IPTU
2021-04-01,2021-04-01,5,2021-09-01,7259633.949597636,3718478.606016158,10882382.342094596,camacari-IPTU
2021-04-01,2021-04-01,6,2021-10-01,9096487.604462316,3733771.02723052,10882382.342094596,camacari-IPTU
2021-04-01,2021-04-01,7,2021-11-01,7282535.99270146,6502221.897217114,10882382.342094596,camacari-IPTU
2021-04-01,2021-04-01,8,2021-12-01,7197779.503408926,3587041.5587660284,10882382.342094596,camacari-IPTU
2021-04-01,2021-04-01,9,2022-01-01,4837683.587523954,1681830.9393901129,10882382.342094596,camacari-IPTU
2021-04-01,2021-04-01,10,2022-02-01,10747333.805839347,2808671.923004034,10882382.342094596,camacari-IPTU
2021-04-01,2021-04-01,11,2022-03-01,127432797.50553215,46984237.97230661,10882382.342094596,camacari-IPTU
2021-04-01,2021-04-01,12,2022-04-01,40453619.22855426,16305777.885714617,10882382.342094596,camacari-IPTU
2021-05-01,2021-05-01,1,2021-06-01,6780175.600741205,-4378868620.940374,10935783.647750793,camacari-IPTU
2021-05-01,2021-05-01,2,2021-07-01,8409795.03666179,-231372092.5123116,10935783.647750793,camacari-IPTU
2021-05-01,2021-05-01,3,2021-08-01,8180263.29398786,-248926828.14416087,10935783.647750793,camacari-IPTU
2021-05-01,2021-05-01,4,2021-09-01,7259633.949597636,-168104414.46260682,10935783.647750793,camacari-IPTU
2021-05-01,2021-05-01,5,2021-10-01,9096487.604462316,-183688696.7048631,10935783.647750793,camacari-IPTU
2021-05-01,2021-05-01,6,2021-11-01,7282535.99270146,-20445742.65118606,10935783.647750793,camacari-IPTU
2021-05-01,2021-05-01,7,2021-12-01,7197779.503408926,91665421.12160102,10935783.647750793,camacari-IPTU
2021-05-01,2021-05-01,8,2022-01-01,4837683.587523954,-34264651.028733626,10935783.647750793,camacari-IPTU
2021-05-01,2021-05-01,9,2022-02-01,10747333.805839347,1561296944.4466166,10935783.647750793,camacari-IPTU
2021-05-01,2021-05-01,10,2022-03-01,127432797.50553215,-314640184.3725766,10935783.647750793,camacari-IPTU
2021-05-01,2021-05-01,11,2022-04-01,40453619.22855426,-1526469915.2682714,10935783.647750793,camacari-IPTU
2021-05-01,2021-05-01,12,2022-05-01,21962579.319788303,-770809248.2911707,10935783.647750793,camacari-IPTU
2021-06-01,2021-06-01,1,2021-07-01,8409795.03666179,-1804170288257.5618,10781020.91660674,camacari-IPTU
2021-06-01,2021-06-01,2,2021-08-01,8180263.29398786,-939236192823.4559,10781020.91660674,camacari-IPTU
2021-06-01,2021-06-01,3,2021-09-01,7259633.949597636,-435724152641.55066,10781020.91660674,camacari-IPTU
2021-06-01,2021-06-01,4,2021-10-01,9096487.604462316,-694246589627.2185,10781020.91660674,camacari-IPTU
2021-06-01,2021-06-01,5,2021-11-01,7282535.99270146,-780635112784.3684,10781020.91660674,camacari-IPTU
2021-06-01,2021-06-01,6,2021-12-01,7197779.503408926,-88570229119.2938,10781020.91660674,camacari-IPTU
2021-06-01,2021-06-01,7,2022-01-01,4837683.587523954,10566932.669932108,10781020.91660674,camacari-IPTU
2021-06-01,2021-06-01,8,2022-02-01,10747333.805839347,12014223828795.664,10781020.91660674,camacari-IPTU
2021-06-01,2021-06-01,9,2022-03-01,127432797.50553215,1927242607129.0894,10781020.91660674,camacari-IPTU
2021-06-01,2021-06-01,10,2022-04-01,40453619.22855426,287870206379.7968,10781020.91660674,camacari-IPTU
2021-06-01,2021-06-01,11,2022-05-01,21962579.319788303,-1300926816943.4214,10781020.91660674,camacari-IPTU
2021-06-01,2021-06-01,12,2022-06-01,12354716.21055757,-1740596822572.891,10781020.91660674,camacari-IPTU
2021-07-01,2021-07-01,1,2021-08-01,8180263.29398786,-7220670030468.701,10629290.604000622,camacari-IPTU
2021-07-01,2021-07-01,2,2021-09-01,7259633.949597636,-2049652405549.9229,10629290.604000622,camacari-IPTU
2021-07-01,2021-07-01,3,2021-10-01,9096487.604462316,-3782357392503.587,10629290.604000622,camacari-IPTU
2021-07-01,2021-07-01,4,2021-11-01,7282535.99270146,1567565150170.4558,10629290.604000622,camacari-IPTU
2021-07-01,2021-07-01,5,2021-12-01,7197779.503408926,98543622932.02255,10629290.604000622,camacari-IPTU
2021-07-01,2021-07-01,6,2022-01-01,4837683.587523954,10565917.13853035,10629290.604000622,camacari-IPTU
2021-07-01,2021-07-01,7,2022-02-01,10747333.805839347,71148229536588.7,10629290.604000622,camacari-IPTU
2021-07-01,2021-07-01,8,2022-03-01,127432797.50553215,8635666449286.259,10629290.604000622,camacari-IPTU
2021-07-01,2021-07-01,9,2022-04-01,40453619.22855426,-5220620218692.341,10629290.604000622,camacari-IPTU
2021-07-01,2021-07-01,10,2022-05-01,21962579.319788303,-7486379477083.032,10629290.604000622,camacari-IPTU
2021-07-01,2021-07-01,11,2022-06-01,12354716.21055757,-8740683526746.305,10629290.604000622,camacari-IPTU
2021-07-01,2021-07-01,12,2022-07-01,17752542.53971789,-7859925640957.745,10629290.604000622,camacari-IPTU
2021-08-01,2021-08-01,1,2021-09-01,7259633.949597636,-231124141016.7403,10476542.229397617,camacari-IPTU
2021-08-01,2021-08-01,2,2021-10-01,9096487.604462316,-346316220014.55865,10476542.229397617,camacari-IPTU
2021-08-01,2021-08-01,3,2021-11-01,7282535.99270146,-381446158691.13495,10476542.229397617,camacari-IPTU
2021-08-01,2021-08-01,4,2021-12-01,7197779.503408926,85142900545.74007,10476542.229397617,camacari-IPTU
2021-08-01,2021-08-01,5,2022-01-01,4837683.587523954,10564822.883598208,10476542.229397617,camacari-IPTU
2021-08-01,2021-08-01,6,2022-02-01,10747333.805839347,9100678818329.088,10476542.229397617,camacari-IPTU
2021-08-01,2021-08-01,7,2022-03-01,127432797.50553215,1180110702612.7078,10476542.229397617,camacari-IPTU
2021-08-01,2021-08-01,8,2022-04-01,40453619.22855426,-406150700285.37854,10476542.229397617,camacari-IPTU
2021-08-01,2021-08-01,9,2022-05-01,21962579.319788303,-959443060956.5007,10476542.229397617,camacari-IPTU
2021-08-01,2021-08-01,10,2022-06-01,12354716.21055757,-1119672382539.0898,10476542.229397617,camacari-IPTU
2021-08-01,2021-08-01,11,2022-07-01,17752542.53971789,-1003108762206.4435,10476542.229397617,camacari-IPTU
2021-08-01,2021-08-01,12,2022-08-01,15164896.700699635,-921737657928.6345,10476542.229397617,camacari-IPTU
2021-09-01,2021-09-01,1,2021-10-01,9096487.604462316,3676640.9227258614,10331105.827917611,camacari-IPTU
2021-09-01,2021-09-01,2,2021-11-01,7282535.99270146,2013240.6025222656,10331105.827917611,camacari-IPTU
2021-09-01,2021-09-01,3,2021-12-01,7197779.503408926,-2860067.308584499,10331105.827917611,camacari-IPTU
2021-09-01,2021-09-01,4,2022-01-01,4837683.587523954,-1547433.4409417978,10331105.827917611,camacari-IPTU
2021-09-01,2021-09-01,5,2022-02-01,10747333.805839347,-2027678.675627822,10331105.827917611,camacari-IPTU
2021-09-01,2021-09-01,6,2022-03-01,127432797.50553215,887308443.9919523,10331105.827917611,camacari-IPTU
2021-09-01,2021-09-01,7,2022-04-01,40453619.22855426,28465175.020047437,10331105.827917611,camacari-IPTU
2021-09-01,2021-09-01,8,2022-05-01,21962579.319788303,-11072429.684205167,10331105.827917611,camacari-IPTU
2021-09-01,2021-09-01,9,2022-06-01,12354716.21055757,582812.4006786803,10331105.827917611,camacari-IPTU
2021-09-01,2021-09-01,10,2022-07-01,17752542.53971789,-43216.69605680908,10331105.827917611,camacari-IPTU
2021-09-01,2021-09-01,11,2022-08-01,15164896.700699635,1321840644.670686,10331105.827917611,camacari-IPTU
2021-09-01,2021-09-01,12,2022-09-01,12832045.767347911,6779555.611532661,10331105.827917611,camacari-IPTU
2021-10-01,2021-10-01,1,2021-11-01,7282535.99270146,1388854.8883087311,10185035.30767684,camacari-IPTU
2021-10-01,2021-10-01,2,2021-12-01,7197779.503408926,1286104.6378259247,10185035.30767684,camacari-IPTU
2021-10-01,2021-10-01,3,2022-01-01,4837683.587523954,526458.4947051872,10185035.30767684,camacari-IPTU
2021-10-01,2021-10-01,4,2022-02-01,10747333.805839347,811835.6250033686,10185035.30767684,camacari-IPTU
2021-10-01,2021-10-01,5,2022-03-01,127432797.50553215,17358606.989643034,10185035.30767684,camacari-IPTU
2021-10-01,2021-10-01,6,2022-04-01,40453619.22855426,2663741.5368418028,10185035.30767684,camacari-IPTU
2021-10-01,2021-10-01,7,2022-05-01,21962579.319788303,14550284.487686962,10185035.30767684,camacari-IPTU
2021-10-01,2021-10-01,8,2022-06-01,12354716.21055757,7762615.350953642,10185035.30767684,camacari-IPTU
2021-10-01,2021-10-01,9,2022-07-01,17752542.53971789,-60429516.13774107,10185035.30767684,camacari-IPTU
2021-10-01,2021-10-01,10,2022-08-01,15164896.700699635,-32354384.07395227,10185035.30767684,camacari-IPTU
2021-10-01,2021-10-01,11,2022-09-01,12832045.767347911,26769471.490664724,10185035.30767684,camacari-IPTU
2021-10-01,2021-10-01,12,2022-10-01,13457745.956336224,8069431.605732455,10185035.30767684,camacari-IPTU
2021-11-01,2021-11-01,1,2021-12-01,7197779.503408926,-686588.4943160273,10056105.35456376,camacari-IPTU
2021-11-01,2021-11-01,2,2022-01-01,4837683.587523954,-12303.929964009,10056105.35456376,camacari-IPTU
2021-11-01,2021-11-01,3,2022-02-01,10747333.805839347,-65615745.31042637,10056105.35456376,camacari-IPTU
2021-11-01,2021-11-01,4,2022-03-01,127432797.50553215,-9178635.449198531,10056105.35456376,camacari-IPTU
2021-11-01,2021-11-01,5,2022-04-01,40453619.22855426,-113689.97858267577,10056105.35456376,camacari-IPTU
2021-11-01,2021-11-01,6,2022-05-01,21962579.319788303,7137346.237962894,10056105.35456376,camacari-IPTU
2021-11-01,2021-11-01,7,2022-06-01,12354716.21055757,8314323.504095632,10056105.35456376,camacari-IPTU
2021-11-01,2021-11-01,8,2022-07-01,17752542.53971789,8233219.57978517,10056105.35456376,camacari-IPTU
2021-11-01,2021-11-01,9,2022-08-01,15164896.700699635,39718023.99700683,10056105.35456376,camacari-IPTU
2021-11-01,2021-11-01,10,2022-09-01,12832045.767347911,4060406.6270506145,10056105.35456376,camacari-IPTU
2021-11-01,2021-11-01,11,2022-10-01,13457745.956336224,31501129.753692236,10056105.35456376,camacari-IPTU
2021-11-01,2021-11-01,12,2022-11-01,12616930.535112843,4449047.618136508,10056105.35456376,camacari-IPTU
2021-12-01,2021-12-01,1,2022-01-01,4837683.587523954,559235.2285017881,10029277.341709485,camacari-IPTU
2021-12-01,2021-12-01,2,2022-02-01,10747333.805839347,2615081.468514562,10029277.341709485,camacari-IPTU
2021-12-01,2021-12-01,3,2022-03-01,127432797.50553215,49379217.42780367,10029277.341709485,camacari-IPTU
2021-12-01,2021-12-01,4,2022-04-01,40453619.22855426,16785667.627718396,10029277.341709485,camacari-IPTU
2021-12-01,2021-12-01,5,2022-05-01,21962579.319788303,-11499223.460666656,10029277.341709485,camacari-IPTU
2021-12-01,2021-12-01,6,2022-06-01,12354716.21055757,2696655.76649161,10029277.341709485,camacari-IPTU
2021-12-01,2021-12-01,7,2022-07-01,17752542.53971789,10665835.432170296,10029277.341709485,camacari-IPTU
2021-12-01,2021-12-01,8,2022-08-01,15164896.700699635,205907625.83124346,10029277.341709485,camacari-IPTU
2021-12-01,2021-12-01,9,2022-09-01,12832045.767347911,37012128.842341624,10029277.341709485,camacari-IPTU
2021-12-01,2021-12-01,10,2022-10-01,13457745.956336224,14448922.546300152,10029277.341709485,camacari-IPTU
2021-12-01,2021-12-01,11,2022-11-01,12616930.535112843,-1379620.7614922898,10029277.341709485,camacari-IPTU
2021-12-01,2021-12-01,12,2022-12-01,12784174.1801717,-19291623.324882027,10029277.341709485,camacari-IPTU
2022-01-01,2022-01-01,1,2022-02-01,10747333.805839347,3587003265.225181,9901982.866884204,camacari-IPTU
2022-01-01,2022-01-01,2,2022-03-01,127432797.50553215,13031241.473379921,9901982.866884204,camacari-IPTU
2022-01-01,2022-01-01,3,2022-04-01,40453619.22855426,-481152719.0068292,9901982.866884204,camacari-IPTU
2022-01-01,2022-01-01,4,2022-05-01,21962579.319788303,-515871090.35781324,9901982.866884204,camacari-IPTU
2022-01-01,2022-01-01,5,2022-06-01,12354716.21055757,-482779722.79095757,9901982.866884204,camacari-IPTU
2022-01-01,2022-01-01,6,2022-07-01,17752542.53971789,-791927974.6437033,9901982.866884204,camacari-IPTU
2022-01-01,2022-01-01,7,2022-08-01,15164896.700699635,-500797036.8116603,9901982.866884204,camacari-IPTU
2022-01-01,2022-01-01,8,2022-09-01,12832045.767347911,-550148082.9078074,9901982.866884204,camacari-IPTU
2022-01-01,2022-01-01,9,2022-10-01,13457745.956336224,-406028494.68904394,9901982.866884204,camacari-IPTU
2022-01-01,2022-01-01,10,2022-11-01,12616930.535112843,-372617832.35387033,9901982.866884204,camacari-IPTU
2022-01-01,2022-01-01,11,2022-12-01,12784174.1801717,-7261678431934.682,9901982.866884204,camacari-IPTU
2022-01-01,2022-01-01,12,2023-01-01,7047786.234635349,-54962996.345355146,9901982.866884204,camacari-IPTU
2022-02-01,2022-02-01,1,2022-03-01,127432797.50553215,-118941494.20131359,9820230.119369429,camacari-IPTU
2022-02-01,2022-02-01,2,2022-04-01,40453619.22855426,-1957459.532282132,9820230.119369429,camacari-IPTU
2022-02-01,2022-02-01,3,2022-05-01,21962579.319788303,28051494685118.64,9820230.119369429,camacari-IPTU
2022-02-01,2022-02-01,4,2022-06-01,12354716.21055757,157907762.13620716,9820230.119369429,camacari-IPTU
2022-02-01,2022-02-01,5,2022-07-01,17752542.53971789,130042775.89500865,9820230.119369429,camacari-IPTU
2022-02-01,2022-02-01,6,2022-08-01,15164896.700699635,106151075.13155575,9820230.119369429,camacari-IPTU
2022-02-01,2022-02-01,7,2022-09-01,12832045.767347911,-124956576.90443191,9820230.119369429,camacari-IPTU
2022-02-01,2022-02-01,8,2022-10-01,13457745.956336224,-32838347.60661017,9820230.119369429,camacari-IPTU
2022-02-01,2022-02-01,9,2022-11-01,12616930.535112843,494828.2755056312,9820230.119369429,camacari-IPTU
2022-02-01,2022-02-01,10,2022-12-01,12784174.1801717,-69503574.07919988,9820230.119369429,camacari-IPTU
2022-02-01,2022-02-01,11,2023-01-01,7047786.234635349,-9105577.081868373,9820230.119369429,camacari-IPTU
2022-02-01,2022-02-01,12,2023-02-01,12018263.329091424,-1056065703.9113067,9820230.119369429,camacari-IPTU
2022-03-01,2022-03-01,1,2022-04-01,40453619.22855426,-1075181.8690004088,9885701.07016629,camacari-IPTU
2022-03-01,2022-03-01,2,2022-05-01,21962579.319788303,-3920333.919956918,9885701.07016629,camacari-IPTU
2022-03-01,2022-03-01,3,2022-06-01,12354716.21055757,-2445806.2062895847,9885701.07016629,camacari-IPTU
2022-03-01,2022-03-01,4,2022-07-01,17752542.53971789,-4494485.704899853,9885701.07016629,camacari-IPTU
2022-03-01,2022-03-01,5,2022-08-01,15164896.700699635,-13200591.543538943,9885701.07016629,camacari-IPTU
2022-03-01,2022-03-01,6,2022-09-01,12832045.767347911,-10835134.742446316,9885701.07016629,camacari-IPTU
2022-03-01,2022-03-01,7,2022-10-01,13457745.956336224,-12931000.723385207,9885701.07016629,camacari-IPTU
2022-03-01,2022-03-01,8,2022-11-01,12616930.535112843,-3094618.7511744653,9885701.07016629,camacari-IPTU
2022-03-01,2022-03-01,9,2022-12-01,12784174.1801717,-2262411.5295154583,9885701.07016629,camacari-IPTU
2022-03-01,2022-03-01,10,2023-01-01,7047786.234635349,-2850343.378347614,9885701.07016629,camacari-IPTU
2022-03-01,2022-03-01,11,2023-02-01,12018263.329091424,26699156.670382775,9885701.07016629,camacari-IPTU
2022-03-01,2022-03-01,12,2023-03-01,113631532.97417936,1399922457.732193,9885701.07016629,camacari-IPTU
2022-04-01,2022-04-01,1,2022-05-01,21962579.319788303,106858165703.45433,10035154.06784488,camacari-IPTU
2022-04-01,2022-04-01,2,2022-06-01,12354716.21055757,-8089260311525.966,10035154.06784488,camacari-IPTU
2022-04-01,2022-04-01,3,2022-07-01,17752542.53971789,-7906152828476.909,10035154.06784488,camacari-IPTU
2022-04-01,2022-04-01,4,2022-08-01,15164896.700699635,-907678560288.158,10035154.06784488,camacari-IPTU
2022-04-01,2022-04-01,5,2022-09-01,12832045.767347911,-3617487003443.097,10035154.06784488,camacari-IPTU
2022-04-01,2022-04-01,6,2022-10-01,13457745.956336224,-5700937867111.057,10035154.06784488,camacari-IPTU
2022-04-01,2022-04-01,7,2022-11-01,12616930.535112843,-6402867035973.539,10035154.06784488,camacari-IPTU
2022-04-01,2022-04-01,8,2022-12-01,12784174.1801717,-596736226061.0431,10035154.06784488,camacari-IPTU
2022-04-01,2022-04-01,9,2023-01-01,7047786.234635349,10556294.980562614,10035154.06784488,camacari-IPTU
2022-04-01,2022-04-01,10,2023-02-01,12018263.329091424,53272344459870.31,10035154.06784488,camacari-IPTU
2022-04-01,2022-04-01,11,2023-03-01,113631532.97417936,11607938421948.64,10035154.06784488,camacari-IPTU
2022-04-01,2022-04-01,12,2023-04-01,19541386.126198694,-3962851386528.629,10035154.06784488,camacari-IPTU
2022-05-01,2022-05-01,1,2022-06-01,12354716.21055757,-26773164773.478634,9960349.475188581,camacari-IPTU
2022-05-01,2022-05-01,2,2022-07-01,17752542.53971789,-1983628132449.1414,9960349.475188581,camacari-IPTU
2022-05-01,2022-05-01,3,2022-08-01,15164896.700699635,6496350483614.393,9960349.475188581,camacari-IPTU
2022-05-01,2022-05-01,4,2022-09-01,12832045.767347911,-7611362579143.975,9960349.475188581,camacari-IPTU
2022-05-01,2022-05-01,5,2022-10-01,13457745.956336224,-12589163436744.275,9960349.475188581,camacari-IPTU
2022-05-01,2022-05-01,6,2022-11-01,12616930.535112843,-14462352234400.258,9960349.475188581,camacari-IPTU
2022-05-01,2022-05-01,7,2022-12-01,12784174.1801717,-146757422894.27692,9960349.475188581,camacari-IPTU
2022-05-01,2022-05-01,8,2023-01-01,7047786.234635349,10554607.205910165,9960349.475188581,camacari-IPTU
2022-05-01,2022-05-01,9,2023-02-01,12018263.329091424,35373114140280.734,9960349.475188581,camacari-IPTU
2022-05-01,2022-05-01,10,2023-03-01,113631532.97417936,15063454328230.338,9960349.475188581,camacari-IPTU
2022-05-01,2022-05-01,11,2023-04-01,19541386.126198694,-1108943952877.9187,9960349.475188581,camacari-IPTU
2022-05-01,2022-05-01,12,2023-05-01,14150456.746575596,3163773727503.733,9960349.475188581,camacari-IPTU
2022-06-01,2022-06-01,1,2022-07-01,17752542.53971789,-15637881.316847807,9904121.156401757,camacari-IPTU
2022-06-01,2022-06-01,2,2022-08-01,15164896.700699635,-16170953.56344315,9904121.156401757,camacari-IPTU
2022-06-01,2022-06-01,3,2022-09-01,12832045.767347911,-11703646.003939206,9904121.156401757,camacari-IPTU
2022-06-01,2022-06-01,4,2022-10-01,13457745.956336224,-32995698.322174598,9904121.156401757,camacari-IPTU
2022-06-01,2022-06-01,5,2022-11-01,12616930.535112843,212367235.66157594,9904121.156401757,camacari-IPTU
2022-06-01,2022-06-01,6,2022-12-01,12784174.1801717,80343068.2123782,9904121.156401757,camacari-IPTU
2022-06-01,2022-06-01,7,2023-01-01,7047786.234635349,14838461.481703011,9904121.156401757,camacari-IPTU
2022-06-01,2022-06-01,8,2023-02-01,12018263.329091424,12982009.159861833,9904121.156401757,camacari-IPTU
2022-06-01,2022-06-01,9,2023-03-01,113631532.97417936,132476461.32167785,9904121.156401757,camacari-IPTU
2022-06-01,2022-06-01,10,2023-04-01,19541386.126198694,28002684.56308384,9904121.156401757,camacari-IPTU
2022-06-01,2022-06-01,11,2023-05-01,14150456.746575596,-6972836073.573558,9904121.156401757,camacari-IPTU
2022-06-01,2022-06-01,12,2023-06-01,13391841.733009398,8103471.444529428,9904121.156401757,camacari-IPTU
2022-07-01,2022-07-01,1,2022-08-01,15164896.700699635,-465807774.46033263,9897015.160789788,camacari-IPTU
2022-07-01,2022-07-01,2,2022-09-01,12832045.767347911,-609658176.2100359,9897015.160789788,camacari-IPTU
2022-07-01,2022-07-01,3,2022-10-01,13457745.956336224,-374363244.12068933,9897015.160789788,camacari-IPTU
2022-07-01,2022-07-01,4,2022-11-01,12616930.535112843,-9660789.924383838,9897015.160789788,camacari-IPTU
2022-07-01,2022-07-01,5,2022-12-01,12784174.1801717,-418926584.89402634,9897015.160789788,camacari-IPTU
2022-07-01,2022-07-01,6,2023-01-01,7047786.234635349,-134066902.00084883,9897015.160789788,camacari-IPTU
2022-07-01,2022-07-01,7,2023-02-01,12018263.329091424,766509588.7166959,9897015.160789788,camacari-IPTU
2022-07-01,2022-07-01,8,2023-03-01,113631532.97417936,73448202.83407094,9897015.160789788,camacari-IPTU
2022-07-01,2022-07-01,9,2023-04-01,19541386.126198694,-317051043.4534261,9897015.160789788,camacari-IPTU
2022-07-01,2022-07-01,10,2023-05-01,14150456.746575596,-1482625009.1194913,9897015.160789788,camacari-IPTU
2022-07-01,2022-07-01,11,2023-06-01,13391841.733009398,221621405.04040506,9897015.160789788,camacari-IPTU
2022-07-01,2022-07-01,12,2023-07-01,21133842.2574917,-1358863539.5941112,9897015.160789788,camacari-IPTU
2022-08-01,2022-08-01,1,2022-09-01,12832045.767347911,7436137.924737594,9860610.388863811,camacari-IPTU
2022-08-01,2022-08-01,2,2022-10-01,13457745.956336224,7465482.53113908,9860610.388863811,camacari-IPTU
2022-08-01,2022-08-01,3,2022-11-01,12616930.535112843,5825707.501755832,9860610.388863811,camacari-IPTU
2022-08-01,2022-08-01,4,2022-12-01,12784174.1801717,5453299.635119398,9860610.388863811,camacari-IPTU
2022-08-01,2022-08-01,5,2023-01-01,7047786.234635349,3022094.802607914,9860610.388863811,camacari-IPTU
2022-08-01,2022-08-01,6,2023-02-01,12018263.329091424,5710419.204225618,9860610.388863811,camacari-IPTU
2022-08-01,2022-08-01,7,2023-03-01,113631532.97417936,58262785.66703371,9860610.388863811,camacari-IPTU
2022-08-01,2022-08-01,8,2023-04-01,19541386.126198694,19261927.11630126,9860610.388863811,camacari-IPTU
2022-08-01,2022-08-01,9,2023-05-01,14150456.746575596,11441997.23246119,9860610.388863811,camacari-IPTU
2022-08-01,2022-08-01,10,2023-06-01,13391841.733009398,7600000.586153675,9860610.388863811,camacari-IPTU
2022-08-01,2022-08-01,11,2023-07-01,21133842.2574917,11347028.9759302,9860610.388863811,camacari-IPTU
2022-08-01,2022-08-01,12,2023-08-01,24362535.303448137,15839071.104344776,9860610.388863811,camacari-IPTU
2022-09-01,2022-09-01,1,2022-10-01,13457745.956336224,-9304534.157263208,9807669.665763643,camacari-IPTU
2022-09-01,2022-09-01,2,2022-11-01,12616930.535112843,-13164421.623029038,9807669.665763643,camacari-IPTU
2022-09-01,2022-09-01,3,2022-12-01,12784174.1801717,9378871.020192388,9807669.665763643,camacari-IPTU
2022-09-01,2022-09-01,4,2023-01-01,7047786.234635349,4921387.863244026,9807669.665763643,camacari-IPTU
2022-09-01,2022-09-01,5,2023-02-01,12018263.329091424,55765200.636091255,9807669.665763643,camacari-IPTU
2022-09-01,2022-09-01,6,2023-03-01,113631532.97417936,114681240.13544135,9807669.665763643,camacari-IPTU
2022-09-01,2022-09-01,7,2023-04-01,19541386.126198694,37980763.37973677,9807669.665763643,camacari-IPTU
2022-09-01,2022-09-01,8,2023-05-01,14150456.746575596,20861534.685106423,9807669.665763643,camacari-IPTU
2022-09-01,2022-09-01,9,2023-06-01,13391841.733009398,11061508.975154199,9807669.665763643,camacari-IPTU
2022-09-01,2022-09-01,10,2023-07-01,21133842.2574917,13713837.394664826,9807669.665763643,camacari-IPTU
2022-09-01,2022-09-01,11,2023-08-01,24362535.303448137,13010037.633433761,9807669.665763643,camacari-IPTU
2022-09-01,2022-09-01,12,2023-09-01,15466271.334168883,5838988.459736669,9807669.665763643,camacari-IPTU
2022-10-01,2022-10-01,1,2022-11-01,12616930.535112843,-497734357.5579077,9741250.015594255,camacari-IPTU
2022-10-01,2022-10-01,2,2022-12-01,12784174.1801717,-708989941.2858908,9741250.015594255,camacari-IPTU
2022-10-01,2022-10-01,3,2023-01-01,7047786.234635349,-157213195.68527982,9741250.015594255,camacari-IPTU
2022-10-01,2022-10-01,4,2023-02-01,12018263.329091424,-3458470489.569008,9741250.015594255,camacari-IPTU
2022-10-01,2022-10-01,5,2023-03-01,113631532.97417936,-278584525.8226479,9741250.015594255,camacari-IPTU
2022-10-01,2022-10-01,6,2023-04-01,19541386.126198694,-52106259.47587665,9741250.015594255,camacari-IPTU
2022-10-01,2022-10-01,7,2023-05-01,14150456.746575596,101549031.8219387,9741250.015594255,camacari-IPTU
2022-10-01,2022-10-01,8,2023-06-01,13391841.733009398,162501501.25114828,9741250.015594255,camacari-IPTU
2022-10-01,2022-10-01,9,2023-07-01,21133842.2574917,86846355.8950573,9741250.015594255,camacari-IPTU
2022-10-01,2022-10-01,10,2023-08-01,24362535.303448137,9321996.533831265,9741250.015594255,camacari-IPTU
2022-10-01,2022-10-01,11,2023-09-01,15466271.334168883,-2583713204.88557,9741250.015594255,camacari-IPTU
2022-10-01,2022-10-01,12,2023-10-01,16948768.265746012,-1614208675.8594294,9741250.015594255,camacari-IPTU
2022-11-01,2022-11-01,1,2022-12-01,12784174.1801717,-16013165.833580991,9688155.37133904,camacari-IPTU
2022-11-01,2022-11-01,2,2023-01-01,7047786.234635349,-271111.8287904312,9688155.37133904,camacari-IPTU
2022-11-01,2022-11-01,3,2023-02-01,12018263.329091424,195837727.22494698,9688155.37133904,camacari-IPTU
2022-11-01,2022-11-01,4,2023-03-01,113631532.97417936,-648082801.4746747,9688155.37133904,camacari-IPTU
2022-11-01,2022-11-01,5,2023-04-01,19541386.126198694,-174502774.30450436,9688155.37133904,camacari-IPTU
2022-11-01,2022-11-01,6,2023-05-01,14150456.746575596,-405332692.8724481,9688155.37133904,camacari-IPTU
2022-11-01,2022-11-01,7,2023-06-01,13391841.733009398,12921160.979251152,9688155.37133904,camacari-IPTU
2022-11-01,2022-11-01,8,2023-07-01,21133842.2574917,680191.2056317865,9688155.37133904,camacari-IPTU
2022-11-01,2022-11-01,9,2023-08-01,24362535.303448137,592380.7088102163,9688155.37133904,camacari-IPTU
2022-11-01,2022-11-01,10,2023-09-01,15466271.334168883,-3284672.8810557215,9688155.37133904,camacari-IPTU
2022-11-01,2022-11-01,11,2023-10-01,16948768.265746012,36435.70886561803,9688155.37133904,camacari-IPTU
2022-11-01,2022-11-01,12,2023-11-01,19405524.354567923,-192026.78100610577,9688155.37133904,camacari-IPTU
2022-12-01,2022-12-01,1,2023-01-01,7047786.234635349,10547840.15299099,9639324.886879798,camacari-IPTU
2022-12-01,2022-12-01,2,2023-02-01,12018263.329091424,10062158871653.992,9639324.886879798,camacari-IPTU
2022-12-01,2022-12-01,3,2023-03-01,113631532.97417936,1676494617059.4473,9639324.886879798,camacari-IPTU
2022-12-01,2022-12-01,4,2023-04-01,19541386.126198694,131550470819.62836,9639324.886879798,camacari-IPTU
2022-12-01,2022-12-01,5,2023-05-01,14150456.746575596,-876543102245.2008,9639324.886879798,camacari-IPTU
2022-12-01,2022-12-01,6,2023-06-01,13391841.733009398,-1044234970411.0345,9639324.886879798,camacari-IPTU
2022-12-01,2022-12-01,7,2023-07-01,21133842.2574917,-953410186488.8838,9639324.886879798,camacari-IPTU
2022-12-01,2022-12-01,8,2023-08-01,24362535.303448137,-927219786883.7921,9639324.886879798,camacari-IPTU
2022-12-01,2022-12-01,9,2023-09-01,15466271.334168883,-246546003432.77762,9639324.886879798,camacari-IPTU
2022-12-01,2022-12-01,10,2023-10-01,16948768.265746012,-345714994344.4698,9639324.886879798,camacari-IPTU
2022-12-01,2022-12-01,11,2023-11-01,19405524.354567923,-381156210356.8449,9639324.886879798,camacari-IPTU
2022-12-01,2022-12-01,12,2023-12-01,21991343.83026119,-1068508285107.6105,9639324.886879798,camacari-IPTU
2023-01-01,2023-01-01,1,2023-02-01,12018263.329091424,817182222.1580164,9551922.272294289,camacari-IPTU
2023-01-01,2023-01-01,2,2023-03-01,113631532.97417936,131358315.81866203,9551922.272294289,camacari-IPTU
2023-01-01,2023-01-01,3,2023-04-01,19541386.126198694,63587368.013299175,9551922.272294289,camacari-IPTU
2023-01-01,2023-01-01,4,2023-05-01,14150456.746575596,-113468387.60046011,9551922.272294289,camacari-IPTU
2023-01-01,2023-01-01,5,2023-06-01,13391841.733009398,-199804483.9415703,9551922.272294289,camacari-IPTU
2023-01-01,2023-01-01,6,2023-07-01,21133842.2574917,-107927545.48877369,9551922.272294289,camacari-IPTU
2023-01-01,2023-01-01,7,2023-08-01,24362535.303448137,-9338557.845355446,9551922.272294289,camacari-IPTU
2023-01-01,2023-01-01,8,2023-09-01,15466271.334168883,37993053561.75012,9551922.272294289,camacari-IPTU
2023-01-01,2023-01-01,9,2023-10-01,16948768.265746012,-979334649.3906423,9551922.272294289,camacari-IPTU
2023-01-01,2023-01-01,10,2023-11-01,19405524.354567923,739280637.8005517,9551922.272294289,camacari-IPTU
2023-01-01,2023-01-01,11,2023-12-01,21991343.83026119,-1907172835.3910487,9551922.272294289,camacari-IPTU
2023-01-01,2023-01-01,12,2024-01-01,9096349.782186696,86784836.83867756,9551922.272294289,camacari-IPTU
2023-02-01,2023-02-01,1,2023-03-01,113631532.97417936,39834124.92751207,9455631.658933334,camacari-IPTU
2023-02-01,2023-02-01,2,2023-04-01,19541386.126198694,12222783.84848183,9455631.658933334,camacari-IPTU
2023-02-01,2023-02-01,3,2023-05-01,14150456.746575596,4925240.056712008,9455631.658933334,camacari-IPTU
2023-02-01,2023-02-01,4,2023-06-01,13391841.733009398,5656911.72144409,9455631.658933334,camacari-IPTU
2023-02-01,2023-02-01,5,2023-07-01,21133842.2574917,18457304.685239844,9455631.658933334,camacari-IPTU
2023-02-01,2023-02-01,6,2023-08-01,24362535.303448137,71474637.1180049,9455631.658933334,camacari-IPTU
2023-02-01,2023-02-01,7,2023-09-01,15466271.334168883,7255092.3789818855,9455631.658933334,camacari-IPTU
2023-02-01,2023-02-01,8,2023-10-01,16948768.265746012,11302453.972077828,9455631.658933334,camacari-IPTU
2023-02-01,2023-02-01,9,2023-11-01,19405524.354567923,17781677.947971113,9455631.658933334,camacari-IPTU
2023-02-01,2023-02-01,10,2023-12-01,21991343.83026119,23000070.62056154,9455631.658933334,camacari-IPTU
2023-02-01,2023-02-01,11,2024-01-01,9096349.782186696,10934624.188242009,9455631.658933334,camacari-IPTU
2023-02-01,2023-02-01,12,2024-02-01,12207925.201341806,10625272.906249851,9455631.658933334,camacari-IPTU
2023-03-01,2023-03-01,1,2023-04-01,19541386.126198694,-3868062560369.2275,9505581.46206459,camacari-IPTU
2023-03-01,2023-03-01,2,2023-05-01,14150456.746575596,25157000497243.586,9505581.46206459,camacari-IPTU
2023-03-01,2023-03-01,3,2023-06-01,13391841.733009398,-137366441137.82478,9505581.46206459,camacari-IPTU
2023-03-01,2023-03-01,4,2023-07-01,21133842.2574917,22585656662082.535,9505581.46206459,camacari-IPTU
2023-03-01,2023-03-01,5,2023-08-01,24362535.303448137,19403762745926.98,9505581.46206459,camacari-IPTU
2023-03-01,2023-03-01,6,2023-09-01,15466271.334168883,10329232196026.934,9505581.46206459,camacari-IPTU
2023-03-01,2023-03-01,7,2023-10-01,16948768.265746012,-107099282128.25261,9505581.46206459,camacari-IPTU
2023-03-01,2023-03-01,8,2023-11-01,19405524.354567923,-627610153525.4316,9505581.46206459,camacari-IPTU
2023-03-01,2023-03-01,9,2023-12-01,21991343.83026119,-2399076718728.058,9505581.46206459,camacari-IPTU
2023-03-01,2023-03-01,10,2024-01-01,9096349.782186696,10544963.629766708,9505581.46206459,camacari-IPTU
2023-03-01,2023-03-01,11,2024-02-01,12207925.201341806,-117332089758761.06,9505581.46206459,camacari-IPTU
2023-03-01,2023-03-01,12,2024-03-01,117568232.72774635,-27067527400684.027,9505581.46206459,camacari-IPTU
2023-04-01,2023-04-01,1,2023-05-01,14150456.746575596,-3462512.4869150957,9635202.503431534,camacari-IPTU
2023-04-01,2023-04-01,2,2023-06-01,13391841.733009398,-1123154.7185676862,9635202.503431534,camacari-IPTU
2023-04-01,2023-04-01,3,2023-07-01,21133842.2574917,-2460914.476363896,9635202.503431534,camacari-IPTU
2023-04-01,2023-04-01,4,2023-08-01,24362535.303448137,-2209299.1621454665,9635202.503431534,camacari-IPTU
2023-04-01,2023-04-01,5,2023-09-01,15466271.334168883,-2089952.881231656,9635202.503431534,camacari-IPTU
2023-04-01,2023-04-01,6,2023-10-01,16948768.265746012,-1456014.5536860048,9635202.503431534,camacari-IPTU
2023-04-01,2023-04-01,7,2023-11-01,19405524.354567923,-2284108.3623050917,9635202.503431534,camacari-IPTU
2023-04-01,2023-04-01,8,2023-12-01,21991343.83026119,-2937188.8059144365,9635202.503431534,camacari-IPTU
2023-04-01,2023-04-01,9,2024-01-01,9096349.782186696,-2130977.6603003507,9635202.503431534,camacari-IPTU
2023-04-01,2023-04-01,10,2024-02-01,12207925.201341806,-5354647.895602898,9635202.503431534,camacari-IPTU
2023-04-01,2023-04-01,11,2024-03-01,117568232.72774635,-81891433.55865008,9635202.503431534,camacari-IPTU
2023-04-01,2023-04-01,12,2024-04-01,12092110.726040576,-25681933.7618033,9635202.503431534,camacari-IPTU
2023-05-01,2023-05-01,1,2023-06-01,13391841.733009398,-112271944676.54297,9614718.459271772,camacari-IPTU
2023-05-01,2023-05-01,2,2023-07-01,21133842.2574917,-405808320005.34515,9614718.459271772,camacari-IPTU
2023-05-01,2023-05-01,3,2023-08-01,24362535.303448137,-442991735057.6385,9614718.459271772,camacari-IPTU
2023-05-01,2023-05-01,4,2023-09-01,15466271.334168883,-98370909676.31902,9614718.459271772,camacari-IPTU
2023-05-01,2023-05-01,5,2023-10-01,16948768.265746012,-106572659016.58565,9614718.459271772,camacari-IPTU
2023-05-01,2023-05-01,6,2023-11-01,19405524.354567923,-179574944474.4659,9614718.459271772,camacari-IPTU
2023-05-01,2023-05-01,7,2023-12-01,21991343.83026119,-133835667832.76591,9614718.459271772,camacari-IPTU
2023-05-01,2023-05-01,8,2024-01-01,9096349.782186696,10542921.645901565,9614718.459271772,camacari-IPTU
2023-05-01,2023-05-01,9,2024-02-01,12207925.201341806,2966903693399.9575,9614718.459271772,camacari-IPTU
2023-05-01,2023-05-01,10,2024-03-01,117568232.72774635,677968113183.301,9614718.459271772,camacari-IPTU
2023-05-01,2023-05-01,11,2024-04-01,12092110.726040576,148211236302.145,9614718.459271772,camacari-IPTU
2023-05-01,2023-05-01,12,2024-05-01,12281670.577505508,-395917394187.5067,9614718.459271772,camacari-IPTU
2023-06-01,2023-06-01,1,2023-07-01,21133842.2574917,13764496.75397756,9519411.871084886,camacari-IPTU
2023-06-01,2023-06-01,2,2023-08-01,24362535.303448137,12445348.306171395,9519411.871084886,camacari-IPTU
2023-06-01,2023-06-01,3,2023-09-01,15466271.334168883,-67359896.22608946,9519411.871084886,camacari-IPTU
2023-06-01,2023-06-01,4,2023-10-01,16948768.265746012,-98238476.13753138,9519411.871084886,camacari-IPTU
2023-06-01,2023-06-01,5,2023-11-01,19405524.354567923,-117158002.50176197,9519411.871084886,camacari-IPTU
2023-06-01,2023-06-01,6,2023-12-01,21991343.83026119,-14443893.88964563,9519411.871084886,camacari-IPTU
2023-06-01,2023-06-01,7,2024-01-01,9096349.782186696,6157707.562449698,9519411.871084886,camacari-IPTU
2023-06-01,2023-06-01,8,2024-02-01,12207925.201341806,58714141.75147059,9519411.871084886,camacari-IPTU
2023-06-01,2023-06-01,9,2024-03-01,117568232.72774635,132415901.61582224,9519411.871084886,camacari-IPTU
2023-06-01,2023-06-01,10,2024-04-01,12092110.726040576,59164841.9328914,9519411.871084886,camacari-IPTU
2023-06-01,2023-06-01,11,2024-05-01,12281670.577505508,17023040.077942025,9519411.871084886,camacari-IPTU
2023-06-01,2023-06-01,12,2024-06-01,15668723.095071422,12645185.218549287,9519411.871084886,camacari-IPTU
2023-07-01,2023-07-01,1,2023-08-01,24362535.303448137,-405899256.6343309,9451960.089180367,camacari-IPTU
2023-07-01,2023-07-01,2,2023-09-01,15466271.334168883,-3976479126.3506775,9451960.089180367,camacari-IPTU
2023-07-01,2023-07-01,3,2023-10-01,16948768.265746012,-5787934372.259912,9451960.089180367,camacari-IPTU
2023-07-01,2023-07-01,4,2023-11-01,19405524.354567923,-6787268704.069168,9451960.089180367,camacari-IPTU
2023-07-01,2023-07-01,5,2023-12-01,21991343.83026119,-165573083.81676024,9451960.089180367,camacari-IPTU
2023-07-01,2023-07-01,6,2024-01-01,9096349.782186696,6015145.077756111,9451960.089180367,camacari-IPTU
2023-07-01,2023-07-01,7,2024-02-01,12207925.201341806,2830680346.7273836,9451960.089180367,camacari-IPTU
2023-07-01,2023-07-01,8,2024-03-01,117568232.72774635,1544903822.6497626,9451960.089180367,camacari-IPTU
2023-07-01,2023-07-01,9,2024-04-01,12092110.726040576,2329513934.277394,9451960.089180367,camacari-IPTU
2023-07-01,2023-07-01,10,2024-05-01,12281670.577505508,-418685756.1951706,9451960.089180367,camacari-IPTU
2023-07-01,2023-07-01,11,2024-06-01,15668723.095071422,953522837.8912518,9451960.089180367,camacari-IPTU
2023-07-01,2023-07-01,12,2024-07-01,11582225.949920287,23566744.64760788,9451960.089180367,camacari-IPTU
2023-08-01,2023-08-01,1,2023-09-01,15466271.334168883,58333559990407.24,9449195.725197412,camacari-IPTU
2023-08-01,2023-08-01,2,2023-10-01,16948768.265746012,84660837507641.62,9449195.725197412,camacari-IPTU
2023-08-01,2023-08-01,3,2023-11-01,19405524.354567923,99209453055873.3,9449195.725197412,camacari-IPTU
2023-08-01,2023-08-01,4,2023-12-01,21991343.83026119,9578544588566.883,9449195.725197412,camacari-IPTU
2023-08-01,2023-08-01,5,2024-01-01,9096349.782186696,10539691.2914007,9449195.725197412,camacari-IPTU
2023-08-01,2023-08-01,6,2024-02-01,12207925.201341806,-46589504460151.31,9449195.725197412,camacari-IPTU
2023-08-01,2023-08-01,7,2024-03-01,117568232.72774635,-32122546438362.332,9449195.725197412,camacari-IPTU
2023-08-01,2023-08-01,8,2024-04-01,12092110.726040576,-63230674149138.95,9449195.725197412,camacari-IPTU
2023-08-01,2023-08-01,9,2024-05-01,12281670.577505508,-2282702964096.347,9449195.725197412,camacari-IPTU
2023-08-01,2023-08-01,10,2024-06-01,15668723.095071422,-619169972435.3115,9449195.725197412,camacari-IPTU
2023-08-01,2023-08-01,11,2024-07-01,11582225.949920287,-2990496065570.168,9449195.725197412,camacari-IPTU
2023-08-01,2023-08-01,12,2024-08-01,10773832.024935024,-14611515980683.66,9449195.725197412,camacari-IPTU
2023-09-01,2023-09-01,1,2023-10-01,16948768.265746012,-270847899313.68875,9375916.476182612,camacari-IPTU
2023-09-01,2023-09-01,2,2023-11-01,19405524.354567923,-316088886006.4178,9375916.476182612,camacari-IPTU
2023-09-01,2023-09-01,3,2023-12-01,21991343.83026119,-126108773252.73334,9375916.476182612,camacari-IPTU
2023-09-01,2023-09-01,4,2024-01-01,9096349.782186696,5812759.348315706,9375916.476182612,camacari-IPTU
2023-09-01,2023-09-01,5,2024-02-01,12207925.201341806,893697423784.419,9375916.476182612,camacari-IPTU
2023-09-01,2023-09-01,6,2024-03-01,117568232.72774635,326304244135.96674,9375916.476182612,camacari-IPTU
2023-09-01,2023-09-01,7,2024-04-01,12092110.726040576,231502043167.97482,9375916.476182612,camacari-IPTU
2023-09-01,2023-09-01,8,2024-05-01,12281670.577505508,-262336870106.77222,9375916.476182612,camacari-IPTU
2023-09-01,2023-09-01,9,2024-06-01,15668723.095071422,129279302998.09604,9375916.476182612,camacari-IPTU
2023-09-01,2023-09-01,10,2024-07-01,11582225.949920287,30348407810.455276,9375916.476182612,camacari-IPTU
2023-09-01,2023-09-01,11,2024-08-01,10773832.024935024,-382582704362.6656,9375916.476182612,camacari-IPTU
2023-09-01,2023-09-01,12,2024-09-01,10296585.057692552,-150400215882.37576,9375916.476182612,camacari-IPTU
2023-10-01,2023-10-01,1,2023-11-01,19405524.354567923,239995.15748768955,9313311.219089283,camacari-IPTU
2023-10-01,2023-10-01,2,2023-12-01,21991343.83026119,131356.05052118047,9313311.219089283,camacari-IPTU
2023-10-01,2023-10-01,3,2024-01-01,9096349.782186696,-85361.04714567884,9313311.219089283,camacari-IPTU
2023-10-01,2023-10-01,4,2024-02-01,12207925.201341806,-398950.5838834533,9313311.219089283,camacari-IPTU
2023-10-01,2023-10-01,5,2024-03-01,117568232.72774635,765558.8642660496,9313311.219089283,camacari-IPTU
2023-10-01,2023-10-01,6,2024-04-01,12092110.726040576,-110103.6529172805,9313311.219089283,camacari-IPTU
2023-10-01,2023-10-01,7,2024-05-01,12281670.577505508,108609.39816468599,9313311.219089283,camacari-IPTU
2023-10-01,2023-10-01,8,2024-06-01,15668723.095071422,73783.72781588785,9313311.219089283,camacari-IPTU
2023-10-01,2023-10-01,9,2024-07-01,11582225.949920287,3295.7627368845756,9313311.219089283,camacari-IPTU
2023-10-01,2023-10-01,10,2024-08-01,10773832.024935024,-16228.710481362801,9313311.219089283,camacari-IPTU
2023-10-01,2023-10-01,11,2024-09-01,10296585.057692552,-193977.84350125448,9313311.219089283,camacari-IPTU
2023-10-01,2023-10-01,12,2024-10-01,10512439.143674947,-552933.3614557468,9313311.219089283,camacari-IPTU
2023-11-01,2023-11-01,1,2023-12-01,21991343.83026119,-84105557.30791162,9286735.246461555,camacari-IPTU
2023-11-01,2023-11-01,2,2024-01-01,9096349.782186696,5933813.101733198,9286735.246461555,camacari-IPTU
2023-11-01,2023-11-01,3,2024-02-01,12207925.201341806,-26301000.770723134,9286735.246461555,camacari-IPTU
2023-11-01,2023-11-01,4,2024-03-01,117568232.72774635,385649033.63701373,9286735.246461555,camacari-IPTU
2023-11-01,2023-11-01,5,2024-04-01,12092110.726040576,398217424.1477165,9286735.246461555,camacari-IPTU
2023-11-01,2023-11-01,6,2024-05-01,12281670.577505508,17068735.167701054,9286735.246461555,camacari-IPTU
2023-11-01,2023-11-01,7,2024-06-01,15668723.095071422,34066489.441473424,9286735.246461555,camacari-IPTU
2023-11-01,2023-11-01,8,2024-07-01,11582225.949920287,26421612.170574635,9286735.246461555,camacari-IPTU
2023-11-01,2023-11-01,9,2024-08-01,10773832.024935024,65513105.746951714,9286735.246461555,camacari-IPTU
2023-11-01,2023-11-01,10,2024-09-01,10296585.057692552,-197181607.88436836,9286735.246461555,camacari-IPTU
2023-11-01,2023-11-01,11,2024-10-01,10512439.143674947,-289189550.9252485,9286735.246461555,camacari-IPTU
2023-11-01,2023-11-01,12,2024-11-01,9462604.711222298,-341690742.87528837,9286735.246461555,camacari-IPTU
2023-12-01,2023-12-01,1,2024-01-01,9096349.782186696,10535535.759472946,9285906.438166013,camacari-IPTU
2023-12-01,2023-12-01,2,2024-02-01,12207925.201341806,1999301081198.3716,9285906.438166013,camacari-IPTU
2023-12-01,2023-12-01,3,2024-03-01,117568232.72774635,545677098641.12604,9285906.438166013,camacari-IPTU
2023-12-01,2023-12-01,4,2024-04-01,12092110.726040576,155370904515.93008,9285906.438166013,camacari-IPTU
2023-12-01,2023-12-01,5,2024-05-01,12281670.577505508,-246315394972.794,9285906.438166013,camacari-IPTU
2023-12-01,2023-12-01,6,2024-06-01,15668723.095071422,-216469663172.17108,9285906.438166013,camacari-IPTU
2023-12-01,2023-12-01,7,2024-07-01,11582225.949920287,-241090492680.06357,9285906.438166013,camacari-IPTU
2023-12-01,2023-12-01,8,2024-08-01,10773832.024935024,-221028453450.98746,9285906.438166013,camacari-IPTU
2023-12-01,2023-12-01,9,2024-09-01,10296585.057692552,-147888707469.8889,9285906.438166013,camacari-IPTU
2023-12-01,2023-12-01,10,2024-10-01,10512439.143674947,-137605881314.35086,9285906.438166013,camacari-IPTU
2023-12-01,2023-12-01,11,2024-11-01,9462604.711222298,-125950434020.58907,9285906.438166013,camacari-IPTU
2023-12-01,2023-12-01,12,2024-12-01,13905224.647661604,-263596168253.31192,9285906.438166013,camacari-IPTU
2024-01-01,2024-01-01,1,2024-02-01,12207925.201341806,103329530.48745032,9211294.655788543,camacari-IPTU
2024-01-01,2024-01-01,2,2024-03-01,117568232.72774635,593819617.0842459,9211294.655788543,camacari-IPTU
2024-01-01,2024-01-01,3,2024-04-01,12092110.726040576,42277221.008367084,9211294.655788543,camacari-IPTU
2024-01-01,2024-01-01,4,2024-05-01,12281670.577505508,34858946.700636715,9211294.655788543,camacari-IPTU
2024-01-01,2024-01-01,5,2024-06-01,15668723.095071422,37593003.27205797,9211294.655788543,camacari-IPTU
2024-01-01,2024-01-01,6,2024-07-01,11582225.949920287,54904406.823008105,9211294.655788543,camacari-IPTU
2024-01-01,2024-01-01,7,2024-08-01,10773832.024935024,65089457.68490259,9211294.655788543,camacari-IPTU
2024-01-01,2024-01-01,8,2024-09-01,10296585.057692552,12799801.361707002,9211294.655788543,camacari-IPTU
2024-01-01,2024-01-01,9,2024-10-01,10512439.143674947,1653448.2885410406,9211294.655788543,camacari-IPTU
2024-01-01,2024-01-01,10,2024-11-01,9462604.711222298,-11452140.947381608,9211294.655788543,camacari-IPTU
2024-01-01,2024-01-01,11,2024-12-01,13905224.647661604,-99039218.48690242,9211294.655788543,camacari-IPTU
2024-01-01,2024-01-01,12,2025-01-01,6388575.092741284,100710746.5644051,9211294.655788543,camacari-IPTU
2024-02-01,2024-02-01,1,2024-03-01,117568232.72774635,4059846785466.9834,9119237.178405501,camacari-IPTU
2024-02-01,2024-02-01,2,2024-04-01,12092110.726040576,18012871659974.75,9119237.178405501,camacari-IPTU
2024-02-01,2024-02-01,3,2024-05-01,12281670.577505508,-4365072060750.1074,9119237.178405501,camacari-IPTU
2024-02-01,2024-02-01,4,2024-06-01,15668723.095071422,10692811901793.98,9119237.178405501,camacari-IPTU
2024-02-01,2024-02-01,5,2024-07-01,11582225.949920287,770455094390.35,9119237.178405501,camacari-IPTU
2024-02-01,2024-02-01,6,2024-08-01,10773832.024935024,-429613529525.5295,9119237.178405501,camacari-IPTU
2024-02-01,2024-02-01,7,2024-09-01,10296585.057692552,-10221618166655.21,9119237.178405501,camacari-IPTU
2024-02-01,2024-02-01,8,2024-10-01,10512439.143674947,-14677359634843.652,9119237.178405501,camacari-IPTU
2024-02-01,2024-02-01,9,2024-11-01,9462604.711222298,-17283183212202.865,9119237.178405501,camacari-IPTU
2024-02-01,2024-02-01,10,2024-12-01,13905224.647661604,471547851946.7351,9119237.178405501,camacari-IPTU
2024-02-01,2024-02-01,11,2025-01-01,6388575.092741284,8520703.156710299,9119237.178405501,camacari-IPTU
2024-02-01,2024-02-01,12,2025-02-01,12542878.821337909,-453237907136.39197,9119237.178405501,camacari-IPTU
2024-03-01,2024-03-01,1,2024-04-01,12092110.726040576,-27211177411916.758,9066888.315528343,camacari-IPTU
2024-03-01,2024-03-01,2,2024-05-01,12281670.577505508,-3258656558196.023,9066888.315528343,camacari-IPTU
2024-03-01,2024-03-01,3,2024-06-01,15668723.095071422,-8151164609494.68,9066888.315528343,camacari-IPTU
2024-03-01,2024-03-01,4,2024-07-01,11582225.949920287,227702553054.93234,9066888.315528343,camacari-IPTU
2024-03-01,2024-03-01,5,2024-08-01,10773832.024935024,-5631066934394.138,9066888.315528343,camacari-IPTU
2024-03-01,2024-03-01,6,2024-09-01,10296585.057692552,11848739949129.246,9066888.315528343,camacari-IPTU
2024-03-01,2024-03-01,7,2024-10-01,10512439.143674947,17439699536127.783,9066888.315528343,camacari-IPTU
2024-03-01,2024-03-01,8,2024-11-01,9462604.711222298,20707380957083.48,9066888.315528343,camacari-IPTU
2024-03-01,2024-03-01,9,2024-12-01,13905224.647661604,-1510745745272.5554,9066888.315528343,camacari-IPTU
2024-03-01,2024-03-01,10,2025-01-01,6388575.092741284,10533063.895511318,9066888.315528343,camacari-IPTU
2024-03-01,2024-03-01,11,2025-02-01,12542878.821337909,-1254539277006.0486,9066888.315528343,camacari-IPTU
2024-03-01,2024-03-01,12,2025-03-01,120152088.70043229,-7844754066792.144,9066888.315528343,camacari-IPTU
2024-04-01,2024-04-01,1,2024-05-01,12281670.577505508,18061688.92782249,9050712.186374642,camacari-IPTU
2024-04-01,2024-04-01,2,2024-06-01,15668723.095071422,15036930.567621056,9050712.186374642,camacari-IPTU
2024-04-01,2024-04-01,3,2024-07-01,11582225.949920287,23144370.270818196,9050712.186374642,camacari-IPTU
2024-04-01,2024-04-01,4,2024-08-01,10773832.024935024,25188527.91017623,9050712.186374642,camacari-IPTU
2024-04-01,2024-04-01,5,2024-09-01,10296585.057692552,16363560.15573282,9050712.186374642,camacari-IPTU
2024-04-01,2024-04-01,6,2024-10-01,10512439.143674947,17641370.46055692,9050712.186374642,camacari-IPTU
2024-04-01,2024-04-01,7,2024-11-01,9462604.711222298,19191395.698134776,9050712.186374642,camacari-IPTU
2024-04-01,2024-04-01,8,2024-12-01,13905224.647661604,20853128.968568206,9050712.186374642,camacari-IPTU
2024-04-01,2024-04-01,9,2025-01-01,6388575.092741284,8777338.700471085,9050712.186374642,camacari-IPTU
2024-04-01,2024-04-01,10,2025-02-01,12542878.821337909,12190456.952915791,9050712.186374642,camacari-IPTU
2024-04-01,2024-04-01,11,2025-03-01,120152088.70043229,117760854.42940545,9050712.186374642,camacari-IPTU
2024-04-01,2024-04-01,12,2025-04-01,11946177.334066126,14327777.529115219,9050712.186374642,camacari-IPTU
2024-05-01,2024-05-01,1,2024-06-01,15668723.095071422,-259715668.51829654,8979604.007985488,camacari-IPTU
2024-05-01,2024-05-01,2,2024-07-01,11582225.949920287,-725894088.7067738,8979604.007985488,camacari-IPTU
2024-05-01,2024-05-01,3,2024-08-01,10773832.024935024,-43843802.58901269,8979604.007985488,camacari-IPTU
2024-05-01,2024-05-01,4,2024-09-01,10296585.057692552,3191675479.6831164,8979604.007985488,camacari-IPTU
2024-05-01,2024-05-01,5,2024-10-01,10512439.143674947,-811565282.2310131,8979604.007985488,camacari-IPTU
2024-05-01,2024-05-01,6,2024-11-01,9462604.711222298,-556546775.7581221,8979604.007985488,camacari-IPTU
2024-05-01,2024-05-01,7,2024-12-01,13905224.647661604,-149186807.42751583,8979604.007985488,camacari-IPTU
2024-05-01,2024-05-01,8,2025-01-01,6388575.092741284,83464307.45832515,8979604.007985488,camacari-IPTU
2024-05-01,2024-05-01,9,2025-02-01,12542878.821337909,3644873269.7749233,8979604.007985488,camacari-IPTU
2024-05-01,2024-05-01,10,2025-03-01,120152088.70043229,178959189.3404031,8979604.007985488,camacari-IPTU
2024-05-01,2024-05-01,11,2025-04-01,11946177.334066126,-3152460255.7047076,8979604.007985488,camacari-IPTU
2024-05-01,2024-05-01,12,2025-05-01,12492744.777130071,-261508086.4424803,8979604.007985488,camacari-IPTU
2024-06-01,2024-06-01,1,2024-07-01,11582225.949920287,-15075363254720.326,8913891.040868592,camacari-IPTU
2024-06-01,2024-06-01,2,2024-08-01,10773832.024935024,-16662914924701.775,8913891.040868592,camacari-IPTU
2024-06-01,2024-06-01,3,2024-09-01,10296585.057692552,-9289021958540.31,8913891.040868592,camacari-IPTU
2024-06-01,2024-06-01,4,2024-10-01,10512439.143674947,-12977264184148.527,8913891.040868592,camacari-IPTU
2024-06-01,2024-06-01,5,2024-11-01,9462604.711222298,-15021020095658.209,8913891.040868592,camacari-IPTU
2024-06-01,2024-06-01,6,2024-12-01,13905224.647661604,1510186796360.8958,8913891.040868592,camacari-IPTU
2024-06-01,2024-06-01,7,2025-01-01,6388575.092741284,10529954.089179961,8913891.040868592,camacari-IPTU
2024-06-01,2024-06-01,8,2025-02-01,12542878.821337909,118529925321157.23,8913891.040868592,camacari-IPTU
2024-06-01,2024-06-01,9,2025-03-01,120152088.70043229,41474421247208.92,8913891.040868592,camacari-IPTU
2024-06-01,2024-06-01,10,2025-04-01,11946177.334066126,28320370199408.49,8913891.040868592,camacari-IPTU
2024-06-01,2024-06-01,11,2025-05-01,12492744.777130071,-20747515584307.125,8913891.040868592,camacari-IPTU
2024-06-01,2024-06-01,12,2025-06-01,10060501.5409044,-205247153907.3109,8913891.040868592,camacari-IPTU
2024-07-01,2024-07-01,1,2024-08-01,10773832.024935024,23338489.96627749,8920082.548312308,camacari-IPTU
2024-07-01,2024-07-01,2,2024-09-01,10296585.057692552,6747436.334132978,8920082.548312308,camacari-IPTU
2024-07-01,2024-07-01,3,2024-10-01,10512439.143674947,4678538.060764249,8920082.548312308,camacari-IPTU
2024-07-01,2024-07-01,4,2024-11-01,9462604.711222298,3756532.978716818,8920082.548312308,camacari-IPTU
2024-07-01,2024-07-01,5,2024-12-01,13905224.647661604,3901933.9729734976,8920082.548312308,camacari-IPTU
2024-07-01,2024-07-01,6,2025-01-01,6388575.092741284,2086854.0216881805,8920082.548312308,camacari-IPTU
2024-07-01,2024-07-01,7,2025-02-01,12542878.821337909,3709647.3481837395,8920082.548312308,camacari-IPTU
2024-07-01,2024-07-01,8,2025-03-01,120152088.70043229,33306260.464055024,8920082.548312308,camacari-IPTU
2024-07-01,2024-07-01,9,2025-04-01,11946177.334066126,533016.7049996038,8920082.548312308,camacari-IPTU
2024-07-01,2024-07-01,10,2025-05-01,12492744.777130071,3680051.5594878187,8920082.548312308,camacari-IPTU
2024-07-01,2024-07-01,11,2025-06-01,10060501.5409044,3737942.7429866004,8920082.548312308,camacari-IPTU
2024-07-01,2024-07-01,12,2025-07-01,11088846.80433917,6845207.374288375,8920082.548312308,camacari-IPTU
2024-08-01,2024-08-01,1,2024-09-01,10296585.057692552,498111441.31982493,8964973.132256545,camacari-IPTU
2024-08-01,2024-08-01,2,2024-10-01,10512439.143674947,100877457.70662673,8964973.132256545,camacari-IPTU
2024-08-01,2024-08-01,3,2024-11-01,9462604.711222298,25519281.118090913,8964973.132256545,camacari-IPTU
2024-08-01,2024-08-01,4,2024-12-01,13905224.647661604,18155652.715874813,8964973.132256545,camacari-IPTU
2024-08-01,2024-08-01,5,2025-01-01,6388575.092741284,1246551.1447663794,8964973.132256545,camacari-IPTU
2024-08-01,2024-08-01,6,2025-02-01,12542878.821337909,-1115148.2045629164,8964973.132256545,camacari-IPTU
2024-08-01,2024-08-01,7,2025-03-01,120152088.70043229,-11805118.711650353,8964973.132256545,camacari-IPTU
2024-08-01,2024-08-01,8,2025-04-01,11946177.334066126,372504885.4895394,8964973.132256545,camacari-IPTU
2024-08-01,2024-08-01,9,2025-05-01,12492744.777130071,221313223.22949985,8964973.132256545,camacari-IPTU
2024-08-01,2024-08-01,10,2025-06-01,10060501.5409044,14452180.682778718,8964973.132256545,camacari-IPTU
2024-08-01,2024-08-01,11,2025-07-01,11088846.80433917,16791949.933963697,8964973.132256545,camacari-IPTU
2024-08-01,2024-08-01,12,2025-08-01,10811979.522146849,47958822.29342926,8964973.132256545,camacari-IPTU
2024-09-01,2024-09-01,1,2024-10-01,10512439.143674947,4621344.302211533,8928827.543153876,camacari-IPTU
2024-09-01,2024-09-01,2,2024-11-01,9462604.711222298,-1652118.8924476018,8928827.543153876,camacari-IPTU
2024-09-01,2024-09-01,3,2024-12-01,13905224.647661604,4418664.029392506,8928827.543153876,camacari-IPTU
2024-09-01,2024-09-01,4,2025-01-01,6388575.092741284,-219908.4518346725,8928827.543153876,camacari-IPTU
2024-09-01,2024-09-01,5,2025-02-01,12542878.821337909,-5390540.239253147,8928827.543153876,camacari-IPTU
2024-09-01,2024-09-01,6,2025-03-01,120152088.70043229,210625320.65811992,8928827.543153876,camacari-IPTU
2024-09-01,2024-09-01,7,2025-04-01,11946177.334066126,-40062157.36934847,8928827.543153876,camacari-IPTU
2024-09-01,2024-09-01,8,2025-05-01,12492744.777130071,35328282.9326674,8928827.543153876,camacari-IPTU
2024-09-01,2024-09-01,9,2025-06-01,10060501.5409044,-5560863.294588794,8928827.543153876,camacari-IPTU
2024-09-01,2024-09-01,10,2025-07-01,11088846.80433917,-1628875.5758222572,8928827.543153876,camacari-IPTU
2024-09-01,2024-09-01,11,2025-08-01,10811979.522146849,-11760079.473420138,8928827.543153876,camacari-IPTU
2024-09-01,2024-09-01,12,2025-09-01,10378202.791861642,6414590.191564294,8928827.543153876,camacari-IPTU
2024-10-01,2024-10-01,1,2024-11-01,9462604.711222298,7945980.854037371,8905313.407105925,camacari-IPTU
2024-10-01,2024-10-01,2,2024-12-01,13905224.647661604,6072335.597170647,8905313.407105925,camacari-IPTU
2024-10-01,2024-10-01,3,2025-01-01,6388575.092741284,3642092.7785179247,8905313.407105925,camacari-IPTU
2024-10-01,2024-10-01,4,2025-02-01,12542878.821337909,6717215.660856915,8905313.407105925,camacari-IPTU
2024-10-01,2024-10-01,5,2025-03-01,120152088.70043229,325000353.3190312,8905313.407105925,camacari-IPTU
2024-10-01,2024-10-01,6,2025-04-01,11946177.334066126,-57349188.36902001,8905313.407105925,camacari-IPTU
2024-10-01,2024-10-01,7,2025-05-01,12492744.777130071,-923689.5081986894,8905313.407105925,camacari-IPTU
2024-10-01,2024-10-01,8,2025-06-01,10060501.5409044,-12839777.723236527,8905313.407105925,camacari-IPTU
2024-10-01,2024-10-01,9,2025-07-01,11088846.80433917,38742214.822801486,8905313.407105925,camacari-IPTU
2024-10-01,2024-10-01,10,2025-08-01,10811979.522146849,17098941.88650695,8905313.407105925,camacari-IPTU
2024-10-01,2024-10-01,11,2025-09-01,10378202.791861642,10990140.998169389,8905313.407105925,camacari-IPTU
2024-10-01,2024-10-01,12,2025-10-01,16987225.41352915,9660427.261415511,8905313.407105925,camacari-IPTU
2024-11-01,2024-11-01,1,2024-12-01,13905224.647661604,-14389523.556284731,8915010.661650222,camacari-IPTU
2024-11-01,2024-11-01,2,2025-01-01,6388575.092741284,-7157503.516485289,8915010.661650222,camacari-IPTU
2024-11-01,2024-11-01,3,2025-02-01,12542878.821337909,1546680.8075183157,8915010.661650222,camacari-IPTU
2024-11-01,2024-11-01,4,2025-03-01,120152088.70043229,158583651.33250478,8915010.661650222,camacari-IPTU
2024-11-01,2024-11-01,5,2025-04-01,11946177.334066126,-17162835.938113306,8915010.661650222,camacari-IPTU
2024-11-01,2024-11-01,6,2025-05-01,12492744.777130071,-10540473.351243,8915010.661650222,camacari-IPTU
2024-11-01,2024-11-01,7,2025-06-01,10060501.5409044,-5137220.956162465,8915010.661650222,camacari-IPTU
2024-11-01,2024-11-01,8,2025-07-01,11088846.80433917,-8068234.351250538,8915010.661650222,camacari-IPTU
2024-11-01,2024-11-01,9,2025-08-01,10811979.522146849,-43969930.73817378,8915010.661650222,camacari-IPTU
2024-11-01,2024-11-01,10,2025-09-01,10378202.791861642,-5395778.543700902,8915010.661650222,camacari-IPTU
2024-11-01,2024-11-01,11,2025-10-01,16987225.41352915,-5729223.527552043,8915010.661650222,camacari-IPTU
2024-11-01,2024-11-01,12,2025-11-01,29661422.3237848,-10384405.924047308,8915010.661650222,camacari-IPTU
2024-12-01,2024-12-01,1,2025-01-01,6388575.092741284,1350293.1368095793,8907335.7405479,camacari-IPTU
2024-12-01,2024-12-01,2,2025-02-01,12542878.821337909,-935086.948095604,8907335.7405479,camacari-IPTU
2024-12-01,2024-12-01,3,2025-03-01,120152088.70043229,12050377.544995785,8907335.7405479,camacari-IPTU
2024-12-01,2024-12-01,4,2025-04-01,11946177.334066126,935526.7311607735,8907335.7405479,camacari-IPTU
2024-12-01,2024-12-01,5,2025-05-01,12492744.777130071,644565.9854919529,8907335.7405479,camacari-IPTU
2024-12-01,2024-12-01,6,2025-06-01,10060501.5409044,1601780.8592294182,8907335.7405479,camacari-IPTU
2024-12-01,2024-12-01,7,2025-07-01,11088846.80433917,521863.4524584353,8907335.7405479,camacari-IPTU
2024-12-01,2024-12-01,8,2025-08-01,10811979.522146849,461749.9705523122,8907335.7405479,camacari-IPTU
2024-12-01,2024-12-01,9,2025-09-01,10378202.791861642,421125.9728393893,8907335.7405479,camacari-IPTU
2024-12-01,2024-12-01,10,2025-10-01,16987225.41352915,-8469873.31854846,8907335.7405479,camacari-IPTU
2024-12-01,2024-12-01,11,2025-11-01,29661422.3237848,-692576.6924152378,8907335.7405479,camacari-IPTU
2024-12-01,2024-12-01,12,2025-12-01,28872249.34,6119267.340633396,8907335.7405479,camacari-IPTU
2025-01-01,2025-01-01,1,2025-02-01,12542878.821337909,12185499.953581061,8850459.033657052,camacari-IPTU
2025-01-01,2025-01-01,2,2025-03-01,120152088.70043229,117329884.26725236,8850459.033657052,camacari-IPTU
2025-01-01,2025-01-01,3,2025-04-01,11946177.334066126,12655009.501540717,8850459.033657052,camacari-IPTU
2025-01-01,2025-01-01,4,2025-05-01,12492744.777130071,12433674.639253251,8850459.033657052,camacari-IPTU
2025-01-01,2025-01-01,5,2025-06-01,10060501.5409044,15511039.185596943,8850459.033657052,camacari-IPTU
2025-01-01,2025-01-01,6,2025-07-01,11088846.80433917,12182397.933418846,8850459.033657052,camacari-IPTU
2025-01-01,2025-01-01,7,2025-08-01,10811979.522146849,11612674.35587842,8850459.033657052,camacari-IPTU
2025-01-01,2025-01-01,8,2025-09-01,10378202.791861642,10617757.412946273,8850459.033657052,camacari-IPTU
2025-01-01,2025-01-01,9,2025-10-01,16987225.41352915,10912785.068652382,8850459.033657052,camacari-IPTU
2025-01-01,2025-01-01,10,2025-11-01,29661422.3237848,10076739.308372483,8850459.033657052,camacari-IPTU
2025-01-01,2025-01-01,11,2025-12-01,28872249.34,14388840.146569645,8850459.033657052,camacari-IPTU
2025-02-01,2025-02-01,1,2025-03-01,120152088.70043229,100482043.89430578,8773045.348078314,camacari-IPTU
2025-02-01,2025-02-01,2,2025-04-01,11946177.334066126,36744215.921230406,8773045.348078314,camacari-IPTU
2025-02-01,2025-02-01,3,2025-05-01,12492744.777130071,19059539.914507106,8773045.348078314,camacari-IPTU
2025-02-01,2025-02-01,4,2025-06-01,10060501.5409044,15597421.442659399,8773045.348078314,camacari-IPTU
2025-02-01,2025-02-01,5,2025-07-01,11088846.80433917,15916757.485465802,8773045.348078314,camacari-IPTU
2025-02-01,2025-02-01,6,2025-08-01,10811979.522146849,15569118.437222688,8773045.348078314,camacari-IPTU
2025-02-01,2025-02-01,7,2025-09-01,10378202.791861642,12365296.172475005,8773045.348078314,camacari-IPTU
2025-02-01,2025-02-01,8,2025-10-01,16987225.41352915,12856379.843610805,8773045.348078314,camacari-IPTU
2025-02-01,2025-02-01,9,2025-11-01,29661422.3237848,11946194.363996392,8773045.348078314,camacari-IPTU
2025-02-01,2025-02-01,10,2025-12-01,28872249.34,13591044.570246601,8773045.348078314,camacari-IPTU
2025-03-01,2025-03-01,1,2025-04-01,11946177.334066126,455155790.4509291,8717286.885236941,camacari-IPTU
2025-03-01,2025-03-01,2,2025-05-01,12492744.777130071,238183541.44544098,8717286.885236941,camacari-IPTU
2025-03-01,2025-03-01,3,2025-06-01,10060501.5409044,1190738036.8370438,8717286.885236941,camacari-IPTU
2025-03-01,2025-03-01,4,2025-07-01,11088846.80433917,-218506983.34302676,8717286.885236941,camacari-IPTU
2025-03-01,2025-03-01,5,2025-08-01,10811979.522146849,-96610935.68154438,8717286.885236941,camacari-IPTU
2025-03-01,2025-03-01,6,2025-09-01,10378202.791861642,16622243.015672715,8717286.885236941,camacari-IPTU
2025-03-01,2025-03-01,7,2025-10-01,16987225.41352915,-11762245.48212005,8717286.885236941,camacari-IPTU
2025-03-01,2025-03-01,8,2025-11-01,29661422.3237848,3570548.34262163,8717286.885236941,camacari-IPTU
2025-03-01,2025-03-01,9,2025-12-01,28872249.34,8989862.637933362,8717286.885236941,camacari-IPTU
2025-04-01,2025-04-01,1,2025-05-01,12492744.777130071,83653499.34491742,8640756.943332814,camacari-IPTU
2025-04-01,2025-04-01,2,2025-06-01,10060501.5409044,-9475413.110816061,8640756.943332814,camacari-IPTU
2025-04-01,2025-04-01,3,2025-07-01,11088846.80433917,2648180740.8751493,8640756.943332814,camacari-IPTU
2025-04-01,2025-04-01,4,2025-08-01,10811979.522146849,-61991159.69637895,8640756.943332814,camacari-IPTU
2025-04-01,2025-04-01,5,2025-09-01,10378202.791861642,154857026.75015134,8640756.943332814,camacari-IPTU
2025-04-01,2025-04-01,6,2025-10-01,16987225.41352915,5641915.213860636,8640756.943332814,camacari-IPTU
2025-04-01,2025-04-01,7,2025-11-01,29661422.3237848,-401154.46641200734,8640756.943332814,camacari-IPTU
2025-04-01,2025-04-01,8,2025-12-01,28872249.34,24881358.288709786,8640756.943332814,camacari-IPTU
2025-05-01,2025-05-01,1,2025-06-01,10060501.5409044,-358326.00502618484,8566157.980999112,camacari-IPTU
2025-05-01,2025-05-01,2,2025-07-01,11088846.80433917,946110.7040300489,8566157.980999112,camacari-IPTU
2025-05-01,2025-05-01,3,2025-08-01,10811979.522146849,-1083580.9239288443,8566157.980999112,camacari-IPTU
2025-05-01,2025-05-01,4,2025-09-01,10378202.791861642,1114875.0487447784,8566157.980999112,camacari-IPTU
2025-05-01,2025-05-01,5,2025-10-01,16987225.41352915,1145215.1265989027,8566157.980999112,camacari-IPTU
2025-05-01,2025-05-01,6,2025-11-01,29661422.3237848,-102205.31201201475,8566157.980999112,camacari-IPTU
2025-05-01,2025-05-01,7,2025-12-01,28872249.34,-1825355.3527658696,8566157.980999112,camacari-IPTU
2025-06-01,2025-06-01,1,2025-07-01,11088846.80433917,-1691809.5403685237,8540211.170237428,camacari-IPTU
2025-06-01,2025-06-01,2,2025-08-01,10811979.522146849,-1613348.3301154734,8540211.170237428,camacari-IPTU
2025-06-01,2025-06-01,3,2025-09-01,10378202.791861642,-2555573.499051486,8540211.170237428,camacari-IPTU
2025-06-01,2025-06-01,4,2025-10-01,16987225.41352915,-2527908.45187425,8540211.170237428,camacari-IPTU
2025-06-01,2025-06-01,5,2025-11-01,29661422.3237848,-2714994.162498193,8540211.170237428,camacari-IPTU
2025-06-01,2025-06-01,6,2025-12-01,28872249.34,-6694127.75973379,8540211.170237428,camacari-IPTU
2025-07-01,2025-07-01,1,2025-08-01,10811979.522146849,914788810616.2928,8470238.717849111,camacari-IPTU
2025-07-01,2025-07-01,2,2025-09-01,10378202.791861642,282828104383.0525,8470238.717849111,camacari-IPTU
2025-07-01,2025-07-01,3,2025-10-01,16987225.41352915,407483730252.91583,8470238.717849111,camacari-IPTU
2025-07-01,2025-07-01,4,2025-11-01,29661422.3237848,3303454198252.0137,8470238.717849111,camacari-IPTU
2025-07-01,2025-07-01,5,2025-12-01,28872249.34,-1706149474763.754,8470238.717849111,camacari-IPTU
2025-08-01,2025-08-01,1,2025-09-01,10378202.791861642,550136.0243656086,8397548.276291894,camacari-IPTU
2025-08-01,2025-08-01,2,2025-10-01,16987225.41352915,597426.5127742107,8397548.276291894,camacari-IPTU
2025-08-01,2025-08-01,3,2025-11-01,29661422.3237848,326888.06785252463,8397548.276291894,camacari-IPTU
2025-08-01,2025-08-01,4,2025-12-01,28872249.34,619124.098941088,8397548.276291894,camacari-IPTU
2025-09-01,2025-09-01,1,2025-10-01,16987225.41352915,-4063799.661910722,8326471.946872041,camacari-IPTU
2025-09-01,2025-09-01,2,2025-11-01,29661422.3237848,-3806955.4178727204,8326471.946872041,camacari-IPTU
2025-09-01,2025-09-01,3,2025-12-01,28872249.34,-3208744.9346181815,8326471.946872041,camacari-IPTU
2025-10-01,2025-10-01,1,2025-11-01,29661422.3237848,11440332.077708382,8310779.6953718895,camacari-IPTU
2025-10-01,2025-10-01,2,2025-12-01,28872249.34,15193213.701831749,8310779.6953718895,camacari-IPTU
2025-11-01,2025-11-01,1,2025-12-01,28872249.34,32539287.64713705,8410679.17366761,camacari-IPTU
2020-12-01,2020-12-01,1,2021-01-01,16543166.329284055,17764992.976338103,1493060.8991192745,camacari-ISSQN
2020-12-01,2020-12-01,2,2021-02-01,14407952.673525412,15613832.100785341,1493060.8991192745,camacari-ISSQN
2020-12-01,2020-12-01,3,2021-03-01,14855886.310192015,13199999.443350555,1493060.8991192745,camacari-ISSQN
2020-12-01,2020-12-01,4,2021-04-01,15524759.746510506,13396009.360188713,1493060.8991192745,camacari-ISSQN
2020-12-01,2020-12-01,5,2021-05-01,15908108.22397056,11923617.765803803,1493060.8991192745,camacari-ISSQN
2020-12-01,2020-12-01,6,2021-06-01,16430714.61503123,11665613.767402677,1493060.8991192745,camacari-ISSQN
2020-12-01,2020-12-01,7,2021-07-01,15765340.012123786,14006721.94194714,1493060.8991192745,camacari-ISSQN
2020-12-01,2020-12-01,8,2021-08-01,17793395.258316882,14085875.798630042,1493060.8991192745,camacari-ISSQN
2020-12-01,2020-12-01,9,2021-09-01,17701014.731764168,14409148.547733458,1493060.8991192745,camacari-ISSQN
2020-12-01,2020-12-01,10,2021-10-01,17758714.841657992,14808371.435398942,1493060.8991192745,camacari-ISSQN
2020-12-01,2020-12-01,11,2021-11-01,17407028.491258733,15411600.185675245,1493060.8991192745,camacari-ISSQN
2020-12-01,2020-12-01,12,2021-12-01,20432534.845650554,17120385.785470843,1493060.8991192745,camacari-ISSQN
2021-01-01,2021-01-01,1,2021-02-01,14407952.673525412,15144786.301960982,1505343.2058992474,camacari-ISSQN
2021-01-01,2021-01-01,2,2021-03-01,14855886.310192015,12805557.635790216,1505343.2058992474,camacari-ISSQN
2021-01-01,2021-01-01,3,2021-04-01,15524759.746510506,12996488.453925777,1505343.2058992474,camacari-ISSQN
2021-01-01,2021-01-01,4,2021-05-01,15908108.22397056,11571810.871713158,1505343.2058992474,camacari-ISSQN
2021-01-01,2021-01-01,5,2021-06-01,16430714.61503123,11324544.560655784,1505343.2058992474,camacari-ISSQN
2021-01-01,2021-01-01,6,2021-07-01,15765340.012123786,13597249.822904151,1505343.2058992474,camacari-ISSQN
2021-01-01,2021-01-01,7,2021-08-01,17793395.258316882,13674699.708660005,1505343.2058992474,camacari-ISSQN
2021-01-01,2021-01-01,8,2021-09-01,17701014.731764168,13986412.641551184,1505343.2058992474,camacari-ISSQN
2021-01-01,2021-01-01,9,2021-10-01,17758714.841657992,14372905.706944851,1505343.2058992474,camacari-ISSQN
2021-01-01,2021-01-01,10,2021-11-01,17407028.491258733,14955791.59947066,1505343.2058992474,camacari-ISSQN
2021-01-01,2021-01-01,11,2021-12-01,20432534.845650554,16608426.373951633,1505343.2058992474,camacari-ISSQN
2021-01-01,2021-01-01,12,2022-01-01,21092285.296450797,16450329.694511304,1505343.2058992474,camacari-ISSQN
2021-02-01,2021-02-01,1,2021-03-01,14855886.310192015,12517408.44310111,1549700.383558713,camacari-ISSQN
2021-02-01,2021-02-01,2,2021-04-01,15524759.746510506,12718153.764769984,1549700.383558713,camacari-ISSQN
2021-02-01,2021-02-01,3,2021-05-01,15908108.22397056,11374787.773339955,1549700.383558713,camacari-ISSQN
2021-02-01,2021-02-01,4,2021-06-01,16430714.61503123,11168729.078116886,1549700.383558713,camacari-ISSQN
2021-02-01,2021-02-01,5,2021-07-01,15765340.012123786,13394147.047925908,1549700.383558713,camacari-ISSQN
2021-02-01,2021-02-01,6,2021-08-01,17793395.258316882,13470604.77155805,1549700.383558713,camacari-ISSQN
2021-02-01,2021-02-01,7,2021-09-01,17701014.731764168,13747422.818652017,1549700.383558713,camacari-ISSQN
2021-02-01,2021-02-01,8,2021-10-01,17758714.841657992,14128641.596624222,1549700.383558713,camacari-ISSQN
2021-02-01,2021-02-01,9,2021-11-01,17407028.491258733,14693027.096752413,1549700.383558713,camacari-ISSQN
2021-02-01,2021-02-01,10,2021-12-01,20432534.845650554,16278049.526555706,1549700.383558713,camacari-ISSQN
2021-02-01,2021-02-01,11,2022-01-01,21092285.296450797,16145112.625993941,1549700.383558713,camacari-ISSQN
2021-02-01,2021-02-01,12,2022-02-01,16186897.483220601,14323224.357859908,1549700.383558713,camacari-ISSQN
2021-03-01,2021-03-01,1,2021-04-01,15524759.746510506,13675757.735297468,1532448.5602651364,camacari-ISSQN
2021-03-01,2021-03-01,2,2021-05-01,15908108.22397056,12321371.243580637,1532448.5602651364,camacari-ISSQN
2021-03-01,2021-03-01,3,2021-06-01,16430714.61503123,12040768.595037686,1532448.5602651364,camacari-ISSQN
2021-03-01,2021-03-01,4,2021-07-01,15765340.012123786,14272457.679690083,1532448.5602651364,camacari-ISSQN
2021-03-01,2021-03-01,5,2021-08-01,17793395.258316882,14402498.60004374,1532448.5602651364,camacari-ISSQN
2021-03-01,2021-03-01,6,2021-09-01,17701014.731764168,14680694.969737625,1532448.5602651364,camacari-ISSQN
2021-03-01,2021-03-01,7,2021-10-01,17758714.841657992,15147768.38960467,1532448.5602651364,camacari-ISSQN
2021-03-01,2021-03-01,8,2021-11-01,17407028.491258733,15738968.393543642,1532448.5602651364,camacari-ISSQN
2021-03-01,2021-03-01,9,2021-12-01,20432534.845650554,17390615.48348232,1532448.5602651364,camacari-ISSQN
2021-03-01,2021-03-01,10,2022-01-01,21092285.296450797,17384852.96708557,1532448.5602651364,camacari-ISSQN
2021-03-01,2021-03-01,11,2022-02-01,16186897.483220601,15311948.963912223,1532448.5602651364,camacari-ISSQN
2021-03-01,2021-03-01,12,2022-03-01,20609813.782492623,14590736.190389924,1532448.5602651364,camacari-ISSQN
2021-04-01,2021-04-01,1,2021-05-01,15908108.22397056,13258140.500714421,1508519.317121714,camacari-ISSQN
2021-04-01,2021-04-01,2,2021-06-01,16430714.61503123,13085954.683403669,1508519.317121714,camacari-ISSQN
2021-04-01,2021-04-01,3,2021-07-01,15765340.012123786,15491280.717090867,1508519.317121714,camacari-ISSQN
2021-04-01,2021-04-01,4,2021-08-01,17793395.258316882,15590289.875931991,1508519.317121714,camacari-ISSQN
2021-04-01,2021-04-01,5,2021-09-01,17701014.731764168,15829151.997575354,1508519.317121714,camacari-ISSQN
2021-04-01,2021-04-01,6,2021-10-01,17758714.841657992,16314896.755192135,1508519.317121714,camacari-ISSQN
2021-04-01,2021-04-01,7,2021-11-01,17407028.491258733,16911142.00850089,1508519.317121714,camacari-ISSQN
2021-04-01,2021-04-01,8,2021-12-01,20432534.845650554,18576741.241663586,1508519.317121714,camacari-ISSQN
2021-04-01,2021-04-01,9,2022-01-01,21092285.296450797,18631837.888288137,1508519.317121714,camacari-ISSQN
2021-04-01,2021-04-01,10,2022-02-01,16186897.483220601,16339537.314421955,1508519.317121714,camacari-ISSQN
2021-04-01,2021-04-01,11,2022-03-01,20609813.782492623,15455435.587499207,1508519.317121714,camacari-ISSQN
2021-04-01,2021-04-01,12,2022-04-01,17759980.546359718,15366146.55335159,1508519.317121714,camacari-ISSQN
2021-05-01,2021-05-01,1,2021-06-01,16430714.61503123,14866010.495360382,1534873.8148101212,camacari-ISSQN
2021-05-01,2021-05-01,2,2021-07-01,15765340.012123786,17428808.51825808,1534873.8148101212,camacari-ISSQN
2021-05-01,2021-05-01,3,2021-08-01,17793395.258316882,17412228.7924794,1534873.8148101212,camacari-ISSQN
2021-05-01,2021-05-01,4,2021-09-01,17701014.731764168,17585254.571071222,1534873.8148101212,camacari-ISSQN
2021-05-01,2021-05-01,5,2021-10-01,17758714.841657992,18121143.435778644,1534873.8148101212,camacari-ISSQN
2021-05-01,2021-05-01,6,2021-11-01,17407028.491258733,18674702.554065194,1534873.8148101212,camacari-ISSQN
2021-05-01,2021-05-01,7,2021-12-01,20432534.845650554,20275129.22281459,1534873.8148101212,camacari-ISSQN
2021-05-01,2021-05-01,8,2022-01-01,21092285.296450797,20553925.262573123,1534873.8148101212,camacari-ISSQN
2021-05-01,2021-05-01,9,2022-02-01,16186897.483220601,17857433.278182615,1534873.8148101212,camacari-ISSQN
2021-05-01,2021-05-01,10,2022-03-01,20609813.782492623,16787232.646768864,1534873.8148101212,camacari-ISSQN
2021-05-01,2021-05-01,11,2022-04-01,17759980.546359718,16748798.517840756,1534873.8148101212,camacari-ISSQN
2021-05-01,2021-05-01,12,2022-05-01,16931826.340154935,15735865.504764345,1534873.8148101212,camacari-ISSQN
2021-06-01,2021-06-01,1,2021-07-01,15765340.012123786,18478118.782515924,1583901.4938772975,camacari-ISSQN
2021-06-01,2021-06-01,2,2021-08-01,17793395.258316882,18397216.368059393,1583901.4938772975,camacari-ISSQN
2021-06-01,2021-06-01,3,2021-09-01,17701014.731764168,18561813.3032611,1583901.4938772975,camacari-ISSQN
2021-06-01,2021-06-01,4,2021-10-01,17758714.841657992,19132124.50442569,1583901.4938772975,camacari-ISSQN
2021-06-01,2021-06-01,5,2021-11-01,17407028.491258733,19663170.302749615,1583901.4938772975,camacari-ISSQN
2021-06-01,2021-06-01,6,2021-12-01,20432534.845650554,21248497.192523424,1583901.4938772975,camacari-ISSQN
2021-06-01,2021-06-01,7,2022-01-01,21092285.296450797,21648302.31891187,1583901.4938772975,camacari-ISSQN
2021-06-01,2021-06-01,8,2022-02-01,16186897.483220601,18737175.153279364,1583901.4938772975,camacari-ISSQN
2021-06-01,2021-06-01,9,2022-03-01,20609813.782492623,17591976.08523804,1583901.4938772975,camacari-ISSQN
2021-06-01,2021-06-01,10,2022-04-01,17759980.546359718,17587164.447693795,1583901.4938772975,camacari-ISSQN
2021-06-01,2021-06-01,11,2022-05-01,16931826.340154935,16548866.05956832,1583901.4938772975,camacari-ISSQN
2021-06-01,2021-06-01,12,2022-06-01,17868945.717301447,16327761.285805335,1583901.4938772975,camacari-ISSQN
2021-07-01,2021-07-01,1,2021-08-01,17793395.258316882,15976835.137758093,1590210.7737901646,camacari-ISSQN
2021-07-01,2021-07-01,2,2021-09-01,17701014.731764168,17060531.553135198,1590210.7737901646,camacari-ISSQN
2021-07-01,2021-07-01,3,2021-10-01,17758714.841657992,16846604.493789736,1590210.7737901646,camacari-ISSQN
2021-07-01,2021-07-01,4,2021-11-01,17407028.491258733,16677522.642281458,1590210.7737901646,camacari-ISSQN
2021-07-01,2021-07-01,5,2021-12-01,20432534.845650554,17993874.862709086,1590210.7737901646,camacari-ISSQN
2021-07-01,2021-07-01,6,2022-01-01,21092285.296450797,19829642.588328026,1590210.7737901646,camacari-ISSQN
2021-07-01,2021-07-01,7,2022-02-01,16186897.483220601,15738999.022582566,1590210.7737901646,camacari-ISSQN
2021-07-01,2021-07-01,8,2022-03-01,20609813.782492623,15426339.970118819,1590210.7737901646,camacari-ISSQN
2021-07-01,2021-07-01,9,2022-04-01,17759980.546359718,15722951.004388591,1590210.7737901646,camacari-ISSQN
2021-07-01,2021-07-01,10,2022-05-01,16931826.340154935,14908752.861402554,1590210.7737901646,camacari-ISSQN
2021-07-01,2021-07-01,11,2022-06-01,17868945.717301447,15904909.941303726,1590210.7737901646,camacari-ISSQN
2021-07-01,2021-07-01,12,2022-07-01,18361779.51930217,16075215.404118732,1590210.7737901646,camacari-ISSQN
2021-08-01,2021-08-01,1,2021-09-01,17701014.731764168,17866349.76936124,1632561.777810365,camacari-ISSQN
2021-08-01,2021-08-01,2,2021-10-01,17758714.841657992,17625861.051138315,1632561.777810365,camacari-ISSQN
2021-08-01,2021-08-01,3,2021-11-01,17407028.491258733,17425403.846028265,1632561.777810365,camacari-ISSQN
2021-08-01,2021-08-01,4,2021-12-01,20432534.845650554,18780883.896637484,1632561.777810365,camacari-ISSQN
2021-08-01,2021-08-01,5,2022-01-01,21092285.296450797,20672609.09269003,1632561.777810365,camacari-ISSQN
2021-08-01,2021-08-01,6,2022-02-01,16186897.483220601,16399219.770137673,1632561.777810365,camacari-ISSQN
2021-08-01,2021-08-01,7,2022-03-01,20609813.782492623,16066388.340064531,1632561.777810365,camacari-ISSQN
2021-08-01,2021-08-01,8,2022-04-01,17759980.546359718,16369397.40124874,1632561.777810365,camacari-ISSQN
2021-08-01,2021-08-01,9,2022-05-01,16931826.340154935,15509198.26080066,1632561.777810365,camacari-ISSQN
2021-08-01,2021-08-01,10,2022-06-01,17868945.717301447,16551189.284669992,1632561.777810365,camacari-ISSQN
2021-08-01,2021-08-01,11,2022-07-01,18361779.51930217,16718441.669028537,1632561.777810365,camacari-ISSQN
2021-08-01,2021-08-01,12,2022-08-01,19637963.915173445,16870576.327955633,1632561.777810365,camacari-ISSQN
2021-09-01,2021-09-01,1,2021-10-01,17758714.841657992,17556907.48037423,1663027.2679946995,camacari-ISSQN
2021-09-01,2021-09-01,2,2021-11-01,17407028.491258733,17357701.6982461,1663027.2679946995,camacari-ISSQN
2021-09-01,2021-09-01,3,2021-12-01,20432534.845650554,18711248.164628785,1663027.2679946995,camacari-ISSQN
2021-09-01,2021-09-01,4,2022-01-01,21092285.296450797,20594390.623105735,1663027.2679946995,camacari-ISSQN
2021-09-01,2021-09-01,5,2022-02-01,16186897.483220601,16340689.464848442,1663027.2679946995,camacari-ISSQN
2021-09-01,2021-09-01,6,2022-03-01,20609813.782492623,16010866.751621211,1663027.2679946995,camacari-ISSQN
2021-09-01,2021-09-01,7,2022-04-01,17759980.546359718,16314315.229848275,1663027.2679946995,camacari-ISSQN
2021-09-01,2021-09-01,8,2022-05-01,16931826.340154935,15458944.23307469,1663027.2679946995,camacari-ISSQN
2021-09-01,2021-09-01,9,2022-06-01,17868945.717301447,16498775.186687645,1663027.2679946995,camacari-ISSQN
2021-09-01,2021-09-01,10,2022-07-01,18361779.51930217,16665957.652284248,1663027.2679946995,camacari-ISSQN
2021-09-01,2021-09-01,11,2022-08-01,19637963.915173445,16820403.95871506,1663027.2679946995,camacari-ISSQN
2021-09-01,2021-09-01,12,2022-09-01,21330305.533095423,17752304.321873643,1663027.2679946995,camacari-ISSQN
2021-10-01,2021-10-01,1,2021-11-01,17407028.491258733,17442499.86528958,1688081.631932035,camacari-ISSQN
2021-10-01,2021-10-01,2,2021-12-01,20432534.845650554,18802190.5715965,1688081.631932035,camacari-ISSQN
2021-10-01,2021-10-01,3,2022-01-01,21092285.296450797,20694051.618462075,1688081.631932035,camacari-ISSQN
2021-10-01,2021-10-01,4,2022-02-01,16186897.483220601,16419717.69582799,1688081.631932035,camacari-ISSQN
2021-10-01,2021-10-01,5,2022-03-01,20609813.782492623,16088094.47358254,1688081.631932035,camacari-ISSQN
2021-10-01,2021-10-01,6,2022-04-01,17759980.546359718,16392817.690683769,1688081.631932035,camacari-ISSQN
2021-10-01,2021-10-01,7,2022-05-01,16931826.340154935,15533255.888342828,1688081.631932035,camacari-ISSQN
2021-10-01,2021-10-01,8,2022-06-01,17868945.717301447,16577931.176363565,1688081.631932035,camacari-ISSQN
2021-10-01,2021-10-01,9,2022-07-01,18361779.51930217,16745814.937102346,1688081.631932035,camacari-ISSQN
2021-10-01,2021-10-01,10,2022-08-01,19637963.915173445,16900627.345609445,1688081.631932035,camacari-ISSQN
2021-10-01,2021-10-01,11,2022-09-01,21330305.533095423,17836947.20518084,1688081.631932035,camacari-ISSQN
2021-10-01,2021-10-01,12,2022-10-01,20448732.012382615,17632033.709248915,1688081.631932035,camacari-ISSQN
2021-11-01,2021-11-01,1,2021-12-01,20432534.845650554,18787983.462185018,1695743.853636679,camacari-ISSQN
2021-11-01,2021-11-01,2,2022-01-01,21092285.296450797,20677992.41286196,1695743.853636679,camacari-ISSQN
2021-11-01,2021-11-01,3,2022-02-01,16186897.483220601,16409029.592901878,1695743.853636679,camacari-ISSQN
2021-11-01,2021-11-01,4,2022-03-01,20609813.782492623,16078587.359353466,1695743.853636679,camacari-ISSQN
2021-11-01,2021-11-01,5,2022-04-01,17759980.546359718,16384083.825452117,1695743.853636679,camacari-ISSQN
2021-11-01,2021-11-01,6,2022-05-01,16931826.340154935,15525852.63674868,1695743.853636679,camacari-ISSQN
2021-11-01,2021-11-01,7,2022-06-01,17868945.717301447,16570842.580343202,1695743.853636679,camacari-ISSQN
2021-11-01,2021-11-01,8,2022-07-01,18361779.51930217,16739360.272591118,1695743.853636679,camacari-ISSQN
2021-11-01,2021-11-01,9,2022-08-01,19637963.915173445,16895118.616803214,1695743.853636679,camacari-ISSQN
2021-11-01,2021-11-01,10,2022-09-01,21330305.533095423,17831840.745227523,1695743.853636679,camacari-ISSQN
2021-11-01,2021-11-01,11,2022-10-01,20448732.012382615,17627969.869434576,1695743.853636679,camacari-ISSQN
2021-11-01,2021-11-01,12,2022-11-01,21417476.473871592,17399836.699161317,1695743.853636679,camacari-ISSQN
2021-12-01,2021-12-01,1,2022-01-01,21092285.296450797,16867390.002869837,1717052.2441175042,camacari-ISSQN
2021-12-01,2021-12-01,2,2022-02-01,16186897.483220601,-187462629547.7534,1717052.2441175042,camacari-ISSQN
2021-12-01,2021-12-01,3,2022-03-01,20609813.782492623,-194083335516.4716,1717052.2441175042,camacari-ISSQN
2021-12-01,2021-12-01,4,2022-04-01,17759980.546359718,-231315068119.6274,1717052.2441175042,camacari-ISSQN
2021-12-01,2021-12-01,5,2022-05-01,16931826.340154935,-187840843971.611,1717052.2441175042,camacari-ISSQN
2021-12-01,2021-12-01,6,2022-06-01,17868945.717301447,-262122461690.2345,1717052.2441175042,camacari-ISSQN
2021-12-01,2021-12-01,7,2022-07-01,18361779.51930217,-204022892422.16016,1717052.2441175042,camacari-ISSQN
2021-12-01,2021-12-01,8,2022-08-01,19637963.915173445,-241543809006.21045,1717052.2441175042,camacari-ISSQN
2021-12-01,2021-12-01,9,2022-09-01,21330305.533095423,-254323668971.23248,1717052.2441175042,camacari-ISSQN
2021-12-01,2021-12-01,10,2022-10-01,20448732.012382615,-208569189883.33206,1717052.2441175042,camacari-ISSQN
2021-12-01,2021-12-01,11,2022-11-01,21417476.473871592,-182212071165.7205,1717052.2441175042,camacari-ISSQN
2021-12-01,2021-12-01,12,2022-12-01,25036250.719354104,-195223538544.86072,1717052.2441175042,camacari-ISSQN
2022-01-01,2022-01-01,1,2022-02-01,16186897.483220601,16882680.618772034,1755847.6786798225,camacari-ISSQN
2022-01-01,2022-01-01,2,2022-03-01,20609813.782492623,16537751.071507929,1755847.6786798225,camacari-ISSQN
2022-01-01,2022-01-01,3,2022-04-01,17759980.546359718,16847180.128258727,1755847.6786798225,camacari-ISSQN
2022-01-01,2022-01-01,4,2022-05-01,16931826.340154935,15961082.547992926,1755847.6786798225,camacari-ISSQN
2022-01-01,2022-01-01,5,2022-06-01,17868945.717301447,17029948.667205807,1755847.6786798225,camacari-ISSQN
2022-01-01,2022-01-01,6,2022-07-01,18361779.51930217,17198490.529658068,1755847.6786798225,camacari-ISSQN
2022-01-01,2022-01-01,7,2022-08-01,19637963.915173445,17353227.850161802,1755847.6786798225,camacari-ISSQN
2022-01-01,2022-01-01,8,2022-09-01,21330305.533095423,18310493.37056276,1755847.6786798225,camacari-ISSQN
2022-01-01,2022-01-01,9,2022-10-01,20448732.012382615,18096474.30359406,1755847.6786798225,camacari-ISSQN
2022-01-01,2022-01-01,10,2022-11-01,21417476.473871592,17857805.94744216,1755847.6786798225,camacari-ISSQN
2022-01-01,2022-01-01,11,2022-12-01,25036250.719354104,19494135.835086737,1755847.6786798225,camacari-ISSQN
2022-01-01,2022-01-01,12,2023-01-01,29157384.457611956,21230641.66605743,1755847.6786798225,camacari-ISSQN
2022-02-01,2022-02-01,1,2022-03-01,20609813.782492623,16255913.914541634,1756159.802071922,camacari-ISSQN
2022-02-01,2022-02-01,2,2022-04-01,17759980.546359718,16564187.416151432,1756159.802071922,camacari-ISSQN
2022-02-01,2022-02-01,3,2022-05-01,16931826.340154935,15696053.907513363,1756159.802071922,camacari-ISSQN
2022-02-01,2022-02-01,4,2022-06-01,17868945.717301447,16751132.999177946,1756159.802071922,camacari-ISSQN
2022-02-01,2022-02-01,5,2022-07-01,18361779.51930217,16920009.102018632,1756159.802071922,camacari-ISSQN
2022-02-01,2022-02-01,6,2022-08-01,19637963.915173445,17076318.638603285,1756159.802071922,camacari-ISSQN
2022-02-01,2022-02-01,7,2022-09-01,21330305.533095423,18021907.183281057,1756159.802071922,camacari-ISSQN
2022-02-01,2022-02-01,8,2022-10-01,20448732.012382615,17815106.324218553,1756159.802071922,camacari-ISSQN
2022-02-01,2022-02-01,9,2022-11-01,21417476.473871592,17583992.863911174,1756159.802071922,camacari-ISSQN
2022-02-01,2022-02-01,10,2022-12-01,25036250.719354104,19200457.18826867,1756159.802071922,camacari-ISSQN
2022-02-01,2022-02-01,11,2023-01-01,29157384.457611956,20906547.707043767,1756159.802071922,camacari-ISSQN
2022-02-01,2022-02-01,12,2023-02-01,18854324.324541107,16525498.057187758,1756159.802071922,camacari-ISSQN
2022-03-01,2022-03-01,1,2022-04-01,17759980.546359718,18311509.760260575,1809463.3710083044,camacari-ISSQN
2022-03-01,2022-03-01,2,2022-05-01,16931826.340154935,17329120.830028653,1809463.3710083044,camacari-ISSQN
2022-03-01,2022-03-01,3,2022-06-01,17868945.717301447,18468170.88000824,1809463.3710083044,camacari-ISSQN
2022-03-01,2022-03-01,4,2022-07-01,18361779.51930217,18625512.37446369,1809463.3710083044,camacari-ISSQN
2022-03-01,2022-03-01,5,2022-08-01,19637963.915173445,18771317.637648504,1809463.3710083044,camacari-ISSQN
2022-03-01,2022-03-01,6,2022-09-01,21330305.533095423,19783106.762814753,1809463.3710083044,camacari-ISSQN
2022-03-01,2022-03-01,7,2022-10-01,20448732.012382615,19530707.935071304,1809463.3710083044,camacari-ISSQN
2022-03-01,2022-03-01,8,2022-11-01,21417476.473871592,19248197.68137707,1809463.3710083044,camacari-ISSQN
2022-03-01,2022-03-01,9,2022-12-01,25036250.719354104,20986907.50944162,1809463.3710083044,camacari-ISSQN
2022-03-01,2022-03-01,10,2023-01-01,29157384.457611956,22847733.000680894,1809463.3710083044,camacari-ISSQN
2022-03-01,2022-03-01,11,2023-02-01,18854324.324541107,18037571.487567432,1809463.3710083044,camacari-ISSQN
2022-03-01,2022-03-01,12,2023-03-01,20203586.524565566,18396744.223660547,1809463.3710083044,camacari-ISSQN
2022-04-01,2022-04-01,1,2022-05-01,16931826.340154935,17109420.145977862,1815065.4424404216,camacari-ISSQN
2022-04-01,2022-04-01,2,2022-06-01,17868945.717301447,18237267.468966372,1815065.4424404216,camacari-ISSQN
2022-04-01,2022-04-01,3,2022-07-01,18361779.51930217,18393462.815000646,1815065.4424404216,camacari-ISSQN
2022-04-01,2022-04-01,4,2022-08-01,19637963.915173445,18540824.61847129,1815065.4424404216,camacari-ISSQN
2022-04-01,2022-04-01,5,2022-09-01,21330305.533095423,19542782.897681396,1815065.4424404216,camacari-ISSQN
2022-04-01,2022-04-01,6,2022-10-01,20448732.012382615,19297693.4586994,1815065.4424404216,camacari-ISSQN
2022-04-01,2022-04-01,7,2022-11-01,21417476.473871592,19019960.86692197,1815065.4424404216,camacari-ISSQN
2022-04-01,2022-04-01,8,2022-12-01,25036250.719354104,20743699.240896396,1815065.4424404216,camacari-ISSQN
2022-04-01,2022-04-01,9,2023-01-01,29157384.457611956,22573957.187054597,1815065.4424404216,camacari-ISSQN
2022-04-01,2022-04-01,10,2023-02-01,18854324.324541107,17832528.15611074,1815065.4424404216,camacari-ISSQN
2022-04-01,2022-04-01,11,2023-03-01,20203586.524565566,18194121.44995483,1815065.4424404216,camacari-ISSQN
2022-04-01,2022-04-01,12,2023-04-01,23075077.619267482,18021876.428839535,1815065.4424404216,camacari-ISSQN
2022-05-01,2022-05-01,1,2022-06-01,17868945.717301447,18162373.673337612,1804788.2044370964,camacari-ISSQN
2022-05-01,2022-05-01,2,2022-07-01,18361779.51930217,18318984.430667903,1804788.2044370964,camacari-ISSQN
2022-05-01,2022-05-01,3,2022-08-01,19637963.915173445,18467358.79850699,1804788.2044370964,camacari-ISSQN
2022-05-01,2022-05-01,4,2022-09-01,21330305.533095423,19466549.38483322,1804788.2044370964,camacari-ISSQN
2022-05-01,2022-05-01,5,2022-10-01,20448732.012382615,19224231.20126249,1804788.2044370964,camacari-ISSQN
2022-05-01,2022-05-01,6,2022-11-01,21417476.473871592,18948675.56219995,1804788.2044370964,camacari-ISSQN
2022-05-01,2022-05-01,7,2022-12-01,25036250.719354104,20668222.0722032,1804788.2044370964,camacari-ISSQN
2022-05-01,2022-05-01,8,2023-01-01,29157384.457611956,22491040.636937078,1804788.2044370964,camacari-ISSQN
2022-05-01,2022-05-01,9,2023-02-01,18854324.324541107,17770003.244384978,1804788.2044370964,camacari-ISSQN
2022-05-01,2022-05-01,10,2023-03-01,20203586.524565566,18132866.443660855,1804788.2044370964,camacari-ISSQN
2022-05-01,2022-05-01,11,2023-04-01,23075077.619267482,17961406.47030161,1804788.2044370964,camacari-ISSQN
2022-05-01,2022-05-01,12,2023-05-01,18314045.276733518,17009106.889658388,1804788.2044370964,camacari-ISSQN
2022-06-01,2022-06-01,1,2022-07-01,18361779.51930217,18202447.93768305,1800088.7544093158,camacari-ISSQN
2022-06-01,2022-06-01,2,2022-08-01,19637963.915173445,18351821.034625918,1800088.7544093158,camacari-ISSQN
2022-06-01,2022-06-01,3,2022-09-01,21330305.533095423,19346679.874403406,1800088.7544093158,camacari-ISSQN
2022-06-01,2022-06-01,4,2022-10-01,20448732.012382615,19107884.453727,1800088.7544093158,camacari-ISSQN
2022-06-01,2022-06-01,5,2022-11-01,21417476.473871592,18835903.09186616,1800088.7544093158,camacari-ISSQN
2022-06-01,2022-06-01,6,2022-12-01,25036250.719354104,20547522.380199622,1800088.7544093158,camacari-ISSQN
2022-06-01,2022-06-01,7,2023-01-01,29157384.457611956,22360350.23131715,1800088.7544093158,camacari-ISSQN
2022-06-01,2022-06-01,8,2023-02-01,18854324.324541107,17669475.202875104,1800088.7544093158,camacari-ISSQN
2022-06-01,2022-06-01,9,2023-03-01,20203586.524565566,18032918.796578135,1800088.7544093158,camacari-ISSQN
2022-06-01,2022-06-01,10,2023-04-01,23075077.619267482,17863430.06215288,1800088.7544093158,camacari-ISSQN
2022-06-01,2022-06-01,11,2023-05-01,18314045.276733518,16917874.039772388,1800088.7544093158,camacari-ISSQN
2022-06-01,2022-06-01,12,2023-06-01,19136367.451210137,18007480.50220984,1800088.7544093158,camacari-ISSQN
2022-07-01,2022-07-01,1,2022-08-01,19637963.915173445,18417167.866068985,1810169.1436848738,camacari-ISSQN
2022-07-01,2022-07-01,2,2022-09-01,21330305.533095423,19415496.198237482,1810169.1436848738,camacari-ISSQN
2022-07-01,2022-07-01,3,2022-10-01,20448732.012382615,19175767.634169724,1810169.1436848738,camacari-ISSQN
2022-07-01,2022-07-01,4,2022-11-01,21417476.473871592,18902887.60786658,1810169.1436848738,camacari-ISSQN
2022-07-01,2022-07-01,5,2022-12-01,25036250.719354104,20620486.52260576,1810169.1436848738,camacari-ISSQN
2022-07-01,2022-07-01,6,2023-01-01,29157384.457611956,22439268.175975293,1810169.1436848738,camacari-ISSQN
2022-07-01,2022-07-01,7,2023-02-01,18854324.324541107,17731748.11176488,1810169.1436848738,camacari-ISSQN
2022-07-01,2022-07-01,8,2023-03-01,20203586.524565566,18097175.143949214,1810169.1436848738,camacari-ISSQN
2022-07-01,2022-07-01,9,2023-04-01,23075077.619267482,17927103.828113742,1810169.1436848738,camacari-ISSQN
2022-07-01,2022-07-01,10,2023-05-01,18314045.276733518,16977945.072580595,1810169.1436848738,camacari-ISSQN
2022-07-01,2022-07-01,11,2023-06-01,19136367.451210137,18071556.80913809,1810169.1436848738,camacari-ISSQN
2022-07-01,2022-07-01,12,2023-07-01,21036673.873442713,18262877.083281215,1810169.1436848738,camacari-ISSQN
2022-08-01,2022-08-01,1,2022-09-01,21330305.533095423,19925933.51630838,1810599.1375995204,camacari-ISSQN
2022-08-01,2022-08-01,2,2022-10-01,20448732.012382615,19674800.64504123,1810599.1375995204,camacari-ISSQN
2022-08-01,2022-08-01,3,2022-11-01,21417476.473871592,19390065.8742146,1810599.1375995204,camacari-ISSQN
2022-08-01,2022-08-01,4,2022-12-01,25036250.719354104,21146435.325190727,1810599.1375995204,camacari-ISSQN
2022-08-01,2022-08-01,5,2023-01-01,29157384.457611956,23006087.941532694,1810599.1375995204,camacari-ISSQN
2022-08-01,2022-08-01,6,2023-02-01,18854324.324541107,18175017.936106093,1810599.1375995204,camacari-ISSQN
2022-08-01,2022-08-01,7,2023-03-01,20203586.524565566,18543870.25766949,1810599.1375995204,camacari-ISSQN
2022-08-01,2022-08-01,8,2023-04-01,23075077.619267482,18365967.456726145,1810599.1375995204,camacari-ISSQN
2022-08-01,2022-08-01,9,2023-05-01,18314045.276733518,17389984.87221146,1810599.1375995204,camacari-ISSQN
2022-08-01,2022-08-01,10,2023-06-01,19136367.451210137,18505096.95398779,1810599.1375995204,camacari-ISSQN
2022-08-01,2022-08-01,11,2023-07-01,21036673.873442713,18697087.478255957,1810599.1375995204,camacari-ISSQN
2022-08-01,2022-08-01,12,2023-08-01,21575949.02090314,18987698.724038042,1810599.1375995204,camacari-ISSQN
2022-09-01,2022-09-01,1,2022-10-01,20448732.012382615,20233563.152906608,1833052.1211023813,camacari-ISSQN
2022-09-01,2022-09-01,2,2022-11-01,21417476.473871592,19936204.666399315,1833052.1211023813,camacari-ISSQN
2022-09-01,2022-09-01,3,2022-12-01,25036250.719354104,21733922.20661419,1833052.1211023813,camacari-ISSQN
2022-09-01,2022-09-01,4,2023-01-01,29157384.457611956,23645241.984205976,1833052.1211023813,camacari-ISSQN
2022-09-01,2022-09-01,5,2023-02-01,18854324.324541107,18670105.21481084,1833052.1211023813,camacari-ISSQN
2022-09-01,2022-09-01,6,2023-03-01,20203586.524565566,19044075.081916887,1833052.1211023813,camacari-ISSQN
2022-09-01,2022-09-01,7,2023-04-01,23075077.619267482,18856122.996396225,1833052.1211023813,camacari-ISSQN
2022-09-01,2022-09-01,8,2023-05-01,18314045.276733518,17849145.85264993,1833052.1211023813,camacari-ISSQN
2022-09-01,2022-09-01,9,2023-06-01,19136367.451210137,18989022.3018353,1833052.1211023813,camacari-ISSQN
2022-09-01,2022-09-01,10,2023-07-01,21036673.873442713,19182742.735582158,1833052.1211023813,camacari-ISSQN
2022-09-01,2022-09-01,11,2023-08-01,21575949.02090314,19473008.0865273,1833052.1211023813,camacari-ISSQN
2022-09-01,2022-09-01,12,2023-09-01,20002492.205724116,20592459.79663689,1833052.1211023813,camacari-ISSQN
2022-10-01,2022-10-01,1,2022-11-01,21417476.473871592,20023731.98930442,1843502.9143904576,camacari-ISSQN
2022-10-01,2022-10-01,2,2022-12-01,25036250.719354104,21828534.50479333,1843502.9143904576,camacari-ISSQN
2022-10-01,2022-10-01,3,2023-01-01,29157384.457611956,23747397.32680168,1843502.9143904576,camacari-ISSQN
2022-10-01,2022-10-01,4,2023-02-01,18854324.324541107,18750934.348190337,1843502.9143904576,camacari-ISSQN
2022-10-01,2022-10-01,5,2023-03-01,20203586.524565566,19126245.13907119,1843502.9143904576,camacari-ISSQN
2022-10-01,2022-10-01,6,2023-04-01,23075077.619267482,18937840.12935186,1843502.9143904576,camacari-ISSQN
2022-10-01,2022-10-01,7,2023-05-01,18314045.276733518,17926001.735016007,1843502.9143904576,camacari-ISSQN
2022-10-01,2022-10-01,8,2023-06-01,19136367.451210137,19070864.011677917,1843502.9143904576,camacari-ISSQN
2022-10-01,2022-10-01,9,2023-07-01,21036673.873442713,19265487.533321425,1843502.9143904576,camacari-ISSQN
2022-10-01,2022-10-01,10,2023-08-01,21575949.02090314,19556631.144941106,1843502.9143904576,camacari-ISSQN
2022-10-01,2022-10-01,11,2023-09-01,20002492.205724116,20680633.06905871,1843502.9143904576,camacari-ISSQN
2022-10-01,2022-10-01,12,2023-10-01,20505785.038989563,20323359.40895137,1843502.9143904576,camacari-ISSQN
2022-11-01,2022-11-01,1,2022-12-01,25036250.719354104,22447842.329015095,1869610.6862967513,camacari-ISSQN
2022-11-01,2022-11-01,2,2023-01-01,29157384.457611956,24418866.383385684,1869610.6862967513,camacari-ISSQN
2022-11-01,2022-11-01,3,2023-02-01,18854324.324541107,19271651.118391607,1869610.6862967513,camacari-ISSQN
2022-11-01,2022-11-01,4,2023-03-01,20203586.524565566,19652595.64880981,1869610.6862967513,camacari-ISSQN
2022-11-01,2022-11-01,5,2023-04-01,23075077.619267482,19453328.56849944,1869610.6862967513,camacari-ISSQN
2022-11-01,2022-11-01,6,2023-05-01,18314045.276733518,18409024.349350404,1869610.6862967513,camacari-ISSQN
2022-11-01,2022-11-01,7,2023-06-01,19136367.451210137,19579164.219864935,1869610.6862967513,camacari-ISSQN
2022-11-01,2022-11-01,8,2023-07-01,21036673.873442713,19775163.42483891,1869610.6862967513,camacari-ISSQN
2022-11-01,2022-11-01,9,2023-08-01,21575949.02090314,20068300.036059283,1869610.6862967513,camacari-ISSQN
2022-11-01,2022-11-01,10,2023-09-01,20002492.205724116,21215343.5076833,1869610.6862967513,camacari-ISSQN
2022-11-01,2022-11-01,11,2023-10-01,20505785.038989563,20843446.758693308,1869610.6862967513,camacari-ISSQN
2022-11-01,2022-11-01,12,2023-11-01,25611611.938634984,20692321.922208216,1869610.6862967513,camacari-ISSQN
2022-12-01,2022-12-01,1,2023-01-01,29157384.457611956,25696602.716591273,1902159.5575754035,camacari-ISSQN
2022-12-01,2022-12-01,2,2023-02-01,18854324.324541107,20309279.16266568,1902159.5575754035,camacari-ISSQN
2022-12-01,2022-12-01,3,2023-03-01,20203586.524565566,20738449.395672824,1902159.5575754035,camacari-ISSQN
2022-12-01,2022-12-01,4,2023-04-01,23075077.619267482,20558477.212971013,1902159.5575754035,camacari-ISSQN
2022-12-01,2022-12-01,5,2023-05-01,18314045.276733518,19483601.77083394,1902159.5575754035,camacari-ISSQN
2022-12-01,2022-12-01,6,2023-06-01,19136367.451210137,20745328.01326339,1902159.5575754035,camacari-ISSQN
2022-12-01,2022-12-01,7,2023-07-01,21036673.873442713,20979575.754451416,1902159.5575754035,camacari-ISSQN
2022-12-01,2022-12-01,8,2023-08-01,21575949.02090314,21313391.636816125,1902159.5575754035,camacari-ISSQN
2022-12-01,2022-12-01,9,2023-09-01,20002492.205724116,22549334.093340654,1902159.5575754035,camacari-ISSQN
2022-12-01,2022-12-01,10,2023-10-01,20505785.038989563,22174951.268935945,1902159.5575754035,camacari-ISSQN
2022-12-01,2022-12-01,11,2023-11-01,25611611.938634984,22037073.881297097,1902159.5575754035,camacari-ISSQN
2022-12-01,2022-12-01,12,2023-12-01,23583900.23543129,24262383.789852817,1902159.5575754035,camacari-ISSQN
2023-01-01,2023-01-01,1,2023-02-01,18854324.324541107,21611515.171498843,1974664.7293822947,camacari-ISSQN
2023-01-01,2023-01-01,2,2023-03-01,20203586.524565566,22120286.197471503,1974664.7293822947,camacari-ISSQN
2023-01-01,2023-01-01,3,2023-04-01,23075077.619267482,21978370.06451761,1974664.7293822947,camacari-ISSQN
2023-01-01,2023-01-01,4,2023-05-01,18314045.276733518,20872455.836134266,1974664.7293822947,camacari-ISSQN
2023-01-01,2023-01-01,5,2023-06-01,19136367.451210137,22267259.221522897,1974664.7293822947,camacari-ISSQN
2023-01-01,2023-01-01,6,2023-07-01,21036673.873442713,22569007.0304874,1974664.7293822947,camacari-ISSQN
2023-01-01,2023-01-01,7,2023-08-01,21575949.02090314,22968376.834140666,1974664.7293822947,camacari-ISSQN
2023-01-01,2023-01-01,8,2023-09-01,20002492.205724116,24339471.552166376,1974664.7293822947,camacari-ISSQN
2023-01-01,2023-01-01,9,2023-10-01,20505785.038989563,23971452.742954843,1974664.7293822947,camacari-ISSQN
2023-01-01,2023-01-01,10,2023-11-01,25611611.938634984,23866245.565641377,1974664.7293822947,camacari-ISSQN
2023-01-01,2023-01-01,11,2023-12-01,23583900.23543129,26293298.04203316,1974664.7293822947,camacari-ISSQN
2023-01-01,2023-01-01,12,2024-01-01,22986387.186458543,28937146.203426577,1974664.7293822947,camacari-ISSQN
2023-02-01,2023-02-01,1,2023-03-01,20203586.524565566,20791186.950533766,1982720.1027769253,camacari-ISSQN
2023-02-01,2023-02-01,2,2023-04-01,23075077.619267482,20606665.826614365,1982720.1027769253,camacari-ISSQN
2023-02-01,2023-02-01,3,2023-05-01,18314045.276733518,19522409.311938446,1982720.1027769253,camacari-ISSQN
2023-02-01,2023-02-01,4,2023-06-01,19136367.451210137,20783077.14187623,1982720.1027769253,camacari-ISSQN
2023-02-01,2023-02-01,5,2023-07-01,21036673.873442713,21015247.83310078,1982720.1027769253,camacari-ISSQN
2023-02-01,2023-02-01,6,2023-08-01,21575949.02090314,21343963.60816676,1982720.1027769253,camacari-ISSQN
2023-02-01,2023-02-01,7,2023-09-01,20002492.205724116,22577651.38535682,1982720.1027769253,camacari-ISSQN
2023-02-01,2023-02-01,8,2023-10-01,20505785.038989563,22197621.40942261,1982720.1027769253,camacari-ISSQN
2023-02-01,2023-02-01,9,2023-11-01,25611611.938634984,22054380.13362308,1982720.1027769253,camacari-ISSQN
2023-02-01,2023-02-01,10,2023-12-01,23583900.23543129,24269857.572743136,1982720.1027769253,camacari-ISSQN
2023-02-01,2023-02-01,11,2024-01-01,22986387.186458543,26648076.964418966,1982720.1027769253,camacari-ISSQN
2023-02-01,2023-02-01,12,2024-02-01,23872500.478948027,20592990.932972662,1982720.1027769253,camacari-ISSQN
2023-03-01,2023-03-01,1,2023-04-01,23075077.619267482,20329018.945601046,1964599.4953648578,camacari-ISSQN
2023-03-01,2023-03-01,2,2023-05-01,18314045.276733518,19246914.215948887,1964599.4953648578,camacari-ISSQN
2023-03-01,2023-03-01,3,2023-06-01,19136367.451210137,20480399.95731981,1964599.4953648578,camacari-ISSQN
2023-03-01,2023-03-01,4,2023-07-01,21036673.873442713,20699175.93656311,1964599.4953648578,camacari-ISSQN
2023-03-01,2023-03-01,5,2023-08-01,21575949.02090314,21014010.527442746,1964599.4953648578,camacari-ISSQN
2023-03-01,2023-03-01,6,2023-09-01,20002492.205724116,22220345.47729797,1964599.4953648578,camacari-ISSQN
2023-03-01,2023-03-01,7,2023-10-01,20505785.038989563,21836673.81489806,1964599.4953648578,camacari-ISSQN
2023-03-01,2023-03-01,8,2023-11-01,25611611.938634984,21686199.634677492,1964599.4953648578,camacari-ISSQN
2023-03-01,2023-03-01,9,2023-12-01,23583900.23543129,23856661.713990968,1964599.4953648578,camacari-ISSQN
2023-03-01,2023-03-01,10,2024-01-01,22986387.186458543,26187915.521787073,1964599.4953648578,camacari-ISSQN
2023-03-01,2023-03-01,11,2024-02-01,23872500.478948027,20228131.578667466,1964599.4953648578,camacari-ISSQN
2023-03-01,2023-03-01,12,2024-03-01,21240482.31230949,20706015.08541381,1964599.4953648578,camacari-ISSQN
2023-04-01,2023-04-01,1,2023-05-01,18314045.276733518,20436306.05957838,2002673.3314732998,camacari-ISSQN
2023-04-01,2023-04-01,2,2023-06-01,19136367.451210137,21796726.954298172,2002673.3314732998,camacari-ISSQN
2023-04-01,2023-04-01,3,2023-07-01,21036673.873442713,22077807.92615807,2002673.3314732998,camacari-ISSQN
2023-04-01,2023-04-01,4,2023-08-01,21575949.02090314,22463920.07398358,2002673.3314732998,camacari-ISSQN
2023-04-01,2023-04-01,5,2023-09-01,20002492.205724116,23798394.91848239,2002673.3314732998,camacari-ISSQN
2023-04-01,2023-04-01,6,2023-10-01,20505785.038989563,23436383.732631728,2002673.3314732998,camacari-ISSQN
2023-04-01,2023-04-01,7,2023-11-01,25611611.938634984,23324470.483846594,2002673.3314732998,camacari-ISSQN
2023-04-01,2023-04-01,8,2023-12-01,23583900.23543129,25702167.066093333,2002673.3314732998,camacari-ISSQN
2023-04-01,2023-04-01,9,2024-01-01,22986387.186458543,28243269.252253998,2002673.3314732998,camacari-ISSQN
2023-04-01,2023-04-01,10,2024-02-01,23872500.478948027,21868106.01440491,2002673.3314732998,camacari-ISSQN
2023-04-01,2023-04-01,11,2024-03-01,21240482.31230949,22407242.35805263,2002673.3314732998,camacari-ISSQN
2023-04-01,2023-04-01,12,2024-04-01,22746532.296000022,22593659.652224585,2002673.3314732998,camacari-ISSQN
2023-05-01,2023-05-01,1,2023-06-01,19136367.451210137,20773985.7985376,1995701.9337778534,camacari-ISSQN
2023-05-01,2023-05-01,2,2023-07-01,21036673.873442713,21003852.335940342,1995701.9337778534,camacari-ISSQN
2023-05-01,2023-05-01,3,2023-08-01,21575949.02090314,21335785.112592902,1995701.9337778534,camacari-ISSQN
2023-05-01,2023-05-01,4,2023-09-01,20002492.205724116,22570160.38010187,1995701.9337778534,camacari-ISSQN
2023-05-01,2023-05-01,5,2023-10-01,20505785.038989563,22193645.854653798,1995701.9337778534,camacari-ISSQN
2023-05-01,2023-05-01,6,2023-11-01,25611611.938634984,22050605.8929493,1995701.9337778534,camacari-ISSQN
2023-05-01,2023-05-01,7,2023-12-01,23583900.23543129,24270871.48580774,1995701.9337778534,camacari-ISSQN
2023-05-01,2023-05-01,8,2024-01-01,22986387.186458543,26635542.129273403,1995701.9337778534,camacari-ISSQN
2023-05-01,2023-05-01,9,2024-02-01,23872500.478948027,20597220.521265104,1995701.9337778534,camacari-ISSQN
2023-05-01,2023-05-01,10,2024-03-01,21240482.31230949,21086733.509843443,1995701.9337778534,camacari-ISSQN
2023-05-01,2023-05-01,11,2024-04-01,22746532.296000022,21249482.64009612,1995701.9337778534,camacari-ISSQN
2023-05-01,2023-05-01,12,2024-05-01,19444201.33987925,19729799.247572944,1995701.9337778534,camacari-ISSQN
2023-06-01,2023-06-01,1,2023-07-01,21036673.873442713,20249967.672376987,1987609.931557085,camacari-ISSQN
2023-06-01,2023-06-01,2,2023-08-01,21575949.02090314,20550369.213914867,1987609.931557085,camacari-ISSQN
2023-06-01,2023-06-01,3,2023-09-01,20002492.205724116,21723051.367855277,1987609.931557085,camacari-ISSQN
2023-06-01,2023-06-01,4,2023-10-01,20505785.038989563,21342634.662410878,1987609.931557085,camacari-ISSQN
2023-06-01,2023-06-01,5,2023-11-01,25611611.938634984,21186863.34173044,1987609.931557085,camacari-ISSQN
2023-06-01,2023-06-01,6,2023-12-01,23583900.23543129,23304561.314881936,1987609.931557085,camacari-ISSQN
2023-06-01,2023-06-01,7,2024-01-01,22986387.186458543,25571429.797162984,1987609.931557085,camacari-ISSQN
2023-06-01,2023-06-01,8,2024-02-01,23872500.478948027,19753984.80026398,1987609.931557085,camacari-ISSQN
2023-06-01,2023-06-01,9,2024-03-01,21240482.31230949,20217997.838187847,1987609.931557085,camacari-ISSQN
2023-06-01,2023-06-01,10,2024-04-01,22746532.296000022,20369784.371509813,1987609.931557085,camacari-ISSQN
2023-06-01,2023-06-01,11,2024-05-01,19444201.33987925,18894811.881849155,1987609.931557085,camacari-ISSQN
2023-06-01,2023-06-01,12,2024-06-01,16493090.02262242,20045462.240637083,1987609.931557085,camacari-ISSQN
2023-07-01,2023-07-01,1,2023-08-01,21575949.02090314,20904311.429072123,1995162.5076294306,camacari-ISSQN
2023-07-01,2023-07-01,2,2023-09-01,20002492.205724116,22102390.439115744,1995162.5076294306,camacari-ISSQN
2023-07-01,2023-07-01,3,2023-10-01,20505785.038989563,21721887.53888518,1995162.5076294306,camacari-ISSQN
2023-07-01,2023-07-01,4,2023-11-01,25611611.938634984,21569825.21006598,1995162.5076294306,camacari-ISSQN
2023-07-01,2023-07-01,5,2023-12-01,23583900.23543129,23731476.661121026,1995162.5076294306,camacari-ISSQN
2023-07-01,2023-07-01,6,2024-01-01,22986387.186458543,26038358.058691304,1995162.5076294306,camacari-ISSQN
2023-07-01,2023-07-01,7,2024-02-01,23872500.478948027,20123087.756523818,1995162.5076294306,camacari-ISSQN
2023-07-01,2023-07-01,8,2024-03-01,21240482.31230949,20597446.071110155,1995162.5076294306,camacari-ISSQN
2023-07-01,2023-07-01,9,2024-04-01,22746532.296000022,20753536.317876726,1995162.5076294306,camacari-ISSQN
2023-07-01,2023-07-01,10,2024-05-01,19444201.33987925,19256287.875526734,1995162.5076294306,camacari-ISSQN
2023-07-01,2023-07-01,11,2024-06-01,16493090.02262242,20431632.448572602,1995162.5076294306,camacari-ISSQN
2023-07-01,2023-07-01,12,2024-07-01,19435833.10529593,20808357.415810082,1995162.5076294306,camacari-ISSQN
2023-08-01,2023-08-01,1,2023-09-01,20002492.205724116,22408598.43927075,1994541.0141305204,camacari-ISSQN
2023-08-01,2023-08-01,2,2023-10-01,20505785.038989563,22027898.576201335,1994541.0141305204,camacari-ISSQN
2023-08-01,2023-08-01,3,2023-11-01,25611611.938634984,21879109.950412467,1994541.0141305204,camacari-ISSQN
2023-08-01,2023-08-01,4,2023-12-01,23583900.23543129,24075961.282785237,1994541.0141305204,camacari-ISSQN
2023-08-01,2023-08-01,5,2024-01-01,22986387.186458543,26419248.516560223,1994541.0141305204,camacari-ISSQN
2023-08-01,2023-08-01,6,2024-02-01,23872500.478948027,20422088.404885627,1994541.0141305204,camacari-ISSQN
2023-08-01,2023-08-01,7,2024-03-01,21240482.31230949,20905061.78430339,1994541.0141305204,camacari-ISSQN
2023-08-01,2023-08-01,8,2024-04-01,22746532.296000022,21065339.285959836,1994541.0141305204,camacari-ISSQN
2023-08-01,2023-08-01,9,2024-05-01,19444201.33987925,19549734.184062306,1994541.0141305204,camacari-ISSQN
2023-08-01,2023-08-01,10,2024-06-01,16493090.02262242,20744904.709263254,1994541.0141305204,camacari-ISSQN
2023-08-01,2023-08-01,11,2024-07-01,19435833.10529593,21128606.70155448,1994541.0141305204,camacari-ISSQN
2023-08-01,2023-08-01,12,2024-08-01,19835674.60459411,21458359.571606368,1994541.0141305204,camacari-ISSQN
2023-09-01,2023-09-01,1,2023-10-01,20505785.038989563,21004076.644120798,1987371.8992191309,camacari-ISSQN
2023-09-01,2023-09-01,2,2023-11-01,25611611.938634984,20848901.157928668,1987371.8992191309,camacari-ISSQN
2023-09-01,2023-09-01,3,2023-12-01,23583900.23543129,22933932.130473986,1987371.8992191309,camacari-ISSQN
2023-09-01,2023-09-01,4,2024-01-01,22986387.186458543,25160581.056703415,1987371.8992191309,camacari-ISSQN
2023-09-01,2023-09-01,5,2024-02-01,23872500.478948027,19439382.79161292,1987371.8992191309,camacari-ISSQN
2023-09-01,2023-09-01,6,2024-03-01,21240482.31230949,19896998.36588328,1987371.8992191309,camacari-ISSQN
2023-09-01,2023-09-01,7,2024-04-01,22746532.296000022,20047072.93593521,1987371.8992191309,camacari-ISSQN
2023-09-01,2023-09-01,8,2024-05-01,19444201.33987925,18595754.11892066,1987371.8992191309,camacari-ISSQN
2023-09-01,2023-09-01,9,2024-06-01,16493090.02262242,19729011.032079358,1987371.8992191309,camacari-ISSQN
2023-09-01,2023-09-01,10,2024-07-01,19435833.10529593,20093035.55715902,1987371.8992191309,camacari-ISSQN
2023-09-01,2023-09-01,11,2024-08-01,19835674.60459411,20405118.190908603,1987371.8992191309,camacari-ISSQN
2023-09-01,2023-09-01,12,2024-09-01,17906349.079996813,21288524.015991613,1987371.8992191309,camacari-ISSQN
2023-10-01,2023-10-01,1,2023-11-01,25611611.938634984,20630801.229798287,1966836.5920636822,camacari-ISSQN
2023-10-01,2023-10-01,2,2023-12-01,23583900.23543129,22693420.63841521,1966836.5920636822,camacari-ISSQN
2023-10-01,2023-10-01,3,2024-01-01,22986387.186458543,24901928.452535618,1966836.5920636822,camacari-ISSQN
2023-10-01,2023-10-01,4,2024-02-01,23872500.478948027,19235555.261853535,1966836.5920636822,camacari-ISSQN
2023-10-01,2023-10-01,5,2024-03-01,21240482.31230949,19689585.86617001,1966836.5920636822,camacari-ISSQN
2023-10-01,2023-10-01,6,2024-04-01,22746532.296000022,19838709.851827692,1966836.5920636822,camacari-ISSQN
2023-10-01,2023-10-01,7,2024-05-01,19444201.33987925,18401160.69406057,1966836.5920636822,camacari-ISSQN
2023-10-01,2023-10-01,8,2024-06-01,16493090.02262242,19523055.035700254,1966836.5920636822,camacari-ISSQN
2023-10-01,2023-10-01,9,2024-07-01,19435833.10529593,19885090.05921829,1966836.5920636822,camacari-ISSQN
2023-10-01,2023-10-01,10,2024-08-01,19835674.60459411,20194539.340086393,1966836.5920636822,camacari-ISSQN
2023-10-01,2023-10-01,11,2024-09-01,17906349.079996813,21067829.35898135,1966836.5920636822,camacari-ISSQN
2023-10-01,2023-10-01,12,2024-10-01,20102987.31695594,20762801.350470442,1966836.5920636822,camacari-ISSQN
2023-11-01,2023-11-01,1,2023-12-01,23583900.23543129,24935617.284678113,1990281.8433552582,camacari-ISSQN
2023-11-01,2023-11-01,2,2024-01-01,22986387.186458543,27347642.43940392,1990281.8433552582,camacari-ISSQN
2023-11-01,2023-11-01,3,2024-02-01,23872500.478948027,21176411.825628553,1990281.8433552582,camacari-ISSQN
2023-11-01,2023-11-01,4,2024-03-01,21240482.31230949,21687408.321711447,1990281.8433552582,camacari-ISSQN
2023-11-01,2023-11-01,5,2024-04-01,22746532.296000022,21866173.880005706,1990281.8433552582,camacari-ISSQN
2023-11-01,2023-11-01,6,2024-05-01,19444201.33987925,20308801.65031489,1990281.8433552582,camacari-ISSQN
2023-11-01,2023-11-01,7,2024-06-01,16493090.02262242,21561368.985955417,1990281.8433552582,camacari-ISSQN
2023-11-01,2023-11-01,8,2024-07-01,19435833.10529593,21964054.104237683,1990281.8433552582,camacari-ISSQN
2023-11-01,2023-11-01,9,2024-08-01,19835674.60459411,22319309.982235793,1990281.8433552582,camacari-ISSQN
2023-11-01,2023-11-01,10,2024-09-01,17906349.079996813,23303619.7242975,1990281.8433552582,camacari-ISSQN
2023-11-01,2023-11-01,11,2024-10-01,20102987.31695594,22976795.290026054,1990281.8433552582,camacari-ISSQN
2023-11-01,2023-11-01,12,2024-11-01,23924007.188177645,23543853.24571338,1990281.8433552582,camacari-ISSQN
2023-12-01,2023-12-01,1,2024-01-01,22986387.186458543,26726014.910109714,1984678.3916945036,camacari-ISSQN
2023-12-01,2023-12-01,2,2024-02-01,23872500.478948027,20691985.69157169,1984678.3916945036,camacari-ISSQN
2023-12-01,2023-12-01,3,2024-03-01,21240482.31230949,21185323.731734276,1984678.3916945036,camacari-ISSQN
2023-12-01,2023-12-01,4,2024-04-01,22746532.296000022,21354292.61295681,1984678.3916945036,camacari-ISSQN
2023-12-01,2023-12-01,5,2024-05-01,19444201.33987925,19825829.37001968,1984678.3916945036,camacari-ISSQN
2023-12-01,2023-12-01,6,2024-06-01,16493090.02262242,21043689.217232116,1984678.3916945036,camacari-ISSQN
2023-12-01,2023-12-01,7,2024-07-01,19435833.10529593,21429900.425988246,1984678.3916945036,camacari-ISSQN
2023-12-01,2023-12-01,8,2024-08-01,19835674.60459411,21771486.385160454,1984678.3916945036,camacari-ISSQN
2023-12-01,2023-12-01,9,2024-09-01,17906349.079996813,22725142.430042367,1984678.3916945036,camacari-ISSQN
2023-12-01,2023-12-01,10,2024-10-01,20102987.31695594,22402549.454782546,1984678.3916945036,camacari-ISSQN
2023-12-01,2023-12-01,11,2024-11-01,23924007.188177645,22956362.79201028,1984678.3916945036,camacari-ISSQN
2023-12-01,2023-12-01,12,2024-12-01,23738153.513783302,24658940.814456582,1984678.3916945036,camacari-ISSQN
2024-01-01,2024-01-01,1,2024-02-01,23872500.478948027,19514987.814105213,2027836.3182868634,camacari-ISSQN
2024-01-01,2024-01-01,2,2024-03-01,21240482.31230949,19970022.464246355,2027836.3182868634,camacari-ISSQN
2024-01-01,2024-01-01,3,2024-04-01,22746532.296000022,20120548.70260746,2027836.3182868634,camacari-ISSQN
2024-01-01,2024-01-01,4,2024-05-01,19444201.33987925,18669959.25054063,2027836.3182868634,camacari-ISSQN
2024-01-01,2024-01-01,5,2024-06-01,16493090.02262242,19809240.43180544,2027836.3182868634,camacari-ISSQN
2024-01-01,2024-01-01,6,2024-07-01,19435833.10529593,20164609.34031841,2027836.3182868634,camacari-ISSQN
2024-01-01,2024-01-01,7,2024-08-01,19835674.60459411,20480216.51916353,2027836.3182868634,camacari-ISSQN
2024-01-01,2024-01-01,8,2024-09-01,17906349.079996813,21369369.910843633,2027836.3182868634,camacari-ISSQN
2024-01-01,2024-01-01,9,2024-10-01,20102987.31695594,21062424.068408947,2027836.3182868634,camacari-ISSQN
2024-01-01,2024-01-01,10,2024-11-01,23924007.188177645,21584296.75610625,2027836.3182868634,camacari-ISSQN
2024-01-01,2024-01-01,11,2024-12-01,23738153.513783302,23173374.062982563,2027836.3182868634,camacari-ISSQN
2024-01-01,2024-01-01,12,2025-01-01,23623568.323823698,25135638.40366731,2027836.3182868634,camacari-ISSQN
2024-02-01,2024-02-01,1,2024-03-01,21240482.31230949,21673762.562760625,2058349.9900840071,camacari-ISSQN
2024-02-01,2024-02-01,2,2024-04-01,22746532.296000022,21867768.954263944,2058349.9900840071,camacari-ISSQN
2024-02-01,2024-02-01,3,2024-05-01,19444201.33987925,20329606.999340445,2058349.9900840071,camacari-ISSQN
2024-02-01,2024-02-01,4,2024-06-01,16493090.02262242,21599188.8716488,2058349.9900840071,camacari-ISSQN
2024-02-01,2024-02-01,5,2024-07-01,19435833.10529593,22002195.45206337,2058349.9900840071,camacari-ISSQN
2024-02-01,2024-02-01,6,2024-08-01,19835674.60459411,22373362.271324508,2058349.9900840071,camacari-ISSQN
2024-02-01,2024-02-01,7,2024-09-01,17906349.079996813,23371734.60709138,2058349.9900840071,camacari-ISSQN
2024-02-01,2024-02-01,8,2024-10-01,20102987.31695594,23061889.316403445,2058349.9900840071,camacari-ISSQN
2024-02-01,2024-02-01,9,2024-11-01,23924007.188177645,23629230.269435145,2058349.9900840071,camacari-ISSQN
2024-02-01,2024-02-01,10,2024-12-01,23738153.513783302,25412318.780350845,2058349.9900840071,camacari-ISSQN
2024-02-01,2024-02-01,11,2025-01-01,23623568.323823698,27587431.880008295,2058349.9900840071,camacari-ISSQN
2024-02-01,2024-02-01,12,2025-02-01,20422464.894915722,22058835.914906673,2058349.9900840071,camacari-ISSQN
2024-03-01,2024-03-01,1,2024-04-01,22746532.296000022,21701639.787218247,2048032.2708684506,camacari-ISSQN
2024-03-01,2024-03-01,2,2024-05-01,19444201.33987925,20171325.479509357,2048032.2708684506,camacari-ISSQN
2024-03-01,2024-03-01,3,2024-06-01,16493090.02262242,21427836.066063493,2048032.2708684506,camacari-ISSQN
2024-03-01,2024-03-01,4,2024-07-01,19435833.10529593,21824385.15961043,2048032.2708684506,camacari-ISSQN
2024-03-01,2024-03-01,5,2024-08-01,19835674.60459411,22189546.793844197,2048032.2708684506,camacari-ISSQN
2024-03-01,2024-03-01,6,2024-09-01,17906349.079996813,23176260.576529037,2048032.2708684506,camacari-ISSQN
2024-03-01,2024-03-01,7,2024-10-01,20102987.31695594,22866506.824250855,2048032.2708684506,camacari-ISSQN
2024-03-01,2024-03-01,8,2024-11-01,23924007.188177645,23426959.299643643,2048032.2708684506,camacari-ISSQN
2024-03-01,2024-03-01,9,2024-12-01,23738153.513783302,25191094.821690902,2048032.2708684506,camacari-ISSQN
2024-03-01,2024-03-01,10,2025-01-01,23623568.323823698,27337937.537464086,2048032.2708684506,camacari-ISSQN
2024-03-01,2024-03-01,11,2025-02-01,20422464.894915722,21863847.569826666,2048032.2708684506,camacari-ISSQN
2024-03-01,2024-03-01,12,2025-03-01,19211250.317555815,21978597.12800304,2048032.2708684506,camacari-ISSQN
2024-04-01,2024-04-01,1,2024-05-01,19444201.33987925,20538612.71622458,2030837.4013924408,camacari-ISSQN
2024-04-01,2024-04-01,2,2024-06-01,16493090.02262242,21826589.91482323,2030837.4013924408,camacari-ISSQN
2024-04-01,2024-04-01,3,2024-07-01,19435833.10529593,22238732.781030323,2030837.4013924408,camacari-ISSQN
2024-04-01,2024-04-01,4,2024-08-01,19835674.60459411,22619083.493313015,2030837.4013924408,camacari-ISSQN
2024-04-01,2024-04-01,5,2024-09-01,17906349.079996813,23633733.077139758,2030837.4013924408,camacari-ISSQN
2024-04-01,2024-04-01,6,2024-10-01,20102987.31695594,23325446.253774088,2030837.4013924408,camacari-ISSQN
2024-04-01,2024-04-01,7,2024-11-01,23924007.188177645,23903743.215477478,2030837.4013924408,camacari-ISSQN
2024-04-01,2024-04-01,8,2024-12-01,23738153.513783302,25712909.777388092,2030837.4013924408,camacari-ISSQN
2024-04-01,2024-04-01,9,2025-01-01,23623568.323823698,27915137.74189407,2030837.4013924408,camacari-ISSQN
2024-04-01,2024-04-01,10,2025-02-01,20422464.894915722,22327510.930311717,2030837.4013924408,camacari-ISSQN
2024-04-01,2024-04-01,11,2025-03-01,19211250.317555815,22452228.95783157,2030837.4013924408,camacari-ISSQN
2024-04-01,2024-04-01,12,2025-04-01,20064010.88338034,22765096.667861387,2030837.4013924408,camacari-ISSQN
2024-05-01,2024-05-01,1,2024-06-01,16493090.02262242,-25284379.89764852,2021919.7643800972,camacari-ISSQN
2024-05-01,2024-05-01,2,2024-07-01,19435833.10529593,-26526197.84257201,2021919.7643800972,camacari-ISSQN
2024-05-01,2024-05-01,3,2024-08-01,19835674.60459411,8687243.131255515,2021919.7643800972,camacari-ISSQN
2024-05-01,2024-05-01,4,2024-09-01,17906349.079996813,-47823878.872611605,2021919.7643800972,camacari-ISSQN
2024-05-01,2024-05-01,5,2024-10-01,20102987.31695594,-54055568.55037798,2021919.7643800972,camacari-ISSQN
2024-05-01,2024-05-01,6,2024-11-01,23924007.188177645,-6642258.471240373,2021919.7643800972,camacari-ISSQN
2024-05-01,2024-05-01,7,2024-12-01,23738153.513783302,3024567.4549983735,2021919.7643800972,camacari-ISSQN
2024-05-01,2024-05-01,8,2025-01-01,23623568.323823698,29594648.196656976,2021919.7643800972,camacari-ISSQN
2024-05-01,2024-05-01,9,2025-02-01,20422464.894915722,13307743.426838038,2021919.7643800972,camacari-ISSQN
2024-05-01,2024-05-01,10,2025-03-01,19211250.317555815,22273112.022464234,2021919.7643800972,camacari-ISSQN
2024-05-01,2024-05-01,11,2025-04-01,20064010.88338034,20593115.48104538,2021919.7643800972,camacari-ISSQN
2024-05-01,2024-05-01,12,2025-05-01,23108414.164161336,20876989.881587926,2021919.7643800972,camacari-ISSQN
2024-06-01,2024-06-01,1,2024-07-01,19435833.10529593,19865198.559234824,2028011.506186054,camacari-ISSQN
2024-06-01,2024-06-01,2,2024-08-01,19835674.60459411,20170282.604151264,2028011.506186054,camacari-ISSQN
2024-06-01,2024-06-01,3,2024-09-01,17906349.079996813,21039141.8500591,2028011.506186054,camacari-ISSQN
2024-06-01,2024-06-01,4,2024-10-01,20102987.31695594,20733757.3401753,2028011.506186054,camacari-ISSQN
2024-06-01,2024-06-01,5,2024-11-01,23924007.188177645,21222160.673951868,2028011.506186054,camacari-ISSQN
2024-06-01,2024-06-01,6,2024-12-01,23738153.513783302,22793765.14408804,2028011.506186054,camacari-ISSQN
2024-06-01,2024-06-01,7,2025-01-01,23623568.323823698,24718229.9584774,2028011.506186054,camacari-ISSQN
2024-06-01,2024-06-01,8,2025-02-01,20422464.894915722,19753497.97975036,2028011.506186054,camacari-ISSQN
2024-06-01,2024-06-01,9,2025-03-01,19211250.317555815,19839645.756503996,2028011.506186054,camacari-ISSQN
2024-06-01,2024-06-01,10,2025-04-01,20064010.88338034,20101734.830834713,2028011.506186054,camacari-ISSQN
2024-06-01,2024-06-01,11,2025-05-01,23108414.164161336,18490326.060937744,2028011.506186054,camacari-ISSQN
2024-06-01,2024-06-01,12,2025-06-01,25608048.4628075,19325128.387282915,2028011.506186054,camacari-ISSQN
2024-07-01,2024-07-01,1,2024-08-01,19835674.60459411,19991813.08638607,2023864.217467226,camacari-ISSQN
2024-07-01,2024-07-01,2,2024-09-01,17906349.079996813,20852938.771950096,2023864.217467226,camacari-ISSQN
2024-07-01,2024-07-01,3,2024-10-01,20102987.31695594,20549777.681193575,2023864.217467226,camacari-ISSQN
2024-07-01,2024-07-01,4,2024-11-01,23924007.188177645,21036203.2105531,2023864.217467226,camacari-ISSQN
2024-07-01,2024-07-01,5,2024-12-01,23738153.513783302,22592821.069356073,2023864.217467226,camacari-ISSQN
2024-07-01,2024-07-01,6,2025-01-01,23623568.323823698,24507800.4156877,2023864.217467226,camacari-ISSQN
2024-07-01,2024-07-01,7,2025-02-01,20422464.894915722,19582425.48765672,2023864.217467226,camacari-ISSQN
2024-07-01,2024-07-01,8,2025-03-01,19211250.317555815,19668307.152988877,2023864.217467226,camacari-ISSQN
2024-07-01,2024-07-01,9,2025-04-01,20064010.88338034,19928542.059833467,2023864.217467226,camacari-ISSQN
2024-07-01,2024-07-01,10,2025-05-01,23108414.164161336,18329931.502596285,2023864.217467226,camacari-ISSQN
2024-07-01,2024-07-01,11,2025-06-01,25608048.4628075,19154795.113890972,2023864.217467226,camacari-ISSQN
2024-07-01,2024-07-01,12,2025-07-01,21995204.621536642,19659169.84948073,2023864.217467226,camacari-ISSQN
2024-08-01,2024-08-01,1,2024-09-01,17906349.079996813,20788802.328464307,2021137.3924560896,camacari-ISSQN
2024-08-01,2024-08-01,2,2024-10-01,20102987.31695594,20486491.80074405,2021137.3924560896,camacari-ISSQN
2024-08-01,2024-08-01,3,2024-11-01,23924007.188177645,20972647.06646576,2021137.3924560896,camacari-ISSQN
2024-08-01,2024-08-01,4,2024-12-01,23738153.513783302,22524388.043208826,2021137.3924560896,camacari-ISSQN
2024-08-01,2024-08-01,5,2025-01-01,23623568.323823698,24437156.812835284,2021137.3924560896,camacari-ISSQN
2024-08-01,2024-08-01,6,2025-02-01,20422464.894915722,19524801.83547074,2021137.3924560896,camacari-ISSQN
2024-08-01,2024-08-01,7,2025-03-01,19211250.317555815,19610824.926785503,2021137.3924560896,camacari-ISSQN
2024-08-01,2024-08-01,8,2025-04-01,20064010.88338034,19871284.371724837,2021137.3924560896,camacari-ISSQN
2024-08-01,2024-08-01,9,2025-05-01,23108414.164161336,18277182.222172413,2021137.3924560896,camacari-ISSQN
2024-08-01,2024-08-01,10,2025-06-01,25608048.4628075,19099001.224542513,2021137.3924560896,camacari-ISSQN
2024-08-01,2024-08-01,11,2025-07-01,21995204.621536642,19603287.53940011,2021137.3924560896,camacari-ISSQN
2024-08-01,2024-08-01,12,2025-08-01,21128408.23347808,19907164.764176846,2021137.3924560896,camacari-ISSQN
2024-09-01,2024-09-01,1,2024-10-01,20102987.31695594,19382386.71099511,2021851.7327729582,camacari-ISSQN
2024-09-01,2024-09-01,2,2024-11-01,23924007.188177645,19848204.160657447,2021851.7327729582,camacari-ISSQN
2024-09-01,2024-09-01,3,2024-12-01,23738153.513783302,21316412.320443407,2021851.7327729582,camacari-ISSQN
2024-09-01,2024-09-01,4,2025-01-01,23623568.323823698,23144638.702118296,2021851.7327729582,camacari-ISSQN
2024-09-01,2024-09-01,5,2025-02-01,20422464.894915722,18486947.042360995,2021851.7327729582,camacari-ISSQN
2024-09-01,2024-09-01,6,2025-03-01,19211250.317555815,18571226.067328747,2021851.7327729582,camacari-ISSQN
2024-09-01,2024-09-01,7,2025-04-01,20064010.88338034,18821356.85988661,2021851.7327729582,camacari-ISSQN
2024-09-01,2024-09-01,8,2025-05-01,23108414.164161336,17311590.641341776,2021851.7327729582,camacari-ISSQN
2024-09-01,2024-09-01,9,2025-06-01,25608048.4628075,18087716.209038097,2021851.7327729582,camacari-ISSQN
2024-09-01,2024-09-01,10,2025-07-01,21995204.621536642,18574769.042514935,2021851.7327729582,camacari-ISSQN
2024-09-01,2024-09-01,11,2025-08-01,21128408.23347808,18866620.705269385,2021851.7327729582,camacari-ISSQN
2024-09-01,2024-09-01,12,2025-09-01,24511070.04857661,19454870.29788925,2021851.7327729582,camacari-ISSQN
2024-10-01,2024-10-01,1,2024-11-01,23924007.188177645,20133729.96597289,2006577.6383320212,camacari-ISSQN
2024-10-01,2024-10-01,2,2024-12-01,23738153.513783302,21623251.392097503,2006577.6383320212,camacari-ISSQN
2024-10-01,2024-10-01,3,2025-01-01,23623568.323823698,23470944.96378104,2006577.6383320212,camacari-ISSQN
2024-10-01,2024-10-01,4,2025-02-01,20422464.894915722,18750394.320690837,2006577.6383320212,camacari-ISSQN
2024-10-01,2024-10-01,5,2025-03-01,19211250.317555815,18834650.904105015,2006577.6383320212,camacari-ISSQN
2024-10-01,2024-10-01,6,2025-04-01,20064010.88338034,19087675.380618572,2006577.6383320212,camacari-ISSQN
2024-10-01,2024-10-01,7,2025-05-01,23108414.164161336,17556177.85810697,2006577.6383320212,camacari-ISSQN
2024-10-01,2024-10-01,8,2025-06-01,25608048.4628075,18342921.688103892,2006577.6383320212,camacari-ISSQN
2024-10-01,2024-10-01,9,2025-07-01,21995204.621536642,18835449.583052043,2006577.6383320212,camacari-ISSQN
2024-10-01,2024-10-01,10,2025-08-01,21128408.23347808,19129890.196518343,2006577.6383320212,camacari-ISSQN
2024-10-01,2024-10-01,11,2025-09-01,24511070.04857661,19726940.7232832,2006577.6383320212,camacari-ISSQN
2024-10-01,2024-10-01,12,2025-10-01,22282587.251372285,19649635.08175007,2006577.6383320212,camacari-ISSQN
2024-11-01,2024-11-01,1,2024-12-01,23738153.513783302,23108013.057118382,2003596.583305155,camacari-ISSQN
2024-11-01,2024-11-01,2,2025-01-01,23623568.323823698,25056073.92319332,2003596.583305155,camacari-ISSQN
2024-11-01,2024-11-01,3,2025-02-01,20422464.894915722,20023463.486449104,2003596.583305155,camacari-ISSQN
2024-11-01,2024-11-01,4,2025-03-01,19211250.317555815,20109340.74657933,2003596.583305155,camacari-ISSQN
2024-11-01,2024-11-01,5,2025-04-01,20064010.88338034,20374975.45996498,2003596.583305155,camacari-ISSQN
2024-11-01,2024-11-01,6,2025-05-01,23108414.164161336,18736142.881900866,2003596.583305155,camacari-ISSQN
2024-11-01,2024-11-01,7,2025-06-01,25608048.4628075,19573963.319495585,2003596.583305155,camacari-ISSQN
2024-11-01,2024-11-01,8,2025-07-01,21995204.621536642,20087244.86279324,2003596.583305155,camacari-ISSQN
2024-11-01,2024-11-01,9,2025-08-01,21128408.23347808,20395705.660602227,2003596.583305155,camacari-ISSQN
2024-11-01,2024-11-01,10,2025-09-01,24511070.04857661,21033621.477918476,2003596.583305155,camacari-ISSQN
2024-11-01,2024-11-01,11,2025-10-01,22282587.251372285,20935570.187385835,2003596.583305155,camacari-ISSQN
2024-11-01,2024-11-01,12,2025-11-01,25054929.950006504,21828757.351730835,2003596.583305155,camacari-ISSQN
2024-12-01,2024-12-01,1,2025-01-01,23623568.323823698,25312611.45930615,1986473.0341852186,camacari-ISSQN
2024-12-01,2024-12-01,2,2025-02-01,20422464.894915722,20227171.328398768,1986473.0341852186,camacari-ISSQN
2024-12-01,2024-12-01,3,2025-03-01,19211250.317555815,20314076.30968625,1986473.0341852186,camacari-ISSQN
2024-12-01,2024-12-01,4,2025-04-01,20064010.88338034,20581497.302410956,1986473.0341852186,camacari-ISSQN
2024-12-01,2024-12-01,5,2025-05-01,23108414.164161336,18926263.896558117,1986473.0341852186,camacari-ISSQN
2024-12-01,2024-12-01,6,2025-06-01,25608048.4628075,19772505.848064024,1986473.0341852186,camacari-ISSQN
2024-12-01,2024-12-01,7,2025-07-01,21995204.621536642,20290456.126457788,1986473.0341852186,camacari-ISSQN
2024-12-01,2024-12-01,8,2025-08-01,21128408.23347808,20601612.713587675,1986473.0341852186,camacari-ISSQN
2024-12-01,2024-12-01,9,2025-09-01,24511070.04857661,21246618.783166897,1986473.0341852186,camacari-ISSQN
2024-12-01,2024-12-01,10,2025-10-01,22282587.251372285,21145795.582819633,1986473.0341852186,camacari-ISSQN
2024-12-01,2024-12-01,11,2025-11-01,25054929.950006504,22046953.775864154,1986473.0341852186,camacari-ISSQN
2024-12-01,2024-12-01,12,2025-12-01,34645157.78,23416706.331147242,1986473.0341852186,camacari-ISSQN
2025-01-01,2025-01-01,1,2025-02-01,20422464.894915722,19726055.46888766,1974094.20944375,camacari-ISSQN
2025-01-01,2025-01-01,2,2025-03-01,19211250.317555815,19811353.2071276,1974094.20944375,camacari-ISSQN
2025-01-01,2025-01-01,3,2025-04-01,20064010.88338034,20074881.71235172,1974094.20944375,camacari-ISSQN
2025-01-01,2025-01-01,4,2025-05-01,23108414.164161336,18462667.500091746,1974094.20944375,camacari-ISSQN
2025-01-01,2025-01-01,5,2025-06-01,25608048.4628075,19290377.25995205,1974094.20944375,camacari-ISSQN
2025-01-01,2025-01-01,6,2025-07-01,21995204.621536642,19796828.460860346,1974094.20944375,camacari-ISSQN
2025-01-01,2025-01-01,7,2025-08-01,21128408.23347808,20103589.38595582,1974094.20944375,camacari-ISSQN
2025-01-01,2025-01-01,8,2025-09-01,24511070.04857661,20734328.233392116,1974094.20944375,camacari-ISSQN
2025-01-01,2025-01-01,9,2025-10-01,22282587.251372285,20641102.702450912,1974094.20944375,camacari-ISSQN
2025-01-01,2025-01-01,10,2025-11-01,25054929.950006504,21524377.03271871,1974094.20944375,camacari-ISSQN
2025-01-01,2025-01-01,11,2025-12-01,34645157.78,22866292.657928437,1974094.20944375,camacari-ISSQN
2025-02-01,2025-02-01,1,2025-03-01,19211250.317555815,20065832.195899352,1987511.858303646,camacari-ISSQN
2025-02-01,2025-02-01,2,2025-04-01,20064010.88338034,20332907.584158365,1987511.858303646,camacari-ISSQN
2025-02-01,2025-02-01,3,2025-05-01,23108414.164161336,18699950.96788954,1987511.858303646,camacari-ISSQN
2025-02-01,2025-02-01,4,2025-06-01,25608048.4628075,19538258.8635534,1987511.858303646,camacari-ISSQN
2025-02-01,2025-02-01,5,2025-07-01,21995204.621536642,20051059.646919146,1987511.858303646,camacari-ISSQN
2025-02-01,2025-02-01,6,2025-08-01,21128408.23347808,20361607.208107557,1987511.858303646,camacari-ISSQN
2025-02-01,2025-02-01,7,2025-09-01,24511070.04857661,21000215.90390202,1987511.858303646,camacari-ISSQN
2025-02-01,2025-02-01,8,2025-10-01,22282587.251372285,20905143.746136528,1987511.858303646,camacari-ISSQN
2025-02-01,2025-02-01,9,2025-11-01,25054929.950006504,21798364.231425814,1987511.858303646,camacari-ISSQN
2025-02-01,2025-02-01,10,2025-12-01,34645157.78,23157001.370760594,1987511.858303646,camacari-ISSQN
2025-03-01,2025-03-01,1,2025-04-01,20064010.88338034,20019134.206877153,1987887.7153887814,camacari-ISSQN
2025-03-01,2025-03-01,2,2025-05-01,23108414.164161336,18412205.53393848,1987887.7153887814,camacari-ISSQN
2025-03-01,2025-03-01,3,2025-06-01,25608048.4628075,19237429.04187971,1987887.7153887814,camacari-ISSQN
2025-03-01,2025-03-01,4,2025-07-01,21995204.621536642,19743679.382991828,1987887.7153887814,camacari-ISSQN
2025-03-01,2025-03-01,5,2025-08-01,21128408.23347808,20050703.03097502,1987887.7153887814,camacari-ISSQN
2025-03-01,2025-03-01,6,2025-09-01,24511070.04857661,20680366.679493234,1987887.7153887814,camacari-ISSQN
2025-03-01,2025-03-01,7,2025-10-01,22282587.251372285,20588311.77575946,1987887.7153887814,camacari-ISSQN
2025-03-01,2025-03-01,8,2025-11-01,25054929.950006504,21470498.363078408,1987887.7153887814,camacari-ISSQN
2025-03-01,2025-03-01,9,2025-12-01,34645157.78,22809994.656356048,1987887.7153887814,camacari-ISSQN
2025-04-01,2025-04-01,1,2025-05-01,23108414.164161336,18427977.94219202,1994089.8019712004,camacari-ISSQN
2025-04-01,2025-04-01,2,2025-06-01,25608048.4628075,19254353.439884935,1994089.8019712004,camacari-ISSQN
2025-04-01,2025-04-01,3,2025-07-01,21995204.621536642,19761213.80467604,1994089.8019712004,camacari-ISSQN
2025-04-01,2025-04-01,4,2025-08-01,21128408.23347808,20068921.075101156,1994089.8019712004,camacari-ISSQN
2025-04-01,2025-04-01,5,2025-09-01,24511070.04857661,20699679.648058005,1994089.8019712004,camacari-ISSQN
2025-04-01,2025-04-01,6,2025-10-01,22282587.251372285,20607930.644174572,1994089.8019712004,camacari-ISSQN
2025-04-01,2025-04-01,7,2025-11-01,25054929.950006504,21491854.406917848,1994089.8019712004,camacari-ISSQN
2025-04-01,2025-04-01,8,2025-12-01,34645157.78,22833089.89263943,1994089.8019712004,camacari-ISSQN
2025-05-01,2025-05-01,1,2025-06-01,25608048.4628075,20977641.205246285,2008869.651726164,camacari-ISSQN
2025-05-01,2025-05-01,2,2025-07-01,21995204.621536642,21524775.87302453,2008869.651726164,camacari-ISSQN
2025-05-01,2025-05-01,3,2025-08-01,21128408.23347808,21857937.45555819,2008869.651726164,camacari-ISSQN
2025-05-01,2025-05-01,4,2025-09-01,24511070.04857661,22543623.61245019,2008869.651726164,camacari-ISSQN
2025-05-01,2025-05-01,5,2025-10-01,22282587.251372285,22438209.63623413,2008869.651726164,camacari-ISSQN
2025-05-01,2025-05-01,6,2025-11-01,25054929.950006504,23388847.54715692,2008869.651726164,camacari-ISSQN
2025-05-01,2025-05-01,7,2025-12-01,34645157.78,24845141.30500392,2008869.651726164,camacari-ISSQN
2025-06-01,2025-06-01,1,2025-07-01,21995204.621536642,23401171.231498204,2071203.763905628,camacari-ISSQN
2025-06-01,2025-06-01,2,2025-08-01,21128408.23347808,23762924.67622299,2071203.763905628,camacari-ISSQN
2025-06-01,2025-06-01,3,2025-09-01,24511070.04857661,24510523.54241613,2071203.763905628,camacari-ISSQN
2025-06-01,2025-06-01,4,2025-10-01,22282587.251372285,24394552.60538003,2071203.763905628,camacari-ISSQN
2025-06-01,2025-06-01,5,2025-11-01,25054929.950006504,25439329.500709537,2071203.763905628,camacari-ISSQN
2025-06-01,2025-06-01,6,2025-12-01,34645157.78,27013837.340644304,2071203.763905628,camacari-ISSQN
2025-07-01,2025-07-01,1,2025-08-01,21128408.23347808,23171604.30358598,2075448.7008824549,camacari-ISSQN
2025-07-01,2025-07-01,2,2025-09-01,24511070.04857661,23898970.948843073,2075448.7008824549,camacari-ISSQN
2025-07-01,2025-07-01,3,2025-10-01,22282587.251372285,23784083.337160747,2075448.7008824549,camacari-ISSQN
2025-07-01,2025-07-01,4,2025-11-01,25054929.950006504,24794983.990350742,2075448.7008824549,camacari-ISSQN
2025-07-01,2025-07-01,5,2025-12-01,34645157.78,26331688.004195563,2075448.7008824549,camacari-ISSQN
2025-08-01,2025-08-01,1,2025-09-01,24511070.04857661,23090555.8406194,2068701.1571583299,camacari-ISSQN
2025-08-01,2025-08-01,2,2025-10-01,22282587.251372285,22973102.146372553,2068701.1571583299,camacari-ISSQN
2025-08-01,2025-08-01,3,2025-11-01,25054929.950006504,23939856.43372613,2068701.1571583299,camacari-ISSQN
2025-08-01,2025-08-01,4,2025-12-01,34645157.78,25419199.53841721,2068701.1571583299,camacari-ISSQN
2025-09-01,2025-09-01,1,2025-10-01,22282587.251372285,23505218.895265516,2107470.5572559494,camacari-ISSQN
2025-09-01,2025-09-01,2,2025-11-01,25054929.950006504,24499498.38973134,2107470.5572559494,camacari-ISSQN
2025-09-01,2025-09-01,3,2025-12-01,34645157.78,26020288.86105101,2107470.5572559494,camacari-ISSQN
2025-10-01,2025-10-01,1,2025-11-01,25054929.950006504,24017469.77846099,2108081.823164088,camacari-ISSQN
2025-10-01,2025-10-01,2,2025-12-01,34645157.78,25503644.595040057,2108081.823164088,camacari-ISSQN
2025-11-01,2025-11-01,1,2025-12-01,34645157.78,25916582.449117675,2099870.402480599,camacari-ISSQN
2020-12-01,2020-12-01,1,2021-01-01,1795567.5947821462,1871312.1000474603,953745.3597039464,ilheus-IPTU
2020-12-01,2020-12-01,2,2021-02-01,3299371.1233388623,7585377.313889654,953745.3597039464,ilheus-IPTU
2020-12-01,2020-12-01,3,2021-03-01,5552858.751004397,5010013.972262731,953745.3597039464,ilheus-IPTU
2020-12-01,2020-12-01,4,2021-04-01,6389822.232549553,4511578.915681595,953745.3597039464,ilheus-IPTU
2020-12-01,2020-12-01,5,2021-05-01,2697666.1907480466,3488740.7904073596,953745.3597039464,ilheus-IPTU
2020-12-01,2020-12-01,6,2021-06-01,2339335.1332101556,1786831.2146036448,953745.3597039464,ilheus-IPTU
2020-12-01,2020-12-01,7,2021-07-01,2272131.235213842,1688660.3970590944,953745.3597039464,ilheus-IPTU
2020-12-01,2020-12-01,8,2021-08-01,2213100.429243627,2122851.8445720035,953745.3597039464,ilheus-IPTU
2020-12-01,2020-12-01,9,2021-09-01,2623149.9363260926,1549901.9516830507,953745.3597039464,ilheus-IPTU
2020-12-01,2020-12-01,10,2021-10-01,1271908.2831416863,1688825.9483455427,953745.3597039464,ilheus-IPTU
2020-12-01,2020-12-01,11,2021-11-01,974523.3692654738,1480700.420100772,953745.3597039464,ilheus-IPTU
2020-12-01,2020-12-01,12,2021-12-01,1072570.4015688638,1484177.5811740316,953745.3597039464,ilheus-IPTU
2021-01-01,2021-01-01,1,2021-02-01,3299371.1233388623,-5692.4941695482075,944553.3693287106,ilheus-IPTU
2021-01-01,2021-01-01,2,2021-03-01,5552858.751004397,13623.217755438876,944553.3693287106,ilheus-IPTU
2021-01-01,2021-01-01,3,2021-04-01,6389822.232549553,-7179.74002328953,944553.3693287106,ilheus-IPTU
2021-01-01,2021-01-01,4,2021-05-01,2697666.1907480466,6523.451704492287,944553.3693287106,ilheus-IPTU
2021-01-01,2021-01-01,5,2021-06-01,2339335.1332101556,-37716.70050473576,944553.3693287106,ilheus-IPTU
2021-01-01,2021-01-01,6,2021-07-01,2272131.235213842,13199.117131408337,944553.3693287106,ilheus-IPTU
2021-01-01,2021-01-01,7,2021-08-01,2213100.429243627,-124376.45305902243,944553.3693287106,ilheus-IPTU
2021-01-01,2021-01-01,8,2021-09-01,2623149.9363260926,-440448.7176658234,944553.3693287106,ilheus-IPTU
2021-01-01,2021-01-01,9,2021-10-01,1271908.2831416863,-308517.7734429509,944553.3693287106,ilheus-IPTU
2021-01-01,2021-01-01,10,2021-11-01,974523.3692654738,-40269.888397319126,944553.3693287106,ilheus-IPTU
2021-01-01,2021-01-01,11,2021-12-01,1072570.4015688638,-74109.89115497019,944553.3693287106,ilheus-IPTU
2021-01-01,2021-01-01,12,2022-01-01,2343065.624318597,634366.463641069,944553.3693287106,ilheus-IPTU
2021-02-01,2021-02-01,1,2021-03-01,5552858.751004397,4535258.326958366,950325.8501224922,ilheus-IPTU
2021-02-01,2021-02-01,2,2021-04-01,6389822.232549553,4107179.817759471,950325.8501224922,ilheus-IPTU
2021-02-01,2021-02-01,3,2021-05-01,2697666.1907480466,3169916.3699913104,950325.8501224922,ilheus-IPTU
2021-02-01,2021-02-01,4,2021-06-01,2339335.1332101556,1617055.6006839538,950325.8501224922,ilheus-IPTU
2021-02-01,2021-02-01,5,2021-07-01,2272131.235213842,1539890.490463078,950325.8501224922,ilheus-IPTU
2021-02-01,2021-02-01,6,2021-08-01,2213100.429243627,1959065.9873979164,950325.8501224922,ilheus-IPTU
2021-02-01,2021-02-01,7,2021-09-01,2623149.9363260926,1426870.3078041363,950325.8501224922,ilheus-IPTU
2021-02-01,2021-02-01,8,2021-10-01,1271908.2831416863,1569822.1777643422,950325.8501224922,ilheus-IPTU
2021-02-01,2021-02-01,9,2021-11-01,974523.3692654738,1377252.1209850463,950325.8501224922,ilheus-IPTU
2021-02-01,2021-02-01,10,2021-12-01,1072570.4015688638,1370126.307649769,950325.8501224922,ilheus-IPTU
2021-02-01,2021-02-01,11,2022-01-01,2343065.624318597,1743639.2966754874,950325.8501224922,ilheus-IPTU
2021-02-01,2021-02-01,12,2022-02-01,2250002.33291625,6481318.988815367,950325.8501224922,ilheus-IPTU
2021-03-01,2021-03-01,1,2021-04-01,6389822.232549553,4222255.98430648,971895.7524619619,ilheus-IPTU
2021-03-01,2021-03-01,2,2021-05-01,2697666.1907480466,3254506.522234281,971895.7524619619,ilheus-IPTU
2021-03-01,2021-03-01,3,2021-06-01,2339335.1332101556,1662408.3683760902,971895.7524619619,ilheus-IPTU
2021-03-01,2021-03-01,4,2021-07-01,2272131.235213842,1581807.3749358815,971895.7524619619,ilheus-IPTU
2021-03-01,2021-03-01,5,2021-08-01,2213100.429243627,2008861.5118719407,971895.7524619619,ilheus-IPTU
2021-03-01,2021-03-01,6,2021-09-01,2623149.9363260926,1463410.814704468,971895.7524619619,ilheus-IPTU
2021-03-01,2021-03-01,7,2021-10-01,1271908.2831416863,1607669.2313523465,971895.7524619619,ilheus-IPTU
2021-03-01,2021-03-01,8,2021-11-01,974523.3692654738,1410067.2717630912,971895.7524619619,ilheus-IPTU
2021-03-01,2021-03-01,9,2021-12-01,1072570.4015688638,1404431.55234491,971895.7524619619,ilheus-IPTU
2021-03-01,2021-03-01,10,2022-01-01,2343065.624318597,1773902.3181317875,971895.7524619619,ilheus-IPTU
2021-03-01,2021-03-01,11,2022-02-01,2250002.33291625,6669405.866220184,971895.7524619619,ilheus-IPTU
2021-03-01,2021-03-01,12,2022-03-01,4925305.417483921,4713770.215803743,971895.7524619619,ilheus-IPTU
2021-04-01,2021-04-01,1,2021-05-01,2697666.1907480466,409552.8675470206,1008483.884375433,ilheus-IPTU
2021-04-01,2021-04-01,2,2021-06-01,2339335.1332101556,-42125.33606442153,1008483.884375433,ilheus-IPTU
2021-04-01,2021-04-01,3,2021-07-01,2272131.235213842,8118.889851949452,1008483.884375433,ilheus-IPTU
2021-04-01,2021-04-01,4,2021-08-01,2213100.429243627,504.68102227593783,1008483.884375433,ilheus-IPTU
2021-04-01,2021-04-01,5,2021-09-01,2623149.9363260926,20.404875187711987,1008483.884375433,ilheus-IPTU
2021-04-01,2021-04-01,6,2021-10-01,1271908.2831416863,-59686016664.27866,1008483.884375433,ilheus-IPTU
2021-04-01,2021-04-01,7,2021-11-01,974523.3692654738,-13917218576.671772,1008483.884375433,ilheus-IPTU
2021-04-01,2021-04-01,8,2021-12-01,1072570.4015688638,-286736.677220169,1008483.884375433,ilheus-IPTU
2021-04-01,2021-04-01,9,2022-01-01,2343065.624318597,-387969.9280523884,1008483.884375433,ilheus-IPTU
2021-04-01,2021-04-01,10,2022-02-01,2250002.33291625,-11683447.95427081,1008483.884375433,ilheus-IPTU
2021-04-01,2021-04-01,11,2022-03-01,4925305.417483921,-13578773.564012539,1008483.884375433,ilheus-IPTU
2021-04-01,2021-04-01,12,2022-04-01,8219106.086628274,-3487468.852763573,1008483.884375433,ilheus-IPTU
2021-05-01,2021-05-01,1,2021-06-01,2339335.1332101556,1709730.188115512,1004766.2318088748,ilheus-IPTU
2021-05-01,2021-05-01,2,2021-07-01,2272131.235213842,1627157.2872484683,1004766.2318088748,ilheus-IPTU
2021-05-01,2021-05-01,3,2021-08-01,2213100.429243627,2065887.4640471572,1004766.2318088748,ilheus-IPTU
2021-05-01,2021-05-01,4,2021-09-01,2623149.9363260926,1504330.326051122,1004766.2318088748,ilheus-IPTU
2021-05-01,2021-05-01,5,2021-10-01,1271908.2831416863,1651240.666831678,1004766.2318088748,ilheus-IPTU
2021-05-01,2021-05-01,6,2021-11-01,974523.3692654738,1446990.973028324,1004766.2318088748,ilheus-IPTU
2021-05-01,2021-05-01,7,2021-12-01,1072570.4015688638,1442039.3561270982,1004766.2318088748,ilheus-IPTU
2021-05-01,2021-05-01,8,2022-01-01,2343065.624318597,1806509.768824563,1004766.2318088748,ilheus-IPTU
2021-05-01,2021-05-01,9,2022-02-01,2250002.33291625,6853763.515771044,1004766.2318088748,ilheus-IPTU
2021-05-01,2021-05-01,10,2022-03-01,4925305.417483921,4848945.319453124,1004766.2318088748,ilheus-IPTU
2021-05-01,2021-05-01,11,2022-04-01,8219106.086628274,4616277.906663051,1004766.2318088748,ilheus-IPTU
2021-05-01,2021-05-01,12,2022-05-01,2431580.1184551804,3242473.973956537,1004766.2318088748,ilheus-IPTU
2021-06-01,2021-06-01,1,2021-07-01,2272131.235213842,-4431534.34731913,1004986.782898596,ilheus-IPTU
2021-06-01,2021-06-01,2,2021-08-01,2213100.429243627,-4864473.418556981,1004986.782898596,ilheus-IPTU
2021-06-01,2021-06-01,3,2021-09-01,2623149.9363260926,-1464370.7904364641,1004986.782898596,ilheus-IPTU
2021-06-01,2021-06-01,4,2021-10-01,1271908.2831416863,-10263840.270596024,1004986.782898596,ilheus-IPTU
2021-06-01,2021-06-01,5,2021-11-01,974523.3692654738,-3729068.5365144196,1004986.782898596,ilheus-IPTU
2021-06-01,2021-06-01,6,2021-12-01,1072570.4015688638,-1419546.5130916769,1004986.782898596,ilheus-IPTU
2021-06-01,2021-06-01,7,2022-01-01,2343065.624318597,-741897.30727108,1004986.782898596,ilheus-IPTU
2021-06-01,2021-06-01,8,2022-02-01,2250002.33291625,1997377.784468339,1004986.782898596,ilheus-IPTU
2021-06-01,2021-06-01,9,2022-03-01,4925305.417483921,1390182.346899834,1004986.782898596,ilheus-IPTU
2021-06-01,2021-06-01,10,2022-04-01,8219106.086628274,-10401606.633982698,1004986.782898596,ilheus-IPTU
2021-06-01,2021-06-01,11,2022-05-01,2431580.1184551804,-19337899.338684894,1004986.782898596,ilheus-IPTU
2021-06-01,2021-06-01,12,2022-06-01,2631240.8458854207,-4393132.97657654,1004986.782898596,ilheus-IPTU
2021-07-01,2021-07-01,1,2021-08-01,2213100.429243627,2250311.5242155506,998766.7261971788,ilheus-IPTU
2021-07-01,2021-07-01,2,2021-09-01,2623149.9363260926,1641093.7006657608,998766.7261971788,ilheus-IPTU
2021-07-01,2021-07-01,3,2021-10-01,1271908.2831416863,1789928.8027766622,998766.7261971788,ilheus-IPTU
2021-07-01,2021-07-01,4,2021-11-01,974523.3692654738,1566617.9904768933,998766.7261971788,ilheus-IPTU
2021-07-01,2021-07-01,5,2021-12-01,1072570.4015688638,1568006.7524330136,998766.7261971788,ilheus-IPTU
2021-07-01,2021-07-01,6,2022-01-01,2343065.624318597,1919692.3765798756,998766.7261971788,ilheus-IPTU
2021-07-01,2021-07-01,7,2022-02-01,2250002.33291625,7548836.41397705,998766.7261971788,ilheus-IPTU
2021-07-01,2021-07-01,8,2022-03-01,4925305.417483921,5299359.095823484,998766.7261971788,ilheus-IPTU
2021-07-01,2021-07-01,9,2022-04-01,8219106.086628274,5011286.948642391,998766.7261971788,ilheus-IPTU
2021-07-01,2021-07-01,10,2022-05-01,2431580.1184551804,3532659.7374786995,998766.7261971788,ilheus-IPTU
2021-07-01,2021-07-01,11,2022-06-01,2631240.8458854207,1924911.797249201,998766.7261971788,ilheus-IPTU
2021-07-01,2021-07-01,12,2022-07-01,1925861.261515704,1825870.211480637,998766.7261971788,ilheus-IPTU
2021-08-01,2021-08-01,1,2021-09-01,2623149.9363260926,-19686335.33914592,984193.3541854223,ilheus-IPTU
2021-08-01,2021-08-01,2,2021-10-01,1271908.2831416863,6831264.456065504,984193.3541854223,ilheus-IPTU
2021-08-01,2021-08-01,3,2021-11-01,974523.3692654738,27852259.404950716,984193.3541854223,ilheus-IPTU
2021-08-01,2021-08-01,4,2021-12-01,1072570.4015688638,-19436834.067293126,984193.3541854223,ilheus-IPTU
2021-08-01,2021-08-01,5,2022-01-01,2343065.624318597,-1415516.510548226,984193.3541854223,ilheus-IPTU
2021-08-01,2021-08-01,6,2022-02-01,2250002.33291625,-10047223.824292446,984193.3541854223,ilheus-IPTU
2021-08-01,2021-08-01,7,2022-03-01,4925305.417483921,29556661.485446777,984193.3541854223,ilheus-IPTU
2021-08-01,2021-08-01,8,2022-04-01,8219106.086628274,-10593662.770376999,984193.3541854223,ilheus-IPTU
2021-08-01,2021-08-01,9,2022-05-01,2431580.1184551804,1069931.821821828,984193.3541854223,ilheus-IPTU
2021-08-01,2021-08-01,10,2022-06-01,2631240.8458854207,-370376.0705908048,984193.3541854223,ilheus-IPTU
2021-08-01,2021-08-01,11,2022-07-01,1925861.261515704,442583.5938462651,984193.3541854223,ilheus-IPTU
2021-08-01,2021-08-01,12,2022-08-01,2006116.8972595204,-2439669703.6613436,984193.3541854223,ilheus-IPTU
2021-09-01,2021-09-01,1,2021-10-01,1271908.2831416863,41578251.95167419,983524.3319020569,ilheus-IPTU
2021-09-01,2021-09-01,2,2021-11-01,974523.3692654738,492196627.07463706,983524.3319020569,ilheus-IPTU
2021-09-01,2021-09-01,3,2021-12-01,1072570.4015688638,21606170.79966682,983524.3319020569,ilheus-IPTU
2021-09-01,2021-09-01,4,2022-01-01,2343065.624318597,-1726397.3101499525,983524.3319020569,ilheus-IPTU
2021-09-01,2021-09-01,5,2022-02-01,2250002.33291625,57476794.557642534,983524.3319020569,ilheus-IPTU
2021-09-01,2021-09-01,6,2022-03-01,4925305.417483921,-271459538.13301575,983524.3319020569,ilheus-IPTU
2021-09-01,2021-09-01,7,2022-04-01,8219106.086628274,-169966423.9224813,983524.3319020569,ilheus-IPTU
2021-09-01,2021-09-01,8,2022-05-01,2431580.1184551804,-16055613.499790229,983524.3319020569,ilheus-IPTU
2021-09-01,2021-09-01,9,2022-06-01,2631240.8458854207,64101822.11472397,983524.3319020569,ilheus-IPTU
2021-09-01,2021-09-01,10,2022-07-01,1925861.261515704,-842767904.6458409,983524.3319020569,ilheus-IPTU
2021-09-01,2021-09-01,11,2022-08-01,2006116.8972595204,-145123311.2703688,983524.3319020569,ilheus-IPTU
2021-09-01,2021-09-01,12,2022-09-01,1876735.4807647243,11596703.094538605,983524.3319020569,ilheus-IPTU
2021-10-01,2021-10-01,1,2021-11-01,974523.3692654738,-25422.511049028333,980050.0037243485,ilheus-IPTU
2021-10-01,2021-10-01,2,2021-12-01,1072570.4015688638,264090.9797511155,980050.0037243485,ilheus-IPTU
2021-10-01,2021-10-01,3,2022-01-01,2343065.624318597,220687.36687695872,980050.0037243485,ilheus-IPTU
2021-10-01,2021-10-01,4,2022-02-01,2250002.33291625,1255452.7954641115,980050.0037243485,ilheus-IPTU
2021-10-01,2021-10-01,5,2022-03-01,4925305.417483921,679962.5613569157,980050.0037243485,ilheus-IPTU
2021-10-01,2021-10-01,6,2022-04-01,8219106.086628274,2299676.5492631514,980050.0037243485,ilheus-IPTU
2021-10-01,2021-10-01,7,2022-05-01,2431580.1184551804,590954.8802752417,980050.0037243485,ilheus-IPTU
2021-10-01,2021-10-01,8,2022-06-01,2631240.8458854207,-72838.75347973773,980050.0037243485,ilheus-IPTU
2021-10-01,2021-10-01,9,2022-07-01,1925861.261515704,415948.6777785594,980050.0037243485,ilheus-IPTU
2021-10-01,2021-10-01,10,2022-08-01,2006116.8972595204,231184.33315415244,980050.0037243485,ilheus-IPTU
2021-10-01,2021-10-01,11,2022-09-01,1876735.4807647243,44836.53105061441,980050.0037243485,ilheus-IPTU
2021-10-01,2021-10-01,12,2022-10-01,2213546.4406881514,468195.79170780245,980050.0037243485,ilheus-IPTU
2021-11-01,2021-11-01,1,2021-12-01,1072570.4015688638,-1511087.9917381152,977789.2178096024,ilheus-IPTU
2021-11-01,2021-11-01,2,2022-01-01,2343065.624318597,-422267.65591488895,977789.2178096024,ilheus-IPTU
2021-11-01,2021-11-01,3,2022-02-01,2250002.33291625,23154990.2870829,977789.2178096024,ilheus-IPTU
2021-11-01,2021-11-01,4,2022-03-01,4925305.417483921,2589543.021790026,977789.2178096024,ilheus-IPTU
2021-11-01,2021-11-01,5,2022-04-01,8219106.086628274,176037.51488718143,977789.2178096024,ilheus-IPTU
2021-11-01,2021-11-01,6,2022-05-01,2431580.1184551804,434669.3615571395,977789.2178096024,ilheus-IPTU
2021-11-01,2021-11-01,7,2022-06-01,2631240.8458854207,-716416.9975230678,977789.2178096024,ilheus-IPTU
2021-11-01,2021-11-01,8,2022-07-01,1925861.261515704,-2463937.8855924807,977789.2178096024,ilheus-IPTU
2021-11-01,2021-11-01,9,2022-08-01,2006116.8972595204,-9327970.242336841,977789.2178096024,ilheus-IPTU
2021-11-01,2021-11-01,10,2022-09-01,1876735.4807647243,2668145.8232933017,977789.2178096024,ilheus-IPTU
2021-11-01,2021-11-01,11,2022-10-01,2213546.4406881514,333874.22790630785,977789.2178096024,ilheus-IPTU
2021-11-01,2021-11-01,12,2022-11-01,1586036.0844479885,312817.4573639535,977789.2178096024,ilheus-IPTU
2021-12-01,2021-12-01,1,2022-01-01,2343065.624318597,1801850.9751263023,974374.5533589215,ilheus-IPTU
2021-12-01,2021-12-01,2,2022-02-01,2250002.33291625,7040277.312888415,974374.5533589215,ilheus-IPTU
2021-12-01,2021-12-01,3,2022-03-01,4925305.417483921,4954790.207301999,974374.5533589215,ilheus-IPTU
2021-12-01,2021-12-01,4,2022-04-01,8219106.086628274,4693863.716337591,974374.5533589215,ilheus-IPTU
2021-12-01,2021-12-01,5,2022-05-01,2431580.1184551804,3304983.96480791,974374.5533589215,ilheus-IPTU
2021-12-01,2021-12-01,6,2022-06-01,2631240.8458854207,1803620.8310128557,974374.5533589215,ilheus-IPTU
2021-12-01,2021-12-01,7,2022-07-01,1925861.261515704,1713875.8771222786,974374.5533589215,ilheus-IPTU
2021-12-01,2021-12-01,8,2022-08-01,2006116.8972595204,2078108.2779277014,974374.5533589215,ilheus-IPTU
2021-12-01,2021-12-01,9,2022-09-01,1876735.4807647243,1666111.2783916024,974374.5533589215,ilheus-IPTU
2021-12-01,2021-12-01,10,2022-10-01,2213546.4406881514,1627422.3338445832,974374.5533589215,ilheus-IPTU
2021-12-01,2021-12-01,11,2022-11-01,1586036.0844479885,1415265.801056913,974374.5533589215,ilheus-IPTU
2021-12-01,2021-12-01,12,2022-12-01,1694091.5193373812,1418983.327738975,974374.5533589215,ilheus-IPTU
2022-01-01,2022-01-01,1,2022-02-01,2250002.33291625,7238846.6154313935,968526.9297449152,ilheus-IPTU
2022-01-01,2022-01-01,2,2022-03-01,4925305.417483921,5093441.866780388,968526.9297449152,ilheus-IPTU
2022-01-01,2022-01-01,3,2022-04-01,8219106.086628274,4839533.143692958,968526.9297449152,ilheus-IPTU
2022-01-01,2022-01-01,4,2022-05-01,2431580.1184551804,3416004.795136636,968526.9297449152,ilheus-IPTU
2022-01-01,2022-01-01,5,2022-06-01,2631240.8458854207,1856590.3151015756,968526.9297449152,ilheus-IPTU
2022-01-01,2022-01-01,6,2022-07-01,1925861.261515704,1764436.513194312,968526.9297449152,ilheus-IPTU
2022-01-01,2022-01-01,7,2022-08-01,2006116.8972595204,2144686.595861862,968526.9297449152,ilheus-IPTU
2022-01-01,2022-01-01,8,2022-09-01,1876735.4807647243,1716990.5252278044,968526.9297449152,ilheus-IPTU
2022-01-01,2022-01-01,9,2022-10-01,2213546.4406881514,1680677.3596116495,968526.9297449152,ilheus-IPTU
2022-01-01,2022-01-01,10,2022-11-01,1586036.0844479885,1462941.9831909908,968526.9297449152,ilheus-IPTU
2022-01-01,2022-01-01,11,2022-12-01,1694091.5193373812,1463156.4193526588,968526.9297449152,ilheus-IPTU
2022-01-01,2022-01-01,12,2023-01-01,1843283.8297266124,1915442.6534832926,968526.9297449152,ilheus-IPTU
2022-02-01,2022-02-01,1,2022-03-01,4925305.417483921,43041.56026857908,969619.387321641,ilheus-IPTU
2022-02-01,2022-02-01,2,2022-04-01,8219106.086628274,-196862.9197057575,969619.387321641,ilheus-IPTU
2022-02-01,2022-02-01,3,2022-05-01,2431580.1184551804,-18225.01860970696,969619.387321641,ilheus-IPTU
2022-02-01,2022-02-01,4,2022-06-01,2631240.8458854207,906374.5482283536,969619.387321641,ilheus-IPTU
2022-02-01,2022-02-01,5,2022-07-01,1925861.261515704,9350.140181581177,969619.387321641,ilheus-IPTU
2022-02-01,2022-02-01,6,2022-08-01,2006116.8972595204,69289.83390654634,969619.387321641,ilheus-IPTU
2022-02-01,2022-02-01,7,2022-09-01,1876735.4807647243,33961.07792425863,969619.387321641,ilheus-IPTU
2022-02-01,2022-02-01,8,2022-10-01,2213546.4406881514,29718.096693403604,969619.387321641,ilheus-IPTU
2022-02-01,2022-02-01,9,2022-11-01,1586036.0844479885,-2680.0214336790427,969619.387321641,ilheus-IPTU
2022-02-01,2022-02-01,10,2022-12-01,1694091.5193373812,7079.684518691561,969619.387321641,ilheus-IPTU
2022-02-01,2022-02-01,11,2023-01-01,1843283.8297266124,-20820.46790334437,969619.387321641,ilheus-IPTU
2022-02-01,2022-02-01,12,2023-02-01,2815202.2643191377,318376.50185064436,969619.387321641,ilheus-IPTU
2022-03-01,2022-03-01,1,2022-04-01,8219106.086628274,4484626.486412898,965058.506604292,ilheus-IPTU
2022-03-01,2022-03-01,2,2022-05-01,2431580.1184551804,3158705.7576885284,965058.506604292,ilheus-IPTU
2022-03-01,2022-03-01,3,2022-06-01,2631240.8458854207,1715042.611065605,965058.506604292,ilheus-IPTU
2022-03-01,2022-03-01,4,2022-07-01,1925861.261515704,1635187.7385709404,965058.506604292,ilheus-IPTU
2022-03-01,2022-03-01,5,2022-08-01,2006116.8972595204,1996831.341873687,965058.506604292,ilheus-IPTU
2022-03-01,2022-03-01,6,2022-09-01,1876735.4807647243,1601702.8068831821,965058.506604292,ilheus-IPTU
2022-03-01,2022-03-01,7,2022-10-01,2213546.4406881514,1567916.957560496,965058.506604292,ilheus-IPTU
2022-03-01,2022-03-01,8,2022-11-01,1586036.0844479885,1365283.7220525136,965058.506604292,ilheus-IPTU
2022-03-01,2022-03-01,9,2022-12-01,1694091.5193373812,1359725.1129235304,965058.506604292,ilheus-IPTU
2022-03-01,2022-03-01,10,2023-01-01,1843283.8297266124,1813309.93055725,965058.506604292,ilheus-IPTU
2022-03-01,2022-03-01,11,2023-02-01,2815202.2643191377,6358133.767938124,965058.506604292,ilheus-IPTU
2022-03-01,2022-03-01,12,2023-03-01,6457345.5598513875,4657674.782941321,965058.506604292,ilheus-IPTU
2022-04-01,2022-04-01,1,2022-05-01,2431580.1184551804,-99606769746.39304,976429.8927552714,ilheus-IPTU
2022-04-01,2022-04-01,2,2022-06-01,2631240.8458854207,-651796572764.2861,976429.8927552714,ilheus-IPTU
2022-04-01,2022-04-01,3,2022-07-01,1925861.261515704,-301494333129.46954,976429.8927552714,ilheus-IPTU
2022-04-01,2022-04-01,4,2022-08-01,2006116.8972595204,-99200432351.68135,976429.8927552714,ilheus-IPTU
2022-04-01,2022-04-01,5,2022-09-01,1876735.4807647243,-122086338706.04752,976429.8927552714,ilheus-IPTU
2022-04-01,2022-04-01,6,2022-10-01,2213546.4406881514,-170887752343.14264,976429.8927552714,ilheus-IPTU
2022-04-01,2022-04-01,7,2022-11-01,1586036.0844479885,-1383230122574200.0,976429.8927552714,ilheus-IPTU
2022-04-01,2022-04-01,8,2022-12-01,1694091.5193373812,-320847348776.9778,976429.8927552714,ilheus-IPTU
2022-04-01,2022-04-01,9,2023-01-01,1843283.8297266124,2232245.2374629937,976429.8927552714,ilheus-IPTU
2022-04-01,2022-04-01,10,2023-02-01,2815202.2643191377,-102729237569.72847,976429.8927552714,ilheus-IPTU
2022-04-01,2022-04-01,11,2023-03-01,6457345.5598513875,-88673842949.94621,976429.8927552714,ilheus-IPTU
2022-04-01,2022-04-01,12,2023-04-01,7796975.713490462,-224689404295.07745,976429.8927552714,ilheus-IPTU
2022-05-01,2022-05-01,1,2022-06-01,2631240.8458854207,1774124.4500005825,967204.6483336816,ilheus-IPTU
2022-05-01,2022-05-01,2,2022-07-01,1925861.261515704,1693893.4024034084,967204.6483336816,ilheus-IPTU
2022-05-01,2022-05-01,3,2022-08-01,2006116.8972595204,2074115.0604445739,967204.6483336816,ilheus-IPTU
2022-05-01,2022-05-01,4,2022-09-01,1876735.4807647243,1660217.3127187334,967204.6483336816,ilheus-IPTU
2022-05-01,2022-05-01,5,2022-10-01,2213546.4406881514,1628932.0280709488,967204.6483336816,ilheus-IPTU
2022-05-01,2022-05-01,6,2022-11-01,1586036.0844479885,1417893.823144161,967204.6483336816,ilheus-IPTU
2022-05-01,2022-05-01,7,2022-12-01,1694091.5193373812,1408022.669882457,967204.6483336816,ilheus-IPTU
2022-05-01,2022-05-01,8,2023-01-01,1843283.8297266124,1887864.9458874424,967204.6483336816,ilheus-IPTU
2022-05-01,2022-05-01,9,2023-02-01,2815202.2643191377,6530753.164702926,967204.6483336816,ilheus-IPTU
2022-05-01,2022-05-01,10,2023-03-01,6457345.5598513875,4801161.293465176,967204.6483336816,ilheus-IPTU
2022-05-01,2022-05-01,11,2023-04-01,7796975.713490462,5181444.743291403,967204.6483336816,ilheus-IPTU
2022-05-01,2022-05-01,12,2023-05-01,3071104.1275374345,3172474.863490482,967204.6483336816,ilheus-IPTU
2022-06-01,2022-06-01,1,2022-07-01,1925861.261515704,1606816.5048590393,958546.9696713942,ilheus-IPTU
2022-06-01,2022-06-01,2,2022-08-01,2006116.8972595204,1938133.7102798494,958546.9696713942,ilheus-IPTU
2022-06-01,2022-06-01,3,2022-09-01,1876735.4807647243,1549051.3823062973,958546.9696713942,ilheus-IPTU
2022-06-01,2022-06-01,4,2022-10-01,2213546.4406881514,1505262.5409962672,958546.9696713942,ilheus-IPTU
2022-06-01,2022-06-01,5,2022-11-01,1586036.0844479885,-737932695835.0005,958546.9696713942,ilheus-IPTU
2022-06-01,2022-06-01,6,2022-12-01,1694091.5193373812,1439238.3104334176,958546.9696713942,ilheus-IPTU
2022-06-01,2022-06-01,7,2023-01-01,1843283.8297266124,2198136.9348915927,958546.9696713942,ilheus-IPTU
2022-06-01,2022-06-01,8,2023-02-01,2815202.2643191377,6305807.5218219925,958546.9696713942,ilheus-IPTU
2022-06-01,2022-06-01,9,2023-03-01,6457345.5598513875,4651807.707880236,958546.9696713942,ilheus-IPTU
2022-06-01,2022-06-01,10,2023-04-01,7796975.713490462,4988045.291700503,958546.9696713942,ilheus-IPTU
2022-06-01,2022-06-01,11,2023-05-01,3071104.1275374345,3047241.6726821717,958546.9696713942,ilheus-IPTU
2022-06-01,2022-06-01,12,2023-06-01,1730961.630794251,1772036.5904457653,958546.9696713942,ilheus-IPTU
2022-07-01,2022-07-01,1,2022-08-01,2006116.8972595204,2187181.548296519,950796.6279502137,ilheus-IPTU
2022-07-01,2022-07-01,2,2022-09-01,1876735.4807647243,1748199.8320592223,950796.6279502137,ilheus-IPTU
2022-07-01,2022-07-01,3,2022-10-01,2213546.4406881514,1715631.2050961761,950796.6279502137,ilheus-IPTU
2022-07-01,2022-07-01,4,2022-11-01,1586036.0844479885,1492860.4105433666,950796.6279502137,ilheus-IPTU
2022-07-01,2022-07-01,5,2022-12-01,1694091.5193373812,1484402.9815505454,950796.6279502137,ilheus-IPTU
2022-07-01,2022-07-01,6,2023-01-01,1843283.8297266124,1977331.4967808058,950796.6279502137,ilheus-IPTU
2022-07-01,2022-07-01,7,2023-02-01,2815202.2643191377,6923602.16754806,950796.6279502137,ilheus-IPTU
2022-07-01,2022-07-01,8,2023-03-01,6457345.5598513875,5066826.416248874,950796.6279502137,ilheus-IPTU
2022-07-01,2022-07-01,9,2023-04-01,7796975.713490462,5446503.4388012625,950796.6279502137,ilheus-IPTU
2022-07-01,2022-07-01,10,2023-05-01,3071104.1275374345,3345653.6558195567,950796.6279502137,ilheus-IPTU
2022-07-01,2022-07-01,11,2023-06-01,1730961.630794251,1954302.9605840826,950796.6279502137,ilheus-IPTU
2022-07-01,2022-07-01,12,2023-07-01,1301640.6279949658,1781129.1356365818,950796.6279502137,ilheus-IPTU
2022-08-01,2022-08-01,1,2022-09-01,1876735.4807647243,1735352.0677608598,941498.9642506375,ilheus-IPTU
2022-08-01,2022-08-01,2,2022-10-01,2213546.4406881514,1702488.5874179883,941498.9642506375,ilheus-IPTU
2022-08-01,2022-08-01,3,2022-11-01,1586036.0844479885,1481612.5722483345,941498.9642506375,ilheus-IPTU
2022-08-01,2022-08-01,4,2022-12-01,1694091.5193373812,1473394.6709480784,941498.9642506375,ilheus-IPTU
2022-08-01,2022-08-01,5,2023-01-01,1843283.8297266124,1965751.7322867704,941498.9642506375,ilheus-IPTU
2022-08-01,2022-08-01,6,2023-02-01,2815202.2643191377,6867192.85844614,941498.9642506375,ilheus-IPTU
2022-08-01,2022-08-01,7,2023-03-01,6457345.5598513875,5029987.976477042,941498.9642506375,ilheus-IPTU
2022-08-01,2022-08-01,8,2023-04-01,7796975.713490462,5416072.3738443395,941498.9642506375,ilheus-IPTU
2022-08-01,2022-08-01,9,2023-05-01,3071104.1275374345,3321795.9327164935,941498.9642506375,ilheus-IPTU
2022-08-01,2022-08-01,10,2023-06-01,1730961.630794251,1943315.505363892,941498.9642506375,ilheus-IPTU
2022-08-01,2022-08-01,11,2023-07-01,1301640.6279949658,1770267.852632404,941498.9642506375,ilheus-IPTU
2022-08-01,2022-08-01,12,2023-08-01,2424253.599531383,2130217.925482396,941498.9642506375,ilheus-IPTU
2022-09-01,2022-09-01,1,2022-10-01,2213546.4406881514,-724584.0433777268,939090.5135260785,ilheus-IPTU
2022-09-01,2022-09-01,2,2022-11-01,1586036.0844479885,-594723.536647105,939090.5135260785,ilheus-IPTU
2022-09-01,2022-09-01,3,2022-12-01,1694091.5193373812,-491661.73310459807,939090.5135260785,ilheus-IPTU
2022-09-01,2022-09-01,4,2023-01-01,1843283.8297266124,-571850.3651229242,939090.5135260785,ilheus-IPTU
2022-09-01,2022-09-01,5,2023-02-01,2815202.2643191377,-646174.7955337961,939090.5135260785,ilheus-IPTU
2022-09-01,2022-09-01,6,2023-03-01,6457345.5598513875,-1324625.9691484072,939090.5135260785,ilheus-IPTU
2022-09-01,2022-09-01,7,2023-04-01,7796975.713490462,4581200.015702289,939090.5135260785,ilheus-IPTU
2022-09-01,2022-09-01,8,2023-05-01,3071104.1275374345,994884.9963430404,939090.5135260785,ilheus-IPTU
2022-09-01,2022-09-01,9,2023-06-01,1730961.630794251,897768.2102794629,939090.5135260785,ilheus-IPTU
2022-09-01,2022-09-01,10,2023-07-01,1301640.6279949658,992829.5482652029,939090.5135260785,ilheus-IPTU
2022-09-01,2022-09-01,11,2023-08-01,2424253.599531383,1244703.465492404,939090.5135260785,ilheus-IPTU
2022-09-01,2022-09-01,12,2023-09-01,2013764.6094781046,-1904951.8541734386,939090.5135260785,ilheus-IPTU
2022-10-01,2022-10-01,1,2022-11-01,1586036.0844479885,1538975.111851751,939121.5823555954,ilheus-IPTU
2022-10-01,2022-10-01,2,2022-12-01,1694091.5193373812,1529970.8206971858,939121.5823555954,ilheus-IPTU
2022-10-01,2022-10-01,3,2023-01-01,1843283.8297266124,2033117.6390464106,939121.5823555954,ilheus-IPTU
2022-10-01,2022-10-01,4,2023-02-01,2815202.2643191377,7141366.745642793,939121.5823555954,ilheus-IPTU
2022-10-01,2022-10-01,5,2023-03-01,6457345.5598513875,5224909.427551022,939121.5823555954,ilheus-IPTU
2022-10-01,2022-10-01,6,2023-04-01,7796975.713490462,5621259.146609234,939121.5823555954,ilheus-IPTU
2022-10-01,2022-10-01,7,2023-05-01,3071104.1275374345,3448267.0022011437,939121.5823555954,ilheus-IPTU
2022-10-01,2022-10-01,8,2023-06-01,1730961.630794251,2015937.6543347447,939121.5823555954,ilheus-IPTU
2022-10-01,2022-10-01,9,2023-07-01,1301640.6279949658,1837243.6841738026,939121.5823555954,ilheus-IPTU
2022-10-01,2022-10-01,10,2023-08-01,2424253.599531383,2211162.0435609943,939121.5823555954,ilheus-IPTU
2022-10-01,2022-10-01,11,2023-09-01,2013764.6094781046,1790040.90365553,939121.5823555954,ilheus-IPTU
2022-10-01,2022-10-01,12,2023-10-01,1586701.2293386583,1798537.1911200671,939121.5823555954,ilheus-IPTU
2022-11-01,2022-11-01,1,2022-12-01,1694091.5193373812,-470209.5625907296,935174.4875703775,ilheus-IPTU
2022-11-01,2022-11-01,2,2023-01-01,1843283.8297266124,914337.8096847353,935174.4875703775,ilheus-IPTU
2022-11-01,2022-11-01,3,2023-02-01,2815202.2643191377,894155.472721258,935174.4875703775,ilheus-IPTU
2022-11-01,2022-11-01,4,2023-03-01,6457345.5598513875,-7279855.180836773,935174.4875703775,ilheus-IPTU
2022-11-01,2022-11-01,5,2023-04-01,7796975.713490462,5514793.886020525,935174.4875703775,ilheus-IPTU
2022-11-01,2022-11-01,6,2023-05-01,3071104.1275374345,1407907.809231461,935174.4875703775,ilheus-IPTU
2022-11-01,2022-11-01,7,2023-06-01,1730961.630794251,712485.7107039777,935174.4875703775,ilheus-IPTU
2022-11-01,2022-11-01,8,2023-07-01,1301640.6279949658,654257.1134810608,935174.4875703775,ilheus-IPTU
2022-11-01,2022-11-01,9,2023-08-01,2424253.599531383,-2021538.0904277987,935174.4875703775,ilheus-IPTU
2022-11-01,2022-11-01,10,2023-09-01,2013764.6094781046,-1614640.0833373666,935174.4875703775,ilheus-IPTU
2022-11-01,2022-11-01,11,2023-10-01,1586701.2293386583,2667695.550774595,935174.4875703775,ilheus-IPTU
2022-11-01,2022-11-01,12,2023-11-01,1229128.6609010594,-393709.28485825896,935174.4875703775,ilheus-IPTU
2022-12-01,2022-12-01,1,2023-01-01,1843283.8297266124,2060111.5271281048,931440.5188822601,ilheus-IPTU
2022-12-01,2022-12-01,2,2023-02-01,2815202.2643191377,7249368.588995238,931440.5188822601,ilheus-IPTU
2022-12-01,2022-12-01,3,2023-03-01,6457345.5598513875,5305125.542974914,931440.5188822601,ilheus-IPTU
2022-12-01,2022-12-01,4,2023-04-01,7796975.713490462,5712487.618957604,931440.5188822601,ilheus-IPTU
2022-12-01,2022-12-01,5,2023-05-01,3071104.1275374345,3500686.177484353,931440.5188822601,ilheus-IPTU
2022-12-01,2022-12-01,6,2023-06-01,1730961.630794251,2047898.8191529505,931440.5188822601,ilheus-IPTU
2022-12-01,2022-12-01,7,2023-07-01,1301640.6279949658,1866356.0166531021,931440.5188822601,ilheus-IPTU
2022-12-01,2022-12-01,8,2023-08-01,2424253.599531383,2246672.440670746,931440.5188822601,ilheus-IPTU
2022-12-01,2022-12-01,9,2023-09-01,2013764.6094781046,1819581.253043046,931440.5188822601,ilheus-IPTU
2022-12-01,2022-12-01,10,2023-10-01,1586701.2293386583,1828447.2403936523,931440.5188822601,ilheus-IPTU
2022-12-01,2022-12-01,11,2023-11-01,1229128.6609010594,1547729.6612701726,931440.5188822601,ilheus-IPTU
2022-12-01,2022-12-01,12,2023-12-01,1538686.7153930117,1548441.590746072,931440.5188822601,ilheus-IPTU
2023-01-01,2023-01-01,1,2023-02-01,2815202.2643191377,7206790.687485276,926362.1809494332,ilheus-IPTU
2023-01-01,2023-01-01,2,2023-03-01,6457345.5598513875,5279602.312574716,926362.1809494332,ilheus-IPTU
2023-01-01,2023-01-01,3,2023-04-01,7796975.713490462,5681633.386088656,926362.1809494332,ilheus-IPTU
2023-01-01,2023-01-01,4,2023-05-01,3071104.1275374345,3467424.988932388,926362.1809494332,ilheus-IPTU
2023-01-01,2023-01-01,5,2023-06-01,1730961.630794251,2035664.135785146,926362.1809494332,ilheus-IPTU
2023-01-01,2023-01-01,6,2023-07-01,1301640.6279949658,1855636.689960428,926362.1809494332,ilheus-IPTU
2023-01-01,2023-01-01,7,2023-08-01,2424253.599531383,2232262.991133851,926362.1809494332,ilheus-IPTU
2023-01-01,2023-01-01,8,2023-09-01,2013764.6094781046,1808921.71088754,926362.1809494332,ilheus-IPTU
2023-01-01,2023-01-01,9,2023-10-01,1586701.2293386583,1817445.585863005,926362.1809494332,ilheus-IPTU
2023-01-01,2023-01-01,10,2023-11-01,1229128.6609010594,1537283.4180217723,926362.1809494332,ilheus-IPTU
2023-01-01,2023-01-01,11,2023-12-01,1538686.7153930117,1539227.0972231217,926362.1809494332,ilheus-IPTU
2023-01-01,2023-01-01,12,2024-01-01,2421833.300556963,1999023.1439776162,926362.1809494332,ilheus-IPTU
2023-02-01,2023-02-01,1,2023-03-01,6457345.5598513875,157540481.25165167,922162.6199081944,ilheus-IPTU
2023-02-01,2023-02-01,2,2023-04-01,7796975.713490462,1453274.9252054074,922162.6199081944,ilheus-IPTU
2023-02-01,2023-02-01,3,2023-05-01,3071104.1275374345,2079779.774826174,922162.6199081944,ilheus-IPTU
2023-02-01,2023-02-01,4,2023-06-01,1730961.630794251,-16062832.422337225,922162.6199081944,ilheus-IPTU
2023-02-01,2023-02-01,5,2023-07-01,1301640.6279949658,1159271.0787530765,922162.6199081944,ilheus-IPTU
2023-02-01,2023-02-01,6,2023-08-01,2424253.599531383,2969350.163921987,922162.6199081944,ilheus-IPTU
2023-02-01,2023-02-01,7,2023-09-01,2013764.6094781046,5123874.040284605,922162.6199081944,ilheus-IPTU
2023-02-01,2023-02-01,8,2023-10-01,1586701.2293386583,3407481.1925980924,922162.6199081944,ilheus-IPTU
2023-02-01,2023-02-01,9,2023-11-01,1229128.6609010594,607803.6047410987,922162.6199081944,ilheus-IPTU
2023-02-01,2023-02-01,10,2023-12-01,1538686.7153930117,2105562.1043480025,922162.6199081944,ilheus-IPTU
2023-02-01,2023-02-01,11,2024-01-01,2421833.300556963,5332899.091331517,922162.6199081944,ilheus-IPTU
2023-02-01,2023-02-01,12,2024-02-01,2645795.772083337,1553728.3971788874,922162.6199081944,ilheus-IPTU
2023-03-01,2023-03-01,1,2023-04-01,7796975.713490462,5461752.888363052,929172.7063732435,ilheus-IPTU
2023-03-01,2023-03-01,2,2023-05-01,3071104.1275374345,3320833.4200715367,929172.7063732435,ilheus-IPTU
2023-03-01,2023-03-01,3,2023-06-01,1730961.630794251,1952083.6846633705,929172.7063732435,ilheus-IPTU
2023-03-01,2023-03-01,4,2023-07-01,1301640.6279949658,1782861.7773017741,929172.7063732435,ilheus-IPTU
2023-03-01,2023-03-01,5,2023-08-01,2424253.599531383,2152081.6578706983,929172.7063732435,ilheus-IPTU
2023-03-01,2023-03-01,6,2023-09-01,2013764.6094781046,1745368.917737743,929172.7063732435,ilheus-IPTU
2023-03-01,2023-03-01,7,2023-10-01,1586701.2293386583,1755793.4045662326,929172.7063732435,ilheus-IPTU
2023-03-01,2023-03-01,8,2023-11-01,1229128.6609010594,1485056.5981695545,929172.7063732435,ilheus-IPTU
2023-03-01,2023-03-01,9,2023-12-01,1538686.7153930117,1481903.9943895862,929172.7063732435,ilheus-IPTU
2023-03-01,2023-03-01,10,2024-01-01,2421833.300556963,1947597.2053163692,929172.7063732435,ilheus-IPTU
2023-03-01,2023-03-01,11,2024-02-01,2645795.772083337,6574972.127539762,929172.7063732435,ilheus-IPTU
2023-03-01,2023-03-01,12,2024-03-01,5197363.375781737,5147445.852865651,929172.7063732435,ilheus-IPTU
2023-04-01,2023-04-01,1,2023-05-01,3071104.1275374345,3454860.983138549,923410.8616773863,ilheus-IPTU
2023-04-01,2023-04-01,2,2023-06-01,1730961.630794251,2029529.0390232978,923410.8616773863,ilheus-IPTU
2023-04-01,2023-04-01,3,2023-07-01,1301640.6279949658,1852426.1121284235,923410.8616773863,ilheus-IPTU
2023-04-01,2023-04-01,4,2023-08-01,2424253.599531383,2234237.361825643,923410.8616773863,ilheus-IPTU
2023-04-01,2023-04-01,5,2023-09-01,2013764.6094781046,1810640.4675505538,923410.8616773863,ilheus-IPTU
2023-04-01,2023-04-01,6,2023-10-01,1586701.2293386583,1819927.1551011184,923410.8616773863,ilheus-IPTU
2023-04-01,2023-04-01,7,2023-11-01,1229128.6609010594,1538740.3665053982,923410.8616773863,ilheus-IPTU
2023-04-01,2023-04-01,8,2023-12-01,1538686.7153930117,1536439.915011383,923410.8616773863,ilheus-IPTU
2023-04-01,2023-04-01,9,2024-01-01,2421833.300556963,2010965.427684124,923410.8616773863,ilheus-IPTU
2023-04-01,2023-04-01,10,2024-02-01,2645795.772083337,6840431.378348777,923410.8616773863,ilheus-IPTU
2023-04-01,2023-04-01,11,2024-03-01,5197363.375781737,5340674.269873205,923410.8616773863,ilheus-IPTU
2023-04-01,2023-04-01,12,2024-04-01,8479100.268538596,5874354.6307218,923410.8616773863,ilheus-IPTU
2023-05-01,2023-05-01,1,2023-06-01,1730961.630794251,2004679.6544807493,920221.1217605872,ilheus-IPTU
2023-05-01,2023-05-01,2,2023-07-01,1301640.6279949658,1831274.3683462415,920221.1217605872,ilheus-IPTU
2023-05-01,2023-05-01,3,2023-08-01,2424253.599531383,2211208.859626846,920221.1217605872,ilheus-IPTU
2023-05-01,2023-05-01,4,2023-09-01,2013764.6094781046,1793857.082317263,920221.1217605872,ilheus-IPTU
2023-05-01,2023-05-01,5,2023-10-01,1586701.2293386583,1803941.0535396782,920221.1217605872,ilheus-IPTU
2023-05-01,2023-05-01,6,2023-11-01,1229128.6609010594,1525107.217533042,920221.1217605872,ilheus-IPTU
2023-05-01,2023-05-01,7,2023-12-01,1538686.7153930117,1521269.8299358215,920221.1217605872,ilheus-IPTU
2023-05-01,2023-05-01,8,2024-01-01,2421833.300556963,1991786.0445351037,920221.1217605872,ilheus-IPTU
2023-05-01,2023-05-01,9,2024-02-01,2645795.772083337,6740557.415925446,920221.1217605872,ilheus-IPTU
2023-05-01,2023-05-01,10,2024-03-01,5197363.375781737,5284138.055748435,920221.1217605872,ilheus-IPTU
2023-05-01,2023-05-01,11,2024-04-01,8479100.268538596,5822704.295987087,920221.1217605872,ilheus-IPTU
2023-05-01,2023-05-01,12,2024-05-01,3547912.302911079,3344411.9960329644,920221.1217605872,ilheus-IPTU
2023-06-01,2023-06-01,1,2023-07-01,1301640.6279949658,1807790.2357902266,919999.5450198159,ilheus-IPTU
2023-06-01,2023-06-01,2,2023-08-01,2424253.599531383,2184909.576609706,919999.5450198159,ilheus-IPTU
2023-06-01,2023-06-01,3,2023-09-01,2013764.6094781046,1773474.5262964633,919999.5450198159,ilheus-IPTU
2023-06-01,2023-06-01,4,2023-10-01,1586701.2293386583,1784389.3109615725,919999.5450198159,ilheus-IPTU
2023-06-01,2023-06-01,5,2023-11-01,1229128.6609010594,1508866.9341168052,919999.5450198159,ilheus-IPTU
2023-06-01,2023-06-01,6,2023-12-01,1538686.7153930117,1503725.8427549377,919999.5450198159,ilheus-IPTU
2023-06-01,2023-06-01,7,2024-01-01,2421833.300556963,1973494.5711369528,919999.5450198159,ilheus-IPTU
2023-06-01,2023-06-01,8,2024-02-01,2645795.772083337,6640970.58814795,919999.5450198159,ilheus-IPTU
2023-06-01,2023-06-01,9,2024-03-01,5197363.375781737,5220870.21646459,919999.5450198159,ilheus-IPTU
2023-06-01,2023-06-01,10,2024-04-01,8479100.268538596,5762413.601395261,919999.5450198159,ilheus-IPTU
2023-06-01,2023-06-01,11,2024-05-01,3547912.302911079,3304387.379375556,919999.5450198159,ilheus-IPTU
2023-06-01,2023-06-01,12,2024-06-01,1346108.831895152,1941256.2981974059,919999.5450198159,ilheus-IPTU
2023-07-01,2023-07-01,1,2023-08-01,2424253.599531383,-8773550.193668809,916749.2273110348,ilheus-IPTU
2023-07-01,2023-07-01,2,2023-09-01,2013764.6094781046,-10274724.055899607,916749.2273110348,ilheus-IPTU
2023-07-01,2023-07-01,3,2023-10-01,1586701.2293386583,9296995.751369283,916749.2273110348,ilheus-IPTU
2023-07-01,2023-07-01,4,2023-11-01,1229128.6609010594,16644577.604609892,916749.2273110348,ilheus-IPTU
2023-07-01,2023-07-01,5,2023-12-01,1538686.7153930117,4714346.510992891,916749.2273110348,ilheus-IPTU
2023-07-01,2023-07-01,6,2024-01-01,2421833.300556963,-2384236.9085108093,916749.2273110348,ilheus-IPTU
2023-07-01,2023-07-01,7,2024-02-01,2645795.772083337,24152933.284751877,916749.2273110348,ilheus-IPTU
2023-07-01,2023-07-01,8,2024-03-01,5197363.375781737,-4152667.335039821,916749.2273110348,ilheus-IPTU
2023-07-01,2023-07-01,9,2024-04-01,8479100.268538596,686409.3780226837,916749.2273110348,ilheus-IPTU
2023-07-01,2023-07-01,10,2024-05-01,3547912.302911079,4436511.704189403,916749.2273110348,ilheus-IPTU
2023-07-01,2023-07-01,11,2024-06-01,1346108.831895152,3900827.415620687,916749.2273110348,ilheus-IPTU
2023-07-01,2023-07-01,12,2024-07-01,1525676.4134805854,-7006291.083682554,916749.2273110348,ilheus-IPTU
2023-08-01,2023-08-01,1,2023-09-01,2013764.6094781046,1752225.63648643,911329.5259519133,ilheus-IPTU
2023-08-01,2023-08-01,2,2023-10-01,1586701.2293386583,1763792.3239088943,911329.5259519133,ilheus-IPTU
2023-08-01,2023-08-01,3,2023-11-01,1229128.6609010594,1491571.2954842332,911329.5259519133,ilheus-IPTU
2023-08-01,2023-08-01,4,2023-12-01,1538686.7153930117,1486187.5481782507,911329.5259519133,ilheus-IPTU
2023-08-01,2023-08-01,5,2024-01-01,2421833.300556963,1952541.2129356654,911329.5259519133,ilheus-IPTU
2023-08-01,2023-08-01,6,2024-02-01,2645795.772083337,6550922.08230047,911329.5259519133,ilheus-IPTU
2023-08-01,2023-08-01,7,2024-03-01,5197363.375781737,5161434.792139294,911329.5259519133,ilheus-IPTU
2023-08-01,2023-08-01,8,2024-04-01,8479100.268538596,5706354.612670246,911329.5259519133,ilheus-IPTU
2023-08-01,2023-08-01,9,2024-05-01,3547912.302911079,3267430.398790134,911329.5259519133,ilheus-IPTU
2023-08-01,2023-08-01,10,2024-06-01,1346108.831895152,1919641.699136485,911329.5259519133,ilheus-IPTU
2023-08-01,2023-08-01,11,2024-07-01,1525676.4134805854,1740288.6240921388,911329.5259519133,ilheus-IPTU
2023-08-01,2023-08-01,12,2024-08-01,1524774.8231291657,2159767.205633838,911329.5259519133,ilheus-IPTU
2023-09-01,2023-09-01,1,2023-10-01,1586701.2293386583,1788448.3491779775,903003.7152289185,ilheus-IPTU
2023-09-01,2023-09-01,2,2023-11-01,1229128.6609010594,1512326.396780273,903003.7152289185,ilheus-IPTU
2023-09-01,2023-09-01,3,2023-12-01,1538686.7153930117,1506828.579935867,903003.7152289185,ilheus-IPTU
2023-09-01,2023-09-01,4,2024-01-01,2421833.300556963,1977293.2026663187,903003.7152289185,ilheus-IPTU
2023-09-01,2023-09-01,5,2024-02-01,2645795.772083337,6645740.237380988,903003.7152289185,ilheus-IPTU
2023-09-01,2023-09-01,6,2024-03-01,5197363.375781737,5234048.366396179,903003.7152289185,ilheus-IPTU
2023-09-01,2023-09-01,7,2024-04-01,8479100.268538596,5786692.045341592,903003.7152289185,ilheus-IPTU
2023-09-01,2023-09-01,8,2024-05-01,3547912.302911079,3312446.965605091,903003.7152289185,ilheus-IPTU
2023-09-01,2023-09-01,9,2024-06-01,1346108.831895152,1946556.81410091,903003.7152289185,ilheus-IPTU
2023-09-01,2023-09-01,10,2024-07-01,1525676.4134805854,1764807.8770497919,903003.7152289185,ilheus-IPTU
2023-09-01,2023-09-01,11,2024-08-01,1524774.8231291657,2189831.4159163577,903003.7152289185,ilheus-IPTU
2023-09-01,2023-09-01,12,2024-09-01,2251010.9817227167,1780793.151379992,903003.7152289185,ilheus-IPTU
2023-10-01,2023-10-01,1,2023-11-01,1229128.6609010594,1497724.0191938367,900065.8588046691,ilheus-IPTU
2023-10-01,2023-10-01,2,2023-12-01,1538686.7153930117,1493279.344566513,900065.8588046691,ilheus-IPTU
2023-10-01,2023-10-01,3,2024-01-01,2421833.300556963,1957182.604626813,900065.8588046691,ilheus-IPTU
2023-10-01,2023-10-01,4,2024-02-01,2645795.772083337,6596099.004985024,900065.8588046691,ilheus-IPTU
2023-10-01,2023-10-01,5,2024-03-01,5197363.375781737,5192065.326638831,900065.8588046691,ilheus-IPTU
2023-10-01,2023-10-01,6,2024-04-01,8479100.268538596,5742717.695801615,900065.8588046691,ilheus-IPTU
2023-10-01,2023-10-01,7,2024-05-01,3547912.302911079,3286882.4230523794,900065.8588046691,ilheus-IPTU
2023-10-01,2023-10-01,8,2024-06-01,1346108.831895152,1931253.701491076,900065.8588046691,ilheus-IPTU
2023-10-01,2023-10-01,9,2024-07-01,1525676.4134805854,1750156.652526883,900065.8588046691,ilheus-IPTU
2023-10-01,2023-10-01,10,2024-08-01,1524774.8231291657,2172494.06792545,900065.8588046691,ilheus-IPTU
2023-10-01,2023-10-01,11,2024-09-01,2251010.9817227167,1767177.9696741826,900065.8588046691,ilheus-IPTU
2023-10-01,2023-10-01,12,2024-10-01,2022162.6259630015,1739862.7344155076,900065.8588046691,ilheus-IPTU
2023-11-01,2023-11-01,1,2023-12-01,1538686.7153930117,1469835.2756710383,894348.4015914297,ilheus-IPTU
2023-11-01,2023-11-01,2,2024-01-01,2421833.300556963,1921896.9088773075,894348.4015914297,ilheus-IPTU
2023-11-01,2023-11-01,3,2024-02-01,2645795.772083337,6500461.183160226,894348.4015914297,ilheus-IPTU
2023-11-01,2023-11-01,4,2024-03-01,5197363.375781737,5118410.113840959,894348.4015914297,ilheus-IPTU
2023-11-01,2023-11-01,5,2024-04-01,8479100.268538596,5663425.565343192,894348.4015914297,ilheus-IPTU
2023-11-01,2023-11-01,6,2024-05-01,3547912.302911079,3240861.8501775702,894348.4015914297,ilheus-IPTU
2023-11-01,2023-11-01,7,2024-06-01,1346108.831895152,1903911.5321650205,894348.4015914297,ilheus-IPTU
2023-11-01,2023-11-01,8,2024-07-01,1525676.4134805854,1724776.207451554,894348.4015914297,ilheus-IPTU
2023-11-01,2023-11-01,9,2024-08-01,1524774.8231291657,2141601.484189565,894348.4015914297,ilheus-IPTU
2023-11-01,2023-11-01,10,2024-09-01,2251010.9817227167,1742662.5856119397,894348.4015914297,ilheus-IPTU
2023-11-01,2023-11-01,11,2024-10-01,2022162.6259630015,1714683.6764244481,894348.4015914297,ilheus-IPTU
2023-11-01,2023-11-01,12,2024-11-01,2201702.753328437,1441601.999494009,894348.4015914297,ilheus-IPTU
2023-12-01,2023-12-01,1,2024-01-01,2421833.300556963,1928690.2371462223,886651.072449273,ilheus-IPTU
2023-12-01,2023-12-01,2,2024-02-01,2645795.772083337,6538019.818764986,886651.072449273,ilheus-IPTU
2023-12-01,2023-12-01,3,2024-03-01,5197363.375781737,5147389.204345034,886651.072449273,ilheus-IPTU
2023-12-01,2023-12-01,4,2024-04-01,8479100.268538596,5696788.434088169,886651.072449273,ilheus-IPTU
2023-12-01,2023-12-01,5,2024-05-01,3547912.302911079,3259047.941208981,886651.072449273,ilheus-IPTU
2023-12-01,2023-12-01,6,2024-06-01,1346108.831895152,1914672.9062258499,886651.072449273,ilheus-IPTU
2023-12-01,2023-12-01,7,2024-07-01,1525676.4134805854,1734023.4681663567,886651.072449273,ilheus-IPTU
2023-12-01,2023-12-01,8,2024-08-01,1524774.8231291657,2153707.658524733,886651.072449273,ilheus-IPTU
2023-12-01,2023-12-01,9,2024-09-01,2251010.9817227167,1752754.5809129728,886651.072449273,ilheus-IPTU
2023-12-01,2023-12-01,10,2024-10-01,2022162.6259630015,1724304.89060083,886651.072449273,ilheus-IPTU
2023-12-01,2023-12-01,11,2024-11-01,2201702.753328437,1449593.2826969754,886651.072449273,ilheus-IPTU
2023-12-01,2023-12-01,12,2024-12-01,1694424.8208521737,1467929.1670454394,886651.072449273,ilheus-IPTU
2024-01-01,2024-01-01,1,2024-02-01,2645795.772083337,6673051.272636806,883474.7672779439,ilheus-IPTU
2024-01-01,2024-01-01,2,2024-03-01,5197363.375781737,5252147.886956521,883474.7672779439,ilheus-IPTU
2024-01-01,2024-01-01,3,2024-04-01,8479100.268538596,5817340.8568199575,883474.7672779439,ilheus-IPTU
2024-01-01,2024-01-01,4,2024-05-01,3547912.302911079,3332138.423014103,883474.7672779439,ilheus-IPTU
2024-01-01,2024-01-01,5,2024-06-01,1346108.831895152,1955545.710631694,883474.7672779439,ilheus-IPTU
2024-01-01,2024-01-01,6,2024-07-01,1525676.4134805854,1771370.315881505,883474.7672779439,ilheus-IPTU
2024-01-01,2024-01-01,7,2024-08-01,1524774.8231291657,2200777.427571296,883474.7672779439,ilheus-IPTU
2024-01-01,2024-01-01,8,2024-09-01,2251010.9817227167,1790968.5226354555,883474.7672779439,ilheus-IPTU
2024-01-01,2024-01-01,9,2024-10-01,2022162.6259630015,1762578.11279291,883474.7672779439,ilheus-IPTU
2024-01-01,2024-01-01,10,2024-11-01,2201702.753328437,1482338.6005342903,883474.7672779439,ilheus-IPTU
2024-01-01,2024-01-01,11,2024-12-01,1694424.8208521737,1499766.0905880388,883474.7672779439,ilheus-IPTU
2024-01-01,2024-01-01,12,2025-01-01,2108465.286890068,2001125.671763372,883474.7672779439,ilheus-IPTU
2024-02-01,2024-02-01,1,2024-03-01,5197363.375781737,-5481143022.826898,876188.356308126,ilheus-IPTU
2024-02-01,2024-02-01,2,2024-04-01,8479100.268538596,110948829.41172533,876188.356308126,ilheus-IPTU
2024-02-01,2024-02-01,3,2024-05-01,3547912.302911079,-6327262605.247551,876188.356308126,ilheus-IPTU
2024-02-01,2024-02-01,4,2024-06-01,1346108.831895152,203163.22651303635,876188.356308126,ilheus-IPTU
2024-02-01,2024-02-01,5,2024-07-01,1525676.4134805854,-13702195025.702589,876188.356308126,ilheus-IPTU
2024-02-01,2024-02-01,6,2024-08-01,1524774.8231291657,-195942719072.70474,876188.356308126,ilheus-IPTU
2024-02-01,2024-02-01,7,2024-09-01,2251010.9817227167,-11735209571.277718,876188.356308126,ilheus-IPTU
2024-02-01,2024-02-01,8,2024-10-01,2022162.6259630015,-39721747334.96347,876188.356308126,ilheus-IPTU
2024-02-01,2024-02-01,9,2024-11-01,2201702.753328437,-155534761310957.34,876188.356308126,ilheus-IPTU
2024-02-01,2024-02-01,10,2024-12-01,1694424.8208521737,-13004186168.449854,876188.356308126,ilheus-IPTU
2024-02-01,2024-02-01,11,2025-01-01,2108465.286890068,-447044356.3040668,876188.356308126,ilheus-IPTU
2024-02-01,2024-02-01,12,2025-02-01,2371216.706139471,-6257354461.335899,876188.356308126,ilheus-IPTU
2024-03-01,2024-03-01,1,2024-04-01,8479100.268538596,36184942083.63917,880065.0616390505,ilheus-IPTU
2024-03-01,2024-03-01,2,2024-05-01,3547912.302911079,337495437379.34564,880065.0616390505,ilheus-IPTU
2024-03-01,2024-03-01,3,2024-06-01,1346108.831895152,-3233982303.6797967,880065.0616390505,ilheus-IPTU
2024-03-01,2024-03-01,4,2024-07-01,1525676.4134805854,177295654.15703216,880065.0616390505,ilheus-IPTU
2024-03-01,2024-03-01,5,2024-08-01,1524774.8231291657,-10245413993.275707,880065.0616390505,ilheus-IPTU
2024-03-01,2024-03-01,6,2024-09-01,2251010.9817227167,1123259.788392339,880065.0616390505,ilheus-IPTU
2024-03-01,2024-03-01,7,2024-10-01,2022162.6259630015,-3116602243534.546,880065.0616390505,ilheus-IPTU
2024-03-01,2024-03-01,8,2024-11-01,2201702.753328437,-32817923151.84567,880065.0616390505,ilheus-IPTU
2024-03-01,2024-03-01,9,2024-12-01,1694424.8208521737,-8981611338797.752,880065.0616390505,ilheus-IPTU
2024-03-01,2024-03-01,10,2025-01-01,2108465.286890068,1939520.14084881,880065.0616390505,ilheus-IPTU
2024-03-01,2024-03-01,11,2025-02-01,2371216.706139471,-4340668430831.7437,880065.0616390505,ilheus-IPTU
2024-03-01,2024-03-01,12,2025-03-01,3310719.619677425,465677736.54666847,880065.0616390505,ilheus-IPTU
2024-04-01,2024-04-01,1,2024-05-01,3547912.302911079,3271497.9428582583,878085.6565731413,ilheus-IPTU
2024-04-01,2024-04-01,2,2024-06-01,1346108.831895152,1924485.7142320005,878085.6565731413,ilheus-IPTU
2024-04-01,2024-04-01,3,2024-07-01,1525676.4134805854,1746209.0803121936,878085.6565731413,ilheus-IPTU
2024-04-01,2024-04-01,4,2024-08-01,1524774.8231291657,2176520.3868310824,878085.6565731413,ilheus-IPTU
2024-04-01,2024-04-01,5,2024-09-01,2251010.9817227167,1774457.0007244244,878085.6565731413,ilheus-IPTU
2024-04-01,2024-04-01,6,2024-10-01,2022162.6259630015,1746929.8947842107,878085.6565731413,ilheus-IPTU
2024-04-01,2024-04-01,7,2024-11-01,2201702.753328437,1468894.6307511039,878085.6565731413,ilheus-IPTU
2024-04-01,2024-04-01,8,2024-12-01,1694424.8208521737,1480538.8601518092,878085.6565731413,ilheus-IPTU
2024-04-01,2024-04-01,9,2025-01-01,2108465.286890068,1996362.9054434807,878085.6565731413,ilheus-IPTU
2024-04-01,2024-04-01,10,2025-02-01,2371216.706139471,6243720.925345451,878085.6565731413,ilheus-IPTU
2024-04-01,2024-04-01,11,2025-03-01,3310719.619677425,5114867.715754564,878085.6565731413,ilheus-IPTU
2024-04-01,2024-04-01,12,2025-04-01,6114395.71252974,6015178.554727618,878085.6565731413,ilheus-IPTU
2024-05-01,2024-05-01,1,2024-06-01,1346108.831895152,525277.7611463262,874112.6122048295,ilheus-IPTU
2024-05-01,2024-05-01,2,2024-07-01,1525676.4134805854,1183128.6278541917,874112.6122048295,ilheus-IPTU
2024-05-01,2024-05-01,3,2024-08-01,1524774.8231291657,895417.5941106568,874112.6122048295,ilheus-IPTU
2024-05-01,2024-05-01,4,2024-09-01,2251010.9817227167,2917294.922215917,874112.6122048295,ilheus-IPTU
2024-05-01,2024-05-01,5,2024-10-01,2022162.6259630015,3646324.168779671,874112.6122048295,ilheus-IPTU
2024-05-01,2024-05-01,6,2024-11-01,2201702.753328437,1538530.8244157068,874112.6122048295,ilheus-IPTU
2024-05-01,2024-05-01,7,2024-12-01,1694424.8208521737,1002864.54403937,874112.6122048295,ilheus-IPTU
2024-05-01,2024-05-01,8,2025-01-01,2108465.286890068,948810.7384374028,874112.6122048295,ilheus-IPTU
2024-05-01,2024-05-01,9,2025-02-01,2371216.706139471,5281185.8254270805,874112.6122048295,ilheus-IPTU
2024-05-01,2024-05-01,10,2025-03-01,3310719.619677425,-3382584.3601236823,874112.6122048295,ilheus-IPTU
2024-05-01,2024-05-01,11,2025-04-01,6114395.71252974,5434966.152216394,874112.6122048295,ilheus-IPTU
2024-05-01,2024-05-01,12,2025-05-01,10674921.144211657,-5589877.431496305,874112.6122048295,ilheus-IPTU
2024-06-01,2024-06-01,1,2024-07-01,1525676.4134805854,1715482.3881256846,869315.9473684988,ilheus-IPTU
2024-06-01,2024-06-01,2,2024-08-01,1524774.8231291657,2141295.5651853797,869315.9473684988,ilheus-IPTU
2024-06-01,2024-06-01,3,2024-09-01,2251010.9817227167,1747176.797735276,869315.9473684988,ilheus-IPTU
2024-06-01,2024-06-01,4,2024-10-01,2022162.6259630015,1720547.2793226026,869315.9473684988,ilheus-IPTU
2024-06-01,2024-06-01,5,2024-11-01,2201702.753328437,1446850.9820615281,869315.9473684988,ilheus-IPTU
2024-06-01,2024-06-01,6,2024-12-01,1694424.8208521737,1457346.4474656302,869315.9473684988,ilheus-IPTU
2024-06-01,2024-06-01,7,2025-01-01,2108465.286890068,1967797.0446631408,869315.9473684988,ilheus-IPTU
2024-06-01,2024-06-01,8,2025-02-01,2371216.706139471,6116510.393530395,869315.9473684988,ilheus-IPTU
2024-06-01,2024-06-01,9,2025-03-01,3310719.619677425,5029687.616124484,869315.9473684988,ilheus-IPTU
2024-06-01,2024-06-01,10,2025-04-01,6114395.71252974,5931232.889916672,869315.9473684988,ilheus-IPTU
2024-06-01,2024-06-01,11,2025-05-01,10674921.144211657,3207018.338476141,869315.9473684988,ilheus-IPTU
2024-06-01,2024-06-01,12,2025-06-01,2481588.5542101185,1845671.3544796116,869315.9473684988,ilheus-IPTU
2024-07-01,2024-07-01,1,2024-08-01,1524774.8231291657,2124559.995405063,863051.0914278884,ilheus-IPTU
2024-07-01,2024-07-01,2,2024-09-01,2251010.9817227167,1733994.0348092394,863051.0914278884,ilheus-IPTU
2024-07-01,2024-07-01,3,2024-10-01,2022162.6259630015,1707279.979899696,863051.0914278884,ilheus-IPTU
2024-07-01,2024-07-01,4,2024-11-01,2201702.753328437,1435725.615919531,863051.0914278884,ilheus-IPTU
2024-07-01,2024-07-01,5,2024-12-01,1694424.8208521737,1446586.6120302228,863051.0914278884,ilheus-IPTU
2024-07-01,2024-07-01,6,2025-01-01,2108465.286890068,1951869.5822896357,863051.0914278884,ilheus-IPTU
2024-07-01,2024-07-01,7,2025-02-01,2371216.706139471,6069754.521204569,863051.0914278884,ilheus-IPTU
2024-07-01,2024-07-01,8,2025-03-01,3310719.619677425,4994842.185211297,863051.0914278884,ilheus-IPTU
2024-07-01,2024-07-01,9,2025-04-01,6114395.71252974,5895952.491970528,863051.0914278884,ilheus-IPTU
2024-07-01,2024-07-01,10,2025-05-01,10674921.144211657,3186019.6662030853,863051.0914278884,ilheus-IPTU
2024-07-01,2024-07-01,11,2025-06-01,2481588.5542101185,1832544.6974652992,863051.0914278884,ilheus-IPTU
2024-07-01,2024-07-01,12,2025-07-01,3060644.6314035594,1675204.2259949474,863051.0914278884,ilheus-IPTU
2024-08-01,2024-08-01,1,2024-09-01,2251010.9817227167,1695507.6228625877,863401.3576295645,ilheus-IPTU
2024-08-01,2024-08-01,2,2024-10-01,2022162.6259630015,1669112.6678500571,863401.3576295645,ilheus-IPTU
2024-08-01,2024-08-01,3,2024-11-01,2201702.753328437,1403748.86240851,863401.3576295645,ilheus-IPTU
2024-08-01,2024-08-01,4,2024-12-01,1694424.8208521737,1415759.3653623126,863401.3576295645,ilheus-IPTU
2024-08-01,2024-08-01,5,2025-01-01,2108465.286890068,1908077.7867980597,863401.3576295645,ilheus-IPTU
2024-08-01,2024-08-01,6,2025-02-01,2371216.706139471,5950606.268934877,863401.3576295645,ilheus-IPTU
2024-08-01,2024-08-01,7,2025-03-01,3310719.619677425,4893434.968808486,863401.3576295645,ilheus-IPTU
2024-08-01,2024-08-01,8,2025-04-01,6114395.71252974,5780818.295665164,863401.3576295645,ilheus-IPTU
2024-08-01,2024-08-01,9,2025-05-01,10674921.144211657,3124249.994060914,863401.3576295645,ilheus-IPTU
2024-08-01,2024-08-01,10,2025-06-01,2481588.5542101185,1795061.895331463,863401.3576295645,ilheus-IPTU
2024-08-01,2024-08-01,11,2025-07-01,3060644.6314035594,1640768.9182113728,863401.3576295645,ilheus-IPTU
2024-08-01,2024-08-01,12,2025-08-01,3181433.012194698,2028923.5333599157,863401.3576295645,ilheus-IPTU
2024-09-01,2024-09-01,1,2024-10-01,2022162.6259630015,-1078933.9460300189,857437.9768163745,ilheus-IPTU
2024-09-01,2024-09-01,2,2024-11-01,2201702.753328437,-245232.01725545662,857437.9768163745,ilheus-IPTU
2024-09-01,2024-09-01,3,2024-12-01,1694424.8208521737,-1100539.8154108978,857437.9768163745,ilheus-IPTU
2024-09-01,2024-09-01,4,2025-01-01,2108465.286890068,93522.11095551425,857437.9768163745,ilheus-IPTU
2024-09-01,2024-09-01,5,2025-02-01,2371216.706139471,-39418896.711852394,857437.9768163745,ilheus-IPTU
2024-09-01,2024-09-01,6,2025-03-01,3310719.619677425,-6593143.290828372,857437.9768163745,ilheus-IPTU
2024-09-01,2024-09-01,7,2025-04-01,6114395.71252974,-5619955.072421691,857437.9768163745,ilheus-IPTU
2024-09-01,2024-09-01,8,2025-05-01,10674921.144211657,-2768345.911518707,857437.9768163745,ilheus-IPTU
2024-09-01,2024-09-01,9,2025-06-01,2481588.5542101185,-1696147.9137880367,857437.9768163745,ilheus-IPTU
2024-09-01,2024-09-01,10,2025-07-01,3060644.6314035594,-1319056.5222138509,857437.9768163745,ilheus-IPTU
2024-09-01,2024-09-01,11,2025-08-01,3181433.012194698,-1936538.526654214,857437.9768163745,ilheus-IPTU
2024-09-01,2024-09-01,12,2025-09-01,2176992.6733736745,-1670339.239510209,857437.9768163745,ilheus-IPTU
2024-10-01,2024-10-01,1,2024-11-01,2201702.753328437,1460168.7479490053,853457.0656824873,ilheus-IPTU
2024-10-01,2024-10-01,2,2024-12-01,1694424.8208521737,1470776.5250475323,853457.0656824873,ilheus-IPTU
2024-10-01,2024-10-01,3,2025-01-01,2108465.286890068,1984331.9284948567,853457.0656824873,ilheus-IPTU
2024-10-01,2024-10-01,4,2025-02-01,2371216.706139471,6163512.496362715,853457.0656824873,ilheus-IPTU
2024-10-01,2024-10-01,5,2025-03-01,3310719.619677425,5076032.204425172,853457.0656824873,ilheus-IPTU
2024-10-01,2024-10-01,6,2025-04-01,6114395.71252974,5996225.857036696,853457.0656824873,ilheus-IPTU
2024-10-01,2024-10-01,7,2025-05-01,10674921.144211657,3236453.7894161423,853457.0656824873,ilheus-IPTU
2024-10-01,2024-10-01,8,2025-06-01,2481588.5542101185,1862111.1036595334,853457.0656824873,ilheus-IPTU
2024-10-01,2024-10-01,9,2025-07-01,3060644.6314035594,1702895.484848231,853457.0656824873,ilheus-IPTU
2024-10-01,2024-10-01,10,2025-08-01,3181433.012194698,2106551.5533039724,853457.0656824873,ilheus-IPTU
2024-10-01,2024-10-01,11,2025-09-01,2176992.6733736745,1797633.65371719,853457.0656824873,ilheus-IPTU
2024-10-01,2024-10-01,12,2025-10-01,3969900.331450771,1745493.8871914805,853457.0656824873,ilheus-IPTU
2024-11-01,2024-11-01,1,2024-12-01,1694424.8208521737,1522361.0465795118,854570.3089230938,ilheus-IPTU
2024-11-01,2024-11-01,2,2025-01-01,2108465.286890068,2057274.0526412132,854570.3089230938,ilheus-IPTU
2024-11-01,2024-11-01,3,2025-02-01,2371216.706139471,6366381.621474835,854570.3089230938,ilheus-IPTU
2024-11-01,2024-11-01,4,2025-03-01,3310719.619677425,5244385.106498554,854570.3089230938,ilheus-IPTU
2024-11-01,2024-11-01,5,2025-04-01,6114395.71252974,6189328.539857563,854570.3089230938,ilheus-IPTU
2024-11-01,2024-11-01,6,2025-05-01,10674921.144211657,3340331.216832182,854570.3089230938,ilheus-IPTU
2024-11-01,2024-11-01,7,2025-06-01,2481588.5542101185,1924124.8872043334,854570.3089230938,ilheus-IPTU
2024-11-01,2024-11-01,8,2025-07-01,3060644.6314035594,1760104.526916032,854570.3089230938,ilheus-IPTU
2024-11-01,2024-11-01,9,2025-08-01,3181433.012194698,2177801.567279498,854570.3089230938,ilheus-IPTU
2024-11-01,2024-11-01,10,2025-09-01,2176992.6733736745,1855377.838745739,854570.3089230938,ilheus-IPTU
2024-11-01,2024-11-01,11,2025-10-01,3969900.331450771,1802772.7888906186,854570.3089230938,ilheus-IPTU
2024-11-01,2024-11-01,12,2025-11-01,2599706.7557239616,1575369.5689992215,854570.3089230938,ilheus-IPTU
2024-12-01,2024-12-01,1,2025-01-01,2108465.286890068,125453.70352301729,848099.6403725019,ilheus-IPTU
2024-12-01,2024-12-01,2,2025-02-01,2371216.706139471,-25519299.40340738,848099.6403725019,ilheus-IPTU
2024-12-01,2024-12-01,3,2025-03-01,3310719.619677425,381735.9916812219,848099.6403725019,ilheus-IPTU
2024-12-01,2024-12-01,4,2025-04-01,6114395.71252974,-4279037.14389279,848099.6403725019,ilheus-IPTU
2024-12-01,2024-12-01,5,2025-05-01,10674921.144211657,-2406088.441505065,848099.6403725019,ilheus-IPTU
2024-12-01,2024-12-01,6,2025-06-01,2481588.5542101185,1144509.9052751258,848099.6403725019,ilheus-IPTU
2024-12-01,2024-12-01,7,2025-07-01,3060644.6314035594,-697954.6684615402,848099.6403725019,ilheus-IPTU
2024-12-01,2024-12-01,8,2025-08-01,3181433.012194698,388051.7302625248,848099.6403725019,ilheus-IPTU
2024-12-01,2024-12-01,9,2025-09-01,2176992.6733736745,6008977.80546673,848099.6403725019,ilheus-IPTU
2024-12-01,2024-12-01,10,2025-10-01,3969900.331450771,107812.88256017875,848099.6403725019,ilheus-IPTU
2024-12-01,2024-12-01,11,2025-11-01,2599706.7557239616,-17040655.97120615,848099.6403725019,ilheus-IPTU
2024-12-01,2024-12-01,12,2025-12-01,4295550.76,3583516.2759602033,848099.6403725019,ilheus-IPTU
2025-01-01,2025-01-01,1,2025-02-01,2371216.706139471,6449993.899031898,843193.8456320835,ilheus-IPTU
2025-01-01,2025-01-01,2,2025-03-01,3310719.619677425,5312729.244634743,843193.8456320835,ilheus-IPTU
2025-01-01,2025-01-01,3,2025-04-01,6114395.71252974,6269888.136547535,843193.8456320835,ilheus-IPTU
2025-01-01,2025-01-01,4,2025-05-01,10674921.144211657,3379028.405919078,843193.8456320835,ilheus-IPTU
2025-01-01,2025-01-01,5,2025-06-01,2481588.5542101185,1947688.4935748875,843193.8456320835,ilheus-IPTU
2025-01-01,2025-01-01,6,2025-07-01,3060644.6314035594,1781901.8535093772,843193.8456320835,ilheus-IPTU
2025-01-01,2025-01-01,7,2025-08-01,3181433.012194698,2204916.2963151615,843193.8456320835,ilheus-IPTU
2025-01-01,2025-01-01,8,2025-09-01,2176992.6733736745,1878635.5678315025,843193.8456320835,ilheus-IPTU
2025-01-01,2025-01-01,9,2025-10-01,3969900.331450771,1825331.7040068638,843193.8456320835,ilheus-IPTU
2025-01-01,2025-01-01,10,2025-11-01,2599706.7557239616,1595266.1807098368,843193.8456320835,ilheus-IPTU
2025-01-01,2025-01-01,11,2025-12-01,4295550.76,1540230.5792468237,843193.8456320835,ilheus-IPTU
2025-02-01,2025-02-01,1,2025-03-01,3310719.619677425,5015800.372852617,838024.6203621906,ilheus-IPTU
2025-02-01,2025-02-01,2,2025-04-01,6114395.71252974,5952369.373637467,838024.6203621906,ilheus-IPTU
2025-02-01,2025-02-01,3,2025-05-01,10674921.144211657,3189228.850011733,838024.6203621906,ilheus-IPTU
2025-02-01,2025-02-01,4,2025-06-01,2481588.5542101185,1842807.997841573,838024.6203621906,ilheus-IPTU
2025-02-01,2025-02-01,5,2025-07-01,3060644.6314035594,1689952.1136032655,838024.6203621906,ilheus-IPTU
2025-02-01,2025-02-01,6,2025-08-01,3181433.012194698,2096139.3605429502,838024.6203621906,ilheus-IPTU
2025-02-01,2025-02-01,7,2025-09-01,2176992.6733736745,1791694.684807206,838024.6203621906,ilheus-IPTU
2025-02-01,2025-02-01,8,2025-10-01,3969900.331450771,1741294.266857388,838024.6203621906,ilheus-IPTU
2025-02-01,2025-02-01,9,2025-11-01,2599706.7557239616,1522456.4945740404,838024.6203621906,ilheus-IPTU
2025-02-01,2025-02-01,10,2025-12-01,4295550.76,1465436.1875596433,838024.6203621906,ilheus-IPTU
2025-03-01,2025-03-01,1,2025-04-01,6114395.71252974,-202340682774.124,847471.6396031106,ilheus-IPTU
2025-03-01,2025-03-01,2,2025-05-01,10674921.144211657,440633234845.77344,847471.6396031106,ilheus-IPTU
2025-03-01,2025-03-01,3,2025-06-01,2481588.5542101185,-34937603525.03009,847471.6396031106,ilheus-IPTU
2025-03-01,2025-03-01,4,2025-07-01,3060644.6314035594,-81795032587.02742,847471.6396031106,ilheus-IPTU
2025-03-01,2025-03-01,5,2025-08-01,3181433.012194698,118590133081.45375,847471.6396031106,ilheus-IPTU
2025-03-01,2025-03-01,6,2025-09-01,2176992.6733736745,-220372790590.34726,847471.6396031106,ilheus-IPTU
2025-03-01,2025-03-01,7,2025-10-01,3969900.331450771,84102806459.69981,847471.6396031106,ilheus-IPTU
2025-03-01,2025-03-01,8,2025-11-01,2599706.7557239616,-39358378248.72204,847471.6396031106,ilheus-IPTU
2025-03-01,2025-03-01,9,2025-12-01,4295550.76,-39225587684.66157,847471.6396031106,ilheus-IPTU
2025-04-01,2025-04-01,1,2025-05-01,10674921.144211657,-91785841933.2768,861018.362071019,ilheus-IPTU
2025-04-01,2025-04-01,2,2025-06-01,2481588.5542101185,-119924098493.28383,861018.362071019,ilheus-IPTU
2025-04-01,2025-04-01,3,2025-07-01,3060644.6314035594,-22024102590.116917,861018.362071019,ilheus-IPTU
2025-04-01,2025-04-01,4,2025-08-01,3181433.012194698,139225883749.5645,861018.362071019,ilheus-IPTU
2025-04-01,2025-04-01,5,2025-09-01,2176992.6733736745,173912579601.89102,861018.362071019,ilheus-IPTU
2025-04-01,2025-04-01,6,2025-10-01,3969900.331450771,143526010251.0816,861018.362071019,ilheus-IPTU
2025-04-01,2025-04-01,7,2025-11-01,2599706.7557239616,111978361672.64827,861018.362071019,ilheus-IPTU
2025-04-01,2025-04-01,8,2025-12-01,4295550.76,-36166684776.91355,861018.362071019,ilheus-IPTU
2025-05-01,2025-05-01,1,2025-06-01,2481588.5542101185,1993957.009189008,916469.6052500417,ilheus-IPTU
2025-05-01,2025-05-01,2,2025-07-01,3060644.6314035594,1818496.9951885992,916469.6052500417,ilheus-IPTU
2025-05-01,2025-05-01,3,2025-08-01,3181433.012194698,2249757.621980268,916469.6052500417,ilheus-IPTU
2025-05-01,2025-05-01,4,2025-09-01,2176992.6733736745,1903080.3369338466,916469.6052500417,ilheus-IPTU
2025-05-01,2025-05-01,5,2025-10-01,3969900.331450771,1849572.1368011972,916469.6052500417,ilheus-IPTU
2025-05-01,2025-05-01,6,2025-11-01,2599706.7557239616,1611292.3157248907,916469.6052500417,ilheus-IPTU
2025-05-01,2025-05-01,7,2025-12-01,4295550.76,1557173.291116284,916469.6052500417,ilheus-IPTU
2025-06-01,2025-06-01,1,2025-07-01,3060644.6314035594,1856834.394290596,918390.7466278042,ilheus-IPTU
2025-06-01,2025-06-01,2,2025-08-01,3181433.012194698,2296259.0469941413,918390.7466278042,ilheus-IPTU
2025-06-01,2025-06-01,3,2025-09-01,2176992.6733736745,1941124.5922592294,918390.7466278042,ilheus-IPTU
2025-06-01,2025-06-01,4,2025-10-01,3969900.331450771,1885917.4296070363,918390.7466278042,ilheus-IPTU
2025-06-01,2025-06-01,5,2025-11-01,2599706.7557239616,1642503.698989972,918390.7466278042,ilheus-IPTU
2025-06-01,2025-06-01,6,2025-12-01,4295550.76,1588346.2606431623,918390.7466278042,ilheus-IPTU
2025-07-01,2025-07-01,1,2025-08-01,3181433.012194698,-1420715.1595705335,923752.2898564578,ilheus-IPTU
2025-07-01,2025-07-01,2,2025-09-01,2176992.6733736745,-280347.18149885174,923752.2898564578,ilheus-IPTU
2025-07-01,2025-07-01,3,2025-10-01,3969900.331450771,-134573.46730779202,923752.2898564578,ilheus-IPTU
2025-07-01,2025-07-01,4,2025-11-01,2599706.7557239616,510167.2679879228,923752.2898564578,ilheus-IPTU
2025-07-01,2025-07-01,5,2025-12-01,4295550.76,102984.63681413713,923752.2898564578,ilheus-IPTU
2025-08-01,2025-08-01,1,2025-09-01,2176992.6733736745,2122347.130986729,930070.4441599844,ilheus-IPTU
2025-08-01,2025-08-01,2,2025-10-01,3969900.331450771,2058663.3244090315,930070.4441599844,ilheus-IPTU
2025-08-01,2025-08-01,3,2025-11-01,2599706.7557239616,1788912.8771366712,930070.4441599844,ilheus-IPTU
2025-08-01,2025-08-01,4,2025-12-01,4295550.76,1735664.3206741796,930070.4441599844,ilheus-IPTU
2025-09-01,2025-09-01,1,2025-10-01,3969900.331450771,2059924.7900445717,922753.7592385233,ilheus-IPTU
2025-09-01,2025-09-01,2,2025-11-01,2599706.7557239616,1790452.568613105,922753.7592385233,ilheus-IPTU
2025-09-01,2025-09-01,3,2025-12-01,4295550.76,1736387.6702225,922753.7592385233,ilheus-IPTU
2025-10-01,2025-10-01,1,2025-11-01,2599706.7557239616,-1140698.4177448368,931440.0638677542,ilheus-IPTU
2025-10-01,2025-10-01,2,2025-12-01,4295550.76,-1324921.3707035824,931440.0638677542,ilheus-IPTU
2025-11-01,2025-11-01,1,2025-12-01,4295550.76,2001946.0957631131,926957.407888996,ilheus-IPTU
2020-12-01,2020-12-01,1,2021-01-01,3833776.027698853,3160828.124484603,885601.6145158762,ilheus-ISSQN
2020-12-01,2020-12-01,2,2021-02-01,1588571.2894411306,2321489.671170559,885601.6145158762,ilheus-ISSQN
2020-12-01,2020-12-01,3,2021-03-01,3669865.341790646,2859999.781695409,885601.6145158762,ilheus-ISSQN
2020-12-01,2020-12-01,4,2021-04-01,4153557.2956896494,2978962.9665526436,885601.6145158762,ilheus-ISSQN
2020-12-01,2020-12-01,5,2021-05-01,3453122.4012055863,3169199.1444394756,885601.6145158762,ilheus-ISSQN
2020-12-01,2020-12-01,6,2021-06-01,3570687.46514713,2713788.507005663,885601.6145158762,ilheus-ISSQN
2020-12-01,2020-12-01,7,2021-07-01,5196171.231922152,3786398.1857854505,885601.6145158762,ilheus-ISSQN
2020-12-01,2020-12-01,8,2021-08-01,4443752.31085364,3496958.654533842,885601.6145158762,ilheus-ISSQN
2020-12-01,2020-12-01,9,2021-09-01,4222245.176809426,3379388.3996258797,885601.6145158762,ilheus-ISSQN
2020-12-01,2020-12-01,10,2021-10-01,2634720.4943755055,3332117.3262302103,885601.6145158762,ilheus-ISSQN
2020-12-01,2020-12-01,11,2021-11-01,1977895.37325985,2553672.7973803044,885601.6145158762,ilheus-ISSQN
2020-12-01,2020-12-01,12,2021-12-01,1851041.825639648,3761104.691563481,885601.6145158762,ilheus-ISSQN
2021-01-01,2021-01-01,1,2021-02-01,1588571.2894411306,2341311.4008747325,880346.2880424437,ilheus-ISSQN
2021-01-01,2021-01-01,2,2021-03-01,3669865.341790646,2885922.8813002193,880346.2880424437,ilheus-ISSQN
2021-01-01,2021-01-01,3,2021-04-01,4153557.2956896494,3004644.5266843294,880346.2880424437,ilheus-ISSQN
2021-01-01,2021-01-01,4,2021-05-01,3453122.4012055863,3202393.4034473645,880346.2880424437,ilheus-ISSQN
2021-01-01,2021-01-01,5,2021-06-01,3570687.46514713,2741913.57860143,880346.2880424437,ilheus-ISSQN
2021-01-01,2021-01-01,6,2021-07-01,5196171.231922152,3808489.7294988525,880346.2880424437,ilheus-ISSQN
2021-01-01,2021-01-01,7,2021-08-01,4443752.31085364,3531322.395425494,880346.2880424437,ilheus-ISSQN
2021-01-01,2021-01-01,8,2021-09-01,4222245.176809426,3414142.559245044,880346.2880424437,ilheus-ISSQN
2021-01-01,2021-01-01,9,2021-10-01,2634720.4943755055,3367087.8766923156,880346.2880424437,ilheus-ISSQN
2021-01-01,2021-01-01,10,2021-11-01,1977895.37325985,2579083.374192028,880346.2880424437,ilheus-ISSQN
2021-01-01,2021-01-01,11,2021-12-01,1851041.825639648,3803880.9456137605,880346.2880424437,ilheus-ISSQN
2021-01-01,2021-01-01,12,2022-01-01,4595502.996233166,3194632.8019205355,880346.2880424437,ilheus-ISSQN
2021-02-01,2021-02-01,1,2021-03-01,3669865.341790646,2866897.391441734,888589.8579463329,ilheus-ISSQN
2021-02-01,2021-02-01,2,2021-04-01,4153557.2956896494,2985793.3160174484,888589.8579463329,ilheus-ISSQN
2021-02-01,2021-02-01,3,2021-05-01,3453122.4012055863,3178423.879263283,888589.8579463329,ilheus-ISSQN
2021-02-01,2021-02-01,4,2021-06-01,3570687.46514713,2721517.233791568,888589.8579463329,ilheus-ISSQN
2021-02-01,2021-02-01,5,2021-07-01,5196171.231922152,3790873.939196997,888589.8579463329,ilheus-ISSQN
2021-02-01,2021-02-01,6,2021-08-01,4443752.31085364,3506484.2083077147,888589.8579463329,ilheus-ISSQN
2021-02-01,2021-02-01,7,2021-09-01,4222245.176809426,3388679.5812846227,888589.8579463329,ilheus-ISSQN
2021-02-01,2021-02-01,8,2021-10-01,2634720.4943755055,3341281.331249007,888589.8579463329,ilheus-ISSQN
2021-02-01,2021-02-01,9,2021-11-01,1977895.37325985,2559973.253779798,888589.8579463329,ilheus-ISSQN
2021-02-01,2021-02-01,10,2021-12-01,1851041.825639648,3772020.3054326433,888589.8579463329,ilheus-ISSQN
2021-02-01,2021-02-01,11,2022-01-01,4595502.996233166,3156844.1410905616,888589.8579463329,ilheus-ISSQN
2021-02-01,2021-02-01,12,2022-02-01,3599759.875636779,2224422.173987186,888589.8579463329,ilheus-ISSQN
2021-03-01,2021-03-01,1,2021-04-01,4153557.2956896494,3000937.762962711,883073.4298261817,ilheus-ISSQN
2021-03-01,2021-03-01,2,2021-05-01,3453122.4012055863,3196950.3441405958,883073.4298261817,ilheus-ISSQN
2021-03-01,2021-03-01,3,2021-06-01,3570687.46514713,2737494.7328244434,883073.4298261817,ilheus-ISSQN
2021-03-01,2021-03-01,4,2021-07-01,5196171.231922152,3803412.0982374875,883073.4298261817,ilheus-ISSQN
2021-03-01,2021-03-01,5,2021-08-01,4443752.31085364,3524831.995499851,883073.4298261817,ilheus-ISSQN
2021-03-01,2021-03-01,6,2021-09-01,4222245.176809426,3410130.632920105,883073.4298261817,ilheus-ISSQN
2021-03-01,2021-03-01,7,2021-10-01,2634720.4943755055,3362511.935244218,883073.4298261817,ilheus-ISSQN
2021-03-01,2021-03-01,8,2021-11-01,1977895.37325985,2575591.1121687423,883073.4298261817,ilheus-ISSQN
2021-03-01,2021-03-01,9,2021-12-01,1851041.825639648,3797458.958911091,883073.4298261817,ilheus-ISSQN
2021-03-01,2021-03-01,10,2022-01-01,4595502.996233166,3190927.0521049458,883073.4298261817,ilheus-ISSQN
2021-03-01,2021-03-01,11,2022-02-01,3599759.875636779,2237930.1080808286,883073.4298261817,ilheus-ISSQN
2021-03-01,2021-03-01,12,2022-03-01,3916152.370216925,2968896.6910769837,883073.4298261817,ilheus-ISSQN
2021-04-01,2021-04-01,1,2021-05-01,3453122.4012055863,3220695.856345684,869838.3967731856,ilheus-ISSQN
2021-04-01,2021-04-01,2,2021-06-01,3570687.46514713,2758076.7891213736,869838.3967731856,ilheus-ISSQN
2021-04-01,2021-04-01,3,2021-07-01,5196171.231922152,3818263.9800682133,869838.3967731856,ilheus-ISSQN
2021-04-01,2021-04-01,4,2021-08-01,4443752.31085364,3550821.4215961634,869838.3967731856,ilheus-ISSQN
2021-04-01,2021-04-01,5,2021-09-01,4222245.176809426,3434040.793741701,869838.3967731856,ilheus-ISSQN
2021-04-01,2021-04-01,6,2021-10-01,2634720.4943755055,3386553.970037424,869838.3967731856,ilheus-ISSQN
2021-04-01,2021-04-01,7,2021-11-01,1977895.37325985,2592389.574383366,869838.3967731856,ilheus-ISSQN
2021-04-01,2021-04-01,8,2021-12-01,1851041.825639648,3827676.102609574,869838.3967731856,ilheus-ISSQN
2021-04-01,2021-04-01,9,2022-01-01,4595502.996233166,3234950.5883582663,869838.3967731856,ilheus-ISSQN
2021-04-01,2021-04-01,10,2022-02-01,3599759.875636779,2253053.9066309407,869838.3967731856,ilheus-ISSQN
2021-04-01,2021-04-01,11,2022-03-01,3916152.370216925,2986374.5237923227,869838.3967731856,ilheus-ISSQN
2021-04-01,2021-04-01,12,2022-04-01,4291180.637975705,3176628.005259045,869838.3967731856,ilheus-ISSQN
2021-05-01,2021-05-01,1,2021-06-01,3570687.46514713,2761537.4136099103,873505.6528754403,ilheus-ISSQN
2021-05-01,2021-05-01,2,2021-07-01,5196171.231922152,3821800.647722847,873505.6528754403,ilheus-ISSQN
2021-05-01,2021-05-01,3,2021-08-01,4443752.31085364,3555718.8429650934,873505.6528754403,ilheus-ISSQN
2021-05-01,2021-05-01,4,2021-09-01,4222245.176809426,3438688.795477853,873505.6528754403,ilheus-ISSQN
2021-05-01,2021-05-01,5,2021-10-01,2634720.4943755055,3390801.862523026,873505.6528754403,ilheus-ISSQN
2021-05-01,2021-05-01,6,2021-11-01,1977895.37325985,2595778.2913432806,873505.6528754403,ilheus-ISSQN
2021-05-01,2021-05-01,7,2021-12-01,1851041.825639648,3832682.9293037383,873505.6528754403,ilheus-ISSQN
2021-05-01,2021-05-01,8,2022-01-01,4595502.996233166,3238960.420255882,873505.6528754403,ilheus-ISSQN
2021-05-01,2021-05-01,9,2022-02-01,3599759.875636779,2256190.0421652226,873505.6528754403,ilheus-ISSQN
2021-05-01,2021-05-01,10,2022-03-01,3916152.370216925,2989527.414416749,873505.6528754403,ilheus-ISSQN
2021-05-01,2021-05-01,11,2022-04-01,4291180.637975705,3180123.6140323766,873505.6528754403,ilheus-ISSQN
2021-05-01,2021-05-01,12,2022-05-01,5257128.1446916275,3221654.1694241953,873505.6528754403,ilheus-ISSQN
2021-06-01,2021-06-01,1,2021-07-01,5196171.231922152,3834383.434916677,872481.1593890731,ilheus-ISSQN
2021-06-01,2021-06-01,2,2021-08-01,4443752.31085364,3576216.361745547,872481.1593890731,ilheus-ISSQN
2021-06-01,2021-06-01,3,2021-09-01,4222245.176809426,3459191.9219871913,872481.1593890731,ilheus-ISSQN
2021-06-01,2021-06-01,4,2021-10-01,2634720.4943755055,3411235.542805413,872481.1593890731,ilheus-ISSQN
2021-06-01,2021-06-01,5,2021-11-01,1977895.37325985,2610307.0364072374,872481.1593890731,ilheus-ISSQN
2021-06-01,2021-06-01,6,2021-12-01,1851041.825639648,3857410.146184421,872481.1593890731,ilheus-ISSQN
2021-06-01,2021-06-01,7,2022-01-01,4595502.996233166,3274280.9900064273,872481.1593890731,ilheus-ISSQN
2021-06-01,2021-06-01,8,2022-02-01,3599759.875636779,2269035.232388166,872481.1593890731,ilheus-ISSQN
2021-06-01,2021-06-01,9,2022-03-01,3916152.370216925,3004018.9744084487,872481.1593890731,ilheus-ISSQN
2021-06-01,2021-06-01,10,2022-04-01,4291180.637975705,3194176.0031599114,872481.1593890731,ilheus-ISSQN
2021-06-01,2021-06-01,11,2022-05-01,5257128.1446916275,3240218.9430570756,872481.1593890731,ilheus-ISSQN
2021-06-01,2021-06-01,12,2022-06-01,5307608.8770729955,2876459.4823184893,872481.1593890731,ilheus-ISSQN
2021-07-01,2021-07-01,1,2021-08-01,4443752.31085364,3588090.982101416,870448.9488895449,ilheus-ISSQN
2021-07-01,2021-07-01,2,2021-09-01,4222245.176809426,3471080.9686617837,870448.9488895449,ilheus-ISSQN
2021-07-01,2021-07-01,3,2021-10-01,2634720.4943755055,3423044.561652167,870448.9488895449,ilheus-ISSQN
2021-07-01,2021-07-01,4,2021-11-01,1977895.37325985,2618744.9396442394,870448.9488895449,ilheus-ISSQN
2021-07-01,2021-07-01,5,2021-12-01,1851041.825639648,3872022.007917752,870448.9488895449,ilheus-ISSQN
2021-07-01,2021-07-01,6,2022-01-01,4595502.996233166,3296639.712990534,870448.9488895449,ilheus-ISSQN
2021-07-01,2021-07-01,7,2022-02-01,3599759.875636779,2276339.211756711,870448.9488895449,ilheus-ISSQN
2021-07-01,2021-07-01,8,2022-03-01,3916152.370216925,3012128.5802174406,870448.9488895449,ilheus-ISSQN
2021-07-01,2021-07-01,9,2022-04-01,4291180.637975705,3202094.777762857,870448.9488895449,ilheus-ISSQN
2021-07-01,2021-07-01,10,2022-05-01,5257128.1446916275,3250752.113251411,870448.9488895449,ilheus-ISSQN
2021-07-01,2021-07-01,11,2022-06-01,5307608.8770729955,2885022.9008376943,870448.9488895449,ilheus-ISSQN
2021-07-01,2021-07-01,12,2022-07-01,4379280.2105701715,4036465.0192584964,870448.9488895449,ilheus-ISSQN
2021-08-01,2021-08-01,1,2021-09-01,4222245.176809426,3485854.236051132,874474.7730374555,ilheus-ISSQN
2021-08-01,2021-08-01,2,2021-10-01,2634720.4943755055,3437608.897190391,874474.7730374555,ilheus-ISSQN
2021-08-01,2021-08-01,3,2021-11-01,1977895.37325985,2628863.519463191,874474.7730374555,ilheus-ISSQN
2021-08-01,2021-08-01,4,2021-12-01,1851041.825639648,3888782.246368948,874474.7730374555,ilheus-ISSQN
2021-08-01,2021-08-01,5,2022-01-01,4595502.996233166,3320367.704295233,874474.7730374555,ilheus-ISSQN
2021-08-01,2021-08-01,6,2022-02-01,3599759.875636779,2285256.741752746,874474.7730374555,ilheus-ISSQN
2021-08-01,2021-08-01,7,2022-03-01,3916152.370216925,3022007.6453392166,874474.7730374555,ilheus-ISSQN
2021-08-01,2021-08-01,8,2022-04-01,4291180.637975705,3211485.084930469,874474.7730374555,ilheus-ISSQN
2021-08-01,2021-08-01,9,2022-05-01,5257128.1446916275,3263529.1970660724,874474.7730374555,ilheus-ISSQN
2021-08-01,2021-08-01,10,2022-06-01,5307608.8770729955,2895513.940831319,874474.7730374555,ilheus-ISSQN
2021-08-01,2021-08-01,11,2022-07-01,4379280.2105701715,4044891.2352964906,874474.7730374555,ilheus-ISSQN
2021-08-01,2021-08-01,12,2022-08-01,4468730.572282989,3699791.9644482248,874474.7730374555,ilheus-ISSQN
2021-09-01,2021-09-01,1,2021-10-01,2634720.4943755055,3450140.141469242,869484.2300280825,ilheus-ISSQN
2021-09-01,2021-09-01,2,2021-11-01,1977895.37325985,2637651.05388315,869484.2300280825,ilheus-ISSQN
2021-09-01,2021-09-01,3,2021-12-01,1851041.825639648,3903611.6008704184,869484.2300280825,ilheus-ISSQN
2021-09-01,2021-09-01,4,2022-01-01,4595502.996233166,3340959.5430260655,869484.2300280825,ilheus-ISSQN
2021-09-01,2021-09-01,5,2022-02-01,3599759.875636779,2293053.9978656913,869484.2300280825,ilheus-ISSQN
2021-09-01,2021-09-01,6,2022-03-01,3916152.370216925,3030850.6170530086,869484.2300280825,ilheus-ISSQN
2021-09-01,2021-09-01,7,2022-04-01,4291180.637975705,3220509.9528859574,869484.2300280825,ilheus-ISSQN
2021-09-01,2021-09-01,8,2022-05-01,5257128.1446916275,3274515.6044176957,869484.2300280825,ilheus-ISSQN
2021-09-01,2021-09-01,9,2022-06-01,5307608.8770729955,2904801.974890189,869484.2300280825,ilheus-ISSQN
2021-09-01,2021-09-01,10,2022-07-01,4379280.2105701715,4052272.3367857565,869484.2300280825,ilheus-ISSQN
2021-09-01,2021-09-01,11,2022-08-01,4468730.572282989,3711052.394049774,869484.2300280825,ilheus-ISSQN
2021-09-01,2021-09-01,12,2022-09-01,5802108.660436498,3579689.26913917,869484.2300280825,ilheus-ISSQN
2021-10-01,2021-10-01,1,2021-11-01,1977895.37325985,2626693.011556168,870019.3496107172,ilheus-ISSQN
2021-10-01,2021-10-01,2,2021-12-01,1851041.825639648,3885152.747953987,870019.3496107172,ilheus-ISSQN
2021-10-01,2021-10-01,3,2022-01-01,4595502.996233166,3314211.684331547,870019.3496107172,ilheus-ISSQN
2021-10-01,2021-10-01,4,2022-02-01,3599759.875636779,2283451.4604382566,870019.3496107172,ilheus-ISSQN
2021-10-01,2021-10-01,5,2022-03-01,3916152.370216925,3020041.9877737593,870019.3496107172,ilheus-ISSQN
2021-10-01,2021-10-01,6,2022-04-01,4291180.637975705,3209750.995297467,870019.3496107172,ilheus-ISSQN
2021-10-01,2021-10-01,7,2022-05-01,5257128.1446916275,3260807.0204086504,870019.3496107172,ilheus-ISSQN
2021-10-01,2021-10-01,8,2022-06-01,5307608.8770729955,2893348.3027177923,870019.3496107172,ilheus-ISSQN
2021-10-01,2021-10-01,9,2022-07-01,4379280.2105701715,4043270.942903295,870019.3496107172,ilheus-ISSQN
2021-10-01,2021-10-01,10,2022-08-01,4468730.572282989,3696898.6915298384,870019.3496107172,ilheus-ISSQN
2021-10-01,2021-10-01,11,2022-09-01,5802108.660436498,3565453.7356292596,870019.3496107172,ilheus-ISSQN
2021-10-01,2021-10-01,12,2022-10-01,3184201.4593452825,3323123.4849515585,870019.3496107172,ilheus-ISSQN
2021-11-01,2021-11-01,1,2021-12-01,1851041.825639648,3866620.7766793775,866339.0218317595,ilheus-ISSQN
2021-11-01,2021-11-01,2,2022-01-01,4595502.996233166,3288465.105067651,866339.0218317595,ilheus-ISSQN
2021-11-01,2021-11-01,3,2022-02-01,3599759.875636779,2273694.6005264465,866339.0218317595,ilheus-ISSQN
2021-11-01,2021-11-01,4,2022-03-01,3916152.370216925,3009126.0766264712,866339.0218317595,ilheus-ISSQN
2021-11-01,2021-11-01,5,2022-04-01,4291180.637975705,3199060.9488232294,866339.0218317595,ilheus-ISSQN
2021-11-01,2021-11-01,6,2022-05-01,5257128.1446916275,3246864.7618940664,866339.0218317595,ilheus-ISSQN
2021-11-01,2021-11-01,7,2022-06-01,5307608.8770729955,2881929.55131178,866339.0218317595,ilheus-ISSQN
2021-11-01,2021-11-01,8,2022-07-01,4379280.2105701715,4033946.6474005403,866339.0218317595,ilheus-ISSQN
2021-11-01,2021-11-01,9,2022-08-01,4468730.572282989,3682752.571086725,866339.0218317595,ilheus-ISSQN
2021-11-01,2021-11-01,10,2022-09-01,5802108.660436498,3550911.8589696535,866339.0218317595,ilheus-ISSQN
2021-11-01,2021-11-01,11,2022-10-01,3184201.4593452825,3307815.5177863864,866339.0218317595,ilheus-ISSQN
2021-11-01,2021-11-01,12,2022-11-01,2246811.650573443,2525907.623452866,866339.0218317595,ilheus-ISSQN
2021-12-01,2021-12-01,1,2022-01-01,4595502.996233166,3244622.284361529,862076.6934729686,ilheus-ISSQN
2021-12-01,2021-12-01,2,2022-02-01,3599759.875636779,2251463.3508378193,862076.6934729686,ilheus-ISSQN
2021-12-01,2021-12-01,3,2022-03-01,3916152.370216925,2983579.0897743334,862076.6934729686,ilheus-ISSQN
2021-12-01,2021-12-01,4,2022-04-01,4291180.637975705,3173198.152466603,862076.6934729686,ilheus-ISSQN
2021-12-01,2021-12-01,5,2022-05-01,5257128.1446916275,3215438.6321180305,862076.6934729686,ilheus-ISSQN
2021-12-01,2021-12-01,6,2022-06-01,5307608.8770729955,2855588.6114544203,862076.6934729686,ilheus-ISSQN
2021-12-01,2021-12-01,7,2022-07-01,4379280.2105701715,4007898.3574245446,862076.6934729686,ilheus-ISSQN
2021-12-01,2021-12-01,8,2022-08-01,4468730.572282989,3649817.183541126,862076.6934729686,ilheus-ISSQN
2021-12-01,2021-12-01,9,2022-09-01,5802108.660436498,3518093.5339796813,862076.6934729686,ilheus-ISSQN
2021-12-01,2021-12-01,10,2022-10-01,3184201.4593452825,3273831.5092929797,862076.6934729686,ilheus-ISSQN
2021-12-01,2021-12-01,11,2022-11-01,2246811.650573443,2501026.9334933646,862076.6934729686,ilheus-ISSQN
2021-12-01,2021-12-01,12,2022-12-01,5275407.576307106,3644804.439093362,862076.6934729686,ilheus-ISSQN
2022-01-01,2022-01-01,1,2022-02-01,3599759.875636779,2285736.644916672,860702.0397066857,ilheus-ISSQN
2022-01-01,2022-01-01,2,2022-03-01,3916152.370216925,3021512.4834211483,860702.0397066857,ilheus-ISSQN
2022-01-01,2022-01-01,3,2022-04-01,4291180.637975705,3209701.5005569835,860702.0397066857,ilheus-ISSQN
2022-01-01,2022-01-01,4,2022-05-01,5257128.1446916275,3264895.3695186027,860702.0397066857,ilheus-ISSQN
2022-01-01,2022-01-01,5,2022-06-01,5307608.8770729955,2896049.324018466,860702.0397066857,ilheus-ISSQN
2022-01-01,2022-01-01,6,2022-07-01,4379280.2105701715,4036820.5970567465,860702.0397066857,ilheus-ISSQN
2022-01-01,2022-01-01,7,2022-08-01,4468730.572282989,3699622.723538571,860702.0397066857,ilheus-ISSQN
2022-01-01,2022-01-01,8,2022-09-01,5802108.660436498,3568842.1338450797,860702.0397066857,ilheus-ISSQN
2022-01-01,2022-01-01,9,2022-10-01,3184201.4593452825,3329174.348984591,860702.0397066857,ilheus-ISSQN
2022-01-01,2022-01-01,10,2022-11-01,2246811.650573443,2539927.1673525935,860702.0397066857,ilheus-ISSQN
2022-01-01,2022-01-01,11,2022-12-01,5275407.576307106,3713076.5306458254,860702.0397066857,ilheus-ISSQN
2022-01-01,2022-01-01,12,2023-01-01,7044916.168374341,3345889.922524402,860702.0397066857,ilheus-ISSQN
2022-02-01,2022-02-01,1,2022-03-01,3916152.370216925,3036247.6440133653,876249.1551997798,ilheus-ISSQN
2022-02-01,2022-02-01,2,2022-04-01,4291180.637975705,3223578.402741955,876249.1551997798,ilheus-ISSQN
2022-02-01,2022-02-01,3,2022-05-01,5257128.1446916275,3284447.381875695,876249.1551997798,ilheus-ISSQN
2022-02-01,2022-02-01,4,2022-06-01,5307608.8770729955,2911980.3505999753,876249.1551997798,ilheus-ISSQN
2022-02-01,2022-02-01,5,2022-07-01,4379280.2105701715,4046096.558192168,876249.1551997798,ilheus-ISSQN
2022-02-01,2022-02-01,6,2022-08-01,4468730.572282989,3719049.1346743195,876249.1551997798,ilheus-ISSQN
2022-02-01,2022-02-01,7,2022-09-01,5802108.660436498,3588920.8725809776,876249.1551997798,ilheus-ISSQN
2022-02-01,2022-02-01,8,2022-10-01,3184201.4593452825,3351526.970645402,876249.1551997798,ilheus-ISSQN
2022-02-01,2022-02-01,9,2022-11-01,2246811.650573443,2555307.1230061115,876249.1551997798,ilheus-ISSQN
2022-02-01,2022-02-01,10,2022-12-01,5275407.576307106,3740333.9449900356,876249.1551997798,ilheus-ISSQN
2022-02-01,2022-02-01,11,2023-01-01,7044916.168374341,3399205.446887301,876249.1551997798,ilheus-ISSQN
2022-02-01,2022-02-01,12,2023-02-01,5490957.798547088,2502840.5762152406,876249.1551997798,ilheus-ISSQN
2022-03-01,2022-03-01,1,2022-04-01,4291180.637975705,3230447.7491348498,867849.6601761332,ilheus-ISSQN
2022-03-01,2022-03-01,2,2022-05-01,5257128.1446916275,3293489.3298934666,867849.6601761332,ilheus-ISSQN
2022-03-01,2022-03-01,3,2022-06-01,5307608.8770729955,2919456.359154352,867849.6601761332,ilheus-ISSQN
2022-03-01,2022-03-01,4,2022-07-01,4379280.2105701715,4051568.8502855613,867849.6601761332,ilheus-ISSQN
2022-03-01,2022-03-01,5,2022-08-01,4468730.572282989,3728110.8592519225,867849.6601761332,ilheus-ISSQN
2022-03-01,2022-03-01,6,2022-09-01,5802108.660436498,3598226.842369385,867849.6601761332,ilheus-ISSQN
2022-03-01,2022-03-01,7,2022-10-01,3184201.4593452825,3361694.7052064226,867849.6601761332,ilheus-ISSQN
2022-03-01,2022-03-01,8,2022-11-01,2246811.650573443,2562229.5435060277,867849.6601761332,ilheus-ISSQN
2022-03-01,2022-03-01,9,2022-12-01,5275407.576307106,3752344.331812077,867849.6601761332,ilheus-ISSQN
2022-03-01,2022-03-01,10,2023-01-01,7044916.168374341,3418433.6107903807,867849.6601761332,ilheus-ISSQN
2022-03-01,2022-03-01,11,2023-02-01,5490957.798547088,2508054.457633817,867849.6601761332,ilheus-ISSQN
2022-03-01,2022-03-01,12,2023-03-01,5017034.708914244,3141050.3786777616,867849.6601761332,ilheus-ISSQN
2022-04-01,2022-04-01,1,2022-05-01,5257128.1446916275,3301790.9375241096,858241.4191512637,ilheus-ISSQN
2022-04-01,2022-04-01,2,2022-06-01,5307608.8770729955,2926408.4956902317,858241.4191512637,ilheus-ISSQN
2022-04-01,2022-04-01,3,2022-07-01,4379280.2105701715,4056770.150637563,858241.4191512637,ilheus-ISSQN
2022-04-01,2022-04-01,4,2022-08-01,4468730.572282989,3736661.2937926995,858241.4191512637,ilheus-ISSQN
2022-04-01,2022-04-01,5,2022-09-01,5802108.660436498,3607226.154191505,858241.4191512637,ilheus-ISSQN
2022-04-01,2022-04-01,6,2022-10-01,3184201.4593452825,3371105.370956643,858241.4191512637,ilheus-ISSQN
2022-04-01,2022-04-01,7,2022-11-01,2246811.650573443,2568808.7439414095,858241.4191512637,ilheus-ISSQN
2022-04-01,2022-04-01,8,2022-12-01,5275407.576307106,3763856.85242686,858241.4191512637,ilheus-ISSQN
2022-04-01,2022-04-01,9,2023-01-01,7044916.168374341,3438106.281834663,858241.4191512637,ilheus-ISSQN
2022-04-01,2022-04-01,10,2023-02-01,5490957.798547088,2512715.051951801,858241.4191512637,ilheus-ISSQN
2022-04-01,2022-04-01,11,2023-03-01,5017034.708914244,3146928.174410363,858241.4191512637,ilheus-ISSQN
2022-04-01,2022-04-01,12,2023-04-01,5120423.472637157,3365057.8766415403,858241.4191512637,ilheus-ISSQN
2022-05-01,2022-05-01,1,2022-06-01,5307608.8770729955,2938500.5752732847,870524.072714053,ilheus-ISSQN
2022-05-01,2022-05-01,2,2022-07-01,4379280.2105701715,4062016.844367146,870524.072714053,ilheus-ISSQN
2022-05-01,2022-05-01,3,2022-08-01,4468730.572282989,3751138.196576286,870524.072714053,ilheus-ISSQN
2022-05-01,2022-05-01,4,2022-09-01,5802108.660436498,3622768.977949017,870524.072714053,ilheus-ISSQN
2022-05-01,2022-05-01,5,2022-10-01,3184201.4593452825,3388341.8894130317,870524.072714053,ilheus-ISSQN
2022-05-01,2022-05-01,6,2022-11-01,2246811.650573443,2580066.819972345,870524.072714053,ilheus-ISSQN
2022-05-01,2022-05-01,7,2022-12-01,5275407.576307106,3784125.979745806,870524.072714053,ilheus-ISSQN
2022-05-01,2022-05-01,8,2023-01-01,7044916.168374341,3485325.5141191287,870524.072714053,ilheus-ISSQN
2022-05-01,2022-05-01,9,2023-02-01,5490957.798547088,2519643.6228785445,870524.072714053,ilheus-ISSQN
2022-05-01,2022-05-01,10,2023-03-01,5017034.708914244,3155846.536313582,870524.072714053,ilheus-ISSQN
2022-05-01,2022-05-01,11,2023-04-01,5120423.472637157,3372843.9502602867,870524.072714053,ilheus-ISSQN
2022-05-01,2022-05-01,12,2023-05-01,5944098.506612575,3614666.086199963,870524.072714053,ilheus-ISSQN
2022-06-01,2022-06-01,1,2022-07-01,4379280.2105701715,4968784.841813599,881631.7309090763,ilheus-ISSQN
2022-06-01,2022-06-01,2,2022-08-01,4468730.572282989,4827204.342453437,881631.7309090763,ilheus-ISSQN
2022-06-01,2022-06-01,3,2022-09-01,5802108.660436498,4584978.58809873,881631.7309090763,ilheus-ISSQN
2022-06-01,2022-06-01,4,2022-10-01,3184201.4593452825,4326208.758352752,881631.7309090763,ilheus-ISSQN
2022-06-01,2022-06-01,5,2022-11-01,2246811.650573443,3105448.4514233214,881631.7309090763,ilheus-ISSQN
2022-06-01,2022-06-01,6,2022-12-01,5275407.576307106,4404855.402392035,881631.7309090763,ilheus-ISSQN
2022-06-01,2022-06-01,7,2023-01-01,7044916.168374341,4093883.664570868,881631.7309090763,ilheus-ISSQN
2022-06-01,2022-06-01,8,2023-02-01,5490957.798547088,2900138.8679535766,881631.7309090763,ilheus-ISSQN
2022-06-01,2022-06-01,9,2023-03-01,5017034.708914244,3921432.1151089068,881631.7309090763,ilheus-ISSQN
2022-06-01,2022-06-01,10,2023-04-01,5120423.472637157,4145720.8103880663,881631.7309090763,ilheus-ISSQN
2022-06-01,2022-06-01,11,2023-05-01,5944098.506612575,4366910.375161506,881631.7309090763,ilheus-ISSQN
2022-06-01,2022-06-01,12,2023-06-01,5820348.99620249,4019714.3564013024,881631.7309090763,ilheus-ISSQN
2022-07-01,2022-07-01,1,2022-08-01,4468730.572282989,4645729.581756191,880812.2282564548,ilheus-ISSQN
2022-07-01,2022-07-01,2,2022-09-01,5802108.660436498,4411798.023972303,880812.2282564548,ilheus-ISSQN
2022-07-01,2022-07-01,3,2022-10-01,3184201.4593452825,4163749.279686891,880812.2282564548,ilheus-ISSQN
2022-07-01,2022-07-01,4,2022-11-01,2246811.650573443,2992928.9180885893,880812.2282564548,ilheus-ISSQN
2022-07-01,2022-07-01,5,2022-12-01,5275407.576307106,4234046.5334316,880812.2282564548,ilheus-ISSQN
2022-07-01,2022-07-01,6,2023-01-01,7044916.168374341,3949497.5491772676,880812.2282564548,ilheus-ISSQN
2022-07-01,2022-07-01,7,2023-02-01,5490957.798547088,2801274.126937564,880812.2282564548,ilheus-ISSQN
2022-07-01,2022-07-01,8,2023-03-01,5017034.708914244,3792809.338765421,880812.2282564548,ilheus-ISSQN
2022-07-01,2022-07-01,9,2023-04-01,5120423.472637157,4001996.1793620195,880812.2282564548,ilheus-ISSQN
2022-07-01,2022-07-01,10,2023-05-01,5944098.506612575,4227012.56269501,880812.2282564548,ilheus-ISSQN
2022-07-01,2022-07-01,11,2023-06-01,5820348.99620249,3889174.1846289854,880812.2282564548,ilheus-ISSQN
2022-07-01,2022-07-01,12,2023-07-01,6410704.047477755,4695163.024826629,880812.2282564548,ilheus-ISSQN
2022-08-01,2022-08-01,1,2022-09-01,5802108.660436498,4377792.969250494,870114.3036711158,ilheus-ISSQN
2022-08-01,2022-08-01,2,2022-10-01,3184201.4593452825,4131892.8499482395,870114.3036711158,ilheus-ISSQN
2022-08-01,2022-08-01,3,2022-11-01,2246811.650573443,2970926.1774487426,870114.3036711158,ilheus-ISSQN
2022-08-01,2022-08-01,4,2022-12-01,5275407.576307106,4200635.631150452,870114.3036711158,ilheus-ISSQN
2022-08-01,2022-08-01,5,2023-01-01,7044916.168374341,3921661.553069209,870114.3036711158,ilheus-ISSQN
2022-08-01,2022-08-01,6,2023-02-01,5490957.798547088,2782400.1097212113,870114.3036711158,ilheus-ISSQN
2022-08-01,2022-08-01,7,2023-03-01,5017034.708914244,3767436.506133056,870114.3036711158,ilheus-ISSQN
2022-08-01,2022-08-01,8,2023-04-01,5120423.472637157,3973738.519911011,870114.3036711158,ilheus-ISSQN
2022-08-01,2022-08-01,9,2023-05-01,5944098.506612575,4199446.103123015,870114.3036711158,ilheus-ISSQN
2022-08-01,2022-08-01,10,2023-06-01,5820348.99620249,3863497.168646891,870114.3036711158,ilheus-ISSQN
2022-08-01,2022-08-01,11,2023-07-01,6410704.047477755,4662772.784006992,870114.3036711158,ilheus-ISSQN
2022-08-01,2022-08-01,12,2023-08-01,5321090.6821164945,4580883.111415733,870114.3036711158,ilheus-ISSQN
2022-09-01,2022-09-01,1,2022-10-01,3184201.4593452825,-14398244773.873127,878876.6392261275,ilheus-ISSQN
2022-09-01,2022-09-01,2,2022-11-01,2246811.650573443,-84337206021.86086,878876.6392261275,ilheus-ISSQN
2022-09-01,2022-09-01,3,2022-12-01,5275407.576307106,156740089857.44077,878876.6392261275,ilheus-ISSQN
2022-09-01,2022-09-01,4,2023-01-01,7044916.168374341,-1066798026.4708679,878876.6392261275,ilheus-ISSQN
2022-09-01,2022-09-01,5,2023-02-01,5490957.798547088,238288743838.19147,878876.6392261275,ilheus-ISSQN
2022-09-01,2022-09-01,6,2023-03-01,5017034.708914244,165586770952.04556,878876.6392261275,ilheus-ISSQN
2022-09-01,2022-09-01,7,2023-04-01,5120423.472637157,342242044579.73627,878876.6392261275,ilheus-ISSQN
2022-09-01,2022-09-01,8,2023-05-01,5944098.506612575,265891810507.62305,878876.6392261275,ilheus-ISSQN
2022-09-01,2022-09-01,9,2023-06-01,5820348.99620249,601922109730.1873,878876.6392261275,ilheus-ISSQN
2022-09-01,2022-09-01,10,2023-07-01,6410704.047477755,-55292102.7814766,878876.6392261275,ilheus-ISSQN
2022-09-01,2022-09-01,11,2023-08-01,5321090.6821164945,327299649906.8768,878876.6392261275,ilheus-ISSQN
2022-09-01,2022-09-01,12,2023-09-01,4693378.384150494,9205185.34444688,878876.6392261275,ilheus-ISSQN
2022-10-01,2022-10-01,1,2022-11-01,2246811.650573443,2990822.174622959,874859.6188083673,ilheus-ISSQN
2022-10-01,2022-10-01,2,2022-12-01,5275407.576307106,4232520.030753272,874859.6188083673,ilheus-ISSQN
2022-10-01,2022-10-01,3,2023-01-01,7044916.168374341,3945121.58472084,874859.6188083673,ilheus-ISSQN
2022-10-01,2022-10-01,4,2023-02-01,5490957.798547088,2796271.9065191243,874859.6188083673,ilheus-ISSQN
2022-10-01,2022-10-01,5,2023-03-01,5017034.708914244,3787825.396104008,874859.6188083673,ilheus-ISSQN
2022-10-01,2022-10-01,6,2023-04-01,5120423.472637157,3996977.9199913233,874859.6188083673,ilheus-ISSQN
2022-10-01,2022-10-01,7,2023-05-01,5944098.506612575,4220910.227411071,874859.6188083673,ilheus-ISSQN
2022-10-01,2022-10-01,8,2023-06-01,5820348.99620249,3882777.1867543715,874859.6188083673,ilheus-ISSQN
2022-10-01,2022-10-01,9,2023-07-01,6410704.047477755,4690218.739315143,874859.6188083673,ilheus-ISSQN
2022-10-01,2022-10-01,10,2023-08-01,5321090.6821164945,4605629.579521033,874859.6188083673,ilheus-ISSQN
2022-10-01,2022-10-01,11,2023-09-01,4693378.384150494,4640461.507703299,874859.6188083673,ilheus-ISSQN
2022-10-01,2022-10-01,12,2023-10-01,2707167.420455185,3985565.511693229,874859.6188083673,ilheus-ISSQN
2022-11-01,2022-11-01,1,2022-12-01,5275407.576307106,4101892.4396456154,867559.0966216832,ilheus-ISSQN
2022-11-01,2022-11-01,2,2023-01-01,7044916.168374341,3831731.4289653874,867559.0966216832,ilheus-ISSQN
2022-11-01,2022-11-01,3,2023-02-01,5490957.798547088,2720151.5384882414,867559.0966216832,ilheus-ISSQN
2022-11-01,2022-11-01,4,2023-03-01,5017034.708914244,3682038.178461313,867559.0966216832,ilheus-ISSQN
2022-11-01,2022-11-01,5,2023-04-01,5120423.472637157,3883480.988622873,867559.0966216832,ilheus-ISSQN
2022-11-01,2022-11-01,6,2023-05-01,5944098.506612575,4104108.67528597,867559.0966216832,ilheus-ISSQN
2022-11-01,2022-11-01,7,2023-06-01,5820348.99620249,3777070.7670881613,867559.0966216832,ilheus-ISSQN
2022-11-01,2022-11-01,8,2023-07-01,6410704.047477755,4559842.920559231,867559.0966216832,ilheus-ISSQN
2022-11-01,2022-11-01,9,2023-08-01,5321090.6821164945,4481265.152976524,867559.0966216832,ilheus-ISSQN
2022-11-01,2022-11-01,10,2023-09-01,4693378.384150494,4515979.507717219,867559.0966216832,ilheus-ISSQN
2022-11-01,2022-11-01,11,2023-10-01,2707167.420455185,3880469.382358186,867559.0966216832,ilheus-ISSQN
2022-11-01,2022-11-01,12,2023-11-01,4091370.0444003586,2789480.219982012,867559.0966216832,ilheus-ISSQN
2022-12-01,2022-12-01,1,2023-01-01,7044916.168374341,4060600.729870116,897997.271074609,ilheus-ISSQN
2022-12-01,2022-12-01,2,2023-02-01,5490957.798547088,2941731.16202885,897997.271074609,ilheus-ISSQN
2022-12-01,2022-12-01,3,2023-03-01,5017034.708914244,3722443.2325317143,897997.271074609,ilheus-ISSQN
2022-12-01,2022-12-01,4,2023-04-01,5120423.472637157,3863389.1744757057,897997.271074609,ilheus-ISSQN
2022-12-01,2022-12-01,5,2023-05-01,5944098.506612575,4155411.552230781,897997.271074609,ilheus-ISSQN
2022-12-01,2022-12-01,6,2023-06-01,5820348.99620249,3736100.8814624385,897997.271074609,ilheus-ISSQN
2022-12-01,2022-12-01,7,2023-07-01,6410704.047477755,4732296.086401635,897997.271074609,ilheus-ISSQN
2022-12-01,2022-12-01,8,2023-08-01,5321090.6821164945,4379003.812523376,897997.271074609,ilheus-ISSQN
2022-12-01,2022-12-01,9,2023-09-01,4693378.384150494,4427113.49877588,897997.271074609,ilheus-ISSQN
2022-12-01,2022-12-01,10,2023-10-01,2707167.420455185,3871569.83018228,897997.271074609,ilheus-ISSQN
2022-12-01,2022-12-01,11,2023-11-01,4091370.0444003586,2944259.4137170436,897997.271074609,ilheus-ISSQN
2022-12-01,2022-12-01,12,2023-12-01,4824284.21153272,4517101.291861134,897997.271074609,ilheus-ISSQN
2023-01-01,2023-01-01,1,2023-02-01,5490957.798547088,3256580.59001731,916249.2228518628,ilheus-ISSQN
2023-01-01,2023-01-01,2,2023-03-01,5017034.708914244,4146028.2521650535,916249.2228518628,ilheus-ISSQN
2023-01-01,2023-01-01,3,2023-04-01,5120423.472637157,4245412.339137904,916249.2228518628,ilheus-ISSQN
2023-01-01,2023-01-01,4,2023-05-01,5944098.506612575,4583009.481167946,916249.2228518628,ilheus-ISSQN
2023-01-01,2023-01-01,5,2023-06-01,5820348.99620249,4075990.68161359,916249.2228518628,ilheus-ISSQN
2023-01-01,2023-01-01,6,2023-07-01,6410704.047477755,5192277.529091646,916249.2228518628,ilheus-ISSQN
2023-01-01,2023-01-01,7,2023-08-01,5321090.6821164945,4799229.522269319,916249.2228518628,ilheus-ISSQN
2023-01-01,2023-01-01,8,2023-09-01,4693378.384150494,4821512.8843743345,916249.2228518628,ilheus-ISSQN
2023-01-01,2023-01-01,9,2023-10-01,2707167.420455185,4228585.8115436025,916249.2228518628,ilheus-ISSQN
2023-01-01,2023-01-01,10,2023-11-01,4091370.0444003586,3206254.2866076077,916249.2228518628,ilheus-ISSQN
2023-01-01,2023-01-01,11,2023-12-01,4824284.21153272,4857810.245514834,916249.2228518628,ilheus-ISSQN
2023-01-01,2023-01-01,12,2024-01-01,6855005.067285447,4852451.268172813,916249.2228518628,ilheus-ISSQN
2023-02-01,2023-02-01,1,2023-03-01,5017034.708914244,4690668.509325576,927585.83564324,ilheus-ISSQN
2023-02-01,2023-02-01,2,2023-04-01,5120423.472637157,4755303.974458538,927585.83564324,ilheus-ISSQN
2023-02-01,2023-02-01,3,2023-05-01,5944098.506612575,5145280.535332147,927585.83564324,ilheus-ISSQN
2023-02-01,2023-02-01,4,2023-06-01,5820348.99620249,4539941.698014316,927585.83564324,ilheus-ISSQN
2023-02-01,2023-02-01,5,2023-07-01,6410704.047477755,5804557.572363467,927585.83564324,ilheus-ISSQN
2023-02-01,2023-02-01,6,2023-08-01,5321090.6821164945,5354293.122809484,927585.83564324,ilheus-ISSQN
2023-02-01,2023-02-01,7,2023-09-01,4693378.384150494,5336889.260454099,927585.83564324,ilheus-ISSQN
2023-02-01,2023-02-01,8,2023-10-01,2707167.420455185,4689501.164965295,927585.83564324,ilheus-ISSQN
2023-02-01,2023-02-01,9,2023-11-01,4091370.0444003586,3559676.384497567,927585.83564324,ilheus-ISSQN
2023-02-01,2023-02-01,10,2023-12-01,4824284.21153272,5341688.814020182,927585.83564324,ilheus-ISSQN
2023-02-01,2023-02-01,11,2024-01-01,6855005.067285447,5397478.086261245,927585.83564324,ilheus-ISSQN
2023-02-01,2023-02-01,12,2024-02-01,9086542.543679124,3951045.595041522,927585.83564324,ilheus-ISSQN
2023-03-01,2023-03-01,1,2023-04-01,5120423.472637157,4813153.506175769,929577.7494714478,ilheus-ISSQN
2023-03-01,2023-03-01,2,2023-05-01,5944098.506612575,5208122.571832069,929577.7494714478,ilheus-ISSQN
2023-03-01,2023-03-01,3,2023-06-01,5820348.99620249,4594931.495678865,929577.7494714478,ilheus-ISSQN
2023-03-01,2023-03-01,4,2023-07-01,6410704.047477755,5875213.359732522,929577.7494714478,ilheus-ISSQN
2023-03-01,2023-03-01,5,2023-08-01,5321090.6821164945,5419202.026917004,929577.7494714478,ilheus-ISSQN
2023-03-01,2023-03-01,6,2023-09-01,4693378.384150494,5401116.830409043,929577.7494714478,ilheus-ISSQN
2023-03-01,2023-03-01,7,2023-10-01,2707167.420455185,4745891.169998844,929577.7494714478,ilheus-ISSQN
2023-03-01,2023-03-01,8,2023-11-01,4091370.0444003586,3602633.5101118744,929577.7494714478,ilheus-ISSQN
2023-03-01,2023-03-01,9,2023-12-01,4824284.21153272,5405680.429330385,929577.7494714478,ilheus-ISSQN
2023-03-01,2023-03-01,10,2024-01-01,6855005.067285447,5461898.721408239,929577.7494714478,ilheus-ISSQN
2023-03-01,2023-03-01,11,2024-02-01,9086542.543679124,3998671.7860982832,929577.7494714478,ilheus-ISSQN
2023-03-01,2023-03-01,12,2024-03-01,7043675.816064964,4751479.625395226,929577.7494714478,ilheus-ISSQN
2023-04-01,2023-04-01,1,2023-05-01,5944098.506612575,5264986.689261755,928437.5799849707,ilheus-ISSQN
2023-04-01,2023-04-01,2,2023-06-01,5820348.99620249,4644949.724276341,928437.5799849707,ilheus-ISSQN
2023-04-01,2023-04-01,3,2023-07-01,6410704.047477755,5939401.154253209,928437.5799849707,ilheus-ISSQN
2023-04-01,2023-04-01,4,2023-08-01,5321090.6821164945,5478163.893721699,928437.5799849707,ilheus-ISSQN
2023-04-01,2023-04-01,5,2023-09-01,4693378.384150494,5459779.329307794,928437.5799849707,ilheus-ISSQN
2023-04-01,2023-04-01,6,2023-10-01,2707167.420455185,4797427.776774339,928437.5799849707,ilheus-ISSQN
2023-04-01,2023-04-01,7,2023-11-01,4091370.0444003586,3641882.4936483284,928437.5799849707,ilheus-ISSQN
2023-04-01,2023-04-01,8,2023-12-01,4824284.21153272,5464536.182626433,928437.5799849707,ilheus-ISSQN
2023-04-01,2023-04-01,9,2024-01-01,6855005.067285447,5520362.599261799,928437.5799849707,ilheus-ISSQN
2023-04-01,2023-04-01,10,2024-02-01,9086542.543679124,4042375.5698310854,928437.5799849707,ilheus-ISSQN
2023-04-01,2023-04-01,11,2024-03-01,7043675.816064964,4803416.873196942,928437.5799849707,ilheus-ISSQN
2023-04-01,2023-04-01,12,2024-04-01,5890123.897076042,4866741.621180627,928437.5799849707,ilheus-ISSQN
2023-05-01,2023-05-01,1,2023-06-01,5820348.99620249,4753481.189001809,925724.4651752627,ilheus-ISSQN
2023-05-01,2023-05-01,2,2023-07-01,6410704.047477755,6078783.86015055,925724.4651752627,ilheus-ISSQN
2023-05-01,2023-05-01,3,2023-08-01,5321090.6821164945,5606071.142423575,925724.4651752627,ilheus-ISSQN
2023-05-01,2023-05-01,4,2023-09-01,4693378.384150494,5584161.650018414,925724.4651752627,ilheus-ISSQN
2023-05-01,2023-05-01,5,2023-10-01,2707167.420455185,4906344.344278646,925724.4651752627,ilheus-ISSQN
2023-05-01,2023-05-01,6,2023-11-01,4091370.0444003586,3724757.9827852626,925724.4651752627,ilheus-ISSQN
2023-05-01,2023-05-01,7,2023-12-01,4824284.21153272,5585253.79177578,925724.4651752627,ilheus-ISSQN
2023-05-01,2023-05-01,8,2024-01-01,6855005.067285447,5647225.927568667,925724.4651752627,ilheus-ISSQN
2023-05-01,2023-05-01,9,2024-02-01,9086542.543679124,4132719.806742763,925724.4651752627,ilheus-ISSQN
2023-05-01,2023-05-01,10,2024-03-01,7043675.816064964,4914940.230677067,925724.4651752627,ilheus-ISSQN
2023-05-01,2023-05-01,11,2024-04-01,5890123.897076042,4975424.578893394,925724.4651752627,ilheus-ISSQN
2023-05-01,2023-05-01,12,2024-05-01,5072550.794914876,5422967.848508249,925724.4651752627,ilheus-ISSQN
2023-06-01,2023-06-01,1,2023-07-01,6410704.047477755,6334289.351556329,921135.7502191985,ilheus-ISSQN
2023-06-01,2023-06-01,2,2023-08-01,5321090.6821164945,5838999.604303784,921135.7502191985,ilheus-ISSQN
2023-06-01,2023-06-01,3,2023-09-01,4693378.384150494,5809324.653467136,921135.7502191985,ilheus-ISSQN
2023-06-01,2023-06-01,4,2023-10-01,2707167.420455185,5102893.757377093,921135.7502191985,ilheus-ISSQN
2023-06-01,2023-06-01,5,2023-11-01,4091370.0444003586,3874242.5714703524,921135.7502191985,ilheus-ISSQN
2023-06-01,2023-06-01,6,2023-12-01,4824284.21153272,5801729.733539669,921135.7502191985,ilheus-ISSQN
2023-06-01,2023-06-01,7,2024-01-01,6855005.067285447,5875937.988536903,921135.7502191985,ilheus-ISSQN
2023-06-01,2023-06-01,8,2024-02-01,9086542.543679124,4293829.061041703,921135.7502191985,ilheus-ISSQN
2023-06-01,2023-06-01,9,2024-03-01,7043675.816064964,5115118.454834964,921135.7502191985,ilheus-ISSQN
2023-06-01,2023-06-01,10,2024-04-01,5890123.897076042,5169583.062472669,921135.7502191985,ilheus-ISSQN
2023-06-01,2023-06-01,11,2024-05-01,5072550.794914876,5633027.139954737,921135.7502191985,ilheus-ISSQN
2023-06-01,2023-06-01,12,2024-06-01,2370445.2289252775,5025975.525646132,921135.7502191985,ilheus-ISSQN
2023-07-01,2023-07-01,1,2023-08-01,5321090.6821164945,5846518.19149378,933336.7182047851,ilheus-ISSQN
2023-07-01,2023-07-01,2,2023-09-01,4693378.384150494,5818703.403594463,933336.7182047851,ilheus-ISSQN
2023-07-01,2023-07-01,3,2023-10-01,2707167.420455185,5111337.723327033,933336.7182047851,ilheus-ISSQN
2023-07-01,2023-07-01,4,2023-11-01,4091370.0444003586,3880737.054606758,933336.7182047851,ilheus-ISSQN
2023-07-01,2023-07-01,5,2023-12-01,4824284.21153272,5813740.2470542705,933336.7182047851,ilheus-ISSQN
2023-07-01,2023-07-01,6,2024-01-01,6855005.067285447,5884013.050674938,933336.7182047851,ilheus-ISSQN
2023-07-01,2023-07-01,7,2024-02-01,9086542.543679124,4302330.523697446,933336.7182047851,ilheus-ISSQN
2023-07-01,2023-07-01,8,2024-03-01,7043675.816064964,5122660.559938049,933336.7182047851,ilheus-ISSQN
2023-07-01,2023-07-01,9,2024-04-01,5890123.897076042,5179540.477191534,933336.7182047851,ilheus-ISSQN
2023-07-01,2023-07-01,10,2024-05-01,5072550.794914876,5644869.8250878425,933336.7182047851,ilheus-ISSQN
2023-07-01,2023-07-01,11,2024-06-01,2370445.2289252775,5038153.221390037,933336.7182047851,ilheus-ISSQN
2023-07-01,2023-07-01,12,2024-07-01,3169539.203390758,6317110.250196858,933336.7182047851,ilheus-ISSQN
2023-08-01,2023-08-01,1,2023-09-01,4693378.384150494,6225082.096397606,932456.5376790104,ilheus-ISSQN
2023-08-01,2023-08-01,2,2023-10-01,2707167.420455185,5380270.729915178,932456.5376790104,ilheus-ISSQN
2023-08-01,2023-08-01,3,2023-11-01,4091370.0444003586,3857107.373066792,932456.5376790104,ilheus-ISSQN
2023-08-01,2023-08-01,4,2023-12-01,4824284.21153272,6001027.210337438,932456.5376790104,ilheus-ISSQN
2023-08-01,2023-08-01,5,2024-01-01,6855005.067285447,5952687.308383226,932456.5376790104,ilheus-ISSQN
2023-08-01,2023-08-01,6,2024-02-01,9086542.543679124,4412852.4472949505,932456.5376790104,ilheus-ISSQN
2023-08-01,2023-08-01,7,2024-03-01,7043675.816064964,5480864.7238046015,932456.5376790104,ilheus-ISSQN
2023-08-01,2023-08-01,8,2024-04-01,5890123.897076042,5802542.377688375,932456.5376790104,ilheus-ISSQN
2023-08-01,2023-08-01,9,2024-05-01,5072550.794914876,6237168.108046667,932456.5376790104,ilheus-ISSQN
2023-08-01,2023-08-01,10,2024-06-01,2370445.2289252775,5861990.036972878,932456.5376790104,ilheus-ISSQN
2023-08-01,2023-08-01,11,2024-07-01,3169539.203390758,6985875.105104976,932456.5376790104,ilheus-ISSQN
2023-08-01,2023-08-01,12,2024-08-01,3889341.9897266403,6566638.544744821,932456.5376790104,ilheus-ISSQN
2023-09-01,2023-09-01,1,2023-10-01,2707167.420455185,4874087.603966529,934351.9542231717,ilheus-ISSQN
2023-09-01,2023-09-01,2,2023-11-01,4091370.0444003586,3701696.385210766,934351.9542231717,ilheus-ISSQN
2023-09-01,2023-09-01,3,2023-12-01,4824284.21153272,5556045.904340808,934351.9542231717,ilheus-ISSQN
2023-09-01,2023-09-01,4,2024-01-01,6855005.067285447,5606342.433714609,934351.9542231717,ilheus-ISSQN
2023-09-01,2023-09-01,5,2024-02-01,9086542.543679124,4110690.7050645193,934351.9542231717,ilheus-ISSQN
2023-09-01,2023-09-01,6,2024-03-01,7043675.816064964,4884260.851838851,934351.9542231717,ilheus-ISSQN
2023-09-01,2023-09-01,7,2024-04-01,5890123.897076042,4950278.3200992085,934351.9542231717,ilheus-ISSQN
2023-09-01,2023-09-01,8,2024-05-01,5072550.794914876,5396759.336702768,934351.9542231717,ilheus-ISSQN
2023-09-01,2023-09-01,9,2024-06-01,2370445.2289252775,4826051.19365562,934351.9542231717,ilheus-ISSQN
2023-09-01,2023-09-01,10,2024-07-01,3169539.203390758,6046463.0971555635,934351.9542231717,ilheus-ISSQN
2023-09-01,2023-09-01,11,2024-08-01,3889341.9897266403,5521925.505659456,934351.9542231717,ilheus-ISSQN
2023-09-01,2023-09-01,12,2024-09-01,5508903.5798269035,5456679.094329784,934351.9542231717,ilheus-ISSQN
2023-10-01,2023-10-01,1,2023-11-01,4091370.0444003586,3427229.0148468474,929486.8700175006,ilheus-ISSQN
2023-10-01,2023-10-01,2,2023-12-01,4824284.21153272,5150417.1480020825,929486.8700175006,ilheus-ISSQN
2023-10-01,2023-10-01,3,2024-01-01,6855005.067285447,5197002.250925864,929486.8700175006,ilheus-ISSQN
2023-10-01,2023-10-01,4,2024-02-01,9086542.543679124,3814759.914461184,929486.8700175006,ilheus-ISSQN
2023-10-01,2023-10-01,5,2024-03-01,7043675.816064964,4528583.9562309515,929486.8700175006,ilheus-ISSQN
2023-10-01,2023-10-01,6,2024-04-01,5890123.897076042,4595206.842592232,929486.8700175006,ilheus-ISSQN
2023-10-01,2023-10-01,7,2024-05-01,5072550.794914876,5011951.647356446,929486.8700175006,ilheus-ISSQN
2023-10-01,2023-10-01,8,2024-06-01,2370445.2289252775,4487294.113547623,929486.8700175006,ilheus-ISSQN
2023-10-01,2023-10-01,9,2024-07-01,3169539.203390758,5619549.710486402,929486.8700175006,ilheus-ISSQN
2023-10-01,2023-10-01,10,2024-08-01,3889341.9897266403,5131545.133155867,929486.8700175006,ilheus-ISSQN
2023-10-01,2023-10-01,11,2024-09-01,5508903.5798269035,5072709.720067259,929486.8700175006,ilheus-ISSQN
2023-10-01,2023-10-01,12,2024-10-01,2820464.6937535256,4397720.501702187,929486.8700175006,ilheus-ISSQN
2023-11-01,2023-11-01,1,2023-12-01,4824284.21153272,5309580.852696523,939119.2018470734,ilheus-ISSQN
2023-11-01,2023-11-01,2,2024-01-01,6855005.067285447,5349481.370318979,939119.2018470734,ilheus-ISSQN
2023-11-01,2023-11-01,3,2024-02-01,9086542.543679124,3926792.2766653206,939119.2018470734,ilheus-ISSQN
2023-11-01,2023-11-01,4,2024-03-01,7043675.816064964,4660492.961071827,939119.2018470734,ilheus-ISSQN
2023-11-01,2023-11-01,5,2024-04-01,5890123.897076042,4729670.52928291,939119.2018470734,ilheus-ISSQN
2023-11-01,2023-11-01,6,2024-05-01,5072550.794914876,5156165.104674842,939119.2018470734,ilheus-ISSQN
2023-11-01,2023-11-01,7,2024-06-01,2370445.2289252775,4616193.396772499,939119.2018470734,ilheus-ISSQN
2023-11-01,2023-11-01,8,2024-07-01,3169539.203390758,5780279.441855122,939119.2018470734,ilheus-ISSQN
2023-11-01,2023-11-01,9,2024-08-01,3889341.9897266403,5277999.929536437,939119.2018470734,ilheus-ISSQN
2023-11-01,2023-11-01,10,2024-09-01,5508903.5798269035,5217715.818661592,939119.2018470734,ilheus-ISSQN
2023-11-01,2023-11-01,11,2024-10-01,2820464.6937535256,4526876.051479945,939119.2018470734,ilheus-ISSQN
2023-11-01,2023-11-01,12,2024-11-01,2956552.948719671,3579727.366146567,939119.2018470734,ilheus-ISSQN
2023-12-01,2023-12-01,1,2024-01-01,6855005.067285447,5276680.982669583,934035.9118775664,ilheus-ISSQN
2023-12-01,2023-12-01,2,2024-02-01,9086542.543679124,3874251.8459129003,934035.9118775664,ilheus-ISSQN
2023-12-01,2023-12-01,3,2024-03-01,7043675.816064964,4599560.983997582,934035.9118775664,ilheus-ISSQN
2023-12-01,2023-12-01,4,2024-04-01,5890123.897076042,4667549.236804782,934035.9118775664,ilheus-ISSQN
2023-12-01,2023-12-01,5,2024-05-01,5072550.794914876,5090355.518264966,934035.9118775664,ilheus-ISSQN
2023-12-01,2023-12-01,6,2024-06-01,2370445.2289252775,4557574.772199914,934035.9118775664,ilheus-ISSQN
2023-12-01,2023-12-01,7,2024-07-01,3169539.203390758,5707920.699972155,934035.9118775664,ilheus-ISSQN
2023-12-01,2023-12-01,8,2024-08-01,3889341.9897266403,5211954.4070104305,934035.9118775664,ilheus-ISSQN
2023-12-01,2023-12-01,9,2024-09-01,5508903.5798269035,5152829.499791845,934035.9118775664,ilheus-ISSQN
2023-12-01,2023-12-01,10,2024-10-01,2820464.6937535256,4468306.9692207975,934035.9118775664,ilheus-ISSQN
2023-12-01,2023-12-01,11,2024-11-01,2956552.948719671,3536639.8448777483,934035.9118775664,ilheus-ISSQN
2023-12-01,2023-12-01,12,2024-12-01,5455209.451691351,5168066.599686496,934035.9118775664,ilheus-ISSQN
2024-01-01,2024-01-01,1,2024-02-01,9086542.543679124,4056742.3936440074,926364.5220756213,ilheus-ISSQN
2024-01-01,2024-01-01,2,2024-03-01,7043675.816064964,4818772.456259428,926364.5220756213,ilheus-ISSQN
2024-01-01,2024-01-01,3,2024-04-01,5890123.897076042,4884724.314411944,926364.5220756213,ilheus-ISSQN
2024-01-01,2024-01-01,4,2024-05-01,5072550.794914876,5326384.264141089,926364.5220756213,ilheus-ISSQN
2024-01-01,2024-01-01,5,2024-06-01,2370445.2289252775,4763483.927652315,926364.5220756213,ilheus-ISSQN
2024-01-01,2024-01-01,6,2024-07-01,3169539.203390758,5963587.543851099,926364.5220756213,ilheus-ISSQN
2024-01-01,2024-01-01,7,2024-08-01,3889341.9897266403,5447199.099094106,926364.5220756213,ilheus-ISSQN
2024-01-01,2024-01-01,8,2024-09-01,5508903.5798269035,5384810.720388098,926364.5220756213,ilheus-ISSQN
2024-01-01,2024-01-01,9,2024-10-01,2820464.6937535256,4670564.452291985,926364.5220756213,ilheus-ISSQN
2024-01-01,2024-01-01,10,2024-11-01,2956552.948719671,3687573.1249386542,926364.5220756213,ilheus-ISSQN
2024-01-01,2024-01-01,11,2024-12-01,5455209.451691351,5387693.39173997,926364.5220756213,ilheus-ISSQN
2024-01-01,2024-01-01,12,2025-01-01,8082815.120692073,5632507.9643977545,926364.5220756213,ilheus-ISSQN
2024-02-01,2024-02-01,1,2024-03-01,7043675.816064964,5512067.802961996,953601.4631272173,ilheus-ISSQN
2024-02-01,2024-02-01,2,2024-04-01,5890123.897076042,5732323.095232153,953601.4631272173,ilheus-ISSQN
2024-02-01,2024-02-01,3,2024-05-01,5072550.794914876,6285721.158203896,953601.4631272173,ilheus-ISSQN
2024-02-01,2024-02-01,4,2024-06-01,2370445.2289252775,5710509.447661591,953601.4631272173,ilheus-ISSQN
2024-02-01,2024-02-01,5,2024-07-01,3169539.203390758,7236662.180744367,953601.4631272173,ilheus-ISSQN
2024-02-01,2024-02-01,6,2024-08-01,3889341.9897266403,6709897.687244006,953601.4631272173,ilheus-ISSQN
2024-02-01,2024-02-01,7,2024-09-01,5508903.5798269035,6731332.611099794,953601.4631272173,ilheus-ISSQN
2024-02-01,2024-02-01,8,2024-10-01,2820464.6937535256,6006123.326780916,953601.4631272173,ilheus-ISSQN
2024-02-01,2024-02-01,9,2024-11-01,2956552.948719671,4716730.907871876,953601.4631272173,ilheus-ISSQN
2024-02-01,2024-02-01,10,2024-12-01,5455209.451691351,7045619.128166216,953601.4631272173,ilheus-ISSQN
2024-02-01,2024-02-01,11,2025-01-01,8082815.120692073,6943295.773171148,953601.4631272173,ilheus-ISSQN
2024-02-01,2024-02-01,12,2025-02-01,5641292.016177281,6137206.71183838,953601.4631272173,ilheus-ISSQN
2024-03-01,2024-03-01,1,2024-04-01,5890123.897076042,6058325.640682413,964440.247410283,ilheus-ISSQN
2024-03-01,2024-03-01,2,2024-05-01,5072550.794914876,6600137.230204775,964440.247410283,ilheus-ISSQN
2024-03-01,2024-03-01,3,2024-06-01,2370445.2289252775,5855064.174609892,964440.247410283,ilheus-ISSQN
2024-03-01,2024-03-01,4,2024-07-01,3169539.203390758,7326347.071180845,964440.247410283,ilheus-ISSQN
2024-03-01,2024-03-01,5,2024-08-01,3889341.9897266403,6675636.878103499,964440.247410283,ilheus-ISSQN
2024-03-01,2024-03-01,6,2024-09-01,5508903.5798269035,6565868.771307054,964440.247410283,ilheus-ISSQN
2024-03-01,2024-03-01,7,2024-10-01,2820464.6937535256,5688086.636961781,964440.247410283,ilheus-ISSQN
2024-03-01,2024-03-01,8,2024-11-01,2956552.948719671,4448602.99011675,964440.247410283,ilheus-ISSQN
2024-03-01,2024-03-01,9,2024-12-01,5455209.451691351,6476462.38239978,964440.247410283,ilheus-ISSQN
2024-03-01,2024-03-01,10,2025-01-01,8082815.120692073,6850140.624028905,964440.247410283,ilheus-ISSQN
2024-03-01,2024-03-01,11,2025-02-01,5641292.016177281,5897346.63028996,964440.247410283,ilheus-ISSQN
2024-03-01,2024-03-01,12,2025-03-01,4954483.22587178,6096419.416495956,964440.247410283,ilheus-ISSQN
2024-04-01,2024-04-01,1,2024-05-01,5072550.794914876,6541791.636533547,962492.8491805689,ilheus-ISSQN
2024-04-01,2024-04-01,2,2024-06-01,2370445.2289252775,5807248.2016595695,962492.8491805689,ilheus-ISSQN
2024-04-01,2024-04-01,3,2024-07-01,3169539.203390758,7264394.007236355,962492.8491805689,ilheus-ISSQN
2024-04-01,2024-04-01,4,2024-08-01,3889341.9897266403,6621135.570183931,962492.8491805689,ilheus-ISSQN
2024-04-01,2024-04-01,5,2024-09-01,5508903.5798269035,6516631.731738727,962492.8491805689,ilheus-ISSQN
2024-04-01,2024-04-01,6,2024-10-01,2820464.6937535256,5647014.449012465,962492.8491805689,ilheus-ISSQN
2024-04-01,2024-04-01,7,2024-11-01,2956552.948719671,4417118.477970692,962492.8491805689,ilheus-ISSQN
2024-04-01,2024-04-01,8,2024-12-01,5455209.451691351,6434973.561641495,962492.8491805689,ilheus-ISSQN
2024-04-01,2024-04-01,9,2025-01-01,8082815.120692073,6794234.09754883,962492.8491805689,ilheus-ISSQN
2024-04-01,2024-04-01,10,2025-02-01,5641292.016177281,5861643.117320031,962492.8491805689,ilheus-ISSQN
2024-04-01,2024-04-01,11,2025-03-01,4954483.22587178,6049231.540663831,962492.8491805689,ilheus-ISSQN
2024-04-01,2024-04-01,12,2025-04-01,6055601.279153026,5968625.390784585,962492.8491805689,ilheus-ISSQN
2024-05-01,2024-05-01,1,2024-06-01,2370445.2289252775,5543303.736244036,961592.4022747979,ilheus-ISSQN
2024-05-01,2024-05-01,2,2024-07-01,3169539.203390758,6932830.773871163,961592.4022747979,ilheus-ISSQN
2024-05-01,2024-05-01,3,2024-08-01,3889341.9897266403,6320532.017283281,961592.4022747979,ilheus-ISSQN
2024-05-01,2024-05-01,4,2024-09-01,5508903.5798269035,6229896.066972554,961592.4022747979,ilheus-ISSQN
2024-05-01,2024-05-01,5,2024-10-01,2820464.6937535256,5401611.860384072,961592.4022747979,ilheus-ISSQN
2024-05-01,2024-05-01,6,2024-11-01,2956552.948719671,4226847.820023334,961592.4022747979,ilheus-ISSQN
2024-05-01,2024-05-01,7,2024-12-01,5455209.451691351,6166716.334740781,961592.4022747979,ilheus-ISSQN
2024-05-01,2024-05-01,8,2025-01-01,8082815.120692073,6488079.719607587,961592.4022747979,ilheus-ISSQN
2024-05-01,2024-05-01,9,2025-02-01,5641292.016177281,5619845.477386003,961592.4022747979,ilheus-ISSQN
2024-05-01,2024-05-01,10,2025-03-01,4954483.22587178,5780910.310269828,961592.4022747979,ilheus-ISSQN
2024-05-01,2024-05-01,11,2025-04-01,6055601.279153026,5711482.7761847265,961592.4022747979,ilheus-ISSQN
2024-05-01,2024-05-01,12,2025-05-01,6458044.631085712,6132014.301166693,961592.4022747979,ilheus-ISSQN
2024-06-01,2024-06-01,1,2024-07-01,3169539.203390758,6222277.298338538,985987.6117356059,ilheus-ISSQN
2024-06-01,2024-06-01,2,2024-08-01,3889341.9897266403,5676091.500946869,985987.6117356059,ilheus-ISSQN
2024-06-01,2024-06-01,3,2024-09-01,5508903.5798269035,5600980.149484122,985987.6117356059,ilheus-ISSQN
2024-06-01,2024-06-01,4,2024-10-01,2820464.6937535256,4858635.793432083,985987.6117356059,ilheus-ISSQN
2024-06-01,2024-06-01,5,2024-11-01,2956552.948719671,3803830.580250006,985987.6117356059,ilheus-ISSQN
2024-06-01,2024-06-01,6,2024-12-01,5455209.451691351,5555203.709082876,985987.6117356059,ilheus-ISSQN
2024-06-01,2024-06-01,7,2025-01-01,8082815.120692073,5837764.736160346,985987.6117356059,ilheus-ISSQN
2024-06-01,2024-06-01,8,2025-02-01,5641292.016177281,5069520.79931968,985987.6117356059,ilheus-ISSQN
2024-06-01,2024-06-01,9,2025-03-01,4954483.22587178,5203424.126509183,985987.6117356059,ilheus-ISSQN
2024-06-01,2024-06-01,10,2025-04-01,6055601.279153026,5144624.377178769,985987.6117356059,ilheus-ISSQN
2024-06-01,2024-06-01,11,2025-05-01,6458044.631085712,5518826.522336209,985987.6117356059,ilheus-ISSQN
2024-06-01,2024-06-01,12,2025-06-01,5018115.34229184,4866427.169457719,985987.6117356059,ilheus-ISSQN
2024-07-01,2024-07-01,1,2024-08-01,3889341.9897266403,5183422.011483261,1007882.5363215416,ilheus-ISSQN
2024-07-01,2024-07-01,2,2024-09-01,5508903.5798269035,5115779.507806152,1007882.5363215416,ilheus-ISSQN
2024-07-01,2024-07-01,3,2024-10-01,2820464.6937535256,4437669.486870028,1007882.5363215416,ilheus-ISSQN
2024-07-01,2024-07-01,4,2024-11-01,2956552.948719671,3477846.7419716236,1007882.5363215416,ilheus-ISSQN
2024-07-01,2024-07-01,5,2024-12-01,5455209.451691351,5079170.564993579,1007882.5363215416,ilheus-ISSQN
2024-07-01,2024-07-01,6,2025-01-01,8082815.120692073,5348437.028391793,1007882.5363215416,ilheus-ISSQN
2024-07-01,2024-07-01,7,2025-02-01,5641292.016177281,4649573.848939231,1007882.5363215416,ilheus-ISSQN
2024-07-01,2024-07-01,8,2025-03-01,4954483.22587178,4770905.93822585,1007882.5363215416,ilheus-ISSQN
2024-07-01,2024-07-01,9,2025-04-01,6055601.279153026,4714116.93508926,1007882.5363215416,ilheus-ISSQN
2024-07-01,2024-07-01,10,2025-05-01,6458044.631085712,5059313.520071563,1007882.5363215416,ilheus-ISSQN
2024-07-01,2024-07-01,11,2025-06-01,5018115.34229184,4452279.247634067,1007882.5363215416,ilheus-ISSQN
2024-07-01,2024-07-01,12,2025-07-01,5248927.023642473,5547365.394679271,1007882.5363215416,ilheus-ISSQN
2024-08-01,2024-08-01,1,2024-09-01,5508903.5798269035,4828017.259734882,1011958.1724375833,ilheus-ISSQN
2024-08-01,2024-08-01,2,2024-10-01,2820464.6937535256,4186680.506932347,1011958.1724375833,ilheus-ISSQN
2024-08-01,2024-08-01,3,2024-11-01,2956552.948719671,3286261.1845889227,1011958.1724375833,ilheus-ISSQN
2024-08-01,2024-08-01,4,2024-12-01,5455209.451691351,4793501.2141808225,1011958.1724375833,ilheus-ISSQN
2024-08-01,2024-08-01,5,2025-01-01,8082815.120692073,5071553.81999429,1011958.1724375833,ilheus-ISSQN
2024-08-01,2024-08-01,6,2025-02-01,5641292.016177281,4407906.451603324,1011958.1724375833,ilheus-ISSQN
2024-08-01,2024-08-01,7,2025-03-01,4954483.22587178,4533982.304785881,1011958.1724375833,ilheus-ISSQN
2024-08-01,2024-08-01,8,2025-04-01,6055601.279153026,4471692.457844509,1011958.1724375833,ilheus-ISSQN
2024-08-01,2024-08-01,9,2025-05-01,6458044.631085712,4802549.536342307,1011958.1724375833,ilheus-ISSQN
2024-08-01,2024-08-01,10,2025-06-01,5018115.34229184,4214971.9099961845,1011958.1724375833,ilheus-ISSQN
2024-08-01,2024-08-01,11,2025-07-01,5248927.023642473,5256877.176421558,1011958.1724375833,ilheus-ISSQN
2024-08-01,2024-08-01,12,2025-08-01,5721230.173206262,4813231.5622974625,1011958.1724375833,ilheus-ISSQN
2024-09-01,2024-09-01,1,2024-10-01,2820464.6937535256,4313201.456502446,1010087.382182715,ilheus-ISSQN
2024-09-01,2024-09-01,2,2024-11-01,2956552.948719671,3383657.8359311563,1010087.382182715,ilheus-ISSQN
2024-09-01,2024-09-01,3,2024-12-01,5455209.451691351,4938015.282470395,1010087.382182715,ilheus-ISSQN
2024-09-01,2024-09-01,4,2025-01-01,8082815.120692073,5214013.376612381,1010087.382182715,ilheus-ISSQN
2024-09-01,2024-09-01,5,2025-02-01,5641292.016177281,4534422.797293448,1010087.382182715,ilheus-ISSQN
2024-09-01,2024-09-01,6,2025-03-01,4954483.22587178,4658529.184416923,1010087.382182715,ilheus-ISSQN
2024-09-01,2024-09-01,7,2025-04-01,6055601.279153026,4597965.832239586,1010087.382182715,ilheus-ISSQN
2024-09-01,2024-09-01,8,2025-05-01,6458044.631085712,4936693.691266037,1010087.382182715,ilheus-ISSQN
2024-09-01,2024-09-01,9,2025-06-01,5018115.34229184,4336645.080072974,1010087.382182715,ilheus-ISSQN
2024-09-01,2024-09-01,10,2025-07-01,5248927.023642473,5406261.154921607,1010087.382182715,ilheus-ISSQN
2024-09-01,2024-09-01,11,2025-08-01,5721230.173206262,4949718.325786913,1010087.382182715,ilheus-ISSQN
2024-09-01,2024-09-01,12,2025-09-01,6403331.52498959,4998636.747194524,1010087.382182715,ilheus-ISSQN
2024-10-01,2024-10-01,1,2024-11-01,2956552.948719671,3119947.8869298073,1001627.0981366361,ilheus-ISSQN
2024-10-01,2024-10-01,2,2024-12-01,5455209.451691351,4546453.102219361,1001627.0981366361,ilheus-ISSQN
2024-10-01,2024-10-01,3,2025-01-01,8082815.120692073,4832968.375941146,1001627.0981366361,ilheus-ISSQN
2024-10-01,2024-10-01,4,2025-02-01,5641292.016177281,4197934.455494896,1001627.0981366361,ilheus-ISSQN
2024-10-01,2024-10-01,5,2025-03-01,4954483.22587178,4327320.490359747,1001627.0981366361,ilheus-ISSQN
2024-10-01,2024-10-01,6,2025-04-01,6055601.279153026,4261887.709042534,1001627.0981366361,ilheus-ISSQN
2024-10-01,2024-10-01,7,2025-05-01,6458044.631085712,4580111.175821654,1001627.0981366361,ilheus-ISSQN
2024-10-01,2024-10-01,8,2025-06-01,5018115.34229184,4013299.799464364,1001627.0981366361,ilheus-ISSQN
2024-10-01,2024-10-01,9,2025-07-01,5248927.023642473,5008985.886309163,1001627.0981366361,ilheus-ISSQN
2024-10-01,2024-10-01,10,2025-08-01,5721230.173206262,4586858.755336108,1001627.0981366361,ilheus-ISSQN
2024-10-01,2024-10-01,11,2025-09-01,6403331.52498959,4636429.638062946,1001627.0981366361,ilheus-ISSQN
2024-10-01,2024-10-01,12,2025-10-01,6050380.013429479,3887786.4242757177,1001627.0981366361,ilheus-ISSQN
2024-11-01,2024-11-01,1,2024-12-01,5455209.451691351,4461126.214065626,1002871.8644688234,ilheus-ISSQN
2024-11-01,2024-11-01,2,2025-01-01,8082815.120692073,4761243.374183917,1002871.8644688234,ilheus-ISSQN
2024-11-01,2024-11-01,3,2025-02-01,5641292.016177281,4130775.254411785,1002871.8644688234,ilheus-ISSQN
2024-11-01,2024-11-01,4,2025-03-01,4954483.22587178,4268146.519412493,1002871.8644688234,ilheus-ISSQN
2024-11-01,2024-11-01,5,2025-04-01,6055601.279153026,4198264.734711568,1002871.8644688234,ilheus-ISSQN
2024-11-01,2024-11-01,6,2025-05-01,6458044.631085712,4513965.079821632,1002871.8644688234,ilheus-ISSQN
2024-11-01,2024-11-01,7,2025-06-01,5018115.34229184,3950525.7100929404,1002871.8644688234,ilheus-ISSQN
2024-11-01,2024-11-01,8,2025-07-01,5248927.023642473,4933628.046865524,1002871.8644688234,ilheus-ISSQN
2024-11-01,2024-11-01,9,2025-08-01,5721230.173206262,4518093.566929751,1002871.8644688234,ilheus-ISSQN
2024-11-01,2024-11-01,10,2025-09-01,6403331.52498959,4568736.514356786,1002871.8644688234,ilheus-ISSQN
2024-11-01,2024-11-01,11,2025-10-01,6050380.013429479,3823689.4921316653,1002871.8644688234,ilheus-ISSQN
2024-11-01,2024-11-01,12,2025-11-01,7406094.559415126,3040971.297603885,1002871.8644688234,ilheus-ISSQN
2024-12-01,2024-12-01,1,2025-01-01,8082815.120692073,4981924.647404596,999427.914243729,ilheus-ISSQN
2024-12-01,2024-12-01,2,2025-02-01,5641292.016177281,4330536.735078591,999427.914243729,ilheus-ISSQN
2024-12-01,2024-12-01,3,2025-03-01,4954483.22587178,4460059.775536541,999427.914243729,ilheus-ISSQN
2024-12-01,2024-12-01,4,2025-04-01,6055601.279153026,4394208.335356302,999427.914243729,ilheus-ISSQN
2024-12-01,2024-12-01,5,2025-05-01,6458044.631085712,4721628.844463008,999427.914243729,ilheus-ISSQN
2024-12-01,2024-12-01,6,2025-06-01,5018115.34229184,4138547.472991367,999427.914243729,ilheus-ISSQN
2024-12-01,2024-12-01,7,2025-07-01,5248927.023642473,5163824.072517252,999427.914243729,ilheus-ISSQN
2024-12-01,2024-12-01,8,2025-08-01,5721230.173206262,4728778.2988531925,999427.914243729,ilheus-ISSQN
2024-12-01,2024-12-01,9,2025-09-01,6403331.52498959,4779742.295531944,999427.914243729,ilheus-ISSQN
2024-12-01,2024-12-01,10,2025-10-01,6050380.013429479,4009337.2790445006,999427.914243729,ilheus-ISSQN
2024-12-01,2024-12-01,11,2025-11-01,7406094.559415126,3183969.3292585704,999427.914243729,ilheus-ISSQN
2024-12-01,2024-12-01,12,2025-12-01,11649189.87,4751440.7593927765,999427.914243729,ilheus-ISSQN
2025-01-01,2025-01-01,1,2025-02-01,5641292.016177281,4805223.608730949,1001523.1632268749,ilheus-ISSQN
2025-01-01,2025-01-01,2,2025-03-01,4954483.22587178,4941912.30959495,1001523.1632268749,ilheus-ISSQN
2025-01-01,2025-01-01,3,2025-04-01,6055601.279153026,4869891.970263788,1001523.1632268749,ilheus-ISSQN
2025-01-01,2025-01-01,4,2025-05-01,6458044.631085712,5230264.008632835,1001523.1632268749,ilheus-ISSQN
2025-01-01,2025-01-01,5,2025-06-01,5018115.34229184,4587507.589843829,1001523.1632268749,ilheus-ISSQN
2025-01-01,2025-01-01,6,2025-07-01,5248927.023642473,5710667.483517495,1001523.1632268749,ilheus-ISSQN
2025-01-01,2025-01-01,7,2025-08-01,5721230.173206262,5228344.940355855,1001523.1632268749,ilheus-ISSQN
2025-01-01,2025-01-01,8,2025-09-01,6403331.52498959,5275340.276732431,1001523.1632268749,ilheus-ISSQN
2025-01-01,2025-01-01,9,2025-10-01,6050380.013429479,4433796.596734365,1001523.1632268749,ilheus-ISSQN
2025-01-01,2025-01-01,10,2025-11-01,7406094.559415126,3504483.466051287,1001523.1632268749,ilheus-ISSQN
2025-01-01,2025-01-01,11,2025-12-01,11649189.87,5213317.6655661175,1001523.1632268749,ilheus-ISSQN
2025-02-01,2025-02-01,1,2025-03-01,4954483.22587178,5100833.192914672,1023738.8665384654,ilheus-ISSQN
2025-02-01,2025-02-01,2,2025-04-01,6055601.279153026,5024735.959151717,1023738.8665384654,ilheus-ISSQN
2025-02-01,2025-02-01,3,2025-05-01,6458044.631085712,5396817.257156659,1023738.8665384654,ilheus-ISSQN
2025-02-01,2025-02-01,4,2025-06-01,5018115.34229184,4732470.60474064,1023738.8665384654,ilheus-ISSQN
2025-02-01,2025-02-01,5,2025-07-01,5248927.023642473,5890750.580511258,1023738.8665384654,ilheus-ISSQN
2025-02-01,2025-02-01,6,2025-08-01,5721230.173206262,5391649.255302295,1023738.8665384654,ilheus-ISSQN
2025-02-01,2025-02-01,7,2025-09-01,6403331.52498959,5438253.314167876,1023738.8665384654,ilheus-ISSQN
2025-02-01,2025-02-01,8,2025-10-01,6050380.013429479,4569559.361466201,1023738.8665384654,ilheus-ISSQN
2025-02-01,2025-02-01,9,2025-11-01,7406094.559415126,3611735.2948872517,1023738.8665384654,ilheus-ISSQN
2025-02-01,2025-02-01,10,2025-12-01,11649189.87,5370008.680439626,1023738.8665384654,ilheus-ISSQN
2025-03-01,2025-03-01,1,2025-04-01,6055601.279153026,4995306.303003387,1033337.5487335529,ilheus-ISSQN
2025-03-01,2025-03-01,2,2025-05-01,6458044.631085712,5364834.941413422,1033337.5487335529,ilheus-ISSQN
2025-03-01,2025-03-01,3,2025-06-01,5018115.34229184,4706795.427680958,1033337.5487335529,ilheus-ISSQN
2025-03-01,2025-03-01,4,2025-07-01,5248927.023642473,5857969.740683037,1033337.5487335529,ilheus-ISSQN
2025-03-01,2025-03-01,5,2025-08-01,5721230.173206262,5363240.373407649,1033337.5487335529,ilheus-ISSQN
2025-03-01,2025-03-01,6,2025-09-01,6403331.52498959,5411828.750597173,1033337.5487335529,ilheus-ISSQN
2025-03-01,2025-03-01,7,2025-10-01,6050380.013429479,4549136.862782639,1033337.5487335529,ilheus-ISSQN
2025-03-01,2025-03-01,8,2025-11-01,7406094.559415126,3595526.618950032,1033337.5487335529,ilheus-ISSQN
2025-03-01,2025-03-01,9,2025-12-01,11649189.87,5349366.528482017,1033337.5487335529,ilheus-ISSQN
2025-04-01,2025-04-01,1,2025-05-01,6458044.631085712,5576917.462907054,1025588.7972455479,ilheus-ISSQN
2025-04-01,2025-04-01,2,2025-06-01,5018115.34229184,4890960.000893351,1025588.7972455479,ilheus-ISSQN
2025-04-01,2025-04-01,3,2025-07-01,5248927.023642473,6087764.862359951,1025588.7972455479,ilheus-ISSQN
2025-04-01,2025-04-01,4,2025-08-01,5721230.173206262,5570812.469252051,1025588.7972455479,ilheus-ISSQN
2025-04-01,2025-04-01,5,2025-09-01,6403331.52498959,5618393.926308298,1025588.7972455479,ilheus-ISSQN
2025-04-01,2025-04-01,6,2025-10-01,6050380.013429479,4721260.150057338,1025588.7972455479,ilheus-ISSQN
2025-04-01,2025-04-01,7,2025-11-01,7406094.559415126,3730961.9160662848,1025588.7972455479,ilheus-ISSQN
2025-04-01,2025-04-01,8,2025-12-01,11649189.87,5547001.073784707,1025588.7972455479,ilheus-ISSQN
2025-05-01,2025-05-01,1,2025-06-01,5018115.34229184,5040644.109740001,1028773.7975900194,ilheus-ISSQN
2025-05-01,2025-05-01,2,2025-07-01,5248927.023642473,6273960.466506441,1028773.7975900194,ilheus-ISSQN
2025-05-01,2025-05-01,3,2025-08-01,5721230.173206262,5739964.693433248,1028773.7975900194,ilheus-ISSQN
2025-05-01,2025-05-01,4,2025-09-01,6403331.52498959,5786758.952322881,1028773.7975900194,ilheus-ISSQN
2025-05-01,2025-05-01,5,2025-10-01,6050380.013429479,4860494.216083569,1028773.7975900194,ilheus-ISSQN
2025-05-01,2025-05-01,6,2025-11-01,7406094.559415126,3841101.627982106,1028773.7975900194,ilheus-ISSQN
2025-05-01,2025-05-01,7,2025-12-01,11649189.87,5707885.882546121,1028773.7975900194,ilheus-ISSQN
2025-06-01,2025-06-01,1,2025-07-01,5248927.023642473,6266163.970681252,1042974.6424652522,ilheus-ISSQN
2025-06-01,2025-06-01,2,2025-08-01,5721230.173206262,5733787.201216994,1042974.6424652522,ilheus-ISSQN
2025-06-01,2025-06-01,3,2025-09-01,6403331.52498959,5782094.346749322,1042974.6424652522,ilheus-ISSQN
2025-06-01,2025-06-01,4,2025-10-01,6050380.013429479,4857869.959107058,1042974.6424652522,ilheus-ISSQN
2025-06-01,2025-06-01,5,2025-11-01,7406094.559415126,3838964.09746839,1042974.6424652522,ilheus-ISSQN
2025-06-01,2025-06-01,6,2025-12-01,11649189.87,5706516.095143751,1042974.6424652522,ilheus-ISSQN
2025-07-01,2025-07-01,1,2025-08-01,5721230.173206262,-7404791.165254635,1051986.9309677433,ilheus-ISSQN
2025-07-01,2025-07-01,2,2025-09-01,6403331.52498959,-4913927.067603335,1051986.9309677433,ilheus-ISSQN
2025-07-01,2025-07-01,3,2025-10-01,6050380.013429479,-31717.94038641498,1051986.9309677433,ilheus-ISSQN
2025-07-01,2025-07-01,4,2025-11-01,7406094.559415126,2820216.687616158,1051986.9309677433,ilheus-ISSQN
2025-07-01,2025-07-01,5,2025-12-01,11649189.87,-17954547.79523474,1051986.9309677433,ilheus-ISSQN
2025-08-01,2025-08-01,1,2025-09-01,6403331.52498959,5639994.110377737,1058710.2176273284,ilheus-ISSQN
2025-08-01,2025-08-01,2,2025-10-01,6050380.013429479,4741451.668679725,1058710.2176273284,ilheus-ISSQN
2025-08-01,2025-08-01,3,2025-11-01,7406094.559415126,3747175.366006207,1058710.2176273284,ilheus-ISSQN
2025-08-01,2025-08-01,4,2025-12-01,11649189.87,5575328.862264535,1058710.2176273284,ilheus-ISSQN
2025-09-01,2025-09-01,1,2025-10-01,6050380.013429479,4857847.845832273,1057306.0956404512,ilheus-ISSQN
2025-09-01,2025-09-01,2,2025-11-01,7406094.559415126,3838626.1380532016,1057306.0956404512,ilheus-ISSQN
2025-09-01,2025-09-01,3,2025-12-01,11649189.87,5710457.740101529,1057306.0956404512,ilheus-ISSQN
2025-10-01,2025-10-01,1,2025-11-01,7406094.559415126,4007655.4324932056,1075718.0382170232,ilheus-ISSQN
2025-10-01,2025-10-01,2,2025-12-01,11649189.87,5958957.4826628305,1075718.0382170232,ilheus-ISSQN
2025-11-01,2025-11-01,1,2025-12-01,11649189.87,6962573.106846442,1104069.4968092788,ilheus-ISSQN
