origin,train_end,step,target_date,y_true,y_pred,insample_scale,serie,municipio,tributo
2020-12-01,2020-12-01,1,2021-01-01,69000723.36417782,83971749.17083184,10145027.427750492,salvador-IPTU,salvador,IPTU
2020-12-01,2020-12-01,2,2021-02-01,321045951.24377316,408457107.4320707,10145027.427750492,salvador-IPTU,salvador,IPTU
2020-12-01,2020-12-01,3,2021-03-01,127432294.82771966,79849387.13748762,10145027.427750492,salvador-IPTU,salvador,IPTU
2020-12-01,2020-12-01,4,2021-04-01,57077310.06476509,63791513.55533469,10145027.427750492,salvador-IPTU,salvador,IPTU
2020-12-01,2020-12-01,5,2021-05-01,62874566.758613415,62352835.30097352,10145027.427750492,salvador-IPTU,salvador,IPTU
2020-12-01,2020-12-01,6,2021-06-01,64970539.980599545,66121681.2685625,10145027.427750492,salvador-IPTU,salvador,IPTU
2020-12-01,2020-12-01,7,2021-07-01,59657057.5193954,74277960.75419655,10145027.427750492,salvador-IPTU,salvador,IPTU
2020-12-01,2020-12-01,8,2021-08-01,67559564.12545998,63013186.13751698,10145027.427750492,salvador-IPTU,salvador,IPTU
2020-12-01,2020-12-01,9,2021-09-01,59308358.66786285,62226544.50402327,10145027.427750492,salvador-IPTU,salvador,IPTU
2020-12-01,2020-12-01,10,2021-10-01,53898960.48452419,76317770.83614223,10145027.427750492,salvador-IPTU,salvador,IPTU
2020-12-01,2020-12-01,11,2021-11-01,55536055.336053334,74039685.14577329,10145027.427750492,salvador-IPTU,salvador,IPTU
2020-12-01,2020-12-01,12,2021-12-01,60702736.74751406,82934283.88256106,10145027.427750492,salvador-IPTU,salvador,IPTU
2021-01-01,2021-01-01,1,2021-02-01,321045951.24377316,365459297.0138253,9997872.250671698,salvador-IPTU,salvador,IPTU
2021-01-01,2021-01-01,2,2021-03-01,127432294.82771966,74890414.3567653,9997872.250671698,salvador-IPTU,salvador,IPTU
2021-01-01,2021-01-01,3,2021-04-01,57077310.06476509,61629325.61554804,9997872.250671698,salvador-IPTU,salvador,IPTU
2021-01-01,2021-01-01,4,2021-05-01,62874566.758613415,61097380.78848876,9997872.250671698,salvador-IPTU,salvador,IPTU
2021-01-01,2021-01-01,5,2021-06-01,64970539.980599545,65242238.9177996,9997872.250671698,salvador-IPTU,salvador,IPTU
2021-01-01,2021-01-01,6,2021-07-01,59657057.5193954,73642544.3802632,9997872.250671698,salvador-IPTU,salvador,IPTU
2021-01-01,2021-01-01,7,2021-08-01,67559564.12545998,62756721.980798855,9997872.250671698,salvador-IPTU,salvador,IPTU
2021-01-01,2021-01-01,8,2021-09-01,59308358.66786285,62092407.62294163,9997872.250671698,salvador-IPTU,salvador,IPTU
2021-01-01,2021-01-01,9,2021-10-01,53898960.48452419,75659774.2180162,9997872.250671698,salvador-IPTU,salvador,IPTU
2021-01-01,2021-01-01,10,2021-11-01,55536055.336053334,73504201.39541283,9997872.250671698,salvador-IPTU,salvador,IPTU
2021-01-01,2021-01-01,11,2021-12-01,60702736.74751406,82440461.12830177,9997872.250671698,salvador-IPTU,salvador,IPTU
2021-01-01,2021-01-01,12,2022-01-01,65044094.43652048,76095905.74463023,9997872.250671698,salvador-IPTU,salvador,IPTU
2021-02-01,2021-02-01,1,2021-03-01,127432294.82771966,69700393.8570048,9942045.743510159,salvador-IPTU,salvador,IPTU
2021-02-01,2021-02-01,2,2021-04-01,57077310.06476509,58948742.24764288,9942045.743510159,salvador-IPTU,salvador,IPTU
2021-02-01,2021-02-01,3,2021-05-01,62874566.758613415,59471004.802591555,9942045.743510159,salvador-IPTU,salvador,IPTU
2021-02-01,2021-02-01,4,2021-06-01,64970539.980599545,64185422.59984602,9942045.743510159,salvador-IPTU,salvador,IPTU
2021-02-01,2021-02-01,5,2021-07-01,59657057.5193954,72820958.65628465,9942045.743510159,salvador-IPTU,salvador,IPTU
2021-02-01,2021-02-01,6,2021-08-01,67559564.12545998,62128397.143475145,9942045.743510159,salvador-IPTU,salvador,IPTU
2021-02-01,2021-02-01,7,2021-09-01,59308358.66786285,61542478.75602413,9942045.743510159,salvador-IPTU,salvador,IPTU
2021-02-01,2021-02-01,8,2021-10-01,53898960.48452419,75557877.51159646,9942045.743510159,salvador-IPTU,salvador,IPTU
2021-02-01,2021-02-01,9,2021-11-01,55536055.336053334,73366981.56355105,9942045.743510159,salvador-IPTU,salvador,IPTU
2021-02-01,2021-02-01,10,2021-12-01,60702736.74751406,82209103.46827939,9942045.743510159,salvador-IPTU,salvador,IPTU
2021-02-01,2021-02-01,11,2022-01-01,65044094.43652048,75624899.51306254,9942045.743510159,salvador-IPTU,salvador,IPTU
2021-02-01,2021-02-01,12,2022-02-01,287530945.4916237,373456752.903222,9942045.743510159,salvador-IPTU,salvador,IPTU
2021-03-01,2021-03-01,1,2021-04-01,57077310.06476509,89778608.19543992,10736377.263564026,salvador-IPTU,salvador,IPTU
2021-03-01,2021-03-01,2,2021-05-01,62874566.758613415,63322378.93053143,10736377.263564026,salvador-IPTU,salvador,IPTU
2021-03-01,2021-03-01,3,2021-06-01,64970539.980599545,66956269.50266938,10736377.263564026,salvador-IPTU,salvador,IPTU
2021-03-01,2021-03-01,4,2021-07-01,59657057.5193954,75355972.01031479,10736377.263564026,salvador-IPTU,salvador,IPTU
2021-03-01,2021-03-01,5,2021-08-01,67559564.12545998,64634428.400579244,10736377.263564026,salvador-IPTU,salvador,IPTU
2021-03-01,2021-03-01,6,2021-09-01,59308358.66786285,64016651.012897804,10736377.263564026,salvador-IPTU,salvador,IPTU
2021-03-01,2021-03-01,7,2021-10-01,53898960.48452419,75676119.06082077,10736377.263564026,salvador-IPTU,salvador,IPTU
2021-03-01,2021-03-01,8,2021-11-01,55536055.336053334,73810204.15357138,10736377.263564026,salvador-IPTU,salvador,IPTU
2021-03-01,2021-03-01,9,2021-12-01,60702736.74751406,83056968.64264323,10736377.263564026,salvador-IPTU,salvador,IPTU
2021-03-01,2021-03-01,10,2022-01-01,65044094.43652048,77562222.83327436,10736377.263564026,salvador-IPTU,salvador,IPTU
2021-03-01,2021-03-01,11,2022-02-01,287530945.4916237,386699662.43554586,10736377.263564026,salvador-IPTU,salvador,IPTU
2021-03-01,2021-03-01,12,2022-03-01,123924826.15024877,99606981.03951366,10736377.263564026,salvador-IPTU,salvador,IPTU
2021-04-01,2021-04-01,1,2021-05-01,62874566.758613415,55773115.0633591,10751307.212843925,salvador-IPTU,salvador,IPTU
2021-04-01,2021-04-01,2,2021-06-01,64970539.980599545,60225519.57076973,10751307.212843925,salvador-IPTU,salvador,IPTU
2021-04-01,2021-04-01,3,2021-07-01,59657057.5193954,60814253.70070238,10751307.212843925,salvador-IPTU,salvador,IPTU
2021-04-01,2021-04-01,4,2021-08-01,67559564.12545998,53380530.179058306,10751307.212843925,salvador-IPTU,salvador,IPTU
2021-04-01,2021-04-01,5,2021-09-01,59308358.66786285,55020996.4448821,10751307.212843925,salvador-IPTU,salvador,IPTU
2021-04-01,2021-04-01,6,2021-10-01,53898960.48452419,90697509.97694886,10751307.212843925,salvador-IPTU,salvador,IPTU
2021-04-01,2021-04-01,7,2021-11-01,55536055.336053334,91202284.52686438,10751307.212843925,salvador-IPTU,salvador,IPTU
2021-04-01,2021-04-01,8,2021-12-01,60702736.74751406,95429002.44817777,10751307.212843925,salvador-IPTU,salvador,IPTU
2021-04-01,2021-04-01,9,2022-01-01,65044094.43652048,73808680.09454417,10751307.212843925,salvador-IPTU,salvador,IPTU
2021-04-01,2021-04-01,10,2022-02-01,287530945.4916237,343346099.02417946,10751307.212843925,salvador-IPTU,salvador,IPTU
2021-04-01,2021-04-01,11,2022-03-01,123924826.15024877,136269460.77368212,10751307.212843925,salvador-IPTU,salvador,IPTU
2021-04-01,2021-04-01,12,2022-04-01,61648619.59981778,61032173.89258328,10751307.212843925,salvador-IPTU,salvador,IPTU
2021-05-01,2021-05-01,1,2021-06-01,64970539.980599545,64200781.75040553,10815207.936321974,salvador-IPTU,salvador,IPTU
2021-05-01,2021-05-01,2,2021-07-01,59657057.5193954,62947620.2589241,10815207.936321974,salvador-IPTU,salvador,IPTU
2021-05-01,2021-05-01,3,2021-08-01,67559564.12545998,54403609.491028085,10815207.936321974,salvador-IPTU,salvador,IPTU
2021-05-01,2021-05-01,4,2021-09-01,59308358.66786285,55620171.90089235,10815207.936321974,salvador-IPTU,salvador,IPTU
2021-05-01,2021-05-01,5,2021-10-01,53898960.48452419,91292732.45404558,10815207.936321974,salvador-IPTU,salvador,IPTU
2021-05-01,2021-05-01,6,2021-11-01,55536055.336053334,91593885.89161907,10815207.936321974,salvador-IPTU,salvador,IPTU
2021-05-01,2021-05-01,7,2021-12-01,60702736.74751406,95725058.57401466,10815207.936321974,salvador-IPTU,salvador,IPTU
2021-05-01,2021-05-01,8,2022-01-01,65044094.43652048,73991456.81811887,10815207.936321974,salvador-IPTU,salvador,IPTU
2021-05-01,2021-05-01,9,2022-02-01,287530945.4916237,344083374.82727087,10815207.936321974,salvador-IPTU,salvador,IPTU
2021-05-01,2021-05-01,10,2022-03-01,123924826.15024877,136538506.91820204,10815207.936321974,salvador-IPTU,salvador,IPTU
2021-05-01,2021-05-01,11,2022-04-01,61648619.59981778,61147125.18435669,10815207.936321974,salvador-IPTU,salvador,IPTU
2021-05-01,2021-05-01,12,2022-05-01,68259379.93383087,67352637.11507624,10815207.936321974,salvador-IPTU,salvador,IPTU
2021-06-01,2021-06-01,1,2021-07-01,59657057.5193954,61929943.860965304,10818447.263454236,salvador-IPTU,salvador,IPTU
2021-06-01,2021-06-01,2,2021-08-01,67559564.12545998,52511942.709914275,10818447.263454236,salvador-IPTU,salvador,IPTU
2021-06-01,2021-06-01,3,2021-09-01,59308358.66786285,53020115.22985269,10818447.263454236,salvador-IPTU,salvador,IPTU
2021-06-01,2021-06-01,4,2021-10-01,53898960.48452419,86334066.55678621,10818447.263454236,salvador-IPTU,salvador,IPTU
2021-06-01,2021-06-01,5,2021-11-01,55536055.336053334,86186653.4371726,10818447.263454236,salvador-IPTU,salvador,IPTU
2021-06-01,2021-06-01,6,2021-12-01,60702736.74751406,89795431.26660031,10818447.263454236,salvador-IPTU,salvador,IPTU
2021-06-01,2021-06-01,7,2022-01-01,65044094.43652048,69276556.19947246,10818447.263454236,salvador-IPTU,salvador,IPTU
2021-06-01,2021-06-01,8,2022-02-01,287530945.4916237,321786600.7283277,10818447.263454236,salvador-IPTU,salvador,IPTU
2021-06-01,2021-06-01,9,2022-03-01,123924826.15024877,127602014.79750822,10818447.263454236,salvador-IPTU,salvador,IPTU
2021-06-01,2021-06-01,10,2022-04-01,61648619.59981778,57121204.97639778,10818447.263454236,salvador-IPTU,salvador,IPTU
2021-06-01,2021-06-01,11,2022-05-01,68259379.93383087,62902490.55804955,10818447.263454236,salvador-IPTU,salvador,IPTU
2021-06-01,2021-06-01,12,2022-06-01,60097620.00360337,64987204.56910054,10818447.263454236,salvador-IPTU,salvador,IPTU
2021-07-01,2021-07-01,1,2021-08-01,67559564.12545998,51376100.48922559,10717224.05574527,salvador-IPTU,salvador,IPTU
2021-07-01,2021-07-01,2,2021-09-01,59308358.66786285,52346528.54446058,10717224.05574527,salvador-IPTU,salvador,IPTU
2021-07-01,2021-07-01,3,2021-10-01,53898960.48452419,85691209.98477706,10717224.05574527,salvador-IPTU,salvador,IPTU
2021-07-01,2021-07-01,4,2021-11-01,55536055.336053334,85811008.6758656,10717224.05574527,salvador-IPTU,salvador,IPTU
2021-07-01,2021-07-01,5,2021-12-01,60702736.74751406,89566542.65918314,10717224.05574527,salvador-IPTU,salvador,IPTU
2021-07-01,2021-07-01,6,2022-01-01,65044094.43652048,69173343.10289446,10717224.05574527,salvador-IPTU,salvador,IPTU
2021-07-01,2021-07-01,7,2022-02-01,287530945.4916237,321506501.70901513,10717224.05574527,salvador-IPTU,salvador,IPTU
2021-07-01,2021-07-01,8,2022-03-01,123924826.15024877,127537143.1264812,10717224.05574527,salvador-IPTU,salvador,IPTU
2021-07-01,2021-07-01,9,2022-04-01,61648619.59981778,57104248.590050675,10717224.05574527,salvador-IPTU,salvador,IPTU
2021-07-01,2021-07-01,10,2022-05-01,68259379.93383087,62891590.15523596,10717224.05574527,salvador-IPTU,salvador,IPTU
2021-07-01,2021-07-01,11,2022-06-01,60097620.00360337,64980631.74728013,10717224.05574527,salvador-IPTU,salvador,IPTU
2021-07-01,2021-07-01,12,2022-07-01,66773806.91903504,59662373.736993134,10717224.05574527,salvador-IPTU,salvador,IPTU
2021-08-01,2021-08-01,1,2021-09-01,59308358.66786285,62635512.675329484,10827376.208947297,salvador-IPTU,salvador,IPTU
2021-08-01,2021-08-01,2,2021-10-01,53898960.48452419,97557817.59540913,10827376.208947297,salvador-IPTU,salvador,IPTU
2021-08-01,2021-08-01,3,2021-11-01,55536055.336053334,95168606.96997155,10827376.208947297,salvador-IPTU,salvador,IPTU
2021-08-01,2021-08-01,4,2021-12-01,60702736.74751406,97975164.34288518,10827376.208947297,salvador-IPTU,salvador,IPTU
2021-08-01,2021-08-01,5,2022-01-01,65044094.43652048,75122374.48417507,10827376.208947297,salvador-IPTU,salvador,IPTU
2021-08-01,2021-08-01,6,2022-02-01,287530945.4916237,347836180.39269745,10827376.208947297,salvador-IPTU,salvador,IPTU
2021-08-01,2021-08-01,7,2022-03-01,123924826.15024877,137708514.8537047,10827376.208947297,salvador-IPTU,salvador,IPTU
2021-08-01,2021-08-01,8,2022-04-01,61648619.59981778,61594661.89983222,10827376.208947297,salvador-IPTU,salvador,IPTU
2021-08-01,2021-08-01,9,2022-05-01,68259379.93383087,67800534.27498658,10827376.208947297,salvador-IPTU,salvador,IPTU
2021-08-01,2021-08-01,10,2022-06-01,60097620.00360337,70033017.87471862,10827376.208947297,salvador-IPTU,salvador,IPTU
2021-08-01,2021-08-01,11,2022-07-01,66773806.91903504,64291926.29169758,10827376.208947297,salvador-IPTU,salvador,IPTU
2021-08-01,2021-08-01,12,2022-08-01,66532703.77148832,72800175.69496612,10827376.208947297,salvador-IPTU,salvador,IPTU
2021-09-01,2021-09-01,1,2021-10-01,53898960.48452419,94245472.43002585,10788648.64640075,salvador-IPTU,salvador,IPTU
2021-09-01,2021-09-01,2,2021-11-01,55536055.336053334,92956443.96418804,10788648.64640075,salvador-IPTU,salvador,IPTU
2021-09-01,2021-09-01,3,2021-12-01,60702736.74751406,96279075.62409124,10788648.64640075,salvador-IPTU,salvador,IPTU
2021-09-01,2021-09-01,4,2022-01-01,65044094.43652048,74067638.41633739,10788648.64640075,salvador-IPTU,salvador,IPTU
2021-09-01,2021-09-01,5,2022-02-01,287530945.4916237,343577793.2451595,10788648.64640075,salvador-IPTU,salvador,IPTU
2021-09-01,2021-09-01,6,2022-03-01,123924826.15024877,136158373.80844238,10788648.64640075,salvador-IPTU,salvador,IPTU
2021-09-01,2021-09-01,7,2022-04-01,61648619.59981778,60934555.474351056,10788648.64640075,salvador-IPTU,salvador,IPTU
2021-09-01,2021-09-01,8,2022-05-01,68259379.93383087,67093930.6263247,10788648.64640075,salvador-IPTU,salvador,IPTU
2021-09-01,2021-09-01,9,2022-06-01,60097620.00360337,69314438.66848722,10788648.64640075,salvador-IPTU,salvador,IPTU
2021-09-01,2021-09-01,10,2022-07-01,66773806.91903504,63637911.06508046,10788648.64640075,salvador-IPTU,salvador,IPTU
2021-09-01,2021-09-01,11,2022-08-01,66532703.77148832,72063102.76976514,10788648.64640075,salvador-IPTU,salvador,IPTU
2021-09-01,2021-09-01,12,2022-09-01,65121867.4887068,63259725.87732983,10788648.64640075,salvador-IPTU,salvador,IPTU
2021-10-01,2021-10-01,1,2021-11-01,55536055.336053334,62939045.620357186,11072610.35444577,salvador-IPTU,salvador,IPTU
2021-10-01,2021-10-01,2,2021-12-01,60702736.74751406,76635710.96335568,11072610.35444577,salvador-IPTU,salvador,IPTU
2021-10-01,2021-10-01,3,2022-01-01,65044094.43652048,74428880.46174805,11072610.35444577,salvador-IPTU,salvador,IPTU
2021-10-01,2021-10-01,4,2022-02-01,287530945.4916237,376985209.25632304,11072610.35444577,salvador-IPTU,salvador,IPTU
2021-10-01,2021-10-01,5,2022-03-01,123924826.15024877,94985135.44534178,11072610.35444577,salvador-IPTU,salvador,IPTU
2021-10-01,2021-10-01,6,2022-04-01,61648619.59981778,64764009.26510672,11072610.35444577,salvador-IPTU,salvador,IPTU
2021-10-01,2021-10-01,7,2022-05-01,68259379.93383087,66430392.466445744,11072610.35444577,salvador-IPTU,salvador,IPTU
2021-10-01,2021-10-01,8,2022-06-01,60097620.00360337,69743828.58886635,11072610.35444577,salvador-IPTU,salvador,IPTU
2021-10-01,2021-10-01,9,2022-07-01,66773806.91903504,73207231.21677992,11072610.35444577,salvador-IPTU,salvador,IPTU
2021-10-01,2021-10-01,10,2022-08-01,66532703.77148832,69224752.15425478,11072610.35444577,salvador-IPTU,salvador,IPTU
2021-10-01,2021-10-01,11,2022-09-01,65121867.4887068,65702020.36937824,11072610.35444577,salvador-IPTU,salvador,IPTU
2021-10-01,2021-10-01,12,2022-10-01,63488690.92613522,71778228.74442013,11072610.35444577,salvador-IPTU,salvador,IPTU
2021-11-01,2021-11-01,1,2021-12-01,60702736.74751406,75167254.27230546,11333926.390600452,salvador-IPTU,salvador,IPTU
2021-11-01,2021-11-01,2,2022-01-01,65044094.43652048,75710922.78794077,11333926.390600452,salvador-IPTU,salvador,IPTU
2021-11-01,2021-11-01,3,2022-02-01,287530945.4916237,382497706.0898069,11333926.390600452,salvador-IPTU,salvador,IPTU
2021-11-01,2021-11-01,4,2022-03-01,123924826.15024877,93719590.4480749,11333926.390600452,salvador-IPTU,salvador,IPTU
2021-11-01,2021-11-01,5,2022-04-01,61648619.59981778,65769207.47927338,11333926.390600452,salvador-IPTU,salvador,IPTU
2021-11-01,2021-11-01,6,2022-05-01,68259379.93383087,67035471.199566066,11333926.390600452,salvador-IPTU,salvador,IPTU
2021-11-01,2021-11-01,7,2022-06-01,60097620.00360337,69963069.16349386,11333926.390600452,salvador-IPTU,salvador,IPTU
2021-11-01,2021-11-01,8,2022-07-01,66773806.91903504,73647726.31683266,11333926.390600452,salvador-IPTU,salvador,IPTU
2021-11-01,2021-11-01,9,2022-08-01,66532703.77148832,69682736.11632085,11333926.390600452,salvador-IPTU,salvador,IPTU
2021-11-01,2021-11-01,10,2022-09-01,65121867.4887068,66408812.9926039,11333926.390600452,salvador-IPTU,salvador,IPTU
2021-11-01,2021-11-01,11,2022-10-01,63488690.92613522,71529785.42516965,11333926.390600452,salvador-IPTU,salvador,IPTU
2021-11-01,2021-11-01,12,2022-11-01,66039562.927257076,70303973.59614378,11333926.390600452,salvador-IPTU,salvador,IPTU
2021-12-01,2021-12-01,1,2022-01-01,65044094.43652048,66934641.02679947,11571991.169759918,salvador-IPTU,salvador,IPTU
2021-12-01,2021-12-01,2,2022-02-01,287530945.4916237,353902213.50083256,11571991.169759918,salvador-IPTU,salvador,IPTU
2021-12-01,2021-12-01,3,2022-03-01,123924826.15024877,91500575.47103755,11571991.169759918,salvador-IPTU,salvador,IPTU
2021-12-01,2021-12-01,4,2022-04-01,61648619.59981778,61872541.97804742,11571991.169759918,salvador-IPTU,salvador,IPTU
2021-12-01,2021-12-01,5,2022-05-01,68259379.93383087,64014494.14174458,11571991.169759918,salvador-IPTU,salvador,IPTU
2021-12-01,2021-12-01,6,2022-06-01,60097620.00360337,67976380.21191995,11571991.169759918,salvador-IPTU,salvador,IPTU
2021-12-01,2021-12-01,7,2022-07-01,66773806.91903504,71597732.92168473,11571991.169759918,salvador-IPTU,salvador,IPTU
2021-12-01,2021-12-01,8,2022-08-01,66532703.77148832,66970153.76877819,11571991.169759918,salvador-IPTU,salvador,IPTU
2021-12-01,2021-12-01,9,2022-09-01,65121867.4887068,63566215.85945686,11571991.169759918,salvador-IPTU,salvador,IPTU
2021-12-01,2021-12-01,10,2022-10-01,63488690.92613522,71910142.46330756,11571991.169759918,salvador-IPTU,salvador,IPTU
2021-12-01,2021-12-01,11,2022-11-01,66039562.927257076,70614544.19517136,11571991.169759918,salvador-IPTU,salvador,IPTU
2021-12-01,2021-12-01,12,2022-12-01,64797642.90815615,77974424.54236108,11571991.169759918,salvador-IPTU,salvador,IPTU
2022-01-01,2022-01-01,1,2022-02-01,287530945.4916237,367616620.01959074,11467671.139046185,salvador-IPTU,salvador,IPTU
2022-01-01,2022-01-01,2,2022-03-01,123924826.15024877,92313156.79653615,11467671.139046185,salvador-IPTU,salvador,IPTU
2022-01-01,2022-01-01,3,2022-04-01,61648619.59981778,63700653.9917903,11467671.139046185,salvador-IPTU,salvador,IPTU
2022-01-01,2022-01-01,4,2022-05-01,68259379.93383087,65173467.71626933,11467671.139046185,salvador-IPTU,salvador,IPTU
2022-01-01,2022-01-01,5,2022-06-01,60097620.00360337,68689737.51919046,11467671.139046185,salvador-IPTU,salvador,IPTU
2022-01-01,2022-01-01,6,2022-07-01,66773806.91903504,72651807.054894,11467671.139046185,salvador-IPTU,salvador,IPTU
2022-01-01,2022-01-01,7,2022-08-01,66532703.77148832,67812120.64980231,11467671.139046185,salvador-IPTU,salvador,IPTU
2022-01-01,2022-01-01,8,2022-09-01,65121867.4887068,64590470.09587665,11467671.139046185,salvador-IPTU,salvador,IPTU
2022-01-01,2022-01-01,9,2022-10-01,63488690.92613522,72026271.74442151,11467671.139046185,salvador-IPTU,salvador,IPTU
2022-01-01,2022-01-01,10,2022-11-01,66039562.927257076,70464616.50282088,11467671.139046185,salvador-IPTU,salvador,IPTU
2022-01-01,2022-01-01,11,2022-12-01,64797642.90815615,77837681.38996543,11467671.139046185,salvador-IPTU,salvador,IPTU
2022-01-01,2022-01-01,12,2023-01-01,71842672.13965991,75638262.09879956,11467671.139046185,salvador-IPTU,salvador,IPTU
2022-02-01,2022-02-01,1,2022-03-01,123924826.15024877,97798415.33583967,11765608.09327731,salvador-IPTU,salvador,IPTU
2022-02-01,2022-02-01,2,2022-04-01,61648619.59981778,51235296.21433214,11765608.09327731,salvador-IPTU,salvador,IPTU
2022-02-01,2022-02-01,3,2022-05-01,68259379.93383087,56608209.11026754,11765608.09327731,salvador-IPTU,salvador,IPTU
2022-02-01,2022-02-01,4,2022-06-01,60097620.00360337,60605736.794015855,11765608.09327731,salvador-IPTU,salvador,IPTU
2022-02-01,2022-02-01,5,2022-07-01,66773806.91903504,57999949.016935885,11765608.09327731,salvador-IPTU,salvador,IPTU
2022-02-01,2022-02-01,6,2022-08-01,66532703.77148832,61002031.87754665,11765608.09327731,salvador-IPTU,salvador,IPTU
2022-02-01,2022-02-01,7,2022-09-01,65121867.4887068,56507129.30114179,11765608.09327731,salvador-IPTU,salvador,IPTU
2022-02-01,2022-02-01,8,2022-10-01,63488690.92613522,62028873.386776105,11765608.09327731,salvador-IPTU,salvador,IPTU
2022-02-01,2022-02-01,9,2022-11-01,66039562.927257076,63484660.36508206,11765608.09327731,salvador-IPTU,salvador,IPTU
2022-02-01,2022-02-01,10,2022-12-01,64797642.90815615,68479725.37850922,11765608.09327731,salvador-IPTU,salvador,IPTU
2022-02-01,2022-02-01,11,2023-01-01,71842672.13965991,66250446.31627291,11765608.09327731,salvador-IPTU,salvador,IPTU
2022-02-01,2022-02-01,12,2023-02-01,312279669.4451977,297637990.1296178,11765608.09327731,salvador-IPTU,salvador,IPTU
2022-03-01,2022-03-01,1,2022-04-01,61648619.59981778,56149727.84063915,11655499.567733224,salvador-IPTU,salvador,IPTU
2022-03-01,2022-03-01,2,2022-05-01,68259379.93383087,62272685.05117124,11655499.567733224,salvador-IPTU,salvador,IPTU
2022-03-01,2022-03-01,3,2022-06-01,60097620.00360337,64604696.58390551,11655499.567733224,salvador-IPTU,salvador,IPTU
2022-03-01,2022-03-01,4,2022-07-01,66773806.91903504,59459620.88938039,11655499.567733224,salvador-IPTU,salvador,IPTU
2022-03-01,2022-03-01,5,2022-08-01,66532703.77148832,67428213.8304098,11655499.567733224,salvador-IPTU,salvador,IPTU
2022-03-01,2022-03-01,6,2022-09-01,65121867.4887068,59240638.852021165,11655499.567733224,salvador-IPTU,salvador,IPTU
2022-03-01,2022-03-01,7,2022-10-01,63488690.92613522,53862822.504746154,11655499.567733224,salvador-IPTU,salvador,IPTU
2022-03-01,2022-03-01,8,2022-11-01,66039562.927257076,55514192.83543827,11655499.567733224,salvador-IPTU,salvador,IPTU
2022-03-01,2022-03-01,9,2022-12-01,64797642.90815615,60688707.00921223,11655499.567733224,salvador-IPTU,salvador,IPTU
2022-03-01,2022-03-01,10,2023-01-01,71842672.13965991,65035268.697416045,11655499.567733224,salvador-IPTU,salvador,IPTU
2022-03-01,2022-03-01,11,2023-02-01,312279669.4451977,287508040.9733479,11655499.567733224,salvador-IPTU,salvador,IPTU
2022-03-01,2022-03-01,12,2023-03-01,85661910.80764559,123919030.75287299,11655499.567733224,salvador-IPTU,salvador,IPTU
2022-04-01,2022-04-01,1,2022-05-01,68259379.93383087,63340108.372242615,11562286.540987426,salvador-IPTU,salvador,IPTU
2022-04-01,2022-04-01,2,2022-06-01,60097620.00360337,64182069.36496308,11562286.540987426,salvador-IPTU,salvador,IPTU
2022-04-01,2022-04-01,3,2022-07-01,66773806.91903504,64480733.25478754,11562286.540987426,salvador-IPTU,salvador,IPTU
2022-04-01,2022-04-01,4,2022-08-01,66532703.77148832,65964040.89908153,11562286.540987426,salvador-IPTU,salvador,IPTU
2022-04-01,2022-04-01,5,2022-09-01,65121867.4887068,58283652.26259897,11562286.540987426,salvador-IPTU,salvador,IPTU
2022-04-01,2022-04-01,6,2022-10-01,63488690.92613522,50719759.16076007,11562286.540987426,salvador-IPTU,salvador,IPTU
2022-04-01,2022-04-01,7,2022-11-01,66039562.927257076,50290043.14286973,11562286.540987426,salvador-IPTU,salvador,IPTU
2022-04-01,2022-04-01,8,2022-12-01,64797642.90815615,56661037.03419863,11562286.540987426,salvador-IPTU,salvador,IPTU
2022-04-01,2022-04-01,9,2023-01-01,71842672.13965991,63020814.2122682,11562286.540987426,salvador-IPTU,salvador,IPTU
2022-04-01,2022-04-01,10,2023-02-01,312279669.4451977,298789631.0915351,11562286.540987426,salvador-IPTU,salvador,IPTU
2022-04-01,2022-04-01,11,2023-03-01,85661910.80764559,90776032.1402361,11562286.540987426,salvador-IPTU,salvador,IPTU
2022-04-01,2022-04-01,12,2023-04-01,68003023.29737547,57188566.55694049,11562286.540987426,salvador-IPTU,salvador,IPTU
2022-05-01,2022-05-01,1,2022-06-01,60097620.00360337,67170852.50060517,11482059.614159247,salvador-IPTU,salvador,IPTU
2022-05-01,2022-05-01,2,2022-07-01,66773806.91903504,64084586.49781072,11482059.614159247,salvador-IPTU,salvador,IPTU
2022-05-01,2022-05-01,3,2022-08-01,66532703.77148832,63275676.10357406,11482059.614159247,salvador-IPTU,salvador,IPTU
2022-05-01,2022-05-01,4,2022-09-01,65121867.4887068,57569929.74144888,11482059.614159247,salvador-IPTU,salvador,IPTU
2022-05-01,2022-05-01,5,2022-10-01,63488690.92613522,61133727.96513685,11482059.614159247,salvador-IPTU,salvador,IPTU
2022-05-01,2022-05-01,6,2022-11-01,66039562.927257076,61253258.83094964,11482059.614159247,salvador-IPTU,salvador,IPTU
2022-05-01,2022-05-01,7,2022-12-01,64797642.90815615,67009924.65875138,11482059.614159247,salvador-IPTU,salvador,IPTU
2022-05-01,2022-05-01,8,2023-01-01,71842672.13965991,66137932.854914255,11482059.614159247,salvador-IPTU,salvador,IPTU
2022-05-01,2022-05-01,9,2023-02-01,312279669.4451977,301468693.0320162,11482059.614159247,salvador-IPTU,salvador,IPTU
2022-05-01,2022-05-01,10,2023-03-01,85661910.80764559,113568932.71008827,11482059.614159247,salvador-IPTU,salvador,IPTU
2022-05-01,2022-05-01,11,2023-04-01,68003023.29737547,58928745.393081225,11482059.614159247,salvador-IPTU,salvador,IPTU
2022-05-01,2022-05-01,12,2023-05-01,80927117.99548042,64266625.257995754,11482059.614159247,salvador-IPTU,salvador,IPTU
2022-06-01,2022-06-01,1,2022-07-01,66773806.91903504,59966649.56281334,11397327.054708438,salvador-IPTU,salvador,IPTU
2022-06-01,2022-06-01,2,2022-08-01,66532703.77148832,61582221.15742733,11397327.054708438,salvador-IPTU,salvador,IPTU
2022-06-01,2022-06-01,3,2022-09-01,65121867.4887068,56697684.89468603,11397327.054708438,salvador-IPTU,salvador,IPTU
2022-06-01,2022-06-01,4,2022-10-01,63488690.92613522,60210749.14607396,11397327.054708438,salvador-IPTU,salvador,IPTU
2022-06-01,2022-06-01,5,2022-11-01,66039562.927257076,60794602.194869995,11397327.054708438,salvador-IPTU,salvador,IPTU
2022-06-01,2022-06-01,6,2022-12-01,64797642.90815615,66589275.13360403,11397327.054708438,salvador-IPTU,salvador,IPTU
2022-06-01,2022-06-01,7,2023-01-01,71842672.13965991,66045580.23581328,11397327.054708438,salvador-IPTU,salvador,IPTU
2022-06-01,2022-06-01,8,2023-02-01,312279669.4451977,299854088.48888427,11397327.054708438,salvador-IPTU,salvador,IPTU
2022-06-01,2022-06-01,9,2023-03-01,85661910.80764559,115389451.07635616,11397327.054708438,salvador-IPTU,salvador,IPTU
2022-06-01,2022-06-01,10,2023-04-01,68003023.29737547,59159015.32728094,11397327.054708438,salvador-IPTU,salvador,IPTU
2022-06-01,2022-06-01,11,2023-05-01,80927117.99548042,64716179.65430682,11397327.054708438,salvador-IPTU,salvador,IPTU
2022-06-01,2022-06-01,12,2023-06-01,69943842.947167,60780663.47225404,11397327.054708438,salvador-IPTU,salvador,IPTU
2022-07-01,2022-07-01,1,2022-08-01,66532703.77148832,67522908.34194122,11343142.527429085,salvador-IPTU,salvador,IPTU
2022-07-01,2022-07-01,2,2022-09-01,65121867.4887068,59083125.76128272,11343142.527429085,salvador-IPTU,salvador,IPTU
2022-07-01,2022-07-01,3,2022-10-01,63488690.92613522,51579029.04823651,11343142.527429085,salvador-IPTU,salvador,IPTU
2022-07-01,2022-07-01,4,2022-11-01,66039562.927257076,51149406.55860692,11343142.527429085,salvador-IPTU,salvador,IPTU
2022-07-01,2022-07-01,5,2022-12-01,64797642.90815615,57493965.096596576,11343142.527429085,salvador-IPTU,salvador,IPTU
2022-07-01,2022-07-01,6,2023-01-01,71842672.13965991,63648277.91673583,11343142.527429085,salvador-IPTU,salvador,IPTU
2022-07-01,2022-07-01,7,2023-02-01,312279669.4451977,298737058.39625347,11343142.527429085,salvador-IPTU,salvador,IPTU
2022-07-01,2022-07-01,8,2023-03-01,85661910.80764559,94406698.47498652,11343142.527429085,salvador-IPTU,salvador,IPTU
2022-07-01,2022-07-01,9,2023-04-01,68003023.29737547,57820099.85289553,11343142.527429085,salvador-IPTU,salvador,IPTU
2022-07-01,2022-07-01,10,2023-05-01,80927117.99548042,61440605.361308984,11343142.527429085,salvador-IPTU,salvador,IPTU
2022-07-01,2022-07-01,11,2023-06-01,69943842.947167,57071546.12566765,11343142.527429085,salvador-IPTU,salvador,IPTU
2022-07-01,2022-07-01,12,2023-07-01,68426714.10914947,63742209.37090336,11343142.527429085,salvador-IPTU,salvador,IPTU
2022-08-01,2022-08-01,1,2022-09-01,65121867.4887068,58657667.04496472,11214189.000260867,salvador-IPTU,salvador,IPTU
2022-08-01,2022-08-01,2,2022-10-01,63488690.92613522,51936180.17862055,11214189.000260867,salvador-IPTU,salvador,IPTU
2022-08-01,2022-08-01,3,2022-11-01,66039562.927257076,51598677.63692919,11214189.000260867,salvador-IPTU,salvador,IPTU
2022-08-01,2022-08-01,4,2022-12-01,64797642.90815615,57945900.25765987,11214189.000260867,salvador-IPTU,salvador,IPTU
2022-08-01,2022-08-01,5,2023-01-01,71842672.13965991,63736149.143647805,11214189.000260867,salvador-IPTU,salvador,IPTU
2022-08-01,2022-08-01,6,2023-02-01,312279669.4451977,298747262.15308666,11214189.000260867,salvador-IPTU,salvador,IPTU
2022-08-01,2022-08-01,7,2023-03-01,85661910.80764559,95480344.04098828,11214189.000260867,salvador-IPTU,salvador,IPTU
2022-08-01,2022-08-01,8,2023-04-01,68003023.29737547,57958206.00353104,11214189.000260867,salvador-IPTU,salvador,IPTU
2022-08-01,2022-08-01,9,2023-05-01,80927117.99548042,61680363.351706564,11214189.000260867,salvador-IPTU,salvador,IPTU
2022-08-01,2022-08-01,10,2023-06-01,69943842.947167,57355791.33484403,11214189.000260867,salvador-IPTU,salvador,IPTU
2022-08-01,2022-08-01,11,2023-07-01,68426714.10914947,63964034.42630876,11214189.000260867,salvador-IPTU,salvador,IPTU
2022-08-01,2022-08-01,12,2023-08-01,71716634.04572195,60239899.2900352,11214189.000260867,salvador-IPTU,salvador,IPTU
2022-09-01,2022-09-01,1,2022-10-01,63488690.92613522,63546109.06896758,11147513.936317448,salvador-IPTU,salvador,IPTU
2022-09-01,2022-09-01,2,2022-11-01,66039562.927257076,62565204.22775875,11147513.936317448,salvador-IPTU,salvador,IPTU
2022-09-01,2022-09-01,3,2022-12-01,64797642.90815615,67151147.38685398,11147513.936317448,salvador-IPTU,salvador,IPTU
2022-09-01,2022-09-01,4,2023-01-01,71842672.13965991,66731359.31381003,11147513.936317448,salvador-IPTU,salvador,IPTU
2022-09-01,2022-09-01,5,2023-02-01,312279669.4451977,298617859.69947034,11147513.936317448,salvador-IPTU,salvador,IPTU
2022-09-01,2022-09-01,6,2023-03-01,85661910.80764559,119575656.98383379,11147513.936317448,salvador-IPTU,salvador,IPTU
2022-09-01,2022-09-01,7,2023-04-01,68003023.29737547,59901841.885783106,11147513.936317448,salvador-IPTU,salvador,IPTU
2022-09-01,2022-09-01,8,2023-05-01,80927117.99548042,65830339.83122029,11147513.936317448,salvador-IPTU,salvador,IPTU
2022-09-01,2022-09-01,9,2023-06-01,69943842.947167,60799241.33910404,11147513.936317448,salvador-IPTU,salvador,IPTU
2022-09-01,2022-09-01,10,2023-07-01,68426714.10914947,65004370.87510489,11147513.936317448,salvador-IPTU,salvador,IPTU
2022-09-01,2022-09-01,11,2023-08-01,71716634.04572195,65618211.24813907,11147513.936317448,salvador-IPTU,salvador,IPTU
2022-09-01,2022-09-01,12,2023-09-01,64678015.45114056,62955849.488762826,11147513.936317448,salvador-IPTU,salvador,IPTU
2022-10-01,2022-10-01,1,2022-11-01,66039562.927257076,62533056.1045239,11128516.576625906,salvador-IPTU,salvador,IPTU
2022-10-01,2022-10-01,2,2022-12-01,64797642.90815615,67131386.4680106,11128516.576625906,salvador-IPTU,salvador,IPTU
2022-10-01,2022-10-01,3,2023-01-01,71842672.13965991,66720315.03942966,11128516.576625906,salvador-IPTU,salvador,IPTU
2022-10-01,2022-10-01,4,2023-02-01,312279669.4451977,298589151.9411509,11128516.576625906,salvador-IPTU,salvador,IPTU
2022-10-01,2022-10-01,5,2023-03-01,85661910.80764559,119570118.53589323,11128516.576625906,salvador-IPTU,salvador,IPTU
2022-10-01,2022-10-01,6,2023-04-01,68003023.29737547,59900201.52639108,11128516.576625906,salvador-IPTU,salvador,IPTU
2022-10-01,2022-10-01,7,2023-05-01,80927117.99548042,65829466.77248038,11128516.576625906,salvador-IPTU,salvador,IPTU
2022-10-01,2022-10-01,8,2023-06-01,69943842.947167,60798637.93167257,11128516.576625906,salvador-IPTU,salvador,IPTU
2022-10-01,2022-10-01,9,2023-07-01,68426714.10914947,65004104.30814383,11128516.576625906,salvador-IPTU,salvador,IPTU
2022-10-01,2022-10-01,10,2023-08-01,71716634.04572195,65618142.52029507,11128516.576625906,salvador-IPTU,salvador,IPTU
2022-10-01,2022-10-01,11,2023-09-01,64678015.45114056,62955917.925777406,11128516.576625906,salvador-IPTU,salvador,IPTU
2022-10-01,2022-10-01,12,2023-10-01,70665245.44717538,62333509.747683495,11128516.576625906,salvador-IPTU,salvador,IPTU
2022-11-01,2022-11-01,1,2022-12-01,64797642.90815615,69057572.42562869,11120986.34788588,salvador-IPTU,salvador,IPTU
2022-11-01,2022-11-01,2,2023-01-01,71842672.13965991,67898986.02690469,11120986.34788588,salvador-IPTU,salvador,IPTU
2022-11-01,2022-11-01,3,2023-02-01,312279669.4451977,300859482.07841504,11120986.34788588,salvador-IPTU,salvador,IPTU
2022-11-01,2022-11-01,4,2023-03-01,85661910.80764559,121040210.82131435,11120986.34788588,salvador-IPTU,salvador,IPTU
2022-11-01,2022-11-01,5,2023-04-01,68003023.29737547,60254621.66584918,11120986.34788588,salvador-IPTU,salvador,IPTU
2022-11-01,2022-11-01,6,2023-05-01,80927117.99548042,66195819.15190991,11120986.34788588,salvador-IPTU,salvador,IPTU
2022-11-01,2022-11-01,7,2023-06-01,69943842.947167,60840466.39816127,11120986.34788588,salvador-IPTU,salvador,IPTU
2022-11-01,2022-11-01,8,2023-07-01,68426714.10914947,65139176.336320266,11120986.34788588,salvador-IPTU,salvador,IPTU
2022-11-01,2022-11-01,9,2023-08-01,71716634.04572195,65780352.2062637,11120986.34788588,salvador-IPTU,salvador,IPTU
2022-11-01,2022-11-01,10,2023-09-01,64678015.45114056,63166237.543574624,11120986.34788588,salvador-IPTU,salvador,IPTU
2022-11-01,2022-11-01,11,2023-10-01,70665245.44717538,62344975.968060166,11120986.34788588,salvador-IPTU,salvador,IPTU
2022-11-01,2022-11-01,12,2023-11-01,64278105.00756604,64491341.95248115,11120986.34788588,salvador-IPTU,salvador,IPTU
2022-12-01,2022-12-01,1,2023-01-01,71842672.13965991,67639887.01901883,11037342.536132976,salvador-IPTU,salvador,IPTU
2022-12-01,2022-12-01,2,2023-02-01,312279669.4451977,294355575.21651286,11037342.536132976,salvador-IPTU,salvador,IPTU
2022-12-01,2022-12-01,3,2023-03-01,85661910.80764559,125679756.60998869,11037342.536132976,salvador-IPTU,salvador,IPTU
2022-12-01,2022-12-01,4,2023-04-01,68003023.29737547,62170478.84508387,11037342.536132976,salvador-IPTU,salvador,IPTU
2022-12-01,2022-12-01,5,2023-05-01,80927117.99548042,68605169.72475484,11037342.536132976,salvador-IPTU,salvador,IPTU
2022-12-01,2022-12-01,6,2023-06-01,69943842.947167,60279934.459188774,11037342.536132976,salvador-IPTU,salvador,IPTU
2022-12-01,2022-12-01,7,2023-07-01,68426714.10914947,66895162.62584838,11037342.536132976,salvador-IPTU,salvador,IPTU
2022-12-01,2022-12-01,8,2023-08-01,71716634.04572195,66605161.5595853,11037342.536132976,salvador-IPTU,salvador,IPTU
2022-12-01,2022-12-01,9,2023-09-01,64678015.45114056,65164372.08172047,11037342.536132976,salvador-IPTU,salvador,IPTU
2022-12-01,2022-12-01,10,2023-10-01,70665245.44717538,63513528.114692196,11037342.536132976,salvador-IPTU,salvador,IPTU
2022-12-01,2022-12-01,11,2023-11-01,64278105.00756604,66055048.59843244,11037342.536132976,salvador-IPTU,salvador,IPTU
2022-12-01,2022-12-01,12,2023-12-01,104574689.04816487,64806750.81247765,11037342.536132976,salvador-IPTU,salvador,IPTU
2023-01-01,2023-01-01,1,2023-02-01,312279669.4451977,333578465.8172498,10987474.714568347,salvador-IPTU,salvador,IPTU
2023-01-01,2023-01-01,2,2023-03-01,85661910.80764559,110219390.23663975,10987474.714568347,salvador-IPTU,salvador,IPTU
2023-01-01,2023-01-01,3,2023-04-01,68003023.29737547,65018009.00931929,10987474.714568347,salvador-IPTU,salvador,IPTU
2023-01-01,2023-01-01,4,2023-05-01,80927117.99548042,69536241.4350045,10987474.714568347,salvador-IPTU,salvador,IPTU
2023-01-01,2023-01-01,5,2023-06-01,69943842.947167,64704909.15805629,10987474.714568347,salvador-IPTU,salvador,IPTU
2023-01-01,2023-01-01,6,2023-07-01,68426714.10914947,72025170.56333108,10987474.714568347,salvador-IPTU,salvador,IPTU
2023-01-01,2023-01-01,7,2023-08-01,71716634.04572195,68472992.7158451,10987474.714568347,salvador-IPTU,salvador,IPTU
2023-01-01,2023-01-01,8,2023-09-01,64678015.45114056,68447667.57331252,10987474.714568347,salvador-IPTU,salvador,IPTU
2023-01-01,2023-01-01,9,2023-10-01,70665245.44717538,73243692.22048633,10987474.714568347,salvador-IPTU,salvador,IPTU
2023-01-01,2023-01-01,10,2023-11-01,64278105.00756604,74375520.33394088,10987474.714568347,salvador-IPTU,salvador,IPTU
2023-01-01,2023-01-01,11,2023-12-01,104574689.04816487,75047502.75876273,10987474.714568347,salvador-IPTU,salvador,IPTU
2023-01-01,2023-01-01,12,2024-01-01,171289802.2674211,77698420.96275084,10987474.714568347,salvador-IPTU,salvador,IPTU
2023-02-01,2023-02-01,1,2023-03-01,85661910.80764559,103204672.80582124,11147489.240603298,salvador-IPTU,salvador,IPTU
2023-02-01,2023-02-01,2,2023-04-01,68003023.29737547,63482099.387906514,11147489.240603298,salvador-IPTU,salvador,IPTU
2023-02-01,2023-02-01,3,2023-05-01,80927117.99548042,67973694.2453786,11147489.240603298,salvador-IPTU,salvador,IPTU
2023-02-01,2023-02-01,4,2023-06-01,69943842.947167,63657814.76468036,11147489.240603298,salvador-IPTU,salvador,IPTU
2023-02-01,2023-02-01,5,2023-07-01,68426714.10914947,71063603.96707284,11147489.240603298,salvador-IPTU,salvador,IPTU
2023-02-01,2023-02-01,6,2023-08-01,71716634.04572195,67303711.51407312,11147489.240603298,salvador-IPTU,salvador,IPTU
2023-02-01,2023-02-01,7,2023-09-01,64678015.45114056,67615235.19089283,11147489.240603298,salvador-IPTU,salvador,IPTU
2023-02-01,2023-02-01,8,2023-10-01,70665245.44717538,72555206.57527322,11147489.240603298,salvador-IPTU,salvador,IPTU
2023-02-01,2023-02-01,9,2023-11-01,64278105.00756604,73417332.36372991,11147489.240603298,salvador-IPTU,salvador,IPTU
2023-02-01,2023-02-01,10,2023-12-01,104574689.04816487,74215405.45100567,11147489.240603298,salvador-IPTU,salvador,IPTU
2023-02-01,2023-02-01,11,2024-01-01,171289802.2674211,76470802.42781755,11147489.240603298,salvador-IPTU,salvador,IPTU
2023-02-01,2023-02-01,12,2024-02-01,340945987.3121734,352535531.9254551,11147489.240603298,salvador-IPTU,salvador,IPTU
2023-03-01,2023-03-01,1,2023-04-01,68003023.29737547,53352278.058045454,11459160.8049941,salvador-IPTU,salvador,IPTU
2023-03-01,2023-03-01,2,2023-05-01,80927117.99548042,59666703.57726938,11459160.8049941,salvador-IPTU,salvador,IPTU
2023-03-01,2023-03-01,3,2023-06-01,69943842.947167,56483589.24680162,11459160.8049941,salvador-IPTU,salvador,IPTU
2023-03-01,2023-03-01,4,2023-07-01,68426714.10914947,63783121.67196348,11459160.8049941,salvador-IPTU,salvador,IPTU
2023-03-01,2023-03-01,5,2023-08-01,71716634.04572195,61062090.16420541,11459160.8049941,salvador-IPTU,salvador,IPTU
2023-03-01,2023-03-01,6,2023-09-01,64678015.45114056,61408874.423114024,11459160.8049941,salvador-IPTU,salvador,IPTU
2023-03-01,2023-03-01,7,2023-10-01,70665245.44717538,66241247.27080165,11459160.8049941,salvador-IPTU,salvador,IPTU
2023-03-01,2023-03-01,8,2023-11-01,64278105.00756604,67492400.08311294,11459160.8049941,salvador-IPTU,salvador,IPTU
2023-03-01,2023-03-01,9,2023-12-01,104574689.04816487,67748808.292637,11459160.8049941,salvador-IPTU,salvador,IPTU
2023-03-01,2023-03-01,10,2024-01-01,171289802.2674211,70031854.96863487,11459160.8049941,salvador-IPTU,salvador,IPTU
2023-03-01,2023-03-01,11,2024-02-01,340945987.3121734,318458280.9563666,11459160.8049941,salvador-IPTU,salvador,IPTU
2023-03-01,2023-03-01,12,2024-03-01,83011395.96234319,86034291.56123644,11459160.8049941,salvador-IPTU,salvador,IPTU
2023-04-01,2023-04-01,1,2023-05-01,80927117.99548042,67136082.34011516,11401152.201500507,salvador-IPTU,salvador,IPTU
2023-04-01,2023-04-01,2,2023-06-01,69943842.947167,60116543.23574077,11401152.201500507,salvador-IPTU,salvador,IPTU
2023-04-01,2023-04-01,3,2023-07-01,68426714.10914947,65888394.11498132,11401152.201500507,salvador-IPTU,salvador,IPTU
2023-04-01,2023-04-01,4,2023-08-01,71716634.04572195,61822777.119635314,11401152.201500507,salvador-IPTU,salvador,IPTU
2023-04-01,2023-04-01,5,2023-09-01,64678015.45114056,61847021.927418314,11401152.201500507,salvador-IPTU,salvador,IPTU
2023-04-01,2023-04-01,6,2023-10-01,70665245.44717538,66656279.14280176,11401152.201500507,salvador-IPTU,salvador,IPTU
2023-04-01,2023-04-01,7,2023-11-01,64278105.00756604,67607132.96211731,11401152.201500507,salvador-IPTU,salvador,IPTU
2023-04-01,2023-04-01,8,2023-12-01,104574689.04816487,67880964.1083136,11401152.201500507,salvador-IPTU,salvador,IPTU
2023-04-01,2023-04-01,9,2024-01-01,171289802.2674211,69934661.89404887,11401152.201500507,salvador-IPTU,salvador,IPTU
2023-04-01,2023-04-01,10,2024-02-01,340945987.3121734,320430408.7546212,11401152.201500507,salvador-IPTU,salvador,IPTU
2023-04-01,2023-04-01,11,2024-03-01,83011395.96234319,85798801.47475845,11401152.201500507,salvador-IPTU,salvador,IPTU
2023-04-01,2023-04-01,12,2024-04-01,90762029.71183957,64936762.39944322,11401152.201500507,salvador-IPTU,salvador,IPTU
2023-05-01,2023-05-01,1,2023-06-01,69943842.947167,68605139.86442645,11415383.503299935,salvador-IPTU,salvador,IPTU
2023-05-01,2023-05-01,2,2023-07-01,68426714.10914947,73123606.09795295,11415383.503299935,salvador-IPTU,salvador,IPTU
2023-05-01,2023-05-01,3,2023-08-01,71716634.04572195,67901858.47525227,11415383.503299935,salvador-IPTU,salvador,IPTU
2023-05-01,2023-05-01,4,2023-09-01,64678015.45114056,67386135.73040827,11415383.503299935,salvador-IPTU,salvador,IPTU
2023-05-01,2023-05-01,5,2023-10-01,70665245.44717538,71851671.77114354,11415383.503299935,salvador-IPTU,salvador,IPTU
2023-05-01,2023-05-01,6,2023-11-01,64278105.00756604,72644740.98947673,11415383.503299935,salvador-IPTU,salvador,IPTU
2023-05-01,2023-05-01,7,2023-12-01,104574689.04816487,73401492.04063791,11415383.503299935,salvador-IPTU,salvador,IPTU
2023-05-01,2023-05-01,8,2024-01-01,171289802.2674211,75846091.63759978,11415383.503299935,salvador-IPTU,salvador,IPTU
2023-05-01,2023-05-01,9,2024-02-01,340945987.3121734,349709395.5198033,11415383.503299935,salvador-IPTU,salvador,IPTU
2023-05-01,2023-05-01,10,2024-03-01,83011395.96234319,93562162.85782133,11415383.503299935,salvador-IPTU,salvador,IPTU
2023-05-01,2023-05-01,11,2024-04-01,90762029.71183957,70586127.12228607,11415383.503299935,salvador-IPTU,salvador,IPTU
2023-05-01,2023-05-01,12,2024-05-01,79993888.20816118,79184858.86807086,11415383.503299935,salvador-IPTU,salvador,IPTU
2023-06-01,2023-06-01,1,2023-07-01,68426714.10914947,70533862.8683321,11397948.38596953,salvador-IPTU,salvador,IPTU
2023-06-01,2023-06-01,2,2023-08-01,71716634.04572195,64555504.87361622,11397948.38596953,salvador-IPTU,salvador,IPTU
2023-06-01,2023-06-01,3,2023-09-01,64678015.45114056,62500018.59411273,11397948.38596953,salvador-IPTU,salvador,IPTU
2023-06-01,2023-06-01,4,2023-10-01,70665245.44717538,65092342.46204141,11397948.38596953,salvador-IPTU,salvador,IPTU
2023-06-01,2023-06-01,5,2023-11-01,64278105.00756604,65674738.37208999,11397948.38596953,salvador-IPTU,salvador,IPTU
2023-06-01,2023-06-01,6,2023-12-01,104574689.04816487,66736424.167853065,11397948.38596953,salvador-IPTU,salvador,IPTU
2023-06-01,2023-06-01,7,2024-01-01,171289802.2674211,69479779.05967839,11397948.38596953,salvador-IPTU,salvador,IPTU
2023-06-01,2023-06-01,8,2024-02-01,340945987.3121734,317913271.9951115,11397948.38596953,salvador-IPTU,salvador,IPTU
2023-06-01,2023-06-01,9,2024-03-01,83011395.96234319,87354430.50847784,11397948.38596953,salvador-IPTU,salvador,IPTU
2023-06-01,2023-06-01,10,2024-04-01,90762029.71183957,64245546.369373314,11397948.38596953,salvador-IPTU,salvador,IPTU
2023-06-01,2023-06-01,11,2024-05-01,79993888.20816118,72189714.76514693,11397948.38596953,salvador-IPTU,salvador,IPTU
2023-06-01,2023-06-01,12,2024-06-01,71206487.06124279,66409944.821034245,11397948.38596953,salvador-IPTU,salvador,IPTU
2023-07-01,2023-07-01,1,2023-08-01,71716634.04572195,63007248.899059325,11290860.021179913,salvador-IPTU,salvador,IPTU
2023-07-01,2023-07-01,2,2023-09-01,64678015.45114056,61813830.53165944,11290860.021179913,salvador-IPTU,salvador,IPTU
2023-07-01,2023-07-01,3,2023-10-01,70665245.44717538,64798844.96549307,11290860.021179913,salvador-IPTU,salvador,IPTU
2023-07-01,2023-07-01,4,2023-11-01,64278105.00756604,65614222.76118218,11290860.021179913,salvador-IPTU,salvador,IPTU
2023-07-01,2023-07-01,5,2023-12-01,104574689.04816487,66714706.05143843,11290860.021179913,salvador-IPTU,salvador,IPTU
2023-07-01,2023-07-01,6,2024-01-01,171289802.2674211,69528342.96585862,11290860.021179913,salvador-IPTU,salvador,IPTU
2023-07-01,2023-07-01,7,2024-02-01,340945987.3121734,317805727.7584127,11290860.021179913,salvador-IPTU,salvador,IPTU
2023-07-01,2023-07-01,8,2024-03-01,83011395.96234319,87518736.31744063,11290860.021179913,salvador-IPTU,salvador,IPTU
2023-07-01,2023-07-01,9,2024-04-01,90762029.71183957,64415703.2383024,11290860.021179913,salvador-IPTU,salvador,IPTU
2023-07-01,2023-07-01,10,2024-05-01,79993888.20816118,72647147.7172367,11290860.021179913,salvador-IPTU,salvador,IPTU
2023-07-01,2023-07-01,11,2024-06-01,71206487.06124279,67031044.82988936,11290860.021179913,salvador-IPTU,salvador,IPTU
2023-07-01,2023-07-01,12,2024-07-01,73709055.35130495,67404864.582004,11290860.021179913,salvador-IPTU,salvador,IPTU
2023-08-01,2023-08-01,1,2023-09-01,64678015.45114056,65630760.45832906,11224480.350017453,salvador-IPTU,salvador,IPTU
2023-08-01,2023-08-01,2,2023-10-01,70665245.44717538,66582421.93294116,11224480.350017453,salvador-IPTU,salvador,IPTU
2023-08-01,2023-08-01,3,2023-11-01,64278105.00756604,66468398.96192409,11224480.350017453,salvador-IPTU,salvador,IPTU
2023-08-01,2023-08-01,4,2023-12-01,104574689.04816487,67130367.17747791,11224480.350017453,salvador-IPTU,salvador,IPTU
2023-08-01,2023-08-01,5,2024-01-01,171289802.2674211,69811512.35778736,11224480.350017453,salvador-IPTU,salvador,IPTU
2023-08-01,2023-08-01,6,2024-02-01,340945987.3121734,317758013.11979103,11224480.350017453,salvador-IPTU,salvador,IPTU
2023-08-01,2023-08-01,7,2024-03-01,83011395.96234319,88020216.21612132,11224480.350017453,salvador-IPTU,salvador,IPTU
2023-08-01,2023-08-01,8,2024-04-01,90762029.71183957,64429597.70421923,11224480.350017453,salvador-IPTU,salvador,IPTU
2023-08-01,2023-08-01,9,2024-05-01,79993888.20816118,72781710.58107856,11224480.350017453,salvador-IPTU,salvador,IPTU
2023-08-01,2023-08-01,10,2024-06-01,71206487.06124279,67058146.778128214,11224480.350017453,salvador-IPTU,salvador,IPTU
2023-08-01,2023-08-01,11,2024-07-01,73709055.35130495,67515323.13090189,11224480.350017453,salvador-IPTU,salvador,IPTU
2023-08-01,2023-08-01,12,2024-08-01,101732876.40822683,68128891.07289562,11224480.350017453,salvador-IPTU,salvador,IPTU
2023-09-01,2023-09-01,1,2023-10-01,70665245.44717538,71500800.86932755,11108559.615474965,salvador-IPTU,salvador,IPTU
2023-09-01,2023-09-01,2,2023-11-01,64278105.00756604,69782600.60867707,11108559.615474965,salvador-IPTU,salvador,IPTU
2023-09-01,2023-09-01,3,2023-12-01,104574689.04816487,71940358.35280147,11108559.615474965,salvador-IPTU,salvador,IPTU
2023-09-01,2023-09-01,4,2024-01-01,171289802.2674211,74808459.69886565,11108559.615474965,salvador-IPTU,salvador,IPTU
2023-09-01,2023-09-01,5,2024-02-01,340945987.3121734,346443040.13877255,11108559.615474965,salvador-IPTU,salvador,IPTU
2023-09-01,2023-09-01,6,2024-03-01,83011395.96234319,93669370.16193333,11108559.615474965,salvador-IPTU,salvador,IPTU
2023-09-01,2023-09-01,7,2024-04-01,90762029.71183957,69586089.992574,11108559.615474965,salvador-IPTU,salvador,IPTU
2023-09-01,2023-09-01,8,2024-05-01,79993888.20816118,77582944.58935526,11108559.615474965,salvador-IPTU,salvador,IPTU
2023-09-01,2023-09-01,9,2024-06-01,71206487.06124279,72360580.8378561,11108559.615474965,salvador-IPTU,salvador,IPTU
2023-09-01,2023-09-01,10,2024-07-01,73709055.35130495,73486350.04751956,11108559.615474965,salvador-IPTU,salvador,IPTU
2023-09-01,2023-09-01,11,2024-08-01,101732876.40822683,72849582.08424148,11108559.615474965,salvador-IPTU,salvador,IPTU
2023-09-01,2023-09-01,12,2024-09-01,84187344.93966614,66337155.845277674,11108559.615474965,salvador-IPTU,salvador,IPTU
2023-10-01,2023-10-01,1,2023-11-01,64278105.00756604,67469670.76950562,11066729.77404481,salvador-IPTU,salvador,IPTU
2023-10-01,2023-10-01,2,2023-12-01,104574689.04816487,67638690.45711534,11066729.77404481,salvador-IPTU,salvador,IPTU
2023-10-01,2023-10-01,3,2024-01-01,171289802.2674211,69609173.9679232,11066729.77404481,salvador-IPTU,salvador,IPTU
2023-10-01,2023-10-01,4,2024-02-01,340945987.3121734,321587266.2786255,11066729.77404481,salvador-IPTU,salvador,IPTU
2023-10-01,2023-10-01,5,2024-03-01,83011395.96234319,85964253.79969268,11066729.77404481,salvador-IPTU,salvador,IPTU
2023-10-01,2023-10-01,6,2024-04-01,90762029.71183957,64459253.7372765,11066729.77404481,salvador-IPTU,salvador,IPTU
2023-10-01,2023-10-01,7,2024-05-01,79993888.20816118,71881418.57749237,11066729.77404481,salvador-IPTU,salvador,IPTU
2023-10-01,2023-10-01,8,2024-06-01,71206487.06124279,67052911.76079707,11066729.77404481,salvador-IPTU,salvador,IPTU
2023-10-01,2023-10-01,9,2024-07-01,73709055.35130495,67801900.14410412,11066729.77404481,salvador-IPTU,salvador,IPTU
2023-10-01,2023-10-01,10,2024-08-01,101732876.40822683,67567467.37956484,11066729.77404481,salvador-IPTU,salvador,IPTU
2023-10-01,2023-10-01,11,2024-09-01,84187344.93966614,61309015.96909992,11066729.77404481,salvador-IPTU,salvador,IPTU
2023-10-01,2023-10-01,12,2024-10-01,87790278.56480853,66391144.42657998,11066729.77404481,salvador-IPTU,salvador,IPTU
2023-11-01,2023-11-01,1,2023-12-01,104574689.04816487,65615683.27191126,10968779.54399898,salvador-IPTU,salvador,IPTU
2023-11-01,2023-11-01,2,2024-01-01,171289802.2674211,68377550.72373867,10968779.54399898,salvador-IPTU,salvador,IPTU
2023-11-01,2023-11-01,3,2024-02-01,340945987.3121734,320687936.95072573,10968779.54399898,salvador-IPTU,salvador,IPTU
2023-11-01,2023-11-01,4,2024-03-01,83011395.96234319,85279990.64371666,10968779.54399898,salvador-IPTU,salvador,IPTU
2023-11-01,2023-11-01,5,2024-04-01,90762029.71183957,64002156.43545256,10968779.54399898,salvador-IPTU,salvador,IPTU
2023-11-01,2023-11-01,6,2024-05-01,79993888.20816118,70647601.20268914,10968779.54399898,salvador-IPTU,salvador,IPTU
2023-11-01,2023-11-01,7,2024-06-01,71206487.06124279,66422259.76789698,10968779.54399898,salvador-IPTU,salvador,IPTU
2023-11-01,2023-11-01,8,2024-07-01,73709055.35130495,67935139.7170591,10968779.54399898,salvador-IPTU,salvador,IPTU
2023-11-01,2023-11-01,9,2024-08-01,101732876.40822683,66897731.82451633,10968779.54399898,salvador-IPTU,salvador,IPTU
2023-11-01,2023-11-01,10,2024-09-01,84187344.93966614,61092650.30442943,10968779.54399898,salvador-IPTU,salvador,IPTU
2023-11-01,2023-11-01,11,2024-10-01,87790278.56480853,66571550.638534054,10968779.54399898,salvador-IPTU,salvador,IPTU
2023-11-01,2023-11-01,12,2024-11-01,62217090.58048794,61227921.02665436,10968779.54399898,salvador-IPTU,salvador,IPTU
2023-12-01,2023-12-01,1,2024-01-01,171289802.2674211,79750172.54775186,11268865.654374084,salvador-IPTU,salvador,IPTU
2023-12-01,2023-12-01,2,2024-02-01,340945987.3121734,366731741.6206977,11268865.654374084,salvador-IPTU,salvador,IPTU
2023-12-01,2023-12-01,3,2024-03-01,83011395.96234319,84619533.04581909,11268865.654374084,salvador-IPTU,salvador,IPTU
2023-12-01,2023-12-01,4,2024-04-01,90762029.71183957,64125335.94362753,11268865.654374084,salvador-IPTU,salvador,IPTU
2023-12-01,2023-12-01,5,2024-05-01,79993888.20816118,70566301.28997986,11268865.654374084,salvador-IPTU,salvador,IPTU
2023-12-01,2023-12-01,6,2024-06-01,71206487.06124279,66542941.99007653,11268865.654374084,salvador-IPTU,salvador,IPTU
2023-12-01,2023-12-01,7,2024-07-01,73709055.35130495,68089543.41332807,11268865.654374084,salvador-IPTU,salvador,IPTU
2023-12-01,2023-12-01,8,2024-08-01,101732876.40822683,66930929.69536218,11268865.654374084,salvador-IPTU,salvador,IPTU
2023-12-01,2023-12-01,9,2024-09-01,84187344.93966614,61112776.75881015,11268865.654374084,salvador-IPTU,salvador,IPTU
2023-12-01,2023-12-01,10,2024-10-01,87790278.56480853,66812770.92167516,11268865.654374084,salvador-IPTU,salvador,IPTU
2023-12-01,2023-12-01,11,2024-11-01,62217090.58048794,61445442.71123848,11268865.654374084,salvador-IPTU,salvador,IPTU
2023-12-01,2023-12-01,12,2024-12-01,79938734.8290157,86269510.32408208,11268865.654374084,salvador-IPTU,salvador,IPTU
2024-01-01,2024-01-01,1,2024-02-01,340945987.3121734,544513419.6643933,12177919.9272956,salvador-IPTU,salvador,IPTU
2024-01-01,2024-01-01,2,2024-03-01,83011395.96234319,117077989.2128623,12177919.9272956,salvador-IPTU,salvador,IPTU
2024-01-01,2024-01-01,3,2024-04-01,90762029.71183957,77831214.97131656,12177919.9272956,salvador-IPTU,salvador,IPTU
2024-01-01,2024-01-01,4,2024-05-01,79993888.20816118,80432542.35466473,12177919.9272956,salvador-IPTU,salvador,IPTU
2024-01-01,2024-01-01,5,2024-06-01,71206487.06124279,71844066.96778506,12177919.9272956,salvador-IPTU,salvador,IPTU
2024-01-01,2024-01-01,6,2024-07-01,73709055.35130495,70697827.80118187,12177919.9272956,salvador-IPTU,salvador,IPTU
2024-01-01,2024-01-01,7,2024-08-01,101732876.40822683,69393039.7655497,12177919.9272956,salvador-IPTU,salvador,IPTU
2024-01-01,2024-01-01,8,2024-09-01,84187344.93966614,62409843.545056865,12177919.9272956,salvador-IPTU,salvador,IPTU
2024-01-01,2024-01-01,9,2024-10-01,87790278.56480853,67473787.99888884,12177919.9272956,salvador-IPTU,salvador,IPTU
2024-01-01,2024-01-01,10,2024-11-01,62217090.58048794,62080920.894082926,12177919.9272956,salvador-IPTU,salvador,IPTU
2024-01-01,2024-01-01,11,2024-12-01,79938734.8290157,88869262.9408313,12177919.9272956,salvador-IPTU,salvador,IPTU
2024-01-01,2024-01-01,12,2025-01-01,76872966.26960947,120844928.51775257,12177919.9272956,salvador-IPTU,salvador,IPTU
2024-02-01,2024-02-01,1,2024-03-01,83011395.96234319,83026979.14491665,12346168.885863764,salvador-IPTU,salvador,IPTU
2024-02-01,2024-02-01,2,2024-04-01,90762029.71183957,69285650.14904109,12346168.885863764,salvador-IPTU,salvador,IPTU
2024-02-01,2024-02-01,3,2024-05-01,79993888.20816118,76832879.32796912,12346168.885863764,salvador-IPTU,salvador,IPTU
2024-02-01,2024-02-01,4,2024-06-01,71206487.06124279,71951147.44338726,12346168.885863764,salvador-IPTU,salvador,IPTU
2024-02-01,2024-02-01,5,2024-07-01,73709055.35130495,73429383.51628354,12346168.885863764,salvador-IPTU,salvador,IPTU
2024-02-01,2024-02-01,6,2024-08-01,101732876.40822683,72677309.59403962,12346168.885863764,salvador-IPTU,salvador,IPTU
2024-02-01,2024-02-01,7,2024-09-01,84187344.93966614,66468973.59641925,12346168.885863764,salvador-IPTU,salvador,IPTU
2024-02-01,2024-02-01,8,2024-10-01,87790278.56480853,72563273.08059,12346168.885863764,salvador-IPTU,salvador,IPTU
2024-02-01,2024-02-01,9,2024-11-01,62217090.58048794,67376791.12977286,12346168.885863764,salvador-IPTU,salvador,IPTU
2024-02-01,2024-02-01,10,2024-12-01,79938734.8290157,94124090.41300924,12346168.885863764,salvador-IPTU,salvador,IPTU
2024-02-01,2024-02-01,11,2025-01-01,76872966.26960947,124916902.96323888,12346168.885863764,salvador-IPTU,salvador,IPTU
2024-02-01,2024-02-01,12,2025-02-01,357310287.70151484,355109923.09811085,12346168.885863764,salvador-IPTU,salvador,IPTU
2024-03-01,2024-03-01,1,2024-04-01,90762029.71183957,63316725.895201325,12248232.986464154,salvador-IPTU,salvador,IPTU
2024-03-01,2024-03-01,2,2024-05-01,79993888.20816118,74528560.73192278,12248232.986464154,salvador-IPTU,salvador,IPTU
2024-03-01,2024-03-01,3,2024-06-01,71206487.06124279,66469799.37193678,12248232.986464154,salvador-IPTU,salvador,IPTU
2024-03-01,2024-03-01,4,2024-07-01,73709055.35130495,67088392.58024315,12248232.986464154,salvador-IPTU,salvador,IPTU
2024-03-01,2024-03-01,5,2024-08-01,101732876.40822683,69142875.64518031,12248232.986464154,salvador-IPTU,salvador,IPTU
2024-03-01,2024-03-01,6,2024-09-01,84187344.93966614,63691511.30070567,12248232.986464154,salvador-IPTU,salvador,IPTU
2024-03-01,2024-03-01,7,2024-10-01,87790278.56480853,67558802.4290329,12248232.986464154,salvador-IPTU,salvador,IPTU
2024-03-01,2024-03-01,8,2024-11-01,62217090.58048794,64246886.51513431,12248232.986464154,salvador-IPTU,salvador,IPTU
2024-03-01,2024-03-01,9,2024-12-01,79938734.8290157,88161954.15507804,12248232.986464154,salvador-IPTU,salvador,IPTU
2024-03-01,2024-03-01,10,2025-01-01,76872966.26960947,123256300.22223918,12248232.986464154,salvador-IPTU,salvador,IPTU
2024-03-01,2024-03-01,11,2025-02-01,357310287.70151484,328440001.25078267,12248232.986464154,salvador-IPTU,salvador,IPTU
2024-03-01,2024-03-01,12,2025-03-01,74202146.27427402,87354149.29835159,12248232.986464154,salvador-IPTU,salvador,IPTU
2024-04-01,2024-04-01,1,2024-05-01,79993888.20816118,88611021.31290737,12353340.720744152,salvador-IPTU,salvador,IPTU
2024-04-01,2024-04-01,2,2024-06-01,71206487.06124279,73805235.1126232,12353340.720744152,salvador-IPTU,salvador,IPTU
2024-04-01,2024-04-01,3,2024-07-01,73709055.35130495,74865807.21406502,12353340.720744152,salvador-IPTU,salvador,IPTU
2024-04-01,2024-04-01,4,2024-08-01,101732876.40822683,74600267.60773893,12353340.720744152,salvador-IPTU,salvador,IPTU
2024-04-01,2024-04-01,5,2024-09-01,84187344.93966614,68020687.29558694,12353340.720744152,salvador-IPTU,salvador,IPTU
2024-04-01,2024-04-01,6,2024-10-01,87790278.56480853,74083143.17466179,12353340.720744152,salvador-IPTU,salvador,IPTU
2024-04-01,2024-04-01,7,2024-11-01,62217090.58048794,68704206.35806873,12353340.720744152,salvador-IPTU,salvador,IPTU
2024-04-01,2024-04-01,8,2024-12-01,79938734.8290157,97201722.26519126,12353340.720744152,salvador-IPTU,salvador,IPTU
2024-04-01,2024-04-01,9,2025-01-01,76872966.26960947,131098700.46855076,12353340.720744152,salvador-IPTU,salvador,IPTU
2024-04-01,2024-04-01,10,2025-02-01,357310287.70151484,363377112.5558838,12353340.720744152,salvador-IPTU,salvador,IPTU
2024-04-01,2024-04-01,11,2025-03-01,74202146.27427402,97019848.7200724,12353340.720744152,salvador-IPTU,salvador,IPTU
2024-04-01,2024-04-01,12,2025-04-01,74811908.70994155,84289855.57640982,12353340.720744152,salvador-IPTU,salvador,IPTU
2024-05-01,2024-05-01,1,2024-06-01,71206487.06124279,70888381.29534253,12240270.315462716,salvador-IPTU,salvador,IPTU
2024-05-01,2024-05-01,2,2024-07-01,73709055.35130495,74786704.46782725,12240270.315462716,salvador-IPTU,salvador,IPTU
2024-05-01,2024-05-01,3,2024-08-01,101732876.40822683,74262565.49788897,12240270.315462716,salvador-IPTU,salvador,IPTU
2024-05-01,2024-05-01,4,2024-09-01,84187344.93966614,67856543.81247114,12240270.315462716,salvador-IPTU,salvador,IPTU
2024-05-01,2024-05-01,5,2024-10-01,87790278.56480853,74000408.9203583,12240270.315462716,salvador-IPTU,salvador,IPTU
2024-05-01,2024-05-01,6,2024-11-01,62217090.58048794,68720393.13535018,12240270.315462716,salvador-IPTU,salvador,IPTU
2024-05-01,2024-05-01,7,2024-12-01,79938734.8290157,96401171.77758807,12240270.315462716,salvador-IPTU,salvador,IPTU
2024-05-01,2024-05-01,8,2025-01-01,76872966.26960947,128790804.48313309,12240270.315462716,salvador-IPTU,salvador,IPTU
2024-05-01,2024-05-01,9,2025-02-01,357310287.70151484,362686638.972274,12240270.315462716,salvador-IPTU,salvador,IPTU
2024-05-01,2024-05-01,10,2025-03-01,74202146.27427402,96864045.3538567,12240270.315462716,salvador-IPTU,salvador,IPTU
2024-05-01,2024-05-01,11,2025-04-01,74811908.70994155,83484514.62278499,12240270.315462716,salvador-IPTU,salvador,IPTU
2024-05-01,2024-05-01,12,2025-05-01,72101614.35445404,79094602.76099385,12240270.315462716,salvador-IPTU,salvador,IPTU
2024-06-01,2024-06-01,1,2024-07-01,73709055.35130495,74647496.89020209,12132646.529174611,salvador-IPTU,salvador,IPTU
2024-06-01,2024-06-01,2,2024-08-01,101732876.40822683,74175728.1987548,12132646.529174611,salvador-IPTU,salvador,IPTU
2024-06-01,2024-06-01,3,2024-09-01,84187344.93966614,67738140.47410285,12132646.529174611,salvador-IPTU,salvador,IPTU
2024-06-01,2024-06-01,4,2024-10-01,87790278.56480853,73821667.50406021,12132646.529174611,salvador-IPTU,salvador,IPTU
2024-06-01,2024-06-01,5,2024-11-01,62217090.58048794,68560794.97059646,12132646.529174611,salvador-IPTU,salvador,IPTU
2024-06-01,2024-06-01,6,2024-12-01,79938734.8290157,96434567.77597477,12132646.529174611,salvador-IPTU,salvador,IPTU
2024-06-01,2024-06-01,7,2025-01-01,76872966.26960947,129391099.4992625,12132646.529174611,salvador-IPTU,salvador,IPTU
2024-06-01,2024-06-01,8,2025-02-01,357310287.70151484,361755031.101198,12132646.529174611,salvador-IPTU,salvador,IPTU
2024-06-01,2024-06-01,9,2025-03-01,74202146.27427402,96642545.40984194,12132646.529174611,salvador-IPTU,salvador,IPTU
2024-06-01,2024-06-01,10,2025-04-01,74811908.70994155,83559323.25696741,12132646.529174611,salvador-IPTU,salvador,IPTU
2024-06-01,2024-06-01,11,2025-05-01,72101614.35445404,79142963.2300067,12132646.529174611,salvador-IPTU,salvador,IPTU
2024-06-01,2024-06-01,12,2025-06-01,65029224.51471878,73824302.35017303,12132646.529174611,salvador-IPTU,salvador,IPTU
2024-07-01,2024-07-01,1,2024-08-01,101732876.40822683,72698050.18447615,12066138.710854037,salvador-IPTU,salvador,IPTU
2024-07-01,2024-07-01,2,2024-09-01,84187344.93966614,64678015.451140605,12066138.710854037,salvador-IPTU,salvador,IPTU
2024-07-01,2024-07-01,3,2024-10-01,87790278.56480853,70665245.4471755,12066138.710854037,salvador-IPTU,salvador,IPTU
2024-07-01,2024-07-01,4,2024-11-01,62217090.58048794,64278105.00756613,12066138.710854037,salvador-IPTU,salvador,IPTU
2024-07-01,2024-07-01,5,2024-12-01,79938734.8290157,104574689.04816487,12066138.710854037,salvador-IPTU,salvador,IPTU
2024-07-01,2024-07-01,6,2025-01-01,76872966.26960947,171289802.26742133,12066138.710854037,salvador-IPTU,salvador,IPTU
2024-07-01,2024-07-01,7,2025-02-01,357310287.70151484,340945987.31217396,12066138.710854037,salvador-IPTU,salvador,IPTU
2024-07-01,2024-07-01,8,2025-03-01,74202146.27427402,83011395.96234326,12066138.710854037,salvador-IPTU,salvador,IPTU
2024-07-01,2024-07-01,9,2025-04-01,74811908.70994155,90762029.71183968,12066138.710854037,salvador-IPTU,salvador,IPTU
2024-07-01,2024-07-01,10,2025-05-01,72101614.35445404,79993888.2081613,12066138.710854037,salvador-IPTU,salvador,IPTU
2024-07-01,2024-07-01,11,2025-06-01,65029224.51471878,71206487.06124277,12066138.710854037,salvador-IPTU,salvador,IPTU
2024-07-01,2024-07-01,12,2025-07-01,73109536.2810681,73709055.35130507,12066138.710854037,salvador-IPTU,salvador,IPTU
2024-08-01,2024-08-01,1,2024-09-01,84187344.93966614,77035042.43154095,12238735.861350678,salvador-IPTU,salvador,IPTU
2024-08-01,2024-08-01,2,2024-10-01,87790278.56480853,77121799.84737763,12238735.861350678,salvador-IPTU,salvador,IPTU
2024-08-01,2024-08-01,3,2024-11-01,62217090.58048794,67150838.46638274,12238735.861350678,salvador-IPTU,salvador,IPTU
2024-08-01,2024-08-01,4,2024-12-01,79938734.8290157,106886322.69360651,12238735.861350678,salvador-IPTU,salvador,IPTU
2024-08-01,2024-08-01,5,2025-01-01,76872966.26960947,173172915.38166842,12238735.861350678,salvador-IPTU,salvador,IPTU
2024-08-01,2024-08-01,6,2025-02-01,357310287.70151484,342815267.59773856,12238735.861350678,salvador-IPTU,salvador,IPTU
2024-08-01,2024-08-01,7,2025-03-01,74202146.27427402,83238677.99519157,12238735.861350678,salvador-IPTU,salvador,IPTU
2024-08-01,2024-08-01,8,2025-04-01,74811908.70994155,90886214.1490012,12238735.861350678,salvador-IPTU,salvador,IPTU
2024-08-01,2024-08-01,9,2025-05-01,72101614.35445404,80048602.88418728,12238735.861350678,salvador-IPTU,salvador,IPTU
2024-08-01,2024-08-01,10,2025-06-01,65029224.51471878,71230838.51322953,12238735.861350678,salvador-IPTU,salvador,IPTU
2024-08-01,2024-08-01,11,2025-07-01,73109536.2810681,73721659.73267351,12238735.861350678,salvador-IPTU,salvador,IPTU
2024-08-01,2024-08-01,12,2025-08-01,72024794.89278775,101741575.5410144,12238735.861350678,salvador-IPTU,salvador,IPTU
2024-09-01,2024-09-01,1,2024-10-01,87790278.56480853,80785496.76321268,12307979.610180916,salvador-IPTU,salvador,IPTU
2024-09-01,2024-09-01,2,2024-11-01,62217090.58048794,68797849.4535759,12307979.610180916,salvador-IPTU,salvador,IPTU
2024-09-01,2024-09-01,3,2024-12-01,79938734.8290157,108245525.03878736,12307979.610180916,salvador-IPTU,salvador,IPTU
2024-09-01,2024-09-01,4,2025-01-01,76872966.26960947,174316573.7853832,12307979.610180916,salvador-IPTU,salvador,IPTU
2024-09-01,2024-09-01,5,2025-02-01,357310287.70151484,343991573.7734333,12307979.610180916,salvador-IPTU,salvador,IPTU
2024-09-01,2024-09-01,6,2025-03-01,74202146.27427402,83387047.48213059,12307979.610180916,salvador-IPTU,salvador,IPTU
2024-09-01,2024-09-01,7,2025-04-01,74811908.70994155,90970326.47050229,12307979.610180916,salvador-IPTU,salvador,IPTU
2024-09-01,2024-09-01,8,2025-05-01,72101614.35445404,80087042.70256592,12307979.610180916,salvador-IPTU,salvador,IPTU
2024-09-01,2024-09-01,9,2025-06-01,65029224.51471878,71248574.83460568,12307979.610180916,salvador-IPTU,salvador,IPTU
2024-09-01,2024-09-01,10,2025-07-01,73109536.2810681,73731171.41744804,12307979.610180916,salvador-IPTU,salvador,IPTU
2024-09-01,2024-09-01,11,2025-08-01,72024794.89278775,101748372.78273587,12307979.610180916,salvador-IPTU,salvador,IPTU
2024-09-01,2024-09-01,12,2025-09-01,77720211.54924531,84193855.42142618,12307979.610180916,salvador-IPTU,salvador,IPTU
2024-10-01,2024-10-01,1,2024-11-01,62217090.58048794,71855936.5915998,12353423.511194617,salvador-IPTU,salvador,IPTU
2024-10-01,2024-10-01,2,2024-12-01,79938734.8290157,110734614.82863,12353423.511194617,salvador-IPTU,salvador,IPTU
2024-10-01,2024-10-01,3,2025-01-01,76872966.26960947,176399498.92273727,12353423.511194617,salvador-IPTU,salvador,IPTU
2024-10-01,2024-10-01,4,2025-02-01,357310287.70151484,346132037.4874196,12353423.511194617,salvador-IPTU,salvador,IPTU
2024-10-01,2024-10-01,5,2025-03-01,74202146.27427402,83657489.06041178,12353423.511194617,salvador-IPTU,salvador,IPTU
2024-10-01,2024-10-01,6,2025-04-01,74811908.70994155,91124144.0353222,12353423.511194617,salvador-IPTU,salvador,IPTU
2024-10-01,2024-10-01,7,2025-05-01,72101614.35445404,80157638.22942087,12353423.511194617,salvador-IPTU,salvador,IPTU
2024-10-01,2024-10-01,8,2025-06-01,65029224.51471878,71281309.50839657,12353423.511194617,salvador-IPTU,salvador,IPTU
2024-10-01,2024-10-01,9,2025-07-01,73109536.2810681,73748822.64991228,12353423.511194617,salvador-IPTU,salvador,IPTU
2024-10-01,2024-10-01,10,2025-08-01,72024794.89278775,101761061.10955623,12353423.511194617,salvador-IPTU,salvador,IPTU
2024-10-01,2024-10-01,11,2025-09-01,77720211.54924531,84199322.64182238,12353423.511194617,salvador-IPTU,salvador,IPTU
2024-10-01,2024-10-01,12,2025-10-01,69023680.11592714,87796693.05196445,12353423.511194617,salvador-IPTU,salvador,IPTU
2024-11-01,2024-11-01,1,2024-12-01,79938734.8290157,102864234.73855393,12257232.772090722,salvador-IPTU,salvador,IPTU
2024-11-01,2024-11-01,2,2025-01-01,76872966.26960947,169866270.0880974,12257232.772090722,salvador-IPTU,salvador,IPTU
2024-11-01,2024-11-01,3,2025-02-01,357310287.70151484,339509171.15584135,12257232.772090722,salvador-IPTU,salvador,IPTU
2024-11-01,2024-11-01,4,2025-03-01,74202146.27427402,82834184.54102194,12257232.772090722,salvador-IPTU,salvador,IPTU
2024-11-01,2024-11-01,5,2025-04-01,74811908.70994155,90663928.81243391,12257232.772090722,salvador-IPTU,salvador,IPTU
2024-11-01,2024-11-01,6,2025-05-01,72101614.35445404,79950123.18002078,12257232.772090722,salvador-IPTU,salvador,IPTU
2024-11-01,2024-11-01,7,2025-06-01,65029224.51471878,71186770.3582132,12257232.772090722,salvador-IPTU,salvador,IPTU
2024-11-01,2024-11-01,8,2025-07-01,73109536.2810681,73698726.52635618,12257232.772090722,salvador-IPTU,salvador,IPTU
2024-11-01,2024-11-01,9,2025-08-01,72024794.89278775,101725662.1437282,12257232.772090722,salvador-IPTU,salvador,IPTU
2024-11-01,2024-11-01,10,2025-09-01,77720211.54924531,84184323.80008699,12257232.772090722,salvador-IPTU,salvador,IPTU
2024-11-01,2024-11-01,11,2025-10-01,69023680.11592714,87788684.30210051,12257232.772090722,salvador-IPTU,salvador,IPTU
2024-11-01,2024-11-01,12,2025-11-01,69525795.59107803,62216518.82447481,12257232.772090722,salvador-IPTU,salvador,IPTU
2024-12-01,2024-12-01,1,2025-01-01,76872966.26960947,134371212.35112762,12371850.563267188,salvador-IPTU,salvador,IPTU
2024-12-01,2024-12-01,2,2025-02-01,357310287.70151484,364654422.8200094,12371850.563267188,salvador-IPTU,salvador,IPTU
2024-12-01,2024-12-01,3,2025-03-01,74202146.27427402,97240266.34950247,12371850.563267188,salvador-IPTU,salvador,IPTU
2024-12-01,2024-12-01,4,2025-04-01,74811908.70994155,87866777.74968693,12371850.563267188,salvador-IPTU,salvador,IPTU
2024-12-01,2024-12-01,5,2025-05-01,72101614.35445404,81281857.38729776,12371850.563267188,salvador-IPTU,salvador,IPTU
2024-12-01,2024-12-01,6,2025-06-01,65029224.51471878,74683934.77471052,12371850.563267188,salvador-IPTU,salvador,IPTU
2024-12-01,2024-12-01,7,2025-07-01,73109536.2810681,79329591.333625,12371850.563267188,salvador-IPTU,salvador,IPTU
2024-12-01,2024-12-01,8,2025-08-01,72024794.89278775,97648680.74319807,12371850.563267188,salvador-IPTU,salvador,IPTU
2024-12-01,2024-12-01,9,2025-09-01,77720211.54924531,84290924.73468193,12371850.563267188,salvador-IPTU,salvador,IPTU
2024-12-01,2024-12-01,10,2025-10-01,69023680.11592714,88571581.19307888,12371850.563267188,salvador-IPTU,salvador,IPTU
2024-12-01,2024-12-01,11,2025-11-01,69525795.59107803,69556228.77703454,12371850.563267188,salvador-IPTU,salvador,IPTU
2024-12-01,2024-12-01,12,2025-12-01,133086096.84,82317630.26372154,12371850.563267188,salvador-IPTU,salvador,IPTU
2025-01-01,2025-01-01,1,2025-02-01,357310287.70151484,309139470.03377616,13124556.851657504,salvador-IPTU,salvador,IPTU
2025-01-01,2025-01-01,2,2025-03-01,74202146.27427402,98495855.77581209,13124556.851657504,salvador-IPTU,salvador,IPTU
2025-01-01,2025-01-01,3,2025-04-01,74811908.70994155,79575493.28653148,13124556.851657504,salvador-IPTU,salvador,IPTU
2025-01-01,2025-01-01,4,2025-05-01,72101614.35445404,80688217.92603336,13124556.851657504,salvador-IPTU,salvador,IPTU
2025-01-01,2025-01-01,5,2025-06-01,65029224.51471878,73836693.08600351,13124556.851657504,salvador-IPTU,salvador,IPTU
2025-01-01,2025-01-01,6,2025-07-01,73109536.2810681,76316769.7308848,13124556.851657504,salvador-IPTU,salvador,IPTU
2025-01-01,2025-01-01,7,2025-08-01,72024794.89278775,87255321.13932493,13124556.851657504,salvador-IPTU,salvador,IPTU
2025-01-01,2025-01-01,8,2025-09-01,77720211.54924531,77077358.89760439,13124556.851657504,salvador-IPTU,salvador,IPTU
2025-01-01,2025-01-01,9,2025-10-01,69023680.11592714,81767560.45989498,13124556.851657504,salvador-IPTU,salvador,IPTU
2025-01-01,2025-01-01,10,2025-11-01,69525795.59107803,69388898.6235515,13124556.851657504,salvador-IPTU,salvador,IPTU
2025-01-01,2025-01-01,11,2025-12-01,133086096.84,88433003.87814364,13124556.851657504,salvador-IPTU,salvador,IPTU
2025-02-01,2025-02-01,1,2025-03-01,74202146.27427402,105781151.54315764,13154009.065636449,salvador-IPTU,salvador,IPTU
2025-02-01,2025-02-01,2,2025-04-01,74811908.70994155,79520180.93324843,13154009.065636449,salvador-IPTU,salvador,IPTU
2025-02-01,2025-02-01,3,2025-05-01,72101614.35445404,81146804.01007313,13154009.065636449,salvador-IPTU,salvador,IPTU
2025-02-01,2025-02-01,4,2025-06-01,65029224.51471878,74916154.62010263,13154009.065636449,salvador-IPTU,salvador,IPTU
2025-02-01,2025-02-01,5,2025-07-01,73109536.2810681,77714077.9888455,13154009.065636449,salvador-IPTU,salvador,IPTU
2025-02-01,2025-02-01,6,2025-08-01,72024794.89278775,87097456.21577346,13154009.065636449,salvador-IPTU,salvador,IPTU
2025-02-01,2025-02-01,7,2025-09-01,77720211.54924531,77350762.12743363,13154009.065636449,salvador-IPTU,salvador,IPTU
2025-02-01,2025-02-01,8,2025-10-01,69023680.11592714,82421929.59513427,13154009.065636449,salvador-IPTU,salvador,IPTU
2025-02-01,2025-02-01,9,2025-11-01,69525795.59107803,70982309.8127283,13154009.065636449,salvador-IPTU,salvador,IPTU
2025-02-01,2025-02-01,10,2025-12-01,133086096.84,89626276.34471217,13154009.065636449,salvador-IPTU,salvador,IPTU
2025-03-01,2025-03-01,1,2025-04-01,74811908.70994155,67950540.43706922,13114867.089261968,salvador-IPTU,salvador,IPTU
2025-03-01,2025-03-01,2,2025-05-01,72101614.35445404,78529770.88660185,13114867.089261968,salvador-IPTU,salvador,IPTU
2025-03-01,2025-03-01,3,2025-06-01,65029224.51471878,72987915.17708574,13114867.089261968,salvador-IPTU,salvador,IPTU
2025-03-01,2025-03-01,4,2025-07-01,73109536.2810681,75935520.287917,13114867.089261968,salvador-IPTU,salvador,IPTU
2025-03-01,2025-03-01,5,2025-08-01,72024794.89278775,83888845.34831555,13114867.089261968,salvador-IPTU,salvador,IPTU
2025-03-01,2025-03-01,6,2025-09-01,77720211.54924531,74773268.12428682,13114867.089261968,salvador-IPTU,salvador,IPTU
2025-03-01,2025-03-01,7,2025-10-01,69023680.11592714,79955922.9530101,13114867.089261968,salvador-IPTU,salvador,IPTU
2025-03-01,2025-03-01,8,2025-11-01,69525795.59107803,69552591.70982166,13114867.089261968,salvador-IPTU,salvador,IPTU
2025-03-01,2025-03-01,9,2025-12-01,133086096.84,87230334.54148832,13114867.089261968,salvador-IPTU,salvador,IPTU
2025-04-01,2025-04-01,1,2025-05-01,72101614.35445404,83755404.43640645,13140181.85633908,salvador-IPTU,salvador,IPTU
2025-04-01,2025-04-01,2,2025-06-01,65029224.51471878,74436280.94208822,13140181.85633908,salvador-IPTU,salvador,IPTU
2025-04-01,2025-04-01,3,2025-07-01,73109536.2810681,77211208.22196832,13140181.85633908,salvador-IPTU,salvador,IPTU
2025-04-01,2025-04-01,4,2025-08-01,72024794.89278775,86563082.50253625,13140181.85633908,salvador-IPTU,salvador,IPTU
2025-04-01,2025-04-01,5,2025-09-01,77720211.54924531,76869456.83372891,13140181.85633908,salvador-IPTU,salvador,IPTU
2025-04-01,2025-04-01,6,2025-10-01,69023680.11592714,81902562.5543285,13140181.85633908,salvador-IPTU,salvador,IPTU
2025-04-01,2025-04-01,7,2025-11-01,69525795.59107803,70518032.94735028,13140181.85633908,salvador-IPTU,salvador,IPTU
2025-04-01,2025-04-01,8,2025-12-01,133086096.84,89054136.09221481,13140181.85633908,salvador-IPTU,salvador,IPTU
2025-05-01,2025-05-01,1,2025-06-01,65029224.51471878,70451299.91251045,13093740.192598974,salvador-IPTU,salvador,IPTU
2025-05-01,2025-05-01,2,2025-07-01,73109536.2810681,77121458.48719981,13093740.192598974,salvador-IPTU,salvador,IPTU
2025-05-01,2025-05-01,3,2025-08-01,72024794.89278775,87981291.71530655,13093740.192598974,salvador-IPTU,salvador,IPTU
2025-05-01,2025-05-01,4,2025-09-01,77720211.54924531,77766013.55020739,13093740.192598974,salvador-IPTU,salvador,IPTU
2025-05-01,2025-05-01,5,2025-10-01,69023680.11592714,82536158.00982839,13093740.192598974,salvador-IPTU,salvador,IPTU
2025-05-01,2025-05-01,6,2025-11-01,69525795.59107803,70158746.62610672,13093740.192598974,salvador-IPTU,salvador,IPTU
2025-05-01,2025-05-01,7,2025-12-01,133086096.84,89322969.7621881,13093740.192598974,salvador-IPTU,salvador,IPTU
2025-06-01,2025-06-01,1,2025-07-01,73109536.2810681,74975899.2386438,13033069.336054457,salvador-IPTU,salvador,IPTU
2025-06-01,2025-06-01,2,2025-08-01,72024794.89278775,88593180.75075167,13033069.336054457,salvador-IPTU,salvador,IPTU
2025-06-01,2025-06-01,3,2025-09-01,77720211.54924531,78219673.44559325,13033069.336054457,salvador-IPTU,salvador,IPTU
2025-06-01,2025-06-01,4,2025-10-01,69023680.11592714,82948395.70912333,13033069.336054457,salvador-IPTU,salvador,IPTU
2025-06-01,2025-06-01,5,2025-11-01,69525795.59107803,70293198.76440251,13033069.336054457,salvador-IPTU,salvador,IPTU
2025-06-01,2025-06-01,6,2025-12-01,133086096.84,89660535.516429,13033069.336054457,salvador-IPTU,salvador,IPTU
2025-07-01,2025-07-01,1,2025-08-01,72024794.89278775,85212925.75830327,12924951.507656043,salvador-IPTU,salvador,IPTU
2025-07-01,2025-07-01,2,2025-09-01,77720211.54924531,78005475.57693632,12924951.507656043,salvador-IPTU,salvador,IPTU
2025-07-01,2025-07-01,3,2025-10-01,69023680.11592714,85305820.56687206,12924951.507656043,salvador-IPTU,salvador,IPTU
2025-07-01,2025-07-01,4,2025-11-01,69525795.59107803,77879153.26859827,12924951.507656043,salvador-IPTU,salvador,IPTU
2025-07-01,2025-07-01,5,2025-12-01,133086096.84,94175868.26838842,12924951.507656043,salvador-IPTU,salvador,IPTU
2025-08-01,2025-08-01,1,2025-09-01,77720211.54924531,74713849.63562451,13069633.662895553,salvador-IPTU,salvador,IPTU
2025-08-01,2025-08-01,2,2025-10-01,69023680.11592714,85781756.83082193,13069633.662895553,salvador-IPTU,salvador,IPTU
2025-08-01,2025-08-01,3,2025-11-01,69525795.59107803,77362125.12786435,13069633.662895553,salvador-IPTU,salvador,IPTU
2025-08-01,2025-08-01,4,2025-12-01,133086096.84,94469280.04106006,13069633.662895553,salvador-IPTU,salvador,IPTU
2025-09-01,2025-09-01,1,2025-10-01,69023680.11592714,88090662.75057703,13013202.036635086,salvador-IPTU,salvador,IPTU
2025-09-01,2025-09-01,2,2025-11-01,69525795.59107803,78661359.2926806,13013202.036635086,salvador-IPTU,salvador,IPTU
2025-09-01,2025-09-01,3,2025-12-01,133086096.84,95762961.75500178,13013202.036635086,salvador-IPTU,salvador,IPTU
2025-10-01,2025-10-01,1,2025-11-01,69525795.59107803,68285661.6717802,13061959.633349037,salvador-IPTU,salvador,IPTU
2025-10-01,2025-10-01,2,2025-12-01,133086096.84,91978804.61424416,13061959.633349037,salvador-IPTU,salvador,IPTU
2025-11-01,2025-11-01,1,2025-12-01,133086096.84,92301560.33032383,13013612.955846861,salvador-IPTU,salvador,IPTU
2020-12-01,2020-12-01,1,2021-01-01,106606457.19607326,119545438.41517876,9594906.942543963,salvador-ISSQN,salvador,ISSQN
2020-12-01,2020-12-01,2,2021-02-01,114204022.76247141,121049598.16068022,9594906.942543963,salvador-ISSQN,salvador,ISSQN
2020-12-01,2020-12-01,3,2021-03-01,120896788.44024572,129029660.78954215,9594906.942543963,salvador-ISSQN,salvador,ISSQN
2020-12-01,2020-12-01,4,2021-04-01,114103811.56111069,110516873.00365686,9594906.942543963,salvador-ISSQN,salvador,ISSQN
2020-12-01,2020-12-01,5,2021-05-01,113131968.70718983,97587986.30513722,9594906.942543963,salvador-ISSQN,salvador,ISSQN
2020-12-01,2020-12-01,6,2021-06-01,116471904.49873734,100583752.78468093,9594906.942543963,salvador-ISSQN,salvador,ISSQN
2020-12-01,2020-12-01,7,2021-07-01,130256096.11011124,112067214.62309492,9594906.942543963,salvador-ISSQN,salvador,ISSQN
2020-12-01,2020-12-01,8,2021-08-01,155566183.28985867,109871459.11128551,9594906.942543963,salvador-ISSQN,salvador,ISSQN
2020-12-01,2020-12-01,9,2021-09-01,137803337.4548178,120815731.93923014,9594906.942543963,salvador-ISSQN,salvador,ISSQN
2020-12-01,2020-12-01,10,2021-10-01,133191157.75487636,128729805.82321204,9594906.942543963,salvador-ISSQN,salvador,ISSQN
2020-12-01,2020-12-01,11,2021-11-01,144735405.66712868,136652207.45290178,9594906.942543963,salvador-ISSQN,salvador,ISSQN
2020-12-01,2020-12-01,12,2021-12-01,173727685.14791396,163797090.38269293,9594906.942543963,salvador-ISSQN,salvador,ISSQN
2021-01-01,2021-01-01,1,2021-02-01,114204022.76247141,111749415.90194535,9760599.940792616,salvador-ISSQN,salvador,ISSQN
2021-01-01,2021-01-01,2,2021-03-01,120896788.44024572,118250961.23147008,9760599.940792616,salvador-ISSQN,salvador,ISSQN
2021-01-01,2021-01-01,3,2021-04-01,114103811.56111069,100664144.3059985,9760599.940792616,salvador-ISSQN,salvador,ISSQN
2021-01-01,2021-01-01,4,2021-05-01,113131968.70718983,88428706.2513278,9760599.940792616,salvador-ISSQN,salvador,ISSQN
2021-01-01,2021-01-01,5,2021-06-01,116471904.49873734,90746332.0494027,9760599.940792616,salvador-ISSQN,salvador,ISSQN
2021-01-01,2021-01-01,6,2021-07-01,130256096.11011124,100735416.98198089,9760599.940792616,salvador-ISSQN,salvador,ISSQN
2021-01-01,2021-01-01,7,2021-08-01,155566183.28985867,98455968.14558338,9760599.940792616,salvador-ISSQN,salvador,ISSQN
2021-01-01,2021-01-01,8,2021-09-01,137803337.4548178,107980635.06089118,9760599.940792616,salvador-ISSQN,salvador,ISSQN
2021-01-01,2021-01-01,9,2021-10-01,133191157.75487636,114800860.19747128,9760599.940792616,salvador-ISSQN,salvador,ISSQN
2021-01-01,2021-01-01,10,2021-11-01,144735405.66712868,121640074.58943154,9760599.940792616,salvador-ISSQN,salvador,ISSQN
2021-01-01,2021-01-01,11,2021-12-01,173727685.14791396,145575042.67799607,9760599.940792616,salvador-ISSQN,salvador,ISSQN
2021-01-01,2021-01-01,12,2022-01-01,122149190.55838329,93955654.91013771,9760599.940792616,salvador-ISSQN,salvador,ISSQN
2021-02-01,2021-02-01,1,2021-03-01,120896788.44024572,119745337.94592851,9806268.707568316,salvador-ISSQN,salvador,ISSQN
2021-02-01,2021-02-01,2,2021-04-01,114103811.56111069,101936270.56751165,9806268.707568316,salvador-ISSQN,salvador,ISSQN
2021-02-01,2021-02-01,3,2021-05-01,113131968.70718983,89546209.21397148,9806268.707568316,salvador-ISSQN,salvador,ISSQN
2021-02-01,2021-02-01,4,2021-06-01,116471904.49873734,91893123.61984596,9806268.707568316,salvador-ISSQN,salvador,ISSQN
2021-02-01,2021-02-01,5,2021-07-01,130256096.11011124,102008443.93999758,9806268.707568316,salvador-ISSQN,salvador,ISSQN
2021-02-01,2021-02-01,6,2021-08-01,155566183.28985867,99700188.9507591,9806268.707568316,salvador-ISSQN,salvador,ISSQN
2021-02-01,2021-02-01,7,2021-09-01,137803337.4548178,109345222.24874173,9806268.707568316,salvador-ISSQN,salvador,ISSQN
2021-02-01,2021-02-01,8,2021-10-01,133191157.75487636,116251636.83803524,9806268.707568316,salvador-ISSQN,salvador,ISSQN
2021-02-01,2021-02-01,9,2021-11-01,144735405.66712868,123177280.65624411,9806268.707568316,salvador-ISSQN,salvador,ISSQN
2021-02-01,2021-02-01,10,2021-12-01,173727685.14791396,147414722.89470503,9806268.707568316,salvador-ISSQN,salvador,ISSQN
2021-02-01,2021-02-01,11,2022-01-01,122149190.55838329,95143003.76064362,9806268.707568316,salvador-ISSQN,salvador,ISSQN
2021-02-01,2021-02-01,12,2022-02-01,114236272.5266531,101923598.74773793,9806268.707568316,salvador-ISSQN,salvador,ISSQN
2021-03-01,2021-03-01,1,2021-04-01,114103811.56111069,102464413.72239956,9861347.832970107,salvador-ISSQN,salvador,ISSQN
2021-03-01,2021-03-01,2,2021-05-01,113131968.70718983,90010158.08299743,9861347.832970107,salvador-ISSQN,salvador,ISSQN
2021-03-01,2021-03-01,3,2021-06-01,116471904.49873734,92369232.11342625,9861347.832970107,salvador-ISSQN,salvador,ISSQN
2021-03-01,2021-03-01,4,2021-07-01,130256096.11011124,102536961.03315565,9861347.832970107,salvador-ISSQN,salvador,ISSQN
2021-03-01,2021-03-01,5,2021-08-01,155566183.28985867,100216746.71809964,9861347.832970107,salvador-ISSQN,salvador,ISSQN
2021-03-01,2021-03-01,6,2021-09-01,137803337.4548178,109911752.00629376,9861347.832970107,salvador-ISSQN,salvador,ISSQN
2021-03-01,2021-03-01,7,2021-10-01,133191157.75487636,116853949.49768682,9861347.832970107,salvador-ISSQN,salvador,ISSQN
2021-03-01,2021-03-01,8,2021-11-01,144735405.66712868,123815475.84676927,9861347.832970107,salvador-ISSQN,salvador,ISSQN
2021-03-01,2021-03-01,9,2021-12-01,173727685.14791396,148178494.96909067,9861347.832970107,salvador-ISSQN,salvador,ISSQN
2021-03-01,2021-03-01,10,2022-01-01,122149190.55838329,95635950.24467629,9861347.832970107,salvador-ISSQN,salvador,ISSQN
2021-03-01,2021-03-01,11,2022-02-01,114236272.5266531,102451676.24851827,9861347.832970107,salvador-ISSQN,salvador,ISSQN
2021-03-01,2021-03-01,12,2022-03-01,127772172.220623,108455712.23464654,9861347.832970107,salvador-ISSQN,salvador,ISSQN
2021-04-01,2021-04-01,1,2021-05-01,113131968.70718983,95462441.64773378,9709051.92628519,salvador-ISSQN,salvador,ISSQN
2021-04-01,2021-04-01,2,2021-06-01,116471904.49873734,97964414.44468077,9709051.92628519,salvador-ISSQN,salvador,ISSQN
2021-04-01,2021-04-01,3,2021-07-01,130256096.11011124,108748044.3078195,9709051.92628519,salvador-ISSQN,salvador,ISSQN
2021-04-01,2021-04-01,4,2021-08-01,155566183.28985867,106287285.11820593,9709051.92628519,salvador-ISSQN,salvador,ISSQN
2021-04-01,2021-04-01,5,2021-09-01,137803337.4548178,116569556.54523021,9709051.92628519,salvador-ISSQN,salvador,ISSQN
2021-04-01,2021-04-01,6,2021-10-01,133191157.75487636,123932271.34368698,9709051.92628519,salvador-ISSQN,salvador,ISSQN
2021-04-01,2021-04-01,7,2021-11-01,144735405.66712868,131315485.82783112,9709051.92628519,salvador-ISSQN,salvador,ISSQN
2021-04-01,2021-04-01,8,2021-12-01,173727685.14791396,157154272.70322624,9709051.92628519,salvador-ISSQN,salvador,ISSQN
2021-04-01,2021-04-01,9,2022-01-01,122149190.55838329,101429011.0593925,9709051.92628519,salvador-ISSQN,salvador,ISSQN
2021-04-01,2021-04-01,10,2022-02-01,114236272.5266531,108657593.47482078,9709051.92628519,salvador-ISSQN,salvador,ISSQN
2021-04-01,2021-04-01,11,2022-03-01,127772172.220623,115025318.48701547,9709051.92628519,salvador-ISSQN,salvador,ISSQN
2021-04-01,2021-04-01,12,2022-04-01,125087559.77891354,108562249.12778547,9709051.92628519,salvador-ISSQN,salvador,ISSQN
2021-05-01,2021-05-01,1,2021-06-01,116471904.49873734,109264491.65624265,9756553.351907857,salvador-ISSQN,salvador,ISSQN
2021-05-01,2021-05-01,2,2021-07-01,130256096.11011124,120039885.52009802,9756553.351907857,salvador-ISSQN,salvador,ISSQN
2021-05-01,2021-05-01,3,2021-08-01,155566183.28985867,116308674.22755276,9756553.351907857,salvador-ISSQN,salvador,ISSQN
2021-05-01,2021-05-01,4,2021-09-01,137803337.4548178,125978790.35252802,9756553.351907857,salvador-ISSQN,salvador,ISSQN
2021-05-01,2021-05-01,5,2021-10-01,133191157.75487636,132853681.60529223,9756553.351907857,salvador-ISSQN,salvador,ISSQN
2021-05-01,2021-05-01,6,2021-11-01,144735405.66712868,139152769.90746117,9756553.351907857,salvador-ISSQN,salvador,ISSQN
2021-05-01,2021-05-01,7,2021-12-01,173727685.14791396,169154644.05921814,9756553.351907857,salvador-ISSQN,salvador,ISSQN
2021-05-01,2021-05-01,8,2022-01-01,122149190.55838329,111440406.06123926,9756553.351907857,salvador-ISSQN,salvador,ISSQN
2021-05-01,2021-05-01,9,2022-02-01,114236272.5266531,117996650.45819825,9756553.351907857,salvador-ISSQN,salvador,ISSQN
2021-05-01,2021-05-01,10,2022-03-01,127772172.220623,124631313.73783596,9756553.351907857,salvador-ISSQN,salvador,ISSQN
2021-05-01,2021-05-01,11,2022-04-01,125087559.77891354,115872738.40895276,9756553.351907857,salvador-ISSQN,salvador,ISSQN
2021-05-01,2021-05-01,12,2022-05-01,158617101.47339234,112988135.64299777,9756553.351907857,salvador-ISSQN,salvador,ISSQN
2021-06-01,2021-06-01,1,2021-07-01,130256096.11011124,124441348.15506874,9813376.700045837,salvador-ISSQN,salvador,ISSQN
2021-06-01,2021-06-01,2,2021-08-01,155566183.28985867,118459133.725399,9813376.700045837,salvador-ISSQN,salvador,ISSQN
2021-06-01,2021-06-01,3,2021-09-01,137803337.4548178,127576564.41199912,9813376.700045837,salvador-ISSQN,salvador,ISSQN
2021-06-01,2021-06-01,4,2021-10-01,133191157.75487636,133943095.7239702,9813376.700045837,salvador-ISSQN,salvador,ISSQN
2021-06-01,2021-06-01,5,2021-11-01,144735405.66712868,140699640.9625973,9813376.700045837,salvador-ISSQN,salvador,ISSQN
2021-06-01,2021-06-01,6,2021-12-01,173727685.14791396,167382731.66729426,9813376.700045837,salvador-ISSQN,salvador,ISSQN
2021-06-01,2021-06-01,7,2022-01-01,122149190.55838329,107586674.06258693,9813376.700045837,salvador-ISSQN,salvador,ISSQN
2021-06-01,2021-06-01,8,2022-02-01,114236272.5266531,114927254.57652494,9813376.700045837,salvador-ISSQN,salvador,ISSQN
2021-06-01,2021-06-01,9,2022-03-01,127772172.220623,121424334.15441643,9813376.700045837,salvador-ISSQN,salvador,ISSQN
2021-06-01,2021-06-01,10,2022-04-01,125087559.77891354,114446995.43366759,9813376.700045837,salvador-ISSQN,salvador,ISSQN
2021-06-01,2021-06-01,11,2022-05-01,158617101.47339234,113366545.2409046,9813376.700045837,salvador-ISSQN,salvador,ISSQN
2021-06-01,2021-06-01,12,2022-06-01,140282250.49272528,116638420.40431494,9813376.700045837,salvador-ISSQN,salvador,ISSQN
2021-07-01,2021-07-01,1,2021-08-01,155566183.28985867,123154282.07360065,9905072.651535444,salvador-ISSQN,salvador,ISSQN
2021-07-01,2021-07-01,2,2021-09-01,137803337.4548178,129652714.19004644,9905072.651535444,salvador-ISSQN,salvador,ISSQN
2021-07-01,2021-07-01,3,2021-10-01,133191157.75487636,132475929.35230315,9905072.651535444,salvador-ISSQN,salvador,ISSQN
2021-07-01,2021-07-01,4,2021-11-01,144735405.66712868,137992571.07258064,9905072.651535444,salvador-ISSQN,salvador,ISSQN
2021-07-01,2021-07-01,5,2021-12-01,173727685.14791396,164294670.01197058,9905072.651535444,salvador-ISSQN,salvador,ISSQN
2021-07-01,2021-07-01,6,2022-01-01,122149190.55838329,108595469.36981653,9905072.651535444,salvador-ISSQN,salvador,ISSQN
2021-07-01,2021-07-01,7,2022-02-01,114236272.5266531,116044874.15938553,9905072.651535444,salvador-ISSQN,salvador,ISSQN
2021-07-01,2021-07-01,8,2022-03-01,127772172.220623,121627233.87396522,9905072.651535444,salvador-ISSQN,salvador,ISSQN
2021-07-01,2021-07-01,9,2022-04-01,125087559.77891354,116646394.28736211,9905072.651535444,salvador-ISSQN,salvador,ISSQN
2021-07-01,2021-07-01,10,2022-05-01,158617101.47339234,118805852.1946209,9905072.651535444,salvador-ISSQN,salvador,ISSQN
2021-07-01,2021-07-01,11,2022-06-01,140282250.49272528,120069777.92898865,9905072.651535444,salvador-ISSQN,salvador,ISSQN
2021-07-01,2021-07-01,12,2022-07-01,136077881.4518655,131921751.77656844,9905072.651535444,salvador-ISSQN,salvador,ISSQN
2021-08-01,2021-08-01,1,2021-09-01,137803337.4548178,157496081.92647865,10404313.661469439,salvador-ISSQN,salvador,ISSQN
2021-08-01,2021-08-01,2,2021-10-01,133191157.75487636,157585471.3992545,10404313.661469439,salvador-ISSQN,salvador,ISSQN
2021-08-01,2021-08-01,3,2021-11-01,144735405.66712868,159463934.66322374,10404313.661469439,salvador-ISSQN,salvador,ISSQN
2021-08-01,2021-08-01,4,2021-12-01,173727685.14791396,184296250.54660502,10404313.661469439,salvador-ISSQN,salvador,ISSQN
2021-08-01,2021-08-01,5,2022-01-01,122149190.55838329,115839975.04412808,10404313.661469439,salvador-ISSQN,salvador,ISSQN
2021-08-01,2021-08-01,6,2022-02-01,114236272.5266531,121629689.15805815,10404313.661469439,salvador-ISSQN,salvador,ISSQN
2021-08-01,2021-08-01,7,2022-03-01,127772172.220623,126812606.26935104,10404313.661469439,salvador-ISSQN,salvador,ISSQN
2021-08-01,2021-08-01,8,2022-04-01,125087559.77891354,118313575.89592725,10404313.661469439,salvador-ISSQN,salvador,ISSQN
2021-08-01,2021-08-01,9,2022-05-01,158617101.47339234,116283442.55949627,10404313.661469439,salvador-ISSQN,salvador,ISSQN
2021-08-01,2021-08-01,10,2022-06-01,140282250.49272528,118924262.57144433,10404313.661469439,salvador-ISSQN,salvador,ISSQN
2021-08-01,2021-08-01,11,2022-07-01,136077881.4518655,132330751.21624841,10404313.661469439,salvador-ISSQN,salvador,ISSQN
2021-08-01,2021-08-01,12,2022-08-01,143715514.76575464,157441669.0950535,10404313.661469439,salvador-ISSQN,salvador,ISSQN
2021-09-01,2021-09-01,1,2021-10-01,133191157.75487636,137555124.51962784,10475026.293769283,salvador-ISSQN,salvador,ISSQN
2021-09-01,2021-09-01,2,2021-11-01,144735405.66712868,140297000.70553628,10475026.293769283,salvador-ISSQN,salvador,ISSQN
2021-09-01,2021-09-01,3,2021-12-01,173727685.14791396,166098409.6123429,10475026.293769283,salvador-ISSQN,salvador,ISSQN
2021-09-01,2021-09-01,4,2022-01-01,122149190.55838329,110863070.0271076,10475026.293769283,salvador-ISSQN,salvador,ISSQN
2021-09-01,2021-09-01,5,2022-02-01,114236272.5266531,117560381.95428003,10475026.293769283,salvador-ISSQN,salvador,ISSQN
2021-09-01,2021-09-01,6,2022-03-01,127772172.220623,123067432.09391107,10475026.293769283,salvador-ISSQN,salvador,ISSQN
2021-09-01,2021-09-01,7,2022-04-01,125087559.77891354,118834778.72038399,10475026.293769283,salvador-ISSQN,salvador,ISSQN
2021-09-01,2021-09-01,8,2022-05-01,158617101.47339234,123093083.76750952,10475026.293769283,salvador-ISSQN,salvador,ISSQN
2021-09-01,2021-09-01,9,2022-06-01,140282250.49272528,122852508.1277313,10475026.293769283,salvador-ISSQN,salvador,ISSQN
2021-09-01,2021-09-01,10,2022-07-01,136077881.4518655,132072706.34238215,10475026.293769283,salvador-ISSQN,salvador,ISSQN
2021-09-01,2021-09-01,11,2022-08-01,143715514.76575464,147698221.1711717,10475026.293769283,salvador-ISSQN,salvador,ISSQN
2021-09-01,2021-09-01,12,2022-09-01,160697582.0766429,135106277.57804283,10475026.293769283,salvador-ISSQN,salvador,ISSQN
2021-10-01,2021-10-01,1,2021-11-01,144735405.66712868,137324789.4231385,10367279.644576866,salvador-ISSQN,salvador,ISSQN
2021-10-01,2021-10-01,2,2021-12-01,173727685.14791396,163551916.00049838,10367279.644576866,salvador-ISSQN,salvador,ISSQN
2021-10-01,2021-10-01,3,2022-01-01,122149190.55838329,109564343.8702129,10367279.644576866,salvador-ISSQN,salvador,ISSQN
2021-10-01,2021-10-01,4,2022-02-01,114236272.5266531,116600417.86430013,10367279.644576866,salvador-ISSQN,salvador,ISSQN
2021-10-01,2021-10-01,5,2022-03-01,127772172.220623,122302669.54495919,10367279.644576866,salvador-ISSQN,salvador,ISSQN
2021-10-01,2021-10-01,6,2022-04-01,125087559.77891354,118278395.66124533,10367279.644576866,salvador-ISSQN,salvador,ISSQN
2021-10-01,2021-10-01,7,2022-05-01,158617101.47339234,122610395.84194304,10367279.644576866,salvador-ISSQN,salvador,ISSQN
2021-10-01,2021-10-01,8,2022-06-01,140282250.49272528,122518012.53211494,10367279.644576866,salvador-ISSQN,salvador,ISSQN
2021-10-01,2021-10-01,9,2022-07-01,136077881.4518655,131915009.78686917,10367279.644576866,salvador-ISSQN,salvador,ISSQN
2021-10-01,2021-10-01,10,2022-08-01,143715514.76575464,147733908.84792072,10367279.644576866,salvador-ISSQN,salvador,ISSQN
2021-10-01,2021-10-01,11,2022-09-01,160697582.0766429,135048362.7045548,10367279.644576866,salvador-ISSQN,salvador,ISSQN
2021-10-01,2021-10-01,12,2022-10-01,153494428.37310088,131464816.60259117,10367279.644576866,salvador-ISSQN,salvador,ISSQN
2021-11-01,2021-11-01,1,2021-12-01,173727685.14791396,169482645.2387529,10315866.099301636,salvador-ISSQN,salvador,ISSQN
2021-11-01,2021-11-01,2,2022-01-01,122149190.55838329,112674120.5445242,10315866.099301636,salvador-ISSQN,salvador,ISSQN
2021-11-01,2021-11-01,3,2022-02-01,114236272.5266531,119045979.67191973,10315866.099301636,salvador-ISSQN,salvador,ISSQN
2021-11-01,2021-11-01,4,2022-03-01,127772172.220623,124331137.54927675,10315866.099301636,salvador-ISSQN,salvador,ISSQN
2021-11-01,2021-11-01,5,2022-04-01,125087559.77891354,119564094.56977972,10315866.099301636,salvador-ISSQN,salvador,ISSQN
2021-11-01,2021-11-01,6,2022-05-01,158617101.47339234,123113317.4574701,10315866.099301636,salvador-ISSQN,salvador,ISSQN
2021-11-01,2021-11-01,7,2022-06-01,140282250.49272528,122934300.27494003,10315866.099301636,salvador-ISSQN,salvador,ISSQN
2021-11-01,2021-11-01,8,2022-07-01,136077881.4518655,132435098.61572003,10315866.099301636,salvador-ISSQN,salvador,ISSQN
2021-11-01,2021-11-01,9,2022-08-01,143715514.76575464,148157891.19708,10315866.099301636,salvador-ISSQN,salvador,ISSQN
2021-11-01,2021-11-01,10,2022-09-01,160697582.0766429,135724772.50302154,10315866.099301636,salvador-ISSQN,salvador,ISSQN
2021-11-01,2021-11-01,11,2022-10-01,153494428.37310088,132338367.99258535,10315866.099301636,salvador-ISSQN,salvador,ISSQN
2021-11-01,2021-11-01,12,2022-11-01,145852410.06631136,139161532.0763945,10315866.099301636,salvador-ISSQN,salvador,ISSQN
2021-12-01,2021-12-01,1,2022-01-01,122149190.55838329,117630289.24103305,10291360.585169924,salvador-ISSQN,salvador,ISSQN
2021-12-01,2021-12-01,2,2022-02-01,114236272.5266531,122138696.04398488,10291360.585169924,salvador-ISSQN,salvador,ISSQN
2021-12-01,2021-12-01,3,2022-03-01,127772172.220623,127640677.1963454,10291360.585169924,salvador-ISSQN,salvador,ISSQN
2021-12-01,2021-12-01,4,2022-04-01,125087559.77891354,118269321.131981,10291360.585169924,salvador-ISSQN,salvador,ISSQN
2021-12-01,2021-12-01,5,2022-05-01,158617101.47339234,115029596.59454809,10291360.585169924,salvador-ISSQN,salvador,ISSQN
2021-12-01,2021-12-01,6,2022-06-01,140282250.49272528,115927688.34911421,10291360.585169924,salvador-ISSQN,salvador,ISSQN
2021-12-01,2021-12-01,7,2022-07-01,136077881.4518655,126894277.1381834,10291360.585169924,salvador-ISSQN,salvador,ISSQN
2021-12-01,2021-12-01,8,2022-08-01,143715514.76575464,136728892.42569026,10291360.585169924,salvador-ISSQN,salvador,ISSQN
2021-12-01,2021-12-01,9,2022-09-01,160697582.0766429,132042900.46819115,10291360.585169924,salvador-ISSQN,salvador,ISSQN
2021-12-01,2021-12-01,10,2022-10-01,153494428.37310088,132118295.80212095,10291360.585169924,salvador-ISSQN,salvador,ISSQN
2021-12-01,2021-12-01,11,2022-11-01,145852410.06631136,140001982.95861748,10291360.585169924,salvador-ISSQN,salvador,ISSQN
2021-12-01,2021-12-01,12,2022-12-01,173647289.37823588,169683548.72896606,10291360.585169924,salvador-ISSQN,salvador,ISSQN
2022-01-01,2022-01-01,1,2022-02-01,114236272.5266531,125597606.89810222,10363297.198555406,salvador-ISSQN,salvador,ISSQN
2022-01-01,2022-01-01,2,2022-03-01,127772172.220623,130371648.95379433,10363297.198555406,salvador-ISSQN,salvador,ISSQN
2022-01-01,2022-01-01,3,2022-04-01,125087559.77891354,120383367.62879282,10363297.198555406,salvador-ISSQN,salvador,ISSQN
2022-01-01,2022-01-01,4,2022-05-01,158617101.47339234,116839139.43225126,10363297.198555406,salvador-ISSQN,salvador,ISSQN
2022-01-01,2022-01-01,5,2022-06-01,140282250.49272528,117130010.71368536,10363297.198555406,salvador-ISSQN,salvador,ISSQN
2022-01-01,2022-01-01,6,2022-07-01,136077881.4518655,127482260.55242854,10363297.198555406,salvador-ISSQN,salvador,ISSQN
2022-01-01,2022-01-01,7,2022-08-01,143715514.76575464,136180643.8807591,10363297.198555406,salvador-ISSQN,salvador,ISSQN
2022-01-01,2022-01-01,8,2022-09-01,160697582.0766429,131990485.71197689,10363297.198555406,salvador-ISSQN,salvador,ISSQN
2022-01-01,2022-01-01,9,2022-10-01,153494428.37310088,132133139.78402752,10363297.198555406,salvador-ISSQN,salvador,ISSQN
2022-01-01,2022-01-01,10,2022-11-01,145852410.06631136,139507462.71580854,10363297.198555406,salvador-ISSQN,salvador,ISSQN
2022-01-01,2022-01-01,11,2022-12-01,173647289.37823588,169124868.20707583,10363297.198555406,salvador-ISSQN,salvador,ISSQN
2022-01-01,2022-01-01,12,2023-01-01,135212874.65426108,117727470.70982985,10363297.198555406,salvador-ISSQN,salvador,ISSQN
2022-02-01,2022-02-01,1,2022-03-01,127772172.220623,121238168.81773992,10223688.449442249,salvador-ISSQN,salvador,ISSQN
2022-02-01,2022-02-01,2,2022-04-01,125087559.77891354,114281736.22704804,10223688.449442249,salvador-ISSQN,salvador,ISSQN
2022-02-01,2022-02-01,3,2022-05-01,158617101.47339234,112706233.35435215,10223688.449442249,salvador-ISSQN,salvador,ISSQN
2022-02-01,2022-02-01,4,2022-06-01,140282250.49272528,113887494.54417162,10223688.449442249,salvador-ISSQN,salvador,ISSQN
2022-02-01,2022-02-01,5,2022-07-01,136077881.4518655,124432347.76052241,10223688.449442249,salvador-ISSQN,salvador,ISSQN
2022-02-01,2022-02-01,6,2022-08-01,143715514.76575464,132796886.75273834,10223688.449442249,salvador-ISSQN,salvador,ISSQN
2022-02-01,2022-02-01,7,2022-09-01,160697582.0766429,129865043.02229162,10223688.449442249,salvador-ISSQN,salvador,ISSQN
2022-02-01,2022-02-01,8,2022-10-01,153494428.37310088,130598357.09416957,10223688.449442249,salvador-ISSQN,salvador,ISSQN
2022-02-01,2022-02-01,9,2022-11-01,145852410.06631136,137811298.17186525,10223688.449442249,salvador-ISSQN,salvador,ISSQN
2022-02-01,2022-02-01,10,2022-12-01,173647289.37823588,167518844.94456977,10223688.449442249,salvador-ISSQN,salvador,ISSQN
2022-02-01,2022-02-01,11,2023-01-01,135212874.65426108,117189052.47733131,10223688.449442249,salvador-ISSQN,salvador,ISSQN
2022-02-01,2022-02-01,12,2023-02-01,132887451.56330125,116877293.83578204,10223688.449442249,salvador-ISSQN,salvador,ISSQN
2022-03-01,2022-03-01,1,2022-04-01,125087559.77891354,119219671.23898716,10179044.387188049,salvador-ISSQN,salvador,ISSQN
2022-03-01,2022-03-01,2,2022-05-01,158617101.47339234,116327407.68044648,10179044.387188049,salvador-ISSQN,salvador,ISSQN
2022-03-01,2022-03-01,3,2022-06-01,140282250.49272528,116607274.5903037,10179044.387188049,salvador-ISSQN,salvador,ISSQN
2022-03-01,2022-03-01,4,2022-07-01,136077881.4518655,126636908.28554614,10179044.387188049,salvador-ISSQN,salvador,ISSQN
2022-03-01,2022-03-01,5,2022-08-01,143715514.76575464,134534151.2657674,10179044.387188049,salvador-ISSQN,salvador,ISSQN
2022-03-01,2022-03-01,6,2022-09-01,160697582.0766429,131111800.43068856,10179044.387188049,salvador-ISSQN,salvador,ISSQN
2022-03-01,2022-03-01,7,2022-10-01,153494428.37310088,131503939.12603578,10179044.387188049,salvador-ISSQN,salvador,ISSQN
2022-03-01,2022-03-01,8,2022-11-01,145852410.06631136,138479734.2575688,10179044.387188049,salvador-ISSQN,salvador,ISSQN
2022-03-01,2022-03-01,9,2022-12-01,173647289.37823588,168053219.59913635,10179044.387188049,salvador-ISSQN,salvador,ISSQN
2022-03-01,2022-03-01,10,2023-01-01,135212874.65426108,117401093.17306948,10179044.387188049,salvador-ISSQN,salvador,ISSQN
2022-03-01,2022-03-01,11,2023-02-01,132887451.56330125,116945588.43012519,10179044.387188049,salvador-ISSQN,salvador,ISSQN
2022-03-01,2022-03-01,12,2023-03-01,145681238.28892994,126115562.60577951,10179044.387188049,salvador-ISSQN,salvador,ISSQN
2022-04-01,2022-04-01,1,2022-05-01,158617101.47339234,120850394.68312885,10189632.595485613,salvador-ISSQN,salvador,ISSQN
2022-04-01,2022-04-01,2,2022-06-01,140282250.49272528,119892608.79566003,10189632.595485613,salvador-ISSQN,salvador,ISSQN
2022-04-01,2022-04-01,3,2022-07-01,136077881.4518655,128780728.04107128,10189632.595485613,salvador-ISSQN,salvador,ISSQN
2022-04-01,2022-04-01,4,2022-08-01,143715514.76575464,135128429.9635621,10189632.595485613,salvador-ISSQN,salvador,ISSQN
2022-04-01,2022-04-01,5,2022-09-01,160697582.0766429,131943234.12989265,10189632.595485613,salvador-ISSQN,salvador,ISSQN
2022-04-01,2022-04-01,6,2022-10-01,153494428.37310088,132164675.67265414,10189632.595485613,salvador-ISSQN,salvador,ISSQN
2022-04-01,2022-04-01,7,2022-11-01,145852410.06631136,138340611.1196298,10189632.595485613,salvador-ISSQN,salvador,ISSQN
2022-04-01,2022-04-01,8,2022-12-01,173647289.37823588,167755120.58927345,10189632.595485613,salvador-ISSQN,salvador,ISSQN
2022-04-01,2022-04-01,9,2023-01-01,135212874.65426108,117656332.07079333,10189632.595485613,salvador-ISSQN,salvador,ISSQN
2022-04-01,2022-04-01,10,2023-02-01,132887451.56330125,117655086.69454977,10189632.595485613,salvador-ISSQN,salvador,ISSQN
2022-04-01,2022-04-01,11,2023-03-01,145681238.28892994,126396552.39895263,10189632.595485613,salvador-ISSQN,salvador,ISSQN
2022-04-01,2022-04-01,12,2023-04-01,143508604.1514569,120886829.76308648,10189632.595485613,salvador-ISSQN,salvador,ISSQN
2022-05-01,2022-05-01,1,2022-06-01,140282250.49272528,148634197.65227765,10648015.714585831,salvador-ISSQN,salvador,ISSQN
2022-05-01,2022-05-01,2,2022-07-01,136077881.4518655,151816256.2474686,10648015.714585831,salvador-ISSQN,salvador,ISSQN
2022-05-01,2022-05-01,3,2022-08-01,143715514.76575464,152296762.7693392,10648015.714585831,salvador-ISSQN,salvador,ISSQN
2022-05-01,2022-05-01,4,2022-09-01,160697582.0766429,145954123.6164902,10648015.714585831,salvador-ISSQN,salvador,ISSQN
2022-05-01,2022-05-01,5,2022-10-01,153494428.37310088,143313183.10481137,10648015.714585831,salvador-ISSQN,salvador,ISSQN
2022-05-01,2022-05-01,6,2022-11-01,145852410.06631136,146388051.99139285,10648015.714585831,salvador-ISSQN,salvador,ISSQN
2022-05-01,2022-05-01,7,2022-12-01,173647289.37823588,175178016.54617453,10648015.714585831,salvador-ISSQN,salvador,ISSQN
2022-05-01,2022-05-01,8,2023-01-01,135212874.65426108,122729966.22282046,10648015.714585831,salvador-ISSQN,salvador,ISSQN
2022-05-01,2022-05-01,9,2023-02-01,132887451.56330125,122536851.05938749,10648015.714585831,salvador-ISSQN,salvador,ISSQN
2022-05-01,2022-05-01,10,2023-03-01,145681238.28892994,129965342.34394848,10648015.714585831,salvador-ISSQN,salvador,ISSQN
2022-05-01,2022-05-01,11,2023-04-01,143508604.1514569,123875105.41171615,10648015.714585831,salvador-ISSQN,salvador,ISSQN
2022-05-01,2022-05-01,12,2023-05-01,145983428.00425628,131385090.95498998,10648015.714585831,salvador-ISSQN,salvador,ISSQN
2022-06-01,2022-06-01,1,2022-07-01,136077881.4518655,145456235.5230535,10816763.538680729,salvador-ISSQN,salvador,ISSQN
2022-06-01,2022-06-01,2,2022-08-01,143715514.76575464,146355635.02769378,10816763.538680729,salvador-ISSQN,salvador,ISSQN
2022-06-01,2022-06-01,3,2022-09-01,160697582.0766429,144157375.9924769,10816763.538680729,salvador-ISSQN,salvador,ISSQN
2022-06-01,2022-06-01,4,2022-10-01,153494428.37310088,143952455.88160458,10816763.538680729,salvador-ISSQN,salvador,ISSQN
2022-06-01,2022-06-01,5,2022-11-01,145852410.06631136,147410204.14291352,10816763.538680729,salvador-ISSQN,salvador,ISSQN
2022-06-01,2022-06-01,6,2022-12-01,173647289.37823588,178547241.37905917,10816763.538680729,salvador-ISSQN,salvador,ISSQN
2022-06-01,2022-06-01,7,2023-01-01,135212874.65426108,128739977.62114611,10816763.538680729,salvador-ISSQN,salvador,ISSQN
2022-06-01,2022-06-01,8,2023-02-01,132887451.56330125,131058081.49940968,10816763.538680729,salvador-ISSQN,salvador,ISSQN
2022-06-01,2022-06-01,9,2023-03-01,145681238.28892994,138892861.8161828,10816763.538680729,salvador-ISSQN,salvador,ISSQN
2022-06-01,2022-06-01,10,2023-04-01,143508604.1514569,134027024.04419959,10816763.538680729,salvador-ISSQN,salvador,ISSQN
2022-06-01,2022-06-01,11,2023-05-01,145983428.00425628,139631692.78135633,10816763.538680729,salvador-ISSQN,salvador,ISSQN
2022-06-01,2022-06-01,12,2023-06-01,147945962.3126708,134743740.48971522,10816763.538680729,salvador-ISSQN,salvador,ISSQN
2022-07-01,2022-07-01,1,2022-08-01,143715514.76575464,148707885.34993193,10753535.966567736,salvador-ISSQN,salvador,ISSQN
2022-07-01,2022-07-01,2,2022-09-01,160697582.0766429,139722957.73981714,10753535.966567736,salvador-ISSQN,salvador,ISSQN
2022-07-01,2022-07-01,3,2022-10-01,153494428.37310088,138608668.07054192,10753535.966567736,salvador-ISSQN,salvador,ISSQN
2022-07-01,2022-07-01,4,2022-11-01,145852410.06631136,143471282.95462927,10753535.966567736,salvador-ISSQN,salvador,ISSQN
2022-07-01,2022-07-01,5,2022-12-01,173647289.37823588,176356191.80258802,10753535.966567736,salvador-ISSQN,salvador,ISSQN
2022-07-01,2022-07-01,6,2023-01-01,135212874.65426108,131932956.70425187,10753535.966567736,salvador-ISSQN,salvador,ISSQN
2022-07-01,2022-07-01,7,2023-02-01,132887451.56330125,126240320.50852863,10753535.966567736,salvador-ISSQN,salvador,ISSQN
2022-07-01,2022-07-01,8,2023-03-01,145681238.28892994,138513730.3842757,10753535.966567736,salvador-ISSQN,salvador,ISSQN
2022-07-01,2022-07-01,9,2023-04-01,143508604.1514569,131917878.38849452,10753535.966567736,salvador-ISSQN,salvador,ISSQN
2022-07-01,2022-07-01,10,2023-05-01,145983428.00425628,142959981.3069734,10753535.966567736,salvador-ISSQN,salvador,ISSQN
2022-07-01,2022-07-01,11,2023-06-01,147945962.3126708,132414906.97554484,10753535.966567736,salvador-ISSQN,salvador,ISSQN
2022-07-01,2022-07-01,12,2023-07-01,149804608.7464599,133187172.48834774,10753535.966567736,salvador-ISSQN,salvador,ISSQN
2022-08-01,2022-08-01,1,2022-09-01,160697582.0766429,136271959.06478742,10767250.123536939,salvador-ISSQN,salvador,ISSQN
2022-08-01,2022-08-01,2,2022-10-01,153494428.37310088,135988889.53305635,10767250.123536939,salvador-ISSQN,salvador,ISSQN
2022-08-01,2022-08-01,3,2022-11-01,145852410.06631136,141140034.4719999,10767250.123536939,salvador-ISSQN,salvador,ISSQN
2022-08-01,2022-08-01,4,2022-12-01,173647289.37823588,173793122.156751,10767250.123536939,salvador-ISSQN,salvador,ISSQN
2022-08-01,2022-08-01,5,2023-01-01,135212874.65426108,130107268.26076005,10767250.123536939,salvador-ISSQN,salvador,ISSQN
2022-08-01,2022-08-01,6,2023-02-01,132887451.56330125,125116633.20678231,10767250.123536939,salvador-ISSQN,salvador,ISSQN
2022-08-01,2022-08-01,7,2023-03-01,145681238.28892994,137155553.1920406,10767250.123536939,salvador-ISSQN,salvador,ISSQN
2022-08-01,2022-08-01,8,2023-04-01,143508604.1514569,130823639.4206251,10767250.123536939,salvador-ISSQN,salvador,ISSQN
2022-08-01,2022-08-01,9,2023-05-01,145983428.00425628,141353091.59258857,10767250.123536939,salvador-ISSQN,salvador,ISSQN
2022-08-01,2022-08-01,10,2023-06-01,147945962.3126708,131380808.4855952,10767250.123536939,salvador-ISSQN,salvador,ISSQN
2022-08-01,2022-08-01,11,2023-07-01,149804608.7464599,132625254.74388295,10767250.123536939,salvador-ISSQN,salvador,ISSQN
2022-08-01,2022-08-01,12,2023-08-01,158308919.14379752,131986575.52295113,10767250.123536939,salvador-ISSQN,salvador,ISSQN
2022-09-01,2022-09-01,1,2022-10-01,153494428.37310088,156523675.50985324,10916966.104997287,salvador-ISSQN,salvador,ISSQN
2022-09-01,2022-09-01,2,2022-11-01,145852410.06631136,156858722.06261966,10916966.104997287,salvador-ISSQN,salvador,ISSQN
2022-09-01,2022-09-01,3,2022-12-01,173647289.37823588,187320298.80703625,10916966.104997287,salvador-ISSQN,salvador,ISSQN
2022-09-01,2022-09-01,4,2023-01-01,135212874.65426108,134044101.40773888,10916966.104997287,salvador-ISSQN,salvador,ISSQN
2022-09-01,2022-09-01,5,2023-02-01,132887451.56330125,135688664.11086237,10916966.104997287,salvador-ISSQN,salvador,ISSQN
2022-09-01,2022-09-01,6,2023-03-01,145681238.28892994,143000788.72333902,10916966.104997287,salvador-ISSQN,salvador,ISSQN
2022-09-01,2022-09-01,7,2023-04-01,143508604.1514569,137655323.1600902,10916966.104997287,salvador-ISSQN,salvador,ISSQN
2022-09-01,2022-09-01,8,2023-05-01,145983428.00425628,142747251.19290358,10916966.104997287,salvador-ISSQN,salvador,ISSQN
2022-09-01,2022-09-01,9,2023-06-01,147945962.3126708,137613786.70432076,10916966.104997287,salvador-ISSQN,salvador,ISSQN
2022-09-01,2022-09-01,10,2023-07-01,149804608.7464599,143846029.53604555,10916966.104997287,salvador-ISSQN,salvador,ISSQN
2022-09-01,2022-09-01,11,2023-08-01,158308919.14379752,147662278.49253622,10916966.104997287,salvador-ISSQN,salvador,ISSQN
2022-09-01,2022-09-01,12,2023-09-01,149291086.55814052,150851281.5309953,10916966.104997287,salvador-ISSQN,salvador,ISSQN
2022-10-01,2022-10-01,1,2022-11-01,145852410.06631136,152872730.37819,11031433.233207375,salvador-ISSQN,salvador,ISSQN
2022-10-01,2022-10-01,2,2022-12-01,173647289.37823588,181020427.49200878,11031433.233207375,salvador-ISSQN,salvador,ISSQN
2022-10-01,2022-10-01,3,2023-01-01,135212874.65426108,126266196.82340452,11031433.233207375,salvador-ISSQN,salvador,ISSQN
2022-10-01,2022-10-01,4,2023-02-01,132887451.56330125,126759472.58245678,11031433.233207375,salvador-ISSQN,salvador,ISSQN
2022-10-01,2022-10-01,5,2023-03-01,145681238.28892994,133975791.37995197,11031433.233207375,salvador-ISSQN,salvador,ISSQN
2022-10-01,2022-10-01,6,2023-04-01,143508604.1514569,127658580.17899033,11031433.233207375,salvador-ISSQN,salvador,ISSQN
2022-10-01,2022-10-01,7,2023-05-01,145983428.00425628,133549005.08626026,11031433.233207375,salvador-ISSQN,salvador,ISSQN
2022-10-01,2022-10-01,8,2023-06-01,147945962.3126708,128732606.84890811,11031433.233207375,salvador-ISSQN,salvador,ISSQN
2022-10-01,2022-10-01,9,2023-07-01,149804608.7464599,135020137.30309203,11031433.233207375,salvador-ISSQN,salvador,ISSQN
2022-10-01,2022-10-01,10,2023-08-01,158308919.14379752,140775107.77258852,11031433.233207375,salvador-ISSQN,salvador,ISSQN
2022-10-01,2022-10-01,11,2023-09-01,149291086.55814052,143503566.0657059,11031433.233207375,salvador-ISSQN,salvador,ISSQN
2022-10-01,2022-10-01,12,2023-10-01,162466226.3022135,142618536.20255375,11031433.233207375,salvador-ISSQN,salvador,ISSQN
2022-11-01,2022-11-01,1,2022-12-01,173647289.37823588,177229681.04999194,10911982.283399848,salvador-ISSQN,salvador,ISSQN
2022-11-01,2022-11-01,2,2023-01-01,135212874.65426108,128386830.92844237,10911982.283399848,salvador-ISSQN,salvador,ISSQN
2022-11-01,2022-11-01,3,2023-02-01,132887451.56330125,131098904.21551174,10911982.283399848,salvador-ISSQN,salvador,ISSQN
2022-11-01,2022-11-01,4,2023-03-01,145681238.28892994,139155989.87345505,10911982.283399848,salvador-ISSQN,salvador,ISSQN
2022-11-01,2022-11-01,5,2023-04-01,143508604.1514569,134473960.86357522,10911982.283399848,salvador-ISSQN,salvador,ISSQN
2022-11-01,2022-11-01,6,2023-05-01,145983428.00425628,140105841.68085864,10911982.283399848,salvador-ISSQN,salvador,ISSQN
2022-11-01,2022-11-01,7,2023-06-01,147945962.3126708,135279067.9712741,10911982.283399848,salvador-ISSQN,salvador,ISSQN
2022-11-01,2022-11-01,8,2023-07-01,149804608.7464599,141563510.20855376,10911982.283399848,salvador-ISSQN,salvador,ISSQN
2022-11-01,2022-11-01,9,2023-08-01,158308919.14379752,145596802.9344504,10911982.283399848,salvador-ISSQN,salvador,ISSQN
2022-11-01,2022-11-01,10,2023-09-01,149291086.55814052,148827154.94456664,10911982.283399848,salvador-ISSQN,salvador,ISSQN
2022-11-01,2022-11-01,11,2023-10-01,162466226.3022135,148789597.5762867,10911982.283399848,salvador-ISSQN,salvador,ISSQN
2022-11-01,2022-11-01,12,2023-11-01,163312814.20696488,151482797.8865328,10911982.283399848,salvador-ISSQN,salvador,ISSQN
2022-12-01,2022-12-01,1,2023-01-01,135212874.65426108,124014119.31750804,10783034.82490316,salvador-ISSQN,salvador,ISSQN
2022-12-01,2022-12-01,2,2023-02-01,132887451.56330125,126002238.08529676,10783034.82490316,salvador-ISSQN,salvador,ISSQN
2022-12-01,2022-12-01,3,2023-03-01,145681238.28892994,135110125.1428371,10783034.82490316,salvador-ISSQN,salvador,ISSQN
2022-12-01,2022-12-01,4,2023-04-01,143508604.1514569,130056760.27115567,10783034.82490316,salvador-ISSQN,salvador,ISSQN
2022-12-01,2022-12-01,5,2023-05-01,145983428.00425628,138464834.63855556,10783034.82490316,salvador-ISSQN,salvador,ISSQN
2022-12-01,2022-12-01,6,2023-06-01,147945962.3126708,133071590.63557227,10783034.82490316,salvador-ISSQN,salvador,ISSQN
2022-12-01,2022-12-01,7,2023-07-01,149804608.7464599,139020582.86857504,10783034.82490316,salvador-ISSQN,salvador,ISSQN
2022-12-01,2022-12-01,8,2023-08-01,158308919.14379752,145076766.16407043,10783034.82490316,salvador-ISSQN,salvador,ISSQN
2022-12-01,2022-12-01,9,2023-09-01,149291086.55814052,149151821.20716435,10783034.82490316,salvador-ISSQN,salvador,ISSQN
2022-12-01,2022-12-01,10,2023-10-01,162466226.3022135,148177780.83591667,10783034.82490316,salvador-ISSQN,salvador,ISSQN
2022-12-01,2022-12-01,11,2023-11-01,163312814.20696488,150505020.07770637,10783034.82490316,salvador-ISSQN,salvador,ISSQN
2022-12-01,2022-12-01,12,2023-12-01,187215660.76514104,181789490.9912736,10783034.82490316,salvador-ISSQN,salvador,ISSQN
2023-01-01,2023-01-01,1,2023-02-01,132887451.56330125,133981200.30797245,10809865.99279698,salvador-ISSQN,salvador,ISSQN
2023-01-01,2023-01-01,2,2023-03-01,145681238.28892994,141010365.18474573,10809865.99279698,salvador-ISSQN,salvador,ISSQN
2023-01-01,2023-01-01,3,2023-04-01,143508604.1514569,134566492.4825817,10809865.99279698,salvador-ISSQN,salvador,ISSQN
2023-01-01,2023-01-01,4,2023-05-01,145983428.00425628,141222760.6374088,10809865.99279698,salvador-ISSQN,salvador,ISSQN
2023-01-01,2023-01-01,5,2023-06-01,147945962.3126708,135412886.571647,10809865.99279698,salvador-ISSQN,salvador,ISSQN
2023-01-01,2023-01-01,6,2023-07-01,149804608.7464599,141217315.78798845,10809865.99279698,salvador-ISSQN,salvador,ISSQN
2023-01-01,2023-01-01,7,2023-08-01,158308919.14379752,146393932.10970202,10809865.99279698,salvador-ISSQN,salvador,ISSQN
2023-01-01,2023-01-01,8,2023-09-01,149291086.55814052,150065938.11653167,10809865.99279698,salvador-ISSQN,salvador,ISSQN
2023-01-01,2023-01-01,9,2023-10-01,162466226.3022135,149402961.67793483,10809865.99279698,salvador-ISSQN,salvador,ISSQN
2023-01-01,2023-01-01,10,2023-11-01,163312814.20696488,151958545.7663616,10809865.99279698,salvador-ISSQN,salvador,ISSQN
2023-01-01,2023-01-01,11,2023-12-01,187215660.76514104,183755768.11047336,10809865.99279698,salvador-ISSQN,salvador,ISSQN
2023-01-01,2023-01-01,12,2024-01-01,204327604.53179494,134014150.24590303,10809865.99279698,salvador-ISSQN,salvador,ISSQN
2023-02-01,2023-02-01,1,2023-03-01,145681238.28892994,140095517.11148986,10901044.051446412,salvador-ISSQN,salvador,ISSQN
2023-02-01,2023-02-01,2,2023-04-01,143508604.1514569,133903657.03723192,10901044.051446412,salvador-ISSQN,salvador,ISSQN
2023-02-01,2023-02-01,3,2023-05-01,145983428.00425628,140757409.3538047,10901044.051446412,salvador-ISSQN,salvador,ISSQN
2023-02-01,2023-02-01,4,2023-06-01,147945962.3126708,135046948.8563102,10901044.051446412,salvador-ISSQN,salvador,ISSQN
2023-02-01,2023-02-01,5,2023-07-01,149804608.7464599,140895364.08064535,10901044.051446412,salvador-ISSQN,salvador,ISSQN
2023-02-01,2023-02-01,6,2023-08-01,158308919.14379752,146158797.8615949,10901044.051446412,salvador-ISSQN,salvador,ISSQN
2023-02-01,2023-02-01,7,2023-09-01,149291086.55814052,149878997.4733299,10901044.051446412,salvador-ISSQN,salvador,ISSQN
2023-02-01,2023-02-01,8,2023-10-01,162466226.3022135,149216197.1513355,10901044.051446412,salvador-ISSQN,salvador,ISSQN
2023-02-01,2023-02-01,9,2023-11-01,163312814.20696488,151777705.8629113,10901044.051446412,salvador-ISSQN,salvador,ISSQN
2023-02-01,2023-02-01,10,2023-12-01,187215660.76514104,183556758.86644375,10901044.051446412,salvador-ISSQN,salvador,ISSQN
2023-02-01,2023-02-01,11,2024-01-01,204327604.53179494,133896055.86018945,10901044.051446412,salvador-ISSQN,salvador,ISSQN
2023-02-01,2023-02-01,12,2024-02-01,159278235.93683836,134258327.6568583,10901044.051446412,salvador-ISSQN,salvador,ISSQN
2023-03-01,2023-03-01,1,2023-04-01,143508604.1514569,136780866.1707155,10981596.028651705,salvador-ISSQN,salvador,ISSQN
2023-03-01,2023-03-01,2,2023-05-01,145983428.00425628,143805757.21932906,10981596.028651705,salvador-ISSQN,salvador,ISSQN
2023-03-01,2023-03-01,3,2023-06-01,147945962.3126708,136825570.20798212,10981596.028651705,salvador-ISSQN,salvador,ISSQN
2023-03-01,2023-03-01,4,2023-07-01,149804608.7464599,142007859.83480737,10981596.028651705,salvador-ISSQN,salvador,ISSQN
2023-03-01,2023-03-01,5,2023-08-01,158308919.14379752,147751153.24351364,10981596.028651705,salvador-ISSQN,salvador,ISSQN
2023-03-01,2023-03-01,6,2023-09-01,149291086.55814052,151576161.49009052,10981596.028651705,salvador-ISSQN,salvador,ISSQN
2023-03-01,2023-03-01,7,2023-10-01,162466226.3022135,150264467.1524067,10981596.028651705,salvador-ISSQN,salvador,ISSQN
2023-03-01,2023-03-01,8,2023-11-01,163312814.20696488,152460175.88893119,10981596.028651705,salvador-ISSQN,salvador,ISSQN
2023-03-01,2023-03-01,9,2023-12-01,187215660.76514104,184111553.25640625,10981596.028651705,salvador-ISSQN,salvador,ISSQN
2023-03-01,2023-03-01,10,2024-01-01,204327604.53179494,134305952.3673555,10981596.028651705,salvador-ISSQN,salvador,ISSQN
2023-03-01,2023-03-01,11,2024-02-01,159278235.93683836,134232358.82436913,10981596.028651705,salvador-ISSQN,salvador,ISSQN
2023-03-01,2023-03-01,12,2024-03-01,162189752.8885526,144591475.33583453,10981596.028651705,salvador-ISSQN,salvador,ISSQN
2023-04-01,2023-04-01,1,2023-05-01,145983428.00425628,148528455.55932674,11066135.214377748,salvador-ISSQN,salvador,ISSQN
2023-04-01,2023-04-01,2,2023-06-01,147945962.3126708,139917883.6437214,11066135.214377748,salvador-ISSQN,salvador,ISSQN
2023-04-01,2023-04-01,3,2023-07-01,149804608.7464599,144223252.26787725,11066135.214377748,salvador-ISSQN,salvador,ISSQN
2023-04-01,2023-04-01,4,2023-08-01,158308919.14379752,149063258.37058532,11066135.214377748,salvador-ISSQN,salvador,ISSQN
2023-04-01,2023-04-01,5,2023-09-01,149291086.55814052,152302434.57409298,11066135.214377748,salvador-ISSQN,salvador,ISSQN
2023-04-01,2023-04-01,6,2023-10-01,162466226.3022135,150776793.88017085,11066135.214377748,salvador-ISSQN,salvador,ISSQN
2023-04-01,2023-04-01,7,2023-11-01,163312814.20696488,152819391.0674211,11066135.214377748,salvador-ISSQN,salvador,ISSQN
2023-04-01,2023-04-01,8,2023-12-01,187215660.76514104,184391350.5550915,11066135.214377748,salvador-ISSQN,salvador,ISSQN
2023-04-01,2023-04-01,9,2024-01-01,204327604.53179494,134374711.2564377,11066135.214377748,salvador-ISSQN,salvador,ISSQN
2023-04-01,2023-04-01,10,2024-02-01,159278235.93683836,134334298.1510345,11066135.214377748,salvador-ISSQN,salvador,ISSQN
2023-04-01,2023-04-01,11,2024-03-01,162189752.8885526,144449976.42328084,11066135.214377748,salvador-ISSQN,salvador,ISSQN
2023-04-01,2023-04-01,12,2024-04-01,170382067.58095023,139340053.5280447,11066135.214377748,salvador-ISSQN,salvador,ISSQN
2023-05-01,2023-05-01,1,2023-06-01,147945962.3126708,138297009.24680647,11083748.003757054,salvador-ISSQN,salvador,ISSQN
2023-05-01,2023-05-01,2,2023-07-01,149804608.7464599,143173374.1375852,11083748.003757054,salvador-ISSQN,salvador,ISSQN
2023-05-01,2023-05-01,3,2023-08-01,158308919.14379752,148265351.60595566,11083748.003757054,salvador-ISSQN,salvador,ISSQN
2023-05-01,2023-05-01,4,2023-09-01,149291086.55814052,151724749.33133382,11083748.003757054,salvador-ISSQN,salvador,ISSQN
2023-05-01,2023-05-01,5,2023-10-01,162466226.3022135,150473754.90700972,11083748.003757054,salvador-ISSQN,salvador,ISSQN
2023-05-01,2023-05-01,6,2023-11-01,163312814.20696488,152692639.18230134,11083748.003757054,salvador-ISSQN,salvador,ISSQN
2023-05-01,2023-05-01,7,2023-12-01,187215660.76514104,184385746.170105,11083748.003757054,salvador-ISSQN,salvador,ISSQN
2023-05-01,2023-05-01,8,2024-01-01,204327604.53179494,134427694.1476983,11083748.003757054,salvador-ISSQN,salvador,ISSQN
2023-05-01,2023-05-01,9,2024-02-01,159278235.93683836,134506237.62622833,11083748.003757054,salvador-ISSQN,salvador,ISSQN
2023-05-01,2023-05-01,10,2024-03-01,162189752.8885526,144607102.31428576,11083748.003757054,salvador-ISSQN,salvador,ISSQN
2023-05-01,2023-05-01,11,2024-04-01,170382067.58095023,139520853.04680017,11083748.003757054,salvador-ISSQN,salvador,ISSQN
2023-05-01,2023-05-01,12,2024-05-01,166327769.7078219,146530343.26004055,11083748.003757054,salvador-ISSQN,salvador,ISSQN
2023-06-01,2023-06-01,1,2023-07-01,149804608.7464599,150338791.9697228,11045747.601714704,salvador-ISSQN,salvador,ISSQN
2023-06-01,2023-06-01,2,2023-08-01,158308919.14379752,152853353.16758782,11045747.601714704,salvador-ISSQN,salvador,ISSQN
2023-06-01,2023-06-01,3,2023-09-01,149291086.55814052,154562334.6389905,11045747.601714704,salvador-ISSQN,salvador,ISSQN
2023-06-01,2023-06-01,4,2023-10-01,162466226.3022135,152283282.26093033,11045747.601714704,salvador-ISSQN,salvador,ISSQN
2023-06-01,2023-06-01,5,2023-11-01,163312814.20696488,153812367.79887667,11045747.601714704,salvador-ISSQN,salvador,ISSQN
2023-06-01,2023-06-01,6,2023-12-01,187215660.76514104,185129719.15102893,11045747.601714704,salvador-ISSQN,salvador,ISSQN
2023-06-01,2023-06-01,7,2024-01-01,204327604.53179494,134617448.13560602,11045747.601714704,salvador-ISSQN,salvador,ISSQN
2023-06-01,2023-06-01,8,2024-02-01,159278235.93683836,134598410.54902935,11045747.601714704,salvador-ISSQN,salvador,ISSQN
2023-06-01,2023-06-01,9,2024-03-01,162189752.8885526,144320326.3827126,11045747.601714704,salvador-ISSQN,salvador,ISSQN
2023-06-01,2023-06-01,10,2024-04-01,170382067.58095023,139022908.85138562,11045747.601714704,salvador-ISSQN,salvador,ISSQN
2023-06-01,2023-06-01,11,2024-05-01,166327769.7078219,145607554.79378894,11045747.601714704,salvador-ISSQN,salvador,ISSQN
2023-06-01,2023-06-01,12,2024-06-01,159858497.2817491,141740270.91940266,11045747.601714704,salvador-ISSQN,salvador,ISSQN
2023-07-01,2023-07-01,1,2023-08-01,158308919.14379752,152032301.30901882,11075208.917021073,salvador-ISSQN,salvador,ISSQN
2023-07-01,2023-07-01,2,2023-09-01,149291086.55814052,153737562.49026,11075208.917021073,salvador-ISSQN,salvador,ISSQN
2023-07-01,2023-07-01,3,2023-10-01,162466226.3022135,151571241.62868354,11075208.917021073,salvador-ISSQN,salvador,ISSQN
2023-07-01,2023-07-01,4,2023-11-01,163312814.20696488,153160950.7321242,11075208.917021073,salvador-ISSQN,salvador,ISSQN
2023-07-01,2023-07-01,5,2023-12-01,187215660.76514104,184404768.33296856,11075208.917021073,salvador-ISSQN,salvador,ISSQN
2023-07-01,2023-07-01,6,2024-01-01,204327604.53179494,134112114.4938562,11075208.917021073,salvador-ISSQN,salvador,ISSQN
2023-07-01,2023-07-01,7,2024-02-01,159278235.93683836,134170595.2453762,11075208.917021073,salvador-ISSQN,salvador,ISSQN
2023-07-01,2023-07-01,8,2024-03-01,162189752.8885526,143818750.78723586,11075208.917021073,salvador-ISSQN,salvador,ISSQN
2023-07-01,2023-07-01,9,2024-04-01,170382067.58095023,138547750.91202563,11075208.917021073,salvador-ISSQN,salvador,ISSQN
2023-07-01,2023-07-01,10,2024-05-01,166327769.7078219,145060099.54760763,11075208.917021073,salvador-ISSQN,salvador,ISSQN
2023-07-01,2023-07-01,11,2024-06-01,159858497.2817491,141223474.39656934,11075208.917021073,salvador-ISSQN,salvador,ISSQN
2023-07-01,2023-07-01,12,2024-07-01,169912894.89976043,146902809.75597277,11075208.917021073,salvador-ISSQN,salvador,ISSQN
2023-08-01,2023-08-01,1,2023-09-01,149291086.55814052,157714156.404675,11113450.17203218,salvador-ISSQN,salvador,ISSQN
2023-08-01,2023-08-01,2,2023-10-01,162466226.3022135,154047593.20902634,11113450.17203218,salvador-ISSQN,salvador,ISSQN
2023-08-01,2023-08-01,3,2023-11-01,163312814.20696488,154693607.27473518,11113450.17203218,salvador-ISSQN,salvador,ISSQN
2023-08-01,2023-08-01,4,2023-12-01,187215660.76514104,185475285.66682637,11113450.17203218,salvador-ISSQN,salvador,ISSQN
2023-08-01,2023-08-01,5,2024-01-01,204327604.53179494,134509101.16925967,11113450.17203218,salvador-ISSQN,salvador,ISSQN
2023-08-01,2023-08-01,6,2024-02-01,159278235.93683836,134356047.31378517,11113450.17203218,salvador-ISSQN,salvador,ISSQN
2023-08-01,2023-08-01,7,2024-03-01,162189752.8885526,143789351.73386765,11113450.17203218,salvador-ISSQN,salvador,ISSQN
2023-08-01,2023-08-01,8,2024-04-01,170382067.58095023,138392816.28857073,11113450.17203218,salvador-ISSQN,salvador,ISSQN
2023-08-01,2023-08-01,9,2024-05-01,166327769.7078219,144758443.33900374,11113450.17203218,salvador-ISSQN,salvador,ISSQN
2023-08-01,2023-08-01,10,2024-06-01,159858497.2817491,140860489.73558033,11113450.17203218,salvador-ISSQN,salvador,ISSQN
2023-08-01,2023-08-01,11,2024-07-01,169912894.89976043,146520672.75668395,11113450.17203218,salvador-ISSQN,salvador,ISSQN
2023-08-01,2023-08-01,12,2024-08-01,179459931.33462426,152663923.774924,11113450.17203218,salvador-ISSQN,salvador,ISSQN
2023-09-01,2023-09-01,1,2023-10-01,162466226.3022135,147794912.56022948,11116601.197263042,salvador-ISSQN,salvador,ISSQN
2023-09-01,2023-09-01,2,2023-11-01,163312814.20696488,150203124.1990101,11116601.197263042,salvador-ISSQN,salvador,ISSQN
2023-09-01,2023-09-01,3,2023-12-01,187215660.76514104,181548266.18627957,11116601.197263042,salvador-ISSQN,salvador,ISSQN
2023-09-01,2023-09-01,4,2024-01-01,204327604.53179494,132367939.6220057,11116601.197263042,salvador-ISSQN,salvador,ISSQN
2023-09-01,2023-09-01,5,2024-02-01,159278235.93683836,132776103.60477884,11116601.197263042,salvador-ISSQN,salvador,ISSQN
2023-09-01,2023-09-01,6,2024-03-01,162189752.8885526,142368751.34359866,11116601.197263042,salvador-ISSQN,salvador,ISSQN
2023-09-01,2023-09-01,7,2024-04-01,170382067.58095023,137252794.17710763,11116601.197263042,salvador-ISSQN,salvador,ISSQN
2023-09-01,2023-09-01,8,2024-05-01,166327769.7078219,143653567.84942594,11116601.197263042,salvador-ISSQN,salvador,ISSQN
2023-09-01,2023-09-01,9,2024-06-01,159858497.2817491,139916464.13600203,11116601.197263042,salvador-ISSQN,salvador,ISSQN
2023-09-01,2023-09-01,10,2024-07-01,169912894.89976043,145763578.22481328,11116601.197263042,salvador-ISSQN,salvador,ISSQN
2023-09-01,2023-09-01,11,2024-08-01,179459931.33462426,151909853.36878577,11116601.197263042,salvador-ISSQN,salvador,ISSQN
2023-09-01,2023-09-01,12,2024-09-01,184543486.4872822,152593228.43966934,11116601.197263042,salvador-ISSQN,salvador,ISSQN
2023-10-01,2023-10-01,1,2023-11-01,163312814.20696488,159459662.93637258,11093784.141218888,salvador-ISSQN,salvador,ISSQN
2023-10-01,2023-10-01,2,2023-12-01,187215660.76514104,188628346.3004023,11093784.141218888,salvador-ISSQN,salvador,ISSQN
2023-10-01,2023-10-01,3,2024-01-01,204327604.53179494,135613518.04075804,11093784.141218888,salvador-ISSQN,salvador,ISSQN
2023-10-01,2023-10-01,4,2024-02-01,159278235.93683836,134919410.85069564,11093784.141218888,salvador-ISSQN,salvador,ISSQN
2023-10-01,2023-10-01,5,2024-03-01,162189752.8885526,143687336.3244589,11093784.141218888,salvador-ISSQN,salvador,ISSQN
2023-10-01,2023-10-01,6,2024-04-01,170382067.58095023,137978838.88047287,11093784.141218888,salvador-ISSQN,salvador,ISSQN
2023-10-01,2023-10-01,7,2024-05-01,166327769.7078219,143906944.10850465,11093784.141218888,salvador-ISSQN,salvador,ISSQN
2023-10-01,2023-10-01,8,2024-06-01,159858497.2817491,139918131.14799765,11093784.141218888,salvador-ISSQN,salvador,ISSQN
2023-10-01,2023-10-01,9,2024-07-01,169912894.89976043,145744795.57819062,11093784.141218888,salvador-ISSQN,salvador,ISSQN
2023-10-01,2023-10-01,10,2024-08-01,179459931.33462426,151603106.21205375,11093784.141218888,salvador-ISSQN,salvador,ISSQN
2023-10-01,2023-10-01,11,2024-09-01,184543486.4872822,152304563.07955283,11093784.141218888,salvador-ISSQN,salvador,ISSQN
2023-10-01,2023-10-01,12,2024-10-01,179016330.2612471,154704544.71453208,11093784.141218888,salvador-ISSQN,salvador,ISSQN
2023-11-01,2023-11-01,1,2023-12-01,187215660.76514104,191447592.00198865,11160801.193844516,salvador-ISSQN,salvador,ISSQN
2023-11-01,2023-11-01,2,2024-01-01,204327604.53179494,135067838.75365686,11160801.193844516,salvador-ISSQN,salvador,ISSQN
2023-11-01,2023-11-01,3,2024-02-01,159278235.93683836,134025794.99092287,11160801.193844516,salvador-ISSQN,salvador,ISSQN
2023-11-01,2023-11-01,4,2024-03-01,162189752.8885526,144428354.57747105,11160801.193844516,salvador-ISSQN,salvador,ISSQN
2023-11-01,2023-11-01,5,2024-04-01,170382067.58095023,139413780.4515438,11160801.193844516,salvador-ISSQN,salvador,ISSQN
2023-11-01,2023-11-01,6,2024-05-01,166327769.7078219,146743238.11680007,11160801.193844516,salvador-ISSQN,salvador,ISSQN
2023-11-01,2023-11-01,7,2024-06-01,159858497.2817491,143104903.85852206,11160801.193844516,salvador-ISSQN,salvador,ISSQN
2023-11-01,2023-11-01,8,2024-07-01,169912894.89976043,148443207.48429912,11160801.193844516,salvador-ISSQN,salvador,ISSQN
2023-11-01,2023-11-01,9,2024-08-01,179459931.33462426,155748403.3611248,11160801.193844516,salvador-ISSQN,salvador,ISSQN
2023-11-01,2023-11-01,10,2024-09-01,184543486.4872822,156090471.0185528,11160801.193844516,salvador-ISSQN,salvador,ISSQN
2023-11-01,2023-11-01,11,2024-10-01,179016330.2612471,159000484.96372673,11160801.193844516,salvador-ISSQN,salvador,ISSQN
2023-11-01,2023-11-01,12,2024-11-01,170272112.29129708,160666595.88714075,11160801.193844516,salvador-ISSQN,salvador,ISSQN
2023-12-01,2023-12-01,1,2024-01-01,204327604.53179494,136161272.47925988,11185880.050022231,salvador-ISSQN,salvador,ISSQN
2023-12-01,2023-12-01,2,2024-02-01,159278235.93683836,139698134.59018546,11185880.050022231,salvador-ISSQN,salvador,ISSQN
2023-12-01,2023-12-01,3,2024-03-01,162189752.8885526,148900767.34628037,11185880.050022231,salvador-ISSQN,salvador,ISSQN
2023-12-01,2023-12-01,4,2024-04-01,170382067.58095023,143524654.22456926,11185880.050022231,salvador-ISSQN,salvador,ISSQN
2023-12-01,2023-12-01,5,2024-05-01,166327769.7078219,149137384.37302846,11185880.050022231,salvador-ISSQN,salvador,ISSQN
2023-12-01,2023-12-01,6,2024-06-01,159858497.2817491,145182830.14916453,11185880.050022231,salvador-ISSQN,salvador,ISSQN
2023-12-01,2023-12-01,7,2024-07-01,169912894.89976043,152322354.96192145,11185880.050022231,salvador-ISSQN,salvador,ISSQN
2023-12-01,2023-12-01,8,2024-08-01,179459931.33462426,157502813.03752124,11185880.050022231,salvador-ISSQN,salvador,ISSQN
2023-12-01,2023-12-01,9,2024-09-01,184543486.4872822,159157243.0748751,11185880.050022231,salvador-ISSQN,salvador,ISSQN
2023-12-01,2023-12-01,10,2024-10-01,179016330.2612471,161691971.65627772,11185880.050022231,salvador-ISSQN,salvador,ISSQN
2023-12-01,2023-12-01,11,2024-11-01,170272112.29129708,165135358.35333395,11185880.050022231,salvador-ISSQN,salvador,ISSQN
2023-12-01,2023-12-01,12,2024-12-01,201564378.85060686,199368399.0459308,11185880.050022231,salvador-ISSQN,salvador,ISSQN
2024-01-01,2024-01-01,1,2024-02-01,159278235.93683836,181243964.51933703,11783084.68741926,salvador-ISSQN,salvador,ISSQN
2024-01-01,2024-01-01,2,2024-03-01,162189752.8885526,180310288.95360705,11783084.68741926,salvador-ISSQN,salvador,ISSQN
2024-01-01,2024-01-01,3,2024-04-01,170382067.58095023,172583598.4828271,11783084.68741926,salvador-ISSQN,salvador,ISSQN
2024-01-01,2024-01-01,4,2024-05-01,166327769.7078219,171038995.8575989,11783084.68741926,salvador-ISSQN,salvador,ISSQN
2024-01-01,2024-01-01,5,2024-06-01,159858497.2817491,170565562.2482739,11783084.68741926,salvador-ISSQN,salvador,ISSQN
2024-01-01,2024-01-01,6,2024-07-01,169912894.89976043,170819103.64215472,11783084.68741926,salvador-ISSQN,salvador,ISSQN
2024-01-01,2024-01-01,7,2024-08-01,179459931.33462426,176084506.10250413,11783084.68741926,salvador-ISSQN,salvador,ISSQN
2024-01-01,2024-01-01,8,2024-09-01,184543486.4872822,169538862.8563894,11783084.68741926,salvador-ISSQN,salvador,ISSQN
2024-01-01,2024-01-01,9,2024-10-01,179016330.2612471,178358381.11386785,11783084.68741926,salvador-ISSQN,salvador,ISSQN
2024-01-01,2024-01-01,10,2024-11-01,170272112.29129708,178816661.44241464,11783084.68741926,salvador-ISSQN,salvador,ISSQN
2024-01-01,2024-01-01,11,2024-12-01,201564378.85060686,194356425.0561648,11783084.68741926,salvador-ISSQN,salvador,ISSQN
2024-01-01,2024-01-01,12,2025-01-01,165418720.9248767,205014372.24244323,11783084.68741926,salvador-ISSQN,salvador,ISSQN
2024-02-01,2024-02-01,1,2024-03-01,162189752.8885526,165338634.0831794,11932142.847481687,salvador-ISSQN,salvador,ISSQN
2024-02-01,2024-02-01,2,2024-04-01,170382067.58095023,162344806.5137149,11932142.847481687,salvador-ISSQN,salvador,ISSQN
2024-02-01,2024-02-01,3,2024-05-01,166327769.7078219,163310403.26539385,11932142.847481687,salvador-ISSQN,salvador,ISSQN
2024-02-01,2024-02-01,4,2024-06-01,159858497.2817491,164282064.49282858,11932142.847481687,salvador-ISSQN,salvador,ISSQN
2024-02-01,2024-02-01,5,2024-07-01,169912894.89976043,165357007.06239837,11932142.847481687,salvador-ISSQN,salvador,ISSQN
2024-02-01,2024-02-01,6,2024-08-01,179459931.33462426,170918672.18586788,11932142.847481687,salvador-ISSQN,salvador,ISSQN
2024-02-01,2024-02-01,7,2024-09-01,184543486.4872822,164881820.77023396,11932142.847481687,salvador-ISSQN,salvador,ISSQN
2024-02-01,2024-02-01,8,2024-10-01,179016330.2612471,173569778.70595777,11932142.847481687,salvador-ISSQN,salvador,ISSQN
2024-02-01,2024-02-01,9,2024-11-01,170272112.29129708,174108881.93282813,11932142.847481687,salvador-ISSQN,salvador,ISSQN
2024-02-01,2024-02-01,10,2024-12-01,201564378.85060686,189197790.84045354,11932142.847481687,salvador-ISSQN,salvador,ISSQN
2024-02-01,2024-02-01,11,2025-01-01,165418720.9248767,199540200.24975172,11932142.847481687,salvador-ISSQN,salvador,ISSQN
2024-02-01,2024-02-01,12,2025-02-01,168682440.2340401,171468860.35112897,11932142.847481687,salvador-ISSQN,salvador,ISSQN
2024-03-01,2024-03-01,1,2024-04-01,170382067.58095023,163060285.55837545,11978368.82477604,salvador-ISSQN,salvador,ISSQN
2024-03-01,2024-03-01,2,2024-05-01,166327769.7078219,165668370.61979935,11978368.82477604,salvador-ISSQN,salvador,ISSQN
2024-03-01,2024-03-01,3,2024-06-01,159858497.2817491,167364278.27546573,11978368.82477604,salvador-ISSQN,salvador,ISSQN
2024-03-01,2024-03-01,4,2024-07-01,169912894.89976043,168771739.16440105,11978368.82477604,salvador-ISSQN,salvador,ISSQN
2024-03-01,2024-03-01,5,2024-08-01,179459931.33462426,174592753.6053035,11978368.82477604,salvador-ISSQN,salvador,ISSQN
2024-03-01,2024-03-01,6,2024-09-01,184543486.4872822,168486737.11991194,11978368.82477604,salvador-ISSQN,salvador,ISSQN
2024-03-01,2024-03-01,7,2024-10-01,179016330.2612471,177396818.85707155,11978368.82477604,salvador-ISSQN,salvador,ISSQN
2024-03-01,2024-03-01,8,2024-11-01,170272112.29129708,177961812.71472225,11978368.82477604,salvador-ISSQN,salvador,ISSQN
2024-03-01,2024-03-01,9,2024-12-01,201564378.85060686,193395735.18679473,11978368.82477604,salvador-ISSQN,salvador,ISSQN
2024-03-01,2024-03-01,10,2025-01-01,165418720.9248767,203973873.51328123,11978368.82477604,salvador-ISSQN,salvador,ISSQN
2024-03-01,2024-03-01,11,2025-02-01,168682440.2340401,175273533.73572135,11978368.82477604,salvador-ISSQN,salvador,ISSQN
2024-03-01,2024-03-01,12,2025-03-01,175688943.8790584,177217336.35435694,11978368.82477604,salvador-ISSQN,salvador,ISSQN
2024-04-01,2024-04-01,1,2024-05-01,166327769.7078219,167810691.09708473,12127319.770823214,salvador-ISSQN,salvador,ISSQN
2024-04-01,2024-04-01,2,2024-06-01,159858497.2817491,166970068.0024723,12127319.770823214,salvador-ISSQN,salvador,ISSQN
2024-04-01,2024-04-01,3,2024-07-01,169912894.89976043,167113217.8797797,12127319.770823214,salvador-ISSQN,salvador,ISSQN
2024-04-01,2024-04-01,4,2024-08-01,179459931.33462426,172250668.21494067,12127319.770823214,salvador-ISSQN,salvador,ISSQN
2024-04-01,2024-04-01,5,2024-09-01,184543486.4872822,165885833.81367475,12127319.770823214,salvador-ISSQN,salvador,ISSQN
2024-04-01,2024-04-01,6,2024-10-01,179016330.2612471,174529054.80646595,12127319.770823214,salvador-ISSQN,salvador,ISSQN
2024-04-01,2024-04-01,7,2024-11-01,170272112.29129708,175001840.64188293,12127319.770823214,salvador-ISSQN,salvador,ISSQN
2024-04-01,2024-04-01,8,2024-12-01,201564378.85060686,190199401.8241922,12127319.770823214,salvador-ISSQN,salvador,ISSQN
2024-04-01,2024-04-01,9,2025-01-01,165418720.9248767,200622921.37202314,12127319.770823214,salvador-ISSQN,salvador,ISSQN
2024-04-01,2024-04-01,10,2025-02-01,168682440.2340401,172271114.6118861,12127319.770823214,salvador-ISSQN,salvador,ISSQN
2024-04-01,2024-04-01,11,2025-03-01,175688943.8790584,174184040.83649722,12127319.770823214,salvador-ISSQN,salvador,ISSQN
2024-04-01,2024-04-01,12,2025-04-01,181535033.12456664,179508983.78467909,12127319.770823214,salvador-ISSQN,salvador,ISSQN
2024-05-01,2024-05-01,1,2024-06-01,159858497.2817491,167828337.2604187,12208676.423622644,salvador-ISSQN,salvador,ISSQN
2024-05-01,2024-05-01,2,2024-07-01,169912894.89976043,170369737.29798838,12208676.423622644,salvador-ISSQN,salvador,ISSQN
2024-05-01,2024-05-01,3,2024-08-01,179459931.33462426,176164182.6458603,12208676.423622644,salvador-ISSQN,salvador,ISSQN
2024-05-01,2024-05-01,4,2024-09-01,184543486.4872822,170015749.4956998,12208676.423622644,salvador-ISSQN,salvador,ISSQN
2024-05-01,2024-05-01,5,2024-10-01,179016330.2612471,178952005.7326346,12208676.423622644,salvador-ISSQN,salvador,ISSQN
2024-05-01,2024-05-01,6,2024-11-01,170272112.29129708,179516251.3370261,12208676.423622644,salvador-ISSQN,salvador,ISSQN
2024-05-01,2024-05-01,7,2024-12-01,201564378.85060686,195000583.49641624,12208676.423622644,salvador-ISSQN,salvador,ISSQN
2024-05-01,2024-05-01,8,2025-01-01,165418720.9248767,205609839.93562368,12208676.423622644,salvador-ISSQN,salvador,ISSQN
2024-05-01,2024-05-01,9,2025-02-01,168682440.2340401,176816746.24575326,12208676.423622644,salvador-ISSQN,salvador,ISSQN
2024-05-01,2024-05-01,10,2025-03-01,175688943.8790584,178767486.94875228,12208676.423622644,salvador-ISSQN,salvador,ISSQN
2024-05-01,2024-05-01,11,2025-04-01,181535033.12456664,184183664.90716332,12208676.423622644,salvador-ISSQN,salvador,ISSQN
2024-05-01,2024-05-01,12,2025-05-01,181276769.84444195,181516400.20977935,12208676.423622644,salvador-ISSQN,salvador,ISSQN
2024-06-01,2024-06-01,1,2024-07-01,169912894.89976043,163059255.59587136,12205773.076029072,salvador-ISSQN,salvador,ISSQN
2024-06-01,2024-06-01,2,2024-08-01,179459931.33462426,169664081.8098,12205773.076029072,salvador-ISSQN,salvador,ISSQN
2024-06-01,2024-06-01,3,2024-09-01,184543486.4872822,164112283.1861745,12205773.076029072,salvador-ISSQN,salvador,ISSQN
2024-06-01,2024-06-01,4,2024-10-01,179016330.2612471,173090350.36738297,12205773.076029072,salvador-ISSQN,salvador,ISSQN
2024-06-01,2024-06-01,5,2024-11-01,170272112.29129708,173752461.0251833,12205773.076029072,salvador-ISSQN,salvador,ISSQN
2024-06-01,2024-06-01,6,2024-12-01,201564378.85060686,189016495.74193168,12205773.076029072,salvador-ISSQN,salvador,ISSQN
2024-06-01,2024-06-01,7,2025-01-01,165418720.9248767,199477583.0622099,12205773.076029072,salvador-ISSQN,salvador,ISSQN
2024-06-01,2024-06-01,8,2025-02-01,168682440.2340401,171189844.62715435,12205773.076029072,salvador-ISSQN,salvador,ISSQN
2024-06-01,2024-06-01,9,2025-03-01,175688943.8790584,173110886.64295578,12205773.076029072,salvador-ISSQN,salvador,ISSQN
2024-06-01,2024-06-01,10,2025-04-01,181535033.12456664,178433585.10326856,12205773.076029072,salvador-ISSQN,salvador,ISSQN
2024-06-01,2024-06-01,11,2025-05-01,181276769.84444195,175814665.00007522,12205773.076029072,salvador-ISSQN,salvador,ISSQN
2024-06-01,2024-06-01,12,2025-06-01,168323445.51961663,171582664.77494603,12205773.076029072,salvador-ISSQN,salvador,ISSQN
2024-07-01,2024-07-01,1,2024-08-01,179459931.33462426,174698366.70941147,12282496.503963746,salvador-ISSQN,salvador,ISSQN
2024-07-01,2024-07-01,2,2024-09-01,184543486.4872822,168203325.2577534,12282496.503963746,salvador-ISSQN,salvador,ISSQN
2024-07-01,2024-07-01,3,2024-10-01,179016330.2612471,176843507.69373304,12282496.503963746,salvador-ISSQN,salvador,ISSQN
2024-07-01,2024-07-01,4,2024-11-01,170272112.29129708,177320010.56992084,12282496.503963746,salvador-ISSQN,salvador,ISSQN
2024-07-01,2024-07-01,5,2024-12-01,201564378.85060686,192549802.70546204,12282496.503963746,salvador-ISSQN,salvador,ISSQN
2024-07-01,2024-07-01,6,2025-01-01,165418720.9248767,202990037.62110665,12282496.503963746,salvador-ISSQN,salvador,ISSQN
2024-07-01,2024-07-01,7,2025-02-01,168682440.2340401,174602980.4041899,12282496.503963746,salvador-ISSQN,salvador,ISSQN
2024-07-01,2024-07-01,8,2025-03-01,175688943.8790584,176523178.7595794,12282496.503963746,salvador-ISSQN,salvador,ISSQN
2024-07-01,2024-07-01,9,2025-04-01,181535033.12456664,181860746.8812514,12282496.503963746,salvador-ISSQN,salvador,ISSQN
2024-07-01,2024-07-01,10,2025-05-01,181276769.84444195,179231114.95668915,12282496.503963746,salvador-ISSQN,salvador,ISSQN
2024-07-01,2024-07-01,11,2025-06-01,168323445.51961663,174982659.8733609,12282496.503963746,salvador-ISSQN,salvador,ISSQN
2024-07-01,2024-07-01,12,2025-07-01,172403341.7654783,181556915.72408205,12282496.503963746,salvador-ISSQN,salvador,ISSQN
2024-08-01,2024-08-01,1,2024-09-01,184543486.4872822,170671398.1504389,12367770.693260504,salvador-ISSQN,salvador,ISSQN
2024-08-01,2024-08-01,2,2024-10-01,179016330.2612471,178751792.37765527,12367770.693260504,salvador-ISSQN,salvador,ISSQN
2024-08-01,2024-08-01,3,2024-11-01,170272112.29129708,179316011.47759137,12367770.693260504,salvador-ISSQN,salvador,ISSQN
2024-08-01,2024-08-01,4,2024-12-01,201564378.85060686,194800338.10122207,12367770.693260504,salvador-ISSQN,salvador,ISSQN
2024-08-01,2024-08-01,5,2025-01-01,165418720.9248767,205410358.2289004,12367770.693260504,salvador-ISSQN,salvador,ISSQN
2024-08-01,2024-08-01,6,2025-02-01,168682440.2340401,176616650.49516806,12367770.693260504,salvador-ISSQN,salvador,ISSQN
2024-08-01,2024-08-01,7,2025-03-01,175688943.8790584,178567282.6744815,12367770.693260504,salvador-ISSQN,salvador,ISSQN
2024-08-01,2024-08-01,8,2025-04-01,181535033.12456664,183983278.117441,12367770.693260504,salvador-ISSQN,salvador,ISSQN
2024-08-01,2024-08-01,9,2025-05-01,181276769.84444195,181316081.66100904,12367770.693260504,salvador-ISSQN,salvador,ISSQN
2024-08-01,2024-08-01,10,2025-06-01,168323445.51961663,177006521.40950415,12367770.693260504,salvador-ISSQN,salvador,ISSQN
2024-08-01,2024-08-01,11,2025-07-01,172403341.7654783,183675912.15657625,12367770.693260504,salvador-ISSQN,salvador,ISSQN
2024-08-01,2024-08-01,12,2025-08-01,184564790.1691121,189866338.09944314,12367770.693260504,salvador-ISSQN,salvador,ISSQN
2024-09-01,2024-09-01,1,2024-10-01,179016330.2612471,187140492.7549776,12585719.543126041,salvador-ISSQN,salvador,ISSQN
2024-09-01,2024-09-01,2,2024-11-01,170272112.29129708,184087407.02332327,12585719.543126041,salvador-ISSQN,salvador,ISSQN
2024-09-01,2024-09-01,3,2024-12-01,201564378.85060686,198357107.68471578,12585719.543126041,salvador-ISSQN,salvador,ISSQN
2024-09-01,2024-09-01,4,2025-01-01,165418720.9248767,208340126.5875936,12585719.543126041,salvador-ISSQN,salvador,ISSQN
2024-09-01,2024-09-01,5,2025-02-01,168682440.2340401,178050487.27635774,12585719.543126041,salvador-ISSQN,salvador,ISSQN
2024-09-01,2024-09-01,6,2025-03-01,175688943.8790584,179820227.74044856,12585719.543126041,salvador-ISSQN,salvador,ISSQN
2024-09-01,2024-09-01,7,2025-04-01,181535033.12456664,185273270.27772492,12585719.543126041,salvador-ISSQN,salvador,ISSQN
2024-09-01,2024-09-01,8,2025-05-01,181276769.84444195,182462396.65060565,12585719.543126041,salvador-ISSQN,salvador,ISSQN
2024-09-01,2024-09-01,9,2025-06-01,168323445.51961663,177995827.38246003,12585719.543126041,salvador-ISSQN,salvador,ISSQN
2024-09-01,2024-09-01,10,2025-07-01,172403341.7654783,184841527.59539908,12585719.543126041,salvador-ISSQN,salvador,ISSQN
2024-09-01,2024-09-01,11,2025-08-01,184564790.1691121,191206892.88110057,12585719.543126041,salvador-ISSQN,salvador,ISSQN
2024-09-01,2024-09-01,12,2025-09-01,187039213.58700693,194543607.74461216,12585719.543126041,salvador-ISSQN,salvador,ISSQN
2024-10-01,2024-10-01,1,2024-11-01,170272112.29129708,178202616.97343385,12623119.3961063,salvador-ISSQN,salvador,ISSQN
2024-10-01,2024-10-01,2,2024-12-01,201564378.85060686,196459420.68872035,12623119.3961063,salvador-ISSQN,salvador,ISSQN
2024-10-01,2024-10-01,3,2025-01-01,165418720.9248767,207063114.16376087,12623119.3961063,salvador-ISSQN,salvador,ISSQN
2024-10-01,2024-10-01,4,2025-02-01,168682440.2340401,178274581.87070236,12623119.3961063,salvador-ISSQN,salvador,ISSQN
2024-10-01,2024-10-01,5,2025-03-01,175688943.8790584,180226098.26892146,12623119.3961063,salvador-ISSQN,salvador,ISSQN
2024-10-01,2024-10-01,6,2025-04-01,181535033.12456664,185643571.26980653,12623119.3961063,salvador-ISSQN,salvador,ISSQN
2024-10-01,2024-10-01,7,2025-05-01,181276769.84444195,182975825.21943262,12623119.3961063,salvador-ISSQN,salvador,ISSQN
2024-10-01,2024-10-01,8,2025-06-01,168323445.51961663,178664644.6174518,12623119.3961063,salvador-ISSQN,salvador,ISSQN
2024-10-01,2024-10-01,9,2025-07-01,172403341.7654783,185336159.42356902,12623119.3961063,salvador-ISSQN,salvador,ISSQN
2024-10-01,2024-10-01,10,2025-08-01,184564790.1691121,191526646.8892691,12623119.3961063,salvador-ISSQN,salvador,ISSQN
2024-10-01,2024-10-01,11,2025-09-01,187039213.58700693,194769245.94096422,12623119.3961063,salvador-ISSQN,salvador,ISSQN
2024-10-01,2024-10-01,12,2025-10-01,195235211.1399195,191241963.78714964,12623119.3961063,salvador-ISSQN,salvador,ISSQN
2024-11-01,2024-11-01,1,2024-12-01,201564378.85060686,187618475.65674657,12570186.486650469,salvador-ISSQN,salvador,ISSQN
2024-11-01,2024-11-01,2,2025-01-01,165418720.9248767,198389022.65751955,12570186.486650469,salvador-ISSQN,salvador,ISSQN
2024-11-01,2024-11-01,3,2025-02-01,168682440.2340401,174209612.152018,12570186.486650469,salvador-ISSQN,salvador,ISSQN
2024-11-01,2024-11-01,4,2025-03-01,175688943.8790584,176131756.0606468,12570186.486650469,salvador-ISSQN,salvador,ISSQN
2024-11-01,2024-11-01,5,2025-04-01,181535033.12456664,180927291.926292,12570186.486650469,salvador-ISSQN,salvador,ISSQN
2024-11-01,2024-11-01,6,2025-05-01,181276769.84444195,178641611.57331964,12570186.486650469,salvador-ISSQN,salvador,ISSQN
2024-11-01,2024-11-01,7,2025-06-01,168323445.51961663,174899098.9069748,12570186.486650469,salvador-ISSQN,salvador,ISSQN
2024-11-01,2024-11-01,8,2025-07-01,172403341.7654783,180709935.21190646,12570186.486650469,salvador-ISSQN,salvador,ISSQN
2024-11-01,2024-11-01,9,2025-08-01,184564790.1691121,186079044.9023057,12570186.486650469,salvador-ISSQN,salvador,ISSQN
2024-11-01,2024-11-01,10,2025-09-01,187039213.58700693,188883587.18901792,12570186.486650469,salvador-ISSQN,salvador,ISSQN
2024-11-01,2024-11-01,11,2025-10-01,195235211.1399195,185833563.4390599,12570186.486650469,salvador-ISSQN,salvador,ISSQN
2024-11-01,2024-11-01,12,2025-11-01,192262765.6760926,180917126.47509608,12570186.486650469,salvador-ISSQN,salvador,ISSQN
2024-12-01,2024-12-01,1,2025-01-01,165418720.9248767,204741194.2145704,12586654.371824685,salvador-ISSQN,salvador,ISSQN
2024-12-01,2024-12-01,2,2025-02-01,168682440.2340401,181378206.75290206,12586654.371824685,salvador-ISSQN,salvador,ISSQN
2024-12-01,2024-12-01,3,2025-03-01,175688943.8790584,180225938.4500361,12586654.371824685,salvador-ISSQN,salvador,ISSQN
2024-12-01,2024-12-01,4,2025-04-01,181535033.12456664,183378978.21123075,12586654.371824685,salvador-ISSQN,salvador,ISSQN
2024-12-01,2024-12-01,5,2025-05-01,181276769.84444195,174020424.17601237,12586654.371824685,salvador-ISSQN,salvador,ISSQN
2024-12-01,2024-12-01,6,2025-06-01,168323445.51961663,174648929.40320328,12586654.371824685,salvador-ISSQN,salvador,ISSQN
2024-12-01,2024-12-01,7,2025-07-01,172403341.7654783,181863329.72576308,12586654.371824685,salvador-ISSQN,salvador,ISSQN
2024-12-01,2024-12-01,8,2025-08-01,184564790.1691121,187664473.72899947,12586654.371824685,salvador-ISSQN,salvador,ISSQN
2024-12-01,2024-12-01,9,2025-09-01,187039213.58700693,185130125.46854785,12586654.371824685,salvador-ISSQN,salvador,ISSQN
2024-12-01,2024-12-01,10,2025-10-01,195235211.1399195,184347478.73750824,12586654.371824685,salvador-ISSQN,salvador,ISSQN
2024-12-01,2024-12-01,11,2025-11-01,192262765.6760926,182553732.85630384,12586654.371824685,salvador-ISSQN,salvador,ISSQN
2024-12-01,2024-12-01,12,2025-12-01,211689477.99,195326756.49915975,12586654.371824685,salvador-ISSQN,salvador,ISSQN
2025-01-01,2025-01-01,1,2025-02-01,168682440.2340401,162786811.49343804,12828142.71343105,salvador-ISSQN,salvador,ISSQN
2025-01-01,2025-01-01,2,2025-03-01,175688943.8790584,168349511.16096163,12828142.71343105,salvador-ISSQN,salvador,ISSQN
2025-01-01,2025-01-01,3,2025-04-01,181535033.12456664,172431701.09503943,12828142.71343105,salvador-ISSQN,salvador,ISSQN
2025-01-01,2025-01-01,4,2025-05-01,181276769.84444195,164033159.34821504,12828142.71343105,salvador-ISSQN,salvador,ISSQN
2025-01-01,2025-01-01,5,2025-06-01,168323445.51961663,166172736.7840265,12828142.71343105,salvador-ISSQN,salvador,ISSQN
2025-01-01,2025-01-01,6,2025-07-01,172403341.7654783,172286809.79252014,12828142.71343105,salvador-ISSQN,salvador,ISSQN
2025-01-01,2025-01-01,7,2025-08-01,184564790.1691121,176521033.3284318,12828142.71343105,salvador-ISSQN,salvador,ISSQN
2025-01-01,2025-01-01,8,2025-09-01,187039213.58700693,173576028.2637455,12828142.71343105,salvador-ISSQN,salvador,ISSQN
2025-01-01,2025-01-01,9,2025-10-01,195235211.1399195,175486196.88103497,12828142.71343105,salvador-ISSQN,salvador,ISSQN
2025-01-01,2025-01-01,10,2025-11-01,192262765.6760926,174569718.4717121,12828142.71343105,salvador-ISSQN,salvador,ISSQN
2025-01-01,2025-01-01,11,2025-12-01,211689477.99,185450363.76885217,12828142.71343105,salvador-ISSQN,salvador,ISSQN
2025-02-01,2025-02-01,1,2025-03-01,175688943.8790584,176027210.73305914,12797016.00055624,salvador-ISSQN,salvador,ISSQN
2025-02-01,2025-02-01,2,2025-04-01,181535033.12456664,176368787.2933018,12797016.00055624,salvador-ISSQN,salvador,ISSQN
2025-02-01,2025-02-01,3,2025-05-01,181276769.84444195,167712597.6525411,12797016.00055624,salvador-ISSQN,salvador,ISSQN
2025-02-01,2025-02-01,4,2025-06-01,168323445.51961663,169308938.93966234,12797016.00055624,salvador-ISSQN,salvador,ISSQN
2025-02-01,2025-02-01,5,2025-07-01,172403341.7654783,175008003.57844085,12797016.00055624,salvador-ISSQN,salvador,ISSQN
2025-02-01,2025-02-01,6,2025-08-01,184564790.1691121,179007011.9458642,12797016.00055624,salvador-ISSQN,salvador,ISSQN
2025-02-01,2025-02-01,7,2025-09-01,187039213.58700693,176266184.94972983,12797016.00055624,salvador-ISSQN,salvador,ISSQN
2025-02-01,2025-02-01,8,2025-10-01,195235211.1399195,178144496.06957456,12797016.00055624,salvador-ISSQN,salvador,ISSQN
2025-02-01,2025-02-01,9,2025-11-01,192262765.6760926,177117291.11180887,12797016.00055624,salvador-ISSQN,salvador,ISSQN
2025-02-01,2025-02-01,10,2025-12-01,211689477.99,187883685.43487564,12797016.00055624,salvador-ISSQN,salvador,ISSQN
2025-03-01,2025-03-01,1,2025-04-01,181535033.12456664,176164928.3181189,12803341.901366595,salvador-ISSQN,salvador,ISSQN
2025-03-01,2025-03-01,2,2025-05-01,181276769.84444195,167730207.56872693,12803341.901366595,salvador-ISSQN,salvador,ISSQN
2025-03-01,2025-03-01,3,2025-06-01,168323445.51961663,169355631.90157828,12803341.901366595,salvador-ISSQN,salvador,ISSQN
2025-03-01,2025-03-01,4,2025-07-01,172403341.7654783,174912872.38042307,12803341.901366595,salvador-ISSQN,salvador,ISSQN
2025-03-01,2025-03-01,5,2025-08-01,184564790.1691121,178756739.9665646,12803341.901366595,salvador-ISSQN,salvador,ISSQN
2025-03-01,2025-03-01,6,2025-09-01,187039213.58700693,176035932.67596447,12803341.901366595,salvador-ISSQN,salvador,ISSQN
2025-03-01,2025-03-01,7,2025-10-01,195235211.1399195,178104273.07177427,12803341.901366595,salvador-ISSQN,salvador,ISSQN
2025-03-01,2025-03-01,8,2025-11-01,192262765.6760926,177107337.7644012,12803341.901366595,salvador-ISSQN,salvador,ISSQN
2025-03-01,2025-03-01,9,2025-12-01,211689477.99,187744091.23760864,12803341.901366595,salvador-ISSQN,salvador,ISSQN
2025-04-01,2025-04-01,1,2025-05-01,181276769.84444195,169639920.42035145,12788606.398172393,salvador-ISSQN,salvador,ISSQN
2025-04-01,2025-04-01,2,2025-06-01,168323445.51961663,170066744.52467605,12788606.398172393,salvador-ISSQN,salvador,ISSQN
2025-04-01,2025-04-01,3,2025-07-01,172403341.7654783,176648909.63884807,12788606.398172393,salvador-ISSQN,salvador,ISSQN
2025-04-01,2025-04-01,4,2025-08-01,184564790.1691121,181464292.73566502,12788606.398172393,salvador-ISSQN,salvador,ISSQN
2025-04-01,2025-04-01,5,2025-09-01,187039213.58700693,178354679.01303586,12788606.398172393,salvador-ISSQN,salvador,ISSQN
2025-04-01,2025-04-01,6,2025-10-01,195235211.1399195,179614605.82279375,12788606.398172393,salvador-ISSQN,salvador,ISSQN
2025-04-01,2025-04-01,7,2025-11-01,192262765.6760926,178556371.8952417,12788606.398172393,salvador-ISSQN,salvador,ISSQN
2025-04-01,2025-04-01,8,2025-12-01,211689477.99,190129572.56223172,12788606.398172393,salvador-ISSQN,salvador,ISSQN
2025-05-01,2025-05-01,1,2025-06-01,168323445.51961663,175862091.2603845,12807724.926831223,salvador-ISSQN,salvador,ISSQN
2025-05-01,2025-05-01,2,2025-07-01,172403341.7654783,179085652.16500264,12807724.926831223,salvador-ISSQN,salvador,ISSQN
2025-05-01,2025-05-01,3,2025-08-01,184564790.1691121,183659485.46706864,12807724.926831223,salvador-ISSQN,salvador,ISSQN
2025-05-01,2025-05-01,4,2025-09-01,187039213.58700693,180631084.21749747,12807724.926831223,salvador-ISSQN,salvador,ISSQN
2025-05-01,2025-05-01,5,2025-10-01,195235211.1399195,182181020.50540462,12807724.926831223,salvador-ISSQN,salvador,ISSQN
2025-05-01,2025-05-01,6,2025-11-01,192262765.6760926,181124262.38241223,12807724.926831223,salvador-ISSQN,salvador,ISSQN
2025-05-01,2025-05-01,7,2025-12-01,211689477.99,192587805.01205397,12807724.926831223,salvador-ISSQN,salvador,ISSQN
2025-06-01,2025-06-01,1,2025-07-01,172403341.7654783,175843041.02104098,12769630.394471891,salvador-ISSQN,salvador,ISSQN
2025-06-01,2025-06-01,2,2025-08-01,184564790.1691121,181127712.59695926,12769630.394471891,salvador-ISSQN,salvador,ISSQN
2025-06-01,2025-06-01,3,2025-09-01,187039213.58700693,178073732.0233508,12769630.394471891,salvador-ISSQN,salvador,ISSQN
2025-06-01,2025-06-01,4,2025-10-01,195235211.1399195,179516369.30357373,12769630.394471891,salvador-ISSQN,salvador,ISSQN
2025-06-01,2025-06-01,5,2025-11-01,192262765.6760926,178549242.33520615,12769630.394471891,salvador-ISSQN,salvador,ISSQN
2025-06-01,2025-06-01,6,2025-12-01,211689477.99,190169001.56836757,12769630.394471891,salvador-ISSQN,salvador,ISSQN
2025-07-01,2025-07-01,1,2025-08-01,184564790.1691121,180376070.3890912,12680246.18987403,salvador-ISSQN,salvador,ISSQN
2025-07-01,2025-07-01,2,2025-09-01,187039213.58700693,183697398.705819,12680246.18987403,salvador-ISSQN,salvador,ISSQN
2025-07-01,2025-07-01,3,2025-10-01,195235211.1399195,180908701.76734942,12680246.18987403,salvador-ISSQN,salvador,ISSQN
2025-07-01,2025-07-01,4,2025-11-01,192262765.6760926,176407957.4978359,12680246.18987403,salvador-ISSQN,salvador,ISSQN
2025-07-01,2025-07-01,5,2025-12-01,211689477.99,192033979.3414576,12680246.18987403,salvador-ISSQN,salvador,ISSQN
2025-08-01,2025-08-01,1,2025-09-01,187039213.58700693,179945965.95663333,12614941.126465531,salvador-ISSQN,salvador,ISSQN
2025-08-01,2025-08-01,2,2025-10-01,195235211.1399195,180663215.9821391,12614941.126465531,salvador-ISSQN,salvador,ISSQN
2025-08-01,2025-08-01,3,2025-11-01,192262765.6760926,179812600.9771722,12614941.126465531,salvador-ISSQN,salvador,ISSQN
2025-08-01,2025-08-01,4,2025-12-01,211689477.99,191186625.61091155,12614941.126465531,salvador-ISSQN,salvador,ISSQN
2025-09-01,2025-09-01,1,2025-10-01,195235211.1399195,186804321.45401666,12528452.117689969,salvador-ISSQN,salvador,ISSQN
2025-09-01,2025-09-01,2,2025-11-01,192262765.6760926,185166201.87386066,12528452.117689969,salvador-ISSQN,salvador,ISSQN
2025-09-01,2025-09-01,3,2025-12-01,211689477.99,196809699.32593682,12528452.117689969,salvador-ISSQN,salvador,ISSQN
2025-10-01,2025-10-01,1,2025-11-01,192262765.6760926,182759917.73161626,12559726.937698293,salvador-ISSQN,salvador,ISSQN
2025-10-01,2025-10-01,2,2025-12-01,211689477.99,199243189.35587355,12559726.937698293,salvador-ISSQN,salvador,ISSQN
2025-11-01,2025-11-01,1,2025-12-01,211689477.99,204001331.5328249,12638978.420447009,salvador-ISSQN,salvador,ISSQN
2020-12-01,2020-12-01,1,2021-01-01,5574464.266987887,5549242.35033213,9834237.621829418,camacari-IPTU,camacari,IPTU
2020-12-01,2020-12-01,2,2021-02-01,6895054.255048427,8199837.703464613,9834237.621829418,camacari-IPTU,camacari,IPTU
2020-12-01,2020-12-01,3,2021-03-01,112702246.07639827,8998389.456435226,9834237.621829418,camacari-IPTU,camacari,IPTU
2020-12-01,2020-12-01,4,2021-04-01,19209490.334815037,20521759.153637856,9834237.621829418,camacari-IPTU,camacari,IPTU
2020-12-01,2020-12-01,5,2021-05-01,26237779.75309817,11009472.986372162,9834237.621829418,camacari-IPTU,camacari,IPTU
2020-12-01,2020-12-01,6,2021-06-01,6780175.600741205,8313221.524108484,9834237.621829418,camacari-IPTU,camacari,IPTU
2020-12-01,2020-12-01,7,2021-07-01,8409795.03666179,9385967.131507229,9834237.621829418,camacari-IPTU,camacari,IPTU
2020-12-01,2020-12-01,8,2021-08-01,8180263.29398786,11449314.126121636,9834237.621829418,camacari-IPTU,camacari,IPTU
2020-12-01,2020-12-01,9,2021-09-01,7259633.949597636,9842845.537866157,9834237.621829418,camacari-IPTU,camacari,IPTU
2020-12-01,2020-12-01,10,2021-10-01,9096487.604462316,10773368.595824685,9834237.621829418,camacari-IPTU,camacari,IPTU
2020-12-01,2020-12-01,11,2021-11-01,7282535.99270146,11622934.223683208,9834237.621829418,camacari-IPTU,camacari,IPTU
2020-12-01,2020-12-01,12,2021-12-01,7197779.503408926,9122359.728982221,9834237.621829418,camacari-IPTU,camacari,IPTU
2021-01-01,2021-01-01,1,2021-02-01,6895054.255048427,5481844.611162555,9688977.182049995,camacari-IPTU,camacari,IPTU
2021-01-01,2021-01-01,2,2021-03-01,112702246.07639827,11192543.951233534,9688977.182049995,camacari-IPTU,camacari,IPTU
2021-01-01,2021-01-01,3,2021-04-01,19209490.334815037,25523425.68548235,9688977.182049995,camacari-IPTU,camacari,IPTU
2021-01-01,2021-01-01,4,2021-05-01,26237779.75309817,9460863.80359122,9688977.182049995,camacari-IPTU,camacari,IPTU
2021-01-01,2021-01-01,5,2021-06-01,6780175.600741205,7650672.276509733,9688977.182049995,camacari-IPTU,camacari,IPTU
2021-01-01,2021-01-01,6,2021-07-01,8409795.03666179,8035881.549614247,9688977.182049995,camacari-IPTU,camacari,IPTU
2021-01-01,2021-01-01,7,2021-08-01,8180263.29398786,8984245.134831773,9688977.182049995,camacari-IPTU,camacari,IPTU
2021-01-01,2021-01-01,8,2021-09-01,7259633.949597636,7891143.972734936,9688977.182049995,camacari-IPTU,camacari,IPTU
2021-01-01,2021-01-01,9,2021-10-01,9096487.604462316,9196975.34293573,9688977.182049995,camacari-IPTU,camacari,IPTU
2021-01-01,2021-01-01,10,2021-11-01,7282535.99270146,8998352.583120544,9688977.182049995,camacari-IPTU,camacari,IPTU
2021-01-01,2021-01-01,11,2021-12-01,7197779.503408926,9757848.700647645,9688977.182049995,camacari-IPTU,camacari,IPTU
2021-01-01,2021-01-01,12,2022-01-01,4837683.587523954,6119913.42839568,9688977.182049995,camacari-IPTU,camacari,IPTU
2021-02-01,2021-02-01,1,2021-03-01,112702246.07639827,17634593.920291755,9554833.068743763,camacari-IPTU,camacari,IPTU
2021-02-01,2021-02-01,2,2021-04-01,19209490.334815037,19524477.436439216,9554833.068743763,camacari-IPTU,camacari,IPTU
2021-02-01,2021-02-01,3,2021-05-01,26237779.75309817,9578061.739125656,9554833.068743763,camacari-IPTU,camacari,IPTU
2021-02-01,2021-02-01,4,2021-06-01,6780175.600741205,7718555.420000376,9554833.068743763,camacari-IPTU,camacari,IPTU
2021-02-01,2021-02-01,5,2021-07-01,8409795.03666179,7858589.22294015,9554833.068743763,camacari-IPTU,camacari,IPTU
2021-02-01,2021-02-01,6,2021-08-01,8180263.29398786,8149497.040901114,9554833.068743763,camacari-IPTU,camacari,IPTU
2021-02-01,2021-02-01,7,2021-09-01,7259633.949597636,7814157.241201908,9554833.068743763,camacari-IPTU,camacari,IPTU
2021-02-01,2021-02-01,8,2021-10-01,9096487.604462316,8495234.939313613,9554833.068743763,camacari-IPTU,camacari,IPTU
2021-02-01,2021-02-01,9,2021-11-01,7282535.99270146,8099794.207765858,9554833.068743763,camacari-IPTU,camacari,IPTU
2021-02-01,2021-02-01,10,2021-12-01,7197779.503408926,10790608.168256471,9554833.068743763,camacari-IPTU,camacari,IPTU
2021-02-01,2021-02-01,11,2022-01-01,4837683.587523954,6714915.040453198,9554833.068743763,camacari-IPTU,camacari,IPTU
2021-02-01,2021-02-01,12,2022-02-01,10747333.805839347,7419209.871077185,9554833.068743763,camacari-IPTU,camacari,IPTU
2021-03-01,2021-03-01,1,2021-04-01,19209490.334815037,26664861.225239396,10499157.47482719,camacari-IPTU,camacari,IPTU
2021-03-01,2021-03-01,2,2021-05-01,26237779.75309817,13041526.954398558,10499157.47482719,camacari-IPTU,camacari,IPTU
2021-03-01,2021-03-01,3,2021-06-01,6780175.600741205,10500018.962006617,10499157.47482719,camacari-IPTU,camacari,IPTU
2021-03-01,2021-03-01,4,2021-07-01,8409795.03666179,10691328.998824762,10499157.47482719,camacari-IPTU,camacari,IPTU
2021-03-01,2021-03-01,5,2021-08-01,8180263.29398786,11088804.485371266,10499157.47482719,camacari-IPTU,camacari,IPTU
2021-03-01,2021-03-01,6,2021-09-01,7259633.949597636,10630625.765408555,10499157.47482719,camacari-IPTU,camacari,IPTU
2021-03-01,2021-03-01,7,2021-10-01,9096487.604462316,11561273.791630503,10499157.47482719,camacari-IPTU,camacari,IPTU
2021-03-01,2021-03-01,8,2021-11-01,7282535.99270146,11020889.800596502,10499157.47482719,camacari-IPTU,camacari,IPTU
2021-03-01,2021-03-01,9,2021-12-01,7197779.503408926,14699949.383849876,10499157.47482719,camacari-IPTU,camacari,IPTU
2021-03-01,2021-03-01,10,2022-01-01,4837683.587523954,9129322.221999936,10499157.47482719,camacari-IPTU,camacari,IPTU
2021-03-01,2021-03-01,11,2022-02-01,10747333.805839347,10091111.543475594,10499157.47482719,camacari-IPTU,camacari,IPTU
2021-03-01,2021-03-01,12,2022-03-01,127432797.50553215,37634937.21611094,10499157.47482719,camacari-IPTU,camacari,IPTU
2021-04-01,2021-04-01,1,2021-05-01,26237779.75309817,12225674.664561968,10882382.342094596,camacari-IPTU,camacari,IPTU
2021-04-01,2021-04-01,2,2021-06-01,6780175.600741205,9749740.506983824,10882382.342094596,camacari-IPTU,camacari,IPTU
2021-04-01,2021-04-01,3,2021-07-01,8409795.03666179,9935269.285197008,10882382.342094596,camacari-IPTU,camacari,IPTU
2021-04-01,2021-04-01,4,2021-08-01,8180263.29398786,10321197.663337495,10882382.342094596,camacari-IPTU,camacari,IPTU
2021-04-01,2021-04-01,5,2021-09-01,7259633.949597636,9876384.51701366,10882382.342094596,camacari-IPTU,camacari,IPTU
2021-04-01,2021-04-01,6,2021-10-01,9096487.604462316,10780731.966871597,10882382.342094596,camacari-IPTU,camacari,IPTU
2021-04-01,2021-04-01,7,2021-11-01,7282535.99270146,10255212.245728895,10882382.342094596,camacari-IPTU,camacari,IPTU
2021-04-01,2021-04-01,8,2021-12-01,7197779.503408926,13853110.745051257,10882382.342094596,camacari-IPTU,camacari,IPTU
2021-04-01,2021-04-01,9,2022-01-01,4837683.587523954,8424979.90742823,10882382.342094596,camacari-IPTU,camacari,IPTU
2021-04-01,2021-04-01,10,2022-02-01,10747333.805839347,9353691.79423087,10882382.342094596,camacari-IPTU,camacari,IPTU
2021-04-01,2021-04-01,11,2022-03-01,127432797.50553215,36964417.963038996,10882382.342094596,camacari-IPTU,camacari,IPTU
2021-04-01,2021-04-01,12,2022-04-01,40453619.22855426,15482561.949341405,10882382.342094596,camacari-IPTU,camacari,IPTU
2021-05-01,2021-05-01,1,2021-06-01,6780175.600741205,10519984.05503807,10935783.647750793,camacari-IPTU,camacari,IPTU
2021-05-01,2021-05-01,2,2021-07-01,8409795.03666179,10717618.149747321,10935783.647750793,camacari-IPTU,camacari,IPTU
2021-05-01,2021-05-01,3,2021-08-01,8180263.29398786,11128579.140402915,10935783.647750793,camacari-IPTU,camacari,IPTU
2021-05-01,2021-05-01,4,2021-09-01,7259633.949597636,10654896.379526593,10935783.647750793,camacari-IPTU,camacari,IPTU
2021-05-01,2021-05-01,5,2021-10-01,9096487.604462316,11617667.869565325,10935783.647750793,camacari-IPTU,camacari,IPTU
2021-05-01,2021-05-01,6,2021-11-01,7282535.99270146,11058327.644338543,10935783.647750793,camacari-IPTU,camacari,IPTU
2021-05-01,2021-05-01,7,2021-12-01,7197779.503408926,14881363.992033023,10935783.647750793,camacari-IPTU,camacari,IPTU
2021-05-01,2021-05-01,8,2022-01-01,4837683.587523954,9107346.824590378,10935783.647750793,camacari-IPTU,camacari,IPTU
2021-05-01,2021-05-01,9,2022-02-01,10747333.805839347,10097933.974451106,10935783.647750793,camacari-IPTU,camacari,IPTU
2021-05-01,2021-05-01,10,2022-03-01,127432797.50553215,39218990.41955344,10935783.647750793,camacari-IPTU,camacari,IPTU
2021-05-01,2021-05-01,11,2022-04-01,40453619.22855426,16608420.839075943,10935783.647750793,camacari-IPTU,camacari,IPTU
2021-05-01,2021-05-01,12,2022-05-01,21962579.319788303,19323617.298577707,10935783.647750793,camacari-IPTU,camacari,IPTU
2021-06-01,2021-06-01,1,2021-07-01,8409795.03666179,10165487.754395224,10781020.91660674,camacari-IPTU,camacari,IPTU
2021-06-01,2021-06-01,2,2021-08-01,8180263.29398786,10565757.389563426,10781020.91660674,camacari-IPTU,camacari,IPTU
2021-06-01,2021-06-01,3,2021-09-01,7259633.949597636,10104432.939774921,10781020.91660674,camacari-IPTU,camacari,IPTU
2021-06-01,2021-06-01,4,2021-10-01,9096487.604462316,11042629.497718949,10781020.91660674,camacari-IPTU,camacari,IPTU
2021-06-01,2021-06-01,5,2021-11-01,7282535.99270146,10497305.488624431,10781020.91660674,camacari-IPTU,camacari,IPTU
2021-06-01,2021-06-01,6,2021-12-01,7197779.503408926,14237443.578208055,10781020.91660674,camacari-IPTU,camacari,IPTU
2021-06-01,2021-06-01,7,2022-01-01,4837683.587523954,8601160.909810167,10781020.91660674,camacari-IPTU,camacari,IPTU
2021-06-01,2021-06-01,8,2022-02-01,10747333.805839347,9562695.107545538,10781020.91660674,camacari-IPTU,camacari,IPTU
2021-06-01,2021-06-01,9,2022-03-01,127432797.50553215,38493277.37039706,10781020.91660674,camacari-IPTU,camacari,IPTU
2021-06-01,2021-06-01,10,2022-04-01,40453619.22855426,15935849.993778367,10781020.91660674,camacari-IPTU,camacari,IPTU
2021-06-01,2021-06-01,11,2022-05-01,21962579.319788303,18615281.80980132,10781020.91660674,camacari-IPTU,camacari,IPTU
2021-06-01,2021-06-01,12,2022-06-01,12354716.21055757,9482946.903458342,10781020.91660674,camacari-IPTU,camacari,IPTU
2021-07-01,2021-07-01,1,2021-08-01,8180263.29398786,9630671.38578379,10629290.604000622,camacari-IPTU,camacari,IPTU
2021-07-01,2021-07-01,2,2021-09-01,7259633.949597636,9245164.439234653,10629290.604000622,camacari-IPTU,camacari,IPTU
2021-07-01,2021-07-01,3,2021-10-01,9096487.604462316,10027671.134121625,10629290.604000622,camacari-IPTU,camacari,IPTU
2021-07-01,2021-07-01,4,2021-11-01,7282535.99270146,9573561.211596405,10629290.604000622,camacari-IPTU,camacari,IPTU
2021-07-01,2021-07-01,5,2021-12-01,7197779.503408926,12652789.776554149,10629290.604000622,camacari-IPTU,camacari,IPTU
2021-07-01,2021-07-01,6,2022-01-01,4837683.587523954,7978134.120699503,10629290.604000622,camacari-IPTU,camacari,IPTU
2021-07-01,2021-07-01,7,2022-02-01,10747333.805839347,8790541.316762298,10629290.604000622,camacari-IPTU,camacari,IPTU
2021-07-01,2021-07-01,8,2022-03-01,127432797.50553215,31437757.70037238,10629290.604000622,camacari-IPTU,camacari,IPTU
2021-07-01,2021-07-01,9,2022-04-01,40453619.22855426,14027250.504245138,10629290.604000622,camacari-IPTU,camacari,IPTU
2021-07-01,2021-07-01,10,2022-05-01,21962579.319788303,16170905.858406812,10629290.604000622,camacari-IPTU,camacari,IPTU
2021-07-01,2021-07-01,11,2022-06-01,12354716.21055757,8723435.099614961,10629290.604000622,camacari-IPTU,camacari,IPTU
2021-07-01,2021-07-01,12,2022-07-01,17752542.53971789,9623956.93126241,10629290.604000622,camacari-IPTU,camacari,IPTU
2021-08-01,2021-08-01,1,2021-09-01,7259633.949597636,9922150.049539756,10476542.229397617,camacari-IPTU,camacari,IPTU
2021-08-01,2021-08-01,2,2021-10-01,9096487.604462316,10844174.068912022,10476542.229397617,camacari-IPTU,camacari,IPTU
2021-08-01,2021-08-01,3,2021-11-01,7282535.99270146,10308242.498432197,10476542.229397617,camacari-IPTU,camacari,IPTU
2021-08-01,2021-08-01,4,2021-12-01,7197779.503408926,13984348.560042769,10476542.229397617,camacari-IPTU,camacari,IPTU
2021-08-01,2021-08-01,5,2022-01-01,4837683.587523954,8444933.768807327,10476542.229397617,camacari-IPTU,camacari,IPTU
2021-08-01,2021-08-01,6,2022-02-01,10747333.805839347,9389780.741770605,10476542.229397617,camacari-IPTU,camacari,IPTU
2021-08-01,2021-08-01,7,2022-03-01,127432797.50553215,37838392.740418956,10476542.229397617,camacari-IPTU,camacari,IPTU
2021-08-01,2021-08-01,8,2022-04-01,40453619.22855426,15653941.479222957,10476542.229397617,camacari-IPTU,camacari,IPTU
2021-08-01,2021-08-01,9,2022-05-01,21962579.319788303,18288194.60341624,10476542.229397617,camacari-IPTU,camacari,IPTU
2021-08-01,2021-08-01,10,2022-06-01,12354716.21055757,9311413.619492956,10476542.229397617,camacari-IPTU,camacari,IPTU
2021-08-01,2021-08-01,11,2022-07-01,17752542.53971789,10367603.14536039,10476542.229397617,camacari-IPTU,camacari,IPTU
2021-08-01,2021-08-01,12,2022-08-01,15164896.700699635,10225472.070448237,10476542.229397617,camacari-IPTU,camacari,IPTU
2021-09-01,2021-09-01,1,2021-10-01,9096487.604462316,10287943.793416087,10331105.827917611,camacari-IPTU,camacari,IPTU
2021-09-01,2021-09-01,2,2021-11-01,7282535.99270146,9796088.382314403,10331105.827917611,camacari-IPTU,camacari,IPTU
2021-09-01,2021-09-01,3,2021-12-01,7197779.503408926,13411018.782611737,10331105.827917611,camacari-IPTU,camacari,IPTU
2021-09-01,2021-09-01,4,2022-01-01,4837683.587523954,7978293.9861962255,10331105.827917611,camacari-IPTU,camacari,IPTU
2021-09-01,2021-09-01,5,2022-02-01,10747333.805839347,8898919.152478058,10331105.827917611,camacari-IPTU,camacari,IPTU
2021-09-01,2021-09-01,6,2022-03-01,127432797.50553215,37375932.10717237,10331105.827917611,camacari-IPTU,camacari,IPTU
2021-09-01,2021-09-01,7,2022-04-01,40453619.22855426,15062541.944644617,10331105.827917611,camacari-IPTU,camacari,IPTU
2021-09-01,2021-09-01,8,2022-05-01,21962579.319788303,17678753.389000352,10331105.827917611,camacari-IPTU,camacari,IPTU
2021-09-01,2021-09-01,9,2022-06-01,12354716.21055757,8822452.337050717,10331105.827917611,camacari-IPTU,camacari,IPTU
2021-09-01,2021-09-01,10,2022-07-01,17752542.53971789,9854577.576161684,10331105.827917611,camacari-IPTU,camacari,IPTU
2021-09-01,2021-09-01,11,2022-08-01,15164896.700699635,9715495.507276174,10331105.827917611,camacari-IPTU,camacari,IPTU
2021-09-01,2021-09-01,12,2022-09-01,12832045.767347911,9137578.556815304,10331105.827917611,camacari-IPTU,camacari,IPTU
2021-10-01,2021-10-01,1,2021-11-01,7282535.99270146,9430115.407928266,10185035.30767684,camacari-IPTU,camacari,IPTU
2021-10-01,2021-10-01,2,2021-12-01,7197779.503408926,13264930.389380684,10185035.30767684,camacari-IPTU,camacari,IPTU
2021-10-01,2021-10-01,3,2022-01-01,4837683.587523954,7824742.990138548,10185035.30767684,camacari-IPTU,camacari,IPTU
2021-10-01,2021-10-01,4,2022-02-01,10747333.805839347,8776128.546632791,10185035.30767684,camacari-IPTU,camacari,IPTU
2021-10-01,2021-10-01,5,2022-03-01,127432797.50553215,38664954.33181276,10185035.30767684,camacari-IPTU,camacari,IPTU
2021-10-01,2021-10-01,6,2022-04-01,40453619.22855426,15128658.394875841,10185035.30767684,camacari-IPTU,camacari,IPTU
2021-10-01,2021-10-01,7,2022-05-01,21962579.319788303,17851151.970587425,10185035.30767684,camacari-IPTU,camacari,IPTU
2021-10-01,2021-10-01,8,2022-06-01,12354716.21055757,8708322.468950812,10185035.30767684,camacari-IPTU,camacari,IPTU
2021-10-01,2021-10-01,9,2022-07-01,17752542.53971789,9762463.627760991,10185035.30767684,camacari-IPTU,camacari,IPTU
2021-10-01,2021-10-01,10,2022-08-01,15164896.700699635,9620229.21033377,10185035.30767684,camacari-IPTU,camacari,IPTU
2021-10-01,2021-10-01,11,2022-09-01,12832045.767347911,9029844.33473337,10185035.30767684,camacari-IPTU,camacari,IPTU
2021-10-01,2021-10-01,12,2022-10-01,13457745.956336224,10177553.056068167,10185035.30767684,camacari-IPTU,camacari,IPTU
2021-11-01,2021-11-01,1,2021-12-01,7197779.503408926,12906497.406250687,10056105.35456376,camacari-IPTU,camacari,IPTU
2021-11-01,2021-11-01,2,2022-01-01,4837683.587523954,7720681.031006323,10056105.35456376,camacari-IPTU,camacari,IPTU
2021-11-01,2021-11-01,3,2022-02-01,10747333.805839347,8001227.706810724,10056105.35456376,camacari-IPTU,camacari,IPTU
2021-11-01,2021-11-01,4,2022-03-01,127432797.50553215,22959170.602784563,10056105.35456376,camacari-IPTU,camacari,IPTU
2021-11-01,2021-11-01,5,2022-04-01,40453619.22855426,10727402.967086164,10056105.35456376,camacari-IPTU,camacari,IPTU
2021-11-01,2021-11-01,6,2022-05-01,21962579.319788303,16182642.237940952,10056105.35456376,camacari-IPTU,camacari,IPTU
2021-11-01,2021-11-01,7,2022-06-01,12354716.21055757,8622771.83116235,10056105.35456376,camacari-IPTU,camacari,IPTU
2021-11-01,2021-11-01,8,2022-07-01,17752542.53971789,9689792.707969071,10056105.35456376,camacari-IPTU,camacari,IPTU
2021-11-01,2021-11-01,9,2022-08-01,15164896.700699635,9758245.2704729,10056105.35456376,camacari-IPTU,camacari,IPTU
2021-11-01,2021-11-01,10,2022-09-01,12832045.767347911,9146420.80443192,10056105.35456376,camacari-IPTU,camacari,IPTU
2021-11-01,2021-11-01,11,2022-10-01,13457745.956336224,10581848.289404904,10056105.35456376,camacari-IPTU,camacari,IPTU
2021-11-01,2021-11-01,12,2022-11-01,12616930.535112843,9638377.526222518,10056105.35456376,camacari-IPTU,camacari,IPTU
2021-12-01,2021-12-01,1,2022-01-01,4837683.587523954,7502414.446584133,10029277.341709485,camacari-IPTU,camacari,IPTU
2021-12-01,2021-12-01,2,2022-02-01,10747333.805839347,8385000.288514088,10029277.341709485,camacari-IPTU,camacari,IPTU
2021-12-01,2021-12-01,3,2022-03-01,127432797.50553215,36162124.97333952,10029277.341709485,camacari-IPTU,camacari,IPTU
2021-12-01,2021-12-01,4,2022-04-01,40453619.22855426,14331114.136028294,10029277.341709485,camacari-IPTU,camacari,IPTU
2021-12-01,2021-12-01,5,2022-05-01,21962579.319788303,16870045.441326883,10029277.341709485,camacari-IPTU,camacari,IPTU
2021-12-01,2021-12-01,6,2022-06-01,12354716.21055757,8311626.32160767,10029277.341709485,camacari-IPTU,camacari,IPTU
2021-12-01,2021-12-01,7,2022-07-01,17752542.53971789,9302956.104092415,10029277.341709485,camacari-IPTU,camacari,IPTU
2021-12-01,2021-12-01,8,2022-08-01,15164896.700699635,9169255.000330407,10029277.341709485,camacari-IPTU,camacari,IPTU
2021-12-01,2021-12-01,9,2022-09-01,12832045.767347911,8614081.005683996,10029277.341709485,camacari-IPTU,camacari,IPTU
2021-12-01,2021-12-01,10,2022-10-01,13457745.956336224,9692889.159193598,10029277.341709485,camacari-IPTU,camacari,IPTU
2021-12-01,2021-12-01,11,2022-11-01,12616930.535112843,8628286.073089264,10029277.341709485,camacari-IPTU,camacari,IPTU
2021-12-01,2021-12-01,12,2022-12-01,12784174.1801717,8575608.41644564,10029277.341709485,camacari-IPTU,camacari,IPTU
2022-01-01,2022-01-01,1,2022-02-01,10747333.805839347,7536786.878957445,9901982.866884204,camacari-IPTU,camacari,IPTU
2022-01-01,2022-01-01,2,2022-03-01,127432797.50553215,31263183.866562247,9901982.866884204,camacari-IPTU,camacari,IPTU
2022-01-01,2022-01-01,3,2022-04-01,40453619.22855426,12698840.991668437,9901982.866884204,camacari-IPTU,camacari,IPTU
2022-01-01,2022-01-01,4,2022-05-01,21962579.319788303,14883804.577281132,9901982.866884204,camacari-IPTU,camacari,IPTU
2022-01-01,2022-01-01,5,2022-06-01,12354716.21055757,7472584.1442283755,9901982.866884204,camacari-IPTU,camacari,IPTU
2022-01-01,2022-01-01,6,2022-07-01,17752542.53971789,8338781.637363851,9901982.866884204,camacari-IPTU,camacari,IPTU
2022-01-01,2022-01-01,7,2022-08-01,15164896.700699635,8222106.651122739,9901982.866884204,camacari-IPTU,camacari,IPTU
2022-01-01,2022-01-01,8,2022-09-01,12832045.767347911,7737138.449273342,9901982.866884204,camacari-IPTU,camacari,IPTU
2022-01-01,2022-01-01,9,2022-10-01,13457745.956336224,8678806.174517876,9901982.866884204,camacari-IPTU,camacari,IPTU
2022-01-01,2022-01-01,10,2022-11-01,12616930.535112843,7749557.340048984,9901982.866884204,camacari-IPTU,camacari,IPTU
2022-01-01,2022-01-01,11,2022-12-01,12784174.1801717,7703500.747077933,9901982.866884204,camacari-IPTU,camacari,IPTU
2022-01-01,2022-01-01,12,2023-01-01,7047786.234635349,6292481.924432365,9901982.866884204,camacari-IPTU,camacari,IPTU
2022-02-01,2022-02-01,1,2022-03-01,127432797.50553215,23420105.397921707,9820230.119369429,camacari-IPTU,camacari,IPTU
2022-02-01,2022-02-01,2,2022-04-01,40453619.22855426,10503312.893521514,9820230.119369429,camacari-IPTU,camacari,IPTU
2022-02-01,2022-02-01,3,2022-05-01,21962579.319788303,15949749.491013048,9820230.119369429,camacari-IPTU,camacari,IPTU
2022-02-01,2022-02-01,4,2022-06-01,12354716.21055757,8415299.825571116,9820230.119369429,camacari-IPTU,camacari,IPTU
2022-02-01,2022-02-01,5,2022-07-01,17752542.53971789,9471412.352968872,9820230.119369429,camacari-IPTU,camacari,IPTU
2022-02-01,2022-02-01,6,2022-08-01,15164896.700699635,9543198.49668721,9820230.119369429,camacari-IPTU,camacari,IPTU
2022-02-01,2022-02-01,7,2022-09-01,12832045.767347911,8939752.180502487,9820230.119369429,camacari-IPTU,camacari,IPTU
2022-02-01,2022-02-01,8,2022-10-01,13457745.956336224,10388050.810760526,9820230.119369429,camacari-IPTU,camacari,IPTU
2022-02-01,2022-02-01,9,2022-11-01,12616930.535112843,9462179.468096588,9820230.119369429,camacari-IPTU,camacari,IPTU
2022-02-01,2022-02-01,10,2022-12-01,12784174.1801717,7289431.407261313,9820230.119369429,camacari-IPTU,camacari,IPTU
2022-02-01,2022-02-01,11,2023-01-01,7047786.234635349,7838033.273373078,9820230.119369429,camacari-IPTU,camacari,IPTU
2022-02-01,2022-02-01,12,2023-02-01,12018263.329091424,11535011.366014944,9820230.119369429,camacari-IPTU,camacari,IPTU
2022-03-01,2022-03-01,1,2022-04-01,40453619.22855426,15489838.299415648,9885701.07016629,camacari-IPTU,camacari,IPTU
2022-03-01,2022-03-01,2,2022-05-01,21962579.319788303,24914631.902712524,9885701.07016629,camacari-IPTU,camacari,IPTU
2022-03-01,2022-03-01,3,2022-06-01,12354716.21055757,7375920.251704742,9885701.07016629,camacari-IPTU,camacari,IPTU
2022-03-01,2022-03-01,4,2022-07-01,17752542.53971789,9626977.110681696,9885701.07016629,camacari-IPTU,camacari,IPTU
2022-03-01,2022-03-01,5,2022-08-01,15164896.700699635,9508667.614339413,9885701.07016629,camacari-IPTU,camacari,IPTU
2022-03-01,2022-03-01,6,2022-09-01,12832045.767347911,8905561.719085786,9885701.07016629,camacari-IPTU,camacari,IPTU
2022-03-01,2022-03-01,7,2022-10-01,13457745.956336224,10597131.828448158,9885701.07016629,camacari-IPTU,camacari,IPTU
2022-03-01,2022-03-01,8,2022-11-01,12616930.535112843,9144233.832945855,9885701.07016629,camacari-IPTU,camacari,IPTU
2022-03-01,2022-03-01,9,2022-12-01,12784174.1801717,7051335.091256901,9885701.07016629,camacari-IPTU,camacari,IPTU
2022-03-01,2022-03-01,10,2023-01-01,7047786.234635349,6738718.036199564,9885701.07016629,camacari-IPTU,camacari,IPTU
2022-03-01,2022-03-01,11,2023-02-01,12018263.329091424,12463688.716090191,9885701.07016629,camacari-IPTU,camacari,IPTU
2022-03-01,2022-03-01,12,2023-03-01,113631532.97417936,51531349.31368796,9885701.07016629,camacari-IPTU,camacari,IPTU
2022-04-01,2022-04-01,1,2022-05-01,21962579.319788303,31188780.385970287,10035154.06784488,camacari-IPTU,camacari,IPTU
2022-04-01,2022-04-01,2,2022-06-01,12354716.21055757,8059577.059482761,10035154.06784488,camacari-IPTU,camacari,IPTU
2022-04-01,2022-04-01,3,2022-07-01,17752542.53971789,9996701.43425513,10035154.06784488,camacari-IPTU,camacari,IPTU
2022-04-01,2022-04-01,4,2022-08-01,15164896.700699635,9723857.650168525,10035154.06784488,camacari-IPTU,camacari,IPTU
2022-04-01,2022-04-01,5,2022-09-01,12832045.767347911,8629507.948735569,10035154.06784488,camacari-IPTU,camacari,IPTU
2022-04-01,2022-04-01,6,2022-10-01,13457745.956336224,10812971.099270526,10035154.06784488,camacari-IPTU,camacari,IPTU
2022-04-01,2022-04-01,7,2022-11-01,12616930.535112843,8656731.547663426,10035154.06784488,camacari-IPTU,camacari,IPTU
2022-04-01,2022-04-01,8,2022-12-01,12784174.1801717,8555981.729816558,10035154.06784488,camacari-IPTU,camacari,IPTU
2022-04-01,2022-04-01,9,2023-01-01,7047786.234635349,5750541.86779204,10035154.06784488,camacari-IPTU,camacari,IPTU
2022-04-01,2022-04-01,10,2023-02-01,12018263.329091424,12775327.674799038,10035154.06784488,camacari-IPTU,camacari,IPTU
2022-04-01,2022-04-01,11,2023-03-01,113631532.97417936,151479034.15495944,10035154.06784488,camacari-IPTU,camacari,IPTU
2022-04-01,2022-04-01,12,2023-04-01,19541386.126198694,48087111.70723421,10035154.06784488,camacari-IPTU,camacari,IPTU
2022-05-01,2022-05-01,1,2022-06-01,12354716.21055757,8020971.2404390555,9960349.475188581,camacari-IPTU,camacari,IPTU
2022-05-01,2022-05-01,2,2022-07-01,17752542.53971789,9948816.682517357,9960349.475188581,camacari-IPTU,camacari,IPTU
2022-05-01,2022-05-01,3,2022-08-01,15164896.700699635,9677279.83521886,9960349.475188581,camacari-IPTU,camacari,IPTU
2022-05-01,2022-05-01,4,2022-09-01,12832045.767347911,8588172.129269335,9960349.475188581,camacari-IPTU,camacari,IPTU
2022-05-01,2022-05-01,5,2022-10-01,13457745.956336224,10761176.370775178,9960349.475188581,camacari-IPTU,camacari,IPTU
2022-05-01,2022-05-01,6,2022-11-01,12616930.535112843,8615265.325655434,9960349.475188581,camacari-IPTU,camacari,IPTU
2022-05-01,2022-05-01,7,2022-12-01,12784174.1801717,8514998.10499793,9960349.475188581,camacari-IPTU,camacari,IPTU
2022-05-01,2022-05-01,8,2023-01-01,7047786.234635349,5722996.454786774,9960349.475188581,camacari-IPTU,camacari,IPTU
2022-05-01,2022-05-01,9,2023-02-01,12018263.329091424,12714133.149975056,9960349.475188581,camacari-IPTU,camacari,IPTU
2022-05-01,2022-05-01,10,2023-03-01,113631532.97417936,150753441.21895975,9960349.475188581,camacari-IPTU,camacari,IPTU
2022-05-01,2022-05-01,11,2023-04-01,19541386.126198694,47856771.78750857,9960349.475188581,camacari-IPTU,camacari,IPTU
2022-05-01,2022-05-01,12,2023-05-01,14150456.746575596,25981807.47274831,9960349.475188581,camacari-IPTU,camacari,IPTU
2022-06-01,2022-06-01,1,2022-07-01,17752542.53971789,9992166.453335892,9904121.156401757,camacari-IPTU,camacari,IPTU
2022-06-01,2022-06-01,2,2022-08-01,15164896.700699635,9719446.444212714,9904121.156401757,camacari-IPTU,camacari,IPTU
2022-06-01,2022-06-01,3,2022-09-01,12832045.767347911,8625593.19203834,9904121.156401757,camacari-IPTU,camacari,IPTU
2022-06-01,2022-06-01,4,2022-10-01,13457745.956336224,10808065.819470149,9904121.156401757,camacari-IPTU,camacari,IPTU
2022-06-01,2022-06-01,5,2022-11-01,12616930.535112843,8652804.441042295,9904121.156401757,camacari-IPTU,camacari,IPTU
2022-06-01,2022-06-01,6,2022-12-01,12784174.1801717,8552100.328121653,9904121.156401757,camacari-IPTU,camacari,IPTU
2022-06-01,2022-06-01,7,2023-01-01,7047786.234635349,5747933.147523916,9904121.156401757,camacari-IPTU,camacari,IPTU
2022-06-01,2022-06-01,8,2023-02-01,12018263.329091424,12769532.176391518,9904121.156401757,camacari-IPTU,camacari,IPTU
2022-06-01,2022-06-01,9,2023-03-01,113631532.97417936,151410316.03487948,9904121.156401757,camacari-IPTU,camacari,IPTU
2022-06-01,2022-06-01,10,2023-04-01,19541386.126198694,48065297.09813645,9904121.156401757,camacari-IPTU,camacari,IPTU
2022-06-01,2022-06-01,11,2023-05-01,14150456.746575596,26095017.458954334,9904121.156401757,camacari-IPTU,camacari,IPTU
2022-06-01,2022-06-01,12,2023-06-01,13391841.733009398,14679356.669389307,9904121.156401757,camacari-IPTU,camacari,IPTU
2022-07-01,2022-07-01,1,2022-08-01,15164896.700699635,9848718.555569187,9897015.160789788,camacari-IPTU,camacari,IPTU
2022-07-01,2022-07-01,2,2022-09-01,12832045.767347911,8740316.664206907,9897015.160789788,camacari-IPTU,camacari,IPTU
2022-07-01,2022-07-01,3,2022-10-01,13457745.956336224,10951816.957580958,9897015.160789788,camacari-IPTU,camacari,IPTU
2022-07-01,2022-07-01,4,2022-11-01,12616930.535112843,8767889.832547702,9897015.160789788,camacari-IPTU,camacari,IPTU
2022-07-01,2022-07-01,5,2022-12-01,12784174.1801717,8665846.31893441,9897015.160789788,camacari-IPTU,camacari,IPTU
2022-07-01,2022-07-01,6,2023-01-01,7047786.234635349,5824382.712648956,9897015.160789788,camacari-IPTU,camacari,IPTU
2022-07-01,2022-07-01,7,2023-02-01,12018263.329091424,12939371.518060965,9897015.160789788,camacari-IPTU,camacari,IPTU
2022-07-01,2022-07-01,8,2023-03-01,113631532.97417936,153424127.35091734,9897015.160789788,camacari-IPTU,camacari,IPTU
2022-07-01,2022-07-01,9,2023-04-01,19541386.126198694,48704582.727674745,9897015.160789788,camacari-IPTU,camacari,IPTU
2022-07-01,2022-07-01,10,2023-05-01,14150456.746575596,26442090.517298274,9897015.160789788,camacari-IPTU,camacari,IPTU
2022-07-01,2022-07-01,11,2023-06-01,13391841.733009398,14874597.359370843,9897015.160789788,camacari-IPTU,camacari,IPTU
2022-07-01,2022-07-01,12,2023-07-01,21133842.2574917,21373370.12709001,9897015.160789788,camacari-IPTU,camacari,IPTU
2022-08-01,2022-08-01,1,2022-09-01,12832045.767347911,8917301.520722331,9860610.388863811,camacari-IPTU,camacari,IPTU
2022-08-01,2022-08-01,2,2022-10-01,13457745.956336224,11173583.03623552,9860610.388863811,camacari-IPTU,camacari,IPTU
2022-08-01,2022-08-01,3,2022-11-01,12616930.535112843,8945433.025039934,9860610.388863811,camacari-IPTU,camacari,IPTU
2022-08-01,2022-08-01,4,2022-12-01,12784174.1801717,8841323.206816766,9860610.388863811,camacari-IPTU,camacari,IPTU
2022-08-01,2022-08-01,5,2023-01-01,7047786.234635349,5942322.093828416,9860610.388863811,camacari-IPTU,camacari,IPTU
2022-08-01,2022-08-01,6,2023-02-01,12018263.329091424,13201384.085740762,9860610.388863811,camacari-IPTU,camacari,IPTU
2022-08-01,2022-08-01,7,2023-03-01,113631532.97417936,156530850.84943777,9860610.388863811,camacari-IPTU,camacari,IPTU
2022-08-01,2022-08-01,8,2023-04-01,19541386.126198694,49690813.995587476,9860610.388863811,camacari-IPTU,camacari,IPTU
2022-08-01,2022-08-01,9,2023-05-01,14150456.746575596,26977523.016596135,9860610.388863811,camacari-IPTU,camacari,IPTU
2022-08-01,2022-08-01,10,2023-06-01,13391841.733009398,15175796.798763447,9860610.388863811,camacari-IPTU,camacari,IPTU
2022-08-01,2022-08-01,11,2023-07-01,21133842.2574917,21806164.840430904,9860610.388863811,camacari-IPTU,camacari,IPTU
2022-08-01,2022-08-01,12,2023-08-01,24362535.303448137,18627654.968504515,9860610.388863811,camacari-IPTU,camacari,IPTU
2022-09-01,2022-09-01,1,2022-10-01,13457745.956336224,11292330.834262114,9807669.665763643,camacari-IPTU,camacari,IPTU
2022-09-01,2022-09-01,2,2022-11-01,12616930.535112843,9040501.050280632,9807669.665763643,camacari-IPTU,camacari,IPTU
2022-09-01,2022-09-01,3,2022-12-01,12784174.1801717,8935284.799892684,9807669.665763643,camacari-IPTU,camacari,IPTU
2022-09-01,2022-09-01,4,2023-01-01,7047786.234635349,6005474.411354355,9807669.665763643,camacari-IPTU,camacari,IPTU
2022-09-01,2022-09-01,5,2023-02-01,12018263.329091424,13341682.438203106,9807669.665763643,camacari-IPTU,camacari,IPTU
2022-09-01,2022-09-01,6,2023-03-01,113631532.97417936,158194390.09207112,9807669.665763643,camacari-IPTU,camacari,IPTU
2022-09-01,2022-09-01,7,2023-04-01,19541386.126198694,50218905.541959785,9807669.665763643,camacari-IPTU,camacari,IPTU
2022-09-01,2022-09-01,8,2023-05-01,14150456.746575596,27264227.956635837,9807669.665763643,camacari-IPTU,camacari,IPTU
2022-09-01,2022-09-01,9,2023-06-01,13391841.733009398,15337078.318514762,9807669.665763643,camacari-IPTU,camacari,IPTU
2022-09-01,2022-09-01,10,2023-07-01,21133842.2574917,22037910.919536218,9807669.665763643,camacari-IPTU,camacari,IPTU
2022-09-01,2022-09-01,11,2023-08-01,24362535.303448137,18825621.279108275,9807669.665763643,camacari-IPTU,camacari,IPTU
2022-09-01,2022-09-01,12,2023-09-01,15466271.334168883,15929632.665491931,9807669.665763643,camacari-IPTU,camacari,IPTU
2022-10-01,2022-10-01,1,2022-11-01,12616930.535112843,8943061.517743712,9741250.015594255,camacari-IPTU,camacari,IPTU
2022-10-01,2022-10-01,2,2022-12-01,12784174.1801717,8838979.299882969,9741250.015594255,camacari-IPTU,camacari,IPTU
2022-10-01,2022-10-01,3,2023-01-01,7047786.234635349,5940746.735747633,9741250.015594255,camacari-IPTU,camacari,IPTU
2022-10-01,2022-10-01,4,2023-02-01,12018263.329091424,13197884.291086672,9741250.015594255,camacari-IPTU,camacari,IPTU
2022-10-01,2022-10-01,5,2023-03-01,113631532.97417936,156489353.24347124,9741250.015594255,camacari-IPTU,camacari,IPTU
2022-10-01,2022-10-01,6,2023-04-01,19541386.126198694,49677640.555283815,9741250.015594255,camacari-IPTU,camacari,IPTU
2022-10-01,2022-10-01,7,2023-05-01,14150456.746575596,26970371.055088095,9741250.015594255,camacari-IPTU,camacari,IPTU
2022-10-01,2022-10-01,8,2023-06-01,13391841.733009398,15171773.571186481,9741250.015594255,camacari-IPTU,camacari,IPTU
2022-10-01,2022-10-01,9,2023-07-01,21133842.2574917,21800383.84817736,9741250.015594255,camacari-IPTU,camacari,IPTU
2022-10-01,2022-10-01,10,2023-08-01,24362535.303448137,18622716.625156995,9741250.015594255,camacari-IPTU,camacari,IPTU
2022-10-01,2022-10-01,11,2023-09-01,15466271.334168883,15757941.301066706,9741250.015594255,camacari-IPTU,camacari,IPTU
2022-10-01,2022-10-01,12,2023-10-01,16948768.265746012,16526310.353742076,9741250.015594255,camacari-IPTU,camacari,IPTU
2022-11-01,2022-11-01,1,2022-12-01,12784174.1801717,8899413.88764981,9688155.37133904,camacari-IPTU,camacari,IPTU
2022-11-01,2022-11-01,2,2023-01-01,7047786.234635349,5981365.2922371775,9688155.37133904,camacari-IPTU,camacari,IPTU
2022-11-01,2022-11-01,3,2023-02-01,12018263.329091424,13288121.938383467,9688155.37133904,camacari-IPTU,camacari,IPTU
2022-11-01,2022-11-01,4,2023-03-01,113631532.97417936,157559314.97008106,9688155.37133904,camacari-IPTU,camacari,IPTU
2022-11-01,2022-11-01,5,2023-04-01,19541386.126198694,50017300.557454936,9688155.37133904,camacari-IPTU,camacari,IPTU
2022-11-01,2022-11-01,6,2023-05-01,14150456.746575596,27154775.06841744,9688155.37133904,camacari-IPTU,camacari,IPTU
2022-11-01,2022-11-01,7,2023-06-01,13391841.733009398,15275507.254721459,9688155.37133904,camacari-IPTU,camacari,IPTU
2022-11-01,2022-11-01,8,2023-07-01,21133842.2574917,21949439.20472077,9688155.37133904,camacari-IPTU,camacari,IPTU
2022-11-01,2022-11-01,9,2023-08-01,24362535.303448137,18750045.377058845,9688155.37133904,camacari-IPTU,camacari,IPTU
2022-11-01,2022-11-01,10,2023-09-01,15466271.334168883,15865682.778252529,9688155.37133904,camacari-IPTU,camacari,IPTU
2022-11-01,2022-11-01,11,2023-10-01,16948768.265746012,16639305.38627358,9688155.37133904,camacari-IPTU,camacari,IPTU
2022-11-01,2022-11-01,12,2023-11-01,19405524.354567923,15599711.934842953,9688155.37133904,camacari-IPTU,camacari,IPTU
2022-12-01,2022-12-01,1,2023-01-01,7047786.234635349,6159418.846961226,9639324.886879798,camacari-IPTU,camacari,IPTU
2022-12-01,2022-12-01,2,2023-02-01,12018263.329091424,10740771.152153961,9639324.886879798,camacari-IPTU,camacari,IPTU
2022-12-01,2022-12-01,3,2023-03-01,113631532.97417936,95379347.36465491,9639324.886879798,camacari-IPTU,camacari,IPTU
2022-12-01,2022-12-01,4,2023-04-01,19541386.126198694,59765094.153966375,9639324.886879798,camacari-IPTU,camacari,IPTU
2022-12-01,2022-12-01,5,2023-05-01,14150456.746575596,21263845.43398528,9639324.886879798,camacari-IPTU,camacari,IPTU
2022-12-01,2022-12-01,6,2023-06-01,13391841.733009398,14125606.912815563,9639324.886879798,camacari-IPTU,camacari,IPTU
2022-12-01,2022-12-01,7,2023-07-01,21133842.2574917,17590313.830374755,9639324.886879798,camacari-IPTU,camacari,IPTU
2022-12-01,2022-12-01,8,2023-08-01,24362535.303448137,16276615.983330792,9639324.886879798,camacari-IPTU,camacari,IPTU
2022-12-01,2022-12-01,9,2023-09-01,15466271.334168883,13734762.294949614,9639324.886879798,camacari-IPTU,camacari,IPTU
2022-12-01,2022-12-01,10,2023-10-01,16948768.265746012,14790972.357238574,9639324.886879798,camacari-IPTU,camacari,IPTU
2022-12-01,2022-12-01,11,2023-11-01,19405524.354567923,14091487.681690857,9639324.886879798,camacari-IPTU,camacari,IPTU
2022-12-01,2022-12-01,12,2023-12-01,21991343.83026119,16674061.983594526,9639324.886879798,camacari-IPTU,camacari,IPTU
2023-01-01,2023-01-01,1,2023-02-01,12018263.329091424,12387979.275321154,9551922.272294289,camacari-IPTU,camacari,IPTU
2023-01-01,2023-01-01,2,2023-03-01,113631532.97417936,103218023.09946652,9551922.272294289,camacari-IPTU,camacari,IPTU
2023-01-01,2023-01-01,3,2023-04-01,19541386.126198694,77690791.50571895,9551922.272294289,camacari-IPTU,camacari,IPTU
2023-01-01,2023-01-01,4,2023-05-01,14150456.746575596,20758096.5099628,9551922.272294289,camacari-IPTU,camacari,IPTU
2023-01-01,2023-01-01,5,2023-06-01,13391841.733009398,17333889.992275298,9551922.272294289,camacari-IPTU,camacari,IPTU
2023-01-01,2023-01-01,6,2023-07-01,21133842.2574917,20635883.83455471,9551922.272294289,camacari-IPTU,camacari,IPTU
2023-01-01,2023-01-01,7,2023-08-01,24362535.303448137,18801037.51712473,9551922.272294289,camacari-IPTU,camacari,IPTU
2023-01-01,2023-01-01,8,2023-09-01,15466271.334168883,15928970.002523607,9551922.272294289,camacari-IPTU,camacari,IPTU
2023-01-01,2023-01-01,9,2023-10-01,16948768.265746012,16422725.806737892,9551922.272294289,camacari-IPTU,camacari,IPTU
2023-01-01,2023-01-01,10,2023-11-01,19405524.354567923,16226198.158867061,9551922.272294289,camacari-IPTU,camacari,IPTU
2023-01-01,2023-01-01,11,2023-12-01,21991343.83026119,21237204.11477053,9551922.272294289,camacari-IPTU,camacari,IPTU
2023-01-01,2023-01-01,12,2024-01-01,9096349.782186696,9874957.34433714,9551922.272294289,camacari-IPTU,camacari,IPTU
2023-02-01,2023-02-01,1,2023-03-01,113631532.97417936,152320322.2138194,9455631.658933334,camacari-IPTU,camacari,IPTU
2023-02-01,2023-02-01,2,2023-04-01,19541386.126198694,48354179.11421925,9455631.658933334,camacari-IPTU,camacari,IPTU
2023-02-01,2023-02-01,3,2023-05-01,14150456.746575596,26251853.715221867,9455631.658933334,camacari-IPTU,camacari,IPTU
2023-02-01,2023-02-01,4,2023-06-01,13391841.733009398,14767582.5289069,9455631.658933334,camacari-IPTU,camacari,IPTU
2023-02-01,2023-02-01,5,2023-07-01,21133842.2574917,21219600.077028614,9455631.658933334,camacari-IPTU,camacari,IPTU
2023-02-01,2023-02-01,6,2023-08-01,24362535.303448137,18126589.049334638,9455631.658933334,camacari-IPTU,camacari,IPTU
2023-02-01,2023-02-01,7,2023-09-01,15466271.334168883,15338134.17115054,9455631.658933334,camacari-IPTU,camacari,IPTU
2023-02-01,2023-02-01,8,2023-10-01,16948768.265746012,16086033.112879487,9455631.658933334,camacari-IPTU,camacari,IPTU
2023-02-01,2023-02-01,9,2023-11-01,19405524.354567923,15081007.10395479,9455631.658933334,camacari-IPTU,camacari,IPTU
2023-02-01,2023-02-01,10,2023-12-01,21991343.83026119,15280913.300807156,9455631.658933334,camacari-IPTU,camacari,IPTU
2023-02-01,2023-02-01,11,2024-01-01,9096349.782186696,8424213.320022067,9455631.658933334,camacari-IPTU,camacari,IPTU
2023-02-01,2023-02-01,12,2024-02-01,12207925.201341806,14365420.665415933,9455631.658933334,camacari-IPTU,camacari,IPTU
2023-03-01,2023-03-01,1,2023-04-01,19541386.126198694,70735216.14862789,9505581.46206459,camacari-IPTU,camacari,IPTU
2023-03-01,2023-03-01,2,2023-05-01,14150456.746575596,24064923.010902036,9505581.46206459,camacari-IPTU,camacari,IPTU
2023-03-01,2023-03-01,3,2023-06-01,13391841.733009398,16817779.90753179,9505581.46206459,camacari-IPTU,camacari,IPTU
2023-03-01,2023-03-01,4,2023-07-01,21133842.2574917,20806579.2317165,9505581.46206459,camacari-IPTU,camacari,IPTU
2023-03-01,2023-03-01,5,2023-08-01,24362535.303448137,19217799.212066755,9505581.46206459,camacari-IPTU,camacari,IPTU
2023-03-01,2023-03-01,6,2023-09-01,15466271.334168883,16173768.968183823,9505581.46206459,camacari-IPTU,camacari,IPTU
2023-03-01,2023-03-01,7,2023-10-01,16948768.265746012,17306847.0343045,9505581.46206459,camacari-IPTU,camacari,IPTU
2023-03-01,2023-03-01,8,2023-11-01,19405524.354567923,16694707.69226332,9505581.46206459,camacari-IPTU,camacari,IPTU
2023-03-01,2023-03-01,9,2023-12-01,21991343.83026119,19575903.93946172,9505581.46206459,camacari-IPTU,camacari,IPTU
2023-03-01,2023-03-01,10,2024-01-01,9096349.782186696,9845068.792165093,9505581.46206459,camacari-IPTU,camacari,IPTU
2023-03-01,2023-03-01,11,2024-02-01,12207925.201341806,13986849.7191342,9505581.46206459,camacari-IPTU,camacari,IPTU
2023-03-01,2023-03-01,12,2024-03-01,117568232.72774635,107672862.20080881,9505581.46206459,camacari-IPTU,camacari,IPTU
2023-04-01,2023-04-01,1,2023-05-01,14150456.746575596,27111606.58584499,9635202.503431534,camacari-IPTU,camacari,IPTU
2023-04-01,2023-04-01,2,2023-06-01,13391841.733009398,13320361.710175497,9635202.503431534,camacari-IPTU,camacari,IPTU
2023-04-01,2023-04-01,3,2023-07-01,21133842.2574917,18234132.417837325,9635202.503431534,camacari-IPTU,camacari,IPTU
2023-04-01,2023-04-01,4,2023-08-01,24362535.303448137,16261923.450080507,9635202.503431534,camacari-IPTU,camacari,IPTU
2023-04-01,2023-04-01,5,2023-09-01,15466271.334168883,13887645.52132084,9635202.503431534,camacari-IPTU,camacari,IPTU
2023-04-01,2023-04-01,6,2023-10-01,16948768.265746012,15224046.117963623,9635202.503431534,camacari-IPTU,camacari,IPTU
2023-04-01,2023-04-01,7,2023-11-01,19405524.354567923,13848365.69642799,9635202.503431534,camacari-IPTU,camacari,IPTU
2023-04-01,2023-04-01,8,2023-12-01,21991343.83026119,14322996.364582792,9635202.503431534,camacari-IPTU,camacari,IPTU
2023-04-01,2023-04-01,9,2024-01-01,9096349.782186696,8019838.7417704845,9635202.503431534,camacari-IPTU,camacari,IPTU
2023-04-01,2023-04-01,10,2024-02-01,12207925.201341806,14065912.97025478,9635202.503431534,camacari-IPTU,camacari,IPTU
2023-04-01,2023-04-01,11,2024-03-01,117568232.72774635,141100968.93271816,9635202.503431534,camacari-IPTU,camacari,IPTU
2023-04-01,2023-04-01,12,2024-04-01,12092110.726040576,28478779.83452378,9635202.503431534,camacari-IPTU,camacari,IPTU
2023-05-01,2023-05-01,1,2023-06-01,13391841.733009398,13074096.409651447,9614718.459271772,camacari-IPTU,camacari,IPTU
2023-05-01,2023-05-01,2,2023-07-01,21133842.2574917,17874711.598566018,9614718.459271772,camacari-IPTU,camacari,IPTU
2023-05-01,2023-05-01,3,2023-08-01,24362535.303448137,15959312.935483538,9614718.459271772,camacari-IPTU,camacari,IPTU
2023-05-01,2023-05-01,4,2023-09-01,15466271.334168883,13629779.464593565,9614718.459271772,camacari-IPTU,camacari,IPTU
2023-05-01,2023-05-01,5,2023-10-01,16948768.265746012,14954678.988075858,9614718.459271772,camacari-IPTU,camacari,IPTU
2023-05-01,2023-05-01,6,2023-11-01,19405524.354567923,13598435.430706104,9614718.459271772,camacari-IPTU,camacari,IPTU
2023-05-01,2023-05-01,7,2023-12-01,21991343.83026119,14075266.712132763,9614718.459271772,camacari-IPTU,camacari,IPTU
2023-05-01,2023-05-01,8,2024-01-01,9096349.782186696,7878698.639244575,9614718.459271772,camacari-IPTU,camacari,IPTU
2023-05-01,2023-05-01,9,2024-02-01,12207925.201341806,13814346.943052467,9614718.459271772,camacari-IPTU,camacari,IPTU
2023-05-01,2023-05-01,10,2024-03-01,117568232.72774635,138670559.64363378,9614718.459271772,camacari-IPTU,camacari,IPTU
2023-05-01,2023-05-01,11,2024-04-01,12092110.726040576,28115339.870910574,9614718.459271772,camacari-IPTU,camacari,IPTU
2023-05-01,2023-05-01,12,2024-05-01,12281670.577505508,19408769.68775089,9614718.459271772,camacari-IPTU,camacari,IPTU
2023-06-01,2023-06-01,1,2023-07-01,21133842.2574917,17918732.989012327,9519411.871084886,camacari-IPTU,camacari,IPTU
2023-06-01,2023-06-01,2,2023-08-01,24362535.303448137,15965738.336072622,9519411.871084886,camacari-IPTU,camacari,IPTU
2023-06-01,2023-06-01,3,2023-09-01,15466271.334168883,13634145.351640634,9519411.871084886,camacari-IPTU,camacari,IPTU
2023-06-01,2023-06-01,4,2023-10-01,16948768.265746012,14935005.62656458,9519411.871084886,camacari-IPTU,camacari,IPTU
2023-06-01,2023-06-01,5,2023-11-01,19405524.354567923,13589668.678409588,9519411.871084886,camacari-IPTU,camacari,IPTU
2023-06-01,2023-06-01,6,2023-12-01,21991343.83026119,14046526.589181775,9519411.871084886,camacari-IPTU,camacari,IPTU
2023-06-01,2023-06-01,7,2024-01-01,9096349.782186696,7866941.094091808,9519411.871084886,camacari-IPTU,camacari,IPTU
2023-06-01,2023-06-01,8,2024-02-01,12207925.201341806,13800711.13251135,9519411.871084886,camacari-IPTU,camacari,IPTU
2023-06-01,2023-06-01,9,2024-03-01,117568232.72774635,138357598.2574599,9519411.871084886,camacari-IPTU,camacari,IPTU
2023-06-01,2023-06-01,10,2024-04-01,12092110.726040576,27821677.43338491,9519411.871084886,camacari-IPTU,camacari,IPTU
2023-06-01,2023-06-01,11,2024-05-01,12281670.577505508,19246660.57910432,9519411.871084886,camacari-IPTU,camacari,IPTU
2023-06-01,2023-06-01,12,2024-06-01,15668723.095071422,15458798.55336674,9519411.871084886,camacari-IPTU,camacari,IPTU
2023-07-01,2023-07-01,1,2023-08-01,24362535.303448137,15917398.018097626,9451960.089180367,camacari-IPTU,camacari,IPTU
2023-07-01,2023-07-01,2,2023-09-01,15466271.334168883,13590776.08088705,9451960.089180367,camacari-IPTU,camacari,IPTU
2023-07-01,2023-07-01,3,2023-10-01,16948768.265746012,14854855.104851468,9451960.089180367,camacari-IPTU,camacari,IPTU
2023-07-01,2023-07-01,4,2023-11-01,19405524.354567923,13529739.719759846,9451960.089180367,camacari-IPTU,camacari,IPTU
2023-07-01,2023-07-01,5,2023-12-01,21991343.83026119,13959058.420946801,9451960.089180367,camacari-IPTU,camacari,IPTU
2023-07-01,2023-07-01,6,2024-01-01,9096349.782186696,7822853.63690788,9451960.089180367,camacari-IPTU,camacari,IPTU
2023-07-01,2023-07-01,7,2024-02-01,12207925.201341806,13729969.83928707,9451960.089180367,camacari-IPTU,camacari,IPTU
2023-07-01,2023-07-01,8,2024-03-01,117568232.72774635,137380506.42836708,9451960.089180367,camacari-IPTU,camacari,IPTU
2023-07-01,2023-07-01,9,2024-04-01,12092110.726040576,27336889.37491317,9451960.089180367,camacari-IPTU,camacari,IPTU
2023-07-01,2023-07-01,10,2024-05-01,12281670.577505508,18960919.627915025,9451960.089180367,camacari-IPTU,camacari,IPTU
2023-07-01,2023-07-01,11,2024-06-01,15668723.095071422,15371071.64563799,9451960.089180367,camacari-IPTU,camacari,IPTU
2023-07-01,2023-07-01,12,2024-07-01,11582225.949920287,23474405.757830694,9451960.089180367,camacari-IPTU,camacari,IPTU
2023-08-01,2023-08-01,1,2023-09-01,15466271.334168883,14724003.823990248,9449195.725197412,camacari-IPTU,camacari,IPTU
2023-08-01,2023-08-01,2,2023-10-01,16948768.265746012,15441957.30875555,9449195.725197412,camacari-IPTU,camacari,IPTU
2023-08-01,2023-08-01,3,2023-11-01,19405524.354567923,14477171.981316544,9449195.725197412,camacari-IPTU,camacari,IPTU
2023-08-01,2023-08-01,4,2023-12-01,21991343.83026119,14669074.045416951,9449195.725197412,camacari-IPTU,camacari,IPTU
2023-08-01,2023-08-01,5,2024-01-01,9096349.782186696,8086912.511915389,9449195.725197412,camacari-IPTU,camacari,IPTU
2023-08-01,2023-08-01,6,2024-02-01,12207925.201341806,13790237.225115273,9449195.725197412,camacari-IPTU,camacari,IPTU
2023-08-01,2023-08-01,7,2024-03-01,117568232.72774635,130385377.07643208,9449195.725197412,camacari-IPTU,camacari,IPTU
2023-08-01,2023-08-01,8,2024-04-01,12092110.726040576,22422569.96778828,9449195.725197412,camacari-IPTU,camacari,IPTU
2023-08-01,2023-08-01,9,2024-05-01,12281670.577505508,16236801.444236849,9449195.725197412,camacari-IPTU,camacari,IPTU
2023-08-01,2023-08-01,10,2024-06-01,15668723.095071422,15366336.16043089,9449195.725197412,camacari-IPTU,camacari,IPTU
2023-08-01,2023-08-01,11,2024-07-01,11582225.949920287,24249817.983561255,9449195.725197412,camacari-IPTU,camacari,IPTU
2023-08-01,2023-08-01,12,2024-08-01,10773832.024935024,27954549.84137,9449195.725197412,camacari-IPTU,camacari,IPTU
2023-09-01,2023-09-01,1,2023-10-01,16948768.265746012,15384899.680704001,9375916.476182612,camacari-IPTU,camacari,IPTU
2023-09-01,2023-09-01,2,2023-11-01,19405524.354567923,14423679.209795935,9375916.476182612,camacari-IPTU,camacari,IPTU
2023-09-01,2023-09-01,3,2023-12-01,21991343.83026119,14614872.200792663,9375916.476182612,camacari-IPTU,camacari,IPTU
2023-09-01,2023-09-01,4,2024-01-01,9096349.782186696,8057031.58186458,9375916.476182612,camacari-IPTU,camacari,IPTU
2023-09-01,2023-09-01,5,2024-02-01,12207925.201341806,13739282.659537816,9375916.476182612,camacari-IPTU,camacari,IPTU
2023-09-01,2023-09-01,6,2024-03-01,117568232.72774635,129903606.5210649,9375916.476182612,camacari-IPTU,camacari,IPTU
2023-09-01,2023-09-01,7,2024-04-01,12092110.726040576,22339719.158684146,9375916.476182612,camacari-IPTU,camacari,IPTU
2023-09-01,2023-09-01,8,2024-05-01,12281670.577505508,16176806.887910252,9375916.476182612,camacari-IPTU,camacari,IPTU
2023-09-01,2023-09-01,9,2024-06-01,15668723.095071422,15309557.950542962,9375916.476182612,camacari-IPTU,camacari,IPTU
2023-09-01,2023-09-01,10,2024-07-01,11582225.949920287,24160215.540868364,9375916.476182612,camacari-IPTU,camacari,IPTU
2023-09-01,2023-09-01,11,2024-08-01,10773832.024935024,27851258.511436418,9375916.476182612,camacari-IPTU,camacari,IPTU
2023-09-01,2023-09-01,12,2024-09-01,10296585.057692552,17681046.56476334,9375916.476182612,camacari-IPTU,camacari,IPTU
2023-10-01,2023-10-01,1,2023-11-01,19405524.354567923,13402263.00338937,9313311.219089283,camacari-IPTU,camacari,IPTU
2023-10-01,2023-10-01,2,2023-12-01,21991343.83026119,13825067.44780133,9313311.219089283,camacari-IPTU,camacari,IPTU
2023-10-01,2023-10-01,3,2024-01-01,9096349.782186696,7748190.99094612,9313311.219089283,camacari-IPTU,camacari,IPTU
2023-10-01,2023-10-01,4,2024-02-01,12207925.201341806,13599413.449348327,9313311.219089283,camacari-IPTU,camacari,IPTU
2023-10-01,2023-10-01,5,2024-03-01,117568232.72774635,136045883.88708422,9313311.219089283,camacari-IPTU,camacari,IPTU
2023-10-01,2023-10-01,6,2024-04-01,12092110.726040576,27043962.520254537,9313311.219089283,camacari-IPTU,camacari,IPTU
2023-10-01,2023-10-01,7,2024-05-01,12281670.577505508,18762410.058481555,9313311.219089283,camacari-IPTU,camacari,IPTU
2023-10-01,2023-10-01,8,2024-06-01,15668723.095071422,15224142.831029013,9313311.219089283,camacari-IPTU,camacari,IPTU
2023-10-01,2023-10-01,9,2024-07-01,11582225.949920287,23255673.62939279,9313311.219089283,camacari-IPTU,camacari,IPTU
2023-10-01,2023-10-01,10,2024-08-01,10773832.024935024,25206686.205448546,9313311.219089283,camacari-IPTU,camacari,IPTU
2023-10-01,2023-10-01,11,2024-09-01,10296585.057692552,17163269.99167863,9313311.219089283,camacari-IPTU,camacari,IPTU
2023-10-01,2023-10-01,12,2024-10-01,10512439.143674947,18795952.034672197,9313311.219089283,camacari-IPTU,camacari,IPTU
2023-11-01,2023-11-01,1,2023-12-01,21991343.83026119,14649582.999882575,9286735.246461555,camacari-IPTU,camacari,IPTU
2023-11-01,2023-11-01,2,2024-01-01,9096349.782186696,8076167.295174766,9286735.246461555,camacari-IPTU,camacari,IPTU
2023-11-01,2023-11-01,3,2024-02-01,12207925.201341806,13771913.90485304,9286735.246461555,camacari-IPTU,camacari,IPTU
2023-11-01,2023-11-01,4,2024-03-01,117568232.72774635,130212131.83179392,9286735.246461555,camacari-IPTU,camacari,IPTU
2023-11-01,2023-11-01,5,2024-04-01,12092110.726040576,22392776.72174652,9286735.246461555,camacari-IPTU,camacari,IPTU
2023-11-01,2023-11-01,6,2024-05-01,12281670.577505508,16215227.332926044,9286735.246461555,camacari-IPTU,camacari,IPTU
2023-11-01,2023-11-01,7,2024-06-01,15668723.095071422,15345918.650990814,9286735.246461555,camacari-IPTU,camacari,IPTU
2023-11-01,2023-11-01,8,2024-07-01,11582225.949920287,24217596.842332125,9286735.246461555,camacari-IPTU,camacari,IPTU
2023-11-01,2023-11-01,9,2024-08-01,10773832.024935024,27917406.16057841,9286735.246461555,camacari-IPTU,camacari,IPTU
2023-11-01,2023-11-01,10,2024-09-01,10296585.057692552,17723039.62817005,9286735.246461555,camacari-IPTU,camacari,IPTU
2023-11-01,2023-11-01,11,2024-10-01,10512439.143674947,19421855.80042585,9286735.246461555,camacari-IPTU,camacari,IPTU
2023-11-01,2023-11-01,12,2024-11-01,9462604.711222298,22237090.615474336,9286735.246461555,camacari-IPTU,camacari,IPTU
2023-12-01,2023-12-01,1,2024-01-01,9096349.782186696,8071122.976196982,9285906.438166013,camacari-IPTU,camacari,IPTU
2023-12-01,2023-12-01,2,2024-02-01,12207925.201341806,13763312.061412754,9285906.438166013,camacari-IPTU,camacari,IPTU
2023-12-01,2023-12-01,3,2024-03-01,117568232.72774635,130130802.22286753,9285906.438166013,camacari-IPTU,camacari,IPTU
2023-12-01,2023-12-01,4,2024-04-01,12092110.726040576,22378790.346222788,9285906.438166013,camacari-IPTU,camacari,IPTU
2023-12-01,2023-12-01,5,2024-05-01,12281670.577505508,16205099.412592666,9285906.438166013,camacari-IPTU,camacari,IPTU
2023-12-01,2023-12-01,6,2024-06-01,15668723.095071422,15336333.694927685,9285906.438166013,camacari-IPTU,camacari,IPTU
2023-12-01,2023-12-01,7,2024-07-01,11582225.949920287,24202470.69661433,9285906.438166013,camacari-IPTU,camacari,IPTU
2023-12-01,2023-12-01,8,2024-08-01,10773832.024935024,27899969.139209222,9285906.438166013,camacari-IPTU,camacari,IPTU
2023-12-01,2023-12-01,9,2024-09-01,10296585.057692552,17711969.938566938,9285906.438166013,camacari-IPTU,camacari,IPTU
2023-12-01,2023-12-01,10,2024-10-01,10512439.143674947,19409725.0418349,9285906.438166013,camacari-IPTU,camacari,IPTU
2023-12-01,2023-12-01,11,2024-11-01,9462604.711222298,22223201.48043012,9285906.438166013,camacari-IPTU,camacari,IPTU
2023-12-01,2023-12-01,12,2024-12-01,13905224.647661604,25184481.27634682,9285906.438166013,camacari-IPTU,camacari,IPTU
2024-01-01,2024-01-01,1,2024-02-01,12207925.201341806,14025533.435154479,9211294.655788543,camacari-IPTU,camacari,IPTU
2024-01-01,2024-01-01,2,2024-03-01,117568232.72774635,132610080.29000285,9211294.655788543,camacari-IPTU,camacari,IPTU
2024-01-01,2024-01-01,3,2024-04-01,12092110.726040576,22805155.535145365,9211294.655788543,camacari-IPTU,camacari,IPTU
2024-01-01,2024-01-01,4,2024-05-01,12281670.577505508,16513842.207250705,9211294.655788543,camacari-IPTU,camacari,IPTU
2024-01-01,2024-01-01,5,2024-06-01,15668723.095071422,15628524.591399493,9211294.655788543,camacari-IPTU,camacari,IPTU
2024-01-01,2024-01-01,6,2024-07-01,11582225.949920287,24663581.008266933,9211294.655788543,camacari-IPTU,camacari,IPTU
2024-01-01,2024-01-01,7,2024-08-01,10773832.024935024,28431524.930605482,9211294.655788543,camacari-IPTU,camacari,IPTU
2024-01-01,2024-01-01,8,2024-09-01,10296585.057692552,18049421.931825485,9211294.655788543,camacari-IPTU,camacari,IPTU
2024-01-01,2024-01-01,9,2024-10-01,10512439.143674947,19779523.00483311,9211294.655788543,camacari-IPTU,camacari,IPTU
2024-01-01,2024-01-01,10,2024-11-01,9462604.711222298,22646602.359167397,9211294.655788543,camacari-IPTU,camacari,IPTU
2024-01-01,2024-01-01,11,2024-12-01,13905224.647661604,25664301.04994415,9211294.655788543,camacari-IPTU,camacari,IPTU
2024-01-01,2024-01-01,12,2025-01-01,6388575.092741284,10615606.80727442,9211294.655788543,camacari-IPTU,camacari,IPTU
2024-02-01,2024-02-01,1,2024-03-01,117568232.72774635,134345923.65817553,9119237.178405501,camacari-IPTU,camacari,IPTU
2024-02-01,2024-02-01,2,2024-04-01,12092110.726040576,23103671.137498207,9119237.178405501,camacari-IPTU,camacari,IPTU
2024-02-01,2024-02-01,3,2024-05-01,12281670.577505508,16730005.589520125,9119237.178405501,camacari-IPTU,camacari,IPTU
2024-02-01,2024-02-01,4,2024-06-01,15668723.095071422,15833099.316842517,9119237.178405501,camacari-IPTU,camacari,IPTU
2024-02-01,2024-02-01,5,2024-07-01,11582225.949920287,24986423.083582513,9119237.178405501,camacari-IPTU,camacari,IPTU
2024-02-01,2024-02-01,6,2024-08-01,10773832.024935024,28803688.750202652,9119237.178405501,camacari-IPTU,camacari,IPTU
2024-02-01,2024-02-01,7,2024-09-01,10296585.057692552,18285685.791188158,9119237.178405501,camacari-IPTU,camacari,IPTU
2024-02-01,2024-02-01,8,2024-10-01,10512439.143674947,20038433.59261402,9119237.178405501,camacari-IPTU,camacari,IPTU
2024-02-01,2024-02-01,9,2024-11-01,9462604.711222298,22943042.52744749,9119237.178405501,camacari-IPTU,camacari,IPTU
2024-02-01,2024-02-01,10,2024-12-01,13905224.647661604,26000242.380187742,9119237.178405501,camacari-IPTU,camacari,IPTU
2024-02-01,2024-02-01,11,2025-01-01,6388575.092741284,10754563.292597696,9119237.178405501,camacari-IPTU,camacari,IPTU
2024-02-01,2024-02-01,12,2025-02-01,12542878.821337909,14433361.446394118,9119237.178405501,camacari-IPTU,camacari,IPTU
2024-03-01,2024-03-01,1,2024-04-01,12092110.726040576,23418320.053194262,9066888.315528343,camacari-IPTU,camacari,IPTU
2024-03-01,2024-03-01,2,2024-05-01,12281670.577505508,16957851.549021732,9066888.315528343,camacari-IPTU,camacari,IPTU
2024-03-01,2024-03-01,3,2024-06-01,15668723.095071422,16048730.309099328,9066888.315528343,camacari-IPTU,camacari,IPTU
2024-03-01,2024-03-01,4,2024-07-01,11582225.949920287,25326713.199537892,9066888.315528343,camacari-IPTU,camacari,IPTU
2024-03-01,2024-03-01,5,2024-08-01,10773832.024935024,29195966.210324157,9066888.315528343,camacari-IPTU,camacari,IPTU
2024-03-01,2024-03-01,6,2024-09-01,10296585.057692552,18534718.560600262,9066888.315528343,camacari-IPTU,camacari,IPTU
2024-03-01,2024-03-01,7,2024-10-01,10512439.143674947,20311337.035735305,9066888.315528343,camacari-IPTU,camacari,IPTU
2024-03-01,2024-03-01,8,2024-11-01,9462604.711222298,23255503.841974903,9066888.315528343,camacari-IPTU,camacari,IPTU
2024-03-01,2024-03-01,9,2024-12-01,13905224.647661604,26354339.701954275,9066888.315528343,camacari-IPTU,camacari,IPTU
2024-03-01,2024-03-01,10,2025-01-01,6388575.092741284,10901029.69867933,9066888.315528343,camacari-IPTU,camacari,IPTU
2024-03-01,2024-03-01,11,2025-02-01,12542878.821337909,14629929.40747401,9066888.315528343,camacari-IPTU,camacari,IPTU
2024-03-01,2024-03-01,12,2025-03-01,120152088.70043229,140893306.3563787,9066888.315528343,camacari-IPTU,camacari,IPTU
2024-04-01,2024-04-01,1,2024-05-01,12281670.577505508,16811915.705805212,9050712.186374642,camacari-IPTU,camacari,IPTU
2024-04-01,2024-04-01,2,2024-06-01,15668723.095071422,15910618.179538433,9050712.186374642,camacari-IPTU,camacari,IPTU
2024-04-01,2024-04-01,3,2024-07-01,11582225.949920287,25108756.624320038,9050712.186374642,camacari-IPTU,camacari,IPTU
2024-04-01,2024-04-01,4,2024-08-01,10773832.024935024,28944711.62567894,9050712.186374642,camacari-IPTU,camacari,IPTU
2024-04-01,2024-04-01,5,2024-09-01,10296585.057692552,18375212.51856995,9050712.186374642,camacari-IPTU,camacari,IPTU
2024-04-01,2024-04-01,6,2024-10-01,10512439.143674947,20136541.774165984,9050712.186374642,camacari-IPTU,camacari,IPTU
2024-04-01,2024-04-01,7,2024-11-01,9462604.711222298,23055371.67589285,9050712.186374642,camacari-IPTU,camacari,IPTU
2024-04-01,2024-04-01,8,2024-12-01,13905224.647661604,26127539.580741916,9050712.186374642,camacari-IPTU,camacari,IPTU
2024-04-01,2024-04-01,9,2025-01-01,6388575.092741284,10807217.640211532,9050712.186374642,camacari-IPTU,camacari,IPTU
2024-04-01,2024-04-01,10,2025-02-01,12542878.821337909,14504027.191730114,9050712.186374642,camacari-IPTU,camacari,IPTU
2024-04-01,2024-04-01,11,2025-03-01,120152088.70043229,139680807.03668347,9050712.186374642,camacari-IPTU,camacari,IPTU
2024-04-01,2024-04-01,12,2025-04-01,11946177.334066126,14366429.993904864,9050712.186374642,camacari-IPTU,camacari,IPTU
2024-05-01,2024-05-01,1,2024-06-01,15668723.095071422,15808205.265676245,8979604.007985488,camacari-IPTU,camacari,IPTU
2024-05-01,2024-05-01,2,2024-07-01,11582225.949920287,24947137.452749442,8979604.007985488,camacari-IPTU,camacari,IPTU
2024-05-01,2024-05-01,3,2024-08-01,10773832.024935024,28758401.312337458,8979604.007985488,camacari-IPTU,camacari,IPTU
2024-05-01,2024-05-01,4,2024-09-01,10296585.057692552,18256935.589563962,8979604.007985488,camacari-IPTU,camacari,IPTU
2024-05-01,2024-05-01,5,2024-10-01,10512439.143674947,20006927.582251623,8979604.007985488,camacari-IPTU,camacari,IPTU
2024-05-01,2024-05-01,6,2024-11-01,9462604.711222298,22906969.66115912,8979604.007985488,camacari-IPTU,camacari,IPTU
2024-05-01,2024-05-01,7,2024-12-01,13905224.647661604,25959362.742462113,8979604.007985488,camacari-IPTU,camacari,IPTU
2024-05-01,2024-05-01,8,2025-01-01,6388575.092741284,10737654.117488092,8979604.007985488,camacari-IPTU,camacari,IPTU
2024-05-01,2024-05-01,9,2025-02-01,12542878.821337909,14410668.173829041,8979604.007985488,camacari-IPTU,camacari,IPTU
2024-05-01,2024-05-01,10,2025-03-01,120152088.70043229,138781714.4748597,8979604.007985488,camacari-IPTU,camacari,IPTU
2024-05-01,2024-05-01,11,2025-04-01,11946177.334066126,14273956.656862294,8979604.007985488,camacari-IPTU,camacari,IPTU
2024-05-01,2024-05-01,12,2025-05-01,12492744.777130071,14497719.833117703,8979604.007985488,camacari-IPTU,camacari,IPTU
2024-06-01,2024-06-01,1,2024-07-01,11582225.949920287,25115732.678921875,8913891.040868592,camacari-IPTU,camacari,IPTU
2024-06-01,2024-06-01,2,2024-08-01,10773832.024935024,28952753.437217396,8913891.040868592,camacari-IPTU,camacari,IPTU
2024-06-01,2024-06-01,3,2024-09-01,10296585.057692552,18380317.7688127,8913891.040868592,camacari-IPTU,camacari,IPTU
2024-06-01,2024-06-01,4,2024-10-01,10512439.143674947,20142136.380741384,8913891.040868592,camacari-IPTU,camacari,IPTU
2024-06-01,2024-06-01,5,2024-11-01,9462604.711222298,23061777.231296692,8913891.040868592,camacari-IPTU,camacari,IPTU
2024-06-01,2024-06-01,6,2024-12-01,13905224.647661604,26134798.687413596,8913891.040868592,camacari-IPTU,camacari,IPTU
2024-06-01,2024-06-01,7,2025-01-01,6388575.092741284,10810220.24768752,8913891.040868592,camacari-IPTU,camacari,IPTU
2024-06-01,2024-06-01,8,2025-02-01,12542878.821337909,14508056.896870483,8913891.040868592,camacari-IPTU,camacari,IPTU
2024-06-01,2024-06-01,9,2025-03-01,120152088.70043229,139719615.0490154,8913891.040868592,camacari-IPTU,camacari,IPTU
2024-06-01,2024-06-01,10,2025-04-01,11946177.334066126,14370421.469929362,8913891.040868592,camacari-IPTU,camacari,IPTU
2024-06-01,2024-06-01,11,2025-05-01,12492744.777130071,14595696.859895967,8913891.040868592,camacari-IPTU,camacari,IPTU
2024-06-01,2024-06-01,12,2025-06-01,10060501.5409044,18620914.071427915,8913891.040868592,camacari-IPTU,camacari,IPTU
2024-07-01,2024-07-01,1,2024-08-01,10773832.024935024,28663149.58367826,8920082.548312308,camacari-IPTU,camacari,IPTU
2024-07-01,2024-07-01,2,2024-09-01,10296585.057692552,18196466.140791737,8920082.548312308,camacari-IPTU,camacari,IPTU
2024-07-01,2024-07-01,3,2024-10-01,10512439.143674947,19940661.922464985,8920082.548312308,camacari-IPTU,camacari,IPTU
2024-07-01,2024-07-01,4,2024-11-01,9462604.711222298,22831098.668370813,8920082.548312308,camacari-IPTU,camacari,IPTU
2024-07-01,2024-07-01,5,2024-12-01,13905224.647661604,25873381.809472885,8920082.548312308,camacari-IPTU,camacari,IPTU
2024-07-01,2024-07-01,6,2025-01-01,6388575.092741284,10702089.549578762,8920082.548312308,camacari-IPTU,camacari,IPTU
2024-07-01,2024-07-01,7,2025-02-01,12542878.821337909,14362938.084809666,8920082.548312308,camacari-IPTU,camacari,IPTU
2024-07-01,2024-07-01,8,2025-03-01,120152088.70043229,138322050.59902525,8920082.548312308,camacari-IPTU,camacari,IPTU
2024-07-01,2024-07-01,9,2025-04-01,11946177.334066126,14226679.374943608,8920082.548312308,camacari-IPTU,camacari,IPTU
2024-07-01,2024-07-01,10,2025-05-01,12492744.777130071,14449701.417186884,8920082.548312308,camacari-IPTU,camacari,IPTU
2024-07-01,2024-07-01,11,2025-06-01,10060501.5409044,18434655.846171364,8920082.548312308,camacari-IPTU,camacari,IPTU
2024-07-01,2024-07-01,12,2025-07-01,11088846.80433917,13626786.817525424,8920082.548312308,camacari-IPTU,camacari,IPTU
2024-08-01,2024-08-01,1,2024-09-01,10296585.057692552,17843088.41978604,8964973.132256545,camacari-IPTU,camacari,IPTU
2024-08-01,2024-08-01,2,2024-10-01,10512439.143674947,19553411.694262277,8964973.132256545,camacari-IPTU,camacari,IPTU
2024-08-01,2024-08-01,3,2024-11-01,9462604.711222298,22387715.785504494,8964973.132256545,camacari-IPTU,camacari,IPTU
2024-08-01,2024-08-01,4,2024-12-01,13905224.647661604,25370917.395349897,8964973.132256545,camacari-IPTU,camacari,IPTU
2024-08-01,2024-08-01,5,2025-01-01,6388575.092741284,10494253.589246275,8964973.132256545,camacari-IPTU,camacari,IPTU
2024-08-01,2024-08-01,6,2025-02-01,12542878.821337909,14084007.973430676,8964973.132256545,camacari-IPTU,camacari,IPTU
2024-08-01,2024-08-01,7,2025-03-01,120152088.70043229,135635818.52367008,8964973.132256545,camacari-IPTU,camacari,IPTU
2024-08-01,2024-08-01,8,2025-04-01,11946177.334066126,13950395.425296582,8964973.132256545,camacari-IPTU,camacari,IPTU
2024-08-01,2024-08-01,9,2025-05-01,12492744.777130071,14169086.350694902,8964973.132256545,camacari-IPTU,camacari,IPTU
2024-08-01,2024-08-01,10,2025-06-01,10060501.5409044,18076652.45034492,8964973.132256545,camacari-IPTU,camacari,IPTU
2024-08-01,2024-08-01,11,2025-07-01,11088846.80433917,13362152.858769452,8964973.132256545,camacari-IPTU,camacari,IPTU
2024-08-01,2024-08-01,12,2025-08-01,10811979.522146849,12429527.019620804,8964973.132256545,camacari-IPTU,camacari,IPTU
2024-09-01,2024-09-01,1,2024-10-01,10512439.143674947,19324150.43602808,8928827.543153876,camacari-IPTU,camacari,IPTU
2024-09-01,2024-09-01,2,2024-11-01,9462604.711222298,22125222.673293184,8928827.543153876,camacari-IPTU,camacari,IPTU
2024-09-01,2024-09-01,3,2024-12-01,13905224.647661604,25073446.62474679,8928827.543153876,camacari-IPTU,camacari,IPTU
2024-09-01,2024-09-01,4,2025-01-01,6388575.092741284,10371209.804370381,8928827.543153876,camacari-IPTU,camacari,IPTU
2024-09-01,2024-09-01,5,2025-02-01,12542878.821337909,13918874.7762446,8928827.543153876,camacari-IPTU,camacari,IPTU
2024-09-01,2024-09-01,6,2025-03-01,120152088.70043229,134045505.85074218,8928827.543153876,camacari-IPTU,camacari,IPTU
2024-09-01,2024-09-01,7,2025-04-01,11946177.334066126,13786828.818196215,8928827.543153876,camacari-IPTU,camacari,IPTU
2024-09-01,2024-09-01,8,2025-05-01,12492744.777130071,14002955.620386468,8928827.543153876,camacari-IPTU,camacari,IPTU
2024-09-01,2024-09-01,9,2025-06-01,10060501.5409044,17864706.005896844,8928827.543153876,camacari-IPTU,camacari,IPTU
2024-09-01,2024-09-01,10,2025-07-01,11088846.80433917,13205483.320735939,8928827.543153876,camacari-IPTU,camacari,IPTU
2024-09-01,2024-09-01,11,2025-08-01,10811979.522146849,12283792.400602356,8928827.543153876,camacari-IPTU,camacari,IPTU
2024-09-01,2024-09-01,12,2025-09-01,10378202.791861642,11739658.92461577,8928827.543153876,camacari-IPTU,camacari,IPTU
2024-10-01,2024-10-01,1,2024-11-01,9462604.711222298,21684551.998721197,8905313.407105925,camacari-IPTU,camacari,IPTU
2024-10-01,2024-10-01,2,2024-12-01,13905224.647661604,24574055.825335264,8905313.407105925,camacari-IPTU,camacari,IPTU
2024-10-01,2024-10-01,3,2025-01-01,6388575.092741284,10164645.19310719,8905313.407105925,camacari-IPTU,camacari,IPTU
2024-10-01,2024-10-01,4,2025-02-01,12542878.821337909,13641650.90250092,8905313.407105925,camacari-IPTU,camacari,IPTU
2024-10-01,2024-10-01,5,2025-03-01,120152088.70043229,131375705.67024943,8905313.407105925,camacari-IPTU,camacari,IPTU
2024-10-01,2024-10-01,6,2025-04-01,11946177.334066126,13512234.919403158,8905313.407105925,camacari-IPTU,camacari,IPTU
2024-10-01,2024-10-01,7,2025-05-01,12492744.777130071,13724057.098533988,8905313.407105925,camacari-IPTU,camacari,IPTU
2024-10-01,2024-10-01,8,2025-06-01,10060501.5409044,17508892.545264356,8905313.407105925,camacari-IPTU,camacari,IPTU
2024-10-01,2024-10-01,9,2025-07-01,11088846.80433917,12942468.148914723,8905313.407105925,camacari-IPTU,camacari,IPTU
2024-10-01,2024-10-01,10,2025-08-01,10811979.522146849,12039134.65575576,8905313.407105925,camacari-IPTU,camacari,IPTU
2024-10-01,2024-10-01,11,2025-09-01,10378202.791861642,11505838.750511896,8905313.407105925,camacari-IPTU,camacari,IPTU
2024-10-01,2024-10-01,12,2025-10-01,16987225.41352915,11747043.217142005,8905313.407105925,camacari-IPTU,camacari,IPTU
2024-11-01,2024-11-01,1,2024-12-01,13905224.647661604,21991343.83026119,8915010.661650222,camacari-IPTU,camacari,IPTU
2024-11-01,2024-11-01,2,2025-01-01,6388575.092741284,9096349.782186685,8915010.661650222,camacari-IPTU,camacari,IPTU
2024-11-01,2024-11-01,3,2025-02-01,12542878.821337909,12207925.201341799,8915010.661650222,camacari-IPTU,camacari,IPTU
2024-11-01,2024-11-01,4,2025-03-01,120152088.70043229,117568232.72774646,8915010.661650222,camacari-IPTU,camacari,IPTU
2024-11-01,2024-11-01,5,2025-04-01,11946177.334066126,12092110.726040578,8915010.661650222,camacari-IPTU,camacari,IPTU
2024-11-01,2024-11-01,6,2025-05-01,12492744.777130071,12281670.5775055,8915010.661650222,camacari-IPTU,camacari,IPTU
2024-11-01,2024-11-01,7,2025-06-01,10060501.5409044,15668723.095071437,8915010.661650222,camacari-IPTU,camacari,IPTU
2024-11-01,2024-11-01,8,2025-07-01,11088846.80433917,11582225.949920284,8915010.661650222,camacari-IPTU,camacari,IPTU
2024-11-01,2024-11-01,9,2025-08-01,10811979.522146849,10773832.024935022,8915010.661650222,camacari-IPTU,camacari,IPTU
2024-11-01,2024-11-01,10,2025-09-01,10378202.791861642,10296585.057692561,8915010.661650222,camacari-IPTU,camacari,IPTU
2024-11-01,2024-11-01,11,2025-10-01,16987225.41352915,10512439.143674932,8915010.661650222,camacari-IPTU,camacari,IPTU
2024-11-01,2024-11-01,12,2025-11-01,29661422.3237848,9462604.711222311,8915010.661650222,camacari-IPTU,camacari,IPTU
2024-12-01,2024-12-01,1,2025-01-01,6388575.092741284,9096349.782186685,8907335.7405479,camacari-IPTU,camacari,IPTU
2024-12-01,2024-12-01,2,2025-02-01,12542878.821337909,12207925.201341799,8907335.7405479,camacari-IPTU,camacari,IPTU
2024-12-01,2024-12-01,3,2025-03-01,120152088.70043229,117568232.72774646,8907335.7405479,camacari-IPTU,camacari,IPTU
2024-12-01,2024-12-01,4,2025-04-01,11946177.334066126,12092110.726040578,8907335.7405479,camacari-IPTU,camacari,IPTU
2024-12-01,2024-12-01,5,2025-05-01,12492744.777130071,12281670.5775055,8907335.7405479,camacari-IPTU,camacari,IPTU
2024-12-01,2024-12-01,6,2025-06-01,10060501.5409044,15668723.095071437,8907335.7405479,camacari-IPTU,camacari,IPTU
2024-12-01,2024-12-01,7,2025-07-01,11088846.80433917,11582225.949920284,8907335.7405479,camacari-IPTU,camacari,IPTU
2024-12-01,2024-12-01,8,2025-08-01,10811979.522146849,10773832.024935022,8907335.7405479,camacari-IPTU,camacari,IPTU
2024-12-01,2024-12-01,9,2025-09-01,10378202.791861642,10296585.057692561,8907335.7405479,camacari-IPTU,camacari,IPTU
2024-12-01,2024-12-01,10,2025-10-01,16987225.41352915,10512439.143674932,8907335.7405479,camacari-IPTU,camacari,IPTU
2024-12-01,2024-12-01,11,2025-11-01,29661422.3237848,9462604.711222311,8907335.7405479,camacari-IPTU,camacari,IPTU
2024-12-01,2024-12-01,12,2025-12-01,28872249.34,13905224.647661623,8907335.7405479,camacari-IPTU,camacari,IPTU
2025-01-01,2025-01-01,1,2025-02-01,12542878.821337909,12207925.201341799,8850459.033657052,camacari-IPTU,camacari,IPTU
2025-01-01,2025-01-01,2,2025-03-01,120152088.70043229,117568232.72774646,8850459.033657052,camacari-IPTU,camacari,IPTU
2025-01-01,2025-01-01,3,2025-04-01,11946177.334066126,12092110.726040578,8850459.033657052,camacari-IPTU,camacari,IPTU
2025-01-01,2025-01-01,4,2025-05-01,12492744.777130071,12281670.5775055,8850459.033657052,camacari-IPTU,camacari,IPTU
2025-01-01,2025-01-01,5,2025-06-01,10060501.5409044,15668723.095071437,8850459.033657052,camacari-IPTU,camacari,IPTU
2025-01-01,2025-01-01,6,2025-07-01,11088846.80433917,11582225.949920284,8850459.033657052,camacari-IPTU,camacari,IPTU
2025-01-01,2025-01-01,7,2025-08-01,10811979.522146849,10773832.024935022,8850459.033657052,camacari-IPTU,camacari,IPTU
2025-01-01,2025-01-01,8,2025-09-01,10378202.791861642,10296585.057692561,8850459.033657052,camacari-IPTU,camacari,IPTU
2025-01-01,2025-01-01,9,2025-10-01,16987225.41352915,10512439.143674932,8850459.033657052,camacari-IPTU,camacari,IPTU
2025-01-01,2025-01-01,10,2025-11-01,29661422.3237848,9462604.711222311,8850459.033657052,camacari-IPTU,camacari,IPTU
2025-01-01,2025-01-01,11,2025-12-01,28872249.34,13905224.647661623,8850459.033657052,camacari-IPTU,camacari,IPTU
2025-02-01,2025-02-01,1,2025-03-01,120152088.70043229,117568232.72774646,8773045.348078314,camacari-IPTU,camacari,IPTU
2025-02-01,2025-02-01,2,2025-04-01,11946177.334066126,12092110.726040578,8773045.348078314,camacari-IPTU,camacari,IPTU
2025-02-01,2025-02-01,3,2025-05-01,12492744.777130071,12281670.5775055,8773045.348078314,camacari-IPTU,camacari,IPTU
2025-02-01,2025-02-01,4,2025-06-01,10060501.5409044,15668723.095071437,8773045.348078314,camacari-IPTU,camacari,IPTU
2025-02-01,2025-02-01,5,2025-07-01,11088846.80433917,11582225.949920284,8773045.348078314,camacari-IPTU,camacari,IPTU
2025-02-01,2025-02-01,6,2025-08-01,10811979.522146849,10773832.024935022,8773045.348078314,camacari-IPTU,camacari,IPTU
2025-02-01,2025-02-01,7,2025-09-01,10378202.791861642,10296585.057692561,8773045.348078314,camacari-IPTU,camacari,IPTU
2025-02-01,2025-02-01,8,2025-10-01,16987225.41352915,10512439.143674932,8773045.348078314,camacari-IPTU,camacari,IPTU
2025-02-01,2025-02-01,9,2025-11-01,29661422.3237848,9462604.711222311,8773045.348078314,camacari-IPTU,camacari,IPTU
2025-02-01,2025-02-01,10,2025-12-01,28872249.34,13905224.647661623,8773045.348078314,camacari-IPTU,camacari,IPTU
2025-03-01,2025-03-01,1,2025-04-01,11946177.334066126,12255073.818335867,8717286.885236941,camacari-IPTU,camacari,IPTU
2025-03-01,2025-03-01,2,2025-05-01,12492744.777130071,12403644.82817025,8717286.885236941,camacari-IPTU,camacari,IPTU
2025-03-01,2025-03-01,3,2025-06-01,10060501.5409044,15769879.390374593,8717286.885236941,camacari-IPTU,camacari,IPTU
2025-03-01,2025-03-01,4,2025-07-01,11088846.80433917,11635243.201927481,8717286.885236941,camacari-IPTU,camacari,IPTU
2025-03-01,2025-03-01,5,2025-08-01,10811979.522146849,10806788.785440013,8717286.885236941,camacari-IPTU,camacari,IPTU
2025-03-01,2025-03-01,6,2025-09-01,10378202.791861642,10318516.787672099,8717286.885236941,camacari-IPTU,camacari,IPTU
2025-03-01,2025-03-01,7,2025-10-01,16987225.41352915,10527599.86489597,8717286.885236941,camacari-IPTU,camacari,IPTU
2025-03-01,2025-03-01,8,2025-11-01,29661422.3237848,9472026.286128014,8717286.885236941,camacari-IPTU,camacari,IPTU
2025-03-01,2025-03-01,9,2025-12-01,28872249.34,13914657.071333574,8717286.885236941,camacari-IPTU,camacari,IPTU
2025-04-01,2025-04-01,1,2025-05-01,12492744.777130071,12668300.765201412,8640756.943332814,camacari-IPTU,camacari,IPTU
2025-04-01,2025-04-01,2,2025-06-01,10060501.5409044,13956527.022950929,8640756.943332814,camacari-IPTU,camacari,IPTU
2025-04-01,2025-04-01,3,2025-07-01,11088846.80433917,12878411.720105574,8640756.943332814,camacari-IPTU,camacari,IPTU
2025-04-01,2025-04-01,4,2025-08-01,10811979.522146849,12462800.913359132,8640756.943332814,camacari-IPTU,camacari,IPTU
2025-04-01,2025-04-01,5,2025-09-01,10378202.791861642,11046432.81206011,8640756.943332814,camacari-IPTU,camacari,IPTU
2025-04-01,2025-04-01,6,2025-10-01,16987225.41352915,11521515.542496681,8640756.943332814,camacari-IPTU,camacari,IPTU
2025-04-01,2025-04-01,7,2025-11-01,29661422.3237848,10909033.51962392,8640756.943332814,camacari-IPTU,camacari,IPTU
2025-04-01,2025-04-01,8,2025-12-01,28872249.34,14922536.39652138,8640756.943332814,camacari-IPTU,camacari,IPTU
2025-05-01,2025-05-01,1,2025-06-01,10060501.5409044,13940578.820403546,8566157.980999112,camacari-IPTU,camacari,IPTU
2025-05-01,2025-05-01,2,2025-07-01,11088846.80433917,12795050.312390177,8566157.980999112,camacari-IPTU,camacari,IPTU
2025-05-01,2025-05-01,3,2025-08-01,10811979.522146849,12402189.819061939,8566157.980999112,camacari-IPTU,camacari,IPTU
2025-05-01,2025-05-01,4,2025-09-01,10378202.791861642,11011770.547500722,8566157.980999112,camacari-IPTU,camacari,IPTU
2025-05-01,2025-05-01,5,2025-10-01,16987225.41352915,11487981.993905704,8566157.980999112,camacari-IPTU,camacari,IPTU
2025-05-01,2025-05-01,6,2025-11-01,29661422.3237848,10873635.990874013,8566157.980999112,camacari-IPTU,camacari,IPTU
2025-05-01,2025-05-01,7,2025-12-01,28872249.34,14903611.403667556,8566157.980999112,camacari-IPTU,camacari,IPTU
2025-06-01,2025-06-01,1,2025-07-01,11088846.80433917,11908934.616088975,8540211.170237428,camacari-IPTU,camacari,IPTU
2025-06-01,2025-06-01,2,2025-08-01,10811979.522146849,11144901.278133107,8540211.170237428,camacari-IPTU,camacari,IPTU
2025-06-01,2025-06-01,3,2025-09-01,10378202.791861642,10500969.027820848,8540211.170237428,camacari-IPTU,camacari,IPTU
2025-06-01,2025-06-01,4,2025-10-01,16987225.41352915,11018704.96767836,8540211.170237428,camacari-IPTU,camacari,IPTU
2025-06-01,2025-06-01,5,2025-11-01,29661422.3237848,10667566.15822499,8540211.170237428,camacari-IPTU,camacari,IPTU
2025-06-01,2025-06-01,6,2025-12-01,28872249.34,14626694.963998869,8540211.170237428,camacari-IPTU,camacari,IPTU
2025-07-01,2025-07-01,1,2025-08-01,10811979.522146849,10942426.626706403,8470238.717849111,camacari-IPTU,camacari,IPTU
2025-07-01,2025-07-01,2,2025-09-01,10378202.791861642,10227352.225951776,8470238.717849111,camacari-IPTU,camacari,IPTU
2025-07-01,2025-07-01,3,2025-10-01,16987225.41352915,10884204.388357088,8470238.717849111,camacari-IPTU,camacari,IPTU
2025-07-01,2025-07-01,4,2025-11-01,29661422.3237848,10544656.842096388,8470238.717849111,camacari-IPTU,camacari,IPTU
2025-07-01,2025-07-01,5,2025-12-01,28872249.34,14532745.775527548,8470238.717849111,camacari-IPTU,camacari,IPTU
2025-08-01,2025-08-01,1,2025-09-01,10378202.791861642,9285550.706786213,8397548.276291894,camacari-IPTU,camacari,IPTU
2025-08-01,2025-08-01,2,2025-10-01,16987225.41352915,9714443.951860014,8397548.276291894,camacari-IPTU,camacari,IPTU
2025-08-01,2025-08-01,3,2025-11-01,29661422.3237848,9222413.714319516,8397548.276291894,camacari-IPTU,camacari,IPTU
2025-08-01,2025-08-01,4,2025-12-01,28872249.34,12350416.895135695,8397548.276291894,camacari-IPTU,camacari,IPTU
2025-09-01,2025-09-01,1,2025-10-01,16987225.41352915,10096652.825410806,8326471.946872041,camacari-IPTU,camacari,IPTU
2025-09-01,2025-09-01,2,2025-11-01,29661422.3237848,9584487.128348045,8326471.946872041,camacari-IPTU,camacari,IPTU
2025-09-01,2025-09-01,3,2025-12-01,28872249.34,12839037.5546824,8326471.946872041,camacari-IPTU,camacari,IPTU
2025-10-01,2025-10-01,1,2025-11-01,29661422.3237848,11755852.320577057,8310779.6953718895,camacari-IPTU,camacari,IPTU
2025-10-01,2025-10-01,2,2025-12-01,28872249.34,15759649.043101076,8310779.6953718895,camacari-IPTU,camacari,IPTU
2025-11-01,2025-11-01,1,2025-12-01,28872249.34,22107283.48774931,8410679.17366761,camacari-IPTU,camacari,IPTU
2020-12-01,2020-12-01,1,2021-01-01,16543166.329284055,17956136.273005407,1493060.8991192745,camacari-ISSQN,camacari,ISSQN
2020-12-01,2020-12-01,2,2021-02-01,14407952.673525412,17894635.131364338,1493060.8991192745,camacari-ISSQN,camacari,ISSQN
2020-12-01,2020-12-01,3,2021-03-01,14855886.310192015,14666303.182248674,1493060.8991192745,camacari-ISSQN,camacari,ISSQN
2020-12-01,2020-12-01,4,2021-04-01,15524759.746510506,14872869.09486253,1493060.8991192745,camacari-ISSQN,camacari,ISSQN
2020-12-01,2020-12-01,5,2021-05-01,15908108.22397056,12150644.56860724,1493060.8991192745,camacari-ISSQN,camacari,ISSQN
2020-12-01,2020-12-01,6,2021-06-01,16430714.61503123,11169191.30499592,1493060.8991192745,camacari-ISSQN,camacari,ISSQN
2020-12-01,2020-12-01,7,2021-07-01,15765340.012123786,13178593.059393361,1493060.8991192745,camacari-ISSQN,camacari,ISSQN
2020-12-01,2020-12-01,8,2021-08-01,17793395.258316882,12761988.668728001,1493060.8991192745,camacari-ISSQN,camacari,ISSQN
2020-12-01,2020-12-01,9,2021-09-01,17701014.731764168,13377698.583742809,1493060.8991192745,camacari-ISSQN,camacari,ISSQN
2020-12-01,2020-12-01,10,2021-10-01,17758714.841657992,13737523.646565393,1493060.8991192745,camacari-ISSQN,camacari,ISSQN
2020-12-01,2020-12-01,11,2021-11-01,17407028.491258733,14535413.956053045,1493060.8991192745,camacari-ISSQN,camacari,ISSQN
2020-12-01,2020-12-01,12,2021-12-01,20432534.845650554,16477648.557376169,1493060.8991192745,camacari-ISSQN,camacari,ISSQN
2021-01-01,2021-01-01,1,2021-02-01,14407952.673525412,17133921.024415754,1505343.2058992474,camacari-ISSQN,camacari,ISSQN
2021-01-01,2021-01-01,2,2021-03-01,14855886.310192015,13790908.58852554,1505343.2058992474,camacari-ISSQN,camacari,ISSQN
2021-01-01,2021-01-01,3,2021-04-01,15524759.746510506,14104630.28372585,1505343.2058992474,camacari-ISSQN,camacari,ISSQN
2021-01-01,2021-01-01,4,2021-05-01,15908108.22397056,11477039.425546506,1505343.2058992474,camacari-ISSQN,camacari,ISSQN
2021-01-01,2021-01-01,5,2021-06-01,16430714.61503123,10569837.96318411,1505343.2058992474,camacari-ISSQN,camacari,ISSQN
2021-01-01,2021-01-01,6,2021-07-01,15765340.012123786,12460404.390467266,1505343.2058992474,camacari-ISSQN,camacari,ISSQN
2021-01-01,2021-01-01,7,2021-08-01,17793395.258316882,12071512.256298756,1505343.2058992474,camacari-ISSQN,camacari,ISSQN
2021-01-01,2021-01-01,8,2021-09-01,17701014.731764168,12651441.970649729,1505343.2058992474,camacari-ISSQN,camacari,ISSQN
2021-01-01,2021-01-01,9,2021-10-01,17758714.841657992,12992923.507107833,1505343.2058992474,camacari-ISSQN,camacari,ISSQN
2021-01-01,2021-01-01,10,2021-11-01,17407028.491258733,13746974.448107777,1505343.2058992474,camacari-ISSQN,camacari,ISSQN
2021-01-01,2021-01-01,11,2021-12-01,20432534.845650554,15584172.563960271,1505343.2058992474,camacari-ISSQN,camacari,ISSQN
2021-01-01,2021-01-01,12,2022-01-01,21092285.296450797,14986635.419407124,1505343.2058992474,camacari-ISSQN,camacari,ISSQN
2021-02-01,2021-02-01,1,2021-03-01,14855886.310192015,13240614.04677043,1549700.383558713,camacari-ISSQN,camacari,ISSQN
2021-02-01,2021-02-01,2,2021-04-01,15524759.746510506,13329970.623809587,1549700.383558713,camacari-ISSQN,camacari,ISSQN
2021-02-01,2021-02-01,3,2021-05-01,15908108.22397056,11632280.846690925,1549700.383558713,camacari-ISSQN,camacari,ISSQN
2021-02-01,2021-02-01,4,2021-06-01,16430714.61503123,10773751.808774982,1549700.383558713,camacari-ISSQN,camacari,ISSQN
2021-02-01,2021-02-01,5,2021-07-01,15765340.012123786,12517631.577970345,1549700.383558713,camacari-ISSQN,camacari,ISSQN
2021-02-01,2021-02-01,6,2021-08-01,17793395.258316882,12423877.949318707,1549700.383558713,camacari-ISSQN,camacari,ISSQN
2021-02-01,2021-02-01,7,2021-09-01,17701014.731764168,12608970.161579251,1549700.383558713,camacari-ISSQN,camacari,ISSQN
2021-02-01,2021-02-01,8,2021-10-01,17758714.841657992,12992874.971813044,1549700.383558713,camacari-ISSQN,camacari,ISSQN
2021-02-01,2021-02-01,9,2021-11-01,17407028.491258733,13553477.79206609,1549700.383558713,camacari-ISSQN,camacari,ISSQN
2021-02-01,2021-02-01,10,2021-12-01,20432534.845650554,15230274.016515307,1549700.383558713,camacari-ISSQN,camacari,ISSQN
2021-02-01,2021-02-01,11,2022-01-01,21092285.296450797,15063098.746644896,1549700.383558713,camacari-ISSQN,camacari,ISSQN
2021-02-01,2021-02-01,12,2022-02-01,16186897.483220601,13320930.454331797,1549700.383558713,camacari-ISSQN,camacari,ISSQN
2021-03-01,2021-03-01,1,2021-04-01,15524759.746510506,14070104.536455402,1532448.5602651364,camacari-ISSQN,camacari,ISSQN
2021-03-01,2021-03-01,2,2021-05-01,15908108.22397056,12096735.535303315,1532448.5602651364,camacari-ISSQN,camacari,ISSQN
2021-03-01,2021-03-01,3,2021-06-01,16430714.61503123,11080205.973406378,1532448.5602651364,camacari-ISSQN,camacari,ISSQN
2021-03-01,2021-03-01,4,2021-07-01,15765340.012123786,13281369.052903231,1532448.5602651364,camacari-ISSQN,camacari,ISSQN
2021-03-01,2021-03-01,5,2021-08-01,17793395.258316882,12923225.542304263,1532448.5602651364,camacari-ISSQN,camacari,ISSQN
2021-03-01,2021-03-01,6,2021-09-01,17701014.731764168,13643280.694146968,1532448.5602651364,camacari-ISSQN,camacari,ISSQN
2021-03-01,2021-03-01,7,2021-10-01,17758714.841657992,14070591.312849522,1532448.5602651364,camacari-ISSQN,camacari,ISSQN
2021-03-01,2021-03-01,8,2021-11-01,17407028.491258733,14947674.435485931,1532448.5602651364,camacari-ISSQN,camacari,ISSQN
2021-03-01,2021-03-01,9,2021-12-01,20432534.845650554,16995263.404278155,1532448.5602651364,camacari-ISSQN,camacari,ISSQN
2021-03-01,2021-03-01,10,2022-01-01,21092285.296450797,16384172.663393348,1532448.5602651364,camacari-ISSQN,camacari,ISSQN
2021-03-01,2021-03-01,11,2022-02-01,16186897.483220601,14297041.602294425,1532448.5602651364,camacari-ISSQN,camacari,ISSQN
2021-03-01,2021-03-01,12,2022-03-01,20609813.782492623,14764529.422678694,1532448.5602651364,camacari-ISSQN,camacari,ISSQN
2021-04-01,2021-04-01,1,2021-05-01,15908108.22397056,13171478.918199113,1508519.317121714,camacari-ISSQN,camacari,ISSQN
2021-04-01,2021-04-01,2,2021-06-01,16430714.61503123,12262787.236491933,1508519.317121714,camacari-ISSQN,camacari,ISSQN
2021-04-01,2021-04-01,3,2021-07-01,15765340.012123786,14186372.83027481,1508519.317121714,camacari-ISSQN,camacari,ISSQN
2021-04-01,2021-04-01,4,2021-08-01,17793395.258316882,14140139.932135157,1508519.317121714,camacari-ISSQN,camacari,ISSQN
2021-04-01,2021-04-01,5,2021-09-01,17701014.731764168,14318809.231106041,1508519.317121714,camacari-ISSQN,camacari,ISSQN
2021-04-01,2021-04-01,6,2021-10-01,17758714.841657992,14749802.543413019,1508519.317121714,camacari-ISSQN,camacari,ISSQN
2021-04-01,2021-04-01,7,2021-11-01,17407028.491258733,15373030.059995126,1508519.317121714,camacari-ISSQN,camacari,ISSQN
2021-04-01,2021-04-01,8,2021-12-01,20432534.845650554,17245219.02866793,1508519.317121714,camacari-ISSQN,camacari,ISSQN
2021-04-01,2021-04-01,9,2022-01-01,21092285.296450797,17153793.336889725,1508519.317121714,camacari-ISSQN,camacari,ISSQN
2021-04-01,2021-04-01,10,2022-02-01,16186897.483220601,15149615.575591845,1508519.317121714,camacari-ISSQN,camacari,ISSQN
2021-04-01,2021-04-01,11,2022-03-01,20609813.782492623,14877286.481736321,1508519.317121714,camacari-ISSQN,camacari,ISSQN
2021-04-01,2021-04-01,12,2022-04-01,17759980.546359718,15362818.913848365,1508519.317121714,camacari-ISSQN,camacari,ISSQN
2021-05-01,2021-05-01,1,2021-06-01,16430714.61503123,13428116.750934191,1534873.8148101212,camacari-ISSQN,camacari,ISSQN
2021-05-01,2021-05-01,2,2021-07-01,15765340.012123786,15345277.702564834,1534873.8148101212,camacari-ISSQN,camacari,ISSQN
2021-05-01,2021-05-01,3,2021-08-01,17793395.258316882,14935619.630484885,1534873.8148101212,camacari-ISSQN,camacari,ISSQN
2021-05-01,2021-05-01,4,2021-09-01,17701014.731764168,14916894.34814494,1534873.8148101212,camacari-ISSQN,camacari,ISSQN
2021-05-01,2021-05-01,5,2021-10-01,17758714.841657992,15182535.29562616,1534873.8148101212,camacari-ISSQN,camacari,ISSQN
2021-05-01,2021-05-01,6,2021-11-01,17407028.491258733,15692121.522236994,1534873.8148101212,camacari-ISSQN,camacari,ISSQN
2021-05-01,2021-05-01,7,2021-12-01,20432534.845650554,17474644.18658325,1534873.8148101212,camacari-ISSQN,camacari,ISSQN
2021-05-01,2021-05-01,8,2022-01-01,21092285.296450797,17405996.0422471,1534873.8148101212,camacari-ISSQN,camacari,ISSQN
2021-05-01,2021-05-01,9,2022-02-01,16186897.483220601,15293456.765652135,1534873.8148101212,camacari-ISSQN,camacari,ISSQN
2021-05-01,2021-05-01,10,2022-03-01,20609813.782492623,14943671.127953479,1534873.8148101212,camacari-ISSQN,camacari,ISSQN
2021-05-01,2021-05-01,11,2022-04-01,17759980.546359718,15383730.250937428,1534873.8148101212,camacari-ISSQN,camacari,ISSQN
2021-05-01,2021-05-01,12,2022-05-01,16931826.340154935,14960418.072557453,1534873.8148101212,camacari-ISSQN,camacari,ISSQN
2021-06-01,2021-06-01,1,2021-07-01,15765340.012123786,16816934.178234685,1583901.4938772975,camacari-ISSQN,camacari,ISSQN
2021-06-01,2021-06-01,2,2021-08-01,17793395.258316882,16397357.289285125,1583901.4938772975,camacari-ISSQN,camacari,ISSQN
2021-06-01,2021-06-01,3,2021-09-01,17701014.731764168,15950597.531634495,1583901.4938772975,camacari-ISSQN,camacari,ISSQN
2021-06-01,2021-06-01,4,2021-10-01,17758714.841657992,15999089.950578336,1583901.4938772975,camacari-ISSQN,camacari,ISSQN
2021-06-01,2021-06-01,5,2021-11-01,17407028.491258733,16301159.63777682,1583901.4938772975,camacari-ISSQN,camacari,ISSQN
2021-06-01,2021-06-01,6,2021-12-01,20432534.845650554,17940639.815509193,1583901.4938772975,camacari-ISSQN,camacari,ISSQN
2021-06-01,2021-06-01,7,2022-01-01,21092285.296450797,17912845.856835973,1583901.4938772975,camacari-ISSQN,camacari,ISSQN
2021-06-01,2021-06-01,8,2022-02-01,16186897.483220601,15568286.542410672,1583901.4938772975,camacari-ISSQN,camacari,ISSQN
2021-06-01,2021-06-01,9,2022-03-01,20609813.782492623,15097381.102179645,1583901.4938772975,camacari-ISSQN,camacari,ISSQN
2021-06-01,2021-06-01,10,2022-04-01,17759980.546359718,15453787.16425968,1583901.4938772975,camacari-ISSQN,camacari,ISSQN
2021-06-01,2021-06-01,11,2022-05-01,16931826.340154935,14929565.117311358,1583901.4938772975,camacari-ISSQN,camacari,ISSQN
2021-06-01,2021-06-01,12,2022-06-01,17868945.717301447,14798196.277298128,1583901.4938772975,camacari-ISSQN,camacari,ISSQN
2021-07-01,2021-07-01,1,2021-08-01,17793395.258316882,15161442.83198151,1590210.7737901646,camacari-ISSQN,camacari,ISSQN
2021-07-01,2021-07-01,2,2021-09-01,17701014.731764168,14943609.03949938,1590210.7737901646,camacari-ISSQN,camacari,ISSQN
2021-07-01,2021-07-01,3,2021-10-01,17758714.841657992,15130583.848697703,1590210.7737901646,camacari-ISSQN,camacari,ISSQN
2021-07-01,2021-07-01,4,2021-11-01,17407028.491258733,15586081.545476438,1590210.7737901646,camacari-ISSQN,camacari,ISSQN
2021-07-01,2021-07-01,5,2021-12-01,20432534.845650554,17308454.39480288,1590210.7737901646,camacari-ISSQN,camacari,ISSQN
2021-07-01,2021-07-01,6,2022-01-01,21092285.296450797,17446751.865916274,1590210.7737901646,camacari-ISSQN,camacari,ISSQN
2021-07-01,2021-07-01,7,2022-02-01,16186897.483220601,15242930.24895912,1590210.7737901646,camacari-ISSQN,camacari,ISSQN
2021-07-01,2021-07-01,8,2022-03-01,20609813.782492623,14848995.814243507,1590210.7737901646,camacari-ISSQN,camacari,ISSQN
2021-07-01,2021-07-01,9,2022-04-01,17759980.546359718,15251544.256669765,1590210.7737901646,camacari-ISSQN,camacari,ISSQN
2021-07-01,2021-07-01,10,2022-05-01,16931826.340154935,14767893.899934554,1590210.7737901646,camacari-ISSQN,camacari,ISSQN
2021-07-01,2021-07-01,11,2022-06-01,17868945.717301447,14666869.494916426,1590210.7737901646,camacari-ISSQN,camacari,ISSQN
2021-07-01,2021-07-01,12,2022-07-01,18361779.51930217,15138844.79864782,1590210.7737901646,camacari-ISSQN,camacari,ISSQN
2021-08-01,2021-08-01,1,2021-09-01,17701014.731764168,16201818.081532264,1632561.777810365,camacari-ISSQN,camacari,ISSQN
2021-08-01,2021-08-01,2,2021-10-01,17758714.841657992,16341049.819995837,1632561.777810365,camacari-ISSQN,camacari,ISSQN
2021-08-01,2021-08-01,3,2021-11-01,17407028.491258733,16412284.188258994,1632561.777810365,camacari-ISSQN,camacari,ISSQN
2021-08-01,2021-08-01,4,2021-12-01,20432534.845650554,17972232.480945807,1632561.777810365,camacari-ISSQN,camacari,ISSQN
2021-08-01,2021-08-01,5,2022-01-01,21092285.296450797,18058838.212464556,1632561.777810365,camacari-ISSQN,camacari,ISSQN
2021-08-01,2021-08-01,6,2022-02-01,16186897.483220601,15562477.953621559,1632561.777810365,camacari-ISSQN,camacari,ISSQN
2021-08-01,2021-08-01,7,2022-03-01,20609813.782492623,15047034.22801766,1632561.777810365,camacari-ISSQN,camacari,ISSQN
2021-08-01,2021-08-01,8,2022-04-01,17759980.546359718,15360553.618182594,1632561.777810365,camacari-ISSQN,camacari,ISSQN
2021-08-01,2021-08-01,9,2022-05-01,16931826.340154935,14789666.472607875,1632561.777810365,camacari-ISSQN,camacari,ISSQN
2021-08-01,2021-08-01,10,2022-06-01,17868945.717301447,14647933.349806163,1632561.777810365,camacari-ISSQN,camacari,ISSQN
2021-08-01,2021-08-01,11,2022-07-01,18361779.51930217,15161717.959402855,1632561.777810365,camacari-ISSQN,camacari,ISSQN
2021-08-01,2021-08-01,12,2022-08-01,19637963.915173445,16190308.431075566,1632561.777810365,camacari-ISSQN,camacari,ISSQN
2021-09-01,2021-09-01,1,2021-10-01,17758714.841657992,17117191.35605007,1663027.2679946995,camacari-ISSQN,camacari,ISSQN
2021-09-01,2021-09-01,2,2021-11-01,17407028.491258733,17187243.457661975,1663027.2679946995,camacari-ISSQN,camacari,ISSQN
2021-09-01,2021-09-01,3,2021-12-01,20432534.845650554,18582787.09628642,1663027.2679946995,camacari-ISSQN,camacari,ISSQN
2021-09-01,2021-09-01,4,2022-01-01,21092285.296450797,18631880.66144257,1663027.2679946995,camacari-ISSQN,camacari,ISSQN
2021-09-01,2021-09-01,5,2022-02-01,16186897.483220601,15909755.704274824,1663027.2679946995,camacari-ISSQN,camacari,ISSQN
2021-09-01,2021-09-01,6,2022-03-01,20609813.782492623,15304893.432916345,1663027.2679946995,camacari-ISSQN,camacari,ISSQN
2021-09-01,2021-09-01,7,2022-04-01,17759980.546359718,15551169.599829817,1663027.2679946995,camacari-ISSQN,camacari,ISSQN
2021-09-01,2021-09-01,8,2022-05-01,16931826.340154935,14912242.5844104,1663027.2679946995,camacari-ISSQN,camacari,ISSQN
2021-09-01,2021-09-01,9,2022-06-01,17868945.717301447,14734666.110758653,1663027.2679946995,camacari-ISSQN,camacari,ISSQN
2021-09-01,2021-09-01,10,2022-07-01,18361779.51930217,15243828.48239118,1663027.2679946995,camacari-ISSQN,camacari,ISSQN
2021-09-01,2021-09-01,11,2022-08-01,19637963.915173445,16223930.50547596,1663027.2679946995,camacari-ISSQN,camacari,ISSQN
2021-09-01,2021-09-01,12,2022-09-01,21330305.533095423,16211497.069912167,1663027.2679946995,camacari-ISSQN,camacari,ISSQN
2021-10-01,2021-10-01,1,2021-11-01,17407028.491258733,17586628.284382205,1688081.631932035,camacari-ISSQN,camacari,ISSQN
2021-10-01,2021-10-01,2,2021-12-01,20432534.845650554,19039350.34329923,1688081.631932035,camacari-ISSQN,camacari,ISSQN
2021-10-01,2021-10-01,3,2022-01-01,21092285.296450797,19039706.00880487,1688081.631932035,camacari-ISSQN,camacari,ISSQN
2021-10-01,2021-10-01,4,2022-02-01,16186897.483220601,16186895.588173937,1688081.631932035,camacari-ISSQN,camacari,ISSQN
2021-10-01,2021-10-01,5,2022-03-01,20609813.782492623,15521647.801108584,1688081.631932035,camacari-ISSQN,camacari,ISSQN
2021-10-01,2021-10-01,6,2022-04-01,17759980.546359718,15726209.421934858,1688081.631932035,camacari-ISSQN,camacari,ISSQN
2021-10-01,2021-10-01,7,2022-05-01,16931826.340154935,15038040.334335696,1688081.631932035,camacari-ISSQN,camacari,ISSQN
2021-10-01,2021-10-01,8,2022-06-01,17868945.717301447,14833454.451773424,1688081.631932035,camacari-ISSQN,camacari,ISSQN
2021-10-01,2021-10-01,9,2022-07-01,18361779.51930217,15333836.493145427,1688081.631932035,camacari-ISSQN,camacari,ISSQN
2021-10-01,2021-10-01,10,2022-08-01,19637963.915173445,16275327.38091647,1688081.631932035,camacari-ISSQN,camacari,ISSQN
2021-10-01,2021-10-01,11,2022-09-01,21330305.533095423,16250376.178721698,1688081.631932035,camacari-ISSQN,camacari,ISSQN
2021-10-01,2021-10-01,12,2022-10-01,20448732.012382615,16410933.545844654,1688081.631932035,camacari-ISSQN,camacari,ISSQN
2021-11-01,2021-11-01,1,2021-12-01,20432534.845650554,18812155.041570105,1695743.853636679,camacari-ISSQN,camacari,ISSQN
2021-11-01,2021-11-01,2,2022-01-01,21092285.296450797,19067580.008128442,1695743.853636679,camacari-ISSQN,camacari,ISSQN
2021-11-01,2021-11-01,3,2022-02-01,16186897.483220601,16015740.211604558,1695743.853636679,camacari-ISSQN,camacari,ISSQN
2021-11-01,2021-11-01,4,2022-03-01,20609813.782492623,15356768.412848875,1695743.853636679,camacari-ISSQN,camacari,ISSQN
2021-11-01,2021-11-01,5,2022-04-01,17759980.546359718,15529000.338355822,1695743.853636679,camacari-ISSQN,camacari,ISSQN
2021-11-01,2021-11-01,6,2022-05-01,16931826.340154935,14815496.252841305,1695743.853636679,camacari-ISSQN,camacari,ISSQN
2021-11-01,2021-11-01,7,2022-06-01,17868945.717301447,14663234.416908886,1695743.853636679,camacari-ISSQN,camacari,ISSQN
2021-11-01,2021-11-01,8,2022-07-01,18361779.51930217,15218657.254447682,1695743.853636679,camacari-ISSQN,camacari,ISSQN
2021-11-01,2021-11-01,9,2022-08-01,19637963.915173445,16058051.318806361,1695743.853636679,camacari-ISSQN,camacari,ISSQN
2021-11-01,2021-11-01,10,2022-09-01,21330305.533095423,16082846.85939819,1695743.853636679,camacari-ISSQN,camacari,ISSQN
2021-11-01,2021-11-01,11,2022-10-01,20448732.012382615,16226571.492572527,1695743.853636679,camacari-ISSQN,camacari,ISSQN
2021-11-01,2021-11-01,12,2022-11-01,21417476.473871592,16378201.594935788,1695743.853636679,camacari-ISSQN,camacari,ISSQN
2021-12-01,2021-12-01,1,2022-01-01,21092285.296450797,20625824.048432168,1717052.2441175042,camacari-ISSQN,camacari,ISSQN
2021-12-01,2021-12-01,2,2022-02-01,16186897.483220601,17749547.743434213,1717052.2441175042,camacari-ISSQN,camacari,ISSQN
2021-12-01,2021-12-01,3,2022-03-01,20609813.782492623,17246228.98536183,1717052.2441175042,camacari-ISSQN,camacari,ISSQN
2021-12-01,2021-12-01,4,2022-04-01,17759980.546359718,17639834.834921308,1717052.2441175042,camacari-ISSQN,camacari,ISSQN
2021-12-01,2021-12-01,5,2022-05-01,16931826.340154935,16989075.56643241,1717052.2441175042,camacari-ISSQN,camacari,ISSQN
2021-12-01,2021-12-01,6,2022-06-01,17868945.717301447,16878651.386686325,1717052.2441175042,camacari-ISSQN,camacari,ISSQN
2021-12-01,2021-12-01,7,2022-07-01,18361779.51930217,17564268.35467644,1717052.2441175042,camacari-ISSQN,camacari,ISSQN
2021-12-01,2021-12-01,8,2022-08-01,19637963.915173445,18674603.167806163,1717052.2441175042,camacari-ISSQN,camacari,ISSQN
2021-12-01,2021-12-01,9,2022-09-01,21330305.533095423,18719276.353320677,1717052.2441175042,camacari-ISSQN,camacari,ISSQN
2021-12-01,2021-12-01,10,2022-10-01,20448732.012382615,18946646.743464556,1717052.2441175042,camacari-ISSQN,camacari,ISSQN
2021-12-01,2021-12-01,11,2022-11-01,21417476.473871592,19120056.7454844,1717052.2441175042,camacari-ISSQN,camacari,ISSQN
2021-12-01,2021-12-01,12,2022-12-01,25036250.719354104,21773444.041415963,1717052.2441175042,camacari-ISSQN,camacari,ISSQN
2022-01-01,2022-01-01,1,2022-02-01,16186897.483220601,17845450.735381722,1755847.6786798225,camacari-ISSQN,camacari,ISSQN
2022-01-01,2022-01-01,2,2022-03-01,20609813.782492623,17330572.714676127,1755847.6786798225,camacari-ISSQN,camacari,ISSQN
2022-01-01,2022-01-01,3,2022-04-01,17759980.546359718,17673889.776300557,1755847.6786798225,camacari-ISSQN,camacari,ISSQN
2022-01-01,2022-01-01,4,2022-05-01,16931826.340154935,16969882.192455232,1755847.6786798225,camacari-ISSQN,camacari,ISSQN
2022-01-01,2022-01-01,5,2022-06-01,17868945.717301447,16928035.17529682,1755847.6786798225,camacari-ISSQN,camacari,ISSQN
2022-01-01,2022-01-01,6,2022-07-01,18361779.51930217,17662697.676692422,1755847.6786798225,camacari-ISSQN,camacari,ISSQN
2022-01-01,2022-01-01,7,2022-08-01,19637963.915173445,18650257.801387142,1755847.6786798225,camacari-ISSQN,camacari,ISSQN
2022-01-01,2022-01-01,8,2022-09-01,21330305.533095423,18758021.138582833,1755847.6786798225,camacari-ISSQN,camacari,ISSQN
2022-01-01,2022-01-01,9,2022-10-01,20448732.012382615,18954854.329733126,1755847.6786798225,camacari-ISSQN,camacari,ISSQN
2022-01-01,2022-01-01,10,2022-11-01,21417476.473871592,19163178.778948803,1755847.6786798225,camacari-ISSQN,camacari,ISSQN
2022-01-01,2022-01-01,11,2022-12-01,25036250.719354104,21680581.392013866,1755847.6786798225,camacari-ISSQN,camacari,ISSQN
2022-01-01,2022-01-01,12,2023-01-01,29157384.457611956,22377193.755257156,1755847.6786798225,camacari-ISSQN,camacari,ISSQN
2022-02-01,2022-02-01,1,2022-03-01,20609813.782492623,16426461.85527044,1756159.802071922,camacari-ISSQN,camacari,ISSQN
2022-02-01,2022-02-01,2,2022-04-01,17759980.546359718,16754038.500786642,1756159.802071922,camacari-ISSQN,camacari,ISSQN
2022-02-01,2022-02-01,3,2022-05-01,16931826.340154935,16088755.388445826,1756159.802071922,camacari-ISSQN,camacari,ISSQN
2022-02-01,2022-02-01,4,2022-06-01,17868945.717301447,16044996.156814037,1756159.802071922,camacari-ISSQN,camacari,ISSQN
2022-02-01,2022-02-01,5,2022-07-01,18361779.51930217,16740189.115119994,1756159.802071922,camacari-ISSQN,camacari,ISSQN
2022-02-01,2022-02-01,6,2022-08-01,19637963.915173445,17681828.512075476,1756159.802071922,camacari-ISSQN,camacari,ISSQN
2022-02-01,2022-02-01,7,2022-09-01,21330305.533095423,17780587.859350022,1756159.802071922,camacari-ISSQN,camacari,ISSQN
2022-02-01,2022-02-01,8,2022-10-01,20448732.012382615,17968881.306375746,1756159.802071922,camacari-ISSQN,camacari,ISSQN
2022-02-01,2022-02-01,9,2022-11-01,21417476.473871592,18165241.726666853,1756159.802071922,camacari-ISSQN,camacari,ISSQN
2022-02-01,2022-02-01,10,2022-12-01,25036250.719354104,20557867.368189186,1756159.802071922,camacari-ISSQN,camacari,ISSQN
2022-02-01,2022-02-01,11,2023-01-01,29157384.457611956,21212610.27066865,1756159.802071922,camacari-ISSQN,camacari,ISSQN
2022-02-01,2022-02-01,12,2023-02-01,18854324.324541107,17370195.91194705,1756159.802071922,camacari-ISSQN,camacari,ISSQN
2022-03-01,2022-03-01,1,2022-04-01,17759980.546359718,19690827.18618107,1809463.3710083044,camacari-ISSQN,camacari,ISSQN
2022-03-01,2022-03-01,2,2022-05-01,16931826.340154935,19905762.020702984,1809463.3710083044,camacari-ISSQN,camacari,ISSQN
2022-03-01,2022-03-01,3,2022-06-01,17868945.717301447,20194196.236441486,1809463.3710083044,camacari-ISSQN,camacari,ISSQN
2022-03-01,2022-03-01,4,2022-07-01,18361779.51930217,19826054.55867997,1809463.3710083044,camacari-ISSQN,camacari,ISSQN
2022-03-01,2022-03-01,5,2022-08-01,19637963.915173445,20923138.383992627,1809463.3710083044,camacari-ISSQN,camacari,ISSQN
2022-03-01,2022-03-01,6,2022-09-01,21330305.533095423,20874721.444831587,1809463.3710083044,camacari-ISSQN,camacari,ISSQN
2022-03-01,2022-03-01,7,2022-10-01,20448732.012382615,20904978.654437203,1809463.3710083044,camacari-ISSQN,camacari,ISSQN
2022-03-01,2022-03-01,8,2022-11-01,21417476.473871592,20719702.185194846,1809463.3710083044,camacari-ISSQN,camacari,ISSQN
2022-03-01,2022-03-01,9,2022-12-01,25036250.719354104,22251478.207066063,1809463.3710083044,camacari-ISSQN,camacari,ISSQN
2022-03-01,2022-03-01,10,2023-01-01,29157384.457611956,22568430.74984909,1809463.3710083044,camacari-ISSQN,camacari,ISSQN
2022-03-01,2022-03-01,11,2023-02-01,18854324.324541107,20060273.388189353,1809463.3710083044,camacari-ISSQN,camacari,ISSQN
2022-03-01,2022-03-01,12,2023-03-01,20203586.524565566,22337196.535030175,1809463.3710083044,camacari-ISSQN,camacari,ISSQN
2022-04-01,2022-04-01,1,2022-05-01,16931826.340154935,18747060.698478486,1815065.4424404216,camacari-ISSQN,camacari,ISSQN
2022-04-01,2022-04-01,2,2022-06-01,17868945.717301447,19018579.5736913,1815065.4424404216,camacari-ISSQN,camacari,ISSQN
2022-04-01,2022-04-01,3,2022-07-01,18361779.51930217,18672027.394755606,1815065.4424404216,camacari-ISSQN,camacari,ISSQN
2022-04-01,2022-04-01,4,2022-08-01,19637963.915173445,19704764.72660799,1815065.4424404216,camacari-ISSQN,camacari,ISSQN
2022-04-01,2022-04-01,5,2022-09-01,21330305.533095423,19659188.087345626,1815065.4424404216,camacari-ISSQN,camacari,ISSQN
2022-04-01,2022-04-01,6,2022-10-01,20448732.012382615,19687670.313330423,1815065.4424404216,camacari-ISSQN,camacari,ISSQN
2022-04-01,2022-04-01,7,2022-11-01,21417476.473871592,19513262.449522804,1815065.4424404216,camacari-ISSQN,camacari,ISSQN
2022-04-01,2022-04-01,8,2022-12-01,25036250.719354104,20955161.146773934,1815065.4424404216,camacari-ISSQN,camacari,ISSQN
2022-04-01,2022-04-01,9,2023-01-01,29157384.457611956,21253510.61811911,1815065.4424404216,camacari-ISSQN,camacari,ISSQN
2022-04-01,2022-04-01,10,2023-02-01,18854324.324541107,18892510.907976553,1815065.4424404216,camacari-ISSQN,camacari,ISSQN
2022-04-01,2022-04-01,11,2023-03-01,20203586.524565566,21035848.552930877,1815065.4424404216,camacari-ISSQN,camacari,ISSQN
2022-04-01,2022-04-01,12,2023-04-01,23075077.619267482,19688294.520759843,1815065.4424404216,camacari-ISSQN,camacari,ISSQN
2022-05-01,2022-05-01,1,2022-06-01,17868945.717301447,17922444.755348366,1804788.2044370964,camacari-ISSQN,camacari,ISSQN
2022-05-01,2022-05-01,2,2022-07-01,18361779.51930217,17617511.154610816,1804788.2044370964,camacari-ISSQN,camacari,ISSQN
2022-05-01,2022-05-01,3,2022-08-01,19637963.915173445,18525135.25477038,1804788.2044370964,camacari-ISSQN,camacari,ISSQN
2022-05-01,2022-05-01,4,2022-09-01,21330305.533095423,18485148.3906145,1804788.2044370964,camacari-ISSQN,camacari,ISSQN
2022-05-01,2022-05-01,5,2022-10-01,20448732.012382615,18510138.12175656,1804788.2044370964,camacari-ISSQN,camacari,ISSQN
2022-05-01,2022-05-01,6,2022-11-01,21417476.473871592,18357078.127812985,1804788.2044370964,camacari-ISSQN,camacari,ISSQN
2022-05-01,2022-05-01,7,2022-12-01,25036250.719354104,19619815.30974413,1804788.2044370964,camacari-ISSQN,camacari,ISSQN
2022-05-01,2022-05-01,8,2023-01-01,29157384.457611956,19880355.549808796,1804788.2044370964,camacari-ISSQN,camacari,ISSQN
2022-05-01,2022-05-01,9,2023-02-01,18854324.324541107,17811559.427796472,1804788.2044370964,camacari-ISSQN,camacari,ISSQN
2022-05-01,2022-05-01,10,2023-03-01,20203586.524565566,19690301.681411847,1804788.2044370964,camacari-ISSQN,camacari,ISSQN
2022-05-01,2022-05-01,11,2023-04-01,23075077.619267482,18510685.761701033,1804788.2044370964,camacari-ISSQN,camacari,ISSQN
2022-05-01,2022-05-01,12,2023-05-01,18314045.276733518,18147360.535646614,1804788.2044370964,camacari-ISSQN,camacari,ISSQN
2022-06-01,2022-06-01,1,2022-07-01,18361779.51930217,17597277.87798008,1800088.7544093158,camacari-ISSQN,camacari,ISSQN
2022-06-01,2022-06-01,2,2022-08-01,19637963.915173445,18511002.55674572,1800088.7544093158,camacari-ISSQN,camacari,ISSQN
2022-06-01,2022-06-01,3,2022-09-01,21330305.533095423,18470739.55191585,1800088.7544093158,camacari-ISSQN,camacari,ISSQN
2022-06-01,2022-06-01,4,2022-10-01,20448732.012382615,18495901.778431486,1800088.7544093158,camacari-ISSQN,camacari,ISSQN
2022-06-01,2022-06-01,5,2022-11-01,21417476.473871592,18341789.374208152,1800088.7544093158,camacari-ISSQN,camacari,ISSQN
2022-06-01,2022-06-01,6,2022-12-01,25036250.719354104,19613496.838691916,1800088.7544093158,camacari-ISSQN,camacari,ISSQN
2022-06-01,2022-06-01,7,2023-01-01,29157384.457611956,19875967.561549757,1800088.7544093158,camacari-ISSQN,camacari,ISSQN
2022-06-01,2022-06-01,8,2023-02-01,18854324.324541107,17792600.66579043,1800088.7544093158,camacari-ISSQN,camacari,ISSQN
2022-06-01,2022-06-01,9,2023-03-01,20203586.524565566,19684502.854247242,1800088.7544093158,camacari-ISSQN,camacari,ISSQN
2022-06-01,2022-06-01,10,2023-04-01,23075077.619267482,18496453.201466642,1800088.7544093158,camacari-ISSQN,camacari,ISSQN
2022-06-01,2022-06-01,11,2023-05-01,18314045.276733518,18130645.851772282,1800088.7544093158,camacari-ISSQN,camacari,ISSQN
2022-06-01,2022-06-01,12,2023-06-01,19136367.451210137,18543840.07330421,1800088.7544093158,camacari-ISSQN,camacari,ISSQN
2022-07-01,2022-07-01,1,2022-08-01,19637963.915173445,19423183.984083727,1810169.1436848738,camacari-ISSQN,camacari,ISSQN
2022-07-01,2022-07-01,2,2022-09-01,21330305.533095423,19540845.68344589,1810169.1436848738,camacari-ISSQN,camacari,ISSQN
2022-07-01,2022-07-01,3,2022-10-01,20448732.012382615,19743117.400687,1810169.1436848738,camacari-ISSQN,camacari,ISSQN
2022-07-01,2022-07-01,4,2022-11-01,21417476.473871592,19961775.565893866,1810169.1436848738,camacari-ISSQN,camacari,ISSQN
2022-07-01,2022-07-01,5,2022-12-01,25036250.719354104,22574144.469221067,1810169.1436848738,camacari-ISSQN,camacari,ISSQN
2022-07-01,2022-07-01,6,2023-01-01,29157384.457611956,23308632.419987697,1810169.1436848738,camacari-ISSQN,camacari,ISSQN
2022-07-01,2022-07-01,7,2023-02-01,18854324.324541107,19086687.762062483,1810169.1436848738,camacari-ISSQN,camacari,ISSQN
2022-07-01,2022-07-01,8,2023-03-01,20203586.524565566,20564912.745940037,1810169.1436848738,camacari-ISSQN,camacari,ISSQN
2022-07-01,2022-07-01,9,2023-04-01,23075077.619267482,19619713.423551776,1810169.1436848738,camacari-ISSQN,camacari,ISSQN
2022-07-01,2022-07-01,10,2023-05-01,18314045.276733518,18822229.272444863,1810169.1436848738,camacari-ISSQN,camacari,ISSQN
2022-07-01,2022-07-01,11,2023-06-01,19136367.451210137,19103083.41717033,1810169.1436848738,camacari-ISSQN,camacari,ISSQN
2022-07-01,2022-07-01,12,2023-07-01,21036673.873442713,19854984.67307413,1810169.1436848738,camacari-ISSQN,camacari,ISSQN
2022-08-01,2022-08-01,1,2022-09-01,21330305.533095423,19573726.275002185,1810599.1375995204,camacari-ISSQN,camacari,ISSQN
2022-08-01,2022-08-01,2,2022-10-01,20448732.012382615,19752998.74141156,1810599.1375995204,camacari-ISSQN,camacari,ISSQN
2022-08-01,2022-08-01,3,2022-11-01,21417476.473871592,19981853.627981715,1810599.1375995204,camacari-ISSQN,camacari,ISSQN
2022-08-01,2022-08-01,4,2022-12-01,25036250.719354104,22520765.609162778,1810599.1375995204,camacari-ISSQN,camacari,ISSQN
2022-08-01,2022-08-01,5,2023-01-01,29157384.457611956,23326978.037741035,1810599.1375995204,camacari-ISSQN,camacari,ISSQN
2022-08-01,2022-08-01,6,2023-02-01,18854324.324541107,19095004.966464136,1810599.1375995204,camacari-ISSQN,camacari,ISSQN
2022-08-01,2022-08-01,7,2023-03-01,20203586.524565566,20372054.303513788,1810599.1375995204,camacari-ISSQN,camacari,ISSQN
2022-08-01,2022-08-01,8,2023-04-01,23075077.619267482,19528443.057276543,1810599.1375995204,camacari-ISSQN,camacari,ISSQN
2022-08-01,2022-08-01,9,2023-05-01,18314045.276733518,18735270.658518255,1810599.1375995204,camacari-ISSQN,camacari,ISSQN
2022-08-01,2022-08-01,10,2023-06-01,19136367.451210137,18982762.081183717,1810599.1375995204,camacari-ISSQN,camacari,ISSQN
2022-08-01,2022-08-01,11,2023-07-01,21036673.873442713,19760091.076024834,1810599.1375995204,camacari-ISSQN,camacari,ISSQN
2022-08-01,2022-08-01,12,2023-08-01,21575949.02090314,21018615.600318015,1810599.1375995204,camacari-ISSQN,camacari,ISSQN
2022-09-01,2022-09-01,1,2022-10-01,20448732.012382615,20817132.764541306,1833052.1211023813,camacari-ISSQN,camacari,ISSQN
2022-09-01,2022-09-01,2,2022-11-01,21417476.473871592,21060089.120953202,1833052.1211023813,camacari-ISSQN,camacari,ISSQN
2022-09-01,2022-09-01,3,2022-12-01,25036250.719354104,23716911.082381226,1833052.1211023813,camacari-ISSQN,camacari,ISSQN
2022-09-01,2022-09-01,4,2023-01-01,29157384.457611956,24585207.57670086,1833052.1211023813,camacari-ISSQN,camacari,ISSQN
2022-09-01,2022-09-01,5,2023-02-01,18854324.324541107,20121515.527086426,1833052.1211023813,camacari-ISSQN,camacari,ISSQN
2022-09-01,2022-09-01,6,2023-03-01,20203586.524565566,21418121.451977257,1833052.1211023813,camacari-ISSQN,camacari,ISSQN
2022-09-01,2022-09-01,7,2023-04-01,23075077.619267482,20553691.739247724,1833052.1211023813,camacari-ISSQN,camacari,ISSQN
2022-09-01,2022-09-01,8,2023-05-01,18314045.276733518,19719221.204731617,1833052.1211023813,camacari-ISSQN,camacari,ISSQN
2022-09-01,2022-09-01,9,2023-06-01,19136367.451210137,19972636.79073958,1833052.1211023813,camacari-ISSQN,camacari,ISSQN
2022-09-01,2022-09-01,10,2023-07-01,21036673.873442713,20797499.629358973,1833052.1211023813,camacari-ISSQN,camacari,ISSQN
2022-09-01,2022-09-01,11,2023-08-01,21575949.02090314,22114761.7364354,1833052.1211023813,camacari-ISSQN,camacari,ISSQN
2022-09-01,2022-09-01,12,2023-09-01,20002492.205724116,22717499.136460256,1833052.1211023813,camacari-ISSQN,camacari,ISSQN
2022-10-01,2022-10-01,1,2022-11-01,21417476.473871592,21093004.48614859,1843502.9143904576,camacari-ISSQN,camacari,ISSQN
2022-10-01,2022-10-01,2,2022-12-01,25036250.719354104,23605263.814648874,1843502.9143904576,camacari-ISSQN,camacari,ISSQN
2022-10-01,2022-10-01,3,2023-01-01,29157384.457611956,24628580.95913469,1843502.9143904576,camacari-ISSQN,camacari,ISSQN
2022-10-01,2022-10-01,4,2023-02-01,18854324.324541107,20109781.44773746,1843502.9143904576,camacari-ISSQN,camacari,ISSQN
2022-10-01,2022-10-01,5,2023-03-01,20203586.524565566,21041086.14502662,1843502.9143904576,camacari-ISSQN,camacari,ISSQN
2022-10-01,2022-10-01,6,2023-04-01,23075077.619267482,20356292.70214885,1843502.9143904576,camacari-ISSQN,camacari,ISSQN
2022-10-01,2022-10-01,7,2023-05-01,18314045.276733518,19534870.429182254,1843502.9143904576,camacari-ISSQN,camacari,ISSQN
2022-10-01,2022-10-01,8,2023-06-01,19136367.451210137,19742809.593464654,1843502.9143904576,camacari-ISSQN,camacari,ISSQN
2022-10-01,2022-10-01,9,2023-07-01,21036673.873442713,20605280.94234455,1843502.9143904576,camacari-ISSQN,camacari,ISSQN
2022-10-01,2022-10-01,10,2023-08-01,21575949.02090314,21854061.720563732,1843502.9143904576,camacari-ISSQN,camacari,ISSQN
2022-10-01,2022-10-01,11,2023-09-01,20002492.205724116,22334494.386857558,1843502.9143904576,camacari-ISSQN,camacari,ISSQN
2022-10-01,2022-10-01,12,2023-10-01,20505785.038989563,22218901.046643443,1843502.9143904576,camacari-ISSQN,camacari,ISSQN
2022-11-01,2022-11-01,1,2022-12-01,25036250.719354104,23816067.74513754,1869610.6862967513,camacari-ISSQN,camacari,ISSQN
2022-11-01,2022-11-01,2,2023-01-01,29157384.457611956,24879021.8747865,1869610.6862967513,camacari-ISSQN,camacari,ISSQN
2022-11-01,2022-11-01,3,2023-02-01,18854324.324541107,20302237.359552268,1869610.6862967513,camacari-ISSQN,camacari,ISSQN
2022-11-01,2022-11-01,4,2023-03-01,20203586.524565566,21179306.850816607,1869610.6862967513,camacari-ISSQN,camacari,ISSQN
2022-11-01,2022-11-01,5,2023-04-01,23075077.619267482,20518451.207957596,1869610.6862967513,camacari-ISSQN,camacari,ISSQN
2022-11-01,2022-11-01,6,2023-05-01,18314045.276733518,19691802.564214807,1869610.6862967513,camacari-ISSQN,camacari,ISSQN
2022-11-01,2022-11-01,7,2023-06-01,19136367.451210137,19895593.973200284,1869610.6862967513,camacari-ISSQN,camacari,ISSQN
2022-11-01,2022-11-01,8,2023-07-01,21036673.873442713,20772037.99293647,1869610.6862967513,camacari-ISSQN,camacari,ISSQN
2022-11-01,2022-11-01,9,2023-08-01,21575949.02090314,22020792.913090494,1869610.6862967513,camacari-ISSQN,camacari,ISSQN
2022-11-01,2022-11-01,10,2023-09-01,20002492.205724116,22485079.35357355,1869610.6862967513,camacari-ISSQN,camacari,ISSQN
2022-11-01,2022-11-01,11,2023-10-01,20505785.038989563,22376561.303031884,1869610.6862967513,camacari-ISSQN,camacari,ISSQN
2022-11-01,2022-11-01,12,2023-11-01,25611611.938634984,23107178.582155194,1869610.6862967513,camacari-ISSQN,camacari,ISSQN
2022-12-01,2022-12-01,1,2023-01-01,29157384.457611956,25502278.839732114,1902159.5575754035,camacari-ISSQN,camacari,ISSQN
2022-12-01,2022-12-01,2,2023-02-01,18854324.324541107,20814505.950341865,1902159.5575754035,camacari-ISSQN,camacari,ISSQN
2022-12-01,2022-12-01,3,2023-03-01,20203586.524565566,21732370.830094393,1902159.5575754035,camacari-ISSQN,camacari,ISSQN
2022-12-01,2022-12-01,4,2023-04-01,23075077.619267482,21045830.957517404,1902159.5575754035,camacari-ISSQN,camacari,ISSQN
2022-12-01,2022-12-01,5,2023-05-01,18314045.276733518,20197523.044005986,1902159.5575754035,camacari-ISSQN,camacari,ISSQN
2022-12-01,2022-12-01,6,2023-06-01,19136367.451210137,20408209.43900639,1902159.5575754035,camacari-ISSQN,camacari,ISSQN
2022-12-01,2022-12-01,7,2023-07-01,21036673.873442713,21305094.128863633,1902159.5575754035,camacari-ISSQN,camacari,ISSQN
2022-12-01,2022-12-01,8,2023-08-01,21575949.02090314,22588894.0538752,1902159.5575754035,camacari-ISSQN,camacari,ISSQN
2022-12-01,2022-12-01,9,2023-09-01,20002492.205724116,23071006.23676703,1902159.5575754035,camacari-ISSQN,camacari,ISSQN
2022-12-01,2022-12-01,10,2023-10-01,20505785.038989563,22957352.16645872,1902159.5575754035,camacari-ISSQN,camacari,ISSQN
2022-12-01,2022-12-01,11,2023-11-01,25611611.938634984,23704755.757091302,1902159.5575754035,camacari-ISSQN,camacari,ISSQN
2022-12-01,2022-12-01,12,2023-12-01,23583900.23543129,26890683.441505734,1902159.5575754035,camacari-ISSQN,camacari,ISSQN
2023-01-01,2023-01-01,1,2023-02-01,18854324.324541107,22867926.901400704,1974664.7293822947,camacari-ISSQN,camacari,ISSQN
2023-01-01,2023-01-01,2,2023-03-01,20203586.524565566,24173440.769589785,1974664.7293822947,camacari-ISSQN,camacari,ISSQN
2023-01-01,2023-01-01,3,2023-04-01,23075077.619267482,23283583.464074273,1974664.7293822947,camacari-ISSQN,camacari,ISSQN
2023-01-01,2023-01-01,4,2023-05-01,18314045.276733518,22452552.14489874,1974664.7293822947,camacari-ISSQN,camacari,ISSQN
2023-01-01,2023-01-01,5,2023-06-01,19136367.451210137,22622169.037570305,1974664.7293822947,camacari-ISSQN,camacari,ISSQN
2023-01-01,2023-01-01,6,2023-07-01,21036673.873442713,23663703.396640886,1974664.7293822947,camacari-ISSQN,camacari,ISSQN
2023-01-01,2023-01-01,7,2023-08-01,21575949.02090314,25040765.47784391,1974664.7293822947,camacari-ISSQN,camacari,ISSQN
2023-01-01,2023-01-01,8,2023-09-01,20002492.205724116,25501754.975662343,1974664.7293822947,camacari-ISSQN,camacari,ISSQN
2023-01-01,2023-01-01,9,2023-10-01,20505785.038989563,25408040.766648725,1974664.7293822947,camacari-ISSQN,camacari,ISSQN
2023-01-01,2023-01-01,10,2023-11-01,25611611.938634984,26254411.59957956,1974664.7293822947,camacari-ISSQN,camacari,ISSQN
2023-01-01,2023-01-01,11,2023-12-01,23583900.23543129,29697714.346082434,1974664.7293822947,camacari-ISSQN,camacari,ISSQN
2023-01-01,2023-01-01,12,2024-01-01,22986387.186458543,31710006.492031366,1974664.7293822947,camacari-ISSQN,camacari,ISSQN
2023-02-01,2023-02-01,1,2023-03-01,20203586.524565566,21384332.5940571,1982720.1027769253,camacari-ISSQN,camacari,ISSQN
2023-02-01,2023-02-01,2,2023-04-01,23075077.619267482,20900227.078517172,1982720.1027769253,camacari-ISSQN,camacari,ISSQN
2023-02-01,2023-02-01,3,2023-05-01,18314045.276733518,20069950.035051007,1982720.1027769253,camacari-ISSQN,camacari,ISSQN
2023-02-01,2023-02-01,4,2023-06-01,19136367.451210137,20251681.922953457,1982720.1027769253,camacari-ISSQN,camacari,ISSQN
2023-02-01,2023-02-01,5,2023-07-01,21036673.873442713,21184771.60371086,1982720.1027769253,camacari-ISSQN,camacari,ISSQN
2023-02-01,2023-02-01,6,2023-08-01,21575949.02090314,22390269.64065401,1982720.1027769253,camacari-ISSQN,camacari,ISSQN
2023-02-01,2023-02-01,7,2023-09-01,20002492.205724116,22735357.779589448,1982720.1027769253,camacari-ISSQN,camacari,ISSQN
2023-02-01,2023-02-01,8,2023-10-01,20505785.038989563,22671087.817126732,1982720.1027769253,camacari-ISSQN,camacari,ISSQN
2023-02-01,2023-02-01,9,2023-11-01,25611611.938634984,23466384.181424424,1982720.1027769253,camacari-ISSQN,camacari,ISSQN
2023-02-01,2023-02-01,10,2023-12-01,23583900.23543129,26409980.47195621,1982720.1027769253,camacari-ISSQN,camacari,ISSQN
2023-02-01,2023-02-01,11,2024-01-01,22986387.186458543,28217666.544258814,1982720.1027769253,camacari-ISSQN,camacari,ISSQN
2023-02-01,2023-02-01,12,2024-02-01,23872500.478948027,22055729.739210546,1982720.1027769253,camacari-ISSQN,camacari,ISSQN
2023-03-01,2023-03-01,1,2023-04-01,23075077.619267482,20282536.874002393,1964599.4953648578,camacari-ISSQN,camacari,ISSQN
2023-03-01,2023-03-01,2,2023-05-01,18314045.276733518,19477126.87241863,1964599.4953648578,camacari-ISSQN,camacari,ISSQN
2023-03-01,2023-03-01,3,2023-06-01,19136367.451210137,19653121.478185397,1964599.4953648578,camacari-ISSQN,camacari,ISSQN
2023-03-01,2023-03-01,4,2023-07-01,21036673.873442713,20559440.7106419,1964599.4953648578,camacari-ISSQN,camacari,ISSQN
2023-03-01,2023-03-01,5,2023-08-01,21575949.02090314,21727729.38159711,1964599.4953648578,camacari-ISSQN,camacari,ISSQN
2023-03-01,2023-03-01,6,2023-09-01,20002492.205724116,22059689.252169397,1964599.4953648578,camacari-ISSQN,camacari,ISSQN
2023-03-01,2023-03-01,7,2023-10-01,20505785.038989563,21998271.866331115,1964599.4953648578,camacari-ISSQN,camacari,ISSQN
2023-03-01,2023-03-01,8,2023-11-01,25611611.938634984,22771396.362459254,1964599.4953648578,camacari-ISSQN,camacari,ISSQN
2023-03-01,2023-03-01,9,2023-12-01,23583900.23543129,25622875.115951654,1964599.4953648578,camacari-ISSQN,camacari,ISSQN
2023-03-01,2023-03-01,10,2024-01-01,22986387.186458543,27374691.92968673,1964599.4953648578,camacari-ISSQN,camacari,ISSQN
2023-03-01,2023-03-01,11,2024-02-01,23872500.478948027,21404823.862982977,1964599.4953648578,camacari-ISSQN,camacari,ISSQN
2023-03-01,2023-03-01,12,2024-03-01,21240482.31230949,22413077.28228127,1964599.4953648578,camacari-ISSQN,camacari,ISSQN
2023-04-01,2023-04-01,1,2023-05-01,18314045.276733518,20610682.90773435,2002673.3314732998,camacari-ISSQN,camacari,ISSQN
2023-04-01,2023-04-01,2,2023-06-01,19136367.451210137,20799642.283184502,2002673.3314732998,camacari-ISSQN,camacari,ISSQN
2023-04-01,2023-04-01,3,2023-07-01,21036673.873442713,21753039.01192923,2002673.3314732998,camacari-ISSQN,camacari,ISSQN
2023-04-01,2023-04-01,4,2023-08-01,21575949.02090314,23000358.49561624,2002673.3314732998,camacari-ISSQN,camacari,ISSQN
2023-04-01,2023-04-01,5,2023-09-01,20002492.205724116,23372018.230450023,2002673.3314732998,camacari-ISSQN,camacari,ISSQN
2023-04-01,2023-04-01,6,2023-10-01,20505785.038989563,23300244.652750455,2002673.3314732998,camacari-ISSQN,camacari,ISSQN
2023-04-01,2023-04-01,7,2023-11-01,25611611.938634984,24109268.340350043,2002673.3314732998,camacari-ISSQN,camacari,ISSQN
2023-04-01,2023-04-01,8,2023-12-01,23583900.23543129,27162349.581244696,2002673.3314732998,camacari-ISSQN,camacari,ISSQN
2023-04-01,2023-04-01,9,2024-01-01,22986387.186458543,29033501.717087153,2002673.3314732998,camacari-ISSQN,camacari,ISSQN
2023-04-01,2023-04-01,10,2024-02-01,23872500.478948027,22646324.682516698,2002673.3314732998,camacari-ISSQN,camacari,ISSQN
2023-04-01,2023-04-01,11,2024-03-01,21240482.31230949,23760740.590235084,2002673.3314732998,camacari-ISSQN,camacari,ISSQN
2023-04-01,2023-04-01,12,2024-04-01,22746532.296000022,23936956.080255263,2002673.3314732998,camacari-ISSQN,camacari,ISSQN
2023-05-01,2023-05-01,1,2023-06-01,19136367.451210137,19870644.069534153,1995701.9337778534,camacari-ISSQN,camacari,ISSQN
2023-05-01,2023-05-01,2,2023-07-01,21036673.873442713,20342516.96957126,1995701.9337778534,camacari-ISSQN,camacari,ISSQN
2023-05-01,2023-05-01,3,2023-08-01,21575949.02090314,21613314.326740082,1995701.9337778534,camacari-ISSQN,camacari,ISSQN
2023-05-01,2023-05-01,4,2023-09-01,20002492.205724116,21919441.563133247,1995701.9337778534,camacari-ISSQN,camacari,ISSQN
2023-05-01,2023-05-01,5,2023-10-01,20505785.038989563,21863896.496063832,1995701.9337778534,camacari-ISSQN,camacari,ISSQN
2023-05-01,2023-05-01,6,2023-11-01,25611611.938634984,22628725.900296416,1995701.9337778534,camacari-ISSQN,camacari,ISSQN
2023-05-01,2023-05-01,7,2023-12-01,23583900.23543129,25469170.649659183,1995701.9337778534,camacari-ISSQN,camacari,ISSQN
2023-05-01,2023-05-01,8,2024-01-01,22986387.186458543,27212874.368270457,1995701.9337778534,camacari-ISSQN,camacari,ISSQN
2023-05-01,2023-05-01,9,2024-02-01,23872500.478948027,21268093.37486983,1995701.9337778534,camacari-ISSQN,camacari,ISSQN
2023-05-01,2023-05-01,10,2024-03-01,21240482.31230949,22278323.411942203,1995701.9337778534,camacari-ISSQN,camacari,ISSQN
2023-05-01,2023-05-01,11,2024-04-01,22746532.296000022,22430703.46403781,1995701.9337778534,camacari-ISSQN,camacari,ISSQN
2023-05-01,2023-05-01,12,2024-05-01,19444201.33987925,20787395.94014044,1995701.9337778534,camacari-ISSQN,camacari,ISSQN
2023-06-01,2023-06-01,1,2023-07-01,21036673.873442713,20259927.954352837,1987609.931557085,camacari-ISSQN,camacari,ISSQN
2023-06-01,2023-06-01,2,2023-08-01,21575949.02090314,21421610.29009668,1987609.931557085,camacari-ISSQN,camacari,ISSQN
2023-06-01,2023-06-01,3,2023-09-01,20002492.205724116,21767735.660486005,1987609.931557085,camacari-ISSQN,camacari,ISSQN
2023-06-01,2023-06-01,4,2023-10-01,20505785.038989563,21700860.686794497,1987609.931557085,camacari-ISSQN,camacari,ISSQN
2023-06-01,2023-06-01,5,2023-11-01,25611611.938634984,22454319.824423824,1987609.931557085,camacari-ISSQN,camacari,ISSQN
2023-06-01,2023-06-01,6,2023-12-01,23583900.23543129,25297793.169093277,1987609.931557085,camacari-ISSQN,camacari,ISSQN
2023-06-01,2023-06-01,7,2024-01-01,22986387.186458543,27040460.279969875,1987609.931557085,camacari-ISSQN,camacari,ISSQN
2023-06-01,2023-06-01,8,2024-02-01,23872500.478948027,21091699.656486116,1987609.931557085,camacari-ISSQN,camacari,ISSQN
2023-06-01,2023-06-01,9,2024-03-01,21240482.31230949,22129579.83011926,1987609.931557085,camacari-ISSQN,camacari,ISSQN
2023-06-01,2023-06-01,10,2024-04-01,22746532.296000022,22293682.68934136,1987609.931557085,camacari-ISSQN,camacari,ISSQN
2023-06-01,2023-06-01,11,2024-05-01,19444201.33987925,20629202.356748838,1987609.931557085,camacari-ISSQN,camacari,ISSQN
2023-06-01,2023-06-01,12,2024-06-01,16493090.02262242,20645988.717800193,1987609.931557085,camacari-ISSQN,camacari,ISSQN
2023-07-01,2023-07-01,1,2023-08-01,21575949.02090314,21784152.347336456,1995162.5076294306,camacari-ISSQN,camacari,ISSQN
2023-07-01,2023-07-01,2,2023-09-01,20002492.205724116,22116904.73108712,1995162.5076294306,camacari-ISSQN,camacari,ISSQN
2023-07-01,2023-07-01,3,2023-10-01,20505785.038989563,22055286.668815296,1995162.5076294306,camacari-ISSQN,camacari,ISSQN
2023-07-01,2023-07-01,4,2023-11-01,25611611.938634984,22830372.454797037,1995162.5076294306,camacari-ISSQN,camacari,ISSQN
2023-07-01,2023-07-01,5,2023-12-01,23583900.23543129,25689131.486476723,1995162.5076294306,camacari-ISSQN,camacari,ISSQN
2023-07-01,2023-07-01,6,2024-01-01,22986387.186458543,27445388.85189234,1995162.5076294306,camacari-ISSQN,camacari,ISSQN
2023-07-01,2023-07-01,7,2024-02-01,23872500.478948027,21460107.38211963,1995162.5076294306,camacari-ISSQN,camacari,ISSQN
2023-07-01,2023-07-01,8,2024-03-01,21240482.31230949,22470867.827758294,1995162.5076294306,camacari-ISSQN,camacari,ISSQN
2023-07-01,2023-07-01,9,2024-04-01,22746532.296000022,22618665.850788124,1995162.5076294306,camacari-ISSQN,camacari,ISSQN
2023-07-01,2023-07-01,10,2024-05-01,19444201.33987925,20979571.990765482,1995162.5076294306,camacari-ISSQN,camacari,ISSQN
2023-07-01,2023-07-01,11,2024-06-01,16493090.02262242,20966262.346501764,1995162.5076294306,camacari-ISSQN,camacari,ISSQN
2023-07-01,2023-07-01,12,2024-07-01,19435833.10529593,22192268.8268758,1995162.5076294306,camacari-ISSQN,camacari,ISSQN
2023-08-01,2023-08-01,1,2023-09-01,20002492.205724116,21920439.241276037,1994541.0141305204,camacari-ISSQN,camacari,ISSQN
2023-08-01,2023-08-01,2,2023-10-01,20505785.038989563,21846689.165302668,1994541.0141305204,camacari-ISSQN,camacari,ISSQN
2023-08-01,2023-08-01,3,2023-11-01,25611611.938634984,22596401.897816274,1994541.0141305204,camacari-ISSQN,camacari,ISSQN
2023-08-01,2023-08-01,4,2023-12-01,23583900.23543129,25488854.90319666,1994541.0141305204,camacari-ISSQN,camacari,ISSQN
2023-08-01,2023-08-01,5,2024-01-01,22986387.186458543,27258249.891647764,1994541.0141305204,camacari-ISSQN,camacari,ISSQN
2023-08-01,2023-08-01,6,2024-02-01,23872500.478948027,21210037.576914135,1994541.0141305204,camacari-ISSQN,camacari,ISSQN
2023-08-01,2023-08-01,7,2024-03-01,21240482.31230949,22297184.140488956,1994541.0141305204,camacari-ISSQN,camacari,ISSQN
2023-08-01,2023-08-01,8,2024-04-01,22746532.296000022,22481126.791912537,1994541.0141305204,camacari-ISSQN,camacari,ISSQN
2023-08-01,2023-08-01,9,2024-05-01,19444201.33987925,20754518.8357152,1994541.0141305204,camacari-ISSQN,camacari,ISSQN
2023-08-01,2023-08-01,10,2024-06-01,16493090.02262242,20800631.038242012,1994541.0141305204,camacari-ISSQN,camacari,ISSQN
2023-08-01,2023-08-01,11,2024-07-01,19435833.10529593,22024929.6379004,1994541.0141305204,camacari-ISSQN,camacari,ISSQN
2023-08-01,2023-08-01,12,2024-08-01,19835674.60459411,23252877.972399235,1994541.0141305204,camacari-ISSQN,camacari,ISSQN
2023-09-01,2023-09-01,1,2023-10-01,20505785.038989563,20995142.17073352,1987371.8992191309,camacari-ISSQN,camacari,ISSQN
2023-09-01,2023-09-01,2,2023-11-01,25611611.938634984,21714898.463979144,1987371.8992191309,camacari-ISSQN,camacari,ISSQN
2023-09-01,2023-09-01,3,2023-12-01,23583900.23543129,24497091.978405286,1987371.8992191309,camacari-ISSQN,camacari,ISSQN
2023-09-01,2023-09-01,4,2024-01-01,22986387.186458543,26198799.72278432,1987371.8992191309,camacari-ISSQN,camacari,ISSQN
2023-09-01,2023-09-01,5,2024-02-01,23872500.478948027,20381316.802050885,1987371.8992191309,camacari-ISSQN,camacari,ISSQN
2023-09-01,2023-09-01,6,2024-03-01,21240482.31230949,21429610.28547088,1987371.8992191309,camacari-ISSQN,camacari,ISSQN
2023-09-01,2023-09-01,7,2024-04-01,22746532.296000022,21607966.5997376,1987371.8992191309,camacari-ISSQN,camacari,ISSQN
2023-09-01,2023-09-01,8,2024-05-01,19444201.33987925,19944387.193276733,1987371.8992191309,camacari-ISSQN,camacari,ISSQN
2023-09-01,2023-09-01,9,2024-06-01,16493090.02262242,19991135.09634103,1987371.8992191309,camacari-ISSQN,camacari,ISSQN
2023-09-01,2023-09-01,10,2024-07-01,19435833.10529593,21168120.261899296,1987371.8992191309,camacari-ISSQN,camacari,ISSQN
2023-09-01,2023-09-01,11,2024-08-01,19835674.60459411,22347818.669002336,1987371.8992191309,camacari-ISSQN,camacari,ISSQN
2023-09-01,2023-09-01,12,2024-09-01,17906349.079996813,22048607.915897336,1987371.8992191309,camacari-ISSQN,camacari,ISSQN
2023-10-01,2023-10-01,1,2023-11-01,25611611.938634984,21760755.296838004,1966836.5920636822,camacari-ISSQN,camacari,ISSQN
2023-10-01,2023-10-01,2,2023-12-01,23583900.23543129,24549823.807009645,1966836.5920636822,camacari-ISSQN,camacari,ISSQN
2023-10-01,2023-10-01,3,2024-01-01,22986387.186458543,26255631.286265038,1966836.5920636822,camacari-ISSQN,camacari,ISSQN
2023-10-01,2023-10-01,4,2024-02-01,23872500.478948027,20423793.451661665,1966836.5920636822,camacari-ISSQN,camacari,ISSQN
2023-10-01,2023-10-01,5,2024-03-01,21240482.31230949,21475674.31506642,1966836.5920636822,camacari-ISSQN,camacari,ISSQN
2023-10-01,2023-10-01,6,2024-04-01,22746532.296000022,21655004.47801151,1966836.5920636822,camacari-ISSQN,camacari,ISSQN
2023-10-01,2023-10-01,7,2024-05-01,19444201.33987925,19986183.340697844,1966836.5920636822,camacari-ISSQN,camacari,ISSQN
2023-10-01,2023-10-01,8,2024-06-01,16493090.02262242,20033954.511455577,1966836.5920636822,camacari-ISSQN,camacari,ISSQN
2023-10-01,2023-10-01,9,2024-07-01,19435833.10529593,21213551.605259825,1966836.5920636822,camacari-ISSQN,camacari,ISSQN
2023-10-01,2023-10-01,10,2024-08-01,19835674.60459411,22395537.255109977,1966836.5920636822,camacari-ISSQN,camacari,ISSQN
2023-10-01,2023-10-01,11,2024-09-01,17906349.079996813,22095768.386416893,1966836.5920636822,camacari-ISSQN,camacari,ISSQN
2023-10-01,2023-10-01,12,2024-10-01,20102987.31695594,22222467.105334576,1966836.5920636822,camacari-ISSQN,camacari,ISSQN
2023-11-01,2023-11-01,1,2023-12-01,23583900.23543129,26173840.982605413,1990281.8433552582,camacari-ISSQN,camacari,ISSQN
2023-11-01,2023-11-01,2,2024-01-01,22986387.186458543,27982935.640273552,1990281.8433552582,camacari-ISSQN,camacari,ISSQN
2023-11-01,2023-11-01,3,2024-02-01,23872500.478948027,21803272.62508649,1990281.8433552582,camacari-ISSQN,camacari,ISSQN
2023-11-01,2023-11-01,4,2024-03-01,21240482.31230949,22896062.615651768,1990281.8433552582,camacari-ISSQN,camacari,ISSQN
2023-11-01,2023-11-01,5,2024-04-01,22746532.296000022,23074269.888405982,1990281.8433552582,camacari-ISSQN,camacari,ISSQN
2023-11-01,2023-11-01,6,2024-05-01,19444201.33987925,21329427.43525908,1990281.8433552582,camacari-ISSQN,camacari,ISSQN
2023-11-01,2023-11-01,7,2024-06-01,16493090.02262242,21360160.454272456,1990281.8433552582,camacari-ISSQN,camacari,ISSQN
2023-11-01,2023-11-01,8,2024-07-01,19435833.10529593,22615078.768893953,1990281.8433552582,camacari-ISSQN,camacari,ISSQN
2023-11-01,2023-11-01,9,2024-08-01,19835674.60459411,23879277.552562058,1990281.8433552582,camacari-ISSQN,camacari,ISSQN
2023-11-01,2023-11-01,10,2024-09-01,17906349.079996813,23557194.097336024,1990281.8433552582,camacari-ISSQN,camacari,ISSQN
2023-11-01,2023-11-01,11,2024-10-01,20102987.31695594,23693972.461029775,1990281.8433552582,camacari-ISSQN,camacari,ISSQN
2023-11-01,2023-11-01,12,2024-11-01,23924007.188177645,25644672.270112075,1990281.8433552582,camacari-ISSQN,camacari,ISSQN
2023-12-01,2023-12-01,1,2024-01-01,22986387.186458543,26859221.45566892,1984678.3916945036,camacari-ISSQN,camacari,ISSQN
2023-12-01,2023-12-01,2,2024-02-01,23872500.478948027,20954588.557224654,1984678.3916945036,camacari-ISSQN,camacari,ISSQN
2023-12-01,2023-12-01,3,2024-03-01,21240482.31230949,21982000.050435163,1984678.3916945036,camacari-ISSQN,camacari,ISSQN
2023-12-01,2023-12-01,4,2024-04-01,22746532.296000022,22143407.769006915,1984678.3916945036,camacari-ISSQN,camacari,ISSQN
2023-12-01,2023-12-01,5,2024-05-01,19444201.33987925,20494141.191948034,1984678.3916945036,camacari-ISSQN,camacari,ISSQN
2023-12-01,2023-12-01,6,2024-06-01,16493090.02262242,20508322.39212471,1984678.3916945036,camacari-ISSQN,camacari,ISSQN
2023-12-01,2023-12-01,7,2024-07-01,19435833.10529593,21711129.46614341,1984678.3916945036,camacari-ISSQN,camacari,ISSQN
2023-12-01,2023-12-01,8,2024-08-01,19835674.60459411,22927883.285277147,1984678.3916945036,camacari-ISSQN,camacari,ISSQN
2023-12-01,2023-12-01,9,2024-09-01,17906349.079996813,22616603.78497987,1984678.3916945036,camacari-ISSQN,camacari,ISSQN
2023-12-01,2023-12-01,10,2024-10-01,20102987.31695594,22749206.980996706,1984678.3916945036,camacari-ISSQN,camacari,ISSQN
2023-12-01,2023-12-01,11,2024-11-01,23924007.188177645,24601152.482277066,1984678.3916945036,camacari-ISSQN,camacari,ISSQN
2023-12-01,2023-12-01,12,2024-12-01,23738153.513783302,26592280.45348656,1984678.3916945036,camacari-ISSQN,camacari,ISSQN
2024-01-01,2024-01-01,1,2024-02-01,23872500.478948027,20531573.11985068,2027836.3182868634,camacari-ISSQN,camacari,ISSQN
2024-01-01,2024-01-01,2,2024-03-01,21240482.31230949,21072646.194831736,2027836.3182868634,camacari-ISSQN,camacari,ISSQN
2024-01-01,2024-01-01,3,2024-04-01,22746532.296000022,22153357.107276775,2027836.3182868634,camacari-ISSQN,camacari,ISSQN
2024-01-01,2024-01-01,4,2024-05-01,19444201.33987925,20308145.706464186,2027836.3182868634,camacari-ISSQN,camacari,ISSQN
2024-01-01,2024-01-01,5,2024-06-01,16493090.02262242,20646625.43247863,2027836.3182868634,camacari-ISSQN,camacari,ISSQN
2024-01-01,2024-01-01,6,2024-07-01,19435833.10529593,21395545.018085964,2027836.3182868634,camacari-ISSQN,camacari,ISSQN
2024-01-01,2024-01-01,7,2024-08-01,19835674.60459411,21600331.69208217,2027836.3182868634,camacari-ISSQN,camacari,ISSQN
2024-01-01,2024-01-01,8,2024-09-01,17906349.079996813,20993464.20885453,2027836.3182868634,camacari-ISSQN,camacari,ISSQN
2024-01-01,2024-01-01,9,2024-10-01,20102987.31695594,21190719.493304085,2027836.3182868634,camacari-ISSQN,camacari,ISSQN
2024-01-01,2024-01-01,10,2024-11-01,23924007.188177645,23040160.062969644,2027836.3182868634,camacari-ISSQN,camacari,ISSQN
2024-01-01,2024-01-01,11,2024-12-01,23738153.513783302,22335950.244317237,2027836.3182868634,camacari-ISSQN,camacari,ISSQN
2024-01-01,2024-01-01,12,2025-01-01,23623568.323823698,22121273.93654265,2027836.3182868634,camacari-ISSQN,camacari,ISSQN
2024-02-01,2024-02-01,1,2024-03-01,21240482.31230949,23871331.078996323,2058349.9900840071,camacari-ISSQN,camacari,ISSQN
2024-02-01,2024-02-01,2,2024-04-01,22746532.296000022,22780827.170012288,2058349.9900840071,camacari-ISSQN,camacari,ISSQN
2024-02-01,2024-02-01,3,2024-05-01,19444201.33987925,22118434.659896746,2058349.9900840071,camacari-ISSQN,camacari,ISSQN
2024-02-01,2024-02-01,4,2024-06-01,16493090.02262242,22507718.732190385,2058349.9900840071,camacari-ISSQN,camacari,ISSQN
2024-02-01,2024-02-01,5,2024-07-01,19435833.10529593,22980129.338039566,2058349.9900840071,camacari-ISSQN,camacari,ISSQN
2024-02-01,2024-02-01,6,2024-08-01,19835674.60459411,24061976.97721596,2058349.9900840071,camacari-ISSQN,camacari,ISSQN
2024-02-01,2024-02-01,7,2024-09-01,17906349.079996813,24767693.064050358,2058349.9900840071,camacari-ISSQN,camacari,ISSQN
2024-02-01,2024-02-01,8,2024-10-01,20102987.31695594,24481848.18507608,2058349.9900840071,camacari-ISSQN,camacari,ISSQN
2024-02-01,2024-02-01,9,2024-11-01,23924007.188177645,25034557.50874598,2058349.9900840071,camacari-ISSQN,camacari,ISSQN
2024-02-01,2024-02-01,10,2024-12-01,23738153.513783302,27562948.976908043,2058349.9900840071,camacari-ISSQN,camacari,ISSQN
2024-02-01,2024-02-01,11,2025-01-01,23623568.323823698,29337355.06602067,2058349.9900840071,camacari-ISSQN,camacari,ISSQN
2024-02-01,2024-02-01,12,2025-02-01,20422464.894915722,23542025.576393537,2058349.9900840071,camacari-ISSQN,camacari,ISSQN
2024-03-01,2024-03-01,1,2024-04-01,22746532.296000022,22984043.649466667,2048032.2708684506,camacari-ISSQN,camacari,ISSQN
2024-03-01,2024-03-01,2,2024-05-01,19444201.33987925,21350929.973020293,2048032.2708684506,camacari-ISSQN,camacari,ISSQN
2024-03-01,2024-03-01,3,2024-06-01,16493090.02262242,21652142.174194604,2048032.2708684506,camacari-ISSQN,camacari,ISSQN
2024-03-01,2024-03-01,4,2024-07-01,19435833.10529593,22315950.6052354,2048032.2708684506,camacari-ISSQN,camacari,ISSQN
2024-03-01,2024-03-01,5,2024-08-01,19835674.60459411,22496842.854802653,2048032.2708684506,camacari-ISSQN,camacari,ISSQN
2024-03-01,2024-03-01,6,2024-09-01,17906349.079996813,21960012.975097276,2048032.2708684506,camacari-ISSQN,camacari,ISSQN
2024-03-01,2024-03-01,7,2024-10-01,20102987.31695594,22134759.73462695,2048032.2708684506,camacari-ISSQN,camacari,ISSQN
2024-03-01,2024-03-01,8,2024-11-01,23924007.188177645,23761450.90309575,2048032.2708684506,camacari-ISSQN,camacari,ISSQN
2024-03-01,2024-03-01,9,2024-12-01,23738153.513783302,23144494.23847332,2048032.2708684506,camacari-ISSQN,camacari,ISSQN
2024-03-01,2024-03-01,10,2025-01-01,23623568.323823698,22955830.323518544,2048032.2708684506,camacari-ISSQN,camacari,ISSQN
2024-03-01,2024-03-01,11,2025-02-01,20422464.894915722,23234454.88860624,2048032.2708684506,camacari-ISSQN,camacari,ISSQN
2024-03-01,2024-03-01,12,2025-03-01,19211250.317555815,22384682.460557815,2048032.2708684506,camacari-ISSQN,camacari,ISSQN
2024-04-01,2024-04-01,1,2024-05-01,19444201.33987925,21230527.920149077,2030837.4013924408,camacari-ISSQN,camacari,ISSQN
2024-04-01,2024-04-01,2,2024-06-01,16493090.02262242,21534563.498516712,2030837.4013924408,camacari-ISSQN,camacari,ISSQN
2024-04-01,2024-04-01,3,2024-07-01,19435833.10529593,22204816.712635092,2030837.4013924408,camacari-ISSQN,camacari,ISSQN
2024-04-01,2024-04-01,4,2024-08-01,19835674.60459411,22387517.415256206,2030837.4013924408,camacari-ISSQN,camacari,ISSQN
2024-04-01,2024-04-01,5,2024-09-01,17906349.079996813,21845385.615478978,2030837.4013924408,camacari-ISSQN,camacari,ISSQN
2024-04-01,2024-04-01,6,2024-10-01,20102987.31695594,22021836.65850061,2030837.4013924408,camacari-ISSQN,camacari,ISSQN
2024-04-01,2024-04-01,7,2024-11-01,23924007.188177645,23665373.9727496,2030837.4013924408,camacari-ISSQN,camacari,ISSQN
2024-04-01,2024-04-01,8,2024-12-01,23738153.513783302,23041823.004789606,2030837.4013924408,camacari-ISSQN,camacari,ISSQN
2024-04-01,2024-04-01,9,2025-01-01,23623568.323823698,22851192.008803166,2030837.4013924408,camacari-ISSQN,camacari,ISSQN
2024-04-01,2024-04-01,10,2025-02-01,20422464.894915722,23132729.83271724,2030837.4013924408,camacari-ISSQN,camacari,ISSQN
2024-04-01,2024-04-01,11,2025-03-01,19211250.317555815,22274233.102693606,2030837.4013924408,camacari-ISSQN,camacari,ISSQN
2024-04-01,2024-04-01,12,2025-04-01,20064010.88338034,22773725.777754128,2030837.4013924408,camacari-ISSQN,camacari,ISSQN
2024-05-01,2024-05-01,1,2024-06-01,16493090.02262242,20724739.490697987,2021919.7643800972,camacari-ISSQN,camacari,ISSQN
2024-05-01,2024-05-01,2,2024-07-01,19435833.10529593,21403457.742011808,2021919.7643800972,camacari-ISSQN,camacari,ISSQN
2024-05-01,2024-05-01,3,2024-08-01,19835674.60459411,21991691.42004791,2021919.7643800972,camacari-ISSQN,camacari,ISSQN
2024-05-01,2024-05-01,4,2024-09-01,17906349.079996813,21841447.547564365,2021919.7643800972,camacari-ISSQN,camacari,ISSQN
2024-05-01,2024-05-01,5,2024-10-01,20102987.31695594,21899816.49051672,2021919.7643800972,camacari-ISSQN,camacari,ISSQN
2024-05-01,2024-05-01,6,2024-11-01,23924007.188177645,23105617.084506534,2021919.7643800972,camacari-ISSQN,camacari,ISSQN
2024-05-01,2024-05-01,7,2024-12-01,23738153.513783302,23822942.676741634,2021919.7643800972,camacari-ISSQN,camacari,ISSQN
2024-05-01,2024-05-01,8,2025-01-01,23623568.323823698,24303325.838397566,2021919.7643800972,camacari-ISSQN,camacari,ISSQN
2024-05-01,2024-05-01,9,2025-02-01,20422464.894915722,22262408.578333333,2021919.7643800972,camacari-ISSQN,camacari,ISSQN
2024-05-01,2024-05-01,10,2025-03-01,19211250.317555815,22308850.455852885,2021919.7643800972,camacari-ISSQN,camacari,ISSQN
2024-05-01,2024-05-01,11,2025-04-01,20064010.88338034,22756260.335144363,2021919.7643800972,camacari-ISSQN,camacari,ISSQN
2024-05-01,2024-05-01,12,2025-05-01,23108414.164161336,21256316.10555187,2021919.7643800972,camacari-ISSQN,camacari,ISSQN
2024-06-01,2024-06-01,1,2024-07-01,19435833.10529593,19018701.19851454,2028011.506186054,camacari-ISSQN,camacari,ISSQN
2024-06-01,2024-06-01,2,2024-08-01,19835674.60459411,19192976.31062335,2028011.506186054,camacari-ISSQN,camacari,ISSQN
2024-06-01,2024-06-01,3,2024-09-01,17906349.079996813,18676320.502944164,2028011.506186054,camacari-ISSQN,camacari,ISSQN
2024-06-01,2024-06-01,4,2024-10-01,20102987.31695594,18844322.18865356,2028011.506186054,camacari-ISSQN,camacari,ISSQN
2024-06-01,2024-06-01,5,2024-11-01,23924007.188177645,20416340.41575824,2028011.506186054,camacari-ISSQN,camacari,ISSQN
2024-06-01,2024-06-01,6,2024-12-01,23738153.513783302,19818420.195612196,2028011.506186054,camacari-ISSQN,camacari,ISSQN
2024-06-01,2024-06-01,7,2025-01-01,23623568.323823698,19635987.910570454,2028011.506186054,camacari-ISSQN,camacari,ISSQN
2024-06-01,2024-06-01,8,2025-02-01,20422464.894915722,19905477.52943214,2028011.506186054,camacari-ISSQN,camacari,ISSQN
2024-06-01,2024-06-01,9,2025-03-01,19211250.317555815,19084897.277818047,2028011.506186054,camacari-ISSQN,camacari,ISSQN
2024-06-01,2024-06-01,10,2025-04-01,20064010.88338034,19561902.48798538,2028011.506186054,camacari-ISSQN,camacari,ISSQN
2024-06-01,2024-06-01,11,2025-05-01,23108414.164161336,18486766.098668713,2028011.506186054,camacari-ISSQN,camacari,ISSQN
2024-06-01,2024-06-01,12,2025-06-01,25608048.4628075,17422035.186857082,2028011.506186054,camacari-ISSQN,camacari,ISSQN
2024-07-01,2024-07-01,1,2024-08-01,19835674.60459411,19425501.389022477,2023864.217467226,camacari-ISSQN,camacari,ISSQN
2024-07-01,2024-07-01,2,2024-09-01,17906349.079996813,18895572.70881459,2023864.217467226,camacari-ISSQN,camacari,ISSQN
2024-07-01,2024-07-01,3,2024-10-01,20102987.31695594,19067868.742739856,2023864.217467226,camacari-ISSQN,camacari,ISSQN
2024-07-01,2024-07-01,4,2024-11-01,23924007.188177645,20681058.366217576,2023864.217467226,camacari-ISSQN,camacari,ISSQN
2024-07-01,2024-07-01,5,2024-12-01,23738153.513783302,20067272.085391227,2023864.217467226,camacari-ISSQN,camacari,ISSQN
2024-07-01,2024-07-01,6,2025-01-01,23623568.323823698,19880048.675062086,2023864.217467226,camacari-ISSQN,camacari,ISSQN
2024-07-01,2024-07-01,7,2025-02-01,20422464.894915722,20156624.035861522,2023864.217467226,camacari-ISSQN,camacari,ISSQN
2024-07-01,2024-07-01,8,2025-03-01,19211250.317555815,19314629.58525421,2023864.217467226,camacari-ISSQN,camacari,ISSQN
2024-07-01,2024-07-01,9,2025-04-01,20064010.88338034,19804024.32635548,2023864.217467226,camacari-ISSQN,camacari,ISSQN
2024-07-01,2024-07-01,10,2025-05-01,23108414.164161336,18701198.355551727,2023864.217467226,camacari-ISSQN,camacari,ISSQN
2024-07-01,2024-07-01,11,2025-06-01,25608048.4628075,17609905.44299835,2023864.217467226,camacari-ISSQN,camacari,ISSQN
2024-07-01,2024-07-01,12,2025-07-01,21995204.621536642,18698258.09465826,2023864.217467226,camacari-ISSQN,camacari,ISSQN
2024-08-01,2024-08-01,1,2024-09-01,17906349.079996813,19754813.34290061,2021137.3924560896,camacari-ISSQN,camacari,ISSQN
2024-08-01,2024-08-01,2,2024-10-01,20102987.31695594,19802388.905799057,2021137.3924560896,camacari-ISSQN,camacari,ISSQN
2024-08-01,2024-08-01,3,2024-11-01,23924007.188177645,20641505.28613247,2021137.3924560896,camacari-ISSQN,camacari,ISSQN
2024-08-01,2024-08-01,4,2024-12-01,23738153.513783302,21275040.845232517,2021137.3924560896,camacari-ISSQN,camacari,ISSQN
2024-08-01,2024-08-01,5,2025-01-01,23623568.323823698,21661219.159248736,2021137.3924560896,camacari-ISSQN,camacari,ISSQN
2024-08-01,2024-08-01,6,2025-02-01,20422464.894915722,20036517.48201911,2021137.3924560896,camacari-ISSQN,camacari,ISSQN
2024-08-01,2024-08-01,7,2025-03-01,19211250.317555815,20113334.614456356,2021137.3924560896,camacari-ISSQN,camacari,ISSQN
2024-08-01,2024-08-01,8,2025-04-01,20064010.88338034,20399255.702326067,2021137.3924560896,camacari-ISSQN,camacari,ISSQN
2024-08-01,2024-08-01,9,2025-05-01,23108414.164161336,19327617.45100626,2021137.3924560896,camacari-ISSQN,camacari,ISSQN
2024-08-01,2024-08-01,10,2025-06-01,25608048.4628075,18952389.598449863,2021137.3924560896,camacari-ISSQN,camacari,ISSQN
2024-08-01,2024-08-01,11,2025-07-01,21995204.621536642,19838068.72058388,2021137.3924560896,camacari-ISSQN,camacari,ISSQN
2024-08-01,2024-08-01,12,2025-08-01,21128408.23347808,20200934.62296286,2021137.3924560896,camacari-ISSQN,camacari,ISSQN
2024-09-01,2024-09-01,1,2024-10-01,20102987.31695594,18650715.527837373,2021851.7327729582,camacari-ISSQN,camacari,ISSQN
2024-09-01,2024-09-01,2,2024-11-01,23924007.188177645,20212302.240089532,2021851.7327729582,camacari-ISSQN,camacari,ISSQN
2024-09-01,2024-09-01,3,2024-12-01,23738153.513783302,19618297.766886473,2021851.7327729582,camacari-ISSQN,camacari,ISSQN
2024-09-01,2024-09-01,4,2025-01-01,23623568.323823698,19437072.737007715,2021851.7327729582,camacari-ISSQN,camacari,ISSQN
2024-09-01,2024-09-01,5,2025-02-01,20422464.894915722,19704781.074456897,2021851.7327729582,camacari-ISSQN,camacari,ISSQN
2024-09-01,2024-09-01,6,2025-03-01,19211250.317555815,18889665.32007537,2021851.7327729582,camacari-ISSQN,camacari,ISSQN
2024-09-01,2024-09-01,7,2025-04-01,20064010.88338034,19363479.273374695,2021851.7327729582,camacari-ISSQN,camacari,ISSQN
2024-09-01,2024-09-01,8,2025-05-01,23108414.164161336,18295594.993837707,2021851.7327729582,camacari-ISSQN,camacari,ISSQN
2024-09-01,2024-09-01,9,2025-06-01,25608048.4628075,17238262.249432307,2021851.7327729582,camacari-ISSQN,camacari,ISSQN
2024-09-01,2024-09-01,10,2025-07-01,21995204.621536642,18292747.07132934,2021851.7327729582,camacari-ISSQN,camacari,ISSQN
2024-09-01,2024-09-01,11,2025-08-01,21128408.23347808,18427958.243446995,2021851.7327729582,camacari-ISSQN,camacari,ISSQN
2024-09-01,2024-09-01,12,2025-09-01,24511070.04857661,17758484.41131651,2021851.7327729582,camacari-ISSQN,camacari,ISSQN
2024-10-01,2024-10-01,1,2024-11-01,23924007.188177645,20407269.99217204,2006577.6383320212,camacari-ISSQN,camacari,ISSQN
2024-10-01,2024-10-01,2,2024-12-01,23738153.513783302,21037871.07979786,2006577.6383320212,camacari-ISSQN,camacari,ISSQN
2024-10-01,2024-10-01,3,2025-01-01,23623568.323823698,21454081.897026047,2006577.6383320212,camacari-ISSQN,camacari,ISSQN
2024-10-01,2024-10-01,4,2025-02-01,20422464.894915722,19687325.73197365,2006577.6383320212,camacari-ISSQN,camacari,ISSQN
2024-10-01,2024-10-01,5,2025-03-01,19211250.317555815,19734578.030973263,2006577.6383320212,camacari-ISSQN,camacari,ISSQN
2024-10-01,2024-10-01,6,2025-04-01,20064010.88338034,20111304.019285496,2006577.6383320212,camacari-ISSQN,camacari,ISSQN
2024-10-01,2024-10-01,7,2025-05-01,23108414.164161336,18830822.23868303,2006577.6383320212,camacari-ISSQN,camacari,ISSQN
2024-10-01,2024-10-01,8,2025-06-01,25608048.4628075,18369773.031126507,2006577.6383320212,camacari-ISSQN,camacari,ISSQN
2024-10-01,2024-10-01,9,2025-07-01,21995204.621536642,19382606.55247384,2006577.6383320212,camacari-ISSQN,camacari,ISSQN
2024-10-01,2024-10-01,10,2025-08-01,21128408.23347808,19771961.375382643,2006577.6383320212,camacari-ISSQN,camacari,ISSQN
2024-10-01,2024-10-01,11,2025-09-01,24511070.04857661,19332315.883968823,2006577.6383320212,camacari-ISSQN,camacari,ISSQN
2024-10-01,2024-10-01,12,2025-10-01,22282587.251372285,19802269.995764658,2006577.6383320212,camacari-ISSQN,camacari,ISSQN
2024-11-01,2024-11-01,1,2024-12-01,23738153.513783302,22605287.949647754,2003596.583305155,camacari-ISSQN,camacari,ISSQN
2024-11-01,2024-11-01,2,2025-01-01,23623568.323823698,23079902.045220293,2003596.583305155,camacari-ISSQN,camacari,ISSQN
2024-11-01,2024-11-01,3,2025-02-01,20422464.894915722,21079655.037250187,2003596.583305155,camacari-ISSQN,camacari,ISSQN
2024-11-01,2024-11-01,4,2025-03-01,19211250.317555815,21149349.7527623,2003596.583305155,camacari-ISSQN,camacari,ISSQN
2024-11-01,2024-11-01,5,2025-04-01,20064010.88338034,21544974.503760546,2003596.583305155,camacari-ISSQN,camacari,ISSQN
2024-11-01,2024-11-01,6,2025-05-01,23108414.164161336,20154686.07023451,2003596.583305155,camacari-ISSQN,camacari,ISSQN
2024-11-01,2024-11-01,7,2025-06-01,25608048.4628075,19660736.881701384,2003596.583305155,camacari-ISSQN,camacari,ISSQN
2024-11-01,2024-11-01,8,2025-07-01,21995204.621536642,20776826.91331506,2003596.583305155,camacari-ISSQN,camacari,ISSQN
2024-11-01,2024-11-01,9,2025-08-01,21128408.23347808,21217883.70846328,2003596.583305155,camacari-ISSQN,camacari,ISSQN
2024-11-01,2024-11-01,10,2025-09-01,24511070.04857661,20750318.006756924,2003596.583305155,camacari-ISSQN,camacari,ISSQN
2024-11-01,2024-11-01,11,2025-10-01,22282587.251372285,21256237.976170387,2003596.583305155,camacari-ISSQN,camacari,ISSQN
2024-11-01,2024-11-01,12,2025-11-01,25054929.950006504,22639587.38932035,2003596.583305155,camacari-ISSQN,camacari,ISSQN
2024-12-01,2024-12-01,1,2025-01-01,23623568.323823698,23602150.85905163,1986473.0341852186,camacari-ISSQN,camacari,ISSQN
2024-12-01,2024-12-01,2,2025-02-01,20422464.894915722,21549765.13269249,1986473.0341852186,camacari-ISSQN,camacari,ISSQN
2024-12-01,2024-12-01,3,2025-03-01,19211250.317555815,21616285.1336666,1986473.0341852186,camacari-ISSQN,camacari,ISSQN
2024-12-01,2024-12-01,4,2025-04-01,20064010.88338034,22031153.922151398,1986473.0341852186,camacari-ISSQN,camacari,ISSQN
2024-12-01,2024-12-01,5,2025-05-01,23108414.164161336,20588655.09497337,1986473.0341852186,camacari-ISSQN,camacari,ISSQN
2024-12-01,2024-12-01,6,2025-06-01,25608048.4628075,20074347.940179247,1986473.0341852186,camacari-ISSQN,camacari,ISSQN
2024-12-01,2024-12-01,7,2025-07-01,21995204.621536642,21226869.139864556,1986473.0341852186,camacari-ISSQN,camacari,ISSQN
2024-12-01,2024-12-01,8,2025-08-01,21128408.23347808,21678877.528607853,1986473.0341852186,camacari-ISSQN,camacari,ISSQN
2024-12-01,2024-12-01,9,2025-09-01,24511070.04857661,21190483.947295085,1986473.0341852186,camacari-ISSQN,camacari,ISSQN
2024-12-01,2024-12-01,10,2025-10-01,22282587.251372285,21716959.830308866,1986473.0341852186,camacari-ISSQN,camacari,ISSQN
2024-12-01,2024-12-01,11,2025-11-01,25054929.950006504,23157271.22012592,1986473.0341852186,camacari-ISSQN,camacari,ISSQN
2024-12-01,2024-12-01,12,2025-12-01,34645157.78,23674147.825579684,1986473.0341852186,camacari-ISSQN,camacari,ISSQN
2025-01-01,2025-01-01,1,2025-02-01,20422464.894915722,23643391.124775488,1974094.20944375,camacari-ISSQN,camacari,ISSQN
2025-01-01,2025-01-01,2,2025-03-01,19211250.317555815,22588406.393797714,1974094.20944375,camacari-ISSQN,camacari,ISSQN
2025-01-01,2025-01-01,3,2025-04-01,20064010.88338034,23201216.314367376,1974094.20944375,camacari-ISSQN,camacari,ISSQN
2025-01-01,2025-01-01,4,2025-05-01,23108414.164161336,21821812.253835704,1974094.20944375,camacari-ISSQN,camacari,ISSQN
2025-01-01,2025-01-01,5,2025-06-01,25608048.4628075,20462410.121197566,1974094.20944375,camacari-ISSQN,camacari,ISSQN
2025-01-01,2025-01-01,6,2025-07-01,21995204.621536642,21818142.03920676,1974094.20944375,camacari-ISSQN,camacari,ISSQN
2025-01-01,2025-01-01,7,2025-08-01,21128408.23347808,21992443.90416759,1974094.20944375,camacari-ISSQN,camacari,ISSQN
2025-01-01,2025-01-01,8,2025-09-01,24511070.04857661,21130440.547357716,1974094.20944375,camacari-ISSQN,camacari,ISSQN
2025-01-01,2025-01-01,9,2025-10-01,22282587.251372285,22107781.89302139,1974094.20944375,camacari-ISSQN,camacari,ISSQN
2025-01-01,2025-01-01,10,2025-11-01,25054929.950006504,23663311.17457292,1974094.20944375,camacari-ISSQN,camacari,ISSQN
2025-01-01,2025-01-01,11,2025-12-01,34645157.78,23591309.344648443,1974094.20944375,camacari-ISSQN,camacari,ISSQN
2025-02-01,2025-02-01,1,2025-03-01,19211250.317555815,20307322.96124366,1987511.858303646,camacari-ISSQN,camacari,ISSQN
2025-02-01,2025-02-01,2,2025-04-01,20064010.88338034,21723788.223892268,1987511.858303646,camacari-ISSQN,camacari,ISSQN
2025-02-01,2025-02-01,3,2025-05-01,23108414.164161336,19961747.959693745,1987511.858303646,camacari-ISSQN,camacari,ISSQN
2025-02-01,2025-02-01,4,2025-06-01,25608048.4628075,18977907.141516443,1987511.858303646,camacari-ISSQN,camacari,ISSQN
2025-02-01,2025-02-01,5,2025-07-01,21995204.621536642,20073244.48768642,1987511.858303646,camacari-ISSQN,camacari,ISSQN
2025-02-01,2025-02-01,6,2025-08-01,21128408.23347808,20324532.002851874,1987511.858303646,camacari-ISSQN,camacari,ISSQN
2025-02-01,2025-02-01,7,2025-09-01,24511070.04857661,19479823.373481154,1987511.858303646,camacari-ISSQN,camacari,ISSQN
2025-02-01,2025-02-01,8,2025-10-01,22282587.251372285,20408272.694670312,1987511.858303646,camacari-ISSQN,camacari,ISSQN
2025-02-01,2025-02-01,9,2025-11-01,25054929.950006504,21820242.217003997,1987511.858303646,camacari-ISSQN,camacari,ISSQN
2025-02-01,2025-02-01,10,2025-12-01,34645157.78,21764940.914414793,1987511.858303646,camacari-ISSQN,camacari,ISSQN
2025-03-01,2025-03-01,1,2025-04-01,20064010.88338034,20724025.216785427,1987887.7153887814,camacari-ISSQN,camacari,ISSQN
2025-03-01,2025-03-01,2,2025-05-01,23108414.164161336,18275654.67943816,1987887.7153887814,camacari-ISSQN,camacari,ISSQN
2025-03-01,2025-03-01,3,2025-06-01,25608048.4628075,17393486.19250925,1987887.7153887814,camacari-ISSQN,camacari,ISSQN
2025-03-01,2025-03-01,4,2025-07-01,21995204.621536642,19313776.03098702,1987887.7153887814,camacari-ISSQN,camacari,ISSQN
2025-03-01,2025-03-01,5,2025-08-01,21128408.23347808,20059219.360586684,1987887.7153887814,camacari-ISSQN,camacari,ISSQN
2025-03-01,2025-03-01,6,2025-09-01,24511070.04857661,19189174.598024804,1987887.7153887814,camacari-ISSQN,camacari,ISSQN
2025-03-01,2025-03-01,7,2025-10-01,22282587.251372285,20115883.69209095,1987887.7153887814,camacari-ISSQN,camacari,ISSQN
2025-03-01,2025-03-01,8,2025-11-01,25054929.950006504,22686432.53980814,1987887.7153887814,camacari-ISSQN,camacari,ISSQN
2025-03-01,2025-03-01,9,2025-12-01,34645157.78,23558467.86421345,1987887.7153887814,camacari-ISSQN,camacari,ISSQN
2025-04-01,2025-04-01,1,2025-05-01,23108414.164161336,17747879.008572962,1994089.8019712004,camacari-ISSQN,camacari,ISSQN
2025-04-01,2025-04-01,2,2025-06-01,25608048.4628075,16750025.892815406,1994089.8019712004,camacari-ISSQN,camacari,ISSQN
2025-04-01,2025-04-01,3,2025-07-01,21995204.621536642,18699862.186996225,1994089.8019712004,camacari-ISSQN,camacari,ISSQN
2025-04-01,2025-04-01,4,2025-08-01,21128408.23347808,19374866.657799877,1994089.8019712004,camacari-ISSQN,camacari,ISSQN
2025-04-01,2025-04-01,5,2025-09-01,24511070.04857661,18382049.519736234,1994089.8019712004,camacari-ISSQN,camacari,ISSQN
2025-04-01,2025-04-01,6,2025-10-01,22282587.251372285,19405202.196259845,1994089.8019712004,camacari-ISSQN,camacari,ISSQN
2025-04-01,2025-04-01,7,2025-11-01,25054929.950006504,22226645.103468556,1994089.8019712004,camacari-ISSQN,camacari,ISSQN
2025-04-01,2025-04-01,8,2025-12-01,34645157.78,22766718.42320088,1994089.8019712004,camacari-ISSQN,camacari,ISSQN
2025-05-01,2025-05-01,1,2025-06-01,25608048.4628075,20386648.290973194,2008869.651726164,camacari-ISSQN,camacari,ISSQN
2025-05-01,2025-05-01,2,2025-07-01,21995204.621536642,20325809.68346725,2008869.651726164,camacari-ISSQN,camacari,ISSQN
2025-05-01,2025-05-01,3,2025-08-01,21128408.23347808,21364377.775835503,2008869.651726164,camacari-ISSQN,camacari,ISSQN
2025-05-01,2025-05-01,4,2025-09-01,24511070.04857661,19999712.68458955,2008869.651726164,camacari-ISSQN,camacari,ISSQN
2025-05-01,2025-05-01,5,2025-10-01,22282587.251372285,21266847.77901044,2008869.651726164,camacari-ISSQN,camacari,ISSQN
2025-05-01,2025-05-01,6,2025-11-01,25054929.950006504,22479927.356840223,2008869.651726164,camacari-ISSQN,camacari,ISSQN
2025-05-01,2025-05-01,7,2025-12-01,34645157.78,22571597.925578106,2008869.651726164,camacari-ISSQN,camacari,ISSQN
2025-06-01,2025-06-01,1,2025-07-01,21995204.621536642,23897127.613709535,2071203.763905628,camacari-ISSQN,camacari,ISSQN
2025-06-01,2025-06-01,2,2025-08-01,21128408.23347808,22566266.755898785,2071203.763905628,camacari-ISSQN,camacari,ISSQN
2025-06-01,2025-06-01,3,2025-09-01,24511070.04857661,21978208.62410061,2071203.763905628,camacari-ISSQN,camacari,ISSQN
2025-06-01,2025-06-01,4,2025-10-01,22282587.251372285,22644351.321388923,2071203.763905628,camacari-ISSQN,camacari,ISSQN
2025-06-01,2025-06-01,5,2025-11-01,25054929.950006504,23684328.44308702,2071203.763905628,camacari-ISSQN,camacari,ISSQN
2025-06-01,2025-06-01,6,2025-12-01,34645157.78,23636713.159716915,2071203.763905628,camacari-ISSQN,camacari,ISSQN
2025-07-01,2025-07-01,1,2025-08-01,21128408.23347808,21364158.94795325,2075448.7008824549,camacari-ISSQN,camacari,ISSQN
2025-07-01,2025-07-01,2,2025-09-01,24511070.04857661,21404971.91213226,2075448.7008824549,camacari-ISSQN,camacari,ISSQN
2025-07-01,2025-07-01,3,2025-10-01,22282587.251372285,22032520.998917524,2075448.7008824549,camacari-ISSQN,camacari,ISSQN
2025-07-01,2025-07-01,4,2025-11-01,25054929.950006504,23011063.164899394,2075448.7008824549,camacari-ISSQN,camacari,ISSQN
2025-07-01,2025-07-01,5,2025-12-01,34645157.78,22966291.403465826,2075448.7008824549,camacari-ISSQN,camacari,ISSQN
2025-08-01,2025-08-01,1,2025-09-01,24511070.04857661,21342907.402854163,2068701.1571583299,camacari-ISSQN,camacari,ISSQN
2025-08-01,2025-08-01,2,2025-10-01,22282587.251372285,21876357.371534273,2068701.1571583299,camacari-ISSQN,camacari,ISSQN
2025-08-01,2025-08-01,3,2025-11-01,25054929.950006504,22557814.130175423,2068701.1571583299,camacari-ISSQN,camacari,ISSQN
2025-08-01,2025-08-01,4,2025-12-01,34645157.78,22676940.884700898,2068701.1571583299,camacari-ISSQN,camacari,ISSQN
2025-09-01,2025-09-01,1,2025-10-01,22282587.251372285,24239177.201803196,2107470.5572559494,camacari-ISSQN,camacari,ISSQN
2025-09-01,2025-09-01,2,2025-11-01,25054929.950006504,23615719.330670375,2107470.5572559494,camacari-ISSQN,camacari,ISSQN
2025-09-01,2025-09-01,3,2025-12-01,34645157.78,23723538.950628594,2107470.5572559494,camacari-ISSQN,camacari,ISSQN
2025-10-01,2025-10-01,1,2025-11-01,25054929.950006504,22371763.71400052,2108081.823164088,camacari-ISSQN,camacari,ISSQN
2025-10-01,2025-10-01,2,2025-12-01,34645157.78,23559800.39761046,2108081.823164088,camacari-ISSQN,camacari,ISSQN
2025-11-01,2025-11-01,1,2025-12-01,34645157.78,25631328.290005308,2099870.402480599,camacari-ISSQN,camacari,ISSQN
2020-12-01,2020-12-01,1,2021-01-01,1795567.5947821462,1804503.7789294436,953745.3597039464,ilheus-IPTU,ilheus,IPTU
2020-12-01,2020-12-01,2,2021-02-01,3299371.1233388623,1804503.7789294436,953745.3597039464,ilheus-IPTU,ilheus,IPTU
2020-12-01,2020-12-01,3,2021-03-01,5552858.751004397,1804503.7789294436,953745.3597039464,ilheus-IPTU,ilheus,IPTU
2020-12-01,2020-12-01,4,2021-04-01,6389822.232549553,1804503.7789294436,953745.3597039464,ilheus-IPTU,ilheus,IPTU
2020-12-01,2020-12-01,5,2021-05-01,2697666.1907480466,1804503.7789294436,953745.3597039464,ilheus-IPTU,ilheus,IPTU
2020-12-01,2020-12-01,6,2021-06-01,2339335.1332101556,1804503.7789294436,953745.3597039464,ilheus-IPTU,ilheus,IPTU
2020-12-01,2020-12-01,7,2021-07-01,2272131.235213842,1804503.7789294436,953745.3597039464,ilheus-IPTU,ilheus,IPTU
2020-12-01,2020-12-01,8,2021-08-01,2213100.429243627,1804503.7789294436,953745.3597039464,ilheus-IPTU,ilheus,IPTU
2020-12-01,2020-12-01,9,2021-09-01,2623149.9363260926,1804503.7789294436,953745.3597039464,ilheus-IPTU,ilheus,IPTU
2020-12-01,2020-12-01,10,2021-10-01,1271908.2831416863,1804503.7789294436,953745.3597039464,ilheus-IPTU,ilheus,IPTU
2020-12-01,2020-12-01,11,2021-11-01,974523.3692654738,1804503.7789294436,953745.3597039464,ilheus-IPTU,ilheus,IPTU
2020-12-01,2020-12-01,12,2021-12-01,1072570.4015688638,1804503.7789294436,953745.3597039464,ilheus-IPTU,ilheus,IPTU
2021-01-01,2021-01-01,1,2021-02-01,3299371.1233388623,1820296.4484649375,944553.3693287106,ilheus-IPTU,ilheus,IPTU
2021-01-01,2021-01-01,2,2021-03-01,5552858.751004397,1864345.9373521456,944553.3693287106,ilheus-IPTU,ilheus,IPTU
2021-01-01,2021-01-01,3,2021-04-01,6389822.232549553,1864345.9373521456,944553.3693287106,ilheus-IPTU,ilheus,IPTU
2021-01-01,2021-01-01,4,2021-05-01,2697666.1907480466,1864345.9373521456,944553.3693287106,ilheus-IPTU,ilheus,IPTU
2021-01-01,2021-01-01,5,2021-06-01,2339335.1332101556,1864345.9373521456,944553.3693287106,ilheus-IPTU,ilheus,IPTU
2021-01-01,2021-01-01,6,2021-07-01,2272131.235213842,1864345.9373521456,944553.3693287106,ilheus-IPTU,ilheus,IPTU
2021-01-01,2021-01-01,7,2021-08-01,2213100.429243627,1864345.9373521456,944553.3693287106,ilheus-IPTU,ilheus,IPTU
2021-01-01,2021-01-01,8,2021-09-01,2623149.9363260926,1864345.9373521456,944553.3693287106,ilheus-IPTU,ilheus,IPTU
2021-01-01,2021-01-01,9,2021-10-01,1271908.2831416863,1864345.9373521456,944553.3693287106,ilheus-IPTU,ilheus,IPTU
2021-01-01,2021-01-01,10,2021-11-01,974523.3692654738,1864345.9373521456,944553.3693287106,ilheus-IPTU,ilheus,IPTU
2021-01-01,2021-01-01,11,2021-12-01,1072570.4015688638,1864345.9373521456,944553.3693287106,ilheus-IPTU,ilheus,IPTU
2021-01-01,2021-01-01,12,2022-01-01,2343065.624318597,1864345.9373521456,944553.3693287106,ilheus-IPTU,ilheus,IPTU
2021-02-01,2021-02-01,1,2021-03-01,5552858.751004397,3046433.9298305823,950325.8501224922,ilheus-IPTU,ilheus,IPTU
2021-02-01,2021-02-01,2,2021-04-01,6389822.232549553,2427155.464107628,950325.8501224922,ilheus-IPTU,ilheus,IPTU
2021-02-01,2021-02-01,3,2021-05-01,2697666.1907480466,1985082.6990722392,950325.8501224922,ilheus-IPTU,ilheus,IPTU
2021-02-01,2021-02-01,4,2021-06-01,2339335.1332101556,1493971.185491193,950325.8501224922,ilheus-IPTU,ilheus,IPTU
2021-02-01,2021-02-01,5,2021-07-01,2272131.235213842,1642177.982444011,950325.8501224922,ilheus-IPTU,ilheus,IPTU
2021-02-01,2021-02-01,6,2021-08-01,2213100.429243627,1896772.8044024594,950325.8501224922,ilheus-IPTU,ilheus,IPTU
2021-02-01,2021-02-01,7,2021-09-01,2623149.9363260926,1619233.8090645573,950325.8501224922,ilheus-IPTU,ilheus,IPTU
2021-02-01,2021-02-01,8,2021-10-01,1271908.2831416863,1795446.037174352,950325.8501224922,ilheus-IPTU,ilheus,IPTU
2021-02-01,2021-02-01,9,2021-11-01,974523.3692654738,1650106.7549971456,950325.8501224922,ilheus-IPTU,ilheus,IPTU
2021-02-01,2021-02-01,10,2021-12-01,1072570.4015688638,1629450.3141775953,950325.8501224922,ilheus-IPTU,ilheus,IPTU
2021-02-01,2021-02-01,11,2022-01-01,2343065.624318597,1741545.0928955397,950325.8501224922,ilheus-IPTU,ilheus,IPTU
2021-02-01,2021-02-01,12,2022-02-01,2250002.33291625,2405426.981119409,950325.8501224922,ilheus-IPTU,ilheus,IPTU
2021-03-01,2021-03-01,1,2021-04-01,6389822.232549553,3264116.122872522,971895.7524619619,ilheus-IPTU,ilheus,IPTU
2021-03-01,2021-03-01,2,2021-05-01,2697666.1907480466,2255258.2603228544,971895.7524619619,ilheus-IPTU,ilheus,IPTU
2021-03-01,2021-03-01,3,2021-06-01,2339335.1332101556,2016330.4817472384,971895.7524619619,ilheus-IPTU,ilheus,IPTU
2021-03-01,2021-03-01,4,2021-07-01,2272131.235213842,2166189.1904218006,971895.7524619619,ilheus-IPTU,ilheus,IPTU
2021-03-01,2021-03-01,5,2021-08-01,2213100.429243627,2350139.794927652,971895.7524619619,ilheus-IPTU,ilheus,IPTU
2021-03-01,2021-03-01,6,2021-09-01,2623149.9363260926,2166655.320770942,971895.7524619619,ilheus-IPTU,ilheus,IPTU
2021-03-01,2021-03-01,7,2021-10-01,1271908.2831416863,2282847.9153394587,971895.7524619619,ilheus-IPTU,ilheus,IPTU
2021-03-01,2021-03-01,8,2021-11-01,974523.3692654738,2206992.2453609398,971895.7524619619,ilheus-IPTU,ilheus,IPTU
2021-03-01,2021-03-01,9,2021-12-01,1072570.4015688638,2210768.4678654457,971895.7524619619,ilheus-IPTU,ilheus,IPTU
2021-03-01,2021-03-01,10,2022-01-01,2343065.624318597,2207539.064021077,971895.7524619619,ilheus-IPTU,ilheus,IPTU
2021-03-01,2021-03-01,11,2022-02-01,2250002.33291625,2640663.631963014,971895.7524619619,ilheus-IPTU,ilheus,IPTU
2021-03-01,2021-03-01,12,2022-03-01,4925305.417483921,3078122.8353046835,971895.7524619619,ilheus-IPTU,ilheus,IPTU
2021-04-01,2021-04-01,1,2021-05-01,2697666.1907480466,3262063.5833477895,1008483.884375433,ilheus-IPTU,ilheus,IPTU
2021-04-01,2021-04-01,2,2021-06-01,2339335.1332101556,2688165.8959324043,1008483.884375433,ilheus-IPTU,ilheus,IPTU
2021-04-01,2021-04-01,3,2021-07-01,2272131.235213842,3025409.421247121,1008483.884375433,ilheus-IPTU,ilheus,IPTU
2021-04-01,2021-04-01,4,2021-08-01,2213100.429243627,3349728.254183103,1008483.884375433,ilheus-IPTU,ilheus,IPTU
2021-04-01,2021-04-01,5,2021-09-01,2623149.9363260926,3277779.492878068,1008483.884375433,ilheus-IPTU,ilheus,IPTU
2021-04-01,2021-04-01,6,2021-10-01,1271908.2831416863,3479504.0237729102,1008483.884375433,ilheus-IPTU,ilheus,IPTU
2021-04-01,2021-04-01,7,2021-11-01,974523.3692654738,3322486.3773105824,1008483.884375433,ilheus-IPTU,ilheus,IPTU
2021-04-01,2021-04-01,8,2021-12-01,1072570.4015688638,3357653.199327213,1008483.884375433,ilheus-IPTU,ilheus,IPTU
2021-04-01,2021-04-01,9,2022-01-01,2343065.624318597,3601531.034050996,1008483.884375433,ilheus-IPTU,ilheus,IPTU
2021-04-01,2021-04-01,10,2022-02-01,2250002.33291625,4130564.5824453677,1008483.884375433,ilheus-IPTU,ilheus,IPTU
2021-04-01,2021-04-01,11,2022-03-01,4925305.417483921,5198204.469315676,1008483.884375433,ilheus-IPTU,ilheus,IPTU
2021-04-01,2021-04-01,12,2022-04-01,8219106.086628274,5406735.376075599,1008483.884375433,ilheus-IPTU,ilheus,IPTU
2021-05-01,2021-05-01,1,2021-06-01,2339335.1332101556,1659203.9507970768,1004766.2318088748,ilheus-IPTU,ilheus,IPTU
2021-05-01,2021-05-01,2,2021-07-01,2272131.235213842,1823929.3286104212,1004766.2318088748,ilheus-IPTU,ilheus,IPTU
2021-05-01,2021-05-01,3,2021-08-01,2213100.429243627,2164339.0006419863,1004766.2318088748,ilheus-IPTU,ilheus,IPTU
2021-05-01,2021-05-01,4,2021-09-01,2623149.9363260926,2047335.960463718,1004766.2318088748,ilheus-IPTU,ilheus,IPTU
2021-05-01,2021-05-01,5,2021-10-01,1271908.2831416863,2151247.582683178,1004766.2318088748,ilheus-IPTU,ilheus,IPTU
2021-05-01,2021-05-01,6,2021-11-01,974523.3692654738,2065939.9335440358,1004766.2318088748,ilheus-IPTU,ilheus,IPTU
2021-05-01,2021-05-01,7,2021-12-01,1072570.4015688638,2073136.3148113922,1004766.2318088748,ilheus-IPTU,ilheus,IPTU
2021-05-01,2021-05-01,8,2022-01-01,2343065.624318597,2078770.330174324,1004766.2318088748,ilheus-IPTU,ilheus,IPTU
2021-05-01,2021-05-01,9,2022-02-01,2250002.33291625,2514739.033175739,1004766.2318088748,ilheus-IPTU,ilheus,IPTU
2021-05-01,2021-05-01,10,2022-03-01,4925305.417483921,2959128.635084742,1004766.2318088748,ilheus-IPTU,ilheus,IPTU
2021-05-01,2021-05-01,11,2022-04-01,8219106.086628274,3098186.176874786,1004766.2318088748,ilheus-IPTU,ilheus,IPTU
2021-05-01,2021-05-01,12,2022-05-01,2431580.1184551804,2384901.0081885797,1004766.2318088748,ilheus-IPTU,ilheus,IPTU
2021-06-01,2021-06-01,1,2021-07-01,2272131.235213842,2906345.0506034633,1004986.782898596,ilheus-IPTU,ilheus,IPTU
2021-06-01,2021-06-01,2,2021-08-01,2213100.429243627,2930576.80150771,1004986.782898596,ilheus-IPTU,ilheus,IPTU
2021-06-01,2021-06-01,3,2021-09-01,2623149.9363260926,3036436.250561783,1004986.782898596,ilheus-IPTU,ilheus,IPTU
2021-06-01,2021-06-01,4,2021-10-01,1271908.2831416863,3049877.843784224,1004986.782898596,ilheus-IPTU,ilheus,IPTU
2021-06-01,2021-06-01,5,2021-11-01,974523.3692654738,2923514.372379246,1004986.782898596,ilheus-IPTU,ilheus,IPTU
2021-06-01,2021-06-01,6,2021-12-01,1072570.4015688638,3072603.9515146906,1004986.782898596,ilheus-IPTU,ilheus,IPTU
2021-06-01,2021-06-01,7,2022-01-01,2343065.624318597,3027875.594444144,1004986.782898596,ilheus-IPTU,ilheus,IPTU
2021-06-01,2021-06-01,8,2022-02-01,2250002.33291625,3401949.0619156556,1004986.782898596,ilheus-IPTU,ilheus,IPTU
2021-06-01,2021-06-01,9,2022-03-01,4925305.417483921,4402614.672385155,1004986.782898596,ilheus-IPTU,ilheus,IPTU
2021-06-01,2021-06-01,10,2022-04-01,8219106.086628274,4603943.259220828,1004986.782898596,ilheus-IPTU,ilheus,IPTU
2021-06-01,2021-06-01,11,2022-05-01,2431580.1184551804,3495029.0437729615,1004986.782898596,ilheus-IPTU,ilheus,IPTU
2021-06-01,2021-06-01,12,2022-06-01,2631240.8458854207,3435015.9473754326,1004986.782898596,ilheus-IPTU,ilheus,IPTU
2021-07-01,2021-07-01,1,2021-08-01,2213100.429243627,2616280.631945228,998766.7261971788,ilheus-IPTU,ilheus,IPTU
2021-07-01,2021-07-01,2,2021-09-01,2623149.9363260926,2299925.4069314934,998766.7261971788,ilheus-IPTU,ilheus,IPTU
2021-07-01,2021-07-01,3,2021-10-01,1271908.2831416863,2512451.7758367257,998766.7261971788,ilheus-IPTU,ilheus,IPTU
2021-07-01,2021-07-01,4,2021-11-01,974523.3692654738,2339642.810252194,998766.7261971788,ilheus-IPTU,ilheus,IPTU
2021-07-01,2021-07-01,5,2021-12-01,1072570.4015688638,2310967.93639011,998766.7261971788,ilheus-IPTU,ilheus,IPTU
2021-07-01,2021-07-01,6,2022-01-01,2343065.624318597,2440252.598035801,998766.7261971788,ilheus-IPTU,ilheus,IPTU
2021-07-01,2021-07-01,7,2022-02-01,2250002.33291625,3174272.8917578273,998766.7261971788,ilheus-IPTU,ilheus,IPTU
2021-07-01,2021-07-01,8,2022-03-01,4925305.417483921,3910549.7906537107,998766.7261971788,ilheus-IPTU,ilheus,IPTU
2021-07-01,2021-07-01,9,2022-04-01,8219106.086628274,3970342.544903091,998766.7261971788,ilheus-IPTU,ilheus,IPTU
2021-07-01,2021-07-01,10,2022-05-01,2431580.1184551804,2860355.559071561,998766.7261971788,ilheus-IPTU,ilheus,IPTU
2021-07-01,2021-07-01,11,2022-06-01,2631240.8458854207,2479443.036484194,998766.7261971788,ilheus-IPTU,ilheus,IPTU
2021-07-01,2021-07-01,12,2022-07-01,1925861.261515704,2557802.963217892,998766.7261971788,ilheus-IPTU,ilheus,IPTU
2021-08-01,2021-08-01,1,2021-09-01,2623149.9363260926,2662712.3850824274,984193.3541854223,ilheus-IPTU,ilheus,IPTU
2021-08-01,2021-08-01,2,2021-10-01,1271908.2831416863,2820593.767125635,984193.3541854223,ilheus-IPTU,ilheus,IPTU
2021-08-01,2021-08-01,3,2021-11-01,974523.3692654738,2696944.234862858,984193.3541854223,ilheus-IPTU,ilheus,IPTU
2021-08-01,2021-08-01,4,2021-12-01,1072570.4015688638,2823593.6295666727,984193.3541854223,ilheus-IPTU,ilheus,IPTU
2021-08-01,2021-08-01,5,2022-01-01,2343065.624318597,2788694.3825344974,984193.3541854223,ilheus-IPTU,ilheus,IPTU
2021-08-01,2021-08-01,6,2022-02-01,2250002.33291625,3126791.8301815186,984193.3541854223,ilheus-IPTU,ilheus,IPTU
2021-08-01,2021-08-01,7,2022-03-01,4925305.417483921,3998306.8838541238,984193.3541854223,ilheus-IPTU,ilheus,IPTU
2021-08-01,2021-08-01,8,2022-04-01,8219106.086628274,4175252.843908279,984193.3541854223,ilheus-IPTU,ilheus,IPTU
2021-08-01,2021-08-01,9,2022-05-01,2431580.1184551804,3195464.799531682,984193.3541854223,ilheus-IPTU,ilheus,IPTU
2021-08-01,2021-08-01,10,2022-06-01,2631240.8458854207,3135471.5864265673,984193.3541854223,ilheus-IPTU,ilheus,IPTU
2021-08-01,2021-08-01,11,2022-07-01,1925861.261515704,3164454.6735428874,984193.3541854223,ilheus-IPTU,ilheus,IPTU
2021-08-01,2021-08-01,12,2022-08-01,2006116.8972595204,3235942.9658289826,984193.3541854223,ilheus-IPTU,ilheus,IPTU
2021-09-01,2021-09-01,1,2021-10-01,1271908.2831416863,2758015.5105159297,983524.3319020569,ilheus-IPTU,ilheus,IPTU
2021-09-01,2021-09-01,2,2021-11-01,974523.3692654738,2432563.857516494,983524.3319020569,ilheus-IPTU,ilheus,IPTU
2021-09-01,2021-09-01,3,2021-12-01,1072570.4015688638,2398609.4828312276,983524.3319020569,ilheus-IPTU,ilheus,IPTU
2021-09-01,2021-09-01,4,2022-01-01,2343065.624318597,2425066.5167646892,983524.3319020569,ilheus-IPTU,ilheus,IPTU
2021-09-01,2021-09-01,5,2022-02-01,2250002.33291625,3175280.736004449,983524.3319020569,ilheus-IPTU,ilheus,IPTU
2021-09-01,2021-09-01,6,2022-03-01,4925305.417483921,3969162.724538638,983524.3319020569,ilheus-IPTU,ilheus,IPTU
2021-09-01,2021-09-01,7,2022-04-01,8219106.086628274,4207465.951381251,983524.3319020569,ilheus-IPTU,ilheus,IPTU
2021-09-01,2021-09-01,8,2022-05-01,2431580.1184551804,2902288.176502072,983524.3319020569,ilheus-IPTU,ilheus,IPTU
2021-09-01,2021-09-01,9,2022-06-01,2631240.8458854207,2730698.1449789465,983524.3319020569,ilheus-IPTU,ilheus,IPTU
2021-09-01,2021-09-01,10,2022-07-01,1925861.261515704,2697247.5425597904,983524.3319020569,ilheus-IPTU,ilheus,IPTU
2021-09-01,2021-09-01,11,2022-08-01,2006116.8972595204,2666819.575544339,983524.3319020569,ilheus-IPTU,ilheus,IPTU
2021-09-01,2021-09-01,12,2022-09-01,1876735.4807647243,2868949.1272722525,983524.3319020569,ilheus-IPTU,ilheus,IPTU
2021-10-01,2021-10-01,1,2021-11-01,974523.3692654738,1628506.6422384854,980050.0037243485,ilheus-IPTU,ilheus,IPTU
2021-10-01,2021-10-01,2,2021-12-01,1072570.4015688638,2181963.110999142,980050.0037243485,ilheus-IPTU,ilheus,IPTU
2021-10-01,2021-10-01,3,2022-01-01,2343065.624318597,2112615.9572307654,980050.0037243485,ilheus-IPTU,ilheus,IPTU
2021-10-01,2021-10-01,4,2022-02-01,2250002.33291625,2339289.140226469,980050.0037243485,ilheus-IPTU,ilheus,IPTU
2021-10-01,2021-10-01,5,2022-03-01,4925305.417483921,3043773.8945101853,980050.0037243485,ilheus-IPTU,ilheus,IPTU
2021-10-01,2021-10-01,6,2022-04-01,8219106.086628274,3134787.0048499326,980050.0037243485,ilheus-IPTU,ilheus,IPTU
2021-10-01,2021-10-01,7,2022-05-01,2431580.1184551804,2321420.254286636,980050.0037243485,ilheus-IPTU,ilheus,IPTU
2021-10-01,2021-10-01,8,2022-06-01,2631240.8458854207,2259656.3009088705,980050.0037243485,ilheus-IPTU,ilheus,IPTU
2021-10-01,2021-10-01,9,2022-07-01,1925861.261515704,2256551.564662738,980050.0037243485,ilheus-IPTU,ilheus,IPTU
2021-10-01,2021-10-01,10,2022-08-01,2006116.8972595204,2285925.9404907897,980050.0037243485,ilheus-IPTU,ilheus,IPTU
2021-10-01,2021-10-01,11,2022-09-01,1876735.4807647243,2297150.849372017,980050.0037243485,ilheus-IPTU,ilheus,IPTU
2021-10-01,2021-10-01,12,2022-10-01,2213546.4406881514,1889262.7902284747,980050.0037243485,ilheus-IPTU,ilheus,IPTU
2021-11-01,2021-11-01,1,2021-12-01,1072570.4015688638,1448856.4874486923,977789.2178096024,ilheus-IPTU,ilheus,IPTU
2021-11-01,2021-11-01,2,2022-01-01,2343065.624318597,1807041.334985187,977789.2178096024,ilheus-IPTU,ilheus,IPTU
2021-11-01,2021-11-01,3,2022-02-01,2250002.33291625,2179143.609457589,977789.2178096024,ilheus-IPTU,ilheus,IPTU
2021-11-01,2021-11-01,4,2022-03-01,4925305.417483921,2739779.89192441,977789.2178096024,ilheus-IPTU,ilheus,IPTU
2021-11-01,2021-11-01,5,2022-04-01,8219106.086628274,2834836.4407537333,977789.2178096024,ilheus-IPTU,ilheus,IPTU
2021-11-01,2021-11-01,6,2022-05-01,2431580.1184551804,2185802.818389289,977789.2178096024,ilheus-IPTU,ilheus,IPTU
2021-11-01,2021-11-01,7,2022-06-01,2631240.8458854207,1986735.6623824877,977789.2178096024,ilheus-IPTU,ilheus,IPTU
2021-11-01,2021-11-01,8,2022-07-01,1925861.261515704,2064354.4188015135,977789.2178096024,ilheus-IPTU,ilheus,IPTU
2021-11-01,2021-11-01,9,2022-08-01,2006116.8972595204,2157738.439328658,977789.2178096024,ilheus-IPTU,ilheus,IPTU
2021-11-01,2021-11-01,10,2022-09-01,1876735.4807647243,2129923.9342789017,977789.2178096024,ilheus-IPTU,ilheus,IPTU
2021-11-01,2021-11-01,11,2022-10-01,2213546.4406881514,1885696.1774272004,977789.2178096024,ilheus-IPTU,ilheus,IPTU
2021-11-01,2021-11-01,12,2022-11-01,1586036.0844479885,1746111.5694045443,977789.2178096024,ilheus-IPTU,ilheus,IPTU
2021-12-01,2021-12-01,1,2022-01-01,2343065.624318597,1638263.3631993197,974374.5533589215,ilheus-IPTU,ilheus,IPTU
2021-12-01,2021-12-01,2,2022-02-01,2250002.33291625,2252127.865595284,974374.5533589215,ilheus-IPTU,ilheus,IPTU
2021-12-01,2021-12-01,3,2022-03-01,4925305.417483921,3005033.801528247,974374.5533589215,ilheus-IPTU,ilheus,IPTU
2021-12-01,2021-12-01,4,2022-04-01,8219106.086628274,3103848.8088575252,974374.5533589215,ilheus-IPTU,ilheus,IPTU
2021-12-01,2021-12-01,5,2022-05-01,2431580.1184551804,2092541.5920684391,974374.5533589215,ilheus-IPTU,ilheus,IPTU
2021-12-01,2021-12-01,6,2022-06-01,2631240.8458854207,1818922.9395242517,974374.5533589215,ilheus-IPTU,ilheus,IPTU
2021-12-01,2021-12-01,7,2022-07-01,1925861.261515704,1913598.3643543315,974374.5533589215,ilheus-IPTU,ilheus,IPTU
2021-12-01,2021-12-01,8,2022-08-01,2006116.8972595204,2031713.3474921002,974374.5533589215,ilheus-IPTU,ilheus,IPTU
2021-12-01,2021-12-01,9,2022-09-01,1876735.4807647243,2005050.223343607,974374.5533589215,ilheus-IPTU,ilheus,IPTU
2021-12-01,2021-12-01,10,2022-10-01,2213546.4406881514,1657317.1825027324,974374.5533589215,ilheus-IPTU,ilheus,IPTU
2021-12-01,2021-12-01,11,2022-11-01,1586036.0844479885,1477900.9646053312,974374.5533589215,ilheus-IPTU,ilheus,IPTU
2021-12-01,2021-12-01,12,2022-12-01,1694091.5193373812,1526671.6726395749,974374.5533589215,ilheus-IPTU,ilheus,IPTU
2022-01-01,2022-01-01,1,2022-02-01,2250002.33291625,2603257.94445541,968526.9297449152,ilheus-IPTU,ilheus,IPTU
2022-01-01,2022-01-01,2,2022-03-01,4925305.417483921,2924054.681782801,968526.9297449152,ilheus-IPTU,ilheus,IPTU
2022-01-01,2022-01-01,3,2022-04-01,8219106.086628274,3001061.715507011,968526.9297449152,ilheus-IPTU,ilheus,IPTU
2022-01-01,2022-01-01,4,2022-05-01,2431580.1184551804,2078564.6609706264,968526.9297449152,ilheus-IPTU,ilheus,IPTU
2022-01-01,2022-01-01,5,2022-06-01,2631240.8458854207,1806457.540182997,968526.9297449152,ilheus-IPTU,ilheus,IPTU
2022-01-01,2022-01-01,6,2022-07-01,1925861.261515704,1909764.2934944925,968526.9297449152,ilheus-IPTU,ilheus,IPTU
2022-01-01,2022-01-01,7,2022-08-01,2006116.8972595204,2038353.747094467,968526.9297449152,ilheus-IPTU,ilheus,IPTU
2022-01-01,2022-01-01,8,2022-09-01,1876735.4807647243,1989723.2231531814,968526.9297449152,ilheus-IPTU,ilheus,IPTU
2022-01-01,2022-01-01,9,2022-10-01,2213546.4406881514,1696983.4221872934,968526.9297449152,ilheus-IPTU,ilheus,IPTU
2022-01-01,2022-01-01,10,2022-11-01,1586036.0844479885,1526611.1858348595,968526.9297449152,ilheus-IPTU,ilheus,IPTU
2022-01-01,2022-01-01,11,2022-12-01,1694091.5193373812,1571163.5554536092,968526.9297449152,ilheus-IPTU,ilheus,IPTU
2022-01-01,2022-01-01,12,2023-01-01,1843283.8297266124,1959263.855793554,968526.9297449152,ilheus-IPTU,ilheus,IPTU
2022-02-01,2022-02-01,1,2022-03-01,4925305.417483921,2002163.0396006212,969619.387321641,ilheus-IPTU,ilheus,IPTU
2022-02-01,2022-02-01,2,2022-04-01,8219106.086628274,2042472.160340071,969619.387321641,ilheus-IPTU,ilheus,IPTU
2022-02-01,2022-02-01,3,2022-05-01,2431580.1184551804,2046736.2410933045,969619.387321641,ilheus-IPTU,ilheus,IPTU
2022-02-01,2022-02-01,4,2022-06-01,2631240.8458854207,2047182.897511936,969619.387321641,ilheus-IPTU,ilheus,IPTU
2022-02-01,2022-02-01,5,2022-07-01,1925861.261515704,2047229.6359188687,969619.387321641,ilheus-IPTU,ilheus,IPTU
2022-02-01,2022-02-01,6,2022-08-01,2006116.8972595204,2047234.5261272823,969619.387321641,ilheus-IPTU,ilheus,IPTU
2022-02-01,2022-02-01,7,2022-09-01,1876735.4807647243,2047235.0377807585,969619.387321641,ilheus-IPTU,ilheus,IPTU
2022-02-01,2022-02-01,8,2022-10-01,2213546.4406881514,2047235.0913140522,969619.387321641,ilheus-IPTU,ilheus,IPTU
2022-02-01,2022-02-01,9,2022-11-01,1586036.0844479885,2047235.0969151345,969619.387321641,ilheus-IPTU,ilheus,IPTU
2022-02-01,2022-02-01,10,2022-12-01,1694091.5193373812,2047235.097501165,969619.387321641,ilheus-IPTU,ilheus,IPTU
2022-02-01,2022-02-01,11,2023-01-01,1843283.8297266124,2047235.0975624784,969619.387321641,ilheus-IPTU,ilheus,IPTU
2022-02-01,2022-02-01,12,2023-02-01,2815202.2643191377,2047235.0975688933,969619.387321641,ilheus-IPTU,ilheus,IPTU
2022-03-01,2022-03-01,1,2022-04-01,8219106.086628274,5496782.053296981,965058.506604292,ilheus-IPTU,ilheus,IPTU
2022-03-01,2022-03-01,2,2022-05-01,2431580.1184551804,2763746.906976176,965058.506604292,ilheus-IPTU,ilheus,IPTU
2022-03-01,2022-03-01,3,2022-06-01,2631240.8458854207,2097998.0215731864,965058.506604292,ilheus-IPTU,ilheus,IPTU
2022-03-01,2022-03-01,4,2022-07-01,1925861.261515704,2373602.5686425124,965058.506604292,ilheus-IPTU,ilheus,IPTU
2022-03-01,2022-03-01,5,2022-08-01,2006116.8972595204,2739384.6848389506,965058.506604292,ilheus-IPTU,ilheus,IPTU
2022-03-01,2022-03-01,6,2022-09-01,1876735.4807647243,2529633.0906917755,965058.506604292,ilheus-IPTU,ilheus,IPTU
2022-03-01,2022-03-01,7,2022-10-01,2213546.4406881514,2031205.52153896,965058.506604292,ilheus-IPTU,ilheus,IPTU
2022-03-01,2022-03-01,8,2022-11-01,1586036.0844479885,1694061.911662302,965058.506604292,ilheus-IPTU,ilheus,IPTU
2022-03-01,2022-03-01,9,2022-12-01,1694091.5193373812,1772853.5390247274,965058.506604292,ilheus-IPTU,ilheus,IPTU
2022-03-01,2022-03-01,10,2023-01-01,1843283.8297266124,2493993.1161187524,965058.506604292,ilheus-IPTU,ilheus,IPTU
2022-03-01,2022-03-01,11,2023-02-01,2815202.2643191377,3443710.748243464,965058.506604292,ilheus-IPTU,ilheus,IPTU
2022-03-01,2022-03-01,12,2023-03-01,6457345.5598513875,6507018.46678265,965058.506604292,ilheus-IPTU,ilheus,IPTU
2022-04-01,2022-04-01,1,2022-05-01,2431580.1184551804,3111057.1649926333,976429.8927552714,ilheus-IPTU,ilheus,IPTU
2022-04-01,2022-04-01,2,2022-06-01,2631240.8458854207,2071038.5884009916,976429.8927552714,ilheus-IPTU,ilheus,IPTU
2022-04-01,2022-04-01,3,2022-07-01,1925861.261515704,2335403.514630497,976429.8927552714,ilheus-IPTU,ilheus,IPTU
2022-04-01,2022-04-01,4,2022-08-01,2006116.8972595204,2685454.6270672614,976429.8927552714,ilheus-IPTU,ilheus,IPTU
2022-04-01,2022-04-01,5,2022-09-01,1876735.4807647243,2493220.926638036,976429.8927552714,ilheus-IPTU,ilheus,IPTU
2022-04-01,2022-04-01,6,2022-10-01,2213546.4406881514,1980305.3455538938,976429.8927552714,ilheus-IPTU,ilheus,IPTU
2022-04-01,2022-04-01,7,2022-11-01,1586036.0844479885,1648591.2782124213,976429.8927552714,ilheus-IPTU,ilheus,IPTU
2022-04-01,2022-04-01,8,2022-12-01,1694091.5193373812,1727144.6776708304,976429.8927552714,ilheus-IPTU,ilheus,IPTU
2022-04-01,2022-04-01,9,2023-01-01,1843283.8297266124,2452865.2379292175,976429.8927552714,ilheus-IPTU,ilheus,IPTU
2022-04-01,2022-04-01,10,2023-02-01,2815202.2643191377,3360493.007226721,976429.8927552714,ilheus-IPTU,ilheus,IPTU
2022-04-01,2022-04-01,11,2023-03-01,6457345.5598513875,6369957.03951043,976429.8927552714,ilheus-IPTU,ilheus,IPTU
2022-04-01,2022-04-01,12,2023-04-01,7796975.713490462,8672306.52588991,976429.8927552714,ilheus-IPTU,ilheus,IPTU
2022-05-01,2022-05-01,1,2022-06-01,2631240.8458854207,1890986.2016126378,967204.6483336816,ilheus-IPTU,ilheus,IPTU
2022-05-01,2022-05-01,2,2022-07-01,1925861.261515704,2272882.603218112,967204.6483336816,ilheus-IPTU,ilheus,IPTU
2022-05-01,2022-05-01,3,2022-08-01,2006116.8972595204,2603050.710551774,967204.6483336816,ilheus-IPTU,ilheus,IPTU
2022-05-01,2022-05-01,4,2022-09-01,1876735.4807647243,2431090.4651923566,967204.6483336816,ilheus-IPTU,ilheus,IPTU
2022-05-01,2022-05-01,5,2022-10-01,2213546.4406881514,1907956.5416756729,967204.6483336816,ilheus-IPTU,ilheus,IPTU
2022-05-01,2022-05-01,6,2022-11-01,1586036.0844479885,1585163.9130696286,967204.6483336816,ilheus-IPTU,ilheus,IPTU
2022-05-01,2022-05-01,7,2022-12-01,1694091.5193373812,1662684.7438939621,967204.6483336816,ilheus-IPTU,ilheus,IPTU
2022-05-01,2022-05-01,8,2023-01-01,1843283.8297266124,2386137.583180701,967204.6483336816,ilheus-IPTU,ilheus,IPTU
2022-05-01,2022-05-01,9,2023-02-01,2815202.2643191377,3240990.1678981017,967204.6483336816,ilheus-IPTU,ilheus,IPTU
2022-05-01,2022-05-01,10,2023-03-01,6457345.5598513875,6164943.420759214,967204.6483336816,ilheus-IPTU,ilheus,IPTU
2022-05-01,2022-05-01,11,2023-04-01,7796975.713490462,8434772.185936743,967204.6483336816,ilheus-IPTU,ilheus,IPTU
2022-05-01,2022-05-01,12,2023-05-01,3071104.1275374345,3017539.8443228994,967204.6483336816,ilheus-IPTU,ilheus,IPTU
2022-06-01,2022-06-01,1,2022-07-01,1925861.261515704,2492015.743052467,958546.9696713942,ilheus-IPTU,ilheus,IPTU
2022-06-01,2022-06-01,2,2022-08-01,2006116.8972595204,2621289.4508936247,958546.9696713942,ilheus-IPTU,ilheus,IPTU
2022-06-01,2022-06-01,3,2022-09-01,1876735.4807647243,2461820.7499786303,958546.9696713942,ilheus-IPTU,ilheus,IPTU
2022-06-01,2022-06-01,4,2022-10-01,2213546.4406881514,1910416.5192064017,958546.9696713942,ilheus-IPTU,ilheus,IPTU
2022-06-01,2022-06-01,5,2022-11-01,1586036.0844479885,1584201.6885641904,958546.9696713942,ilheus-IPTU,ilheus,IPTU
2022-06-01,2022-06-01,6,2022-12-01,1694091.5193373812,1663548.291470473,958546.9696713942,ilheus-IPTU,ilheus,IPTU
2022-06-01,2022-06-01,7,2023-01-01,1843283.8297266124,2410974.24310963,958546.9696713942,ilheus-IPTU,ilheus,IPTU
2022-06-01,2022-06-01,8,2023-02-01,2815202.2643191377,3248252.083042521,958546.9696713942,ilheus-IPTU,ilheus,IPTU
2022-06-01,2022-06-01,9,2023-03-01,6457345.5598513875,6199105.880970175,958546.9696713942,ilheus-IPTU,ilheus,IPTU
2022-06-01,2022-06-01,10,2023-04-01,7796975.713490462,8521034.274645934,958546.9696713942,ilheus-IPTU,ilheus,IPTU
2022-06-01,2022-06-01,11,2023-05-01,3071104.1275374345,3034871.6209606864,958546.9696713942,ilheus-IPTU,ilheus,IPTU
2022-06-01,2022-06-01,12,2023-06-01,1730961.630794251,2925716.490063656,958546.9696713942,ilheus-IPTU,ilheus,IPTU
2022-07-01,2022-07-01,1,2022-08-01,2006116.8972595204,2448611.191182342,950796.6279502137,ilheus-IPTU,ilheus,IPTU
2022-07-01,2022-07-01,2,2022-09-01,1876735.4807647243,2470032.8167924457,950796.6279502137,ilheus-IPTU,ilheus,IPTU
2022-07-01,2022-07-01,3,2022-10-01,2213546.4406881514,1917464.978882084,950796.6279502137,ilheus-IPTU,ilheus,IPTU
2022-07-01,2022-07-01,4,2022-11-01,1586036.0844479885,1590140.8353443919,950796.6279502137,ilheus-IPTU,ilheus,IPTU
2022-07-01,2022-07-01,5,2022-12-01,1694091.5193373812,1669726.0957841882,950796.6279502137,ilheus-IPTU,ilheus,IPTU
2022-07-01,2022-07-01,6,2023-01-01,1843283.8297266124,2419183.5902562537,950796.6279502137,ilheus-IPTU,ilheus,IPTU
2022-07-01,2022-07-01,7,2023-02-01,2815202.2643191377,3260139.664513468,950796.6279502137,ilheus-IPTU,ilheus,IPTU
2022-07-01,2022-07-01,8,2023-03-01,6457345.5598513875,6221153.036892287,950796.6279502137,ilheus-IPTU,ilheus,IPTU
2022-07-01,2022-07-01,9,2023-04-01,7796975.713490462,8550096.423674809,950796.6279502137,ilheus-IPTU,ilheus,IPTU
2022-07-01,2022-07-01,10,2023-05-01,3071104.1275374345,3045646.00481745,950796.6279502137,ilheus-IPTU,ilheus,IPTU
2022-07-01,2022-07-01,11,2023-06-01,1730961.630794251,2935849.0903448523,950796.6279502137,ilheus-IPTU,ilheus,IPTU
2022-07-01,2022-07-01,12,2023-07-01,1301640.6279949658,2490937.6740931803,950796.6279502137,ilheus-IPTU,ilheus,IPTU
2022-08-01,2022-08-01,1,2022-09-01,1876735.4807647243,2297341.385643922,941498.9642506375,ilheus-IPTU,ilheus,IPTU
2022-08-01,2022-08-01,2,2022-10-01,2213546.4406881514,1852788.3471144068,941498.9642506375,ilheus-IPTU,ilheus,IPTU
2022-08-01,2022-08-01,3,2022-11-01,1586036.0844479885,1533183.1527022838,941498.9642506375,ilheus-IPTU,ilheus,IPTU
2022-08-01,2022-08-01,4,2022-12-01,1694091.5193373812,1611989.435017736,941498.9642506375,ilheus-IPTU,ilheus,IPTU
2022-08-01,2022-08-01,5,2023-01-01,1843283.8297266124,2361905.4238421763,941498.9642506375,ilheus-IPTU,ilheus,IPTU
2022-08-01,2022-08-01,6,2023-02-01,2815202.2643191377,3153591.433621846,941498.9642506375,ilheus-IPTU,ilheus,IPTU
2022-08-01,2022-08-01,7,2023-03-01,6457345.5598513875,6040464.579046813,941498.9642506375,ilheus-IPTU,ilheus,IPTU
2022-08-01,2022-08-01,8,2023-04-01,7796975.713490462,8345944.350374464,941498.9642506375,ilheus-IPTU,ilheus,IPTU
2022-08-01,2022-08-01,9,2023-05-01,3071104.1275374345,2957866.7672039624,941498.9642506375,ilheus-IPTU,ilheus,IPTU
2022-08-01,2022-08-01,10,2023-06-01,1730961.630794251,2860264.243031561,941498.9642506375,ilheus-IPTU,ilheus,IPTU
2022-08-01,2022-08-01,11,2023-07-01,1301640.6279949658,2417022.272100905,941498.9642506375,ilheus-IPTU,ilheus,IPTU
2022-08-01,2022-08-01,12,2023-08-01,2424253.599531383,2433321.405350319,941498.9642506375,ilheus-IPTU,ilheus,IPTU
2022-09-01,2022-09-01,1,2022-10-01,2213546.4406881514,1733773.951908715,939090.5135260785,ilheus-IPTU,ilheus,IPTU
2022-09-01,2022-09-01,2,2022-11-01,1586036.0844479885,1545253.4443866962,939090.5135260785,ilheus-IPTU,ilheus,IPTU
2022-09-01,2022-09-01,3,2022-12-01,1694091.5193373812,1624616.3516865335,939090.5135260785,ilheus-IPTU,ilheus,IPTU
2022-09-01,2022-09-01,4,2023-01-01,1843283.8297266124,2379590.527184158,939090.5135260785,ilheus-IPTU,ilheus,IPTU
2022-09-01,2022-09-01,5,2023-02-01,2815202.2643191377,3178103.4806148564,939090.5135260785,ilheus-IPTU,ilheus,IPTU
2022-09-01,2022-09-01,6,2023-03-01,6457345.5598513875,6086717.880622225,939090.5135260785,ilheus-IPTU,ilheus,IPTU
2022-09-01,2022-09-01,7,2023-04-01,7796975.713490462,8408488.530862864,939090.5135260785,ilheus-IPTU,ilheus,IPTU
2022-09-01,2022-09-01,8,2023-05-01,3071104.1275374345,2980494.972877393,939090.5135260785,ilheus-IPTU,ilheus,IPTU
2022-09-01,2022-09-01,9,2023-06-01,1730961.630794251,2881867.5262648473,939090.5135260785,ilheus-IPTU,ilheus,IPTU
2022-09-01,2022-09-01,10,2023-07-01,1301640.6279949658,2435578.227622253,939090.5135260785,ilheus-IPTU,ilheus,IPTU
2022-09-01,2022-09-01,11,2023-08-01,2424253.599531383,2451930.703400002,939090.5135260785,ilheus-IPTU,ilheus,IPTU
2022-09-01,2022-09-01,12,2023-09-01,2013764.6094781046,2587022.7452436183,939090.5135260785,ilheus-IPTU,ilheus,IPTU
2022-10-01,2022-10-01,1,2022-11-01,1586036.0844479885,1656982.1282728098,939121.5823555954,ilheus-IPTU,ilheus,IPTU
2022-10-01,2022-10-01,2,2022-12-01,1694091.5193373812,1635220.4941908182,939121.5823555954,ilheus-IPTU,ilheus,IPTU
2022-10-01,2022-10-01,3,2023-01-01,1843283.8297266124,2381746.809191077,939121.5823555954,ilheus-IPTU,ilheus,IPTU
2022-10-01,2022-10-01,4,2023-02-01,2815202.2643191377,3195718.2998204944,939121.5823555954,ilheus-IPTU,ilheus,IPTU
2022-10-01,2022-10-01,5,2023-03-01,6457345.5598513875,6109006.531096268,939121.5823555954,ilheus-IPTU,ilheus,IPTU
2022-10-01,2022-10-01,6,2023-04-01,7796975.713490462,8416970.107585851,939121.5823555954,ilheus-IPTU,ilheus,IPTU
2022-10-01,2022-10-01,7,2023-05-01,3071104.1275374345,2991066.5370892812,939121.5823555954,ilheus-IPTU,ilheus,IPTU
2022-10-01,2022-10-01,8,2023-06-01,1730961.630794251,2887532.1109202364,939121.5823555954,ilheus-IPTU,ilheus,IPTU
2022-10-01,2022-10-01,9,2023-07-01,1301640.6279949658,2445287.758260004,939121.5823555954,ilheus-IPTU,ilheus,IPTU
2022-10-01,2022-10-01,10,2023-08-01,2424253.599531383,2460528.4486289797,939121.5823555954,ilheus-IPTU,ilheus,IPTU
2022-10-01,2022-10-01,11,2023-09-01,2013764.6094781046,2600473.140115698,939121.5823555954,ilheus-IPTU,ilheus,IPTU
2022-10-01,2022-10-01,12,2023-10-01,1586701.2293386583,1939727.0242094859,939121.5823555954,ilheus-IPTU,ilheus,IPTU
2022-11-01,2022-11-01,1,2022-12-01,1694091.5193373812,1556347.6265607434,935174.4875703775,ilheus-IPTU,ilheus,IPTU
2022-11-01,2022-11-01,2,2023-01-01,1843283.8297266124,2327931.0531881927,935174.4875703775,ilheus-IPTU,ilheus,IPTU
2022-11-01,2022-11-01,3,2023-02-01,2815202.2643191377,3095304.293043077,935174.4875703775,ilheus-IPTU,ilheus,IPTU
2022-11-01,2022-11-01,4,2023-03-01,6457345.5598513875,5938836.066390811,935174.4875703775,ilheus-IPTU,ilheus,IPTU
2022-11-01,2022-11-01,5,2023-04-01,7796975.713490462,8225134.005799655,935174.4875703775,ilheus-IPTU,ilheus,IPTU
2022-11-01,2022-11-01,6,2023-05-01,3071104.1275374345,2908402.0878874576,935174.4875703775,ilheus-IPTU,ilheus,IPTU
2022-11-01,2022-11-01,7,2023-06-01,1730961.630794251,2816433.539587627,935174.4875703775,ilheus-IPTU,ilheus,IPTU
2022-11-01,2022-11-01,8,2023-07-01,1301640.6279949658,2375663.8553330195,935174.4875703775,ilheus-IPTU,ilheus,IPTU
2022-11-01,2022-11-01,9,2023-08-01,2424253.599531383,2392715.58645826,935174.4875703775,ilheus-IPTU,ilheus,IPTU
2022-11-01,2022-11-01,10,2023-09-01,2013764.6094781046,2520451.7363429917,935174.4875703775,ilheus-IPTU,ilheus,IPTU
2022-11-01,2022-11-01,11,2023-10-01,1586701.2293386583,1903545.1858073843,935174.4875703775,ilheus-IPTU,ilheus,IPTU
2022-11-01,2022-11-01,12,2023-11-01,1229128.6609010594,1410544.9937564593,935174.4875703775,ilheus-IPTU,ilheus,IPTU
2022-12-01,2022-12-01,1,2023-01-01,1843283.8297266124,2423738.8219927344,931440.5188822601,ilheus-IPTU,ilheus,IPTU
2022-12-01,2022-12-01,2,2023-02-01,2815202.2643191377,3152012.9075026894,931440.5188822601,ilheus-IPTU,ilheus,IPTU
2022-12-01,2022-12-01,3,2023-03-01,6457345.5598513875,6035777.908748776,931440.5188822601,ilheus-IPTU,ilheus,IPTU
2022-12-01,2022-12-01,4,2023-04-01,7796975.713490462,8336220.961745134,931440.5188822601,ilheus-IPTU,ilheus,IPTU
2022-12-01,2022-12-01,5,2023-05-01,3071104.1275374345,2955522.0084725297,931440.5188822601,ilheus-IPTU,ilheus,IPTU
2022-12-01,2022-12-01,6,2023-06-01,1730961.630794251,2857333.6620056382,931440.5188822601,ilheus-IPTU,ilheus,IPTU
2022-12-01,2022-12-01,7,2023-07-01,1301640.6279949658,2415261.9209855786,931440.5188822601,ilheus-IPTU,ilheus,IPTU
2022-12-01,2022-12-01,8,2023-08-01,2424253.599531383,2431378.0607835473,931440.5188822601,ilheus-IPTU,ilheus,IPTU
2022-12-01,2022-12-01,9,2023-09-01,2013764.6094781046,2565709.324091817,931440.5188822601,ilheus-IPTU,ilheus,IPTU
2022-12-01,2022-12-01,10,2023-10-01,1586701.2293386583,1924902.5031983855,931440.5188822601,ilheus-IPTU,ilheus,IPTU
2022-12-01,2022-12-01,11,2023-11-01,1229128.6609010594,1427085.3091429148,931440.5188822601,ilheus-IPTU,ilheus,IPTU
2022-12-01,2022-12-01,12,2023-12-01,1538686.7153930117,1547729.7830621612,931440.5188822601,ilheus-IPTU,ilheus,IPTU
2023-01-01,2023-01-01,1,2023-02-01,2815202.2643191377,2940333.28798104,926362.1809494332,ilheus-IPTU,ilheus,IPTU
2023-01-01,2023-01-01,2,2023-03-01,6457345.5598513875,5961946.143560958,926362.1809494332,ilheus-IPTU,ilheus,IPTU
2023-01-01,2023-01-01,3,2023-04-01,7796975.713490462,8076217.662941666,926362.1809494332,ilheus-IPTU,ilheus,IPTU
2023-01-01,2023-01-01,4,2023-05-01,3071104.1275374345,2916922.3980081636,926362.1809494332,ilheus-IPTU,ilheus,IPTU
2023-01-01,2023-01-01,5,2023-06-01,1730961.630794251,2787646.406855484,926362.1809494332,ilheus-IPTU,ilheus,IPTU
2023-01-01,2023-01-01,6,2023-07-01,1301640.6279949658,2391373.662706225,926362.1809494332,ilheus-IPTU,ilheus,IPTU
2023-01-01,2023-01-01,7,2023-08-01,2424253.599531383,2398916.807104866,926362.1809494332,ilheus-IPTU,ilheus,IPTU
2023-01-01,2023-01-01,8,2023-09-01,2013764.6094781046,2562881.864125152,926362.1809494332,ilheus-IPTU,ilheus,IPTU
2023-01-01,2023-01-01,9,2023-10-01,1586701.2293386583,1835701.3766703624,926362.1809494332,ilheus-IPTU,ilheus,IPTU
2023-01-01,2023-01-01,10,2023-11-01,1229128.6609010594,1365718.086880241,926362.1809494332,ilheus-IPTU,ilheus,IPTU
2023-01-01,2023-01-01,11,2023-12-01,1538686.7153930117,1483489.7886642518,926362.1809494332,ilheus-IPTU,ilheus,IPTU
2023-01-01,2023-01-01,12,2024-01-01,2421833.300556963,2386629.702243894,926362.1809494332,ilheus-IPTU,ilheus,IPTU
2023-02-01,2023-02-01,1,2023-03-01,6457345.5598513875,6160063.579812404,922162.6199081944,ilheus-IPTU,ilheus,IPTU
2023-02-01,2023-02-01,2,2023-04-01,7796975.713490462,7092277.037330345,922162.6199081944,ilheus-IPTU,ilheus,IPTU
2023-02-01,2023-02-01,3,2023-05-01,3071104.1275374345,3215075.1278501013,922162.6199081944,ilheus-IPTU,ilheus,IPTU
2023-02-01,2023-02-01,4,2023-06-01,1730961.630794251,2675140.4617909756,922162.6199081944,ilheus-IPTU,ilheus,IPTU
2023-02-01,2023-02-01,5,2023-07-01,1301640.6279949658,2493199.7267792034,922162.6199081944,ilheus-IPTU,ilheus,IPTU
2023-02-01,2023-02-01,6,2023-08-01,2424253.599531383,2754185.199702114,922162.6199081944,ilheus-IPTU,ilheus,IPTU
2023-02-01,2023-02-01,7,2023-09-01,2013764.6094781046,2497727.7780950377,922162.6199081944,ilheus-IPTU,ilheus,IPTU
2023-02-01,2023-02-01,8,2023-10-01,1586701.2293386583,2398991.233166346,922162.6199081944,ilheus-IPTU,ilheus,IPTU
2023-02-01,2023-02-01,9,2023-11-01,1229128.6609010594,1855121.140380776,922162.6199081944,ilheus-IPTU,ilheus,IPTU
2023-02-01,2023-02-01,10,2023-12-01,1538686.7153930117,1940229.6253361022,922162.6199081944,ilheus-IPTU,ilheus,IPTU
2023-02-01,2023-02-01,11,2024-01-01,2421833.300556963,2568096.6318933377,922162.6199081944,ilheus-IPTU,ilheus,IPTU
2023-02-01,2023-02-01,12,2024-02-01,2645795.772083337,3546564.8685316443,922162.6199081944,ilheus-IPTU,ilheus,IPTU
2023-03-01,2023-03-01,1,2023-04-01,7796975.713490462,6577893.709345627,929172.7063732435,ilheus-IPTU,ilheus,IPTU
2023-03-01,2023-03-01,2,2023-05-01,3071104.1275374345,3237701.5095688505,929172.7063732435,ilheus-IPTU,ilheus,IPTU
2023-03-01,2023-03-01,3,2023-06-01,1730961.630794251,2537676.496746512,929172.7063732435,ilheus-IPTU,ilheus,IPTU
2023-03-01,2023-03-01,4,2023-07-01,1301640.6279949658,2448287.7609063396,929172.7063732435,ilheus-IPTU,ilheus,IPTU
2023-03-01,2023-03-01,5,2023-08-01,2424253.599531383,2759862.7738634585,929172.7063732435,ilheus-IPTU,ilheus,IPTU
2023-03-01,2023-03-01,6,2023-09-01,2013764.6094781046,2402407.841166204,929172.7063732435,ilheus-IPTU,ilheus,IPTU
2023-03-01,2023-03-01,7,2023-10-01,1586701.2293386583,2365987.1280185604,929172.7063732435,ilheus-IPTU,ilheus,IPTU
2023-03-01,2023-03-01,8,2023-11-01,1229128.6609010594,1848370.7729745589,929172.7063732435,ilheus-IPTU,ilheus,IPTU
2023-03-01,2023-03-01,9,2023-12-01,1538686.7153930117,1925943.8697677648,929172.7063732435,ilheus-IPTU,ilheus,IPTU
2023-03-01,2023-03-01,10,2024-01-01,2421833.300556963,2543372.865604,929172.7063732435,ilheus-IPTU,ilheus,IPTU
2023-03-01,2023-03-01,11,2024-02-01,2645795.772083337,3552486.2966811475,929172.7063732435,ilheus-IPTU,ilheus,IPTU
2023-03-01,2023-03-01,12,2024-03-01,5197363.375781737,6622065.932560807,929172.7063732435,ilheus-IPTU,ilheus,IPTU
2023-04-01,2023-04-01,1,2023-05-01,3071104.1275374345,3274499.581665867,923410.8616773863,ilheus-IPTU,ilheus,IPTU
2023-04-01,2023-04-01,2,2023-06-01,1730961.630794251,2579420.7319400576,923410.8616773863,ilheus-IPTU,ilheus,IPTU
2023-04-01,2023-04-01,3,2023-07-01,1301640.6279949658,2491511.7281891396,923410.8616773863,ilheus-IPTU,ilheus,IPTU
2023-04-01,2023-04-01,4,2023-08-01,2424253.599531383,2809373.91211308,923410.8616773863,ilheus-IPTU,ilheus,IPTU
2023-04-01,2023-04-01,5,2023-09-01,2013764.6094781046,2445709.0654531913,923410.8616773863,ilheus-IPTU,ilheus,IPTU
2023-04-01,2023-04-01,6,2023-10-01,1586701.2293386583,2408671.4615619276,923410.8616773863,ilheus-IPTU,ilheus,IPTU
2023-04-01,2023-04-01,7,2023-11-01,1229128.6609010594,1881787.2590389578,923410.8616773863,ilheus-IPTU,ilheus,IPTU
2023-04-01,2023-04-01,8,2023-12-01,1538686.7153930117,1961062.5455036866,923410.8616773863,ilheus-IPTU,ilheus,IPTU
2023-04-01,2023-04-01,9,2024-01-01,2421833.300556963,2591393.4483523257,923410.8616773863,ilheus-IPTU,ilheus,IPTU
2023-04-01,2023-04-01,10,2024-02-01,2645795.772083337,3629143.5457310122,923410.8616773863,ilheus-IPTU,ilheus,IPTU
2023-04-01,2023-04-01,11,2024-03-01,5197363.375781737,6840461.609645624,923410.8616773863,ilheus-IPTU,ilheus,IPTU
2023-04-01,2023-04-01,12,2024-04-01,8479100.268538596,8160120.521811842,923410.8616773863,ilheus-IPTU,ilheus,IPTU
2023-05-01,2023-05-01,1,2023-06-01,1730961.630794251,2506296.1703553493,920221.1217605872,ilheus-IPTU,ilheus,IPTU
2023-05-01,2023-05-01,2,2023-07-01,1301640.6279949658,2355042.2441230156,920221.1217605872,ilheus-IPTU,ilheus,IPTU
2023-05-01,2023-05-01,3,2023-08-01,2424253.599531383,2609160.637928368,920221.1217605872,ilheus-IPTU,ilheus,IPTU
2023-05-01,2023-05-01,4,2023-09-01,2013764.6094781046,2358921.520449242,920221.1217605872,ilheus-IPTU,ilheus,IPTU
2023-05-01,2023-05-01,5,2023-10-01,1586701.2293386583,2269907.5383699615,920221.1217605872,ilheus-IPTU,ilheus,IPTU
2023-05-01,2023-05-01,6,2023-11-01,1229128.6609010594,1757083.42952457,920221.1217605872,ilheus-IPTU,ilheus,IPTU
2023-05-01,2023-05-01,7,2023-12-01,1538686.7153930117,1836952.929604025,920221.1217605872,ilheus-IPTU,ilheus,IPTU
2023-05-01,2023-05-01,8,2024-01-01,2421833.300556963,2431633.1446452504,920221.1217605872,ilheus-IPTU,ilheus,IPTU
2023-05-01,2023-05-01,9,2024-02-01,2645795.772083337,3361502.157086167,920221.1217605872,ilheus-IPTU,ilheus,IPTU
2023-05-01,2023-05-01,10,2024-03-01,5197363.375781737,6571336.399686625,920221.1217605872,ilheus-IPTU,ilheus,IPTU
2023-05-01,2023-05-01,11,2024-04-01,8479100.268538596,8062289.008041316,920221.1217605872,ilheus-IPTU,ilheus,IPTU
2023-05-01,2023-05-01,12,2024-05-01,3547912.302911079,3448466.598871847,920221.1217605872,ilheus-IPTU,ilheus,IPTU
2023-06-01,2023-06-01,1,2023-07-01,1301640.6279949658,2161667.941168079,919999.5450198159,ilheus-IPTU,ilheus,IPTU
2023-06-01,2023-06-01,2,2023-08-01,2424253.599531383,2557191.794108771,919999.5450198159,ilheus-IPTU,ilheus,IPTU
2023-06-01,2023-06-01,3,2023-09-01,2013764.6094781046,2332358.949751366,919999.5450198159,ilheus-IPTU,ilheus,IPTU
2023-06-01,2023-06-01,4,2023-10-01,1586701.2293386583,2258903.7771601975,919999.5450198159,ilheus-IPTU,ilheus,IPTU
2023-06-01,2023-06-01,5,2023-11-01,1229128.6609010594,1752697.7097207112,919999.5450198159,ilheus-IPTU,ilheus,IPTU
2023-06-01,2023-06-01,6,2023-12-01,1538686.7153930117,1831534.7183269875,919999.5450198159,ilheus-IPTU,ilheus,IPTU
2023-06-01,2023-06-01,7,2024-01-01,2421833.300556963,2424659.0762925046,919999.5450198159,ilheus-IPTU,ilheus,IPTU
2023-06-01,2023-06-01,8,2024-02-01,2645795.772083337,3357740.109228747,919999.5450198159,ilheus-IPTU,ilheus,IPTU
2023-06-01,2023-06-01,9,2024-03-01,5197363.375781737,6525549.8155694725,919999.5450198159,ilheus-IPTU,ilheus,IPTU
2023-06-01,2023-06-01,10,2024-04-01,8479100.268538596,7972033.889553196,919999.5450198159,ilheus-IPTU,ilheus,IPTU
2023-06-01,2023-06-01,11,2024-05-01,3547912.302911079,3441610.986388461,919999.5450198159,ilheus-IPTU,ilheus,IPTU
2023-06-01,2023-06-01,12,2024-06-01,1346108.831895152,2407252.444658227,919999.5450198159,ilheus-IPTU,ilheus,IPTU
2023-07-01,2023-07-01,1,2023-08-01,2424253.599531383,2247434.596175399,916749.2273110348,ilheus-IPTU,ilheus,IPTU
2023-07-01,2023-07-01,2,2023-09-01,2013764.6094781046,2308560.3228924004,916749.2273110348,ilheus-IPTU,ilheus,IPTU
2023-07-01,2023-07-01,3,2023-10-01,1586701.2293386583,2225374.585651634,916749.2273110348,ilheus-IPTU,ilheus,IPTU
2023-07-01,2023-07-01,4,2023-11-01,1229128.6609010594,1724216.9943900164,916749.2273110348,ilheus-IPTU,ilheus,IPTU
2023-07-01,2023-07-01,5,2023-12-01,1538686.7153930117,1801910.6940903873,916749.2273110348,ilheus-IPTU,ilheus,IPTU
2023-07-01,2023-07-01,6,2024-01-01,2421833.300556963,2385339.328744592,916749.2273110348,ilheus-IPTU,ilheus,IPTU
2023-07-01,2023-07-01,7,2024-02-01,2645795.772083337,3300810.5839406447,916749.2273110348,ilheus-IPTU,ilheus,IPTU
2023-07-01,2023-07-01,8,2024-03-01,5197363.375781737,6430344.430923503,916749.2273110348,ilheus-IPTU,ilheus,IPTU
2023-07-01,2023-07-01,9,2024-04-01,8479100.268538596,7868985.789779197,916749.2273110348,ilheus-IPTU,ilheus,IPTU
2023-07-01,2023-07-01,10,2024-05-01,3547912.302911079,3382670.01500828,916749.2273110348,ilheus-IPTU,ilheus,IPTU
2023-07-01,2023-07-01,11,2024-06-01,1346108.831895152,2366611.2221982866,916749.2273110348,ilheus-IPTU,ilheus,IPTU
2023-07-01,2023-07-01,12,2024-07-01,1525676.4134805854,2040987.3175706088,916749.2273110348,ilheus-IPTU,ilheus,IPTU
2023-08-01,2023-08-01,1,2023-09-01,2013764.6094781046,2326040.3812004337,911329.5259519133,ilheus-IPTU,ilheus,IPTU
2023-08-01,2023-08-01,2,2023-10-01,1586701.2293386583,2160685.8657687637,911329.5259519133,ilheus-IPTU,ilheus,IPTU
2023-08-01,2023-08-01,3,2023-11-01,1229128.6609010594,1663099.4983211958,911329.5259519133,ilheus-IPTU,ilheus,IPTU
2023-08-01,2023-08-01,4,2023-12-01,1538686.7153930117,1742871.3308897172,911329.5259519133,ilheus-IPTU,ilheus,IPTU
2023-08-01,2023-08-01,5,2024-01-01,2421833.300556963,2304407.027957497,911329.5259519133,ilheus-IPTU,ilheus,IPTU
2023-08-01,2023-08-01,6,2024-02-01,2645795.772083337,3170423.8982117013,911329.5259519133,ilheus-IPTU,ilheus,IPTU
2023-08-01,2023-08-01,7,2024-03-01,5197363.375781737,6318673.998800055,911329.5259519133,ilheus-IPTU,ilheus,IPTU
2023-08-01,2023-08-01,8,2024-04-01,8479100.268538596,7849950.464392167,911329.5259519133,ilheus-IPTU,ilheus,IPTU
2023-08-01,2023-08-01,9,2024-05-01,3547912.302911079,3254847.6229077554,911329.5259519133,ilheus-IPTU,ilheus,IPTU
2023-08-01,2023-08-01,10,2024-06-01,1346108.831895152,2291760.9681165144,911329.5259519133,ilheus-IPTU,ilheus,IPTU
2023-08-01,2023-08-01,11,2024-07-01,1525676.4134805854,1937717.1370996237,911329.5259519133,ilheus-IPTU,ilheus,IPTU
2023-08-01,2023-08-01,12,2024-08-01,1524774.8231291657,2683545.9260521866,911329.5259519133,ilheus-IPTU,ilheus,IPTU
2023-09-01,2023-09-01,1,2023-10-01,1586701.2293386583,2072494.7175329763,903003.7152289185,ilheus-IPTU,ilheus,IPTU
2023-09-01,2023-09-01,2,2023-11-01,1229128.6609010594,1643067.3592031787,903003.7152289185,ilheus-IPTU,ilheus,IPTU
2023-09-01,2023-09-01,3,2023-12-01,1538686.7153930117,1729176.6571809435,903003.7152289185,ilheus-IPTU,ilheus,IPTU
2023-09-01,2023-09-01,4,2024-01-01,2421833.300556963,2275191.3883080212,903003.7152289185,ilheus-IPTU,ilheus,IPTU
2023-09-01,2023-09-01,5,2024-02-01,2645795.772083337,3118493.994163633,903003.7152289185,ilheus-IPTU,ilheus,IPTU
2023-09-01,2023-09-01,6,2024-03-01,5197363.375781737,6389442.62170947,903003.7152289185,ilheus-IPTU,ilheus,IPTU
2023-09-01,2023-09-01,7,2024-04-01,8479100.268538596,8058635.047299586,903003.7152289185,ilheus-IPTU,ilheus,IPTU
2023-09-01,2023-09-01,8,2024-05-01,3547912.302911079,3219134.8926031278,903003.7152289185,ilheus-IPTU,ilheus,IPTU
2023-09-01,2023-09-01,9,2024-06-01,1346108.831895152,2266438.566699144,903003.7152289185,ilheus-IPTU,ilheus,IPTU
2023-09-01,2023-09-01,10,2024-07-01,1525676.4134805854,1862294.9174692258,903003.7152289185,ilheus-IPTU,ilheus,IPTU
2023-09-01,2023-09-01,11,2024-08-01,1524774.8231291657,2638630.36060701,903003.7152289185,ilheus-IPTU,ilheus,IPTU
2023-09-01,2023-09-01,12,2024-09-01,2251010.9817227167,2315742.1101285834,903003.7152289185,ilheus-IPTU,ilheus,IPTU
2023-10-01,2023-10-01,1,2023-11-01,1229128.6609010594,1609086.9243487439,900065.8588046691,ilheus-IPTU,ilheus,IPTU
2023-10-01,2023-10-01,2,2023-12-01,1538686.7153930117,1692835.9683707212,900065.8588046691,ilheus-IPTU,ilheus,IPTU
2023-10-01,2023-10-01,3,2024-01-01,2421833.300556963,2228513.1966153434,900065.8588046691,ilheus-IPTU,ilheus,IPTU
2023-10-01,2023-10-01,4,2024-02-01,2645795.772083337,3054940.576279118,900065.8588046691,ilheus-IPTU,ilheus,IPTU
2023-10-01,2023-10-01,5,2024-03-01,5197363.375781737,6246444.850926674,900065.8588046691,ilheus-IPTU,ilheus,IPTU
2023-10-01,2023-10-01,6,2024-04-01,8479100.268538596,7870547.155286959,900065.8588046691,ilheus-IPTU,ilheus,IPTU
2023-10-01,2023-10-01,7,2024-05-01,3547912.302911079,3151858.800854997,900065.8588046691,ilheus-IPTU,ilheus,IPTU
2023-10-01,2023-10-01,8,2024-06-01,1346108.831895152,2219802.8084885017,900065.8588046691,ilheus-IPTU,ilheus,IPTU
2023-10-01,2023-10-01,9,2024-07-01,1525676.4134805854,1827726.8463076635,900065.8588046691,ilheus-IPTU,ilheus,IPTU
2023-10-01,2023-10-01,10,2024-08-01,1524774.8231291657,2584612.565368282,900065.8588046691,ilheus-IPTU,ilheus,IPTU
2023-10-01,2023-10-01,11,2024-09-01,2251010.9817227167,2269681.4331846335,900065.8588046691,ilheus-IPTU,ilheus,IPTU
2023-10-01,2023-10-01,12,2024-10-01,2022162.6259630015,1984770.3843322338,900065.8588046691,ilheus-IPTU,ilheus,IPTU
2023-11-01,2023-11-01,1,2023-12-01,1538686.7153930117,1347898.5539476434,894348.4015914297,ilheus-IPTU,ilheus,IPTU
2023-11-01,2023-11-01,2,2024-01-01,2421833.300556963,2068452.7896598927,894348.4015914297,ilheus-IPTU,ilheus,IPTU
2023-11-01,2023-11-01,3,2024-02-01,2645795.772083337,2527868.064809163,894348.4015914297,ilheus-IPTU,ilheus,IPTU
2023-11-01,2023-11-01,4,2024-03-01,5197363.375781737,5669563.046008699,894348.4015914297,ilheus-IPTU,ilheus,IPTU
2023-11-01,2023-11-01,5,2024-04-01,8479100.268538596,7996988.173040744,894348.4015914297,ilheus-IPTU,ilheus,IPTU
2023-11-01,2023-11-01,6,2024-05-01,3547912.302911079,2745235.818284298,894348.4015914297,ilheus-IPTU,ilheus,IPTU
2023-11-01,2023-11-01,7,2024-06-01,1346108.831895152,2116695.294536254,894348.4015914297,ilheus-IPTU,ilheus,IPTU
2023-11-01,2023-11-01,8,2024-07-01,1525676.4134805854,1571167.6223980319,894348.4015914297,ilheus-IPTU,ilheus,IPTU
2023-11-01,2023-11-01,9,2024-08-01,1524774.8231291657,2213497.9577720175,894348.4015914297,ilheus-IPTU,ilheus,IPTU
2023-11-01,2023-11-01,10,2024-09-01,2251010.9817227167,1946730.8761838374,894348.4015914297,ilheus-IPTU,ilheus,IPTU
2023-11-01,2023-11-01,11,2024-10-01,2022162.6259630015,1861903.2068978474,894348.4015914297,ilheus-IPTU,ilheus,IPTU
2023-11-01,2023-11-01,12,2024-11-01,2201702.753328437,1389263.386545863,894348.4015914297,ilheus-IPTU,ilheus,IPTU
2023-12-01,2023-12-01,1,2024-01-01,2421833.300556963,2139617.211231335,886651.072449273,ilheus-IPTU,ilheus,IPTU
2023-12-01,2023-12-01,2,2024-02-01,2645795.772083337,2538262.3394695236,886651.072449273,ilheus-IPTU,ilheus,IPTU
2023-12-01,2023-12-01,3,2024-03-01,5197363.375781737,5697748.690092056,886651.072449273,ilheus-IPTU,ilheus,IPTU
2023-12-01,2023-12-01,4,2024-04-01,8479100.268538596,7989271.345819436,886651.072449273,ilheus-IPTU,ilheus,IPTU
2023-12-01,2023-12-01,5,2024-05-01,3547912.302911079,2756998.0188380275,886651.072449273,ilheus-IPTU,ilheus,IPTU
2023-12-01,2023-12-01,6,2024-06-01,1346108.831895152,2100526.425324809,886651.072449273,ilheus-IPTU,ilheus,IPTU
2023-12-01,2023-12-01,7,2024-07-01,1525676.4134805854,1559937.7863804367,886651.072449273,ilheus-IPTU,ilheus,IPTU
2023-12-01,2023-12-01,8,2024-08-01,1524774.8231291657,2221184.5860202336,886651.072449273,ilheus-IPTU,ilheus,IPTU
2023-12-01,2023-12-01,9,2024-09-01,2251010.9817227167,1949244.5234290021,886651.072449273,ilheus-IPTU,ilheus,IPTU
2023-12-01,2023-12-01,10,2024-10-01,2022162.6259630015,1850587.03822691,886651.072449273,ilheus-IPTU,ilheus,IPTU
2023-12-01,2023-12-01,11,2024-11-01,2201702.753328437,1382793.4897054846,886651.072449273,ilheus-IPTU,ilheus,IPTU
2023-12-01,2023-12-01,12,2024-12-01,1694424.8208521737,1608641.0986111404,886651.072449273,ilheus-IPTU,ilheus,IPTU
2024-01-01,2024-01-01,1,2024-02-01,2645795.772083337,2917153.894473046,883474.7672779439,ilheus-IPTU,ilheus,IPTU
2024-01-01,2024-01-01,2,2024-03-01,5197363.375781737,5878949.396331473,883474.7672779439,ilheus-IPTU,ilheus,IPTU
2024-01-01,2024-01-01,3,2024-04-01,8479100.268538596,7351515.976861874,883474.7672779439,ilheus-IPTU,ilheus,IPTU
2024-01-01,2024-01-01,4,2024-05-01,3547912.302911079,3000128.4943168485,883474.7672779439,ilheus-IPTU,ilheus,IPTU
2024-01-01,2024-01-01,5,2024-06-01,1346108.831895152,2114670.008459548,883474.7672779439,ilheus-IPTU,ilheus,IPTU
2024-01-01,2024-01-01,6,2024-07-01,1525676.4134805854,1767170.756433966,883474.7672779439,ilheus-IPTU,ilheus,IPTU
2024-01-01,2024-01-01,7,2024-08-01,1524774.8231291657,2467333.7641276196,883474.7672779439,ilheus-IPTU,ilheus,IPTU
2024-01-01,2024-01-01,8,2024-09-01,2251010.9817227167,2157908.485142283,883474.7672779439,ilheus-IPTU,ilheus,IPTU
2024-01-01,2024-01-01,9,2024-10-01,2022162.6259630015,1907903.8050569058,883474.7672779439,ilheus-IPTU,ilheus,IPTU
2024-01-01,2024-01-01,10,2024-11-01,2201702.753328437,1479504.5031704095,883474.7672779439,ilheus-IPTU,ilheus,IPTU
2024-01-01,2024-01-01,11,2024-12-01,1694424.8208521737,1651517.2402716132,883474.7672779439,ilheus-IPTU,ilheus,IPTU
2024-01-01,2024-01-01,12,2025-01-01,2108465.286890068,2377389.631998516,883474.7672779439,ilheus-IPTU,ilheus,IPTU
2024-02-01,2024-02-01,1,2024-03-01,5197363.375781737,5825541.234568378,876188.356308126,ilheus-IPTU,ilheus,IPTU
2024-02-01,2024-02-01,2,2024-04-01,8479100.268538596,8020052.863544259,876188.356308126,ilheus-IPTU,ilheus,IPTU
2024-02-01,2024-02-01,3,2024-05-01,3547912.302911079,2783162.161262478,876188.356308126,ilheus-IPTU,ilheus,IPTU
2024-02-01,2024-02-01,4,2024-06-01,1346108.831895152,2075162.876840371,876188.356308126,ilheus-IPTU,ilheus,IPTU
2024-02-01,2024-02-01,5,2024-07-01,1525676.4134805854,1541589.368310333,876188.356308126,ilheus-IPTU,ilheus,IPTU
2024-02-01,2024-02-01,6,2024-08-01,1524774.8231291657,2234606.2366042547,876188.356308126,ilheus-IPTU,ilheus,IPTU
2024-02-01,2024-02-01,7,2024-09-01,2251010.9817227167,1953627.675712679,876188.356308126,ilheus-IPTU,ilheus,IPTU
2024-02-01,2024-02-01,8,2024-10-01,2022162.6259630015,1831570.8129659714,876188.356308126,ilheus-IPTU,ilheus,IPTU
2024-02-01,2024-02-01,9,2024-11-01,2201702.753328437,1371889.1664396755,876188.356308126,ilheus-IPTU,ilheus,IPTU
2024-02-01,2024-02-01,10,2024-12-01,1694424.8208521737,1603841.8704194762,876188.356308126,ilheus-IPTU,ilheus,IPTU
2024-02-01,2024-02-01,11,2025-01-01,2108465.286890068,2153027.451629819,876188.356308126,ilheus-IPTU,ilheus,IPTU
2024-02-01,2024-02-01,12,2025-02-01,2371216.706139471,2717523.3157428047,876188.356308126,ilheus-IPTU,ilheus,IPTU
2024-03-01,2024-03-01,1,2024-04-01,8479100.268538596,7685341.7551257955,880065.0616390505,ilheus-IPTU,ilheus,IPTU
2024-03-01,2024-03-01,2,2024-05-01,3547912.302911079,2727751.7034747764,880065.0616390505,ilheus-IPTU,ilheus,IPTU
2024-03-01,2024-03-01,3,2024-06-01,1346108.831895152,2072920.7265239987,880065.0616390505,ilheus-IPTU,ilheus,IPTU
2024-03-01,2024-03-01,4,2024-07-01,1525676.4134805854,1545618.0382599642,880065.0616390505,ilheus-IPTU,ilheus,IPTU
2024-03-01,2024-03-01,5,2024-08-01,1524774.8231291657,2226685.9736599904,880065.0616390505,ilheus-IPTU,ilheus,IPTU
2024-03-01,2024-03-01,6,2024-09-01,2251010.9817227167,1951007.2200488115,880065.0616390505,ilheus-IPTU,ilheus,IPTU
2024-03-01,2024-03-01,7,2024-10-01,2022162.6259630015,1839431.418552475,880065.0616390505,ilheus-IPTU,ilheus,IPTU
2024-03-01,2024-03-01,8,2024-11-01,2201702.753328437,1376476.315621482,880065.0616390505,ilheus-IPTU,ilheus,IPTU
2024-03-01,2024-03-01,9,2024-12-01,1694424.8208521737,1605862.3014036696,880065.0616390505,ilheus-IPTU,ilheus,IPTU
2024-03-01,2024-03-01,10,2025-01-01,2108465.286890068,2145182.8062894032,880065.0616390505,ilheus-IPTU,ilheus,IPTU
2024-03-01,2024-03-01,11,2025-02-01,2371216.706139471,2719763.4242792716,880065.0616390505,ilheus-IPTU,ilheus,IPTU
2024-03-01,2024-03-01,12,2025-03-01,3310719.619677425,5723610.779146195,880065.0616390505,ilheus-IPTU,ilheus,IPTU
2024-04-01,2024-04-01,1,2024-05-01,3547912.302911079,2788583.864372681,878085.6565731413,ilheus-IPTU,ilheus,IPTU
2024-04-01,2024-04-01,2,2024-06-01,1346108.831895152,2058046.4327001278,878085.6565731413,ilheus-IPTU,ilheus,IPTU
2024-04-01,2024-04-01,3,2024-07-01,1525676.4134805854,1530407.2575708325,878085.6565731413,ilheus-IPTU,ilheus,IPTU
2024-04-01,2024-04-01,4,2024-08-01,1524774.8231291657,2241795.4175083777,878085.6565731413,ilheus-IPTU,ilheus,IPTU
2024-04-01,2024-04-01,5,2024-09-01,2251010.9817227167,1955957.74796554,878085.6565731413,ilheus-IPTU,ilheus,IPTU
2024-04-01,2024-04-01,6,2024-10-01,2022162.6259630015,1820770.8247159193,878085.6565731413,ilheus-IPTU,ilheus,IPTU
2024-04-01,2024-04-01,7,2024-11-01,2201702.753328437,1365701.7886605554,878085.6565731413,ilheus-IPTU,ilheus,IPTU
2024-04-01,2024-04-01,8,2024-12-01,1694424.8208521737,1601107.6374948353,878085.6565731413,ilheus-IPTU,ilheus,IPTU
2024-04-01,2024-04-01,9,2025-01-01,2108465.286890068,2163450.6066874675,878085.6565731413,ilheus-IPTU,ilheus,IPTU
2024-04-01,2024-04-01,10,2025-02-01,2371216.706139471,2714538.741126206,878085.6565731413,ilheus-IPTU,ilheus,IPTU
2024-04-01,2024-04-01,11,2025-03-01,3310719.619677425,5685190.61812806,878085.6565731413,ilheus-IPTU,ilheus,IPTU
2024-04-01,2024-04-01,12,2025-04-01,6114395.71252974,8190227.993863805,878085.6565731413,ilheus-IPTU,ilheus,IPTU
2024-05-01,2024-05-01,1,2024-06-01,1346108.831895152,2256214.185739185,874112.6122048295,ilheus-IPTU,ilheus,IPTU
2024-05-01,2024-05-01,2,2024-07-01,1525676.4134805854,1675591.419122337,874112.6122048295,ilheus-IPTU,ilheus,IPTU
2024-05-01,2024-05-01,3,2024-08-01,1524774.8231291657,2386887.513403547,874112.6122048295,ilheus-IPTU,ilheus,IPTU
2024-05-01,2024-05-01,4,2024-09-01,2251010.9817227167,2094476.480147897,874112.6122048295,ilheus-IPTU,ilheus,IPTU
2024-05-01,2024-05-01,5,2024-10-01,2022162.6259630015,1987875.7505688437,874112.6122048295,ilheus-IPTU,ilheus,IPTU
2024-05-01,2024-05-01,6,2024-11-01,2201702.753328437,1485463.8131747586,874112.6122048295,ilheus-IPTU,ilheus,IPTU
2024-05-01,2024-05-01,7,2024-12-01,1694424.8208521737,1728282.9220416236,874112.6122048295,ilheus-IPTU,ilheus,IPTU
2024-05-01,2024-05-01,8,2025-01-01,2108465.286890068,2294232.210436409,874112.6122048295,ilheus-IPTU,ilheus,IPTU
2024-05-01,2024-05-01,9,2025-02-01,2371216.706139471,2925348.70785266,874112.6122048295,ilheus-IPTU,ilheus,IPTU
2024-05-01,2024-05-01,10,2025-03-01,3310719.619677425,6172499.934972952,874112.6122048295,ilheus-IPTU,ilheus,IPTU
2024-05-01,2024-05-01,11,2025-04-01,6114395.71252974,8764607.469792288,874112.6122048295,ilheus-IPTU,ilheus,IPTU
2024-05-01,2024-05-01,12,2025-05-01,10674921.144211657,3566506.9297508677,874112.6122048295,ilheus-IPTU,ilheus,IPTU
2024-06-01,2024-06-01,1,2024-07-01,1525676.4134805854,1522893.5638756074,869315.9473684988,ilheus-IPTU,ilheus,IPTU
2024-06-01,2024-06-01,2,2024-08-01,1524774.8231291657,2247133.9701018436,869315.9473684988,ilheus-IPTU,ilheus,IPTU
2024-06-01,2024-06-01,3,2024-09-01,2251010.9817227167,1957690.263350843,869315.9473684988,ilheus-IPTU,ilheus,IPTU
2024-06-01,2024-06-01,4,2024-10-01,2022162.6259630015,1813170.7139931675,869315.9473684988,ilheus-IPTU,ilheus,IPTU
2024-06-01,2024-06-01,5,2024-11-01,2201702.753328437,1361334.6823611388,869315.9473684988,ilheus-IPTU,ilheus,IPTU
2024-06-01,2024-06-01,6,2024-12-01,1694424.8208521737,1599173.356036719,869315.9473684988,ilheus-IPTU,ilheus,IPTU
2024-06-01,2024-06-01,7,2025-01-01,2108465.286890068,2170882.9338159086,869315.9473684988,ilheus-IPTU,ilheus,IPTU
2024-06-01,2024-06-01,8,2025-02-01,2371216.706139471,2712423.0008753226,869315.9473684988,ilheus-IPTU,ilheus,IPTU
2024-06-01,2024-06-01,9,2025-03-01,3310719.619677425,5669707.63107675,869315.9473684988,ilheus-IPTU,ilheus,IPTU
2024-06-01,2024-06-01,10,2025-04-01,6114395.71252974,8198862.379861839,869315.9473684988,ilheus-IPTU,ilheus,IPTU
2024-06-01,2024-06-01,11,2025-05-01,10674921.144211657,3348540.3036022964,869315.9473684988,ilheus-IPTU,ilheus,IPTU
2024-06-01,2024-06-01,12,2025-06-01,2481588.5542101185,1488823.6174258578,869315.9473684988,ilheus-IPTU,ilheus,IPTU
2024-07-01,2024-07-01,1,2024-08-01,1524774.8231291657,2340084.473950909,863051.0914278884,ilheus-IPTU,ilheus,IPTU
2024-07-01,2024-07-01,2,2024-09-01,2251010.9817227167,1955697.182167387,863051.0914278884,ilheus-IPTU,ilheus,IPTU
2024-07-01,2024-07-01,3,2024-10-01,2022162.6259630015,1821917.1980852894,863051.0914278884,ilheus-IPTU,ilheus,IPTU
2024-07-01,2024-07-01,4,2024-11-01,2201702.753328437,1366360.136216525,863051.0914278884,ilheus-IPTU,ilheus,IPTU
2024-07-01,2024-07-01,5,2024-12-01,1694424.8208521737,1601398.899035177,863051.0914278884,ilheus-IPTU,ilheus,IPTU
2024-07-01,2024-07-01,6,2025-01-01,2108465.286890068,2162334.439251401,863051.0914278884,ilheus-IPTU,ilheus,IPTU
2024-07-01,2024-07-01,7,2025-02-01,2371216.706139471,2714857.2478732653,863051.0914278884,ilheus-IPTU,ilheus,IPTU
2024-07-01,2024-07-01,8,2025-03-01,3310719.619677425,5687524.062324825,863051.0914278884,ilheus-IPTU,ilheus,IPTU
2024-07-01,2024-07-01,9,2025-04-01,6114395.71252974,8188929.530448719,863051.0914278884,ilheus-IPTU,ilheus,IPTU
2024-07-01,2024-07-01,10,2025-05-01,10674921.144211657,3341562.4668973973,863051.0914278884,ilheus-IPTU,ilheus,IPTU
2024-07-01,2024-07-01,11,2025-06-01,2481588.5542101185,1494244.6870005939,863051.0914278884,ilheus-IPTU,ilheus,IPTU
2024-07-01,2024-07-01,12,2025-07-01,3060644.6314035594,1428322.775024954,863051.0914278884,ilheus-IPTU,ilheus,IPTU
2024-08-01,2024-08-01,1,2024-09-01,2251010.9817227167,1717591.0187155828,863401.3576295645,ilheus-IPTU,ilheus,IPTU
2024-08-01,2024-08-01,2,2024-10-01,2022162.6259630015,1772490.95802898,863401.3576295645,ilheus-IPTU,ilheus,IPTU
2024-08-01,2024-08-01,3,2024-11-01,2201702.753328437,1362577.133409258,863401.3576295645,ilheus-IPTU,ilheus,IPTU
2024-08-01,2024-08-01,4,2024-12-01,1694424.8208521737,1600665.7581089882,863401.3576295645,ilheus-IPTU,ilheus,IPTU
2024-08-01,2024-08-01,5,2025-01-01,2108465.286890068,2132292.0270188334,863401.3576295645,ilheus-IPTU,ilheus,IPTU
2024-08-01,2024-08-01,6,2025-02-01,2371216.706139471,2721019.883305221,863401.3576295645,ilheus-IPTU,ilheus,IPTU
2024-08-01,2024-08-01,7,2025-03-01,3310719.619677425,5742694.0053181145,863401.3576295645,ilheus-IPTU,ilheus,IPTU
2024-08-01,2024-08-01,8,2025-04-01,6114395.71252974,8157362.436864732,863401.3576295645,ilheus-IPTU,ilheus,IPTU
2024-08-01,2024-08-01,9,2025-05-01,10674921.144211657,3319710.4311851067,863401.3576295645,ilheus-IPTU,ilheus,IPTU
2024-08-01,2024-08-01,10,2025-06-01,2481588.5542101185,1511358.8801825203,863401.3576295645,ilheus-IPTU,ilheus,IPTU
2024-08-01,2024-08-01,11,2025-07-01,3060644.6314035594,1418076.9244798864,863401.3576295645,ilheus-IPTU,ilheus,IPTU
2024-08-01,2024-08-01,12,2025-08-01,3181433.012194698,1887723.025544161,863401.3576295645,ilheus-IPTU,ilheus,IPTU
2024-09-01,2024-09-01,1,2024-10-01,2022162.6259630015,1962587.687113013,857437.9768163745,ilheus-IPTU,ilheus,IPTU
2024-09-01,2024-09-01,2,2024-11-01,2201702.753328437,1379973.049256137,857437.9768163745,ilheus-IPTU,ilheus,IPTU
2024-09-01,2024-09-01,3,2024-12-01,1694424.8208521737,1607401.9506945924,857437.9768163745,ilheus-IPTU,ilheus,IPTU
2024-09-01,2024-09-01,4,2025-01-01,2108465.286890068,2139502.071504258,857437.9768163745,ilheus-IPTU,ilheus,IPTU
2024-09-01,2024-09-01,5,2025-02-01,2371216.706139471,2721417.2652929765,857437.9768163745,ilheus-IPTU,ilheus,IPTU
2024-09-01,2024-09-01,6,2025-03-01,3310719.619677425,5735736.321717878,857437.9768163745,ilheus-IPTU,ilheus,IPTU
2024-09-01,2024-09-01,7,2025-04-01,6114395.71252974,8162265.611494304,857437.9768163745,ilheus-IPTU,ilheus,IPTU
2024-09-01,2024-09-01,8,2025-05-01,10674921.144211657,3322861.2000050917,857437.9768163745,ilheus-IPTU,ilheus,IPTU
2024-09-01,2024-09-01,9,2025-06-01,2481588.5542101185,1508927.8793841505,857437.9768163745,ilheus-IPTU,ilheus,IPTU
2024-09-01,2024-09-01,10,2025-07-01,3060644.6314035594,1419528.971483318,857437.9768163745,ilheus-IPTU,ilheus,IPTU
2024-09-01,2024-09-01,11,2025-08-01,3181433.012194698,1882105.1857705424,857437.9768163745,ilheus-IPTU,ilheus,IPTU
2024-09-01,2024-09-01,12,2025-09-01,2176992.6733736745,2140003.5445433552,857437.9768163745,ilheus-IPTU,ilheus,IPTU
2024-10-01,2024-10-01,1,2024-11-01,2201702.753328437,1390873.46449422,853457.0656824873,ilheus-IPTU,ilheus,IPTU
2024-10-01,2024-10-01,2,2024-12-01,1694424.8208521737,1607912.5463845406,853457.0656824873,ilheus-IPTU,ilheus,IPTU
2024-10-01,2024-10-01,3,2025-01-01,2108465.286890068,2137575.114376902,853457.0656824873,ilheus-IPTU,ilheus,IPTU
2024-10-01,2024-10-01,4,2025-02-01,2371216.706139471,2721974.8326084255,853457.0656824873,ilheus-IPTU,ilheus,IPTU
2024-10-01,2024-10-01,5,2025-03-01,3310719.619677425,5739847.52190859,853457.0656824873,ilheus-IPTU,ilheus,IPTU
2024-10-01,2024-10-01,6,2025-04-01,6114395.71252974,8160006.283230493,853457.0656824873,ilheus-IPTU,ilheus,IPTU
2024-10-01,2024-10-01,7,2025-05-01,10674921.144211657,3321278.5962577057,853457.0656824873,ilheus-IPTU,ilheus,IPTU
2024-10-01,2024-10-01,8,2025-06-01,2481588.5542101185,1510180.865500587,853457.0656824873,ilheus-IPTU,ilheus,IPTU
2024-10-01,2024-10-01,9,2025-07-01,3060644.6314035594,1418785.0192421577,853457.0656824873,ilheus-IPTU,ilheus,IPTU
2024-10-01,2024-10-01,10,2025-08-01,3181433.012194698,1884988.0359934215,853457.0656824873,ilheus-IPTU,ilheus,IPTU
2024-10-01,2024-10-01,11,2025-09-01,2176992.6733736745,2139216.9572174475,853457.0656824873,ilheus-IPTU,ilheus,IPTU
2024-10-01,2024-10-01,12,2025-10-01,3969900.331450771,1809859.2908603325,853457.0656824873,ilheus-IPTU,ilheus,IPTU
2024-11-01,2024-11-01,1,2024-12-01,1694424.8208521737,1869241.6633670705,854570.3089230938,ilheus-IPTU,ilheus,IPTU
2024-11-01,2024-11-01,2,2025-01-01,2108465.286890068,2217943.6466047904,854570.3089230938,ilheus-IPTU,ilheus,IPTU
2024-11-01,2024-11-01,3,2025-02-01,2371216.706139471,2770232.7758996426,854570.3089230938,ilheus-IPTU,ilheus,IPTU
2024-11-01,2024-11-01,4,2025-03-01,3310719.619677425,5815799.837202056,854570.3089230938,ilheus-IPTU,ilheus,IPTU
2024-11-01,2024-11-01,5,2025-04-01,6114395.71252974,8146862.980207717,854570.3089230938,ilheus-IPTU,ilheus,IPTU
2024-11-01,2024-11-01,6,2025-05-01,10674921.144211657,3304786.15606438,854570.3089230938,ilheus-IPTU,ilheus,IPTU
2024-11-01,2024-11-01,7,2025-06-01,2481588.5542101185,1524931.2824489707,854570.3089230938,ilheus-IPTU,ilheus,IPTU
2024-11-01,2024-11-01,8,2025-07-01,3060644.6314035594,1410321.4475442627,854570.3089230938,ilheus-IPTU,ilheus,IPTU
2024-11-01,2024-11-01,9,2025-08-01,3181433.012194698,1918532.5186376243,854570.3089230938,ilheus-IPTU,ilheus,IPTU
2024-11-01,2024-11-01,10,2025-09-01,2176992.6733736745,2130192.810999459,854570.3089230938,ilheus-IPTU,ilheus,IPTU
2024-11-01,2024-11-01,11,2025-10-01,3969900.331450771,1793258.137696926,854570.3089230938,ilheus-IPTU,ilheus,IPTU
2024-11-01,2024-11-01,12,2025-11-01,2599706.7557239616,1649481.7051678486,854570.3089230938,ilheus-IPTU,ilheus,IPTU
2024-12-01,2024-12-01,1,2025-01-01,2108465.286890068,2150511.1619888023,848099.6403725019,ilheus-IPTU,ilheus,IPTU
2024-12-01,2024-12-01,2,2025-02-01,2371216.706139471,2742265.7834840924,848099.6403725019,ilheus-IPTU,ilheus,IPTU
2024-12-01,2024-12-01,3,2025-03-01,3310719.619677425,5794900.026016776,848099.6403725019,ilheus-IPTU,ilheus,IPTU
2024-12-01,2024-12-01,4,2025-04-01,6114395.71252974,8139724.330239076,848099.6403725019,ilheus-IPTU,ilheus,IPTU
2024-12-01,2024-12-01,5,2025-05-01,10674921.144211657,3304556.107086782,848099.6403725019,ilheus-IPTU,ilheus,IPTU
2024-12-01,2024-12-01,6,2025-06-01,2481588.5542101185,1524083.344180912,848099.6403725019,ilheus-IPTU,ilheus,IPTU
2024-12-01,2024-12-01,7,2025-07-01,3060644.6314035594,1410675.9239895123,848099.6403725019,ilheus-IPTU,ilheus,IPTU
2024-12-01,2024-12-01,8,2025-08-01,3181433.012194698,1916916.6403476004,848099.6403725019,ilheus-IPTU,ilheus,IPTU
2024-12-01,2024-12-01,9,2025-09-01,2176992.6733736745,2130611.1652588905,848099.6403725019,ilheus-IPTU,ilheus,IPTU
2024-12-01,2024-12-01,10,2025-10-01,3969900.331450771,1794036.537352291,848099.6403725019,ilheus-IPTU,ilheus,IPTU
2024-12-01,2024-12-01,11,2025-11-01,2599706.7557239616,1651207.0455518651,848099.6403725019,ilheus-IPTU,ilheus,IPTU
2024-12-01,2024-12-01,12,2025-12-01,4295550.76,1615677.9347073352,848099.6403725019,ilheus-IPTU,ilheus,IPTU
2025-01-01,2025-01-01,1,2025-02-01,2371216.706139471,2720503.84343185,843193.8456320835,ilheus-IPTU,ilheus,IPTU
2025-01-01,2025-01-01,2,2025-03-01,3310719.619677425,5768299.711183164,843193.8456320835,ilheus-IPTU,ilheus,IPTU
2025-01-01,2025-01-01,3,2025-04-01,6114395.71252974,8140354.6746736895,843193.8456320835,ilheus-IPTU,ilheus,IPTU
2025-01-01,2025-01-01,4,2025-05-01,10674921.144211657,3308583.7656955905,843193.8456320835,ilheus-IPTU,ilheus,IPTU
2025-01-01,2025-01-01,5,2025-06-01,2481588.5542101185,1520056.2458313156,843193.8456320835,ilheus-IPTU,ilheus,IPTU
2025-01-01,2025-01-01,6,2025-07-01,3060644.6314035594,1412923.6567586039,843193.8456320835,ilheus-IPTU,ilheus,IPTU
2025-01-01,2025-01-01,7,2025-08-01,3181433.012194698,1907860.579958258,843193.8456320835,ilheus-IPTU,ilheus,IPTU
2025-01-01,2025-01-01,8,2025-09-01,2176992.6733736745,2133025.4530746965,843193.8456320835,ilheus-IPTU,ilheus,IPTU
2025-01-01,2025-01-01,9,2025-10-01,3969900.331450771,1798475.5057771502,843193.8456320835,ilheus-IPTU,ilheus,IPTU
2025-01-01,2025-01-01,10,2025-11-01,2599706.7557239616,1661047.8352528191,843193.8456320835,ilheus-IPTU,ilheus,IPTU
2025-01-01,2025-01-01,11,2025-12-01,4295550.76,1617266.5242621962,843193.8456320835,ilheus-IPTU,ilheus,IPTU
2025-02-01,2025-02-01,1,2025-03-01,3310719.619677425,5113531.429186438,838024.6203621906,ilheus-IPTU,ilheus,IPTU
2025-02-01,2025-02-01,2,2025-04-01,6114395.71252974,7425704.519618115,838024.6203621906,ilheus-IPTU,ilheus,IPTU
2025-02-01,2025-02-01,3,2025-05-01,10674921.144211657,3063252.3698928864,838024.6203621906,ilheus-IPTU,ilheus,IPTU
2025-02-01,2025-02-01,4,2025-06-01,2481588.5542101185,1628019.6164127933,838024.6203621906,ilheus-IPTU,ilheus,IPTU
2025-02-01,2025-02-01,5,2025-07-01,3060644.6314035594,1567594.3138783956,838024.6203621906,ilheus-IPTU,ilheus,IPTU
2025-02-01,2025-02-01,6,2025-08-01,3181433.012194698,1865931.9178511717,838024.6203621906,ilheus-IPTU,ilheus,IPTU
2025-02-01,2025-02-01,7,2025-09-01,2176992.6733736745,2129657.221630431,838024.6203621906,ilheus-IPTU,ilheus,IPTU
2025-02-01,2025-02-01,8,2025-10-01,3969900.331450771,1864560.9209370825,838024.6203621906,ilheus-IPTU,ilheus,IPTU
2025-02-01,2025-02-01,9,2025-11-01,2599706.7557239616,1689416.8282912644,838024.6203621906,ilheus-IPTU,ilheus,IPTU
2025-02-01,2025-02-01,10,2025-12-01,4295550.76,1603031.7201415629,838024.6203621906,ilheus-IPTU,ilheus,IPTU
2025-03-01,2025-03-01,1,2025-04-01,6114395.71252974,6136915.4958484005,847471.6396031106,ilheus-IPTU,ilheus,IPTU
2025-03-01,2025-03-01,2,2025-05-01,10674921.144211657,2693955.8268788178,847471.6396031106,ilheus-IPTU,ilheus,IPTU
2025-03-01,2025-03-01,3,2025-06-01,2481588.5542101185,1660430.1811404268,847471.6396031106,ilheus-IPTU,ilheus,IPTU
2025-03-01,2025-03-01,4,2025-07-01,3060644.6314035594,1593791.5873967893,847471.6396031106,ilheus-IPTU,ilheus,IPTU
2025-03-01,2025-03-01,5,2025-08-01,3181433.012194698,1903075.33779548,847471.6396031106,ilheus-IPTU,ilheus,IPTU
2025-03-01,2025-03-01,6,2025-09-01,2176992.6733736745,2117430.195828234,847471.6396031106,ilheus-IPTU,ilheus,IPTU
2025-03-01,2025-03-01,7,2025-10-01,3969900.331450771,1854670.9113233343,847471.6396031106,ilheus-IPTU,ilheus,IPTU
2025-03-01,2025-03-01,8,2025-11-01,2599706.7557239616,1647367.6427901927,847471.6396031106,ilheus-IPTU,ilheus,IPTU
2025-03-01,2025-03-01,9,2025-12-01,4295550.76,1591423.303236389,847471.6396031106,ilheus-IPTU,ilheus,IPTU
2025-04-01,2025-04-01,1,2025-05-01,10674921.144211657,2659653.156931353,861018.362071019,ilheus-IPTU,ilheus,IPTU
2025-04-01,2025-04-01,2,2025-06-01,2481588.5542101185,1655770.6789113255,861018.362071019,ilheus-IPTU,ilheus,IPTU
2025-04-01,2025-04-01,3,2025-07-01,3060644.6314035594,1597529.616176372,861018.362071019,ilheus-IPTU,ilheus,IPTU
2025-04-01,2025-04-01,4,2025-08-01,3181433.012194698,1908024.180136019,861018.362071019,ilheus-IPTU,ilheus,IPTU
2025-04-01,2025-04-01,5,2025-09-01,2176992.6733736745,2115726.396410455,861018.362071019,ilheus-IPTU,ilheus,IPTU
2025-04-01,2025-04-01,6,2025-10-01,3969900.331450771,1853488.6465458819,861018.362071019,ilheus-IPTU,ilheus,IPTU
2025-04-01,2025-04-01,7,2025-11-01,2599706.7557239616,1641961.5269179898,861018.362071019,ilheus-IPTU,ilheus,IPTU
2025-04-01,2025-04-01,8,2025-12-01,4295550.76,1589855.6540715208,861018.362071019,ilheus-IPTU,ilheus,IPTU
2025-05-01,2025-05-01,1,2025-06-01,2481588.5542101185,1876136.0238126102,916469.6052500417,ilheus-IPTU,ilheus,IPTU
2025-05-01,2025-05-01,2,2025-07-01,3060644.6314035594,1423482.687734965,916469.6052500417,ilheus-IPTU,ilheus,IPTU
2025-05-01,2025-05-01,3,2025-08-01,3181433.012194698,1866883.2453069207,916469.6052500417,ilheus-IPTU,ilheus,IPTU
2025-05-01,2025-05-01,4,2025-09-01,2176992.6733736745,2144181.779939692,916469.6052500417,ilheus-IPTU,ilheus,IPTU
2025-05-01,2025-05-01,5,2025-10-01,3969900.331450771,1819018.018647129,916469.6052500417,ilheus-IPTU,ilheus,IPTU
2025-05-01,2025-05-01,6,2025-11-01,2599706.7557239616,1707018.1767303508,916469.6052500417,ilheus-IPTU,ilheus,IPTU
2025-05-01,2025-05-01,7,2025-12-01,4295550.76,1624585.4154931114,916469.6052500417,ilheus-IPTU,ilheus,IPTU
2025-06-01,2025-06-01,1,2025-07-01,3060644.6314035594,1812307.4207604078,918390.7466278042,ilheus-IPTU,ilheus,IPTU
2025-06-01,2025-06-01,2,2025-08-01,3181433.012194698,1956764.7304114315,918390.7466278042,ilheus-IPTU,ilheus,IPTU
2025-06-01,2025-06-01,3,2025-09-01,2176992.6733736745,2172899.452810573,918390.7466278042,ilheus-IPTU,ilheus,IPTU
2025-06-01,2025-06-01,4,2025-10-01,3969900.331450771,1879822.109642744,918390.7466278042,ilheus-IPTU,ilheus,IPTU
2025-06-01,2025-06-01,5,2025-11-01,2599706.7557239616,1704908.0612900357,918390.7466278042,ilheus-IPTU,ilheus,IPTU
2025-06-01,2025-06-01,6,2025-12-01,4295550.76,1607679.8566779424,918390.7466278042,ilheus-IPTU,ilheus,IPTU
2025-07-01,2025-07-01,1,2025-08-01,3181433.012194698,2429125.633019112,923752.2898564578,ilheus-IPTU,ilheus,IPTU
2025-07-01,2025-07-01,2,2025-09-01,2176992.6733736745,2355020.554834698,923752.2898564578,ilheus-IPTU,ilheus,IPTU
2025-07-01,2025-07-01,3,2025-10-01,3969900.331450771,1938082.354850071,923752.2898564578,ilheus-IPTU,ilheus,IPTU
2025-07-01,2025-07-01,4,2025-11-01,2599706.7557239616,1707601.6784810117,923752.2898564578,ilheus-IPTU,ilheus,IPTU
2025-07-01,2025-07-01,5,2025-12-01,4295550.76,1610758.7759056662,923752.2898564578,ilheus-IPTU,ilheus,IPTU
2025-08-01,2025-08-01,1,2025-09-01,2176992.6733736745,2647450.3298974116,930070.4441599844,ilheus-IPTU,ilheus,IPTU
2025-08-01,2025-08-01,2,2025-10-01,3969900.331450771,2040432.1370396335,930070.4441599844,ilheus-IPTU,ilheus,IPTU
2025-08-01,2025-08-01,3,2025-11-01,2599706.7557239616,1747567.32746072,930070.4441599844,ilheus-IPTU,ilheus,IPTU
2025-08-01,2025-08-01,4,2025-12-01,4295550.76,1626854.6437463893,930070.4441599844,ilheus-IPTU,ilheus,IPTU
2025-09-01,2025-09-01,1,2025-10-01,3969900.331450771,1879450.3318542535,922753.7592385233,ilheus-IPTU,ilheus,IPTU
2025-09-01,2025-09-01,2,2025-11-01,2599706.7557239616,1687026.4245504024,922753.7592385233,ilheus-IPTU,ilheus,IPTU
2025-09-01,2025-09-01,3,2025-12-01,4295550.76,1603208.605395221,922753.7592385233,ilheus-IPTU,ilheus,IPTU
2025-10-01,2025-10-01,1,2025-11-01,2599706.7557239616,2394990.349726235,931440.0638677542,ilheus-IPTU,ilheus,IPTU
2025-10-01,2025-10-01,2,2025-12-01,4295550.76,2054702.819715523,931440.0638677542,ilheus-IPTU,ilheus,IPTU
2025-11-01,2025-11-01,1,2025-12-01,4295550.76,2138254.8770042323,926957.407888996,ilheus-IPTU,ilheus,IPTU
2020-12-01,2020-12-01,1,2021-01-01,3833776.027698853,3163537.806794423,885601.6145158762,ilheus-ISSQN,ilheus,ISSQN
2020-12-01,2020-12-01,2,2021-02-01,1588571.2894411306,3163537.806794423,885601.6145158762,ilheus-ISSQN,ilheus,ISSQN
2020-12-01,2020-12-01,3,2021-03-01,3669865.341790646,3163537.806794423,885601.6145158762,ilheus-ISSQN,ilheus,ISSQN
2020-12-01,2020-12-01,4,2021-04-01,4153557.2956896494,3163537.806794423,885601.6145158762,ilheus-ISSQN,ilheus,ISSQN
2020-12-01,2020-12-01,5,2021-05-01,3453122.4012055863,3163537.806794423,885601.6145158762,ilheus-ISSQN,ilheus,ISSQN
2020-12-01,2020-12-01,6,2021-06-01,3570687.46514713,3163537.806794423,885601.6145158762,ilheus-ISSQN,ilheus,ISSQN
2020-12-01,2020-12-01,7,2021-07-01,5196171.231922152,3163537.806794423,885601.6145158762,ilheus-ISSQN,ilheus,ISSQN
2020-12-01,2020-12-01,8,2021-08-01,4443752.31085364,3163537.806794423,885601.6145158762,ilheus-ISSQN,ilheus,ISSQN
2020-12-01,2020-12-01,9,2021-09-01,4222245.176809426,3163537.806794423,885601.6145158762,ilheus-ISSQN,ilheus,ISSQN
2020-12-01,2020-12-01,10,2021-10-01,2634720.4943755055,3163537.806794423,885601.6145158762,ilheus-ISSQN,ilheus,ISSQN
2020-12-01,2020-12-01,11,2021-11-01,1977895.37325985,3163537.806794423,885601.6145158762,ilheus-ISSQN,ilheus,ISSQN
2020-12-01,2020-12-01,12,2021-12-01,1851041.825639648,3163537.806794423,885601.6145158762,ilheus-ISSQN,ilheus,ISSQN
2021-01-01,2021-01-01,1,2021-02-01,1588571.2894411306,3372721.2957039624,880346.2880424437,ilheus-ISSQN,ilheus,ISSQN
2021-01-01,2021-01-01,2,2021-03-01,3669865.341790646,3288714.764992505,880346.2880424437,ilheus-ISSQN,ilheus,ISSQN
2021-01-01,2021-01-01,3,2021-04-01,4153557.2956896494,3272425.8175911284,880346.2880424437,ilheus-ISSQN,ilheus,ISSQN
2021-01-01,2021-01-01,4,2021-05-01,3453122.4012055863,3269228.774394874,880346.2880424437,ilheus-ISSQN,ilheus,ISSQN
2021-01-01,2021-01-01,5,2021-06-01,3570687.46514713,3268599.788630421,880346.2880424437,ilheus-ISSQN,ilheus,ISSQN
2021-01-01,2021-01-01,6,2021-07-01,5196171.231922152,3268475.9839201192,880346.2880424437,ilheus-ISSQN,ilheus,ISSQN
2021-01-01,2021-01-01,7,2021-08-01,4443752.31085364,3268451.6129013645,880346.2880424437,ilheus-ISSQN,ilheus,ISSQN
2021-01-01,2021-01-01,8,2021-09-01,4222245.176809426,3268446.8153668726,880346.2880424437,ilheus-ISSQN,ilheus,ISSQN
2021-01-01,2021-01-01,9,2021-10-01,2634720.4943755055,3268445.870949244,880346.2880424437,ilheus-ISSQN,ilheus,ISSQN
2021-01-01,2021-01-01,10,2021-11-01,1977895.37325985,3268445.685035986,880346.2880424437,ilheus-ISSQN,ilheus,ISSQN
2021-01-01,2021-01-01,11,2021-12-01,1851041.825639648,3268445.6484380364,880346.2880424437,ilheus-ISSQN,ilheus,ISSQN
2021-01-01,2021-01-01,12,2022-01-01,4595502.996233166,3268445.6412335504,880346.2880424437,ilheus-ISSQN,ilheus,ISSQN
2021-02-01,2021-02-01,1,2021-03-01,3669865.341790646,3028656.643863114,888589.8579463329,ilheus-ISSQN,ilheus,ISSQN
2021-02-01,2021-02-01,2,2021-04-01,4153557.2956896494,3028656.643863114,888589.8579463329,ilheus-ISSQN,ilheus,ISSQN
2021-02-01,2021-02-01,3,2021-05-01,3453122.4012055863,3028656.643863114,888589.8579463329,ilheus-ISSQN,ilheus,ISSQN
2021-02-01,2021-02-01,4,2021-06-01,3570687.46514713,3028656.643863114,888589.8579463329,ilheus-ISSQN,ilheus,ISSQN
2021-02-01,2021-02-01,5,2021-07-01,5196171.231922152,3028656.643863114,888589.8579463329,ilheus-ISSQN,ilheus,ISSQN
2021-02-01,2021-02-01,6,2021-08-01,4443752.31085364,3028656.643863114,888589.8579463329,ilheus-ISSQN,ilheus,ISSQN
2021-02-01,2021-02-01,7,2021-09-01,4222245.176809426,3028656.643863114,888589.8579463329,ilheus-ISSQN,ilheus,ISSQN
2021-02-01,2021-02-01,8,2021-10-01,2634720.4943755055,3028656.643863114,888589.8579463329,ilheus-ISSQN,ilheus,ISSQN
2021-02-01,2021-02-01,9,2021-11-01,1977895.37325985,3028656.643863114,888589.8579463329,ilheus-ISSQN,ilheus,ISSQN
2021-02-01,2021-02-01,10,2021-12-01,1851041.825639648,3028656.643863114,888589.8579463329,ilheus-ISSQN,ilheus,ISSQN
2021-02-01,2021-02-01,11,2022-01-01,4595502.996233166,3028656.643863114,888589.8579463329,ilheus-ISSQN,ilheus,ISSQN
2021-02-01,2021-02-01,12,2022-02-01,3599759.875636779,3028656.643863114,888589.8579463329,ilheus-ISSQN,ilheus,ISSQN
2021-03-01,2021-03-01,1,2021-04-01,4153557.2956896494,3088897.5314036626,883073.4298261817,ilheus-ISSQN,ilheus,ISSQN
2021-03-01,2021-03-01,2,2021-05-01,3453122.4012055863,3088897.5314036626,883073.4298261817,ilheus-ISSQN,ilheus,ISSQN
2021-03-01,2021-03-01,3,2021-06-01,3570687.46514713,3088897.5314036626,883073.4298261817,ilheus-ISSQN,ilheus,ISSQN
2021-03-01,2021-03-01,4,2021-07-01,5196171.231922152,3088897.5314036626,883073.4298261817,ilheus-ISSQN,ilheus,ISSQN
2021-03-01,2021-03-01,5,2021-08-01,4443752.31085364,3088897.5314036626,883073.4298261817,ilheus-ISSQN,ilheus,ISSQN
2021-03-01,2021-03-01,6,2021-09-01,4222245.176809426,3088897.5314036626,883073.4298261817,ilheus-ISSQN,ilheus,ISSQN
2021-03-01,2021-03-01,7,2021-10-01,2634720.4943755055,3088897.5314036626,883073.4298261817,ilheus-ISSQN,ilheus,ISSQN
2021-03-01,2021-03-01,8,2021-11-01,1977895.37325985,3088897.5314036626,883073.4298261817,ilheus-ISSQN,ilheus,ISSQN
2021-03-01,2021-03-01,9,2021-12-01,1851041.825639648,3088897.5314036626,883073.4298261817,ilheus-ISSQN,ilheus,ISSQN
2021-03-01,2021-03-01,10,2022-01-01,4595502.996233166,3088897.5314036626,883073.4298261817,ilheus-ISSQN,ilheus,ISSQN
2021-03-01,2021-03-01,11,2022-02-01,3599759.875636779,3088897.5314036626,883073.4298261817,ilheus-ISSQN,ilheus,ISSQN
2021-03-01,2021-03-01,12,2022-03-01,3916152.370216925,3088897.5314036626,883073.4298261817,ilheus-ISSQN,ilheus,ISSQN
2021-04-01,2021-04-01,1,2021-05-01,3453122.4012055863,3165312.9253558195,869838.3967731856,ilheus-ISSQN,ilheus,ISSQN
2021-04-01,2021-04-01,2,2021-06-01,3570687.46514713,3165312.9253558195,869838.3967731856,ilheus-ISSQN,ilheus,ISSQN
2021-04-01,2021-04-01,3,2021-07-01,5196171.231922152,3165312.9253558195,869838.3967731856,ilheus-ISSQN,ilheus,ISSQN
2021-04-01,2021-04-01,4,2021-08-01,4443752.31085364,3165312.9253558195,869838.3967731856,ilheus-ISSQN,ilheus,ISSQN
2021-04-01,2021-04-01,5,2021-09-01,4222245.176809426,3165312.9253558195,869838.3967731856,ilheus-ISSQN,ilheus,ISSQN
2021-04-01,2021-04-01,6,2021-10-01,2634720.4943755055,3165312.9253558195,869838.3967731856,ilheus-ISSQN,ilheus,ISSQN
2021-04-01,2021-04-01,7,2021-11-01,1977895.37325985,3165312.9253558195,869838.3967731856,ilheus-ISSQN,ilheus,ISSQN
2021-04-01,2021-04-01,8,2021-12-01,1851041.825639648,3165312.9253558195,869838.3967731856,ilheus-ISSQN,ilheus,ISSQN
2021-04-01,2021-04-01,9,2022-01-01,4595502.996233166,3165312.9253558195,869838.3967731856,ilheus-ISSQN,ilheus,ISSQN
2021-04-01,2021-04-01,10,2022-02-01,3599759.875636779,3165312.9253558195,869838.3967731856,ilheus-ISSQN,ilheus,ISSQN
2021-04-01,2021-04-01,11,2022-03-01,3916152.370216925,3165312.9253558195,869838.3967731856,ilheus-ISSQN,ilheus,ISSQN
2021-04-01,2021-04-01,12,2022-04-01,4291180.637975705,3165312.9253558195,869838.3967731856,ilheus-ISSQN,ilheus,ISSQN
2021-05-01,2021-05-01,1,2021-06-01,3570687.46514713,3247955.8519258057,873505.6528754403,ilheus-ISSQN,ilheus,ISSQN
2021-05-01,2021-05-01,2,2021-07-01,5196171.231922152,3247955.8519258057,873505.6528754403,ilheus-ISSQN,ilheus,ISSQN
2021-05-01,2021-05-01,3,2021-08-01,4443752.31085364,3247955.8519258057,873505.6528754403,ilheus-ISSQN,ilheus,ISSQN
2021-05-01,2021-05-01,4,2021-09-01,4222245.176809426,3247955.8519258057,873505.6528754403,ilheus-ISSQN,ilheus,ISSQN
2021-05-01,2021-05-01,5,2021-10-01,2634720.4943755055,3247955.8519258057,873505.6528754403,ilheus-ISSQN,ilheus,ISSQN
2021-05-01,2021-05-01,6,2021-11-01,1977895.37325985,3247955.8519258057,873505.6528754403,ilheus-ISSQN,ilheus,ISSQN
2021-05-01,2021-05-01,7,2021-12-01,1851041.825639648,3247955.8519258057,873505.6528754403,ilheus-ISSQN,ilheus,ISSQN
2021-05-01,2021-05-01,8,2022-01-01,4595502.996233166,3247955.8519258057,873505.6528754403,ilheus-ISSQN,ilheus,ISSQN
2021-05-01,2021-05-01,9,2022-02-01,3599759.875636779,3247955.8519258057,873505.6528754403,ilheus-ISSQN,ilheus,ISSQN
2021-05-01,2021-05-01,10,2022-03-01,3916152.370216925,3247955.8519258057,873505.6528754403,ilheus-ISSQN,ilheus,ISSQN
2021-05-01,2021-05-01,11,2022-04-01,4291180.637975705,3247955.8519258057,873505.6528754403,ilheus-ISSQN,ilheus,ISSQN
2021-05-01,2021-05-01,12,2022-05-01,5257128.1446916275,3247955.8519258057,873505.6528754403,ilheus-ISSQN,ilheus,ISSQN
2021-06-01,2021-06-01,1,2021-07-01,5196171.231922152,3250287.989264943,872481.1593890731,ilheus-ISSQN,ilheus,ISSQN
2021-06-01,2021-06-01,2,2021-08-01,4443752.31085364,3250287.989264943,872481.1593890731,ilheus-ISSQN,ilheus,ISSQN
2021-06-01,2021-06-01,3,2021-09-01,4222245.176809426,3250287.989264943,872481.1593890731,ilheus-ISSQN,ilheus,ISSQN
2021-06-01,2021-06-01,4,2021-10-01,2634720.4943755055,3250287.989264943,872481.1593890731,ilheus-ISSQN,ilheus,ISSQN
2021-06-01,2021-06-01,5,2021-11-01,1977895.37325985,3250287.989264943,872481.1593890731,ilheus-ISSQN,ilheus,ISSQN
2021-06-01,2021-06-01,6,2021-12-01,1851041.825639648,3250287.989264943,872481.1593890731,ilheus-ISSQN,ilheus,ISSQN
2021-06-01,2021-06-01,7,2022-01-01,4595502.996233166,3250287.989264943,872481.1593890731,ilheus-ISSQN,ilheus,ISSQN
2021-06-01,2021-06-01,8,2022-02-01,3599759.875636779,3250287.989264943,872481.1593890731,ilheus-ISSQN,ilheus,ISSQN
2021-06-01,2021-06-01,9,2022-03-01,3916152.370216925,3250287.989264943,872481.1593890731,ilheus-ISSQN,ilheus,ISSQN
2021-06-01,2021-06-01,10,2022-04-01,4291180.637975705,3250287.989264943,872481.1593890731,ilheus-ISSQN,ilheus,ISSQN
2021-06-01,2021-06-01,11,2022-05-01,5257128.1446916275,3250287.989264943,872481.1593890731,ilheus-ISSQN,ilheus,ISSQN
2021-06-01,2021-06-01,12,2022-06-01,5307608.8770729955,3250287.989264943,872481.1593890731,ilheus-ISSQN,ilheus,ISSQN
2021-07-01,2021-07-01,1,2021-08-01,4443752.31085364,3268236.851426875,870448.9488895449,ilheus-ISSQN,ilheus,ISSQN
2021-07-01,2021-07-01,2,2021-09-01,4222245.176809426,3268236.851426875,870448.9488895449,ilheus-ISSQN,ilheus,ISSQN
2021-07-01,2021-07-01,3,2021-10-01,2634720.4943755055,3268236.851426875,870448.9488895449,ilheus-ISSQN,ilheus,ISSQN
2021-07-01,2021-07-01,4,2021-11-01,1977895.37325985,3268236.851426875,870448.9488895449,ilheus-ISSQN,ilheus,ISSQN
2021-07-01,2021-07-01,5,2021-12-01,1851041.825639648,3268236.851426875,870448.9488895449,ilheus-ISSQN,ilheus,ISSQN
2021-07-01,2021-07-01,6,2022-01-01,4595502.996233166,3268236.851426875,870448.9488895449,ilheus-ISSQN,ilheus,ISSQN
2021-07-01,2021-07-01,7,2022-02-01,3599759.875636779,3268236.851426875,870448.9488895449,ilheus-ISSQN,ilheus,ISSQN
2021-07-01,2021-07-01,8,2022-03-01,3916152.370216925,3268236.851426875,870448.9488895449,ilheus-ISSQN,ilheus,ISSQN
2021-07-01,2021-07-01,9,2022-04-01,4291180.637975705,3268236.851426875,870448.9488895449,ilheus-ISSQN,ilheus,ISSQN
2021-07-01,2021-07-01,10,2022-05-01,5257128.1446916275,3268236.851426875,870448.9488895449,ilheus-ISSQN,ilheus,ISSQN
2021-07-01,2021-07-01,11,2022-06-01,5307608.8770729955,3268236.851426875,870448.9488895449,ilheus-ISSQN,ilheus,ISSQN
2021-07-01,2021-07-01,12,2022-07-01,4379280.2105701715,3268236.851426875,870448.9488895449,ilheus-ISSQN,ilheus,ISSQN
2021-08-01,2021-08-01,1,2021-09-01,4222245.176809426,3263519.9015906877,874474.7730374555,ilheus-ISSQN,ilheus,ISSQN
2021-08-01,2021-08-01,2,2021-10-01,2634720.4943755055,3263519.9015906877,874474.7730374555,ilheus-ISSQN,ilheus,ISSQN
2021-08-01,2021-08-01,3,2021-11-01,1977895.37325985,3263519.9015906877,874474.7730374555,ilheus-ISSQN,ilheus,ISSQN
2021-08-01,2021-08-01,4,2021-12-01,1851041.825639648,3263519.9015906877,874474.7730374555,ilheus-ISSQN,ilheus,ISSQN
2021-08-01,2021-08-01,5,2022-01-01,4595502.996233166,3263519.9015906877,874474.7730374555,ilheus-ISSQN,ilheus,ISSQN
2021-08-01,2021-08-01,6,2022-02-01,3599759.875636779,3263519.9015906877,874474.7730374555,ilheus-ISSQN,ilheus,ISSQN
2021-08-01,2021-08-01,7,2022-03-01,3916152.370216925,3263519.9015906877,874474.7730374555,ilheus-ISSQN,ilheus,ISSQN
2021-08-01,2021-08-01,8,2022-04-01,4291180.637975705,3263519.9015906877,874474.7730374555,ilheus-ISSQN,ilheus,ISSQN
2021-08-01,2021-08-01,9,2022-05-01,5257128.1446916275,3263519.9015906877,874474.7730374555,ilheus-ISSQN,ilheus,ISSQN
2021-08-01,2021-08-01,10,2022-06-01,5307608.8770729955,3263519.9015906877,874474.7730374555,ilheus-ISSQN,ilheus,ISSQN
2021-08-01,2021-08-01,11,2022-07-01,4379280.2105701715,3263519.9015906877,874474.7730374555,ilheus-ISSQN,ilheus,ISSQN
2021-08-01,2021-08-01,12,2022-08-01,4468730.572282989,3263519.9015906877,874474.7730374555,ilheus-ISSQN,ilheus,ISSQN
2021-09-01,2021-09-01,1,2021-10-01,2634720.4943755055,3249975.817647002,869484.2300280825,ilheus-ISSQN,ilheus,ISSQN
2021-09-01,2021-09-01,2,2021-11-01,1977895.37325985,3249975.817647002,869484.2300280825,ilheus-ISSQN,ilheus,ISSQN
2021-09-01,2021-09-01,3,2021-12-01,1851041.825639648,3249975.817647002,869484.2300280825,ilheus-ISSQN,ilheus,ISSQN
2021-09-01,2021-09-01,4,2022-01-01,4595502.996233166,3249975.817647002,869484.2300280825,ilheus-ISSQN,ilheus,ISSQN
2021-09-01,2021-09-01,5,2022-02-01,3599759.875636779,3249975.817647002,869484.2300280825,ilheus-ISSQN,ilheus,ISSQN
2021-09-01,2021-09-01,6,2022-03-01,3916152.370216925,3249975.817647002,869484.2300280825,ilheus-ISSQN,ilheus,ISSQN
2021-09-01,2021-09-01,7,2022-04-01,4291180.637975705,3249975.817647002,869484.2300280825,ilheus-ISSQN,ilheus,ISSQN
2021-09-01,2021-09-01,8,2022-05-01,5257128.1446916275,3249975.817647002,869484.2300280825,ilheus-ISSQN,ilheus,ISSQN
2021-09-01,2021-09-01,9,2022-06-01,5307608.8770729955,3249975.817647002,869484.2300280825,ilheus-ISSQN,ilheus,ISSQN
2021-09-01,2021-09-01,10,2022-07-01,4379280.2105701715,3249975.817647002,869484.2300280825,ilheus-ISSQN,ilheus,ISSQN
2021-09-01,2021-09-01,11,2022-08-01,4468730.572282989,3249975.817647002,869484.2300280825,ilheus-ISSQN,ilheus,ISSQN
2021-09-01,2021-09-01,12,2022-09-01,5802108.660436498,3249975.817647002,869484.2300280825,ilheus-ISSQN,ilheus,ISSQN
2021-10-01,2021-10-01,1,2021-11-01,1977895.37325985,3217050.923453346,870019.3496107172,ilheus-ISSQN,ilheus,ISSQN
2021-10-01,2021-10-01,2,2021-12-01,1851041.825639648,3217050.923453346,870019.3496107172,ilheus-ISSQN,ilheus,ISSQN
2021-10-01,2021-10-01,3,2022-01-01,4595502.996233166,3217050.923453346,870019.3496107172,ilheus-ISSQN,ilheus,ISSQN
2021-10-01,2021-10-01,4,2022-02-01,3599759.875636779,3217050.923453346,870019.3496107172,ilheus-ISSQN,ilheus,ISSQN
2021-10-01,2021-10-01,5,2022-03-01,3916152.370216925,3217050.923453346,870019.3496107172,ilheus-ISSQN,ilheus,ISSQN
2021-10-01,2021-10-01,6,2022-04-01,4291180.637975705,3217050.923453346,870019.3496107172,ilheus-ISSQN,ilheus,ISSQN
2021-10-01,2021-10-01,7,2022-05-01,5257128.1446916275,3217050.923453346,870019.3496107172,ilheus-ISSQN,ilheus,ISSQN
2021-10-01,2021-10-01,8,2022-06-01,5307608.8770729955,3217050.923453346,870019.3496107172,ilheus-ISSQN,ilheus,ISSQN
2021-10-01,2021-10-01,9,2022-07-01,4379280.2105701715,3217050.923453346,870019.3496107172,ilheus-ISSQN,ilheus,ISSQN
2021-10-01,2021-10-01,10,2022-08-01,4468730.572282989,3217050.923453346,870019.3496107172,ilheus-ISSQN,ilheus,ISSQN
2021-10-01,2021-10-01,11,2022-09-01,5802108.660436498,3217050.923453346,870019.3496107172,ilheus-ISSQN,ilheus,ISSQN
2021-10-01,2021-10-01,12,2022-10-01,3184201.4593452825,3217050.923453346,870019.3496107172,ilheus-ISSQN,ilheus,ISSQN
2021-11-01,2021-11-01,1,2021-12-01,1851041.825639648,3194383.1792536606,866339.0218317595,ilheus-ISSQN,ilheus,ISSQN
2021-11-01,2021-11-01,2,2022-01-01,4595502.996233166,3194383.1792536606,866339.0218317595,ilheus-ISSQN,ilheus,ISSQN
2021-11-01,2021-11-01,3,2022-02-01,3599759.875636779,3194383.1792536606,866339.0218317595,ilheus-ISSQN,ilheus,ISSQN
2021-11-01,2021-11-01,4,2022-03-01,3916152.370216925,3194383.1792536606,866339.0218317595,ilheus-ISSQN,ilheus,ISSQN
2021-11-01,2021-11-01,5,2022-04-01,4291180.637975705,3194383.1792536606,866339.0218317595,ilheus-ISSQN,ilheus,ISSQN
2021-11-01,2021-11-01,6,2022-05-01,5257128.1446916275,3194383.1792536606,866339.0218317595,ilheus-ISSQN,ilheus,ISSQN
2021-11-01,2021-11-01,7,2022-06-01,5307608.8770729955,3194383.1792536606,866339.0218317595,ilheus-ISSQN,ilheus,ISSQN
2021-11-01,2021-11-01,8,2022-07-01,4379280.2105701715,3194383.1792536606,866339.0218317595,ilheus-ISSQN,ilheus,ISSQN
2021-11-01,2021-11-01,9,2022-08-01,4468730.572282989,3194383.1792536606,866339.0218317595,ilheus-ISSQN,ilheus,ISSQN
2021-11-01,2021-11-01,10,2022-09-01,5802108.660436498,3194383.1792536606,866339.0218317595,ilheus-ISSQN,ilheus,ISSQN
2021-11-01,2021-11-01,11,2022-10-01,3184201.4593452825,3194383.1792536606,866339.0218317595,ilheus-ISSQN,ilheus,ISSQN
2021-11-01,2021-11-01,12,2022-11-01,2246811.650573443,3194383.1792536606,866339.0218317595,ilheus-ISSQN,ilheus,ISSQN
2021-12-01,2021-12-01,1,2022-01-01,4595502.996233166,3154356.6080802414,862076.6934729686,ilheus-ISSQN,ilheus,ISSQN
2021-12-01,2021-12-01,2,2022-02-01,3599759.875636779,3154356.6080802414,862076.6934729686,ilheus-ISSQN,ilheus,ISSQN
2021-12-01,2021-12-01,3,2022-03-01,3916152.370216925,3154356.6080802414,862076.6934729686,ilheus-ISSQN,ilheus,ISSQN
2021-12-01,2021-12-01,4,2022-04-01,4291180.637975705,3154356.6080802414,862076.6934729686,ilheus-ISSQN,ilheus,ISSQN
2021-12-01,2021-12-01,5,2022-05-01,5257128.1446916275,3154356.6080802414,862076.6934729686,ilheus-ISSQN,ilheus,ISSQN
2021-12-01,2021-12-01,6,2022-06-01,5307608.8770729955,3154356.6080802414,862076.6934729686,ilheus-ISSQN,ilheus,ISSQN
2021-12-01,2021-12-01,7,2022-07-01,4379280.2105701715,3154356.6080802414,862076.6934729686,ilheus-ISSQN,ilheus,ISSQN
2021-12-01,2021-12-01,8,2022-08-01,4468730.572282989,3154356.6080802414,862076.6934729686,ilheus-ISSQN,ilheus,ISSQN
2021-12-01,2021-12-01,9,2022-09-01,5802108.660436498,3154356.6080802414,862076.6934729686,ilheus-ISSQN,ilheus,ISSQN
2021-12-01,2021-12-01,10,2022-10-01,3184201.4593452825,3154356.6080802414,862076.6934729686,ilheus-ISSQN,ilheus,ISSQN
2021-12-01,2021-12-01,11,2022-11-01,2246811.650573443,3154356.6080802414,862076.6934729686,ilheus-ISSQN,ilheus,ISSQN
2021-12-01,2021-12-01,12,2022-12-01,5275407.576307106,3154356.6080802414,862076.6934729686,ilheus-ISSQN,ilheus,ISSQN
2022-01-01,2022-01-01,1,2022-02-01,3599759.875636779,3168900.188625104,860702.0397066857,ilheus-ISSQN,ilheus,ISSQN
2022-01-01,2022-01-01,2,2022-03-01,3916152.370216925,3168900.188625104,860702.0397066857,ilheus-ISSQN,ilheus,ISSQN
2022-01-01,2022-01-01,3,2022-04-01,4291180.637975705,3168900.188625104,860702.0397066857,ilheus-ISSQN,ilheus,ISSQN
2022-01-01,2022-01-01,4,2022-05-01,5257128.1446916275,3168900.188625104,860702.0397066857,ilheus-ISSQN,ilheus,ISSQN
2022-01-01,2022-01-01,5,2022-06-01,5307608.8770729955,3168900.188625104,860702.0397066857,ilheus-ISSQN,ilheus,ISSQN
2022-01-01,2022-01-01,6,2022-07-01,4379280.2105701715,3168900.188625104,860702.0397066857,ilheus-ISSQN,ilheus,ISSQN
2022-01-01,2022-01-01,7,2022-08-01,4468730.572282989,3168900.188625104,860702.0397066857,ilheus-ISSQN,ilheus,ISSQN
2022-01-01,2022-01-01,8,2022-09-01,5802108.660436498,3168900.188625104,860702.0397066857,ilheus-ISSQN,ilheus,ISSQN
2022-01-01,2022-01-01,9,2022-10-01,3184201.4593452825,3168900.188625104,860702.0397066857,ilheus-ISSQN,ilheus,ISSQN
2022-01-01,2022-01-01,10,2022-11-01,2246811.650573443,3168900.188625104,860702.0397066857,ilheus-ISSQN,ilheus,ISSQN
2022-01-01,2022-01-01,11,2022-12-01,5275407.576307106,3168900.188625104,860702.0397066857,ilheus-ISSQN,ilheus,ISSQN
2022-01-01,2022-01-01,12,2023-01-01,7044916.168374341,3168900.188625104,860702.0397066857,ilheus-ISSQN,ilheus,ISSQN
2022-02-01,2022-02-01,1,2022-03-01,3916152.370216925,3185856.266448699,876249.1551997798,ilheus-ISSQN,ilheus,ISSQN
2022-02-01,2022-02-01,2,2022-04-01,4291180.637975705,3185856.266448699,876249.1551997798,ilheus-ISSQN,ilheus,ISSQN
2022-02-01,2022-02-01,3,2022-05-01,5257128.1446916275,3185856.266448699,876249.1551997798,ilheus-ISSQN,ilheus,ISSQN
2022-02-01,2022-02-01,4,2022-06-01,5307608.8770729955,3185856.266448699,876249.1551997798,ilheus-ISSQN,ilheus,ISSQN
2022-02-01,2022-02-01,5,2022-07-01,4379280.2105701715,3185856.266448699,876249.1551997798,ilheus-ISSQN,ilheus,ISSQN
2022-02-01,2022-02-01,6,2022-08-01,4468730.572282989,3185856.266448699,876249.1551997798,ilheus-ISSQN,ilheus,ISSQN
2022-02-01,2022-02-01,7,2022-09-01,5802108.660436498,3185856.266448699,876249.1551997798,ilheus-ISSQN,ilheus,ISSQN
2022-02-01,2022-02-01,8,2022-10-01,3184201.4593452825,3185856.266448699,876249.1551997798,ilheus-ISSQN,ilheus,ISSQN
2022-02-01,2022-02-01,9,2022-11-01,2246811.650573443,3185856.266448699,876249.1551997798,ilheus-ISSQN,ilheus,ISSQN
2022-02-01,2022-02-01,10,2022-12-01,5275407.576307106,3185856.266448699,876249.1551997798,ilheus-ISSQN,ilheus,ISSQN
2022-02-01,2022-02-01,11,2023-01-01,7044916.168374341,3185856.266448699,876249.1551997798,ilheus-ISSQN,ilheus,ISSQN
2022-02-01,2022-02-01,12,2023-02-01,5490957.798547088,3185856.266448699,876249.1551997798,ilheus-ISSQN,ilheus,ISSQN
2022-03-01,2022-03-01,1,2022-04-01,4291180.637975705,3193977.7531591663,867849.6601761332,ilheus-ISSQN,ilheus,ISSQN
2022-03-01,2022-03-01,2,2022-05-01,5257128.1446916275,3193977.7531591663,867849.6601761332,ilheus-ISSQN,ilheus,ISSQN
2022-03-01,2022-03-01,3,2022-06-01,5307608.8770729955,3193977.7531591663,867849.6601761332,ilheus-ISSQN,ilheus,ISSQN
2022-03-01,2022-03-01,4,2022-07-01,4379280.2105701715,3193977.7531591663,867849.6601761332,ilheus-ISSQN,ilheus,ISSQN
2022-03-01,2022-03-01,5,2022-08-01,4468730.572282989,3193977.7531591663,867849.6601761332,ilheus-ISSQN,ilheus,ISSQN
2022-03-01,2022-03-01,6,2022-09-01,5802108.660436498,3193977.7531591663,867849.6601761332,ilheus-ISSQN,ilheus,ISSQN
2022-03-01,2022-03-01,7,2022-10-01,3184201.4593452825,3193977.7531591663,867849.6601761332,ilheus-ISSQN,ilheus,ISSQN
2022-03-01,2022-03-01,8,2022-11-01,2246811.650573443,3193977.7531591663,867849.6601761332,ilheus-ISSQN,ilheus,ISSQN
2022-03-01,2022-03-01,9,2022-12-01,5275407.576307106,3193977.7531591663,867849.6601761332,ilheus-ISSQN,ilheus,ISSQN
2022-03-01,2022-03-01,10,2023-01-01,7044916.168374341,3193977.7531591663,867849.6601761332,ilheus-ISSQN,ilheus,ISSQN
2022-03-01,2022-03-01,11,2023-02-01,5490957.798547088,3193977.7531591663,867849.6601761332,ilheus-ISSQN,ilheus,ISSQN
2022-03-01,2022-03-01,12,2023-03-01,5017034.708914244,3193977.7531591663,867849.6601761332,ilheus-ISSQN,ilheus,ISSQN
2022-04-01,2022-04-01,1,2022-05-01,5257128.1446916275,3200511.3143732194,858241.4191512637,ilheus-ISSQN,ilheus,ISSQN
2022-04-01,2022-04-01,2,2022-06-01,5307608.8770729955,3200511.3143732194,858241.4191512637,ilheus-ISSQN,ilheus,ISSQN
2022-04-01,2022-04-01,3,2022-07-01,4379280.2105701715,3200511.3143732194,858241.4191512637,ilheus-ISSQN,ilheus,ISSQN
2022-04-01,2022-04-01,4,2022-08-01,4468730.572282989,3200511.3143732194,858241.4191512637,ilheus-ISSQN,ilheus,ISSQN
2022-04-01,2022-04-01,5,2022-09-01,5802108.660436498,3200511.3143732194,858241.4191512637,ilheus-ISSQN,ilheus,ISSQN
2022-04-01,2022-04-01,6,2022-10-01,3184201.4593452825,3200511.3143732194,858241.4191512637,ilheus-ISSQN,ilheus,ISSQN
2022-04-01,2022-04-01,7,2022-11-01,2246811.650573443,3200511.3143732194,858241.4191512637,ilheus-ISSQN,ilheus,ISSQN
2022-04-01,2022-04-01,8,2022-12-01,5275407.576307106,3200511.3143732194,858241.4191512637,ilheus-ISSQN,ilheus,ISSQN
2022-04-01,2022-04-01,9,2023-01-01,7044916.168374341,3200511.3143732194,858241.4191512637,ilheus-ISSQN,ilheus,ISSQN
2022-04-01,2022-04-01,10,2023-02-01,5490957.798547088,3200511.3143732194,858241.4191512637,ilheus-ISSQN,ilheus,ISSQN
2022-04-01,2022-04-01,11,2023-03-01,5017034.708914244,3200511.3143732194,858241.4191512637,ilheus-ISSQN,ilheus,ISSQN
2022-04-01,2022-04-01,12,2023-04-01,5120423.472637157,3200511.3143732194,858241.4191512637,ilheus-ISSQN,ilheus,ISSQN
2022-05-01,2022-05-01,1,2022-06-01,5307608.8770729955,3220459.819065672,870524.072714053,ilheus-ISSQN,ilheus,ISSQN
2022-05-01,2022-05-01,2,2022-07-01,4379280.2105701715,3220459.819065672,870524.072714053,ilheus-ISSQN,ilheus,ISSQN
2022-05-01,2022-05-01,3,2022-08-01,4468730.572282989,3220459.819065672,870524.072714053,ilheus-ISSQN,ilheus,ISSQN
2022-05-01,2022-05-01,4,2022-09-01,5802108.660436498,3220459.819065672,870524.072714053,ilheus-ISSQN,ilheus,ISSQN
2022-05-01,2022-05-01,5,2022-10-01,3184201.4593452825,3220459.819065672,870524.072714053,ilheus-ISSQN,ilheus,ISSQN
2022-05-01,2022-05-01,6,2022-11-01,2246811.650573443,3220459.819065672,870524.072714053,ilheus-ISSQN,ilheus,ISSQN
2022-05-01,2022-05-01,7,2022-12-01,5275407.576307106,3220459.819065672,870524.072714053,ilheus-ISSQN,ilheus,ISSQN
2022-05-01,2022-05-01,8,2023-01-01,7044916.168374341,3220459.819065672,870524.072714053,ilheus-ISSQN,ilheus,ISSQN
2022-05-01,2022-05-01,9,2023-02-01,5490957.798547088,3220459.819065672,870524.072714053,ilheus-ISSQN,ilheus,ISSQN
2022-05-01,2022-05-01,10,2023-03-01,5017034.708914244,3220459.819065672,870524.072714053,ilheus-ISSQN,ilheus,ISSQN
2022-05-01,2022-05-01,11,2023-04-01,5120423.472637157,3220459.819065672,870524.072714053,ilheus-ISSQN,ilheus,ISSQN
2022-05-01,2022-05-01,12,2023-05-01,5944098.506612575,3220459.819065672,870524.072714053,ilheus-ISSQN,ilheus,ISSQN
2022-06-01,2022-06-01,1,2022-07-01,4379280.2105701715,3555050.7045931104,881631.7309090763,ilheus-ISSQN,ilheus,ISSQN
2022-06-01,2022-06-01,2,2022-08-01,4468730.572282989,3298512.621735994,881631.7309090763,ilheus-ISSQN,ilheus,ISSQN
2022-06-01,2022-06-01,3,2022-09-01,5802108.660436498,3252664.5048894803,881631.7309090763,ilheus-ISSQN,ilheus,ISSQN
2022-06-01,2022-06-01,4,2022-10-01,3184201.4593452825,3244167.194119563,881631.7309090763,ilheus-ISSQN,ilheus,ISSQN
2022-06-01,2022-06-01,5,2022-11-01,2246811.650573443,3242581.6508822115,881631.7309090763,ilheus-ISSQN,ilheus,ISSQN
2022-06-01,2022-06-01,6,2022-12-01,5275407.576307106,3242285.425017861,881631.7309090763,ilheus-ISSQN,ilheus,ISSQN
2022-06-01,2022-06-01,7,2023-01-01,7044916.168374341,3242230.0683026933,881631.7309090763,ilheus-ISSQN,ilheus,ISSQN
2022-06-01,2022-06-01,8,2023-02-01,5490957.798547088,3242219.7231526715,881631.7309090763,ilheus-ISSQN,ilheus,ISSQN
2022-06-01,2022-06-01,9,2023-03-01,5017034.708914244,3242217.7898188317,881631.7309090763,ilheus-ISSQN,ilheus,ISSQN
2022-06-01,2022-06-01,10,2023-04-01,5120423.472637157,3242217.428510829,881631.7309090763,ilheus-ISSQN,ilheus,ISSQN
2022-06-01,2022-06-01,11,2023-05-01,5944098.506612575,3242217.360988339,881631.7309090763,ilheus-ISSQN,ilheus,ISSQN
2022-06-01,2022-06-01,12,2023-06-01,5820348.99620249,3242217.3483695034,881631.7309090763,ilheus-ISSQN,ilheus,ISSQN
2022-07-01,2022-07-01,1,2022-08-01,4468730.572282989,3446166.227436595,880812.2282564548,ilheus-ISSQN,ilheus,ISSQN
2022-07-01,2022-07-01,2,2022-09-01,5802108.660436498,3285469.854213099,880812.2282564548,ilheus-ISSQN,ilheus,ISSQN
2022-07-01,2022-07-01,3,2022-10-01,3184201.4593452825,3254352.5541484347,880812.2282564548,ilheus-ISSQN,ilheus,ISSQN
2022-07-01,2022-07-01,4,2022-11-01,2246811.650573443,3248186.698534999,880812.2282564548,ilheus-ISSQN,ilheus,ISSQN
2022-07-01,2022-07-01,5,2022-12-01,5275407.576307106,3246959.3421633155,880812.2282564548,ilheus-ISSQN,ilheus,ISSQN
2022-07-01,2022-07-01,6,2023-01-01,7044916.168374341,3246714.805756738,880812.2282564548,ilheus-ISSQN,ilheus,ISSQN
2022-07-01,2022-07-01,7,2023-02-01,5490957.798547088,3246666.075894876,880812.2282564548,ilheus-ISSQN,ilheus,ISSQN
2022-07-01,2022-07-01,8,2023-03-01,5017034.708914244,3246656.364926502,880812.2282564548,ilheus-ISSQN,ilheus,ISSQN
2022-07-01,2022-07-01,9,2023-04-01,5120423.472637157,3246654.4296945385,880812.2282564548,ilheus-ISSQN,ilheus,ISSQN
2022-07-01,2022-07-01,10,2023-05-01,5944098.506612575,3246654.044034943,880812.2282564548,ilheus-ISSQN,ilheus,ISSQN
2022-07-01,2022-07-01,11,2023-06-01,5820348.99620249,3246653.967179367,880812.2282564548,ilheus-ISSQN,ilheus,ISSQN
2022-07-01,2022-07-01,12,2023-07-01,6410704.047477755,3246653.951863325,880812.2282564548,ilheus-ISSQN,ilheus,ISSQN
2022-08-01,2022-08-01,1,2022-09-01,5802108.660436498,3729205.7653047503,870114.3036711158,ilheus-ISSQN,ilheus,ISSQN
2022-08-01,2022-08-01,2,2022-10-01,3184201.4593452825,3289744.7002940355,870114.3036711158,ilheus-ISSQN,ilheus,ISSQN
2022-08-01,2022-08-01,3,2022-11-01,2246811.650573443,2909380.153922017,870114.3036711158,ilheus-ISSQN,ilheus,ISSQN
2022-08-01,2022-08-01,4,2022-12-01,5275407.576307106,2828867.679074937,870114.3036711158,ilheus-ISSQN,ilheus,ISSQN
2022-08-01,2022-08-01,5,2023-01-01,7044916.168374341,3573075.419763355,870114.3036711158,ilheus-ISSQN,ilheus,ISSQN
2022-08-01,2022-08-01,6,2023-02-01,5490957.798547088,2835492.587883113,870114.3036711158,ilheus-ISSQN,ilheus,ISSQN
2022-08-01,2022-08-01,7,2023-03-01,5017034.708914244,3457152.1054676166,870114.3036711158,ilheus-ISSQN,ilheus,ISSQN
2022-08-01,2022-08-01,8,2023-04-01,5120423.472637157,3600745.0784369567,870114.3036711158,ilheus-ISSQN,ilheus,ISSQN
2022-08-01,2022-08-01,9,2023-05-01,5944098.506612575,3558551.3240896184,870114.3036711158,ilheus-ISSQN,ilheus,ISSQN
2022-08-01,2022-08-01,10,2023-06-01,5820348.99620249,3590073.439030746,870114.3036711158,ilheus-ISSQN,ilheus,ISSQN
2022-08-01,2022-08-01,11,2023-07-01,6410704.047477755,3795628.9615501,870114.3036711158,ilheus-ISSQN,ilheus,ISSQN
2022-08-01,2022-08-01,12,2023-08-01,5321090.6821164945,3676621.7096327706,870114.3036711158,ilheus-ISSQN,ilheus,ISSQN
2022-09-01,2022-09-01,1,2022-10-01,3184201.4593452825,3708772.822943293,878876.6392261275,ilheus-ISSQN,ilheus,ISSQN
2022-09-01,2022-09-01,2,2022-11-01,2246811.650573443,3001327.1822794867,878876.6392261275,ilheus-ISSQN,ilheus,ISSQN
2022-09-01,2022-09-01,3,2022-12-01,5275407.576307106,2851560.8766890555,878876.6392261275,ilheus-ISSQN,ilheus,ISSQN
2022-09-01,2022-09-01,4,2023-01-01,7044916.168374341,3624875.2015746804,878876.6392261275,ilheus-ISSQN,ilheus,ISSQN
2022-09-01,2022-09-01,5,2023-02-01,5490957.798547088,2843795.609494142,878876.6392261275,ilheus-ISSQN,ilheus,ISSQN
2022-09-01,2022-09-01,6,2023-03-01,5017034.708914244,3494301.405011455,878876.6392261275,ilheus-ISSQN,ilheus,ISSQN
2022-09-01,2022-09-01,7,2023-04-01,5120423.472637157,3646000.9771281593,878876.6392261275,ilheus-ISSQN,ilheus,ISSQN
2022-09-01,2022-09-01,8,2023-05-01,5944098.506612575,3603758.3253141763,878876.6392261275,ilheus-ISSQN,ilheus,ISSQN
2022-09-01,2022-09-01,9,2023-06-01,5820348.99620249,3637040.5296822228,878876.6392261275,ilheus-ISSQN,ilheus,ISSQN
2022-09-01,2022-09-01,10,2023-07-01,6410704.047477755,3851517.023011741,878876.6392261275,ilheus-ISSQN,ilheus,ISSQN
2022-09-01,2022-09-01,11,2023-08-01,5321090.6821164945,3726258.3316711127,878876.6392261275,ilheus-ISSQN,ilheus,ISSQN
2022-09-01,2022-09-01,12,2023-09-01,4693378.384150494,3832583.573660729,878876.6392261275,ilheus-ISSQN,ilheus,ISSQN
2022-10-01,2022-10-01,1,2022-11-01,2246811.650573443,2874989.6627008817,874859.6188083673,ilheus-ISSQN,ilheus,ISSQN
2022-10-01,2022-10-01,2,2022-12-01,5275407.576307106,2810195.4516141354,874859.6188083673,ilheus-ISSQN,ilheus,ISSQN
2022-10-01,2022-10-01,3,2023-01-01,7044916.168374341,3620204.603005951,874859.6188083673,ilheus-ISSQN,ilheus,ISSQN
2022-10-01,2022-10-01,4,2023-02-01,5490957.798547088,2849047.2416431503,874859.6188083673,ilheus-ISSQN,ilheus,ISSQN
2022-10-01,2022-10-01,5,2023-03-01,5017034.708914244,3494159.896308076,874859.6188083673,ilheus-ISSQN,ilheus,ISSQN
2022-10-01,2022-10-01,6,2023-04-01,5120423.472637157,3647447.585547661,874859.6188083673,ilheus-ISSQN,ilheus,ISSQN
2022-10-01,2022-10-01,7,2023-05-01,5944098.506612575,3613895.0338115087,874859.6188083673,ilheus-ISSQN,ilheus,ISSQN
2022-10-01,2022-10-01,8,2023-06-01,5820348.99620249,3647143.498128928,874859.6188083673,ilheus-ISSQN,ilheus,ISSQN
2022-10-01,2022-10-01,9,2023-07-01,6410704.047477755,3850688.5743632237,874859.6188083673,ilheus-ISSQN,ilheus,ISSQN
2022-10-01,2022-10-01,10,2023-08-01,5321090.6821164945,3728239.574771597,874859.6188083673,ilheus-ISSQN,ilheus,ISSQN
2022-10-01,2022-10-01,11,2023-09-01,4693378.384150494,3843727.136667418,874859.6188083673,ilheus-ISSQN,ilheus,ISSQN
2022-10-01,2022-10-01,12,2023-10-01,2707167.420455185,3134134.190631619,874859.6188083673,ilheus-ISSQN,ilheus,ISSQN
2022-11-01,2022-11-01,1,2022-12-01,5275407.576307106,2606299.4521058477,867559.0966216832,ilheus-ISSQN,ilheus,ISSQN
2022-11-01,2022-11-01,2,2023-01-01,7044916.168374341,3591768.8035201435,867559.0966216832,ilheus-ISSQN,ilheus,ISSQN
2022-11-01,2022-11-01,3,2023-02-01,5490957.798547088,2828873.255765725,867559.0966216832,ilheus-ISSQN,ilheus,ISSQN
2022-11-01,2022-11-01,4,2023-03-01,5017034.708914244,3494550.233961178,867559.0966216832,ilheus-ISSQN,ilheus,ISSQN
2022-11-01,2022-11-01,5,2023-04-01,5120423.472637157,3660307.165659211,867559.0966216832,ilheus-ISSQN,ilheus,ISSQN
2022-11-01,2022-11-01,6,2023-05-01,5944098.506612575,3644883.573599399,867559.0966216832,ilheus-ISSQN,ilheus,ISSQN
2022-11-01,2022-11-01,7,2023-06-01,5820348.99620249,3679858.1935275486,867559.0966216832,ilheus-ISSQN,ilheus,ISSQN
2022-11-01,2022-11-01,8,2023-07-01,6410704.047477755,3869709.6748227016,867559.0966216832,ilheus-ISSQN,ilheus,ISSQN
2022-11-01,2022-11-01,9,2023-08-01,5321090.6821164945,3746907.4748765016,867559.0966216832,ilheus-ISSQN,ilheus,ISSQN
2022-11-01,2022-11-01,10,2023-09-01,4693378.384150494,3889505.102750122,867559.0966216832,ilheus-ISSQN,ilheus,ISSQN
2022-11-01,2022-11-01,11,2023-10-01,2707167.420455185,3116371.297004517,867559.0966216832,ilheus-ISSQN,ilheus,ISSQN
2022-11-01,2022-11-01,12,2023-11-01,4091370.0444003586,2731794.5967732607,867559.0966216832,ilheus-ISSQN,ilheus,ISSQN
2022-12-01,2022-12-01,1,2023-01-01,7044916.168374341,4059316.723704458,897997.271074609,ilheus-ISSQN,ilheus,ISSQN
2022-12-01,2022-12-01,2,2023-02-01,5490957.798547088,3825718.6397414734,897997.271074609,ilheus-ISSQN,ilheus,ISSQN
2022-12-01,2022-12-01,3,2023-03-01,5017034.708914244,3904740.775182043,897997.271074609,ilheus-ISSQN,ilheus,ISSQN
2022-12-01,2022-12-01,4,2023-04-01,5120423.472637157,3992374.7535910117,897997.271074609,ilheus-ISSQN,ilheus,ISSQN
2022-12-01,2022-12-01,5,2023-05-01,5944098.506612575,4194014.9809651338,897997.271074609,ilheus-ISSQN,ilheus,ISSQN
2022-12-01,2022-12-01,6,2023-06-01,5820348.99620249,4203753.4646163955,897997.271074609,ilheus-ISSQN,ilheus,ISSQN
2022-12-01,2022-12-01,7,2023-07-01,6410704.047477755,4012114.2776664374,897997.271074609,ilheus-ISSQN,ilheus,ISSQN
2022-12-01,2022-12-01,8,2023-08-01,5321090.6821164945,4031851.1328485725,897997.271074609,ilheus-ISSQN,ilheus,ISSQN
2022-12-01,2022-12-01,9,2023-09-01,4693378.384150494,4295624.315223981,897997.271074609,ilheus-ISSQN,ilheus,ISSQN
2022-12-01,2022-12-01,10,2023-10-01,2707167.420455185,3713505.2327316,897997.271074609,ilheus-ISSQN,ilheus,ISSQN
2022-12-01,2022-12-01,11,2023-11-01,4091370.0444003586,3412181.2271216633,897997.271074609,ilheus-ISSQN,ilheus,ISSQN
2022-12-01,2022-12-01,12,2023-12-01,4824284.21153272,4197549.501186981,897997.271074609,ilheus-ISSQN,ilheus,ISSQN
2023-01-01,2023-01-01,1,2023-02-01,5490957.798547088,3905653.8875727267,916249.2228518628,ilheus-ISSQN,ilheus,ISSQN
2023-01-01,2023-01-01,2,2023-03-01,5017034.708914244,4115768.7720276047,916249.2228518628,ilheus-ISSQN,ilheus,ISSQN
2023-01-01,2023-01-01,3,2023-04-01,5120423.472637157,4136071.0559330187,916249.2228518628,ilheus-ISSQN,ilheus,ISSQN
2023-01-01,2023-01-01,4,2023-05-01,5944098.506612575,4457020.1261477005,916249.2228518628,ilheus-ISSQN,ilheus,ISSQN
2023-01-01,2023-01-01,5,2023-06-01,5820348.99620249,4327608.1537208315,916249.2228518628,ilheus-ISSQN,ilheus,ISSQN
2023-01-01,2023-01-01,6,2023-07-01,6410704.047477755,4117997.2473737607,916249.2228518628,ilheus-ISSQN,ilheus,ISSQN
2023-01-01,2023-01-01,7,2023-08-01,5321090.6821164945,4254629.661592636,916249.2228518628,ilheus-ISSQN,ilheus,ISSQN
2023-01-01,2023-01-01,8,2023-09-01,4693378.384150494,4489266.06930069,916249.2228518628,ilheus-ISSQN,ilheus,ISSQN
2023-01-01,2023-01-01,9,2023-10-01,2707167.420455185,3586485.5348465643,916249.2228518628,ilheus-ISSQN,ilheus,ISSQN
2023-01-01,2023-01-01,10,2023-11-01,4091370.0444003586,3245258.32439841,916249.2228518628,ilheus-ISSQN,ilheus,ISSQN
2023-01-01,2023-01-01,11,2023-12-01,4824284.21153272,3909463.9556487952,916249.2228518628,ilheus-ISSQN,ilheus,ISSQN
2023-01-01,2023-01-01,12,2024-01-01,6855005.067285447,4653085.207662998,916249.2228518628,ilheus-ISSQN,ilheus,ISSQN
2023-02-01,2023-02-01,1,2023-03-01,5017034.708914244,4551165.822159156,927585.83564324,ilheus-ISSQN,ilheus,ISSQN
2023-02-01,2023-02-01,2,2023-04-01,5120423.472637157,4504704.287011128,927585.83564324,ilheus-ISSQN,ilheus,ISSQN
2023-02-01,2023-02-01,3,2023-05-01,5944098.506612575,4731939.7352105975,927585.83564324,ilheus-ISSQN,ilheus,ISSQN
2023-02-01,2023-02-01,4,2023-06-01,5820348.99620249,4739608.678685341,927585.83564324,ilheus-ISSQN,ilheus,ISSQN
2023-02-01,2023-02-01,5,2023-07-01,6410704.047477755,4498129.745438789,927585.83564324,ilheus-ISSQN,ilheus,ISSQN
2023-02-01,2023-02-01,6,2023-08-01,5321090.6821164945,4522737.565572216,927585.83564324,ilheus-ISSQN,ilheus,ISSQN
2023-02-01,2023-02-01,7,2023-09-01,4693378.384150494,4854546.137949615,927585.83564324,ilheus-ISSQN,ilheus,ISSQN
2023-02-01,2023-02-01,8,2023-10-01,2707167.420455185,4125625.954108899,927585.83564324,ilheus-ISSQN,ilheus,ISSQN
2023-02-01,2023-02-01,9,2023-11-01,4091370.0444003586,3753427.813200025,927585.83564324,ilheus-ISSQN,ilheus,ISSQN
2023-02-01,2023-02-01,10,2023-12-01,4824284.21153272,4730875.7388497135,927585.83564324,ilheus-ISSQN,ilheus,ISSQN
2023-02-01,2023-02-01,11,2024-01-01,6855005.067285447,5116862.089774865,927585.83564324,ilheus-ISSQN,ilheus,ISSQN
2023-02-01,2023-02-01,12,2024-02-01,9086542.543679124,4782527.254617529,927585.83564324,ilheus-ISSQN,ilheus,ISSQN
2023-03-01,2023-03-01,1,2023-04-01,5120423.472637157,4623610.440906433,929577.7494714478,ilheus-ISSQN,ilheus,ISSQN
2023-03-01,2023-03-01,2,2023-05-01,5944098.506612575,4880987.286729434,929577.7494714478,ilheus-ISSQN,ilheus,ISSQN
2023-03-01,2023-03-01,3,2023-06-01,5820348.99620249,4755120.645319276,929577.7494714478,ilheus-ISSQN,ilheus,ISSQN
2023-03-01,2023-03-01,4,2023-07-01,6410704.047477755,4505117.960433184,929577.7494714478,ilheus-ISSQN,ilheus,ISSQN
2023-03-01,2023-03-01,5,2023-08-01,5321090.6821164945,4641370.542242997,929577.7494714478,ilheus-ISSQN,ilheus,ISSQN
2023-03-01,2023-03-01,6,2023-09-01,4693378.384150494,4901465.834829939,929577.7494714478,ilheus-ISSQN,ilheus,ISSQN
2023-03-01,2023-03-01,7,2023-10-01,2707167.420455185,3969498.88012879,929577.7494714478,ilheus-ISSQN,ilheus,ISSQN
2023-03-01,2023-03-01,8,2023-11-01,4091370.0444003586,3602461.6334407907,929577.7494714478,ilheus-ISSQN,ilheus,ISSQN
2023-03-01,2023-03-01,9,2023-12-01,4824284.21153272,4390665.162261189,929577.7494714478,ilheus-ISSQN,ilheus,ISSQN
2023-03-01,2023-03-01,10,2024-01-01,6855005.067285447,5114862.880123604,929577.7494714478,ilheus-ISSQN,ilheus,ISSQN
2023-03-01,2023-03-01,11,2024-02-01,9086542.543679124,4949586.0807960555,929577.7494714478,ilheus-ISSQN,ilheus,ISSQN
2023-03-01,2023-03-01,12,2024-03-01,7043675.816064964,4677040.172305161,929577.7494714478,ilheus-ISSQN,ilheus,ISSQN
2023-04-01,2023-04-01,1,2023-05-01,5944098.506612575,4928427.690545636,928437.5799849707,ilheus-ISSQN,ilheus,ISSQN
2023-04-01,2023-04-01,2,2023-06-01,5820348.99620249,4936997.301777278,928437.5799849707,ilheus-ISSQN,ilheus,ISSQN
2023-04-01,2023-04-01,3,2023-07-01,6410704.047477755,4686892.44951808,928437.5799849707,ilheus-ISSQN,ilheus,ISSQN
2023-04-01,2023-04-01,4,2023-08-01,5321090.6821164945,4714018.579521423,928437.5799849707,ilheus-ISSQN,ilheus,ISSQN
2023-04-01,2023-04-01,5,2023-09-01,4693378.384150494,5008892.941275839,928437.5799849707,ilheus-ISSQN,ilheus,ISSQN
2023-04-01,2023-04-01,6,2023-10-01,2707167.420455185,4495145.6512037935,928437.5799849707,ilheus-ISSQN,ilheus,ISSQN
2023-04-01,2023-04-01,7,2023-11-01,4091370.0444003586,4213774.654939627,928437.5799849707,ilheus-ISSQN,ilheus,ISSQN
2023-04-01,2023-04-01,8,2023-12-01,4824284.21153272,5073824.868992223,928437.5799849707,ilheus-ISSQN,ilheus,ISSQN
2023-04-01,2023-04-01,9,2024-01-01,6855005.067285447,5199395.2099356,928437.5799849707,ilheus-ISSQN,ilheus,ISSQN
2023-04-01,2023-04-01,10,2024-02-01,9086542.543679124,4941538.40673291,928437.5799849707,ilheus-ISSQN,ilheus,ISSQN
2023-04-01,2023-04-01,11,2024-03-01,7043675.816064964,4870410.46879053,928437.5799849707,ilheus-ISSQN,ilheus,ISSQN
2023-04-01,2023-04-01,12,2024-04-01,5890123.897076042,4873259.059681509,928437.5799849707,ilheus-ISSQN,ilheus,ISSQN
2023-05-01,2023-05-01,1,2023-06-01,5820348.99620249,5126103.998127931,925724.4651752627,ilheus-ISSQN,ilheus,ISSQN
2023-05-01,2023-05-01,2,2023-07-01,6410704.047477755,4717767.166944686,925724.4651752627,ilheus-ISSQN,ilheus,ISSQN
2023-05-01,2023-05-01,3,2023-08-01,5321090.6821164945,4852134.039117009,925724.4651752627,ilheus-ISSQN,ilheus,ISSQN
2023-05-01,2023-05-01,4,2023-09-01,4693378.384150494,5128007.757043235,925724.4651752627,ilheus-ISSQN,ilheus,ISSQN
2023-05-01,2023-05-01,5,2023-10-01,2707167.420455185,4105560.501180438,925724.4651752627,ilheus-ISSQN,ilheus,ISSQN
2023-05-01,2023-05-01,6,2023-11-01,4091370.0444003586,3715259.0961597334,925724.4651752627,ilheus-ISSQN,ilheus,ISSQN
2023-05-01,2023-05-01,7,2023-12-01,4824284.21153272,4550352.038329111,925724.4651752627,ilheus-ISSQN,ilheus,ISSQN
2023-05-01,2023-05-01,8,2024-01-01,6855005.067285447,5344789.811297581,925724.4651752627,ilheus-ISSQN,ilheus,ISSQN
2023-05-01,2023-05-01,9,2024-02-01,9086542.543679124,5180389.319055851,925724.4651752627,ilheus-ISSQN,ilheus,ISSQN
2023-05-01,2023-05-01,10,2024-03-01,7043675.816064964,4880327.641262657,925724.4651752627,ilheus-ISSQN,ilheus,ISSQN
2023-05-01,2023-05-01,11,2024-04-01,5890123.897076042,4857883.140240751,925724.4651752627,ilheus-ISSQN,ilheus,ISSQN
2023-05-01,2023-05-01,12,2024-05-01,5072550.794914876,5335786.834032513,925724.4651752627,ilheus-ISSQN,ilheus,ISSQN
2023-06-01,2023-06-01,1,2023-07-01,6410704.047477755,4970797.358476465,921135.7502191985,ilheus-ISSQN,ilheus,ISSQN
2023-06-01,2023-06-01,2,2023-08-01,5321090.6821164945,5037766.891821287,921135.7502191985,ilheus-ISSQN,ilheus,ISSQN
2023-06-01,2023-06-01,3,2023-09-01,4693378.384150494,5326945.623903455,921135.7502191985,ilheus-ISSQN,ilheus,ISSQN
2023-06-01,2023-06-01,4,2023-10-01,2707167.420455185,4280862.799224634,921135.7502191985,ilheus-ISSQN,ilheus,ISSQN
2023-06-01,2023-06-01,5,2023-11-01,4091370.0444003586,3877510.8847917486,921135.7502191985,ilheus-ISSQN,ilheus,ISSQN
2023-06-01,2023-06-01,6,2023-12-01,4824284.21153272,4739207.000323711,921135.7502191985,ilheus-ISSQN,ilheus,ISSQN
2023-06-01,2023-06-01,7,2024-01-01,6855005.067285447,5554818.064582194,921135.7502191985,ilheus-ISSQN,ilheus,ISSQN
2023-06-01,2023-06-01,8,2024-02-01,9086542.543679124,5381488.855125755,921135.7502191985,ilheus-ISSQN,ilheus,ISSQN
2023-06-01,2023-06-01,9,2024-03-01,7043675.816064964,5075372.684101078,921135.7502191985,ilheus-ISSQN,ilheus,ISSQN
2023-06-01,2023-06-01,10,2024-04-01,5890123.897076042,5055524.061258101,921135.7502191985,ilheus-ISSQN,ilheus,ISSQN
2023-06-01,2023-06-01,11,2024-05-01,5072550.794914876,5541761.858020384,921135.7502191985,ilheus-ISSQN,ilheus,ISSQN
2023-06-01,2023-06-01,12,2024-06-01,2370445.2289252775,5514920.1955812555,921135.7502191985,ilheus-ISSQN,ilheus,ISSQN
2023-07-01,2023-07-01,1,2023-08-01,5321090.6821164945,5382260.885001328,933336.7182047851,ilheus-ISSQN,ilheus,ISSQN
2023-07-01,2023-07-01,2,2023-09-01,4693378.384150494,5777828.175855731,933336.7182047851,ilheus-ISSQN,ilheus,ISSQN
2023-07-01,2023-07-01,3,2023-10-01,2707167.420455185,4908962.29441172,933336.7182047851,ilheus-ISSQN,ilheus,ISSQN
2023-07-01,2023-07-01,4,2023-11-01,4091370.0444003586,4465399.141927716,933336.7182047851,ilheus-ISSQN,ilheus,ISSQN
2023-07-01,2023-07-01,5,2023-12-01,4824284.21153272,5630402.541886289,933336.7182047851,ilheus-ISSQN,ilheus,ISSQN
2023-07-01,2023-07-01,6,2024-01-01,6855005.067285447,6090567.5390855055,933336.7182047851,ilheus-ISSQN,ilheus,ISSQN
2023-07-01,2023-07-01,7,2024-02-01,9086542.543679124,5691976.957608074,933336.7182047851,ilheus-ISSQN,ilheus,ISSQN
2023-07-01,2023-07-01,8,2024-03-01,7043675.816064964,5554131.3818595335,933336.7182047851,ilheus-ISSQN,ilheus,ISSQN
2023-07-01,2023-07-01,9,2024-04-01,5890123.897076042,5584987.303444944,933336.7182047851,ilheus-ISSQN,ilheus,ISSQN
2023-07-01,2023-07-01,10,2024-05-01,5072550.794914876,5815893.679541801,933336.7182047851,ilheus-ISSQN,ilheus,ISSQN
2023-07-01,2023-07-01,11,2024-06-01,2370445.2289252775,5782755.877885148,933336.7182047851,ilheus-ISSQN,ilheus,ISSQN
2023-07-01,2023-07-01,12,2024-07-01,3169539.203390758,5936497.528244915,933336.7182047851,ilheus-ISSQN,ilheus,ISSQN
2023-08-01,2023-08-01,1,2023-09-01,4693378.384150494,5425419.115356155,932456.5376790104,ilheus-ISSQN,ilheus,ISSQN
2023-08-01,2023-08-01,2,2023-10-01,2707167.420455185,4886487.698522337,932456.5376790104,ilheus-ISSQN,ilheus,ISSQN
2023-08-01,2023-08-01,3,2023-11-01,4091370.0444003586,4602921.236188184,932456.5376790104,ilheus-ISSQN,ilheus,ISSQN
2023-08-01,2023-08-01,4,2023-12-01,4824284.21153272,5623831.75838864,932456.5376790104,ilheus-ISSQN,ilheus,ISSQN
2023-08-01,2023-08-01,5,2024-01-01,6855005.067285447,5801607.604107672,932456.5376790104,ilheus-ISSQN,ilheus,ISSQN
2023-08-01,2023-08-01,6,2024-02-01,9086542.543679124,5540494.092532104,932456.5376790104,ilheus-ISSQN,ilheus,ISSQN
2023-08-01,2023-08-01,7,2024-03-01,7043675.816064964,5500135.894390379,932456.5376790104,ilheus-ISSQN,ilheus,ISSQN
2023-08-01,2023-08-01,8,2024-04-01,5890123.897076042,5541766.842341458,932456.5376790104,ilheus-ISSQN,ilheus,ISSQN
2023-08-01,2023-08-01,9,2024-05-01,5072550.794914876,5709344.906841323,932456.5376790104,ilheus-ISSQN,ilheus,ISSQN
2023-08-01,2023-08-01,10,2024-06-01,2370445.2289252775,5720639.66245081,932456.5376790104,ilheus-ISSQN,ilheus,ISSQN
2023-08-01,2023-08-01,11,2024-07-01,3169539.203390758,5960398.362646542,932456.5376790104,ilheus-ISSQN,ilheus,ISSQN
2023-08-01,2023-08-01,12,2024-08-01,3889341.9897266403,5749073.363970743,932456.5376790104,ilheus-ISSQN,ilheus,ISSQN
2023-09-01,2023-09-01,1,2023-10-01,2707167.420455185,4233182.574895097,934351.9542231717,ilheus-ISSQN,ilheus,ISSQN
2023-09-01,2023-09-01,2,2023-11-01,4091370.0444003586,3930745.408206532,934351.9542231717,ilheus-ISSQN,ilheus,ISSQN
2023-09-01,2023-09-01,3,2023-12-01,4824284.21153272,5205511.466976671,934351.9542231717,ilheus-ISSQN,ilheus,ISSQN
2023-09-01,2023-09-01,4,2024-01-01,6855005.067285447,5746225.958311137,934351.9542231717,ilheus-ISSQN,ilheus,ISSQN
2023-09-01,2023-09-01,5,2024-02-01,9086542.543679124,5331549.660579154,934351.9542231717,ilheus-ISSQN,ilheus,ISSQN
2023-09-01,2023-09-01,6,2024-03-01,7043675.816064964,5207088.864452163,934351.9542231717,ilheus-ISSQN,ilheus,ISSQN
2023-09-01,2023-09-01,7,2024-04-01,5890123.897076042,5270387.147999151,934351.9542231717,ilheus-ISSQN,ilheus,ISSQN
2023-09-01,2023-09-01,8,2024-05-01,5072550.794914876,5560738.872394983,934351.9542231717,ilheus-ISSQN,ilheus,ISSQN
2023-09-01,2023-09-01,9,2024-06-01,2370445.2289252775,5553590.913363956,934351.9542231717,ilheus-ISSQN,ilheus,ISSQN
2023-09-01,2023-09-01,10,2024-07-01,3169539.203390758,5761029.844732962,934351.9542231717,ilheus-ISSQN,ilheus,ISSQN
2023-09-01,2023-09-01,11,2024-08-01,3889341.9897266403,5454893.321235737,934351.9542231717,ilheus-ISSQN,ilheus,ISSQN
2023-09-01,2023-09-01,12,2024-09-01,5508903.5798269035,5267285.469479444,934351.9542231717,ilheus-ISSQN,ilheus,ISSQN
2023-10-01,2023-10-01,1,2023-11-01,4091370.0444003586,3178190.241331391,929486.8700175006,ilheus-ISSQN,ilheus,ISSQN
2023-10-01,2023-10-01,2,2023-12-01,4824284.21153272,4243163.642549267,929486.8700175006,ilheus-ISSQN,ilheus,ISSQN
2023-10-01,2023-10-01,3,2024-01-01,6855005.067285447,5214776.6058427235,929486.8700175006,ilheus-ISSQN,ilheus,ISSQN
2023-10-01,2023-10-01,4,2024-02-01,9086542.543679124,5112810.978006009,929486.8700175006,ilheus-ISSQN,ilheus,ISSQN
2023-10-01,2023-10-01,5,2024-03-01,7043675.816064964,4779216.784558288,929486.8700175006,ilheus-ISSQN,ilheus,ISSQN
2023-10-01,2023-10-01,6,2024-04-01,5890123.897076042,4705829.408746533,929486.8700175006,ilheus-ISSQN,ilheus,ISSQN
2023-10-01,2023-10-01,7,2024-05-01,5072550.794914876,5327426.631572374,929486.8700175006,ilheus-ISSQN,ilheus,ISSQN
2023-10-01,2023-10-01,8,2024-06-01,2370445.2289252775,5304456.419974194,929486.8700175006,ilheus-ISSQN,ilheus,ISSQN
2023-10-01,2023-10-01,9,2024-07-01,3169539.203390758,4959675.712433106,929486.8700175006,ilheus-ISSQN,ilheus,ISSQN
2023-10-01,2023-10-01,10,2024-08-01,3889341.9897266403,4885380.800395266,929486.8700175006,ilheus-ISSQN,ilheus,ISSQN
2023-10-01,2023-10-01,11,2024-09-01,5508903.5798269035,4943932.133794617,929486.8700175006,ilheus-ISSQN,ilheus,ISSQN
2023-10-01,2023-10-01,12,2024-10-01,2820464.6937535256,4014752.7102342346,929486.8700175006,ilheus-ISSQN,ilheus,ISSQN
2023-11-01,2023-11-01,1,2023-12-01,4824284.21153272,4660968.653238819,939119.2018470734,ilheus-ISSQN,ilheus,ISSQN
2023-11-01,2023-11-01,2,2024-01-01,6855005.067285447,5601525.608044067,939119.2018470734,ilheus-ISSQN,ilheus,ISSQN
2023-11-01,2023-11-01,3,2024-02-01,9086542.543679124,5476501.906658941,939119.2018470734,ilheus-ISSQN,ilheus,ISSQN
2023-11-01,2023-11-01,4,2024-03-01,7043675.816064964,5161848.69464935,939119.2018470734,ilheus-ISSQN,ilheus,ISSQN
2023-11-01,2023-11-01,5,2024-04-01,5890123.897076042,5106954.444717983,939119.2018470734,ilheus-ISSQN,ilheus,ISSQN
2023-11-01,2023-11-01,6,2024-05-01,5072550.794914876,5806024.9563458925,939119.2018470734,ilheus-ISSQN,ilheus,ISSQN
2023-11-01,2023-11-01,7,2024-06-01,2370445.2289252775,5796353.264503371,939119.2018470734,ilheus-ISSQN,ilheus,ISSQN
2023-11-01,2023-11-01,8,2024-07-01,3169539.203390758,5432690.938497893,939119.2018470734,ilheus-ISSQN,ilheus,ISSQN
2023-11-01,2023-11-01,9,2024-08-01,3889341.9897266403,5395935.168319587,939119.2018470734,ilheus-ISSQN,ilheus,ISSQN
2023-11-01,2023-11-01,10,2024-09-01,5508903.5798269035,5499068.519192015,939119.2018470734,ilheus-ISSQN,ilheus,ISSQN
2023-11-01,2023-11-01,11,2024-10-01,2820464.6937535256,4491643.267104245,939119.2018470734,ilheus-ISSQN,ilheus,ISSQN
2023-11-01,2023-11-01,12,2024-11-01,2956552.948719671,4844763.476978419,939119.2018470734,ilheus-ISSQN,ilheus,ISSQN
2023-12-01,2023-12-01,1,2024-01-01,6855005.067285447,5612995.839966208,934035.9118775664,ilheus-ISSQN,ilheus,ISSQN
2023-12-01,2023-12-01,2,2024-02-01,9086542.543679124,5473255.44075653,934035.9118775664,ilheus-ISSQN,ilheus,ISSQN
2023-12-01,2023-12-01,3,2024-03-01,7043675.816064964,5101282.366880926,934035.9118775664,ilheus-ISSQN,ilheus,ISSQN
2023-12-01,2023-12-01,4,2024-04-01,5890123.897076042,5030812.744898154,934035.9118775664,ilheus-ISSQN,ilheus,ISSQN
2023-12-01,2023-12-01,5,2024-05-01,5072550.794914876,5665657.449656543,934035.9118775664,ilheus-ISSQN,ilheus,ISSQN
2023-12-01,2023-12-01,6,2024-06-01,2370445.2289252775,5645566.28164831,934035.9118775664,ilheus-ISSQN,ilheus,ISSQN
2023-12-01,2023-12-01,7,2024-07-01,3169539.203390758,5307825.477921546,934035.9118775664,ilheus-ISSQN,ilheus,ISSQN
2023-12-01,2023-12-01,8,2024-08-01,3889341.9897266403,5208683.693283582,934035.9118775664,ilheus-ISSQN,ilheus,ISSQN
2023-12-01,2023-12-01,9,2024-09-01,5508903.5798269035,5257390.301186241,934035.9118775664,ilheus-ISSQN,ilheus,ISSQN
2023-12-01,2023-12-01,10,2024-10-01,2820464.6937535256,4274290.126533597,934035.9118775664,ilheus-ISSQN,ilheus,ISSQN
2023-12-01,2023-12-01,11,2024-11-01,2956552.948719671,4641775.709663737,934035.9118775664,ilheus-ISSQN,ilheus,ISSQN
2023-12-01,2023-12-01,12,2024-12-01,5455209.451691351,5921934.258057719,934035.9118775664,ilheus-ISSQN,ilheus,ISSQN
2024-01-01,2024-01-01,1,2024-02-01,9086542.543679124,5359934.046510331,926364.5220756213,ilheus-ISSQN,ilheus,ISSQN
2024-01-01,2024-01-01,2,2024-03-01,7043675.816064964,5153527.581779937,926364.5220756213,ilheus-ISSQN,ilheus,ISSQN
2024-01-01,2024-01-01,3,2024-04-01,5890123.897076042,5192144.487778915,926364.5220756213,ilheus-ISSQN,ilheus,ISSQN
2024-01-01,2024-01-01,4,2024-05-01,5072550.794914876,5491079.075045853,926364.5220756213,ilheus-ISSQN,ilheus,ISSQN
2024-01-01,2024-01-01,5,2024-06-01,2370445.2289252775,5447888.671922222,926364.5220756213,ilheus-ISSQN,ilheus,ISSQN
2024-01-01,2024-01-01,6,2024-07-01,3169539.203390758,5649054.782232642,926364.5220756213,ilheus-ISSQN,ilheus,ISSQN
2024-01-01,2024-01-01,7,2024-08-01,3889341.9897266403,5267563.382334131,926364.5220756213,ilheus-ISSQN,ilheus,ISSQN
2024-01-01,2024-01-01,8,2024-09-01,5508903.5798269035,5025145.911075212,926364.5220756213,ilheus-ISSQN,ilheus,ISSQN
2024-01-01,2024-01-01,9,2024-10-01,2820464.6937535256,4087484.7060659654,926364.5220756213,ilheus-ISSQN,ilheus,ISSQN
2024-01-01,2024-01-01,10,2024-11-01,2956552.948719671,4772794.7809770005,926364.5220756213,ilheus-ISSQN,ilheus,ISSQN
2024-01-01,2024-01-01,11,2024-12-01,5455209.451691351,5077300.298096648,926364.5220756213,ilheus-ISSQN,ilheus,ISSQN
2024-01-01,2024-01-01,12,2025-01-01,8082815.120692073,5792934.655691357,926364.5220756213,ilheus-ISSQN,ilheus,ISSQN
2024-02-01,2024-02-01,1,2024-03-01,7043675.816064964,5670186.351302854,953601.4631272173,ilheus-ISSQN,ilheus,ISSQN
2024-02-01,2024-02-01,2,2024-04-01,5890123.897076042,5748177.933003012,953601.4631272173,ilheus-ISSQN,ilheus,ISSQN
2024-02-01,2024-02-01,3,2024-05-01,5072550.794914876,6121750.56437755,953601.4631272173,ilheus-ISSQN,ilheus,ISSQN
2024-02-01,2024-02-01,4,2024-06-01,2370445.2289252775,6108264.600366051,953601.4631272173,ilheus-ISSQN,ilheus,ISSQN
2024-02-01,2024-02-01,5,2024-07-01,3169539.203390758,6375644.171038976,953601.4631272173,ilheus-ISSQN,ilheus,ISSQN
2024-02-01,2024-02-01,6,2024-08-01,3889341.9897266403,5971534.25355379,953601.4631272173,ilheus-ISSQN,ilheus,ISSQN
2024-02-01,2024-02-01,7,2024-09-01,5508903.5798269035,5724698.723193882,953601.4631272173,ilheus-ISSQN,ilheus,ISSQN
2024-02-01,2024-02-01,8,2024-10-01,2820464.6937535256,4664343.046404746,953601.4631272173,ilheus-ISSQN,ilheus,ISSQN
2024-02-01,2024-02-01,9,2024-11-01,2956552.948719671,5495493.196150332,953601.4631272173,ilheus-ISSQN,ilheus,ISSQN
2024-02-01,2024-02-01,10,2024-12-01,5455209.451691351,5887755.006320325,953601.4631272173,ilheus-ISSQN,ilheus,ISSQN
2024-02-01,2024-02-01,11,2025-01-01,8082815.120692073,6775045.345781398,953601.4631272173,ilheus-ISSQN,ilheus,ISSQN
2024-02-01,2024-02-01,12,2025-02-01,5641292.016177281,7591316.123088203,953601.4631272173,ilheus-ISSQN,ilheus,ISSQN
2024-03-01,2024-03-01,1,2024-04-01,5890123.897076042,6234537.657033703,964440.247410283,ilheus-ISSQN,ilheus,ISSQN
2024-03-01,2024-03-01,2,2024-05-01,5072550.794914876,6610602.317567593,964440.247410283,ilheus-ISSQN,ilheus,ISSQN
2024-03-01,2024-03-01,3,2024-06-01,2370445.2289252775,6556216.365065743,964440.247410283,ilheus-ISSQN,ilheus,ISSQN
2024-03-01,2024-03-01,4,2024-07-01,3169539.203390758,6809702.469705004,964440.247410283,ilheus-ISSQN,ilheus,ISSQN
2024-03-01,2024-03-01,5,2024-08-01,3889341.9897266403,6329358.294993515,964440.247410283,ilheus-ISSQN,ilheus,ISSQN
2024-03-01,2024-03-01,6,2024-09-01,5508903.5798269035,6024952.147957008,964440.247410283,ilheus-ISSQN,ilheus,ISSQN
2024-03-01,2024-03-01,7,2024-10-01,2820464.6937535256,4854211.109200183,964440.247410283,ilheus-ISSQN,ilheus,ISSQN
2024-03-01,2024-03-01,8,2024-11-01,2956552.948719671,5708792.604384562,964440.247410283,ilheus-ISSQN,ilheus,ISSQN
2024-03-01,2024-03-01,9,2024-12-01,5455209.451691351,6090386.798978718,964440.247410283,ilheus-ISSQN,ilheus,ISSQN
2024-03-01,2024-03-01,10,2025-01-01,8082815.120692073,6991259.891031244,964440.247410283,ilheus-ISSQN,ilheus,ISSQN
2024-03-01,2024-03-01,11,2025-02-01,5641292.016177281,7809331.5766826235,964440.247410283,ilheus-ISSQN,ilheus,ISSQN
2024-03-01,2024-03-01,12,2025-03-01,4954483.22587178,7066194.18324576,964440.247410283,ilheus-ISSQN,ilheus,ISSQN
2024-04-01,2024-04-01,1,2024-05-01,5072550.794914876,6871564.859772747,962492.8491805689,ilheus-ISSQN,ilheus,ISSQN
2024-04-01,2024-04-01,2,2024-06-01,2370445.2289252775,6787020.362602923,962492.8491805689,ilheus-ISSQN,ilheus,ISSQN
2024-04-01,2024-04-01,3,2024-07-01,3169539.203390758,6109244.332933447,962492.8491805689,ilheus-ISSQN,ilheus,ISSQN
2024-04-01,2024-04-01,4,2024-08-01,3889341.9897266403,6208858.719397347,962492.8491805689,ilheus-ISSQN,ilheus,ISSQN
2024-04-01,2024-04-01,5,2024-09-01,5508903.5798269035,6404717.647284985,962492.8491805689,ilheus-ISSQN,ilheus,ISSQN
2024-04-01,2024-04-01,6,2024-10-01,2820464.6937535256,5130392.925796899,962492.8491805689,ilheus-ISSQN,ilheus,ISSQN
2024-04-01,2024-04-01,7,2024-11-01,2956552.948719671,5353790.85310699,962492.8491805689,ilheus-ISSQN,ilheus,ISSQN
2024-04-01,2024-04-01,8,2024-12-01,5455209.451691351,7311198.250310054,962492.8491805689,ilheus-ISSQN,ilheus,ISSQN
2024-04-01,2024-04-01,9,2025-01-01,8082815.120692073,7390650.523736041,962492.8491805689,ilheus-ISSQN,ilheus,ISSQN
2024-04-01,2024-04-01,10,2025-02-01,5641292.016177281,7819321.155524545,962492.8491805689,ilheus-ISSQN,ilheus,ISSQN
2024-04-01,2024-04-01,11,2025-03-01,4954483.22587178,6825276.248069869,962492.8491805689,ilheus-ISSQN,ilheus,ISSQN
2024-04-01,2024-04-01,12,2025-04-01,6055601.279153026,6534694.620125046,962492.8491805689,ilheus-ISSQN,ilheus,ISSQN
2024-05-01,2024-05-01,1,2024-06-01,2370445.2289252775,5683794.018886936,961592.4022747979,ilheus-ISSQN,ilheus,ISSQN
2024-05-01,2024-05-01,2,2024-07-01,3169539.203390758,6059259.177638872,961592.4022747979,ilheus-ISSQN,ilheus,ISSQN
2024-05-01,2024-05-01,3,2024-08-01,3889341.9897266403,5656521.600658827,961592.4022747979,ilheus-ISSQN,ilheus,ISSQN
2024-05-01,2024-05-01,4,2024-09-01,5508903.5798269035,5386977.866108104,961592.4022747979,ilheus-ISSQN,ilheus,ISSQN
2024-05-01,2024-05-01,5,2024-10-01,2820464.6937535256,4328846.993263231,961592.4022747979,ilheus-ISSQN,ilheus,ISSQN
2024-05-01,2024-05-01,6,2024-11-01,2956552.948719671,5102102.042484548,961592.4022747979,ilheus-ISSQN,ilheus,ISSQN
2024-05-01,2024-05-01,7,2024-12-01,5455209.451691351,5447852.075069045,961592.4022747979,ilheus-ISSQN,ilheus,ISSQN
2024-05-01,2024-05-01,8,2025-01-01,8082815.120692073,6265100.691796988,961592.4022747979,ilheus-ISSQN,ilheus,ISSQN
2024-05-01,2024-05-01,9,2025-02-01,5641292.016177281,7008440.376360077,961592.4022747979,ilheus-ISSQN,ilheus,ISSQN
2024-05-01,2024-05-01,10,2025-03-01,4954483.22587178,6333146.893212092,961592.4022747979,ilheus-ISSQN,ilheus,ISSQN
2024-05-01,2024-05-01,11,2025-04-01,6055601.279153026,5898161.3547663065,961592.4022747979,ilheus-ISSQN,ilheus,ISSQN
2024-05-01,2024-05-01,12,2025-05-01,6458044.631085712,5557724.484069852,961592.4022747979,ilheus-ISSQN,ilheus,ISSQN
2024-06-01,2024-06-01,1,2024-07-01,3169539.203390758,4295167.605266398,985987.6117356059,ilheus-ISSQN,ilheus,ISSQN
2024-06-01,2024-06-01,2,2024-08-01,3889341.9897266403,5200260.009153972,985987.6117356059,ilheus-ISSQN,ilheus,ISSQN
2024-06-01,2024-06-01,3,2024-09-01,5508903.5798269035,4970992.00275688,985987.6117356059,ilheus-ISSQN,ilheus,ISSQN
2024-06-01,2024-06-01,4,2024-10-01,2820464.6937535256,4055540.314741385,985987.6117356059,ilheus-ISSQN,ilheus,ISSQN
2024-06-01,2024-06-01,5,2024-11-01,2956552.948719671,4568586.8885987885,985987.6117356059,ilheus-ISSQN,ilheus,ISSQN
2024-06-01,2024-06-01,6,2024-12-01,5455209.451691351,4817181.140028644,985987.6117356059,ilheus-ISSQN,ilheus,ISSQN
2024-06-01,2024-06-01,7,2025-01-01,8082815.120692073,5377248.541402433,985987.6117356059,ilheus-ISSQN,ilheus,ISSQN
2024-06-01,2024-06-01,8,2025-02-01,5641292.016177281,5866431.260635731,985987.6117356059,ilheus-ISSQN,ilheus,ISSQN
2024-06-01,2024-06-01,9,2025-03-01,4954483.22587178,5422411.936703109,985987.6117356059,ilheus-ISSQN,ilheus,ISSQN
2024-06-01,2024-06-01,10,2025-04-01,6055601.279153026,5131088.988215956,985987.6117356059,ilheus-ISSQN,ilheus,ISSQN
2024-06-01,2024-06-01,11,2025-05-01,6458044.631085712,4900015.153773897,985987.6117356059,ilheus-ISSQN,ilheus,ISSQN
2024-06-01,2024-06-01,12,2025-06-01,5018115.34229184,3875345.299794186,985987.6117356059,ilheus-ISSQN,ilheus,ISSQN
2024-07-01,2024-07-01,1,2024-08-01,3889341.9897266403,4091143.629061722,1007882.5363215416,ilheus-ISSQN,ilheus,ISSQN
2024-07-01,2024-07-01,2,2024-09-01,5508903.5798269035,4306345.138556096,1007882.5363215416,ilheus-ISSQN,ilheus,ISSQN
2024-07-01,2024-07-01,3,2024-10-01,2820464.6937535256,3733429.8209065734,1007882.5363215416,ilheus-ISSQN,ilheus,ISSQN
2024-07-01,2024-07-01,4,2024-11-01,2956552.948719671,4268314.391920076,1007882.5363215416,ilheus-ISSQN,ilheus,ISSQN
2024-07-01,2024-07-01,5,2024-12-01,5455209.451691351,4498823.878039091,1007882.5363215416,ilheus-ISSQN,ilheus,ISSQN
2024-07-01,2024-07-01,6,2025-01-01,8082815.120692073,5012976.591617666,1007882.5363215416,ilheus-ISSQN,ilheus,ISSQN
2024-07-01,2024-07-01,7,2025-02-01,5641292.016177281,5465858.18610109,1007882.5363215416,ilheus-ISSQN,ilheus,ISSQN
2024-07-01,2024-07-01,8,2025-03-01,4954483.22587178,5055980.231072447,1007882.5363215416,ilheus-ISSQN,ilheus,ISSQN
2024-07-01,2024-07-01,9,2025-04-01,6055601.279153026,4786532.434621717,1007882.5363215416,ilheus-ISSQN,ilheus,ISSQN
2024-07-01,2024-07-01,10,2025-05-01,6458044.631085712,4572413.8745259,1007882.5363215416,ilheus-ISSQN,ilheus,ISSQN
2024-07-01,2024-07-01,11,2025-06-01,5018115.34229184,3622018.2347704647,1007882.5363215416,ilheus-ISSQN,ilheus,ISSQN
2024-07-01,2024-07-01,12,2025-07-01,5248927.023642473,3959073.568576766,1007882.5363215416,ilheus-ISSQN,ilheus,ISSQN
2024-08-01,2024-08-01,1,2024-09-01,5508903.5798269035,4837646.337491959,1011958.1724375833,ilheus-ISSQN,ilheus,ISSQN
2024-08-01,2024-08-01,2,2024-10-01,2820464.6937535256,4210258.759809458,1011958.1724375833,ilheus-ISSQN,ilheus,ISSQN
2024-08-01,2024-08-01,3,2024-11-01,2956552.948719671,4517558.391399508,1011958.1724375833,ilheus-ISSQN,ilheus,ISSQN
2024-08-01,2024-08-01,4,2024-12-01,5455209.451691351,5848337.054600811,1011958.1724375833,ilheus-ISSQN,ilheus,ISSQN
2024-08-01,2024-08-01,5,2025-01-01,8082815.120692073,6037660.41418939,1011958.1724375833,ilheus-ISSQN,ilheus,ISSQN
2024-08-01,2024-08-01,6,2025-02-01,5641292.016177281,6440040.416019642,1011958.1724375833,ilheus-ISSQN,ilheus,ISSQN
2024-08-01,2024-08-01,7,2025-03-01,4954483.22587178,5725458.32379926,1011958.1724375833,ilheus-ISSQN,ilheus,ISSQN
2024-08-01,2024-08-01,8,2025-04-01,6055601.279153026,5504213.323188569,1011958.1724375833,ilheus-ISSQN,ilheus,ISSQN
2024-08-01,2024-08-01,9,2025-05-01,6458044.631085712,5254768.268164335,1011958.1724375833,ilheus-ISSQN,ilheus,ISSQN
2024-08-01,2024-08-01,10,2025-06-01,5018115.34229184,4343066.136430386,1011958.1724375833,ilheus-ISSQN,ilheus,ISSQN
2024-08-01,2024-08-01,11,2025-07-01,5248927.023642473,5000408.829433292,1011958.1724375833,ilheus-ISSQN,ilheus,ISSQN
2024-08-01,2024-08-01,12,2025-08-01,5721230.173206262,4969034.6651417175,1011958.1724375833,ilheus-ISSQN,ilheus,ISSQN
2024-09-01,2024-09-01,1,2024-10-01,2820464.6937535256,4494188.193105192,1010087.382182715,ilheus-ISSQN,ilheus,ISSQN
2024-09-01,2024-09-01,2,2024-11-01,2956552.948719671,4711468.284077824,1010087.382182715,ilheus-ISSQN,ilheus,ISSQN
2024-09-01,2024-09-01,3,2024-12-01,5455209.451691351,4690960.109534886,1010087.382182715,ilheus-ISSQN,ilheus,ISSQN
2024-09-01,2024-09-01,4,2025-01-01,8082815.120692073,5090563.58954465,1010087.382182715,ilheus-ISSQN,ilheus,ISSQN
2024-09-01,2024-09-01,5,2025-02-01,5641292.016177281,5537112.099785121,1010087.382182715,ilheus-ISSQN,ilheus,ISSQN
2024-09-01,2024-09-01,6,2025-03-01,4954483.22587178,5255721.70417928,1010087.382182715,ilheus-ISSQN,ilheus,ISSQN
2024-09-01,2024-09-01,7,2025-04-01,6055601.279153026,5061252.753183898,1010087.382182715,ilheus-ISSQN,ilheus,ISSQN
2024-09-01,2024-09-01,8,2025-05-01,6458044.631085712,4881218.411345081,1010087.382182715,ilheus-ISSQN,ilheus,ISSQN
2024-09-01,2024-09-01,9,2025-06-01,5018115.34229184,4103890.24685167,1010087.382182715,ilheus-ISSQN,ilheus,ISSQN
2024-09-01,2024-09-01,10,2025-07-01,5248927.023642473,4376852.483957732,1010087.382182715,ilheus-ISSQN,ilheus,ISSQN
2024-09-01,2024-09-01,11,2025-08-01,5721230.173206262,4663204.822075575,1010087.382182715,ilheus-ISSQN,ilheus,ISSQN
2024-09-01,2024-09-01,12,2025-09-01,6403331.52498959,5139098.877724624,1010087.382182715,ilheus-ISSQN,ilheus,ISSQN
2024-10-01,2024-10-01,1,2024-11-01,2956552.948719671,3797640.205604352,1001627.0981366361,ilheus-ISSQN,ilheus,ISSQN
2024-10-01,2024-10-01,2,2024-12-01,5455209.451691351,5291532.807548757,1001627.0981366361,ilheus-ISSQN,ilheus,ISSQN
2024-10-01,2024-10-01,3,2025-01-01,8082815.120692073,5547346.227645319,1001627.0981366361,ilheus-ISSQN,ilheus,ISSQN
2024-10-01,2024-10-01,4,2025-02-01,5641292.016177281,6033965.27432974,1001627.0981366361,ilheus-ISSQN,ilheus,ISSQN
2024-10-01,2024-10-01,5,2025-03-01,4954483.22587178,5274025.69947558,1001627.0981366361,ilheus-ISSQN,ilheus,ISSQN
2024-10-01,2024-10-01,6,2025-04-01,6055601.279153026,5032380.699705213,1001627.0981366361,ilheus-ISSQN,ilheus,ISSQN
2024-10-01,2024-10-01,7,2025-05-01,6458044.631085712,4665104.471575622,1001627.0981366361,ilheus-ISSQN,ilheus,ISSQN
2024-10-01,2024-10-01,8,2025-06-01,5018115.34229184,3689448.909826687,1001627.0981366361,ilheus-ISSQN,ilheus,ISSQN
2024-10-01,2024-10-01,9,2025-07-01,5248927.023642473,4370157.951726805,1001627.0981366361,ilheus-ISSQN,ilheus,ISSQN
2024-10-01,2024-10-01,10,2025-08-01,5721230.173206262,4346789.852079461,1001627.0981366361,ilheus-ISSQN,ilheus,ISSQN
2024-10-01,2024-10-01,11,2025-09-01,6403331.52498959,4570211.180785292,1001627.0981366361,ilheus-ISSQN,ilheus,ISSQN
2024-10-01,2024-10-01,12,2025-10-01,6050380.013429479,3654458.3735147733,1001627.0981366361,ilheus-ISSQN,ilheus,ISSQN
2024-11-01,2024-11-01,1,2024-12-01,5455209.451691351,3981279.725926798,1002871.8644688234,ilheus-ISSQN,ilheus,ISSQN
2024-11-01,2024-11-01,2,2025-01-01,8082815.120692073,4849446.486730138,1002871.8644688234,ilheus-ISSQN,ilheus,ISSQN
2024-11-01,2024-11-01,3,2025-02-01,5641292.016177281,5374048.7366732005,1002871.8644688234,ilheus-ISSQN,ilheus,ISSQN
2024-11-01,2024-11-01,4,2025-03-01,4954483.22587178,4897675.47146391,1002871.8644688234,ilheus-ISSQN,ilheus,ISSQN
2024-11-01,2024-11-01,5,2025-04-01,6055601.279153026,4588585.121495469,1002871.8644688234,ilheus-ISSQN,ilheus,ISSQN
2024-11-01,2024-11-01,6,2025-05-01,6458044.631085712,4345347.852308942,1002871.8644688234,ilheus-ISSQN,ilheus,ISSQN
2024-11-01,2024-11-01,7,2025-06-01,5018115.34229184,3293066.9453348317,1002871.8644688234,ilheus-ISSQN,ilheus,ISSQN
2024-11-01,2024-11-01,8,2025-07-01,5248927.023642473,3660884.5194669124,1002871.8644688234,ilheus-ISSQN,ilheus,ISSQN
2024-11-01,2024-11-01,9,2025-08-01,5721230.173206262,3944403.2139141564,1002871.8644688234,ilheus-ISSQN,ilheus,ISSQN
2024-11-01,2024-11-01,10,2025-09-01,6403331.52498959,4478031.857598866,1002871.8644688234,ilheus-ISSQN,ilheus,ISSQN
2024-11-01,2024-11-01,11,2025-10-01,6050380.013429479,3508453.074307091,1002871.8644688234,ilheus-ISSQN,ilheus,ISSQN
2024-11-01,2024-11-01,12,2025-11-01,7406094.559415126,3569232.344370097,1002871.8644688234,ilheus-ISSQN,ilheus,ISSQN
2024-12-01,2024-12-01,1,2025-01-01,8082815.120692073,5242849.294032235,999427.914243729,ilheus-ISSQN,ilheus,ISSQN
2024-12-01,2024-12-01,2,2025-02-01,5641292.016177281,5453837.186540952,999427.914243729,ilheus-ISSQN,ilheus,ISSQN
2024-12-01,2024-12-01,3,2025-03-01,4954483.22587178,4765917.931629585,999427.914243729,ilheus-ISSQN,ilheus,ISSQN
2024-12-01,2024-12-01,4,2025-04-01,6055601.279153026,4556565.901458962,999427.914243729,ilheus-ISSQN,ilheus,ISSQN
2024-12-01,2024-12-01,5,2025-05-01,6458044.631085712,4275840.944883516,999427.914243729,ilheus-ISSQN,ilheus,ISSQN
2024-12-01,2024-12-01,6,2025-06-01,5018115.34229184,3455267.7534832647,999427.914243729,ilheus-ISSQN,ilheus,ISSQN
2024-12-01,2024-12-01,7,2025-07-01,5248927.023642473,4044149.2325311517,999427.914243729,ilheus-ISSQN,ilheus,ISSQN
2024-12-01,2024-12-01,8,2025-08-01,5721230.173206262,3994079.320575397,999427.914243729,ilheus-ISSQN,ilheus,ISSQN
2024-12-01,2024-12-01,9,2025-09-01,6403331.52498959,4156068.4535904033,999427.914243729,ilheus-ISSQN,ilheus,ISSQN
2024-12-01,2024-12-01,10,2025-10-01,6050380.013429479,3356815.6799677284,999427.914243729,ilheus-ISSQN,ilheus,ISSQN
2024-12-01,2024-12-01,11,2025-11-01,7406094.559415126,3909014.430385334,999427.914243729,ilheus-ISSQN,ilheus,ISSQN
2024-12-01,2024-12-01,12,2025-12-01,11649189.87,4217973.378145747,999427.914243729,ilheus-ISSQN,ilheus,ISSQN
2025-01-01,2025-01-01,1,2025-02-01,5641292.016177281,7209944.157441161,1001523.1632268749,ilheus-ISSQN,ilheus,ISSQN
2025-01-01,2025-01-01,2,2025-03-01,4954483.22587178,5853757.486146243,1001523.1632268749,ilheus-ISSQN,ilheus,ISSQN
2025-01-01,2025-01-01,3,2025-04-01,6055601.279153026,5296213.773188556,1001523.1632268749,ilheus-ISSQN,ilheus,ISSQN
2025-01-01,2025-01-01,4,2025-05-01,6458044.631085712,4711588.982442012,1001523.1632268749,ilheus-ISSQN,ilheus,ISSQN
2025-01-01,2025-01-01,5,2025-06-01,5018115.34229184,3294575.001394196,1001523.1632268749,ilheus-ISSQN,ilheus,ISSQN
2025-01-01,2025-01-01,6,2025-07-01,5248927.023642473,4018180.146178346,1001523.1632268749,ilheus-ISSQN,ilheus,ISSQN
2025-01-01,2025-01-01,7,2025-08-01,5721230.173206262,4250867.192984995,1001523.1632268749,ilheus-ISSQN,ilheus,ISSQN
2025-01-01,2025-01-01,8,2025-09-01,6403331.52498959,4788093.855210975,1001523.1632268749,ilheus-ISSQN,ilheus,ISSQN
2025-01-01,2025-01-01,9,2025-10-01,6050380.013429479,3582290.3361235363,1001523.1632268749,ilheus-ISSQN,ilheus,ISSQN
2025-01-01,2025-01-01,10,2025-11-01,7406094.559415126,3951771.1041462375,1001523.1632268749,ilheus-ISSQN,ilheus,ISSQN
2025-01-01,2025-01-01,11,2025-12-01,11649189.87,4658097.501036497,1001523.1632268749,ilheus-ISSQN,ilheus,ISSQN
2025-02-01,2025-02-01,1,2025-03-01,4954483.22587178,5128372.046721792,1023738.8665384654,ilheus-ISSQN,ilheus,ISSQN
2025-02-01,2025-02-01,2,2025-04-01,6055601.279153026,5062920.307167785,1023738.8665384654,ilheus-ISSQN,ilheus,ISSQN
2025-02-01,2025-02-01,3,2025-05-01,6458044.631085712,4735182.564925898,1023738.8665384654,ilheus-ISSQN,ilheus,ISSQN
2025-02-01,2025-02-01,4,2025-06-01,5018115.34229184,3367982.065221746,1023738.8665384654,ilheus-ISSQN,ilheus,ISSQN
2025-02-01,2025-02-01,5,2025-07-01,5248927.023642473,3835949.5071332064,1023738.8665384654,ilheus-ISSQN,ilheus,ISSQN
2025-02-01,2025-02-01,6,2025-08-01,5721230.173206262,4204143.142596497,1023738.8665384654,ilheus-ISSQN,ilheus,ISSQN
2025-02-01,2025-02-01,7,2025-09-01,6403331.52498959,4913455.188181285,1023738.8665384654,ilheus-ISSQN,ilheus,ISSQN
2025-02-01,2025-02-01,8,2025-10-01,6050380.013429479,3640642.600537756,1023738.8665384654,ilheus-ISSQN,ilheus,ISSQN
2025-02-01,2025-02-01,9,2025-11-01,7406094.559415126,3718289.7163148383,1023738.8665384654,ilheus-ISSQN,ilheus,ISSQN
2025-02-01,2025-02-01,10,2025-12-01,11649189.87,4891949.619686999,1023738.8665384654,ilheus-ISSQN,ilheus,ISSQN
2025-03-01,2025-03-01,1,2025-04-01,6055601.279153026,4955691.196227655,1033337.5487335529,ilheus-ISSQN,ilheus,ISSQN
2025-03-01,2025-03-01,2,2025-05-01,6458044.631085712,4676469.959929128,1033337.5487335529,ilheus-ISSQN,ilheus,ISSQN
2025-03-01,2025-03-01,3,2025-06-01,5018115.34229184,3414673.719642188,1033337.5487335529,ilheus-ISSQN,ilheus,ISSQN
2025-03-01,2025-03-01,4,2025-07-01,5248927.023642473,3850346.7367517687,1033337.5487335529,ilheus-ISSQN,ilheus,ISSQN
2025-03-01,2025-03-01,5,2025-08-01,5721230.173206262,4190233.940640809,1033337.5487335529,ilheus-ISSQN,ilheus,ISSQN
2025-03-01,2025-03-01,6,2025-09-01,6403331.52498959,4838737.411688897,1033337.5487335529,ilheus-ISSQN,ilheus,ISSQN
2025-03-01,2025-03-01,7,2025-10-01,6050380.013429479,3669046.435276353,1033337.5487335529,ilheus-ISSQN,ilheus,ISSQN
2025-03-01,2025-03-01,8,2025-11-01,7406094.559415126,3741212.5757506625,1033337.5487335529,ilheus-ISSQN,ilheus,ISSQN
2025-03-01,2025-03-01,9,2025-12-01,11649189.87,4819186.973867719,1033337.5487335529,ilheus-ISSQN,ilheus,ISSQN
2025-04-01,2025-04-01,1,2025-05-01,6458044.631085712,5098490.89109859,1025588.7972455479,ilheus-ISSQN,ilheus,ISSQN
2025-04-01,2025-04-01,2,2025-06-01,5018115.34229184,3255195.302237517,1025588.7972455479,ilheus-ISSQN,ilheus,ISSQN
2025-04-01,2025-04-01,3,2025-07-01,5248927.023642473,3772655.6679786285,1025588.7972455479,ilheus-ISSQN,ilheus,ISSQN
2025-04-01,2025-04-01,4,2025-08-01,5721230.173206262,4185838.7363762474,1025588.7972455479,ilheus-ISSQN,ilheus,ISSQN
2025-04-01,2025-04-01,5,2025-09-01,6403331.52498959,4995279.425838908,1025588.7972455479,ilheus-ISSQN,ilheus,ISSQN
2025-04-01,2025-04-01,6,2025-10-01,6050380.013429479,3555600.813367936,1025588.7972455479,ilheus-ISSQN,ilheus,ISSQN
2025-04-01,2025-04-01,7,2025-11-01,7406094.559415126,3641711.9761531944,1025588.7972455479,ilheus-ISSQN,ilheus,ISSQN
2025-04-01,2025-04-01,8,2025-12-01,11649189.87,4970494.968484249,1025588.7972455479,ilheus-ISSQN,ilheus,ISSQN
2025-05-01,2025-05-01,1,2025-06-01,5018115.34229184,3781430.9222332337,1028773.7975900194,ilheus-ISSQN,ilheus,ISSQN
2025-05-01,2025-05-01,2,2025-07-01,5248927.023642473,4017515.901968957,1028773.7975900194,ilheus-ISSQN,ilheus,ISSQN
2025-05-01,2025-05-01,3,2025-08-01,5721230.173206262,4423515.937763681,1028773.7975900194,ilheus-ISSQN,ilheus,ISSQN
2025-05-01,2025-05-01,4,2025-09-01,6403331.52498959,5224053.894696132,1028773.7975900194,ilheus-ISSQN,ilheus,ISSQN
2025-05-01,2025-05-01,5,2025-10-01,6050380.013429479,3874745.221565131,1028773.7975900194,ilheus-ISSQN,ilheus,ISSQN
2025-05-01,2025-05-01,6,2025-11-01,7406094.559415126,3955375.5808621817,1028773.7975900194,ilheus-ISSQN,ilheus,ISSQN
2025-05-01,2025-05-01,7,2025-12-01,11649189.87,5207256.804264162,1028773.7975900194,ilheus-ISSQN,ilheus,ISSQN
2025-06-01,2025-06-01,1,2025-07-01,5248927.023642473,4372474.372124985,1042974.6424652522,ilheus-ISSQN,ilheus,ISSQN
2025-06-01,2025-06-01,2,2025-08-01,5721230.173206262,4433551.708611319,1042974.6424652522,ilheus-ISSQN,ilheus,ISSQN
2025-06-01,2025-06-01,3,2025-09-01,6403331.52498959,5238609.937023672,1042974.6424652522,ilheus-ISSQN,ilheus,ISSQN
2025-06-01,2025-06-01,4,2025-10-01,6050380.013429479,4297014.946960604,1042974.6424652522,ilheus-ISSQN,ilheus,ISSQN
2025-06-01,2025-06-01,5,2025-11-01,7406094.559415126,4061186.971925073,1042974.6424652522,ilheus-ISSQN,ilheus,ISSQN
2025-06-01,2025-06-01,6,2025-12-01,11649189.87,5238941.084850934,1042974.6424652522,ilheus-ISSQN,ilheus,ISSQN
2025-07-01,2025-07-01,1,2025-08-01,5721230.173206262,4874017.778348965,1051986.9309677433,ilheus-ISSQN,ilheus,ISSQN
2025-07-01,2025-07-01,2,2025-09-01,6403331.52498959,5296892.724475009,1051986.9309677433,ilheus-ISSQN,ilheus,ISSQN
2025-07-01,2025-07-01,3,2025-10-01,6050380.013429479,3981529.7655232367,1051986.9309677433,ilheus-ISSQN,ilheus,ISSQN
2025-07-01,2025-07-01,4,2025-11-01,7406094.559415126,4088617.968171513,1051986.9309677433,ilheus-ISSQN,ilheus,ISSQN
2025-07-01,2025-07-01,5,2025-12-01,11649189.87,5304276.274554351,1051986.9309677433,ilheus-ISSQN,ilheus,ISSQN
2025-08-01,2025-08-01,1,2025-09-01,6403331.52498959,6317673.615410977,1058710.2176273284,ilheus-ISSQN,ilheus,ISSQN
2025-08-01,2025-08-01,2,2025-10-01,6050380.013429479,5209964.2376698395,1058710.2176273284,ilheus-ISSQN,ilheus,ISSQN
2025-08-01,2025-08-01,3,2025-11-01,7406094.559415126,5039025.294724456,1058710.2176273284,ilheus-ISSQN,ilheus,ISSQN
2025-08-01,2025-08-01,4,2025-12-01,11649189.87,6390444.423559547,1058710.2176273284,ilheus-ISSQN,ilheus,ISSQN
2025-09-01,2025-09-01,1,2025-10-01,6050380.013429479,4253145.417266947,1057306.0956404512,ilheus-ISSQN,ilheus,ISSQN
2025-09-01,2025-09-01,2,2025-11-01,7406094.559415126,4160972.7143659033,1057306.0956404512,ilheus-ISSQN,ilheus,ISSQN
2025-09-01,2025-09-01,3,2025-12-01,11649189.87,5413666.200955919,1057306.0956404512,ilheus-ISSQN,ilheus,ISSQN
2025-10-01,2025-10-01,1,2025-11-01,7406094.559415126,5250178.630793013,1075718.0382170232,ilheus-ISSQN,ilheus,ISSQN
2025-10-01,2025-10-01,2,2025-12-01,11649189.87,6081095.694233153,1075718.0382170232,ilheus-ISSQN,ilheus,ISSQN
2025-11-01,2025-11-01,1,2025-12-01,11649189.87,7136965.52295081,1104069.4968092788,ilheus-ISSQN,ilheus,ISSQN
