origin,train_end,step,target_date,y_true,y_pred,insample_scale,serie
2020-12-01,2020-12-01,1,2021-01-01,69000723.36417782,92835685.90633564,10145027.427750492,salvador-IPTU
2020-12-01,2020-12-01,2,2021-02-01,321045951.24377316,487961859.00271136,10145027.427750492,salvador-IPTU
2020-12-01,2020-12-01,3,2021-03-01,127432294.82771966,98852067.35482368,10145027.427750492,salvador-IPTU
2020-12-01,2020-12-01,4,2021-04-01,57077310.06476509,84738345.0777495,10145027.427750492,salvador-IPTU
2020-12-01,2020-12-01,5,2021-05-01,62874566.758613415,82380764.61568663,10145027.427750492,salvador-IPTU
2020-12-01,2020-12-01,6,2021-06-01,64970539.980599545,84400391.56471948,10145027.427750492,salvador-IPTU
2020-12-01,2020-12-01,7,2021-07-01,59657057.5193954,95521775.73769474,10145027.427750492,salvador-IPTU
2020-12-01,2020-12-01,8,2021-08-01,67559564.12545998,83732872.34176578,10145027.427750492,salvador-IPTU
2020-12-01,2020-12-01,9,2021-09-01,59308358.66786285,83009116.94947785,10145027.427750492,salvador-IPTU
2020-12-01,2020-12-01,10,2021-10-01,53898960.48452419,79068598.02760778,10145027.427750492,salvador-IPTU
2020-12-01,2020-12-01,11,2021-11-01,55536055.336053334,79150729.69112812,10145027.427750492,salvador-IPTU
2020-12-01,2020-12-01,12,2021-12-01,60702736.74751406,92960478.63892582,10145027.427750492,salvador-IPTU
2021-01-01,2021-01-01,1,2021-02-01,321045951.24377316,382910664.6430703,9997872.250671698,salvador-IPTU
2021-01-01,2021-01-01,2,2021-03-01,127432294.82771966,77607424.30756553,9997872.250671698,salvador-IPTU
2021-01-01,2021-01-01,3,2021-04-01,57077310.06476509,66558353.480844036,9997872.250671698,salvador-IPTU
2021-01-01,2021-01-01,4,2021-05-01,62874566.758613415,64737010.99888291,9997872.250671698,salvador-IPTU
2021-01-01,2021-01-01,5,2021-06-01,64970539.980599545,66355156.82389428,9997872.250671698,salvador-IPTU
2021-01-01,2021-01-01,6,2021-07-01,59657057.5193954,72936355.24779776,9997872.250671698,salvador-IPTU
2021-01-01,2021-01-01,7,2021-08-01,67559564.12545998,65891667.17696231,9997872.250671698,salvador-IPTU
2021-01-01,2021-01-01,8,2021-09-01,59308358.66786285,65352349.52025667,9997872.250671698,salvador-IPTU
2021-01-01,2021-01-01,9,2021-10-01,53898960.48452419,62278699.65225096,9997872.250671698,salvador-IPTU
2021-01-01,2021-01-01,10,2021-11-01,55536055.336053334,62372003.18883956,9997872.250671698,salvador-IPTU
2021-01-01,2021-01-01,11,2021-12-01,60702736.74751406,73287782.79548174,9997872.250671698,salvador-IPTU
2021-01-01,2021-01-01,12,2022-01-01,65044094.43652048,74838512.58837657,9997872.250671698,salvador-IPTU
2021-02-01,2021-02-01,1,2021-03-01,127432294.82771966,65791565.4296365,9942045.743510159,salvador-IPTU
2021-02-01,2021-02-01,2,2021-04-01,57077310.06476509,56442070.381339744,9942045.743510159,salvador-IPTU
2021-02-01,2021-02-01,3,2021-05-01,62874566.758613415,54914340.55626029,9942045.743510159,salvador-IPTU
2021-02-01,2021-02-01,4,2021-06-01,64970539.980599545,56304087.43937363,9942045.743510159,salvador-IPTU
2021-02-01,2021-02-01,5,2021-07-01,59657057.5193954,61907144.50992871,9942045.743510159,salvador-IPTU
2021-02-01,2021-02-01,6,2021-08-01,67559564.12545998,54445862.38735106,9942045.743510159,salvador-IPTU
2021-02-01,2021-02-01,7,2021-09-01,59308358.66786285,55503318.77532314,9942045.743510159,salvador-IPTU
2021-02-01,2021-02-01,8,2021-10-01,53898960.48452419,52908670.84607901,9942045.743510159,salvador-IPTU
2021-02-01,2021-02-01,9,2021-11-01,55536055.336053334,53003671.25619077,9942045.743510159,salvador-IPTU
2021-02-01,2021-02-01,10,2021-12-01,60702736.74751406,62298295.69847828,9942045.743510159,salvador-IPTU
2021-02-01,2021-02-01,11,2022-01-01,65044094.43652048,63635203.549157135,9942045.743510159,salvador-IPTU
2021-02-01,2021-02-01,12,2022-02-01,287530945.4916237,334714947.7495926,9942045.743510159,salvador-IPTU
2021-03-01,2021-03-01,1,2021-04-01,57077310.06476509,84656183.98991776,10736377.263564026,salvador-IPTU
2021-03-01,2021-03-01,2,2021-05-01,62874566.758613415,82315142.11165448,10736377.263564026,salvador-IPTU
2021-03-01,2021-03-01,3,2021-06-01,64970539.980599545,84347709.18408689,10736377.263564026,salvador-IPTU
2021-03-01,2021-03-01,4,2021-07-01,59657057.5193954,92686128.41642854,10736377.263564026,salvador-IPTU
2021-03-01,2021-03-01,5,2021-08-01,67559564.12545998,81466795.92477268,10736377.263564026,salvador-IPTU
2021-03-01,2021-03-01,6,2021-09-01,59308358.66786285,81017522.5563263,10736377.263564026,salvador-IPTU
2021-03-01,2021-03-01,7,2021-10-01,53898960.48452419,79073269.87815756,10736377.263564026,salvador-IPTU
2021-03-01,2021-03-01,8,2021-11-01,55536055.336053334,79168804.89069693,10736377.263564026,salvador-IPTU
2021-03-01,2021-03-01,9,2021-12-01,60702736.74751406,92997386.95084698,10736377.263564026,salvador-IPTU
2021-03-01,2021-03-01,10,2022-01-01,65044094.43652048,94937896.50279874,10736377.263564026,salvador-IPTU
2021-03-01,2021-03-01,11,2022-02-01,287530945.4916237,499075210.94093126,10736377.263564026,salvador-IPTU
2021-03-01,2021-03-01,12,2022-03-01,123924826.15024877,101116291.96888869,10736377.263564026,salvador-IPTU
2021-04-01,2021-04-01,1,2021-05-01,62874566.758613415,70936145.59511174,10751307.212843925,salvador-IPTU
2021-04-01,2021-04-01,2,2021-06-01,64970539.980599545,72702335.76506853,10751307.212843925,salvador-IPTU
2021-04-01,2021-04-01,3,2021-07-01,59657057.5193954,79905498.73916806,10751307.212843925,salvador-IPTU
2021-04-01,2021-04-01,4,2021-08-01,67559564.12545998,70247205.35271561,10751307.212843925,salvador-IPTU
2021-04-01,2021-04-01,5,2021-09-01,59308358.66786285,69873661.99060345,10751307.212843925,salvador-IPTU
2021-04-01,2021-04-01,6,2021-10-01,53898960.48452419,73216565.2655284,10751307.212843925,salvador-IPTU
2021-04-01,2021-04-01,7,2021-11-01,55536055.336053334,68306152.72472341,10751307.212843925,salvador-IPTU
2021-04-01,2021-04-01,8,2021-12-01,60702736.74751406,80253049.77990319,10751307.212843925,salvador-IPTU
2021-04-01,2021-04-01,9,2022-01-01,65044094.43652048,81943614.6140479,10751307.212843925,salvador-IPTU
2021-04-01,2021-04-01,10,2022-02-01,287530945.4916237,430849779.2534415,10751307.212843925,salvador-IPTU
2021-04-01,2021-04-01,11,2022-03-01,123924826.15024877,87310208.98419152,10751307.212843925,salvador-IPTU
2021-04-01,2021-04-01,12,2022-04-01,61648619.59981778,74868299.55149469,10751307.212843925,salvador-IPTU
2021-05-01,2021-05-01,1,2021-06-01,64970539.980599545,70077340.90526567,10815207.936321974,salvador-IPTU
2021-05-01,2021-05-01,2,2021-07-01,59657057.5193954,77022502.71194091,10815207.936321974,salvador-IPTU
2021-05-01,2021-05-01,3,2021-08-01,67559564.12545998,67714498.90717827,10815207.936321974,salvador-IPTU
2021-05-01,2021-05-01,4,2021-09-01,59308358.66786285,67356223.47592431,10815207.936321974,salvador-IPTU
2021-05-01,2021-05-01,5,2021-10-01,53898960.48452419,70580565.22571123,10815207.936321974,salvador-IPTU
2021-05-01,2021-05-01,6,2021-11-01,55536055.336053334,70612702.82686928,10815207.936321974,salvador-IPTU
2021-05-01,2021-05-01,7,2021-12-01,60702736.74751406,77367807.02483779,10815207.936321974,salvador-IPTU
2021-05-01,2021-05-01,8,2022-01-01,65044094.43652048,78999667.67791837,10815207.936321974,salvador-IPTU
2021-05-01,2021-05-01,9,2022-02-01,287530945.4916237,415381717.8453722,10815207.936321974,salvador-IPTU
2021-05-01,2021-05-01,10,2022-03-01,123924826.15024877,84177851.70455204,10815207.936321974,salvador-IPTU
2021-05-01,2021-05-01,11,2022-04-01,61648619.59981778,72184181.70917611,10815207.936321974,salvador-IPTU
2021-05-01,2021-05-01,12,2022-05-01,68259379.93383087,70200023.42033671,10815207.936321974,salvador-IPTU
2021-06-01,2021-06-01,1,2021-07-01,59657057.5193954,75281470.3854959,10818447.263454236,salvador-IPTU
2021-06-01,2021-06-01,2,2021-08-01,67559564.12545998,66184882.0321389,10818447.263454236,salvador-IPTU
2021-06-01,2021-06-01,3,2021-09-01,59308358.66786285,65835705.36691034,10818447.263454236,salvador-IPTU
2021-06-01,2021-06-01,4,2021-10-01,53898960.48452419,68988309.03518297,10818447.263454236,salvador-IPTU
2021-06-01,2021-06-01,5,2021-11-01,55536055.336053334,69020766.60128392,10818447.263454236,salvador-IPTU
2021-06-01,2021-06-01,6,2021-12-01,60702736.74751406,78977258.39917481,10818447.263454236,salvador-IPTU
2021-06-01,2021-06-01,7,2022-01-01,65044094.43652048,77220973.38154386,10818447.263454236,salvador-IPTU
2021-06-01,2021-06-01,8,2022-02-01,287530945.4916237,406035376.98464304,10818447.263454236,salvador-IPTU
2021-06-01,2021-06-01,9,2022-03-01,123924826.15024877,82285023.01016477,10818447.263454236,salvador-IPTU
2021-06-01,2021-06-01,10,2022-04-01,61648619.59981778,70562088.57469484,10818447.263454236,salvador-IPTU
2021-06-01,2021-06-01,11,2022-05-01,68259379.93383087,68623529.44569933,10818447.263454236,salvador-IPTU
2021-06-01,2021-06-01,12,2022-06-01,60097620.00360337,70331009.96836744,10818447.263454236,salvador-IPTU
2021-07-01,2021-07-01,1,2021-08-01,67559564.12545998,62077388.63624612,10717224.05574527,salvador-IPTU
2021-07-01,2021-07-01,2,2021-09-01,59308358.66786285,61752845.34001207,10717224.05574527,salvador-IPTU
2021-07-01,2021-07-01,3,2021-10-01,53898960.48452419,64713028.75196179,10717224.05574527,salvador-IPTU
2021-07-01,2021-07-01,4,2021-11-01,55536055.336053334,64746553.93076621,10717224.05574527,salvador-IPTU
2021-07-01,2021-07-01,5,2021-12-01,60702736.74751406,74089982.95448963,10717224.05574527,salvador-IPTU
2021-07-01,2021-07-01,6,2022-01-01,65044094.43652048,71901899.34354086,10717224.05574527,salvador-IPTU
2021-07-01,2021-07-01,7,2022-02-01,287530945.4916237,380944900.4515151,10717224.05574527,salvador-IPTU
2021-07-01,2021-07-01,8,2022-03-01,123924826.15024877,77203923.7820975,10717224.05574527,salvador-IPTU
2021-07-01,2021-07-01,9,2022-04-01,61648619.59981778,66207959.63654484,10717224.05574527,salvador-IPTU
2021-07-01,2021-07-01,10,2022-05-01,68259379.93383087,64392003.46550649,10717224.05574527,salvador-IPTU
2021-07-01,2021-07-01,11,2022-06-01,60097620.00360337,65997238.204933584,10717224.05574527,salvador-IPTU
2021-07-01,2021-07-01,12,2022-07-01,66773806.91903504,72538246.66767795,10717224.05574527,salvador-IPTU
2021-08-01,2021-08-01,1,2021-09-01,59308358.66786285,63512537.68606635,10827376.208947297,salvador-IPTU
2021-08-01,2021-08-01,2,2021-10-01,53898960.48452419,66553991.89510303,10827376.208947297,salvador-IPTU
2021-08-01,2021-08-01,3,2021-11-01,55536055.336053334,66585401.35426357,10827376.208947297,salvador-IPTU
2021-08-01,2021-08-01,4,2021-12-01,60702736.74751406,76190693.74518368,10827376.208947297,salvador-IPTU
2021-08-01,2021-08-01,5,2022-01-01,65044094.43652048,73937192.2698963,10827376.208947297,salvador-IPTU
2021-08-01,2021-08-01,6,2022-02-01,287530945.4916237,381170113.0911393,10827376.208947297,salvador-IPTU
2021-08-01,2021-08-01,7,2022-03-01,123924826.15024877,79382093.10485238,10827376.208947297,salvador-IPTU
2021-08-01,2021-08-01,8,2022-04-01,61648619.59981778,68072828.78025183,10827376.208947297,salvador-IPTU
2021-08-01,2021-08-01,9,2022-05-01,68259379.93383087,66202751.43928851,10827376.208947297,salvador-IPTU
2021-08-01,2021-08-01,10,2022-06-01,60097620.00360337,67850094.55393256,10827376.208947297,salvador-IPTU
2021-08-01,2021-08-01,11,2022-07-01,66773806.91903504,74571422.5864086,10827376.208947297,salvador-IPTU
2021-08-01,2021-08-01,12,2022-08-01,66532703.77148832,65556915.10622774,10827376.208947297,salvador-IPTU
2021-09-01,2021-09-01,1,2021-10-01,53898960.48452419,64436813.88103082,10788648.64640075,salvador-IPTU
2021-09-01,2021-09-01,2,2021-11-01,55536055.336053334,64467651.63832067,10788648.64640075,salvador-IPTU
2021-09-01,2021-09-01,3,2021-12-01,60702736.74751406,73767934.53977211,10788648.64640075,salvador-IPTU
2021-09-01,2021-09-01,4,2022-01-01,65044094.43652048,71586561.80625802,10788648.64640075,salvador-IPTU
2021-09-01,2021-09-01,5,2022-02-01,287530945.4916237,369054268.5220771,10788648.64640075,salvador-IPTU
2021-09-01,2021-09-01,6,2022-03-01,123924826.15024877,84891965.0208888,10788648.64640075,salvador-IPTU
2021-09-01,2021-09-01,7,2022-04-01,61648619.59981778,65909927.8407464,10788648.64640075,salvador-IPTU
2021-09-01,2021-09-01,8,2022-05-01,68259379.93383087,64099683.03667237,10788648.64640075,salvador-IPTU
2021-09-01,2021-09-01,9,2022-06-01,60097620.00360337,65695117.252733484,10788648.64640075,salvador-IPTU
2021-09-01,2021-09-01,10,2022-07-01,66773806.91903504,72203432.3439727,10788648.64640075,salvador-IPTU
2021-09-01,2021-09-01,11,2022-08-01,66532703.77148832,63475582.0666383,10788648.64640075,salvador-IPTU
2021-09-01,2021-09-01,12,2022-09-01,65121867.4887068,63137535.358597875,10788648.64640075,salvador-IPTU
2021-10-01,2021-10-01,1,2021-11-01,55536055.336053334,60691879.69115698,11072610.35444577,salvador-IPTU
2021-10-01,2021-10-01,2,2021-12-01,60702736.74751406,69450248.31557079,11072610.35444577,salvador-IPTU
2021-10-01,2021-10-01,3,2022-01-01,65044094.43652048,67399247.43057835,11072610.35444577,salvador-IPTU
2021-10-01,2021-10-01,4,2022-02-01,287530945.4916237,347480999.47409946,11072610.35444577,salvador-IPTU
2021-10-01,2021-10-01,5,2022-03-01,123924826.15024877,79932726.18236548,11072610.35444577,salvador-IPTU
2021-10-01,2021-10-01,6,2022-04-01,61648619.59981778,60615671.70885627,11072610.35444577,salvador-IPTU
2021-10-01,2021-10-01,7,2022-05-01,68259379.93383087,60359844.41498212,11072610.35444577,salvador-IPTU
2021-10-01,2021-10-01,8,2022-06-01,60097620.00360337,61864613.50439205,11072610.35444577,salvador-IPTU
2021-10-01,2021-10-01,9,2022-07-01,66773806.91903504,67996093.53528325,11072610.35444577,salvador-IPTU
2021-10-01,2021-10-01,10,2022-08-01,66532703.77148832,59779137.50402126,11072610.35444577,salvador-IPTU
2021-10-01,2021-10-01,11,2022-09-01,65121867.4887068,59463071.290172845,11072610.35444577,salvador-IPTU
2021-10-01,2021-10-01,12,2022-10-01,63488690.92613522,62309801.041045204,11072610.35444577,salvador-IPTU
2021-11-01,2021-11-01,1,2021-12-01,60702736.74751406,67145026.66347069,11333926.390600452,salvador-IPTU
2021-11-01,2021-11-01,2,2022-01-01,65044094.43652048,65161723.31575037,11333926.390600452,salvador-IPTU
2021-11-01,2021-11-01,3,2022-02-01,287530945.4916237,335943354.1161489,11333926.390600452,salvador-IPTU
2021-11-01,2021-11-01,4,2022-03-01,123924826.15024877,77278219.31284149,11333926.390600452,salvador-IPTU
2021-11-01,2021-11-01,5,2022-04-01,61648619.59981778,58602332.66288366,11333926.390600452,salvador-IPTU
2021-11-01,2021-11-01,6,2022-05-01,68259379.93383087,58385178.90872806,11333926.390600452,salvador-IPTU
2021-11-01,2021-11-01,7,2022-06-01,60097620.00360337,59809107.15955825,11333926.390600452,salvador-IPTU
2021-11-01,2021-11-01,8,2022-07-01,66773806.91903504,65736490.01425231,11333926.390600452,salvador-IPTU
2021-11-01,2021-11-01,9,2022-08-01,66532703.77148832,57792267.937275924,11333926.390600452,salvador-IPTU
2021-11-01,2021-11-01,10,2022-09-01,65121867.4887068,57486383.156824075,11333926.390600452,salvador-IPTU
2021-11-01,2021-11-01,11,2022-10-01,63488690.92613522,60238143.51218099,11333926.390600452,salvador-IPTU
2021-11-01,2021-11-01,12,2022-11-01,66039562.927257076,60265460.08225302,11333926.390600452,salvador-IPTU
2021-12-01,2021-12-01,1,2022-01-01,65044094.43652048,62663055.617813975,11571991.169759918,salvador-IPTU
2021-12-01,2021-12-01,2,2022-02-01,287530945.4916237,323057679.9210373,11571991.169759918,salvador-IPTU
2021-12-01,2021-12-01,3,2022-03-01,123924826.15024877,74313232.57681808,11571991.169759918,salvador-IPTU
2021-12-01,2021-12-01,4,2022-04-01,61648619.59981778,56353254.6632405,11571991.169759918,salvador-IPTU
2021-12-01,2021-12-01,5,2022-05-01,68259379.93383087,56143798.31285014,11571991.169759918,salvador-IPTU
2021-12-01,2021-12-01,6,2022-06-01,60097620.00360337,57905942.06042565,11571991.169759918,salvador-IPTU
2021-12-01,2021-12-01,7,2022-07-01,66773806.91903504,63211471.787896514,11571991.169759918,salvador-IPTU
2021-12-01,2021-12-01,8,2022-08-01,66532703.77148832,55571775.04681411,11571991.169759918,salvador-IPTU
2021-12-01,2021-12-01,9,2022-09-01,65121867.4887068,55277027.123142615,11571991.169759918,salvador-IPTU
2021-12-01,2021-12-01,10,2022-10-01,63488690.92613522,57922387.461763784,11571991.169759918,salvador-IPTU
2021-12-01,2021-12-01,11,2022-11-01,66039562.927257076,57948013.943552285,11571991.169759918,salvador-IPTU
2021-12-01,2021-12-01,12,2022-12-01,64797642.90815615,66305370.6985549,11571991.169759918,salvador-IPTU
2022-01-01,2022-01-01,1,2022-02-01,287530945.4916237,327989525.93830127,11467671.139046185,salvador-IPTU
2022-01-01,2022-01-01,2,2022-03-01,123924826.15024877,75441451.99103451,11467671.139046185,salvador-IPTU
2022-01-01,2022-01-01,3,2022-04-01,61648619.59981778,57204082.681327924,11467671.139046185,salvador-IPTU
2022-01-01,2022-01-01,4,2022-05-01,68259379.93383087,56986778.32995893,11467671.139046185,salvador-IPTU
2022-01-01,2022-01-01,5,2022-06-01,60097620.00360337,58770568.74463353,11467671.139046185,salvador-IPTU
2022-01-01,2022-01-01,6,2022-07-01,66773806.91903504,63096401.05454663,11467671.139046185,salvador-IPTU
2022-01-01,2022-01-01,7,2022-08-01,66532703.77148832,56392375.11145487,11467671.139046185,salvador-IPTU
2022-01-01,2022-01-01,8,2022-09-01,65121867.4887068,56088742.23631269,11467671.139046185,salvador-IPTU
2022-01-01,2022-01-01,9,2022-10-01,63488690.92613522,58768219.67446291,11467671.139046185,salvador-IPTU
2022-01-01,2022-01-01,10,2022-11-01,66039562.927257076,58789510.27677327,11467671.139046185,salvador-IPTU
2022-01-01,2022-01-01,11,2022-12-01,64797642.90815615,67262863.09785296,11467671.139046185,salvador-IPTU
2022-01-01,2022-01-01,12,2023-01-01,71842672.13965991,65266328.2005063,11467671.139046185,salvador-IPTU
2022-02-01,2022-02-01,1,2022-03-01,123924826.15024877,71816416.11722441,11765608.09327731,salvador-IPTU
2022-02-01,2022-02-01,2,2022-04-01,61648619.59981778,54454756.12146388,11765608.09327731,salvador-IPTU
2022-02-01,2022-02-01,3,2022-05-01,68259379.93383087,54247286.53646163,11765608.09327731,salvador-IPTU
2022-02-01,2022-02-01,4,2022-06-01,60097620.00360337,55944700.19396057,11765608.09327731,salvador-IPTU
2022-02-01,2022-02-01,5,2022-07-01,66773806.91903504,60061864.41396918,11765608.09327731,salvador-IPTU
2022-02-01,2022-02-01,6,2022-08-01,66532703.77148832,54930942.357909665,11765608.09327731,salvador-IPTU
2022-02-01,2022-02-01,7,2022-09-01,65121867.4887068,53390047.93561503,11765608.09327731,salvador-IPTU
2022-02-01,2022-02-01,8,2022-10-01,63488690.92613522,55939987.95343797,11765608.09327731,salvador-IPTU
2022-02-01,2022-02-01,9,2022-11-01,66039562.927257076,55959641.20319589,11765608.09327731,salvador-IPTU
2022-02-01,2022-02-01,10,2022-12-01,64797642.90815615,64024425.89016974,11765608.09327731,salvador-IPTU
2022-02-01,2022-02-01,11,2023-01-01,71842672.13965991,62123341.59716662,11765608.09327731,salvador-IPTU
2022-02-01,2022-02-01,12,2023-02-01,312279669.4451977,320227781.07037365,11765608.09327731,salvador-IPTU
2022-03-01,2022-03-01,1,2022-04-01,61648619.59981778,66677413.84691211,11655499.567733224,salvador-IPTU
2022-03-01,2022-03-01,2,2022-05-01,68259379.93383087,66408782.67902268,11655499.567733224,salvador-IPTU
2022-03-01,2022-03-01,3,2022-06-01,60097620.00360337,68471746.25117075,11655499.567733224,salvador-IPTU
2022-03-01,2022-03-01,4,2022-07-01,66773806.91903504,73494797.27283882,11655499.567733224,salvador-IPTU
2022-03-01,2022-03-01,5,2022-08-01,66532703.77148832,67201744.77544917,11655499.567733224,salvador-IPTU
2022-03-01,2022-03-01,6,2022-09-01,65121867.4887068,65745508.00543401,11655499.567733224,salvador-IPTU
2022-03-01,2022-03-01,7,2022-10-01,63488690.92613522,68406665.09642373,11655499.567733224,salvador-IPTU
2022-03-01,2022-03-01,8,2022-11-01,66039562.927257076,68416019.86112946,11655499.567733224,salvador-IPTU
2022-03-01,2022-03-01,9,2022-12-01,64797642.90815615,78259267.78157152,11655499.567733224,salvador-IPTU
2022-03-01,2022-03-01,10,2023-01-01,71842672.13965991,75919347.39365323,11655499.567733224,salvador-IPTU
2022-03-01,2022-03-01,11,2023-02-01,312279669.4451977,391259233.3684879,11655499.567733224,salvador-IPTU
2022-03-01,2022-03-01,12,2023-03-01,85661910.80764559,89969426.98525693,11655499.567733224,salvador-IPTU
2022-04-01,2022-04-01,1,2022-05-01,68259379.93383087,64629474.658511795,11562286.540987426,salvador-IPTU
2022-04-01,2022-04-01,2,2022-06-01,60097620.00360337,66639074.11576227,11562286.540987426,salvador-IPTU
2022-04-01,2022-04-01,3,2022-07-01,66773806.91903504,71529723.00368103,11562286.540987426,salvador-IPTU
2022-04-01,2022-04-01,4,2022-08-01,66532703.77148832,65406791.44897637,11562286.540987426,salvador-IPTU
2022-04-01,2022-04-01,5,2022-09-01,65121867.4887068,63991263.32248324,11562286.540987426,salvador-IPTU
2022-04-01,2022-04-01,6,2022-10-01,63488690.92613522,65727121.71235194,11562286.540987426,salvador-IPTU
2022-04-01,2022-04-01,7,2022-11-01,66039562.927257076,66594270.9783491,11562286.540987426,salvador-IPTU
2022-04-01,2022-04-01,8,2022-12-01,64797642.90815615,76177551.07612604,11562286.540987426,salvador-IPTU
2022-04-01,2022-04-01,9,2023-01-01,71842672.13965991,73901935.08430727,11562286.540987426,salvador-IPTU
2022-04-01,2022-04-01,10,2023-02-01,312279669.4451977,380872849.72976375,11562286.540987426,salvador-IPTU
2022-04-01,2022-04-01,11,2023-03-01,85661910.80764559,87583520.17388739,11562286.540987426,salvador-IPTU
2022-04-01,2022-04-01,12,2023-04-01,68003023.29737547,66394504.60823567,11562286.540987426,salvador-IPTU
2022-05-01,2022-05-01,1,2022-06-01,60097620.00360337,67787217.61670832,11482059.614159247,salvador-IPTU
2022-05-01,2022-05-01,2,2022-07-01,66773806.91903504,72760851.28543879,11482059.614159247,salvador-IPTU
2022-05-01,2022-05-01,3,2022-08-01,66532703.77148832,66531371.618111074,11482059.614159247,salvador-IPTU
2022-05-01,2022-05-01,4,2022-09-01,65121867.4887068,65090371.220133334,11482059.614159247,salvador-IPTU
2022-05-01,2022-05-01,5,2022-10-01,63488690.92613522,66854884.03117197,11482059.614159247,salvador-IPTU
2022-05-01,2022-05-01,6,2022-11-01,66039562.927257076,67103920.0815142,11482059.614159247,salvador-IPTU
2022-05-01,2022-05-01,7,2022-12-01,64797642.90815615,77481949.75325686,11482059.614159247,salvador-IPTU
2022-05-01,2022-05-01,8,2023-01-01,71842672.13965991,75166078.06735018,11482059.614159247,salvador-IPTU
2022-05-01,2022-05-01,9,2023-02-01,312279669.4451977,387381316.31321895,11482059.614159247,salvador-IPTU
2022-05-01,2022-05-01,10,2023-03-01,85661910.80764559,89078655.70281248,11482059.614159247,salvador-IPTU
2022-05-01,2022-05-01,11,2023-04-01,68003023.29737547,67526777.26947714,11482059.614159247,salvador-IPTU
2022-05-01,2022-05-01,12,2023-05-01,80927117.99548042,67252579.02697137,11482059.614159247,salvador-IPTU
2022-06-01,2022-06-01,1,2022-07-01,66773806.91903504,70521143.85960165,11397327.054708438,salvador-IPTU
2022-06-01,2022-06-01,2,2022-08-01,66532703.77148832,64484572.40766433,11397327.054708438,salvador-IPTU
2022-06-01,2022-06-01,3,2022-09-01,65121867.4887068,63089028.11577194,11397327.054708438,salvador-IPTU
2022-06-01,2022-06-01,4,2022-10-01,63488690.92613522,64800437.866606824,11397327.054708438,salvador-IPTU
2022-06-01,2022-06-01,5,2022-11-01,66039562.927257076,65042971.64708553,11397327.054708438,salvador-IPTU
2022-06-01,2022-06-01,6,2022-12-01,64797642.90815615,73972928.03076006,11397327.054708438,salvador-IPTU
2022-06-01,2022-06-01,7,2023-01-01,71842672.13965991,72860081.38286722,11397327.054708438,salvador-IPTU
2022-06-01,2022-06-01,8,2023-02-01,312279669.4451977,375503533.0634957,11397327.054708438,salvador-IPTU
2022-06-01,2022-06-01,9,2023-03-01,85661910.80764559,86348854.0905972,11397327.054708438,salvador-IPTU
2022-06-01,2022-06-01,10,2023-04-01,68003023.29737547,65458565.87655217,11397327.054708438,salvador-IPTU
2022-06-01,2022-06-01,11,2023-05-01,80927117.99548042,65193893.18037743,11397327.054708438,salvador-IPTU
2022-06-01,2022-06-01,12,2023-06-01,69943842.947167,67218138.77742173,11397327.054708438,salvador-IPTU
2022-07-01,2022-07-01,1,2022-08-01,66532703.77148832,63628154.10024896,11343142.527429085,salvador-IPTU
2022-07-01,2022-07-01,2,2022-09-01,65121867.4887068,62250678.95948995,11343142.527429085,salvador-IPTU
2022-07-01,2022-07-01,3,2022-10-01,63488690.92613522,63938871.06315657,11343142.527429085,salvador-IPTU
2022-07-01,2022-07-01,4,2022-11-01,66039562.927257076,64177704.39674536,11343142.527429085,salvador-IPTU
2022-07-01,2022-07-01,5,2022-12-01,64797642.90815615,72988326.43448907,11343142.527429085,salvador-IPTU
2022-07-01,2022-07-01,6,2023-01-01,71842672.13965991,71775930.98977594,11343142.527429085,salvador-IPTU
2022-07-01,2022-07-01,7,2023-02-01,312279669.4451977,370500028.1700855,11343142.527429085,salvador-IPTU
2022-07-01,2022-07-01,8,2023-03-01,85661910.80764559,85197651.82940167,11343142.527429085,salvador-IPTU
2022-07-01,2022-07-01,9,2023-04-01,68003023.29737547,64585402.961096674,11343142.527429085,salvador-IPTU
2022-07-01,2022-07-01,10,2023-05-01,80927117.99548042,64323794.627199695,11343142.527429085,salvador-IPTU
2022-07-01,2022-07-01,11,2023-06-01,69943842.947167,66320545.17927738,11343142.527429085,salvador-IPTU
2022-07-01,2022-07-01,12,2023-07-01,68426714.10914947,71184241.53373925,11343142.527429085,salvador-IPTU
2022-08-01,2022-08-01,1,2022-09-01,65121867.4887068,63010516.592101656,11214189.000260867,salvador-IPTU
2022-08-01,2022-08-01,2,2022-10-01,63488690.92613522,64717573.76940987,11214189.000260867,salvador-IPTU
2022-08-01,2022-08-01,3,2022-11-01,66039562.927257076,64957574.80284918,11214189.000260867,salvador-IPTU
2022-08-01,2022-08-01,4,2022-12-01,64797642.90815615,73873288.65613933,11214189.000260867,salvador-IPTU
2022-08-01,2022-08-01,5,2023-01-01,71842672.13965991,72644260.85824335,11214189.000260867,salvador-IPTU
2022-08-01,2022-08-01,6,2023-02-01,312279669.4451977,366793942.85030484,11214189.000260867,salvador-IPTU
2022-08-01,2022-08-01,7,2023-03-01,85661910.80764559,86223793.24273345,11214189.000260867,salvador-IPTU
2022-08-01,2022-08-01,8,2023-04-01,68003023.29737547,65361566.176828176,11214189.000260867,salvador-IPTU
2022-08-01,2022-08-01,9,2023-05-01,80927117.99548042,65095108.11367099,11214189.000260867,salvador-IPTU
2022-08-01,2022-08-01,10,2023-06-01,69943842.947167,67114049.74179472,11214189.000260867,salvador-IPTU
2022-08-01,2022-08-01,11,2023-07-01,68426714.10914947,72034065.0716087,11214189.000260867,salvador-IPTU
2022-08-01,2022-08-01,12,2023-08-01,71716634.04572195,65862959.2447387,11214189.000260867,salvador-IPTU
2022-09-01,2022-09-01,1,2022-10-01,63488690.92613522,65135612.41169727,11147513.936317448,salvador-IPTU
2022-09-01,2022-09-01,2,2022-11-01,66039562.927257076,65374602.52650508,11147513.936317448,salvador-IPTU
2022-09-01,2022-09-01,3,2022-12-01,64797642.90815615,74344653.44796416,11147513.936317448,salvador-IPTU
2022-09-01,2022-09-01,4,2023-01-01,71842672.13965991,73104940.67158529,11147513.936317448,salvador-IPTU
2022-09-01,2022-09-01,5,2023-02-01,312279669.4451977,369105697.3119462,11147513.936317448,salvador-IPTU
2022-09-01,2022-09-01,6,2023-03-01,85661910.80764559,94045064.11639465,11147513.936317448,salvador-IPTU
2022-09-01,2022-09-01,7,2023-04-01,68003023.29737547,65768445.46505899,11147513.936317448,salvador-IPTU
2022-09-01,2022-09-01,8,2023-05-01,80927117.99548042,65497818.880355276,11147513.936317448,salvador-IPTU
2022-09-01,2022-09-01,9,2023-06-01,69943842.947167,67526672.61116888,11147513.936317448,salvador-IPTU
2022-09-01,2022-09-01,10,2023-07-01,68426714.10914947,72474179.75895368,11147513.936317448,salvador-IPTU
2022-09-01,2022-09-01,11,2023-08-01,71716634.04572195,66262858.24173683,11147513.936317448,salvador-IPTU
2022-09-01,2022-09-01,12,2023-09-01,64678015.45114056,64821450.108255774,11147513.936317448,salvador-IPTU
2022-10-01,2022-10-01,1,2022-11-01,66039562.927257076,64862127.445421904,11128516.576625906,salvador-IPTU
2022-10-01,2022-10-01,2,2022-12-01,64797642.90815615,73761623.94008969,11128516.576625906,salvador-IPTU
2022-10-01,2022-10-01,3,2023-01-01,71842672.13965991,72531400.41459095,11128516.576625906,salvador-IPTU
2022-10-01,2022-10-01,4,2023-02-01,312279669.4451977,366208729.9995412,11128516.576625906,salvador-IPTU
2022-10-01,2022-10-01,5,2023-03-01,85661910.80764559,93306643.50424027,11128516.576625906,salvador-IPTU
2022-10-01,2022-10-01,6,2023-04-01,68003023.29737547,65587084.41128373,11128516.576625906,salvador-IPTU
2022-10-01,2022-10-01,7,2023-05-01,80927117.99548042,64983132.77541777,11128516.576625906,salvador-IPTU
2022-10-01,2022-10-01,8,2023-06-01,69943842.947167,66995832.40621173,11128516.576625906,salvador-IPTU
2022-10-01,2022-10-01,9,2023-07-01,68426714.10914947,71904220.3527328,11128516.576625906,salvador-IPTU
2022-10-01,2022-10-01,10,2023-08-01,71716634.04572195,65741540.80520158,11128516.576625906,salvador-IPTU
2022-10-01,2022-10-01,11,2023-09-01,64678015.45114056,64311272.2428873,11128516.576625906,salvador-IPTU
2022-10-01,2022-10-01,12,2023-10-01,70665245.44717538,66048141.62660898,11128516.576625906,salvador-IPTU
2022-11-01,2022-11-01,1,2022-12-01,64797642.90815615,74104726.1941026,11120986.34788588,salvador-IPTU
2022-11-01,2022-11-01,2,2023-01-01,71842672.13965991,72867619.22465119,11120986.34788588,salvador-IPTU
2022-11-01,2022-11-01,3,2023-02-01,312279669.4451977,367900447.26981485,11120986.34788588,salvador-IPTU
2022-11-01,2022-11-01,4,2023-03-01,85661910.80764559,93736194.8626288,11120986.34788588,salvador-IPTU
2022-11-01,2022-11-01,5,2023-04-01,68003023.29737547,65887986.06915671,11120986.34788588,salvador-IPTU
2022-11-01,2022-11-01,6,2023-05-01,80927117.99548042,66612377.736565724,11120986.34788588,salvador-IPTU
2022-11-01,2022-11-01,7,2023-06-01,69943842.947167,67301087.07410105,11120986.34788588,salvador-IPTU
2022-11-01,2022-11-01,8,2023-07-01,68426714.10914947,72230713.02291752,11120986.34788588,salvador-IPTU
2022-11-01,2022-11-01,9,2023-08-01,71716634.04572195,66039024.87203347,11120986.34788588,salvador-IPTU
2022-11-01,2022-11-01,10,2023-09-01,64678015.45114056,64601284.23101537,11120986.34788588,salvador-IPTU
2022-11-01,2022-11-01,11,2023-10-01,70665245.44717538,66344962.67976964,11120986.34788588,salvador-IPTU
2022-11-01,2022-11-01,12,2023-11-01,64278105.00756604,66584523.91974208,11120986.34788588,salvador-IPTU
2022-12-01,2022-12-01,1,2023-01-01,71842672.13965991,70167415.76676996,11037342.536132976,salvador-IPTU
2022-12-01,2022-12-01,2,2023-02-01,312279669.4451977,354273951.68959904,11037342.536132976,salvador-IPTU
2022-12-01,2022-12-01,3,2023-03-01,85661910.80764559,90266000.58421968,11037342.536132976,salvador-IPTU
2022-12-01,2022-12-01,4,2023-04-01,68003023.29737547,63449917.27243939,11037342.536132976,salvador-IPTU
2022-12-01,2022-12-01,5,2023-05-01,80927117.99548042,64148673.57330178,11037342.536132976,salvador-IPTU
2022-12-01,2022-12-01,6,2023-06-01,69943842.947167,64544435.63338329,11037342.536132976,salvador-IPTU
2022-12-01,2022-12-01,7,2023-07-01,68426714.10914947,69561733.50243682,11037342.536132976,salvador-IPTU
2022-12-01,2022-12-01,8,2023-08-01,71716634.04572195,63599979.91601611,11037342.536132976,salvador-IPTU
2022-12-01,2022-12-01,9,2023-09-01,64678015.45114056,62216457.936300136,11037342.536132976,salvador-IPTU
2022-12-01,2022-12-01,10,2023-10-01,70665245.44717538,63896910.72624918,11037342.536132976,salvador-IPTU
2022-12-01,2022-12-01,11,2023-11-01,64278105.00756604,64128776.60352791,11037342.536132976,salvador-IPTU
2022-12-01,2022-12-01,12,2023-12-01,104574689.04816487,72924965.25807603,11037342.536132976,salvador-IPTU
2023-01-01,2023-01-01,1,2023-02-01,312279669.4451977,356773638.9363313,10987474.714568347,salvador-IPTU
2023-01-01,2023-01-01,2,2023-03-01,85661910.80764559,90900593.4331023,10987474.714568347,salvador-IPTU
2023-01-01,2023-01-01,3,2023-04-01,68003023.29737547,63894371.023021705,10987474.714568347,salvador-IPTU
2023-01-01,2023-01-01,4,2023-05-01,80927117.99548042,64596394.86624082,10987474.714568347,salvador-IPTU
2023-01-01,2023-01-01,5,2023-06-01,69943842.947167,64993287.90814989,10987474.714568347,salvador-IPTU
2023-01-01,2023-01-01,6,2023-07-01,68426714.10914947,70060021.4088773,10987474.714568347,salvador-IPTU
2023-01-01,2023-01-01,7,2023-08-01,71716634.04572195,64039067.008909285,10987474.714568347,salvador-IPTU
2023-01-01,2023-01-01,8,2023-09-01,64678015.45114056,62644437.931877285,10987474.714568347,salvador-IPTU
2023-01-01,2023-01-01,9,2023-10-01,70665245.44717538,64334858.681678034,10987474.714568347,salvador-IPTU
2023-01-01,2023-01-01,10,2023-11-01,64278105.00756604,64566722.034673154,10987474.714568347,salvador-IPTU
2023-01-01,2023-01-01,11,2023-12-01,104574689.04816487,73421177.66408587,10987474.714568347,salvador-IPTU
2023-01-01,2023-01-01,12,2024-01-01,171289802.2674211,72192214.25487468,10987474.714568347,salvador-IPTU
2023-02-01,2023-02-01,1,2023-03-01,85661910.80764559,87508202.8895692,11147489.240603298,salvador-IPTU
2023-02-01,2023-02-01,2,2023-04-01,68003023.29737547,61510435.82336095,11147489.240603298,salvador-IPTU
2023-02-01,2023-02-01,3,2023-05-01,80927117.99548042,62186860.04725897,11147489.240603298,salvador-IPTU
2023-02-01,2023-02-01,4,2023-06-01,69943842.947167,62569543.23160573,11147489.240603298,salvador-IPTU
2023-02-01,2023-02-01,5,2023-07-01,68426714.10914947,67447965.82358316,11147489.240603298,salvador-IPTU
2023-02-01,2023-02-01,6,2023-08-01,71716634.04572195,62251583.20202781,11147489.240603298,salvador-IPTU
2023-02-01,2023-02-01,7,2023-09-01,64678015.45114056,60309994.8066156,11147489.240603298,salvador-IPTU
2023-02-01,2023-02-01,8,2023-10-01,70665245.44717538,61938002.52359401,11147489.240603298,salvador-IPTU
2023-02-01,2023-02-01,9,2023-11-01,64278105.00756604,62161808.06372374,11147489.240603298,salvador-IPTU
2023-02-01,2023-02-01,10,2023-12-01,104574689.04816487,70687119.90613975,11147489.240603298,salvador-IPTU
2023-02-01,2023-02-01,11,2024-01-01,171289802.2674211,69504565.092544,11147489.240603298,salvador-IPTU
2023-02-01,2023-02-01,12,2024-02-01,340945987.3121734,350908179.5490885,11147489.240603298,salvador-IPTU
2023-03-01,2023-03-01,1,2023-04-01,68003023.29737547,61085404.234709,11459160.8049941,salvador-IPTU
2023-03-01,2023-03-01,2,2023-05-01,80927117.99548042,61755716.43314034,11459160.8049941,salvador-IPTU
2023-03-01,2023-03-01,3,2023-06-01,69943842.947167,62134304.81294697,11459160.8049941,salvador-IPTU
2023-03-01,2023-03-01,4,2023-07-01,68426714.10914947,66977244.25108651,11459160.8049941,salvador-IPTU
2023-03-01,2023-03-01,5,2023-08-01,71716634.04572195,61815703.28561895,11459160.8049941,salvador-IPTU
2023-03-01,2023-03-01,6,2023-09-01,64678015.45114056,60538753.798988484,11459160.8049941,salvador-IPTU
2023-03-01,2023-03-01,7,2023-10-01,70665245.44717538,61501499.63235273,11459160.8049941,salvador-IPTU
2023-03-01,2023-03-01,8,2023-11-01,64278105.00756604,61722321.06003498,11459160.8049941,salvador-IPTU
2023-03-01,2023-03-01,9,2023-12-01,104574689.04816487,70185764.40770693,11459160.8049941,salvador-IPTU
2023-03-01,2023-03-01,10,2024-01-01,171289802.2674211,69010035.08406708,11459160.8049941,salvador-IPTU
2023-03-01,2023-03-01,11,2024-02-01,340945987.3121734,348403584.8101234,11459160.8049941,salvador-IPTU
2023-03-01,2023-03-01,12,2024-03-01,83011395.96234319,88763483.9657121,11459160.8049941,salvador-IPTU
2023-04-01,2023-04-01,1,2023-05-01,80927117.99548042,63795814.54627357,11401152.201500507,salvador-IPTU
2023-04-01,2023-04-01,2,2023-06-01,69943842.947167,64183515.58065677,11401152.201500507,salvador-IPTU
2023-04-01,2023-04-01,3,2023-07-01,68426714.10914947,69182531.23331206,11401152.201500507,salvador-IPTU
2023-04-01,2023-04-01,4,2023-08-01,71716634.04572195,63847689.04563459,11401152.201500507,salvador-IPTU
2023-04-01,2023-04-01,5,2023-09-01,64678015.45114056,62525492.15611934,11401152.201500507,salvador-IPTU
2023-04-01,2023-04-01,6,2023-10-01,70665245.44717538,63909513.81201683,11401152.201500507,salvador-IPTU
2023-04-01,2023-04-01,7,2023-11-01,64278105.00756604,63741264.642864026,11401152.201500507,salvador-IPTU
2023-04-01,2023-04-01,8,2023-12-01,104574689.04816487,72477794.62194581,11401152.201500507,salvador-IPTU
2023-04-01,2023-04-01,9,2024-01-01,171289802.2674211,71259992.2568915,11401152.201500507,salvador-IPTU
2023-04-01,2023-04-01,10,2024-02-01,340945987.3121734,359744200.7264005,11401152.201500507,salvador-IPTU
2023-04-01,2023-04-01,11,2024-03-01,83011395.96234319,91648058.13791092,11401152.201500507,salvador-IPTU
2023-04-01,2023-04-01,12,2024-04-01,90762029.71183957,64413190.138845645,11401152.201500507,salvador-IPTU
2023-05-01,2023-05-01,1,2023-06-01,69943842.947167,69261487.9363143,11415383.503299935,salvador-IPTU
2023-05-01,2023-05-01,2,2023-07-01,68426714.10914947,74650610.16791129,11415383.503299935,salvador-IPTU
2023-05-01,2023-05-01,3,2023-08-01,71716634.04572195,68889145.89059292,11415383.503299935,salvador-IPTU
2023-05-01,2023-05-01,4,2023-09-01,64678015.45114056,67457702.36049329,11415383.503299935,salvador-IPTU
2023-05-01,2023-05-01,5,2023-10-01,70665245.44717538,68945964.64628516,11415383.503299935,salvador-IPTU
2023-05-01,2023-05-01,6,2023-11-01,64278105.00756604,69446667.64061679,11415383.503299935,salvador-IPTU
2023-05-01,2023-05-01,7,2023-12-01,104574689.04816487,78178340.03847149,11415383.503299935,salvador-IPTU
2023-05-01,2023-05-01,8,2024-01-01,171289802.2674211,76859307.65898377,11415383.503299935,salvador-IPTU
2023-05-01,2023-05-01,9,2024-02-01,340945987.3121734,387984006.54962695,11415383.503299935,salvador-IPTU
2023-05-01,2023-05-01,10,2024-03-01,83011395.96234319,98835443.578453,11415383.503299935,salvador-IPTU
2023-05-01,2023-05-01,11,2024-04-01,90762029.71183957,69459840.94869979,11415383.503299935,salvador-IPTU
2023-05-01,2023-05-01,12,2024-05-01,79993888.20816118,70210959.58468188,11415383.503299935,salvador-IPTU
2023-06-01,2023-06-01,1,2023-07-01,68426714.10914947,74954322.40293072,11397948.38596953,salvador-IPTU
2023-06-01,2023-06-01,2,2023-08-01,71716634.04572195,69169426.88608402,11397948.38596953,salvador-IPTU
2023-06-01,2023-06-01,3,2023-09-01,64678015.45114056,67732168.1847378,11397948.38596953,salvador-IPTU
2023-06-01,2023-06-01,4,2023-10-01,70665245.44717538,69226494.71341707,11397948.38596953,salvador-IPTU
2023-06-01,2023-06-01,5,2023-11-01,64278105.00756604,69729243.95870778,11397948.38596953,salvador-IPTU
2023-06-01,2023-06-01,6,2023-12-01,104574689.04816487,77748117.70065415,11397948.38596953,salvador-IPTU
2023-06-01,2023-06-01,7,2024-01-01,171289802.2674211,77172065.53712966,11397948.38596953,salvador-IPTU
2023-06-01,2023-06-01,8,2024-02-01,340945987.3121734,389562850.71142554,11397948.38596953,salvador-IPTU
2023-06-01,2023-06-01,9,2024-03-01,83011395.96234319,99237652.56060076,11397948.38596953,salvador-IPTU
2023-06-01,2023-06-01,10,2024-04-01,90762029.71183957,69742515.29505023,11397948.38596953,salvador-IPTU
2023-06-01,2023-06-01,11,2024-05-01,79993888.20816118,70496699.58389089,11397948.38596953,salvador-IPTU
2023-06-01,2023-06-01,12,2024-06-01,71206487.06124279,70917719.80059835,11397948.38596953,salvador-IPTU
2023-07-01,2023-07-01,1,2023-08-01,71716634.04572195,67287299.86398725,11290860.021179913,salvador-IPTU
2023-07-01,2023-07-01,2,2023-09-01,64678015.45114056,65890699.746780075,11290860.021179913,salvador-IPTU
2023-07-01,2023-07-01,3,2023-10-01,70665245.44717538,67345978.50238234,11290860.021179913,salvador-IPTU
2023-07-01,2023-07-01,4,2023-11-01,64278105.00756604,67836656.22467408,11290860.021179913,salvador-IPTU
2023-07-01,2023-07-01,5,2023-12-01,104574689.04816487,75639644.15805046,11290860.021179913,salvador-IPTU
2023-07-01,2023-07-01,6,2024-01-01,171289802.2674211,75436616.80735779,11290860.021179913,salvador-IPTU
2023-07-01,2023-07-01,7,2024-02-01,340945987.3121734,379015755.7000764,11290860.021179913,salvador-IPTU
2023-07-01,2023-07-01,8,2024-03-01,83011395.96234319,96553101.66448879,11290860.021179913,salvador-IPTU
2023-07-01,2023-07-01,9,2024-04-01,90762029.71183957,67857419.29464099,11290860.021179913,salvador-IPTU
2023-07-01,2023-07-01,10,2024-05-01,79993888.20816118,68592790.42336968,11290860.021179913,salvador-IPTU
2023-07-01,2023-07-01,11,2024-06-01,71206487.06124279,69004016.36187749,11290860.021179913,salvador-IPTU
2023-07-01,2023-07-01,12,2024-07-01,73709055.35130495,74372438.08328432,11290860.021179913,salvador-IPTU
2023-08-01,2023-08-01,1,2023-09-01,64678015.45114056,67175890.23685795,11224480.350017453,salvador-IPTU
2023-08-01,2023-08-01,2,2023-10-01,70665245.44717538,68658204.97981709,11224480.350017453,salvador-IPTU
2023-08-01,2023-08-01,3,2023-11-01,64278105.00756604,69157089.10247336,11224480.350017453,salvador-IPTU
2023-08-01,2023-08-01,4,2023-12-01,104574689.04816487,77110456.14152086,11224480.350017453,salvador-IPTU
2023-08-01,2023-08-01,5,2024-01-01,171289802.2674211,76901984.74833204,11224480.350017453,salvador-IPTU
2023-08-01,2023-08-01,6,2024-02-01,340945987.3121734,381171542.9583663,11224480.350017453,salvador-IPTU
2023-08-01,2023-08-01,7,2024-03-01,83011395.96234319,98424849.51269469,11224480.350017453,salvador-IPTU
2023-08-01,2023-08-01,8,2024-04-01,90762029.71183957,69171549.12534747,11224480.350017453,salvador-IPTU
2023-08-01,2023-08-01,9,2024-05-01,79993888.20816118,69919818.85510296,11224480.350017453,salvador-IPTU
2023-08-01,2023-08-01,10,2024-06-01,71206487.06124279,70337654.31023623,11224480.350017453,salvador-IPTU
2023-08-01,2023-08-01,11,2024-07-01,73709055.35130495,75808385.06454755,11224480.350017453,salvador-IPTU
2023-08-01,2023-08-01,12,2024-08-01,101732876.40822683,69955609.13451336,11224480.350017453,salvador-IPTU
2023-09-01,2023-09-01,1,2023-10-01,70665245.44717538,67924141.20137456,11108559.615474965,salvador-IPTU
2023-09-01,2023-09-01,2,2023-11-01,64278105.00756604,68418251.31587225,11108559.615474965,salvador-IPTU
2023-09-01,2023-09-01,3,2023-12-01,104574689.04816487,76287270.97377546,11108559.615474965,salvador-IPTU
2023-09-01,2023-09-01,4,2024-01-01,171289802.2674211,76081643.5777236,11108559.615474965,salvador-IPTU
2023-09-01,2023-09-01,5,2024-02-01,340945987.3121734,377108504.38257295,11108559.615474965,salvador-IPTU
2023-09-01,2023-09-01,6,2024-03-01,83011395.96234319,96894099.45547064,11108559.615474965,salvador-IPTU
2023-09-01,2023-09-01,7,2024-04-01,90762029.71183957,68435329.38243812,11108559.615474965,salvador-IPTU
2023-09-01,2023-09-01,8,2024-05-01,79993888.20816118,69176190.03696004,11108559.615474965,salvador-IPTU
2023-09-01,2023-09-01,9,2024-06-01,71206487.06124279,69590138.18370067,11108559.615474965,salvador-IPTU
2023-09-01,2023-09-01,10,2024-07-01,73709055.35130495,75003326.4459864,11108559.615474965,salvador-IPTU
2023-09-01,2023-09-01,11,2024-08-01,101732876.40822683,69213254.92315458,11108559.615474965,salvador-IPTU
2023-09-01,2023-09-01,12,2024-09-01,84187344.93966614,67773725.03970434,11108559.615474965,salvador-IPTU
2023-10-01,2023-10-01,1,2023-11-01,64278105.00756604,69176329.41593957,11066729.77404481,salvador-IPTU
2023-10-01,2023-10-01,2,2023-12-01,104574689.04816487,77131670.04735067,11066729.77404481,salvador-IPTU
2023-10-01,2023-10-01,3,2024-01-01,171289802.2674211,76922903.59870745,11066729.77404481,salvador-IPTU
2023-10-01,2023-10-01,4,2024-02-01,340945987.3121734,381274054.74951386,11066729.77404481,salvador-IPTU
2023-10-01,2023-10-01,5,2024-03-01,83011395.96234319,97963302.26932368,11066729.77404481,salvador-IPTU
2023-10-01,2023-10-01,6,2024-04-01,90762029.71183957,69909547.20340566,11066729.77404481,salvador-IPTU
2023-10-01,2023-10-01,7,2024-05-01,79993888.20816118,69937980.9435936,11066729.77404481,salvador-IPTU
2023-10-01,2023-10-01,8,2024-06-01,71206487.06124279,70355711.0294604,11066729.77404481,salvador-IPTU
2023-10-01,2023-10-01,9,2024-07-01,73709055.35130495,75827616.40509172,11066729.77404481,salvador-IPTU
2023-10-01,2023-10-01,10,2024-08-01,101732876.40822683,69973144.35136862,11066729.77404481,salvador-IPTU
2023-10-01,2023-10-01,11,2024-09-01,84187344.93966614,68517060.94059776,11066729.77404481,salvador-IPTU
2023-10-01,2023-10-01,12,2024-10-01,87790278.56480853,70026539.82127497,11066729.77404481,salvador-IPTU
2023-11-01,2023-11-01,1,2023-12-01,104574689.04816487,75469079.95374013,10968779.54399898,salvador-IPTU
2023-11-01,2023-11-01,2,2024-01-01,171289802.2674211,75265643.81096363,10968779.54399898,salvador-IPTU
2023-11-01,2023-11-01,3,2024-02-01,340945987.3121734,373063826.2270811,10968779.54399898,salvador-IPTU
2023-11-01,2023-11-01,4,2024-03-01,83011395.96234319,95854843.68792015,10968779.54399898,salvador-IPTU
2023-11-01,2023-11-01,5,2024-04-01,90762029.71183957,68405635.26666996,10968779.54399898,salvador-IPTU
2023-11-01,2023-11-01,6,2024-05-01,79993888.20816118,70779889.90966372,10968779.54399898,salvador-IPTU
2023-11-01,2023-11-01,7,2024-06-01,71206487.06124279,68843697.89158343,10968779.54399898,salvador-IPTU
2023-11-01,2023-11-01,8,2024-07-01,73709055.35130495,74198809.35838325,10968779.54399898,salvador-IPTU
2023-11-01,2023-11-01,9,2024-08-01,101732876.40822683,68470832.00545597,10968779.54399898,salvador-IPTU
2023-11-01,2023-11-01,10,2024-09-01,84187344.93966614,67046731.12282975,10968779.54399898,salvador-IPTU
2023-11-01,2023-11-01,11,2024-10-01,87790278.56480853,68524551.76609127,10968779.54399898,salvador-IPTU
2023-11-01,2023-11-01,12,2024-11-01,62217090.58048794,69020814.16235518,10968779.54399898,salvador-IPTU
2023-12-01,2023-12-01,1,2024-01-01,171289802.2674211,83388921.814612,11268865.654374084,salvador-IPTU
2023-12-01,2023-12-01,2,2024-02-01,340945987.3121734,413296004.9330463,11268865.654374084,salvador-IPTU
2023-12-01,2023-12-01,3,2024-03-01,83011395.96234319,106183913.30017239,11268865.654374084,salvador-IPTU
2023-12-01,2023-12-01,4,2024-04-01,90762029.71183957,75771039.73725906,11268865.654374084,salvador-IPTU
2023-12-01,2023-12-01,5,2024-05-01,79993888.20816118,78394944.65640135,11268865.654374084,salvador-IPTU
2023-12-01,2023-12-01,6,2024-06-01,71206487.06124279,76985990.17600915,11268865.654374084,salvador-IPTU
2023-12-01,2023-12-01,7,2024-07-01,73709055.35130495,82169197.37248531,11268865.654374084,salvador-IPTU
2023-12-01,2023-12-01,8,2024-08-01,101732876.40822683,75820184.54966056,11268865.654374084,salvador-IPTU
2023-12-01,2023-12-01,9,2024-09-01,84187344.93966614,74237624.77625637,11268865.654374084,salvador-IPTU
2023-12-01,2023-12-01,10,2024-10-01,87790278.56480853,75868237.33207987,11268865.654374084,salvador-IPTU
2023-12-01,2023-12-01,11,2024-11-01,62217090.58048794,76411953.47528768,11268865.654374084,salvador-IPTU
2023-12-01,2023-12-01,12,2024-12-01,79938734.8290157,85191262.47667995,11268865.654374084,salvador-IPTU
2024-01-01,2024-01-01,1,2024-02-01,340945987.3121734,687302767.8711154,12177919.9272956,salvador-IPTU
2024-01-01,2024-01-01,2,2024-03-01,83011395.96234319,176501732.79028907,12177919.9272956,salvador-IPTU
2024-01-01,2024-01-01,3,2024-04-01,90762029.71183957,125891780.92913416,12177919.9272956,salvador-IPTU
2024-01-01,2024-01-01,4,2024-05-01,79993888.20816118,130192687.91739736,12177919.9272956,salvador-IPTU
2024-01-01,2024-01-01,5,2024-06-01,71206487.06124279,127795381.63222875,12177919.9272956,salvador-IPTU
2024-01-01,2024-01-01,6,2024-07-01,73709055.35130495,135160156.5368567,12177919.9272956,salvador-IPTU
2024-01-01,2024-01-01,7,2024-08-01,101732876.40822683,125747596.29993401,12177919.9272956,salvador-IPTU
2024-01-01,2024-01-01,8,2024-09-01,84187344.93966614,123068070.31315857,12177919.9272956,salvador-IPTU
2024-01-01,2024-01-01,9,2024-10-01,87790278.56480853,125715346.05880953,12177919.9272956,salvador-IPTU
2024-01-01,2024-01-01,10,2024-11-01,62217090.58048794,126560181.96659595,12177919.9272956,salvador-IPTU
2024-01-01,2024-01-01,11,2024-12-01,79938734.8290157,141038875.15609968,12177919.9272956,salvador-IPTU
2024-01-01,2024-01-01,12,2025-01-01,76872966.26960947,140581745.06787252,12177919.9272956,salvador-IPTU
2024-02-01,2024-02-01,1,2024-03-01,83011395.96234319,119428248.06755662,12346168.885863764,salvador-IPTU
2024-02-01,2024-02-01,2,2024-04-01,90762029.71183957,85225611.75162598,12346168.885863764,salvador-IPTU
2024-02-01,2024-02-01,3,2024-05-01,79993888.20816118,88180676.4075121,12346168.885863764,salvador-IPTU
2024-02-01,2024-02-01,4,2024-06-01,71206487.06124279,86599522.47330198,12346168.885863764,salvador-IPTU
2024-02-01,2024-02-01,5,2024-07-01,73709055.35130495,91635120.4521469,12346168.885863764,salvador-IPTU
2024-02-01,2024-02-01,6,2024-08-01,101732876.40822683,85250086.95836377,12346168.885863764,salvador-IPTU
2024-02-01,2024-02-01,7,2024-09-01,84187344.93966614,83518523.41235659,12346168.885863764,salvador-IPTU
2024-02-01,2024-02-01,8,2024-10-01,87790278.56480853,85356565.68029508,12346168.885863764,salvador-IPTU
2024-02-01,2024-02-01,9,2024-11-01,62217090.58048794,85971872.16290668,12346168.885863764,salvador-IPTU
2024-02-01,2024-02-01,10,2024-12-01,79938734.8290157,95853554.48265633,12346168.885863764,salvador-IPTU
2024-02-01,2024-02-01,11,2025-01-01,76872966.26960947,95588984.70177509,12346168.885863764,salvador-IPTU
2024-02-01,2024-02-01,12,2025-02-01,357310287.70151484,473768519.1491584,12346168.885863764,salvador-IPTU
2024-03-01,2024-03-01,1,2024-04-01,90762029.71183957,78397054.08269511,12248232.986464154,salvador-IPTU
2024-03-01,2024-03-01,2,2024-05-01,79993888.20816118,81123076.33168118,12248232.986464154,salvador-IPTU
2024-03-01,2024-03-01,3,2024-06-01,71206487.06124279,79676035.53165832,12248232.986464154,salvador-IPTU
2024-03-01,2024-03-01,4,2024-07-01,73709055.35130495,84317024.6831522,12248232.986464154,salvador-IPTU
2024-03-01,2024-03-01,5,2024-08-01,101732876.40822683,78449307.26048315,12248232.986464154,salvador-IPTU
2024-03-01,2024-03-01,6,2024-09-01,84187344.93966614,76082680.61485961,12248232.986464154,salvador-IPTU
2024-03-01,2024-03-01,7,2024-10-01,87790278.56480853,78562038.38573138,12248232.986464154,salvador-IPTU
2024-03-01,2024-03-01,8,2024-11-01,62217090.58048794,79135756.71611646,12248232.986464154,salvador-IPTU
2024-03-01,2024-03-01,9,2024-12-01,79938734.8290157,88239904.77892263,12248232.986464154,salvador-IPTU
2024-03-01,2024-03-01,10,2025-01-01,76872966.26960947,88004516.1388629,12248232.986464154,salvador-IPTU
2024-03-01,2024-03-01,11,2025-02-01,357310287.70151484,436217899.08554435,12248232.986464154,salvador-IPTU
2024-03-01,2024-03-01,12,2025-03-01,74202146.27427402,112084750.10483757,12248232.986464154,salvador-IPTU
2024-04-01,2024-04-01,1,2024-05-01,79993888.20816118,83706634.0962577,12353340.720744152,salvador-IPTU
2024-04-01,2024-04-01,2,2024-06-01,71206487.06124279,82213412.08715117,12353340.720744152,salvador-IPTU
2024-04-01,2024-04-01,3,2024-07-01,73709055.35130495,87002096.93186405,12353340.720744152,salvador-IPTU
2024-04-01,2024-04-01,4,2024-08-01,101732876.40822683,80947427.66947256,12353340.720744152,salvador-IPTU
2024-04-01,2024-04-01,5,2024-09-01,84187344.93966614,78505347.2954351,12353340.720744152,salvador-IPTU
2024-04-01,2024-04-01,6,2024-10-01,87790278.56480853,80750019.92265335,12353340.720744152,salvador-IPTU
2024-04-01,2024-04-01,7,2024-11-01,62217090.58048794,81655451.83994268,12353340.720744152,salvador-IPTU
2024-04-01,2024-04-01,8,2024-12-01,79938734.8290157,91049372.42567685,12353340.720744152,salvador-IPTU
2024-04-01,2024-04-01,9,2025-01-01,76872966.26960947,90806384.87891825,12353340.720744152,salvador-IPTU
2024-04-01,2024-04-01,10,2025-02-01,357310287.70151484,450105594.5168491,12353340.720744152,salvador-IPTU
2024-04-01,2024-04-01,11,2025-03-01,74202146.27427402,115653015.5796714,12353340.720744152,salvador-IPTU
2024-04-01,2024-04-01,12,2025-04-01,74811908.70994155,82536560.56367719,12353340.720744152,salvador-IPTU
2024-05-01,2024-05-01,1,2024-06-01,71206487.06124279,81595568.40686789,12240270.315462716,salvador-IPTU
2024-05-01,2024-05-01,2,2024-07-01,73709055.35130495,86350313.53539555,12240270.315462716,salvador-IPTU
2024-05-01,2024-05-01,3,2024-08-01,101732876.40822683,80342902.2365562,12240270.315462716,salvador-IPTU
2024-05-01,2024-05-01,4,2024-09-01,84187344.93966614,77920895.06217578,12240270.315462716,salvador-IPTU
2024-05-01,2024-05-01,5,2024-10-01,87790278.56480853,80150738.27093422,12240270.315462716,salvador-IPTU
2024-05-01,2024-05-01,6,2024-11-01,62217090.58048794,79841044.95556352,12240270.315462716,salvador-IPTU
2024-05-01,2024-05-01,7,2024-12-01,79938734.8290157,90377876.63626054,12240270.315462716,salvador-IPTU
2024-05-01,2024-05-01,8,2025-01-01,76872966.26960947,90138775.93799156,12240270.315462716,salvador-IPTU
2024-05-01,2024-05-01,9,2025-02-01,357310287.70151484,446806765.0615969,12240270.315462716,salvador-IPTU
2024-05-01,2024-05-01,10,2025-03-01,74202146.27427402,114808043.46769543,12240270.315462716,salvador-IPTU
2024-05-01,2024-05-01,11,2025-04-01,74811908.70994155,81935425.57996708,12240270.315462716,salvador-IPTU
2024-05-01,2024-05-01,12,2025-05-01,72101614.35445404,84783477.48061793,12240270.315462716,salvador-IPTU
2024-06-01,2024-06-01,1,2024-07-01,73709055.35130495,84172448.09891273,12132646.529174611,salvador-IPTU
2024-06-01,2024-06-01,2,2024-08-01,101732876.40822683,78318476.02127582,12132646.529174611,salvador-IPTU
2024-06-01,2024-06-01,3,2024-09-01,84187344.93966614,75959357.19596909,12132646.529174611,salvador-IPTU
2024-06-01,2024-06-01,4,2024-10-01,87790278.56480853,78134974.53593972,12132646.529174611,salvador-IPTU
2024-06-01,2024-06-01,5,2024-11-01,62217090.58048794,77834963.07182959,12132646.529174611,salvador-IPTU
2024-06-01,2024-06-01,6,2024-12-01,79938734.8290157,90702708.41596547,12132646.529174611,salvador-IPTU
2024-06-01,2024-06-01,7,2025-01-01,76872966.26960947,87878206.83003299,12132646.529174611,salvador-IPTU
2024-06-01,2024-06-01,8,2025-02-01,357310287.70151484,435611891.05047643,12132646.529174611,salvador-IPTU
2024-06-01,2024-06-01,9,2025-03-01,74202146.27427402,111934180.11230725,12132646.529174611,salvador-IPTU
2024-06-01,2024-06-01,10,2025-04-01,74811908.70994155,79886336.55019142,12132646.529174611,salvador-IPTU
2024-06-01,2024-06-01,11,2025-05-01,72101614.35445404,82665132.74063733,12132646.529174611,salvador-IPTU
2024-06-01,2024-06-01,12,2025-06-01,65029224.51471878,81191553.06056729,12132646.529174611,salvador-IPTU
2024-07-01,2024-07-01,1,2024-08-01,101732876.40822683,75824231.68086636,12066138.710854037,salvador-IPTU
2024-07-01,2024-07-01,2,2024-09-01,84187344.93966614,73541191.79593219,12066138.710854037,salvador-IPTU
2024-07-01,2024-07-01,3,2024-10-01,87790278.56480853,75648519.14981109,12066138.710854037,salvador-IPTU
2024-07-01,2024-07-01,4,2024-11-01,62217090.58048794,75359018.53703952,12066138.710854037,salvador-IPTU
2024-07-01,2024-07-01,5,2024-12-01,79938734.8290157,87818557.71037458,12066138.710854037,salvador-IPTU
2024-07-01,2024-07-01,6,2025-01-01,76872966.26960947,95253577.06501487,12066138.710854037,salvador-IPTU
2024-07-01,2024-07-01,7,2025-02-01,357310287.70151484,421771066.31645316,12066138.710854037,salvador-IPTU
2024-07-01,2024-07-01,8,2025-03-01,74202146.27427402,108379029.51200573,12066138.710854037,salvador-IPTU
2024-07-01,2024-07-01,9,2025-04-01,74811908.70994155,77350032.42176619,12066138.710854037,salvador-IPTU
2024-07-01,2024-07-01,10,2025-05-01,72101614.35445404,80041607.56206875,12066138.710854037,salvador-IPTU
2024-07-01,2024-07-01,11,2025-06-01,65029224.51471878,78615776.03603491,12066138.710854037,salvador-IPTU
2024-07-01,2024-07-01,12,2025-07-01,73109536.2810681,83197030.30928712,12066138.710854037,salvador-IPTU
2024-08-01,2024-08-01,1,2024-09-01,84187344.93966614,78011825.43126808,12238735.861350678,salvador-IPTU
2024-08-01,2024-08-01,2,2024-10-01,87790278.56480853,80245383.94892086,12238735.861350678,salvador-IPTU
2024-08-01,2024-08-01,3,2024-11-01,62217090.58048794,79936430.04823968,12238735.861350678,salvador-IPTU
2024-08-01,2024-08-01,4,2024-12-01,79938734.8290157,93150617.21608533,12238735.861350678,salvador-IPTU
2024-08-01,2024-08-01,5,2025-01-01,76872966.26960947,101034730.30800103,12238735.861350678,salvador-IPTU
2024-08-01,2024-08-01,6,2025-02-01,357310287.70151484,438588795.0391726,12238735.861350678,salvador-IPTU
2024-08-01,2024-08-01,7,2025-03-01,74202146.27427402,114951506.09552096,12238735.861350678,salvador-IPTU
2024-08-01,2024-08-01,8,2025-04-01,74811908.70994155,82038926.11326936,12238735.861350678,salvador-IPTU
2024-08-01,2024-08-01,9,2025-05-01,72101614.35445404,84891725.6477324,12238735.861350678,salvador-IPTU
2024-08-01,2024-08-01,10,2025-06-01,65029224.51471878,83377600.30777062,12238735.861350678,salvador-IPTU
2024-08-01,2024-08-01,11,2025-07-01,73109536.2810681,88234345.82451916,12238735.861350678,salvador-IPTU
2024-08-01,2024-08-01,12,2025-08-01,72024794.89278775,82094153.62650777,12238735.861350678,salvador-IPTU
2024-09-01,2024-09-01,1,2024-10-01,87790278.56480853,81593835.72929104,12307979.610180916,salvador-IPTU
2024-09-01,2024-09-01,2,2024-11-01,62217090.58048794,81280239.37173204,12307979.610180916,salvador-IPTU
2024-09-01,2024-09-01,3,2024-12-01,79938734.8290157,94717207.75470231,12307979.610180916,salvador-IPTU
2024-09-01,2024-09-01,4,2025-01-01,76872966.26960947,102734603.9349364,12307979.610180916,salvador-IPTU
2024-09-01,2024-09-01,5,2025-02-01,357310287.70151484,445970879.30446804,12307979.610180916,salvador-IPTU
2024-09-01,2024-09-01,6,2025-03-01,74202146.27427402,113862123.28126311,12307979.610180916,salvador-IPTU
2024-09-01,2024-09-01,7,2025-04-01,74811908.70994155,83420870.19451551,12307979.610180916,salvador-IPTU
2024-09-01,2024-09-01,8,2025-05-01,72101614.35445404,86322296.5703345,12307979.610180916,salvador-IPTU
2024-09-01,2024-09-01,9,2025-06-01,65029224.51471878,84783215.02635744,12307979.610180916,salvador-IPTU
2024-09-01,2024-09-01,10,2025-07-01,73109536.2810681,89722427.59415655,12307979.610180916,salvador-IPTU
2024-09-01,2024-09-01,11,2025-08-01,72024794.89278775,83479227.47489145,12307979.610180916,salvador-IPTU
2024-09-01,2024-09-01,12,2025-09-01,77720211.54924531,80961522.76698743,12307979.610180916,salvador-IPTU
2024-10-01,2024-10-01,1,2024-11-01,62217090.58048794,82467220.58914821,12353423.511194617,salvador-IPTU
2024-10-01,2024-10-01,2,2024-12-01,79938734.8290157,96100958.12038818,12353423.511194617,salvador-IPTU
2024-10-01,2024-10-01,3,2025-01-01,76872966.26960947,104236068.04103747,12353423.511194617,salvador-IPTU
2024-10-01,2024-10-01,4,2025-02-01,357310287.70151484,452491266.747096,12353423.511194617,salvador-IPTU
2024-10-01,2024-10-01,5,2025-03-01,74202146.27427402,115527506.70022887,12353423.511194617,salvador-IPTU
2024-10-01,2024-10-01,6,2025-04-01,74811908.70994155,86156984.46590312,12353423.511194617,salvador-IPTU
2024-10-01,2024-10-01,7,2025-05-01,72101614.35445404,87585845.75648752,12353423.511194617,salvador-IPTU
2024-10-01,2024-10-01,8,2025-06-01,65029224.51471878,86024710.68624252,12353423.511194617,salvador-IPTU
2024-10-01,2024-10-01,9,2025-07-01,73109536.2810681,91036749.88128342,12353423.511194617,salvador-IPTU
2024-10-01,2024-10-01,10,2025-08-01,72024794.89278775,84702559.05764616,12353423.511194617,salvador-IPTU
2024-10-01,2024-10-01,11,2025-09-01,77720211.54924531,82148407.99824052,12353423.511194617,salvador-IPTU
2024-10-01,2024-10-01,12,2025-10-01,69023680.11592714,84498492.65756379,12353423.511194617,salvador-IPTU
2024-11-01,2024-11-01,1,2024-12-01,79938734.8290157,91671902.24932458,12257232.772090722,salvador-IPTU
2024-11-01,2024-11-01,2,2025-01-01,76872966.26960947,99436826.4012609,12257232.772090722,salvador-IPTU
2024-11-01,2024-11-01,3,2025-02-01,357310287.70151484,431678155.73730564,12257232.772090722,salvador-IPTU
2024-11-01,2024-11-01,4,2025-03-01,74202146.27427402,110218840.16581206,12257232.772090722,salvador-IPTU
2024-11-01,2024-11-01,5,2025-04-01,74811908.70994155,82201817.50594588,12257232.772090722,salvador-IPTU
2024-11-01,2024-11-01,6,2025-05-01,72101614.35445404,83431154.18514994,12257232.772090722,salvador-IPTU
2024-11-01,2024-11-01,7,2025-06-01,65029224.51471878,82083322.35899018,12257232.772090722,salvador-IPTU
2024-11-01,2024-11-01,8,2025-07-01,73109536.2810681,86869782.21659124,12257232.772090722,salvador-IPTU
2024-11-01,2024-11-01,9,2025-08-01,72024794.89278775,80829284.15639667,12257232.772090722,salvador-IPTU
2024-11-01,2024-11-01,10,2025-09-01,77720211.54924531,78395565.26315345,12257232.772090722,salvador-IPTU
2024-11-01,2024-11-01,11,2025-10-01,69023680.11592714,80642016.81128606,12257232.772090722,salvador-IPTU
2024-11-01,2024-11-01,12,2025-11-01,69525795.59107803,80333428.16328517,12257232.772090722,salvador-IPTU
2024-12-01,2024-12-01,1,2025-01-01,76872966.26960947,97367907.31300978,12371850.563267188,salvador-IPTU
2024-12-01,2024-12-01,2,2025-02-01,357310287.70151484,422705295.19112504,12371850.563267188,salvador-IPTU
2024-12-01,2024-12-01,3,2025-03-01,74202146.27427402,107930069.08929078,12371850.563267188,salvador-IPTU
2024-12-01,2024-12-01,4,2025-04-01,74811908.70994155,80496502.19851747,12371850.563267188,salvador-IPTU
2024-12-01,2024-12-01,5,2025-05-01,72101614.35445404,81702017.4227298,12371850.563267188,salvador-IPTU
2024-12-01,2024-12-01,6,2025-06-01,65029224.51471878,79519949.05349524,12371850.563267188,salvador-IPTU
2024-12-01,2024-12-01,7,2025-07-01,73109536.2810681,85072862.52533548,12371850.563267188,salvador-IPTU
2024-12-01,2024-12-01,8,2025-08-01,72024794.89278775,79158925.70178859,12371850.563267188,salvador-IPTU
2024-12-01,2024-12-01,9,2025-09-01,77720211.54924531,76777058.53302498,12371850.563267188,salvador-IPTU
2024-12-01,2024-12-01,10,2025-10-01,69023680.11592714,78978728.59086928,12371850.563267188,salvador-IPTU
2024-12-01,2024-12-01,11,2025-11-01,69525795.59107803,78678090.50380819,12371850.563267188,salvador-IPTU
2024-12-01,2024-12-01,12,2025-12-01,133086096.84,91688257.0710237,12371850.563267188,salvador-IPTU
2025-01-01,2025-01-01,1,2025-02-01,357310287.70151484,408055877.89067787,13124556.851657504,salvador-IPTU
2025-01-01,2025-01-01,2,2025-03-01,74202146.27427402,104192242.76366964,13124556.851657504,salvador-IPTU
2025-01-01,2025-01-01,3,2025-04-01,74811908.70994155,77710711.10403048,13124556.851657504,salvador-IPTU
2025-01-01,2025-01-01,4,2025-05-01,72101614.35445404,78876486.54628836,13124556.851657504,salvador-IPTU
2025-01-01,2025-01-01,5,2025-06-01,65029224.51471878,76771801.95629948,13124556.851657504,salvador-IPTU
2025-01-01,2025-01-01,6,2025-07-01,73109536.2810681,81528938.19174129,13124556.851657504,salvador-IPTU
2025-01-01,2025-01-01,7,2025-08-01,72024794.89278775,76427058.64832765,13124556.851657504,salvador-IPTU
2025-01-01,2025-01-01,8,2025-09-01,77720211.54924531,74129227.22339995,13124556.851657504,salvador-IPTU
2025-01-01,2025-01-01,9,2025-10-01,69023680.11592714,76256848.39403535,13124556.851657504,salvador-IPTU
2025-01-01,2025-01-01,10,2025-11-01,69525795.59107803,75968438.31420535,13124556.851657504,salvador-IPTU
2025-01-01,2025-01-01,11,2025-12-01,133086096.84,88532706.34416783,13124556.851657504,salvador-IPTU
2025-02-01,2025-02-01,1,2025-03-01,74202146.27427402,101515278.1453106,13154009.065636449,salvador-IPTU
2025-02-01,2025-02-01,2,2025-04-01,74811908.70994155,75714989.7593127,13154009.065636449,salvador-IPTU
2025-02-01,2025-02-01,3,2025-05-01,72101614.35445404,76851701.40008657,13154009.065636449,salvador-IPTU
2025-02-01,2025-02-01,4,2025-06-01,65029224.51471878,74801893.31452243,13154009.065636449,salvador-IPTU
2025-02-01,2025-02-01,5,2025-07-01,73109536.2810681,79437862.80988067,13154009.065636449,salvador-IPTU
2025-02-01,2025-02-01,6,2025-08-01,72024794.89278775,77592384.73646964,13154009.065636449,salvador-IPTU
2025-02-01,2025-02-01,7,2025-09-01,77720211.54924531,72229565.65435438,13154009.065636449,salvador-IPTU
2025-02-01,2025-02-01,8,2025-10-01,69023680.11592714,74303494.55493584,13154009.065636449,salvador-IPTU
2025-02-01,2025-02-01,9,2025-11-01,69525795.59107803,74023297.04094164,13154009.065636449,salvador-IPTU
2025-02-01,2025-02-01,10,2025-12-01,133086096.84,86266819.85994928,13154009.065636449,salvador-IPTU
2025-03-01,2025-03-01,1,2025-04-01,74811908.70994155,71413074.94753855,13114867.089261968,salvador-IPTU
2025-03-01,2025-03-01,2,2025-05-01,72101614.35445404,72488361.98036312,13114867.089261968,salvador-IPTU
2025-03-01,2025-03-01,3,2025-06-01,65029224.51471878,70557998.77933764,13114867.089261968,salvador-IPTU
2025-03-01,2025-03-01,4,2025-07-01,73109536.2810681,74934188.98523717,13114867.089261968,salvador-IPTU
2025-03-01,2025-03-01,5,2025-08-01,72024794.89278775,73196495.26500624,13114867.089261968,salvador-IPTU
2025-03-01,2025-03-01,6,2025-09-01,77720211.54924531,69569111.01776937,13114867.089261968,salvador-IPTU
2025-03-01,2025-03-01,7,2025-10-01,69023680.11592714,70099945.09141828,13114867.089261968,salvador-IPTU
2025-03-01,2025-03-01,8,2025-11-01,69525795.59107803,69838577.93605421,13114867.089261968,salvador-IPTU
2025-03-01,2025-03-01,9,2025-12-01,133086096.84,81393403.41798465,13114867.089261968,salvador-IPTU
2025-04-01,2025-04-01,1,2025-05-01,72101614.35445404,73185374.49806498,13140181.85633908,salvador-IPTU
2025-04-01,2025-04-01,2,2025-06-01,65029224.51471878,71234374.90199193,13140181.85633908,salvador-IPTU
2025-04-01,2025-04-01,3,2025-07-01,73109536.2810681,75650320.17691769,13140181.85633908,salvador-IPTU
2025-04-01,2025-04-01,4,2025-08-01,72024794.89278775,73893882.94105189,13140181.85633908,salvador-IPTU
2025-04-01,2025-04-01,5,2025-09-01,77720211.54924531,70229915.02447157,13140181.85633908,salvador-IPTU
2025-04-01,2025-04-01,6,2025-10-01,69023680.11592714,72467569.57206652,13140181.85633908,salvador-IPTU
2025-04-01,2025-04-01,7,2025-11-01,69525795.59107803,70497901.39446954,13140181.85633908,salvador-IPTU
2025-04-01,2025-04-01,8,2025-12-01,133086096.84,82159470.90265688,13140181.85633908,salvador-IPTU
2025-05-01,2025-05-01,1,2025-06-01,65029224.51471878,71058259.0921915,13093740.192598974,salvador-IPTU
2025-05-01,2025-05-01,2,2025-07-01,73109536.2810681,75462565.64643149,13093740.192598974,salvador-IPTU
2025-05-01,2025-05-01,3,2025-08-01,72024794.89278775,73709785.96949902,13093740.192598974,salvador-IPTU
2025-05-01,2025-05-01,4,2025-09-01,77720211.54924531,70054281.86129627,13093740.192598974,salvador-IPTU
2025-05-01,2025-05-01,5,2025-10-01,69023680.11592714,72285657.22768147,13093740.192598974,salvador-IPTU
2025-05-01,2025-05-01,6,2025-11-01,69525795.59107803,69567063.72253884,13093740.192598974,salvador-IPTU
2025-05-01,2025-05-01,7,2025-12-01,133086096.84,81951688.63271937,13093740.192598974,salvador-IPTU
2025-06-01,2025-06-01,1,2025-07-01,73109536.2810681,74158773.72211084,13033069.336054457,salvador-IPTU
2025-06-01,2025-06-01,2,2025-08-01,72024794.89278775,72436449.22607829,13033069.336054457,salvador-IPTU
2025-06-01,2025-06-01,3,2025-09-01,77720211.54924531,68844256.67338145,13033069.336054457,salvador-IPTU
2025-06-01,2025-06-01,4,2025-10-01,69023680.11592714,71037257.4992687,13033069.336054457,salvador-IPTU
2025-06-01,2025-06-01,5,2025-11-01,69525795.59107803,68365775.52070186,13033069.336054457,salvador-IPTU
2025-06-01,2025-06-01,6,2025-12-01,133086096.84,80471300.63046943,13033069.336054457,salvador-IPTU
2025-07-01,2025-07-01,1,2025-08-01,72024794.89278775,72318432.28759563,12924951.507656043,salvador-IPTU
2025-07-01,2025-07-01,2,2025-09-01,77720211.54924531,68731172.06148608,12924951.507656043,salvador-IPTU
2025-07-01,2025-07-01,3,2025-10-01,69023680.11592714,70919624.4879647,12924951.507656043,salvador-IPTU
2025-07-01,2025-07-01,4,2025-11-01,69525795.59107803,68251659.01582976,12924951.507656043,salvador-IPTU
2025-07-01,2025-07-01,5,2025-12-01,133086096.84,80335913.40396176,12924951.507656043,salvador-IPTU
2025-08-01,2025-08-01,1,2025-09-01,77720211.54924531,68693874.358285,13069633.662895553,salvador-IPTU
2025-08-01,2025-08-01,2,2025-10-01,69023680.11592714,70880027.43721412,13069633.662895553,salvador-IPTU
2025-08-01,2025-08-01,3,2025-11-01,69525795.59107803,68212485.46679084,13069633.662895553,salvador-IPTU
2025-08-01,2025-08-01,4,2025-12-01,133086096.84,80288553.5890289,13069633.662895553,salvador-IPTU
2025-09-01,2025-09-01,1,2025-10-01,69023680.11592714,72723535.4376618,13013202.036635086,salvador-IPTU
2025-09-01,2025-09-01,2,2025-11-01,69525795.59107803,69984159.29155196,13013202.036635086,salvador-IPTU
2025-09-01,2025-09-01,3,2025-12-01,133086096.84,82370998.71097103,13013202.036635086,salvador-IPTU
2025-10-01,2025-10-01,1,2025-11-01,69525795.59107803,69300122.00179346,13061959.633349037,salvador-IPTU
2025-10-01,2025-10-01,2,2025-12-01,133086096.84,81565543.25088102,13061959.633349037,salvador-IPTU
2025-11-01,2025-11-01,1,2025-12-01,133086096.84,81590767.88824432,13013612.955846861,salvador-IPTU
2020-12-01,2020-12-01,1,2021-01-01,106606457.19607326,122419037.54291295,9594906.942543963,salvador-ISSQN
2020-12-01,2020-12-01,2,2021-02-01,114204022.76247141,126435643.7697269,9594906.942543963,salvador-ISSQN
2020-12-01,2020-12-01,3,2021-03-01,120896788.44024572,134976510.79308552,9594906.942543963,salvador-ISSQN
2020-12-01,2020-12-01,4,2021-04-01,114103811.56111069,129231247.86051272,9594906.942543963,salvador-ISSQN
2020-12-01,2020-12-01,5,2021-05-01,113131968.70718983,130230970.14469858,9594906.942543963,salvador-ISSQN
2020-12-01,2020-12-01,6,2021-06-01,116471904.49873734,127119943.45221137,9594906.942543963,salvador-ISSQN
2020-12-01,2020-12-01,7,2021-07-01,130256096.11011124,130375163.1713828,9594906.942543963,salvador-ISSQN
2020-12-01,2020-12-01,8,2021-08-01,155566183.28985867,129589323.64497407,9594906.942543963,salvador-ISSQN
2020-12-01,2020-12-01,9,2021-09-01,137803337.4548178,138667557.1324148,9594906.942543963,salvador-ISSQN
2020-12-01,2020-12-01,10,2021-10-01,133191157.75487636,132653187.4332807,9594906.942543963,salvador-ISSQN
2020-12-01,2020-12-01,11,2021-11-01,144735405.66712868,132732166.97912478,9594906.942543963,salvador-ISSQN
2020-12-01,2020-12-01,12,2021-12-01,173727685.14791396,166794992.90249622,9594906.942543963,salvador-ISSQN
2021-01-01,2021-01-01,1,2021-02-01,114204022.76247141,117401366.96726045,9760599.940792616,salvador-ISSQN
2021-01-01,2021-01-01,2,2021-03-01,120896788.44024572,125329556.17808768,9760599.940792616,salvador-ISSQN
2021-01-01,2021-01-01,3,2021-04-01,114103811.56111069,119992617.384483,9760599.940792616,salvador-ISSQN
2021-01-01,2021-01-01,4,2021-05-01,113131968.70718983,120918557.61007413,9760599.940792616,salvador-ISSQN
2021-01-01,2021-01-01,5,2021-06-01,116471904.49873734,118027735.79800212,9760599.940792616,salvador-ISSQN
2021-01-01,2021-01-01,6,2021-07-01,130256096.11011124,120084964.62779602,9760599.940792616,salvador-ISSQN
2021-01-01,2021-01-01,7,2021-08-01,155566183.28985867,120315904.65077847,9760599.940792616,salvador-ISSQN
2021-01-01,2021-01-01,8,2021-09-01,137803337.4548178,128742047.72217496,9760599.940792616,salvador-ISSQN
2021-01-01,2021-01-01,9,2021-10-01,133191157.75487636,123155830.39912778,9760599.940792616,salvador-ISSQN
2021-01-01,2021-01-01,10,2021-11-01,144735405.66712868,123226814.03656903,9760599.940792616,salvador-ISSQN
2021-01-01,2021-01-01,11,2021-12-01,173727685.14791396,154847358.82301578,9760599.940792616,salvador-ISSQN
2021-01-01,2021-01-01,12,2022-01-01,122149190.55838329,114417819.31718303,9760599.940792616,salvador-ISSQN
2021-02-01,2021-02-01,1,2021-03-01,120896788.44024572,123366410.67840193,9806268.707568316,salvador-ISSQN
2021-02-01,2021-02-01,2,2021-04-01,114103811.56111069,118109365.26651165,9806268.707568316,salvador-ISSQN
2021-02-01,2021-02-01,3,2021-05-01,113131968.70718983,119017044.87105927,9806268.707568316,salvador-ISSQN
2021-02-01,2021-02-01,4,2021-06-01,116471904.49873734,116168047.72134165,9806268.707568316,salvador-ISSQN
2021-02-01,2021-02-01,5,2021-07-01,130256096.11011124,118189167.61645561,9806268.707568316,salvador-ISSQN
2021-02-01,2021-02-01,6,2021-08-01,155566183.28985867,117371778.21573518,9806268.707568316,salvador-ISSQN
2021-02-01,2021-02-01,7,2021-09-01,137803337.4548178,126701671.45965198,9806268.707568316,salvador-ISSQN
2021-02-01,2021-02-01,8,2021-10-01,133191157.75487636,121200211.01207013,9806268.707568316,salvador-ISSQN
2021-02-01,2021-02-01,9,2021-11-01,144735405.66712868,121266292.77310863,9806268.707568316,salvador-ISSQN
2021-02-01,2021-02-01,10,2021-12-01,173727685.14791396,152379020.96737644,9806268.707568316,salvador-ISSQN
2021-02-01,2021-02-01,11,2022-01-01,122149190.55838329,112590449.5688117,9806268.707568316,salvador-ISSQN
2021-02-01,2021-02-01,12,2022-02-01,114236272.5266531,116278325.22179799,9806268.707568316,salvador-ISSQN
2021-03-01,2021-03-01,1,2021-04-01,114103811.56111069,116749827.96017832,9861347.832970107,salvador-ISSQN
2021-03-01,2021-03-01,2,2021-05-01,113131968.70718983,117642721.8658142,9861347.832970107,salvador-ISSQN
2021-03-01,2021-03-01,3,2021-06-01,116471904.49873734,114822393.50226897,9861347.832970107,salvador-ISSQN
2021-03-01,2021-03-01,4,2021-07-01,130256096.11011124,116815802.825382,9861347.832970107,salvador-ISSQN
2021-03-01,2021-03-01,5,2021-08-01,155566183.28985867,116003647.08256741,9861347.832970107,salvador-ISSQN
2021-03-01,2021-03-01,6,2021-09-01,137803337.4548178,124804894.86859241,9861347.832970107,salvador-ISSQN
2021-03-01,2021-03-01,7,2021-10-01,133191157.75487636,119778660.58922356,9861347.832970107,salvador-ISSQN
2021-03-01,2021-03-01,8,2021-11-01,144735405.66712868,119839574.83776274,9861347.832970107,salvador-ISSQN
2021-03-01,2021-03-01,9,2021-12-01,173727685.14791396,150580742.90212864,9861347.832970107,salvador-ISSQN
2021-03-01,2021-03-01,10,2022-01-01,122149190.55838329,111257660.47408742,9861347.832970107,salvador-ISSQN
2021-03-01,2021-03-01,11,2022-02-01,114236272.5266531,114897682.0323204,9861347.832970107,salvador-ISSQN
2021-03-01,2021-03-01,12,2022-03-01,127772172.220623,122648082.12300119,9861347.832970107,salvador-ISSQN
2021-04-01,2021-04-01,1,2021-05-01,113131968.70718983,116154288.18475202,9709051.92628519,salvador-ISSQN
2021-04-01,2021-04-01,2,2021-06-01,116471904.49873734,113364538.24645644,9709051.92628519,salvador-ISSQN
2021-04-01,2021-04-01,3,2021-07-01,130256096.11011124,115327449.54292071,9709051.92628519,salvador-ISSQN
2021-04-01,2021-04-01,4,2021-08-01,155566183.28985867,114520493.98477039,9709051.92628519,salvador-ISSQN
2021-04-01,2021-04-01,5,2021-09-01,137803337.4548178,123203681.49658842,9709051.92628519,salvador-ISSQN
2021-04-01,2021-04-01,6,2021-10-01,133191157.75487636,120107222.41540104,9709051.92628519,salvador-ISSQN
2021-04-01,2021-04-01,7,2021-11-01,144735405.66712868,118291454.97062036,9709051.92628519,salvador-ISSQN
2021-04-01,2021-04-01,8,2021-12-01,173727685.14791396,148628843.86892742,9709051.92628519,salvador-ISSQN
2021-04-01,2021-04-01,9,2022-01-01,122149190.55838329,109810572.3634325,9709051.92628519,salvador-ISSQN
2021-04-01,2021-04-01,10,2022-02-01,114236272.5266531,113398180.00397646,9709051.92628519,salvador-ISSQN
2021-04-01,2021-04-01,11,2022-03-01,127772172.220623,121042025.17773566,9709051.92628519,salvador-ISSQN
2021-04-01,2021-04-01,12,2022-04-01,125087559.77891354,115874268.11982167,9709051.92628519,salvador-ISSQN
2021-05-01,2021-05-01,1,2021-06-01,116471904.49873734,111710533.33645907,9756553.351907857,salvador-ISSQN
2021-05-01,2021-05-01,2,2021-07-01,130256096.11011124,113638741.07878408,9756553.351907857,salvador-ISSQN
2021-05-01,2021-05-01,3,2021-08-01,155566183.28985867,112837584.77166209,9756553.351907857,salvador-ISSQN
2021-05-01,2021-05-01,4,2021-09-01,137803337.4548178,121386703.11088967,9756553.351907857,salvador-ISSQN
2021-05-01,2021-05-01,5,2021-10-01,133191157.75487636,118329610.4179728,9756553.351907857,salvador-ISSQN
2021-05-01,2021-05-01,6,2021-11-01,144735405.66712868,119545635.10837762,9756553.351907857,salvador-ISSQN
2021-05-01,2021-05-01,7,2021-12-01,173727685.14791396,146413535.27514383,9756553.351907857,salvador-ISSQN
2021-05-01,2021-05-01,8,2022-01-01,122149190.55838329,108168104.40671664,9756553.351907857,salvador-ISSQN
2021-05-01,2021-05-01,9,2022-02-01,114236272.5266531,111696124.02213065,9756553.351907857,salvador-ISSQN
2021-05-01,2021-05-01,10,2022-03-01,127772172.220623,119218917.23662245,9756553.351907857,salvador-ISSQN
2021-05-01,2021-05-01,11,2022-04-01,125087559.77891354,114122949.59042563,9756553.351907857,salvador-ISSQN
2021-05-01,2021-05-01,12,2022-05-01,158617101.47339234,114984228.64946991,9756553.351907857,salvador-ISSQN
2021-06-01,2021-06-01,1,2021-07-01,130256096.11011124,116301699.97414494,9813376.700045837,salvador-ISSQN
2021-06-01,2021-06-01,2,2021-08-01,155566183.28985867,115477928.04074293,9813376.700045837,salvador-ISSQN
2021-06-01,2021-06-01,3,2021-09-01,137803337.4548178,124222961.84905979,9813376.700045837,salvador-ISSQN
2021-06-01,2021-06-01,4,2021-10-01,133191157.75487636,121090416.11071944,9813376.700045837,salvador-ISSQN
2021-06-01,2021-06-01,5,2021-11-01,144735405.66712868,122330751.58398989,9813376.700045837,salvador-ISSQN
2021-06-01,2021-06-01,6,2021-12-01,173727685.14791396,152084920.28288278,9813376.700045837,salvador-ISSQN
2021-06-01,2021-06-01,7,2022-01-01,122149190.55838329,110680812.17610827,9813376.700045837,salvador-ISSQN
2021-06-01,2021-06-01,8,2022-02-01,114236272.5266531,114287000.79416874,9813376.700045837,salvador-ISSQN
2021-06-01,2021-06-01,9,2022-03-01,127772172.220623,121980253.3292239,9813376.700045837,salvador-ISSQN
2021-06-01,2021-06-01,10,2022-04-01,125087559.77891354,116762391.30065331,9813376.700045837,salvador-ISSQN
2021-06-01,2021-06-01,11,2022-05-01,158617101.47339234,117639701.732893,9813376.700045837,salvador-ISSQN
2021-06-01,2021-06-01,12,2022-06-01,140282250.49272528,114804156.67436138,9813376.700045837,salvador-ISSQN
2021-07-01,2021-07-01,1,2021-08-01,155566183.28985867,123279287.66563232,9905072.651535444,salvador-ISSQN
2021-07-01,2021-07-01,2,2021-09-01,137803337.4548178,132615677.40094377,9905072.651535444,salvador-ISSQN
2021-07-01,2021-07-01,3,2021-10-01,133191157.75487636,129272043.23095855,9905072.651535444,salvador-ISSQN
2021-07-01,2021-07-01,4,2021-11-01,144735405.66712868,130596740.51834896,9905072.651535444,salvador-ISSQN
2021-07-01,2021-07-01,5,2021-12-01,173727685.14791396,162362114.70712355,9905072.651535444,salvador-ISSQN
2021-07-01,2021-07-01,6,2022-01-01,122149190.55838329,117051985.40991123,9905072.651535444,salvador-ISSQN
2021-07-01,2021-07-01,7,2022-02-01,114236272.5266531,122011025.83272898,9905072.651535444,salvador-ISSQN
2021-07-01,2021-07-01,8,2022-03-01,127772172.220623,130224776.53295079,9905072.651535444,salvador-ISSQN
2021-07-01,2021-07-01,9,2022-04-01,125087559.77891354,124654774.23809136,9905072.651535444,salvador-ISSQN
2021-07-01,2021-07-01,10,2022-05-01,158617101.47339234,125591918.60416988,9905072.651535444,salvador-ISSQN
2021-07-01,2021-07-01,11,2022-06-01,140282250.49272528,122565216.37557583,9905072.651535444,salvador-ISSQN
2021-07-01,2021-07-01,12,2022-07-01,136077881.4518655,124676985.8865343,9905072.651535444,salvador-ISSQN
2021-08-01,2021-08-01,1,2021-09-01,137803337.4548178,158422038.32441545,10404313.661469439,salvador-ISSQN
2021-08-01,2021-08-01,2,2021-10-01,133191157.75487636,154434919.60430953,10404313.661469439,salvador-ISSQN
2021-08-01,2021-08-01,3,2021-11-01,144735405.66712868,156024708.68048617,10404313.661469439,salvador-ISSQN
2021-08-01,2021-08-01,4,2021-12-01,173727685.14791396,193983984.76788148,10404313.661469439,salvador-ISSQN
2021-08-01,2021-08-01,5,2022-01-01,122149190.55838329,139855670.94731554,10404313.661469439,salvador-ISSQN
2021-08-01,2021-08-01,6,2022-02-01,114236272.5266531,144814191.16245365,10404313.661469439,salvador-ISSQN
2021-08-01,2021-08-01,7,2022-03-01,127772172.220623,155609143.3278787,10404313.661469439,salvador-ISSQN
2021-08-01,2021-08-01,8,2022-04-01,125087559.77891354,148960280.80204514,10404313.661469439,salvador-ISSQN
2021-08-01,2021-08-01,9,2022-05-01,158617101.47339234,150087084.31515992,10404313.661469439,salvador-ISSQN
2021-08-01,2021-08-01,10,2022-06-01,140282250.49272528,146476821.46537206,10404313.661469439,salvador-ISSQN
2021-08-01,2021-08-01,11,2022-07-01,136077881.4518655,149007454.53864294,10404313.661469439,salvador-ISSQN
2021-08-01,2021-08-01,12,2022-08-01,143715514.76575464,147959262.69095516,10404313.661469439,salvador-ISSQN
2021-09-01,2021-09-01,1,2021-10-01,133191157.75487636,140423768.89316714,10475026.293769283,salvador-ISSQN
2021-09-01,2021-09-01,2,2021-11-01,144735405.66712868,141876505.33212802,10475026.293769283,salvador-ISSQN
2021-09-01,2021-09-01,3,2021-12-01,173727685.14791396,176402584.33437774,10475026.293769283,salvador-ISSQN
2021-09-01,2021-09-01,4,2022-01-01,122149190.55838329,127186522.9744303,10475026.293769283,salvador-ISSQN
2021-09-01,2021-09-01,5,2022-02-01,114236272.5266531,131702513.9064857,10475026.293769283,salvador-ISSQN
2021-09-01,2021-09-01,6,2022-03-01,127772172.220623,139972380.19188052,10475026.293769283,salvador-ISSQN
2021-09-01,2021-09-01,7,2022-04-01,125087559.77891354,135486874.8522436,10475026.293769283,salvador-ISSQN
2021-09-01,2021-09-01,8,2022-05-01,158617101.47339234,136518634.93723622,10475026.293769283,salvador-ISSQN
2021-09-01,2021-09-01,9,2022-06-01,140282250.49272528,133241458.62549883,10475026.293769283,salvador-ISSQN
2021-09-01,2021-09-01,10,2022-07-01,136077881.4518655,135550243.95632172,10475026.293769283,salvador-ISSQN
2021-09-01,2021-09-01,11,2022-08-01,143715514.76575464,134603478.87694544,10475026.293769283,salvador-ISSQN
2021-09-01,2021-09-01,12,2022-09-01,160697582.0766429,144811218.70242462,10475026.293769283,salvador-ISSQN
2021-10-01,2021-10-01,1,2021-11-01,144735405.66712868,137941927.71286163,10367279.644576866,salvador-ISSQN
2021-10-01,2021-10-01,2,2021-12-01,173727685.14791396,171513747.16006774,10367279.644576866,salvador-ISSQN
2021-10-01,2021-10-01,3,2022-01-01,122149190.55838329,123663992.28992364,10367279.644576866,salvador-ISSQN
2021-10-01,2021-10-01,4,2022-02-01,114236272.5266531,128057317.94222397,10367279.644576866,salvador-ISSQN
2021-10-01,2021-10-01,5,2022-03-01,127772172.220623,136100852.6341601,10367279.644576866,salvador-ISSQN
2021-10-01,2021-10-01,6,2022-04-01,125087559.77891354,129894786.69856857,10367279.644576866,salvador-ISSQN
2021-10-01,2021-10-01,7,2022-05-01,158617101.47339234,132747617.65867876,10367279.644576866,salvador-ISSQN
2021-10-01,2021-10-01,8,2022-06-01,140282250.49272528,129563394.04631743,10367279.644576866,salvador-ISSQN
2021-10-01,2021-10-01,9,2022-07-01,136077881.4518655,131810914.53068197,10367279.644576866,salvador-ISSQN
2021-10-01,2021-10-01,10,2022-08-01,143715514.76575464,130892715.81656584,10367279.644576866,salvador-ISSQN
2021-10-01,2021-10-01,11,2022-09-01,160697582.0766429,140821679.56371567,10367279.644576866,salvador-ISSQN
2021-10-01,2021-10-01,12,2022-10-01,153494428.37310088,137286715.34099263,10367279.644576866,salvador-ISSQN
2021-11-01,2021-11-01,1,2021-12-01,173727685.14791396,176012366.47514197,10315866.099301636,salvador-ISSQN
2021-11-01,2021-11-01,2,2022-01-01,122149190.55838329,126910558.34585963,10315866.099301636,salvador-ISSQN
2021-11-01,2021-11-01,3,2022-02-01,114236272.5266531,131422319.85259385,10315866.099301636,salvador-ISSQN
2021-11-01,2021-11-01,4,2022-03-01,127772172.220623,139680505.84056276,10315866.099301636,salvador-ISSQN
2021-11-01,2021-11-01,5,2022-04-01,125087559.77891354,133314347.18136652,10315866.099301636,salvador-ISSQN
2021-11-01,2021-11-01,6,2022-05-01,158617101.47339234,133947565.55721419,10315866.099301636,salvador-ISSQN
2021-11-01,2021-11-01,7,2022-06-01,140282250.49272528,132980477.67178364,10315866.099301636,salvador-ISSQN
2021-11-01,2021-11-01,8,2022-07-01,136077881.4518655,135290447.30310053,10315866.099301636,salvador-ISSQN
2021-11-01,2021-11-01,9,2022-08-01,143715514.76575464,134351158.45729512,10315866.099301636,salvador-ISSQN
2021-11-01,2021-11-01,10,2022-09-01,160697582.0766429,144545849.02248412,10315866.099301636,salvador-ISSQN
2021-11-01,2021-11-01,11,2022-10-01,153494428.37310088,140920695.25503123,10315866.099301636,salvador-ISSQN
2021-11-01,2021-11-01,12,2022-11-01,145852410.06631136,142384219.84179583,10315866.099301636,salvador-ISSQN
2021-12-01,2021-12-01,1,2022-01-01,122149190.55838329,126053717.48485827,10291360.585169924,salvador-ISSQN
2021-12-01,2021-12-01,2,2022-02-01,114236272.5266531,130537913.61171798,10291360.585169924,salvador-ISSQN
2021-12-01,2021-12-01,3,2022-03-01,127772172.220623,138743601.05995065,10291360.585169924,salvador-ISSQN
2021-12-01,2021-12-01,4,2022-04-01,125087559.77891354,132423075.21934578,10291360.585169924,salvador-ISSQN
2021-12-01,2021-12-01,5,2022-05-01,158617101.47339234,133055003.1932821,10291360.585169924,salvador-ISSQN
2021-12-01,2021-12-01,6,2022-06-01,140282250.49272528,130861428.12615341,10291360.585169924,salvador-ISSQN
2021-12-01,2021-12-01,7,2022-07-01,136077881.4518655,134394872.92159402,10291360.585169924,salvador-ISSQN
2021-12-01,2021-12-01,8,2022-08-01,143715514.76575464,133464745.08703928,10291360.585169924,salvador-ISSQN
2021-12-01,2021-12-01,9,2022-09-01,160697582.0766429,143595337.3046483,10291360.585169924,salvador-ISSQN
2021-12-01,2021-12-01,10,2022-10-01,153494428.37310088,139997103.19444895,10291360.585169924,salvador-ISSQN
2021-12-01,2021-12-01,11,2022-11-01,145852410.06631136,141454146.0399259,10291360.585169924,salvador-ISSQN
2021-12-01,2021-12-01,12,2022-12-01,173647289.37823588,175888275.54908815,10291360.585169924,salvador-ISSQN
2022-01-01,2022-01-01,1,2022-02-01,114236272.5266531,128405889.09654394,10363297.198555406,salvador-ISSQN
2022-01-01,2022-01-01,2,2022-03-01,127772172.220623,136479698.60159537,10363297.198555406,salvador-ISSQN
2022-01-01,2022-01-01,3,2022-04-01,125087559.77891354,130264348.49131614,10363297.198555406,salvador-ISSQN
2022-01-01,2022-01-01,4,2022-05-01,158617101.47339234,130888025.25870967,10363297.198555406,salvador-ISSQN
2022-01-01,2022-01-01,5,2022-06-01,140282250.49272528,128732189.95364618,10363297.198555406,salvador-ISSQN
2022-01-01,2022-01-01,6,2022-07-01,136077881.4518655,132778307.67060512,10363297.198555406,salvador-ISSQN
2022-01-01,2022-01-01,7,2022-08-01,143715514.76575464,131297251.34649229,10363297.198555406,salvador-ISSQN
2022-01-01,2022-01-01,8,2022-09-01,160697582.0766429,141265524.5282948,10363297.198555406,salvador-ISSQN
2022-01-01,2022-01-01,9,2022-10-01,153494428.37310088,137727817.6031784,10363297.198555406,salvador-ISSQN
2022-01-01,2022-01-01,10,2022-11-01,145852410.06631136,139163409.00593832,10363297.198555406,salvador-ISSQN
2022-01-01,2022-01-01,11,2022-12-01,173647289.37823588,173042596.44970778,10363297.198555406,salvador-ISSQN
2022-01-01,2022-01-01,12,2023-01-01,135212874.65426108,124773582.63098569,10363297.198555406,salvador-ISSQN
2022-02-01,2022-02-01,1,2022-03-01,127772172.220623,127970428.51022705,10223688.449442249,salvador-ISSQN
2022-02-01,2022-02-01,2,2022-04-01,125087559.77891354,122142196.82620963,10223688.449442249,salvador-ISSQN
2022-02-01,2022-02-01,3,2022-05-01,158617101.47339234,122726587.28588454,10223688.449442249,salvador-ISSQN
2022-02-01,2022-02-01,4,2022-06-01,140282250.49272528,120704785.43118899,10223688.449442249,salvador-ISSQN
2022-02-01,2022-02-01,5,2022-07-01,136077881.4518655,124498193.60312022,10223688.449442249,salvador-ISSQN
2022-02-01,2022-02-01,6,2022-08-01,143715514.76575464,127212358.5006774,10223688.449442249,salvador-ISSQN
2022-02-01,2022-02-01,7,2022-09-01,160697582.0766429,132455285.20083593,10223688.449442249,salvador-ISSQN
2022-02-01,2022-02-01,8,2022-10-01,153494428.37310088,129137794.8278838,10223688.449442249,salvador-ISSQN
2022-02-01,2022-02-01,9,2022-11-01,145852410.06631136,130483427.19574717,10223688.449442249,salvador-ISSQN
2022-02-01,2022-02-01,10,2022-12-01,173647289.37823588,162248958.0936329,10223688.449442249,salvador-ISSQN
2022-02-01,2022-02-01,11,2023-01-01,135212874.65426108,116990376.26245874,10223688.449442249,salvador-ISSQN
2022-02-01,2022-02-01,12,2023-02-01,132887451.56330125,121153271.71927305,10223688.449442249,salvador-ISSQN
2022-03-01,2022-03-01,1,2022-04-01,125087559.77891354,122029109.50584616,10179044.387188049,salvador-ISSQN
2022-03-01,2022-03-01,2,2022-05-01,158617101.47339234,122611696.00145061,10179044.387188049,salvador-ISSQN
2022-03-01,2022-03-01,3,2022-06-01,140282250.49272528,120590546.06961317,10179044.387188049,salvador-ISSQN
2022-03-01,2022-03-01,4,2022-07-01,136077881.4518655,124379085.55879515,10179044.387188049,salvador-ISSQN
2022-03-01,2022-03-01,5,2022-08-01,143715514.76575464,127089348.82235566,10179044.387188049,salvador-ISSQN
2022-03-01,2022-03-01,6,2022-09-01,160697582.0766429,132585000.0817679,10179044.387188049,salvador-ISSQN
2022-03-01,2022-03-01,7,2022-10-01,153494428.37310088,129010277.98694365,10179044.387188049,salvador-ISSQN
2022-03-01,2022-03-01,8,2022-11-01,145852410.06631136,130353247.24188775,10179044.387188049,salvador-ISSQN
2022-03-01,2022-03-01,9,2022-12-01,173647289.37823588,162085428.99116343,10179044.387188049,salvador-ISSQN
2022-03-01,2022-03-01,10,2023-01-01,135212874.65426108,116871268.9246589,10179044.387188049,salvador-ISSQN
2022-03-01,2022-03-01,11,2023-02-01,132887451.56330125,121028691.04773916,10179044.387188049,salvador-ISSQN
2022-03-01,2022-03-01,12,2023-03-01,145681238.28892994,128636495.51531275,10179044.387188049,salvador-ISSQN
2022-04-01,2022-04-01,1,2022-05-01,158617101.47339234,124332169.11645822,10189632.595485613,salvador-ISSQN
2022-04-01,2022-04-01,2,2022-06-01,140282250.49272528,122281764.0448069,10189632.595485613,salvador-ISSQN
2022-04-01,2022-04-01,3,2022-07-01,136077881.4518655,126122514.01292263,10189632.595485613,salvador-ISSQN
2022-04-01,2022-04-01,4,2022-08-01,143715514.76575464,128869826.29560141,10189632.595485613,salvador-ISSQN
2022-04-01,2022-04-01,5,2022-09-01,160697582.0766429,134441489.13666937,10189632.595485613,salvador-ISSQN
2022-04-01,2022-04-01,6,2022-10-01,153494428.37310088,130812417.4243251,10189632.595485613,salvador-ISSQN
2022-04-01,2022-04-01,7,2022-11-01,145852410.06631136,132176561.52209769,10189632.595485613,salvador-ISSQN
2022-04-01,2022-04-01,8,2022-12-01,173647289.37823588,164351401.62997693,10189632.595485613,salvador-ISSQN
2022-04-01,2022-04-01,9,2023-01-01,135212874.65426108,118504281.63824832,10189632.595485613,salvador-ISSQN
2022-04-01,2022-04-01,10,2023-02-01,132887451.56330125,122718903.80156894,10189632.595485613,salvador-ISSQN
2022-04-01,2022-04-01,11,2023-03-01,145681238.28892994,130432008.62927128,10189632.595485613,salvador-ISSQN
2022-04-01,2022-04-01,12,2023-04-01,143508604.1514569,124489095.84730072,10189632.595485613,salvador-ISSQN
2022-05-01,2022-05-01,1,2022-06-01,140282250.49272528,140952844.0985675,10648015.714585831,salvador-ISSQN
2022-05-01,2022-05-01,2,2022-07-01,136077881.4518655,145382572.58517992,10648015.714585831,salvador-ISSQN
2022-05-01,2022-05-01,3,2022-08-01,143715514.76575464,148552015.45908144,10648015.714585831,salvador-ISSQN
2022-05-01,2022-05-01,4,2022-09-01,160697582.0766429,154977334.3154413,10648015.714585831,salvador-ISSQN
2022-05-01,2022-05-01,5,2022-10-01,153494428.37310088,150796549.11324164,10648015.714585831,salvador-ISSQN
2022-05-01,2022-05-01,6,2022-11-01,145852410.06631136,153613501.95934325,10648015.714585831,salvador-ISSQN
2022-05-01,2022-05-01,7,2022-12-01,173647289.37823588,189465848.5263919,10648015.714585831,salvador-ISSQN
2022-05-01,2022-05-01,8,2023-01-01,135212874.65426108,136615226.078362,10648015.714585831,salvador-ISSQN
2022-05-01,2022-05-01,9,2023-02-01,132887451.56330125,141476419.11659792,10648015.714585831,salvador-ISSQN
2022-05-01,2022-05-01,10,2023-03-01,145681238.28892994,150371071.68620697,10648015.714585831,salvador-ISSQN
2022-05-01,2022-05-01,11,2023-04-01,143508604.1514569,143522152.26752442,10648015.714585831,salvador-ISSQN
2022-05-01,2022-05-01,12,2023-05-01,145983428.00425628,144208351.30800366,10648015.714585831,salvador-ISSQN
2022-06-01,2022-06-01,1,2022-07-01,136077881.4518655,144940536.0511887,10816763.538680729,salvador-ISSQN
2022-06-01,2022-06-01,2,2022-08-01,143715514.76575464,148106408.35329068,10816763.538680729,salvador-ISSQN
2022-06-01,2022-06-01,3,2022-09-01,160697582.0766429,154518775.31580028,10816763.538680729,salvador-ISSQN
2022-06-01,2022-06-01,4,2022-10-01,153494428.37310088,150356505.5639197,10816763.538680729,salvador-ISSQN
2022-06-01,2022-06-01,5,2022-11-01,145852410.06631136,153171491.5003652,10816763.538680729,salvador-ISSQN
2022-06-01,2022-06-01,6,2022-12-01,173647289.37823588,188914647.40254033,10816763.538680729,salvador-ISSQN
2022-06-01,2022-06-01,7,2023-01-01,135212874.65426108,136233232.20208833,10816763.538680729,salvador-ISSQN
2022-06-01,2022-06-01,8,2023-02-01,132887451.56330125,141086574.07357192,10816763.538680729,salvador-ISSQN
2022-06-01,2022-06-01,9,2023-03-01,145681238.28892994,149962813.00642678,10816763.538680729,salvador-ISSQN
2022-06-01,2022-06-01,10,2023-04-01,143508604.1514569,143138300.7918037,10816763.538680729,salvador-ISSQN
2022-06-01,2022-06-01,11,2023-05-01,145983428.00425628,143828498.66992697,10816763.538680729,salvador-ISSQN
2022-06-01,2022-06-01,12,2023-06-01,147945962.3126708,141464320.96402732,10816763.538680729,salvador-ISSQN
2022-07-01,2022-07-01,1,2022-08-01,143715514.76575464,143183523.4636186,10753535.966567736,salvador-ISSQN
2022-07-01,2022-07-01,2,2022-09-01,160697582.0766429,149387908.69286314,10753535.966567736,salvador-ISSQN
2022-07-01,2022-07-01,3,2022-10-01,153494428.37310088,145368862.34882608,10753535.966567736,salvador-ISSQN
2022-07-01,2022-07-01,4,2022-11-01,145852410.06631136,148095570.73294008,10753535.966567736,salvador-ISSQN
2022-07-01,2022-07-01,5,2022-12-01,173647289.37823588,182660525.92597204,10753535.966567736,salvador-ISSQN
2022-07-01,2022-07-01,6,2023-01-01,135212874.65426108,131096300.2731776,10753535.966567736,salvador-ISSQN
2022-07-01,2022-07-01,7,2023-02-01,132887451.56330125,136425198.54747042,10753535.966567736,salvador-ISSQN
2022-07-01,2022-07-01,8,2023-03-01,145681238.28892994,145013146.73812094,10753535.966567736,salvador-ISSQN
2022-07-01,2022-07-01,9,2023-04-01,143508604.1514569,138418624.8450186,10753535.966567736,salvador-ISSQN
2022-07-01,2022-07-01,10,2023-05-01,145983428.00425628,139090823.24873927,10753535.966567736,salvador-ISSQN
2022-07-01,2022-07-01,11,2023-06-01,147945962.3126708,136809195.85432908,10753535.966567736,salvador-ISSQN
2022-07-01,2022-07-01,12,2023-07-01,149804608.7464599,141118775.52345166,10753535.966567736,salvador-ISSQN
2022-08-01,2022-08-01,1,2022-09-01,160697582.0766429,149694623.07428762,10767250.123536939,salvador-ISSQN
2022-08-01,2022-08-01,2,2022-10-01,153494428.37310088,145670696.46974745,10767250.123536939,salvador-ISSQN
2022-08-01,2022-08-01,3,2022-11-01,145852410.06631136,148406496.97368252,10767250.123536939,salvador-ISSQN
2022-08-01,2022-08-01,4,2022-12-01,173647289.37823588,183048247.42014575,10767250.123536939,salvador-ISSQN
2022-08-01,2022-08-01,5,2023-01-01,135212874.65426108,131377599.35822523,10767250.123536939,salvador-ISSQN
2022-08-01,2022-08-01,6,2023-02-01,132887451.56330125,134276103.9072983,10767250.123536939,salvador-ISSQN
2022-08-01,2022-08-01,7,2023-03-01,145681238.28892994,145330998.29438236,10767250.123536939,salvador-ISSQN
2022-08-01,2022-08-01,8,2023-04-01,143508604.1514569,138725209.43873963,10767250.123536939,salvador-ISSQN
2022-08-01,2022-08-01,9,2023-05-01,145983428.00425628,139402095.83397338,10767250.123536939,salvador-ISSQN
2022-08-01,2022-08-01,10,2023-06-01,147945962.3126708,137118505.29951653,10767250.123536939,salvador-ISSQN
2022-08-01,2022-08-01,11,2023-07-01,149804608.7464599,141441066.526561,10767250.123536939,salvador-ISSQN
2022-08-01,2022-08-01,12,2023-08-01,158308919.14379752,144538192.93287775,10767250.123536939,salvador-ISSQN
2022-09-01,2022-09-01,1,2022-10-01,153494428.37310088,151139916.61304262,10916966.104997287,salvador-ISSQN
2022-09-01,2022-09-01,2,2022-11-01,145852410.06631136,153981984.83807012,10916966.104997287,salvador-ISSQN
2022-09-01,2022-09-01,3,2022-12-01,173647289.37823588,189929567.69763583,10916966.104997287,salvador-ISSQN
2022-09-01,2022-09-01,4,2023-01-01,135212874.65426108,136319605.01817828,10916966.104997287,salvador-ISSQN
2022-09-01,2022-09-01,5,2023-02-01,132887451.56330125,139330343.83208176,10916966.104997287,salvador-ISSQN
2022-09-01,2022-09-01,6,2023-03-01,145681238.28892994,149038839.8057476,10916966.104997287,salvador-ISSQN
2022-09-01,2022-09-01,7,2023-04-01,143508604.1514569,143953520.12447703,10916966.104997287,salvador-ISSQN
2022-09-01,2022-09-01,8,2023-05-01,145983428.00425628,144659228.9447876,10916966.104997287,salvador-ISSQN
2022-09-01,2022-09-01,9,2023-06-01,147945962.3126708,142292773.13051438,10916966.104997287,salvador-ISSQN
2022-09-01,2022-09-01,10,2023-07-01,149804608.7464599,146781801.34204063,10916966.104997287,salvador-ISSQN
2022-09-01,2022-09-01,11,2023-08-01,158308919.14379752,149999294.6392765,10916966.104997287,salvador-ISSQN
2022-09-01,2022-09-01,12,2023-09-01,149291086.55814052,156505498.81922913,10916966.104997287,salvador-ISSQN
2022-10-01,2022-10-01,1,2022-11-01,145852410.06631136,155324384.72612965,11031433.233207375,salvador-ISSQN
2022-10-01,2022-10-01,2,2022-12-01,173647289.37823588,191591114.6238897,11031433.233207375,salvador-ISSQN
2022-10-01,2022-10-01,3,2023-01-01,135212874.65426108,137516288.37908125,11031433.233207375,salvador-ISSQN
2022-10-01,2022-10-01,4,2023-02-01,132887451.56330125,140557671.33839762,11031433.233207375,salvador-ISSQN
2022-10-01,2022-10-01,5,2023-03-01,145681238.28892994,150356189.35532948,11031433.233207375,salvador-ISSQN
2022-10-01,2022-10-01,6,2023-04-01,143508604.1514569,143779560.3826029,11031433.233207375,salvador-ISSQN
2022-10-01,2022-10-01,7,2023-05-01,145983428.00425628,145946590.40876067,11031433.233207375,salvador-ISSQN
2022-10-01,2022-10-01,8,2023-06-01,147945962.3126708,143563356.89421985,11031433.233207375,salvador-ISSQN
2022-10-01,2022-10-01,9,2023-07-01,149804608.7464599,148096880.75836298,11031433.233207375,salvador-ISSQN
2022-10-01,2022-10-01,10,2023-08-01,158308919.14379752,151347703.3772273,11031433.233207375,salvador-ISSQN
2022-10-01,2022-10-01,11,2023-09-01,149291086.55814052,157917086.42519155,11031433.233207375,salvador-ISSQN
2022-10-01,2022-10-01,12,2023-10-01,162466226.3022135,153679490.91787168,11031433.233207375,salvador-ISSQN
2022-11-01,2022-11-01,1,2022-12-01,173647289.37823588,185519358.1582769,10911982.283399848,salvador-ISSQN
2022-11-01,2022-11-01,2,2023-01-01,135212874.65426108,133162717.91283986,10911982.283399848,salvador-ISSQN
2022-11-01,2022-11-01,3,2023-02-01,132887451.56330125,136112396.84338784,10911982.283399848,salvador-ISSQN
2022-11-01,2022-11-01,4,2023-03-01,145681238.28892994,145605921.79392534,10911982.283399848,salvador-ISSQN
2022-11-01,2022-11-01,5,2023-04-01,143508604.1514569,139241745.42947105,10911982.283399848,salvador-ISSQN
2022-11-01,2022-11-01,6,2023-05-01,145983428.00425628,144716895.1873869,10911982.283399848,salvador-ISSQN
2022-11-01,2022-11-01,7,2023-06-01,147945962.3126708,139041681.4872398,10911982.283399848,salvador-ISSQN
2022-11-01,2022-11-01,8,2023-07-01,149804608.7464599,143437212.82848522,10911982.283399848,salvador-ISSQN
2022-11-01,2022-11-01,9,2023-08-01,158308919.14379752,146590646.91756645,10911982.283399848,salvador-ISSQN
2022-11-01,2022-11-01,10,2023-09-01,149291086.55814052,152958645.50028285,10911982.283399848,salvador-ISSQN
2022-11-01,2022-11-01,11,2023-10-01,162466226.3022135,148859062.70874685,10911982.283399848,salvador-ISSQN
2022-11-01,2022-11-01,12,2023-11-01,163312814.20696488,151667038.45967323,10911982.283399848,salvador-ISSQN
2022-12-01,2022-12-01,1,2023-01-01,135212874.65426108,128673379.19146548,10783034.82490316,salvador-ISSQN
2022-12-01,2022-12-01,2,2023-02-01,132887451.56330125,131526892.18046379,10783034.82490316,salvador-ISSQN
2022-12-01,2022-12-01,3,2023-03-01,145681238.28892994,140704089.55052468,10783034.82490316,salvador-ISSQN
2022-12-01,2022-12-01,4,2023-04-01,143508604.1514569,134557506.63067156,10783034.82490316,salvador-ISSQN
2022-12-01,2022-12-01,5,2023-05-01,145983428.00425628,139851936.23277974,10783034.82490316,salvador-ISSQN
2022-12-01,2022-12-01,6,2023-06-01,147945962.3126708,135323027.21521175,10783034.82490316,salvador-ISSQN
2022-12-01,2022-12-01,7,2023-07-01,149804608.7464599,138622136.53563157,10783034.82490316,salvador-ISSQN
2022-12-01,2022-12-01,8,2023-08-01,158308919.14379752,141673212.1101016,10783034.82490316,salvador-ISSQN
2022-12-01,2022-12-01,9,2023-09-01,149291086.55814052,147831240.70013297,10783034.82490316,salvador-ISSQN
2022-12-01,2022-12-01,10,2023-10-01,162466226.3022135,143872626.17736378,10783034.82490316,salvador-ISSQN
2022-12-01,2022-12-01,11,2023-11-01,163312814.20696488,146590147.0682521,10783034.82490316,salvador-ISSQN
2022-12-01,2022-12-01,12,2023-12-01,187215660.76514104,180826997.983969,10783034.82490316,salvador-ISSQN
2023-01-01,2023-01-01,1,2023-02-01,132887451.56330125,135012102.2470224,10809865.99279698,salvador-ISSQN
2023-01-01,2023-01-01,2,2023-03-01,145681238.28892994,144433483.1052502,10809865.99279698,salvador-ISSQN
2023-01-01,2023-01-01,3,2023-04-01,143508604.1514569,138124943.68735063,10809865.99279698,salvador-ISSQN
2023-01-01,2023-01-01,4,2023-05-01,145983428.00425628,143560737.50599074,10809865.99279698,salvador-ISSQN
2023-01-01,2023-01-01,5,2023-06-01,147945962.3126708,138912686.88333353,10809865.99279698,salvador-ISSQN
2023-01-01,2023-01-01,6,2023-07-01,149804608.7464599,142013631.93398315,10809865.99279698,salvador-ISSQN
2023-01-01,2023-01-01,7,2023-08-01,158308919.14379752,145433332.01763758,10809865.99279698,salvador-ISSQN
2023-01-01,2023-01-01,8,2023-09-01,149291086.55814052,151755846.74485084,10809865.99279698,salvador-ISSQN
2023-01-01,2023-01-01,9,2023-10-01,162466226.3022135,147693157.03726298,10809865.99279698,salvador-ISSQN
2023-01-01,2023-01-01,10,2023-11-01,163312814.20696488,150483876.9303493,10809865.99279698,salvador-ISSQN
2023-01-01,2023-01-01,11,2023-12-01,187215660.76514104,185631402.96677107,10809865.99279698,salvador-ISSQN
2023-01-01,2023-01-01,12,2024-01-01,204327604.53179494,133246540.59018579,10809865.99279698,salvador-ISSQN
2023-02-01,2023-02-01,1,2023-03-01,145681238.28892994,143290810.34557354,10901044.051446412,salvador-ISSQN
2023-02-01,2023-02-01,2,2023-04-01,143508604.1514569,137034563.22410735,10901044.051446412,salvador-ISSQN
2023-02-01,2023-02-01,3,2023-05-01,145983428.00425628,142429919.0040866,10901044.051446412,salvador-ISSQN
2023-02-01,2023-02-01,4,2023-06-01,147945962.3126708,137820870.18969396,10901044.051446412,salvador-ISSQN
2023-02-01,2023-02-01,5,2023-07-01,149804608.7464599,140899881.8228218,10901044.051446412,salvador-ISSQN
2023-02-01,2023-02-01,6,2023-08-01,158308919.14379752,144441469.86458284,10901044.051446412,salvador-ISSQN
2023-02-01,2023-02-01,7,2023-09-01,149291086.55814052,150570894.35537913,10901044.051446412,salvador-ISSQN
2023-02-01,2023-02-01,8,2023-10-01,162466226.3022135,146542452.9062545,10901044.051446412,salvador-ISSQN
2023-02-01,2023-02-01,9,2023-11-01,163312814.20696488,149313999.397505,10901044.051446412,salvador-ISSQN
2023-02-01,2023-02-01,10,2023-12-01,187215660.76514104,184191450.005956,10901044.051446412,salvador-ISSQN
2023-02-01,2023-02-01,11,2024-01-01,204327604.53179494,132215208.51491517,10901044.051446412,salvador-ISSQN
2023-02-01,2023-02-01,12,2024-02-01,159278235.93683836,135149657.1270397,10901044.051446412,salvador-ISSQN
2023-03-01,2023-03-01,1,2023-04-01,143508604.1514569,138181029.3941281,10981596.028651705,salvador-ISSQN
2023-03-01,2023-03-01,2,2023-05-01,145983428.00425628,143623112.31357095,10981596.028651705,salvador-ISSQN
2023-03-01,2023-03-01,3,2023-06-01,147945962.3126708,138976986.1407632,10981596.028651705,salvador-ISSQN
2023-03-01,2023-03-01,4,2023-07-01,149804608.7464599,142083392.63690308,10981596.028651705,salvador-ISSQN
2023-03-01,2023-03-01,5,2023-08-01,158308919.14379752,145656332.2265708,10981596.028651705,salvador-ISSQN
2023-03-01,2023-03-01,6,2023-09-01,149291086.55814052,153162119.2749195,10981596.028651705,salvador-ISSQN
2023-03-01,2023-03-01,7,2023-10-01,162466226.3022135,147778232.32257754,10981596.028651705,salvador-ISSQN
2023-03-01,2023-03-01,8,2023-11-01,163312814.20696488,150574801.10786396,10981596.028651705,salvador-ISSQN
2023-03-01,2023-03-01,9,2023-12-01,187215660.76514104,185748788.06641513,10981596.028651705,salvador-ISSQN
2023-03-01,2023-03-01,10,2024-01-01,204327604.53179494,133334544.41067213,10981596.028651705,salvador-ISSQN
2023-03-01,2023-03-01,11,2024-02-01,159278235.93683836,136295322.9956566,10981596.028651705,salvador-ISSQN
2023-03-01,2023-03-01,12,2024-03-01,162189752.8885526,145809397.91496915,10981596.028651705,salvador-ISSQN
2023-04-01,2023-04-01,1,2023-05-01,145983428.00425628,146435886.3439887,11066135.214377748,salvador-ISSQN
2023-04-01,2023-04-01,2,2023-06-01,147945962.3126708,141700198.96723518,11066135.214377748,salvador-ISSQN
2023-04-01,2023-04-01,3,2023-07-01,149804608.7464599,144868934.76785368,11066135.214377748,salvador-ISSQN
2023-04-01,2023-04-01,4,2023-08-01,158308919.14379752,148513416.40483528,11066135.214377748,salvador-ISSQN
2023-04-01,2023-04-01,5,2023-09-01,149291086.55814052,156168000.55293307,11066135.214377748,salvador-ISSQN
2023-04-01,2023-04-01,6,2023-10-01,162466226.3022135,151429522.01870772,11066135.214377748,salvador-ISSQN
2023-04-01,2023-04-01,7,2023-11-01,163312814.20696488,153532983.5186404,11066135.214377748,salvador-ISSQN
2023-04-01,2023-04-01,8,2023-12-01,187215660.76514104,189399890.77064914,11066135.214377748,salvador-ISSQN
2023-04-01,2023-04-01,9,2024-01-01,204327604.53179494,135956743.68625885,11066135.214377748,salvador-ISSQN
2023-04-01,2023-04-01,10,2024-02-01,159278235.93683836,138977135.7978877,11066135.214377748,salvador-ISSQN
2023-04-01,2023-04-01,11,2024-03-01,162189752.8885526,148679894.68839183,11066135.214377748,salvador-ISSQN
2023-04-01,2023-04-01,12,2024-04-01,170382067.58095023,142190360.85466656,11066135.214377748,salvador-ISSQN
2023-05-01,2023-05-01,1,2023-06-01,147945962.3126708,141485331.9953257,11083748.003757054,salvador-ISSQN
2023-05-01,2023-05-01,2,2023-07-01,149804608.7464599,144652069.8672323,11083748.003757054,salvador-ISSQN
2023-05-01,2023-05-01,3,2023-08-01,158308919.14379752,148293968.98241496,11083748.003757054,salvador-ISSQN
2023-05-01,2023-05-01,4,2023-09-01,149291086.55814052,155940259.12245047,11083748.003757054,salvador-ISSQN
2023-05-01,2023-05-01,5,2023-10-01,162466226.3022135,151211611.34862486,11083748.003757054,salvador-ISSQN
2023-05-01,2023-05-01,6,2023-11-01,163312814.20696488,152717459.53510916,11083748.003757054,salvador-ISSQN
2023-05-01,2023-05-01,7,2023-12-01,187215660.76514104,189134628.85877728,11083748.003757054,salvador-ISSQN
2023-05-01,2023-05-01,8,2024-01-01,204327604.53179494,135768941.10024247,11083748.003757054,salvador-ISSQN
2023-05-01,2023-05-01,9,2024-02-01,159278235.93683836,138787825.04135165,11083748.003757054,salvador-ISSQN
2023-05-01,2023-05-01,10,2024-03-01,162189752.8885526,148480212.754464,11083748.003757054,salvador-ISSQN
2023-05-01,2023-05-01,11,2024-04-01,170382067.58095023,142002111.8569525,11083748.003757054,salvador-ISSQN
2023-05-01,2023-05-01,12,2024-05-01,166327769.7078219,147597951.32964545,11083748.003757054,salvador-ISSQN
2023-06-01,2023-06-01,1,2023-07-01,149804608.7464599,148056102.1054751,11045747.601714704,salvador-ISSQN
2023-06-01,2023-06-01,2,2023-08-01,158308919.14379752,151785545.995793,11045747.601714704,salvador-ISSQN
2023-06-01,2023-06-01,3,2023-09-01,149291086.55814052,159613801.30753928,11045747.601714704,salvador-ISSQN
2023-06-01,2023-06-01,4,2023-10-01,162466226.3022135,154775630.9532127,11045747.601714704,salvador-ISSQN
2023-06-01,2023-06-01,5,2023-11-01,163312814.20696488,156318859.18774998,11045747.601714704,salvador-ISSQN
2023-06-01,2023-06-01,6,2023-12-01,187215660.76514104,192073913.43270925,11045747.601714704,salvador-ISSQN
2023-06-01,2023-06-01,7,2024-01-01,204327604.53179494,138974007.2524352,11045747.601714704,salvador-ISSQN
2023-06-01,2023-06-01,8,2024-02-01,159278235.93683836,142065864.63512087,11045747.601714704,salvador-ISSQN
2023-06-01,2023-06-01,9,2024-03-01,162189752.8885526,151989001.2606657,11045747.601714704,salvador-ISSQN
2023-06-01,2023-06-01,10,2024-04-01,170382067.58095023,145359555.47673103,11045747.601714704,salvador-ISSQN
2023-06-01,2023-06-01,11,2024-05-01,166327769.7078219,151089508.03689286,11045747.601714704,salvador-ISSQN
2023-06-01,2023-06-01,12,2024-06-01,159858497.2817491,146206826.51666224,11045747.601714704,salvador-ISSQN
2023-07-01,2023-07-01,1,2023-08-01,158308919.14379752,152734871.2440028,11075208.917021073,salvador-ISSQN
2023-07-01,2023-07-01,2,2023-09-01,149291086.55814052,160615156.47663745,11075208.917021073,salvador-ISSQN
2023-07-01,2023-07-01,3,2023-10-01,162466226.3022135,155749604.5283209,11075208.917021073,salvador-ISSQN
2023-07-01,2023-07-01,4,2023-11-01,163312814.20696488,157305540.04809868,11075208.917021073,salvador-ISSQN
2023-07-01,2023-07-01,5,2023-12-01,187215660.76514104,193289954.78780103,11075208.917021073,salvador-ISSQN
2023-07-01,2023-07-01,6,2024-01-01,204327604.53179494,140050701.18056577,11075208.917021073,salvador-ISSQN
2023-07-01,2023-07-01,7,2024-02-01,159278235.93683836,142970723.5021586,11075208.917021073,salvador-ISSQN
2023-07-01,2023-07-01,8,2024-03-01,162189752.8885526,152959957.9967384,11075208.917021073,salvador-ISSQN
2023-07-01,2023-07-01,9,2024-04-01,170382067.58095023,146290924.9524276,11075208.917021073,salvador-ISSQN
2023-07-01,2023-07-01,10,2024-05-01,166327769.7078219,152060459.56621984,11075208.917021073,salvador-ISSQN
2023-07-01,2023-07-01,11,2024-06-01,159858497.2817491,147149171.45098457,11075208.917021073,salvador-ISSQN
2023-07-01,2023-07-01,12,2024-07-01,169912894.89976043,150446185.51034895,11075208.917021073,salvador-ISSQN
2023-08-01,2023-08-01,1,2023-09-01,149291086.55814052,163728922.18311304,11113450.17203218,salvador-ISSQN
2023-08-01,2023-08-01,2,2023-10-01,162466226.3022135,158771365.11343887,11113450.17203218,salvador-ISSQN
2023-08-01,2023-08-01,3,2023-11-01,163312814.20696488,160359828.21489954,11113450.17203218,salvador-ISSQN
2023-08-01,2023-08-01,4,2023-12-01,187215660.76514104,197045797.26748723,11113450.17203218,salvador-ISSQN
2023-08-01,2023-08-01,5,2024-01-01,204327604.53179494,142774121.48377174,11113450.17203218,salvador-ISSQN
2023-08-01,2023-08-01,6,2024-02-01,159278235.93683836,145118144.6918989,11113450.17203218,salvador-ISSQN
2023-08-01,2023-08-01,7,2024-03-01,162189752.8885526,155938936.4411595,11113450.17203218,salvador-ISSQN
2023-08-01,2023-08-01,8,2024-04-01,170382067.58095023,149142179.03615528,11113450.17203218,salvador-ISSQN
2023-08-01,2023-08-01,9,2024-05-01,166327769.7078219,155026403.78488183,11113450.17203218,salvador-ISSQN
2023-08-01,2023-08-01,10,2024-06-01,159858497.2817491,150021485.12723255,11113450.17203218,salvador-ISSQN
2023-08-01,2023-08-01,11,2024-07-01,169912894.89976043,153385065.2355436,11113450.17203218,salvador-ISSQN
2023-08-01,2023-08-01,12,2024-08-01,179459931.33462426,157252756.17307794,11113450.17203218,salvador-ISSQN
2023-09-01,2023-09-01,1,2023-10-01,162466226.3022135,151674868.83473745,11116601.197263042,salvador-ISSQN
2023-09-01,2023-09-01,2,2023-11-01,163312814.20696488,153198301.7859006,11116601.197263042,salvador-ISSQN
2023-09-01,2023-09-01,3,2023-12-01,187215660.76514104,188253229.7869136,11116601.197263042,salvador-ISSQN
2023-09-01,2023-09-01,4,2024-01-01,204327604.53179494,136408558.08643404,11116601.197263042,salvador-ISSQN
2023-09-01,2023-09-01,5,2024-02-01,159278235.93683836,138653447.5161721,11116601.197263042,salvador-ISSQN
2023-09-01,2023-09-01,6,2024-03-01,162189752.8885526,148791193.9306002,11116601.197263042,salvador-ISSQN
2023-09-01,2023-09-01,7,2024-04-01,170382067.58095023,142509238.77873042,11116601.197263042,salvador-ISSQN
2023-09-01,2023-09-01,8,2024-05-01,166327769.7078219,148137481.44979545,11116601.197263042,salvador-ISSQN
2023-09-01,2023-09-01,9,2024-06-01,159858497.2817491,143360485.8166797,11116601.197263042,salvador-ISSQN
2023-09-01,2023-09-01,10,2024-07-01,169912894.89976043,146580355.35936108,11116601.197263042,salvador-ISSQN
2023-09-01,2023-09-01,11,2024-08-01,179459931.33462426,150282227.6131329,11116601.197263042,salvador-ISSQN
2023-09-01,2023-09-01,12,2024-09-01,184543486.4872822,158043030.68390363,11116601.197263042,salvador-ISSQN
2023-10-01,2023-10-01,1,2023-11-01,163312814.20696488,158531868.0363977,11093784.141218888,salvador-ISSQN
2023-10-01,2023-10-01,2,2023-12-01,187215660.76514104,194807288.11678785,11093784.141218888,salvador-ISSQN
2023-10-01,2023-10-01,3,2024-01-01,204327604.53179494,141157683.08616602,11093784.141218888,salvador-ISSQN
2023-10-01,2023-10-01,4,2024-02-01,159278235.93683836,143480775.018345,11093784.141218888,salvador-ISSQN
2023-10-01,2023-10-01,5,2024-03-01,162189752.8885526,153971523.877201,11093784.141218888,salvador-ISSQN
2023-10-01,2023-10-01,6,2024-04-01,170382067.58095023,147841133.76718542,11093784.141218888,salvador-ISSQN
2023-10-01,2023-10-01,7,2024-05-01,166327769.7078219,153295148.8432107,11093784.141218888,salvador-ISSQN
2023-10-01,2023-10-01,8,2024-06-01,159858497.2817491,148351880.5873639,11093784.141218888,salvador-ISSQN
2023-10-01,2023-10-01,9,2024-07-01,169912894.89976043,151683904.48022324,11093784.141218888,salvador-ISSQN
2023-10-01,2023-10-01,10,2024-08-01,179459931.33462426,155514715.34824112,11093784.141218888,salvador-ISSQN
2023-10-01,2023-10-01,11,2024-09-01,184543486.4872822,163545783.4844134,11093784.141218888,salvador-ISSQN
2023-10-01,2023-10-01,12,2024-10-01,179016330.2612471,158598576.92364752,11093784.141218888,salvador-ISSQN
2023-11-01,2023-11-01,1,2023-12-01,187215660.76514104,197703304.78665364,11160801.193844516,salvador-ISSQN
2023-11-01,2023-11-01,2,2024-01-01,204327604.53179494,143258053.1575827,11160801.193844516,salvador-ISSQN
2023-11-01,2023-11-01,3,2024-02-01,159278235.93683836,145617651.45717096,11160801.193844516,salvador-ISSQN
2023-11-01,2023-11-01,4,2024-03-01,162189752.8885526,156266718.19163367,11160801.193844516,salvador-ISSQN
2023-11-01,2023-11-01,5,2024-04-01,170382067.58095023,150046936.40945777,11160801.193844516,salvador-ISSQN
2023-11-01,2023-11-01,6,2024-05-01,166327769.7078219,155424495.28188336,11160801.193844516,salvador-ISSQN
2023-11-01,2023-11-01,7,2024-06-01,159858497.2817491,150569290.38177997,11160801.193844516,salvador-ISSQN
2023-11-01,2023-11-01,8,2024-07-01,169912894.89976043,153953150.76766178,11160801.193844516,salvador-ISSQN
2023-11-01,2023-11-01,9,2024-08-01,179459931.33462426,157843352.5537001,11160801.193844516,salvador-ISSQN
2023-11-01,2023-11-01,10,2024-09-01,184543486.4872822,165996860.09182614,11160801.193844516,salvador-ISSQN
2023-11-01,2023-11-01,11,2024-10-01,179016330.2612471,160977623.79363218,11160801.193844516,salvador-ISSQN
2023-11-01,2023-11-01,12,2024-11-01,170272112.29129708,162595209.87855953,11160801.193844516,salvador-ISSQN
2023-12-01,2023-12-01,1,2024-01-01,204327604.53179494,139609440.63350308,11185880.050022231,salvador-ISSQN
2023-12-01,2023-12-01,2,2024-02-01,159278235.93683836,141913219.01551917,11185880.050022231,salvador-ISSQN
2023-12-01,2023-12-01,3,2024-03-01,162189752.8885526,152295960.26604542,11185880.050022231,salvador-ISSQN
2023-12-01,2023-12-01,4,2024-04-01,170382067.58095023,146238614.75673234,11185880.050022231,salvador-ISSQN
2023-12-01,2023-12-01,5,2024-05-01,166327769.7078219,151484226.66272324,11185880.050022231,salvador-ISSQN
2023-12-01,2023-12-01,6,2024-06-01,159858497.2817491,147318161.70889673,11185880.050022231,salvador-ISSQN
2023-12-01,2023-12-01,7,2024-07-01,169912894.89976043,150059153.80025464,11185880.050022231,salvador-ISSQN
2023-12-01,2023-12-01,8,2024-08-01,179459931.33462426,153855545.73719501,11185880.050022231,salvador-ISSQN
2023-12-01,2023-12-01,9,2024-09-01,184543486.4872822,161807875.35276812,11185880.050022231,salvador-ISSQN
2023-12-01,2023-12-01,10,2024-10-01,179016330.2612471,156919962.33450693,11185880.050022231,salvador-ISSQN
2023-12-01,2023-12-01,11,2024-11-01,170272112.29129708,158501474.7588789,11185880.050022231,salvador-ISSQN
2023-12-01,2023-12-01,12,2024-12-01,201564378.85060686,194776498.87839058,11185880.050022231,salvador-ISSQN
2024-01-01,2024-01-01,1,2024-02-01,159278235.93683836,170955659.5469197,11783084.68741926,salvador-ISSQN
2024-01-01,2024-01-01,2,2024-03-01,162189752.8885526,183454522.84439245,11783084.68741926,salvador-ISSQN
2024-01-01,2024-01-01,3,2024-04-01,170382067.58095023,176149554.35448748,11783084.68741926,salvador-ISSQN
2024-01-01,2024-01-01,4,2024-05-01,166327769.7078219,182459457.57409412,11783084.68741926,salvador-ISSQN
2024-01-01,2024-01-01,5,2024-06-01,159858497.2817491,177433154.45106927,11783084.68741926,salvador-ISSQN
2024-01-01,2024-01-01,6,2024-07-01,169912894.89976043,180701327.74883303,11783084.68741926,salvador-ISSQN
2024-01-01,2024-01-01,7,2024-08-01,179459931.33462426,185289487.99237114,11783084.68741926,salvador-ISSQN
2024-01-01,2024-01-01,8,2024-09-01,184543486.4872822,194857401.79982218,11783084.68741926,salvador-ISSQN
2024-01-01,2024-01-01,9,2024-10-01,179016330.2612471,188962275.09497258,11783084.68741926,salvador-ISSQN
2024-01-01,2024-01-01,10,2024-11-01,170272112.29129708,190857802.5007564,11783084.68741926,salvador-ISSQN
2024-01-01,2024-01-01,11,2024-12-01,201564378.85060686,234527028.14868405,11783084.68741926,salvador-ISSQN
2024-01-01,2024-01-01,12,2025-01-01,165418720.9248767,169936468.38505855,11783084.68741926,salvador-ISSQN
2024-02-01,2024-02-01,1,2024-03-01,162189752.8885526,176097252.37340903,11932142.847481687,salvador-ISSQN
2024-02-01,2024-02-01,2,2024-04-01,170382067.58095023,169096980.2293541,11932142.847481687,salvador-ISSQN
2024-02-01,2024-02-01,3,2024-05-01,166327769.7078219,175166388.1316977,11932142.847481687,salvador-ISSQN
2024-02-01,2024-02-01,4,2024-06-01,159858497.2817491,170352773.1319673,11932142.847481687,salvador-ISSQN
2024-02-01,2024-02-01,5,2024-07-01,169912894.89976043,173502510.19351095,11932142.847481687,salvador-ISSQN
2024-02-01,2024-02-01,6,2024-08-01,179459931.33462426,178009545.21305433,11932142.847481687,salvador-ISSQN
2024-02-01,2024-02-01,7,2024-09-01,184543486.4872822,187120398.88671583,11932142.847481687,salvador-ISSQN
2024-02-01,2024-02-01,8,2024-10-01,179016330.2612471,181471805.5912522,11932142.847481687,salvador-ISSQN
2024-02-01,2024-02-01,9,2024-11-01,170272112.29129708,183304759.29354104,11932142.847481687,salvador-ISSQN
2024-02-01,2024-02-01,10,2024-12-01,201564378.85060686,225261224.15306816,11932142.847481687,salvador-ISSQN
2024-02-01,2024-02-01,11,2025-01-01,165418720.9248767,163233687.92494157,11932142.847481687,salvador-ISSQN
2024-02-01,2024-02-01,12,2025-02-01,168682440.2340401,165929259.16020286,11932142.847481687,salvador-ISSQN
2024-03-01,2024-03-01,1,2024-04-01,170382067.58095023,163800825.55600336,11978368.82477604,salvador-ISSQN
2024-03-01,2024-03-01,2,2024-05-01,166327769.7078219,169688803.9888212,11978368.82477604,salvador-ISSQN
2024-03-01,2024-03-01,3,2024-06-01,159858497.2817491,165034126.221566,11978368.82477604,salvador-ISSQN
2024-03-01,2024-03-01,4,2024-07-01,169912894.89976043,168094075.64964896,11978368.82477604,salvador-ISSQN
2024-03-01,2024-03-01,5,2024-08-01,179459931.33462426,172469374.29889944,11978368.82477604,salvador-ISSQN
2024-03-01,2024-03-01,6,2024-09-01,184543486.4872822,179120483.2995929,11978368.82477604,salvador-ISSQN
2024-03-01,2024-03-01,7,2024-10-01,179016330.2612471,175841684.6782938,11978368.82477604,salvador-ISSQN
2024-03-01,2024-03-01,8,2024-11-01,170272112.29129708,177626739.09302956,11978368.82477604,salvador-ISSQN
2024-03-01,2024-03-01,9,2024-12-01,201564378.85060686,218294566.77704963,11978368.82477604,salvador-ISSQN
2024-03-01,2024-03-01,10,2025-01-01,165418720.9248767,158193313.3330422,11978368.82477604,salvador-ISSQN
2024-03-01,2024-03-01,11,2025-02-01,168682440.2340401,160813722.61842814,11978368.82477604,salvador-ISSQN
2024-03-01,2024-03-01,12,2025-03-01,175688943.8790584,172589951.10961854,11978368.82477604,salvador-ISSQN
2024-04-01,2024-04-01,1,2024-05-01,166327769.7078219,172161607.70846373,12127319.770823214,salvador-ISSQN
2024-04-01,2024-04-01,2,2024-06-01,159858497.2817491,167443302.10229662,12127319.770823214,salvador-ISSQN
2024-04-01,2024-04-01,3,2024-07-01,169912894.89976043,170552193.16477603,12127319.770823214,salvador-ISSQN
2024-04-01,2024-04-01,4,2024-08-01,179459931.33462426,174995848.79056868,12127319.770823214,salvador-ISSQN
2024-04-01,2024-04-01,5,2024-09-01,184543486.4872822,181748923.52697688,12127319.770823214,salvador-ISSQN
2024-04-01,2024-04-01,6,2024-10-01,179016330.2612471,178231551.07626745,12127319.770823214,salvador-ISSQN
2024-04-01,2024-04-01,7,2024-11-01,170272112.29129708,180242227.43268958,12127319.770823214,salvador-ISSQN
2024-04-01,2024-04-01,8,2024-12-01,201564378.85060686,221514368.09225973,12127319.770823214,salvador-ISSQN
2024-04-01,2024-04-01,9,2025-01-01,165418720.9248767,160530606.89513323,12127319.770823214,salvador-ISSQN
2024-04-01,2024-04-01,10,2025-02-01,168682440.2340401,163193764.21299073,12127319.770823214,salvador-ISSQN
2024-04-01,2024-04-01,11,2025-03-01,175688943.8790584,175148599.2804784,12127319.770823214,salvador-ISSQN
2024-04-01,2024-04-01,12,2025-04-01,181535033.12456664,168196848.4085821,12127319.770823214,salvador-ISSQN
2024-05-01,2024-05-01,1,2024-06-01,159858497.2817491,165446970.8512031,12208676.423622644,salvador-ISSQN
2024-05-01,2024-05-01,2,2024-07-01,169912894.89976043,168524837.49927422,12208676.423622644,salvador-ISSQN
2024-05-01,2024-05-01,3,2024-08-01,179459931.33462426,172921857.40440685,12208676.423622644,salvador-ISSQN
2024-05-01,2024-05-01,4,2024-09-01,184543486.4872822,179601308.86371866,12208676.423622644,salvador-ISSQN
2024-05-01,2024-05-01,5,2024-10-01,179016330.2612471,176131774.19317618,12208676.423622644,salvador-ISSQN
2024-05-01,2024-05-01,6,2024-11-01,170272112.29129708,177619900.4931794,12208676.423622644,salvador-ISSQN
2024-05-01,2024-05-01,7,2024-12-01,201564378.85060686,218920220.0829712,12208676.423622644,salvador-ISSQN
2024-05-01,2024-05-01,8,2025-01-01,165418720.9248767,158656255.9117485,12208676.423622644,salvador-ISSQN
2024-05-01,2024-05-01,9,2025-02-01,168682440.2340401,161294018.12170047,12208676.423622644,salvador-ISSQN
2024-05-01,2024-05-01,10,2025-03-01,175688943.8790584,173115791.57935077,12208676.423622644,salvador-ISSQN
2024-05-01,2024-05-01,11,2025-04-01,181535033.12456664,166250575.1997991,12208676.423622644,salvador-ISSQN
2024-05-01,2024-05-01,12,2025-05-01,181276769.84444195,172234914.3157394,12208676.423622644,salvador-ISSQN
2024-06-01,2024-06-01,1,2024-07-01,169912894.89976043,166580979.36417094,12205773.076029072,salvador-ISSQN
2024-06-01,2024-06-01,2,2024-08-01,179459931.33462426,170932916.45155683,12205773.076029072,salvador-ISSQN
2024-06-01,2024-06-01,3,2024-09-01,184543486.4872822,177541381.41093504,12205773.076029072,salvador-ISSQN
2024-06-01,2024-06-01,4,2024-10-01,179016330.2612471,174117355.96389675,12205773.076029072,salvador-ISSQN
2024-06-01,2024-06-01,5,2024-11-01,170272112.29129708,175594214.4801501,12205773.076029072,salvador-ISSQN
2024-06-01,2024-06-01,6,2024-12-01,201564378.85060686,214085680.5857455,12205773.076029072,salvador-ISSQN
2024-06-01,2024-06-01,7,2025-01-01,165418720.9248767,156857086.582605,12205773.076029072,salvador-ISSQN
2024-06-01,2024-06-01,8,2025-02-01,168682440.2340401,159470127.2760658,12205773.076029072,salvador-ISSQN
2024-06-01,2024-06-01,9,2025-03-01,175688943.8790584,171163781.49058095,12205773.076029072,salvador-ISSQN
2024-06-01,2024-06-01,10,2025-04-01,181535033.12456664,164381303.81881937,12205773.076029072,salvador-ISSQN
2024-06-01,2024-06-01,11,2025-05-01,181276769.84444195,170303865.49176082,12205773.076029072,salvador-ISSQN
2024-06-01,2024-06-01,12,2025-06-01,168323445.51961663,165645631.07434496,12205773.076029072,salvador-ISSQN
2024-07-01,2024-07-01,1,2024-08-01,179459931.33462426,171968924.1748478,12282496.503963746,salvador-ISSQN
2024-07-01,2024-07-01,2,2024-09-01,184543486.4872822,178620684.80416152,12282496.503963746,salvador-ISSQN
2024-07-01,2024-07-01,3,2024-10-01,179016330.2612471,175179017.20048484,12282496.503963746,salvador-ISSQN
2024-07-01,2024-07-01,4,2024-11-01,170272112.29129708,176668073.8187803,12282496.503963746,salvador-ISSQN
2024-07-01,2024-07-01,5,2024-12-01,201564378.85060686,215398822.0654562,12282496.503963746,salvador-ISSQN
2024-07-01,2024-07-01,6,2025-01-01,165418720.9248767,163953376.65905613,12282496.503963746,salvador-ISSQN
2024-07-01,2024-07-01,7,2025-02-01,168682440.2340401,160454041.16431648,12282496.503963746,salvador-ISSQN
2024-07-01,2024-07-01,8,2025-03-01,175688943.8790584,172222930.04467314,12282496.503963746,salvador-ISSQN
2024-07-01,2024-07-01,9,2025-04-01,181535033.12456664,165401440.36477867,12282496.503963746,salvador-ISSQN
2024-07-01,2024-07-01,10,2025-05-01,181276769.84444195,171363814.4447915,12282496.503963746,salvador-ISSQN
2024-07-01,2024-07-01,11,2025-06-01,168323445.51961663,166679555.32329142,12282496.503963746,salvador-ISSQN
2024-07-01,2024-07-01,12,2025-07-01,172403341.7654783,169786649.18947572,12282496.503963746,salvador-ISSQN
2024-08-01,2024-08-01,1,2024-09-01,184543486.4872822,181550849.2544163,12367770.693260504,salvador-ISSQN
2024-08-01,2024-08-01,2,2024-10-01,179016330.2612471,178055323.41013038,12367770.693260504,salvador-ISSQN
2024-08-01,2024-08-01,3,2024-11-01,170272112.29129708,179571445.8355896,12367770.693260504,salvador-ISSQN
2024-08-01,2024-08-01,4,2024-12-01,201564378.85060686,218941880.4801996,12367770.693260504,salvador-ISSQN
2024-08-01,2024-08-01,5,2025-01-01,165418720.9248767,166652635.50014883,12367770.693260504,salvador-ISSQN
2024-08-01,2024-08-01,6,2025-02-01,168682440.2340401,163558105.2382335,12367770.693260504,salvador-ISSQN
2024-08-01,2024-08-01,7,2025-03-01,175688943.8790584,175063398.21545938,12367770.693260504,salvador-ISSQN
2024-08-01,2024-08-01,8,2025-04-01,181535033.12456664,168131825.17955548,12367770.693260504,salvador-ISSQN
2024-08-01,2024-08-01,9,2025-05-01,181276769.84444195,174195129.10368374,12367770.693260504,salvador-ISSQN
2024-08-01,2024-08-01,10,2025-06-01,168323445.51961663,169435906.98003963,12367770.693260504,salvador-ISSQN
2024-08-01,2024-08-01,11,2025-07-01,172403341.7654783,172596853.7788242,12367770.693260504,salvador-ISSQN
2024-08-01,2024-08-01,12,2025-08-01,184564790.1691121,177109202.7326427,12367770.693260504,salvador-ISSQN
2024-09-01,2024-09-01,1,2024-10-01,179016330.2612471,179208223.6475782,12585719.543126041,salvador-ISSQN
2024-09-01,2024-09-01,2,2024-11-01,170272112.29129708,180737948.0419218,12585719.543126041,salvador-ISSQN
2024-09-01,2024-09-01,3,2024-12-01,201564378.85060686,220368739.2181124,12585719.543126041,salvador-ISSQN
2024-09-01,2024-09-01,4,2025-01-01,165418720.9248767,167742219.13634172,12585719.543126041,salvador-ISSQN
2024-09-01,2024-09-01,5,2025-02-01,168682440.2340401,164630881.55463007,12585719.543126041,salvador-ISSQN
2024-09-01,2024-09-01,6,2025-03-01,175688943.8790584,175440901.17732546,12585719.543126041,salvador-ISSQN
2024-09-01,2024-09-01,7,2025-04-01,181535033.12456664,169241618.61808828,12585719.543126041,salvador-ISSQN
2024-09-01,2024-09-01,8,2025-05-01,181276769.84444195,175348568.4549913,12585719.543126041,salvador-ISSQN
2024-09-01,2024-09-01,9,2025-06-01,168323445.51961663,170561349.90626025,12585719.543126041,salvador-ISSQN
2024-09-01,2024-09-01,10,2025-07-01,172403341.7654783,173746867.3509275,12585719.543126041,salvador-ISSQN
2024-09-01,2024-09-01,11,2025-08-01,184564790.1691121,178292942.2585841,12585719.543126041,salvador-ISSQN
2024-09-01,2024-09-01,12,2025-09-01,187039213.58700693,185193135.39285603,12585719.543126041,salvador-ISSQN
2024-10-01,2024-10-01,1,2024-11-01,170272112.29129708,180661822.32308936,12623119.3961063,salvador-ISSQN
2024-10-01,2024-10-01,2,2024-12-01,201564378.85060686,220281260.86669573,12623119.3961063,salvador-ISSQN
2024-10-01,2024-10-01,3,2025-01-01,165418720.9248767,167679686.9304223,12623119.3961063,salvador-ISSQN
2024-10-01,2024-10-01,4,2025-02-01,168682440.2340401,164573480.41449064,12623119.3961063,salvador-ISSQN
2024-10-01,2024-10-01,5,2025-03-01,175688943.8790584,175383953.43696514,12623119.3961063,salvador-ISSQN
2024-10-01,2024-10-01,6,2025-04-01,181535033.12456664,169916390.16345954,12623119.3961063,salvador-ISSQN
2024-10-01,2024-10-01,7,2025-05-01,181276769.84444195,175300062.93047896,12623119.3961063,salvador-ISSQN
2024-10-01,2024-10-01,8,2025-06-01,168323445.51961663,170518246.23830917,12623119.3961063,salvador-ISSQN
2024-10-01,2024-10-01,9,2025-07-01,172403341.7654783,173707103.1496253,12623119.3961063,salvador-ISSQN
2024-10-01,2024-10-01,10,2025-08-01,184564790.1691121,178256381.1030432,12623119.3961063,salvador-ISSQN
2024-10-01,2024-10-01,11,2025-09-01,187039213.58700693,185159557.16970116,12623119.3961063,salvador-ISSQN
2024-10-01,2024-10-01,12,2025-10-01,195235211.1399195,181599939.04298636,12623119.3961063,salvador-ISSQN
2024-11-01,2024-11-01,1,2024-12-01,201564378.85060686,215535402.23745543,12570186.486650469,salvador-ISSQN
2024-11-01,2024-11-01,2,2025-01-01,165418720.9248767,164073050.6037713,12570186.486650469,salvador-ISSQN
2024-11-01,2024-11-01,3,2025-02-01,168682440.2340401,161039477.78798354,12570186.486650469,salvador-ISSQN
2024-11-01,2024-11-01,4,2025-03-01,175688943.8790584,171624000.182103,12570186.486650469,salvador-ISSQN
2024-11-01,2024-11-01,5,2025-04-01,181535033.12456664,166279636.39530945,12570186.486650469,salvador-ISSQN
2024-11-01,2024-11-01,6,2025-05-01,181276769.84444195,171061640.03586826,12570186.486650469,salvador-ISSQN
2024-11-01,2024-11-01,7,2025-06-01,168323445.51961663,166880579.40454888,12570186.486650469,salvador-ISSQN
2024-11-01,2024-11-01,8,2025-07-01,172403341.7654783,170007483.7990537,12570186.486650469,salvador-ISSQN
2024-11-01,2024-11-01,9,2025-08-01,184564790.1691121,174466091.4120313,12570186.486650469,salvador-ISSQN
2024-11-01,2024-11-01,10,2025-09-01,187039213.58700693,181228930.84740856,12570186.486650469,salvador-ISSQN
2024-11-01,2024-11-01,11,2025-10-01,195235211.1399195,177751185.70031846,12570186.486650469,salvador-ISSQN
2024-11-01,2024-11-01,12,2025-11-01,192262765.6760926,179276373.85014257,12570186.486650469,salvador-ISSQN
2024-12-01,2024-12-01,1,2025-01-01,165418720.9248767,160027536.96896613,12586654.371824685,salvador-ISSQN
2024-12-01,2024-12-01,2,2025-02-01,168682440.2340401,157074179.10612693,12586654.371824685,salvador-ISSQN
2024-12-01,2024-12-01,3,2025-03-01,175688943.8790584,167403836.4696795,12586654.371824685,salvador-ISSQN
2024-12-01,2024-12-01,4,2025-04-01,181535033.12456664,162196455.12485912,12586654.371824685,salvador-ISSQN
2024-12-01,2024-12-01,5,2025-05-01,181276769.84444195,166866744.69924626,12586654.371824685,salvador-ISSQN
2024-12-01,2024-12-01,6,2025-06-01,168323445.51961663,162047320.14393052,12586654.371824685,salvador-ISSQN
2024-12-01,2024-12-01,7,2025-07-01,172403341.7654783,165849755.5242665,12586654.371824685,salvador-ISSQN
2024-12-01,2024-12-01,8,2025-08-01,184564790.1691121,170205108.88167647,12586654.371824685,salvador-ISSQN
2024-12-01,2024-12-01,9,2025-09-01,187039213.58700693,176808775.92474732,12586654.371824685,salvador-ISSQN
2024-12-01,2024-12-01,10,2025-10-01,195235211.1399195,173421720.12311986,12586654.371824685,salvador-ISSQN
2024-12-01,2024-12-01,11,2025-11-01,192262765.6760926,174915663.4564235,12586654.371824685,salvador-ISSQN
2024-12-01,2024-12-01,12,2025-12-01,211689477.99,213286350.23155814,12586654.371824685,salvador-ISSQN
2025-01-01,2025-01-01,1,2025-02-01,168682440.2340401,159113919.46286768,12828142.71343105,salvador-ISSQN
2025-01-01,2025-01-01,2,2025-03-01,175688943.8790584,169578237.2217384,12828142.71343105,salvador-ISSQN
2025-01-01,2025-01-01,3,2025-04-01,181535033.12456664,164303721.11013773,12828142.71343105,salvador-ISSQN
2025-01-01,2025-01-01,4,2025-05-01,181276769.84444195,169035204.28289115,12828142.71343105,salvador-ISSQN
2025-01-01,2025-01-01,5,2025-06-01,168323445.51961663,164153651.32275057,12828142.71343105,salvador-ISSQN
2025-01-01,2025-01-01,6,2025-07-01,172403341.7654783,168129607.27007478,12828142.71343105,salvador-ISSQN
2025-01-01,2025-01-01,7,2025-08-01,184564790.1691121,172418525.18092698,12828142.71343105,salvador-ISSQN
2025-01-01,2025-01-01,8,2025-09-01,187039213.58700693,179108611.43698174,12828142.71343105,salvador-ISSQN
2025-01-01,2025-01-01,9,2025-10-01,195235211.1399195,175678029.37113243,12828142.71343105,salvador-ISSQN
2025-01-01,2025-01-01,10,2025-11-01,192262765.6760926,177191943.7661673,12828142.71343105,salvador-ISSQN
2025-01-01,2025-01-01,11,2025-12-01,211689477.99,216062620.48734108,12828142.71343105,salvador-ISSQN
2025-02-01,2025-02-01,1,2025-03-01,175688943.8790584,173372114.58400342,12797016.00055624,salvador-ISSQN
2025-02-01,2025-02-01,2,2025-04-01,181535033.12456664,167979211.11085108,12797016.00055624,salvador-ISSQN
2025-02-01,2025-02-01,3,2025-05-01,181276769.84444195,172816144.31168914,12797016.00055624,salvador-ISSQN
2025-02-01,2025-02-01,4,2025-06-01,168323445.51961663,167825020.50577664,12797016.00055624,salvador-ISSQN
2025-02-01,2025-02-01,5,2025-07-01,172403341.7654783,171889510.7708008,12797016.00055624,salvador-ISSQN
2025-02-01,2025-02-01,6,2025-08-01,184564790.1691121,177073711.85573208,12797016.00055624,salvador-ISSQN
2025-02-01,2025-02-01,7,2025-09-01,187039213.58700693,183113212.49925202,12797016.00055624,salvador-ISSQN
2025-02-01,2025-02-01,8,2025-10-01,195235211.1399195,179605523.48995236,12797016.00055624,salvador-ISSQN
2025-02-01,2025-02-01,9,2025-11-01,192262765.6760926,181152876.5133416,12797016.00055624,salvador-ISSQN
2025-02-01,2025-02-01,10,2025-12-01,211689477.99,220891970.0513283,12797016.00055624,salvador-ISSQN
2025-03-01,2025-03-01,1,2025-04-01,181535033.12456664,168823770.05433825,12803341.901366595,salvador-ISSQN
2025-03-01,2025-03-01,2,2025-05-01,181276769.84444195,173687181.9745574,12803341.901366595,salvador-ISSQN
2025-03-01,2025-03-01,3,2025-06-01,168323445.51961663,168672993.9589005,12803341.901366595,salvador-ISSQN
2025-03-01,2025-03-01,4,2025-07-01,172403341.7654783,172760158.79726467,12803341.901366595,salvador-ISSQN
2025-03-01,2025-03-01,5,2025-08-01,184564790.1691121,177972815.6822762,12803341.901366595,salvador-ISSQN
2025-03-01,2025-03-01,6,2025-09-01,187039213.58700693,184604547.6744705,12803341.901366595,salvador-ISSQN
2025-03-01,2025-03-01,7,2025-10-01,195235211.1399195,180521923.46262306,12803341.901366595,salvador-ISSQN
2025-03-01,2025-03-01,8,2025-11-01,192262765.6760926,182079402.93288872,12803341.901366595,salvador-ISSQN
2025-03-01,2025-03-01,9,2025-12-01,211689477.99,222024460.81769568,12803341.901366595,salvador-ISSQN
2025-04-01,2025-04-01,1,2025-05-01,181276769.84444195,178732205.16829795,12788606.398172393,salvador-ISSQN
2025-04-01,2025-04-01,2,2025-06-01,168323445.51961663,173571515.49564418,12788606.398172393,salvador-ISSQN
2025-04-01,2025-04-01,3,2025-07-01,172403341.7654783,177776502.72345495,12788606.398172393,salvador-ISSQN
2025-04-01,2025-04-01,4,2025-08-01,184564790.1691121,183139617.39587498,12788606.398172393,salvador-ISSQN
2025-04-01,2025-04-01,5,2025-09-01,187039213.58700693,189962947.3465069,12788606.398172393,salvador-ISSQN
2025-04-01,2025-04-01,6,2025-10-01,195235211.1399195,186026177.33805132,12788606.398172393,salvador-ISSQN
2025-04-01,2025-04-01,7,2025-11-01,192262765.6760926,187362677.8322159,12788606.398172393,salvador-ISSQN
2025-04-01,2025-04-01,8,2025-12-01,211689477.99,228465683.38789386,12788606.398172393,salvador-ISSQN
2025-05-01,2025-05-01,1,2025-06-01,168323445.51961663,174590024.43424854,12807724.926831223,salvador-ISSQN
2025-05-01,2025-05-01,2,2025-07-01,172403341.7654783,178822505.7204963,12807724.926831223,salvador-ISSQN
2025-05-01,2025-05-01,3,2025-08-01,184564790.1691121,184220073.34022802,12807724.926831223,salvador-ISSQN
2025-05-01,2025-05-01,4,2025-09-01,187039213.58700693,191086656.4751888,12807724.926831223,salvador-ISSQN
2025-05-01,2025-05-01,5,2025-10-01,195235211.1399195,187129527.667554,12807724.926831223,salvador-ISSQN
2025-05-01,2025-05-01,6,2025-11-01,192262765.6760926,187567002.67266098,12807724.926831223,salvador-ISSQN
2025-05-01,2025-05-01,7,2025-12-01,211689477.99,229827916.95672262,12807724.926831223,salvador-ISSQN
2025-06-01,2025-06-01,1,2025-07-01,172403341.7654783,176371151.13527718,12769630.394471891,salvador-ISSQN
2025-06-01,2025-06-01,2,2025-08-01,184564790.1691121,181700332.57227692,12769630.394471891,salvador-ISSQN
2025-06-01,2025-06-01,3,2025-09-01,187039213.58700693,188478795.38025156,12769630.394471891,salvador-ISSQN
2025-06-01,2025-06-01,4,2025-10-01,195235211.1399195,184581337.56068707,12769630.394471891,salvador-ISSQN
2025-06-01,2025-06-01,5,2025-11-01,192262765.6760926,185018520.63160113,12769630.394471891,salvador-ISSQN
2025-06-01,2025-06-01,6,2025-12-01,211689477.99,224897378.50891274,12769630.394471891,salvador-ISSQN
2025-07-01,2025-07-01,1,2025-08-01,184564790.1691121,180153793.5590997,12680246.18987403,salvador-ISSQN
2025-07-01,2025-07-01,2,2025-09-01,187039213.58700693,186878809.86718217,12680246.18987403,salvador-ISSQN
2025-07-01,2025-07-01,3,2025-10-01,195235211.1399195,183018587.28668326,12680246.18987403,salvador-ISSQN
2025-07-01,2025-07-01,4,2025-11-01,192262765.6760926,183456218.28949815,12680246.18987403,salvador-ISSQN
2025-07-01,2025-07-01,5,2025-12-01,211689477.99,223003368.8200236,12680246.18987403,salvador-ISSQN
2025-08-01,2025-08-01,1,2025-09-01,187039213.58700693,188613387.66644257,12614941.126465531,salvador-ISSQN
2025-08-01,2025-08-01,2,2025-10-01,195235211.1399195,184718428.94050816,12614941.126465531,salvador-ISSQN
2025-08-01,2025-08-01,3,2025-11-01,192262765.6760926,185161218.18131074,12614941.126465531,salvador-ISSQN
2025-08-01,2025-08-01,4,2025-12-01,211689477.99,225077236.78624272,12614941.126465531,salvador-ISSQN
2025-09-01,2025-09-01,1,2025-10-01,195235211.1399195,184138181.16832379,12528452.117689969,salvador-ISSQN
2025-09-01,2025-09-01,2,2025-11-01,192262765.6760926,184582665.2944158,12528452.117689969,salvador-ISSQN
2025-09-01,2025-09-01,3,2025-12-01,211689477.99,224377704.1004495,12528452.117689969,salvador-ISSQN
2025-10-01,2025-10-01,1,2025-11-01,192262765.6760926,188798725.99784532,12559726.937698293,salvador-ISSQN
2025-10-01,2025-10-01,2,2025-12-01,211689477.99,229501196.80111125,12559726.937698293,salvador-ISSQN
2025-11-01,2025-11-01,1,2025-12-01,211689477.99,231144819.17820957,12638978.420447009,salvador-ISSQN
2020-12-01,2020-12-01,1,2021-01-01,5574464.266987887,5745612.645330218,9834237.621829418,camacari-IPTU
2020-12-01,2020-12-01,2,2021-02-01,6895054.255048427,28795594.885530315,9834237.621829418,camacari-IPTU
2020-12-01,2020-12-01,3,2021-03-01,112702246.07639827,43573958.03737465,9834237.621829418,camacari-IPTU
2020-12-01,2020-12-01,4,2021-04-01,19209490.334815037,65625645.05725818,9834237.621829418,camacari-IPTU
2020-12-01,2020-12-01,5,2021-05-01,26237779.75309817,11512778.868998663,9834237.621829418,camacari-IPTU
2020-12-01,2020-12-01,6,2021-06-01,6780175.600741205,10613614.088089954,9834237.621829418,camacari-IPTU
2020-12-01,2020-12-01,7,2021-07-01,8409795.03666179,9926868.249084054,9834237.621829418,camacari-IPTU
2020-12-01,2020-12-01,8,2021-08-01,8180263.29398786,12428741.803957058,9834237.621829418,camacari-IPTU
2020-12-01,2020-12-01,9,2021-09-01,7259633.949597636,9355406.242347158,9834237.621829418,camacari-IPTU
2020-12-01,2020-12-01,10,2021-10-01,9096487.604462316,8389385.193043917,9834237.621829418,camacari-IPTU
2020-12-01,2020-12-01,11,2021-11-01,7282535.99270146,9339867.081951998,9834237.621829418,camacari-IPTU
2020-12-01,2020-12-01,12,2021-12-01,7197779.503408926,8730413.015540319,9834237.621829418,camacari-IPTU
2021-01-01,2021-01-01,1,2021-02-01,6895054.255048427,28740248.223578356,9688977.182049995,camacari-IPTU
2021-01-01,2021-01-01,2,2021-03-01,112702246.07639827,43489668.41525803,9688977.182049995,camacari-IPTU
2021-01-01,2021-01-01,3,2021-04-01,19209490.334815037,65497894.74005012,9688977.182049995,camacari-IPTU
2021-01-01,2021-01-01,4,2021-05-01,26237779.75309817,11490227.631097782,9688977.182049995,camacari-IPTU
2021-01-01,2021-01-01,5,2021-06-01,6780175.600741205,10592696.25220263,9688977.182049995,camacari-IPTU
2021-01-01,2021-01-01,6,2021-07-01,8409795.03666179,9842790.424906163,9688977.182049995,camacari-IPTU
2021-01-01,2021-01-01,7,2021-08-01,8180263.29398786,12403950.761526598,9688977.182049995,camacari-IPTU
2021-01-01,2021-01-01,8,2021-09-01,7259633.949597636,9336635.438955545,9688977.182049995,camacari-IPTU
2021-01-01,2021-01-01,9,2021-10-01,9096487.604462316,8372454.775589352,9688977.182049995,camacari-IPTU
2021-01-01,2021-01-01,10,2021-11-01,7282535.99270146,9320910.455611013,9688977.182049995,camacari-IPTU
2021-01-01,2021-01-01,11,2021-12-01,7197779.503408926,8712593.158674542,9688977.182049995,camacari-IPTU
2021-01-01,2021-01-01,12,2022-01-01,4837683.587523954,6020903.608375191,9688977.182049995,camacari-IPTU
2021-02-01,2021-02-01,1,2021-03-01,112702246.07639827,40493605.46104395,9554833.068743763,camacari-IPTU
2021-02-01,2021-02-01,2,2021-04-01,19209490.334815037,60977638.85936391,9554833.068743763,camacari-IPTU
2021-02-01,2021-02-01,3,2021-05-01,26237779.75309817,10695849.106454087,9554833.068743763,camacari-IPTU
2021-02-01,2021-02-01,4,2021-06-01,6780175.600741205,9859093.381383711,9554833.068743763,camacari-IPTU
2021-02-01,2021-02-01,5,2021-07-01,8409795.03666179,9159947.28288239,9554833.068743763,camacari-IPTU
2021-02-01,2021-02-01,6,2021-08-01,8180263.29398786,11210146.678261468,9554833.068743763,camacari-IPTU
2021-02-01,2021-02-01,7,2021-09-01,7259633.949597636,8686703.791493364,9554833.068743763,camacari-IPTU
2021-02-01,2021-02-01,8,2021-10-01,9096487.604462316,7788664.756056227,9554833.068743763,camacari-IPTU
2021-02-01,2021-02-01,9,2021-11-01,7282535.99270146,8669909.297129026,9554833.068743763,camacari-IPTU
2021-02-01,2021-02-01,10,2021-12-01,7197779.503408926,8103079.377412334,9554833.068743763,camacari-IPTU
2021-02-01,2021-02-01,11,2022-01-01,4837683.587523954,5599009.328307212,9554833.068743763,camacari-IPTU
2021-02-01,2021-02-01,12,2022-02-01,10747333.805839347,28051572.240761068,9554833.068743763,camacari-IPTU
2021-03-01,2021-03-01,1,2021-04-01,19209490.334815037,71112359.63748585,10499157.47482719,camacari-IPTU
2021-03-01,2021-03-01,2,2021-05-01,26237779.75309817,12476257.779098283,10499157.47482719,camacari-IPTU
2021-03-01,2021-03-01,3,2021-06-01,6780175.600741205,11502702.073402556,10499157.47482719,camacari-IPTU
2021-03-01,2021-03-01,4,2021-07-01,8409795.03666179,10689291.66826716,10499157.47482719,camacari-IPTU
2021-03-01,2021-03-01,5,2021-08-01,8180263.29398786,13084573.215304378,10499157.47482719,camacari-IPTU
2021-03-01,2021-03-01,6,2021-09-01,7259633.949597636,9885210.47207482,10499157.47482719,camacari-IPTU
2021-03-01,2021-03-01,7,2021-10-01,9096487.604462316,9094811.344888948,10499157.47482719,camacari-IPTU
2021-03-01,2021-03-01,8,2021-11-01,7282535.99270146,10125940.220845975,10499157.47482719,camacari-IPTU
2021-03-01,2021-03-01,9,2021-12-01,7197779.503408926,9465865.003785195,10499157.47482719,camacari-IPTU
2021-03-01,2021-03-01,10,2022-01-01,4837683.587523954,6541993.489296683,10499157.47482719,camacari-IPTU
2021-03-01,2021-03-01,11,2022-02-01,10747333.805839347,32782655.57375711,10499157.47482719,camacari-IPTU
2021-03-01,2021-03-01,12,2022-03-01,127432797.50553215,49600933.76698541,10499157.47482719,camacari-IPTU
2021-04-01,2021-04-01,1,2021-05-01,26237779.75309817,11530331.613733813,10882382.342094596,camacari-IPTU
2021-04-01,2021-04-01,2,2021-06-01,6780175.600741205,10629963.060742661,10882382.342094596,camacari-IPTU
2021-04-01,2021-04-01,3,2021-07-01,8409795.03666179,9877691.251002846,10882382.342094596,camacari-IPTU
2021-04-01,2021-04-01,4,2021-08-01,8180263.29398786,12090407.124894591,10882382.342094596,camacari-IPTU
2021-04-01,2021-04-01,5,2021-09-01,7259633.949597636,9133607.262256838,10882382.342094596,camacari-IPTU
2021-04-01,2021-04-01,6,2021-10-01,9096487.604462316,8478588.389882572,10882382.342094596,camacari-IPTU
2021-04-01,2021-04-01,7,2021-11-01,7282535.99270146,9354971.663654419,10882382.342094596,camacari-IPTU
2021-04-01,2021-04-01,8,2021-12-01,7197779.503408926,8744662.933234163,10882382.342094596,camacari-IPTU
2021-04-01,2021-04-01,9,2022-01-01,4837683.587523954,6043224.400521605,10882382.342094596,camacari-IPTU
2021-04-01,2021-04-01,10,2022-02-01,10747333.805839347,30281597.56424561,10882382.342094596,camacari-IPTU
2021-04-01,2021-04-01,11,2022-03-01,127432797.50553215,45814266.215976305,10882382.342094596,camacari-IPTU
2021-04-01,2021-04-01,12,2022-04-01,40453619.22855426,68987267.30742134,10882382.342094596,camacari-IPTU
2021-05-01,2021-05-01,1,2021-06-01,6780175.600741205,11980221.696454901,10935783.647750793,camacari-IPTU
2021-05-01,2021-05-01,2,2021-07-01,8409795.03666179,11133458.010996593,10935783.647750793,camacari-IPTU
2021-05-01,2021-05-01,3,2021-08-01,8180263.29398786,13628772.452171918,10935783.647750793,camacari-IPTU
2021-05-01,2021-05-01,4,2021-09-01,7259633.949597636,10296722.247536685,10935783.647750793,camacari-IPTU
2021-05-01,2021-05-01,5,2021-10-01,9096487.604462316,9559182.041955872,10935783.647750793,camacari-IPTU
2021-05-01,2021-05-01,6,2021-11-01,7282535.99270146,10368514.985542865,10935783.647750793,camacari-IPTU
2021-05-01,2021-05-01,7,2021-12-01,7197779.503408926,9860985.06515974,10935783.647750793,camacari-IPTU
2021-05-01,2021-05-01,8,2022-01-01,4837683.587523954,6815307.994859836,10935783.647750793,camacari-IPTU
2021-05-01,2021-05-01,9,2022-02-01,10747333.805839347,34153464.98856947,10935783.647750793,camacari-IPTU
2021-05-01,2021-05-01,10,2022-03-01,127432797.50553215,51676802.05001397,10935783.647750793,camacari-IPTU
2021-05-01,2021-05-01,11,2022-04-01,40453619.22855426,77822008.38407983,10935783.647750793,camacari-IPTU
2021-05-01,2021-05-01,12,2022-05-01,21962579.319788303,13651160.266167734,10935783.647750793,camacari-IPTU
2021-06-01,2021-06-01,1,2021-07-01,8409795.03666179,10468628.100431262,10781020.91660674,camacari-IPTU
2021-06-01,2021-06-01,2,2021-08-01,8180263.29398786,12814443.796170847,10781020.91660674,camacari-IPTU
2021-06-01,2021-06-01,3,2021-09-01,7259633.949597636,9681117.239478827,10781020.91660674,camacari-IPTU
2021-06-01,2021-06-01,4,2021-10-01,9096487.604462316,8987332.542607231,10781020.91660674,camacari-IPTU
2021-06-01,2021-06-01,5,2021-11-01,7282535.99270146,9747884.410300683,10781020.91660674,camacari-IPTU
2021-06-01,2021-06-01,6,2021-12-01,7197779.503408926,10391458.629871013,10781020.91660674,camacari-IPTU
2021-06-01,2021-06-01,7,2022-01-01,4837683.587523954,6406888.384437518,10781020.91660674,camacari-IPTU
2021-06-01,2021-06-01,8,2022-02-01,10747333.805839347,32105583.470798656,10781020.91660674,camacari-IPTU
2021-06-01,2021-06-01,9,2022-03-01,127432797.50553215,48576439.47276862,10781020.91660674,camacari-IPTU
2021-06-01,2021-06-01,10,2022-04-01,40453619.22855426,73150426.5210333,10781020.91660674,camacari-IPTU
2021-06-01,2021-06-01,11,2022-05-01,21962579.319788303,12831236.136858927,10781020.91660674,camacari-IPTU
2021-06-01,2021-06-01,12,2022-06-01,12354716.21055757,11827613.55302873,10781020.91660674,camacari-IPTU
2021-07-01,2021-07-01,1,2021-08-01,8180263.29398786,12588288.522815097,10629290.604000622,camacari-IPTU
2021-07-01,2021-07-01,2,2021-09-01,7259633.949597636,9510053.37840653,10629290.604000622,camacari-IPTU
2021-07-01,2021-07-01,3,2021-10-01,9096487.604462316,8828337.163222238,10629290.604000622,camacari-IPTU
2021-07-01,2021-07-01,4,2021-11-01,7282535.99270146,9575229.03578294,10629290.604000622,camacari-IPTU
2021-07-01,2021-07-01,5,2021-12-01,7197779.503408926,10207187.419046814,10629290.604000622,camacari-IPTU
2021-07-01,2021-07-01,6,2022-01-01,4837683.587523954,6201127.262524732,10629290.604000622,camacari-IPTU
2021-07-01,2021-07-01,7,2022-02-01,10747333.805839347,31534933.34264717,10629290.604000622,camacari-IPTU
2021-07-01,2021-07-01,8,2022-03-01,127432797.50553215,47712044.382925145,10629290.604000622,camacari-IPTU
2021-07-01,2021-07-01,9,2022-04-01,40453619.22855426,71847271.14117554,10629290.604000622,camacari-IPTU
2021-07-01,2021-07-01,10,2022-05-01,21962579.319788303,12602393.949331386,10629290.604000622,camacari-IPTU
2021-07-01,2021-07-01,11,2022-06-01,12354716.21055757,11616435.606258819,10629290.604000622,camacari-IPTU
2021-07-01,2021-07-01,12,2022-07-01,17752542.53971789,10792623.409662714,10629290.604000622,camacari-IPTU
2021-08-01,2021-08-01,1,2021-09-01,7259633.949597636,9203661.791932927,10476542.229397617,camacari-IPTU
2021-08-01,2021-08-01,2,2021-10-01,9096487.604462316,8542768.607390922,10476542.229397617,camacari-IPTU
2021-08-01,2021-08-01,3,2021-11-01,7282535.99270146,9264274.20336543,10476542.229397617,camacari-IPTU
2021-08-01,2021-08-01,4,2021-12-01,7197779.503408926,9874412.677741416,10476542.229397617,camacari-IPTU
2021-08-01,2021-08-01,5,2022-01-01,4837683.587523954,5998176.412166002,10476542.229397617,camacari-IPTU
2021-08-01,2021-08-01,6,2022-02-01,10747333.805839347,26564086.008938923,10476542.229397617,camacari-IPTU
2021-08-01,2021-08-01,7,2022-03-01,127432797.50553215,46138637.0245209,10476542.229397617,camacari-IPTU
2021-08-01,2021-08-01,8,2022-04-01,40453619.22855426,69469111.0059152,10476542.229397617,camacari-IPTU
2021-08-01,2021-08-01,9,2022-05-01,21962579.319788303,12183713.387372565,10476542.229397617,camacari-IPTU
2021-08-01,2021-08-01,10,2022-06-01,12354716.21055757,11229103.797323612,10476542.229397617,camacari-IPTU
2021-08-01,2021-08-01,11,2022-07-01,17752542.53971789,10431463.321622174,10476542.229397617,camacari-IPTU
2021-08-01,2021-08-01,12,2022-08-01,15164896.700699635,12764627.082956474,10476542.229397617,camacari-IPTU
2021-09-01,2021-09-01,1,2021-10-01,9096487.604462316,8175405.60150937,10331105.827917611,camacari-IPTU
2021-09-01,2021-09-01,2,2021-11-01,7282535.99270146,8865872.142005822,10331105.827917611,camacari-IPTU
2021-09-01,2021-09-01,3,2021-12-01,7197779.503408926,9449759.142760962,10331105.827917611,camacari-IPTU
2021-09-01,2021-09-01,4,2022-01-01,4837683.587523954,5740214.317411222,10331105.827917611,camacari-IPTU
2021-09-01,2021-09-01,5,2022-02-01,10747333.805839347,25421616.48046353,10331105.827917611,camacari-IPTU
2021-09-01,2021-09-01,6,2022-03-01,127432797.50553215,54853676.286588855,10331105.827917611,camacari-IPTU
2021-09-01,2021-09-01,7,2022-04-01,40453619.22855426,66481202.04361157,10331105.827917611,camacari-IPTU
2021-09-01,2021-09-01,8,2022-05-01,21962579.319788303,11659668.992271466,10331105.827917611,camacari-IPTU
2021-09-01,2021-09-01,9,2022-06-01,12354716.21055757,10746104.842095288,10331105.827917611,camacari-IPTU
2021-09-01,2021-09-01,10,2022-07-01,17752542.53971789,9982760.374318602,10331105.827917611,camacari-IPTU
2021-09-01,2021-09-01,11,2022-08-01,15164896.700699635,12215548.74002446,10331105.827917611,camacari-IPTU
2021-09-01,2021-09-01,12,2022-09-01,12832045.767347911,9225548.768925397,10331105.827917611,camacari-IPTU
2021-10-01,2021-10-01,1,2021-11-01,7282535.99270146,9003875.987228148,10185035.30767684,camacari-IPTU
2021-10-01,2021-10-01,2,2021-12-01,7197779.503408926,9596964.774775812,10185035.30767684,camacari-IPTU
2021-10-01,2021-10-01,3,2022-01-01,4837683.587523954,5829701.926749577,10185035.30767684,camacari-IPTU
2021-10-01,2021-10-01,4,2022-02-01,10747333.805839347,25818228.85205815,10185035.30767684,camacari-IPTU
2021-10-01,2021-10-01,5,2022-03-01,127432797.50553215,55710111.174225666,10185035.30767684,camacari-IPTU
2021-10-01,2021-10-01,6,2022-04-01,40453619.22855426,59408424.72317352,10185035.30767684,camacari-IPTU
2021-10-01,2021-10-01,7,2022-05-01,21962579.319788303,11841982.0046932,10185035.30767684,camacari-IPTU
2021-10-01,2021-10-01,8,2022-06-01,12354716.21055757,10914256.016927566,10185035.30767684,camacari-IPTU
2021-10-01,2021-10-01,9,2022-07-01,17752542.53971789,10139080.258207884,10185035.30767684,camacari-IPTU
2021-10-01,2021-10-01,10,2022-08-01,15164896.700699635,12406969.349087935,10185035.30767684,camacari-IPTU
2021-10-01,2021-10-01,11,2022-09-01,12832045.767347911,9370218.435514161,10185035.30767684,camacari-IPTU
2021-10-01,2021-10-01,12,2022-10-01,13457745.956336224,8695898.22102162,10185035.30767684,camacari-IPTU
2021-11-01,2021-11-01,1,2021-12-01,7197779.503408926,9214703.64087604,10056105.35456376,camacari-IPTU
2021-11-01,2021-11-01,2,2022-01-01,4837683.587523954,5597003.8890062375,10056105.35456376,camacari-IPTU
2021-11-01,2021-11-01,3,2022-02-01,10747333.805839347,24785505.801608335,10056105.35456376,camacari-IPTU
2021-11-01,2021-11-01,4,2022-03-01,127432797.50553215,53477086.28578125,10056105.35456376,camacari-IPTU
2021-11-01,2021-11-01,5,2022-04-01,40453619.22855426,57022257.46334928,10056105.35456376,camacari-IPTU
2021-11-01,2021-11-01,6,2022-05-01,21962579.319788303,13615691.863387967,10056105.35456376,camacari-IPTU
2021-11-01,2021-11-01,7,2022-06-01,12354716.21055757,10474098.933027316,10056105.35456376,camacari-IPTU
2021-11-01,2021-11-01,8,2022-07-01,17752542.53971789,9729367.226001838,10056105.35456376,camacari-IPTU
2021-11-01,2021-11-01,9,2022-08-01,15164896.700699635,11904619.49065639,10056105.35456376,camacari-IPTU
2021-11-01,2021-11-01,10,2022-09-01,12832045.767347911,8990080.276946876,10056105.35456376,camacari-IPTU
2021-11-01,2021-11-01,11,2022-10-01,13457745.956336224,8342430.863553718,10056105.35456376,camacari-IPTU
2021-11-01,2021-11-01,12,2022-11-01,12616930.535112843,9044764.34385731,10056105.35456376,camacari-IPTU
2021-12-01,2021-12-01,1,2022-01-01,4837683.587523954,5519995.597406483,10029277.341709485,camacari-IPTU
2021-12-01,2021-12-01,2,2022-02-01,10747333.805839347,24443006.698316738,10029277.341709485,camacari-IPTU
2021-12-01,2021-12-01,3,2022-03-01,127432797.50553215,52734944.43726655,10029277.341709485,camacari-IPTU
2021-12-01,2021-12-01,4,2022-04-01,40453619.22855426,56227564.63666543,10029277.341709485,camacari-IPTU
2021-12-01,2021-12-01,5,2022-05-01,21962579.319788303,13425141.900199203,10029277.341709485,camacari-IPTU
2021-12-01,2021-12-01,6,2022-06-01,12354716.21055757,9686875.646886999,10029277.341709485,camacari-IPTU
2021-12-01,2021-12-01,7,2022-07-01,17752542.53971789,9592083.34889219,10029277.341709485,camacari-IPTU
2021-12-01,2021-12-01,8,2022-08-01,15164896.700699635,11735963.130322352,10029277.341709485,camacari-IPTU
2021-12-01,2021-12-01,9,2022-09-01,12832045.767347911,8862206.02506536,10029277.341709485,camacari-IPTU
2021-12-01,2021-12-01,10,2022-10-01,13457745.956336224,8223299.832501105,10029277.341709485,camacari-IPTU
2021-12-01,2021-12-01,11,2022-11-01,12616930.535112843,8915099.25881889,10029277.341709485,camacari-IPTU
2021-12-01,2021-12-01,12,2022-12-01,12784174.1801717,9499360.119691668,10029277.341709485,camacari-IPTU
2022-01-01,2022-01-01,1,2022-02-01,10747333.805839347,24236053.64630393,9901982.866884204,camacari-IPTU
2022-01-01,2022-01-01,2,2022-03-01,127432797.50553215,52286185.28719372,9901982.866884204,camacari-IPTU
2022-01-01,2022-01-01,3,2022-04-01,40453619.22855426,55746687.13563637,9901982.866884204,camacari-IPTU
2022-01-01,2022-01-01,4,2022-05-01,21962579.319788303,13309757.338261105,9901982.866884204,camacari-IPTU
2022-01-01,2022-01-01,5,2022-06-01,12354716.21055757,9603213.31341867,9901982.866884204,camacari-IPTU
2022-01-01,2022-01-01,6,2022-07-01,17752542.53971789,9316630.66759579,9901982.866884204,camacari-IPTU
2022-01-01,2022-01-01,7,2022-08-01,15164896.700699635,11633628.361294653,9901982.866884204,camacari-IPTU
2022-01-01,2022-01-01,8,2022-09-01,12832045.767347911,8784565.567734962,9901982.866884204,camacari-IPTU
2022-01-01,2022-01-01,9,2022-10-01,13457745.956336224,8150921.286022773,9901982.866884204,camacari-IPTU
2022-01-01,2022-01-01,10,2022-11-01,12616930.535112843,8836270.701405384,9901982.866884204,camacari-IPTU
2022-01-01,2022-01-01,11,2022-12-01,12784174.1801717,9414983.518421285,9901982.866884204,camacari-IPTU
2022-01-01,2022-01-01,12,2023-01-01,7047786.234635349,5717146.430272758,9901982.866884204,camacari-IPTU
2022-02-01,2022-02-01,1,2022-03-01,127432797.50553215,50213578.35773984,9820230.119369429,camacari-IPTU
2022-02-01,2022-02-01,2,2022-04-01,40453619.22855426,53531595.70651627,9820230.119369429,camacari-IPTU
2022-02-01,2022-02-01,3,2022-05-01,21962579.319788303,12779636.051204883,9820230.119369429,camacari-IPTU
2022-02-01,2022-02-01,4,2022-06-01,12354716.21055757,9219820.249141533,9820230.119369429,camacari-IPTU
2022-02-01,2022-02-01,5,2022-07-01,17752542.53971789,8943810.559156302,9820230.119369429,camacari-IPTU
2022-02-01,2022-02-01,6,2022-08-01,15164896.700699635,10657013.590009084,9820230.119369429,camacari-IPTU
2022-02-01,2022-02-01,7,2022-09-01,12832045.767347911,8431416.991190013,9820230.119369429,camacari-IPTU
2022-02-01,2022-02-01,8,2022-10-01,13457745.956336224,7822502.41995416,9820230.119369429,camacari-IPTU
2022-02-01,2022-02-01,9,2022-11-01,12616930.535112843,8479437.386441074,9820230.119369429,camacari-IPTU
2022-02-01,2022-02-01,10,2022-12-01,12784174.1801717,9033933.646209711,9820230.119369429,camacari-IPTU
2022-02-01,2022-02-01,11,2023-01-01,7047786.234635349,5485247.649827112,9820230.119369429,camacari-IPTU
2022-02-01,2022-02-01,12,2023-02-01,12018263.329091424,24282010.748229694,9820230.119369429,camacari-IPTU
2022-03-01,2022-03-01,1,2022-04-01,40453619.22855426,59924812.40840333,9885701.07016629,camacari-IPTU
2022-03-01,2022-03-01,2,2022-05-01,21962579.319788303,14307736.398653667,9885701.07016629,camacari-IPTU
2022-03-01,2022-03-01,3,2022-06-01,12354716.21055757,10323582.79875348,9885701.07016629,camacari-IPTU
2022-03-01,2022-03-01,4,2022-07-01,17752542.53971789,10015801.998194238,9885701.07016629,camacari-IPTU
2022-03-01,2022-03-01,5,2022-08-01,15164896.700699635,11935851.600544166,9885701.07016629,camacari-IPTU
2022-03-01,2022-03-01,6,2022-09-01,12832045.767347911,9135076.891675472,9885701.07016629,camacari-IPTU
2022-03-01,2022-03-01,7,2022-10-01,13457745.956336224,8763385.83366684,9885701.07016629,camacari-IPTU
2022-03-01,2022-03-01,8,2022-11-01,12616930.535112843,9500508.628672862,9885701.07016629,camacari-IPTU
2022-03-01,2022-03-01,9,2022-12-01,12784174.1801717,10123016.133474303,9885701.07016629,camacari-IPTU
2022-03-01,2022-03-01,10,2023-01-01,7047786.234635349,6147267.49531673,9885701.07016629,camacari-IPTU
2022-03-01,2022-03-01,11,2023-02-01,12018263.329091424,27215917.95151335,9885701.07016629,camacari-IPTU
2022-03-01,2022-03-01,12,2023-03-01,113631532.97417936,58707336.737852275,9885701.07016629,camacari-IPTU
2022-04-01,2022-04-01,1,2022-05-01,21962579.319788303,13942314.062043248,10035154.06784488,camacari-IPTU
2022-04-01,2022-04-01,2,2022-06-01,12354716.21055757,10059452.3780905,10035154.06784488,camacari-IPTU
2022-04-01,2022-04-01,3,2022-07-01,17752542.53971789,9759099.195378345,10035154.06784488,camacari-IPTU
2022-04-01,2022-04-01,4,2022-08-01,15164896.700699635,11629409.541001959,10035154.06784488,camacari-IPTU
2022-04-01,2022-04-01,5,2022-09-01,12832045.767347911,8900140.376116723,10035154.06784488,camacari-IPTU
2022-04-01,2022-04-01,6,2022-10-01,13457745.956336224,8501556.888183009,10035154.06784488,camacari-IPTU
2022-04-01,2022-04-01,7,2022-11-01,12616930.535112843,9255347.246728145,10035154.06784488,camacari-IPTU
2022-04-01,2022-04-01,8,2022-12-01,12784174.1801717,9861355.22531572,10035154.06784488,camacari-IPTU
2022-04-01,2022-04-01,9,2023-01-01,7047786.234635349,5988109.534720303,10035154.06784488,camacari-IPTU
2022-04-01,2022-04-01,10,2023-02-01,12018263.329091424,26510120.165884722,10035154.06784488,camacari-IPTU
2022-04-01,2022-04-01,11,2023-03-01,113631532.97417936,57182390.51259337,10035154.06784488,camacari-IPTU
2022-04-01,2022-04-01,12,2023-04-01,19541386.126198694,60956567.69818924,10035154.06784488,camacari-IPTU
2022-05-01,2022-05-01,1,2022-06-01,12354716.21055757,10554016.985747317,9960349.475188581,camacari-IPTU
2022-05-01,2022-05-01,2,2022-07-01,17752542.53971789,10239207.975616014,9960349.475188581,camacari-IPTU
2022-05-01,2022-05-01,3,2022-08-01,15164896.700699635,12201897.81727159,9960349.475188581,camacari-IPTU
2022-05-01,2022-05-01,4,2022-09-01,12832045.767347911,9338552.571605643,9960349.475188581,camacari-IPTU
2022-05-01,2022-05-01,5,2022-10-01,13457745.956336224,8920600.205801433,9960349.475188581,camacari-IPTU
2022-05-01,2022-05-01,6,2022-11-01,12616930.535112843,9289943.539959492,9960349.475188581,camacari-IPTU
2022-05-01,2022-05-01,7,2022-12-01,12784174.1801717,10348031.37727574,9960349.475188581,camacari-IPTU
2022-05-01,2022-05-01,8,2023-01-01,7047786.234635349,6283816.511441033,9960349.475188581,camacari-IPTU
2022-05-01,2022-05-01,9,2023-02-01,12018263.329091424,27820055.476461343,9960349.475188581,camacari-IPTU
2022-05-01,2022-05-01,10,2023-03-01,113631532.97417936,60009643.982027,9960349.475188581,camacari-IPTU
2022-05-01,2022-05-01,11,2023-04-01,19541386.126198694,63972247.455571555,9960349.475188581,camacari-IPTU
2022-05-01,2022-05-01,12,2023-05-01,14150456.746575596,15271495.761504969,9960349.475188581,camacari-IPTU
2022-06-01,2022-06-01,1,2022-07-01,17752542.53971789,10432909.513531629,9904121.156401757,camacari-IPTU
2022-06-01,2022-06-01,2,2022-08-01,15164896.700699635,12432794.603173101,9904121.156401757,camacari-IPTU
2022-06-01,2022-06-01,3,2022-09-01,12832045.767347911,9515316.213437488,9904121.156401757,camacari-IPTU
2022-06-01,2022-06-01,4,2022-10-01,13457745.956336224,9089500.107826075,9904121.156401757,camacari-IPTU
2022-06-01,2022-06-01,5,2022-11-01,12616930.535112843,9465885.503889548,9904121.156401757,camacari-IPTU
2022-06-01,2022-06-01,6,2022-12-01,12784174.1801717,10011204.83832279,9904121.156401757,camacari-IPTU
2022-06-01,2022-06-01,7,2023-01-01,7047786.234635349,6402891.142871123,9904121.156401757,camacari-IPTU
2022-06-01,2022-06-01,8,2023-02-01,12018263.329091424,28347372.8898473,9904121.156401757,camacari-IPTU
2022-06-01,2022-06-01,9,2023-03-01,113631532.97417936,61147409.250293456,9904121.156401757,camacari-IPTU
2022-06-01,2022-06-01,10,2023-04-01,19541386.126198694,65185468.320500486,9904121.156401757,camacari-IPTU
2022-06-01,2022-06-01,11,2023-05-01,14150456.746575596,15561193.848480875,9904121.156401757,camacari-IPTU
2022-06-01,2022-06-01,12,2023-06-01,13391841.733009398,11226149.499677068,9904121.156401757,camacari-IPTU
2022-07-01,2022-07-01,1,2022-08-01,15164896.700699635,13247964.465853706,9897015.160789788,camacari-IPTU
2022-07-01,2022-07-01,2,2022-09-01,12832045.767347911,10139234.268342478,9897015.160789788,camacari-IPTU
2022-07-01,2022-07-01,3,2022-10-01,13457745.956336224,9685531.477016866,9897015.160789788,camacari-IPTU
2022-07-01,2022-07-01,4,2022-11-01,12616930.535112843,10086632.99895432,9897015.160789788,camacari-IPTU
2022-07-01,2022-07-01,5,2022-12-01,12784174.1801717,10667749.854310835,9897015.160789788,camacari-IPTU
2022-07-01,2022-07-01,6,2023-01-01,7047786.234635349,6528456.916973571,9897015.160789788,camacari-IPTU
2022-07-01,2022-07-01,7,2023-02-01,12018263.329091424,30206629.429430574,9897015.160789788,camacari-IPTU
2022-07-01,2022-07-01,8,2023-03-01,113631532.97417936,65158185.85666736,9897015.160789788,camacari-IPTU
2022-07-01,2022-07-01,9,2023-04-01,19541386.126198694,69461342.74964221,9897015.160789788,camacari-IPTU
2022-07-01,2022-07-01,10,2023-05-01,14150456.746575596,16581993.792802209,9897015.160789788,camacari-IPTU
2022-07-01,2022-07-01,11,2023-06-01,13391841.733009398,11962614.228002539,9897015.160789788,camacari-IPTU
2022-07-01,2022-07-01,12,2023-07-01,21133842.2574917,11604106.860591423,9897015.160789788,camacari-IPTU
2022-08-01,2022-08-01,1,2022-09-01,12832045.767347911,10278630.902058838,9860610.388863811,camacari-IPTU
2022-08-01,2022-08-01,2,2022-10-01,13457745.956336224,9818218.718434798,9860610.388863811,camacari-IPTU
2022-08-01,2022-08-01,3,2022-11-01,12616930.535112843,10224327.365603898,9860610.388863811,camacari-IPTU
2022-08-01,2022-08-01,4,2022-12-01,12784174.1801717,10812864.968084902,9860610.388863811,camacari-IPTU
2022-08-01,2022-08-01,5,2023-01-01,7047786.234635349,6616953.360923161,9860610.388863811,camacari-IPTU
2022-08-01,2022-08-01,6,2023-02-01,12018263.329091424,27733293.73019786,9860610.388863811,camacari-IPTU
2022-08-01,2022-08-01,7,2023-03-01,113631532.97417936,66035291.21450598,9860610.388863811,camacari-IPTU
2022-08-01,2022-08-01,8,2023-04-01,19541386.126198694,70393132.48941742,9860610.388863811,camacari-IPTU
2022-08-01,2022-08-01,9,2023-05-01,14150456.746575596,16803664.8003024,9860610.388863811,camacari-IPTU
2022-08-01,2022-08-01,10,2023-06-01,13391841.733009398,12121982.194535233,9860610.388863811,camacari-IPTU
2022-08-01,2022-08-01,11,2023-07-01,21133842.2574917,11758168.597927436,9860610.388863811,camacari-IPTU
2022-08-01,2022-08-01,12,2023-08-01,24362535.303448137,14009374.726934498,9860610.388863811,camacari-IPTU
2022-09-01,2022-09-01,1,2022-10-01,13457745.956336224,9954370.474404138,9807669.665763643,camacari-IPTU
2022-09-01,2022-09-01,2,2022-11-01,12616930.535112843,10365913.755251104,9807669.665763643,camacari-IPTU
2022-09-01,2022-09-01,3,2022-12-01,12784174.1801717,10962394.577912688,9807669.665763643,camacari-IPTU
2022-09-01,2022-09-01,4,2023-01-01,7047786.234635349,6708332.6059951065,9807669.665763643,camacari-IPTU
2022-09-01,2022-09-01,5,2023-02-01,12018263.329091424,28115763.74984633,9807669.665763643,camacari-IPTU
2022-09-01,2022-09-01,6,2023-03-01,113631532.97417936,74983132.02906619,9807669.665763643,camacari-IPTU
2022-09-01,2022-09-01,7,2023-04-01,19541386.126198694,71361297.04555126,9807669.665763643,camacari-IPTU
2022-09-01,2022-09-01,8,2023-05-01,14150456.746575596,17034466.671915706,9807669.665763643,camacari-IPTU
2022-09-01,2022-09-01,9,2023-06-01,13391841.733009398,12288257.84494518,9807669.665763643,camacari-IPTU
2022-09-01,2022-09-01,10,2023-07-01,21133842.2574917,11919239.701298105,9807669.665763643,camacari-IPTU
2022-09-01,2022-09-01,11,2023-08-01,24362535.303448137,14201030.917688917,9807669.665763643,camacari-IPTU
2022-09-01,2022-09-01,12,2023-09-01,15466271.334168883,10866332.440568192,9807669.665763643,camacari-IPTU
2022-10-01,2022-10-01,1,2022-11-01,12616930.535112843,10808711.559625305,9741250.015594255,camacari-IPTU
2022-10-01,2022-10-01,2,2022-12-01,12784174.1801717,11430512.449342791,9741250.015594255,camacari-IPTU
2022-10-01,2022-10-01,3,2023-01-01,7047786.234635349,6994695.862138728,9741250.015594255,camacari-IPTU
2022-10-01,2022-10-01,4,2023-02-01,12018263.329091424,29315557.187844988,9741250.015594255,camacari-IPTU
2022-10-01,2022-10-01,5,2023-03-01,113631532.97417936,78181843.26104423,9741250.015594255,camacari-IPTU
2022-10-01,2022-10-01,6,2023-04-01,19541386.126198694,69521231.70068611,9741250.015594255,camacari-IPTU
2022-10-01,2022-10-01,7,2023-05-01,14150456.746575596,17760660.564511683,9741250.015594255,camacari-IPTU
2022-10-01,2022-10-01,8,2023-06-01,13391841.733009398,12811945.189862397,9741250.015594255,camacari-IPTU
2022-10-01,2022-10-01,9,2023-07-01,21133842.2574917,12427035.333794715,9741250.015594255,camacari-IPTU
2022-10-01,2022-10-01,10,2023-08-01,24362535.303448137,14805842.148295704,9741250.015594255,camacari-IPTU
2022-10-01,2022-10-01,11,2023-09-01,15466271.334168883,11328972.7197737,9741250.015594255,camacari-IPTU
2022-10-01,2022-10-01,12,2023-10-01,16948768.265746012,10819593.231514782,9741250.015594255,camacari-IPTU
2022-11-01,2022-11-01,1,2022-12-01,12784174.1801717,11638577.815691376,9688155.37133904,camacari-IPTU
2022-11-01,2022-11-01,2,2023-01-01,7047786.234635349,7121908.783607391,9688155.37133904,camacari-IPTU
2022-11-01,2022-11-01,3,2023-02-01,12018263.329091424,29848267.51211957,9688155.37133904,camacari-IPTU
2022-11-01,2022-11-01,4,2023-03-01,113631532.97417936,79601331.14105314,9688155.37133904,camacari-IPTU
2022-11-01,2022-11-01,5,2023-04-01,19541386.126198694,70782415.24590525,9688155.37133904,camacari-IPTU
2022-11-01,2022-11-01,6,2023-05-01,14150456.746575596,18633882.506353464,9688155.37133904,camacari-IPTU
2022-11-01,2022-11-01,7,2023-06-01,13391841.733009398,13043979.727905061,9688155.37133904,camacari-IPTU
2022-11-01,2022-11-01,8,2023-07-01,21133842.2574917,12651913.206409546,9688155.37133904,camacari-IPTU
2022-11-01,2022-11-01,9,2023-08-01,24362535.303448137,15073546.90423376,9688155.37133904,camacari-IPTU
2022-11-01,2022-11-01,10,2023-09-01,15466271.334168883,11533645.182965236,9688155.37133904,camacari-IPTU
2022-11-01,2022-11-01,11,2023-10-01,16948768.265746012,11014904.74493294,9688155.37133904,camacari-IPTU
2022-11-01,2022-11-01,12,2023-11-01,19405524.354567923,11468327.669718472,9688155.37133904,camacari-IPTU
2022-12-01,2022-12-01,1,2023-01-01,7047786.234635349,7221162.119620591,9639324.886879798,camacari-IPTU
2022-12-01,2022-12-01,2,2023-02-01,12018263.329091424,30264154.868863348,9639324.886879798,camacari-IPTU
2022-12-01,2022-12-01,3,2023-03-01,113631532.97417936,80710213.3621948,9639324.886879798,camacari-IPTU
2022-12-01,2022-12-01,4,2023-04-01,19541386.126198694,71768239.68302165,9639324.886879798,camacari-IPTU
2022-12-01,2022-12-01,5,2023-05-01,14150456.746575596,18893352.577739906,9639324.886879798,camacari-IPTU
2022-12-01,2022-12-01,6,2023-06-01,13391841.733009398,13097471.875590913,9639324.886879798,camacari-IPTU
2022-12-01,2022-12-01,7,2023-07-01,21133842.2574917,12828014.013575448,9639324.886879798,camacari-IPTU
2022-12-01,2022-12-01,8,2023-08-01,24362535.303448137,15283311.454329692,9639324.886879798,camacari-IPTU
2022-12-01,2022-12-01,9,2023-09-01,15466271.334168883,11694115.718493478,9639324.886879798,camacari-IPTU
2022-12-01,2022-12-01,10,2023-10-01,16948768.265746012,11168127.09301297,9639324.886879798,camacari-IPTU
2022-12-01,2022-12-01,11,2023-11-01,19405524.354567923,11627825.464592265,9639324.886879798,camacari-IPTU
2022-12-01,2022-12-01,12,2023-12-01,21991343.83026119,12294793.196231145,9639324.886879798,camacari-IPTU
2023-01-01,2023-01-01,1,2023-02-01,12018263.329091424,30064693.299132325,9551922.272294289,camacari-IPTU
2023-01-01,2023-01-01,2,2023-03-01,113631532.97417936,80179260.04052949,9551922.272294289,camacari-IPTU
2023-01-01,2023-01-01,3,2023-04-01,19541386.126198694,71296978.83748697,9551922.272294289,camacari-IPTU
2023-01-01,2023-01-01,4,2023-05-01,14150456.746575596,18769517.59979363,9551922.272294289,camacari-IPTU
2023-01-01,2023-01-01,5,2023-06-01,13391841.733009398,13011781.705815336,9551922.272294289,camacari-IPTU
2023-01-01,2023-01-01,6,2023-07-01,21133842.2574917,13330333.304386986,9551922.272294289,camacari-IPTU
2023-01-01,2023-01-01,7,2023-08-01,24362535.303448137,15183681.188737314,9551922.272294289,camacari-IPTU
2023-01-01,2023-01-01,8,2023-09-01,15466271.334168883,11618019.65009215,9551922.272294289,camacari-IPTU
2023-01-01,2023-01-01,9,2023-10-01,16948768.265746012,11095583.334483655,9551922.272294289,camacari-IPTU
2023-01-01,2023-01-01,10,2023-11-01,19405524.354567923,11552429.705350995,9551922.272294289,camacari-IPTU
2023-01-01,2023-01-01,11,2023-12-01,21991343.83026119,12215213.521727819,9551922.272294289,camacari-IPTU
2023-01-01,2023-01-01,12,2024-01-01,9096349.782186696,7473784.830240939,9551922.272294289,camacari-IPTU
2023-02-01,2023-02-01,1,2023-03-01,113631532.97417936,75026158.41537131,9455631.658933334,camacari-IPTU
2023-02-01,2023-02-01,2,2023-04-01,19541386.126198694,66718237.32416277,9455631.658933334,camacari-IPTU
2023-02-01,2023-02-01,3,2023-05-01,14150456.746575596,17565040.693451617,9455631.658933334,camacari-IPTU
2023-02-01,2023-02-01,4,2023-06-01,13391841.733009398,12177419.707801264,9455631.658933334,camacari-IPTU
2023-02-01,2023-02-01,5,2023-07-01,21133842.2574917,12476185.302317344,9455631.658933334,camacari-IPTU
2023-02-01,2023-02-01,6,2023-08-01,24362535.303448137,14173354.437715393,9455631.658933334,camacari-IPTU
2023-02-01,2023-02-01,7,2023-09-01,15466271.334168883,10874694.399638502,9455631.658933334,camacari-IPTU
2023-02-01,2023-02-01,8,2023-10-01,16948768.265746012,10386206.230527157,9455631.658933334,camacari-IPTU
2023-02-01,2023-02-01,9,2023-11-01,19405524.354567923,10814385.231622085,9455631.658933334,camacari-IPTU
2023-02-01,2023-02-01,10,2023-12-01,21991343.83026119,11435393.57999451,9455631.658933334,camacari-IPTU
2023-02-01,2023-02-01,11,2024-01-01,9096349.782186696,6997002.8551974315,9455631.658933334,camacari-IPTU
2023-02-01,2023-02-01,12,2024-02-01,12207925.201341806,29322396.251771092,9455631.658933334,camacari-IPTU
2023-03-01,2023-03-01,1,2023-04-01,19541386.126198694,70071471.15068349,9505581.46206459,camacari-IPTU
2023-03-01,2023-03-01,2,2023-05-01,14150456.746575596,18447360.70269974,9505581.46206459,camacari-IPTU
2023-03-01,2023-03-01,3,2023-06-01,13391841.733009398,12788771.920979617,9505581.46206459,camacari-IPTU
2023-03-01,2023-03-01,4,2023-07-01,21133842.2574917,13102191.761598282,9505581.46206459,camacari-IPTU
2023-03-01,2023-03-01,5,2023-08-01,24362535.303448137,14884129.124578398,9505581.46206459,camacari-IPTU
2023-03-01,2023-03-01,6,2023-09-01,15466271.334168883,11574705.1683108,9505581.46206459,camacari-IPTU
2023-03-01,2023-03-01,7,2023-10-01,16948768.265746012,10906496.102547051,9505581.46206459,camacari-IPTU
2023-03-01,2023-03-01,8,2023-11-01,19405524.354567923,11355833.608378895,9505581.46206459,camacari-IPTU
2023-03-01,2023-03-01,9,2023-12-01,21991343.83026119,12007628.810859185,9505581.46206459,camacari-IPTU
2023-03-01,2023-03-01,10,2024-01-01,9096349.782186696,7346952.24066022,9505581.46206459,camacari-IPTU
2023-03-01,2023-03-01,11,2024-02-01,12207925.201341806,30788159.36815189,9505581.46206459,camacari-IPTU
2023-03-01,2023-03-01,12,2024-03-01,117568232.72774635,82099219.84159133,9505581.46206459,camacari-IPTU
2023-04-01,2023-04-01,1,2023-05-01,14150456.746575596,17084605.98790638,9635202.503431534,camacari-IPTU
2023-04-01,2023-04-01,2,2023-06-01,13391841.733009398,11844420.56757923,9635202.503431534,camacari-IPTU
2023-04-01,2023-04-01,3,2023-07-01,21133842.2574917,12135092.203047192,9635202.503431534,camacari-IPTU
2023-04-01,2023-04-01,4,2023-08-01,24362535.303448137,13785947.234917179,9635202.503431534,camacari-IPTU
2023-04-01,2023-04-01,5,2023-09-01,15466271.334168883,10721043.98215522,9635202.503431534,camacari-IPTU
2023-04-01,2023-04-01,6,2023-10-01,16948768.265746012,10477191.316299204,9635202.503431534,camacari-IPTU
2023-04-01,2023-04-01,7,2023-11-01,19405524.354567923,10518983.8801501,9635202.503431534,camacari-IPTU
2023-04-01,2023-04-01,8,2023-12-01,21991343.83026119,11123096.293948643,9635202.503431534,camacari-IPTU
2023-04-01,2023-04-01,9,2024-01-01,9096349.782186696,6805957.61938981,9635202.503431534,camacari-IPTU
2023-04-01,2023-04-01,10,2024-02-01,12207925.201341806,28521951.620396562,9635202.503431534,camacari-IPTU
2023-04-01,2023-04-01,11,2024-03-01,117568232.72774635,76058532.47964926,9635202.503431534,camacari-IPTU
2023-04-01,2023-04-01,12,2024-04-01,12092110.726040576,67627091.7045767,9635202.503431534,camacari-IPTU
2023-05-01,2023-05-01,1,2023-06-01,13391841.733009398,11635695.662272688,9614718.459271772,camacari-IPTU
2023-05-01,2023-05-01,2,2023-07-01,21133842.2574917,11921139.90141691,9614718.459271772,camacari-IPTU
2023-05-01,2023-05-01,3,2023-08-01,24362535.303448137,13542770.321364146,9614718.459271772,camacari-IPTU
2023-05-01,2023-05-01,4,2023-09-01,15466271.334168883,10531838.772052202,9614718.459271772,camacari-IPTU
2023-05-01,2023-05-01,5,2023-10-01,16948768.265746012,10292200.731803637,9614718.459271772,camacari-IPTU
2023-05-01,2023-05-01,6,2023-11-01,19405524.354567923,10636155.805836553,9614718.459271772,camacari-IPTU
2023-05-01,2023-05-01,7,2023-12-01,21991343.83026119,10926514.475687588,9614718.459271772,camacari-IPTU
2023-05-01,2023-05-01,8,2024-01-01,9096349.782186696,6685617.319814878,9614718.459271772,camacari-IPTU
2023-05-01,2023-05-01,9,2024-02-01,12207925.201341806,28017402.093093157,9614718.459271772,camacari-IPTU
2023-05-01,2023-05-01,10,2024-03-01,117568232.72774635,74712443.53000705,9614718.459271772,camacari-IPTU
2023-05-01,2023-05-01,11,2024-04-01,12092110.726040576,66429672.18684581,9614718.459271772,camacari-IPTU
2023-05-01,2023-05-01,12,2024-05-01,12281670.577505508,17486562.691847827,9614718.459271772,camacari-IPTU
2023-06-01,2023-06-01,1,2023-07-01,21133842.2574917,12050864.485001748,9519411.871084886,camacari-IPTU
2023-06-01,2023-06-01,2,2023-08-01,24362535.303448137,13689895.855563683,9519411.871084886,camacari-IPTU
2023-06-01,2023-06-01,3,2023-09-01,15466271.334168883,10646064.666588726,9519411.871084886,camacari-IPTU
2023-06-01,2023-06-01,4,2023-10-01,16948768.265746012,10403643.578262832,9519411.871084886,camacari-IPTU
2023-06-01,2023-06-01,5,2023-11-01,19405524.354567923,10751134.12298077,9519411.871084886,camacari-IPTU
2023-06-01,2023-06-01,6,2023-12-01,21991343.83026119,11323716.03274233,9519411.871084886,camacari-IPTU
2023-06-01,2023-06-01,7,2024-01-01,9096349.782186696,6757654.789287293,9519411.871084886,camacari-IPTU
2023-06-01,2023-06-01,8,2024-02-01,12207925.201341806,28318801.994856138,9519411.871084886,camacari-IPTU
2023-06-01,2023-06-01,9,2024-03-01,117568232.72774635,75514878.97057694,9519411.871084886,camacari-IPTU
2023-06-01,2023-06-01,10,2024-04-01,12092110.726040576,67142007.98075175,9519411.871084886,camacari-IPTU
2023-06-01,2023-06-01,11,2024-05-01,12281670.577505508,17673775.75800965,9519411.871084886,camacari-IPTU
2023-06-01,2023-06-01,12,2024-06-01,15668723.095071422,12250853.511773843,9519411.871084886,camacari-IPTU
2023-07-01,2023-07-01,1,2023-08-01,24362535.303448137,14621472.790364988,9451960.089180367,camacari-IPTU
2023-07-01,2023-07-01,2,2023-09-01,15466271.334168883,11370141.299929803,9451960.089180367,camacari-IPTU
2023-07-01,2023-07-01,3,2023-10-01,16948768.265746012,11110871.107007345,9451960.089180367,camacari-IPTU
2023-07-01,2023-07-01,4,2023-11-01,19405524.354567923,11481612.94131519,9451960.089180367,camacari-IPTU
2023-07-01,2023-07-01,5,2023-12-01,21991343.83026119,12092710.74868608,9451960.089180367,camacari-IPTU
2023-07-01,2023-07-01,6,2024-01-01,9096349.782186696,7286625.437134301,9451960.089180367,camacari-IPTU
2023-07-01,2023-07-01,7,2024-02-01,12207925.201341806,30240014.63783566,9451960.089180367,camacari-IPTU
2023-07-01,2023-07-01,8,2024-03-01,117568232.72774635,80635447.69503435,9451960.089180367,camacari-IPTU
2023-07-01,2023-07-01,9,2024-04-01,12092110.726040576,71692584.64465041,9451960.089180367,camacari-IPTU
2023-07-01,2023-07-01,10,2024-05-01,12281670.577505508,18871037.79315489,9451960.089180367,camacari-IPTU
2023-07-01,2023-07-01,11,2024-06-01,15668723.095071422,13080351.402353011,9451960.089180367,camacari-IPTU
2023-07-01,2023-07-01,12,2024-07-01,11582225.949920287,13398741.932357889,9451960.089180367,camacari-IPTU
2023-08-01,2023-08-01,1,2023-09-01,15466271.334168883,12151994.039288344,9449195.725197412,camacari-IPTU
2023-08-01,2023-08-01,2,2023-10-01,16948768.265746012,11874052.939759942,9449195.725197412,camacari-IPTU
2023-08-01,2023-08-01,3,2023-11-01,19405524.354567923,12269395.451119775,9449195.725197412,camacari-IPTU
2023-08-01,2023-08-01,4,2023-12-01,21991343.83026119,12921517.53160019,9449195.725197412,camacari-IPTU
2023-08-01,2023-08-01,5,2024-01-01,9096349.782186696,7785492.619693613,9449195.725197412,camacari-IPTU
2023-08-01,2023-08-01,6,2024-02-01,12207925.201341806,30005950.1946131,9449195.725197412,camacari-IPTU
2023-08-01,2023-08-01,7,2024-03-01,117568232.72774635,86144160.0097437,9449195.725197412,camacari-IPTU
2023-08-01,2023-08-01,8,2024-04-01,12092110.726040576,76585131.88369624,9449195.725197412,camacari-IPTU
2023-08-01,2023-08-01,9,2024-05-01,12281670.577505508,20157496.476637498,9449195.725197412,camacari-IPTU
2023-08-01,2023-08-01,10,2024-06-01,15668723.095071422,13971112.591527544,9449195.725197412,camacari-IPTU
2023-08-01,2023-08-01,11,2024-07-01,11582225.949920287,14310228.43240433,9449195.725197412,camacari-IPTU
2023-08-01,2023-08-01,12,2024-08-01,10773832.024935024,16252761.739042787,9449195.725197412,camacari-IPTU
2023-09-01,2023-09-01,1,2023-10-01,16948768.265746012,12211169.5690292,9375916.476182612,camacari-IPTU
2023-09-01,2023-09-01,2,2023-11-01,19405524.354567923,12617302.089849796,9375916.476182612,camacari-IPTU
2023-09-01,2023-09-01,3,2023-12-01,21991343.83026119,13287461.270626705,9375916.476182612,camacari-IPTU
2023-09-01,2023-09-01,4,2024-01-01,9096349.782186696,8005709.706804691,9375916.476182612,camacari-IPTU
2023-09-01,2023-09-01,5,2024-02-01,12207925.201341806,30853644.492414486,9375916.476182612,camacari-IPTU
2023-09-01,2023-09-01,6,2024-03-01,117568232.72774635,94078328.89848812,9375916.476182612,camacari-IPTU
2023-09-01,2023-09-01,7,2024-04-01,12092110.726040576,78743466.16009429,9375916.476182612,camacari-IPTU
2023-09-01,2023-09-01,8,2024-05-01,12281670.577505508,20724892.37858245,9375916.476182612,camacari-IPTU
2023-09-01,2023-09-01,9,2024-06-01,15668723.095071422,14363901.040928148,9375916.476182612,camacari-IPTU
2023-09-01,2023-09-01,10,2024-07-01,11582225.949920287,14712070.248311237,9375916.476182612,camacari-IPTU
2023-09-01,2023-09-01,11,2024-08-01,10773832.024935024,16708608.933715813,9375916.476182612,camacari-IPTU
2023-09-01,2023-09-01,12,2024-09-01,10296585.057692552,12990162.176610395,9375916.476182612,camacari-IPTU
2023-10-01,2023-10-01,1,2023-11-01,19405524.354567923,13268205.515403345,9313311.219089283,camacari-IPTU
2023-10-01,2023-10-01,2,2023-12-01,21991343.83026119,13972342.050519628,9313311.219089283,camacari-IPTU
2023-10-01,2023-10-01,3,2024-01-01,9096349.782186696,8417994.994483516,9313311.219089283,camacari-IPTU
2023-10-01,2023-10-01,4,2024-02-01,12207925.201341806,32441209.821439367,9313311.219089283,camacari-IPTU
2023-10-01,2023-10-01,5,2024-03-01,117568232.72774635,98914970.97861135,9313311.219089283,camacari-IPTU
2023-10-01,2023-10-01,6,2024-04-01,12092110.726040576,75413594.93482155,9313311.219089283,camacari-IPTU
2023-10-01,2023-10-01,7,2024-05-01,12281670.577505508,21788573.050008964,9313311.219089283,camacari-IPTU
2023-10-01,2023-10-01,8,2024-06-01,15668723.095071422,15100492.638597028,9313311.219089283,camacari-IPTU
2023-10-01,2023-10-01,9,2024-07-01,11582225.949920287,15465886.567019122,9313311.219089283,camacari-IPTU
2023-10-01,2023-10-01,10,2024-08-01,10773832.024935024,17564013.23103225,9313311.219089283,camacari-IPTU
2023-10-01,2023-10-01,11,2024-09-01,10296585.057692552,13654650.077345569,9313311.219089283,camacari-IPTU
2023-10-01,2023-10-01,12,2024-10-01,10512439.143674947,13339687.826111417,9313311.219089283,camacari-IPTU
2023-11-01,2023-11-01,1,2023-12-01,21991343.83026119,14953280.372835733,9286735.246461555,camacari-IPTU
2023-11-01,2023-11-01,2,2024-01-01,9096349.782186696,9008350.59047954,9286735.246461555,camacari-IPTU
2023-11-01,2023-11-01,3,2024-02-01,12207925.201341806,34713883.465726346,9286735.246461555,camacari-IPTU
2023-11-01,2023-11-01,4,2024-03-01,117568232.72774635,105837097.58322932,9286735.246461555,camacari-IPTU
2023-11-01,2023-11-01,5,2024-04-01,12092110.726040576,80685493.85835806,9286735.246461555,camacari-IPTU
2023-11-01,2023-11-01,6,2024-05-01,12281670.577505508,22666023.176801436,9286735.246461555,camacari-IPTU
2023-11-01,2023-11-01,7,2024-06-01,15668723.095071422,16153898.288705083,9286735.246461555,camacari-IPTU
2023-11-01,2023-11-01,8,2024-07-01,11582225.949920287,16543657.545441655,9286735.246461555,camacari-IPTU
2023-11-01,2023-11-01,9,2024-08-01,10773832.024935024,18786727.341562547,9286735.246461555,camacari-IPTU
2023-11-01,2023-11-01,10,2024-09-01,10296585.057692552,14604234.531794433,9286735.246461555,camacari-IPTU
2023-11-01,2023-11-01,11,2024-10-01,10512439.143674947,14266417.074405385,9286735.246461555,camacari-IPTU
2023-11-01,2023-11-01,12,2024-11-01,9462604.711222298,14737523.638756223,9286735.246461555,camacari-IPTU
2023-12-01,2023-12-01,1,2024-01-01,9096349.782186696,9761744.488798067,9285906.438166013,camacari-IPTU
2023-12-01,2023-12-01,2,2024-02-01,12207925.201341806,37613164.46510662,9285906.438166013,camacari-IPTU
2023-12-01,2023-12-01,3,2024-03-01,117568232.72774635,114664607.08818036,9285906.438166013,camacari-IPTU
2023-12-01,2023-12-01,4,2024-04-01,12092110.726040576,87406151.17275105,9285906.438166013,camacari-IPTU
2023-12-01,2023-12-01,5,2024-05-01,12281670.577505508,24551453.413591143,9285906.438166013,camacari-IPTU
2023-12-01,2023-12-01,6,2024-06-01,15668723.095071422,17579094.236573167,9285906.438166013,camacari-IPTU
2023-12-01,2023-12-01,7,2024-07-01,11582225.949920287,17916158.89796222,9285906.438166013,camacari-IPTU
2023-12-01,2023-12-01,8,2024-08-01,10773832.024935024,20343264.889185105,9285906.438166013,camacari-IPTU
2023-12-01,2023-12-01,9,2024-09-01,10296585.057692552,15812652.672697106,9285906.438166013,camacari-IPTU
2023-12-01,2023-12-01,10,2024-10-01,10512439.143674947,15445341.731806437,9285906.438166013,camacari-IPTU
2023-12-01,2023-12-01,11,2024-11-01,9462604.711222298,15953796.609137759,9285906.438166013,camacari-IPTU
2023-12-01,2023-12-01,12,2024-12-01,13905224.647661604,16795685.497795627,9285906.438166013,camacari-IPTU
2024-01-01,2024-01-01,1,2024-02-01,12207925.201341806,36983450.78305398,9211294.655788543,camacari-IPTU
2024-01-01,2024-01-01,2,2024-03-01,117568232.72774635,112750928.56587367,9211294.655788543,camacari-IPTU
2024-01-01,2024-01-01,3,2024-04-01,12092110.726040576,85951958.83643618,9211294.655788543,camacari-IPTU
2024-01-01,2024-01-01,4,2024-05-01,12281670.577505508,24144259.55697762,9211294.655788543,camacari-IPTU
2024-01-01,2024-01-01,5,2024-06-01,15668723.095071422,17288445.437036164,9211294.655788543,camacari-IPTU
2024-01-01,2024-01-01,6,2024-07-01,11582225.949920287,18745525.095685996,9211294.655788543,camacari-IPTU
2024-01-01,2024-01-01,7,2024-08-01,10773832.024935024,20008992.674192425,9211294.655788543,camacari-IPTU
2024-01-01,2024-01-01,8,2024-09-01,10296585.057692552,15553626.369136805,9211294.655788543,camacari-IPTU
2024-01-01,2024-01-01,9,2024-10-01,10512439.143674947,15193109.866687879,9211294.655788543,camacari-IPTU
2024-01-01,2024-01-01,10,2024-11-01,9462604.711222298,15694059.78025505,9211294.655788543,camacari-IPTU
2024-01-01,2024-01-01,11,2024-12-01,13905224.647661604,16523077.867416719,9211294.655788543,camacari-IPTU
2024-01-01,2024-01-01,12,2025-01-01,6388575.092741284,9952442.045394786,9211294.655788543,camacari-IPTU
2024-02-01,2024-02-01,1,2024-03-01,117568232.72774635,100835767.56152974,9119237.178405501,camacari-IPTU
2024-02-01,2024-02-01,2,2024-04-01,12092110.726040576,76883832.80366854,9119237.178405501,camacari-IPTU
2024-02-01,2024-02-01,3,2024-05-01,12281670.577505508,21601174.823131453,9119237.178405501,camacari-IPTU
2024-02-01,2024-02-01,4,2024-06-01,15668723.095071422,15470456.560748916,9119237.178405501,camacari-IPTU
2024-02-01,2024-02-01,5,2024-07-01,11582225.949920287,16777528.366403423,9119237.178405501,camacari-IPTU
2024-02-01,2024-02-01,6,2024-08-01,10773832.024935024,19100346.488930248,9119237.178405501,camacari-IPTU
2024-02-01,2024-02-01,7,2024-09-01,10296585.057692552,13926014.896136481,9119237.178405501,camacari-IPTU
2024-02-01,2024-02-01,8,2024-10-01,10512439.143674947,13605782.330251163,9119237.178405501,camacari-IPTU
2024-02-01,2024-02-01,9,2024-11-01,9462604.711222298,14057020.78046823,9119237.178405501,camacari-IPTU
2024-02-01,2024-02-01,10,2024-12-01,13905224.647661604,14802312.87019568,9119237.178405501,camacari-IPTU
2024-02-01,2024-02-01,11,2025-01-01,6388575.092741284,8917609.259395229,9119237.178405501,camacari-IPTU
2024-02-01,2024-02-01,12,2025-02-01,12542878.821337909,34365000.414901815,9119237.178405501,camacari-IPTU
2024-03-01,2024-03-01,1,2024-04-01,12092110.726040576,78256466.92369322,9066888.315528343,camacari-IPTU
2024-03-01,2024-03-01,2,2024-05-01,12281670.577505508,21986569.024465818,9066888.315528343,camacari-IPTU
2024-03-01,2024-03-01,3,2024-06-01,15668723.095071422,15746286.029507848,9066888.315528343,camacari-IPTU
2024-03-01,2024-03-01,4,2024-07-01,11582225.949920287,17076463.469457217,9066888.315528343,camacari-IPTU
2024-03-01,2024-03-01,5,2024-08-01,10773832.024935024,19440443.83340969,9066888.315528343,camacari-IPTU
2024-03-01,2024-03-01,6,2024-09-01,10296585.057692552,14645433.24767372,9066888.315528343,camacari-IPTU
2024-03-01,2024-03-01,7,2024-10-01,10512439.143674947,13847727.27757092,9066888.315528343,camacari-IPTU
2024-03-01,2024-03-01,8,2024-11-01,9462604.711222298,14306827.593422811,9066888.315528343,camacari-IPTU
2024-03-01,2024-03-01,9,2024-12-01,13905224.647661604,15065194.432924012,9066888.315528343,camacari-IPTU
2024-03-01,2024-03-01,10,2025-01-01,6388575.092741284,9075879.817268016,9066888.315528343,camacari-IPTU
2024-03-01,2024-03-01,11,2025-02-01,12542878.821337909,34974524.35656925,9066888.315528343,camacari-IPTU
2024-03-01,2024-03-01,12,2025-03-01,120152088.70043229,106633008.9744651,9066888.315528343,camacari-IPTU
2024-04-01,2024-04-01,1,2024-05-01,12281670.577505508,19790990.158039287,9050712.186374642,camacari-IPTU
2024-04-01,2024-04-01,2,2024-06-01,15668723.095071422,14175728.157865372,9050712.186374642,camacari-IPTU
2024-04-01,2024-04-01,3,2024-07-01,11582225.949920287,15375242.736118848,9050712.186374642,camacari-IPTU
2024-04-01,2024-04-01,4,2024-08-01,10773832.024935024,17505989.37407642,9050712.186374642,camacari-IPTU
2024-04-01,2024-04-01,5,2024-09-01,10296585.057692552,13189817.275697825,9050712.186374642,camacari-IPTU
2024-04-01,2024-04-01,6,2024-10-01,10512439.143674947,13125347.871941485,9050712.186374642,camacari-IPTU
2024-04-01,2024-04-01,7,2024-11-01,9462604.711222298,12888161.07802814,9050712.186374642,camacari-IPTU
2024-04-01,2024-04-01,8,2024-12-01,13905224.647661604,13573046.759714263,9050712.186374642,camacari-IPTU
2024-04-01,2024-04-01,9,2025-01-01,6388575.092741284,8177978.801915633,9050712.186374642,camacari-IPTU
2024-04-01,2024-04-01,10,2025-02-01,12542878.821337909,31518341.150372908,9050712.186374642,camacari-IPTU
2024-04-01,2024-04-01,11,2025-03-01,120152088.70043229,96107469.9349965,9050712.186374642,camacari-IPTU
2024-04-01,2024-04-01,12,2025-04-01,11946177.334066126,73277962.01249935,9050712.186374642,camacari-IPTU
2024-05-01,2024-05-01,1,2024-06-01,15668723.095071422,13544391.03351836,8979604.007985488,camacari-IPTU
2024-05-01,2024-05-01,2,2024-07-01,11582225.949920287,14690979.077820506,8979604.007985488,camacari-IPTU
2024-05-01,2024-05-01,3,2024-08-01,10773832.024935024,16727459.000506125,8979604.007985488,camacari-IPTU
2024-05-01,2024-05-01,4,2024-09-01,10296585.057692552,12603656.25781131,8979604.007985488,camacari-IPTU
2024-05-01,2024-05-01,5,2024-10-01,10512439.143674947,12542466.655501118,8979604.007985488,camacari-IPTU
2024-05-01,2024-05-01,6,2024-11-01,9462604.711222298,13220346.58413148,8979604.007985488,camacari-IPTU
2024-05-01,2024-05-01,7,2024-12-01,13905224.647661604,12971133.129290748,8979604.007985488,camacari-IPTU
2024-05-01,2024-05-01,8,2025-01-01,6388575.092741284,7815569.53615395,8979604.007985488,camacari-IPTU
2024-05-01,2024-05-01,9,2025-02-01,12542878.821337909,30122567.772098295,8979604.007985488,camacari-IPTU
2024-05-01,2024-05-01,10,2025-03-01,120152088.70043229,91854339.50676145,8979604.007985488,camacari-IPTU
2024-05-01,2024-05-01,11,2025-04-01,11946177.334066126,70037352.71801406,8979604.007985488,camacari-IPTU
2024-05-01,2024-05-01,12,2025-05-01,12492744.777130071,19678030.633132156,8979604.007985488,camacari-IPTU
2024-06-01,2024-06-01,1,2024-07-01,11582225.949920287,14777084.88682624,8913891.040868592,camacari-IPTU
2024-06-01,2024-06-01,2,2024-08-01,10773832.024935024,16824990.153205153,8913891.040868592,camacari-IPTU
2024-06-01,2024-06-01,3,2024-09-01,10296585.057692552,12676760.905062273,8913891.040868592,camacari-IPTU
2024-06-01,2024-06-01,4,2024-10-01,10512439.143674947,12614838.524191385,8913891.040868592,camacari-IPTU
2024-06-01,2024-06-01,5,2024-11-01,9462604.711222298,13296234.281012418,8913891.040868592,camacari-IPTU
2024-06-01,2024-06-01,6,2024-12-01,13905224.647661604,14192688.944684613,8913891.040868592,camacari-IPTU
2024-06-01,2024-06-01,7,2025-01-01,6388575.092741284,7859969.470509935,8913891.040868592,camacari-IPTU
2024-06-01,2024-06-01,8,2025-02-01,12542878.821337909,30292809.130718917,8913891.040868592,camacari-IPTU
2024-06-01,2024-06-01,9,2025-03-01,120152088.70043229,92370788.35175434,8913891.040868592,camacari-IPTU
2024-06-01,2024-06-01,10,2025-04-01,11946177.334066126,70429108.14240672,8913891.040868592,camacari-IPTU
2024-06-01,2024-06-01,11,2025-05-01,12492744.777130071,19787534.05131749,8913891.040868592,camacari-IPTU
2024-06-01,2024-06-01,12,2025-06-01,10060501.5409044,14171459.917335112,8913891.040868592,camacari-IPTU
2024-07-01,2024-07-01,1,2024-08-01,10773832.024935024,16433924.869889561,8920082.548312308,camacari-IPTU
2024-07-01,2024-07-01,2,2024-09-01,10296585.057692552,12382353.97649034,8920082.548312308,camacari-IPTU
2024-07-01,2024-07-01,3,2024-10-01,10512439.143674947,12322107.49347993,8920082.548312308,camacari-IPTU
2024-07-01,2024-07-01,4,2024-11-01,9462604.711222298,12987940.25992888,8920082.548312308,camacari-IPTU
2024-07-01,2024-07-01,5,2024-12-01,13905224.647661604,13863873.25957962,8920082.548312308,camacari-IPTU
2024-07-01,2024-07-01,6,2025-01-01,6388575.092741284,7890713.568092984,8920082.548312308,camacari-IPTU
2024-07-01,2024-07-01,7,2025-02-01,12542878.821337909,29592102.580071785,8920082.548312308,camacari-IPTU
2024-07-01,2024-07-01,8,2025-03-01,120152088.70043229,90235833.79823594,8920082.548312308,camacari-IPTU
2024-07-01,2024-07-01,9,2025-04-01,11946177.334066126,68802565.39893152,8920082.548312308,camacari-IPTU
2024-07-01,2024-07-01,10,2025-05-01,12492744.777130071,19330902.192146696,8920082.548312308,camacari-IPTU
2024-07-01,2024-07-01,11,2025-06-01,10060501.5409044,13844682.311199142,8920082.548312308,camacari-IPTU
2024-07-01,2024-07-01,12,2025-07-01,11088846.80433917,15014570.89744033,8920082.548312308,camacari-IPTU
2024-08-01,2024-08-01,1,2024-09-01,10296585.057692552,12003084.434269268,8964973.132256545,camacari-IPTU
2024-08-01,2024-08-01,2,2024-10-01,10512439.143674947,11944705.800147116,8964973.132256545,camacari-IPTU
2024-08-01,2024-08-01,3,2024-11-01,9462604.711222298,12590168.998421347,8964973.132256545,camacari-IPTU
2024-08-01,2024-08-01,4,2024-12-01,13905224.647661604,13439300.489657935,8964973.132256545,camacari-IPTU
2024-08-01,2024-08-01,5,2025-01-01,6388575.092741284,7649079.347077199,8964973.132256545,camacari-IPTU
2024-08-01,2024-08-01,6,2025-02-01,12542878.821337909,26946893.683577437,8964973.132256545,camacari-IPTU
2024-08-01,2024-08-01,7,2025-03-01,120152088.70043229,87472897.32869992,8964973.132256545,camacari-IPTU
2024-08-01,2024-08-01,8,2025-04-01,11946177.334066126,66696016.283005,8964973.132256545,camacari-IPTU
2024-08-01,2024-08-01,9,2025-05-01,12492744.777130071,18739075.78972866,8964973.132256545,camacari-IPTU
2024-08-01,2024-08-01,10,2025-06-01,10060501.5409044,13420843.599800266,8964973.132256545,camacari-IPTU
2024-08-01,2024-08-01,11,2025-07-01,11088846.80433917,14554943.274021884,8964973.132256545,camacari-IPTU
2024-08-01,2024-08-01,12,2025-08-01,10811979.522146849,16570270.352809161,8964973.132256545,camacari-IPTU
2024-09-01,2024-09-01,1,2024-10-01,10512439.143674947,11706587.318736194,8928827.543153876,camacari-IPTU
2024-09-01,2024-09-01,2,2024-11-01,9462604.711222298,12339193.095539011,8928827.543153876,camacari-IPTU
2024-09-01,2024-09-01,3,2024-12-01,13905224.647661604,13171408.294043854,8928827.543153876,camacari-IPTU
2024-09-01,2024-09-01,4,2025-01-01,6388575.092741284,7496612.434276574,8928827.543153876,camacari-IPTU
2024-09-01,2024-09-01,5,2025-02-01,12542878.821337909,26409789.786577042,8928827.543153876,camacari-IPTU
2024-09-01,2024-09-01,6,2025-03-01,120152088.70043229,90390258.58902186,8928827.543153876,camacari-IPTU
2024-09-01,2024-09-01,7,2025-04-01,11946177.334066126,65366737.342134684,8928827.543153876,camacari-IPTU
2024-09-01,2024-09-01,8,2025-05-01,12492744.777130071,18365612.53564055,8928827.543153876,camacari-IPTU
2024-09-01,2024-09-01,9,2025-06-01,10060501.5409044,13153380.970051246,8928827.543153876,camacari-IPTU
2024-09-01,2024-09-01,10,2025-07-01,11088846.80433917,14264890.17947129,8928827.543153876,camacari-IPTU
2024-09-01,2024-09-01,11,2025-08-01,10811979.522146849,16240067.838591455,8928827.543153876,camacari-IPTU
2024-09-01,2024-09-01,12,2025-09-01,10378202.791861642,12234746.623118002,8928827.543153876,camacari-IPTU
2024-10-01,2024-10-01,1,2024-11-01,9462604.711222298,12248339.867582852,8905313.407105925,camacari-IPTU
2024-10-01,2024-10-01,2,2024-12-01,13905224.647661604,13074238.678247292,8905313.407105925,camacari-IPTU
2024-10-01,2024-10-01,3,2025-01-01,6388575.092741284,7441200.817966645,8905313.407105925,camacari-IPTU
2024-10-01,2024-10-01,4,2025-02-01,12542878.821337909,26214206.78913681,8905313.407105925,camacari-IPTU
2024-10-01,2024-10-01,5,2025-03-01,120152088.70043229,89719585.04538475,8905313.407105925,camacari-IPTU
2024-10-01,2024-10-01,6,2025-04-01,11946177.334066126,59156431.83701442,8905313.407105925,camacari-IPTU
2024-10-01,2024-10-01,7,2025-05-01,12492744.777130071,18228833.00706674,8905313.407105925,camacari-IPTU
2024-10-01,2024-10-01,8,2025-06-01,10060501.5409044,13055238.721314743,8905313.407105925,camacari-IPTU
2024-10-01,2024-10-01,9,2025-07-01,11088846.80433917,14158259.2224081,8905313.407105925,camacari-IPTU
2024-10-01,2024-10-01,10,2025-08-01,10811979.522146849,16118451.36270512,8905313.407105925,camacari-IPTU
2024-10-01,2024-10-01,11,2025-09-01,10378202.791861642,12142959.28608646,8905313.407105925,camacari-IPTU
2024-10-01,2024-10-01,12,2025-10-01,16987225.41352915,12082199.977607276,8905313.407105925,camacari-IPTU
2024-11-01,2024-11-01,1,2024-12-01,13905224.647661604,12805715.95275598,8915010.661650222,camacari-IPTU
2024-11-01,2024-11-01,2,2025-01-01,6388575.092741284,7288452.10949428,8915010.661650222,camacari-IPTU
2024-11-01,2024-11-01,3,2025-02-01,12542878.821337909,25676379.90198033,8915010.661650222,camacari-IPTU
2024-11-01,2024-11-01,4,2025-03-01,120152088.70043229,87879805.93871015,8915010.661650222,camacari-IPTU
2024-11-01,2024-11-01,5,2025-04-01,11946177.334066126,57944008.20629251,8915010.661650222,camacari-IPTU
2024-11-01,2024-11-01,6,2025-05-01,12492744.777130071,17400201.586100318,8915010.661650222,camacari-IPTU
2024-11-01,2024-11-01,7,2025-06-01,10060501.5409044,12787944.692925809,8915010.661650222,camacari-IPTU
2024-11-01,2024-11-01,8,2025-07-01,11088846.80433917,13868530.00333149,8915010.661650222,camacari-IPTU
2024-11-01,2024-11-01,9,2025-08-01,10811979.522146849,15788777.089625213,8915010.661650222,camacari-IPTU
2024-11-01,2024-11-01,10,2025-09-01,10378202.791861642,11894722.07141556,8915010.661650222,camacari-IPTU
2024-11-01,2024-11-01,11,2025-10-01,16987225.41352915,11835328.870733466,8915010.661650222,camacari-IPTU
2024-11-01,2024-11-01,12,2025-11-01,29661422.3237848,12473267.463972172,8915010.661650222,camacari-IPTU
2024-12-01,2024-12-01,1,2025-01-01,6388575.092741284,7320433.085524837,8907335.7405479,camacari-IPTU
2024-12-01,2024-12-01,2,2025-02-01,12542878.821337909,25788311.54956211,8907335.7405479,camacari-IPTU
2024-12-01,2024-12-01,3,2025-03-01,120152088.70043229,88260407.84011526,8907335.7405479,camacari-IPTU
2024-12-01,2024-12-01,4,2025-04-01,11946177.334066126,58193325.93671363,8907335.7405479,camacari-IPTU
2024-12-01,2024-12-01,5,2025-05-01,12492744.777130071,17474582.519320812,8907335.7405479,camacari-IPTU
2024-12-01,2024-12-01,6,2025-06-01,10060501.5409044,13451279.827444619,8907335.7405479,camacari-IPTU
2024-12-01,2024-12-01,7,2025-07-01,11088846.80433917,13927044.408135703,8907335.7405479,camacari-IPTU
2024-12-01,2024-12-01,8,2025-08-01,10811979.522146849,15854959.570020434,8907335.7405479,camacari-IPTU
2024-12-01,2024-12-01,9,2025-09-01,10378202.791861642,11944256.907853005,8907335.7405479,camacari-IPTU
2024-12-01,2024-12-01,10,2025-10-01,16987225.41352915,11884295.284169277,8907335.7405479,camacari-IPTU
2024-12-01,2024-12-01,11,2025-11-01,29661422.3237848,12524536.99111893,8907335.7405479,camacari-IPTU
2024-12-01,2024-12-01,12,2025-12-01,28872249.34,13367166.750312235,8907335.7405479,camacari-IPTU
2025-01-01,2025-01-01,1,2025-02-01,12542878.821337909,25469100.60723074,8850459.033657052,camacari-IPTU
2025-01-01,2025-01-01,2,2025-03-01,120152088.70043229,87167569.2538323,8850459.033657052,camacari-IPTU
2025-01-01,2025-01-01,3,2025-04-01,11946177.334066126,57472554.47292095,8850459.033657052,camacari-IPTU
2025-01-01,2025-01-01,4,2025-05-01,12492744.777130071,17258079.16865,8850459.033657052,camacari-IPTU
2025-01-01,2025-01-01,5,2025-06-01,10060501.5409044,13284572.790582204,8850459.033657052,camacari-IPTU
2025-01-01,2025-01-01,6,2025-07-01,11088846.80433917,13750582.150219679,8850459.033657052,camacari-IPTU
2025-01-01,2025-01-01,7,2025-08-01,10811979.522146849,15658344.033245005,8850459.033657052,camacari-IPTU
2025-01-01,2025-01-01,8,2025-09-01,10378202.791861642,11796093.245000994,8850459.033657052,camacari-IPTU
2025-01-01,2025-01-01,9,2025-10-01,16987225.41352915,11736831.620930914,8850459.033657052,camacari-IPTU
2025-01-01,2025-01-01,10,2025-11-01,29661422.3237848,12369083.161382595,8850459.033657052,camacari-IPTU
2025-01-01,2025-01-01,11,2025-12-01,28872249.34,13201205.60277303,8850459.033657052,camacari-IPTU
2025-02-01,2025-02-01,1,2025-03-01,120152088.70043229,82885957.21825144,8773045.348078314,camacari-IPTU
2025-02-01,2025-02-01,2,2025-04-01,11946177.334066126,54652017.63600322,8773045.348078314,camacari-IPTU
2025-02-01,2025-02-01,3,2025-05-01,12492744.777130071,16411856.315793606,8773045.348078314,camacari-IPTU
2025-02-01,2025-02-01,4,2025-06-01,10060501.5409044,12633749.624017693,8773045.348078314,camacari-IPTU
2025-02-01,2025-02-01,5,2025-07-01,11088846.80433917,13077509.881785413,8773045.348078314,camacari-IPTU
2025-02-01,2025-02-01,6,2025-08-01,10811979.522146849,14626612.095997524,8773045.348078314,camacari-IPTU
2025-02-01,2025-02-01,7,2025-09-01,10378202.791861642,11219678.086638264,8773045.348078314,camacari-IPTU
2025-02-01,2025-02-01,8,2025-10-01,16987225.41352915,11163798.90351089,8773045.348078314,camacari-IPTU
2025-02-01,2025-02-01,9,2025-11-01,29661422.3237848,11765691.342453968,8773045.348078314,camacari-IPTU
2025-02-01,2025-02-01,10,2025-12-01,28872249.34,12557761.440527182,8773045.348078314,camacari-IPTU
2025-03-01,2025-03-01,1,2025-04-01,11946177.334066126,57102615.58828527,8717286.885236941,camacari-IPTU
2025-03-01,2025-03-01,2,2025-05-01,12492744.777130071,17146334.913873147,8717286.885236941,camacari-IPTU
2025-03-01,2025-03-01,3,2025-06-01,10060501.5409044,13198053.633341672,8717286.885236941,camacari-IPTU
2025-03-01,2025-03-01,4,2025-07-01,11088846.80433917,13660510.731528373,8717286.885236941,camacari-IPTU
2025-03-01,2025-03-01,5,2025-08-01,10811979.522146849,15277423.175567625,8717286.885236941,camacari-IPTU
2025-03-01,2025-03-01,6,2025-09-01,10378202.791861642,11763828.376145057,8717286.885236941,camacari-IPTU
2025-03-01,2025-03-01,7,2025-10-01,16987225.41352915,11658643.261253623,8717286.885236941,camacari-IPTU
2025-03-01,2025-03-01,8,2025-11-01,29661422.3237848,12286229.266692037,8717286.885236941,camacari-IPTU
2025-03-01,2025-03-01,9,2025-12-01,28872249.34,13112296.686263354,8717286.885236941,camacari-IPTU
2025-04-01,2025-04-01,1,2025-05-01,12492744.777130071,15831878.418184105,8640756.943332814,camacari-IPTU
2025-04-01,2025-04-01,2,2025-06-01,10060501.5409044,12187176.007930601,8640756.943332814,camacari-IPTU
2025-04-01,2025-04-01,3,2025-07-01,11088846.80433917,12615137.174737902,8640756.943332814,camacari-IPTU
2025-04-01,2025-04-01,4,2025-08-01,10811979.522146849,14109343.03410907,8640756.943332814,camacari-IPTU
2025-04-01,2025-04-01,5,2025-09-01,10378202.791861642,10865177.020060353,8640756.943332814,camacari-IPTU
2025-04-01,2025-04-01,6,2025-10-01,16987225.41352915,10838123.242607005,8640756.943332814,camacari-IPTU
2025-04-01,2025-04-01,7,2025-11-01,29661422.3237848,11349298.85369711,8640756.943332814,camacari-IPTU
2025-04-01,2025-04-01,8,2025-12-01,28872249.34,12113232.017702075,8640756.943332814,camacari-IPTU
2025-05-01,2025-05-01,1,2025-06-01,10060501.5409044,11919379.85813291,8566157.980999112,camacari-IPTU
2025-05-01,2025-05-01,2,2025-07-01,11088846.80433917,12337972.104052126,8566157.980999112,camacari-IPTU
2025-05-01,2025-05-01,3,2025-08-01,10811979.522146849,13799387.82894369,8566157.980999112,camacari-IPTU
2025-05-01,2025-05-01,4,2025-09-01,10378202.791861642,10626519.616724422,8566157.980999112,camacari-IPTU
2025-05-01,2025-05-01,5,2025-10-01,16987225.41352915,10600089.518203653,8566157.980999112,camacari-IPTU
2025-05-01,2025-05-01,6,2025-11-01,29661422.3237848,11002233.683041655,8566157.980999112,camacari-IPTU
2025-05-01,2025-05-01,7,2025-12-01,28872249.34,11847258.712014897,8566157.980999112,camacari-IPTU
2025-06-01,2025-06-01,1,2025-07-01,11088846.80433917,12096173.485137656,8540211.170237428,camacari-IPTU
2025-06-01,2025-06-01,2,2025-08-01,10811979.522146849,13528770.911219558,8540211.170237428,camacari-IPTU
2025-06-01,2025-06-01,3,2025-09-01,10378202.791861642,10417989.27968858,8540211.170237428,camacari-IPTU
2025-06-01,2025-06-01,4,2025-10-01,16987225.41352915,10391943.163683688,8540211.170237428,camacari-IPTU
2025-06-01,2025-06-01,5,2025-11-01,29661422.3237848,10786051.824404653,8540211.170237428,camacari-IPTU
2025-06-01,2025-06-01,6,2025-12-01,28872249.34,11931929.244393826,8540211.170237428,camacari-IPTU
2025-07-01,2025-07-01,1,2025-08-01,10811979.522146849,13399877.49153076,8470238.717849111,camacari-IPTU
2025-07-01,2025-07-01,2,2025-09-01,10378202.791861642,10318506.820842424,8470238.717849111,camacari-IPTU
2025-07-01,2025-07-01,3,2025-10-01,16987225.41352915,10292484.865561556,8470238.717849111,camacari-IPTU
2025-07-01,2025-07-01,4,2025-11-01,29661422.3237848,10682590.03467578,8470238.717849111,camacari-IPTU
2025-07-01,2025-07-01,5,2025-12-01,28872249.34,11817221.41682406,8470238.717849111,camacari-IPTU
2025-08-01,2025-08-01,1,2025-09-01,10378202.791861642,10139376.97585357,8397548.276291894,camacari-IPTU
2025-08-01,2025-08-01,2,2025-10-01,16987225.41352915,10113527.26313456,8397548.276291894,camacari-IPTU
2025-08-01,2025-08-01,3,2025-11-01,29661422.3237848,10496561.32931157,8397548.276291894,camacari-IPTU
2025-08-01,2025-08-01,4,2025-12-01,28872249.34,11611117.146775493,8397548.276291894,camacari-IPTU
2025-09-01,2025-09-01,1,2025-10-01,16987225.41352915,10038082.995369654,8326471.946872041,camacari-IPTU
2025-09-01,2025-09-01,2,2025-11-01,29661422.3237848,10417856.829288645,8326471.946872041,camacari-IPTU
2025-09-01,2025-09-01,3,2025-12-01,28872249.34,11523612.672282873,8326471.946872041,camacari-IPTU
2025-10-01,2025-10-01,1,2025-11-01,29661422.3237848,11184433.75625543,8310779.6953718895,camacari-IPTU
2025-10-01,2025-10-01,2,2025-12-01,28872249.34,12369822.443864504,8310779.6953718895,camacari-IPTU
2025-11-01,2025-11-01,1,2025-12-01,28872249.34,14232882.484246254,8410679.17366761,camacari-IPTU
2020-12-01,2020-12-01,1,2021-01-01,16543166.329284055,18375864.490438618,1493060.8991192745,camacari-ISSQN
2020-12-01,2020-12-01,2,2021-02-01,14407952.673525412,14435280.92105012,1493060.8991192745,camacari-ISSQN
2020-12-01,2020-12-01,3,2021-03-01,14855886.310192015,13892220.739011554,1493060.8991192745,camacari-ISSQN
2020-12-01,2020-12-01,4,2021-04-01,15524759.746510506,14031926.876393754,1493060.8991192745,camacari-ISSQN
2020-12-01,2020-12-01,5,2021-05-01,15908108.22397056,13202920.71960976,1493060.8991192745,camacari-ISSQN
2020-12-01,2020-12-01,6,2021-06-01,16430714.61503123,13589820.401269065,1493060.8991192745,camacari-ISSQN
2020-12-01,2020-12-01,7,2021-07-01,15765340.012123786,14602450.551983155,1493060.8991192745,camacari-ISSQN
2020-12-01,2020-12-01,8,2021-08-01,17793395.258316882,14447717.038673844,1493060.8991192745,camacari-ISSQN
2020-12-01,2020-12-01,9,2021-09-01,17701014.731764168,15486726.310658775,1493060.8991192745,camacari-ISSQN
2020-12-01,2020-12-01,10,2021-10-01,17758714.841657992,15276985.917516682,1493060.8991192745,camacari-ISSQN
2020-12-01,2020-12-01,11,2021-11-01,17407028.491258733,14776513.915141143,1493060.8991192745,camacari-ISSQN
2020-12-01,2020-12-01,12,2021-12-01,20432534.845650554,15916799.151811175,1493060.8991192745,camacari-ISSQN
2021-01-01,2021-01-01,1,2021-02-01,14407952.673525412,13880577.884652952,1505343.2058992474,camacari-ISSQN
2021-01-01,2021-01-01,2,2021-03-01,14855886.310192015,13357280.658887817,1505343.2058992474,camacari-ISSQN
2021-01-01,2021-01-01,3,2021-04-01,15524759.746510506,13490488.542238116,1505343.2058992474,camacari-ISSQN
2021-01-01,2021-01-01,4,2021-05-01,15908108.22397056,12692415.72495343,1505343.2058992474,camacari-ISSQN
2021-01-01,2021-01-01,5,2021-06-01,16430714.61503123,13063267.441524938,1505343.2058992474,camacari-ISSQN
2021-01-01,2021-01-01,6,2021-07-01,15765340.012123786,13884941.857913747,1505343.2058992474,camacari-ISSQN
2021-01-01,2021-01-01,7,2021-08-01,17793395.258316882,13885602.90542964,1505343.2058992474,camacari-ISSQN
2021-01-01,2021-01-01,8,2021-09-01,17701014.731764168,14882939.696707718,1505343.2058992474,camacari-ISSQN
2021-01-01,2021-01-01,9,2021-10-01,17758714.841657992,14680142.798132729,1505343.2058992474,camacari-ISSQN
2021-01-01,2021-01-01,10,2021-11-01,17407028.491258733,14198027.406121789,1505343.2058992474,camacari-ISSQN
2021-01-01,2021-01-01,11,2021-12-01,20432534.845650554,15292380.597375814,1505343.2058992474,camacari-ISSQN
2021-01-01,2021-01-01,12,2022-01-01,21092285.296450797,17427226.772911318,1505343.2058992474,camacari-ISSQN
2021-02-01,2021-02-01,1,2021-03-01,14855886.310192015,13551649.605557978,1549700.383558713,camacari-ISSQN
2021-02-01,2021-02-01,2,2021-04-01,15524759.746510506,13687295.007224413,1549700.383558713,camacari-ISSQN
2021-02-01,2021-02-01,3,2021-05-01,15908108.22397056,12878050.173125286,1549700.383558713,camacari-ISSQN
2021-02-01,2021-02-01,4,2021-06-01,16430714.61503123,13254811.396556946,1549700.383558713,camacari-ISSQN
2021-02-01,2021-02-01,5,2021-07-01,15765340.012123786,14089051.161497494,1549700.383558713,camacari-ISSQN
2021-02-01,2021-02-01,6,2021-08-01,17793395.258316882,13929694.420467637,1549700.383558713,camacari-ISSQN
2021-02-01,2021-02-01,7,2021-09-01,17701014.731764168,15102832.4607707,1549700.383558713,camacari-ISSQN
2021-02-01,2021-02-01,8,2021-10-01,17758714.841657992,14897590.029129008,1549700.383558713,camacari-ISSQN
2021-02-01,2021-02-01,9,2021-11-01,17407028.491258733,14408867.288320996,1549700.383558713,camacari-ISSQN
2021-02-01,2021-02-01,10,2021-12-01,20432534.845650554,15520047.960620902,1549700.383558713,camacari-ISSQN
2021-02-01,2021-02-01,11,2022-01-01,21092285.296450797,17687335.34324066,1549700.383558713,camacari-ISSQN
2021-02-01,2021-02-01,12,2022-02-01,16186897.483220601,13893549.716504881,1549700.383558713,camacari-ISSQN
2021-03-01,2021-03-01,1,2021-04-01,15524759.746510506,14188144.451973947,1532448.5602651364,camacari-ISSQN
2021-03-01,2021-03-01,2,2021-05-01,15908108.22397056,13350526.930250036,1532448.5602651364,camacari-ISSQN
2021-03-01,2021-03-01,3,2021-06-01,16430714.61503123,13742389.522280427,1532448.5602651364,camacari-ISSQN
2021-03-01,2021-03-01,4,2021-07-01,15765340.012123786,14608678.861599408,1532448.5602651364,camacari-ISSQN
2021-03-01,2021-03-01,5,2021-08-01,17793395.258316882,14444794.468532382,1532448.5602651364,camacari-ISSQN
2021-03-01,2021-03-01,6,2021-09-01,17701014.731764168,15460365.105680758,1532448.5602651364,camacari-ISSQN
2021-03-01,2021-03-01,7,2021-10-01,17758714.841657992,15451378.156807771,1532448.5602651364,camacari-ISSQN
2021-03-01,2021-03-01,8,2021-11-01,17407028.491258733,14945893.693387348,1532448.5602651364,camacari-ISSQN
2021-03-01,2021-03-01,9,2021-12-01,20432534.845650554,16100006.058573904,1532448.5602651364,camacari-ISSQN
2021-03-01,2021-03-01,10,2022-01-01,21092285.296450797,18350014.50434249,1532448.5602651364,camacari-ISSQN
2021-03-01,2021-03-01,11,2022-02-01,16186897.483220601,14415454.23921672,1532448.5602651364,camacari-ISSQN
2021-03-01,2021-03-01,12,2022-03-01,20609813.782492623,13873602.821128508,1532448.5602651364,camacari-ISSQN
2021-04-01,2021-04-01,1,2021-05-01,15908108.22397056,13847724.050467873,1508519.317121714,camacari-ISSQN
2021-04-01,2021-04-01,2,2021-06-01,16430714.61503123,14255657.967024544,1508519.317121714,camacari-ISSQN
2021-04-01,2021-04-01,3,2021-07-01,15765340.012123786,15155876.64703295,1508519.317121714,camacari-ISSQN
2021-04-01,2021-04-01,4,2021-08-01,17793395.258316882,14987413.228823265,1508519.317121714,camacari-ISSQN
2021-04-01,2021-04-01,5,2021-09-01,17701014.731764168,16042806.470193284,1508519.317121714,camacari-ISSQN
2021-04-01,2021-04-01,6,2021-10-01,17758714.841657992,15929624.718972426,1508519.317121714,camacari-ISSQN
2021-04-01,2021-04-01,7,2021-11-01,17407028.491258733,15512197.349569831,1508519.317121714,camacari-ISSQN
2021-04-01,2021-04-01,8,2021-12-01,20432534.845650554,16711792.029650299,1508519.317121714,camacari-ISSQN
2021-04-01,2021-04-01,9,2022-01-01,21092285.296450797,19049300.590672314,1508519.317121714,camacari-ISSQN
2021-04-01,2021-04-01,10,2022-02-01,16186897.483220601,14966377.129638085,1508519.317121714,camacari-ISSQN
2021-04-01,2021-04-01,11,2022-03-01,20609813.782492623,14405337.234772269,1508519.317121714,camacari-ISSQN
2021-04-01,2021-04-01,12,2022-04-01,17759980.546359718,14552228.244922766,1508519.317121714,camacari-ISSQN
2021-05-01,2021-05-01,1,2021-06-01,16430714.61503123,15164515.421039538,1534873.8148101212,camacari-ISSQN
2021-05-01,2021-05-01,2,2021-07-01,15765340.012123786,16124653.778268704,1534873.8148101212,camacari-ISSQN
2021-05-01,2021-05-01,3,2021-08-01,17793395.258316882,15947925.55855505,1534873.8148101212,camacari-ISSQN
2021-05-01,2021-05-01,4,2021-09-01,17701014.731764168,17073641.560115594,1534873.8148101212,camacari-ISSQN
2021-05-01,2021-05-01,5,2021-10-01,17758714.841657992,16955858.07386803,1534873.8148101212,camacari-ISSQN
2021-05-01,2021-05-01,6,2021-11-01,17407028.491258733,16624050.372977946,1534873.8148101212,camacari-ISSQN
2021-05-01,2021-05-01,7,2021-12-01,20432534.845650554,17794034.38081267,1534873.8148101212,camacari-ISSQN
2021-05-01,2021-05-01,8,2022-01-01,21092285.296450797,20286129.80741507,1534873.8148101212,camacari-ISSQN
2021-05-01,2021-05-01,9,2022-02-01,16186897.483220601,15940639.095354192,1534873.8148101212,camacari-ISSQN
2021-05-01,2021-05-01,10,2022-03-01,20609813.782492623,15345515.10818986,1534873.8148101212,camacari-ISSQN
2021-05-01,2021-05-01,11,2022-04-01,17759980.546359718,15504460.308299378,1534873.8148101212,camacari-ISSQN
2021-05-01,2021-05-01,12,2022-05-01,16931826.340154935,14592817.136935713,1534873.8148101212,camacari-ISSQN
2021-06-01,2021-06-01,1,2021-07-01,15765340.012123786,16768285.765922723,1583901.4938772975,camacari-ISSQN
2021-06-01,2021-06-01,2,2021-08-01,17793395.258316882,16586499.316045959,1583901.4938772975,camacari-ISSQN
2021-06-01,2021-06-01,3,2021-09-01,17701014.731764168,17759430.552660357,1583901.4938772975,camacari-ISSQN
2021-06-01,2021-06-01,4,2021-10-01,17758714.841657992,17639044.85601282,1583901.4938772975,camacari-ISSQN
2021-06-01,2021-06-01,5,2021-11-01,17407028.491258733,17295958.23341719,1583901.4938772975,camacari-ISSQN
2021-06-01,2021-06-01,6,2021-12-01,20432534.845650554,18727934.72347691,1583901.4938772975,camacari-ISSQN
2021-06-01,2021-06-01,7,2022-01-01,21092285.296450797,21111164.27122701,1583901.4938772975,camacari-ISSQN
2021-06-01,2021-06-01,8,2022-02-01,16186897.483220601,16590956.630365396,1583901.4938772975,camacari-ISSQN
2021-06-01,2021-06-01,9,2022-03-01,20609813.782492623,15973495.318330077,1583901.4938772975,camacari-ISSQN
2021-06-01,2021-06-01,10,2022-04-01,17759980.546359718,16140909.603478597,1583901.4938772975,camacari-ISSQN
2021-06-01,2021-06-01,11,2022-05-01,16931826.340154935,15193695.95622627,1583901.4938772975,camacari-ISSQN
2021-06-01,2021-06-01,12,2022-06-01,17868945.717301447,15645526.122822832,1583901.4938772975,camacari-ISSQN
2021-07-01,2021-07-01,1,2021-08-01,17793395.258316882,16146599.739590157,1590210.7737901646,camacari-ISSQN
2021-07-01,2021-07-01,2,2021-09-01,17701014.731764168,17288653.980039336,1590210.7737901646,camacari-ISSQN
2021-07-01,2021-07-01,3,2021-10-01,17758714.841657992,17171689.216016687,1590210.7737901646,camacari-ISSQN
2021-07-01,2021-07-01,4,2021-11-01,17407028.491258733,16837918.359863747,1590210.7737901646,camacari-ISSQN
2021-07-01,2021-07-01,5,2021-12-01,20432534.845650554,18232217.05674424,1590210.7737901646,camacari-ISSQN
2021-07-01,2021-07-01,6,2022-01-01,21092285.296450797,20155896.890340786,1590210.7737901646,camacari-ISSQN
2021-07-01,2021-07-01,7,2022-02-01,16186897.483220601,16152237.585346982,1590210.7737901646,camacari-ISSQN
2021-07-01,2021-07-01,8,2022-03-01,20609813.782492623,15551313.316834962,1590210.7737901646,camacari-ISSQN
2021-07-01,2021-07-01,9,2022-04-01,17759980.546359718,15714514.636728184,1590210.7737901646,camacari-ISSQN
2021-07-01,2021-07-01,10,2022-05-01,16931826.340154935,14792523.215163946,1590210.7737901646,camacari-ISSQN
2021-07-01,2021-07-01,11,2022-06-01,17868945.717301447,15232629.161125597,1590210.7737901646,camacari-ISSQN
2021-07-01,2021-07-01,12,2022-07-01,18361779.51930217,16199163.963457657,1590210.7737901646,camacari-ISSQN
2021-08-01,2021-08-01,1,2021-09-01,17701014.731764168,18062302.214946013,1632561.777810365,camacari-ISSQN
2021-08-01,2021-08-01,2,2021-10-01,17758714.841657992,17942292.531996995,1632561.777810365,camacari-ISSQN
2021-08-01,2021-08-01,3,2021-11-01,17407028.491258733,17595692.550345495,1632561.777810365,camacari-ISSQN
2021-08-01,2021-08-01,4,2021-12-01,20432534.845650554,19055070.549568433,1632561.777810365,camacari-ISSQN
2021-08-01,2021-08-01,5,2022-01-01,21092285.296450797,21068148.976319518,1632561.777810365,camacari-ISSQN
2021-08-01,2021-08-01,6,2022-02-01,16186897.483220601,16778821.238770112,1632561.777810365,camacari-ISSQN
2021-08-01,2021-08-01,7,2022-03-01,20609813.782492623,16259150.683835538,1632561.777810365,camacari-ISSQN
2021-08-01,2021-08-01,8,2022-04-01,17759980.546359718,16431799.025844578,1632561.777810365,camacari-ISSQN
2021-08-01,2021-08-01,9,2022-05-01,16931826.340154935,15469626.2730088,1632561.777810365,camacari-ISSQN
2021-08-01,2021-08-01,10,2022-06-01,17868945.717301447,15931839.140020598,1632561.777810365,camacari-ISSQN
2021-08-01,2021-08-01,11,2022-07-01,18361779.51930217,16944828.89064106,1632561.777810365,camacari-ISSQN
2021-08-01,2021-08-01,12,2022-08-01,19637963.915173445,16763339.593150968,1632561.777810365,camacari-ISSQN
2021-09-01,2021-09-01,1,2021-10-01,17758714.841657992,17785689.62019436,1663027.2679946995,camacari-ISSQN
2021-09-01,2021-09-01,2,2021-11-01,17407028.491258733,17443005.848583557,1663027.2679946995,camacari-ISSQN
2021-09-01,2021-09-01,3,2021-12-01,20432534.845650554,18890686.017395746,1663027.2679946995,camacari-ISSQN
2021-09-01,2021-09-01,4,2022-01-01,21092285.296450797,20887467.065057803,1663027.2679946995,camacari-ISSQN
2021-09-01,2021-09-01,5,2022-02-01,16186897.483220601,16635777.192711739,1663027.2679946995,camacari-ISSQN
2021-09-01,2021-09-01,6,2022-03-01,20609813.782492623,16141452.261388218,1663027.2679946995,camacari-ISSQN
2021-09-01,2021-09-01,7,2022-04-01,17759980.546359718,16293385.346488146,1663027.2679946995,camacari-ISSQN
2021-09-01,2021-09-01,8,2022-05-01,16931826.340154935,15340105.700177927,1663027.2679946995,camacari-ISSQN
2021-09-01,2021-09-01,9,2022-06-01,17868945.717301447,15799261.263500763,1663027.2679946995,camacari-ISSQN
2021-09-01,2021-09-01,10,2022-07-01,18361779.51930217,16804686.517443452,1663027.2679946995,camacari-ISSQN
2021-09-01,2021-09-01,11,2022-08-01,19637963.915173445,16625555.011383114,1663027.2679946995,camacari-ISSQN
2021-09-01,2021-09-01,12,2022-09-01,21330305.533095423,17804517.564888477,1663027.2679946995,camacari-ISSQN
2021-10-01,2021-10-01,1,2021-11-01,17407028.491258733,17433142.65582768,1688081.631932035,camacari-ISSQN
2021-10-01,2021-10-01,2,2021-12-01,20432534.845650554,18881067.39559349,1688081.631932035,camacari-ISSQN
2021-10-01,2021-10-01,3,2022-01-01,21092285.296450797,20878008.36867193,1688081.631932035,camacari-ISSQN
2021-10-01,2021-10-01,4,2022-02-01,16186897.483220601,16629181.828198086,1688081.631932035,camacari-ISSQN
2021-10-01,2021-10-01,5,2022-03-01,20609813.782492623,16135963.839594536,1688081.631932035,camacari-ISSQN
2021-10-01,2021-10-01,6,2022-04-01,17759980.546359718,16348446.791735834,1688081.631932035,camacari-ISSQN
2021-10-01,2021-10-01,7,2022-05-01,16931826.340154935,15336623.638821455,1688081.631932035,camacari-ISSQN
2021-10-01,2021-10-01,8,2022-06-01,17868945.717301447,15796569.112592,1688081.631932035,camacari-ISSQN
2021-10-01,2021-10-01,9,2022-07-01,18361779.51930217,16802774.962280303,1688081.631932035,camacari-ISSQN
2021-10-01,2021-10-01,10,2022-08-01,19637963.915173445,16624606.477354713,1688081.631932035,camacari-ISSQN
2021-10-01,2021-10-01,11,2022-09-01,21330305.533095423,17804512.195532102,1688081.631932035,camacari-ISSQN
2021-10-01,2021-10-01,12,2022-10-01,20448732.012382615,17688077.102067593,1688081.631932035,camacari-ISSQN
2021-11-01,2021-11-01,1,2021-12-01,20432534.845650554,18865690.194116604,1695743.853636679,camacari-ISSQN
2021-11-01,2021-11-01,2,2022-01-01,21092285.296450797,20862102.297289584,1695743.853636679,camacari-ISSQN
2021-11-01,2021-11-01,3,2022-02-01,16186897.483220601,16617387.609435843,1695743.853636679,camacari-ISSQN
2021-11-01,2021-11-01,4,2022-03-01,20609813.782492623,16125369.028727733,1695743.853636679,camacari-ISSQN
2021-11-01,2021-11-01,5,2022-04-01,17759980.546359718,16338573.947283017,1695743.853636679,camacari-ISSQN
2021-11-01,2021-11-01,6,2022-05-01,16931826.340154935,15572845.868585607,1695743.853636679,camacari-ISSQN
2021-11-01,2021-11-01,7,2022-06-01,17868945.717301447,15788696.382352218,1695743.853636679,camacari-ISSQN
2021-11-01,2021-11-01,8,2022-07-01,18361779.51930217,16795288.34420976,1695743.853636679,camacari-ISSQN
2021-11-01,2021-11-01,9,2022-08-01,19637963.915173445,16618078.13518334,1695743.853636679,camacari-ISSQN
2021-11-01,2021-11-01,10,2022-09-01,21330305.533095423,17798462.55112602,1695743.853636679,camacari-ISSQN
2021-11-01,2021-11-01,11,2022-10-01,20448732.012382615,17683003.659598526,1695743.853636679,camacari-ISSQN
2021-11-01,2021-11-01,12,2022-11-01,21417476.473871592,17344159.043887652,1695743.853636679,camacari-ISSQN
2021-12-01,2021-12-01,1,2022-01-01,21092285.296450797,21615685.632820226,1717052.2441175042,camacari-ISSQN
2021-12-01,2021-12-01,2,2022-02-01,16186897.483220601,17219295.344405845,1717052.2441175042,camacari-ISSQN
2021-12-01,2021-12-01,3,2022-03-01,20609813.782492623,16711059.776556777,1717052.2441175042,camacari-ISSQN
2021-12-01,2021-12-01,4,2022-04-01,17759980.546359718,16933635.58953266,1717052.2441175042,camacari-ISSQN
2021-12-01,2021-12-01,5,2022-05-01,16931826.340154935,16141571.095625082,1717052.2441175042,camacari-ISSQN
2021-12-01,2021-12-01,6,2022-06-01,17868945.717301447,16594082.910987357,1717052.2441175042,camacari-ISSQN
2021-12-01,2021-12-01,7,2022-07-01,18361779.51930217,17412008.571342137,1717052.2441175042,camacari-ISSQN
2021-12-01,2021-12-01,8,2022-08-01,19637963.915173445,17229950.825577606,1717052.2441175042,camacari-ISSQN
2021-12-01,2021-12-01,9,2022-09-01,21330305.533095423,18455575.379328083,1717052.2441175042,camacari-ISSQN
2021-12-01,2021-12-01,10,2022-10-01,20448732.012382615,18337622.237378325,1717052.2441175042,camacari-ISSQN
2021-12-01,2021-12-01,11,2022-11-01,21417476.473871592,17987969.507351317,1717052.2441175042,camacari-ISSQN
2021-12-01,2021-12-01,12,2022-12-01,25036250.719354104,19484852.08658294,1717052.2441175042,camacari-ISSQN
2022-01-01,2022-01-01,1,2022-02-01,16186897.483220601,17040757.59674238,1755847.6786798225,camacari-ISSQN
2022-01-01,2022-01-01,2,2022-03-01,20609813.782492623,16538538.78967708,1755847.6786798225,camacari-ISSQN
2022-01-01,2022-01-01,3,2022-04-01,17759980.546359718,16759574.260385517,1755847.6786798225,camacari-ISSQN
2022-01-01,2022-01-01,4,2022-05-01,16931826.340154935,15976373.839353599,1755847.6786798225,camacari-ISSQN
2022-01-01,2022-01-01,5,2022-06-01,17868945.717301447,16424997.579581706,1755847.6786798225,camacari-ISSQN
2022-01-01,2022-01-01,6,2022-07-01,18361779.51930217,17132073.502246402,1755847.6786798225,camacari-ISSQN
2022-01-01,2022-01-01,7,2022-08-01,19637963.915173445,17055930.571603425,1755847.6786798225,camacari-ISSQN
2022-01-01,2022-01-01,8,2022-09-01,21330305.533095423,18270004.167328905,1755847.6786798225,camacari-ISSQN
2022-01-01,2022-01-01,9,2022-10-01,20448732.012382615,18154059.871715963,1755847.6786798225,camacari-ISSQN
2022-01-01,2022-01-01,10,2022-11-01,21417476.473871592,17808714.77109875,1755847.6786798225,camacari-ISSQN
2022-01-01,2022-01-01,11,2022-12-01,25036250.719354104,19291555.73707969,1755847.6786798225,camacari-ISSQN
2022-01-01,2022-01-01,12,2023-01-01,29157384.457611956,21336031.51994436,1755847.6786798225,camacari-ISSQN
2022-02-01,2022-02-01,1,2022-03-01,20609813.782492623,16179548.18635208,1756159.802071922,camacari-ISSQN
2022-02-01,2022-02-01,2,2022-04-01,17759980.546359718,16396203.404634437,1756159.802071922,camacari-ISSQN
2022-02-01,2022-02-01,3,2022-05-01,16931826.340154935,15630382.122092247,1756159.802071922,camacari-ISSQN
2022-02-01,2022-02-01,4,2022-06-01,17868945.717301447,16069699.882691287,1756159.802071922,camacari-ISSQN
2022-02-01,2022-02-01,5,2022-07-01,18361779.51930217,16761908.115521664,1756159.802071922,camacari-ISSQN
2022-02-01,2022-02-01,6,2022-08-01,19637963.915173445,16868189.094344582,1756159.802071922,camacari-ISSQN
2022-02-01,2022-02-01,7,2022-09-01,21330305.533095423,17876164.24065224,1756159.802071922,camacari-ISSQN
2022-02-01,2022-02-01,8,2022-10-01,20448732.012382615,17763172.830296706,1756159.802071922,camacari-ISSQN
2022-02-01,2022-02-01,9,2022-11-01,21417476.473871592,17425708.660881914,1756159.802071922,camacari-ISSQN
2022-02-01,2022-02-01,10,2022-12-01,25036250.719354104,18877141.001818966,1756159.802071922,camacari-ISSQN
2022-02-01,2022-02-01,11,2023-01-01,29157384.457611956,20878231.728886273,1756159.802071922,camacari-ISSQN
2022-02-01,2022-02-01,12,2023-02-01,18854324.324541107,16632998.698688589,1756159.802071922,camacari-ISSQN
2022-03-01,2022-03-01,1,2022-04-01,17759980.546359718,18289072.93649402,1809463.3710083044,camacari-ISSQN
2022-03-01,2022-03-01,2,2022-05-01,16931826.340154935,17437492.55929303,1809463.3710083044,camacari-ISSQN
2022-03-01,2022-03-01,3,2022-06-01,17868945.717301447,17930329.3011868,1809463.3710083044,camacari-ISSQN
2022-03-01,2022-03-01,4,2022-07-01,18361779.51930217,18705530.52082514,1809463.3710083044,camacari-ISSQN
2022-03-01,2022-03-01,5,2022-08-01,19637963.915173445,18827000.08800783,1809463.3710083044,camacari-ISSQN
2022-03-01,2022-03-01,6,2022-09-01,21330305.533095423,19900361.46938305,1809463.3710083044,camacari-ISSQN
2022-03-01,2022-03-01,7,2022-10-01,20448732.012382615,19831950.420058146,1809463.3710083044,camacari-ISSQN
2022-03-01,2022-03-01,8,2022-11-01,21417476.473871592,19458146.505500734,1809463.3710083044,camacari-ISSQN
2022-03-01,2022-03-01,9,2022-12-01,25036250.719354104,21082076.658786062,1809463.3710083044,camacari-ISSQN
2022-03-01,2022-03-01,10,2023-01-01,29157384.457611956,23320456.360656466,1809463.3710083044,camacari-ISSQN
2022-03-01,2022-03-01,11,2023-02-01,18854324.324541107,18581469.74888491,1809463.3710083044,camacari-ISSQN
2022-03-01,2022-03-01,12,2023-03-01,20203586.524565566,18037044.086750925,1809463.3710083044,camacari-ISSQN
2022-04-01,2022-04-01,1,2022-05-01,16931826.340154935,17213310.310161676,1815065.4424404216,camacari-ISSQN
2022-04-01,2022-04-01,2,2022-06-01,17868945.717301447,17700850.89998615,1815065.4424404216,camacari-ISSQN
2022-04-01,2022-04-01,3,2022-07-01,18361779.51930217,18467215.791688092,1815065.4424404216,camacari-ISSQN
2022-04-01,2022-04-01,4,2022-08-01,19637963.915173445,18588229.876898292,1815065.4424404216,camacari-ISSQN
2022-04-01,2022-04-01,5,2022-09-01,21330305.533095423,19649132.959778994,1815065.4424404216,camacari-ISSQN
2022-04-01,2022-04-01,6,2022-10-01,20448732.012382615,19503223.37310197,1815065.4424404216,camacari-ISSQN
2022-04-01,2022-04-01,7,2022-11-01,21417476.473871592,19214758.438591577,1815065.4424404216,camacari-ISSQN
2022-04-01,2022-04-01,8,2022-12-01,25036250.719354104,20819599.242185295,1815065.4424404216,camacari-ISSQN
2022-04-01,2022-04-01,9,2023-01-01,29157384.457611956,23031463.7312599,1815065.4424404216,camacari-ISSQN
2022-04-01,2022-04-01,10,2023-02-01,18854324.324541107,18352282.06021411,1815065.4424404216,camacari-ISSQN
2022-04-01,2022-04-01,11,2023-03-01,20203586.524565566,17815618.231080126,1815065.4424404216,camacari-ISSQN
2022-04-01,2022-04-01,12,2023-04-01,23075077.619267482,18057987.490495693,1815065.4424404216,camacari-ISSQN
2022-05-01,2022-05-01,1,2022-06-01,17868945.717301447,17584065.0183373,1804788.2044370964,camacari-ISSQN
2022-05-01,2022-05-01,2,2022-07-01,18361779.51930217,18346404.972750187,1804788.2044370964,camacari-ISSQN
2022-05-01,2022-05-01,3,2022-08-01,19637963.915173445,18467665.455109566,1804788.2044370964,camacari-ISSQN
2022-05-01,2022-05-01,4,2022-09-01,21330305.533095423,19522784.70877857,1804788.2044370964,camacari-ISSQN
2022-05-01,2022-05-01,5,2022-10-01,20448732.012382615,19378902.408148915,1804788.2044370964,camacari-ISSQN
2022-05-01,2022-05-01,6,2022-11-01,21417476.473871592,18993119.532575537,1804788.2044370964,camacari-ISSQN
2022-05-01,2022-05-01,7,2022-12-01,25036250.719354104,20689212.155100778,1804788.2044370964,camacari-ISSQN
2022-05-01,2022-05-01,8,2023-01-01,29157384.457611956,22888510.270558644,1804788.2044370964,camacari-ISSQN
2022-05-01,2022-05-01,9,2023-02-01,18854324.324541107,18239396.298068445,1804788.2044370964,camacari-ISSQN
2022-05-01,2022-05-01,10,2023-03-01,20203586.524565566,17707028.099169463,1804788.2044370964,camacari-ISSQN
2022-05-01,2022-05-01,11,2023-04-01,23075077.619267482,17948928.132940546,1804788.2044370964,camacari-ISSQN
2022-05-01,2022-05-01,12,2023-05-01,18314045.276733518,17115152.13513952,1804788.2044370964,camacari-ISSQN
2022-06-01,2022-06-01,1,2022-07-01,18361779.51930217,18470064.14969312,1800088.7544093158,camacari-ISSQN
2022-06-01,2022-06-01,2,2022-08-01,19637963.915173445,18593240.393672183,1800088.7544093158,camacari-ISSQN
2022-06-01,2022-06-01,3,2022-09-01,21330305.533095423,19656695.17088431,1800088.7544093158,camacari-ISSQN
2022-06-01,2022-06-01,4,2022-10-01,20448732.012382615,19512978.222920697,1800088.7544093158,camacari-ISSQN
2022-06-01,2022-06-01,5,2022-11-01,21417476.473871592,19125655.400952168,1800088.7544093158,camacari-ISSQN
2022-06-01,2022-06-01,6,2022-12-01,25036250.719354104,20946767.620120287,1800088.7544093158,camacari-ISSQN
2022-06-01,2022-06-01,7,2023-01-01,29157384.457611956,23050949.375115138,1800088.7544093158,camacari-ISSQN
2022-06-01,2022-06-01,8,2023-02-01,18854324.324541107,18369924.595179003,1800088.7544093158,camacari-ISSQN
2022-06-01,2022-06-01,9,2023-03-01,20203586.524565566,17834798.579599146,1800088.7544093158,camacari-ISSQN
2022-06-01,2022-06-01,10,2023-04-01,23075077.619267482,18079510.338598657,1800088.7544093158,camacari-ISSQN
2022-06-01,2022-06-01,11,2023-05-01,18314045.276733518,17240684.97660361,1800088.7544093158,camacari-ISSQN
2022-06-01,2022-06-01,12,2023-06-01,19136367.451210137,17731041.574968632,1800088.7544093158,camacari-ISSQN
2022-07-01,2022-07-01,1,2022-08-01,19637963.915173445,18553060.36303811,1810169.1436848738,camacari-ISSQN
2022-07-01,2022-07-01,2,2022-09-01,21330305.533095423,19615202.580401447,1810169.1436848738,camacari-ISSQN
2022-07-01,2022-07-01,3,2022-10-01,20448732.012382615,19472767.089890722,1810169.1436848738,camacari-ISSQN
2022-07-01,2022-07-01,4,2022-11-01,21417476.473871592,19087200.84867599,1810169.1436848738,camacari-ISSQN
2022-07-01,2022-07-01,5,2022-12-01,25036250.719354104,20905700.86788299,1810169.1436848738,camacari-ISSQN
2022-07-01,2022-07-01,6,2023-01-01,29157384.457611956,22873269.7989668,1810169.1436848738,camacari-ISSQN
2022-07-01,2022-07-01,7,2023-02-01,18854324.324541107,18335749.620973617,1810169.1436848738,camacari-ISSQN
2022-07-01,2022-07-01,8,2023-03-01,20203586.524565566,17802511.87318884,1810169.1436848738,camacari-ISSQN
2022-07-01,2022-07-01,9,2023-04-01,23075077.619267482,18047685.35556257,1810169.1436848738,camacari-ISSQN
2022-07-01,2022-07-01,10,2023-05-01,18314045.276733518,17211199.074860536,1810169.1436848738,camacari-ISSQN
2022-07-01,2022-07-01,11,2023-06-01,19136367.451210137,17701603.840376683,1810169.1436848738,camacari-ISSQN
2022-07-01,2022-07-01,12,2023-07-01,21036673.873442713,18471051.754821848,1810169.1436848738,camacari-ISSQN
2022-08-01,2022-08-01,1,2022-09-01,21330305.533095423,20099608.959962666,1810599.1375995204,camacari-ISSQN
2022-08-01,2022-08-01,2,2022-10-01,20448732.012382615,19954906.248302154,1810599.1375995204,camacari-ISSQN
2022-08-01,2022-08-01,3,2022-11-01,21417476.473871592,19561018.58573769,1810599.1375995204,camacari-ISSQN
2022-08-01,2022-08-01,4,2022-12-01,25036250.719354104,21426002.04786457,1810599.1375995204,camacari-ISSQN
2022-08-01,2022-08-01,5,2023-01-01,29157384.457611956,23444006.8036183,1810599.1375995204,camacari-ISSQN
2022-08-01,2022-08-01,6,2023-02-01,18854324.324541107,18565337.22005432,1810599.1375995204,camacari-ISSQN
2022-08-01,2022-08-01,7,2023-03-01,20203586.524565566,18249004.829621103,1810599.1375995204,camacari-ISSQN
2022-08-01,2022-08-01,8,2023-04-01,23075077.619267482,18501483.50871139,1810599.1375995204,camacari-ISSQN
2022-08-01,2022-08-01,9,2023-05-01,18314045.276733518,17645066.446228445,1810599.1375995204,camacari-ISSQN
2022-08-01,2022-08-01,10,2023-06-01,19136367.451210137,18148966.68489996,1810599.1375995204,camacari-ISSQN
2022-08-01,2022-08-01,11,2023-07-01,21036673.873442713,18939042.376691192,1810599.1375995204,camacari-ISSQN
2022-08-01,2022-08-01,12,2023-08-01,21575949.02090314,19067485.7975471,1810599.1375995204,camacari-ISSQN
2022-09-01,2022-09-01,1,2022-10-01,20448732.012382615,20482626.46509691,1833052.1211023813,camacari-ISSQN
2022-09-01,2022-09-01,2,2022-11-01,21417476.473871592,20079624.27432381,1833052.1211023813,camacari-ISSQN
2022-09-01,2022-09-01,3,2022-12-01,25036250.719354104,21995478.063423786,1833052.1211023813,camacari-ISSQN
2022-09-01,2022-09-01,4,2023-01-01,29157384.457611956,24068677.81559928,1833052.1211023813,camacari-ISSQN
2022-09-01,2022-09-01,5,2023-02-01,18854324.324541107,19061248.887375318,1833052.1211023813,camacari-ISSQN
2022-09-01,2022-09-01,6,2023-03-01,20203586.524565566,19232935.869901158,1833052.1211023813,camacari-ISSQN
2022-09-01,2022-09-01,7,2023-04-01,23075077.619267482,18998147.074245468,1833052.1211023813,camacari-ISSQN
2022-09-01,2022-09-01,8,2023-05-01,18314045.276733518,18119910.908899825,1833052.1211023813,camacari-ISSQN
2022-09-01,2022-09-01,9,2023-06-01,19136367.451210137,18638575.3958704,1833052.1211023813,camacari-ISSQN
2022-09-01,2022-09-01,10,2023-07-01,21036673.873442713,19451220.7549631,1833052.1211023813,camacari-ISSQN
2022-09-01,2022-09-01,11,2023-08-01,21575949.02090314,19584401.238555327,1833052.1211023813,camacari-ISSQN
2022-09-01,2022-09-01,12,2023-09-01,20002492.205724116,20708204.101528503,1833052.1211023813,camacari-ISSQN
2022-10-01,2022-10-01,1,2022-11-01,21417476.473871592,20067926.697636146,1843502.9143904576,camacari-ISSQN
2022-10-01,2022-10-01,2,2022-12-01,25036250.719354104,21983883.706869535,1843502.9143904576,camacari-ISSQN
2022-10-01,2022-10-01,3,2023-01-01,29157384.457611956,24057324.027504537,1843502.9143904576,camacari-ISSQN
2022-10-01,2022-10-01,4,2023-02-01,18854324.324541107,19053312.550912835,1843502.9143904576,camacari-ISSQN
2022-10-01,2022-10-01,5,2023-03-01,20203586.524565566,19225992.206350412,1843502.9143904576,camacari-ISSQN
2022-10-01,2022-10-01,6,2023-04-01,23075077.619267482,18974529.798832007,1843502.9143904576,camacari-ISSQN
2022-10-01,2022-10-01,7,2023-05-01,18314045.276733518,18115372.326434586,1843502.9143904576,camacari-ISSQN
2022-10-01,2022-10-01,8,2023-06-01,19136367.451210137,18634936.218465883,1843502.9143904576,camacari-ISSQN
2022-10-01,2022-10-01,9,2023-07-01,21036673.873442713,19448496.426544283,1843502.9143904576,camacari-ISSQN
2022-10-01,2022-10-01,10,2023-08-01,21575949.02090314,19582738.442889538,1843502.9143904576,camacari-ISSQN
2022-10-01,2022-10-01,11,2023-09-01,20002492.205724116,20707587.33960208,1843502.9143904576,camacari-ISSQN
2022-10-01,2022-10-01,12,2023-10-01,20505785.038989563,20560949.555615038,1843502.9143904576,camacari-ISSQN
2022-11-01,2022-11-01,1,2022-12-01,25036250.719354104,22633066.08389749,1869610.6862967513,camacari-ISSQN
2022-11-01,2022-11-01,2,2023-01-01,29157384.457611956,24769256.338366486,1869610.6862967513,camacari-ISSQN
2022-11-01,2022-11-01,3,2023-02-01,18854324.324541107,19618364.384364903,1869610.6862967513,camacari-ISSQN
2022-11-01,2022-11-01,4,2023-03-01,20203586.524565566,19797379.148906037,1869610.6862967513,camacari-ISSQN
2022-11-01,2022-11-01,5,2023-04-01,23075077.619267482,19539640.69447974,1869610.6862967513,camacari-ISSQN
2022-11-01,2022-11-01,6,2023-05-01,18314045.276733518,18599711.75729857,1869610.6862967513,camacari-ISSQN
2022-11-01,2022-11-01,7,2023-06-01,19136367.451210137,19192282.24135052,1869610.6862967513,camacari-ISSQN
2022-11-01,2022-11-01,8,2023-07-01,21036673.873442713,20031399.416149974,1869610.6862967513,camacari-ISSQN
2022-11-01,2022-11-01,9,2023-08-01,21575949.02090314,20170896.890103422,1869610.6862967513,camacari-ISSQN
2022-11-01,2022-11-01,10,2023-09-01,20002492.205724116,21330831.909215216,1869610.6862967513,camacari-ISSQN
2022-11-01,2022-11-01,11,2023-10-01,20505785.038989563,21181072.34143713,1869610.6862967513,camacari-ISSQN
2022-11-01,2022-11-01,12,2023-11-01,25611611.938634984,20766711.56091013,1869610.6862967513,camacari-ISSQN
2022-12-01,2022-12-01,1,2023-01-01,29157384.457611956,25968662.626633752,1902159.5575754035,camacari-ISSQN
2022-12-01,2022-12-01,2,2023-02-01,18854324.324541107,20569695.99648019,1902159.5575754035,camacari-ISSQN
2022-12-01,2022-12-01,3,2023-03-01,20203586.524565566,20758750.567362472,1902159.5575754035,camacari-ISSQN
2022-12-01,2022-12-01,4,2023-04-01,23075077.619267482,20489836.382777523,1902159.5575754035,camacari-ISSQN
2022-12-01,2022-12-01,5,2023-05-01,18314045.276733518,19505474.138326135,1902159.5575754035,camacari-ISSQN
2022-12-01,2022-12-01,6,2023-06-01,19136367.451210137,20088395.346466962,1902159.5575754035,camacari-ISSQN
2022-12-01,2022-12-01,7,2023-07-01,21036673.873442713,21009623.532558516,1902159.5575754035,camacari-ISSQN
2022-12-01,2022-12-01,8,2023-08-01,21575949.02090314,21157312.01075201,1902159.5575754035,camacari-ISSQN
2022-12-01,2022-12-01,9,2023-09-01,20002492.205724116,22375427.937217575,1902159.5575754035,camacari-ISSQN
2022-12-01,2022-12-01,10,2023-10-01,20505785.038989563,22219779.725657504,1902159.5575754035,camacari-ISSQN
2022-12-01,2022-12-01,11,2023-11-01,25611611.938634984,21786514.698950924,1902159.5575754035,camacari-ISSQN
2022-12-01,2022-12-01,12,2023-12-01,23583900.23543129,23869514.884269297,1902159.5575754035,camacari-ISSQN
2023-01-01,2023-01-01,1,2023-02-01,18854324.324541107,21826560.798726156,1974664.7293822947,camacari-ISSQN
2023-01-01,2023-01-01,2,2023-03-01,20203586.524565566,22028644.19494645,1974664.7293822947,camacari-ISSQN
2023-01-01,2023-01-01,3,2023-04-01,23075077.619267482,21744735.96907356,1974664.7293822947,camacari-ISSQN
2023-01-01,2023-01-01,4,2023-05-01,18314045.276733518,20701471.615341753,1974664.7293822947,camacari-ISSQN
2023-01-01,2023-01-01,5,2023-06-01,19136367.451210137,21321560.32588642,1974664.7293822947,camacari-ISSQN
2023-01-01,2023-01-01,6,2023-07-01,21036673.873442713,22149629.694834504,1974664.7293822947,camacari-ISSQN
2023-01-01,2023-01-01,7,2023-08-01,21575949.02090314,22459091.914987918,1974664.7293822947,camacari-ISSQN
2023-01-01,2023-01-01,8,2023-09-01,20002492.205724116,23753739.445627328,1974664.7293822947,camacari-ISSQN
2023-01-01,2023-01-01,9,2023-10-01,20505785.038989563,23590073.468068574,1974664.7293822947,camacari-ISSQN
2023-01-01,2023-01-01,10,2023-11-01,25611611.938634984,23131626.90683966,1974664.7293822947,camacari-ISSQN
2023-01-01,2023-01-01,11,2023-12-01,23583900.23543129,25344916.03338288,1974664.7293822947,camacari-ISSQN
2023-01-01,2023-01-01,12,2024-01-01,22986387.186458543,27740638.001371454,1974664.7293822947,camacari-ISSQN
2023-02-01,2023-02-01,1,2023-03-01,20203586.524565566,20627989.333967324,1982720.1027769253,camacari-ISSQN
2023-02-01,2023-02-01,2,2023-04-01,23075077.619267482,20363560.967107844,1982720.1027769253,camacari-ISSQN
2023-02-01,2023-02-01,3,2023-05-01,18314045.276733518,19387920.31245796,1982720.1027769253,camacari-ISSQN
2023-02-01,2023-02-01,4,2023-06-01,19136367.451210137,19970060.183167897,1982720.1027769253,camacari-ISSQN
2023-02-01,2023-02-01,5,2023-07-01,21036673.873442713,20747090.78841952,1982720.1027769253,camacari-ISSQN
2023-02-01,2023-02-01,6,2023-08-01,21575949.02090314,20993763.269590087,1982720.1027769253,camacari-ISSQN
2023-02-01,2023-02-01,7,2023-09-01,20002492.205724116,22252730.66363741,1982720.1027769253,camacari-ISSQN
2023-02-01,2023-02-01,8,2023-10-01,20505785.038989563,22100945.57001969,1982720.1027769253,camacari-ISSQN
2023-02-01,2023-02-01,9,2023-11-01,25611611.938634984,21672945.695789415,1982720.1027769253,camacari-ISSQN
2023-02-01,2023-02-01,10,2023-12-01,23583900.23543129,23748314.243514918,1982720.1027769253,camacari-ISSQN
2023-02-01,2023-02-01,11,2024-01-01,22986387.186458543,25994921.22149692,1982720.1027769253,camacari-ISSQN
2023-02-01,2023-02-01,12,2024-02-01,23872500.478948027,20593225.9865797,1982720.1027769253,camacari-ISSQN
2023-03-01,2023-03-01,1,2023-04-01,23075077.619267482,20183668.771326702,1964599.4953648578,camacari-ISSQN
2023-03-01,2023-03-01,2,2023-05-01,18314045.276733518,19217658.981684666,1964599.4953648578,camacari-ISSQN
2023-03-01,2023-03-01,3,2023-06-01,19136367.451210137,19795727.698475372,1964599.4953648578,camacari-ISSQN
2023-03-01,2023-03-01,4,2023-07-01,21036673.873442713,20567055.300283473,1964599.4953648578,camacari-ISSQN
2023-03-01,2023-03-01,5,2023-08-01,21575949.02090314,20812678.943773,1964599.4953648578,camacari-ISSQN
2023-03-01,2023-03-01,6,2023-09-01,20002492.205724116,22077069.29989981,1964599.4953648578,camacari-ISSQN
2023-03-01,2023-03-01,7,2023-10-01,20505785.038989563,21912605.28007259,1964599.4953648578,camacari-ISSQN
2023-03-01,2023-03-01,8,2023-11-01,25611611.938634984,21489375.484232564,1964599.4953648578,camacari-ISSQN
2023-03-01,2023-03-01,9,2023-12-01,23583900.23543129,23548394.32368531,1964599.4953648578,camacari-ISSQN
2023-03-01,2023-03-01,10,2024-01-01,22986387.186458543,25777431.974292517,1964599.4953648578,camacari-ISSQN
2023-03-01,2023-03-01,11,2024-02-01,23872500.478948027,20421993.3627252,1964599.4953648578,camacari-ISSQN
2023-03-01,2023-03-01,12,2024-03-01,21240482.31230949,20613491.838180006,1964599.4953648578,camacari-ISSQN
2023-04-01,2023-04-01,1,2023-05-01,18314045.276733518,20405035.572932594,2002673.3314732998,camacari-ISSQN
2023-04-01,2023-04-01,2,2023-06-01,19136367.451210137,21019771.18811855,2002673.3314732998,camacari-ISSQN
2023-04-01,2023-04-01,3,2023-07-01,21036673.873442713,21839779.04177121,2002673.3314732998,camacari-ISSQN
2023-04-01,2023-04-01,4,2023-08-01,21575949.02090314,22101598.89239872,2002673.3314732998,camacari-ISSQN
2023-04-01,2023-04-01,5,2023-09-01,20002492.205724116,23445348.082516808,2002673.3314732998,camacari-ISSQN
2023-04-01,2023-04-01,6,2023-10-01,20505785.038989563,23160078.993166476,2002673.3314732998,camacari-ISSQN
2023-04-01,2023-04-01,7,2023-11-01,25611611.938634984,22823281.525858007,2002673.3314732998,camacari-ISSQN
2023-04-01,2023-04-01,8,2023-12-01,23583900.23543129,25011230.903823193,2002673.3314732998,camacari-ISSQN
2023-04-01,2023-04-01,9,2024-01-01,22986387.186458543,27379963.267731387,2002673.3314732998,camacari-ISSQN
2023-04-01,2023-04-01,10,2024-02-01,23872500.478948027,21692557.666742347,2002673.3314732998,camacari-ISSQN
2023-04-01,2023-04-01,11,2024-03-01,21240482.31230949,21896947.970014334,2002673.3314732998,camacari-ISSQN
2023-04-01,2023-04-01,12,2024-04-01,22746532.296000022,21618234.974214926,2002673.3314732998,camacari-ISSQN
2023-05-01,2023-05-01,1,2023-06-01,19136367.451210137,20108649.51272222,1995701.9337778534,camacari-ISSQN
2023-05-01,2023-05-01,2,2023-07-01,21036673.873442713,20894398.238559663,1995701.9337778534,camacari-ISSQN
2023-05-01,2023-05-01,3,2023-08-01,21575949.02090314,21146183.049740974,1995701.9337778534,camacari-ISSQN
2023-05-01,2023-05-01,4,2023-09-01,20002492.205724116,22433219.48038777,1995701.9337778534,camacari-ISSQN
2023-05-01,2023-05-01,5,2023-10-01,20505785.038989563,22161621.96722583,1995701.9337778534,camacari-ISSQN
2023-05-01,2023-05-01,6,2023-11-01,25611611.938634984,21879198.5270456,1995701.9337778534,camacari-ISSQN
2023-05-01,2023-05-01,7,2023-12-01,23583900.23543129,23935892.287195034,1995701.9337778534,camacari-ISSQN
2023-05-01,2023-05-01,8,2024-01-01,22986387.186458543,26204379.599849094,1995701.9337778534,camacari-ISSQN
2023-05-01,2023-05-01,9,2024-02-01,23872500.478948027,20762431.188073236,1995701.9337778534,camacari-ISSQN
2023-05-01,2023-05-01,10,2024-03-01,21240482.31230949,20959331.00638083,1995701.9337778534,camacari-ISSQN
2023-05-01,2023-05-01,11,2024-04-01,22746532.296000022,20693807.632126953,1995701.9337778534,camacari-ISSQN
2023-05-01,2023-05-01,12,2024-05-01,19444201.33987925,19705342.08257285,1995701.9337778534,camacari-ISSQN
2023-06-01,2023-06-01,1,2023-07-01,21036673.873442713,20474778.99709058,1987609.931557085,camacari-ISSQN
2023-06-01,2023-06-01,2,2023-08-01,21575949.02090314,20722448.108271386,1987609.931557085,camacari-ISSQN
2023-06-01,2023-06-01,3,2023-09-01,20002492.205724116,21984690.975606326,1987609.931557085,camacari-ISSQN
2023-06-01,2023-06-01,4,2023-10-01,20505785.038989563,21719506.688169878,1987609.931557085,camacari-ISSQN
2023-06-01,2023-06-01,5,2023-11-01,25611611.938634984,21443686.34066766,1987609.931557085,camacari-ISSQN
2023-06-01,2023-06-01,6,2023-12-01,23583900.23543129,23686026.676749185,1987609.931557085,camacari-ISSQN
2023-06-01,2023-06-01,7,2024-01-01,22986387.186458543,25685088.63781155,1987609.931557085,camacari-ISSQN
2023-06-01,2023-06-01,8,2024-02-01,23872500.478948027,20351898.124700252,1987609.931557085,camacari-ISSQN
2023-06-01,2023-06-01,9,2024-03-01,21240482.31230949,20545826.951201994,1987609.931557085,camacari-ISSQN
2023-06-01,2023-06-01,10,2024-04-01,22746532.296000022,20286451.222027294,1987609.931557085,camacari-ISSQN
2023-06-01,2023-06-01,11,2024-05-01,19444201.33987925,19318307.937665198,1987609.931557085,camacari-ISSQN
2023-06-01,2023-06-01,12,2024-06-01,16493090.02262242,19902269.810711455,1987609.931557085,camacari-ISSQN
2023-07-01,2023-07-01,1,2023-08-01,21575949.02090314,20953618.89159091,1995162.5076294306,camacari-ISSQN
2023-07-01,2023-07-01,2,2023-09-01,20002492.205724116,22230759.701459672,1995162.5076294306,camacari-ISSQN
2023-07-01,2023-07-01,3,2023-10-01,20505785.038989563,21963412.9745781,1995162.5076294306,camacari-ISSQN
2023-07-01,2023-07-01,4,2023-11-01,25611611.938634984,21685289.34860591,1995162.5076294306,camacari-ISSQN
2023-07-01,2023-07-01,5,2023-12-01,23583900.23543129,23953769.532515425,1995162.5076294306,camacari-ISSQN
2023-07-01,2023-07-01,6,2024-01-01,22986387.186458543,26423447.46695965,1995162.5076294306,camacari-ISSQN
2023-07-01,2023-07-01,7,2024-02-01,23872500.478948027,20583453.680958483,1995162.5076294306,camacari-ISSQN
2023-07-01,2023-07-01,8,2024-03-01,21240482.31230949,20780344.773492005,1995162.5076294306,camacari-ISSQN
2023-07-01,2023-07-01,9,2024-04-01,22746532.296000022,20518753.47178114,1995162.5076294306,camacari-ISSQN
2023-07-01,2023-07-01,10,2024-05-01,19444201.33987925,19540232.183015186,1995162.5076294306,camacari-ISSQN
2023-07-01,2023-07-01,11,2024-06-01,16493090.02262242,20131630.97796799,1995162.5076294306,camacari-ISSQN
2023-07-01,2023-07-01,12,2024-07-01,19435833.10529593,20919810.036265768,1995162.5076294306,camacari-ISSQN
2023-08-01,2023-08-01,1,2023-09-01,20002492.205724116,22507500.99697525,1994541.0141305204,camacari-ISSQN
2023-08-01,2023-08-01,2,2023-10-01,20505785.038989563,22237591.56358439,1994541.0141305204,camacari-ISSQN
2023-08-01,2023-08-01,3,2023-11-01,25611611.938634984,21956750.372094054,1994541.0141305204,camacari-ISSQN
2023-08-01,2023-08-01,4,2023-12-01,23583900.23543129,24254459.700704876,1994541.0141305204,camacari-ISSQN
2023-08-01,2023-08-01,5,2024-01-01,22986387.186458543,26756055.34497089,1994541.0141305204,camacari-ISSQN
2023-08-01,2023-08-01,6,2024-02-01,23872500.478948027,20637283.66515125,1994541.0141305204,camacari-ISSQN
2023-08-01,2023-08-01,7,2024-03-01,21240482.31230949,21043356.503178604,1994541.0141305204,camacari-ISSQN
2023-08-01,2023-08-01,8,2024-04-01,22746532.296000022,20779161.907196257,1994541.0141305204,camacari-ISSQN
2023-08-01,2023-08-01,9,2024-05-01,19444201.33987925,19788894.658087023,1994541.0141305204,camacari-ISSQN
2023-08-01,2023-08-01,10,2024-06-01,16493090.02262242,20388511.243532926,1994541.0141305204,camacari-ISSQN
2023-08-01,2023-08-01,11,2024-07-01,19435833.10529593,21187465.180550244,1994541.0141305204,camacari-ISSQN
2023-08-01,2023-08-01,12,2024-08-01,19835674.60459411,21445074.830006916,1994541.0141305204,camacari-ISSQN
2023-09-01,2023-09-01,1,2023-10-01,20505785.038989563,21231787.48297549,1987371.8992191309,camacari-ISSQN
2023-09-01,2023-09-01,2,2023-11-01,25611611.938634984,20964721.060345456,1987371.8992191309,camacari-ISSQN
2023-09-01,2023-09-01,3,2023-12-01,23583900.23543129,23159799.86242471,1987371.8992191309,camacari-ISSQN
2023-09-01,2023-09-01,4,2024-01-01,22986387.186458543,25549794.728878997,1987371.8992191309,camacari-ISSQN
2023-09-01,2023-09-01,5,2024-02-01,23872500.478948027,19707882.052320804,1987371.8992191309,camacari-ISSQN
2023-09-01,2023-09-01,6,2024-03-01,21240482.31230949,20039396.731309313,1987371.8992191309,camacari-ISSQN
2023-09-01,2023-09-01,7,2024-04-01,22746532.296000022,19845384.009843964,1987371.8992191309,camacari-ISSQN
2023-09-01,2023-09-01,8,2024-05-01,19444201.33987925,18900573.619567107,1987371.8992191309,camacari-ISSQN
2023-09-01,2023-09-01,9,2024-06-01,16493090.02262242,19474256.727418385,1987371.8992191309,camacari-ISSQN
2023-09-01,2023-09-01,10,2024-07-01,19435833.10529593,20238404.17816555,1987371.8992191309,camacari-ISSQN
2023-09-01,2023-09-01,11,2024-08-01,19835674.60459411,20485505.058918137,1987371.8992191309,camacari-ISSQN
2023-09-01,2023-09-01,12,2024-09-01,17906349.079996813,21735741.798225466,1987371.8992191309,camacari-ISSQN
2023-10-01,2023-10-01,1,2023-11-01,25611611.938634984,20651843.31885982,1966836.5920636822,camacari-ISSQN
2023-10-01,2023-10-01,2,2023-12-01,23583900.23543129,22814854.40091564,1966836.5920636822,camacari-ISSQN
2023-10-01,2023-10-01,3,2024-01-01,22986387.186458543,25170013.912621755,1966836.5920636822,camacari-ISSQN
2023-10-01,2023-10-01,4,2024-02-01,23872500.478948027,19415523.732317764,1966836.5920636822,camacari-ISSQN
2023-10-01,2023-10-01,5,2024-03-01,21240482.31230949,19742715.577480298,1966836.5920636822,camacari-ISSQN
2023-10-01,2023-10-01,6,2024-04-01,22746532.296000022,19879843.434639093,1966836.5920636822,camacari-ISSQN
2023-10-01,2023-10-01,7,2024-05-01,19444201.33987925,18621871.88370476,1966836.5920636822,camacari-ISSQN
2023-10-01,2023-10-01,8,2024-06-01,16493090.02262242,19187670.61841416,1966836.5920636822,camacari-ISSQN
2023-10-01,2023-10-01,9,2024-07-01,19435833.10529593,19941169.1575281,1966836.5920636822,camacari-ISSQN
2023-10-01,2023-10-01,10,2024-08-01,19835674.60459411,20185243.479588103,1966836.5920636822,camacari-ISSQN
2023-10-01,2023-10-01,11,2024-09-01,17906349.079996813,21417793.25519795,1966836.5920636822,camacari-ISSQN
2023-10-01,2023-10-01,12,2024-10-01,20102987.31695594,21162434.51620417,1966836.5920636822,camacari-ISSQN
2023-11-01,2023-11-01,1,2023-12-01,23583900.23543129,25000537.83056188,1990281.8433552582,camacari-ISSQN
2023-11-01,2023-11-01,2,2024-01-01,22986387.186458543,27581050.907801345,1990281.8433552582,camacari-ISSQN
2023-11-01,2023-11-01,3,2024-02-01,23872500.478948027,21275127.770109616,1990281.8433552582,camacari-ISSQN
2023-11-01,2023-11-01,4,2024-03-01,21240482.31230949,21633444.64963593,1990281.8433552582,camacari-ISSQN
2023-11-01,2023-11-01,5,2024-04-01,22746532.296000022,21783490.81846173,1990281.8433552582,camacari-ISSQN
2023-11-01,2023-11-01,6,2024-05-01,19444201.33987925,20247373.55787404,1990281.8433552582,camacari-ISSQN
2023-11-01,2023-11-01,7,2024-06-01,16493090.02262242,21024624.864647772,1990281.8433552582,camacari-ISSQN
2023-11-01,2023-11-01,8,2024-07-01,19435833.10529593,21850046.866020255,1990281.8433552582,camacari-ISSQN
2023-11-01,2023-11-01,9,2024-08-01,19835674.60459411,22117269.517298978,1990281.8433552582,camacari-ISSQN
2023-11-01,2023-11-01,10,2024-09-01,17906349.079996813,23467563.989187386,1990281.8433552582,camacari-ISSQN
2023-11-01,2023-11-01,11,2024-10-01,20102987.31695594,23187541.00844446,1990281.8433552582,camacari-ISSQN
2023-11-01,2023-11-01,12,2024-11-01,23924007.188177645,22896082.11896979,1990281.8433552582,camacari-ISSQN
2023-12-01,2023-12-01,1,2024-01-01,22986387.186458543,26960318.88875461,1984678.3916945036,camacari-ISSQN
2023-12-01,2023-12-01,2,2024-02-01,23872500.478948027,20797281.657898147,1984678.3916945036,camacari-ISSQN
2023-12-01,2023-12-01,3,2024-03-01,21240482.31230949,21148531.415883787,1984678.3916945036,camacari-ISSQN
2023-12-01,2023-12-01,4,2024-04-01,22746532.296000022,21296199.972511023,1984678.3916945036,camacari-ISSQN
2023-12-01,2023-12-01,5,2024-05-01,19444201.33987925,19795359.624431025,1984678.3916945036,camacari-ISSQN
2023-12-01,2023-12-01,6,2024-06-01,16493090.02262242,20421106.80784377,1984678.3916945036,camacari-ISSQN
2023-12-01,2023-12-01,7,2024-07-01,19435833.10529593,21364221.711679798,1984678.3916945036,camacari-ISSQN
2023-12-01,2023-12-01,8,2024-08-01,19835674.60459411,21626495.82088594,1984678.3916945036,camacari-ISSQN
2023-12-01,2023-12-01,9,2024-09-01,17906349.079996813,22947879.3867366,1984678.3916945036,camacari-ISSQN
2023-12-01,2023-12-01,10,2024-10-01,20102987.31695594,22675094.50987456,1984678.3916945036,camacari-ISSQN
2023-12-01,2023-12-01,11,2024-11-01,23924007.188177645,22391098.920137823,1984678.3916945036,camacari-ISSQN
2023-12-01,2023-12-01,12,2024-12-01,23738153.513783302,24736875.7874973,1984678.3916945036,camacari-ISSQN
2024-01-01,2024-01-01,1,2024-02-01,23872500.478948027,19648132.52866937,2027836.3182868634,camacari-ISSQN
2024-01-01,2024-01-01,2,2024-03-01,21240482.31230949,19981041.179518823,2027836.3182868634,camacari-ISSQN
2024-01-01,2024-01-01,3,2024-04-01,22746532.296000022,20121630.174131148,2027836.3182868634,camacari-ISSQN
2024-01-01,2024-01-01,4,2024-05-01,19444201.33987925,18704561.891440123,2027836.3182868634,camacari-ISSQN
2024-01-01,2024-01-01,5,2024-06-01,16493090.02262242,19296852.216281217,2027836.3182868634,camacari-ISSQN
2024-01-01,2024-01-01,6,2024-07-01,19435833.10529593,20229391.91853686,2027836.3182868634,camacari-ISSQN
2024-01-01,2024-01-01,7,2024-08-01,19835674.60459411,20438042.835022893,2027836.3182868634,camacari-ISSQN
2024-01-01,2024-01-01,8,2024-09-01,17906349.079996813,21687955.522334546,2027836.3182868634,camacari-ISSQN
2024-01-01,2024-01-01,9,2024-10-01,20102987.31695594,21431275.517239623,2027836.3182868634,camacari-ISSQN
2024-01-01,2024-01-01,10,2024-11-01,23924007.188177645,21163969.799815625,2027836.3182868634,camacari-ISSQN
2024-01-01,2024-01-01,11,2024-12-01,23738153.513783302,23382413.500272963,2027836.3182868634,camacari-ISSQN
2024-01-01,2024-01-01,12,2025-01-01,23623568.323823698,25798137.04135708,2027836.3182868634,camacari-ISSQN
2024-02-01,2024-02-01,1,2024-03-01,21240482.31230949,21531082.522216257,2058349.9900840071,camacari-ISSQN
2024-02-01,2024-02-01,2,2024-04-01,22746532.296000022,21682312.77503666,2058349.9900840071,camacari-ISSQN
2024-02-01,2024-02-01,3,2024-05-01,19444201.33987925,20155087.401825313,2058349.9900840071,camacari-ISSQN
2024-02-01,2024-02-01,4,2024-06-01,16493090.02262242,20793056.35380047,2058349.9900840071,camacari-ISSQN
2024-02-01,2024-02-01,5,2024-07-01,19435833.10529593,21797636.888909586,2058349.9900840071,camacari-ISSQN
2024-02-01,2024-02-01,6,2024-08-01,19835674.60459411,22107223.41598299,2058349.9900840071,camacari-ISSQN
2024-02-01,2024-02-01,7,2024-09-01,17906349.079996813,23368707.03225147,2058349.9900840071,camacari-ISSQN
2024-02-01,2024-02-01,8,2024-10-01,20102987.31695594,23091856.429619998,2058349.9900840071,camacari-ISSQN
2024-02-01,2024-02-01,9,2024-11-01,23924007.188177645,22803564.191197135,2058349.9900840071,camacari-ISSQN
2024-02-01,2024-02-01,10,2024-12-01,23738153.513783302,25193570.25001247,2058349.9900840071,camacari-ISSQN
2024-02-01,2024-02-01,11,2025-01-01,23623568.323823698,27796077.77486967,2058349.9900840071,camacari-ISSQN
2024-02-01,2024-02-01,12,2025-02-01,20422464.894915722,21442586.11192087,2058349.9900840071,camacari-ISSQN
2024-03-01,2024-03-01,1,2024-04-01,22746532.296000022,21584972.757313553,2048032.2708684506,camacari-ISSQN
2024-03-01,2024-03-01,2,2024-05-01,19444201.33987925,20065277.09125351,2048032.2708684506,camacari-ISSQN
2024-03-01,2024-03-01,3,2024-06-01,16493090.02262242,20701096.543981314,2048032.2708684506,camacari-ISSQN
2024-03-01,2024-03-01,4,2024-07-01,19435833.10529593,21701959.424001828,2048032.2708684506,camacari-ISSQN
2024-03-01,2024-03-01,5,2024-08-01,19835674.60459411,22010921.038265485,2048032.2708684506,camacari-ISSQN
2024-03-01,2024-03-01,6,2024-09-01,17906349.079996813,22994799.47861858,2048032.2708684506,camacari-ISSQN
2024-03-01,2024-03-01,7,2024-10-01,20102987.31695594,22992793.318650752,2048032.2708684506,camacari-ISSQN
2024-03-01,2024-03-01,8,2024-11-01,23924007.188177645,22706490.155632686,2048032.2708684506,camacari-ISSQN
2024-03-01,2024-03-01,9,2024-12-01,23738153.513783302,25087151.450509515,2048032.2708684506,camacari-ISSQN
2024-03-01,2024-03-01,10,2025-01-01,23623568.323823698,27679579.03507845,2048032.2708684506,camacari-ISSQN
2024-03-01,2024-03-01,11,2025-02-01,20422464.894915722,21353419.049669772,2048032.2708684506,camacari-ISSQN
2024-03-01,2024-03-01,12,2025-03-01,19211250.317555815,21715378.424601935,2048032.2708684506,camacari-ISSQN
2024-04-01,2024-04-01,1,2024-05-01,19444201.33987925,20458882.94437986,2030837.4013924408,camacari-ISSQN
2024-04-01,2024-04-01,2,2024-06-01,16493090.02262242,21107593.471130155,2030837.4013924408,camacari-ISSQN
2024-04-01,2024-04-01,3,2024-07-01,19435833.10529593,22128547.74161583,2030837.4013924408,camacari-ISSQN
2024-04-01,2024-04-01,4,2024-08-01,19835674.60459411,22444025.734646562,2030837.4013924408,camacari-ISSQN
2024-04-01,2024-04-01,5,2024-09-01,17906349.079996813,23447725.789086156,2030837.4013924408,camacari-ISSQN
2024-04-01,2024-04-01,6,2024-10-01,20102987.31695594,23257696.472887162,2030837.4013924408,camacari-ISSQN
2024-04-01,2024-04-01,7,2024-11-01,23924007.188177645,23154647.159262706,2030837.4013924408,camacari-ISSQN
2024-04-01,2024-04-01,8,2024-12-01,23738153.513783302,25582796.25219627,2030837.4013924408,camacari-ISSQN
2024-04-01,2024-04-01,9,2025-01-01,23623568.323823698,28226993.559871364,2030837.4013924408,camacari-ISSQN
2024-04-01,2024-04-01,10,2025-02-01,20422464.894915722,21776146.55241678,2030837.4013924408,camacari-ISSQN
2024-04-01,2024-04-01,11,2025-03-01,19211250.317555815,22145702.207482487,2030837.4013924408,camacari-ISSQN
2024-04-01,2024-04-01,12,2025-04-01,20064010.88338034,22302115.839834806,2030837.4013924408,camacari-ISSQN
2024-05-01,2024-05-01,1,2024-06-01,16493090.02262242,20724492.52670284,2021919.7643800972,camacari-ISSQN
2024-05-01,2024-05-01,2,2024-07-01,19435833.10529593,21727685.648160193,2021919.7643800972,camacari-ISSQN
2024-05-01,2024-05-01,3,2024-08-01,19835674.60459411,22038227.022802945,2021919.7643800972,camacari-ISSQN
2024-05-01,2024-05-01,4,2024-09-01,17906349.079996813,23024591.020199865,2021919.7643800972,camacari-ISSQN
2024-05-01,2024-05-01,5,2024-10-01,20102987.31695594,22838793.913169358,2021919.7643800972,camacari-ISSQN
2024-05-01,2024-05-01,6,2024-11-01,23924007.188177645,23174796.213394552,2021919.7643800972,camacari-ISSQN
2024-05-01,2024-05-01,7,2024-12-01,23738153.513783302,25123776.12465204,2021919.7643800972,camacari-ISSQN
2024-05-01,2024-05-01,8,2025-01-01,23623568.323823698,27721497.92446129,2021919.7643800972,camacari-ISSQN
2024-05-01,2024-05-01,9,2025-02-01,20422464.894915722,21386919.400533635,2021919.7643800972,camacari-ISSQN
2024-05-01,2024-05-01,10,2025-03-01,19211250.317555815,21750625.790333312,2021919.7643800972,camacari-ISSQN
2024-05-01,2024-05-01,11,2025-04-01,20064010.88338034,21905008.868552838,2021919.7643800972,camacari-ISSQN
2024-05-01,2024-05-01,12,2025-05-01,23108414.164161336,20363591.734925874,2021919.7643800972,camacari-ISSQN
2024-06-01,2024-06-01,1,2024-07-01,19435833.10529593,20170565.739795588,2028011.506186054,camacari-ISSQN
2024-06-01,2024-06-01,2,2024-08-01,19835674.60459411,20460191.482691012,2028011.506186054,camacari-ISSQN
2024-06-01,2024-06-01,3,2024-09-01,17906349.079996813,21377323.550363954,2028011.506186054,camacari-ISSQN
2024-06-01,2024-06-01,4,2024-10-01,20102987.31695594,21206200.792667564,2028011.506186054,camacari-ISSQN
2024-06-01,2024-06-01,5,2024-11-01,23924007.188177645,21519583.370969616,2028011.506186054,camacari-ISSQN
2024-06-01,2024-06-01,6,2024-12-01,23738153.513783302,23282423.400092244,2028011.506186054,camacari-ISSQN
2024-06-01,2024-06-01,7,2025-01-01,23623568.323823698,25744881.274395254,2028011.506186054,camacari-ISSQN
2024-06-01,2024-06-01,8,2025-02-01,20422464.894915722,19863257.20750475,2028011.506186054,camacari-ISSQN
2024-06-01,2024-06-01,9,2025-03-01,19211250.317555815,20202353.144024946,2028011.506186054,camacari-ISSQN
2024-06-01,2024-06-01,10,2025-04-01,20064010.88338034,20347054.027151503,2028011.506186054,camacari-ISSQN
2024-06-01,2024-06-01,11,2025-05-01,23108414.164161336,18916479.948296424,2028011.506186054,camacari-ISSQN
2024-06-01,2024-06-01,12,2025-06-01,25608048.4628075,19517920.287366357,2028011.506186054,camacari-ISSQN
2024-07-01,2024-07-01,1,2024-08-01,19835674.60459411,20167373.39109027,2023864.217467226,camacari-ISSQN
2024-07-01,2024-07-01,2,2024-09-01,17906349.079996813,21071764.41212627,2023864.217467226,camacari-ISSQN
2024-07-01,2024-07-01,3,2024-10-01,20102987.31695594,20903468.198620345,2023864.217467226,camacari-ISSQN
2024-07-01,2024-07-01,4,2024-11-01,23924007.188177645,21212762.307985604,2023864.217467226,camacari-ISSQN
2024-07-01,2024-07-01,5,2024-12-01,23738153.513783302,22950884.019239116,2023864.217467226,camacari-ISSQN
2024-07-01,2024-07-01,6,2025-01-01,23623568.323823698,25026077.66933973,2023864.217467226,camacari-ISSQN
2024-07-01,2024-07-01,7,2025-02-01,20422464.894915722,19581113.385637403,2023864.217467226,camacari-ISSQN
2024-07-01,2024-07-01,8,2025-03-01,19211250.317555815,19915750.92713124,2023864.217467226,camacari-ISSQN
2024-07-01,2024-07-01,9,2025-04-01,20064010.88338034,20058758.929648083,2023864.217467226,camacari-ISSQN
2024-07-01,2024-07-01,10,2025-05-01,23108414.164161336,18648788.314941686,2023864.217467226,camacari-ISSQN
2024-07-01,2024-07-01,11,2025-06-01,25608048.4628075,19242061.140830502,2023864.217467226,camacari-ISSQN
2024-07-01,2024-07-01,12,2025-07-01,21995204.621536642,20174828.27952282,2023864.217467226,camacari-ISSQN
2024-08-01,2024-08-01,1,2024-09-01,17906349.079996813,20932539.59398188,2021137.3924560896,camacari-ISSQN
2024-08-01,2024-08-01,2,2024-10-01,20102987.31695594,20765540.31144234,2021137.3924560896,camacari-ISSQN
2024-08-01,2024-08-01,3,2024-11-01,23924007.188177645,21072980.84376038,2021137.3924560896,camacari-ISSQN
2024-08-01,2024-08-01,4,2024-12-01,23738153.513783302,22799851.29828651,2021137.3924560896,camacari-ISSQN
2024-08-01,2024-08-01,5,2025-01-01,23623568.323823698,24861608.56494782,2021137.3924560896,camacari-ISSQN
2024-08-01,2024-08-01,6,2025-02-01,20422464.894915722,19856390.819040958,2021137.3924560896,camacari-ISSQN
2024-08-01,2024-08-01,7,2025-03-01,19211250.317555815,19785215.026596136,2021137.3924560896,camacari-ISSQN
2024-08-01,2024-08-01,8,2025-04-01,20064010.88338034,19927460.608791996,2021137.3924560896,camacari-ISSQN
2024-08-01,2024-08-01,9,2025-05-01,23108414.164161336,18526881.439999126,2021137.3924560896,camacari-ISSQN
2024-08-01,2024-08-01,10,2025-06-01,25608048.4628075,19116443.02639177,2021137.3924560896,camacari-ISSQN
2024-08-01,2024-08-01,11,2025-07-01,21995204.621536642,20043295.42025096,2021137.3924560896,camacari-ISSQN
2024-08-01,2024-08-01,12,2025-08-01,21128408.23347808,20331279.487187248,2021137.3924560896,camacari-ISSQN
2024-09-01,2024-09-01,1,2024-10-01,20102987.31695594,19621992.79557065,2021851.7327729582,camacari-ISSQN
2024-09-01,2024-09-01,2,2024-11-01,23924007.188177645,19913354.58188452,2021851.7327729582,camacari-ISSQN
2024-09-01,2024-09-01,3,2024-12-01,23738153.513783302,21546116.365933914,2021851.7327729582,camacari-ISSQN
2024-09-01,2024-09-01,4,2025-01-01,23623568.323823698,23495500.268845566,2021851.7327729582,camacari-ISSQN
2024-09-01,2024-09-01,5,2025-02-01,20422464.894915722,18766108.53034339,2021851.7327729582,camacari-ISSQN
2024-09-01,2024-09-01,6,2025-03-01,19211250.317555815,18797950.195082746,2021851.7327729582,camacari-ISSQN
2024-09-01,2024-09-01,7,2025-04-01,20064010.88338034,18834869.341373894,2021851.7327729582,camacari-ISSQN
2024-09-01,2024-09-01,8,2025-05-01,23108414.164161336,17511819.684558567,2021851.7327729582,camacari-ISSQN
2024-09-01,2024-09-01,9,2025-06-01,25608048.4628075,18069839.607344165,2021851.7327729582,camacari-ISSQN
2024-09-01,2024-09-01,10,2025-07-01,21995204.621536642,18946742.36184668,2021851.7327729582,camacari-ISSQN
2024-09-01,2024-09-01,11,2025-08-01,21128408.23347808,19219774.96633426,2021851.7327729582,camacari-ISSQN
2024-09-01,2024-09-01,12,2025-09-01,24511070.04857661,20082326.091591753,2021851.7327729582,camacari-ISSQN
2024-10-01,2024-10-01,1,2024-11-01,23924007.188177645,20093515.758944154,2006577.6383320212,camacari-ISSQN
2024-10-01,2024-10-01,2,2024-12-01,23738153.513783302,21740729.699475765,2006577.6383320212,camacari-ISSQN
2024-10-01,2024-10-01,3,2025-01-01,23623568.323823698,23707373.32915347,2006577.6383320212,camacari-ISSQN
2024-10-01,2024-10-01,4,2025-02-01,20422464.894915722,18935056.65001796,2006577.6383320212,camacari-ISSQN
2024-10-01,2024-10-01,5,2025-03-01,19211250.317555815,18966908.043752335,2006577.6383320212,camacari-ISSQN
2024-10-01,2024-10-01,6,2025-04-01,20064010.88338034,19258185.798408087,2006577.6383320212,camacari-ISSQN
2024-10-01,2024-10-01,7,2025-05-01,23108414.164161336,17668703.645528946,2006577.6383320212,camacari-ISSQN
2024-10-01,2024-10-01,8,2025-06-01,25608048.4628075,18231458.533989586,2006577.6383320212,camacari-ISSQN
2024-10-01,2024-10-01,9,2025-07-01,21995204.621536642,19115928.102130912,2006577.6383320212,camacari-ISSQN
2024-10-01,2024-10-01,10,2025-08-01,21128408.23347808,19391119.172320712,2006577.6383320212,camacari-ISSQN
2024-10-01,2024-10-01,11,2025-09-01,24511070.04857661,20261068.534378115,2006577.6383320212,camacari-ISSQN
2024-10-01,2024-10-01,12,2025-10-01,22282587.251372285,20099612.243758537,2006577.6383320212,camacari-ISSQN
2024-11-01,2024-11-01,1,2024-12-01,23738153.513783302,23243819.927677438,2003596.583305155,camacari-ISSQN
2024-11-01,2024-11-01,2,2025-01-01,23623568.323823698,25345190.741813965,2003596.583305155,camacari-ISSQN
2024-11-01,2024-11-01,3,2025-02-01,20422464.894915722,20242191.344468843,2003596.583305155,camacari-ISSQN
2024-11-01,2024-11-01,4,2025-03-01,19211250.317555815,20275253.81694363,2003596.583305155,camacari-ISSQN
2024-11-01,2024-11-01,5,2025-04-01,20064010.88338034,20585623.681246378,2003596.583305155,camacari-ISSQN
2024-11-01,2024-11-01,6,2025-05-01,23108414.164161336,18960595.472376138,2003596.583305155,camacari-ISSQN
2024-11-01,2024-11-01,7,2025-06-01,25608048.4628075,19486238.68999712,2003596.583305155,camacari-ISSQN
2024-11-01,2024-11-01,8,2025-07-01,21995204.621536642,20430596.330961265,2003596.583305155,camacari-ISSQN
2024-11-01,2024-11-01,9,2025-08-01,21128408.23347808,20723715.9964469,2003596.583305155,camacari-ISSQN
2024-11-01,2024-11-01,10,2025-09-01,24511070.04857661,21652410.6448346,2003596.583305155,camacari-ISSQN
2024-11-01,2024-11-01,11,2025-10-01,22282587.251372285,21478838.49225155,2003596.583305155,camacari-ISSQN
2024-11-01,2024-11-01,12,2025-11-01,25054929.950006504,21795999.668280452,2003596.583305155,camacari-ISSQN
2024-12-01,2024-12-01,1,2025-01-01,23623568.323823698,25546946.17670626,1986473.0341852186,camacari-ISSQN
2024-12-01,2024-12-01,2,2025-02-01,20422464.894915722,20403373.54003299,1986473.0341852186,camacari-ISSQN
2024-12-01,2024-12-01,3,2025-03-01,19211250.317555815,20436747.43045733,1986473.0341852186,camacari-ISSQN
2024-12-01,2024-12-01,4,2025-04-01,20064010.88338034,20749638.180645198,1986473.0341852186,camacari-ISSQN
2024-12-01,2024-12-01,5,2025-05-01,23108414.164161336,19111707.487822033,1986473.0341852186,camacari-ISSQN
2024-12-01,2024-12-01,6,2025-06-01,25608048.4628075,19325268.795099497,1986473.0341852186,camacari-ISSQN
2024-12-01,2024-12-01,7,2025-07-01,21995204.621536642,20593520.1762147,1986473.0341852186,camacari-ISSQN
2024-12-01,2024-12-01,8,2025-08-01,21128408.23347808,20889025.953993123,1986473.0341852186,camacari-ISSQN
2024-12-01,2024-12-01,9,2025-09-01,24511070.04857661,21825179.345899392,1986473.0341852186,camacari-ISSQN
2024-12-01,2024-12-01,10,2025-10-01,22282587.251372285,21650272.38795705,1986473.0341852186,camacari-ISSQN
2024-12-01,2024-12-01,11,2025-11-01,25054929.950006504,21970015.772972416,1986473.0341852186,camacari-ISSQN
2024-12-01,2024-12-01,12,2025-12-01,34645157.78,23769536.679032348,1986473.0341852186,camacari-ISSQN
2025-01-01,2025-01-01,1,2025-02-01,20422464.894915722,19859465.778885305,1974094.20944375,camacari-ISSQN
2025-01-01,2025-01-01,2,2025-03-01,19211250.317555815,19892465.60274365,1974094.20944375,camacari-ISSQN
2025-01-01,2025-01-01,3,2025-04-01,20064010.88338034,20197545.524726737,1974094.20944375,camacari-ISSQN
2025-01-01,2025-01-01,4,2025-05-01,23108414.164161336,18603675.662850704,1974094.20944375,camacari-ISSQN
2025-01-01,2025-01-01,5,2025-06-01,25608048.4628075,18812044.082358446,1974094.20944375,camacari-ISSQN
2025-01-01,2025-01-01,6,2025-07-01,21995204.621536642,19968324.475834478,1974094.20944375,camacari-ISSQN
2025-01-01,2025-01-01,7,2025-08-01,21128408.23347808,20335314.91962004,1974094.20944375,camacari-ISSQN
2025-01-01,2025-01-01,8,2025-09-01,24511070.04857661,21247196.178445615,1974094.20944375,camacari-ISSQN
2025-01-01,2025-01-01,9,2025-10-01,22282587.251372285,21077458.274824247,1974094.20944375,camacari-ISSQN
2025-01-01,2025-01-01,10,2025-11-01,25054929.950006504,21389285.74563202,1974094.20944375,camacari-ISSQN
2025-01-01,2025-01-01,11,2025-12-01,34645157.78,23141827.050512593,1974094.20944375,camacari-ISSQN
2025-02-01,2025-02-01,1,2025-03-01,19211250.317555815,20092449.53747876,1987511.858303646,camacari-ISSQN
2025-02-01,2025-02-01,2,2025-04-01,20064010.88338034,20400519.148174897,1987511.858303646,camacari-ISSQN
2025-02-01,2025-02-01,3,2025-05-01,23108414.164161336,18790560.741933405,1987511.858303646,camacari-ISSQN
2025-02-01,2025-02-01,4,2025-06-01,25608048.4628075,19000950.65148551,1987511.858303646,camacari-ISSQN
2025-02-01,2025-02-01,5,2025-07-01,21995204.621536642,20168766.252552275,1987511.858303646,camacari-ISSQN
2025-02-01,2025-02-01,6,2025-08-01,21128408.23347808,20484269.050483584,1987511.858303646,camacari-ISSQN
2025-02-01,2025-02-01,7,2025-09-01,24511070.04857661,21460314.290498883,1987511.858303646,camacari-ISSQN
2025-02-01,2025-02-01,8,2025-10-01,22282587.251372285,21288794.300832964,1987511.858303646,camacari-ISSQN
2025-02-01,2025-02-01,9,2025-11-01,25054929.950006504,21603667.82782067,1987511.858303646,camacari-ISSQN
2025-02-01,2025-02-01,10,2025-12-01,34645157.78,23373687.720627647,1987511.858303646,camacari-ISSQN
2025-03-01,2025-03-01,1,2025-04-01,20064010.88338034,20093067.026973616,1987887.7153887814,camacari-ISSQN
2025-03-01,2025-03-01,2,2025-05-01,23108414.164161336,18507648.87016741,1987887.7153887814,camacari-ISSQN
2025-03-01,2025-03-01,3,2025-06-01,25608048.4628075,18715150.440160554,1987887.7153887814,camacari-ISSQN
2025-03-01,2025-03-01,4,2025-07-01,21995204.621536642,19865696.246880934,1987887.7153887814,camacari-ISSQN
2025-03-01,2025-03-01,5,2025-08-01,21128408.23347808,20176757.715958122,1987887.7153887814,camacari-ISSQN
2025-03-01,2025-03-01,6,2025-09-01,24511070.04857661,20823817.833448898,1987887.7153887814,camacari-ISSQN
2025-03-01,2025-03-01,7,2025-10-01,22282587.251372285,20969825.907768387,1987887.7153887814,camacari-ISSQN
2025-03-01,2025-03-01,8,2025-11-01,25054929.950006504,21280295.41382818,1987887.7153887814,camacari-ISSQN
2025-03-01,2025-03-01,9,2025-12-01,34645157.78,23024159.51695545,1987887.7153887814,camacari-ISSQN
2025-04-01,2025-04-01,1,2025-05-01,23108414.164161336,18499441.467668142,1994089.8019712004,camacari-ISSQN
2025-04-01,2025-04-01,2,2025-06-01,25608048.4628075,18706872.870790455,1994089.8019712004,camacari-ISSQN
2025-04-01,2025-04-01,3,2025-07-01,21995204.621536642,19856932.93751069,1994089.8019712004,camacari-ISSQN
2025-04-01,2025-04-01,4,2025-08-01,21128408.23347808,20167880.630606834,1994089.8019712004,camacari-ISSQN
2025-04-01,2025-04-01,5,2025-09-01,24511070.04857661,20814680.19755716,1994089.8019712004,camacari-ISSQN
2025-04-01,2025-04-01,6,2025-10-01,22282587.251372285,20905504.865744136,1994089.8019712004,camacari-ISSQN
2025-04-01,2025-04-01,7,2025-11-01,25054929.950006504,21271006.615796924,1994089.8019712004,camacari-ISSQN
2025-04-01,2025-04-01,8,2025-12-01,34645157.78,23014136.013525374,1994089.8019712004,camacari-ISSQN
2025-05-01,2025-05-01,1,2025-06-01,25608048.4628075,20336015.42014357,2008869.651726164,camacari-ISSQN
2025-05-01,2025-05-01,2,2025-07-01,21995204.621536642,21584973.96930421,2008869.651726164,camacari-ISSQN
2025-05-01,2025-05-01,3,2025-08-01,21128408.23347808,21921707.367257543,2008869.651726164,camacari-ISSQN
2025-05-01,2025-05-01,4,2025-09-01,24511070.04857661,22623441.515660264,2008869.651726164,camacari-ISSQN
2025-05-01,2025-05-01,5,2025-10-01,22282587.251372285,22720844.225963075,2008869.651726164,camacari-ISSQN
2025-05-01,2025-05-01,6,2025-11-01,25054929.950006504,23442664.090683028,2008869.651726164,camacari-ISSQN
2025-05-01,2025-05-01,7,2025-12-01,34645157.78,25009695.93870943,2008869.651726164,camacari-ISSQN
2025-06-01,2025-06-01,1,2025-07-01,21995204.621536642,24017584.063169308,2071203.763905628,camacari-ISSQN
2025-06-01,2025-06-01,2,2025-08-01,21128408.23347808,24390709.267100178,2071203.763905628,camacari-ISSQN
2025-06-01,2025-06-01,3,2025-09-01,24511070.04857661,25169874.584777296,2071203.763905628,camacari-ISSQN
2025-06-01,2025-06-01,4,2025-10-01,22282587.251372285,25276633.699477892,2071203.763905628,camacari-ISSQN
2025-06-01,2025-06-01,5,2025-11-01,25054929.950006504,26077994.4608682,2071203.763905628,camacari-ISSQN
2025-06-01,2025-06-01,6,2025-12-01,34645157.78,27878248.43517363,2071203.763905628,camacari-ISSQN
2025-07-01,2025-07-01,1,2025-08-01,21128408.23347808,23465901.916414548,2075448.7008824549,camacari-ISSQN
2025-07-01,2025-07-01,2,2025-09-01,24511070.04857661,24216921.81599309,2075448.7008824549,camacari-ISSQN
2025-07-01,2025-07-01,3,2025-10-01,22282587.251372285,24321039.45038537,2075448.7008824549,camacari-ISSQN
2025-07-01,2025-07-01,4,2025-11-01,25054929.950006504,25093546.11215589,2075448.7008824549,camacari-ISSQN
2025-07-01,2025-07-01,5,2025-12-01,34645157.78,26827378.01466355,2075448.7008824549,camacari-ISSQN
2025-08-01,2025-08-01,1,2025-09-01,24511070.04857661,23309767.905222535,2068701.1571583299,camacari-ISSQN
2025-08-01,2025-08-01,2,2025-10-01,22282587.251372285,23411144.68076104,2068701.1571583299,camacari-ISSQN
2025-08-01,2025-08-01,3,2025-11-01,25054929.950006504,24155943.810173642,2068701.1571583299,camacari-ISSQN
2025-08-01,2025-08-01,4,2025-12-01,34645157.78,25826265.16496143,2068701.1571583299,camacari-ISSQN
2025-09-01,2025-09-01,1,2025-10-01,22282587.251372285,23854667.6518643,2107470.5572559494,camacari-ISSQN
2025-09-01,2025-09-01,2,2025-11-01,25054929.950006504,24613615.91929106,2107470.5572559494,camacari-ISSQN
2025-09-01,2025-09-01,3,2025-12-01,34645157.78,26315625.670511954,2107470.5572559494,camacari-ISSQN
2025-10-01,2025-10-01,1,2025-11-01,25054929.950006504,24032758.32878991,2108081.823164088,camacari-ISSQN
2025-10-01,2025-10-01,2,2025-12-01,34645157.78,25695508.84456926,2108081.823164088,camacari-ISSQN
2025-11-01,2025-11-01,1,2025-12-01,34645157.78,26077695.022124648,2099870.402480599,camacari-ISSQN
2020-12-01,2020-12-01,1,2021-01-01,1795567.5947821462,2036487.7181181922,953745.3597039464,ilheus-IPTU
2020-12-01,2020-12-01,2,2021-02-01,3299371.1233388623,6919734.126312587,953745.3597039464,ilheus-IPTU
2020-12-01,2020-12-01,3,2021-03-01,5552858.751004397,5279005.732724253,953745.3597039464,ilheus-IPTU
2020-12-01,2020-12-01,4,2021-04-01,6389822.232549553,3999842.338084328,953745.3597039464,ilheus-IPTU
2020-12-01,2020-12-01,5,2021-05-01,2697666.1907480466,3032168.9795864862,953745.3597039464,ilheus-IPTU
2020-12-01,2020-12-01,6,2021-06-01,2339335.1332101556,2035458.4719826628,953745.3597039464,ilheus-IPTU
2020-12-01,2020-12-01,7,2021-07-01,2272131.235213842,1991537.582098625,953745.3597039464,ilheus-IPTU
2020-12-01,2020-12-01,8,2021-08-01,2213100.429243627,2274483.43158345,953745.3597039464,ilheus-IPTU
2020-12-01,2020-12-01,9,2021-09-01,2623149.9363260926,1791401.7611152455,953745.3597039464,ilheus-IPTU
2020-12-01,2020-12-01,10,2021-10-01,1271908.2831416863,1907538.5719160375,953745.3597039464,ilheus-IPTU
2020-12-01,2020-12-01,11,2021-11-01,974523.3692654738,1730787.3885717911,953745.3597039464,ilheus-IPTU
2020-12-01,2020-12-01,12,2021-12-01,1072570.4015688638,1862256.9343286653,953745.3597039464,ilheus-IPTU
2021-01-01,2021-01-01,1,2021-02-01,3299371.1233388623,6637964.706625762,944553.3693287106,ilheus-IPTU
2021-01-01,2021-01-01,2,2021-03-01,5552858.751004397,5064501.928257639,944553.3693287106,ilheus-IPTU
2021-01-01,2021-01-01,3,2021-04-01,6389822.232549553,3837658.304585598,944553.3693287106,ilheus-IPTU
2021-01-01,2021-01-01,4,2021-05-01,2697666.1907480466,2909480.185551643,944553.3693287106,ilheus-IPTU
2021-01-01,2021-01-01,5,2021-06-01,2339335.1332101556,1953271.3250636638,944553.3693287106,ilheus-IPTU
2021-01-01,2021-01-01,6,2021-07-01,2272131.235213842,1980883.8416262679,944553.3693287106,ilheus-IPTU
2021-01-01,2021-01-01,7,2021-08-01,2213100.429243627,2183026.565683255,944553.3693287106,ilheus-IPTU
2021-01-01,2021-01-01,8,2021-09-01,2623149.9363260926,1719518.4292323126,944553.3693287106,ilheus-IPTU
2021-01-01,2021-01-01,9,2021-10-01,1271908.2831416863,1831152.535042086,944553.3693287106,ilheus-IPTU
2021-01-01,2021-01-01,10,2021-11-01,974523.3692654738,1661621.2427551246,944553.3693287106,ilheus-IPTU
2021-01-01,2021-01-01,11,2021-12-01,1072570.4015688638,1787988.821353628,944553.3693287106,ilheus-IPTU
2021-01-01,2021-01-01,12,2022-01-01,2343065.624318597,2031058.4349288116,944553.3693287106,ilheus-IPTU
2021-02-01,2021-02-01,1,2021-03-01,5552858.751004397,4324811.310338107,950325.8501224922,ilheus-IPTU
2021-02-01,2021-02-01,2,2021-04-01,6389822.232549553,3277883.5450238707,950325.8501224922,ilheus-IPTU
2021-02-01,2021-02-01,3,2021-05-01,2697666.1907480466,2485643.032943431,950325.8501224922,ilheus-IPTU
2021-02-01,2021-02-01,4,2021-06-01,2339335.1332101556,1669096.4006789005,950325.8501224922,ilheus-IPTU
2021-02-01,2021-02-01,5,2021-07-01,2272131.235213842,1693061.3875240742,950325.8501224922,ilheus-IPTU
2021-02-01,2021-02-01,6,2021-08-01,2213100.429243627,1986334.1088872359,950325.8501224922,ilheus-IPTU
2021-02-01,2021-02-01,7,2021-09-01,2623149.9363260926,1470308.0386347612,950325.8501224922,ilheus-IPTU
2021-02-01,2021-02-01,8,2021-10-01,1271908.2831416863,1566098.1750098525,950325.8501224922,ilheus-IPTU
2021-02-01,2021-02-01,9,2021-11-01,974523.3692654738,1421408.2922140355,950325.8501224922,ilheus-IPTU
2021-02-01,2021-02-01,10,2021-12-01,1072570.4015688638,1529830.6097659203,950325.8501224922,ilheus-IPTU
2021-02-01,2021-02-01,11,2022-01-01,2343065.624318597,1738169.39914643,950325.8501224922,ilheus-IPTU
2021-02-01,2021-02-01,12,2022-02-01,2250002.33291625,5907105.467952744,950325.8501224922,ilheus-IPTU
2021-03-01,2021-03-01,1,2021-04-01,6389822.232549553,3534027.3967823777,971895.7524619619,ilheus-IPTU
2021-03-01,2021-03-01,2,2021-05-01,2697666.1907480466,2679364.7969386396,971895.7524619619,ilheus-IPTU
2021-03-01,2021-03-01,3,2021-06-01,2339335.1332101556,1798836.8200970953,971895.7524619619,ilheus-IPTU
2021-03-01,2021-03-01,4,2021-07-01,2272131.235213842,1824319.377039356,971895.7524619619,ilheus-IPTU
2021-03-01,2021-03-01,5,2021-08-01,2213100.429243627,2139926.399575358,971895.7524619619,ilheus-IPTU
2021-03-01,2021-03-01,6,2021-09-01,2623149.9363260926,1649699.4137576772,971895.7524619619,ilheus-IPTU
2021-03-01,2021-03-01,7,2021-10-01,1271908.2831416863,1686568.1540910758,971895.7524619619,ilheus-IPTU
2021-03-01,2021-03-01,8,2021-11-01,974523.3692654738,1530466.2311809363,971895.7524619619,ilheus-IPTU
2021-03-01,2021-03-01,9,2021-12-01,1072570.4015688638,1646905.8739349646,971895.7524619619,ilheus-IPTU
2021-03-01,2021-03-01,10,2022-01-01,2343065.624318597,1870848.3393695739,971895.7524619619,ilheus-IPTU
2021-03-01,2021-03-01,11,2022-02-01,2250002.33291625,6356861.932717034,971895.7524619619,ilheus-IPTU
2021-03-01,2021-03-01,12,2022-03-01,4925305.417483921,4849557.461800125,971895.7524619619,ilheus-IPTU
2021-04-01,2021-04-01,1,2021-05-01,2697666.1907480466,3238174.432389078,1008483.884375433,ilheus-IPTU
2021-04-01,2021-04-01,2,2021-06-01,2339335.1332101556,2173419.5921133524,1008483.884375433,ilheus-IPTU
2021-04-01,2021-04-01,3,2021-07-01,2272131.235213842,2203620.634129059,1008483.884375433,ilheus-IPTU
2021-04-01,2021-04-01,4,2021-08-01,2213100.429243627,2584161.622285661,1008483.884375433,ilheus-IPTU
2021-04-01,2021-04-01,5,2021-09-01,2623149.9363260926,1991641.890091362,1008483.884375433,ilheus-IPTU
2021-04-01,2021-04-01,6,2021-10-01,1271908.2831416863,2128474.4226056635,1008483.884375433,ilheus-IPTU
2021-04-01,2021-04-01,7,2021-11-01,974523.3692654738,1846730.4415544285,1008483.884375433,ilheus-IPTU
2021-04-01,2021-04-01,8,2021-12-01,1072570.4015688638,1986718.1077685163,1008483.884375433,ilheus-IPTU
2021-04-01,2021-04-01,9,2022-01-01,2343065.624318597,2256287.6310908357,1008483.884375433,ilheus-IPTU
2021-04-01,2021-04-01,10,2022-02-01,2250002.33291625,7664569.273324776,1008483.884375433,ilheus-IPTU
2021-04-01,2021-04-01,11,2022-03-01,4925305.417483921,5845704.526166111,1008483.884375433,ilheus-IPTU
2021-04-01,2021-04-01,12,2022-04-01,8219106.086628274,4428072.021101508,1008483.884375433,ilheus-IPTU
2021-05-01,2021-05-01,1,2021-06-01,2339335.1332101556,2061777.076332505,1004766.2318088748,ilheus-IPTU
2021-05-01,2021-05-01,2,2021-07-01,2272131.235213842,2090672.1955875878,1004766.2318088748,ilheus-IPTU
2021-05-01,2021-05-01,3,2021-08-01,2213100.429243627,2451994.3072520476,1004766.2318088748,ilheus-IPTU
2021-05-01,2021-05-01,4,2021-09-01,2623149.9363260926,1889998.2411032266,1004766.2318088748,ilheus-IPTU
2021-05-01,2021-05-01,5,2021-10-01,1271908.2831416863,2020080.329651108,1004766.2318088748,ilheus-IPTU
2021-05-01,2021-05-01,6,2021-11-01,974523.3692654738,1804045.1124242656,1004766.2318088748,ilheus-IPTU
2021-05-01,2021-05-01,7,2021-12-01,1072570.4015688638,1885973.8134848895,1004766.2318088748,ilheus-IPTU
2021-05-01,2021-05-01,8,2022-01-01,2343065.624318597,2142116.1929867663,1004766.2318088748,ilheus-IPTU
2021-05-01,2021-05-01,9,2022-02-01,2250002.33291625,7277549.586814069,1004766.2318088748,ilheus-IPTU
2021-05-01,2021-05-01,10,2022-03-01,4925305.417483921,5551148.488263525,1004766.2318088748,ilheus-IPTU
2021-05-01,2021-05-01,11,2022-04-01,8219106.086628274,4205415.734117823,1004766.2318088748,ilheus-IPTU
2021-05-01,2021-05-01,12,2022-05-01,2431580.1184551804,3187536.861408559,1004766.2318088748,ilheus-IPTU
2021-06-01,2021-06-01,1,2021-07-01,2272131.235213842,2165424.704478356,1004986.782898596,ilheus-IPTU
2021-06-01,2021-06-01,2,2021-08-01,2213100.429243627,2539612.869712631,1004986.782898596,ilheus-IPTU
2021-06-01,2021-06-01,3,2021-09-01,2623149.9363260926,1957493.9838407815,1004986.782898596,ilheus-IPTU
2021-06-01,2021-06-01,4,2021-10-01,1271908.2831416863,2092178.3601918793,1004986.782898596,ilheus-IPTU
2021-06-01,2021-06-01,5,2021-11-01,974523.3692654738,1868394.3476839995,1004986.782898596,ilheus-IPTU
2021-06-01,2021-06-01,6,2021-12-01,1072570.4015688638,1976615.0172157749,1004986.782898596,ilheus-IPTU
2021-06-01,2021-06-01,7,2022-01-01,2343065.624318597,2218433.986106478,1004986.782898596,ilheus-IPTU
2021-06-01,2021-06-01,8,2022-02-01,2250002.33291625,7536677.069586929,1004986.782898596,ilheus-IPTU
2021-06-01,2021-06-01,9,2022-03-01,4925305.417483921,5748689.865404108,1004986.782898596,ilheus-IPTU
2021-06-01,2021-06-01,10,2022-04-01,8219106.086628274,4354981.6007348895,1004986.782898596,ilheus-IPTU
2021-06-01,2021-06-01,11,2022-05-01,2431580.1184551804,3300836.488066239,1004986.782898596,ilheus-IPTU
2021-06-01,2021-06-01,12,2022-06-01,2631240.8458854207,2215442.4183209497,1004986.782898596,ilheus-IPTU
2021-07-01,2021-07-01,1,2021-08-01,2213100.429243627,2574618.3575162026,998766.7261971788,ilheus-IPTU
2021-07-01,2021-07-01,2,2021-09-01,2623149.9363260926,1984520.5601380507,998766.7261971788,ilheus-IPTU
2021-07-01,2021-07-01,3,2021-10-01,1271908.2831416863,2121112.17194165,998766.7261971788,ilheus-IPTU
2021-07-01,2021-07-01,4,2021-11-01,974523.3692654738,1894275.658705463,998766.7261971788,ilheus-IPTU
2021-07-01,2021-07-01,5,2021-12-01,1072570.4015688638,2004039.9200296134,998766.7261971788,ilheus-IPTU
2021-07-01,2021-07-01,6,2022-01-01,2343065.624318597,2219049.828277505,998766.7261971788,ilheus-IPTU
2021-07-01,2021-07-01,7,2022-02-01,2250002.33291625,7641582.32010679,998766.7261971788,ilheus-IPTU
2021-07-01,2021-07-01,8,2022-03-01,4925305.417483921,5828834.666550132,998766.7261971788,ilheus-IPTU
2021-07-01,2021-07-01,9,2022-04-01,8219106.086628274,4415791.839544367,998766.7261971788,ilheus-IPTU
2021-07-01,2021-07-01,10,2022-05-01,2431580.1184551804,3346999.3914183606,998766.7261971788,ilheus-IPTU
2021-07-01,2021-07-01,11,2022-06-01,2631240.8458854207,2246473.9463232057,998766.7261971788,ilheus-IPTU
2021-07-01,2021-07-01,12,2022-07-01,1925861.261515704,2277702.711859153,998766.7261971788,ilheus-IPTU
2021-08-01,2021-08-01,1,2021-09-01,2623149.9363260926,1915140.2278531261,984193.3541854223,ilheus-IPTU
2021-08-01,2021-08-01,2,2021-10-01,1271908.2831416863,2047095.012791394,984193.3541854223,ilheus-IPTU
2021-08-01,2021-08-01,3,2021-11-01,974523.3692654738,1828297.0013771902,984193.3541854223,ilheus-IPTU
2021-08-01,2021-08-01,4,2021-12-01,1072570.4015688638,1934367.375422648,984193.3541854223,ilheus-IPTU
2021-08-01,2021-08-01,5,2022-01-01,2343065.624318597,2142044.4897536323,984193.3541854223,ilheus-IPTU
2021-08-01,2021-08-01,6,2022-02-01,2250002.33291625,6755416.710647763,984193.3541854223,ilheus-IPTU
2021-08-01,2021-08-01,7,2022-03-01,4925305.417483921,5627303.241806058,984193.3541854223,ilheus-IPTU
2021-08-01,2021-08-01,8,2022-04-01,8219106.086628274,4263394.155797295,984193.3541854223,ilheus-IPTU
2021-08-01,2021-08-01,9,2022-05-01,2431580.1184551804,3231697.212090275,984193.3541854223,ilheus-IPTU
2021-08-01,2021-08-01,10,2022-06-01,2631240.8458854207,2169223.9036167627,984193.3541854223,ilheus-IPTU
2021-08-01,2021-08-01,11,2022-07-01,1925861.261515704,2199519.561122161,984193.3541854223,ilheus-IPTU
2021-08-01,2021-08-01,12,2022-08-01,2006116.8972595204,2579530.586483385,984193.3541854223,ilheus-IPTU
2021-09-01,2021-09-01,1,2021-10-01,1271908.2831416863,2235695.562011455,983524.3319020569,ilheus-IPTU
2021-09-01,2021-09-01,2,2021-11-01,974523.3692654738,1996542.9201980403,983524.3319020569,ilheus-IPTU
2021-09-01,2021-09-01,3,2021-12-01,1072570.4015688638,2112167.5551882596,983524.3319020569,ilheus-IPTU
2021-09-01,2021-09-01,4,2022-01-01,2343065.624318597,2338706.1748035504,983524.3319020569,ilheus-IPTU
2021-09-01,2021-09-01,5,2022-02-01,2250002.33291625,7374920.563884701,983524.3319020569,ilheus-IPTU
2021-09-01,2021-09-01,6,2022-03-01,4925305.417483921,6224293.442745963,983524.3319020569,ilheus-IPTU
2021-09-01,2021-09-01,7,2022-04-01,8219106.086628274,4653476.39033737,983524.3319020569,ilheus-IPTU
2021-09-01,2021-09-01,8,2022-05-01,2431580.1184551804,3527048.9492688756,983524.3319020569,ilheus-IPTU
2021-09-01,2021-09-01,9,2022-06-01,2631240.8458854207,2367250.6788597354,983524.3319020569,ilheus-IPTU
2021-09-01,2021-09-01,10,2022-07-01,1925861.261515704,2400087.0324518434,983524.3319020569,ilheus-IPTU
2021-09-01,2021-09-01,11,2022-08-01,2006116.8972595204,2814487.884320235,983524.3319020569,ilheus-IPTU
2021-09-01,2021-09-01,12,2022-09-01,1876735.4807647243,2169105.005060374,983524.3319020569,ilheus-IPTU
2021-10-01,2021-10-01,1,2021-11-01,974523.3692654738,1773341.9812976322,980050.0037243485,ilheus-IPTU
2021-10-01,2021-10-01,2,2021-12-01,1072570.4015688638,1876396.4305932547,980050.0037243485,ilheus-IPTU
2021-10-01,2021-10-01,3,2022-01-01,2343065.624318597,2078039.3286274786,980050.0037243485,ilheus-IPTU
2021-10-01,2021-10-01,4,2022-02-01,2250002.33291625,6554156.46125293,980050.0037243485,ilheus-IPTU
2021-10-01,2021-10-01,5,2022-03-01,4925305.417483921,5532613.948000233,980050.0037243485,ilheus-IPTU
2021-10-01,2021-10-01,6,2022-04-01,8219106.086628274,4578553.87059349,980050.0037243485,ilheus-IPTU
2021-10-01,2021-10-01,7,2022-05-01,2431580.1184551804,3136259.5225349874,980050.0037243485,ilheus-IPTU
2021-10-01,2021-10-01,8,2022-06-01,2631240.8458854207,2105349.069264415,980050.0037243485,ilheus-IPTU
2021-10-01,2021-10-01,9,2022-07-01,1925861.261515704,2134940.2332717767,980050.0037243485,ilheus-IPTU
2021-10-01,2021-10-01,10,2022-08-01,2006116.8972595204,2504012.5361763127,980050.0037243485,ilheus-IPTU
2021-10-01,2021-10-01,11,2022-09-01,1876735.4807647243,1930170.1558324774,980050.0037243485,ilheus-IPTU
2021-10-01,2021-10-01,12,2022-10-01,2213546.4406881514,2063098.1235890393,980050.0037243485,ilheus-IPTU
2021-11-01,2021-11-01,1,2021-12-01,1072570.4015688638,1685420.9691123378,977789.2178096024,ilheus-IPTU
2021-11-01,2021-11-01,2,2022-01-01,2343065.624318597,1866835.2413273146,977789.2178096024,ilheus-IPTU
2021-11-01,2021-11-01,3,2022-02-01,2250002.33291625,5888938.442013877,977789.2178096024,ilheus-IPTU
2021-11-01,2021-11-01,4,2022-03-01,4925305.417483921,4971851.082730177,977789.2178096024,ilheus-IPTU
2021-11-01,2021-11-01,5,2022-04-01,8219106.086628274,4115126.268468269,977789.2178096024,ilheus-IPTU
2021-11-01,2021-11-01,6,2022-05-01,2431580.1184551804,2789935.221356739,977789.2178096024,ilheus-IPTU
2021-11-01,2021-11-01,7,2022-06-01,2631240.8458854207,1892830.9313824205,977789.2178096024,ilheus-IPTU
2021-11-01,2021-11-01,8,2022-07-01,1925861.261515704,1919725.8981334611,977789.2178096024,ilheus-IPTU
2021-11-01,2021-11-01,9,2022-08-01,2006116.8972595204,2251932.4855441987,977789.2178096024,ilheus-IPTU
2021-11-01,2021-11-01,10,2022-09-01,1876735.4807647243,1736118.6680647468,977789.2178096024,ilheus-IPTU
2021-11-01,2021-11-01,11,2022-10-01,2213546.4406881514,1855958.3287596698,977789.2178096024,ilheus-IPTU
2021-11-01,2021-11-01,12,2022-11-01,1586036.0844479885,1657784.326858812,977789.2178096024,ilheus-IPTU
2021-12-01,2021-12-01,1,2022-01-01,2343065.624318597,1687980.0268412798,974374.5533589215,ilheus-IPTU
2021-12-01,2021-12-01,2,2022-02-01,2250002.33291625,5325534.596824105,974374.5533589215,ilheus-IPTU
2021-12-01,2021-12-01,3,2022-03-01,4925305.417483921,4496853.557014577,974374.5533589215,ilheus-IPTU
2021-12-01,2021-12-01,4,2022-04-01,8219106.086628274,3722526.4593465165,974374.5533589215,ilheus-IPTU
2021-12-01,2021-12-01,5,2022-05-01,2431580.1184551804,2524133.410656055,974374.5533589215,ilheus-IPTU
2021-12-01,2021-12-01,6,2022-06-01,2631240.8458854207,1782324.0992545984,974374.5533589215,ilheus-IPTU
2021-12-01,2021-12-01,7,2022-07-01,1925861.261515704,1737333.652428146,974374.5533589215,ilheus-IPTU
2021-12-01,2021-12-01,8,2022-08-01,2006116.8972595204,2038269.6951840075,974374.5533589215,ilheus-IPTU
2021-12-01,2021-12-01,9,2022-09-01,1876735.4807647243,1571619.9828380663,974374.5533589215,ilheus-IPTU
2021-12-01,2021-12-01,10,2022-10-01,2213546.4406881514,1680342.4320138523,974374.5533589215,ilheus-IPTU
2021-12-01,2021-12-01,11,2022-11-01,1586036.0844479885,1501131.124851782,974374.5533589215,ilheus-IPTU
2021-12-01,2021-12-01,12,2022-12-01,1694091.5193373812,1588627.9377691045,974374.5533589215,ilheus-IPTU
2022-01-01,2022-01-01,1,2022-02-01,2250002.33291625,5849655.9531147685,968526.9297449152,ilheus-IPTU
2022-01-01,2022-01-01,2,2022-03-01,4925305.417483921,4938222.748318207,968526.9297449152,ilheus-IPTU
2022-01-01,2022-01-01,3,2022-04-01,8219106.086628274,4086911.685453603,968526.9297449152,ilheus-IPTU
2022-01-01,2022-01-01,4,2022-05-01,2431580.1184551804,2770550.035164873,968526.9297449152,ilheus-IPTU
2022-01-01,2022-01-01,5,2022-06-01,2631240.8458854207,1955857.911866353,968526.9297449152,ilheus-IPTU
2022-01-01,2022-01-01,6,2022-07-01,1925861.261515704,1960064.5450878856,968526.9297449152,ilheus-IPTU
2022-01-01,2022-01-01,7,2022-08-01,2006116.8972595204,2235672.5316546694,968526.9297449152,ilheus-IPTU
2022-01-01,2022-01-01,8,2022-09-01,1876735.4807647243,1723427.6805195417,968526.9297449152,ilheus-IPTU
2022-01-01,2022-01-01,9,2022-10-01,2213546.4406881514,1842226.240242364,968526.9297449152,ilheus-IPTU
2022-01-01,2022-01-01,10,2022-11-01,1586036.0844479885,1645372.028842144,968526.9297449152,ilheus-IPTU
2022-01-01,2022-01-01,11,2022-12-01,1694091.5193373812,1740879.2260518523,968526.9297449152,ilheus-IPTU
2022-01-01,2022-01-01,12,2023-01-01,1843283.8297266124,1927837.4561403338,968526.9297449152,ilheus-IPTU
2022-02-01,2022-02-01,1,2022-03-01,4925305.417483921,4249435.3001770405,969619.387321641,ilheus-IPTU
2022-02-01,2022-02-01,2,2022-04-01,8219106.086628274,3517602.9162937575,969619.387321641,ilheus-IPTU
2022-02-01,2022-02-01,3,2022-05-01,2431580.1184551804,2385107.5157876094,969619.387321641,ilheus-IPTU
2022-02-01,2022-02-01,4,2022-06-01,2631240.8458854207,1684104.6057761007,969619.387321641,ilheus-IPTU
2022-02-01,2022-02-01,5,2022-07-01,1925861.261515704,1688073.4379950652,969619.387321641,ilheus-IPTU
2022-02-01,2022-02-01,6,2022-08-01,2006116.8972595204,1927504.4167161223,969619.387321641,ilheus-IPTU
2022-02-01,2022-02-01,7,2022-09-01,1876735.4807647243,1484877.6076605888,969619.387321641,ilheus-IPTU
2022-02-01,2022-02-01,8,2022-10-01,2213546.4406881514,1587552.1463731483,969619.387321641,ilheus-IPTU
2022-02-01,2022-02-01,9,2022-11-01,1586036.0844479885,1418195.2031040108,969619.387321641,ilheus-IPTU
2022-02-01,2022-02-01,10,2022-12-01,1694091.5193373812,1500813.895889624,969619.387321641,ilheus-IPTU
2022-02-01,2022-02-01,11,2023-01-01,1843283.8297266124,1662318.915753027,969619.387321641,ilheus-IPTU
2022-02-01,2022-02-01,12,2023-02-01,2815202.2643191377,5243669.915579299,969619.387321641,ilheus-IPTU
2022-03-01,2022-03-01,1,2022-04-01,8219106.086628274,3628412.4855965236,965058.506604292,ilheus-IPTU
2022-03-01,2022-03-01,2,2022-05-01,2431580.1184551804,2459809.875712197,965058.506604292,ilheus-IPTU
2022-03-01,2022-03-01,3,2022-06-01,2631240.8458854207,1736548.4133410181,965058.506604292,ilheus-IPTU
2022-03-01,2022-03-01,4,2022-07-01,1925861.261515704,1740339.2998176357,965058.506604292,ilheus-IPTU
2022-03-01,2022-03-01,5,2022-08-01,2006116.8972595204,1986841.552793662,965058.506604292,ilheus-IPTU
2022-03-01,2022-03-01,6,2022-09-01,1876735.4807647243,1659964.4154628024,965058.506604292,ilheus-IPTU
2022-03-01,2022-03-01,7,2022-10-01,2213546.4406881514,1635866.5061747204,965058.506604292,ilheus-IPTU
2022-03-01,2022-03-01,8,2022-11-01,1586036.0844479885,1461108.9822624822,965058.506604292,ilheus-IPTU
2022-03-01,2022-03-01,9,2022-12-01,1694091.5193373812,1545968.5710077707,965058.506604292,ilheus-IPTU
2022-03-01,2022-03-01,10,2023-01-01,1843283.8297266124,1712047.7091390498,965058.506604292,ilheus-IPTU
2022-03-01,2022-03-01,11,2023-02-01,2815202.2643191377,5399642.811637499,965058.506604292,ilheus-IPTU
2022-03-01,2022-03-01,12,2023-03-01,6457345.5598513875,4557900.187581044,965058.506604292,ilheus-IPTU
2022-04-01,2022-04-01,1,2022-05-01,2431580.1184551804,3079538.5973724728,976429.8927552714,ilheus-IPTU
2022-04-01,2022-04-01,2,2022-06-01,2631240.8458854207,2173382.684972419,976429.8927552714,ilheus-IPTU
2022-04-01,2022-04-01,3,2022-07-01,1925861.261515704,2177455.402303605,976429.8927552714,ilheus-IPTU
2022-04-01,2022-04-01,4,2022-08-01,2006116.8972595204,2485108.985422401,976429.8927552714,ilheus-IPTU
2022-04-01,2022-04-01,5,2022-09-01,1876735.4807647243,2075623.9340588276,976429.8927552714,ilheus-IPTU
2022-04-01,2022-04-01,6,2022-10-01,2213546.4406881514,1960571.812341186,976429.8927552714,ilheus-IPTU
2022-04-01,2022-04-01,7,2022-11-01,1586036.0844479885,1825871.9274407194,976429.8927552714,ilheus-IPTU
2022-04-01,2022-04-01,8,2022-12-01,1694091.5193373812,1931338.8173869734,976429.8927552714,ilheus-IPTU
2022-04-01,2022-04-01,9,2023-01-01,1843283.8297266124,2138181.5209883233,976429.8927552714,ilheus-IPTU
2022-04-01,2022-04-01,10,2023-02-01,2815202.2643191377,6741637.963660752,976429.8927552714,ilheus-IPTU
2022-04-01,2022-04-01,11,2023-03-01,6457345.5598513875,5689022.723310381,976429.8927552714,ilheus-IPTU
2022-04-01,2022-04-01,12,2023-04-01,7796975.713490462,4706468.622213682,976429.8927552714,ilheus-IPTU
2022-05-01,2022-05-01,1,2022-06-01,2631240.8458854207,2089639.2958486315,967204.6483336816,ilheus-IPTU
2022-05-01,2022-05-01,2,2022-07-01,1925861.261515704,2093684.1716224453,967204.6483336816,ilheus-IPTU
2022-05-01,2022-05-01,3,2022-08-01,2006116.8972595204,2389648.1392470826,967204.6483336816,ilheus-IPTU
2022-05-01,2022-05-01,4,2022-09-01,1876735.4807647243,1996014.301482003,967204.6483336816,ilheus-IPTU
2022-05-01,2022-05-01,5,2022-10-01,2213546.4406881514,1885489.145394675,967204.6483336816,ilheus-IPTU
2022-05-01,2022-05-01,6,2022-11-01,1586036.0844479885,1655150.5935932342,967204.6483336816,ilheus-IPTU
2022-05-01,2022-05-01,7,2022-12-01,1694091.5193373812,1857598.6818998898,967204.6483336816,ilheus-IPTU
2022-05-01,2022-05-01,8,2023-01-01,1843283.8297266124,2056666.33292484,967204.6483336816,ilheus-IPTU
2022-05-01,2022-05-01,9,2023-02-01,2815202.2643191377,6485006.033276484,967204.6483336816,ilheus-IPTU
2022-05-01,2022-05-01,10,2023-03-01,6457345.5598513875,5472782.234055662,967204.6483336816,ilheus-IPTU
2022-05-01,2022-05-01,11,2023-04-01,7796975.713490462,4527839.871864615,967204.6483336816,ilheus-IPTU
2022-05-01,2022-05-01,12,2023-05-01,3071104.1275374345,3068463.7283513006,967204.6483336816,ilheus-IPTU
2022-06-01,2022-06-01,1,2022-07-01,1925861.261515704,2201537.192213778,958546.9696713942,ilheus-IPTU
2022-06-01,2022-06-01,2,2022-08-01,2006116.8972595204,2512614.9978944417,958546.9696713942,ilheus-IPTU
2022-06-01,2022-06-01,3,2022-09-01,1876735.4807647243,2098615.6447985345,958546.9696713942,ilheus-IPTU
2022-06-01,2022-06-01,4,2022-10-01,2213546.4406881514,1982306.0061268467,958546.9696713942,ilheus-IPTU
2022-06-01,2022-06-01,5,2022-11-01,1586036.0844479885,1740049.9313923474,958546.9696713942,ilheus-IPTU
2022-06-01,2022-06-01,6,2022-12-01,1694091.5193373812,1847768.8254348212,958546.9696713942,ilheus-IPTU
2022-06-01,2022-06-01,7,2023-01-01,1843283.8297266124,2161939.337371332,958546.9696713942,ilheus-IPTU
2022-06-01,2022-06-01,8,2023-02-01,2815202.2643191377,6816602.650573457,958546.9696713942,ilheus-IPTU
2022-06-01,2022-06-01,9,2023-03-01,6457345.5598513875,5752330.371578612,958546.9696713942,ilheus-IPTU
2022-06-01,2022-06-01,10,2023-04-01,7796975.713490462,4758881.591062756,958546.9696713942,ilheus-IPTU
2022-06-01,2022-06-01,11,2023-05-01,3071104.1275374345,3224876.9359706393,958546.9696713942,ilheus-IPTU
2022-06-01,2022-06-01,12,2023-06-01,1730961.630794251,2275741.5814784677,958546.9696713942,ilheus-IPTU
2022-07-01,2022-07-01,1,2022-08-01,2006116.8972595204,2448429.2503865,950796.6279502137,ilheus-IPTU
2022-07-01,2022-07-01,2,2022-09-01,1876735.4807647243,2045058.0397560343,950796.6279502137,ilheus-IPTU
2022-07-01,2022-07-01,3,2022-10-01,2213546.4406881514,1931765.846858079,950796.6279502137,ilheus-IPTU
2022-07-01,2022-07-01,4,2022-11-01,1586036.0844479885,1695729.1557144213,950796.6279502137,ilheus-IPTU
2022-07-01,2022-07-01,5,2022-12-01,1694091.5193373812,1800749.6444525293,950796.6279502137,ilheus-IPTU
2022-07-01,2022-07-01,6,2023-01-01,1843283.8297266124,2177719.1928682984,950796.6279502137,ilheus-IPTU
2022-07-01,2022-07-01,7,2023-02-01,2815202.2643191377,6643475.549241422,950796.6279502137,ilheus-IPTU
2022-07-01,2022-07-01,8,2023-03-01,6457345.5598513875,5606372.090088445,950796.6279502137,ilheus-IPTU
2022-07-01,2022-07-01,9,2023-04-01,7796975.713490462,4638244.834642206,950796.6279502137,ilheus-IPTU
2022-07-01,2022-07-01,10,2023-05-01,3071104.1275374345,3143203.7105675973,950796.6279502137,ilheus-IPTU
2022-07-01,2022-07-01,11,2023-06-01,1730961.630794251,2218160.0416309494,950796.6279502137,ilheus-IPTU
2022-07-01,2022-07-01,12,2023-07-01,1301640.6279949658,2222163.0291936165,950796.6279502137,ilheus-IPTU
2022-08-01,2022-08-01,1,2022-09-01,1876735.4807647243,1980526.7009422693,941498.9642506375,ilheus-IPTU
2022-08-01,2022-08-01,2,2022-10-01,2213546.4406881514,1870825.7601122695,941498.9642506375,ilheus-IPTU
2022-08-01,2022-08-01,3,2022-11-01,1586036.0844479885,1642249.4171299527,941498.9642506375,ilheus-IPTU
2022-08-01,2022-08-01,4,2022-12-01,1694091.5193373812,1743972.8353558679,941498.9642506375,ilheus-IPTU
2022-08-01,2022-08-01,5,2023-01-01,1843283.8297266124,2109074.80715083,941498.9642506375,ilheus-IPTU
2022-08-01,2022-08-01,6,2023-02-01,2815202.2643191377,5864624.639160711,941498.9642506375,ilheus-IPTU
2022-08-01,2022-08-01,7,2023-03-01,6457345.5598513875,5429744.7293336,941498.9642506375,ilheus-IPTU
2022-08-01,2022-08-01,8,2023-04-01,7796975.713490462,4492155.9623205755,941498.9642506375,ilheus-IPTU
2022-08-01,2022-08-01,9,2023-05-01,3071104.1275374345,3044229.048932911,941498.9642506375,ilheus-IPTU
2022-08-01,2022-08-01,10,2023-06-01,1730961.630794251,2148331.491609553,941498.9642506375,ilheus-IPTU
2022-08-01,2022-08-01,11,2023-07-01,1301640.6279949658,2152226.298322884,941498.9642506375,ilheus-IPTU
2022-08-01,2022-08-01,12,2023-08-01,2424253.599531383,2456166.659746939,941498.9642506375,ilheus-IPTU
2022-09-01,2022-09-01,1,2022-10-01,2213546.4406881514,1852907.634060877,939090.5135260785,ilheus-IPTU
2022-09-01,2022-09-01,2,2022-11-01,1586036.0844479885,1626518.702483669,939090.5135260785,ilheus-IPTU
2022-09-01,2022-09-01,3,2022-12-01,1694091.5193373812,1727265.8211633249,939090.5135260785,ilheus-IPTU
2022-09-01,2022-09-01,4,2023-01-01,1843283.8297266124,2088867.864923777,939090.5135260785,ilheus-IPTU
2022-09-01,2022-09-01,5,2023-02-01,2815202.2643191377,5808429.59325179,939090.5135260785,ilheus-IPTU
2022-09-01,2022-09-01,6,2023-03-01,6457345.5598513875,5381001.032201785,939090.5135260785,ilheus-IPTU
2022-09-01,2022-09-01,7,2023-04-01,7796975.713490462,4449102.295471541,939090.5135260785,ilheus-IPTU
2022-09-01,2022-09-01,8,2023-05-01,3071104.1275374345,3015049.3392233998,939090.5135260785,ilheus-IPTU
2022-09-01,2022-09-01,9,2023-06-01,1730961.630794251,2127736.9100885415,939090.5135260785,ilheus-IPTU
2022-09-01,2022-09-01,10,2023-07-01,1301640.6279949658,2131592.111269457,939090.5135260785,ilheus-IPTU
2022-09-01,2022-09-01,11,2023-08-01,2424253.599531383,2432615.910243828,939090.5135260785,ilheus-IPTU
2022-09-01,2022-09-01,12,2023-09-01,2013764.6094781046,2031656.0984942454,939090.5135260785,ilheus-IPTU
2022-10-01,2022-10-01,1,2022-11-01,1586036.0844479885,1663126.5526246412,939121.5823555954,ilheus-IPTU
2022-10-01,2022-10-01,2,2022-12-01,1694091.5193373812,1765998.7559102506,939121.5823555954,ilheus-IPTU
2022-10-01,2022-10-01,3,2023-01-01,1843283.8297266124,2135538.2964531006,939121.5823555954,ilheus-IPTU
2022-10-01,2022-10-01,4,2023-02-01,2815202.2643191377,5937730.847967537,939121.5823555954,ilheus-IPTU
2022-10-01,2022-10-01,5,2023-03-01,6457345.5598513875,5500351.400609725,939121.5823555954,ilheus-IPTU
2022-10-01,2022-10-01,6,2023-04-01,7796975.713490462,5213618.133937644,939121.5823555954,ilheus-IPTU
2022-10-01,2022-10-01,7,2023-05-01,3071104.1275374345,3081438.767913063,939121.5823555954,ilheus-IPTU
2022-10-01,2022-10-01,8,2023-06-01,1730961.630794251,2174418.918453396,939121.5823555954,ilheus-IPTU
2022-10-01,2022-10-01,9,2023-07-01,1301640.6279949658,2178189.999465566,939121.5823555954,ilheus-IPTU
2022-10-01,2022-10-01,10,2023-08-01,2424253.599531383,2485602.9439102565,939121.5823555954,ilheus-IPTU
2022-10-01,2022-10-01,11,2023-09-01,2013764.6094781046,2075750.5130764337,939121.5823555954,ilheus-IPTU
2022-10-01,2022-10-01,12,2023-10-01,1586701.2293386583,1960422.821842575,939121.5823555954,ilheus-IPTU
2022-11-01,2022-11-01,1,2022-12-01,1694091.5193373812,1751925.0050723187,935174.4875703775,ilheus-IPTU
2022-11-01,2022-11-01,2,2023-01-01,1843283.8297266124,2118522.7283100598,935174.4875703775,ilheus-IPTU
2022-11-01,2022-11-01,3,2023-02-01,2815202.2643191377,5890428.830062446,935174.4875703775,ilheus-IPTU
2022-11-01,2022-11-01,4,2023-03-01,6457345.5598513875,5456541.717958521,935174.4875703775,ilheus-IPTU
2022-11-01,2022-11-01,5,2023-04-01,7796975.713490462,5172099.807711232,935174.4875703775,ilheus-IPTU
2022-11-01,2022-11-01,6,2023-05-01,3071104.1275374345,2998415.185608822,935174.4875703775,ilheus-IPTU
2022-11-01,2022-11-01,7,2023-06-01,1730961.630794251,2157109.3186439406,935174.4875703775,ilheus-IPTU
2022-11-01,2022-11-01,8,2023-07-01,1301640.6279949658,2160853.4842317887,935174.4875703775,ilheus-IPTU
2022-11-01,2022-11-01,9,2023-08-01,2424253.599531383,2465823.209332212,935174.4875703775,ilheus-IPTU
2022-11-01,2022-11-01,10,2023-09-01,2013764.6094781046,2059235.1951937557,935174.4875703775,ilheus-IPTU
2022-11-01,2022-11-01,11,2023-10-01,1586701.2293386583,1944827.8344765985,935174.4875703775,ilheus-IPTU
2022-11-01,2022-11-01,12,2023-11-01,1229128.6609010594,1706907.361375853,935174.4875703775,ilheus-IPTU
2022-12-01,2022-12-01,1,2023-01-01,1843283.8297266124,2098466.0259774034,931440.5188822601,ilheus-IPTU
2022-12-01,2022-12-01,2,2023-02-01,2815202.2643191377,5834665.387530141,931440.5188822601,ilheus-IPTU
2022-12-01,2022-12-01,3,2023-03-01,6457345.5598513875,5404888.600243998,931440.5188822601,ilheus-IPTU
2022-12-01,2022-12-01,4,2023-04-01,7796975.713490462,5123141.940925127,931440.5188822601,ilheus-IPTU
2022-12-01,2022-12-01,5,2023-05-01,3071104.1275374345,2970034.425761723,931440.5188822601,ilheus-IPTU
2022-12-01,2022-12-01,6,2023-06-01,1730961.630794251,2230575.2491034614,931440.5188822601,ilheus-IPTU
2022-12-01,2022-12-01,7,2023-07-01,1301640.6279949658,2140402.6380137186,931440.5188822601,ilheus-IPTU
2022-12-01,2022-12-01,8,2023-08-01,2424253.599531383,2442487.2882418325,931440.5188822601,ilheus-IPTU
2022-12-01,2022-12-01,9,2023-09-01,2013764.6094781046,2039748.14335513,931440.5188822601,ilheus-IPTU
2022-12-01,2022-12-01,10,2023-10-01,1586701.2293386583,1926424.4096086156,931440.5188822601,ilheus-IPTU
2022-12-01,2022-12-01,11,2023-11-01,1229128.6609010594,1690756.1585706,931440.5188822601,ilheus-IPTU
2022-12-01,2022-12-01,12,2023-12-01,1538686.7153930117,1795168.6188451787,931440.5188822601,ilheus-IPTU
2023-01-01,2023-01-01,1,2023-02-01,2815202.2643191377,5703141.945704981,926362.1809494332,ilheus-IPTU
2023-01-01,2023-01-01,2,2023-03-01,6457345.5598513875,5283152.006735133,926362.1809494332,ilheus-IPTU
2023-01-01,2023-01-01,3,2023-04-01,7796975.713490462,5007844.493275672,926362.1809494332,ilheus-IPTU
2023-01-01,2023-01-01,4,2023-05-01,3071104.1275374345,2903246.892659671,926362.1809494332,ilheus-IPTU
2023-01-01,2023-01-01,5,2023-06-01,1730961.630794251,2180456.1671720888,926362.1809494332,ilheus-IPTU
2023-01-01,2023-01-01,6,2023-07-01,1301640.6279949658,2080932.4712177496,926362.1809494332,ilheus-IPTU
2023-01-01,2023-01-01,7,2023-08-01,2424253.599531383,2387693.895393188,926362.1809494332,ilheus-IPTU
2023-01-01,2023-01-01,8,2023-09-01,2013764.6094781046,1994025.666714662,926362.1809494332,ilheus-IPTU
2023-01-01,2023-01-01,9,2023-10-01,1586701.2293386583,1883276.065081728,926362.1809494332,ilheus-IPTU
2023-01-01,2023-01-01,10,2023-11-01,1229128.6609010594,1652915.930772578,926362.1809494332,ilheus-IPTU
2023-01-01,2023-01-01,11,2023-12-01,1538686.7153930117,1755022.808099273,926362.1809494332,ilheus-IPTU
2023-01-01,2023-01-01,12,2024-01-01,2421833.300556963,2122104.792255424,926362.1809494332,ilheus-IPTU
2023-02-01,2023-02-01,1,2023-03-01,6457345.5598513875,4786500.540653458,922162.6199081944,ilheus-IPTU
2023-02-01,2023-02-01,2,2023-04-01,7796975.713490462,4537584.750907202,922162.6199081944,ilheus-IPTU
2023-02-01,2023-02-01,3,2023-05-01,3071104.1275374345,2630913.140549197,922162.6199081944,ilheus-IPTU
2023-02-01,2023-02-01,4,2023-06-01,1730961.630794251,1976142.4343249346,922162.6199081944,ilheus-IPTU
2023-02-01,2023-02-01,5,2023-07-01,1301640.6279949658,1886153.0669135568,922162.6199081944,ilheus-IPTU
2023-02-01,2023-02-01,6,2023-08-01,2424253.599531383,2130514.510984342,922162.6199081944,ilheus-IPTU
2023-02-01,2023-02-01,7,2023-09-01,2013764.6094781046,1807777.555193388,922162.6199081944,ilheus-IPTU
2023-02-01,2023-02-01,8,2023-10-01,1586701.2293386583,1707558.033338657,922162.6199081944,ilheus-IPTU
2023-02-01,2023-02-01,9,2023-11-01,1229128.6609010594,1498853.6195809613,922162.6199081944,ilheus-IPTU
2023-02-01,2023-02-01,10,2023-12-01,1538686.7153930117,1591614.631187795,922162.6199081944,ilheus-IPTU
2023-02-01,2023-02-01,11,2024-01-01,2421833.300556963,1924723.819723915,922162.6199081944,ilheus-IPTU
2023-02-01,2023-02-01,12,2024-02-01,2645795.772083337,5351740.100551744,922162.6199081944,ilheus-IPTU
2023-03-01,2023-03-01,1,2023-04-01,7796975.713490462,4839996.4913243335,929172.7063732435,ilheus-IPTU
2023-03-01,2023-03-01,2,2023-05-01,3071104.1275374345,2805907.205634004,929172.7063732435,ilheus-IPTU
2023-03-01,2023-03-01,3,2023-06-01,1730961.630794251,2107326.5793169476,929172.7063732435,ilheus-IPTU
2023-03-01,2023-03-01,4,2023-07-01,1301640.6279949658,2011118.4418056493,929172.7063732435,ilheus-IPTU
2023-03-01,2023-03-01,5,2023-08-01,2424253.599531383,2271394.807315867,929172.7063732435,ilheus-IPTU
2023-03-01,2023-03-01,6,2023-09-01,2013764.6094781046,1915766.7815910352,929172.7063732435,ilheus-IPTU
2023-03-01,2023-03-01,7,2023-10-01,1586701.2293386583,1820033.3344147904,929172.7063732435,ilheus-IPTU
2023-03-01,2023-03-01,8,2023-11-01,1229128.6609010594,1597391.6335997698,929172.7063732435,ilheus-IPTU
2023-03-01,2023-03-01,9,2023-12-01,1538686.7153930117,1696050.252713995,929172.7063732435,ilheus-IPTU
2023-03-01,2023-03-01,10,2024-01-01,2421833.300556963,2050775.4708691426,929172.7063732435,ilheus-IPTU
2023-03-01,2023-03-01,11,2024-02-01,2645795.772083337,5701562.595577937,929172.7063732435,ilheus-IPTU
2023-03-01,2023-03-01,12,2024-03-01,5197363.375781737,5281127.756256121,929172.7063732435,ilheus-IPTU
2023-04-01,2023-04-01,1,2023-05-01,3071104.1275374345,3106881.298404947,923410.8616773863,ilheus-IPTU
2023-04-01,2023-04-01,2,2023-06-01,1730961.630794251,2333042.598248315,923410.8616773863,ilheus-IPTU
2023-04-01,2023-04-01,3,2023-07-01,1301640.6279949658,2226220.9873388154,923410.8616773863,ilheus-IPTU
2023-04-01,2023-04-01,4,2023-08-01,2424253.599531383,2513989.063732121,923410.8616773863,ilheus-IPTU
2023-04-01,2023-04-01,5,2023-09-01,2013764.6094781046,2120087.8315354576,923410.8616773863,ilheus-IPTU
2023-04-01,2023-04-01,6,2023-10-01,1586701.2293386583,2057883.2321452862,923410.8616773863,ilheus-IPTU
2023-04-01,2023-04-01,7,2023-11-01,1229128.6609010594,1767276.5394261603,923410.8616773863,ilheus-IPTU
2023-04-01,2023-04-01,8,2023-12-01,1538686.7153930117,1876174.591138431,923410.8616773863,ilheus-IPTU
2023-04-01,2023-04-01,9,2024-01-01,2421833.300556963,2268268.142119363,923410.8616773863,ilheus-IPTU
2023-04-01,2023-04-01,10,2024-02-01,2645795.772083337,6305394.087814869,923410.8616773863,ilheus-IPTU
2023-04-01,2023-04-01,11,2024-03-01,5197363.375781737,5839657.607544238,923410.8616773863,ilheus-IPTU
2023-04-01,2023-04-01,12,2024-04-01,8479100.268538596,5534035.038536193,923410.8616773863,ilheus-IPTU
2023-05-01,2023-05-01,1,2023-06-01,1730961.630794251,2329074.57391791,920221.1217605872,ilheus-IPTU
2023-05-01,2023-05-01,2,2023-07-01,1301640.6279949658,2222444.4367629485,920221.1217605872,ilheus-IPTU
2023-05-01,2023-05-01,3,2023-08-01,2424253.599531383,2509735.3435392883,920221.1217605872,ilheus-IPTU
2023-05-01,2023-05-01,4,2023-09-01,2013764.6094781046,2116509.8260558927,920221.1217605872,ilheus-IPTU
2023-05-01,2023-05-01,5,2023-10-01,1586701.2293386583,2054419.114888729,920221.1217605872,ilheus-IPTU
2023-05-01,2023-05-01,6,2023-11-01,1229128.6609010594,1755237.6444795402,920221.1217605872,ilheus-IPTU
2023-05-01,2023-05-01,7,2023-12-01,1538686.7153930117,1873032.4641161696,920221.1217605872,ilheus-IPTU
2023-05-01,2023-05-01,8,2024-01-01,2421833.300556963,2264479.0185129526,920221.1217605872,ilheus-IPTU
2023-05-01,2023-05-01,9,2024-02-01,2645795.772083337,6294887.697376109,920221.1217605872,ilheus-IPTU
2023-05-01,2023-05-01,10,2024-03-01,5197363.375781737,5829951.868299135,920221.1217605872,ilheus-IPTU
2023-05-01,2023-05-01,11,2024-04-01,8479100.268538596,5524860.461083141,920221.1217605872,ilheus-IPTU
2023-05-01,2023-05-01,12,2024-05-01,3547912.302911079,3202238.0981690655,920221.1217605872,ilheus-IPTU
2023-06-01,2023-06-01,1,2023-07-01,1301640.6279949658,2120832.734738071,919999.5450198159,ilheus-IPTU
2023-06-01,2023-06-01,2,2023-08-01,2424253.599531383,2395116.536870403,919999.5450198159,ilheus-IPTU
2023-06-01,2023-06-01,3,2023-09-01,2013764.6094781046,2019956.8991138611,919999.5450198159,ilheus-IPTU
2023-06-01,2023-06-01,4,2023-10-01,1586701.2293386583,1960802.3898950394,919999.5450198159,ilheus-IPTU
2023-06-01,2023-06-01,5,2023-11-01,1229128.6609010594,1675342.2778527648,919999.5450198159,ilheus-IPTU
2023-06-01,2023-06-01,6,2023-12-01,1538686.7153930117,1781357.6937635303,919999.5450198159,ilheus-IPTU
2023-06-01,2023-06-01,7,2024-01-01,2421833.300556963,2161629.431087982,919999.5450198159,ilheus-IPTU
2023-06-01,2023-06-01,8,2024-02-01,2645795.772083337,6009293.404606661,919999.5450198159,ilheus-IPTU
2023-06-01,2023-06-01,9,2024-03-01,5197363.375781737,5565737.9020418655,919999.5450198159,ilheus-IPTU
2023-06-01,2023-06-01,10,2024-04-01,8479100.268538596,5274743.384317565,919999.5450198159,ilheus-IPTU
2023-06-01,2023-06-01,11,2024-05-01,3547912.302911079,3057424.670514606,919999.5450198159,ilheus-IPTU
2023-06-01,2023-06-01,12,2024-06-01,1346108.831895152,2295836.1171661927,919999.5450198159,ilheus-IPTU
2023-07-01,2023-07-01,1,2023-08-01,2424253.599531383,2238610.127925314,916749.2273110348,ilheus-IPTU
2023-07-01,2023-07-01,2,2023-09-01,2013764.6094781046,1888093.8982855335,916749.2273110348,ilheus-IPTU
2023-07-01,2023-07-01,3,2023-10-01,1586701.2293386583,1832925.5330294766,916749.2273110348,ilheus-IPTU
2023-07-01,2023-07-01,4,2023-11-01,1229128.6609010594,1566187.9818867024,916749.2273110348,ilheus-IPTU
2023-07-01,2023-07-01,5,2023-12-01,1538686.7153930117,1665408.0414735158,916749.2273110348,ilheus-IPTU
2023-07-01,2023-07-01,6,2024-01-01,2421833.300556963,1994616.9336959166,916749.2273110348,ilheus-IPTU
2023-07-01,2023-07-01,7,2024-02-01,2645795.772083337,5618893.809659381,916749.2273110348,ilheus-IPTU
2023-07-01,2023-07-01,8,2024-03-01,5197363.375781737,5204498.365975194,916749.2273110348,ilheus-IPTU
2023-07-01,2023-07-01,9,2024-04-01,8479100.268538596,4932714.912908593,916749.2273110348,ilheus-IPTU
2023-07-01,2023-07-01,10,2024-05-01,3547912.302911079,2859360.0536505207,916749.2273110348,ilheus-IPTU
2023-07-01,2023-07-01,11,2024-06-01,1346108.831895152,2147248.0189320766,916749.2273110348,ilheus-IPTU
2023-07-01,2023-07-01,12,2024-07-01,1525676.4134805854,2049005.3359870666,916749.2273110348,ilheus-IPTU
2023-08-01,2023-08-01,1,2023-09-01,2013764.6094781046,1918975.2340481856,911329.5259519133,ilheus-IPTU
2023-08-01,2023-08-01,2,2023-10-01,1586701.2293386583,1862786.5498718903,911329.5259519133,ilheus-IPTU
2023-08-01,2023-08-01,3,2023-11-01,1229128.6609010594,1591603.1942538798,911329.5259519133,ilheus-IPTU
2023-08-01,2023-08-01,4,2023-12-01,1538686.7153930117,1692327.3177268065,911329.5259519133,ilheus-IPTU
2023-08-01,2023-08-01,5,2024-01-01,2421833.300556963,2026731.1887008448,911329.5259519133,ilheus-IPTU
2023-08-01,2023-08-01,6,2024-02-01,2645795.772083337,5348389.89593115,911329.5259519133,ilheus-IPTU
2023-08-01,2023-08-01,7,2024-03-01,5197363.375781737,5287639.642466902,911329.5259519133,ilheus-IPTU
2023-08-01,2023-08-01,8,2024-04-01,8479100.268538596,5011207.315438765,911329.5259519133,ilheus-IPTU
2023-08-01,2023-08-01,9,2024-05-01,3547912.302911079,2904682.874289008,911329.5259519133,ilheus-IPTU
2023-08-01,2023-08-01,10,2024-06-01,1346108.831895152,2181151.1210347405,911329.5259519133,ilheus-IPTU
2023-08-01,2023-08-01,11,2024-07-01,1525676.4134805854,2081231.7590198447,911329.5259519133,ilheus-IPTU
2023-08-01,2023-08-01,12,2024-08-01,1524774.8231291657,2350199.3278386937,911329.5259519133,ilheus-IPTU
2023-09-01,2023-09-01,1,2023-10-01,1586701.2293386583,1874383.765938215,903003.7152289185,ilheus-IPTU
2023-09-01,2023-09-01,2,2023-11-01,1229128.6609010594,1601460.0014905736,903003.7152289185,ilheus-IPTU
2023-09-01,2023-09-01,3,2023-12-01,1538686.7153930117,1702752.8205970726,903003.7152289185,ilheus-IPTU
2023-09-01,2023-09-01,4,2024-01-01,2421833.300556963,2039151.15254856,903003.7152289185,ilheus-IPTU
2023-09-01,2023-09-01,5,2024-02-01,2645795.772083337,5380993.010505328,903003.7152289185,ilheus-IPTU
2023-09-01,2023-09-01,6,2024-03-01,5197363.375781737,5465057.217053211,903003.7152289185,ilheus-IPTU
2023-09-01,2023-09-01,7,2024-04-01,8479100.268538596,5041434.863488242,903003.7152289185,ilheus-IPTU
2023-09-01,2023-09-01,8,2024-05-01,3547912.302911079,2922111.8506487976,903003.7152289185,ilheus-IPTU
2023-09-01,2023-09-01,9,2024-06-01,1346108.831895152,2194169.9436193747,903003.7152289185,ilheus-IPTU
2023-09-01,2023-09-01,10,2024-07-01,1525676.4134805854,2093588.9383338534,903003.7152289185,ilheus-IPTU
2023-09-01,2023-09-01,11,2024-08-01,1524774.8231291657,2364080.1976050623,903003.7152289185,ilheus-IPTU
2023-09-01,2023-09-01,12,2024-09-01,2251010.9817227167,1993556.1931824046,903003.7152289185,ilheus-IPTU
2023-10-01,2023-10-01,1,2023-11-01,1229128.6609010594,1547716.521194264,900065.8588046691,ilheus-IPTU
2023-10-01,2023-10-01,2,2023-12-01,1538686.7153930117,1645604.9317228075,900065.8588046691,ilheus-IPTU
2023-10-01,2023-10-01,3,2024-01-01,2421833.300556963,1970706.9475295553,900065.8588046691,ilheus-IPTU
2023-10-01,2023-10-01,4,2024-02-01,2645795.772083337,5200363.725045653,900065.8588046691,ilheus-IPTU
2023-10-01,2023-10-01,5,2024-03-01,5197363.375781737,5281589.898763278,900065.8588046691,ilheus-IPTU
2023-10-01,2023-10-01,6,2024-04-01,8479100.268538596,5217943.575889972,900065.8588046691,ilheus-IPTU
2023-10-01,2023-10-01,7,2024-05-01,3547912.302911079,2823996.5483847205,900065.8588046691,ilheus-IPTU
2023-10-01,2023-10-01,8,2024-06-01,1346108.831895152,2120490.2480907473,900065.8588046691,ilheus-IPTU
2023-10-01,2023-10-01,9,2024-07-01,1525676.4134805854,2023280.6662168326,900065.8588046691,ilheus-IPTU
2023-10-01,2023-10-01,10,2024-08-01,1524774.8231291657,2284681.301470621,900065.8588046691,ilheus-IPTU
2023-10-01,2023-10-01,11,2024-09-01,2251010.9817227167,1926595.8312239528,900065.8588046691,ilheus-IPTU
2023-10-01,2023-10-01,12,2024-10-01,2022162.6259630015,1869959.2618956435,900065.8588046691,ilheus-IPTU
2023-11-01,2023-11-01,1,2023-12-01,1538686.7153930117,1585166.1992358684,894348.4015914297,ilheus-IPTU
2023-11-01,2023-11-01,2,2024-01-01,2421833.300556963,1898367.2661956565,894348.4015914297,ilheus-IPTU
2023-11-01,2023-11-01,3,2024-02-01,2645795.772083337,5009574.358759229,894348.4015914297,ilheus-IPTU
2023-11-01,2023-11-01,4,2024-03-01,5197363.375781737,5087924.452606591,894348.4015914297,ilheus-IPTU
2023-11-01,2023-11-01,5,2024-04-01,8479100.268538596,5026714.039863537,894348.4015914297,ilheus-IPTU
2023-11-01,2023-11-01,6,2024-05-01,3547912.302911079,2748980.9155982146,894348.4015914297,ilheus-IPTU
2023-11-01,2023-11-01,7,2024-06-01,1346108.831895152,2042859.919257325,894348.4015914297,ilheus-IPTU
2023-11-01,2023-11-01,8,2024-07-01,1525676.4134805854,1949248.1198621322,894348.4015914297,ilheus-IPTU
2023-11-01,2023-11-01,9,2024-08-01,1524774.8231291657,2201127.7969397376,894348.4015914297,ilheus-IPTU
2023-11-01,2023-11-01,10,2024-09-01,2251010.9817227167,1856174.6642956128,894348.4015914297,ilheus-IPTU
2023-11-01,2023-11-01,11,2024-10-01,2022162.6259630015,1801643.7436422333,894348.4015914297,ilheus-IPTU
2023-11-01,2023-11-01,12,2024-11-01,2201702.753328437,1539207.6500615047,894348.4015914297,ilheus-IPTU
2023-12-01,2023-12-01,1,2024-01-01,2421833.300556963,1890188.9298113892,886651.072449273,ilheus-IPTU
2023-12-01,2023-12-01,2,2024-02-01,2645795.772083337,4987866.323386763,886651.072449273,ilheus-IPTU
2023-12-01,2023-12-01,3,2024-03-01,5197363.375781737,5065749.272560511,886651.072449273,ilheus-IPTU
2023-12-01,2023-12-01,4,2024-04-01,8479100.268538596,5004680.217584229,886651.072449273,ilheus-IPTU
2023-12-01,2023-12-01,5,2024-05-01,3547912.302911079,2736862.9588459204,886651.072449273,ilheus-IPTU
2023-12-01,2023-12-01,6,2024-06-01,1346108.831895152,1988469.0205550056,886651.072449273,ilheus-IPTU
2023-12-01,2023-12-01,7,2024-07-01,1525676.4134805854,1940559.5302912625,886651.072449273,ilheus-IPTU
2023-12-01,2023-12-01,8,2024-08-01,1524774.8231291657,2191262.7122160313,886651.072449273,ilheus-IPTU
2023-12-01,2023-12-01,9,2024-09-01,2251010.9817227167,1847810.500859622,886651.072449273,ilheus-IPTU
2023-12-01,2023-12-01,10,2024-10-01,2022162.6259630015,1793481.7577699323,886651.072449273,ilheus-IPTU
2023-12-01,2023-12-01,11,2024-11-01,2201702.753328437,1532197.570411106,886651.072449273,ilheus-IPTU
2023-12-01,2023-12-01,12,2024-12-01,1694424.8208521737,1628961.105757717,886651.072449273,ilheus-IPTU
2024-01-01,2024-01-01,1,2024-02-01,2645795.772083337,5240636.1352524245,883474.7672779439,ilheus-IPTU
2024-01-01,2024-01-01,2,2024-03-01,5197363.375781737,5322007.026857045,883474.7672779439,ilheus-IPTU
2024-01-01,2024-01-01,3,2024-04-01,8479100.268538596,5257397.712800599,883474.7672779439,ilheus-IPTU
2024-01-01,2024-01-01,4,2024-05-01,3547912.302911079,2874818.8933483916,883474.7672779439,ilheus-IPTU
2024-01-01,2024-01-01,5,2024-06-01,1346108.831895152,2088523.657100768,883474.7672779439,ilheus-IPTU
2024-01-01,2024-01-01,6,2024-07-01,1525676.4134805854,1957696.9147103727,883474.7672779439,ilheus-IPTU
2024-01-01,2024-01-01,7,2024-08-01,1524774.8231291657,2301133.6841782792,883474.7672779439,ilheus-IPTU
2024-01-01,2024-01-01,8,2024-09-01,2251010.9817227167,1940298.4167279848,883474.7672779439,ilheus-IPTU
2024-01-01,2024-01-01,9,2024-10-01,2022162.6259630015,1883093.764724714,883474.7672779439,ilheus-IPTU
2024-01-01,2024-01-01,10,2024-11-01,2201702.753328437,1608621.3137679254,883474.7672779439,ilheus-IPTU
2024-01-01,2024-01-01,11,2024-12-01,1694424.8208521737,1710070.4990099608,883474.7672779439,ilheus-IPTU
2024-01-01,2024-01-01,12,2025-01-01,2108465.286890068,2047561.23635205,883474.7672779439,ilheus-IPTU
2024-02-01,2024-02-01,1,2024-03-01,5197363.375781737,4866875.129860778,876188.356308126,ilheus-IPTU
2024-02-01,2024-02-01,2,2024-04-01,8479100.268538596,4808180.66325521,876188.356308126,ilheus-IPTU
2024-02-01,2024-02-01,3,2024-05-01,3547912.302911079,2629392.6187084094,876188.356308126,ilheus-IPTU
2024-02-01,2024-02-01,4,2024-06-01,1346108.831895152,1910377.3946656848,876188.356308126,ilheus-IPTU
2024-02-01,2024-02-01,5,2024-07-01,1525676.4134805854,1790852.7202474677,876188.356308126,ilheus-IPTU
2024-02-01,2024-02-01,6,2024-08-01,1524774.8231291657,2119378.8163013454,876188.356308126,ilheus-IPTU
2024-02-01,2024-02-01,7,2024-09-01,2251010.9817227167,1775218.0167075582,876188.356308126,ilheus-IPTU
2024-02-01,2024-02-01,8,2024-10-01,2022162.6259630015,1723015.6643295703,876188.356308126,ilheus-IPTU
2024-02-01,2024-02-01,9,2024-11-01,2201702.753328437,1471990.603996431,876188.356308126,ilheus-IPTU
2024-02-01,2024-02-01,10,2024-12-01,1694424.8208521737,1564944.716086601,876188.356308126,ilheus-IPTU
2024-02-01,2024-02-01,11,2025-01-01,2108465.286890068,1873939.1258059253,876188.356308126,ilheus-IPTU
2024-02-01,2024-02-01,12,2025-02-01,2371216.706139471,4944556.821356357,876188.356308126,ilheus-IPTU
2024-03-01,2024-03-01,1,2024-04-01,8479100.268538596,4862609.177981004,880065.0616390505,ilheus-IPTU
2024-03-01,2024-03-01,2,2024-05-01,3547912.302911079,2659007.066559437,880065.0616390505,ilheus-IPTU
2024-03-01,2024-03-01,3,2024-06-01,1346108.831895152,1931785.109429571,880065.0616390505,ilheus-IPTU
2024-03-01,2024-03-01,4,2024-07-01,1525676.4134805854,1810819.7913515281,880065.0616390505,ilheus-IPTU
2024-03-01,2024-03-01,5,2024-08-01,1524774.8231291657,2142889.5847755573,880065.0616390505,ilheus-IPTU
2024-03-01,2024-03-01,6,2024-09-01,2251010.9817227167,1808743.1536347524,880065.0616390505,ilheus-IPTU
2024-03-01,2024-03-01,7,2024-10-01,2022162.6259630015,1741937.18320711,880065.0616390505,ilheus-IPTU
2024-03-01,2024-03-01,8,2024-11-01,2201702.753328437,1488073.9551143087,880065.0616390505,ilheus-IPTU
2024-03-01,2024-03-01,9,2024-12-01,1694424.8208521737,1581957.5051043325,880065.0616390505,ilheus-IPTU
2024-03-01,2024-03-01,10,2025-01-01,2108465.286890068,1894208.3558940473,880065.0616390505,ilheus-IPTU
2024-03-01,2024-03-01,11,2025-02-01,2371216.706139471,4997769.438873471,880065.0616390505,ilheus-IPTU
2024-03-01,2024-03-01,12,2025-03-01,3310719.619677425,5075096.399901297,880065.0616390505,ilheus-IPTU
2024-04-01,2024-04-01,1,2024-05-01,3547912.302911079,2990791.7700086734,878085.6565731413,ilheus-IPTU
2024-04-01,2024-04-01,2,2024-06-01,1346108.831895152,2172486.0406872667,878085.6565731413,ilheus-IPTU
2024-04-01,2024-04-01,3,2024-07-01,1525676.4134805854,2036128.8063112467,878085.6565731413,ilheus-IPTU
2024-04-01,2024-04-01,4,2024-08-01,1524774.8231291657,2409139.6903099427,878085.6565731413,ilheus-IPTU
2024-04-01,2024-04-01,5,2024-09-01,2251010.9817227167,2033160.187506641,878085.6565731413,ilheus-IPTU
2024-04-01,2024-04-01,6,2024-10-01,2022162.6259630015,1931295.358138667,878085.6565731413,ilheus-IPTU
2024-04-01,2024-04-01,7,2024-11-01,2201702.753328437,1672188.4675176959,878085.6565731413,ilheus-IPTU
2024-04-01,2024-04-01,8,2024-12-01,1694424.8208521737,1777415.7341533892,878085.6565731413,ilheus-IPTU
2024-04-01,2024-04-01,9,2025-01-01,2108465.286890068,2127922.3660420394,878085.6565731413,ilheus-IPTU
2024-04-01,2024-04-01,10,2025-02-01,2371216.706139471,5613560.34275791,878085.6565731413,ilheus-IPTU
2024-04-01,2024-04-01,11,2025-03-01,3310719.619677425,5699554.911284879,878085.6565731413,ilheus-IPTU
2024-04-01,2024-04-01,12,2025-04-01,6114395.71252974,5629215.528532545,878085.6565731413,ilheus-IPTU
2024-05-01,2024-05-01,1,2024-06-01,1346108.831895152,2244703.206522646,874112.6122048295,ilheus-IPTU
2024-05-01,2024-05-01,2,2024-07-01,1525676.4134805854,2103724.51718598,874112.6122048295,ilheus-IPTU
2024-05-01,2024-05-01,3,2024-08-01,1524774.8231291657,2489014.2192179477,874112.6122048295,ilheus-IPTU
2024-05-01,2024-05-01,4,2024-09-01,2251010.9817227167,2100481.463482041,874112.6122048295,ilheus-IPTU
2024-05-01,2024-05-01,5,2024-10-01,2022162.6259630015,1995160.7853452666,874112.6122048295,ilheus-IPTU
2024-05-01,2024-05-01,6,2024-11-01,2201702.753328437,1686115.8741374211,874112.6122048295,ilheus-IPTU
2024-05-01,2024-05-01,7,2024-12-01,1694424.8208521737,1836040.9930400217,874112.6122048295,ilheus-IPTU
2024-05-01,2024-05-01,8,2025-01-01,2108465.286890068,2198018.450090136,874112.6122048295,ilheus-IPTU
2024-05-01,2024-05-01,9,2025-02-01,2371216.706139471,5798240.622007964,874112.6122048295,ilheus-IPTU
2024-05-01,2024-05-01,10,2025-03-01,3310719.619677425,5886825.309791307,874112.6122048295,ilheus-IPTU
2024-05-01,2024-05-01,11,2025-04-01,6114395.71252974,5813939.833029844,874112.6122048295,ilheus-IPTU
2024-05-01,2024-05-01,12,2025-05-01,10674921.144211657,3178371.830660097,874112.6122048295,ilheus-IPTU
2024-06-01,2024-06-01,1,2024-07-01,1525676.4134805854,1964167.3427967178,869315.9473684988,ilheus-IPTU
2024-06-01,2024-06-01,2,2024-08-01,1524774.8231291657,2324050.2816879987,869315.9473684988,ilheus-IPTU
2024-06-01,2024-06-01,3,2024-09-01,2251010.9817227167,1961396.4468139901,869315.9473684988,ilheus-IPTU
2024-06-01,2024-06-01,4,2024-10-01,2022162.6259630015,1863170.8665027872,869315.9473684988,ilheus-IPTU
2024-06-01,2024-06-01,5,2024-11-01,2201702.753328437,1574672.7831835966,869315.9473684988,ilheus-IPTU
2024-06-01,2024-06-01,6,2024-12-01,1694424.8208521737,1700561.2282503129,869315.9473684988,ilheus-IPTU
2024-06-01,2024-06-01,7,2025-01-01,2108465.286890068,2053005.3361409318,869315.9473684988,ilheus-IPTU
2024-06-01,2024-06-01,8,2025-02-01,2371216.706139471,5416050.458976053,869315.9473684988,ilheus-IPTU
2024-06-01,2024-06-01,9,2025-03-01,3310719.619677425,5499145.47408331,869315.9473684988,ilheus-IPTU
2024-06-01,2024-06-01,10,2025-04-01,6114395.71252974,5431403.358645087,869315.9473684988,ilheus-IPTU
2024-06-01,2024-06-01,11,2025-05-01,10674921.144211657,2969433.208798781,869315.9473684988,ilheus-IPTU
2024-06-01,2024-06-01,12,2025-06-01,2481588.5542101185,2156873.6240054127,869315.9473684988,ilheus-IPTU
2024-07-01,2024-07-01,1,2024-08-01,1524774.8231291657,2236020.5250308,863051.0914278884,ilheus-IPTU
2024-07-01,2024-07-01,2,2024-09-01,2251010.9817227167,1887133.789786111,863051.0914278884,ilheus-IPTU
2024-07-01,2024-07-01,3,2024-10-01,2022162.6259630015,1792656.1617816358,863051.0914278884,ilheus-IPTU
2024-07-01,2024-07-01,4,2024-11-01,2201702.753328437,1515101.0796347137,863051.0914278884,ilheus-IPTU
2024-07-01,2024-07-01,5,2024-12-01,1694424.8208521737,1636253.1632368527,863051.0914278884,ilheus-IPTU
2024-07-01,2024-07-01,6,2025-01-01,2108465.286890068,2024181.230725936,863051.0914278884,ilheus-IPTU
2024-07-01,2024-07-01,7,2025-02-01,2371216.706139471,5211403.578913723,863051.0914278884,ilheus-IPTU
2024-07-01,2024-07-01,8,2025-03-01,3310719.619677425,5291442.167024429,863051.0914278884,ilheus-IPTU
2024-07-01,2024-07-01,9,2025-04-01,6114395.71252974,5226340.600431043,863051.0914278884,ilheus-IPTU
2024-07-01,2024-07-01,10,2025-05-01,10674921.144211657,2857366.7656362704,863051.0914278884,ilheus-IPTU
2024-07-01,2024-07-01,11,2025-06-01,2481588.5542101185,2075505.413588508,863051.0914278884,ilheus-IPTU
2024-07-01,2024-07-01,12,2025-07-01,3060644.6314035594,1945177.5548572477,863051.0914278884,ilheus-IPTU
2024-08-01,2024-08-01,1,2024-09-01,2251010.9817227167,1792929.6802121012,863401.3576295645,ilheus-IPTU
2024-08-01,2024-08-01,2,2024-10-01,2022162.6259630015,1703193.2631923358,863401.3576295645,ilheus-IPTU
2024-08-01,2024-08-01,3,2024-11-01,2201702.753328437,1439510.6285943494,863401.3576295645,ilheus-IPTU
2024-08-01,2024-08-01,4,2024-12-01,1694424.8208521737,1554640.840218778,863401.3576295645,ilheus-IPTU
2024-08-01,2024-08-01,5,2025-01-01,2108465.286890068,1923247.786906173,863401.3576295645,ilheus-IPTU
2024-08-01,2024-08-01,6,2025-02-01,2371216.706139471,4683387.370306577,863401.3576295645,ilheus-IPTU
2024-08-01,2024-08-01,7,2025-03-01,3310719.619677425,5027734.784116125,863401.3576295645,ilheus-IPTU
2024-08-01,2024-08-01,8,2025-04-01,6114395.71252974,4965948.373131403,863401.3576295645,ilheus-IPTU
2024-08-01,2024-08-01,9,2025-05-01,10674921.144211657,2715042.517064296,863401.3576295645,ilheus-IPTU
2024-08-01,2024-08-01,10,2025-06-01,2481588.5542101185,1972153.1693052326,863401.3576295645,ilheus-IPTU
2024-08-01,2024-08-01,11,2025-07-01,3060644.6314035594,1848341.0857619494,863401.3576295645,ilheus-IPTU
2024-08-01,2024-08-01,12,2025-08-01,3181433.012194698,2186916.0204522144,863401.3576295645,ilheus-IPTU
2024-09-01,2024-09-01,1,2024-10-01,2022162.6259630015,1774135.5203892132,857437.9768163745,ilheus-IPTU
2024-09-01,2024-09-01,2,2024-11-01,2201702.753328437,1499352.8556682647,857437.9768163745,ilheus-IPTU
2024-09-01,2024-09-01,3,2024-12-01,1694424.8208521737,1619143.4398753652,857437.9768163745,ilheus-IPTU
2024-09-01,2024-09-01,4,2025-01-01,2108465.286890068,2002889.2304275522,857437.9768163745,ilheus-IPTU
2024-09-01,2024-09-01,5,2025-02-01,2371216.706139471,4876950.728061903,857437.9768163745,ilheus-IPTU
2024-09-01,2024-09-01,6,2025-03-01,3310719.619677425,5237322.989463043,857437.9768163745,ilheus-IPTU
2024-09-01,2024-09-01,7,2025-04-01,6114395.71252974,5170400.17206946,857437.9768163745,ilheus-IPTU
2024-09-01,2024-09-01,8,2025-05-01,10674921.144211657,2826608.508933299,857437.9768163745,ilheus-IPTU
2024-09-01,2024-09-01,9,2025-06-01,2481588.5542101185,2053037.5563395047,857437.9768163745,ilheus-IPTU
2024-09-01,2024-09-01,10,2025-07-01,3060644.6314035594,1924003.0173086312,857437.9768163745,ilheus-IPTU
2024-09-01,2024-09-01,11,2025-08-01,3181433.012194698,2276267.354283416,857437.9768163745,ilheus-IPTU
2024-09-01,2024-09-01,12,2025-09-01,2176992.6733736745,1920851.7826594873,857437.9768163745,ilheus-IPTU
2024-10-01,2024-10-01,1,2024-11-01,2201702.753328437,1521389.158095392,853457.0656824873,ilheus-IPTU
2024-10-01,2024-10-01,2,2024-12-01,1694424.8208521737,1642837.7310891142,853457.0656824873,ilheus-IPTU
2024-10-01,2024-10-01,3,2025-01-01,2108465.286890068,2032072.8781625982,853457.0656824873,ilheus-IPTU
2024-10-01,2024-10-01,4,2025-02-01,2371216.706139471,4947705.536672805,853457.0656824873,ilheus-IPTU
2024-10-01,2024-10-01,5,2025-03-01,3310719.619677425,5312978.851812016,853457.0656824873,ilheus-IPTU
2024-10-01,2024-10-01,6,2025-04-01,6114395.71252974,5620799.792867476,853457.0656824873,ilheus-IPTU
2024-10-01,2024-10-01,7,2025-05-01,10674921.144211657,2867089.5941324146,853457.0656824873,ilheus-IPTU
2024-10-01,2024-10-01,8,2025-06-01,2481588.5542101185,2082313.5041390844,853457.0656824873,ilheus-IPTU
2024-10-01,2024-10-01,9,2025-07-01,3060644.6314035594,1951320.9618660684,853457.0656824873,ilheus-IPTU
2024-10-01,2024-10-01,10,2025-08-01,3181433.012194698,2308447.9691485516,853457.0656824873,ilheus-IPTU
2024-10-01,2024-10-01,11,2025-09-01,2176992.6733736745,1947891.0113929056,853457.0656824873,ilheus-IPTU
2024-10-01,2024-10-01,12,2025-10-01,3969900.331450771,1850022.4692977078,853457.0656824873,ilheus-IPTU
2024-11-01,2024-11-01,1,2024-12-01,1694424.8208521737,1758797.7129357478,854570.3089230938,ilheus-IPTU
2024-11-01,2024-11-01,2,2025-01-01,2108465.286890068,2175325.9698944204,854570.3089230938,ilheus-IPTU
2024-11-01,2024-11-01,3,2025-02-01,2371216.706139471,5296060.205656054,854570.3089230938,ilheus-IPTU
2024-11-01,2024-11-01,4,2025-03-01,3310719.619677425,5686582.1898396285,854570.3089230938,ilheus-IPTU
2024-11-01,2024-11-01,5,2025-04-01,6114395.71252974,6015554.611637425,854570.3089230938,ilheus-IPTU
2024-11-01,2024-11-01,6,2025-05-01,10674921.144211657,3148731.83861069,854570.3089230938,ilheus-IPTU
2024-11-01,2024-11-01,7,2025-06-01,2481588.5542101185,2228192.951361253,854570.3089230938,ilheus-IPTU
2024-11-01,2024-11-01,8,2025-07-01,3060644.6314035594,2087854.2946896567,854570.3089230938,ilheus-IPTU
2024-11-01,2024-11-01,9,2025-08-01,3181433.012194698,2469770.0507193147,854570.3089230938,ilheus-IPTU
2024-11-01,2024-11-01,10,2025-09-01,2176992.6733736745,2083848.7315675586,854570.3089230938,ilheus-IPTU
2024-11-01,2024-11-01,11,2025-10-01,3969900.331450771,1978990.9117857523,854570.3089230938,ilheus-IPTU
2024-11-01,2024-11-01,12,2025-11-01,2599706.7557239616,1672138.4972089438,854570.3089230938,ilheus-IPTU
2024-12-01,2024-12-01,1,2025-01-01,2108465.286890068,2166435.4268859443,848099.6403725019,ilheus-IPTU
2024-12-01,2024-12-01,2,2025-02-01,2371216.706139471,5274400.125306528,848099.6403725019,ilheus-IPTU
2024-12-01,2024-12-01,3,2025-03-01,3310719.619677425,5663308.773528451,848099.6403725019,ilheus-IPTU
2024-12-01,2024-12-01,4,2025-04-01,6114395.71252974,5990917.792703232,848099.6403725019,ilheus-IPTU
2024-12-01,2024-12-01,5,2025-05-01,10674921.144211657,3135827.2769336617,848099.6403725019,ilheus-IPTU
2024-12-01,2024-12-01,6,2025-06-01,2481588.5542101185,2129496.231468814,848099.6403725019,ilheus-IPTU
2024-12-01,2024-12-01,7,2025-07-01,3060644.6314035594,2079285.8792366062,848099.6403725019,ilheus-IPTU
2024-12-01,2024-12-01,8,2025-08-01,3181433.012194698,2459627.4111308213,848099.6403725019,ilheus-IPTU
2024-12-01,2024-12-01,9,2025-09-01,2176992.6733736745,2075285.1914262539,848099.6403725019,ilheus-IPTU
2024-12-01,2024-12-01,10,2025-10-01,3969900.331450771,1970852.8278938567,848099.6403725019,ilheus-IPTU
2024-12-01,2024-12-01,11,2025-11-01,2599706.7557239616,1665257.6743943188,848099.6403725019,ilheus-IPTU
2024-12-01,2024-12-01,12,2025-12-01,4295550.76,1797933.026871199,848099.6403725019,ilheus-IPTU
2025-01-01,2025-01-01,1,2025-02-01,2371216.706139471,5257355.156963136,843193.8456320835,ilheus-IPTU
2025-01-01,2025-01-01,2,2025-03-01,3310719.619677425,5644981.815439722,843193.8456320835,ilheus-IPTU
2025-01-01,2025-01-01,3,2025-04-01,6114395.71252974,5971504.146813439,843193.8456320835,ilheus-IPTU
2025-01-01,2025-01-01,4,2025-05-01,10674921.144211657,3125651.769357785,843193.8456320835,ilheus-IPTU
2025-01-01,2025-01-01,5,2025-06-01,2481588.5542101185,2122576.8437513015,843193.8456320835,ilheus-IPTU
2025-01-01,2025-01-01,6,2025-07-01,3060644.6314035594,2025610.1332944585,843193.8456320835,ilheus-IPTU
2025-01-01,2025-01-01,7,2025-08-01,3181433.012194698,2451613.8818844394,843193.8456320835,ilheus-IPTU
2025-01-01,2025-01-01,8,2025-09-01,2176992.6733736745,2068514.8711197772,843193.8456320835,ilheus-IPTU
2025-01-01,2025-01-01,9,2025-10-01,3969900.331450771,1964414.7044122727,843193.8456320835,ilheus-IPTU
2025-01-01,2025-01-01,10,2025-11-01,2599706.7557239616,1659810.6789862006,843193.8456320835,ilheus-IPTU
2025-01-01,2025-01-01,11,2025-12-01,4295550.76,1792044.3687546928,843193.8456320835,ilheus-IPTU
2025-02-01,2025-02-01,1,2025-03-01,3310719.619677425,5155681.770986716,838024.6203621906,ilheus-IPTU
2025-02-01,2025-02-01,2,2025-04-01,6114395.71252974,5454352.836795076,838024.6203621906,ilheus-IPTU
2025-02-01,2025-02-01,3,2025-05-01,10674921.144211657,2855195.5426240372,838024.6203621906,ilheus-IPTU
2025-02-01,2025-02-01,4,2025-06-01,2481588.5542101185,1939073.6488090688,838024.6203621906,ilheus-IPTU
2025-02-01,2025-02-01,5,2025-07-01,3060644.6314035594,1850641.1012428363,838024.6203621906,ilheus-IPTU
2025-02-01,2025-02-01,6,2025-08-01,3181433.012194698,2164014.1556741768,838024.6203621906,ilheus-IPTU
2025-02-01,2025-02-01,7,2025-09-01,2176992.6733736745,1890146.3937715965,838024.6203621906,ilheus-IPTU
2025-02-01,2025-02-01,8,2025-10-01,3969900.331450771,1795167.4512277849,838024.6203621906,ilheus-IPTU
2025-02-01,2025-02-01,9,2025-11-01,2599706.7557239616,1516928.7580454252,838024.6203621906,ilheus-IPTU
2025-02-01,2025-02-01,10,2025-12-01,4295550.76,1637910.1631279336,838024.6203621906,ilheus-IPTU
2025-03-01,2025-03-01,1,2025-04-01,6114395.71252974,5125310.810110978,847471.6396031106,ilheus-IPTU
2025-03-01,2025-03-01,2,2025-05-01,10674921.144211657,2683048.7827876764,847471.6396031106,ilheus-IPTU
2025-03-01,2025-03-01,3,2025-06-01,2481588.5542101185,1822227.845124548,847471.6396031106,ilheus-IPTU
2025-03-01,2025-03-01,4,2025-07-01,3060644.6314035594,1739186.552060161,847471.6396031106,ilheus-IPTU
2025-03-01,2025-03-01,5,2025-08-01,3181433.012194698,2033759.4476656958,847471.6396031106,ilheus-IPTU
2025-03-01,2025-03-01,6,2025-09-01,2176992.6733736745,1811258.5372153714,847471.6396031106,ilheus-IPTU
2025-03-01,2025-03-01,7,2025-10-01,3969900.331450771,1687233.8635478092,847471.6396031106,ilheus-IPTU
2025-03-01,2025-03-01,8,2025-11-01,2599706.7557239616,1425774.4075646608,847471.6396031106,ilheus-IPTU
2025-03-01,2025-03-01,9,2025-12-01,4295550.76,1539539.9086337655,847471.6396031106,ilheus-IPTU
2025-04-01,2025-04-01,1,2025-05-01,10674921.144211657,2765397.0546570257,861018.362071019,ilheus-IPTU
2025-04-01,2025-04-01,2,2025-06-01,2481588.5542101185,1878019.39200843,861018.362071019,ilheus-IPTU
2025-04-01,2025-04-01,3,2025-07-01,3060644.6314035594,1792306.0498703711,861018.362071019,ilheus-IPTU
2025-04-01,2025-04-01,4,2025-08-01,3181433.012194698,2095725.1957327002,861018.362071019,ilheus-IPTU
2025-04-01,2025-04-01,5,2025-09-01,2176992.6733736745,1866311.3007124162,861018.362071019,ilheus-IPTU
2025-04-01,2025-04-01,6,2025-10-01,3969900.331450771,1775078.8853128566,861018.362071019,ilheus-IPTU
2025-04-01,2025-04-01,7,2025-11-01,2599706.7557239616,1468901.4140270313,861018.362071019,ilheus-IPTU
2025-04-01,2025-04-01,8,2025-12-01,4295550.76,1585996.0019160172,861018.362071019,ilheus-IPTU
2025-05-01,2025-05-01,1,2025-06-01,2481588.5542101185,2638882.7374988794,916469.6052500417,ilheus-IPTU
2025-05-01,2025-05-01,2,2025-07-01,3060644.6314035594,2517738.082534332,916469.6052500417,ilheus-IPTU
2025-05-01,2025-05-01,3,2025-08-01,3181433.012194698,2943144.4251459097,916469.6052500417,ilheus-IPTU
2025-05-01,2025-05-01,4,2025-09-01,2176992.6733736745,2620237.671542954,916469.6052500417,ilheus-IPTU
2025-05-01,2025-05-01,5,2025-10-01,3969900.331450771,2491461.1310872403,916469.6052500417,ilheus-IPTU
2025-05-01,2025-05-01,6,2025-11-01,2599706.7557239616,2154520.248207236,916469.6052500417,ilheus-IPTU
2025-05-01,2025-05-01,7,2025-12-01,4295550.76,2224844.89351458,916469.6052500417,ilheus-IPTU
2025-06-01,2025-06-01,1,2025-07-01,3060644.6314035594,2489715.837233099,918390.7466278042,ilheus-IPTU
2025-06-01,2025-06-01,2,2025-08-01,3181433.012194698,2910487.381288343,918390.7466278042,ilheus-IPTU
2025-06-01,2025-06-01,3,2025-09-01,2176992.6733736745,2591252.2275132965,918390.7466278042,ilheus-IPTU
2025-06-01,2025-06-01,4,2025-10-01,3969900.331450771,2463984.187706359,918390.7466278042,ilheus-IPTU
2025-06-01,2025-06-01,5,2025-11-01,2599706.7557239616,2130831.562752032,918390.7466278042,ilheus-IPTU
2025-06-01,2025-06-01,6,2025-12-01,4295550.76,2183786.623590884,918390.7466278042,ilheus-IPTU
2025-07-01,2025-07-01,1,2025-08-01,3181433.012194698,3047504.173159399,923752.2898564578,ilheus-IPTU
2025-07-01,2025-07-01,2,2025-09-01,2176992.6733736745,2713166.6782473945,923752.2898564578,ilheus-IPTU
2025-07-01,2025-07-01,3,2025-10-01,3969900.331450771,2579841.0351234367,923752.2898564578,ilheus-IPTU
2025-07-01,2025-07-01,4,2025-11-01,2599706.7557239616,2230963.3730082605,923752.2898564578,ilheus-IPTU
2025-07-01,2025-07-01,5,2025-12-01,4295550.76,2286345.4787265016,923752.2898564578,ilheus-IPTU
2025-08-01,2025-08-01,1,2025-09-01,2176992.6733736745,2742292.7406702708,930070.4441599844,ilheus-IPTU
2025-08-01,2025-08-01,2,2025-10-01,3969900.331450771,2607541.311170322,930070.4441599844,ilheus-IPTU
2025-08-01,2025-08-01,3,2025-11-01,2599706.7557239616,2254922.39538436,930070.4441599844,ilheus-IPTU
2025-08-01,2025-08-01,4,2025-12-01,4295550.76,2310904.0820973306,930070.4441599844,ilheus-IPTU
2025-09-01,2025-09-01,1,2025-10-01,3969900.331450771,2515990.859573368,922753.7592385233,ilheus-IPTU
2025-09-01,2025-09-01,2,2025-11-01,2599706.7557239616,2175885.8798365095,922753.7592385233,ilheus-IPTU
2025-09-01,2025-09-01,3,2025-12-01,4295550.76,2230041.690302898,922753.7592385233,ilheus-IPTU
2025-10-01,2025-10-01,1,2025-11-01,2599706.7557239616,2397720.0455869287,931440.0638677542,ilheus-IPTU
2025-10-01,2025-10-01,2,2025-12-01,4295550.76,2457218.828267484,931440.0638677542,ilheus-IPTU
2025-11-01,2025-11-01,1,2025-12-01,4295550.76,2476571.7306389688,926957.407888996,ilheus-IPTU
2020-12-01,2020-12-01,1,2021-01-01,3833776.027698853,3215113.228760605,885601.6145158762,ilheus-ISSQN
2020-12-01,2020-12-01,2,2021-02-01,1588571.2894411306,3210149.572575407,885601.6145158762,ilheus-ISSQN
2020-12-01,2020-12-01,3,2021-03-01,3669865.341790646,3205185.9163902085,885601.6145158762,ilheus-ISSQN
2020-12-01,2020-12-01,4,2021-04-01,4153557.2956896494,3200222.2602050104,885601.6145158762,ilheus-ISSQN
2020-12-01,2020-12-01,5,2021-05-01,3453122.4012055863,3195258.604019812,885601.6145158762,ilheus-ISSQN
2020-12-01,2020-12-01,6,2021-06-01,3570687.46514713,3190294.9478346137,885601.6145158762,ilheus-ISSQN
2020-12-01,2020-12-01,7,2021-07-01,5196171.231922152,3185331.291649415,885601.6145158762,ilheus-ISSQN
2020-12-01,2020-12-01,8,2021-08-01,4443752.31085364,3180367.635464217,885601.6145158762,ilheus-ISSQN
2020-12-01,2020-12-01,9,2021-09-01,4222245.176809426,3175403.9792790185,885601.6145158762,ilheus-ISSQN
2020-12-01,2020-12-01,10,2021-10-01,2634720.4943755055,3170440.3230938204,885601.6145158762,ilheus-ISSQN
2020-12-01,2020-12-01,11,2021-11-01,1977895.37325985,3165476.666908622,885601.6145158762,ilheus-ISSQN
2020-12-01,2020-12-01,12,2021-12-01,1851041.825639648,3160513.0107234237,885601.6145158762,ilheus-ISSQN
2021-01-01,2021-01-01,1,2021-02-01,1588571.2894411306,3260464.287682279,880346.2880424437,ilheus-ISSQN
2021-01-01,2021-01-01,2,2021-03-01,3669865.341790646,3255945.1183446245,880346.2880424437,ilheus-ISSQN
2021-01-01,2021-01-01,3,2021-04-01,4153557.2956896494,3251425.94900697,880346.2880424437,ilheus-ISSQN
2021-01-01,2021-01-01,4,2021-05-01,3453122.4012055863,3246906.779669315,880346.2880424437,ilheus-ISSQN
2021-01-01,2021-01-01,5,2021-06-01,3570687.46514713,3242387.6103316606,880346.2880424437,ilheus-ISSQN
2021-01-01,2021-01-01,6,2021-07-01,5196171.231922152,3237868.440994006,880346.2880424437,ilheus-ISSQN
2021-01-01,2021-01-01,7,2021-08-01,4443752.31085364,3233349.2716563516,880346.2880424437,ilheus-ISSQN
2021-01-01,2021-01-01,8,2021-09-01,4222245.176809426,3228830.102318697,880346.2880424437,ilheus-ISSQN
2021-01-01,2021-01-01,9,2021-10-01,2634720.4943755055,3224310.9329810427,880346.2880424437,ilheus-ISSQN
2021-01-01,2021-01-01,10,2021-11-01,1977895.37325985,3219791.7636433877,880346.2880424437,ilheus-ISSQN
2021-01-01,2021-01-01,11,2021-12-01,1851041.825639648,3215272.594305733,880346.2880424437,ilheus-ISSQN
2021-01-01,2021-01-01,12,2022-01-01,4595502.996233166,3210753.4249680787,880346.2880424437,ilheus-ISSQN
2021-02-01,2021-02-01,1,2021-03-01,3669865.341790646,3126545.6069484157,888589.8579463329,ilheus-ISSQN
2021-02-01,2021-02-01,2,2021-04-01,4153557.2956896494,3121227.1074424544,888589.8579463329,ilheus-ISSQN
2021-02-01,2021-02-01,3,2021-05-01,3453122.4012055863,3115908.6079364927,888589.8579463329,ilheus-ISSQN
2021-02-01,2021-02-01,4,2021-06-01,3570687.46514713,3110590.1084305313,888589.8579463329,ilheus-ISSQN
2021-02-01,2021-02-01,5,2021-07-01,5196171.231922152,3105271.60892457,888589.8579463329,ilheus-ISSQN
2021-02-01,2021-02-01,6,2021-08-01,4443752.31085364,3099953.1094186082,888589.8579463329,ilheus-ISSQN
2021-02-01,2021-02-01,7,2021-09-01,4222245.176809426,3094634.609912647,888589.8579463329,ilheus-ISSQN
2021-02-01,2021-02-01,8,2021-10-01,2634720.4943755055,3089316.110406685,888589.8579463329,ilheus-ISSQN
2021-02-01,2021-02-01,9,2021-11-01,1977895.37325985,3083997.610900724,888589.8579463329,ilheus-ISSQN
2021-02-01,2021-02-01,10,2021-12-01,1851041.825639648,3078679.111394762,888589.8579463329,ilheus-ISSQN
2021-02-01,2021-02-01,11,2022-01-01,4595502.996233166,3073360.6118888007,888589.8579463329,ilheus-ISSQN
2021-02-01,2021-02-01,12,2022-02-01,3599759.875636779,3068042.1123828394,888589.8579463329,ilheus-ISSQN
2021-03-01,2021-03-01,1,2021-04-01,4153557.2956896494,3162221.385098686,883073.4298261817,ilheus-ISSQN
2021-03-01,2021-03-01,2,2021-05-01,3453122.4012055863,3157266.8353803493,883073.4298261817,ilheus-ISSQN
2021-03-01,2021-03-01,3,2021-06-01,3570687.46514713,3152312.285662013,883073.4298261817,ilheus-ISSQN
2021-03-01,2021-03-01,4,2021-07-01,5196171.231922152,3147357.7359436764,883073.4298261817,ilheus-ISSQN
2021-03-01,2021-03-01,5,2021-08-01,4443752.31085364,3142403.1862253402,883073.4298261817,ilheus-ISSQN
2021-03-01,2021-03-01,6,2021-09-01,4222245.176809426,3137448.636507004,883073.4298261817,ilheus-ISSQN
2021-03-01,2021-03-01,7,2021-10-01,2634720.4943755055,3132494.0867886674,883073.4298261817,ilheus-ISSQN
2021-03-01,2021-03-01,8,2021-11-01,1977895.37325985,3127539.537070331,883073.4298261817,ilheus-ISSQN
2021-03-01,2021-03-01,9,2021-12-01,1851041.825639648,3122584.9873519945,883073.4298261817,ilheus-ISSQN
2021-03-01,2021-03-01,10,2022-01-01,4595502.996233166,3117630.4376336583,883073.4298261817,ilheus-ISSQN
2021-03-01,2021-03-01,11,2022-02-01,3599759.875636779,3112675.887915322,883073.4298261817,ilheus-ISSQN
2021-03-01,2021-03-01,12,2022-03-01,3916152.370216925,3107721.3381969854,883073.4298261817,ilheus-ISSQN
2021-04-01,2021-04-01,1,2021-05-01,3453122.4012055863,3227706.5525810984,869838.3967731856,ilheus-ISSQN
2021-04-01,2021-04-01,2,2021-06-01,3570687.46514713,3223341.00831607,869838.3967731856,ilheus-ISSQN
2021-04-01,2021-04-01,3,2021-07-01,5196171.231922152,3218975.4640510413,869838.3967731856,ilheus-ISSQN
2021-04-01,2021-04-01,4,2021-08-01,4443752.31085364,3214609.9197860127,869838.3967731856,ilheus-ISSQN
2021-04-01,2021-04-01,5,2021-09-01,4222245.176809426,3210244.375520984,869838.3967731856,ilheus-ISSQN
2021-04-01,2021-04-01,6,2021-10-01,2634720.4943755055,3205878.8312559556,869838.3967731856,ilheus-ISSQN
2021-04-01,2021-04-01,7,2021-11-01,1977895.37325985,3201513.286990927,869838.3967731856,ilheus-ISSQN
2021-04-01,2021-04-01,8,2021-12-01,1851041.825639648,3197147.742725899,869838.3967731856,ilheus-ISSQN
2021-04-01,2021-04-01,9,2022-01-01,4595502.996233166,3192782.1984608704,869838.3967731856,ilheus-ISSQN
2021-04-01,2021-04-01,10,2022-02-01,3599759.875636779,3188416.654195842,869838.3967731856,ilheus-ISSQN
2021-04-01,2021-04-01,11,2022-03-01,3916152.370216925,3184051.1099308133,869838.3967731856,ilheus-ISSQN
2021-04-01,2021-04-01,12,2022-04-01,4291180.637975705,3179685.5656657848,869838.3967731856,ilheus-ISSQN
2021-05-01,2021-05-01,1,2021-06-01,3570687.46514713,3240707.7769828797,873505.6528754403,ilheus-ISSQN
2021-05-01,2021-05-01,2,2021-07-01,5196171.231922152,3236541.012079822,873505.6528754403,ilheus-ISSQN
2021-05-01,2021-05-01,3,2021-08-01,4443752.31085364,3232374.2471767645,873505.6528754403,ilheus-ISSQN
2021-05-01,2021-05-01,4,2021-09-01,4222245.176809426,3228207.4822737067,873505.6528754403,ilheus-ISSQN
2021-05-01,2021-05-01,5,2021-10-01,2634720.4943755055,3224040.717370649,873505.6528754403,ilheus-ISSQN
2021-05-01,2021-05-01,6,2021-11-01,1977895.37325985,3219873.9524675915,873505.6528754403,ilheus-ISSQN
2021-05-01,2021-05-01,7,2021-12-01,1851041.825639648,3215707.1875645337,873505.6528754403,ilheus-ISSQN
2021-05-01,2021-05-01,8,2022-01-01,4595502.996233166,3211540.4226614763,873505.6528754403,ilheus-ISSQN
2021-05-01,2021-05-01,9,2022-02-01,3599759.875636779,3207373.6577584185,873505.6528754403,ilheus-ISSQN
2021-05-01,2021-05-01,10,2022-03-01,3916152.370216925,3203206.8928553606,873505.6528754403,ilheus-ISSQN
2021-05-01,2021-05-01,11,2022-04-01,4291180.637975705,3199040.1279523033,873505.6528754403,ilheus-ISSQN
2021-05-01,2021-05-01,12,2022-05-01,5257128.1446916275,3194873.3630492454,873505.6528754403,ilheus-ISSQN
2021-06-01,2021-06-01,1,2021-07-01,5196171.231922152,3261537.0350224273,872481.1593890731,ilheus-ISSQN
2021-06-01,2021-06-01,2,2021-08-01,4443752.31085364,3257615.4402174675,872481.1593890731,ilheus-ISSQN
2021-06-01,2021-06-01,3,2021-09-01,4222245.176809426,3253693.845412507,872481.1593890731,ilheus-ISSQN
2021-06-01,2021-06-01,4,2021-10-01,2634720.4943755055,3249772.250607547,872481.1593890731,ilheus-ISSQN
2021-06-01,2021-06-01,5,2021-11-01,1977895.37325985,3245850.6558025866,872481.1593890731,ilheus-ISSQN
2021-06-01,2021-06-01,6,2021-12-01,1851041.825639648,3241929.0609976267,872481.1593890731,ilheus-ISSQN
2021-06-01,2021-06-01,7,2022-01-01,4595502.996233166,3238007.4661926664,872481.1593890731,ilheus-ISSQN
2021-06-01,2021-06-01,8,2022-02-01,3599759.875636779,3234085.871387706,872481.1593890731,ilheus-ISSQN
2021-06-01,2021-06-01,9,2022-03-01,3916152.370216925,3230164.276582746,872481.1593890731,ilheus-ISSQN
2021-06-01,2021-06-01,10,2022-04-01,4291180.637975705,3226242.681777786,872481.1593890731,ilheus-ISSQN
2021-06-01,2021-06-01,11,2022-05-01,5257128.1446916275,3222321.0869728257,872481.1593890731,ilheus-ISSQN
2021-06-01,2021-06-01,12,2022-06-01,5307608.8770729955,3218399.4921678654,872481.1593890731,ilheus-ISSQN
2021-07-01,2021-07-01,1,2021-08-01,4443752.31085364,3410145.785505935,870448.9488895449,ilheus-ISSQN
2021-07-01,2021-07-01,2,2021-09-01,4222245.176809426,3407226.519226801,870448.9488895449,ilheus-ISSQN
2021-07-01,2021-07-01,3,2021-10-01,2634720.4943755055,3404307.252947667,870448.9488895449,ilheus-ISSQN
2021-07-01,2021-07-01,4,2021-11-01,1977895.37325985,3401387.986668533,870448.9488895449,ilheus-ISSQN
2021-07-01,2021-07-01,5,2021-12-01,1851041.825639648,3398468.720389399,870448.9488895449,ilheus-ISSQN
2021-07-01,2021-07-01,6,2022-01-01,4595502.996233166,3395549.454110265,870448.9488895449,ilheus-ISSQN
2021-07-01,2021-07-01,7,2022-02-01,3599759.875636779,3392630.187831131,870448.9488895449,ilheus-ISSQN
2021-07-01,2021-07-01,8,2022-03-01,3916152.370216925,3389710.921551997,870448.9488895449,ilheus-ISSQN
2021-07-01,2021-07-01,9,2022-04-01,4291180.637975705,3386791.655272863,870448.9488895449,ilheus-ISSQN
2021-07-01,2021-07-01,10,2022-05-01,5257128.1446916275,3383872.388993729,870448.9488895449,ilheus-ISSQN
2021-07-01,2021-07-01,11,2022-06-01,5307608.8770729955,3380953.122714595,870448.9488895449,ilheus-ISSQN
2021-07-01,2021-07-01,12,2022-07-01,4379280.2105701715,3378033.856435461,870448.9488895449,ilheus-ISSQN
2021-08-01,2021-08-01,1,2021-09-01,4222245.176809426,3531690.38151838,874474.7730374555,ilheus-ISSQN
2021-08-01,2021-08-01,2,2021-10-01,2634720.4943755055,3529354.4862208166,874474.7730374555,ilheus-ISSQN
2021-08-01,2021-08-01,3,2021-11-01,1977895.37325985,3527018.590923254,874474.7730374555,ilheus-ISSQN
2021-08-01,2021-08-01,4,2021-12-01,1851041.825639648,3524682.695625691,874474.7730374555,ilheus-ISSQN
2021-08-01,2021-08-01,5,2022-01-01,4595502.996233166,3522346.800328128,874474.7730374555,ilheus-ISSQN
2021-08-01,2021-08-01,6,2022-02-01,3599759.875636779,3520010.9050305653,874474.7730374555,ilheus-ISSQN
2021-08-01,2021-08-01,7,2022-03-01,3916152.370216925,3517675.0097330026,874474.7730374555,ilheus-ISSQN
2021-08-01,2021-08-01,8,2022-04-01,4291180.637975705,3515339.1144354395,874474.7730374555,ilheus-ISSQN
2021-08-01,2021-08-01,9,2022-05-01,5257128.1446916275,3513003.2191378768,874474.7730374555,ilheus-ISSQN
2021-08-01,2021-08-01,10,2022-06-01,5307608.8770729955,3510667.3238403136,874474.7730374555,ilheus-ISSQN
2021-08-01,2021-08-01,11,2022-07-01,4379280.2105701715,3508331.428542751,874474.7730374555,ilheus-ISSQN
2021-08-01,2021-08-01,12,2022-08-01,4468730.572282989,3505995.533245188,874474.7730374555,ilheus-ISSQN
2021-09-01,2021-09-01,1,2021-10-01,2634720.4943755055,3631048.0346321007,869484.2300280825,ilheus-ISSQN
2021-09-01,2021-09-01,2,2021-11-01,1977895.37325985,3629155.4133420796,869484.2300280825,ilheus-ISSQN
2021-09-01,2021-09-01,3,2021-12-01,1851041.825639648,3627262.792052059,869484.2300280825,ilheus-ISSQN
2021-09-01,2021-09-01,4,2022-01-01,4595502.996233166,3625370.1707620383,869484.2300280825,ilheus-ISSQN
2021-09-01,2021-09-01,5,2022-02-01,3599759.875636779,3623477.549472017,869484.2300280825,ilheus-ISSQN
2021-09-01,2021-09-01,6,2022-03-01,3916152.370216925,3621584.9281819966,869484.2300280825,ilheus-ISSQN
2021-09-01,2021-09-01,7,2022-04-01,4291180.637975705,3619692.306891976,869484.2300280825,ilheus-ISSQN
2021-09-01,2021-09-01,8,2022-05-01,5257128.1446916275,3617799.685601955,869484.2300280825,ilheus-ISSQN
2021-09-01,2021-09-01,9,2022-06-01,5307608.8770729955,3615907.064311934,869484.2300280825,ilheus-ISSQN
2021-09-01,2021-09-01,10,2022-07-01,4379280.2105701715,3614014.4430219135,869484.2300280825,ilheus-ISSQN
2021-09-01,2021-09-01,11,2022-08-01,4468730.572282989,3612121.8217318924,869484.2300280825,ilheus-ISSQN
2021-09-01,2021-09-01,12,2022-09-01,5802108.660436498,3610229.200441872,869484.2300280825,ilheus-ISSQN
2021-10-01,2021-10-01,1,2021-11-01,1977895.37325985,3489512.143444799,870019.3496107172,ilheus-ISSQN
2021-10-01,2021-10-01,2,2021-12-01,1851041.825639648,3487333.050425143,870019.3496107172,ilheus-ISSQN
2021-10-01,2021-10-01,3,2022-01-01,4595502.996233166,3485153.957405487,870019.3496107172,ilheus-ISSQN
2021-10-01,2021-10-01,4,2022-02-01,3599759.875636779,3482974.864385831,870019.3496107172,ilheus-ISSQN
2021-10-01,2021-10-01,5,2022-03-01,3916152.370216925,3480795.7713661753,870019.3496107172,ilheus-ISSQN
2021-10-01,2021-10-01,6,2022-04-01,4291180.637975705,3478616.6783465194,870019.3496107172,ilheus-ISSQN
2021-10-01,2021-10-01,7,2022-05-01,5257128.1446916275,3476437.585326864,870019.3496107172,ilheus-ISSQN
2021-10-01,2021-10-01,8,2022-06-01,5307608.8770729955,3474258.492307208,870019.3496107172,ilheus-ISSQN
2021-10-01,2021-10-01,9,2022-07-01,4379280.2105701715,3472079.399287552,870019.3496107172,ilheus-ISSQN
2021-10-01,2021-10-01,10,2022-08-01,4468730.572282989,3469900.306267896,870019.3496107172,ilheus-ISSQN
2021-10-01,2021-10-01,11,2022-09-01,5802108.660436498,3467721.2132482403,870019.3496107172,ilheus-ISSQN
2021-10-01,2021-10-01,12,2022-10-01,3184201.4593452825,3465542.1202285844,870019.3496107172,ilheus-ISSQN
2021-11-01,2021-11-01,1,2021-12-01,1851041.825639648,3342505.6192277176,866339.0218317595,ilheus-ISSQN
2021-11-01,2021-11-01,2,2022-01-01,4595502.996233166,3339779.518518265,866339.0218317595,ilheus-ISSQN
2021-11-01,2021-11-01,3,2022-02-01,3599759.875636779,3337053.417808812,866339.0218317595,ilheus-ISSQN
2021-11-01,2021-11-01,4,2022-03-01,3916152.370216925,3334327.3170993594,866339.0218317595,ilheus-ISSQN
2021-11-01,2021-11-01,5,2022-04-01,4291180.637975705,3331601.2163899066,866339.0218317595,ilheus-ISSQN
2021-11-01,2021-11-01,6,2022-05-01,5257128.1446916275,3328875.115680454,866339.0218317595,ilheus-ISSQN
2021-11-01,2021-11-01,7,2022-06-01,5307608.8770729955,3326149.014971001,866339.0218317595,ilheus-ISSQN
2021-11-01,2021-11-01,8,2022-07-01,4379280.2105701715,3323422.9142615483,866339.0218317595,ilheus-ISSQN
2021-11-01,2021-11-01,9,2022-08-01,4468730.572282989,3320696.8135520956,866339.0218317595,ilheus-ISSQN
2021-11-01,2021-11-01,10,2022-09-01,5802108.660436498,3317970.7128426433,866339.0218317595,ilheus-ISSQN
2021-11-01,2021-11-01,11,2022-10-01,3184201.4593452825,3315244.6121331905,866339.0218317595,ilheus-ISSQN
2021-11-01,2021-11-01,12,2022-11-01,2246811.650573443,3312518.5114237377,866339.0218317595,ilheus-ISSQN
2021-12-01,2021-12-01,1,2022-01-01,4595502.996233166,3244509.5643686936,862076.6934729686,ilheus-ISSQN
2021-12-01,2021-12-01,2,2022-02-01,3599759.875636779,3241223.5996376392,862076.6934729686,ilheus-ISSQN
2021-12-01,2021-12-01,3,2022-03-01,3916152.370216925,3237937.6349065853,862076.6934729686,ilheus-ISSQN
2021-12-01,2021-12-01,4,2022-04-01,4291180.637975705,3234651.670175531,862076.6934729686,ilheus-ISSQN
2021-12-01,2021-12-01,5,2022-05-01,5257128.1446916275,3231365.7054444766,862076.6934729686,ilheus-ISSQN
2021-12-01,2021-12-01,6,2022-06-01,5307608.8770729955,3228079.7407134227,862076.6934729686,ilheus-ISSQN
2021-12-01,2021-12-01,7,2022-07-01,4379280.2105701715,3224793.7759823683,862076.6934729686,ilheus-ISSQN
2021-12-01,2021-12-01,8,2022-08-01,4468730.572282989,3221507.811251314,862076.6934729686,ilheus-ISSQN
2021-12-01,2021-12-01,9,2022-09-01,5802108.660436498,3218221.84652026,862076.6934729686,ilheus-ISSQN
2021-12-01,2021-12-01,10,2022-10-01,3184201.4593452825,3214935.8817892056,862076.6934729686,ilheus-ISSQN
2021-12-01,2021-12-01,11,2022-11-01,2246811.650573443,3211649.917058151,862076.6934729686,ilheus-ISSQN
2021-12-01,2021-12-01,12,2022-12-01,5275407.576307106,3208363.952327097,862076.6934729686,ilheus-ISSQN
2022-01-01,2022-01-01,1,2022-02-01,3599759.875636779,3317627.3268439695,860702.0397066857,ilheus-ISSQN
2022-01-01,2022-01-01,2,2022-03-01,3916152.370216925,3314949.1137913214,860702.0397066857,ilheus-ISSQN
2022-01-01,2022-01-01,3,2022-04-01,4291180.637975705,3312270.900738673,860702.0397066857,ilheus-ISSQN
2022-01-01,2022-01-01,4,2022-05-01,5257128.1446916275,3309592.6876860247,860702.0397066857,ilheus-ISSQN
2022-01-01,2022-01-01,5,2022-06-01,5307608.8770729955,3306914.474633376,860702.0397066857,ilheus-ISSQN
2022-01-01,2022-01-01,6,2022-07-01,4379280.2105701715,3304236.261580728,860702.0397066857,ilheus-ISSQN
2022-01-01,2022-01-01,7,2022-08-01,4468730.572282989,3301558.0485280794,860702.0397066857,ilheus-ISSQN
2022-01-01,2022-01-01,8,2022-09-01,5802108.660436498,3298879.8354754313,860702.0397066857,ilheus-ISSQN
2022-01-01,2022-01-01,9,2022-10-01,3184201.4593452825,3296201.6224227827,860702.0397066857,ilheus-ISSQN
2022-01-01,2022-01-01,10,2022-11-01,2246811.650573443,3293523.4093701346,860702.0397066857,ilheus-ISSQN
2022-01-01,2022-01-01,11,2022-12-01,5275407.576307106,3290845.196317486,860702.0397066857,ilheus-ISSQN
2022-01-01,2022-01-01,12,2023-01-01,7044916.168374341,3288166.983264838,860702.0397066857,ilheus-ISSQN
2022-02-01,2022-02-01,1,2022-03-01,3916152.370216925,3332582.7551609147,876249.1551997798,ilheus-ISSQN
2022-02-01,2022-02-01,2,2022-04-01,4291180.637975705,3330073.7595124864,876249.1551997798,ilheus-ISSQN
2022-02-01,2022-02-01,3,2022-05-01,5257128.1446916275,3327564.7638640576,876249.1551997798,ilheus-ISSQN
2022-02-01,2022-02-01,4,2022-06-01,5307608.8770729955,3325055.7682156293,876249.1551997798,ilheus-ISSQN
2022-02-01,2022-02-01,5,2022-07-01,4379280.2105701715,3322546.7725672005,876249.1551997798,ilheus-ISSQN
2022-02-01,2022-02-01,6,2022-08-01,4468730.572282989,3320037.776918772,876249.1551997798,ilheus-ISSQN
2022-02-01,2022-02-01,7,2022-09-01,5802108.660436498,3317528.7812703433,876249.1551997798,ilheus-ISSQN
2022-02-01,2022-02-01,8,2022-10-01,3184201.4593452825,3315019.785621915,876249.1551997798,ilheus-ISSQN
2022-02-01,2022-02-01,9,2022-11-01,2246811.650573443,3312510.789973486,876249.1551997798,ilheus-ISSQN
2022-02-01,2022-02-01,10,2022-12-01,5275407.576307106,3310001.794325058,876249.1551997798,ilheus-ISSQN
2022-02-01,2022-02-01,11,2023-01-01,7044916.168374341,3307492.798676629,876249.1551997798,ilheus-ISSQN
2022-02-01,2022-02-01,12,2023-02-01,5490957.798547088,3304983.8030282008,876249.1551997798,ilheus-ISSQN
2022-03-01,2022-03-01,1,2022-04-01,4291180.637975705,3366626.9854181134,867849.6601761332,ilheus-ISSQN
2022-03-01,2022-03-01,2,2022-05-01,5257128.1446916275,3364401.7467868947,867849.6601761332,ilheus-ISSQN
2022-03-01,2022-03-01,3,2022-06-01,5307608.8770729955,3362176.5081556765,867849.6601761332,ilheus-ISSQN
2022-03-01,2022-03-01,4,2022-07-01,4379280.2105701715,3359951.269524458,867849.6601761332,ilheus-ISSQN
2022-03-01,2022-03-01,5,2022-08-01,4468730.572282989,3357726.030893239,867849.6601761332,ilheus-ISSQN
2022-03-01,2022-03-01,6,2022-09-01,5802108.660436498,3355500.792262021,867849.6601761332,ilheus-ISSQN
2022-03-01,2022-03-01,7,2022-10-01,3184201.4593452825,3353275.5536308023,867849.6601761332,ilheus-ISSQN
2022-03-01,2022-03-01,8,2022-11-01,2246811.650573443,3351050.314999584,867849.6601761332,ilheus-ISSQN
2022-03-01,2022-03-01,9,2022-12-01,5275407.576307106,3348825.0763683654,867849.6601761332,ilheus-ISSQN
2022-03-01,2022-03-01,10,2023-01-01,7044916.168374341,3346599.8377371468,867849.6601761332,ilheus-ISSQN
2022-03-01,2022-03-01,11,2023-02-01,5490957.798547088,3344374.5991059286,867849.6601761332,ilheus-ISSQN
2022-03-01,2022-03-01,12,2023-03-01,5017034.708914244,3342149.36047471,867849.6601761332,ilheus-ISSQN
2022-04-01,2022-04-01,1,2022-05-01,5257128.1446916275,3703140.6040843255,858241.4191512637,ilheus-ISSQN
2022-04-01,2022-04-01,2,2022-06-01,5307608.8770729955,3374618.477191067,858241.4191512637,ilheus-ISSQN
2022-04-01,2022-04-01,3,2022-07-01,4379280.2105701715,4439668.412963897,858241.4191512637,ilheus-ISSQN
2022-04-01,2022-04-01,4,2022-08-01,4468730.572282989,4235278.392723261,858241.4191512637,ilheus-ISSQN
2022-04-01,2022-04-01,5,2022-09-01,5802108.660436498,3992785.462957087,858241.4191512637,ilheus-ISSQN
2022-04-01,2022-04-01,6,2022-10-01,3184201.4593452825,3748920.7041746615,858241.4191512637,ilheus-ISSQN
2022-04-01,2022-04-01,7,2022-11-01,2246811.650573443,2902499.864485727,858241.4191512637,ilheus-ISSQN
2022-04-01,2022-04-01,8,2022-12-01,5275407.576307106,4048085.3879865063,858241.4191512637,ilheus-ISSQN
2022-04-01,2022-04-01,9,2023-01-01,7044916.168374341,3528859.2855302435,858241.4191512637,ilheus-ISSQN
2022-04-01,2022-04-01,10,2023-02-01,5490957.798547088,2449497.140142758,858241.4191512637,ilheus-ISSQN
2022-04-01,2022-04-01,11,2023-03-01,5017034.708914244,3524425.5118361413,858241.4191512637,ilheus-ISSQN
2022-04-01,2022-04-01,12,2023-04-01,5120423.472637157,3654324.886950895,858241.4191512637,ilheus-ISSQN
2022-05-01,2022-05-01,1,2022-06-01,5307608.8770729955,3599095.328168382,870524.072714053,ilheus-ISSQN
2022-05-01,2022-05-01,2,2022-07-01,4379280.2105701715,3598026.5911731035,870524.072714053,ilheus-ISSQN
2022-05-01,2022-05-01,3,2022-08-01,4468730.572282989,3596957.8541778256,870524.072714053,ilheus-ISSQN
2022-05-01,2022-05-01,4,2022-09-01,5802108.660436498,3595889.117182547,870524.072714053,ilheus-ISSQN
2022-05-01,2022-05-01,5,2022-10-01,3184201.4593452825,3594820.380187269,870524.072714053,ilheus-ISSQN
2022-05-01,2022-05-01,6,2022-11-01,2246811.650573443,3593751.6431919904,870524.072714053,ilheus-ISSQN
2022-05-01,2022-05-01,7,2022-12-01,5275407.576307106,3592682.9061967125,870524.072714053,ilheus-ISSQN
2022-05-01,2022-05-01,8,2023-01-01,7044916.168374341,3591614.169201434,870524.072714053,ilheus-ISSQN
2022-05-01,2022-05-01,9,2023-02-01,5490957.798547088,3590545.4322061557,870524.072714053,ilheus-ISSQN
2022-05-01,2022-05-01,10,2023-03-01,5017034.708914244,3589476.695210878,870524.072714053,ilheus-ISSQN
2022-05-01,2022-05-01,11,2023-04-01,5120423.472637157,3588407.9582155994,870524.072714053,ilheus-ISSQN
2022-05-01,2022-05-01,12,2023-05-01,5944098.506612575,3587339.221220321,870524.072714053,ilheus-ISSQN
2022-06-01,2022-06-01,1,2022-07-01,4379280.2105701715,3827476.6469799327,881631.7309090763,ilheus-ISSQN
2022-06-01,2022-06-01,2,2022-08-01,4468730.572282989,3827124.824101787,881631.7309090763,ilheus-ISSQN
2022-06-01,2022-06-01,3,2022-09-01,5802108.660436498,3826773.0012236414,881631.7309090763,ilheus-ISSQN
2022-06-01,2022-06-01,4,2022-10-01,3184201.4593452825,3826421.178345496,881631.7309090763,ilheus-ISSQN
2022-06-01,2022-06-01,5,2022-11-01,2246811.650573443,3826069.35546735,881631.7309090763,ilheus-ISSQN
2022-06-01,2022-06-01,6,2022-12-01,5275407.576307106,3825717.5325892046,881631.7309090763,ilheus-ISSQN
2022-06-01,2022-06-01,7,2023-01-01,7044916.168374341,3825365.709711059,881631.7309090763,ilheus-ISSQN
2022-06-01,2022-06-01,8,2023-02-01,5490957.798547088,3825013.8868329134,881631.7309090763,ilheus-ISSQN
2022-06-01,2022-06-01,9,2023-03-01,5017034.708914244,3824662.063954768,881631.7309090763,ilheus-ISSQN
2022-06-01,2022-06-01,10,2023-04-01,5120423.472637157,3824310.241076622,881631.7309090763,ilheus-ISSQN
2022-06-01,2022-06-01,11,2023-05-01,5944098.506612575,3823958.4181984765,881631.7309090763,ilheus-ISSQN
2022-06-01,2022-06-01,12,2023-06-01,5820348.99620249,3823606.595320331,881631.7309090763,ilheus-ISSQN
2022-07-01,2022-07-01,1,2022-08-01,4468730.572282989,4817619.629793411,880812.2282564548,ilheus-ISSQN
2022-07-01,2022-07-01,2,2022-09-01,5802108.660436498,4543725.969616031,880812.2282564548,ilheus-ISSQN
2022-07-01,2022-07-01,3,2022-10-01,3184201.4593452825,4268036.530322233,880812.2282564548,ilheus-ISSQN
2022-07-01,2022-07-01,4,2022-11-01,2246811.650573443,3146465.083715079,880812.2282564548,ilheus-ISSQN
2022-07-01,2022-07-01,5,2022-12-01,5275407.576307106,4235278.167719369,880812.2282564548,ilheus-ISSQN
2022-07-01,2022-07-01,6,2023-01-01,7044916.168374341,4140312.316812715,880812.2282564548,ilheus-ISSQN
2022-07-01,2022-07-01,7,2023-02-01,5490957.798547088,2793461.9200265305,880812.2282564548,ilheus-ISSQN
2022-07-01,2022-07-01,8,2023-03-01,5017034.708914244,4021058.676420461,880812.2282564548,ilheus-ISSQN
2022-07-01,2022-07-01,9,2023-04-01,5120423.472637157,4171051.8943171073,880812.2282564548,ilheus-ISSQN
2022-07-01,2022-07-01,10,2023-05-01,5944098.506612575,4203139.05425871,880812.2282564548,ilheus-ISSQN
2022-07-01,2022-07-01,11,2023-06-01,5820348.99620249,3831894.084918179,880812.2282564548,ilheus-ISSQN
2022-07-01,2022-07-01,12,2023-07-01,6410704.047477755,5043415.148417599,880812.2282564548,ilheus-ISSQN
2022-08-01,2022-08-01,1,2022-09-01,5802108.660436498,4461959.983283959,870114.3036711158,ilheus-ISSQN
2022-08-01,2022-08-01,2,2022-10-01,3184201.4593452825,4191375.726128783,870114.3036711158,ilheus-ISSQN
2022-08-01,2022-08-01,3,2022-11-01,2246811.650573443,3090055.720407406,870114.3036711158,ilheus-ISSQN
2022-08-01,2022-08-01,4,2022-12-01,5275407.576307106,4159491.712131078,870114.3036711158,ilheus-ISSQN
2022-08-01,2022-08-01,5,2023-01-01,7044916.168374341,4066364.992227126,870114.3036711158,ilheus-ISSQN
2022-08-01,2022-08-01,6,2023-02-01,5490957.798547088,2888844.8817551546,870114.3036711158,ilheus-ISSQN
2022-08-01,2022-08-01,7,2023-03-01,5017034.708914244,3949512.8749491647,870114.3036711158,ilheus-ISSQN
2022-08-01,2022-08-01,8,2023-04-01,5120423.472637157,4096978.201652007,870114.3036711158,ilheus-ISSQN
2022-08-01,2022-08-01,9,2023-05-01,5944098.506612575,4128637.535843598,870114.3036711158,ilheus-ISSQN
2022-08-01,2022-08-01,10,2023-06-01,5820348.99620249,3764102.4474833147,870114.3036711158,ilheus-ISSQN
2022-08-01,2022-08-01,11,2023-07-01,6410704.047477755,4954360.437483106,870114.3036711158,ilheus-ISSQN
2022-08-01,2022-08-01,12,2023-08-01,5321090.6821164945,4728457.003155865,870114.3036711158,ilheus-ISSQN
2022-09-01,2022-09-01,1,2022-10-01,3184201.4593452825,4435606.9081956865,878876.6392261275,ilheus-ISSQN
2022-09-01,2022-09-01,2,2022-11-01,2246811.650573443,3270588.280742881,878876.6392261275,ilheus-ISSQN
2022-09-01,2022-09-01,3,2022-12-01,5275407.576307106,4403144.446947054,878876.6392261275,ilheus-ISSQN
2022-09-01,2022-09-01,4,2023-01-01,7044916.168374341,4305188.063839323,878876.6392261275,ilheus-ISSQN
2022-09-01,2022-09-01,5,2023-02-01,5490957.798547088,3058955.00247453,878876.6392261275,ilheus-ISSQN
2022-09-01,2022-09-01,6,2023-03-01,5017034.708914244,4193478.1398748625,878876.6392261275,ilheus-ISSQN
2022-09-01,2022-09-01,7,2023-04-01,5120423.472637157,4339490.070675109,878876.6392261275,ilheus-ISSQN
2022-09-01,2022-09-01,8,2023-05-01,5944098.506612575,4373658.666035459,878876.6392261275,ilheus-ISSQN
2022-09-01,2022-09-01,9,2023-06-01,5820348.99620249,3988068.8250737637,878876.6392261275,ilheus-ISSQN
2022-09-01,2022-09-01,10,2023-07-01,6410704.047477755,5249910.315683961,878876.6392261275,ilheus-ISSQN
2022-09-01,2022-09-01,11,2023-08-01,5321090.6821164945,5011258.44905633,878876.6392261275,ilheus-ISSQN
2022-09-01,2022-09-01,12,2023-09-01,4693378.384150494,4727204.701169635,878876.6392261275,ilheus-ISSQN
2022-10-01,2022-10-01,1,2022-11-01,2246811.650573443,3091318.302096171,874859.6188083673,ilheus-ISSQN
2022-10-01,2022-10-01,2,2022-12-01,5275407.576307106,4161654.619070839,874859.6188083673,ilheus-ISSQN
2022-10-01,2022-10-01,3,2023-01-01,7044916.168374341,4068932.495508789,874859.6188083673,ilheus-ISSQN
2022-10-01,2022-10-01,4,2023-02-01,5490957.798547088,2890990.7624501516,874859.6188083673,ilheus-ISSQN
2022-10-01,2022-10-01,5,2023-03-01,5017034.708914244,3963083.835876285,874859.6188083673,ilheus-ISSQN
2022-10-01,2022-10-01,6,2023-04-01,5120423.472637157,4131210.206501395,874859.6188083673,ilheus-ISSQN
2022-10-01,2022-10-01,7,2023-05-01,5944098.506612575,4133084.5684710494,874859.6188083673,ilheus-ISSQN
2022-10-01,2022-10-01,8,2023-06-01,5820348.99620249,3768576.3503497015,874859.6188083673,ilheus-ISSQN
2022-10-01,2022-10-01,9,2023-07-01,6410704.047477755,4960801.266056448,874859.6188083673,ilheus-ISSQN
2022-10-01,2022-10-01,10,2023-08-01,5321090.6821164945,4735131.2329180725,874859.6188083673,ilheus-ISSQN
2022-10-01,2022-10-01,11,2023-09-01,4693378.384150494,4466577.804105696,874859.6188083673,ilheus-ISSQN
2022-10-01,2022-10-01,12,2023-10-01,2707167.420455185,4196180.490333915,874859.6188083673,ilheus-ISSQN
2022-11-01,2022-11-01,1,2022-12-01,5275407.576307106,3984256.7337011187,867559.0966216832,ilheus-ISSQN
2022-11-01,2022-11-01,2,2023-01-01,7044916.168374341,3895309.035882538,867559.0966216832,ilheus-ISSQN
2022-11-01,2022-11-01,3,2023-02-01,5490957.798547088,2767504.2224095226,867559.0966216832,ilheus-ISSQN
2022-11-01,2022-11-01,4,2023-03-01,5017034.708914244,3793630.2915360187,867559.0966216832,ilheus-ISSQN
2022-11-01,2022-11-01,5,2023-04-01,5120423.472637157,3954387.2478546146,867559.0966216832,ilheus-ISSQN
2022-11-01,2022-11-01,6,2023-05-01,5944098.506612575,4107318.8416455537,867559.0966216832,ilheus-ISSQN
2022-11-01,2022-11-01,7,2023-06-01,5820348.99620249,3606945.2034124653,867559.0966216832,ilheus-ISSQN
2022-11-01,2022-11-01,8,2023-07-01,6410704.047477755,4747819.716403342,867559.0966216832,ilheus-ISSQN
2022-11-01,2022-11-01,9,2023-08-01,5321090.6821164945,4531631.390256619,867559.0966216832,ilheus-ISSQN
2022-11-01,2022-11-01,10,2023-09-01,4693378.384150494,4274424.279826417,867559.0966216832,ilheus-ISSQN
2022-11-01,2022-11-01,11,2023-10-01,2707167.420455185,4015476.187664053,867559.0966216832,ilheus-ISSQN
2022-11-01,2022-11-01,12,2023-11-01,4091370.0444003586,2960569.604399439,867559.0966216832,ilheus-ISSQN
2022-12-01,2022-12-01,1,2023-01-01,7044916.168374341,4046611.2123347763,897997.271074609,ilheus-ISSQN
2022-12-01,2022-12-01,2,2023-02-01,5490957.798547088,2875360.220322281,897997.271074609,ilheus-ISSQN
2022-12-01,2022-12-01,3,2023-03-01,5017034.708914244,3941970.4880941757,897997.271074609,ilheus-ISSQN
2022-12-01,2022-12-01,4,2023-04-01,5120423.472637157,4109528.037037685,897997.271074609,ilheus-ISSQN
2022-12-01,2022-12-01,5,2023-05-01,5944098.506612575,4268994.009399396,897997.271074609,ilheus-ISSQN
2022-12-01,2022-12-01,6,2023-06-01,5820348.99620249,3938257.287402363,897997.271074609,ilheus-ISSQN
2022-12-01,2022-12-01,7,2023-07-01,6410704.047477755,4935942.288192533,897997.271074609,ilheus-ISSQN
2022-12-01,2022-12-01,8,2023-08-01,5321090.6821164945,4711777.550243605,897997.271074609,ilheus-ISSQN
2022-12-01,2022-12-01,9,2023-09-01,4693378.384150494,4444901.785570677,897997.271074609,ilheus-ISSQN
2022-12-01,2022-12-01,10,2023-10-01,2707167.420455185,4176148.4242153172,897997.271074609,ilheus-ISSQN
2022-12-01,2022-12-01,11,2023-11-01,4091370.0444003586,3079416.7426262763,897997.271074609,ilheus-ISSQN
2022-12-01,2022-12-01,12,2023-12-01,4824284.21153272,4145961.2097567758,897997.271074609,ilheus-ISSQN
2023-01-01,2023-01-01,1,2023-02-01,5490957.798547088,3231136.039643292,916249.2228518628,ilheus-ISSQN
2023-01-01,2023-01-01,2,2023-03-01,5017034.708914244,4430733.933754646,916249.2228518628,ilheus-ISSQN
2023-01-01,2023-01-01,3,2023-04-01,5120423.472637157,4620122.784424616,916249.2228518628,ilheus-ISSQN
2023-01-01,2023-01-01,4,2023-05-01,5944098.506612575,4800498.403922938,916249.2228518628,ilheus-ISSQN
2023-01-01,2023-01-01,5,2023-06-01,5820348.99620249,4429595.115440704,916249.2228518628,ilheus-ISSQN
2023-01-01,2023-01-01,6,2023-07-01,6410704.047477755,5415144.093569123,916249.2228518628,ilheus-ISSQN
2023-01-01,2023-01-01,7,2023-08-01,5321090.6821164945,5302038.680727486,916249.2228518628,ilheus-ISSQN
2023-01-01,2023-01-01,8,2023-09-01,4693378.384150494,5002870.800814246,916249.2228518628,ilheus-ISSQN
2023-01-01,2023-01-01,9,2023-10-01,2707167.420455185,4701451.889414504,916249.2228518628,ilheus-ISSQN
2023-01-01,2023-01-01,10,2023-11-01,4091370.0444003586,3467555.63550831,916249.2228518628,ilheus-ISSQN
2023-01-01,2023-01-01,11,2023-12-01,4824284.21153272,4669593.264658096,916249.2228518628,ilheus-ISSQN
2023-01-01,2023-01-01,12,2024-01-01,6855005.067285447,4566955.192721752,916249.2228518628,ilheus-ISSQN
2023-02-01,2023-02-01,1,2023-03-01,5017034.708914244,5417061.237088861,927585.83564324,ilheus-ISSQN
2023-02-01,2023-02-01,2,2023-04-01,5120423.472637157,5649479.071126261,927585.83564324,ilheus-ISSQN
2023-02-01,2023-02-01,3,2023-05-01,5944098.506612575,5870944.410160128,927585.83564324,ilheus-ISSQN
2023-02-01,2023-02-01,4,2023-06-01,5820348.99620249,5418166.682990537,927585.83564324,ilheus-ISSQN
2023-02-01,2023-02-01,5,2023-07-01,6410704.047477755,6624681.112188374,927585.83564324,ilheus-ISSQN
2023-02-01,2023-02-01,6,2023-08-01,5321090.6821164945,6344098.813222933,927585.83564324,ilheus-ISSQN
2023-02-01,2023-02-01,7,2023-09-01,4693378.384150494,6122197.378548132,927585.83564324,ilheus-ISSQN
2023-02-01,2023-02-01,8,2023-10-01,2707167.420455185,5754220.301653289,927585.83564324,ilheus-ISSQN
2023-02-01,2023-02-01,9,2023-11-01,4091370.0444003586,4244673.746214752,927585.83564324,ilheus-ISSQN
2023-02-01,2023-02-01,10,2023-12-01,4824284.21153272,5716974.558015469,927585.83564324,ilheus-ISSQN
2023-02-01,2023-02-01,11,2024-01-01,6855005.067285447,5592168.1857836805,927585.83564324,ilheus-ISSQN
2023-02-01,2023-02-01,12,2024-02-01,9086542.543679124,3975079.680683686,927585.83564324,ilheus-ISSQN
2023-03-01,2023-03-01,1,2023-04-01,5120423.472637157,5473893.443583182,929577.7494714478,ilheus-ISSQN
2023-03-01,2023-03-01,2,2023-05-01,5944098.506612575,5688968.467209203,929577.7494714478,ilheus-ISSQN
2023-03-01,2023-03-01,3,2023-06-01,5820348.99620249,5250679.3791756425,929577.7494714478,ilheus-ISSQN
2023-03-01,2023-03-01,4,2023-07-01,6410704.047477755,6420452.734272274,929577.7494714478,ilheus-ISSQN
2023-03-01,2023-03-01,5,2023-08-01,5321090.6821164945,6149051.181945834,929577.7494714478,ilheus-ISSQN
2023-03-01,2023-03-01,6,2023-09-01,4693378.384150494,6011488.897405504,929577.7494714478,ilheus-ISSQN
2023-03-01,2023-03-01,7,2023-10-01,2707167.420455185,5578269.760616694,929577.7494714478,ilheus-ISSQN
2023-03-01,2023-03-01,8,2023-11-01,4091370.0444003586,4115235.6350941034,929577.7494714478,ilheus-ISSQN
2023-03-01,2023-03-01,9,2023-12-01,4824284.21153272,5543116.087372338,929577.7494714478,ilheus-ISSQN
2023-03-01,2023-03-01,10,2024-01-01,6855005.067285447,5422570.63796772,929577.7494714478,ilheus-ISSQN
2023-03-01,2023-03-01,11,2024-02-01,9086542.543679124,3854855.195397454,929577.7494714478,ilheus-ISSQN
2023-03-01,2023-03-01,12,2024-03-01,7043675.816064964,5287265.190179585,929577.7494714478,ilheus-ISSQN
2023-04-01,2023-04-01,1,2023-05-01,5944098.506612575,5590791.953765128,928437.5799849707,ilheus-ISSQN
2023-04-01,2023-04-01,2,2023-06-01,5820348.99620249,5160420.234590266,928437.5799849707,ilheus-ISSQN
2023-04-01,2023-04-01,3,2023-07-01,6410704.047477755,6310517.11033495,928437.5799849707,ilheus-ISSQN
2023-04-01,2023-04-01,4,2023-08-01,5321090.6821164945,6044175.839500574,928437.5799849707,ilheus-ISSQN
2023-04-01,2023-04-01,5,2023-09-01,4693378.384150494,5909363.159955993,928437.5799849707,ilheus-ISSQN
2023-04-01,2023-04-01,6,2023-10-01,2707167.420455185,5233096.008967999,928437.5799849707,ilheus-ISSQN
2023-04-01,2023-04-01,7,2023-11-01,4091370.0444003586,4045875.5493123387,928437.5799849707,ilheus-ISSQN
2023-04-01,2023-04-01,8,2023-12-01,4824284.21153272,5450060.445700266,928437.5799849707,ilheus-ISSQN
2023-04-01,2023-04-01,9,2024-01-01,6855005.067285447,5331900.761747881,928437.5799849707,ilheus-ISSQN
2023-04-01,2023-04-01,10,2024-02-01,9086542.543679124,3790655.914907939,928437.5799849707,ilheus-ISSQN
2023-04-01,2023-04-01,11,2024-03-01,7043675.816064964,5199562.552334419,928437.5799849707,ilheus-ISSQN
2023-04-01,2023-04-01,12,2024-04-01,5890123.897076042,5423461.083276761,928437.5799849707,ilheus-ISSQN
2023-05-01,2023-05-01,1,2023-06-01,5820348.99620249,5263028.222576768,925724.4651752627,ilheus-ISSQN
2023-05-01,2023-05-01,2,2023-07-01,6410704.047477755,6436454.865894293,925724.4651752627,ilheus-ISSQN
2023-05-01,2023-05-01,3,2023-08-01,5321090.6821164945,6165239.827888421,925724.4651752627,ilheus-ISSQN
2023-05-01,2023-05-01,4,2023-09-01,4693378.384150494,6028157.98234353,925724.4651752627,ilheus-ISSQN
2023-05-01,2023-05-01,5,2023-10-01,2707167.420455185,5338677.212620682,925724.4651752627,ilheus-ISSQN
2023-05-01,2023-05-01,6,2023-11-01,4091370.0444003586,3920952.37564185,925724.4651752627,ilheus-ISSQN
2023-05-01,2023-05-01,7,2023-12-01,4824284.21153272,5560811.542029357,925724.4651752627,ilheus-ISSQN
2023-05-01,2023-05-01,8,2024-01-01,6855005.067285447,5440637.585452911,925724.4651752627,ilheus-ISSQN
2023-05-01,2023-05-01,9,2024-02-01,9086542.543679124,3868235.815494,925724.4651752627,ilheus-ISSQN
2023-05-01,2023-05-01,10,2024-03-01,7043675.816064964,5306353.488893863,925724.4651752627,ilheus-ISSQN
2023-05-01,2023-05-01,11,2024-04-01,5890123.897076042,5535242.440699531,925724.4651752627,ilheus-ISSQN
2023-05-01,2023-05-01,12,2024-05-01,5072550.794914876,5753497.111103705,925724.4651752627,ilheus-ISSQN
2023-06-01,2023-06-01,1,2023-07-01,6410704.047477755,6615195.364922289,921135.7502191985,ilheus-ISSQN
2023-06-01,2023-06-01,2,2023-08-01,5321090.6821164945,6336934.360573917,921135.7502191985,ilheus-ISSQN
2023-06-01,2023-06-01,3,2023-09-01,4693378.384150494,6196509.113653118,921135.7502191985,ilheus-ISSQN
2023-06-01,2023-06-01,4,2023-10-01,2707167.420455185,5488192.193432749,921135.7502191985,ilheus-ISSQN
2023-06-01,2023-06-01,5,2023-11-01,4091370.0444003586,4031070.0408106986,921135.7502191985,ilheus-ISSQN
2023-06-01,2023-06-01,6,2023-12-01,4824284.21153272,5742042.746737112,921135.7502191985,ilheus-ISSQN
2023-06-01,2023-06-01,7,2024-01-01,6855005.067285447,5594286.107066091,921135.7502191985,ilheus-ISSQN
2023-06-01,2023-06-01,8,2024-02-01,9086542.543679124,3977780.2673139395,921135.7502191985,ilheus-ISSQN
2023-06-01,2023-06-01,9,2024-03-01,7043675.816064964,5457037.571695139,921135.7502191985,ilheus-ISSQN
2023-06-01,2023-06-01,10,2024-04-01,5890123.897076042,5692857.076447174,921135.7502191985,ilheus-ISSQN
2023-06-01,2023-06-01,11,2024-05-01,5072550.794914876,5917773.618971241,921135.7502191985,ilheus-ISSQN
2023-06-01,2023-06-01,12,2024-06-01,2370445.2289252775,5462998.341658873,921135.7502191985,ilheus-ISSQN
2023-07-01,2023-07-01,1,2023-08-01,5321090.6821164945,6278740.364853719,933336.7182047851,ilheus-ISSQN
2023-07-01,2023-07-01,2,2023-09-01,4693378.384150494,6139993.255011285,933336.7182047851,ilheus-ISSQN
2023-07-01,2023-07-01,3,2023-10-01,2707167.420455185,5438480.1866867235,933336.7182047851,ilheus-ISSQN
2023-07-01,2023-07-01,4,2023-11-01,4091370.0444003586,3994808.5748800347,933336.7182047851,ilheus-ISSQN
2023-07-01,2023-07-01,5,2023-12-01,4824284.21153272,5690748.5124038365,933336.7182047851,ilheus-ISSQN
2023-07-01,2023-07-01,6,2024-01-01,6855005.067285447,5810428.326827412,933336.7182047851,ilheus-ISSQN
2023-07-01,2023-07-01,7,2024-02-01,9086542.543679124,3942741.5168552375,933336.7182047851,ilheus-ISSQN
2023-07-01,2023-07-01,8,2024-03-01,7043675.816064964,5409307.407709867,933336.7182047851,ilheus-ISSQN
2023-07-01,2023-07-01,9,2024-04-01,5890123.897076042,5643417.16462916,933336.7182047851,ilheus-ISSQN
2023-07-01,2023-07-01,10,2024-05-01,5072550.794914876,5866746.596701289,933336.7182047851,ilheus-ISSQN
2023-07-01,2023-07-01,11,2024-06-01,2370445.2289252775,5416230.185877521,933336.7182047851,ilheus-ISSQN
2023-07-01,2023-07-01,12,2024-07-01,3169539.203390758,6624679.909101905,933336.7182047851,ilheus-ISSQN
2023-08-01,2023-08-01,1,2023-09-01,4693378.384150494,5894207.855237927,932456.5376790104,ilheus-ISSQN
2023-08-01,2023-08-01,2,2023-10-01,2707167.420455185,5221060.639050216,932456.5376790104,ilheus-ISSQN
2023-08-01,2023-08-01,3,2023-11-01,4091370.0444003586,3835312.4498775047,932456.5376790104,ilheus-ISSQN
2023-08-01,2023-08-01,4,2023-12-01,4824284.21153272,5463836.777152819,932456.5376790104,ilheus-ISSQN
2023-08-01,2023-08-01,5,2024-01-01,6855005.067285447,5579046.424789647,932456.5376790104,ilheus-ISSQN
2023-08-01,2023-08-01,6,2024-02-01,9086542.543679124,4014327.552769246,932456.5376790104,ilheus-ISSQN
2023-08-01,2023-08-01,7,2024-03-01,7043675.816064964,5194459.528401785,932456.5376790104,ilheus-ISSQN
2023-08-01,2023-08-01,8,2024-04-01,5890123.897076042,5419562.547217638,932456.5376790104,ilheus-ISSQN
2023-08-01,2023-08-01,9,2024-05-01,5072550.794914876,5634335.961537422,932456.5376790104,ilheus-ISSQN
2023-08-01,2023-08-01,10,2024-06-01,2370445.2289252775,5201945.656764058,932456.5376790104,ilheus-ISSQN
2023-08-01,2023-08-01,11,2024-07-01,3169539.203390758,6362925.558280464,932456.5376790104,ilheus-ISSQN
2023-08-01,2023-08-01,12,2024-08-01,3889341.9897266403,6095929.779233885,932456.5376790104,ilheus-ISSQN
2023-09-01,2023-09-01,1,2023-10-01,2707167.420455185,4983498.66200266,934351.9542231717,ilheus-ISSQN
2023-09-01,2023-09-01,2,2023-11-01,4091370.0444003586,3660970.3813405433,934351.9542231717,ilheus-ISSQN
2023-09-01,2023-09-01,3,2023-12-01,4824284.21153272,5215704.761570376,934351.9542231717,ilheus-ISSQN
2023-09-01,2023-09-01,4,2024-01-01,6855005.067285447,5325924.890535248,934351.9542231717,ilheus-ISSQN
2023-09-01,2023-09-01,5,2024-02-01,9086542.543679124,3832371.566730549,934351.9542231717,ilheus-ISSQN
2023-09-01,2023-09-01,6,2024-03-01,7043675.816064964,4953219.477378099,934351.9542231717,ilheus-ISSQN
2023-09-01,2023-09-01,7,2024-04-01,5890123.897076042,5174380.99733749,934351.9542231717,ilheus-ISSQN
2023-09-01,2023-09-01,8,2024-05-01,5072550.794914876,5379681.153522657,934351.9542231717,ilheus-ISSQN
2023-09-01,2023-09-01,9,2024-06-01,2370445.2289252775,4967057.604526296,934351.9542231717,ilheus-ISSQN
2023-09-01,2023-09-01,10,2024-07-01,3169539.203390758,6075888.269695494,934351.9542231717,ilheus-ISSQN
2023-09-01,2023-09-01,11,2024-08-01,3889341.9897266403,5821198.455543444,934351.9542231717,ilheus-ISSQN
2023-09-01,2023-09-01,12,2024-09-01,5508903.5798269035,5693066.566870252,934351.9542231717,ilheus-ISSQN
2023-10-01,2023-10-01,1,2023-11-01,4091370.0444003586,3259429.6303106975,929486.8700175006,ilheus-ISSQN
2023-10-01,2023-10-01,2,2023-12-01,4824284.21153272,4643807.646581409,929486.8700175006,ilheus-ISSQN
2023-10-01,2023-10-01,3,2024-01-01,6855005.067285447,4742114.722472517,929486.8700175006,ilheus-ISSQN
2023-10-01,2023-10-01,4,2024-02-01,9086542.543679124,3412403.6104615675,929486.8700175006,ilheus-ISSQN
2023-10-01,2023-10-01,5,2024-03-01,7043675.816064964,4410583.903273714,929486.8700175006,ilheus-ISSQN
2023-10-01,2023-10-01,6,2024-04-01,5890123.897076042,4597415.089413626,929486.8700175006,ilheus-ISSQN
2023-10-01,2023-10-01,7,2024-05-01,5072550.794914876,4790671.840887066,929486.8700175006,ilheus-ISSQN
2023-10-01,2023-10-01,8,2024-06-01,2370445.2289252775,4423384.797611146,929486.8700175006,ilheus-ISSQN
2023-10-01,2023-10-01,9,2024-07-01,3169539.203390758,5411042.059944088,929486.8700175006,ilheus-ISSQN
2023-10-01,2023-10-01,10,2024-08-01,3889341.9897266403,5184407.273645017,929486.8700175006,ilheus-ISSQN
2023-10-01,2023-10-01,11,2024-09-01,5508903.5798269035,5070473.432479204,929486.8700175006,ilheus-ISSQN
2023-10-01,2023-10-01,12,2024-10-01,2820464.6937535256,4491713.997783811,929486.8700175006,ilheus-ISSQN
2023-11-01,2023-11-01,1,2023-12-01,4824284.21153272,4954499.56644359,939119.2018470734,ilheus-ISSQN
2023-11-01,2023-11-01,2,2024-01-01,6855005.067285447,5059457.558553451,939119.2018470734,ilheus-ISSQN
2023-11-01,2023-11-01,3,2024-02-01,9086542.543679124,3640814.9759882856,939119.2018470734,ilheus-ISSQN
2023-11-01,2023-11-01,4,2024-03-01,7043675.816064964,4705877.3781834375,939119.2018470734,ilheus-ISSQN
2023-11-01,2023-11-01,5,2024-04-01,5890123.897076042,4905288.15411481,939119.2018470734,ilheus-ISSQN
2023-11-01,2023-11-01,6,2024-05-01,5072550.794914876,5166277.286344121,939119.2018470734,ilheus-ISSQN
2023-11-01,2023-11-01,7,2024-06-01,2370445.2289252775,4719739.9248953825,939119.2018470734,ilheus-ISSQN
2023-11-01,2023-11-01,8,2024-07-01,3169539.203390758,5773650.71544561,939119.2018470734,ilheus-ISSQN
2023-11-01,2023-11-01,9,2024-08-01,3889341.9897266403,5531907.966069566,939119.2018470734,ilheus-ISSQN
2023-11-01,2023-11-01,10,2024-09-01,5508903.5798269035,5410414.908164925,939119.2018470734,ilheus-ISSQN
2023-11-01,2023-11-01,11,2024-10-01,2820464.6937535256,4792922.062354391,939119.2018470734,ilheus-ISSQN
2023-11-01,2023-11-01,12,2024-11-01,2956552.948719671,3521103.6790039176,939119.2018470734,ilheus-ISSQN
2023-12-01,2023-12-01,1,2024-01-01,6855005.067285447,5026074.862552991,934035.9118775664,ilheus-ISSQN
2023-12-01,2023-12-01,2,2024-02-01,9086542.543679124,3616894.2304984843,934035.9118775664,ilheus-ISSQN
2023-12-01,2023-12-01,3,2024-03-01,7043675.816064964,4675090.09406142,934035.9118775664,ilheus-ISSQN
2023-12-01,2023-12-01,4,2024-04-01,5890123.897076042,4873332.628865454,934035.9118775664,ilheus-ISSQN
2023-12-01,2023-12-01,5,2024-05-01,5072550.794914876,5132764.867753178,934035.9118775664,ilheus-ISSQN
2023-12-01,2023-12-01,6,2024-06-01,2370445.2289252775,4771127.757280565,934035.9118775664,ilheus-ISSQN
2023-12-01,2023-12-01,7,2024-07-01,3169539.203390758,5736517.754773598,934035.9118775664,ilheus-ISSQN
2023-12-01,2023-12-01,8,2024-08-01,3889341.9897266403,5496482.274102429,934035.9118775664,ilheus-ISSQN
2023-12-01,2023-12-01,9,2024-09-01,5508903.5798269035,5375916.096868955,934035.9118775664,ilheus-ISSQN
2023-12-01,2023-12-01,10,2024-10-01,2820464.6937535256,4762492.206255311,934035.9118775664,ilheus-ISSQN
2023-12-01,2023-12-01,11,2024-11-01,2956552.948719671,3498844.963834626,934035.9118775664,ilheus-ISSQN
2023-12-01,2023-12-01,12,2024-12-01,5455209.451691351,4985055.258687059,934035.9118775664,ilheus-ISSQN
2024-01-01,2024-01-01,1,2024-02-01,9086542.543679124,3883512.693412186,926364.5220756213,ilheus-ISSQN
2024-01-01,2024-01-01,2,2024-03-01,7043675.816064964,5019895.906529093,926364.5220756213,ilheus-ISSQN
2024-01-01,2024-01-01,3,2024-04-01,5890123.897076042,5232949.631788922,926364.5220756213,ilheus-ISSQN
2024-01-01,2024-01-01,4,2024-05-01,5072550.794914876,5511725.842971867,926364.5220756213,ilheus-ISSQN
2024-01-01,2024-01-01,5,2024-06-01,2370445.2289252775,5123573.69927374,926364.5220756213,ilheus-ISSQN
2024-01-01,2024-01-01,6,2024-07-01,3169539.203390758,6182733.748929494,926364.5220756213,ilheus-ISSQN
2024-01-01,2024-01-01,7,2024-08-01,3889341.9897266403,5902936.068728902,926364.5220756213,ilheus-ISSQN
2024-01-01,2024-01-01,8,2024-09-01,5508903.5798269035,5773661.684634595,926364.5220756213,ilheus-ISSQN
2024-01-01,2024-01-01,9,2024-10-01,2820464.6937535256,5115036.026109079,926364.5220756213,ilheus-ISSQN
2024-01-01,2024-01-01,10,2024-11-01,2956552.948719671,3757981.6314558466,926364.5220756213,ilheus-ISSQN
2024-01-01,2024-01-01,11,2024-12-01,5455209.451691351,5354456.964089895,926364.5220756213,ilheus-ISSQN
2024-01-01,2024-01-01,12,2025-01-01,8082815.120692073,5468162.003412582,926364.5220756213,ilheus-ISSQN
2024-02-01,2024-02-01,1,2024-03-01,7043675.816064964,8632153.611553432,953601.4631272173,ilheus-ISSQN
2024-02-01,2024-02-01,2,2024-04-01,5890123.897076042,8996279.503153186,953601.4631272173,ilheus-ISSQN
2024-02-01,2024-02-01,3,2024-05-01,5072550.794914876,9473187.675607283,953601.4631272173,ilheus-ISSQN
2024-02-01,2024-02-01,4,2024-06-01,2370445.2289252775,8803875.2761587,953601.4631272173,ilheus-ISSQN
2024-02-01,2024-02-01,5,2024-07-01,3169539.203390758,10621210.31232309,953601.4631272173,ilheus-ISSQN
2024-02-01,2024-02-01,6,2024-08-01,3889341.9897266403,9993392.600032294,953601.4631272173,ilheus-ISSQN
2024-02-01,2024-02-01,7,2024-09-01,5508903.5798269035,9913581.13801874,953601.4631272173,ilheus-ISSQN
2024-02-01,2024-02-01,8,2024-10-01,2820464.6937535256,8780538.025245616,953601.4631272173,ilheus-ISSQN
2024-02-01,2024-02-01,9,2024-11-01,2956552.948719671,6449417.475833589,953601.4631272173,ilheus-ISSQN
2024-02-01,2024-02-01,10,2024-12-01,5455209.451691351,9187024.673213465,953601.4631272173,ilheus-ISSQN
2024-02-01,2024-02-01,11,2025-01-01,8082815.120692073,9379823.003555687,953601.4631272173,ilheus-ISSQN
2024-02-01,2024-02-01,12,2025-02-01,5641292.016177281,6748465.826067267,953601.4631272173,ilheus-ISSQN
2024-03-01,2024-03-01,1,2024-04-01,5890123.897076042,7448563.652293147,964440.247410283,ilheus-ISSQN
2024-03-01,2024-03-01,2,2024-05-01,5072550.794914876,7845499.147377901,964440.247410283,ilheus-ISSQN
2024-03-01,2024-03-01,3,2024-06-01,2370445.2289252775,7293112.917513709,964440.247410283,ilheus-ISSQN
2024-03-01,2024-03-01,4,2024-07-01,3169539.203390758,8800907.511498787,964440.247410283,ilheus-ISSQN
2024-03-01,2024-03-01,5,2024-08-01,3889341.9897266403,8282864.65481326,964440.247410283,ilheus-ISSQN
2024-03-01,2024-03-01,6,2024-09-01,5508903.5798269035,7994022.428363841,964440.247410283,ilheus-ISSQN
2024-03-01,2024-03-01,7,2024-10-01,2820464.6937535256,7281425.393659574,964440.247410283,ilheus-ISSQN
2024-03-01,2024-03-01,8,2024-11-01,2956552.948719671,5349697.939687291,964440.247410283,ilheus-ISSQN
2024-03-01,2024-03-01,9,2024-12-01,5455209.451691351,7622491.103879317,964440.247410283,ilheus-ISSQN
2024-03-01,2024-03-01,10,2025-01-01,8082815.120692073,7784482.3304917505,964440.247410283,ilheus-ISSQN
2024-03-01,2024-03-01,11,2025-02-01,5641292.016177281,5602127.333787878,964440.247410283,ilheus-ISSQN
2024-03-01,2024-03-01,12,2025-03-01,4954483.22587178,7241416.029689443,964440.247410283,ilheus-ISSQN
2024-04-01,2024-04-01,1,2024-05-01,5072550.794914876,7129151.087828696,962492.8491805689,ilheus-ISSQN
2024-04-01,2024-04-01,2,2024-06-01,2370445.2289252775,6628163.613270075,962492.8491805689,ilheus-ISSQN
2024-04-01,2024-04-01,3,2024-07-01,3169539.203390758,7999643.492151377,962492.8491805689,ilheus-ISSQN
2024-04-01,2024-04-01,4,2024-08-01,3889341.9897266403,7529852.769886529,962492.8491805689,ilheus-ISSQN
2024-04-01,2024-04-01,5,2024-09-01,5508903.5798269035,7268317.279273452,962492.8491805689,ilheus-ISSQN
2024-04-01,2024-04-01,6,2024-10-01,2820464.6937535256,6239716.232342136,962492.8491805689,ilheus-ISSQN
2024-04-01,2024-04-01,7,2024-11-01,2956552.948719671,4865444.477680421,962492.8491805689,ilheus-ISSQN
2024-04-01,2024-04-01,8,2024-12-01,5455209.451691351,6933497.085343017,962492.8491805689,ilheus-ISSQN
2024-04-01,2024-04-01,9,2025-01-01,8082815.120692073,7081856.996822172,962492.8491805689,ilheus-ISSQN
2024-04-01,2024-04-01,10,2025-02-01,5641292.016177281,5097206.752506333,962492.8491805689,ilheus-ISSQN
2024-04-01,2024-04-01,11,2025-03-01,4954483.22587178,6589682.425929537,962492.8491805689,ilheus-ISSQN
2024-04-01,2024-04-01,12,2025-04-01,6055601.279153026,6870343.238663096,962492.8491805689,ilheus-ISSQN
2024-05-01,2024-05-01,1,2024-06-01,2370445.2289252775,6133153.517982549,961592.4022747979,ilheus-ISSQN
2024-05-01,2024-05-01,2,2024-07-01,3169539.203390758,7402940.105621281,961592.4022747979,ilheus-ISSQN
2024-05-01,2024-05-01,3,2024-08-01,3889341.9897266403,6968879.614314409,961592.4022747979,ilheus-ISSQN
2024-05-01,2024-05-01,4,2024-09-01,5508903.5798269035,6727490.875714813,961592.4022747979,ilheus-ISSQN
2024-05-01,2024-05-01,5,2024-10-01,2820464.6937535256,5775993.965399599,961592.4022747979,ilheus-ISSQN
2024-05-01,2024-05-01,6,2024-11-01,2956552.948719671,4500188.697002693,961592.4022747979,ilheus-ISSQN
2024-05-01,2024-05-01,7,2024-12-01,5455209.451691351,6419470.350363023,961592.4022747979,ilheus-ISSQN
2024-05-01,2024-05-01,8,2025-01-01,8082815.120692073,6557470.285763786,961592.4022747979,ilheus-ISSQN
2024-05-01,2024-05-01,9,2025-02-01,5641292.016177281,4720235.173155262,961592.4022747979,ilheus-ISSQN
2024-05-01,2024-05-01,10,2025-03-01,4954483.22587178,6102924.133968485,961592.4022747979,ilheus-ISSQN
2024-05-01,2024-05-01,11,2025-04-01,6055601.279153026,6363468.673438595,961592.4022747979,ilheus-ISSQN
2024-05-01,2024-05-01,12,2025-05-01,6458044.631085712,6704074.083959655,961592.4022747979,ilheus-ISSQN
2024-06-01,2024-06-01,1,2024-07-01,3169539.203390758,6570854.7395906905,985987.6117356059,ilheus-ISSQN
2024-06-01,2024-06-01,2,2024-08-01,3889341.9897266403,6186019.426598689,985987.6117356059,ilheus-ISSQN
2024-06-01,2024-06-01,3,2024-09-01,5508903.5798269035,5972168.269766773,985987.6117356059,ilheus-ISSQN
2024-06-01,2024-06-01,4,2024-10-01,2820464.6937535256,5127860.064997853,985987.6117356059,ilheus-ISSQN
2024-06-01,2024-06-01,5,2024-11-01,2956552.948719671,3995494.9866919005,985987.6117356059,ilheus-ISSQN
2024-06-01,2024-06-01,6,2024-12-01,5455209.451691351,5604003.8999359775,985987.6117356059,ilheus-ISSQN
2024-06-01,2024-06-01,7,2025-01-01,8082815.120692073,5822866.142569937,985987.6117356059,ilheus-ISSQN
2024-06-01,2024-06-01,8,2025-02-01,5641292.016177281,4191739.5577061833,985987.6117356059,ilheus-ISSQN
2024-06-01,2024-06-01,9,2025-03-01,4954483.22587178,5419992.947144777,985987.6117356059,ilheus-ISSQN
2024-06-01,2024-06-01,10,2025-04-01,6055601.279153026,5651772.519759736,985987.6117356059,ilheus-ISSQN
2024-06-01,2024-06-01,11,2025-05-01,6458044.631085712,5954694.673757087,985987.6117356059,ilheus-ISSQN
2024-06-01,2024-06-01,12,2025-06-01,5018115.34229184,5537048.32764871,985987.6117356059,ilheus-ISSQN
2024-07-01,2024-07-01,1,2024-08-01,3889341.9897266403,5563962.055433636,1007882.5363215416,ilheus-ISSQN
2024-07-01,2024-07-01,2,2024-09-01,5508903.5798269035,5371924.837672177,1007882.5363215416,ilheus-ISSQN
2024-07-01,2024-07-01,3,2024-10-01,2820464.6937535256,4612740.21111374,1007882.5363215416,ilheus-ISSQN
2024-07-01,2024-07-01,4,2024-11-01,2956552.948719671,3594332.8111311346,1007882.5363215416,ilheus-ISSQN
2024-07-01,2024-07-01,5,2024-12-01,5455209.451691351,5041629.425784845,1007882.5363215416,ilheus-ISSQN
2024-07-01,2024-07-01,6,2025-01-01,8082815.120692073,5381416.123615826,1007882.5363215416,ilheus-ISSQN
2024-07-01,2024-07-01,7,2025-02-01,5641292.016177281,3771517.756513189,1007882.5363215416,ilheus-ISSQN
2024-07-01,2024-07-01,8,2025-03-01,4954483.22587178,4876914.783596581,1007882.5363215416,ilheus-ISSQN
2024-07-01,2024-07-01,9,2025-04-01,6055601.279153026,5085757.265968271,1007882.5363215416,ilheus-ISSQN
2024-07-01,2024-07-01,10,2025-05-01,6458044.631085712,5358643.8223467255,1007882.5363215416,ilheus-ISSQN
2024-07-01,2024-07-01,11,2025-06-01,5018115.34229184,4983082.4813292455,1007882.5363215416,ilheus-ISSQN
2024-07-01,2024-07-01,12,2025-07-01,5248927.023642473,6015379.510271402,1007882.5363215416,ilheus-ISSQN
2024-08-01,2024-08-01,1,2024-09-01,5508903.5798269035,3628959.871044301,1011958.1724375833,ilheus-ISSQN
2024-08-01,2024-08-01,2,2024-10-01,2820464.6937535256,3117808.0854126965,1011958.1724375833,ilheus-ISSQN
2024-08-01,2024-08-01,3,2024-11-01,2956552.948719671,2430781.823299955,1011958.1724375833,ilheus-ISSQN
2024-08-01,2024-08-01,4,2024-12-01,5455209.451691351,3411419.223406311,1011958.1724375833,ilheus-ISSQN
2024-08-01,2024-08-01,5,2025-01-01,8082815.120692073,3643312.300686302,1011958.1724375833,ilheus-ISSQN
2024-08-01,2024-08-01,6,2025-02-01,5641292.016177281,2947753.648113256,1011958.1724375833,ilheus-ISSQN
2024-08-01,2024-08-01,7,2025-03-01,4954483.22587178,3305322.465366839,1011958.1724375833,ilheus-ISSQN
2024-08-01,2024-08-01,8,2025-04-01,6055601.279153026,3448716.512362496,1011958.1724375833,ilheus-ISSQN
2024-08-01,2024-08-01,9,2025-05-01,6458044.631085712,3635709.2936231047,1011958.1724375833,ilheus-ISSQN
2024-08-01,2024-08-01,10,2025-06-01,5018115.34229184,3382703.406152372,1011958.1724375833,ilheus-ISSQN
2024-08-01,2024-08-01,11,2025-07-01,5248927.023642473,4085635.9141389024,1011958.1724375833,ilheus-ISSQN
2024-08-01,2024-08-01,12,2025-08-01,5721230.173206262,3848511.676723955,1011958.1724375833,ilheus-ISSQN
2024-09-01,2024-09-01,1,2024-10-01,2820464.6937535256,3926599.2317510354,1010087.382182715,ilheus-ISSQN
2024-09-01,2024-09-01,2,2024-11-01,2956552.948719671,3060123.385907858,1010087.382182715,ilheus-ISSQN
2024-09-01,2024-09-01,3,2024-12-01,5455209.451691351,4292936.302000597,1010087.382182715,ilheus-ISSQN
2024-09-01,2024-09-01,4,2025-01-01,8082815.120692073,4582925.298234785,1010087.382182715,ilheus-ISSQN
2024-09-01,2024-09-01,5,2025-02-01,5641292.016177281,3706510.3567529907,1010087.382182715,ilheus-ISSQN
2024-09-01,2024-09-01,6,2025-03-01,4954483.22587178,4357055.035233402,1010087.382182715,ilheus-ISSQN
2024-09-01,2024-09-01,7,2025-04-01,6055601.279153026,4333000.190538375,1010087.382182715,ilheus-ISSQN
2024-09-01,2024-09-01,8,2025-05-01,6458044.631085712,4566146.910201709,1010087.382182715,ilheus-ISSQN
2024-09-01,2024-09-01,9,2025-06-01,5018115.34229184,4246731.303731408,1010087.382182715,ilheus-ISSQN
2024-09-01,2024-09-01,10,2025-07-01,5248927.023642473,5127211.932471216,1010087.382182715,ilheus-ISSQN
2024-09-01,2024-09-01,11,2025-08-01,5721230.173206262,4827761.060133124,1010087.382182715,ilheus-ISSQN
2024-09-01,2024-09-01,12,2025-09-01,6403331.52498959,4661668.4431702625,1010087.382182715,ilheus-ISSQN
2024-10-01,2024-10-01,1,2024-11-01,2956552.948719671,2692443.096790331,1001627.0981366361,ilheus-ISSQN
2024-10-01,2024-10-01,2,2024-12-01,5455209.451691351,3777617.7302083517,1001627.0981366361,ilheus-ISSQN
2024-10-01,2024-10-01,3,2025-01-01,8082815.120692073,4033314.8113982333,1001627.0981366361,ilheus-ISSQN
2024-10-01,2024-10-01,4,2025-02-01,5641292.016177281,3262422.1169054043,1001627.0981366361,ilheus-ISSQN
2024-10-01,2024-10-01,5,2025-03-01,4954483.22587178,3835512.3499631933,1001627.0981366361,ilheus-ISSQN
2024-10-01,2024-10-01,6,2025-04-01,6055601.279153026,3876979.1247728304,1001627.0981366361,ilheus-ISSQN
2024-10-01,2024-10-01,7,2025-05-01,6458044.631085712,4020596.350458953,1001627.0981366361,ilheus-ISSQN
2024-10-01,2024-10-01,8,2025-06-01,5018115.34229184,3739815.9377724444,1001627.0981366361,ilheus-ISSQN
2024-10-01,2024-10-01,9,2025-07-01,5248927.023642473,4515765.505018774,1001627.0981366361,ilheus-ISSQN
2024-10-01,2024-10-01,10,2025-08-01,5721230.173206262,4252559.176596873,1001627.0981366361,ilheus-ISSQN
2024-10-01,2024-10-01,11,2025-09-01,6403331.52498959,4106769.089180629,1001627.0981366361,ilheus-ISSQN
2024-10-01,2024-10-01,12,2025-10-01,6050380.013429479,3527225.048540655,1001627.0981366361,ilheus-ISSQN
2024-11-01,2024-11-01,1,2024-12-01,5455209.451691351,3942853.5745555297,1002871.8644688234,ilheus-ISSQN
2024-11-01,2024-11-01,2,2025-01-01,8082815.120692073,4209323.660869104,1002871.8644688234,ilheus-ISSQN
2024-11-01,2024-11-01,3,2025-02-01,5641292.016177281,3404458.577544601,1002871.8644688234,ilheus-ISSQN
2024-11-01,2024-11-01,4,2025-03-01,4954483.22587178,4002111.0296491743,1002871.8644688234,ilheus-ISSQN
2024-11-01,2024-11-01,5,2025-04-01,6055601.279153026,4044987.6357580735,1002871.8644688234,ilheus-ISSQN
2024-11-01,2024-11-01,6,2025-05-01,6458044.631085712,4169516.92585427,1002871.8644688234,ilheus-ISSQN
2024-11-01,2024-11-01,7,2025-06-01,5018115.34229184,3901129.4842475588,1002871.8644688234,ilheus-ISSQN
2024-11-01,2024-11-01,8,2025-07-01,5248927.023642473,4710097.864658786,1002871.8644688234,ilheus-ISSQN
2024-11-01,2024-11-01,9,2025-08-01,5721230.173206262,4435141.357343386,1002871.8644688234,ilheus-ISSQN
2024-11-01,2024-11-01,10,2025-09-01,6403331.52498959,4282684.439202713,1002871.8644688234,ilheus-ISSQN
2024-11-01,2024-11-01,11,2025-10-01,6050380.013429479,3677966.673246122,1002871.8644688234,ilheus-ISSQN
2024-11-01,2024-11-01,12,2025-11-01,7406094.559415126,2866352.066227196,1002871.8644688234,ilheus-ISSQN
2024-12-01,2024-12-01,1,2025-01-01,8082815.120692073,4782570.9203743795,999427.914243729,ilheus-ISSQN
2024-12-01,2024-12-01,2,2025-02-01,5641292.016177281,3867498.485260379,999427.914243729,ilheus-ISSQN
2024-12-01,2024-12-01,3,2025-03-01,4954483.22587178,4545738.414961322,999427.914243729,ilheus-ISSQN
2024-12-01,2024-12-01,4,2025-04-01,6055601.279153026,4593734.859057377,999427.914243729,ilheus-ISSQN
2024-12-01,2024-12-01,5,2025-05-01,6458044.631085712,4734434.307784799,999427.914243729,ilheus-ISSQN
2024-12-01,2024-12-01,6,2025-06-01,5018115.34229184,4172311.5267093587,999427.914243729,ilheus-ISSQN
2024-12-01,2024-12-01,7,2025-07-01,5248927.023642473,5346630.35619589,999427.914243729,ilheus-ISSQN
2024-12-01,2024-12-01,8,2025-08-01,5721230.173206262,5033753.462664614,999427.914243729,ilheus-ISSQN
2024-12-01,2024-12-01,9,2025-09-01,6403331.52498959,4859985.807904507,999427.914243729,ilheus-ISSQN
2024-12-01,2024-12-01,10,2025-10-01,6050380.013429479,4173124.7652690103,999427.914243729,ilheus-ISSQN
2024-12-01,2024-12-01,11,2025-11-01,7406094.559415126,3251756.1356045734,999427.914243729,ilheus-ISSQN
2024-12-01,2024-12-01,12,2025-12-01,11649189.87,4561082.389879993,999427.914243729,ilheus-ISSQN
2025-01-01,2025-01-01,1,2025-02-01,5641292.016177281,4463715.825495898,1001523.1632268749,ilheus-ISSQN
2025-01-01,2025-01-01,2,2025-03-01,4954483.22587178,5246090.136247884,1001523.1632268749,ilheus-ISSQN
2025-01-01,2025-01-01,3,2025-04-01,6055601.279153026,5301054.338223752,1001523.1632268749,ilheus-ISSQN
2025-01-01,2025-01-01,4,2025-05-01,6458044.631085712,5462979.2443927815,1001523.1632268749,ilheus-ISSQN
2025-01-01,2025-01-01,5,2025-06-01,5018115.34229184,4813970.323561341,1001523.1632268749,ilheus-ISSQN
2025-01-01,2025-01-01,6,2025-07-01,5248927.023642473,5873871.22669093,1001523.1632268749,ilheus-ISSQN
2025-01-01,2025-01-01,7,2025-08-01,5721230.173206262,5806967.212381013,1001523.1632268749,ilheus-ISSQN
2025-01-01,2025-01-01,8,2025-09-01,6403331.52498959,5606062.804478578,1001523.1632268749,ilheus-ISSQN
2025-01-01,2025-01-01,9,2025-10-01,6050380.013429479,4813377.807430804,1001523.1632268749,ilheus-ISSQN
2025-01-01,2025-01-01,10,2025-11-01,7406094.559415126,3750354.0889040926,1001523.1632268749,ilheus-ISSQN
2025-01-01,2025-01-01,11,2025-12-01,11649189.87,5260027.850059944,1001523.1632268749,ilheus-ISSQN
2025-02-01,2025-02-01,1,2025-03-01,4954483.22587178,6505452.049373046,1023738.8665384654,ilheus-ISSQN
2025-02-01,2025-02-01,2,2025-04-01,6055601.279153026,6572179.3970949,1023738.8665384654,ilheus-ISSQN
2025-02-01,2025-02-01,3,2025-05-01,6458044.631085712,6771460.845303484,1023738.8665384654,ilheus-ISSQN
2025-02-01,2025-02-01,4,2025-06-01,5018115.34229184,5965710.054203421,1023738.8665384654,ilheus-ISSQN
2025-02-01,2025-02-01,5,2025-07-01,5248927.023642473,7277618.914445219,1023738.8665384654,ilheus-ISSQN
2025-02-01,2025-02-01,6,2025-08-01,5721230.173206262,6973597.556986577,1023738.8665384654,ilheus-ISSQN
2025-02-01,2025-02-01,7,2025-09-01,6403331.52498959,6942819.706495922,1023738.8665384654,ilheus-ISSQN
2025-02-01,2025-02-01,8,2025-10-01,6050380.013429479,5959842.207881983,1023738.8665384654,ilheus-ISSQN
2025-02-01,2025-02-01,9,2025-11-01,7406094.559415126,4642631.4109236095,1023738.8665384654,ilheus-ISSQN
2025-02-01,2025-02-01,10,2025-12-01,11649189.87,6510095.151300432,1023738.8665384654,ilheus-ISSQN
2025-03-01,2025-03-01,1,2025-04-01,6055601.279153026,5511695.246647999,1033337.5487335529,ilheus-ISSQN
2025-03-01,2025-03-01,2,2025-05-01,6458044.631085712,5680121.129711113,1033337.5487335529,ilheus-ISSQN
2025-03-01,2025-03-01,3,2025-06-01,5018115.34229184,5005374.159239623,1033337.5487335529,ilheus-ISSQN
2025-03-01,2025-03-01,4,2025-07-01,5248927.023642473,6107488.208613017,1033337.5487335529,ilheus-ISSQN
2025-03-01,2025-03-01,5,2025-08-01,5721230.173206262,5853678.578602073,1033337.5487335529,ilheus-ISSQN
2025-03-01,2025-03-01,6,2025-09-01,6403331.52498959,5870208.118532412,1033337.5487335529,ilheus-ISSQN
2025-03-01,2025-03-01,7,2025-10-01,6050380.013429479,5004991.1518652905,1033337.5487335529,ilheus-ISSQN
2025-03-01,2025-03-01,8,2025-11-01,7406094.559415126,3899695.1369027123,1033337.5487335529,ilheus-ISSQN
2025-03-01,2025-03-01,9,2025-12-01,11649189.87,5469547.944509726,1033337.5487335529,ilheus-ISSQN
2025-04-01,2025-04-01,1,2025-05-01,6458044.631085712,6079329.407613505,1025588.7972455479,ilheus-ISSQN
2025-04-01,2025-04-01,2,2025-06-01,5018115.34229184,5356832.484607624,1025588.7972455479,ilheus-ISSQN
2025-04-01,2025-04-01,3,2025-07-01,5248927.023642473,6535934.158746391,1025588.7972455479,ilheus-ISSQN
2025-04-01,2025-04-01,4,2025-08-01,5721230.173206262,6263938.564300082,1025588.7972455479,ilheus-ISSQN
2025-04-01,2025-04-01,5,2025-09-01,6403331.52498959,6281245.609344869,1025588.7972455479,ilheus-ISSQN
2025-04-01,2025-04-01,6,2025-10-01,6050380.013429479,5167786.906357867,1025588.7972455479,ilheus-ISSQN
2025-04-01,2025-04-01,7,2025-11-01,7406094.559415126,4172251.4059139374,1025588.7972455479,ilheus-ISSQN
2025-04-01,2025-04-01,8,2025-12-01,11649189.87,5851471.883528821,1025588.7972455479,ilheus-ISSQN
2025-05-01,2025-05-01,1,2025-06-01,5018115.34229184,5517256.862375439,1028773.7975900194,ilheus-ISSQN
2025-05-01,2025-05-01,2,2025-07-01,5248927.023642473,6731666.364010397,1028773.7975900194,ilheus-ISSQN
2025-05-01,2025-05-01,3,2025-08-01,5721230.173206262,6451521.986026545,1028773.7975900194,ilheus-ISSQN
2025-05-01,2025-05-01,4,2025-09-01,6403331.52498959,6469344.010255508,1028773.7975900194,ilheus-ISSQN
2025-05-01,2025-05-01,5,2025-10-01,6050380.013429479,5322538.920279876,1028773.7975900194,ilheus-ISSQN
2025-05-01,2025-05-01,6,2025-11-01,7406094.559415126,4238733.05278203,1028773.7975900194,ilheus-ISSQN
2025-05-01,2025-05-01,7,2025-12-01,11649189.87,6026691.072088517,1028773.7975900194,ilheus-ISSQN
2025-06-01,2025-06-01,1,2025-07-01,5248927.023642473,6443592.096254267,1042974.6424652522,ilheus-ISSQN
2025-06-01,2025-06-01,2,2025-08-01,5721230.173206262,6175890.2270783,1042974.6424652522,ilheus-ISSQN
2025-06-01,2025-06-01,3,2025-09-01,6403331.52498959,6193404.894468737,1042974.6424652522,ilheus-ISSQN
2025-06-01,2025-06-01,4,2025-10-01,6050380.013429479,5095887.434398892,1042974.6424652522,ilheus-ISSQN
2025-06-01,2025-06-01,5,2025-11-01,7406094.559415126,4058529.5431402577,1042974.6424652522,ilheus-ISSQN
2025-06-01,2025-06-01,6,2025-12-01,11649189.87,5828068.984909111,1042974.6424652522,ilheus-ISSQN
2025-07-01,2025-07-01,1,2025-08-01,5721230.173206262,5642598.485257081,1051986.9309677433,ilheus-ISSQN
2025-07-01,2025-07-01,2,2025-09-01,6403331.52498959,5659223.137604962,1051986.9309677433,ilheus-ISSQN
2025-07-01,2025-07-01,3,2025-10-01,6050380.013429479,4656877.301712419,1051986.9309677433,ilheus-ISSQN
2025-07-01,2025-07-01,4,2025-11-01,7406094.559415126,3709293.212392394,1051986.9309677433,ilheus-ISSQN
2025-07-01,2025-07-01,5,2025-12-01,11649189.87,5327144.545298086,1051986.9309677433,ilheus-ISSQN
2025-08-01,2025-08-01,1,2025-09-01,6403331.52498959,5693266.474863216,1058710.2176273284,ilheus-ISSQN
2025-08-01,2025-08-01,2,2025-10-01,6050380.013429479,4684861.007281032,1058710.2176273284,ilheus-ISSQN
2025-08-01,2025-08-01,3,2025-11-01,7406094.559415126,3731558.97812654,1058710.2176273284,ilheus-ISSQN
2025-08-01,2025-08-01,4,2025-12-01,11649189.87,5359087.708246095,1058710.2176273284,ilheus-ISSQN
2025-09-01,2025-09-01,1,2025-10-01,6050380.013429479,4956561.017687489,1057306.0956404512,ilheus-ISSQN
2025-09-01,2025-09-01,2,2025-11-01,7406094.559415126,3947762.0590677354,1057306.0956404512,ilheus-ISSQN
2025-09-01,2025-09-01,3,2025-12-01,11649189.87,5669287.806004607,1057306.0956404512,ilheus-ISSQN
2025-10-01,2025-10-01,1,2025-11-01,7406094.559415126,4365582.556624584,1075718.0382170232,ilheus-ISSQN
2025-10-01,2025-10-01,2,2025-12-01,11649189.87,6268736.403432476,1075718.0382170232,ilheus-ISSQN
2025-11-01,2025-11-01,1,2025-12-01,11649189.87,8951493.442204092,1104069.4968092788,ilheus-ISSQN
