origin,train_end,step,target_date,y_true,mu_log,sigma_log,y_pred,y_pred_mean,insample_scale,modelo
2020-12-01,2020-12-01,1,2021-01-01,16543166.329284055,16.730916488271053,0.33647753025745786,18456302.85502321,19531225.538182925,5553458.677585753,SARIMA
2020-12-01,2020-12-01,2,2021-02-01,14407952.673525412,16.415049407838836,0.3765312732009004,13457530.661893435,14446132.760723194,5553458.677585753,SARIMA
2020-12-01,2020-12-01,3,2021-03-01,14855886.310192015,16.487021880726683,0.4335032587742594,14461809.146384891,15886566.222642522,5553458.677585753,SARIMA
2020-12-01,2020-12-01,4,2021-04-01,15524759.746510506,16.47642077801962,0.46680738440714203,14309307.791771173,15956476.342865832,5553458.677585753,SARIMA
2020-12-01,2020-12-01,5,2021-05-01,15908108.22397056,16.531486804112703,0.496776030222755,15119363.089418167,17104976.734150644,5553458.677585753,SARIMA
2020-12-01,2020-12-01,6,2021-06-01,16430714.61503123,16.48711826817498,0.5195747887502802,14463203.150447458,16553320.079932943,5553458.677585753,SARIMA
2020-12-01,2020-12-01,7,2021-07-01,15765340.012123786,16.543990778126183,0.5386510295122857,15309602.105807925,17699788.422180805,5553458.677585753,SARIMA
2020-12-01,2020-12-01,8,2021-08-01,17793395.258316882,16.627209872853907,0.5541509633857725,16638167.695711918,19399377.152260818,5553458.677585753,SARIMA
2020-12-01,2020-12-01,9,2021-09-01,17701014.731764168,16.53760920147028,0.5670452688141124,15212213.78243133,17865452.355974644,5553458.677585753,SARIMA
2020-12-01,2020-12-01,10,2021-10-01,17758714.841657992,16.55962055826629,0.5777405122569659,15550767.593018483,18375202.217153206,5553458.677585753,SARIMA
2020-12-01,2020-12-01,11,2021-11-01,17407028.491258733,16.603827014546635,0.5866771715839757,16253633.057923418,19305914.667375598,5553458.677585753,SARIMA
2020-12-01,2020-12-01,12,2021-12-01,20432534.845650554,16.67401135863418,0.5941548555958359,17435368.24054353,20801202.486432724,5553458.677585753,SARIMA
2021-01-01,2021-01-01,1,2021-02-01,14407952.673525412,16.358918154367142,0.33352312983508164,12722951.872064872,13450636.59579757,5499177.086358078,SARIMA
2021-01-01,2021-01-01,2,2021-03-01,14855886.310192015,16.416924250347346,0.3729482099999797,13482785.079067841,14453821.973973455,5499177.086358078,SARIMA
2021-01-01,2021-01-01,3,2021-04-01,15524759.746510506,16.419927958857595,0.429539694635099,13523344.318923982,14830258.331612196,5499177.086358078,SARIMA
2021-01-01,2021-01-01,4,2021-05-01,15908108.22397056,16.4770338591611,0.46250509234027576,14318083.24828453,15934375.894807365,5499177.086358078,SARIMA
2021-01-01,2021-01-01,5,2021-06-01,16430714.61503123,16.438747535499477,0.4922819336779309,13780257.853079192,15555398.186628738,5499177.086358078,SARIMA
2021-01-01,2021-01-01,6,2021-07-01,15765340.012123786,16.49815201556589,0.514921270272107,14623670.128541227,16696738.732799841,5499177.086358078,SARIMA
2021-01-01,2021-01-01,7,2021-08-01,17793395.258316882,16.58582104960931,0.5338979069044097,15963589.801646449,18408895.13672661,5499177.086358078,SARIMA
2021-01-01,2021-01-01,8,2021-09-01,17701014.731764168,16.498834714110586,0.5493245214961331,14633657.09551213,17016830.28546379,5499177.086358078,SARIMA
2021-01-01,2021-01-01,9,2021-10-01,17758714.841657992,16.523836996136097,0.562172844561813,15004144.128398787,17572682.9602917,5499177.086358078,SARIMA
2021-01-01,2021-01-01,10,2021-11-01,17407028.491258733,16.570954008972464,0.5728387656445173,15728013.960232144,18532307.80362709,5499177.086358078,SARIMA
2021-01-01,2021-01-01,11,2021-12-01,20432534.845650554,16.64341389869783,0.5817599270796149,16909969.18701613,20027886.89506734,5499177.086358078,SARIMA
2021-01-01,2021-01-01,12,2022-01-01,21092285.296450797,16.726977247993393,0.5892315726286245,18383742.054484893,21868857.944120243,5499177.086358078,SARIMA
2021-02-01,2021-02-01,1,2021-03-01,14855886.310192015,16.47873725001228,0.3312927954284783,14342493.324343974,15151569.897730783,5479117.588526272,SARIMA
2021-02-01,2021-02-01,2,2021-04-01,15524759.746510506,16.49923757110393,0.3701901008682238,14639553.554246316,15677826.175270345,5479117.588526272,SARIMA
2021-02-01,2021-02-01,3,2021-05-01,15908108.22397056,16.540501275530147,0.4264050072590403,15256272.310859138,16708228.667899966,5479117.588526272,SARIMA
2021-02-01,2021-02-01,4,2021-06-01,16430714.61503123,16.501159693577865,0.45902814449936236,14667719.62979296,16297350.593651805,5479117.588526272,SARIMA
2021-02-01,2021-02-01,5,2021-07-01,15765340.012123786,16.554187306875036,0.4885660740108943,15466505.479268298,17427077.12456975,5479117.588526272,SARIMA
2021-02-01,2021-02-01,6,2021-08-01,17793395.258316882,16.63807330104685,0.510993775390391,16819900.569499217,19165658.587676574,5479117.588526272,SARIMA
2021-02-01,2021-02-01,7,2021-09-01,17701014.731764168,16.54678190308625,0.5298056053886843,15352392.80769252,17665583.909646675,5479117.588526272,SARIMA
2021-02-01,2021-02-01,8,2021-10-01,17758714.841657992,16.568222684036655,0.5450915539469803,15685114.256696615,18197323.57890007,5479117.588526272,SARIMA
2021-02-01,2021-02-01,9,2021-11-01,17407028.491258733,16.6117316270115,0.5578243772477043,16382620.856043939,19140472.781989746,5479117.588526272,SARIMA
2021-02-01,2021-02-01,10,2021-12-01,20432534.845650554,16.681115263770963,0.5683925799232067,17559668.42818149,20638118.288460944,5479117.588526272,SARIMA
2021-02-01,2021-02-01,11,2022-01-01,21092285.296450797,16.76159344128934,0.5772317785126877,19031259.866086014,22481239.162370406,5479117.588526272,SARIMA
2021-02-01,2021-02-01,12,2022-02-01,16186897.483220601,16.649552005276654,0.5846339909772424,17014083.58588162,20185002.920980938,5479117.588526272,SARIMA
2021-03-01,2021-03-01,1,2021-04-01,15524759.746510506,16.517292800466223,0.32815544563739946,14906274.661119156,15730873.411773054,5399494.063566544,SARIMA
2021-03-01,2021-03-01,2,2021-05-01,15908108.22397056,16.564422806229647,0.36662690037198836,15625625.835078524,16711880.777841039,5399494.063566544,SARIMA
2021-03-01,2021-03-01,3,2021-06-01,16430714.61503123,16.52115048849754,0.42242260995169334,14963889.477012943,16360344.055364404,5399494.063566544,SARIMA
2021-03-01,2021-03-01,4,2021-07-01,15765340.012123786,16.57288255674337,0.4547859111582984,15758375.453881087,17475276.511790898,5399494.063566544,SARIMA
2021-03-01,2021-03-01,5,2021-08-01,17793395.258316882,16.655580464009557,0.484142744123152,17116962.07444867,19245302.488611538,5399494.063566544,SARIMA
2021-03-01,2021-03-01,6,2021-09-01,17701014.731764168,16.56255740072099,0.5064425308069466,15596504.876212548,17730545.049422372,5399494.063566544,SARIMA
2021-03-01,2021-03-01,7,2021-10-01,17758714.841657992,16.58255132742613,0.5251697559147825,15911478.539051607,18264191.709048484,5399494.063566544,SARIMA
2021-03-01,2021-03-01,8,2021-11-01,17407028.491258733,16.625214489640808,0.5403990926546914,16605001.27605816,19215543.740903184,5399494.063566544,SARIMA
2021-03-01,2021-03-01,9,2021-12-01,20432534.845650554,16.693158582787873,0.5530978070943732,17772423.68508614,20709791.68997672,5399494.063566544,SARIMA
2021-03-01,2021-03-01,10,2022-01-01,21092285.296450797,16.773422104705194,0.5636474188849447,19257710.899587817,22573141.11210387,5399494.063566544,SARIMA
2021-03-01,2021-03-01,11,2022-02-01,16186897.483220601,16.660300677520247,0.572479809447535,17197948.776990164,20260165.866219,5399494.063566544,SARIMA
2021-03-01,2021-03-01,12,2022-03-01,20609813.782492623,16.540429318858866,0.5798834947881603,15255174.559783222,18048294.533902314,5399494.063566544,SARIMA
2021-04-01,2021-04-01,1,2021-05-01,15908108.22397056,16.58584408546884,0.3250698726458538,15963957.540894251,16830096.442114744,5315142.2344340375,SARIMA
2021-04-01,2021-04-01,2,2021-06-01,16430714.61503123,16.5488708723441,0.3629809430972485,15384497.004968157,16432119.029230082,5315142.2344340375,SARIMA
2021-04-01,2021-04-01,3,2021-07-01,15765340.012123786,16.594439766455526,0.41840705645000964,16101770.07495958,17574718.85915838,5315142.2344340375,SARIMA
2021-04-01,2021-04-01,4,2021-08-01,17793395.258316882,16.677593591258784,0.4504759348268007,17497937.787904024,19366549.344409853,5315142.2344340375,SARIMA
2021-04-01,2021-04-01,5,2021-09-01,17701014.731764168,16.581732712028618,0.4796725249175118,15898458.487656709,17836822.845018443,5315142.2344340375,SARIMA
2021-04-01,2021-04-01,6,2021-10-01,17758714.841657992,16.600351754126628,0.5018492071815904,16197245.48777268,18370892.993093636,5315142.2344340375,SARIMA
2021-04-01,2021-04-01,7,2021-11-01,17407028.491258733,16.641811880370348,0.5205099936308895,16882900.794281173,19332094.633427035,5315142.2344340375,SARIMA
2021-04-01,2021-04-01,8,2021-12-01,20432534.845650554,16.70813353371052,0.5356985353229435,18040567.567384396,20824068.06184662,5315142.2344340375,SARIMA
2021-04-01,2021-04-01,9,2022-01-01,21092285.296450797,16.787979339648384,0.5483818390011371,19540100.339515135,22710561.994058933,5315142.2344340375,SARIMA
2021-04-01,2021-04-01,10,2022-02-01,16186897.483220601,16.673561619749968,0.5589309960123968,17427528.640503857,20373865.79220834,5315142.2344340375,SARIMA
2021-04-01,2021-04-01,11,2022-03-01,20609813.782492623,16.55224692020672,0.5677748416343671,15436523.575880768,18136391.459513962,5315142.2344340375,SARIMA
2021-04-01,2021-04-01,12,2022-04-01,17759980.546359718,16.545234123579466,0.5751975508785294,15328649.068501242,18086208.325970575,5315142.2344340375,SARIMA
2021-05-01,2021-05-01,1,2021-06-01,16430714.61503123,16.548086500263892,0.3221255859226119,15372434.566387879,16191046.25043468,5282933.302625332,SARIMA
2021-05-01,2021-05-01,2,2021-07-01,15765340.012123786,16.592116355213367,0.359537388254846,16064402.46831738,17136991.351762656,5282933.302625332,SARIMA
2021-05-01,2021-05-01,3,2021-08-01,17793395.258316882,16.676474994173248,0.41456646715883566,17478375.588840786,19046762.013008937,5282933.302625332,SARIMA
2021-05-01,2021-05-01,4,2021-09-01,17701014.731764168,16.580066085896963,0.4463403983212942,15871983.769145105,17534412.93675362,5282933.302625332,SARIMA
2021-05-01,2021-05-01,5,2021-10-01,17758714.841657992,16.598761662856305,0.4753471804309855,16171510.854749218,18105732.04785996,5282933.302625332,SARIMA
2021-05-01,2021-05-01,6,2021-11-01,17407028.491258733,16.6405540749395,0.4973757091493535,16861678.739379548,19081796.44712294,5282933.302625332,SARIMA
2021-05-01,2021-05-01,7,2021-12-01,20432534.845650554,16.706657980368888,0.515938019594124,18013967.377451275,20578430.053463478,5282933.302625332,SARIMA
2021-05-01,2021-05-01,8,2022-01-01,21092285.296450797,16.787250860418727,0.531054591647973,19525870.965803247,22482782.45623659,5282933.302625332,SARIMA
2021-05-01,2021-05-01,9,2022-02-01,16186897.483220601,16.67272840880538,0.5436905299343883,17413013.880671572,20186570.306856487,5282933.302625332,SARIMA
2021-05-01,2021-05-01,10,2022-03-01,20609813.782492623,16.55113633631516,0.5542084138703506,15419389.537610253,17978907.430126216,5282933.302625332,SARIMA
2021-05-01,2021-05-01,11,2022-04-01,17759980.546359718,16.543956540530846,0.563034014799658,15309077.950819217,17938507.03875391,5282933.302625332,SARIMA
2021-05-01,2021-05-01,12,2022-05-01,16931826.340154935,16.432524888224677,0.5704476901456049,13694774.411591725,16114502.031459441,5282933.302625332,SARIMA
2021-06-01,2021-06-01,1,2021-07-01,15765340.012123786,16.62418858997567,0.3191412976978733,16587974.94595593,17454606.837579254,5275172.201574096,SARIMA
2021-06-01,2021-06-01,2,2021-08-01,17793395.258316882,16.71926645204326,0.35598253355021015,18242533.88404042,19435818.461450413,5275172.201574096,SARIMA
2021-06-01,2021-06-01,3,2021-09-01,17701014.731764168,16.61372157510099,0.41069231949596896,16415253.87935982,17859670.170546047,5275172.201574096,SARIMA
2021-06-01,2021-06-01,4,2021-10-01,17758714.841657992,16.631930768654126,0.4421901682520247,16716900.45004917,18433806.39918068,5275172.201574096,SARIMA
2021-06-01,2021-06-01,5,2021-11-01,17407028.491258733,16.670645058171804,0.4710727985814794,17376774.230227888,19415841.227569725,5275172.201574096,SARIMA
2021-06-01,2021-06-01,6,2021-12-01,20432534.845650554,16.734407767147736,0.49300616060840813,18520851.568537142,20914124.547548875,5275172.201574096,SARIMA
2021-06-01,2021-06-01,7,2022-01-01,21092285.296450797,16.813642602190406,0.5115333134522607,20048053.048530046,22850322.010675937,5275172.201574096,SARIMA
2021-06-01,2021-06-01,8,2022-02-01,16186897.483220601,16.69689150226252,0.5266375695827941,17838890.692381788,20492408.677451797,5275172.201574096,SARIMA
2021-06-01,2021-06-01,9,2022-03-01,20609813.782492623,16.57302847384059,0.5392861291857183,15760675.038054481,18227522.560991395,5275172.201574096,SARIMA
2021-06-01,2021-06-01,10,2022-04-01,17759980.546359718,16.56384368833426,0.5498297558097619,15616579.375267012,18164870.027777966,5275172.201574096,SARIMA
2021-06-01,2021-06-01,11,2022-05-01,16931826.340154935,16.45059176394599,0.5586916171994905,13944444.789515022,16299743.435675096,5275172.201574096,SARIMA
2021-06-01,2021-06-01,12,2022-06-01,17868945.717301447,16.337954363281483,0.5661474385092446,12459006.877375912,14624603.276875379,5275172.201574096,SARIMA
2021-07-01,2021-07-01,1,2021-08-01,17793395.258316882,16.6946451600743,0.316296083567417,17798863.413942233,18711834.94345202,5226387.888834773,SARIMA
2021-07-01,2021-07-01,2,2021-09-01,17701014.731764168,16.58107748802755,0.352561224012735,15888044.848081466,16906812.351045117,5226387.888834773,SARIMA
2021-07-01,2021-07-01,3,2021-10-01,17758714.841657992,16.60558883745963,0.4068978578884052,16282294.32168615,17687553.725314297,5226387.888834773,SARIMA
2021-07-01,2021-07-01,4,2021-11-01,17407028.491258733,16.644960103683815,0.43806921132278587,16936135.6898614,18641715.954663582,5226387.888834773,SARIMA
2021-07-01,2021-07-01,5,2021-12-01,20432534.845650554,16.710981884048095,0.46676185934605297,18092026.676098786,20174201.66275844,5226387.888834773,SARIMA
2021-07-01,2021-07-01,6,2022-01-01,21092285.296450797,16.792437736997286,0.4885352929294962,19627412.36228425,22115098.056614175,5226387.888834773,SARIMA
2021-07-01,2021-07-01,7,2022-02-01,16186897.483220601,16.67703663457646,0.5069603025472105,17488194.90795906,19886288.035556994,5226387.888834773,SARIMA
2021-07-01,2021-07-01,8,2022-03-01,20609813.782492623,16.554381807894423,0.5219872832669522,15469514.02292328,17727313.962924387,5226387.888834773,SARIMA
2021-07-01,2021-07-01,9,2022-04-01,17759980.546359718,16.54631354914652,0.5345855261062605,15345204.137589188,17702286.88087847,5226387.888834773,SARIMA
2021-07-01,2021-07-01,10,2022-05-01,16931826.340154935,16.43425135893268,0.545095153679363,13718438.460231509,15915686.007253075,5226387.888834773,SARIMA
2021-07-01,2021-07-01,11,2022-06-01,17868945.717301447,16.32203446048624,0.5539369690743347,12262231.17989041,14295531.206370547,5226387.888834773,SARIMA
2021-07-01,2021-07-01,12,2022-07-01,18361779.51930217,16.520070685088868,0.561382375682647,14947740.13877306,17498850.848758347,5226387.888834773,SARIMA
2021-08-01,2021-08-01,1,2021-09-01,17701014.731764168,16.58069835379224,0.3135503482988855,15882022.2880989,16682240.430519106,5215265.69998667,SARIMA
2021-08-01,2021-08-01,2,2021-10-01,17758714.841657992,16.604998732766706,0.3493722558740373,16272688.897776932,17296750.671213724,5215265.69998667,SARIMA
2021-08-01,2021-08-01,3,2021-11-01,17407028.491258733,16.64468867572903,0.4033480525863111,16931539.373001784,18366400.64646505,5215265.69998667,SARIMA
2021-08-01,2021-08-01,4,2021-12-01,20432534.845650554,16.71040773356991,0.4342581691094529,18081642.1117679,19869527.055140797,5215265.69998667,SARIMA
2021-08-01,2021-08-01,5,2022-01-01,21092285.296450797,16.79252737012133,0.46278551130490825,19629171.707417816,21847839.258793056,5215265.69998667,SARIMA
2021-08-01,2021-08-01,6,2022-02-01,16186897.483220601,16.67697673940007,0.48443218485750633,17487147.480808564,19664273.32117643,5215265.69998667,SARIMA
2021-08-01,2021-08-01,7,2022-03-01,20609813.782492623,16.553993398091833,0.5027763618758576,15463506.678766688,17546857.5194495,5215265.69998667,SARIMA
2021-08-01,2021-08-01,8,2022-04-01,17759980.546359718,16.545716828524235,0.5177465850718566,15336050.069309374,17535668.975546308,5215265.69998667,SARIMA
2021-08-01,2021-08-01,9,2022-05-01,16931826.340154935,16.433422498062313,0.5303106133906355,13707072.49444214,15776580.813204737,5215265.69998667,SARIMA
2021-08-01,2021-08-01,10,2022-06-01,17868945.717301447,16.320599528736032,0.5408004565658497,12244648.333151491,14172756.105998326,5215265.69998667,SARIMA
2021-08-01,2021-08-01,11,2022-07-01,18361779.51930217,16.51972748518621,0.5496341571832447,14942610.956030317,17379055.609597497,5215265.69998667,SARIMA
2021-08-01,2021-08-01,12,2022-08-01,19637963.915173445,16.50238058806038,0.5570795043505525,14685638.303939473,17150697.051354446,5215265.69998667,SARIMA
2021-09-01,2021-09-01,1,2021-10-01,17758714.841657992,16.658030684280263,0.3112693755812738,17158953.825407695,18010671.411185924,5193807.944922072,SARIMA
2021-09-01,2021-09-01,2,2021-11-01,17407028.491258733,16.714564843845427,0.3468112545447967,18156965.94826018,19282410.533159968,5193807.944922072,SARIMA
2021-09-01,2021-09-01,3,2021-12-01,20432534.845650554,16.765935059458293,0.4004948895690226,19114065.95583849,20710122.279904667,5193807.944922072,SARIMA
2021-09-01,2021-09-01,4,2022-01-01,21092285.296450797,16.84823417196083,0.4312365245867832,20753680.69829499,22775971.167644396,5193807.944922072,SARIMA
2021-09-01,2021-09-01,5,2022-02-01,16186897.483220601,16.726590821682972,0.45964893533187146,18376639.46527311,20424166.57178466,5193807.944922072,SARIMA
2021-09-01,2021-09-01,6,2022-03-01,20609813.782492623,16.600585526112294,0.4812199066740442,16201032.392631568,18189804.911616817,5193807.944922072,SARIMA
2021-09-01,2021-09-01,7,2022-04-01,17759980.546359718,16.588354969903172,0.4995189789139104,16004091.558248222,18130652.552500196,5193807.944922072,SARIMA
2021-09-01,2021-09-01,8,2022-05-01,16931826.340154935,16.473033830067514,0.5144639064547054,14260924.892482314,16278737.812524147,5193807.944922072,SARIMA
2021-09-01,2021-09-01,9,2022-06-01,17868945.717301447,16.3567699507707,0.5270183563797587,12695649.716889374,14587041.510036424,5193807.944922072,SARIMA
2021-09-01,2021-09-01,10,2022-07-01,18361779.51930217,16.5539011007726,0.5375092004784365,15462079.504417468,17865091.4981978,5193807.944922072,SARIMA
2021-09-01,2021-09-01,11,2022-08-01,19637963.915173445,16.533752103439685,0.5463517717202234,15153651.794876788,17592834.257997103,5193807.944922072,SARIMA
2021-09-01,2021-09-01,12,2022-09-01,21330305.533095423,16.514334839835197,0.5538112726939642,14862247.634723015,17325471.240802586,5193807.944922072,SARIMA
2021-10-01,2021-10-01,1,2021-11-01,17407028.491258733,16.731640386345113,0.30872458630847566,18469668.17409495,19371158.09055429,5168422.584903303,SARIMA
2021-10-01,2021-10-01,2,2021-12-01,20432534.845650554,16.788028485025265,0.34392122058526015,19541060.668708287,20731594.27288283,5168422.584903303,SARIMA
2021-10-01,2021-10-01,3,2022-01-01,21092285.296450797,16.866429407850553,0.39727493909515715,21134755.170778234,22870149.352293584,5168422.584903303,SARIMA
2021-10-01,2021-10-01,4,2022-02-01,16186897.483220601,16.74464834779407,0.42780943853014053,18711490.302314594,20504579.422844365,5168422.584903303,SARIMA
2021-10-01,2021-10-01,5,2022-03-01,20609813.782492623,16.616464631283815,0.45608422838916585,16460343.656629791,18264521.91558909,5168422.584903303,SARIMA
2021-10-01,2021-10-01,6,2022-04-01,17759980.546359718,16.60312582832626,0.47755864097133716,16242240.229106238,18204091.89385621,5168422.584903303,SARIMA
2021-10-01,2021-10-01,7,2022-05-01,16931826.340154935,16.486331617679472,0.49579827946939076,14451830.13840177,16341845.498806302,5168422.584903303,SARIMA
2021-10-01,2021-10-01,8,2022-06-01,17868945.717301447,16.368584314789928,0.5107060228074978,12846530.268004343,14635997.519704914,5168422.584903303,SARIMA
2021-10-01,2021-10-01,9,2022-07-01,18361779.51930217,16.56568031868736,0.5232421011262273,15645287.614100728,17940503.265104312,5168422.584903303,SARIMA
2021-10-01,2021-10-01,10,2022-08-01,19637963.915173445,16.544244105962388,0.5337270154802796,15313480.945470838,17657591.628959052,5168422.584903303,SARIMA
2021-10-01,2021-10-01,11,2022-09-01,21330305.533095423,16.52388799925484,0.5425732468589524,15004909.406058995,17384348.768955015,5168422.584903303,SARIMA
2021-10-01,2021-10-01,12,2022-10-01,20448732.012382615,16.570267211299967,0.550042936908568,15717215.70538386,18284071.473899152,5168422.584903303,SARIMA
2021-11-01,2021-11-01,1,2021-12-01,20432534.845650554,16.758815642830385,0.3063115866249351,18978468.217983164,19890027.56856499,5127065.919946379,SARIMA
2021-11-01,2021-11-01,2,2022-01-01,21092285.296450797,16.828554711306776,0.3411136298843604,20349251.977335013,21568273.32995589,5127065.919946379,SARIMA
2021-11-01,2021-11-01,3,2022-02-01,16186897.483220601,16.71457717002205,0.3940831686569521,18157189.755608745,19623295.059924513,5127065.919946379,SARIMA
2021-11-01,2021-11-01,4,2022-03-01,20609813.782492623,16.586019067779386,0.42434035255787117,15966751.19548317,17470974.033348482,5127065.919946379,SARIMA
2021-11-01,2021-11-01,5,2022-04-01,17759980.546359718,16.575690824712847,0.45240463697137434,15802691.391308716,17505502.227729566,5127065.919946379,SARIMA
2021-11-01,2021-11-01,6,2022-05-01,16931826.340154935,16.460078075120848,0.4737075121770457,14077355.55165348,15748843.290522322,5127065.919946379,SARIMA
2021-11-01,2021-11-01,7,2022-06-01,17868945.717301447,16.343899238094494,0.4918136672925465,12533294.710703934,14144544.779420527,5127065.919946379,SARIMA
2021-11-01,2021-11-01,8,2022-07-01,18361779.51930217,16.543525404665854,0.5066121349508703,15302479.080861617,17397782.826574802,5127065.919946379,SARIMA
2021-11-01,2021-11-01,9,2022-08-01,19637963.915173445,16.523276537669812,0.5190607429330106,14995737.284856036,17158231.119505152,5127065.919946379,SARIMA
2021-11-01,2021-11-01,10,2022-09-01,21330305.533095423,16.504344917141538,0.5294741544134522,14714514.081815401,16928622.007042307,5127065.919946379,SARIMA
2021-11-01,2021-11-01,11,2022-10-01,20448732.012382615,16.552295555309517,0.5382623621880638,15437274.35104857,17843658.564632,5127065.919946379,SARIMA
2021-11-01,2021-11-01,12,2022-11-01,21417476.473871592,16.574034377197123,0.5456846144101133,15776536.730303746,18309309.904497962,5127065.919946379,SARIMA
2021-12-01,2021-12-01,1,2022-01-01,21092285.296450797,16.865043638663646,0.3039839207950765,21105487.562048607,22103504.98931941,5100717.059506236,SARIMA
2021-12-01,2021-12-01,2,2022-02-01,16186897.483220601,16.762561892870792,0.33835815498028704,19049699.64737683,20171978.8438771,5100717.059506236,SARIMA
2021-12-01,2021-12-01,3,2022-03-01,20609813.782492623,16.62400572316273,0.3910672619975855,16584941.833180688,17902886.68032072,5100717.059506236,SARIMA
2021-12-01,2021-12-01,4,2022-04-01,17759980.546359718,16.6134774140445,0.42110440870739885,16411246.402884848,17932797.83580149,5100717.059506236,SARIMA
2021-12-01,2021-12-01,5,2022-05-01,16931826.340154935,16.493704289056925,0.44906240425953875,14558772.473747185,16103268.31873816,5100717.059506236,SARIMA
2021-12-01,2021-12-01,6,2022-06-01,17868945.717301447,16.375072509879274,0.470281754569704,12930152.04646082,14442054.709672058,5100717.059506236,SARIMA
2021-12-01,2021-12-01,7,2022-07-01,18361779.51930217,16.573022677510156,0.4883513343332158,15760583.684238851,17756570.78372398,5100717.059506236,SARIMA
2021-12-01,2021-12-01,8,2022-08-01,19637963.915173445,16.550339376022,0.5031312917521576,15407105.791882947,17485979.115942743,5100717.059506236,SARIMA
2021-12-01,2021-12-01,9,2022-09-01,21330305.533095423,16.52919668415031,0.515581662281733,15084777.551819216,17229074.789121233,5100717.059506236,SARIMA
2021-12-01,2021-12-01,10,2022-10-01,20448732.012382615,16.575536816865373,0.5260077329070931,15800257.840221036,18144515.276863605,5100717.059506236,SARIMA
2021-12-01,2021-12-01,11,2022-11-01,21417476.473871592,16.59562581602394,0.534817678925901,16120878.902175767,18599416.93980507,5100717.059506236,SARIMA
2021-12-01,2021-12-01,12,2022-12-01,25036250.719354104,16.703722916433232,0.5422670432694919,17961172.747171685,20805952.664913613,5100717.059506236,SARIMA
2022-01-01,2022-01-01,1,2022-02-01,16186897.483220601,16.76248543174102,0.3015508608430117,19048243.141503718,19934289.40528948,5093160.921255009,SARIMA
2022-01-01,2022-01-01,2,2022-03-01,20609813.782492623,16.623385983990655,0.33553821446332954,16574666.679346645,17534464.999825858,5093160.921255009,SARIMA
2022-01-01,2022-01-01,3,2022-04-01,17759980.546359718,16.612859242540708,0.3879278716308562,16401104.573034946,17682805.05126239,5093160.921255009,SARIMA
2022-01-01,2022-01-01,4,2022-05-01,16931826.340154935,16.49284974625883,0.4177340462149458,14546336.693790505,15872531.791310376,5093160.921255009,SARIMA
2022-01-01,2022-01-01,5,2022-06-01,17868945.717301447,16.37374035359434,0.44554626461209973,12912938.53123886,14260386.702202277,5093160.921255009,SARIMA
2022-01-01,2022-01-01,6,2022-07-01,18361779.51930217,16.572686606067176,0.46665339968064595,15755287.892069979,17567643.030519556,5093160.921255009,SARIMA
2022-01-01,2022-01-01,7,2022-08-01,19637963.915173445,16.549618365414805,0.48465204555151414,15396001.108959,17314626.557999186,5093160.921255009,SARIMA
2022-01-01,2022-01-01,8,2022-09-01,21330305.533095423,16.52832290407051,0.499382277675949,15071602.530560033,17073092.321567453,5093160.921255009,SARIMA
2022-01-01,2022-01-01,9,2022-10-01,20448732.012382615,16.574932337708457,0.5118032569433165,15790709.79976918,18000383.561710984,5093160.921255009,SARIMA
2022-01-01,2022-01-01,10,2022-11-01,21417476.473871592,16.595130383573835,0.5222128151354101,16112894.073778292,18466770.68360373,5093160.921255009,SARIMA
2022-01-01,2022-01-01,11,2022-12-01,25036250.719354104,16.703057485457546,0.5310168076631182,17949224.80217328,20666961.295384303,5093160.921255009,SARIMA
2022-01-01,2022-01-01,12,2023-01-01,29157384.457611956,16.690654161488297,0.5384674812578981,17727969.73760563,20493693.76726249,5093160.921255009,SARIMA
2022-02-01,2022-02-01,1,2022-03-01,20609813.782492623,16.544141685180133,0.29997545582217283,15311912.607089942,16016569.245836616,5048374.217044742,SARIMA
2022-02-01,2022-02-01,2,2022-04-01,17759980.546359718,16.508067127912987,0.3338269609920184,14769386.66493307,15615699.55449451,5048374.217044742,SARIMA
2022-02-01,2022-02-01,3,2022-05-01,16931826.340154935,16.410317810869913,0.38583334652936124,13394005.456954857,14429012.52780494,5048374.217044742,SARIMA
2022-02-01,2022-02-01,4,2022-06-01,17868945.717301447,16.29104790032943,0.4154339266268438,11888093.373352088,12959511.74297733,5048374.217044742,SARIMA
2022-02-01,2022-02-01,5,2022-07-01,18361779.51930217,16.498911677916162,0.4430035378215275,14634783.400793506,16143656.51748198,5048374.217044742,SARIMA
2022-02-01,2022-02-01,6,2022-08-01,19637963.915173445,16.480337593277422,0.46391731540197473,14365464.613011848,15997567.398354288,5048374.217044742,SARIMA
2022-02-01,2022-02-01,7,2022-09-01,21330305.533095423,16.46398461993788,0.48172905317226994,14132456.929947605,15871189.783113563,5048374.217044742,SARIMA
2022-02-01,2022-02-01,8,2022-10-01,20448732.012382615,16.515291447545103,0.4962946483841908,14876471.77777467,16826164.381730203,5048374.217044742,SARIMA
2022-02-01,2022-02-01,9,2022-11-01,21417476.473871592,16.539587718126803,0.508563925224391,15242341.19474815,17346587.36146406,5048374.217044742,SARIMA
2022-02-01,2022-02-01,10,2022-12-01,25036250.719354104,16.65140307595288,0.5188367927559556,17045607.024145268,19501440.34615439,5048374.217044742,SARIMA
2022-02-01,2022-02-01,11,2023-01-01,29157384.457611956,16.643115783250085,0.5275164372392943,16904928.815324258,19428518.6681015,5048374.217044742,SARIMA
2022-02-01,2022-02-01,12,2023-02-01,18854324.324541107,16.59357797914847,0.5348546793311227,16087899.751380686,18561734.658332907,5048374.217044742,SARIMA
2022-03-01,2022-03-01,1,2022-04-01,17759980.546359718,16.65204737158122,0.30010021247823854,17056592.972952638,17842207.92991867,5057781.593781486,SARIMA
2022-03-01,2022-03-01,2,2022-05-01,16931826.340154935,16.603229443441116,0.33341474347704597,16243923.2578852,17172368.01189732,5057781.593781486,SARIMA
2022-03-01,2022-03-01,3,2022-06-01,17868945.717301447,16.4443411792629,0.38556334099645845,13857555.69322153,14926828.528679987,5057781.593781486,SARIMA
2022-03-01,2022-03-01,4,2022-07-01,18361779.51930217,16.652092287201505,0.41496886978000586,17057359.097611338,18591069.122068793,5057781.593781486,SARIMA
2022-03-01,2022-03-01,5,2022-08-01,19637963.915173445,16.61784098820823,0.4425651290318935,16483014.56265017,18178914.47210627,5057781.593781486,SARIMA
2022-03-01,2022-03-01,6,2022-09-01,21330305.533095423,16.593491237251254,0.46343605629129375,16086504.316956203,17910142.427150764,5057781.593781486,SARIMA
2022-03-01,2022-03-01,7,2022-10-01,20448732.012382615,16.634417358587964,0.48126349368444105,16758520.250676828,18816122.381245382,5057781.593781486,SARIMA
2022-03-01,2022-03-01,8,2022-11-01,21417476.473871592,16.65021310693581,0.4958353368935921,17025335.343637303,19252268.33984359,5057781.593781486,SARIMA
2022-03-01,2022-03-01,9,2022-12-01,25036250.719354104,16.753889859214354,0.508126716708487,18885214.25315804,21487592.62545448,5057781.593781486,SARIMA
2022-03-01,2022-03-01,10,2023-01-01,29157384.457611956,16.73858849261251,0.5184220064061248,18598444.24814808,21273424.613771692,5057781.593781486,SARIMA
2022-03-01,2022-03-01,11,2023-02-01,18854324.324541107,16.68195773237959,0.5271284398525199,17574468.13087727,20193875.602997858,5057781.593781486,SARIMA
2022-03-01,2022-03-01,12,2023-03-01,20203586.524565566,16.553806759279105,0.5344939538209101,15460620.857551046,17834559.050049096,5057781.593781486,SARIMA
2022-04-01,2022-04-01,1,2022-05-01,16931826.340154935,16.6226681156147,0.297900757279841,16562772.52002677,17314252.188051715,5020642.635966588,SARIMA
2022-04-01,2022-04-01,2,2022-06-01,17868945.717301447,16.470068063637353,0.3311187522688701,14218692.976128219,15019919.994517893,5020642.635966588,SARIMA
2022-04-01,2022-04-01,3,2022-07-01,18361779.51930217,16.673016483855555,0.3829458655678579,17418030.858117267,18743175.144635458,5020642.635966588,SARIMA
2022-04-01,2022-04-01,4,2022-08-01,19637963.915173445,16.638638035358955,0.4122521436296155,16829402.02712409,18322015.917524215,5020642.635966588,SARIMA
2022-04-01,2022-04-01,5,2022-09-01,21330305.533095423,16.61192215935784,0.4397311847915616,16385742.572619349,18049055.541380633,5020642.635966588,SARIMA
2022-04-01,2022-04-01,6,2022-10-01,20448732.012382615,16.652008678268714,0.4605435575475875,17055933.00963864,18964111.119198233,5020642.635966588,SARIMA
2022-04-01,2022-04-01,7,2022-11-01,21417476.473871592,16.666428041673733,0.4783236356527825,17303650.377227828,19400798.672772862,5020642.635966588,SARIMA
2022-04-01,2022-04-01,8,2022-12-01,25036250.719354104,16.768877563718902,0.49286991626850196,19170392.00553092,21646145.09498658,5020642.635966588,SARIMA
2022-04-01,2022-04-01,9,2023-01-01,29157384.457611956,16.752461109862026,0.5051459895681092,18858251.281775888,21424535.571072605,5020642.635966588,SARIMA
2022-04-01,2022-04-01,10,2023-02-01,18854324.324541107,16.695520162083326,0.5154360583198228,17814444.270834237,20345235.754618566,5020642.635966588,SARIMA
2022-04-01,2022-04-01,11,2023-03-01,20203586.524565566,16.565281072910725,0.5241435722278666,15639042.545838086,17941810.24575215,5020642.635966588,SARIMA
2022-04-01,2022-04-01,12,2023-04-01,23075077.619267482,16.622474902002708,0.5315151668644924,16559572.67606021,19071947.35103452,5020642.635966588,SARIMA
2022-05-01,2022-05-01,1,2022-06-01,17868945.717301447,16.48027194985867,0.29572609245853176,14364521.645752795,15006573.715125661,4968734.525320065,SARIMA
2022-05-01,2022-05-01,2,2022-07-01,18361779.51930217,16.68776197606058,0.32857877957133086,17676771.23533714,18657224.155849516,4968734.525320065,SARIMA
2022-05-01,2022-05-01,3,2022-08-01,19637963.915173445,16.650125837826316,0.38015242154740436,17023849.622612767,18299490.385380797,4968734.525320065,SARIMA
2022-05-01,2022-05-01,4,2022-09-01,21330305.533095423,16.623268131014218,0.4092606861405184,16572713.420645963,18020405.012698427,4968734.525320065,SARIMA
2022-05-01,2022-05-01,5,2022-10-01,20448732.012382615,16.662413147488202,0.43663577208318294,17234317.327502705,18958037.57904777,4968734.525320065,SARIMA
2022-05-01,2022-05-01,6,2022-11-01,21417476.473871592,16.676318588102873,0.4573681947973413,17475642.078572784,19402479.41781046,4968734.525320065,SARIMA
2022-05-01,2022-05-01,7,2022-12-01,25036250.719354104,16.777842979528206,0.4751096121249085,19343035.29412053,21654147.213962704,4968734.525320065,SARIMA
2022-05-01,2022-05-01,8,2023-01-01,29157384.457611956,16.76084824516006,0.4896343970443761,19017083.127779786,21438933.866285972,4968734.525320065,SARIMA
2022-05-01,2022-05-01,9,2023-02-01,18854324.324541107,16.704231813101696,0.5019075287179243,17970315.45429371,20382503.04258485,4968734.525320065,SARIMA
2022-05-01,2022-05-01,10,2023-03-01,20203586.524565566,16.571897078504893,0.5122049956918383,15742853.567294467,17949522.256556146,4968734.525320065,SARIMA
2022-05-01,2022-05-01,11,2023-04-01,23075077.619267482,16.629243380119508,0.5209285408593096,16672035.954611845,19094800.913105175,4968734.525320065,SARIMA
2022-05-01,2022-05-01,12,2023-05-01,18314045.276733518,16.546053498832713,0.5283214562616529,15341214.131261429,17638865.27052198,4968734.525320065,SARIMA
2022-06-01,2022-06-01,1,2022-07-01,18361779.51930217,16.793743111594836,0.2951605386372807,19653050.2176596,20528053.732964408,4923471.660921991,SARIMA
2022-06-01,2022-06-01,2,2022-08-01,19637963.915173445,16.791989928431374,0.32838246469150334,19618625.00657515,20705448.786318474,4923471.660921991,SARIMA
2022-06-01,2022-06-01,3,2022-09-01,21330305.533095423,16.736314879030054,0.37999067980181095,18556206.6069253,19945444.660313062,4923471.660921991,SARIMA
2022-06-01,2022-06-01,4,2022-10-01,20448732.012382615,16.77580726434531,0.40935541686498217,19303698.436393045,20990766.17431475,4923471.660921991,SARIMA
2022-06-01,2022-06-01,5,2022-11-01,21417476.473871592,16.77782460089683,0.4368852835811894,19342679.79887197,21279590.448295526,4923471.660921991,SARIMA
2022-06-01,2022-06-01,6,2022-12-01,25036250.719354104,16.87410302566149,0.4578173211756381,21297559.05298819,23650655.174228556,4923471.660921991,SARIMA
2022-06-01,2022-06-01,7,2023-01-01,29157384.457611956,16.850081760717806,0.47572934729097843,20792060.40946278,23283161.308683842,4923471.660921991,SARIMA
2022-06-01,2022-06-01,8,2023-02-01,18854324.324541107,16.78696548098916,0.4904272434565214,19520299.47891692,22014786.992241845,4923471.660921991,SARIMA
2022-06-01,2022-06-01,9,2023-03-01,20203586.524565566,16.64986148935466,0.5028600043501861,17019349.98874519,19313127.06233403,4923471.660921991,SARIMA
2022-06-01,2022-06-01,10,2023-04-01,23075077.619267482,16.700952578117327,0.5133098179494572,17911483.082482345,20433700.124779988,4923471.660921991,SARIMA
2022-06-01,2022-06-01,11,2023-05-01,18314045.276733518,16.612431390040506,0.5221751227298,16394088.820397973,18788674.375618972,4923471.660921991,SARIMA
2022-06-01,2022-06-01,12,2023-06-01,19136367.451210137,16.570844652220952,0.5297005009410247,15726294.089759156,18094814.483584072,4923471.660921991,SARIMA
2022-07-01,2022-07-01,1,2022-08-01,19637963.915173445,16.758937197124347,0.29323811290864066,18980775.27250123,19814637.546320196,4894015.557710046,SARIMA
2022-07-01,2022-07-01,2,2022-09-01,21330305.533095423,16.69188269341408,0.3259836468118455,17749762.498217702,18718358.95308301,4894015.557710046,SARIMA
2022-07-01,2022-07-01,3,2022-10-01,20448732.012382615,16.740549614534164,0.37720866627373995,18634953.853063714,20009001.4644896,4894015.557710046,SARIMA
2022-07-01,2022-07-01,4,2022-11-01,21417476.473871592,16.74232963938448,0.4062158633850212,18668154.073849462,20273705.386309188,4894015.557710046,SARIMA
2022-07-01,2022-07-01,5,2022-12-01,25036250.719354104,16.842140437127206,0.43347352847722037,20627597.819272876,22659507.683046628,4894015.557710046,SARIMA
2022-07-01,2022-07-01,6,2023-01-01,29157384.457611956,16.81974707715502,0.45415395925175406,20170810.189192142,22362029.938659053,4894015.557710046,SARIMA
2022-07-01,2022-07-01,7,2023-02-01,18854324.324541107,16.75939233613166,0.4718567620567493,18989416.1299633,21225561.3645109,4894015.557710046,SARIMA
2022-07-01,2022-07-01,8,2023-03-01,20203586.524565566,16.623320610717833,0.4863670726730191,16573583.174556399,18654483.464578662,4894015.557710046,SARIMA
2022-07-01,2022-07-01,9,2023-04-01,23075077.619267482,16.676609451083966,0.49863705062872943,17480725.83522673,19794781.596862275,4894015.557710046,SARIMA
2022-07-01,2022-07-01,10,2023-05-01,18314045.276733518,16.5895571984232,0.5089421666868807,16023343.703977186,18238918.770843405,4894015.557710046,SARIMA
2022-07-01,2022-07-01,11,2023-06-01,19136367.451210137,16.549314144753392,0.517679880001995,15391318.039697858,17598256.169706512,4894015.557710046,SARIMA
2022-07-01,2022-07-01,12,2023-07-01,21036673.873442713,16.591139153192646,0.5250919185881388,16048711.969405891,18420963.868009828,4894015.557710046,SARIMA
2022-08-01,2022-08-01,1,2022-09-01,21330305.533095423,16.708051356306665,0.2911296213083518,18039085.10129109,18819979.154729772,4855897.471449378,SARIMA
2022-08-01,2022-08-01,2,2022-10-01,20448732.012382615,16.762829537305294,0.32347049857264104,19054798.87582599,20078218.305166848,4855897.471449378,SARIMA
2022-08-01,2022-08-01,3,2022-11-01,21417476.473871592,16.76009399081847,0.37448276288931265,19002744.818312116,20383017.990109146,4855897.471449378,SARIMA
2022-08-01,2022-08-01,4,2022-12-01,25036250.719354104,16.859961505857335,0.4032922299861223,20998498.767224472,22777501.19970862,4855897.471449378,SARIMA
2022-08-01,2022-08-01,5,2023-01-01,29157384.457611956,16.835756279716584,0.43047154393906595,20496327.458967037,22486128.24916292,4855897.471449378,SARIMA
2022-08-01,2022-08-01,6,2023-02-01,18854324.324541107,16.775594671287188,0.451088344594494,19299595.040301584,21366503.968215253,4855897.471449378,SARIMA
2022-08-01,2022-08-01,7,2023-03-01,20203586.524565566,16.63675718751199,0.46877486823438114,16797778.231652126,18748646.59276129,4855897.471449378,SARIMA
2022-08-01,2022-08-01,8,2023-04-01,23075077.619267482,16.689896625120163,0.4832838280879773,17714545.24121032,19908916.493943483,4855897.471449378,SARIMA
2022-08-01,2022-08-01,9,2023-05-01,18314045.276733518,16.601524001199067,0.4955718999760386,16216243.794556493,18334952.250853036,4855897.471449378,SARIMA
2022-08-01,2022-08-01,10,2023-06-01,19136367.451210137,16.56000341497225,0.5059043986500835,15556722.448529763,17680502.65105207,4855897.471449378,SARIMA
2022-08-01,2022-08-01,11,2023-07-01,21036673.873442713,16.601420405453865,0.514677614703133,16214563.947710218,18510837.493575342,4855897.471449378,SARIMA
2022-08-01,2022-08-01,12,2023-08-01,21575949.02090314,16.64568468565028,0.5221294577873241,16948411.755334627,19423500.77375029,4855897.471449378,SARIMA
2022-09-01,2022-09-01,1,2022-10-01,20448732.012382615,16.844824312628774,0.2899447690885974,20683034.082454056,21570955.11538686,4840754.179225698,SARIMA
2022-09-01,2022-09-01,2,2022-11-01,21417476.473871592,16.86972857613339,0.3224788289052433,21204597.432039868,22336325.865300898,4840754.179225698,SARIMA
2022-09-01,2022-09-01,3,2022-12-01,25036250.719354104,16.94763981743785,0.3734934298418033,22922736.06930748,24578643.870401878,4840754.179225698,SARIMA
2022-09-01,2022-09-01,4,2023-01-01,29157384.457611956,16.92398474245253,0.40249281000943715,22386860.109503146,24275665.177261125,4840754.179225698,SARIMA
2022-09-01,2022-09-01,5,2023-02-01,18854324.324541107,16.854835387944313,0.42982400110687713,20891133.40540342,22912879.26866435,4840754.179225698,SARIMA
2022-09-01,2022-09-01,6,2023-03-01,20203586.524565566,16.712308556889234,0.45063423851120427,18116044.80510806,20052094.404697128,4840754.179225698,SARIMA
2022-09-01,2022-09-01,7,2023-04-01,23075077.619267482,16.759839066427485,0.4685065784370337,18997901.172570247,21201622.57874846,4840754.179225698,SARIMA
2022-09-01,2022-09-01,8,2023-05-01,18314045.276733518,16.667336044003406,0.48320717927905776,17319369.26739667,19464067.53263192,4840754.179225698,SARIMA
2022-09-01,2022-09-01,9,2023-06-01,19136367.451210137,16.62148528528703,0.4956808386423849,16543193.15219756,18705628.618672326,4840754.179225698,SARIMA
2022-09-01,2022-09-01,10,2023-07-01,21036673.873442713,16.658612574382634,0.5061940475312902,17168941.35634663,19515679.576117013,4840754.179225698,SARIMA
2022-09-01,2022-09-01,11,2023-08-01,21575949.02090314,16.69923965758409,0.5151397831663596,17880828.397344764,20417933.29395853,4840754.179225698,SARIMA
2022-09-01,2022-09-01,12,2023-09-01,20002492.205724116,16.69213815631343,0.5227555615429741,17754297.483243823,20353732.0238796,4840754.179225698,SARIMA
2022-10-01,2022-10-01,1,2022-11-01,21417476.473871592,16.864473530187986,0.2879309439057709,21093458.573946387,21986202.25665818,4814525.679122026,SARIMA
2022-10-01,2022-10-01,2,2022-12-01,25036250.719354104,16.9402814466213,0.3201241163223299,22754681.140706547,23951012.8603466,4814525.679122026,SARIMA
2022-10-01,2022-10-01,3,2023-01-01,29157384.457611956,16.918194934712375,0.37084448217788313,22257618.995198864,23841963.29367614,4814525.679122026,SARIMA
2022-10-01,2022-10-01,4,2023-02-01,18854324.324541107,16.849797799344238,0.39962047155122493,20786157.105624385,22513958.66633237,4814525.679122026,SARIMA
2022-10-01,2022-10-01,5,2023-03-01,20203586.524565566,16.706561898129472,0.4267982854065979,18012236.63827286,19729791.02772749,4814525.679122026,SARIMA
2022-10-01,2022-10-01,6,2023-04-01,23075077.619267482,16.755013881435673,0.4474826589852387,18906453.588139005,20897377.832035635,4814525.679122026,SARIMA
2022-10-01,2022-10-01,7,2023-05-01,18314045.276733518,16.66261141865641,0.46526466244365494,17237734.734507956,19208184.490510393,4814525.679122026,SARIMA
2022-10-01,2022-10-01,8,2023-06-01,19136367.451210137,16.61669358656341,0.47989363240562793,16464112.770676753,18473402.18439051,4814525.679122026,SARIMA
2022-10-01,2022-10-01,9,2023-07-01,21036673.873442713,16.65439378213897,0.4923143227690835,17096661.733281106,19299321.12412696,4814525.679122026,SARIMA
2022-10-01,2022-10-01,10,2023-08-01,21575949.02090314,16.69510781589471,0.5027869771637506,17807100.066918116,20206303.903104164,4814525.679122026,SARIMA
2022-10-01,2022-10-01,11,2023-09-01,20002492.205724116,16.688066688761644,0.5117028507819946,17682158.392772283,20155476.429066397,4814525.679122026,SARIMA
2022-10-01,2022-10-01,12,2023-10-01,20505785.038989563,16.701188764755482,0.5192966764707889,17915714.035083532,20501800.793834265,4814525.679122026,SARIMA
2022-11-01,2022-11-01,1,2022-12-01,25036250.719354104,16.94768298078194,0.2859498445424469,22923725.512605652,23880353.21384597,4804837.996031554,SARIMA
2022-11-01,2022-11-01,2,2023-01-01,29157384.457611956,16.92816251363391,0.31782145760906927,22480582.928438235,23645130.4978759,4804837.996031554,SARIMA
2022-11-01,2022-11-01,3,2023-02-01,18854324.324541107,16.858617658642054,0.3682956758613017,20970298.94550089,22441859.734890047,4804837.996031554,SARIMA
2022-11-01,2022-11-01,4,2023-03-01,20203586.524565566,16.714150938273544,0.39688664484614855,18149452.23397709,19636692.54530478,4804837.996031554,SARIMA
2022-11-01,2022-11-01,5,2023-04-01,23075077.619267482,16.76250396001399,0.42395776017907405,19048596.075821884,20839776.520802774,4804837.996031554,SARIMA
2022-11-01,2022-11-01,6,2023-05-01,18314045.276733518,16.66950081606043,0.444559720677859,17356902.364674713,19159658.153740622,4804837.996031554,SARIMA
2022-11-01,2022-11-01,7,2023-06-01,19136367.451210137,16.6227289815294,0.46229578996739734,16563780.659006469,18431794.25878547,4804837.996031554,SARIMA
2022-11-01,2022-11-01,8,2023-07-01,21036673.873442713,16.660294542833327,0.4768954221483118,17197843.273282364,19269019.649732623,4804837.996031554,SARIMA
2022-11-01,2022-11-01,9,2023-08-01,21575949.02090314,16.7004443542237,0.4893040832519555,17902382.351609822,20179011.69412123,4804837.996031554,SARIMA
2022-11-01,2022-11-01,10,2023-09-01,20002492.205724116,16.692836956737537,0.4997749578560025,17766708.52977208,20130053.61374062,4804837.996031554,SARIMA
2022-11-01,2022-11-01,11,2023-10-01,20505785.038989563,16.70584467851146,0.5086976731649786,17999322.540467374,20485570.943139654,4804837.996031554,SARIMA
2022-11-01,2022-11-01,12,2023-11-01,25611611.938634984,16.701645004526945,0.5163039799268105,17923889.7612644,20479396.795786306,4804837.996031554,SARIMA
2022-12-01,2022-12-01,1,2023-01-01,29157384.457611956,16.97130185753141,0.2841946548266407,23471602.81408493,24438862.73989404,4802443.685051459,SARIMA
2022-12-01,2022-12-01,2,2023-02-01,18854324.324541107,16.91733730090537,0.31589142063212794,22238538.29198276,23376247.3836086,4802443.685051459,SARIMA
2022-12-01,2022-12-01,3,2023-03-01,20203586.524565566,16.760260256213922,0.36627771384999114,19005904.579866253,20324547.258500095,4802443.685051459,SARIMA
2022-12-01,2022-12-01,4,2023-04-01,23075077.619267482,16.809783423017745,0.39484715650575075,19970833.118363902,21589886.847691484,4802443.685051459,SARIMA
2022-12-01,2022-12-01,5,2023-05-01,18314045.276733518,16.71206860892441,0.42197043300723874,18111698.418500613,19798131.68938257,4802443.685051459,SARIMA
2022-12-01,2022-12-01,6,2023-06-01,19136367.451210137,16.663037527364473,0.4426459234523319,17245081.44852384,19020068.834597025,4802443.685051459,SARIMA
2022-12-01,2022-12-01,7,2023-07-01,21036673.873442713,16.697885713107638,0.4604854418147509,17856635.130367734,19853862.571832124,4802443.685051459,SARIMA
2022-12-01,2022-12-01,8,2023-08-01,21575949.02090314,16.735688979051538,0.4751986367442376,18544595.91155472,20761188.232009497,4802443.685051459,SARIMA
2022-12-01,2022-12-01,9,2023-09-01,20002492.205724116,16.72558585165392,0.4877305922779602,18358180.770147078,20676873.61414502,4802443.685051459,SARIMA
2022-12-01,2022-12-01,10,2023-10-01,20505785.038989563,16.736709575399388,0.49832730238862805,18563532.119883247,21017681.66682346,4802443.685051459,SARIMA
2022-12-01,2022-12-01,11,2023-11-01,25611611.938634984,16.730448233431336,0.5073765327729546,18447662.624960706,20981752.857879117,4802443.685051459,SARIMA
2022-12-01,2022-12-01,12,2023-12-01,23583900.23543129,16.86208472507907,0.5151071028099766,21043130.548195396,24028528.953637395,4802443.685051459,SARIMA
2023-01-01,2023-01-01,1,2023-02-01,18854324.324541107,17.02471490892045,0.28342892127877084,24759378.609538503,25774105.565329377,4840827.867123338,SARIMA
2023-01-01,2023-01-01,2,2023-03-01,20203586.524565566,16.903758038900904,0.3153571939902199,21938596.45730016,23057072.626502026,4840827.867123338,SARIMA
2023-01-01,2023-01-01,3,2023-04-01,23075077.619267482,16.925264429384786,0.3660016006319884,22415526.620006967,23968307.988820456,4840827.867123338,SARIMA
2023-01-01,2023-01-01,4,2023-05-01,18314045.276733518,16.828631604109546,0.3949191068393961,20350816.74851288,22001301.19020605,4840827.867123338,SARIMA
2023-01-01,2023-01-01,5,2023-06-01,19136367.451210137,16.768334257336253,0.42241261465800806,19159979.43805974,20947931.53085842,4840827.867123338,SARIMA
2023-01-01,2023-01-01,6,2023-07-01,21036673.873442713,16.798955654297657,0.44347527993440033,19755760.038265605,21797172.472571775,4840827.867123338,SARIMA
2023-01-01,2023-01-01,7,2023-08-01,21575949.02090314,16.829460544639087,0.4617042635959011,20367693.3592119,22658507.765461218,4840827.867123338,SARIMA
2023-01-01,2023-01-01,8,2023-09-01,20002492.205724116,16.814053642116615,0.4768023475529274,20056295.29260541,22470724.383157477,4840827.867123338,SARIMA
2023-01-01,2023-01-01,9,2023-10-01,20505785.038989563,16.81968129924269,0.48970915505234924,20169483.439043738,22738926.270453796,4840827.867123338,SARIMA
2023-01-01,2023-01-01,10,2023-11-01,25611611.938634984,16.808571973769098,0.5006669249833017,19946654.116361827,22610063.633697607,4840827.867123338,SARIMA
2023-01-01,2023-01-01,11,2023-12-01,23583900.23543129,16.93530990670793,0.5100610073823492,22641836.07449994,25787257.23690164,4840827.867123338,SARIMA
2023-01-01,2023-01-01,12,2024-01-01,22986387.186458543,16.891012486763064,0.5181185969023351,21660751.338344812,24772282.054383855,4840827.867123338,SARIMA
2023-02-01,2023-02-01,1,2023-03-01,20203586.524565566,16.772900787302646,0.2839407371647864,19247674.13615966,20039421.337974958,4815555.762172142,SARIMA
2023-02-01,2023-02-01,2,2023-04-01,23075077.619267482,16.746632693074986,0.31528966743933606,18748657.22360156,19704083.968567602,4815555.762172142,SARIMA
2023-02-01,2023-02-01,3,2023-05-01,18314045.276733518,16.68678825674107,0.36528533860933093,17659567.398891967,18877946.48425912,4815555.762172142,SARIMA
2023-02-01,2023-02-01,4,2023-06-01,19136367.451210137,16.625762358151075,0.3934356881079483,16614101.125903234,17951032.2550384,4815555.762172142,SARIMA
2023-02-01,2023-02-01,5,2023-07-01,21036673.873442713,16.668441151228524,0.4201405229948157,17338519.607149012,18938362.42440769,4815555.762172142,SARIMA
2023-02-01,2023-02-01,6,2023-08-01,21575949.02090314,16.705905005834655,0.4404005457655129,18000408.42416944,19833467.096571136,4815555.762172142,SARIMA
2023-02-01,2023-02-01,7,2023-09-01,20002492.205724116,16.699408488099824,0.45783718184139527,17883847.481674433,19859954.601219095,4815555.762172142,SARIMA
2023-02-01,2023-02-01,8,2023-10-01,20505785.038989563,16.71102714101873,0.4721625135357579,18092845.48494703,20226331.651852775,4815555.762172142,SARIMA
2023-02-01,2023-02-01,9,2023-11-01,25611611.938634984,16.706663313703736,0.48432500911913506,18014063.452227432,20255738.030984193,4815555.762172142,SARIMA
2023-02-01,2023-02-01,10,2023-12-01,23583900.23543129,16.839986813476937,0.49457199482694075,20583221.538816385,23260973.159576595,4815555.762172142,SARIMA
2023-02-01,2023-02-01,11,2024-01-01,22986387.186458543,16.80366020879842,0.5032922669499605,19848921.056787718,22528951.23884739,4815555.762172142,SARIMA
2023-02-01,2023-02-01,12,2024-02-01,23872500.478948027,16.627044417016684,0.5107149236707957,16635415.041473603,18952744.047874704,4815555.762172142,SARIMA
2023-03-01,2023-03-01,1,2023-04-01,23075077.619267482,16.76981229714371,0.2822354039662099,19188319.58915563,19967983.199299358,4764873.825341739,SARIMA
2023-03-01,2023-03-01,2,2023-05-01,18314045.276733518,16.718840815871054,0.3131356153613021,18234770.853977073,19151043.68589783,4764873.825341739,SARIMA
2023-03-01,2023-03-01,3,2023-06-01,19136367.451210137,16.650869056379726,0.3630040092639096,17036506.766432192,18196776.33213354,4764873.825341739,SARIMA
2023-03-01,2023-03-01,4,2023-07-01,21036673.873442713,16.69414165269174,0.39095401381980466,17789903.810614616,19202752.25141294,4764873.825341739,SARIMA
2023-03-01,2023-03-01,5,2023-08-01,21575949.02090314,16.728943995154683,0.4176143897800959,18419933.805329975,20098281.752608005,4764873.825341739,SARIMA
2023-03-01,2023-03-01,6,2023-09-01,20002492.205724116,16.721280300929543,0.4378223813004597,18279308.607525133,20117980.385702424,4764873.825341739,SARIMA
2023-03-01,2023-03-01,7,2023-10-01,20505785.038989563,16.73138231746478,0.4552620187660216,18464902.342492033,20481120.536399808,4764873.825341739,SARIMA
2023-03-01,2023-03-01,8,2023-11-01,25611611.938634984,16.725718016091104,0.4695991892792026,18360607.229118526,20500907.5810901,4764873.825341739,SARIMA
2023-03-01,2023-03-01,9,2023-12-01,23583900.23543129,16.85773765126582,0.48179381880947014,20951853.04520155,23530318.421497826,4764873.825341739,SARIMA
2023-03-01,2023-03-01,10,2024-01-01,22986387.186458543,16.819960607526195,0.4920801140343134,20175117.729657695,22771766.76552215,4764873.825341739,SARIMA
2023-03-01,2023-03-01,11,2024-02-01,23872500.478948027,16.642708390291038,0.5008473142368347,16898043.26900847,19156112.36819047,4764873.825341739,SARIMA
2023-03-01,2023-03-01,12,2024-03-01,21240482.31230949,16.80151909110572,0.5083201334745912,19806467.64582529,22538009.88650103,4764873.825341739,SARIMA
2023-04-01,2023-04-01,1,2023-05-01,18314045.276733518,16.809002610383587,0.2812561260394569,19955245.72575889,20760342.50834276,4771126.362245899,SARIMA
2023-04-01,2023-04-01,2,2023-06-01,19136367.451210137,16.77246562339075,0.3126068416898033,19239300.065166578,20202706.57235901,4771126.362245899,SARIMA
2023-04-01,2023-04-01,3,2023-07-01,21036673.873442713,16.790765855897902,0.3624735594151023,19594625.078383278,20925088.34962975,4771126.362245899,SARIMA
2023-04-01,2023-04-01,4,2023-08-01,21575949.02090314,16.827061580189504,0.39073865428764515,20318890.54843233,21930741.4169879,4771126.362245899,SARIMA
2023-04-01,2023-04-01,5,2023-09-01,20002492.205724116,16.8094807142528,0.41757934644261596,19964788.687033046,21783578.618840706,4771126.362245899,SARIMA
2023-04-01,2023-04-01,6,2023-10-01,20505785.038989563,16.815365958688897,0.4380367576445729,20082632.779076643,22104771.744291995,4771126.362245899,SARIMA
2023-04-01,2023-04-01,7,2023-11-01,25611611.938634984,16.803362569966172,0.45568947140641997,19843014.126212575,22013996.578497007,4771126.362245899,SARIMA
2023-04-01,2023-04-01,8,2023-12-01,23583900.23543129,16.930681217012413,0.47024798093655124,22537276.215426315,25172125.23531354,4771126.362245899,SARIMA
2023-04-01,2023-04-01,9,2024-01-01,22986387.186458543,16.887988059462927,0.48264845736257683,21595338.938041747,24262993.01174864,4771126.362245899,SARIMA
2023-04-01,2023-04-01,10,2024-02-01,23872500.478948027,16.706353577932152,0.4931338484552763,18008484.71639632,20336829.761660166,4771126.362245899,SARIMA
2023-04-01,2023-04-01,11,2024-03-01,21240482.31230949,16.861515349077738,0.5020880597387379,21031152.504997086,23856363.638758067,4771126.362245899,SARIMA
2023-04-01,2023-04-01,12,2024-04-01,22746532.296000022,16.74325315903354,0.5097374157759238,18685402.444326956,21277681.736611184,4771126.362245899,SARIMA
2023-05-01,2023-05-01,1,2023-06-01,19136367.451210137,16.72981533547884,0.27964082956506786,18435990.830973897,19171106.4713629,4733048.750721547,SARIMA
2023-05-01,2023-05-01,2,2023-07-01,21036673.873442713,16.73424360079676,0.31060046325719937,18517811.317478433,19432936.159546103,4733048.750721547,SARIMA
2023-05-01,2023-05-01,3,2023-08-01,21575949.02090314,16.781374856161666,0.36009057109809034,19411473.294641305,20711661.681460615,4733048.750721547,SARIMA
2023-05-01,2023-05-01,4,2023-09-01,20002492.205724116,16.763175071323314,0.3880215522890034,19061384.09468717,20551724.935349222,4733048.750721547,SARIMA
2023-05-01,2023-05-01,5,2023-10-01,20505785.038989563,16.773722347278873,0.4145804709343843,19263493.752357345,20992185.989797182,4733048.750721547,SARIMA
2023-05-01,2023-05-01,6,2023-11-01,25611611.938634984,16.76376227371543,0.4347776463961041,19072580.27191391,20963178.975987986,4733048.750721547,SARIMA
2023-05-01,2023-05-01,7,2023-12-01,23583900.23543129,16.89375933441908,0.45220177228345576,21720331.91430668,24058587.41478307,4733048.750721547,SARIMA
2023-05-01,2023-05-01,8,2024-01-01,22986387.186458543,16.852647113678433,0.466551499612086,20845467.858380634,23242249.15112736,4733048.750721547,SARIMA
2023-05-01,2023-05-01,9,2024-02-01,23872500.478948027,16.674181819375345,0.47876450082985794,17438340.539659288,19555938.209436703,4733048.750721547,SARIMA
2023-05-01,2023-05-01,10,2024-03-01,21240482.31230949,16.83096588336616,0.4890794882503581,20398376.72544228,22989893.31608162,4733048.750721547,SARIMA
2023-05-01,2023-05-01,11,2024-04-01,22746532.296000022,16.714635194580374,0.4978795598245653,18158243.34909158,20554228.05732476,4733048.750721547,SARIMA
2023-05-01,2023-05-01,12,2024-05-01,19444201.33987925,16.729979357023026,0.5053890464619434,18439014.97866451,20950821.18973398,4733048.750721547,SARIMA
2023-06-01,2023-06-01,1,2023-07-01,21036673.873442713,16.75228816771741,0.2779665537228622,18854990.17735484,19597662.76117986,4694541.783868071,SARIMA
2023-06-01,2023-06-01,2,2023-08-01,21575949.02090314,16.805938325726107,0.3086342908212846,19894190.765109483,20864628.94960566,4694541.783868071,SARIMA
2023-06-01,2023-06-01,3,2023-09-01,20002492.205724116,16.782555452703594,0.3579504333192541,19434403.946147222,20720201.683344193,4694541.783868071,SARIMA
2023-06-01,2023-06-01,4,2023-10-01,20505785.038989563,16.793578295243908,0.38573447342685296,19649811.340555403,21167421.526725426,4694541.783868071,SARIMA
2023-06-01,2023-06-01,5,2023-11-01,25611611.938634984,16.78155367835281,0.4122318352890509,19414944.807211705,21136695.716025032,4694541.783868071,SARIMA
2023-06-01,2023-06-01,6,2023-12-01,23583900.23543129,16.910714289236125,0.4323817916192425,22091738.857156906,24256405.774106238,4694541.783868071,SARIMA
2023-06-01,2023-06-01,7,2024-01-01,22986387.186458543,16.86798449046491,0.4497944666467234,21167647.029253133,23420962.709286295,4694541.783868071,SARIMA
2023-06-01,2023-06-01,8,2024-02-01,23872500.478948027,16.689150397285637,0.4641450288115841,17701331.08547397,19714514.541392587,4694541.783868071,SARIMA
2023-06-01,2023-06-01,9,2024-03-01,21240482.31230949,16.845211377316367,0.4763741114428361,20691041.304136083,23177152.012836058,4694541.783868071,SARIMA
2023-06-01,2023-06-01,10,2024-04-01,22746532.296000022,16.727434048289695,0.48671274179393526,18392141.67163026,20704853.405809756,4694541.783868071,SARIMA
2023-06-01,2023-06-01,11,2024-05-01,19444201.33987925,16.74248944233912,0.4955430346613267,18671137.538405042,21110284.39826965,4694541.783868071,SARIMA
2023-06-01,2023-06-01,12,2024-06-01,16493090.02262242,16.777528186859993,0.5030863360061474,19336947.206721865,21945575.76740434,4694541.783868071,SARIMA
2023-07-01,2023-07-01,1,2023-08-01,21575949.02090314,16.859150747078353,0.27650186720575576,20981480.949608203,21799059.581433762,4672347.856068866,SARIMA
2023-07-01,2023-07-01,2,2023-09-01,20002492.205724116,16.854406147945124,0.3071341557745028,20882168.019606177,21890686.77160381,4672347.856068866,SARIMA
2023-07-01,2023-07-01,3,2023-10-01,20505785.038989563,16.851154543313562,0.35639919458391894,20814377.738680795,22179183.710665394,4672347.856068866,SARIMA
2023-07-01,2023-07-01,4,2023-11-01,25611611.938634984,16.840029776505144,0.3842390987213077,20584105.8753407,22161112.441193424,4672347.856068866,SARIMA
2023-07-01,2023-07-01,5,2023-12-01,23583900.23543129,16.96338099704534,0.4108233251810555,23286421.887140684,25336811.578312647,4672347.856068866,SARIMA
2023-07-01,2023-07-01,6,2024-01-01,22986387.186458543,16.91765698185618,0.43108832200056724,22245648.66551349,24411760.272707608,4672347.856068866,SARIMA
2023-07-01,2023-07-01,7,2024-02-01,23872500.478948027,16.736099310500485,0.4486317850066394,18552206.90387321,20516388.212929618,4672347.856068866,SARIMA
2023-07-01,2023-07-01,8,2024-03-01,21240482.31230949,16.88914442452672,0.4631218003388489,21620325.477526825,24067798.074632566,4672347.856068866,SARIMA
2023-07-01,2023-07-01,9,2024-04-01,22746532.296000022,16.768364111857792,0.47549449800033555,19160551.458617225,21453784.485624403,4672347.856068866,SARIMA
2023-07-01,2023-07-01,10,2024-05-01,19444201.33987925,16.781566825964543,0.485976957917916,19415200.069045864,21848735.97631188,4672347.856068866,SARIMA
2023-07-01,2023-07-01,11,2024-06-01,16493090.02262242,16.814085535917435,0.4949489398102701,20056934.974293545,22670447.50893328,4672347.856068866,SARIMA
2023-07-01,2023-07-01,12,2024-07-01,19435833.10529593,16.780994874997,0.5026298255026364,19404098.701602872,22016731.516301382,4672347.856068866,SARIMA
2023-08-01,2023-08-01,1,2023-09-01,20002492.205724116,16.867868838489084,0.27483053406524105,21165199.090607826,21979807.517073084,4642626.521826049,SARIMA
2023-08-01,2023-08-01,2,2023-10-01,20505785.038989563,16.869650971958723,0.3052353715494992,21202951.930606727,22214044.634013116,4642626.521826049,SARIMA
2023-08-01,2023-08-01,3,2023-11-01,25611611.938634984,16.85478634790846,0.3542987054154878,20890108.928592574,22243271.897917014,4642626.521826049,SARIMA
2023-08-01,2023-08-01,4,2023-12-01,23583900.23543129,16.97832966936968,0.38200861830251837,23637137.81530964,25426308.44737642,4642626.521826049,SARIMA
2023-08-01,2023-08-01,5,2024-01-01,22986387.186458543,16.930661047304053,0.4085170584945459,22536821.649722055,24498051.478064097,4642626.521826049,SARIMA
2023-08-01,2023-08-01,6,2024-02-01,23872500.478948027,16.749261294826614,0.42873053389381616,18798004.805976804,20607512.05546381,4642626.521826049,SARIMA
2023-08-01,2023-08-01,7,2024-03-01,21240482.31230949,16.901538144170537,0.4462500950527748,21889949.09861813,24181724.450618394,4642626.521826049,SARIMA
2023-08-01,2023-08-01,8,2024-04-01,22746532.296000022,16.779538004140413,0.46073036769484615,19375850.018044516,21545428.98604292,4642626.521826049,SARIMA
2023-08-01,2023-08-01,9,2024-05-01,19444201.33987925,16.79270753239455,0.47310676291326786,19632708.462199394,21957570.531517837,4642626.521826049,SARIMA
2023-08-01,2023-08-01,10,2024-06-01,16493090.02262242,16.824555490162712,0.483601054278274,20268033.332471628,22782208.947671555,4642626.521826049,SARIMA
2023-08-01,2023-08-01,11,2024-07-01,19435833.10529593,16.79049137677024,0.4925914051009749,19589247.500835072,22116058.309352256,4642626.521826049,SARIMA
2023-08-01,2023-08-01,12,2024-08-01,19835674.60459411,16.88272173783133,0.5002948100675157,21481909.87656539,24345782.42977566,4642626.521826049,SARIMA
2023-09-01,2023-09-01,1,2023-10-01,20505785.038989563,16.8423410890469,0.27322004227921737,20631737.201647624,21416360.233344134,4606983.369197504,SARIMA
2023-09-01,2023-09-01,2,2023-11-01,25611611.938634984,16.81767771320922,0.30335251628224535,20129112.600452445,21076918.45867042,4606983.369197504,SARIMA
2023-09-01,2023-09-01,3,2023-12-01,23583900.23543129,16.948662906589448,0.3521094511938195,22946200.072741948,24413661.70212528,4606983.369197504,SARIMA
2023-09-01,2023-09-01,4,2024-01-01,22986387.186458543,16.89992707400282,0.37959313219344104,21854711.2475996,23487350.251298238,4606983.369197504,SARIMA
2023-09-01,2023-09-01,5,2024-02-01,23872500.478948027,16.72235250911264,0.4059094039680132,18298918.3427761,19870240.760277126,4606983.369197504,SARIMA
2023-09-01,2023-09-01,6,2024-03-01,21240482.31230949,16.87591495573444,0.4259583515828712,21336183.722749725,23362324.399467807,4606983.369197504,SARIMA
2023-09-01,2023-09-01,7,2024-04-01,22746532.296000022,16.755258562939613,0.44333766319472523,18911080.213638883,20863936.595121723,4606983.369197504,SARIMA
2023-09-01,2023-09-01,8,2024-05-01,19444201.33987925,16.770622583845267,0.4576953089871121,19203873.930230796,21324454.736054055,4606983.369197504,SARIMA
2023-09-01,2023-09-01,9,2024-06-01,16493090.02262242,16.80389959065162,0.46996513357495023,19853673.097047765,22171831.815327648,4606983.369197504,SARIMA
2023-09-01,2023-09-01,10,2024-07-01,19435833.10529593,16.770730352355642,0.4803656464270737,19205943.61463909,21554731.92915719,4606983.369197504,SARIMA
2023-09-01,2023-09-01,11,2024-08-01,19835674.60459411,16.864469394529483,0.48927355886010276,21093371.33878545,23775440.693527453,4606983.369197504,SARIMA
2023-09-01,2023-09-01,12,2024-09-01,17906349.079996813,16.925218694324524,0.49690410530259,22414501.46798908,25359793.360575408,4606983.369197504,SARIMA
2023-10-01,2023-10-01,1,2023-11-01,25611611.938634984,16.81473552407745,0.27160158213072466,20069975.982344273,20824052.22934105,4558579.854914626,SARIMA
2023-10-01,2023-10-01,2,2023-12-01,23583900.23543129,16.944571879334852,0.30148647281591434,22852518.30085472,23915059.569560498,4558579.854914626,SARIMA
2023-10-01,2023-10-01,3,2024-01-01,22986387.186458543,16.896139354766916,0.34999638975049185,21772088.312433656,23147285.88387845,4558579.854914626,SARIMA
2023-10-01,2023-10-01,4,2024-02-01,23872500.478948027,16.719289248932796,0.37730576568527835,18242949.76181056,19588810.51998543,4558579.854914626,SARIMA
2023-10-01,2023-10-01,5,2024-03-01,21240482.31230949,16.87324944243596,0.40349302316959956,21279387.570375487,23084056.7289128,4558579.854914626,SARIMA
2023-10-01,2023-10-01,6,2024-04-01,22746532.296000022,16.752251813796196,0.4234379406367085,18854304.736986745,20622672.979461107,4558579.854914626,SARIMA
2023-10-01,2023-10-01,7,2024-05-01,19444201.33987925,16.768511541313643,0.4407392874124773,19163376.49653435,21118016.59240805,4558579.854914626,SARIMA
2023-10-01,2023-10-01,8,2024-06-01,16493090.02262242,16.801910217735205,0.4550344476907773,19814215.997952234,21975492.036577057,4558579.854914626,SARIMA
2023-10-01,2023-10-01,9,2024-07-01,19435833.10529593,16.768531734851898,0.4672563878265043,19163763.47681796,21374218.288801976,4558579.854914626,SARIMA
2023-10-01,2023-10-01,10,2024-08-01,19835674.60459411,16.86263326511158,0.47761921157848664,21054676.714187987,23598490.84595916,4558579.854914626,SARIMA
2023-10-01,2023-10-01,11,2024-09-01,17906349.079996813,16.923799753558416,0.4864981733557124,22382719.17203437,25194593.602908865,4558579.854914626,SARIMA
2023-10-01,2023-10-01,12,2024-10-01,20102987.31695594,16.88237678344837,0.4941064127760916,21474500.875556264,24262617.687050663,4558579.854914626,SARIMA
2023-11-01,2023-11-01,1,2023-12-01,23583900.23543129,17.062977642896325,0.27122738182264705,25725097.837813135,26688939.56973772,4554743.598176192,SARIMA
2023-11-01,2023-11-01,2,2024-01-01,22986387.186458543,17.056969774885765,0.3012013898275434,25571008.184077393,26757648.4419809,4554743.598176192,SARIMA
2023-11-01,2023-11-01,3,2024-02-01,23872500.478948027,16.848080620717205,0.3499927011913757,20750494.189466447,22061135.99507689,4554743.598176192,SARIMA
2023-11-01,2023-11-01,4,2024-03-01,21240482.31230949,17.004050448703147,0.3775586525372752,24252989.563130934,26044722.55957909,4554743.598176192,SARIMA
2023-11-01,2023-11-01,5,2024-04-01,22746532.296000022,16.8705441175611,0.40407426238767585,21221897.713292748,23027094.960859228,4554743.598176192,SARIMA
2023-11-01,2023-11-01,6,2024-05-01,19444201.33987925,16.882011141261177,0.42433884764432495,21466650.32742055,23489002.011815604,4554743.598176192,SARIMA
2023-11-01,2023-11-01,7,2024-06-01,16493090.02262242,16.907453783240793,0.44197548914999335,22019825.910171498,24279063.431386948,4554743.598176192,SARIMA
2023-11-01,2023-11-01,8,2024-07-01,19435833.10529593,16.86778664878493,0.45659777664745965,21163459.60064124,23488638.957646254,4554743.598176192,SARIMA
2023-11-01,2023-11-01,9,2024-08-01,19835674.60459411,16.955764402732495,0.46914209578511595,23109732.39888678,25798103.920850657,4554743.598176192,SARIMA
2023-11-01,2023-11-01,10,2024-09-01,17906349.079996813,17.011242983610327,0.47981530423198565,24428058.87851695,27408242.483812083,4554743.598176192,SARIMA
2023-11-01,2023-11-01,11,2024-10-01,20102987.31695594,16.96444336289544,0.4889922200595216,23311173.73195397,26271626.081180215,4554743.598176192,SARIMA
2023-11-01,2023-11-01,12,2024-11-01,23924007.188177645,16.925528219731298,0.49688364339628455,22421440.39950599,25367386.154297125,4554743.598176192,SARIMA
2023-12-01,2023-12-01,1,2024-01-01,22986387.186458543,17.01459387065886,0.26975248105707333,24510051.842493214,25418226.95205519,4522427.003236053,SARIMA
2023-12-01,2023-12-01,2,2024-02-01,23872500.478948027,16.790835835301408,0.2991621779325627,19595996.346537884,20492813.868500177,4522427.003236053,SARIMA
2023-12-01,2023-12-01,3,2024-03-01,21240482.31230949,16.958823347437953,0.3476518121276406,23180532.023314215,24624544.28543033,4522427.003236053,SARIMA
2023-12-01,2023-12-01,4,2024-04-01,22746532.296000022,16.823607226166775,0.37481989806881605,20248822.995868765,21722349.169594046,4522427.003236053,SARIMA
2023-12-01,2023-12-01,5,2024-05-01,19444201.33987925,16.84053789109133,0.40107510057511947,20594567.617436346,22319437.85030551,4522427.003236053,SARIMA
2023-12-01,2023-12-01,6,2024-06-01,16493090.02262242,16.867674291727138,0.4210674772325954,21161081.870167736,23122649.707298134,4522427.003236053,SARIMA
2023-12-01,2023-12-01,7,2024-07-01,19435833.10529593,16.830377581814062,0.4384863949453014,20386379.85798827,22443525.65639463,4522427.003236053,SARIMA
2023-12-01,2023-12-01,8,2024-08-01,19835674.60459411,16.920727229657786,0.4529039278996824,22314053.275241185,24724079.706595026,4522427.003236053,SARIMA
2023-12-01,2023-12-01,9,2024-09-01,17906349.079996813,16.978784670495163,0.4652705040349888,23647895.186741296,26351163.60232444,4522427.003236053,SARIMA
2023-12-01,2023-12-01,10,2024-10-01,20102987.31695594,16.93379701512924,0.47578167709468056,22607607.33009505,25316859.553079873,4522427.003236053,SARIMA
2023-12-01,2023-12-01,11,2024-11-01,23924007.188177645,16.895933414962233,0.4848139782411189,21767605.034477584,24482171.37689205,4522427.003236053,SARIMA
2023-12-01,2023-12-01,12,2024-12-01,23738153.513783302,17.095262032760758,0.4925745025178872,26569168.77121046,29996067.65973519,4522427.003236053,SARIMA
2024-01-01,2024-01-01,1,2024-02-01,23872500.478948027,16.760540316938144,0.26821245978924685,19011228.13269162,19707489.098110467,4539422.573008397,SARIMA
2024-01-01,2024-01-01,2,2024-03-01,21240482.31230949,16.91718035440674,0.2974956040561097,22235048.30514093,23241084.90745201,4539422.573008397,SARIMA
2024-01-01,2024-01-01,3,2024-04-01,22746532.296000022,16.790024350132146,0.3456479590330318,19580100.93644281,20785384.01172506,4539422.573008397,SARIMA
2024-01-01,2024-01-01,4,2024-05-01,19444201.33987925,16.80716981094399,0.3726460577086891,19918705.25847842,21350855.20136935,4539422.573008397,SARIMA
2024-01-01,2024-01-01,5,2024-06-01,16493090.02262242,16.837585779427755,0.3987010598228789,20533859.80637404,22232529.051755138,4539422.573008397,SARIMA
2024-01-01,2024-01-01,6,2024-07-01,19435833.10529593,16.801082136671553,0.4185400113693847,19797815.012503162,21610070.853839435,4539422.573008397,SARIMA
2024-01-01,2024-01-01,7,2024-08-01,19835674.60459411,16.893796927688637,0.43581110558719544,21721148.467947565,23885033.027221683,4539422.573008397,SARIMA
2024-01-01,2024-01-01,8,2024-09-01,17906349.079996813,16.953725876904837,0.4501008895109165,23062670.597167995,25521231.77379019,4539422.573008397,SARIMA
2024-01-01,2024-01-01,9,2024-10-01,20102987.31695594,16.910217585688812,0.4623501938436045,22080768.536824305,24571589.535453096,4539422.573008397,SARIMA
2024-01-01,2024-01-01,10,2024-11-01,23924007.188177645,16.87287007152854,0.47275652824716147,21271316.320898972,23786278.506180782,4539422.573008397,SARIMA
2024-01-01,2024-01-01,11,2024-12-01,23738153.513783302,17.074524437689195,0.4816936087786403,26023861.82734075,29225109.26476052,4539422.573008397,SARIMA
2024-01-01,2024-01-01,12,2025-01-01,23623568.323823698,17.193808765986493,0.4893681828325511,29320830.67679737,33050570.14745818,4539422.573008397,SARIMA
2024-02-01,2024-02-01,1,2024-03-01,21240482.31230949,17.028115794319003,0.2673644153273733,24843725.764936768,25747746.31794763,4544307.813634912,SARIMA
2024-02-01,2024-02-01,2,2024-04-01,22746532.296000022,16.940626542613014,0.2965231347816883,22762535.045058474,23785567.029144455,4544307.813634912,SARIMA
2024-02-01,2024-02-01,3,2024-05-01,19444201.33987925,16.929120188719352,0.34497521895206446,22502122.33484521,23881726.421062823,4544307.813634912,SARIMA
2024-02-01,2024-02-01,4,2024-06-01,16493090.02262242,16.96218325039611,0.37215534883243867,23258547.350001868,24926275.654667206,4544307.813634912,SARIMA
2024-02-01,2024-02-01,5,2024-07-01,19435833.10529593,16.912750769301557,0.39856153969189145,22136774.08405677,23966711.86159152,4544307.813634912,SARIMA
2024-02-01,2024-02-01,6,2024-08-01,19835674.60459411,17.00158149815063,0.4187235688794057,24193183.990030088,26409813.214479506,4544307.813634912,SARIMA
2024-02-01,2024-02-01,7,2024-09-01,17906349.079996813,17.05486903867944,0.43636497270766383,25517346.6254768,28066190.73969041,4544307.813634912,SARIMA
2024-02-01,2024-02-01,8,2024-10-01,20102987.31695594,17.005571860262172,0.4510164633280384,24289916.425147697,26890396.821712434,4544307.813634912,SARIMA
2024-02-01,2024-02-01,9,2024-11-01,23924007.188177645,16.960466411904157,0.4636330977312881,23218650.4387208,25853181.7528275,4544307.813634912,SARIMA
2024-02-01,2024-02-01,10,2024-12-01,23738153.513783302,17.158900737276582,0.4743964564049733,28314956.95405599,31687306.608155914,4544307.813634912,SARIMA
2024-02-01,2024-02-01,11,2025-01-01,23623568.323823698,17.27379273426136,0.4836813254945237,31762367.476035096,35703759.40177261,4544307.813634912,SARIMA
2024-02-01,2024-02-01,12,2025-02-01,20422464.894915722,16.808424423536025,0.4916894466173239,19943711.200017255,22506251.64552491,4544307.813634912,SARIMA
2024-03-01,2024-03-01,1,2024-04-01,22746532.296000022,16.866044819260225,0.2665541389102576,21126628.547883548,21890654.61373873,4508879.409332983,SARIMA
2024-03-01,2024-03-01,2,2024-05-01,19444201.33987925,16.825355169469752,0.2951823245050909,20284247.74162166,21187490.0146498,4508879.409332983,SARIMA
2024-03-01,2024-03-01,3,2024-06-01,16493090.02262242,16.879789529560817,0.34325886476864426,21419012.701632217,22718789.09863614,4508879.409332983,SARIMA
2024-03-01,2024-03-01,4,2024-07-01,19435833.10529593,16.82812256958308,0.3699593146166071,20340460.116311416,21781194.477351394,4508879.409332983,SARIMA
2024-03-01,2024-03-01,5,2024-08-01,19835674.60459411,16.925176958344455,0.39597112643521154,22413565.996324096,24241425.49121455,4508879.409332983,SARIMA
2024-03-01,2024-03-01,6,2024-09-01,17906349.079996813,16.98091348859407,0.4157228491710252,23698290.876612023,25837209.311243687,4508879.409332983,SARIMA
2024-03-01,2024-03-01,7,2024-10-01,20102987.31695594,16.936848237889052,0.432992008585863,22676693.52120574,24905252.36735798,4508879.409332983,SARIMA
2024-03-01,2024-03-01,8,2024-11-01,23924007.188177645,16.895725486869377,0.4472828763087571,21763079.40839544,24052667.72759891,4508879.409332983,SARIMA
2024-03-01,2024-03-01,9,2024-12-01,23738153.513783302,17.097562841661286,0.45956350572264315,26630369.730055932,29596366.238848507,4508879.409332983,SARIMA
2024-03-01,2024-03-01,10,2025-01-01,23623568.323823698,17.2153399378949,0.4700091059273708,29958988.006688956,33457757.057287164,4508879.409332983,SARIMA
2024-03-01,2024-03-01,11,2025-02-01,20422464.894915722,16.754745729574594,0.4789970635679037,18901384.46710045,21199005.39110869,4508879.409332983,SARIMA
2024-03-01,2024-03-01,12,2025-03-01,19211250.317555815,16.94966394692428,0.4867272676342275,22969181.645367328,25857614.063360374,4508879.409332983,SARIMA
2024-04-01,2024-04-01,1,2024-05-01,19444201.33987925,16.860704747974676,0.26522652463236934,21014111.537224606,21766383.638290357,4467076.068472328,SARIMA
2024-04-01,2024-04-01,2,2024-06-01,16493090.02262242,16.929254194764656,0.2934779149070911,22505137.95732156,23495485.11836637,4467076.068472328,SARIMA
2024-04-01,2024-04-01,3,2024-07-01,19435833.10529593,16.86686462637035,0.3415173566196161,21143955.409551866,22413671.798963133,4467076.068472328,SARIMA
2024-04-01,2024-04-01,4,2024-08-01,19835674.60459411,16.965354709098925,0.36807428502547684,23332427.96514464,24967712.515476022,4467076.068472328,SARIMA
2024-04-01,2024-04-01,5,2024-09-01,17906349.079996813,17.017170499673824,0.39410346686628756,24573286.584479623,26557673.137817815,4467076.068472328,SARIMA
2024-04-01,2024-04-01,6,2024-10-01,20102987.31695594,16.9717281752298,0.41385163699265354,23481611.30702135,25581110.44769609,4467076.068472328,SARIMA
2024-04-01,2024-04-01,7,2024-11-01,23924007.188177645,16.92776987283108,0.43117278241673124,22471757.866962135,24660784.232012346,4467076.068472328,SARIMA
2024-04-01,2024-04-01,8,2024-12-01,23738153.513783302,17.128277028722675,0.4455185318023067,27460990.51155806,30326134.0857743,4467076.068472328,SARIMA
2024-04-01,2024-04-01,9,2025-01-01,23623568.323823698,17.244234932144984,0.4578730294617463,30837280.817858364,34245262.354863465,4467076.068472328,SARIMA
2024-04-01,2024-04-01,10,2025-02-01,20422464.894915722,16.78150783479761,0.4683965087634713,19414054.7775189,21664932.109630406,4467076.068472328,SARIMA
2024-04-01,2024-04-01,11,2025-03-01,19211250.317555815,16.97544862657413,0.47746824398737187,23569136.214497287,26414841.510522228,4467076.068472328,SARIMA
2024-04-01,2024-04-01,12,2025-04-01,20064010.88338034,16.961546138755775,0.48528331116274054,23243733.77819853,26148335.2479465,4467076.068472328,SARIMA
2024-05-01,2024-05-01,1,2024-06-01,16493090.02262242,16.892652546649803,0.26399023207261724,21696305.415169634,22465648.517260097,4434037.256538401,SARIMA
2024-05-01,2024-05-01,2,2024-07-01,19435833.10529593,16.81552214022314,0.2918812209864209,20085769.560423028,20959854.25280521,4434037.256538401,SARIMA
2024-05-01,2024-05-01,3,2024-08-01,19835674.60459411,16.92505882450276,0.3396450233276766,22410918.352058128,23741572.786562737,4434037.256538401,SARIMA
2024-05-01,2024-05-01,4,2024-09-01,17906349.079996813,16.975816864722127,0.36591176523318364,23577816.867742512,25210284.25761444,4434037.256538401,SARIMA
2024-05-01,2024-05-01,5,2024-10-01,20102987.31695594,16.934547401070443,0.39172067873097355,22624578.127327282,24428717.52973616,4434037.256538401,SARIMA
2024-05-01,2024-05-01,6,2024-11-01,23924007.188177645,16.891928463291112,0.4112518929850618,21680601.167751692,23593752.798677508,4434037.256538401,SARIMA
2024-05-01,2024-05-01,7,2024-12-01,23738153.513783302,17.095201609606146,0.428389323590948,26567563.426718384,29120714.45622151,4434037.256538401,SARIMA
2024-05-01,2024-05-01,8,2025-01-01,23623568.323823698,17.213219140857067,0.44256350494005864,29895518.400533628,32971376.65025887,4434037.256538401,SARIMA
2024-05-01,2024-05-01,9,2025-02-01,20422464.894915722,16.75199430223602,0.4547653591665879,18849450.1606395,20902933.546982378,4434037.256538401,SARIMA
2024-05-01,2024-05-01,10,2025-03-01,19211250.317555815,16.94778002069581,0.465148795433332,22925950.13689186,25545244.234238297,4434037.256538401,SARIMA
2024-05-01,2024-05-01,11,2025-04-01,20064010.88338034,16.935756552460234,0.47409379212758435,22651951.213180706,25346190.848571878,4434037.256538401,SARIMA
2024-05-01,2024-05-01,12,2025-05-01,23108414.164161336,16.77878910099807,0.48179313899398013,19361344.815254323,21744065.232442293,4434037.256538401,SARIMA
2024-06-01,2024-06-01,1,2024-07-01,19435833.10529593,16.68537920062504,0.26452910075141944,17634701.60020907,18262622.14285967,4416480.787636924,SARIMA
2024-06-01,2024-06-01,2,2024-08-01,19835674.60459411,16.744823520826692,0.29312434823589967,18714768.33791909,19536292.79327475,4416480.787636924,SARIMA
2024-06-01,2024-06-01,3,2024-09-01,17906349.079996813,16.832518055704792,0.34036040264644835,20430063.10654894,21648368.628679354,4416480.787636924,SARIMA
2024-06-01,2024-06-01,4,2024-10-01,20102987.31695594,16.788467611418973,0.36666624114613433,19549643.548555583,20908988.110383414,4416480.787636924,SARIMA
2024-06-01,2024-06-01,5,2024-11-01,23924007.188177645,16.762556876357923,0.3920588424885569,19049604.084553093,20571392.280574337,4416480.787636924,SARIMA
2024-06-01,2024-06-01,6,2024-12-01,23738153.513783302,16.969414319170376,0.4113106007893403,23427341.049409047,25495245.055544022,4416480.787636924,SARIMA
2024-06-01,2024-06-01,7,2025-01-01,23623568.323823698,17.0955937839251,0.42804152319178385,26577984.5861335,29127798.66434402,4416480.787636924,SARIMA
2024-06-01,2024-06-01,8,2025-02-01,20422464.894915722,16.644484852390978,0.4418391494665577,16928088.68180608,18663788.663279105,4416480.787636924,SARIMA
2024-06-01,2024-06-01,9,2025-03-01,19211250.317555815,16.844874004932937,0.45363741851988504,20684061.895611685,22925662.142406605,4416480.787636924,SARIMA
2024-06-01,2024-06-01,10,2025-04-01,20064010.88338034,16.84014615211395,0.46363089816900477,20586501.50258723,22922349.58479642,4416480.787636924,SARIMA
2024-06-01,2024-06-01,11,2025-05-01,23108414.164161336,16.688992381457656,0.47218988464076256,17698534.21596677,19785779.390710898,4416480.787636924,SARIMA
2024-06-01,2024-06-01,12,2025-06-01,25608048.4628075,16.7826829073929,0.4795184081523886,19436881.109923735,21805043.610313877,4416480.787636924,SARIMA
2024-07-01,2024-07-01,1,2024-08-01,19835674.60459411,16.790826896088237,0.26336614022573207,19595821.174532205,20287343.121263333,4389144.476768088,SARIMA
2024-07-01,2024-07-01,2,2024-09-01,17906349.079996813,16.896382497720914,0.29158771905567643,21777382.68591937,22723136.59561281,4389144.476768088,SARIMA
2024-07-01,2024-07-01,3,2024-10-01,20102987.31695594,16.83851352910333,0.3387154978417061,20552918.92782755,21766390.618410427,4389144.476768088,SARIMA
2024-07-01,2024-07-01,4,2024-11-01,23924007.188177645,16.813522260432,0.3648269689067123,20045640.575737063,21425055.63232814,4389144.476768088,SARIMA
2024-07-01,2024-07-01,5,2024-12-01,23738153.513783302,17.015258963953283,0.3901531006630575,24526358.735821195,26465926.864397354,4389144.476768088,SARIMA
2024-07-01,2024-07-01,6,2025-01-01,23623568.323823698,17.139577502003046,0.4093239757564891,27773072.71832,30199941.9623752,4389144.476768088,SARIMA
2024-07-01,2024-07-01,7,2025-02-01,20422464.894915722,16.684616981181847,0.42601974951151556,17621265.209164266,19295132.01134091,4389144.476768088,SARIMA
2024-07-01,2024-07-01,8,2025-03-01,19211250.317555815,16.882752847516205,0.4397876596238702,21482578.182407524,23663857.457064565,4389144.476768088,SARIMA
2024-07-01,2024-07-01,9,2025-04-01,20064010.88338034,16.87553020626681,0.45157408192998016,21327976.2164392,23617293.61646918,4389144.476768088,SARIMA
2024-07-01,2024-07-01,10,2025-05-01,23108414.164161336,16.722000874976583,0.46156234729148776,18292484.949600495,20348561.41456696,4389144.476768088,SARIMA
2024-07-01,2024-07-01,11,2025-06-01,25608048.4628075,16.813735567856007,0.47012414203312836,20049916.915762197,22392663.08485142,4389144.476768088,SARIMA
2024-07-01,2024-07-01,12,2025-07-01,21995204.621536642,16.85379845933937,0.4774598794878113,20869482.018996626,23389141.3463895,4389144.476768088,SARIMA
2024-08-01,2024-08-01,1,2024-09-01,17906349.079996813,16.90251785645678,0.2619776573319134,21911405.459509227,22676370.721639182,4363674.5723405965,SARIMA
2024-08-01,2024-08-01,2,2024-10-01,20102987.31695594,16.846670793619737,0.29003383765435437,20721260.192754794,21611380.46126154,4363674.5723405965,SARIMA
2024-08-01,2024-08-01,3,2024-11-01,23924007.188177645,16.81947430139753,0.3369674831317905,20165308.831516195,21343287.46473958,4363674.5723405965,SARIMA
2024-08-01,2024-08-01,4,2024-12-01,23738153.513783302,17.021894877953684,0.3629655851993847,24689654.7530659,26370773.381307133,4363674.5723405965,SARIMA
2024-08-01,2024-08-01,5,2025-01-01,23623568.323823698,17.14577264158085,0.38820713743957563,27945664.844467018,30132805.874020685,4363674.5723405965,SARIMA
2024-08-01,2024-08-01,6,2025-02-01,20422464.894915722,16.689681842232826,0.40731814052409604,17710740.868607245,19242575.885685053,4363674.5723405965,SARIMA
2024-08-01,2024-08-01,7,2025-03-01,19211250.317555815,16.888146310791942,0.4239731032265073,21598756.699554745,23629887.941101596,4363674.5723405965,SARIMA
2024-08-01,2024-08-01,8,2025-04-01,20064010.88338034,16.88027537334046,0.43771306974319263,21429421.524045464,23583827.01391096,4363674.5723405965,SARIMA
2024-08-01,2024-08-01,9,2025-05-01,23108414.164161336,16.72654861339562,0.44948228251525074,18375863.835163146,20329137.801406305,4363674.5723405965,SARIMA
2024-08-01,2024-08-01,10,2025-06-01,25608048.4628075,16.81850809793621,0.45946086403335584,20145834.449947048,22388550.342579335,4363674.5723405965,SARIMA
2024-08-01,2024-08-01,11,2025-07-01,21995204.621536642,16.858001342348977,0.4680189921815632,20957378.590511728,23383056.359990552,4363674.5723405965,SARIMA
2024-08-01,2024-08-01,12,2025-08-01,21128408.23347808,16.90343637911945,0.4753554128584259,21931540.827975266,24554796.33997714,4363674.5723405965,SARIMA
2024-09-01,2024-09-01,1,2024-10-01,20102987.31695594,16.75024660167547,0.2617098667247645,18816535.736684263,19472088.298643526,4342079.034753803,SARIMA
2024-09-01,2024-09-01,2,2024-11-01,23924007.188177645,16.688533378609034,0.2899946254475083,17690412.402455572,18450127.149580743,4342079.034753803,SARIMA
2024-09-01,2024-09-01,3,2024-12-01,23738153.513783302,16.91752114925127,0.3366412476750665,22242627.186319727,23539368.060068447,4342079.034753803,SARIMA
2024-09-01,2024-09-01,4,2025-01-01,23623568.323823698,17.038745184451987,0.36260957600370025,25109207.875314996,26815430.286531687,4342079.034753803,SARIMA
2024-09-01,2024-09-01,5,2025-02-01,20422464.894915722,16.595959095648688,0.38764749994113507,16126252.558062157,17384583.883355238,4342079.034753803,SARIMA
2024-09-01,2024-09-01,6,2025-03-01,19211250.317555815,16.797667260783523,0.40661800450833746,19730323.234990366,21430728.5065655,4342079.034753803,SARIMA
2024-09-01,2024-09-01,7,2025-04-01,20064010.88338034,16.796622925522726,0.4230888301504752,19709728.918286435,21555143.092445828,4342079.034753803,SARIMA
2024-09-01,2024-09-01,8,2025-05-01,23108414.164161336,16.64821472287288,0.43666125216533164,16991346.157855567,18690973.17648781,4342079.034753803,SARIMA
2024-09-01,2024-09-01,9,2025-06-01,25608048.4628075,16.74441303277297,0.44825660827423064,18707087.725595877,20684186.4403244,4342079.034753803,SARIMA
2024-09-01,2024-09-01,10,2025-07-01,21995204.621536642,16.789124113313143,0.4580698936864631,19562482.140394375,21726388.227280457,4342079.034753803,SARIMA
2024-09-01,2024-09-01,11,2025-08-01,21128408.23347808,16.839041267443577,0.4664671216386892,20563768.35372693,22927257.745033883,4342079.034753803,SARIMA
2024-09-01,2024-09-01,12,2025-09-01,24511070.04857661,16.85465515639784,0.4736508357464137,20887368.503409438,23366822.059320036,4342079.034753803,SARIMA
2024-10-01,2024-10-01,1,2024-11-01,23924007.188177645,16.71914322330002,0.260411707779319,18240286.018020045,18869366.633976348,4304916.003501725,SARIMA
2024-10-01,2024-10-01,2,2024-12-01,23738153.513783302,16.960723346235916,0.28836786032203404,23224616.873613775,24210605.953742377,4304916.003501725,SARIMA
2024-10-01,2024-10-01,3,2025-01-01,23623568.323823698,17.072870461356967,0.33485335867406274,25980854.55211717,27479033.324084375,4304916.003501725,SARIMA
2024-10-01,2024-10-01,4,2025-02-01,20422464.894915722,16.629779788679812,0.3606303149747987,16680981.376401518,17801742.446411718,4304916.003501725,SARIMA
2024-10-01,2024-10-01,5,2025-03-01,19211250.317555815,16.82864468729625,0.38557343281726286,20351083.003789723,21921492.87515726,4304916.003501725,SARIMA
2024-10-01,2024-10-01,6,2025-04-01,20064010.88338034,16.825806229109528,0.4044485604607151,20293399.21087517,22022947.769827813,4304916.003501725,SARIMA
2024-10-01,2024-10-01,7,2025-05-01,23108414.164161336,16.675268923130698,0.42086212675439005,17457308.133150145,19073898.505185544,4304916.003501725,SARIMA
2024-10-01,2024-10-01,8,2025-06-01,25608048.4628075,16.77037360158496,0.4343862820366816,19199093.101488486,21098643.823139433,4304916.003501725,SARIMA
2024-10-01,2024-10-01,9,2025-07-01,21995204.621536642,16.812990680387916,0.4459500147625775,20034987.544956293,22129594.49788963,4304916.003501725,SARIMA
2024-10-01,2024-10-01,10,2025-08-01,21128408.23347808,16.86143358804803,0.45573972102311805,21029433.046605628,23330753.35441647,4304916.003501725,SARIMA
2024-10-01,2024-10-01,11,2025-09-01,24511070.04857661,16.875915311347544,0.4641218204812715,21336191.31017758,23762513.72741361,4304916.003501725,SARIMA
2024-10-01,2024-10-01,12,2025-10-01,22282587.251372285,16.844438058811782,0.47129585932761836,20675046.724265844,23103575.621464603,4304916.003501725,SARIMA
2024-11-01,2024-11-01,1,2024-12-01,23738153.513783302,17.089293802120185,0.2612009295506475,26411070.098014727,27327573.395454127,4280455.150669536,SARIMA
2024-11-01,2024-11-01,2,2025-01-01,23623568.323823698,17.246003684278556,0.290002409480624,30891872.589522347,32218596.763135083,4280455.150669536,SARIMA
2024-11-01,2024-11-01,3,2025-02-01,20422464.894915722,16.77162985788282,0.336263534718724,19223227.239267737,20341352.48591626,4280455.150669536,SARIMA
2024-11-01,2024-11-01,4,2025-03-01,19211250.317555815,16.967840951661483,0.3623114212006149,23390510.213999875,24977244.15773631,4280455.150669536,SARIMA
2024-11-01,2024-11-01,5,2025-04-01,20064010.88338034,16.952426985499688,0.3871297239226606,23032734.13886261,24824998.241804104,4280455.150669536,SARIMA
2024-11-01,2024-11-01,6,2025-05-01,23108414.164161336,16.79492951338356,0.40598929122000105,19676380.468380798,21366678.04342466,4280455.150669536,SARIMA
2024-11-01,2024-11-01,7,2025-06-01,25608048.4628075,16.877809580514445,0.4222729536430893,21376646.103552565,23370072.39309552,4280455.150669536,SARIMA
2024-11-01,2024-11-01,8,2025-07-01,21995204.621536642,16.915167621049502,0.4356824662646542,22190340.089668818,24399598.293694414,4280455.150669536,SARIMA
2024-11-01,2024-11-01,9,2025-08-01,21128408.23347808,16.955954433616423,0.44710005108428585,23114124.379054606,25543761.115658604,4280455.150669536,SARIMA
2024-11-01,2024-11-01,10,2025-09-01,24511070.04857661,16.962075424539258,0.4567446809468855,23256039.61240665,25812857.44469188,4280455.150669536,SARIMA
2024-11-01,2024-11-01,11,2025-10-01,22282587.251372285,16.9265374385538,0.46497527297370356,22444079.961399224,25006302.243227184,4280455.150669536,SARIMA
2024-11-01,2024-11-01,12,2025-11-01,25054929.950006504,17.060458639199435,0.4720003323122493,25660377.770524003,28684021.859117214,4280455.150669536,SARIMA
2024-12-01,2024-12-01,1,2025-01-01,23623568.323823698,17.194812565955964,0.26017346478931364,29350277.702724863,30360642.769126672,4242249.577777706,SARIMA
2024-12-01,2024-12-01,2,2025-02-01,20422464.894915722,16.702048573391775,0.2885872739905178,17931124.744917553,18693564.547442265,4242249.577777706,SARIMA
2024-12-01,2024-12-01,3,2025-03-01,19211250.317555815,16.913061296236698,0.33463989437599256,22143649.216068603,23418883.116453763,4242249.577777706,SARIMA
2024-12-01,2024-12-01,4,2025-04-01,20064010.88338034,16.896611693431506,0.36041832398578066,21782374.540652893,23244111.231795345,4242249.577777706,SARIMA
2024-12-01,2024-12-01,5,2025-05-01,23108414.164161336,16.7450667931978,0.3850599664061817,18719321.677815836,20159826.23958646,4242249.577777706,SARIMA
2024-12-01,2024-12-01,6,2025-06-01,25608048.4628075,16.830407689832622,0.4037372453344557,20386993.660731554,22118160.507597476,4242249.577777706,SARIMA
2024-12-01,2024-12-01,7,2025-07-01,21995204.621536642,16.8713287651724,0.41987551938565615,21238555.959212523,23195677.185453925,4242249.577777706,SARIMA
2024-12-01,2024-12-01,8,2025-08-01,21128408.23347808,16.914916972126576,0.43314954640686837,22184778.801820513,24366656.940735925,4242249.577777706,SARIMA
2024-12-01,2024-12-01,9,2025-09-01,24511070.04857661,16.924026897935605,0.44445015281227,22387803.858297568,24711885.176514186,4242249.577777706,SARIMA
2024-12-01,2024-12-01,10,2025-10-01,22282587.251372285,16.890965756963848,0.453988960806823,21659739.159433547,24010907.043710332,4242249.577777706,SARIMA
2024-12-01,2024-12-01,11,2025-11-01,25054929.950006504,17.027168230407746,0.46212572314327516,24820195.896768276,27617172.311317783,4242249.577777706,SARIMA
2024-12-01,2024-12-01,12,2025-12-01,34645157.78,17.051406622938853,0.4690664724871517,25429147.741577763,28386331.46251177,4242249.577777706,SARIMA
2025-01-01,2025-01-01,1,2025-02-01,20422464.894915722,16.60077184724383,0.26021157551671464,16204051.268550482,16762031.874972774,4209175.555388601,SARIMA
2025-01-01,2025-01-01,2,2025-03-01,19211250.317555815,16.7735663008466,0.2893047691347166,19260487.98740971,20083616.187017996,4209175.555388601,SARIMA
2025-01-01,2025-01-01,3,2025-04-01,20064010.88338034,16.78595575885587,0.33496582720291335,19500599.34798748,20625872.896680158,4209175.555388601,SARIMA
2025-01-01,2025-01-01,4,2025-05-01,23108414.164161336,16.633843170805946,0.3608572981908229,16748900.475147275,17875688.542001657,4209175.555388601,SARIMA
2025-01-01,2025-01-01,5,2025-06-01,25608048.4628075,16.72854673080222,0.3852487150779944,18412617.67556935,19830962.10634414,4209175.555388601,SARIMA
2025-01-01,2025-01-01,6,2025-07-01,21995204.621536642,16.775545705279537,0.40378815321388434,19298650.039319843,20937830.27215192,4209175.555388601,SARIMA
2025-01-01,2025-01-01,7,2025-08-01,21128408.23347808,16.826329966370285,0.4196939082845256,20304030.403922267,22173345.109038673,4209175.555388601,SARIMA
2025-01-01,2025-01-01,8,2025-09-01,24511070.04857661,16.840537062151082,0.4327578088904303,20594550.545777436,22616193.240373015,4209175.555388601,SARIMA
2025-01-01,2025-01-01,9,2025-10-01,22282587.251372285,16.814395993862902,0.44382884542584994,20063162.77580324,22139812.489034325,4209175.555388601,SARIMA
2025-01-01,2025-01-01,10,2025-11-01,25054929.950006504,16.955663763729582,0.4531469152797838,23107406.775486752,25605937.781467374,4209175.555388601,SARIMA
2025-01-01,2025-01-01,11,2025-12-01,34645157.78,16.98511429587127,0.4610650843056894,23798052.221770562,26466882.74948564,4209175.555388601,SARIMA
2025-02-01,2025-02-01,1,2025-03-01,19211250.317555815,16.88534956145263,0.26047293742809075,21538434.78298435,22281619.01264066,4202274.282921725,SARIMA
2025-02-01,2025-02-01,2,2025-04-01,20064010.88338034,16.934764598454667,0.28950935643467623,22629492.660208225,23597997.912621897,4202274.282921725,SARIMA
2025-02-01,2025-02-01,3,2025-05-01,23108414.164161336,16.75257167024447,0.3350505457385275,18860336.37251195,19949230.005590916,4202274.282921725,SARIMA
2025-02-01,2025-02-01,4,2025-06-01,25608048.4628075,16.84502816835359,0.3608158568215722,20687250.86715158,22078662.660363354,4202274.282921725,SARIMA
2025-02-01,2025-02-01,5,2025-07-01,21995204.621536642,16.880932088520336,0.38505673455237277,21443499.172453012,23093608.131364685,4202274.282921725,SARIMA
2025-02-01,2025-02-01,6,2025-08-01,21128408.23347808,16.92569961067116,0.40344628286257717,22425283.560581204,24326675.471571676,4202274.282921725,SARIMA
2025-02-01,2025-02-01,7,2025-09-01,24511070.04857661,16.931041985407322,0.41919818292065447,22545408.41922503,24615959.327147163,4202274.282921725,SARIMA
2025-02-01,2025-02-01,8,2025-10-01,22282587.251372285,16.900135695722632,0.4321122197120857,21859271.09067065,23998363.078769617,4202274.282921725,SARIMA
2025-02-01,2025-02-01,9,2025-11-01,25054929.950006504,17.035296694386087,0.44303732363617604,25022768.150323182,27603074.77720333,4202274.282921725,SARIMA
2025-02-01,2025-02-01,10,2025-12-01,34645157.78,17.059088877307254,0.45221594688387273,25625253.2245391,28384066.54704291,4202274.282921725,SARIMA
2025-03-01,2025-03-01,1,2025-04-01,20064010.88338034,16.88081395027434,0.2594983980033142,21440966.024706554,22175167.94072696,4182697.3253706614,SARIMA
2025-03-01,2025-03-01,2,2025-05-01,23108414.164161336,16.67873766352832,0.2880171143336097,17517968.149206877,18259838.572667785,4182697.3253706614,SARIMA
2025-03-01,2025-03-01,3,2025-06-01,25608048.4628075,16.78716613694293,0.33343947331785734,19524216.736224078,20640321.564386707,4182697.3253706614,SARIMA
2025-03-01,2025-03-01,4,2025-07-01,21995204.621536642,16.82255451445472,0.35892397935170045,20227518.03870215,21573315.727022763,4182697.3253706614,SARIMA
2025-03-01,2025-03-01,5,2025-08-01,21128408.23347808,16.87355225057955,0.38304674392569343,21285832.117903914,22906119.37849859,4182697.3253706614,SARIMA
2025-03-01,2025-03-01,6,2025-09-01,24511070.04857661,16.88132787517374,0.4012912431930618,21451987.90298004,23250686.259634513,4182697.3253706614,SARIMA
2025-03-01,2025-03-01,7,2025-10-01,22282587.251372285,16.854447709031614,0.4169520306492522,20883035.923232734,22779514.585686512,4182697.3253706614,SARIMA
2025-03-01,2025-03-01,8,2025-11-01,25054929.950006504,16.993129413676044,0.42978052748239143,23989562.87883784,26310668.586667143,4182697.3253706614,SARIMA
2025-03-01,2025-03-01,9,2025-12-01,34645157.78,17.019410315364997,0.4406414968438317,24628387.90271792,27139282.62775054,4182697.3253706614,SARIMA
2025-04-01,2025-04-01,1,2025-05-01,23108414.164161336,16.64690557252956,0.2583600724830714,16969116.485366117,17545017.0021104,4169302.8975782422,SARIMA
2025-04-01,2025-04-01,2,2025-06-01,25608048.4628075,16.744550243548986,0.28691886291251156,18709654.715724997,19495835.9654268,4169302.8975782422,SARIMA
2025-04-01,2025-04-01,3,2025-07-01,21995204.621536642,16.788673222724373,0.33210568747412117,19553663.58955449,20662278.818198048,4169302.8975782422,SARIMA
2025-04-01,2025-04-01,4,2025-08-01,21128408.23347808,16.83951167716528,0.3575435177897434,20573444.02586208,21931408.835643306,4169302.8975782422,SARIMA
2025-04-01,2025-04-01,5,2025-09-01,24511070.04857661,16.851296611431223,0.38155698182046427,20817335.0082083,22389204.901428744,4169302.8975782422,SARIMA
2025-04-01,2025-04-01,6,2025-10-01,22282587.251372285,16.8258023159065,0.39973944182844284,20293319.79883932,21981200.57254923,4169302.8975782422,SARIMA
2025-04-01,2025-04-01,7,2025-11-01,25054929.950006504,16.9663674797825,0.41533065630689653,23356070.33429275,25459951.771756455,4169302.8975782422,SARIMA
2025-04-01,2025-04-01,8,2025-12-01,34645157.78,16.99494491300295,0.42810482346115897,24033155.473286502,26339539.808895364,4169302.8975782422,SARIMA
2025-05-01,2025-05-01,1,2025-06-01,25608048.4628075,16.893668715740603,0.25895930311475746,21718363.735710733,22458925.736959398,4164833.0739207543,SARIMA
2025-05-01,2025-05-01,2,2025-07-01,21995204.621536642,16.98804785734162,0.2877802447464392,23867967.771479294,24877058.515446447,4164833.0739207543,SARIMA
2025-05-01,2025-05-01,3,2025-08-01,21128408.23347808,16.997601107726368,0.3329588211922702,24097077.070563886,25470510.655074585,4164833.0739207543,SARIMA
2025-05-01,2025-05-01,4,2025-09-01,24511070.04857661,17.00986702338873,0.3584867688511346,24394469.955019973,26013427.503287505,4164833.0739207543,SARIMA
2025-05-01,2025-05-01,5,2025-10-01,22282587.251372285,16.967970081038978,0.38248434486125366,23393530.811042804,25168838.455451626,4164833.0739207543,SARIMA
2025-05-01,2025-05-01,6,2025-11-01,25054929.950006504,17.10059602462101,0.4006690128870498,26711267.140032277,28943721.182278242,4164833.0739207543,SARIMA
2025-05-01,2025-05-01,7,2025-12-01,34645157.78,17.11865414587649,0.41623029927571453,27198003.990639064,29659053.333753217,4164833.0739207543,SARIMA
2025-06-01,2025-06-01,1,2025-07-01,21995204.621536642,17.068222653452892,0.2579991480065534,25860380.71746977,26735542.92048241,4208255.226256406,SARIMA
2025-06-01,2025-06-01,2,2025-08-01,21128408.23347808,17.104496002663,0.2871677602343852,26815643.896585517,27944435.886576153,4208255.226256406,SARIMA
2025-06-01,2025-06-01,3,2025-09-01,24511070.04857661,17.096106877534858,0.332295729590472,26591625.079310574,28101038.853242565,4208255.226256406,SARIMA
2025-06-01,2025-06-01,4,2025-10-01,22282587.251372285,17.05368010017242,0.35804181218979797,25487026.097670097,27174159.73043959,4208255.226256406,SARIMA
2025-06-01,2025-06-01,5,2025-11-01,25054929.950006504,17.176968226610658,0.3821458518746384,28831186.58061466,31015137.591337137,4208255.226256406,SARIMA
2025-06-01,2025-06-01,6,2025-12-01,34645157.78,17.191680075915457,0.4004942754796354,29258482.09960321,31701606.261115346,4208255.226256406,SARIMA
2025-07-01,2025-07-01,1,2025-08-01,21128408.23347808,17.025133327614025,0.25726491087634445,24769740.564056568,25603149.898687985,4193917.1070388784,SARIMA
2025-07-01,2025-07-01,2,2025-09-01,24511070.04857661,16.991181676721453,0.286217015909656,23942882.995518506,24943947.53134576,4193917.1070388784,SARIMA
2025-07-01,2025-07-01,3,2025-10-01,22282587.251372285,16.969676286388015,0.3310387602780063,23433479.048702642,24753306.07364389,4193917.1070388784,SARIMA
2025-07-01,2025-07-01,4,2025-11-01,25054929.950006504,17.092397453927852,0.3565268629578745,26493168.199525546,28231619.197943687,4193917.1070388784,SARIMA
2025-07-01,2025-07-01,5,2025-12-01,34645157.78,17.116041634612547,0.38036736157239864,27127041.634195592,29162123.927942883,4193917.1070388784,SARIMA
2025-08-01,2025-08-01,1,2025-09-01,24511070.04857661,16.913284642930744,0.2566037440126163,22148595.47926033,22889924.273656525,4168906.9046409912,SARIMA
2025-08-01,2025-08-01,2,2025-10-01,22282587.251372285,16.866787443945608,0.2857727084011824,21142323.53078169,22023496.505720153,4168906.9046409912,SARIMA
2025-08-01,2025-08-01,3,2025-11-01,25054929.950006504,17.010286928280884,0.3302788379365151,24404715.463214576,25772767.873606615,4168906.9046409912,SARIMA
2025-08-01,2025-08-01,4,2025-12-01,34645157.78,17.033929526315642,0.3557199700350672,24988581.195655383,26620652.3024828,4168906.9046409912,SARIMA
2025-09-01,2025-09-01,1,2025-10-01,22282587.251372285,16.91597748189023,0.25546705998308844,22208318.456154764,22944967.543112624,4189725.8282643994,SARIMA
2025-09-01,2025-09-01,2,2025-11-01,25054929.950006504,17.07473725023095,0.28432966299218543,26029400.620863944,27103107.003656123,4189725.8282643994,SARIMA
2025-09-01,2025-09-01,3,2025-12-01,34645157.78,17.08597018812237,0.32875484787527676,26323435.608019058,27785088.868435174,4189725.8282643994,SARIMA
2025-10-01,2025-10-01,1,2025-11-01,25054929.950006504,17.07615444655393,0.25430292510369745,26066315.543380946,26922944.473330308,4172690.8630622975,SARIMA
2025-10-01,2025-10-01,2,2025-12-01,34645157.78,17.08815602012083,0.28300213885337505,26381037.14658921,27458906.21074938,4172690.8630622975,SARIMA
2025-11-01,2025-11-01,1,2025-12-01,34645157.78,17.06911923305595,0.2531476482613112,25883577.004453383,26726365.257194687,4147129.786581344,SARIMA
